r_cm,depth_cm,nXt_mean,nXt_std,fission_mean,fission_std,ngamma_mean,ngamma_std,n2n_mean,n2n_std,flux_mean,flux_std,heating_local_mean,heating_local_std,fission_q_recoverable_mean,fission_q_recoverable_std,absorption_mean,absorption_std,nu_fission_mean,nu_fission_std,current_r_mean,current_r_std
3.00012519e-01,5.00125188e-02,3.65742385e-04,1.32215643e-06,0.00000000e+00,0.00000000e+00,1.35036222e-05,4.53779848e-07,1.32079396e-02,4.89447469e-05,2.90511524e-01,1.01737887e-03,5.96403155e+04,2.18301466e+02,0.00000000e+00,0.00000000e+00,5.74183186e-05,6.41408348e-07,0.00000000e+00,0.00000000e+00,6.32500000e-02,9.59942654e-04
4.00037556e-01,1.50037556e-01,2.82936625e-04,1.03190721e-06,0.00000000e+00,0.00000000e+00,1.32138978e-05,4.39341490e-07,9.67542028e-03,3.21765406e-05,2.53477691e-01,1.11255975e-03,4.45518229e+04,1.54001251e+02,0.00000000e+00,0.00000000e+00,5.87402927e-05,6.95023927e-07,0.00000000e+00,0.00000000e+00,0.00000000e+00,0.00000000e+00
5.00062594e-01,2.50062594e-01,2.69744204e-04,1.00453062e-06,0.00000000e+00,0.00000000e+00,1.53723417e-05,6.92027781e-07,8.88518905e-03,3.06170446e-05,2.61003656e-01,1.11163542e-03,4.14704420e+04,1.45952633e+02,0.00000000e+00,0.00000000e+00,6.61354689e-05,9.16175847e-07,0.00000000e+00,0.00000000e+00,1.29164000e+00,2.18773071e-03
6.00087631e-01,3.50087631e-01,2.67554031e-04,9.31608626e-07,0.00000000e+00,0.00000000e+00,1.74618209e-05,7.89263884e-07,8.47064440e-03,2.82750292e-05,2.75480873e-01,1.12484781e-03,4.00227727e+04,1.41460560e+02,0.00000000e+00,0.00000000e+00,7.53883042e-05,9.67537253e-07,0.00000000e+00,0.00000000e+00,0.00000000e+00,0.00000000e+00
7.00112669e-01,4.50112669e-01,2.68329020e-04,9.09210532e-07,0.00000000e+00,0.00000000e+00,1.89097200e-05,6.29404501e-07,8.18572909e-03,2.67488982e-05,2.91066398e-01,1.15009827e-03,3.91616377e+04,1.33525978e+02,0.00000000e+00,0.00000000e+00,8.36550868e-05,8.92867411e-07,0.00000000e+00,0.00000000e+00,1.35183000e+00,2.50442242e-03
8.00137707e-01,5.50137707e-01,2.69255355e-04,9.30811506e-07,0.00000000e+00,0.00000000e+00,2.08640035e-05,6.46583810e-07,7.95698113e-03,2.43442940e-05,3.06847150e-01,1.28504450e-03,3.84987038e+04,1.28067264e+02,0.00000000e+00,0.00000000e+00,9.14465725e-05,9.90534872e-07,0.00000000e+00,0.00000000e+00,0.00000000e+00,0.00000000e+00
9.00162744e-01,6.50162744e-01,2.72183556e-04,9.18171159e-07,0.00000000e+00,0.00000000e+00,2.20902004e-05,5.63217476e-07,7.79443143e-03,2.49388577e-05,3.23015305e-01,1.28022689e-03,3.80407226e+04,1.23232704e+02,0.00000000e+00,0.00000000e+00,9.93191522e-05,9.49864868e-07,0.00000000e+00,0.00000000e+00,1.41090000e+00,2.70601639e-03
1.00018778e+00,7.50187782e-01,2.75113098e-04,9.38168217e-07,0.00000000e+00,0.00000000e+00,2.51573958e-05,9.23172278e-07,7.64433855e-03,2.46216262e-05,3.38792750e-01,1.33688068e-03,3.76081627e+04,1.18267046e+02,0.00000000e+00,0.00000000e+00,1.08606854e-04,1.27334517e-06,0.00000000e+00,0.00000000e+00,0.00000000e+00,0.00000000e+00
1.10021282e+00,8.50212819e-01,2.79011429e-04,8.87020650e-07,0.00000000e+00,0.00000000e+00,2.82827342e-05,1.91150617e-06,7.48766214e-03,2.05387999e-05,3.57436586e-01,1.45006581e-03,3.72585987e+04,1.05665992e+02,0.00000000e+00,0.00000000e+00,1.18918240e-04,2.16793706e-06,0.00000000e+00,0.00000000e+00,1.46924000e+00,2.85919106e-03
1.20023786e+00,9.50237857e-01,2.84164560e-04,9.77315695e-07,0.00000000e+00,0.00000000e+00,3.03564688e-05,1.57259704e-06,7.36795802e-03,2.22744415e-05,3.74152174e-01,1.43635973e-03,3.70105711e+04,1.02282916e+02,0.00000000e+00,0.00000000e+00,1.28605357e-04,2.06525107e-06,0.00000000e+00,0.00000000e+00,0.00000000e+00,0.00000000e+00
1.30026289e+00,1.05026289e+00,2.88515153e-04,1.03706134e-06,0.00000000e+00,0.00000000e+00,3.27805777e-05,1.66447038e-06,7.24592963e-03,2.02293054e-05,3.91474938e-01,1.41602624e-03,3.67606332e+04,1.02102362e+02,0.00000000e+00,0.00000000e+00,1.37756910e-04,2.11645991e-06,0.00000000e+00,0.00000000e+00,1.52513000e+00,3.05040658e-03
1.40028793e+00,1.15028793e+00,2.93641285e-04,1.16488641e-06,0.00000000e+00,0.00000000e+00,3.54383176e-05,1.85954111e-06,7.15671773e-03,2.24956966e-05,4.08972727e-01,1.57087981e-03,3.66062904e+04,1.09520443e+02,0.00000000e+00,0.00000000e+00,1.47352958e-04,2.26480332e-06,0.00000000e+00,0.00000000e+00,0.00000000e+00,0.00000000e+00
1.50031297e+00,1.25031297e+00,2.97314742e-04,1.16290561e-06,0.00000000e+00,0.00000000e+00,3.64458155e-05,1.96827360e-06,7.05436434e-03,2.29455575e-05,4.25377198e-01,1.68126708e-03,3.63725301e+04,1.16933598e+02,0.00000000e+00,0.00000000e+00,1.54327970e-04,2.39289041e-06,0.00000000e+00,0.00000000e+00,1.58042000e+00,3.13024275e-03
1.60033801e+00,1.35033801e+00,3.01784147e-04,1.19465287e-06,0.00000000e+00,0.00000000e+00,3.64624640e-05,1.23737373e-06,6.94760817e-03,2.19592482e-05,4.40813581e-01,1.68894580e-03,3.61228561e+04,1.17117550e+02,0.00000000e+00,0.00000000e+00,1.61053237e-04,1.92718347e-06,0.00000000e+00,0.00000000e+00,0.00000000e+00,0.00000000e+00
1.70036304e+00,1.45036304e+00,3.06648168e-04,1.23237517e-06,0.00000000e+00,0.00000000e+00,3.71139300e-05,1.18615812e-06,6.85119442e-03,1.89048528e-05,4.55857020e-01,1.67882451e-03,3.59737522e+04,9.77514588e+01,0.00000000e+00,0.00000000e+00,1.68489483e-04,1.89075232e-06,0.00000000e+00,0.00000000e+00,1.63335000e+00,3.36080709e-03
1.80038808e+00,1.55038808e+00,3.11093596e-04,1.28556448e-06,0.00000000e+00,0.00000000e+00,3.97224691e-05,1.39421409e-06,6.77532952e-03,2.26542149e-05,4.70444933e-01,1.62718323e-03,3.58558504e+04,1.13968717e+02,0.00000000e+00,0.00000000e+00,1.77010155e-04,2.07076005e-06,0.00000000e+00,0.00000000e+00,0.00000000e+00,0.00000000e+00
1.90041312e+00,1.65041312e+00,3.15780760e-04,1.31680561e-06,0.00000000e+00,0.00000000e+00,4.00838542e-05,1.21000046e-06,6.66558154e-03,2.18734331e-05,4.86510322e-01,1.75719721e-03,3.55587570e+04,1.07573594e+02,0.00000000e+00,0.00000000e+00,1.84609179e-04,1.82724831e-06,0.00000000e+00,0.00000000e+00,1.68733000e+00,3.35730926e-03
2.00043816e+00,1.75043816e+00,3.22297605e-04,1.42913583e-06,0.00000000e+00,0.00000000e+00,4.08226877e-05,1.08364674e-06,6.59777073e-03,2.39408142e-05,5.02896606e-01,1.80172935e-03,3.54842610e+04,1.21007194e+02,0.00000000e+00,0.00000000e+00,1.93138498e-04,1.83452648e-06,0.00000000e+00,0.00000000e+00,0.00000000e+00,0.00000000e+00
2.10046319e+00,1.85046319e+00,3.26518429e-04,1.39313572e-06,0.00000000e+00,0.00000000e+00,4.35862821e-05,1.16092433e-06,6.50098668e-03,2.44121324e-05,5.19637381e-01,1.87561191e-03,3.53147444e+04,1.24968191e+02,0.00000000e+00,0.00000000e+00,2.02211488e-04,1.92173965e-06,0.00000000e+00,0.00000000e+00,1.73887000e+00,3.51745004e-03
2.20048823e+00,1.95048823e+00,3.32626454e-04,1.50495809e-06,0.00000000e+00,0.00000000e+00,4.54821594e-05,1.02333632e-06,6.41925463e-03,2.27417846e-05,5.37275677e-01,1.91516378e-03,3.52222726e+04,1.28368706e+02,0.00000000e+00,0.00000000e+00,2.11413352e-04,1.99445125e-06,0.00000000e+00,0.00000000e+00,0.00000000e+00,0.00000000e+00
2.30051327e+00,2.05051327e+00,3.38384532e-04,1.66242644e-06,0.00000000e+00,0.00000000e+00,4.73251218e-05,1.00862700e-06,6.35864100e-03,2.54144106e-05,5.53683955e-01,1.98574690e-03,3.51114273e+04,1.33461508e+02,0.00000000e+00,0.00000000e+00,2.20316074e-04,2.01060502e-06,0.00000000e+00,0.00000000e+00,1.79216000e+00,3.75923688e-03
2.40053831e+00,2.15053831e+00,3.43492846e-04,1.63894927e-06,0.00000000e+00,0.00000000e+00,5.24526218e-05,3.65873694e-06,6.26521059e-03,2.39108689e-05,5.71881239e-01,2.11342127e-03,3.49400665e+04,1.33012689e+02,0.00000000e+00,0.00000000e+00,2.32788479e-04,3.88358591e-06,0.00000000e+00,0.00000000e+00,0.00000000e+00,0.00000000e+00
2.50056335e+00,2.25056335e+00,3.48543255e-04,1.70628186e-06,0.00000000e+00,0.00000000e+00,5.30708837e-05,1.88761785e-06,6.18365955e-03,2.46903967e-05,5.87143704e-01,2.18453380e-03,3.46903347e+04,1.33214591e+02,0.00000000e+00,0.00000000e+00,2.40511041e-04,2.61817881e-06,0.00000000e+00,0.00000000e+00,1.84467000e+00,3.95395347e-03
2.60058838e+00,2.35058838e+00,3.53478291e-04,1.73573357e-06,0.00000000e+00,0.00000000e+00,5.24066862e-05,1.06939854e-06,6.13793579e-03,2.65241527e-05,6.00975944e-01,2.33148380e-03,3.45943826e+04,1.38714661e+02,0.00000000e+00,0.00000000e+00,2.45704867e-04,2.29173020e-06,0.00000000e+00,0.00000000e+00,0.00000000e+00,0.00000000e+00
2.70061342e+00,2.45061342e+00,3.58424512e-04,1.73131272e-06,0.00000000e+00,0.00000000e+00,6.28622869e-05,7.43276865e-06,6.04627063e-03,2.24188325e-05,6.17567667e-01,2.25737692e-03,3.44370698e+04,1.39150940e+02,0.00000000e+00,0.00000000e+00,2.63048626e-04,7.45526985e-06,0.00000000e+00,0.00000000e+00,1.89657000e+00,4.19239940e-03
2.80063846e+00,2.55063846e+00,3.63154282e-04,1.68465202e-06,0.00000000e+00,0.00000000e+00,6.35203815e-05,4.21511782e-06,5.97529246e-03,2.31507817e-05,6.30062954e-01,2.20869006e-03,3.42484142e+04,1.34702191e+02,0.00000000e+00,0.00000000e+00,2.70195127e-04,4.51842146e-06,0.00000000e+00,0.00000000e+00,0.00000000e+00,0.00000000e+00
2.90066350e+00,2.65066350e+00,3.69229251e-04,1.77985498e-06,0.00000000e+00,0.00000000e+00,6.15456612e-05,2.88840233e-06,5.92848731e-03,2.33069274e-05,6.45891548e-01,2.26063732e-03,3.41420153e+04,1.24934913e+02,0.00000000e+00,0.00000000e+00,2.75426693e-04,3.47811619e-06,0.00000000e+00,0.00000000e+00,1.94768000e+00,4.27739838e-03
3.00068853e+00,2.75068853e+00,3.75695213e-04,1.90018026e-06,0.00000000e+00,0.00000000e+00,6.15569914e-05,2.57487912e-06,5.88449648e-03,2.53051658e-05,6.60274868e-01,2.35861924e-03,3.41715415e+04,1.28008159e+02,0.00000000e+00,0.00000000e+00,2.82544051e-04,3.34306213e-06,0.00000000e+00,0.00000000e+00,0.00000000e+00,0.00000000e+00
3.10071357e+00,2.85071357e+00,3.79790939e-04,1.82223063e-06,0.00000000e+00,0.00000000e+00,6.22584224e-05,2.42925051e-06,5.79921361e-03,2.22699355e-05,6.74240735e-01,2.36894838e-03,3.39349061e+04,1.12699712e+02,0.00000000e+00,0.00000000e+00,2.89329262e-04,3.29920465e-06,0.00000000e+00,0.00000000e+00,1.99593000e+00,4.36608262e-03
3.20073861e+00,2.95073861e+00,3.84830749e-04,1.90623610e-06,0.00000000e+00,0.00000000e+00,6.42423375e-05,2.30013557e-06,5.72679662e-03,2.14070666e-05,6.87948116e-01,2.27993723e-03,3.37731977e+04,1.06773675e+02,0.00000000e+00,0.00000000e+00,2.97924432e-04,3.18065267e-06,0.00000000e+00,0.00000000e+00,0.00000000e+00,0.00000000e+00
3.30076365e+00,3.05076365e+00,3.89112726e-04,2.02221587e-06,0.00000000e+00,0.00000000e+00,6.54163551e-05,1.93794907e-06,5.66712615e-03,2.22889263e-05,7.02990603e-01,2.60716098e-03,3.36469393e+04,1.10665921e+02,0.00000000e+00,0.00000000e+00,3.04715260e-04,2.93959737e-06,0.00000000e+00,0.00000000e+00,2.04279000e+00,4.48432274e-03
3.40078868e+00,3.15078868e+00,3.94150950e-04,2.15682802e-06,0.00000000e+00,0.00000000e+00,6.58138530e-05,1.24205122e-06,5.59610420e-03,1.97328116e-05,7.17648923e-01,2.83451222e-03,3.34235956e+04,1.13280569e+02,0.00000000e+00,0.00000000e+00,3.11840233e-04,2.63184878e-06,0.00000000e+00,0.00000000e+00,0.00000000e+00,0.00000000e+00
3.50081372e+00,3.25081372e+00,4.01239454e-04,2.27212951e-06,0.00000000e+00,0.00000000e+00,6.81920106e-05,1.38547685e-06,5.55626951e-03,2.23758922e-05,7.32103870e-01,2.76607330e-03,3.34110347e+04,1.22261778e+02,0.00000000e+00,0.00000000e+00,3.22199071e-04,2.80211348e-06,0.00000000e+00,0.00000000e+00,2.09070000e+00,4.56571547e-03
3.60083876e+00,3.35083876e+00,4.06198617e-04,2.33883083e-06,0.00000000e+00,0.00000000e+00,6.93760381e-05,1.35476024e-06,5.48632931e-03,1.96291410e-05,7.48058874e-01,2.68480151e-03,3.32694346e+04,1.12037796e+02,0.00000000e+00,0.00000000e+00,3.29751673e-04,2.85564100e-06,0.00000000e+00,0.00000000e+00,0.00000000e+00,0.00000000e+00
3.70086380e+00,3.45086380e+00,4.12367653e-04,2.33161961e-06,0.00000000e+00,0.00000000e+00,7.28982462e-05,1.84290277e-06,5.42411134e-03,1.93465862e-05,7.60034053e-01,2.58701532e-03,3.32083987e+04,1.19677429e+02,0.00000000e+00,0.00000000e+00,3.40444965e-04,3.10612464e-06,0.00000000e+00,0.00000000e+00,2.13790000e+00,4.57652112e-03
3.80088883e+00,3.55088883e+00,4.19244188e-04,2.32672043e-06,0.00000000e+00,0.00000000e+00,7.42542431e-05,1.81082025e-06,5.38757681e-03,1.96273676e-05,7.76521689e-01,2.70599437e-03,3.31902035e+04,1.18065991e+02,0.00000000e+00,0.00000000e+00,3.49565338e-04,2.91645350e-06,0.00000000e+00,0.00000000e+00,0.00000000e+00,0.00000000e+00
3.90091387e+00,3.65091387e+00,4.25361518e-04,2.29007702e-06,0.00000000e+00,0.00000000e+00,7.61928420e-05,1.85649745e-06,5.34156318e-03,2.26984085e-05,7.91290260e-01,2.66253725e-03,3.31034728e+04,1.29921448e+02,0.00000000e+00,0.00000000e+00,3.58691929e-04,3.11133269e-06,0.00000000e+00,0.00000000e+00,2.18528000e+00,4.85958557e-03
4.00093891e+00,3.75093891e+00,4.30506549e-04,2.44803800e-06,0.00000000e+00,0.00000000e+00,7.99222932e-05,2.39494332e-06,5.28042501e-03,1.99808285e-05,8.05051921e-01,2.70176897e-03,3.30128179e+04,1.24659793e+02,0.00000000e+00,0.00000000e+00,3.68705713e-04,3.63254415e-06,0.00000000e+00,0.00000000e+00,0.00000000e+00,0.00000000e+00
4.10096395e+00,3.85096395e+00,4.34704458e-04,2.51536372e-06,0.00000000e+00,0.00000000e+00,7.88541188e-05,1.66426423e-06,5.19523006e-03,1.80767266e-05,8.17418719e-01,2.79473689e-03,3.27694708e+04,1.19323990e+02,0.00000000e+00,0.00000000e+00,3.73747702e-04,3.29281182e-06,0.00000000e+00,0.00000000e+00,2.23082000e+00,5.06783046e-03
4.20098898e+00,3.95098898e+00,4.39663379e-04,2.46878549e-06,0.00000000e+00,0.00000000e+00,8.19038337e-05,2.46701479e-06,5.13314682e-03,1.86716979e-05,8.32719399e-01,2.89310530e-03,3.26108100e+04,1.10863262e+02,0.00000000e+00,0.00000000e+00,3.83360709e-04,3.97108125e-06,0.00000000e+00,0.00000000e+00,0.00000000e+00,0.00000000e+00
4.30101402e+00,4.05101402e+00,4.44385362e-04,2.50686623e-06,0.00000000e+00,0.00000000e+00,8.54158232e-05,3.56976820e-06,5.08094596e-03,1.93940423e-05,8.48449801e-01,3.06984173e-03,3.24656342e+04,1.18257882e+02,0.00000000e+00,0.00000000e+00,3.92898591e-04,4.79753943e-06,0.00000000e+00,0.00000000e+00,2.27612000e+00,5.02579771e-03
4.40103906e+00,4.15103906e+00,4.50561540e-04,2.68450300e-06,0.00000000e+00,0.00000000e+00,8.51850124e-05,1.79147141e-06,5.04299592e-03,2.05783348e-05,8.65428531e-01,3.22495494e-03,3.23791363e+04,1.25008862e+02,0.00000000e+00,0.00000000e+00,3.99669039e-04,3.42944229e-06,0.00000000e+00,0.00000000e+00,0.00000000e+00,0.00000000e+00
4.50106410e+00,4.25106410e+00,4.56282947e-04,2.76114407e-06,0.00000000e+00,0.00000000e+00,8.70558823e-05,2.53536117e-06,4.98752963e-03,2.02755042e-05,8.79784076e-01,3.13891046e-03,3.23337211e+04,1.27715154e+02,0.00000000e+00,0.00000000e+00,4.08239495e-04,4.07079721e-06,0.00000000e+00,0.00000000e+00,2.32258000e+00,5.05161603e-03
4.60108913e+00,4.35108913e+00,4.61153217e-04,2.99288199e-06,0.00000000e+00,0.00000000e+00,8.78691490e-05,1.88536871e-06,4.97052097e-03,3.37213930e-05,8.92989049e-01,3.19428831e-03,3.23072950e+04,1.67228001e+02,0.00000000e+00,0.00000000e+00,4.14548102e-04,3.86906245e-06,0.00000000e+00,0.00000000e+00,0.00000000e+00,0.00000000e+00
4.70111417e+00,4.45111417e+00,4.63286087e-04,2.80264993e-06,0.00000000e+00,0.00000000e+00,8.81645833e-05,1.75214129e-06,4.90290236e-03,1.91698457e-05,9.04024103e-01,3.30987910e-03,3.21231625e+04,1.27733695e+02,0.00000000e+00,0.00000000e+00,4.18434981e-04,3.72571035e-06,0.00000000e+00,0.00000000e+00,2.36967000e+00,5.12630481e-03
4.80113921e+00,4.55113921e+00,4.68656825e-04,2.90704936e-06,0.00000000e+00,0.00000000e+00,9.03599848e-05,1.78868641e-06,4.85711814e-03,1.97202948e-05,9.16954074e-01,3.37662455e-03,3.19880913e+04,1.25964820e+02,0.00000000e+00,0.00000000e+00,4.27008537e-04,3.67979211e-06,0.00000000e+00,0.00000000e+00,0.00000000e+00,0.00000000e+00
4.90116425e+00,4.65116425e+00,4.75788413e-04,2.90831167e-06,0.00000000e+00,0.00000000e+00,9.37354066e-05,2.63743338e-06,4.79891155e-03,1.80452118e-05,9.34319770e-01,3.45210428e-03,3.18623158e+04,1.19446951e+02,0.00000000e+00,0.00000000e+00,4.39005115e-04,3.99547831e-06,0.00000000e+00,0.00000000e+00,2.41465000e+00,5.33992726e-03
5.00118928e+00,4.75118928e+00,4.81973291e-04,2.84163736e-06,0.00000000e+00,0.00000000e+00,9.44027994e-05,2.02110611e-06,4.75116679e-03,1.91581234e-05,9.47245562e-01,3.44587204e-03,3.17674881e+04,1.13224620e+02,0.00000000e+00,0.00000000e+00,4.46805757e-04,3.81865169e-06,0.00000000e+00,0.00000000e+00,0.00000000e+00,0.00000000e+00
5.10121432e+00,4.85121432e+00,4.88213863e-04,3.12326366e-06,0.00000000e+00,0.00000000e+00,1.00987108e-04,4.89967087e-06,4.71055507e-03,1.87833101e-05,9.59606927e-01,3.62337723e-03,3.16998559e+04,1.17682544e+02,0.00000000e+00,0.00000000e+00,4.60666011e-04,5.74271508e-06,0.00000000e+00,0.00000000e+00,2.45904000e+00,5.47663391e-03
5.20123936e+00,4.95123936e+00,4.90332731e-04,3.03591464e-06,0.00000000e+00,0.00000000e+00,1.00900219e-04,3.25764606e-06,4.65943949e-03,1.92898121e-05,9.69086257e-01,3.48173770e-03,3.14910303e+04,1.24688771e+02,0.00000000e+00,0.00000000e+00,4.64032727e-04,4.35773458e-06,0.00000000e+00,0.00000000e+00,0.00000000e+00,0.00000000e+00
5.30126440e+00,5.05126440e+00,4.97502986e-04,3.38019946e-06,0.00000000e+00,0.00000000e+00,1.00707433e-04,2.39817750e-06,4.61727347e-03,1.95908285e-05,9.82903718e-01,3.68526592e-03,3.14225028e+04,1.21335779e+02,0.00000000e+00,0.00000000e+00,4.71837825e-04,4.11535966e-06,0.00000000e+00,0.00000000e+00,2.50190000e+00,5.58966402e-03
5.40128943e+00,5.15128943e+00,5.01085147e-04,3.26489520e-06,0.00000000e+00,0.00000000e+00,1.01956702e-04,2.26928099e-06,4.56689888e-03,1.97637571e-05,9.95480830e-01,3.65494208e-03,3.12208283e+04,1.23590067e+02,0.00000000e+00,0.00000000e+00,4.78019627e-04,4.00968255e-06,0.00000000e+00,0.00000000e+00,0.00000000e+00,0.00000000e+00
5.50131447e+00,5.25131447e+00,5.05572899e-04,3.24063369e-06,0.00000000e+00,0.00000000e+00,1.00668120e-04,2.03158348e-06,4.51302989e-03,1.88505210e-05,1.00694882e+00,3.77561774e-03,3.10436406e+04,1.22373652e+02,0.00000000e+00,0.00000000e+00,4.82512847e-04,3.91481499e-06,0.00000000e+00,0.00000000e+00,2.54526000e+00,5.75550015e-03
5.60133951e+00,5.35133951e+00,5.11842356e-04,3.25929008e-06,0.00000000e+00,0.00000000e+00,9.99377761e-05,1.89754092e-06,4.45778327e-03,1.76729056e-05,1.01918984e+00,3.85530495e-03,3.09369369e+04,1.17795867e+02,0.00000000e+00,0.00000000e+00,4.89193523e-04,3.91212085e-06,0.00000000e+00,0.00000000e+00,0.00000000e+00,0.00000000e+00
5.70136455e+00,5.45136455e+00,5.17405788e-04,3.21816362e-06,0.00000000e+00,0.00000000e+00,1.05124596e-04,2.57015573e-06,4.41965550e-03,1.60058993e-05,1.03252455e+00,3.65844182e-03,3.08715820e+04,1.16148702e+02,0.00000000e+00,0.00000000e+00,5.01055368e-04,4.21793357e-06,0.00000000e+00,0.00000000e+00,2.58830000e+00,5.76678933e-03
5.80138958e+00,5.55138958e+00,5.22275418e-04,3.05211545e-06,0.00000000e+00,0.00000000e+00,1.06983260e-04,2.12543487e-06,4.39519497e-03,1.79100988e-05,1.04554099e+00,3.62035371e-03,3.08553522e+04,1.17997021e+02,0.00000000e+00,0.00000000e+00,5.08116806e-04,4.06508858e-06,0.00000000e+00,0.00000000e+00,0.00000000e+00,0.00000000e+00
5.90141462e+00,5.65141462e+00,5.26895972e-04,2.98681988e-06,0.00000000e+00,0.00000000e+00,1.06958640e-04,2.20834299e-06,4.35303686e-03,1.88672642e-05,1.05736522e+00,3.59566488e-03,3.06473558e+04,1.12533239e+02,0.00000000e+00,0.00000000e+00,5.14031719e-04,3.89991674e-06,0.00000000e+00,0.00000000e+00,2.62980000e+00,5.76581714e-03
6.00143966e+00,5.75143966e+00,5.33230078e-04,3.10235541e-06,0.00000000e+00,0.00000000e+00,1.09622283e-04,2.17767377e-06,4.30731570e-03,1.73407548e-05,1.06779314e+00,3.68803489e-03,3.05587144e+04,1.12220582e+02,0.00000000e+00,0.00000000e+00,5.24133367e-04,3.98955541e-06,0.00000000e+00,0.00000000e+00,0.00000000e+00,0.00000000e+00
6.10146470e+00,5.85146470e+00,5.36636393e-04,3.21350021e-06,0.00000000e+00,0.00000000e+00,1.09556751e-04,2.22996507e-06,4.26034078e-03,1.75007881e-05,1.08039168e+00,3.95535824e-03,3.04365944e+04,1.27616316e+02,0.00000000e+00,0.00000000e+00,5.28553016e-04,4.29374861e-06,0.00000000e+00,0.00000000e+00,2.67209000e+00,5.80390149e-03
6.20148973e+00,5.95148973e+00,5.41078950e-04,3.19203930e-06,0.00000000e+00,0.00000000e+00,1.08963854e-04,2.08756571e-06,4.21727546e-03,1.79315486e-05,1.09235813e+00,3.89124053e-03,3.02387371e+04,1.18581981e+02,0.00000000e+00,0.00000000e+00,5.33792710e-04,4.18093147e-06,0.00000000e+00,0.00000000e+00,0.00000000e+00,0.00000000e+00
6.30151477e+00,6.05151477e+00,5.47551481e-04,3.16391345e-06,0.00000000e+00,0.00000000e+00,1.11548613e-04,2.31533007e-06,4.16814645e-03,1.71268860e-05,1.10579831e+00,3.95246430e-03,3.00920457e+04,1.12344206e+02,0.00000000e+00,0.00000000e+00,5.44089142e-04,4.09664511e-06,0.00000000e+00,0.00000000e+00,2.71383000e+00,5.98958793e-03
6.40153981e+00,6.15153981e+00,5.52208149e-04,3.21666008e-06,0.00000000e+00,0.00000000e+00,1.16675373e-04,3.26657655e-06,4.12705550e-03,1.70520428e-05,1.11759260e+00,3.86316219e-03,2.99648028e+04,1.14670211e+02,0.00000000e+00,0.00000000e+00,5.55183717e-04,5.07660252e-06,0.00000000e+00,0.00000000e+00,0.00000000e+00,0.00000000e+00
6.50156485e+00,6.25156485e+00,5.56958480e-04,3.20870149e-06,0.00000000e+00,0.00000000e+00,1.17035210e-04,2.51303989e-06,4.10116642e-03,1.82520551e-05,1.12697358e+00,3.85954747e-03,2.99731786e+04,1.17703571e+02,0.00000000e+00,0.00000000e+00,5.60574169e-04,4.71570240e-06,0.00000000e+00,0.00000000e+00,2.75489000e+00,6.17565927e-03
6.60158988e+00,6.35158988e+00,5.61932400e-04,3.23311186e-06,0.00000000e+00,0.00000000e+00,1.19249721e-04,2.56438502e-06,4.04883092e-03,1.77696068e-05,1.13824755e+00,3.92826434e-03,2.98828091e+04,1.26247916e+02,0.00000000e+00,0.00000000e+00,5.68909881e-04,4.61881788e-06,0.00000000e+00,0.00000000e+00,0.00000000e+00,0.00000000e+00
6.70161492e+00,6.45161492e+00,5.66143110e-04,3.34625426e-06,0.00000000e+00,0.00000000e+00,1.22342180e-04,3.13876322e-06,4.02331858e-03,1.85563134e-05,1.15034515e+00,3.99330493e-03,2.98002806e+04,1.24569741e+02,0.00000000e+00,0.00000000e+00,5.76956582e-04,5.21046723e-06,0.00000000e+00,0.00000000e+00,2.79615000e+00,6.46103128e-03
6.80163996e+00,6.55163996e+00,5.74190716e-04,3.55749196e-06,0.00000000e+00,0.00000000e+00,1.24082632e-04,2.72247970e-06,4.00539147e-03,2.10494796e-05,1.16343880e+00,3.85341774e-03,2.98436331e+04,1.33126880e+02,0.00000000e+00,0.00000000e+00,5.86914680e-04,4.95324696e-06,0.00000000e+00,0.00000000e+00,0.00000000e+00,0.00000000e+00
6.90166500e+00,6.65166500e+00,5.76512474e-04,3.60944074e-06,0.00000000e+00,0.00000000e+00,1.24979204e-04,2.72827986e-06,3.94602542e-03,2.00818678e-05,1.17140971e+00,4.15584054e-03,2.95871904e+04,1.32684792e+02,0.00000000e+00,0.00000000e+00,5.91905576e-04,5.15696524e-06,0.00000000e+00,0.00000000e+00,2.83756000e+00,6.41945158e-03
7.00169004e+00,6.75169004e+00,5.81892483e-04,3.67146660e-06,0.00000000e+00,0.00000000e+00,1.22680983e-04,2.29072574e-06,3.89713585e-03,1.76132527e-05,1.18246127e+00,4.12860778e-03,2.94285340e+04,1.34908431e+02,0.00000000e+00,0.00000000e+00,5.96025773e-04,4.93876269e-06,0.00000000e+00,0.00000000e+00,0.00000000e+00,0.00000000e+00
7.10171507e+00,6.85171507e+00,5.87078912e-04,3.56938717e-06,0.00000000e+00,0.00000000e+00,1.25541787e-04,2.89037522e-06,3.86798955e-03,1.89310740e-05,1.19422135e+00,4.17373199e-03,2.93784728e+04,1.37353488e+02,0.00000000e+00,0.00000000e+00,6.04889679e-04,5.01605795e-06,0.00000000e+00,0.00000000e+00,2.87768000e+00,6.52280981e-03
7.20174011e+00,6.95174011e+00,5.91551325e-04,3.71610904e-06,0.00000000e+00,0.00000000e+00,1.26640975e-04,2.57255565e-06,3.81845163e-03,1.85820400e-05,1.20414715e+00,3.98184341e-03,2.92439180e+04,1.32374205e+02,0.00000000e+00,0.00000000e+00,6.11456014e-04,5.00575477e-06,0.00000000e+00,0.00000000e+00,0.00000000e+00,0.00000000e+00
7.30176515e+00,7.05176515e+00,5.97689921e-04,3.80759968e-06,0.00000000e+00,0.00000000e+00,1.28304166e-04,2.60854917e-06,3.79208654e-03,1.83084727e-05,1.21570461e+00,4.30343187e-03,2.92190371e+04,1.33594620e+02,0.00000000e+00,0.00000000e+00,6.19855539e-04,5.14866764e-06,0.00000000e+00,0.00000000e+00,2.91855000e+00,6.61457501e-03
7.40179019e+00,7.15179019e+00,6.01449784e-04,3.69798126e-06,0.00000000e+00,0.00000000e+00,1.28595040e-04,2.41869981e-06,3.74536217e-03,1.83619200e-05,1.22494385e+00,4.20201535e-03,2.90166102e+04,1.30069149e+02,0.00000000e+00,0.00000000e+00,6.25062099e-04,4.69423496e-06,0.00000000e+00,0.00000000e+00,0.00000000e+00,0.00000000e+00
7.50181522e+00,7.25181522e+00,6.05649265e-04,3.65476614e-06,0.00000000e+00,0.00000000e+00,1.32071560e-04,2.57482170e-06,3.69865839e-03,1.68695530e-05,1.23895404e+00,4.23797902e-03,2.89393762e+04,1.16120623e+02,0.00000000e+00,0.00000000e+00,6.33822625e-04,4.69808191e-06,0.00000000e+00,0.00000000e+00,2.95934000e+00,6.66916966e-03
7.60184026e+00,7.35184026e+00,6.11334457e-04,3.65339860e-06,0.00000000e+00,0.00000000e+00,1.31281830e-04,2.17322626e-06,3.65960503e-03,1.76537468e-05,1.25092259e+00,4.31163374e-03,2.87402540e+04,1.19658849e+02,0.00000000e+00,0.00000000e+00,6.39952064e-04,4.51921787e-06,0.00000000e+00,0.00000000e+00,0.00000000e+00,0.00000000e+00
7.70186530e+00,7.45186530e+00,6.14863107e-04,3.56095853e-06,0.00000000e+00,0.00000000e+00,1.33512273e-04,3.21916304e-06,3.62787959e-03,1.95411735e-05,1.25806711e+00,4.40446893e-03,2.86335772e+04,1.28809779e+02,0.00000000e+00,0.00000000e+00,6.46413928e-04,5.21428535e-06,0.00000000e+00,0.00000000e+00,2.99947000e+00,6.69624458e-03
7.80189034e+00,7.55189034e+00,6.20096756e-04,3.85116650e-06,0.00000000e+00,0.00000000e+00,1.35793395e-04,2.70552082e-06,3.59818817e-03,1.77465278e-05,1.26968605e+00,4.57775752e-03,2.86679937e+04,1.28423574e+02,0.00000000e+00,0.00000000e+00,6.54307187e-04,5.12305804e-06,0.00000000e+00,0.00000000e+00,0.00000000e+00,0.00000000e+00
7.90191537e+00,7.65191537e+00,6.26242806e-04,3.91268324e-06,0.00000000e+00,0.00000000e+00,1.38923054e-04,2.68550094e-06,3.57000587e-03,1.74616395e-05,1.28294638e+00,4.77805284e-03,2.85300107e+04,1.14667516e+02,0.00000000e+00,0.00000000e+00,6.64617769e-04,4.99588455e-06,0.00000000e+00,0.00000000e+00,3.03762000e+00,6.89219729e-03
8.00194041e+00,7.75194041e+00,6.29315906e-04,3.71615606e-06,0.00000000e+00,0.00000000e+00,1.40552078e-04,2.61405559e-06,3.52823872e-03,1.79406727e-05,1.29055568e+00,4.52667162e-03,2.83545729e+04,1.14186529e+02,0.00000000e+00,0.00000000e+00,6.70558784e-04,4.73313365e-06,0.00000000e+00,0.00000000e+00,0.00000000e+00,0.00000000e+00
8.10196545e+00,7.85196545e+00,6.34668602e-04,3.61182374e-06,0.00000000e+00,0.00000000e+00,1.41632180e-04,2.55766221e-06,3.49713133e-03,1.73128286e-05,1.30127499e+00,4.24168310e-03,2.83526307e+04,1.28923237e+02,0.00000000e+00,0.00000000e+00,6.77384687e-04,4.77531203e-06,0.00000000e+00,0.00000000e+00,3.07578000e+00,7.08804082e-03
8.20199049e+00,7.95199049e+00,6.37874726e-04,3.56870011e-06,0.00000000e+00,0.00000000e+00,1.40071737e-04,2.47448482e-06,3.46734192e-03,1.74093870e-05,1.31431928e+00,4.48665434e-03,2.81978341e+04,1.23130506e+02,0.00000000e+00,0.00000000e+00,6.80073193e-04,4.99893698e-06,0.00000000e+00,0.00000000e+00,0.00000000e+00,0.00000000e+00
8.30201552e+00,8.05201552e+00,6.44164275e-04,3.52414642e-06,0.00000000e+00,0.00000000e+00,1.42572665e-04,2.98971575e-06,3.41315310e-03,1.54154472e-05,1.32678732e+00,4.35281857e-03,2.80402446e+04,1.06588230e+02,0.00000000e+00,0.00000000e+00,6.90370670e-04,5.17483746e-06,0.00000000e+00,0.00000000e+00,3.11465000e+00,7.27027152e-03
8.40204056e+00,8.15204056e+00,6.49986551e-04,3.77720558e-06,0.00000000e+00,0.00000000e+00,1.42856022e-04,2.73812802e-06,3.39653915e-03,1.72307635e-05,1.34117627e+00,4.40184020e-03,2.80179473e+04,1.15579199e+02,0.00000000e+00,0.00000000e+00,6.96816251e-04,5.09127962e-06,0.00000000e+00,0.00000000e+00,0.00000000e+00,0.00000000e+00
8.50206560e+00,8.25206560e+00,6.57509530e-04,3.71953074e-06,0.00000000e+00,0.00000000e+00,1.43830789e-04,2.71496020e-06,3.37046215e-03,1.65562726e-05,1.35305421e+00,4.26728383e-03,2.80217546e+04,1.17831344e+02,0.00000000e+00,0.00000000e+00,7.05679075e-04,5.15755952e-06,0.00000000e+00,0.00000000e+00,3.15241000e+00,7.36331499e-03
8.60209064e+00,8.35209064e+00,6.61694041e-04,3.61120298e-06,0.00000000e+00,0.00000000e+00,1.49162275e-04,2.85628358e-06,3.32592252e-03,1.64025134e-05,1.36174955e+00,4.35602960e-03,2.78363398e+04,1.08738295e+02,0.00000000e+00,0.00000000e+00,7.16584845e-04,5.15743996e-06,0.00000000e+00,0.00000000e+00,0.00000000e+00,0.00000000e+00
8.70211567e+00,8.45211567e+00,6.68156527e-04,3.79461923e-06,0.00000000e+00,0.00000000e+00,1.48718020e-04,2.62641178e-06,3.30540439e-03,1.91412895e-05,1.37142648e+00,4.10077955e-03,2.77602347e+04,1.22002006e+02,0.00000000e+00,0.00000000e+00,7.23134990e-04,5.12868370e-06,0.00000000e+00,0.00000000e+00,3.18988000e+00,7.54096294e-03
8.80214071e+00,8.55214071e+00,6.74733323e-04,4.07674758e-06,0.00000000e+00,0.00000000e+00,1.50580517e-04,2.65667951e-06,3.27180374e-03,1.76938232e-05,1.38391027e+00,4.34031144e-03,2.76525679e+04,1.23679467e+02,0.00000000e+00,0.00000000e+00,7.32583644e-04,5.33429809e-06,0.00000000e+00,0.00000000e+00,0.00000000e+00,0.00000000e+00
8.90216575e+00,8.65216575e+00,6.77041517e-04,4.00382896e-06,0.00000000e+00,0.00000000e+00,1.54321405e-04,3.16806442e-06,3.22414684e-03,1.47363759e-05,1.39516768e+00,4.47972990e-03,2.74935138e+04,1.15425085e+02,0.00000000e+00,0.00000000e+00,7.39749593e-04,5.62356266e-06,0.00000000e+00,0.00000000e+00,3.22763000e+00,7.64298949e-03
9.00219079e+00,8.75219079e+00,6.83370192e-04,4.07857885e-06,0.00000000e+00,0.00000000e+00,1.56978729e-04,3.59377501e-06,3.20761287e-03,1.63214503e-05,1.40714998e+00,4.58247733e-03,2.74754115e+04,1.17338913e+02,0.00000000e+00,0.00000000e+00,7.49138349e-04,5.90625500e-06,0.00000000e+00,0.00000000e+00,0.00000000e+00,0.00000000e+00
9.10221582e+00,8.85221582e+00,6.87243757e-04,4.29421721e-06,0.00000000e+00,0.00000000e+00,1.59645395e-04,3.28333543e-06,3.18330899e-03,1.68104578e-05,1.41572504e+00,4.62857993e-03,2.74055799e+04,1.13189957e+02,0.00000000e+00,0.00000000e+00,7.56295908e-04,5.83580166e-06,0.00000000e+00,0.00000000e+00,3.26335000e+00,7.93159390e-03
9.20224086e+00,8.95224086e+00,6.91379184e-04,4.09626204e-06,0.00000000e+00,0.00000000e+00,1.58765213e-04,3.02809620e-06,3.15206673e-03,1.49895066e-05,1.42347391e+00,4.43249033e-03,2.72543993e+04,1.04437800e+02,0.00000000e+00,0.00000000e+00,7.60399335e-04,5.54030221e-06,0.00000000e+00,0.00000000e+00,0.00000000e+00,0.00000000e+00
9.30226590e+00,9.05226590e+00,6.94268371e-04,4.16750375e-06,0.00000000e+00,0.00000000e+00,1.61718260e-04,3.45742673e-06,3.12742787e-03,1.68227414e-05,1.43341811e+00,4.38663395e-03,2.71649678e+04,1.07906020e+02,0.00000000e+00,0.00000000e+00,7.66917358e-04,6.04794506e-06,0.00000000e+00,0.00000000e+00,3.29928000e+00,7.85192641e-03
9.40229094e+00,9.15229094e+00,7.02309977e-04,4.09769558e-06,0.00000000e+00,0.00000000e+00,1.61732627e-04,3.15973800e-06,3.10324887e-03,1.69541856e-05,1.44628492e+00,4.24278032e-03,2.71817132e+04,1.15916803e+02,0.00000000e+00,0.00000000e+00,7.75347276e-04,5.92009884e-06,0.00000000e+00,0.00000000e+00,0.00000000e+00,0.00000000e+00
9.50231597e+00,9.25231597e+00,7.08607957e-04,4.23241668e-06,0.00000000e+00,0.00000000e+00,1.68363758e-04,5.79310957e-06,3.07583239e-03,1.54766386e-05,1.45291385e+00,4.42740946e-03,2.70945483e+04,1.13205305e+02,0.00000000e+00,0.00000000e+00,7.88974998e-04,8.02018984e-06,0.00000000e+00,0.00000000e+00,3.33469000e+00,7.94471716e-03
9.60234101e+00,9.35234101e+00,7.12375358e-04,4.23317048e-06,0.00000000e+00,0.00000000e+00,1.64492464e-04,3.09686432e-06,3.04150955e-03,1.52854744e-05,1.46211738e+00,4.48814942e-03,2.69486968e+04,1.07030722e+02,0.00000000e+00,0.00000000e+00,7.89720806e-04,5.53489436e-06,0.00000000e+00,0.00000000e+00,0.00000000e+00,0.00000000e+00
9.70236605e+00,9.45236605e+00,7.16638545e-04,4.38082747e-06,0.00000000e+00,0.00000000e+00,1.65462604e-04,2.77569299e-06,3.00569698e-03,1.50607800e-05,1.47119137e+00,4.51269943e-03,2.67553918e+04,9.61061865e+01,0.00000000e+00,0.00000000e+00,7.96073654e-04,5.76362199e-06,0.00000000e+00,0.00000000e+00,3.37104000e+00,8.17192721e-03
9.80239109e+00,9.55239109e+00,7.21386960e-04,4.38190008e-06,0.00000000e+00,0.00000000e+00,1.70584918e-04,3.99405398e-06,2.97075095e-03,1.41410260e-05,1.48028666e+00,4.66874420e-03,2.67095373e+04,9.59856104e+01,0.00000000e+00,0.00000000e+00,8.06725505e-04,6.27292721e-06,0.00000000e+00,0.00000000e+00,0.00000000e+00,0.00000000e+00
9.90241612e+00,9.65241612e+00,7.24461449e-04,4.23301299e-06,0.00000000e+00,0.00000000e+00,1.71745112e-04,3.20479089e-06,2.94196430e-03,1.42397896e-05,1.49078819e+00,4.57450520e-03,2.65437692e+04,9.79189548e+01,0.00000000e+00,0.00000000e+00,8.11864645e-04,5.53266024e-06,0.00000000e+00,0.00000000e+00,3.40624000e+00,8.31391862e-03
1.00024412e+01,9.75244116e+00,7.32316813e-04,4.80097306e-06,0.00000000e+00,0.00000000e+00,1.66649965e-04,2.46731115e-06,2.90570056e-03,1.44405278e-05,1.50042883e+00,4.68950990e-03,2.64623839e+04,1.03230392e+02,0.00000000e+00,0.00000000e+00,8.15393895e-04,5.52367843e-06,0.00000000e+00,0.00000000e+00,0.00000000e+00,0.00000000e+00
1.01024662e+01,9.85246620e+00,7.34524735e-04,4.44442050e-06,0.00000000e+00,0.00000000e+00,1.67693062e-04,2.50919517e-06,2.88610187e-03,1.50715523e-05,1.50755999e+00,4.41461606e-03,2.63440382e+04,9.30588457e+01,0.00000000e+00,0.00000000e+00,8.19271375e-04,5.32408207e-06,0.00000000e+00,0.00000000e+00,3.44414999e+00,8.55751106e-03
1.02024912e+01,9.95249124e+00,7.38545620e-04,4.48187367e-06,0.00000000e+00,0.00000000e+00,1.69966088e-04,3.10813071e-06,2.85515092e-03,1.36365716e-05,1.51561914e+00,4.37534568e-03,2.62309638e+04,8.79588680e+01,0.00000000e+00,0.00000000e+00,8.26441610e-04,5.57269664e-06,0.00000000e+00,0.00000000e+00,0.00000000e+00,0.00000000e+00
1.03025163e+01,1.00525163e+01,7.43304294e-04,4.27056386e-06,0.00000000e+00,0.00000000e+00,1.70764348e-04,3.20563212e-06,2.83525764e-03,1.39735419e-05,1.52591318e+00,4.27092158e-03,2.61863520e+04,9.92410495e+01,0.00000000e+00,0.00000000e+00,8.32402879e-04,5.33703044e-06,0.00000000e+00,0.00000000e+00,3.47713999e+00,8.56092919e-03
1.04025413e+01,1.01525413e+01,7.48240990e-04,4.18166734e-06,0.00000000e+00,0.00000000e+00,1.74551500e-04,4.22814131e-06,2.81696506e-03,1.81595556e-05,1.53441321e+00,4.31458902e-03,2.61680166e+04,1.07783502e+02,0.00000000e+00,0.00000000e+00,8.41605292e-04,6.08553794e-06,0.00000000e+00,0.00000000e+00,0.00000000e+00,0.00000000e+00
1.05025663e+01,1.02525663e+01,7.53649770e-04,4.41303484e-06,0.00000000e+00,0.00000000e+00,1.72683484e-04,3.20422859e-06,2.78593792e-03,1.65382382e-05,1.54288575e+00,4.52270273e-03,2.60485627e+04,1.03278117e+02,0.00000000e+00,0.00000000e+00,8.45931246e-04,5.70711856e-06,0.00000000e+00,0.00000000e+00,3.51141999e+00,8.68626252e-03
1.06025914e+01,1.03525914e+01,7.57942028e-04,4.41450879e-06,0.00000000e+00,0.00000000e+00,1.74559287e-04,3.35757857e-06,2.75413870e-03,1.51413439e-05,1.55051142e+00,4.38615481e-03,2.59987838e+04,1.09041091e+02,0.00000000e+00,0.00000000e+00,8.52827532e-04,5.73527534e-06,0.00000000e+00,0.00000000e+00,0.00000000e+00,0.00000000e+00
1.07026164e+01,1.04526164e+01,7.61083950e-04,4.75321265e-06,0.00000000e+00,0.00000000e+00,1.75987655e-04,3.41408342e-06,2.74464666e-03,1.64615389e-05,1.55649947e+00,4.41944785e-03,2.59683703e+04,1.14677473e+02,0.00000000e+00,0.00000000e+00,8.57481402e-04,6.01505027e-06,0.00000000e+00,0.00000000e+00,3.54480999e+00,8.88846428e-03
1.08026415e+01,1.05526415e+01,7.65653204e-04,4.87932394e-06,0.00000000e+00,0.00000000e+00,1.77473605e-04,3.48607663e-06,2.71623508e-03,1.44433792e-05,1.56893354e+00,4.61431415e-03,2.58597771e+04,1.04784014e+02,0.00000000e+00,0.00000000e+00,8.64408288e-04,6.19990124e-06,0.00000000e+00,0.00000000e+00,0.00000000e+00,0.00000000e+00
1.09026665e+01,1.06526665e+01,7.70754613e-04,4.83575571e-06,0.00000000e+00,0.00000000e+00,1.80229386e-04,3.85296284e-06,2.68843800e-03,1.43453913e-05,1.57792124e+00,4.80267953e-03,2.57628660e+04,1.06517231e+02,0.00000000e+00,0.00000000e+00,8.73164290e-04,6.42204262e-06,0.00000000e+00,0.00000000e+00,3.57959999e+00,9.05880976e-03
1.10026915e+01,1.07526915e+01,7.75016103e-04,4.65824796e-06,0.00000000e+00,0.00000000e+00,1.79900763e-04,3.15234021e-06,2.66549136e-03,1.40858560e-05,1.58795248e+00,4.66258482e-03,2.57082799e+04,1.18761726e+02,0.00000000e+00,0.00000000e+00,8.77472474e-04,5.97812364e-06,0.00000000e+00,0.00000000e+00,0.00000000e+00,0.00000000e+00
1.11027166e+01,1.08527166e+01,7.77865385e-04,4.85022830e-06,0.00000000e+00,0.00000000e+00,1.80990038e-04,3.24502384e-06,2.63405687e-03,1.38106919e-05,1.59732325e+00,4.86603511e-03,2.56090082e+04,1.12207910e+02,0.00000000e+00,0.00000000e+00,8.82298524e-04,6.19198579e-06,0.00000000e+00,0.00000000e+00,3.61305999e+00,8.98655431e-03
1.12027416e+01,1.09527416e+01,7.81964970e-04,4.91841355e-06,0.00000000e+00,0.00000000e+00,1.83002367e-04,4.16242355e-06,2.60428613e-03,1.42069909e-05,1.60305414e+00,4.50665718e-03,2.55314606e+04,1.01589497e+02,0.00000000e+00,0.00000000e+00,8.88980360e-04,6.34218991e-06,0.00000000e+00,0.00000000e+00,0.00000000e+00,0.00000000e+00
1.13027666e+01,1.10527666e+01,7.86835537e-04,4.76169151e-06,0.00000000e+00,0.00000000e+00,1.83849103e-04,3.76440328e-06,2.58462002e-03,1.70578758e-05,1.61018937e+00,4.80674658e-03,2.53591305e+04,1.07021587e+02,0.00000000e+00,0.00000000e+00,8.95495030e-04,5.88266879e-06,0.00000000e+00,0.00000000e+00,3.64782999e+00,9.04862425e-03
1.14027917e+01,1.11527917e+01,7.91889749e-04,4.98333374e-06,0.00000000e+00,0.00000000e+00,1.82022829e-04,2.90627162e-06,2.56609640e-03,1.58942293e-05,1.61983410e+00,5.18972490e-03,2.52411800e+04,1.16434108e+02,0.00000000e+00,0.00000000e+00,8.99325056e-04,5.80904604e-06,0.00000000e+00,0.00000000e+00,0.00000000e+00,0.00000000e+00
1.15028167e+01,1.12528167e+01,7.96086792e-04,4.93377252e-06,0.00000000e+00,0.00000000e+00,1.81191424e-04,3.15227812e-06,2.53361040e-03,1.55720568e-05,1.62730193e+00,5.19567831e-03,2.51457177e+04,1.16151440e+02,0.00000000e+00,0.00000000e+00,9.03520736e-04,5.69234488e-06,0.00000000e+00,0.00000000e+00,3.68142999e+00,9.05320221e-03
1.16028418e+01,1.13528418e+01,8.02804858e-04,4.89817794e-06,0.00000000e+00,0.00000000e+00,1.86498864e-04,3.68028957e-06,2.49545454e-03,1.40022104e-05,1.64015303e+00,5.04914155e-03,2.51626717e+04,1.12546500e+02,0.00000000e+00,0.00000000e+00,9.16149802e-04,5.97649425e-06,0.00000000e+00,0.00000000e+00,0.00000000e+00,0.00000000e+00
1.17028668e+01,1.14528668e+01,8.07671362e-04,5.00680487e-06,0.00000000e+00,0.00000000e+00,1.94848721e-04,7.93815399e-06,2.48510088e-03,1.65645367e-05,1.64998967e+00,5.14613296e-03,2.51000292e+04,1.19049516e+02,0.00000000e+00,0.00000000e+00,9.29972476e-04,9.25543488e-06,0.00000000e+00,0.00000000e+00,3.71421999e+00,9.13497729e-03
1.18028918e+01,1.15528918e+01,8.11975852e-04,5.09485742e-06,0.00000000e+00,0.00000000e+00,1.85775088e-04,3.57384106e-06,2.45885716e-03,1.52059609e-05,1.65944875e+00,5.01530948e-03,2.49009992e+04,9.87433758e+01,0.00000000e+00,0.00000000e+00,9.26170691e-04,6.45810287e-06,0.00000000e+00,0.00000000e+00,0.00000000e+00,0.00000000e+00
1.19029169e+01,1.16529169e+01,8.17646064e-04,5.39189393e-06,0.00000000e+00,0.00000000e+00,1.88120759e-04,4.38872353e-06,2.42486036e-03,1.37232115e-05,1.66825642e+00,4.82459752e-03,2.47377146e+04,1.07240255e+02,0.00000000e+00,0.00000000e+00,9.35222560e-04,7.56500788e-06,0.00000000e+00,0.00000000e+00,3.74694999e+00,9.39238312e-03
1.20029419e+01,1.17529419e+01,8.20603165e-04,5.50928569e-06,0.00000000e+00,0.00000000e+00,1.86994590e-04,3.12935749e-06,2.40500857e-03,1.66122202e-05,1.67355265e+00,5.03305133e-03,2.46210591e+04,1.08654959e+02,0.00000000e+00,0.00000000e+00,9.37545790e-04,6.67614617e-06,0.00000000e+00,0.00000000e+00,0.00000000e+00,0.00000000e+00
1.21029670e+01,1.18529670e+01,8.26119228e-04,5.59122987e-06,0.00000000e+00,0.00000000e+00,1.88927604e-04,3.56707105e-06,2.37493575e-03,1.40074236e-05,1.68260144e+00,5.35155635e-03,2.44994566e+04,9.90956214e+01,0.00000000e+00,0.00000000e+00,9.45796571e-04,6.86069128e-06,0.00000000e+00,0.00000000e+00,3.78007999e+00,9.20547446e-03
1.22029920e+01,1.19529920e+01,8.31853693e-04,5.34862932e-06,0.00000000e+00,0.00000000e+00,1.92487176e-04,3.72523799e-06,2.34588171e-03,1.27941309e-05,1.69221311e+00,5.46622952e-03,2.44416632e+04,9.74246499e+01,0.00000000e+00,0.00000000e+00,9.55889590e-04,6.53536858e-06,0.00000000e+00,0.00000000e+00,0.00000000e+00,0.00000000e+00
1.23030170e+01,1.20530170e+01,8.38966547e-04,5.27951091e-06,0.00000000e+00,0.00000000e+00,1.91217710e-04,3.67283841e-06,2.31728454e-03,1.14482079e-05,1.70106740e+00,5.33260421e-03,2.43557489e+04,9.27552196e+01,0.00000000e+00,0.00000000e+00,9.62433452e-04,6.05278872e-06,0.00000000e+00,0.00000000e+00,3.81414999e+00,9.35467767e-03
1.24030421e+01,1.21530421e+01,8.41994518e-04,5.75347610e-06,0.00000000e+00,0.00000000e+00,1.92657908e-04,3.63224901e-06,2.30061240e-03,1.23882510e-05,1.70702412e+00,5.47415751e-03,2.42466428e+04,9.70616231e+01,0.00000000e+00,0.00000000e+00,9.67499287e-04,6.72408968e-06,0.00000000e+00,0.00000000e+00,0.00000000e+00,0.00000000e+00
1.25030671e+01,1.22530671e+01,8.43119698e-04,5.43991649e-06,0.00000000e+00,0.00000000e+00,1.92237937e-04,3.27456435e-06,2.28784729e-03,1.50624653e-05,1.71519604e+00,5.22631369e-03,2.42413027e+04,1.03462730e+02,0.00000000e+00,0.00000000e+00,9.68437116e-04,6.52368288e-06,0.00000000e+00,0.00000000e+00,3.84493999e+00,9.38647118e-03
1.26030921e+01,1.23530921e+01,8.47297793e-04,5.55904479e-06,0.00000000e+00,0.00000000e+00,1.97216932e-04,3.27329467e-06,2.26398840e-03,1.39488492e-05,1.72389950e+00,4.80468660e-03,2.41568193e+04,1.01672805e+02,0.00000000e+00,0.00000000e+00,9.78427060e-04,6.60588185e-06,0.00000000e+00,0.00000000e+00,0.00000000e+00,0.00000000e+00
1.27031172e+01,1.24531172e+01,8.52018278e-04,5.41388957e-06,0.00000000e+00,0.00000000e+00,1.96179421e-04,3.66883492e-06,2.24653096e-03,1.48148618e-05,1.73031639e+00,5.06064754e-03,2.40930811e+04,1.13332591e+02,0.00000000e+00,0.00000000e+00,9.82171773e-04,6.50919392e-06,0.00000000e+00,0.00000000e+00,3.87526999e+00,9.37113503e-03
1.28031422e+01,1.25531422e+01,8.57049264e-04,5.73298074e-06,0.00000000e+00,0.00000000e+00,1.98786819e-04,3.20120609e-06,2.22373042e-03,1.38996116e-05,1.73588128e+00,5.15236949e-03,2.39271452e+04,1.00166279e+02,0.00000000e+00,0.00000000e+00,9.90668187e-04,6.59836822e-06,0.00000000e+00,0.00000000e+00,0.00000000e+00,0.00000000e+00
1.29031673e+01,1.26531673e+01,8.58939000e-04,5.57963649e-06,0.00000000e+00,0.00000000e+00,2.00714003e-04,3.07312929e-06,2.21941467e-03,1.67668244e-05,1.74265713e+00,5.35197661e-03,2.38926284e+04,1.13575487e+02,0.00000000e+00,0.00000000e+00,9.94643535e-04,6.90399533e-06,0.00000000e+00,0.00000000e+00,3.90814999e+00,9.59810062e-03
1.30031923e+01,1.27531923e+01,8.61106120e-04,5.46830549e-06,0.00000000e+00,0.00000000e+00,1.97116204e-04,2.77488101e-06,2.19085803e-03,1.44783859e-05,1.74599819e+00,4.93039195e-03,2.38124945e+04,1.02558168e+02,0.00000000e+00,0.00000000e+00,9.93948980e-04,6.52979557e-06,0.00000000e+00,0.00000000e+00,0.00000000e+00,0.00000000e+00
1.31032173e+01,1.28532173e+01,8.65293847e-04,5.46598718e-06,0.00000000e+00,0.00000000e+00,2.00892081e-04,3.96222471e-06,2.16167738e-03,1.31249061e-05,1.75667841e+00,5.06285564e-03,2.37225990e+04,1.05789770e+02,0.00000000e+00,0.00000000e+00,1.00261454e-03,6.95858836e-06,0.00000000e+00,0.00000000e+00,3.93957999e+00,9.43720671e-03
1.32032424e+01,1.29532424e+01,8.69727225e-04,5.16715760e-06,0.00000000e+00,0.00000000e+00,2.03624356e-04,3.95039767e-06,2.14673090e-03,1.40891855e-05,1.76444411e+00,4.87575488e-03,2.36751947e+04,1.05520965e+02,0.00000000e+00,0.00000000e+00,1.01023004e-03,6.52907460e-06,0.00000000e+00,0.00000000e+00,0.00000000e+00,0.00000000e+00
1.33032674e+01,1.30532674e+01,8.72244480e-04,4.91881047e-06,0.00000000e+00,0.00000000e+00,2.01835122e-04,2.93374823e-06,2.13620321e-03,1.50849985e-05,1.77479058e+00,4.80323619e-03,2.36396090e+04,9.60485237e+01,0.00000000e+00,0.00000000e+00,1.01114565e-03,5.99416802e-06,0.00000000e+00,0.00000000e+00,3.97082999e+00,9.47006105e-03
1.34032924e+01,1.31532924e+01,8.75474765e-04,5.11967984e-06,0.00000000e+00,0.00000000e+00,2.05311428e-04,3.15178883e-06,2.11762290e-03,1.54069479e-05,1.77935453e+00,5.05970117e-03,2.35798360e+04,1.04392464e+02,0.00000000e+00,0.00000000e+00,1.01822536e-03,6.52963910e-06,0.00000000e+00,0.00000000e+00,0.00000000e+00,0.00000000e+00
1.35033175e+01,1.32533175e+01,8.77728441e-04,5.16757984e-06,0.00000000e+00,0.00000000e+00,2.06955829e-04,3.71993647e-06,2.09591643e-03,1.42671880e-05,1.78307353e+00,5.07351624e-03,2.34454723e+04,9.07116783e+01,0.00000000e+00,0.00000000e+00,1.02287410e-03,6.50676468e-06,0.00000000e+00,0.00000000e+00,4.00083999e+00,9.60523680e-03
1.36033425e+01,1.33533425e+01,8.82541404e-04,5.02978242e-06,0.00000000e+00,0.00000000e+00,2.05468434e-04,3.31849560e-06,2.07657768e-03,1.32564635e-05,1.79106710e+00,5.29731459e-03,2.34238001e+04,9.25943794e+01,0.00000000e+00,0.00000000e+00,1.02659581e-03,6.37807875e-06,0.00000000e+00,0.00000000e+00,0.00000000e+00,0.00000000e+00
1.37033676e+01,1.34533676e+01,8.82924739e-04,4.76347681e-06,0.00000000e+00,0.00000000e+00,2.05747411e-04,3.17517225e-06,2.05288776e-03,1.24173868e-05,1.79520601e+00,5.30977931e-03,2.32971274e+04,9.07545756e+01,0.00000000e+00,0.00000000e+00,1.02786439e-03,5.83644453e-06,0.00000000e+00,0.00000000e+00,4.03001999e+00,9.74836001e-03
1.38033926e+01,1.35533926e+01,8.87509711e-04,4.90485682e-06,0.00000000e+00,0.00000000e+00,2.04760849e-04,3.05619630e-06,2.03848169e-03,1.44186084e-05,1.80174042e+00,5.31430615e-03,2.32354287e+04,9.61397397e+01,0.00000000e+00,0.00000000e+00,1.03187592e-03,6.29411496e-06,0.00000000e+00,0.00000000e+00,0.00000000e+00,0.00000000e+00
1.39034176e+01,1.36534176e+01,8.94508638e-04,4.89834619e-06,0.00000000e+00,0.00000000e+00,2.09895522e-04,3.97602206e-06,2.01363437e-03,1.47438934e-05,1.81266385e+00,5.41547230e-03,2.32628481e+04,1.12106047e+02,0.00000000e+00,0.00000000e+00,1.04447040e-03,6.85973496e-06,0.00000000e+00,0.00000000e+00,4.06142999e+00,9.77610322e-03
1.40034427e+01,1.37534427e+01,8.98218734e-04,4.86523766e-06,0.00000000e+00,0.00000000e+00,2.16169382e-04,3.47845983e-06,1.99826237e-03,1.44477675e-05,1.82049892e+00,5.73022068e-03,2.31577503e+04,1.06342470e+02,0.00000000e+00,0.00000000e+00,1.05513828e-03,6.42032345e-06,0.00000000e+00,0.00000000e+00,0.00000000e+00,0.00000000e+00
1.41034677e+01,1.38534677e+01,9.01873878e-04,4.86979508e-06,0.00000000e+00,0.00000000e+00,2.13957711e-04,3.66706690e-06,1.98580542e-03,1.48226980e-05,1.82778944e+00,5.80664653e-03,2.30300893e+04,1.00126467e+02,0.00000000e+00,0.00000000e+00,1.05717661e-03,6.79866631e-06,0.00000000e+00,0.00000000e+00,4.09025999e+00,9.76563475e-03
1.42034927e+01,1.39534927e+01,9.05070670e-04,4.75866286e-06,0.00000000e+00,0.00000000e+00,2.15046354e-04,3.93258337e-06,1.96273095e-03,1.45268023e-05,1.83341215e+00,5.45620448e-03,2.28813621e+04,1.03091058e+02,0.00000000e+00,0.00000000e+00,1.06219044e-03,7.38305271e-06,0.00000000e+00,0.00000000e+00,0.00000000e+00,0.00000000e+00
1.43035178e+01,1.40535178e+01,9.09202261e-04,4.83218478e-06,0.00000000e+00,0.00000000e+00,2.14516008e-04,3.80151989e-06,1.94617981e-03,1.57416938e-05,1.84223987e+00,5.46639428e-03,2.28734864e+04,9.87344049e+01,0.00000000e+00,0.00000000e+00,1.06601542e-03,6.78749052e-06,0.00000000e+00,0.00000000e+00,4.11982999e+00,1.00689659e-02
1.44035428e+01,1.41535428e+01,9.13289872e-04,4.96234813e-06,0.00000000e+00,0.00000000e+00,2.16739679e-04,3.47457532e-06,1.92121822e-03,1.31473206e-05,1.84502388e+00,5.25604962e-03,2.28094923e+04,1.01787453e+02,0.00000000e+00,0.00000000e+00,1.07291863e-03,6.59394440e-06,0.00000000e+00,0.00000000e+00,0.00000000e+00,0.00000000e+00
1.45035679e+01,1.42535679e+01,9.15157266e-04,4.64722356e-06,0.00000000e+00,0.00000000e+00,2.23239865e-04,4.23645241e-06,1.90448768e-03,1.49386929e-05,1.85043013e+00,5.11442841e-03,2.27052366e+04,1.01843022e+02,0.00000000e+00,0.00000000e+00,1.08189742e-03,6.60988831e-06,0.00000000e+00,0.00000000e+00,4.15018999e+00,1.01278773e-02
1.46035929e+01,1.43535929e+01,9.21535433e-04,4.91558519e-06,0.00000000e+00,0.00000000e+00,2.21939742e-04,3.71524768e-06,1.87584309e-03,1.24767477e-05,1.86057445e+00,5.58417041e-03,2.25830718e+04,8.86809204e+01,0.00000000e+00,0.00000000e+00,1.08792908e-03,6.74906082e-06,0.00000000e+00,0.00000000e+00,0.00000000e+00,0.00000000e+00
1.47036179e+01,1.44536179e+01,9.26714322e-04,4.88869022e-06,0.00000000e+00,0.00000000e+00,2.26348861e-04,3.94908688e-06,1.85773310e-03,1.19740894e-05,1.86820445e+00,5.71178097e-03,2.25270955e+04,8.84063938e+01,0.00000000e+00,0.00000000e+00,1.09799071e-03,7.16263195e-06,0.00000000e+00,0.00000000e+00,4.17973999e+00,1.01653971e-02
1.48036430e+01,1.45536430e+01,9.29960627e-04,4.78069905e-06,0.00000000e+00,0.00000000e+00,2.23895637e-04,3.51326496e-06,1.84650515e-03,1.36343277e-05,1.87803936e+00,5.64255963e-03,2.25269999e+04,9.38333064e+01,0.00000000e+00,0.00000000e+00,1.09898254e-03,6.65862501e-06,0.00000000e+00,0.00000000e+00,0.00000000e+00,0.00000000e+00
1.49036680e+01,1.46536680e+01,9.33987019e-04,4.70590086e-06,0.00000000e+00,0.00000000e+00,2.23563380e-04,3.30039587e-06,1.82935689e-03,1.32761104e-05,1.88312675e+00,5.39886797e-03,2.24425169e+04,9.42712910e+01,0.00000000e+00,0.00000000e+00,1.10313580e-03,6.39525081e-06,0.00000000e+00,0.00000000e+00,4.20885999e+00,1.03132563e-02
1.50036930e+01,1.47536930e+01,9.36936559e-04,4.98848076e-06,0.00000000e+00,0.00000000e+00,2.25612216e-04,3.39917591e-06,1.81305752e-03,1.27830444e-05,1.88949620e+00,5.49903234e-03,2.23148171e+04,8.59227481e+01,0.00000000e+00,0.00000000e+00,1.10865683e-03,6.53917284e-06,0.00000000e+00,0.00000000e+00,0.00000000e+00,0.00000000e+00
1.51037181e+01,1.48537181e+01,9.38886765e-04,4.84813113e-06,0.00000000e+00,0.00000000e+00,2.29017992e-04,3.77659783e-06,1.79664944e-03,1.22422392e-05,1.89327112e+00,5.39027786e-03,2.22466226e+04,8.37273931e+01,0.00000000e+00,0.00000000e+00,1.11444708e-03,6.38183462e-06,0.00000000e+00,0.00000000e+00,4.23793999e+00,1.03406515e-02
1.52037431e+01,1.49537431e+01,9.44672832e-04,5.19680005e-06,0.00000000e+00,0.00000000e+00,2.29634636e-04,4.21010723e-06,1.78475134e-03,1.25685048e-05,1.90225709e+00,5.65795958e-03,2.23045549e+04,9.11854238e+01,0.00000000e+00,0.00000000e+00,1.12097116e-03,6.93140883e-06,0.00000000e+00,0.00000000e+00,0.00000000e+00,0.00000000e+00
1.53037682e+01,1.50537682e+01,9.46888271e-04,5.24088221e-06,0.00000000e+00,0.00000000e+00,2.24343610e-04,3.35271546e-06,1.77208408e-03,1.40913822e-05,1.90618377e+00,5.69193791e-03,2.22729994e+04,9.50986581e+01,0.00000000e+00,0.00000000e+00,1.11812932e-03,6.37335993e-06,0.00000000e+00,0.00000000e+00,4.26623999e+00,1.02804041e-02
1.54037932e+01,1.51537932e+01,9.49614730e-04,5.26316263e-06,0.00000000e+00,0.00000000e+00,2.32529257e-04,4.69935457e-06,1.75242780e-03,1.29081503e-05,1.91070111e+00,5.66789204e-03,2.21949441e+04,1.00145186e+02,0.00000000e+00,0.00000000e+00,1.12966529e-03,7.23832267e-06,0.00000000e+00,0.00000000e+00,0.00000000e+00,0.00000000e+00
1.55038182e+01,1.52538182e+01,9.52146501e-04,5.06581748e-06,0.00000000e+00,0.00000000e+00,2.36485829e-04,4.38152625e-06,1.74467917e-03,1.43157174e-05,1.91696816e+00,5.69410562e-03,2.21469537e+04,9.67181489e+01,0.00000000e+00,0.00000000e+00,1.13655154e-03,6.93970858e-06,0.00000000e+00,0.00000000e+00,4.29601999e+00,1.03935300e-02
1.56038433e+01,1.53538433e+01,9.56379215e-04,5.09672620e-06,0.00000000e+00,0.00000000e+00,2.38675473e-04,4.27267865e-06,1.72356539e-03,1.30117475e-05,1.92318693e+00,5.37616039e-03,2.20492161e+04,9.12247436e+01,0.00000000e+00,0.00000000e+00,1.14362884e-03,6.92281288e-06,0.00000000e+00,0.00000000e+00,0.00000000e+00,0.00000000e+00
1.57038683e+01,1.54538683e+01,9.63392442e-04,5.12732852e-06,0.00000000e+00,0.00000000e+00,2.30624390e-04,3.31700094e-06,1.70441142e-03,1.14308453e-05,1.92923316e+00,5.35285956e-03,2.18515296e+04,8.08583978e+01,0.00000000e+00,0.00000000e+00,1.14328565e-03,6.42132963e-06,0.00000000e+00,0.00000000e+00,4.32162999e+00,1.05015222e-02
1.58038933e+01,1.55538933e+01,9.65919796e-04,5.31883498e-06,0.00000000e+00,0.00000000e+00,2.29360864e-04,3.09312611e-06,1.68656932e-03,1.18544822e-05,1.93435209e+00,5.76956089e-03,2.17718816e+04,7.86075904e+01,0.00000000e+00,0.00000000e+00,1.14502440e-03,6.31392408e-06,0.00000000e+00,0.00000000e+00,0.00000000e+00,0.00000000e+00
1.59039184e+01,1.56539184e+01,9.65834108e-04,5.10625767e-06,0.00000000e+00,0.00000000e+00,2.28283587e-04,2.93247069e-06,1.67151738e-03,1.25795818e-05,1.93712183e+00,5.83434940e-03,2.17050415e+04,8.35989601e+01,0.00000000e+00,0.00000000e+00,1.14405119e-03,5.89370996e-06,0.00000000e+00,0.00000000e+00,4.34796999e+00,1.02583255e-02
1.60039434e+01,1.57539434e+01,9.72592979e-04,5.13468621e-06,0.00000000e+00,0.00000000e+00,2.28424251e-04,3.63817295e-06,1.65277687e-03,1.14456691e-05,1.94557853e+00,5.73807611e-03,2.16287928e+04,8.01353730e+01,0.00000000e+00,0.00000000e+00,1.15147432e-03,5.92751957e-06,0.00000000e+00,0.00000000e+00,0.00000000e+00,0.00000000e+00
1.61039685e+01,1.58539685e+01,9.76592509e-04,5.44561667e-06,0.00000000e+00,0.00000000e+00,2.26877816e-04,2.87765537e-06,1.63943663e-03,1.24536313e-05,1.95084223e+00,5.75571639e-03,2.15399487e+04,8.35370390e+01,0.00000000e+00,0.00000000e+00,1.15436806e-03,5.89529541e-06,0.00000000e+00,0.00000000e+00,4.37748999e+00,1.02433481e-02
1.62039935e+01,1.59539935e+01,9.77916517e-04,5.31940993e-06,0.00000000e+00,0.00000000e+00,2.30457195e-04,3.31210224e-06,1.62008066e-03,1.20034303e-05,1.95500947e+00,5.38619169e-03,2.14734403e+04,8.56640232e+01,0.00000000e+00,0.00000000e+00,1.15986569e-03,5.97342507e-06,0.00000000e+00,0.00000000e+00,0.00000000e+00,0.00000000e+00
1.63040185e+01,1.60540185e+01,9.80226767e-04,5.13497023e-06,0.00000000e+00,0.00000000e+00,2.30671539e-04,3.41628566e-06,1.61839302e-03,1.46704633e-05,1.95819227e+00,5.33412739e-03,2.13903974e+04,9.35005928e+01,0.00000000e+00,0.00000000e+00,1.16251467e-03,6.26737431e-06,0.00000000e+00,0.00000000e+00,4.40413999e+00,1.02896448e-02
1.64040436e+01,1.61540436e+01,9.83772224e-04,4.84125553e-06,0.00000000e+00,0.00000000e+00,2.33603945e-04,3.46919076e-06,1.60754142e-03,1.36779677e-05,1.96397821e+00,5.30612393e-03,2.13179252e+04,8.40110103e+01,0.00000000e+00,0.00000000e+00,1.16944142e-03,6.41730671e-06,0.00000000e+00,0.00000000e+00,0.00000000e+00,0.00000000e+00
1.65040686e+01,1.62540686e+01,9.85917092e-04,4.87075740e-06,0.00000000e+00,0.00000000e+00,2.34510559e-04,3.49042565e-06,1.59629924e-03,1.35449781e-05,1.96835790e+00,5.19806813e-03,2.12725302e+04,8.66929013e+01,0.00000000e+00,0.00000000e+00,1.17280328e-03,6.45920938e-06,0.00000000e+00,0.00000000e+00,4.43363999e+00,1.03363985e-02
1.66040936e+01,1.63540936e+01,9.92238695e-04,5.30148664e-06,0.00000000e+00,0.00000000e+00,2.43648625e-04,4.87862957e-06,1.57533838e-03,1.12148446e-05,1.98116253e+00,5.63545172e-03,2.12884426e+04,8.91248887e+01,0.00000000e+00,0.00000000e+00,1.18867946e-03,6.95040686e-06,0.00000000e+00,0.00000000e+00,0.00000000e+00,0.00000000e+00
1.67041187e+01,1.64541187e+01,9.96887222e-04,5.12844336e-06,0.00000000e+00,0.00000000e+00,2.38877885e-04,3.63471161e-06,1.56638938e-03,1.16512449e-05,1.98730632e+00,5.49303964e-03,2.12648635e+04,8.78327245e+01,0.00000000e+00,0.00000000e+00,1.18874494e-03,6.21790040e-06,0.00000000e+00,0.00000000e+00,4.46027999e+00,1.03585632e-02
1.68041437e+01,1.65541437e+01,1.00021245e-03,5.33054260e-06,0.00000000e+00,0.00000000e+00,2.36179136e-04,3.34180365e-06,1.55302828e-03,1.22384552e-05,1.99375264e+00,5.68043309e-03,2.11439306e+04,8.95823478e+01,0.00000000e+00,0.00000000e+00,1.18977358e-03,6.46562054e-06,0.00000000e+00,0.00000000e+00,0.00000000e+00,0.00000000e+00
1.69041688e+01,1.66541688e+01,1.00749634e-03,4.88462429e-06,0.00000000e+00,0.00000000e+00,2.42499931e-04,3.89024158e-06,1.53941737e-03,1.39959055e-05,2.00391673e+00,5.40460099e-03,2.11369085e+04,8.77641155e+01,0.00000000e+00,0.00000000e+00,1.20388534e-03,6.61135700e-06,0.00000000e+00,0.00000000e+00,4.48698999e+00,1.04257894e-02
1.70041938e+01,1.67541938e+01,1.01043646e-03,4.69220906e-06,0.00000000e+00,0.00000000e+00,2.45332282e-04,4.64497788e-06,1.52877097e-03,1.34620274e-05,2.01060015e+00,5.20507019e-03,2.10936674e+04,7.62860026e+01,0.00000000e+00,0.00000000e+00,1.20993335e-03,6.94391822e-06,0.00000000e+00,0.00000000e+00,0.00000000e+00,0.00000000e+00
1.71042188e+01,1.68542188e+01,1.00767882e-03,4.75094885e-06,0.00000000e+00,0.00000000e+00,2.43662400e-04,3.73963850e-06,1.52013936e-03,1.42104282e-05,2.01100011e+00,5.36739584e-03,2.10349677e+04,8.84530969e+01,0.00000000e+00,0.00000000e+00,1.20582486e-03,6.24993276e-06,0.00000000e+00,0.00000000e+00,4.51318999e+00,1.03106963e-02
1.72042439e+01,1.69542439e+01,1.01193356e-03,4.73229200e-06,0.00000000e+00,0.00000000e+00,2.44801257e-04,6.49808704e-06,1.50639401e-03,1.34817315e-05,2.01473415e+00,5.23708195e-03,2.10144281e+04,1.00332432e+02,0.00000000e+00,0.00000000e+00,1.21141139e-03,7.84188679e-06,0.00000000e+00,0.00000000e+00,0.00000000e+00,0.00000000e+00
1.73042689e+01,1.70542689e+01,1.01716432e-03,4.80931733e-06,0.00000000e+00,0.00000000e+00,2.38768418e-04,2.95015440e-06,1.48981381e-03,1.27713861e-05,2.01966480e+00,5.65467097e-03,2.08380547e+04,7.84482664e+01,0.00000000e+00,0.00000000e+00,1.21122950e-03,5.77189355e-06,0.00000000e+00,0.00000000e+00,4.53861999e+00,1.05993983e-02
1.74042939e+01,1.71542939e+01,1.02597885e-03,5.25973178e-06,0.00000000e+00,0.00000000e+00,2.46008224e-04,6.04251449e-06,1.47786953e-03,1.24522356e-05,2.02918765e+00,6.08936907e-03,2.08459160e+04,9.10154582e+01,0.00000000e+00,0.00000000e+00,1.22768829e-03,7.83259312e-06,0.00000000e+00,0.00000000e+00,0.00000000e+00,0.00000000e+00
1.75043190e+01,1.72543190e+01,1.02749637e-03,5.14910981e-06,0.00000000e+00,0.00000000e+00,2.42811485e-04,3.35845937e-06,1.46295690e-03,1.27026197e-05,2.03522557e+00,5.88653998e-03,2.07268014e+04,7.76873680e+01,0.00000000e+00,0.00000000e+00,1.22656816e-03,6.05968098e-06,0.00000000e+00,0.00000000e+00,4.56633999e+00,1.06663571e-02
1.76043440e+01,1.73543440e+01,1.03184816e-03,5.21245550e-06,0.00000000e+00,0.00000000e+00,2.43479909e-04,3.73373506e-06,1.45117759e-03,1.33589351e-05,2.04207541e+00,5.98583818e-03,2.06721638e+04,7.97471694e+01,0.00000000e+00,0.00000000e+00,1.23187012e-03,6.50711958e-06,0.00000000e+00,0.00000000e+00,0.00000000e+00,0.00000000e+00
1.77043691e+01,1.74543691e+01,1.03266294e-03,5.00695884e-06,0.00000000e+00,0.00000000e+00,2.43335283e-04,4.80248900e-06,1.43191141e-03,1.19005897e-05,2.04590880e+00,5.87832310e-03,2.05862906e+04,7.82417207e+01,0.00000000e+00,0.00000000e+00,1.23301708e-03,7.07115461e-06,0.00000000e+00,0.00000000e+00,4.59292999e+00,1.06257106e-02
1.78043941e+01,1.75543941e+01,1.03341059e-03,5.09728420e-06,0.00000000e+00,0.00000000e+00,2.41465837e-04,3.22599350e-06,1.42717946e-03,1.37453148e-05,2.05050287e+00,5.87029267e-03,2.05563130e+04,7.95547728e+01,0.00000000e+00,0.00000000e+00,1.23199215e-03,6.53739057e-06,0.00000000e+00,0.00000000e+00,0.00000000e+00,0.00000000e+00
1.79044191e+01,1.76544191e+01,1.03836278e-03,5.31611710e-06,0.00000000e+00,0.00000000e+00,2.41619486e-04,3.93686058e-06,1.41150387e-03,1.23180940e-05,2.05854847e+00,6.41351673e-03,2.05247540e+04,9.58187110e+01,0.00000000e+00,0.00000000e+00,1.23736209e-03,7.26264111e-06,0.00000000e+00,0.00000000e+00,4.61738999e+00,1.05598437e-02
1.80044442e+01,1.77544442e+01,1.04330138e-03,5.71179811e-06,0.00000000e+00,0.00000000e+00,2.43928565e-04,3.63568547e-06,1.39387522e-03,1.20931527e-05,2.06216561e+00,6.44105950e-03,2.04669159e+04,9.79847944e+01,0.00000000e+00,0.00000000e+00,1.24497980e-03,7.15591124e-06,0.00000000e+00,0.00000000e+00,0.00000000e+00,0.00000000e+00
1.81044692e+01,1.78544692e+01,1.04605055e-03,5.67385825e-06,0.00000000e+00,0.00000000e+00,2.44789791e-04,3.92796735e-06,1.36933996e-03,1.12044768e-05,2.06842478e+00,6.08318668e-03,2.03291688e+04,8.69342281e+01,0.00000000e+00,0.00000000e+00,1.24949369e-03,7.35578927e-06,0.00000000e+00,0.00000000e+00,4.64203999e+00,1.06050493e-02
1.82044942e+01,1.79544942e+01,1.04949716e-03,5.53668049e-06,0.00000000e+00,0.00000000e+00,2.42163570e-04,3.13262412e-06,1.36647757e-03,1.18984856e-05,2.07533485e+00,6.27496326e-03,2.03303720e+04,8.86188684e+01,0.00000000e+00,0.00000000e+00,1.25039692e-03,7.42995761e-06,0.00000000e+00,0.00000000e+00,0.00000000e+00,0.00000000e+00
1.83045193e+01,1.80545193e+01,1.05379562e-03,5.48125816e-06,0.00000000e+00,0.00000000e+00,2.52821024e-04,6.22536820e-06,1.35076931e-03,1.16482086e-05,2.07835083e+00,6.23316497e-03,2.02959183e+04,9.98669060e+01,0.00000000e+00,0.00000000e+00,1.26579101e-03,8.97763197e-06,0.00000000e+00,0.00000000e+00,4.66908999e+00,1.06934814e-02
1.84045443e+01,1.81545443e+01,1.05327812e-03,5.33293876e-06,0.00000000e+00,0.00000000e+00,2.50032994e-04,3.58713964e-06,1.33685306e-03,1.14429057e-05,2.07793692e+00,6.13709500e-03,2.01769754e+04,8.44689447e+01,0.00000000e+00,0.00000000e+00,1.26282541e-03,6.66976843e-06,0.00000000e+00,0.00000000e+00,0.00000000e+00,0.00000000e+00
1.85045694e+01,1.82545694e+01,1.05605737e-03,5.18909006e-06,0.00000000e+00,0.00000000e+00,2.49770812e-04,3.37464664e-06,1.33360898e-03,1.28536900e-05,2.08358560e+00,5.58774070e-03,2.01178529e+04,8.56902760e+01,0.00000000e+00,0.00000000e+00,1.26557196e-03,6.58876412e-06,0.00000000e+00,0.00000000e+00,4.69459999e+00,1.04459465e-02
1.86045944e+01,1.83545944e+01,1.06072013e-03,5.52374225e-06,0.00000000e+00,0.00000000e+00,2.52703871e-04,3.68676195e-06,1.31667724e-03,1.16535390e-05,2.08927611e+00,5.80804069e-03,2.01393870e+04,9.34761046e+01,0.00000000e+00,0.00000000e+00,1.27326548e-03,6.70435008e-06,0.00000000e+00,0.00000000e+00,0.00000000e+00,0.00000000e+00
1.87046194e+01,1.84546194e+01,1.06640905e-03,5.31758940e-06,0.00000000e+00,0.00000000e+00,2.61860596e-04,5.09933985e-06,1.30169284e-03,1.18036178e-05,2.09550065e+00,5.60918809e-03,2.01457586e+04,9.67408758e+01,0.00000000e+00,0.00000000e+00,1.28850753e-03,7.61163775e-06,0.00000000e+00,0.00000000e+00,4.71834999e+00,1.04005681e-02
1.88046445e+01,1.85546445e+01,1.07181819e-03,5.87590745e-06,0.00000000e+00,0.00000000e+00,2.58219417e-04,4.28859107e-06,1.29106438e-03,1.24911325e-05,2.10362530e+00,6.15986422e-03,2.00684971e+04,9.17009019e+01,0.00000000e+00,0.00000000e+00,1.29075412e-03,7.80899954e-06,0.00000000e+00,0.00000000e+00,0.00000000e+00,0.00000000e+00
1.89046695e+01,1.86546695e+01,1.07464653e-03,5.66651745e-06,0.00000000e+00,0.00000000e+00,2.59583593e-04,4.56753931e-06,1.28246182e-03,1.21194405e-05,2.10552687e+00,5.91329675e-03,2.00079479e+04,8.96759919e+01,0.00000000e+00,0.00000000e+00,1.29520850e-03,7.29732573e-06,0.00000000e+00,0.00000000e+00,4.74566999e+00,1.04402502e-02
1.90046945e+01,1.87546945e+01,1.07969077e-03,5.63191733e-06,0.00000000e+00,0.00000000e+00,2.59292007e-04,4.48532700e-06,1.28407064e-03,1.45401982e-05,2.10977557e+00,6.16015405e-03,2.00469422e+04,1.03105472e+02,0.00000000e+00,0.00000000e+00,1.29978415e-03,7.90097084e-06,0.00000000e+00,0.00000000e+00,0.00000000e+00,0.00000000e+00
1.91047196e+01,1.88547196e+01,1.08387186e-03,5.88802628e-06,0.00000000e+00,0.00000000e+00,2.61030011e-04,3.92210048e-06,1.26966511e-03,1.48568723e-05,2.11307165e+00,6.02929789e-03,2.00083474e+04,9.98218614e+01,0.00000000e+00,0.00000000e+00,1.30605666e-03,7.72045921e-06,0.00000000e+00,0.00000000e+00,4.76946999e+00,1.03220622e-02
1.92047446e+01,1.89547446e+01,1.08591789e-03,5.78598986e-06,0.00000000e+00,0.00000000e+00,2.67624934e-04,5.37910716e-06,1.24976679e-03,1.22289281e-05,2.11814425e+00,5.87693744e-03,1.99651105e+04,9.57618055e+01,0.00000000e+00,0.00000000e+00,1.31533365e-03,8.48382255e-06,0.00000000e+00,0.00000000e+00,0.00000000e+00,0.00000000e+00
1.93047697e+01,1.90547697e+01,1.09108811e-03,5.84522434e-06,0.00000000e+00,0.00000000e+00,2.65403427e-04,5.56813472e-06,1.23507565e-03,1.26099510e-05,2.12272921e+00,5.89650047e-03,1.98769669e+04,1.00687451e+02,0.00000000e+00,0.00000000e+00,1.31870203e-03,8.39184898e-06,0.00000000e+00,0.00000000e+00,4.79351999e+00,1.01590646e-02
1.94047947e+01,1.91547947e+01,1.09249179e-03,5.81014467e-06,0.00000000e+00,0.00000000e+00,2.63612794e-04,4.96210071e-06,1.21463463e-03,1.12826784e-05,2.12507664e+00,5.79164336e-03,1.97580252e+04,9.53977290e+01,0.00000000e+00,0.00000000e+00,1.31894344e-03,7.99972691e-06,0.00000000e+00,0.00000000e+00,0.00000000e+00,0.00000000e+00
1.95048197e+01,1.92548197e+01,1.09049600e-03,5.47132727e-06,0.00000000e+00,0.00000000e+00,2.57784629e-04,3.56388276e-06,1.20470688e-03,1.14659974e-05,2.12612505e+00,5.89646084e-03,1.96362350e+04,8.70753798e+01,0.00000000e+00,0.00000000e+00,1.31136814e-03,6.85869728e-06,0.00000000e+00,0.00000000e+00,4.81727999e+00,1.02312474e-02
1.96048448e+01,1.93548448e+01,1.09842947e-03,5.58914543e-06,0.00000000e+00,0.00000000e+00,2.58319076e-04,4.11196512e-06,1.19769642e-03,1.13972229e-05,2.13460893e+00,5.88450910e-03,1.96401704e+04,8.82120589e+01,0.00000000e+00,0.00000000e+00,1.32000682e-03,7.49862146e-06,0.00000000e+00,0.00000000e+00,0.00000000e+00,0.00000000e+00
1.97048698e+01,1.94548698e+01,1.10255746e-03,5.76402067e-06,0.00000000e+00,0.00000000e+00,2.63556201e-04,4.32764010e-06,1.18966750e-03,1.21224330e-05,2.13830578e+00,5.50517176e-03,1.96284384e+04,8.40779648e+01,0.00000000e+00,0.00000000e+00,1.32970276e-03,7.58301491e-06,0.00000000e+00,0.00000000e+00,4.84168999e+00,1.04828850e-02
1.98048948e+01,1.95548948e+01,1.10301004e-03,5.77605539e-06,0.00000000e+00,0.00000000e+00,2.63033765e-04,3.87878667e-06,1.16659793e-03,1.05739089e-05,2.14146281e+00,5.91898656e-03,1.94561403e+04,8.20877424e+01,0.00000000e+00,0.00000000e+00,1.33030919e-03,7.29149214e-06,0.00000000e+00,0.00000000e+00,0.00000000e+00,0.00000000e+00
1.99049199e+01,1.96549199e+01,1.10821952e-03,5.48509602e-06,0.00000000e+00,0.00000000e+00,2.60476207e-04,3.85784283e-06,1.16329361e-03,1.07688380e-05,2.14942543e+00,5.93699724e-03,1.94665654e+04,8.46854688e+01,0.00000000e+00,0.00000000e+00,1.33294677e-03,7.13390990e-06,0.00000000e+00,0.00000000e+00,4.86602999e+00,1.03852228e-02
2.00049449e+01,1.97549449e+01,1.11118674e-03,5.59009698e-06,0.00000000e+00,0.00000000e+00,2.62153014e-04,4.48221719e-06,1.16222431e-03,1.42286560e-05,2.15146695e+00,5.75767494e-03,1.93933823e+04,9.43274821e+01,0.00000000e+00,0.00000000e+00,1.33780425e-03,7.25700236e-06,0.00000000e+00,0.00000000e+00,0.00000000e+00,0.00000000e+00
2.01049700e+01,1.98549700e+01,1.11567982e-03,5.63248979e-06,0.00000000e+00,0.00000000e+00,2.66429878e-04,5.17269110e-06,1.14639056e-03,1.09588079e-05,2.15715610e+00,6.05656003e-03,1.93442934e+04,8.59518371e+01,0.00000000e+00,0.00000000e+00,1.34709029e-03,7.44015785e-06,0.00000000e+00,0.00000000e+00,4.88903999e+00,1.02761968e-02
2.02049950e+01,1.99549950e+01,1.12179301e-03,5.62974381e-06,0.00000000e+00,0.00000000e+00,2.64866612e-04,4.50666059e-06,1.13317226e-03,1.10259709e-05,2.16263942e+00,5.89464338e-03,1.92954211e+04,9.11592265e+01,0.00000000e+00,0.00000000e+00,1.35191385e-03,7.29749148e-06,0.00000000e+00,0.00000000e+00,0.00000000e+00,0.00000000e+00
2.03050200e+01,2.00550200e+01,1.12545530e-03,5.32599599e-06,0.00000000e+00,0.00000000e+00,2.67488158e-04,5.25791831e-06,1.12452763e-03,1.17427106e-05,2.16649142e+00,6.01901629e-03,1.92676363e+04,9.25559460e+01,0.00000000e+00,0.00000000e+00,1.35846943e-03,7.72559649e-06,0.00000000e+00,0.00000000e+00,4.90977999e+00,1.04366367e-02
2.04050451e+01,2.01550451e+01,1.12951054e-03,5.36040519e-06,0.00000000e+00,0.00000000e+00,2.68384031e-04,4.46160867e-06,1.11209566e-03,1.08280401e-05,2.17255965e+00,6.13042373e-03,1.92019162e+04,9.06581848e+01,0.00000000e+00,0.00000000e+00,1.36373332e-03,7.03217257e-06,0.00000000e+00,0.00000000e+00,0.00000000e+00,0.00000000e+00
2.05050701e+01,2.02550701e+01,1.12563502e-03,5.27019123e-06,0.00000000e+00,0.00000000e+00,2.71249711e-04,5.04616639e-06,1.10377344e-03,1.07316740e-05,2.17228172e+00,6.28160704e-03,1.91165398e+04,8.42930072e+01,0.00000000e+00,0.00000000e+00,1.36307723e-03,7.66039278e-06,0.00000000e+00,0.00000000e+00,4.93333999e+00,1.04810112e-02
2.06050951e+01,2.03550951e+01,1.12583688e-03,5.07708389e-06,0.00000000e+00,0.00000000e+00,2.69785633e-04,4.90622485e-06,1.09265090e-03,1.08843955e-05,2.17233196e+00,5.94819183e-03,1.90605252e+04,8.50477774e+01,0.00000000e+00,0.00000000e+00,1.36209685e-03,7.77020083e-06,0.00000000e+00,0.00000000e+00,0.00000000e+00,0.00000000e+00
2.07051202e+01,2.04551202e+01,1.13204883e-03,5.57394512e-06,0.00000000e+00,0.00000000e+00,2.64590932e-04,4.09012510e-06,1.08029105e-03,1.03483574e-05,2.18039767e+00,6.05294408e-03,1.89965299e+04,9.27281539e+01,0.00000000e+00,0.00000000e+00,1.36337605e-03,7.37759665e-06,0.00000000e+00,0.00000000e+00,4.95777999e+00,1.05320651e-02
2.08051452e+01,2.05551452e+01,1.13478409e-03,5.58731237e-06,0.00000000e+00,0.00000000e+00,2.73470297e-04,7.97303601e-06,1.06815815e-03,1.01293254e-05,2.18110323e+00,6.40683860e-03,1.89937123e+04,1.02483831e+02,0.00000000e+00,0.00000000e+00,1.37549530e-03,1.06072330e-05,0.00000000e+00,0.00000000e+00,0.00000000e+00,0.00000000e+00
2.09051703e+01,2.06551703e+01,1.13316202e-03,5.22359124e-06,0.00000000e+00,0.00000000e+00,2.75080686e-04,5.06294325e-06,1.05799615e-03,1.01004835e-05,2.18218619e+00,5.81432603e-03,1.88644935e+04,8.49218612e+01,0.00000000e+00,0.00000000e+00,1.37584675e-03,8.22018516e-06,0.00000000e+00,0.00000000e+00,4.98008999e+00,1.08588397e-02
2.10051953e+01,2.07551953e+01,1.13775228e-03,4.97162753e-06,0.00000000e+00,0.00000000e+00,2.78207850e-04,6.40036026e-06,1.05099361e-03,1.06914264e-05,2.18997820e+00,5.63794914e-03,1.88486409e+04,9.20505002e+01,0.00000000e+00,0.00000000e+00,1.38386174e-03,9.46184546e-06,0.00000000e+00,0.00000000e+00,0.00000000e+00,0.00000000e+00
2.11052203e+01,2.08552203e+01,1.14099655e-03,5.23555695e-06,0.00000000e+00,0.00000000e+00,2.74814217e-04,5.08044405e-06,1.04611405e-03,1.05190091e-05,2.19255422e+00,5.85416658e-03,1.88080056e+04,8.63833869e+01,0.00000000e+00,0.00000000e+00,1.38371283e-03,8.10839554e-06,0.00000000e+00,0.00000000e+00,5.00191999e+00,1.09446255e-02
2.12052454e+01,2.09552454e+01,1.14331891e-03,5.03588279e-06,0.00000000e+00,0.00000000e+00,2.72746154e-04,4.81070283e-06,1.04678996e-03,1.13774134e-05,2.19396152e+00,5.71496245e-03,1.87579406e+04,8.35742766e+01,0.00000000e+00,0.00000000e+00,1.38397125e-03,7.55325076e-06,0.00000000e+00,0.00000000e+00,0.00000000e+00,0.00000000e+00
2.13052704e+01,2.10552704e+01,1.14899795e-03,5.34113796e-06,0.00000000e+00,0.00000000e+00,2.76392487e-04,5.42385460e-06,1.03565176e-03,1.14928049e-05,2.19846477e+00,5.72678588e-03,1.88074098e+04,9.03685526e+01,0.00000000e+00,0.00000000e+00,1.39348339e-03,8.31648759e-06,0.00000000e+00,0.00000000e+00,5.02373999e+00,1.07075055e-02
2.14052954e+01,2.11552954e+01,1.14949861e-03,5.23604647e-06,0.00000000e+00,0.00000000e+00,2.70687270e-04,3.37621155e-06,1.01943281e-03,1.09369521e-05,2.19914113e+00,5.42093309e-03,1.86994618e+04,7.88646989e+01,0.00000000e+00,0.00000000e+00,1.38864416e-03,6.74736355e-06,0.00000000e+00,0.00000000e+00,0.00000000e+00,0.00000000e+00
2.15053205e+01,2.12553205e+01,1.15354595e-03,5.35175079e-06,0.00000000e+00,0.00000000e+00,2.67241954e-04,3.55085649e-06,1.00475668e-03,1.05902124e-05,2.20301009e+00,5.45654832e-03,1.86010041e+04,7.82693888e+01,0.00000000e+00,0.00000000e+00,1.38956939e-03,7.08829644e-06,0.00000000e+00,0.00000000e+00,5.04624999e+00,1.09811092e-02
2.16053455e+01,2.13553455e+01,1.15698251e-03,5.21429661e-06,0.00000000e+00,0.00000000e+00,2.69019084e-04,3.21127193e-06,9.91988111e-04,1.01113508e-05,2.20740214e+00,5.49800117e-03,1.85278186e+04,7.37924076e+01,0.00000000e+00,0.00000000e+00,1.39521324e-03,6.65663821e-06,0.00000000e+00,0.00000000e+00,0.00000000e+00,0.00000000e+00
2.17053706e+01,2.14553706e+01,1.15773096e-03,5.33560259e-06,0.00000000e+00,0.00000000e+00,2.70404514e-04,3.32204151e-06,9.97085352e-04,1.18483361e-05,2.20908207e+00,5.64425010e-03,1.85240926e+04,8.39663618e+01,0.00000000e+00,0.00000000e+00,1.39739047e-03,6.68314521e-06,0.00000000e+00,0.00000000e+00,5.06881999e+00,1.10022639e-02
2.18053956e+01,2.15553956e+01,1.16354623e-03,5.47617627e-06,0.00000000e+00,0.00000000e+00,2.79782008e-04,5.69479676e-06,9.89476282e-04,1.15943523e-05,2.21661956e+00,5.60240557e-03,1.85500878e+04,8.70038270e+01,0.00000000e+00,0.00000000e+00,1.41274752e-03,7.65339468e-06,0.00000000e+00,0.00000000e+00,0.00000000e+00,0.00000000e+00
2.19054206e+01,2.16554206e+01,1.16353744e-03,5.48438983e-06,0.00000000e+00,0.00000000e+00,2.78019002e-04,4.32338362e-06,9.79928359e-04,1.18216338e-05,2.21866900e+00,5.96080428e-03,1.84979760e+04,7.83627345e+01,0.00000000e+00,0.00000000e+00,1.41129301e-03,6.97744991e-06,0.00000000e+00,0.00000000e+00,5.08736999e+00,1.11660546e-02
2.20054457e+01,2.17554457e+01,1.16713387e-03,5.68540396e-06,0.00000000e+00,0.00000000e+00,2.80827487e-04,4.70376832e-06,9.67715658e-04,1.20595645e-05,2.22390494e+00,6.14281716e-03,1.84116673e+04,8.07788861e+01,0.00000000e+00,0.00000000e+00,1.41806078e-03,7.54650125e-06,0.00000000e+00,0.00000000e+00,0.00000000e+00,0.00000000e+00
2.21054707e+01,2.18554707e+01,1.16914926e-03,5.77535826e-06,0.00000000e+00,0.00000000e+00,2.81847490e-04,4.84758710e-06,9.57673244e-04,1.13096755e-05,2.22556514e+00,6.02456268e-03,1.83737370e+04,7.75981795e+01,0.00000000e+00,0.00000000e+00,1.42145154e-03,8.40870829e-06,0.00000000e+00,0.00000000e+00,5.11011999e+00,1.10040440e-02
2.22054957e+01,2.19554957e+01,1.17229899e-03,5.49313921e-06,0.00000000e+00,0.00000000e+00,2.75080877e-04,4.29048603e-06,9.53178357e-04,1.11972830e-05,2.22824882e+00,6.38688023e-03,1.83013002e+04,8.29849755e+01,0.00000000e+00,0.00000000e+00,1.41784691e-03,7.99198832e-06,0.00000000e+00,0.00000000e+00,0.00000000e+00,0.00000000e+00
2.23055208e+01,2.20555208e+01,1.17402948e-03,5.55307609e-06,0.00000000e+00,0.00000000e+00,2.83471285e-04,5.45933249e-06,9.43594183e-04,1.13036274e-05,2.23103517e+00,6.47864044e-03,1.82532181e+04,8.01959935e+01,0.00000000e+00,0.00000000e+00,1.42834134e-03,8.88397505e-06,0.00000000e+00,0.00000000e+00,5.13058999e+00,1.11452150e-02
2.24055458e+01,2.21555458e+01,1.17694574e-03,5.31070346e-06,0.00000000e+00,0.00000000e+00,2.78456189e-04,4.87639807e-06,9.40003024e-04,1.18891416e-05,2.23407833e+00,5.97450883e-03,1.82391135e+04,8.63526742e+01,0.00000000e+00,0.00000000e+00,1.42620940e-03,8.10956310e-06,0.00000000e+00,0.00000000e+00,0.00000000e+00,0.00000000e+00
2.25055709e+01,2.22555709e+01,1.17913081e-03,5.62460039e-06,0.00000000e+00,0.00000000e+00,2.77053179e-04,4.37039730e-06,9.31435943e-04,1.12069133e-05,2.23865682e+00,6.06686469e-03,1.81701767e+04,8.27604445e+01,0.00000000e+00,0.00000000e+00,1.42734313e-03,7.48526958e-06,0.00000000e+00,0.00000000e+00,5.15304999e+00,1.11627500e-02
2.26055959e+01,2.23555959e+01,1.18284124e-03,6.01477093e-06,0.00000000e+00,0.00000000e+00,2.81295559e-04,4.45313425e-06,9.19826019e-04,1.06319223e-05,2.24222594e+00,6.16432590e-03,1.81191053e+04,8.51518336e+01,0.00000000e+00,0.00000000e+00,1.43564468e-03,7.98356443e-06,0.00000000e+00,0.00000000e+00,0.00000000e+00,0.00000000e+00
2.27056209e+01,2.24556209e+01,1.18628163e-03,5.97527220e-06,0.00000000e+00,0.00000000e+00,2.77923534e-04,4.21242412e-06,9.18675420e-04,1.06035682e-05,2.24323320e+00,5.91503419e-03,1.80726254e+04,7.64175744e+01,0.00000000e+00,0.00000000e+00,1.43579053e-03,7.79090381e-06,0.00000000e+00,0.00000000e+00,5.17437999e+00,1.12418227e-02
2.28056460e+01,2.25556460e+01,1.18899051e-03,5.97829659e-06,0.00000000e+00,0.00000000e+00,2.76281476e-04,3.91949056e-06,9.09713726e-04,1.07466519e-05,2.24832507e+00,6.02072892e-03,1.80427084e+04,8.94295234e+01,0.00000000e+00,0.00000000e+00,1.43700746e-03,7.62989459e-06,0.00000000e+00,0.00000000e+00,0.00000000e+00,0.00000000e+00
2.29056710e+01,2.26556710e+01,1.18923007e-03,5.68107820e-06,0.00000000e+00,0.00000000e+00,2.77160285e-04,3.64478793e-06,8.95123844e-04,9.92010660e-06,2.24866495e+00,6.02982092e-03,1.79623580e+04,7.13942290e+01,0.00000000e+00,0.00000000e+00,1.43866087e-03,7.41252112e-06,0.00000000e+00,0.00000000e+00,5.19734999e+00,1.12115882e-02
2.30056960e+01,2.27556960e+01,1.19221364e-03,5.45359412e-06,0.00000000e+00,0.00000000e+00,2.79889069e-04,3.93261376e-06,8.86131112e-04,1.01795195e-05,2.24967831e+00,5.96361649e-03,1.79090413e+04,6.89570101e+01,0.00000000e+00,0.00000000e+00,1.44460158e-03,7.29165091e-06,0.00000000e+00,0.00000000e+00,0.00000000e+00,0.00000000e+00
2.31057211e+01,2.28557211e+01,1.19772929e-03,5.69939917e-06,0.00000000e+00,0.00000000e+00,2.77098808e-04,3.63631934e-06,8.81475297e-04,9.69011603e-06,2.25744436e+00,5.78684989e-03,1.78531921e+04,7.02006547e+01,0.00000000e+00,0.00000000e+00,1.44753202e-03,7.16856995e-06,0.00000000e+00,0.00000000e+00,5.21838999e+00,1.12430909e-02
2.32057461e+01,2.29557461e+01,1.19837288e-03,5.40587661e-06,0.00000000e+00,0.00000000e+00,2.79182637e-04,4.50418498e-06,8.78971030e-04,1.12952264e-05,2.25820479e+00,5.79977013e-03,1.78356694e+04,8.11667311e+01,0.00000000e+00,0.00000000e+00,1.45031164e-03,7.65407044e-06,0.00000000e+00,0.00000000e+00,0.00000000e+00,0.00000000e+00
2.33057712e+01,2.30557712e+01,1.20570716e-03,5.58214658e-06,0.00000000e+00,0.00000000e+00,2.83859246e-04,5.11560207e-06,8.72417728e-04,1.19924829e-05,2.26457536e+00,5.82729672e-03,1.78550179e+04,8.12706944e+01,0.00000000e+00,0.00000000e+00,1.46249973e-03,7.81283386e-06,0.00000000e+00,0.00000000e+00,5.23932999e+00,1.15008940e-02
2.34057962e+01,2.31557962e+01,1.20932642e-03,5.69558717e-06,0.00000000e+00,0.00000000e+00,2.81687942e-04,4.19945166e-06,8.57991466e-04,1.06982216e-05,2.26942392e+00,5.80154640e-03,1.77661112e+04,7.41877375e+01,0.00000000e+00,0.00000000e+00,1.46434669e-03,7.29389299e-06,0.00000000e+00,0.00000000e+00,0.00000000e+00,0.00000000e+00
2.35058212e+01,2.32558212e+01,1.20886369e-03,5.60854924e-06,0.00000000e+00,0.00000000e+00,2.87766155e-04,4.88415942e-06,8.54361374e-04,1.16740716e-05,2.26926703e+00,5.68288410e-03,1.77635918e+04,7.49783781e+01,0.00000000e+00,0.00000000e+00,1.47004088e-03,7.72684669e-06,0.00000000e+00,0.00000000e+00,5.26151999e+00,1.14468706e-02
2.36058463e+01,2.33558463e+01,1.21301024e-03,5.77601849e-06,0.00000000e+00,0.00000000e+00,2.85549085e-04,4.73445921e-06,8.45068606e-04,1.04148314e-05,2.27049260e+00,5.80843336e-03,1.76891758e+04,6.68864895e+01,0.00000000e+00,0.00000000e+00,1.47225828e-03,7.27907711e-06,0.00000000e+00,0.00000000e+00,0.00000000e+00,0.00000000e+00
2.37058713e+01,2.34558713e+01,1.21076412e-03,5.75277610e-06,0.00000000e+00,0.00000000e+00,2.88345581e-04,4.67866250e-06,8.40523897e-04,1.10849970e-05,2.26927379e+00,6.10870375e-03,1.76637039e+04,6.94466933e+01,0.00000000e+00,0.00000000e+00,1.47293272e-03,8.02517626e-06,0.00000000e+00,0.00000000e+00,5.28216999e+00,1.13288158e-02
2.38058963e+01,2.35558963e+01,1.21405303e-03,5.24114753e-06,0.00000000e+00,0.00000000e+00,2.81380625e-04,3.59760523e-06,8.34284915e-04,1.17168853e-05,2.27384367e+00,5.64180126e-03,1.75970617e+04,6.65246782e+01,0.00000000e+00,0.00000000e+00,1.46942923e-03,6.89854082e-06,0.00000000e+00,0.00000000e+00,0.00000000e+00,0.00000000e+00
2.39059214e+01,2.36559214e+01,1.21622585e-03,5.40556883e-06,0.00000000e+00,0.00000000e+00,2.83553848e-04,3.76003509e-06,8.27692464e-04,1.20775709e-05,2.27839838e+00,6.00851878e-03,1.75573894e+04,6.93344935e+01,0.00000000e+00,0.00000000e+00,1.47405397e-03,6.90515478e-06,0.00000000e+00,0.00000000e+00,5.30136999e+00,1.15436617e-02
2.40059464e+01,2.37559464e+01,1.21524718e-03,5.96705497e-06,0.00000000e+00,0.00000000e+00,2.87999118e-04,5.85782582e-06,8.15705219e-04,1.11214560e-05,2.27517601e+00,6.38865585e-03,1.74970279e+04,8.46290483e+01,0.00000000e+00,0.00000000e+00,1.47787557e-03,9.14864337e-06,0.00000000e+00,0.00000000e+00,0.00000000e+00,0.00000000e+00
2.41059715e+01,2.38559715e+01,1.21824153e-03,6.34441311e-06,0.00000000e+00,0.00000000e+00,2.88746123e-04,4.17851898e-06,8.03796559e-04,9.83778664e-06,2.27628680e+00,6.06376615e-03,1.74068897e+04,7.37582559e+01,0.00000000e+00,0.00000000e+00,1.48199170e-03,8.21314078e-06,0.00000000e+00,0.00000000e+00,5.32180999e+00,1.13960374e-02
2.42059965e+01,2.39559965e+01,1.22270776e-03,6.02865112e-06,0.00000000e+00,0.00000000e+00,2.94768925e-04,5.16583986e-06,8.01695858e-04,9.85938138e-06,2.28055297e+00,5.93435648e-03,1.75326384e+04,8.78034161e+01,0.00000000e+00,0.00000000e+00,1.49219746e-03,8.55881288e-06,0.00000000e+00,0.00000000e+00,0.00000000e+00,0.00000000e+00
2.43060215e+01,2.40560215e+01,1.22765540e-03,6.00505286e-06,0.00000000e+00,0.00000000e+00,2.95529094e-04,5.80487840e-06,7.93703748e-04,9.27003932e-06,2.28258515e+00,6.05606454e-03,1.74396655e+04,7.89949002e+01,0.00000000e+00,0.00000000e+00,1.49838294e-03,9.22194451e-06,0.00000000e+00,0.00000000e+00,5.34179999e+00,1.14465924e-02
2.44060466e+01,2.41560466e+01,1.23005057e-03,5.95109657e-06,0.00000000e+00,0.00000000e+00,2.94147221e-04,4.76345856e-06,7.83387613e-04,9.54946062e-06,2.28634161e+00,6.07307553e-03,1.73688692e+04,7.66202598e+01,0.00000000e+00,0.00000000e+00,1.49974356e-03,8.45789536e-06,0.00000000e+00,0.00000000e+00,0.00000000e+00,0.00000000e+00
2.45060716e+01,2.42560716e+01,1.22797060e-03,6.03619536e-06,0.00000000e+00,0.00000000e+00,2.90322741e-04,4.25559040e-06,7.76534054e-04,8.76232831e-06,2.28706331e+00,6.37199640e-03,1.73114113e+04,7.67115600e+01,0.00000000e+00,0.00000000e+00,1.49395080e-03,8.25316979e-06,0.00000000e+00,0.00000000e+00,5.36201999e+00,1.15261333e-02
2.46060966e+01,2.43560966e+01,1.23070719e-03,5.47196577e-06,0.00000000e+00,0.00000000e+00,2.92118341e-04,4.75652293e-06,7.71346898e-04,9.14538854e-06,2.28710784e+00,5.63459317e-03,1.73324766e+04,8.15796899e+01,0.00000000e+00,0.00000000e+00,1.49844035e-03,8.08355526e-06,0.00000000e+00,0.00000000e+00,0.00000000e+00,0.00000000e+00
2.47061217e+01,2.44561217e+01,1.23416539e-03,5.84844684e-06,0.00000000e+00,0.00000000e+00,2.88433710e-04,4.08360769e-06,7.64936002e-04,9.44933892e-06,2.29553434e+00,5.36685555e-03,1.72936986e+04,7.72918432e+01,0.00000000e+00,0.00000000e+00,1.49848690e-03,8.17441569e-06,0.00000000e+00,0.00000000e+00,5.38086999e+00,1.17424709e-02
2.48061467e+01,2.45561467e+01,1.23237337e-03,5.86481582e-06,0.00000000e+00,0.00000000e+00,2.91490874e-04,4.79047652e-06,7.55503889e-04,8.67653065e-06,2.29346957e+00,5.36189628e-03,1.71834280e+04,7.46623063e+01,0.00000000e+00,0.00000000e+00,1.50025187e-03,8.58882478e-06,0.00000000e+00,0.00000000e+00,0.00000000e+00,0.00000000e+00
2.49061718e+01,2.46561718e+01,1.23645137e-03,5.84584007e-06,0.00000000e+00,0.00000000e+00,2.98213921e-04,5.39882846e-06,7.47220674e-04,9.86923568e-06,2.29507886e+00,5.38405647e-03,1.72238149e+04,8.20215023e+01,0.00000000e+00,0.00000000e+00,1.51111522e-03,8.69781023e-06,0.00000000e+00,0.00000000e+00,5.40181999e+00,1.15642388e-02
2.50061968e+01,2.47561968e+01,1.24068669e-03,5.73496605e-06,0.00000000e+00,0.00000000e+00,2.95204396e-04,4.17667294e-06,7.40842220e-04,9.62206892e-06,2.29955615e+00,5.53164271e-03,1.71364832e+04,7.61423421e+01,0.00000000e+00,0.00000000e+00,1.51250785e-03,7.88621270e-06,0.00000000e+00,0.00000000e+00,0.00000000e+00,0.00000000e+00
2.51062218e+01,2.48562218e+01,1.24033180e-03,5.56135825e-06,0.00000000e+00,0.00000000e+00,2.92612938e-04,4.09165561e-06,7.29761923e-04,8.62585937e-06,2.30138827e+00,5.47417168e-03,1.70800568e+04,6.98626374e+01,0.00000000e+00,0.00000000e+00,1.50979963e-03,7.11359624e-06,0.00000000e+00,0.00000000e+00,5.42174999e+00,1.14979797e-02
2.52062469e+01,2.49562469e+01,1.24402601e-03,5.20228897e-06,0.00000000e+00,0.00000000e+00,2.95626153e-04,4.86801656e-06,7.26272535e-04,9.65305006e-06,2.30652202e+00,5.41827706e-03,1.70626886e+04,7.17184391e+01,0.00000000e+00,0.00000000e+00,1.51660049e-03,7.70200838e-06,0.00000000e+00,0.00000000e+00,0.00000000e+00,0.00000000e+00
2.53062719e+01,2.50562719e+01,1.24223001e-03,6.19570444e-06,0.00000000e+00,0.00000000e+00,2.91029217e-04,4.21008463e-06,7.19348701e-04,9.12649586e-06,2.30221491e+00,5.72936504e-03,1.69679507e+04,7.07458025e+01,0.00000000e+00,0.00000000e+00,1.51046792e-03,7.92656624e-06,0.00000000e+00,0.00000000e+00,5.43967999e+00,1.15139968e-02
2.54062969e+01,2.51562969e+01,1.24538066e-03,5.84146127e-06,0.00000000e+00,0.00000000e+00,2.90646170e-04,3.85616285e-06,7.12442501e-04,8.93055613e-06,2.30576678e+00,5.55925684e-03,1.69622492e+04,6.67153531e+01,0.00000000e+00,0.00000000e+00,1.51340183e-03,7.27050645e-06,0.00000000e+00,0.00000000e+00,0.00000000e+00,0.00000000e+00
2.55063220e+01,2.52563220e+01,1.24583925e-03,5.88602421e-06,0.00000000e+00,0.00000000e+00,2.90689769e-04,4.53333368e-06,7.02102916e-04,8.68121046e-06,2.30850229e+00,5.30007742e-03,1.68791020e+04,6.88157828e+01,0.00000000e+00,0.00000000e+00,1.51432874e-03,7.70391190e-06,0.00000000e+00,0.00000000e+00,5.45909999e+00,1.14914163e-02
2.56063470e+01,2.53563470e+01,1.24872110e-03,5.65425671e-06,0.00000000e+00,0.00000000e+00,2.92194692e-04,4.52683727e-06,6.92924704e-04,8.68233892e-06,2.31238490e+00,5.56967399e-03,1.68334740e+04,6.72234829e+01,0.00000000e+00,0.00000000e+00,1.51898383e-03,7.43453849e-06,0.00000000e+00,0.00000000e+00,0.00000000e+00,0.00000000e+00
2.57063721e+01,2.54563721e+01,1.25023766e-03,5.45543873e-06,0.00000000e+00,0.00000000e+00,2.86937049e-04,3.41254161e-06,6.92312544e-04,9.50973464e-06,2.31556075e+00,5.55276990e-03,1.67563755e+04,6.71784318e+01,0.00000000e+00,0.00000000e+00,1.51540698e-03,6.91815262e-06,0.00000000e+00,0.00000000e+00,5.47427999e+00,1.16480389e-02
2.58063971e+01,2.55563971e+01,1.25366354e-03,5.72772855e-06,0.00000000e+00,0.00000000e+00,2.98781296e-04,7.36890867e-06,6.88506322e-04,9.45930691e-06,2.31759326e+00,5.12500032e-03,1.67994346e+04,7.98785490e+01,0.00000000e+00,0.00000000e+00,1.53079240e-03,1.01849654e-05,0.00000000e+00,0.00000000e+00,0.00000000e+00,0.00000000e+00
2.59064221e+01,2.56564221e+01,1.25796673e-03,5.92695912e-06,0.00000000e+00,0.00000000e+00,2.93770774e-04,3.82313139e-06,6.87652627e-04,9.79699090e-06,2.32110034e+00,5.71935616e-03,1.67626304e+04,7.14138533e+01,0.00000000e+00,0.00000000e+00,1.53007658e-03,7.30445080e-06,0.00000000e+00,0.00000000e+00,5.49176999e+00,1.16680776e-02
2.60064472e+01,2.57564472e+01,1.26203448e-03,6.20482587e-06,0.00000000e+00,0.00000000e+00,3.01885061e-04,4.92872884e-06,6.80615858e-04,9.27314025e-06,2.32469229e+00,5.78838000e-03,1.67848860e+04,7.52370583e+01,0.00000000e+00,0.00000000e+00,1.54244438e-03,7.96938809e-06,0.00000000e+00,0.00000000e+00,0.00000000e+00,0.00000000e+00
2.61064722e+01,2.58564722e+01,1.26641506e-03,6.51484644e-06,0.00000000e+00,0.00000000e+00,3.05593239e-04,5.34920262e-06,6.71544182e-04,8.86352032e-06,2.32755768e+00,6.06734245e-03,1.67754095e+04,7.08794612e+01,0.00000000e+00,0.00000000e+00,1.55085668e-03,8.93145698e-06,0.00000000e+00,0.00000000e+00,5.50998999e+00,1.15638117e-02
2.62064972e+01,2.59564972e+01,1.26712587e-03,6.34278847e-06,0.00000000e+00,0.00000000e+00,3.07597592e-04,5.45584421e-06,6.66605632e-04,9.11727521e-06,2.32977985e+00,5.99029230e-03,1.67540017e+04,7.61824304e+01,0.00000000e+00,0.00000000e+00,1.55372478e-03,8.89995993e-06,0.00000000e+00,0.00000000e+00,0.00000000e+00,0.00000000e+00
2.63065223e+01,2.60565223e+01,1.27025361e-03,6.48001015e-06,0.00000000e+00,0.00000000e+00,2.98343239e-04,4.22749587e-06,6.63025765e-04,9.75034869e-06,2.32963766e+00,6.16110884e-03,1.66497450e+04,8.18280081e+01,0.00000000e+00,0.00000000e+00,1.54768553e-03,8.02181595e-06,0.00000000e+00,0.00000000e+00,5.52904999e+00,1.17045143e-02
2.64065473e+01,2.61565473e+01,1.27090420e-03,6.46558132e-06,0.00000000e+00,0.00000000e+00,3.01351797e-04,4.51607633e-06,6.56444309e-04,9.58136486e-06,2.33270718e+00,6.17656030e-03,1.66231946e+04,7.66318993e+01,0.00000000e+00,0.00000000e+00,1.55157531e-03,7.76793654e-06,0.00000000e+00,0.00000000e+00,0.00000000e+00,0.00000000e+00
2.65065724e+01,2.62565724e+01,1.27958529e-03,6.16553768e-06,0.00000000e+00,0.00000000e+00,3.06765264e-04,4.57448161e-06,6.50322582e-04,9.51548358e-06,2.33800689e+00,5.71845179e-03,1.66462618e+04,7.11250048e+01,0.00000000e+00,0.00000000e+00,1.56588517e-03,7.83206723e-06,0.00000000e+00,0.00000000e+00,5.54626999e+00,1.18135600e-02
2.66065974e+01,2.63565974e+01,1.28160249e-03,6.15519175e-06,0.00000000e+00,0.00000000e+00,3.04583424e-04,3.96303423e-06,6.40311269e-04,8.72291369e-06,2.34048067e+00,5.85257232e-03,1.66107375e+04,7.18502648e+01,0.00000000e+00,0.00000000e+00,1.56593617e-03,7.27196035e-06,0.00000000e+00,0.00000000e+00,0.00000000e+00,0.00000000e+00
2.67066224e+01,2.64566224e+01,1.28169336e-03,5.83750735e-06,0.00000000e+00,0.00000000e+00,3.02996108e-04,4.76049849e-06,6.30986476e-04,8.04256839e-06,2.34108417e+00,5.86445158e-03,1.65654057e+04,7.72762357e+01,0.00000000e+00,0.00000000e+00,1.56473961e-03,8.13978497e-06,0.00000000e+00,0.00000000e+00,5.56161999e+00,1.17423768e-02
2.68066475e+01,2.65566475e+01,1.28398740e-03,6.18166289e-06,0.00000000e+00,0.00000000e+00,3.13811444e-04,9.57631242e-06,6.26964437e-04,1.04994156e-05,2.34351835e+00,5.94820520e-03,1.65852675e+04,9.63917172e+01,0.00000000e+00,0.00000000e+00,1.57810676e-03,1.16054729e-05,0.00000000e+00,0.00000000e+00,0.00000000e+00,0.00000000e+00
2.69066725e+01,2.66566725e+01,1.28594679e-03,6.43407367e-06,0.00000000e+00,0.00000000e+00,3.07387297e-04,6.76155636e-06,6.17346417e-04,8.58188527e-06,2.34520761e+00,5.86237245e-03,1.64522372e+04,8.13220430e+01,0.00000000e+00,0.00000000e+00,1.57400360e-03,1.05289015e-05,0.00000000e+00,0.00000000e+00,5.57810999e+00,1.18921332e-02
2.70066975e+01,2.67566975e+01,1.28930290e-03,6.16835543e-06,0.00000000e+00,0.00000000e+00,3.04875863e-04,5.90145274e-06,6.08823626e-04,7.99730022e-06,2.34650726e+00,5.70349061e-03,1.63636862e+04,6.36550246e+01,0.00000000e+00,0.00000000e+00,1.57513710e-03,9.53288814e-06,0.00000000e+00,0.00000000e+00,0.00000000e+00,0.00000000e+00
2.71067226e+01,2.68567226e+01,1.28801852e-03,6.14920529e-06,0.00000000e+00,0.00000000e+00,2.97440367e-04,4.15945690e-06,6.03585058e-04,8.13860560e-06,2.34607121e+00,5.98602818e-03,1.62582182e+04,6.23506033e+01,0.00000000e+00,0.00000000e+00,1.56656927e-03,7.80004630e-06,0.00000000e+00,0.00000000e+00,5.59554999e+00,1.22504957e-02
2.72067476e+01,2.69567476e+01,1.29077444e-03,6.09394587e-06,0.00000000e+00,0.00000000e+00,2.93068566e-04,3.79500645e-06,6.00149767e-04,7.96580049e-06,2.34852358e+00,5.35263699e-03,1.62376371e+04,6.86672726e+01,0.00000000e+00,0.00000000e+00,1.56490651e-03,7.40546915e-06,0.00000000e+00,0.00000000e+00,0.00000000e+00,0.00000000e+00
2.73067727e+01,2.70567727e+01,1.29313589e-03,6.21159641e-06,0.00000000e+00,0.00000000e+00,2.92191500e-04,3.69668346e-06,6.00680847e-04,9.03678684e-06,2.35197528e+00,5.50442277e-03,1.62046710e+04,7.68425792e+01,0.00000000e+00,0.00000000e+00,1.56647516e-03,7.85374784e-06,0.00000000e+00,0.00000000e+00,5.61261999e+00,1.22365069e-02
2.74067977e+01,2.71567977e+01,1.29560185e-03,6.61614550e-06,0.00000000e+00,0.00000000e+00,2.93028192e-04,4.22179668e-06,5.97434796e-04,8.64901873e-06,2.35460107e+00,5.65680502e-03,1.61886834e+04,7.08425164e+01,0.00000000e+00,0.00000000e+00,1.56990517e-03,8.36160084e-06,0.00000000e+00,0.00000000e+00,0.00000000e+00,0.00000000e+00
2.75068227e+01,2.72568227e+01,1.30115611e-03,6.50205285e-06,0.00000000e+00,0.00000000e+00,2.99212841e-04,4.67899877e-06,5.97717705e-04,8.91943366e-06,2.35792407e+00,5.98104575e-03,1.62157501e+04,7.04921213e+01,0.00000000e+00,0.00000000e+00,1.58167110e-03,8.69547201e-06,0.00000000e+00,0.00000000e+00,5.63051999e+00,1.22267268e-02
2.76068478e+01,2.73568478e+01,1.29787057e-03,6.28079849e-06,0.00000000e+00,0.00000000e+00,2.98377900e-04,3.81507305e-06,5.84335619e-04,8.13769922e-06,2.35520275e+00,5.81496782e-03,1.60999449e+04,6.46318948e+01,0.00000000e+00,0.00000000e+00,1.57796979e-03,7.80516041e-06,0.00000000e+00,0.00000000e+00,0.00000000e+00,0.00000000e+00
2.77068728e+01,2.74568728e+01,1.30025103e-03,6.48651994e-06,0.00000000e+00,0.00000000e+00,3.02532349e-04,4.34326857e-06,5.83322805e-04,9.45828209e-06,2.35981052e+00,6.00067239e-03,1.61356323e+04,7.18304355e+01,0.00000000e+00,0.00000000e+00,1.58452098e-03,8.13414770e-06,0.00000000e+00,0.00000000e+00,5.65108999e+00,1.23631924e-02
2.78068978e+01,2.75568978e+01,1.30028389e-03,6.58351278e-06,0.00000000e+00,0.00000000e+00,3.11532029e-04,6.82977573e-06,5.77111518e-04,8.29015862e-06,2.35999240e+00,6.23864970e-03,1.61475215e+04,8.19440960e+01,0.00000000e+00,0.00000000e+00,1.59373042e-03,1.06266114e-05,0.00000000e+00,0.00000000e+00,0.00000000e+00,0.00000000e+00
2.79069229e+01,2.76569229e+01,1.30583540e-03,6.66948481e-06,0.00000000e+00,0.00000000e+00,3.06256346e-04,4.55476076e-06,5.69819219e-04,7.75180163e-06,2.35964199e+00,6.25176694e-03,1.61224548e+04,7.22918057e+01,0.00000000e+00,0.00000000e+00,1.59418583e-03,8.52463206e-06,0.00000000e+00,0.00000000e+00,5.66718999e+00,1.25410904e-02
2.80069479e+01,2.77569479e+01,1.30733021e-03,6.76503836e-06,0.00000000e+00,0.00000000e+00,3.05186091e-04,4.44427801e-06,5.75339813e-04,1.06944742e-05,2.35965184e+00,6.12504456e-03,1.61078164e+04,7.48952898e+01,0.00000000e+00,0.00000000e+00,1.59446794e-03,8.67204497e-06,0.00000000e+00,0.00000000e+00,0.00000000e+00,0.00000000e+00
2.81069730e+01,2.78569730e+01,1.30920158e-03,7.14529631e-06,0.00000000e+00,0.00000000e+00,3.01345108e-04,4.53916743e-06,5.63821221e-04,7.88091183e-06,2.35800265e+00,6.27937525e-03,1.60065045e+04,7.12534360e+01,0.00000000e+00,0.00000000e+00,1.59280327e-03,9.10042745e-06,0.00000000e+00,0.00000000e+00,5.68451999e+00,1.25590530e-02
2.82069980e+01,2.79569980e+01,1.31071062e-03,6.56789292e-06,0.00000000e+00,0.00000000e+00,3.06602664e-04,4.12419498e-06,5.58036575e-04,7.73669923e-06,2.36395811e+00,5.97573663e-03,1.60327591e+04,7.15469643e+01,0.00000000e+00,0.00000000e+00,1.59964359e-03,8.38069815e-06,0.00000000e+00,0.00000000e+00,0.00000000e+00,0.00000000e+00
2.83070230e+01,2.80570230e+01,1.31291248e-03,6.46500302e-06,0.00000000e+00,0.00000000e+00,3.01941623e-04,4.02090976e-06,5.55643924e-04,8.40858337e-06,2.36565834e+00,6.34080061e-03,1.59980467e+04,7.58451637e+01,0.00000000e+00,0.00000000e+00,1.59711996e-03,8.27297485e-06,0.00000000e+00,0.00000000e+00,5.70252999e+00,1.24263125e-02
2.84070481e+01,2.81570481e+01,1.31312957e-03,6.55965284e-06,0.00000000e+00,0.00000000e+00,3.08080528e-04,4.34770249e-06,5.50694396e-04,8.50836356e-06,2.36648070e+00,6.46175685e-03,1.59766507e+04,7.77536657e+01,0.00000000e+00,0.00000000e+00,1.60367286e-03,8.26785225e-06,0.00000000e+00,0.00000000e+00,0.00000000e+00,0.00000000e+00
2.85070731e+01,2.82570731e+01,1.31611695e-03,6.54859355e-06,0.00000000e+00,0.00000000e+00,3.11559066e-04,4.40351404e-06,5.50047388e-04,8.90445553e-06,2.36713089e+00,6.49361179e-03,1.59650526e+04,7.27292803e+01,0.00000000e+00,0.00000000e+00,1.61021060e-03,8.73496283e-06,0.00000000e+00,0.00000000e+00,5.71751999e+00,1.23593958e-02
2.86070981e+01,2.83570981e+01,1.31591749e-03,6.58132990e-06,0.00000000e+00,0.00000000e+00,3.08412965e-04,4.22043346e-06,5.44976155e-04,7.57247103e-06,2.36381740e+00,6.58456552e-03,1.58569066e+04,6.55758376e+01,0.00000000e+00,0.00000000e+00,1.60710914e-03,8.57915427e-06,0.00000000e+00,0.00000000e+00,0.00000000e+00,0.00000000e+00
2.87071232e+01,2.84571232e+01,1.31976783e-03,6.73743574e-06,0.00000000e+00,0.00000000e+00,3.09700170e-04,5.45064674e-06,5.42727864e-04,8.04084525e-06,2.36444700e+00,6.67137177e-03,1.58416984e+04,7.36580423e+01,0.00000000e+00,0.00000000e+00,1.61230528e-03,9.70455674e-06,0.00000000e+00,0.00000000e+00,5.73443999e+00,1.21972461e-02
2.88071482e+01,2.85571482e+01,1.32269496e-03,6.61758690e-06,0.00000000e+00,0.00000000e+00,3.06508176e-04,4.03441692e-06,5.31978358e-04,7.46624624e-06,2.37056365e+00,6.61263911e-03,1.58360254e+04,6.75577041e+01,0.00000000e+00,0.00000000e+00,1.61221717e-03,8.47209078e-06,0.00000000e+00,0.00000000e+00,0.00000000e+00,0.00000000e+00
2.89071733e+01,2.86571733e+01,1.32865979e-03,6.91086276e-06,0.00000000e+00,0.00000000e+00,3.03309687e-04,4.14188888e-06,5.29608081e-04,7.86305700e-06,2.37336246e+00,6.39704846e-03,1.58282274e+04,7.28938614e+01,0.00000000e+00,0.00000000e+00,1.61499080e-03,8.95136104e-06,0.00000000e+00,0.00000000e+00,5.74979999e+00,1.25119507e-02
2.90071983e+01,2.87571983e+01,1.33201460e-03,6.88360166e-06,0.00000000e+00,0.00000000e+00,3.06352378e-04,4.13417803e-06,5.23142046e-04,8.00654032e-06,2.37621917e+00,6.69681132e-03,1.58192417e+04,7.21554355e+01,0.00000000e+00,0.00000000e+00,1.62154409e-03,8.79749452e-06,0.00000000e+00,0.00000000e+00,0.00000000e+00,0.00000000e+00
2.91072233e+01,2.88572233e+01,1.33129531e-03,6.53256568e-06,0.00000000e+00,0.00000000e+00,3.08477949e-04,5.09250446e-06,5.20919633e-04,9.35206267e-06,2.37406922e+00,6.35997064e-03,1.57858788e+04,7.71013936e+01,0.00000000e+00,0.00000000e+00,1.62309921e-03,9.27513506e-06,0.00000000e+00,0.00000000e+00,5.76721999e+00,1.25820594e-02
2.92072484e+01,2.89572484e+01,1.33215602e-03,6.37318818e-06,0.00000000e+00,0.00000000e+00,3.05266856e-04,4.14992798e-06,5.10303115e-04,7.82057137e-06,2.37156990e+00,6.55302326e-03,1.56977378e+04,7.23160864e+01,0.00000000e+00,0.00000000e+00,1.62112879e-03,8.61644802e-06,0.00000000e+00,0.00000000e+00,0.00000000e+00,0.00000000e+00
2.93072734e+01,2.90572734e+01,1.33309617e-03,6.25673663e-06,0.00000000e+00,0.00000000e+00,3.05687229e-04,4.07714969e-06,5.06051340e-04,8.40371424e-06,2.37012183e+00,6.33829068e-03,1.56658012e+04,7.74573304e+01,0.00000000e+00,0.00000000e+00,1.62247449e-03,8.34241799e-06,0.00000000e+00,0.00000000e+00,5.78515999e+00,1.26811547e-02
2.94072984e+01,2.91572984e+01,1.33444973e-03,6.70987549e-06,0.00000000e+00,0.00000000e+00,3.05273805e-04,4.26767257e-06,5.10500432e-04,1.01735017e-05,2.37290413e+00,6.45893895e-03,1.56657351e+04,7.80550773e+01,0.00000000e+00,0.00000000e+00,1.62325410e-03,8.63546856e-06,0.00000000e+00,0.00000000e+00,0.00000000e+00,0.00000000e+00
2.95073235e+01,2.92573235e+01,1.34119472e-03,7.55290794e-06,0.00000000e+00,0.00000000e+00,3.08991345e-04,4.36141816e-06,5.00058517e-04,8.28475832e-06,2.37959462e+00,6.97020248e-03,1.56778416e+04,8.29781289e+01,0.00000000e+00,0.00000000e+00,1.63403720e-03,9.01076460e-06,0.00000000e+00,0.00000000e+00,5.80200999e+00,1.23492739e-02
2.96073485e+01,2.93573485e+01,1.34195989e-03,7.14848978e-06,0.00000000e+00,0.00000000e+00,3.13263309e-04,4.59691397e-06,4.95498905e-04,8.24978895e-06,2.37636214e+00,6.71587911e-03,1.56136382e+04,7.92556845e+01,0.00000000e+00,0.00000000e+00,1.63940102e-03,9.20720405e-06,0.00000000e+00,0.00000000e+00,0.00000000e+00,0.00000000e+00
2.97073736e+01,2.94573736e+01,1.34103786e-03,6.59939980e-06,0.00000000e+00,0.00000000e+00,3.16534599e-04,4.62880132e-06,4.90383639e-04,8.06881251e-06,2.37814610e+00,6.34646512e-03,1.55946768e+04,7.74808950e+01,0.00000000e+00,0.00000000e+00,1.64194797e-03,8.67738708e-06,0.00000000e+00,0.00000000e+00,5.81799999e+00,1.23417917e-02
2.98073986e+01,2.95573986e+01,1.34391096e-03,6.77472874e-06,0.00000000e+00,0.00000000e+00,3.14011896e-04,6.75354252e-06,4.81495670e-04,7.04202752e-06,2.37792453e+00,6.47426549e-03,1.55046432e+04,8.49079941e+01,0.00000000e+00,0.00000000e+00,1.64257303e-03,1.06987698e-05,0.00000000e+00,0.00000000e+00,0.00000000e+00,0.00000000e+00
2.99074236e+01,2.96574236e+01,1.35134504e-03,7.07285464e-06,0.00000000e+00,0.00000000e+00,3.11245013e-04,5.43011648e-06,4.81915563e-04,8.13293673e-06,2.38816863e+00,6.40900268e-03,1.55635885e+04,7.73718042e+01,0.00000000e+00,0.00000000e+00,1.64712390e-03,9.49896873e-06,0.00000000e+00,0.00000000e+00,5.83384999e+00,1.24136737e-02
3.00074487e+01,2.97574487e+01,1.35190361e-03,6.44735648e-06,0.00000000e+00,0.00000000e+00,3.10470135e-04,5.70627507e-06,4.71435461e-04,6.98365050e-06,2.38609641e+00,6.22532856e-03,1.54999616e+04,7.81477945e+01,0.00000000e+00,0.00000000e+00,1.64715399e-03,9.36040493e-06,0.00000000e+00,0.00000000e+00,0.00000000e+00,0.00000000e+00
3.01074737e+01,2.98574737e+01,1.34728374e-03,6.24261955e-06,0.00000000e+00,0.00000000e+00,3.06713679e-04,4.12015116e-06,4.65051220e-04,7.90108690e-06,2.38553859e+00,6.32361265e-03,1.53785392e+04,7.01041317e+01,0.00000000e+00,0.00000000e+00,1.63901860e-03,8.10463171e-06,0.00000000e+00,0.00000000e+00,5.84943999e+00,1.23493136e-02
3.02074987e+01,2.99574987e+01,1.35218128e-03,6.46818407e-06,0.00000000e+00,0.00000000e+00,3.10410794e-04,4.11022042e-06,4.58120470e-04,7.45620150e-06,2.38868616e+00,6.08037759e-03,1.53754658e+04,6.92307668e+01,0.00000000e+00,0.00000000e+00,1.64786874e-03,8.49203950e-06,0.00000000e+00,0.00000000e+00,0.00000000e+00,0.00000000e+00
3.03075238e+01,3.00575238e+01,1.35275756e-03,6.20259287e-06,0.00000000e+00,0.00000000e+00,3.12431905e-04,4.32936153e-06,4.50410481e-04,6.65466038e-06,2.38789274e+00,6.11790495e-03,1.53244638e+04,7.00520544e+01,0.00000000e+00,0.00000000e+00,1.65069490e-03,7.85816706e-06,0.00000000e+00,0.00000000e+00,5.86594999e+00,1.23649513e-02
3.04075488e+01,3.01575488e+01,1.35102803e-03,6.30358136e-06,0.00000000e+00,0.00000000e+00,3.20045339e-04,7.98364073e-06,4.47189601e-04,7.26152143e-06,2.38594663e+00,6.09722765e-03,1.53483866e+04,8.54696901e+01,0.00000000e+00,0.00000000e+00,1.65657069e-03,1.02797859e-05,0.00000000e+00,0.00000000e+00,0.00000000e+00,0.00000000e+00
3.05075739e+01,3.02575739e+01,1.35677224e-03,6.34305595e-06,0.00000000e+00,0.00000000e+00,3.14607116e-04,4.19836962e-06,4.44864776e-04,7.28498082e-06,2.38923218e+00,6.47589684e-03,1.52561547e+04,6.89604528e+01,0.00000000e+00,0.00000000e+00,1.65713381e-03,8.44115429e-06,0.00000000e+00,0.00000000e+00,5.87941999e+00,1.25728046e-02
3.06075989e+01,3.03575989e+01,1.35873314e-03,6.79756847e-06,0.00000000e+00,0.00000000e+00,3.15459880e-04,4.39760144e-06,4.46242077e-04,8.04101352e-06,2.38738613e+00,6.96127753e-03,1.52919751e+04,7.06039022e+01,0.00000000e+00,0.00000000e+00,1.65988945e-03,8.51724004e-06,0.00000000e+00,0.00000000e+00,0.00000000e+00,0.00000000e+00
3.07076239e+01,3.04576239e+01,1.35872120e-03,6.28789733e-06,0.00000000e+00,0.00000000e+00,3.15525861e-04,5.01383826e-06,4.39052120e-04,7.23390433e-06,2.38650020e+00,6.48918061e-03,1.51903359e+04,6.87833954e+01,0.00000000e+00,0.00000000e+00,1.66020403e-03,8.50719165e-06,0.00000000e+00,0.00000000e+00,5.89345999e+00,1.26952593e-02
3.08076490e+01,3.05576490e+01,1.36285978e-03,6.20821401e-06,0.00000000e+00,0.00000000e+00,3.15967287e-04,4.59309880e-06,4.34212573e-04,7.48701534e-06,2.38613865e+00,6.02628678e-03,1.52031843e+04,7.13900588e+01,0.00000000e+00,0.00000000e+00,1.66493473e-03,8.04024518e-06,0.00000000e+00,0.00000000e+00,0.00000000e+00,0.00000000e+00
3.09076740e+01,3.06576740e+01,1.36594742e-03,6.48752085e-06,0.00000000e+00,0.00000000e+00,3.25720188e-04,5.39939650e-06,4.34283282e-04,9.70243761e-06,2.39111460e+00,6.83143938e-03,1.52448982e+04,8.43425437e+01,0.00000000e+00,0.00000000e+00,1.67775374e-03,8.75318028e-06,0.00000000e+00,0.00000000e+00,5.90735999e+00,1.27872622e-02
3.10076990e+01,3.07576990e+01,1.36456253e-03,6.69987259e-06,0.00000000e+00,0.00000000e+00,3.22286354e-04,5.52069133e-06,4.22983645e-04,7.12461630e-06,2.39086150e+00,7.05105597e-03,1.51471695e+04,8.10888026e+01,0.00000000e+00,0.00000000e+00,1.67324315e-03,9.08070633e-06,0.00000000e+00,0.00000000e+00,0.00000000e+00,0.00000000e+00
3.11077241e+01,3.08577241e+01,1.36422421e-03,6.73157776e-06,0.00000000e+00,0.00000000e+00,3.23313806e-04,5.03548852e-06,4.20974073e-04,7.38326948e-06,2.39638942e+00,7.03072781e-03,1.51129171e+04,7.36174816e+01,0.00000000e+00,0.00000000e+00,1.67412374e-03,8.53192753e-06,0.00000000e+00,0.00000000e+00,5.92250999e+00,1.28713418e-02
3.12077491e+01,3.09577491e+01,1.36520079e-03,6.96663121e-06,0.00000000e+00,0.00000000e+00,3.21518299e-04,4.65019664e-06,4.16942024e-04,7.37927164e-06,2.39239614e+00,6.99386834e-03,1.50465942e+04,7.13367496e+01,0.00000000e+00,0.00000000e+00,1.67340328e-03,8.75707323e-06,0.00000000e+00,0.00000000e+00,0.00000000e+00,0.00000000e+00
3.13077742e+01,3.10577742e+01,1.36629599e-03,6.95873886e-06,0.00000000e+00,0.00000000e+00,3.20954083e-04,4.42105120e-06,4.13210052e-04,7.04748115e-06,2.39101363e+00,7.00901236e-03,1.50060843e+04,7.56259496e+01,0.00000000e+00,0.00000000e+00,1.67402480e-03,9.11740772e-06,0.00000000e+00,0.00000000e+00,5.93827999e+00,1.29941494e-02
3.14077992e+01,3.11577992e+01,1.36953991e-03,6.82825055e-06,0.00000000e+00,0.00000000e+00,3.24845384e-04,5.67966314e-06,4.09582944e-04,7.40248083e-06,2.39491989e+00,7.05186716e-03,1.50212993e+04,7.60281878e+01,0.00000000e+00,0.00000000e+00,1.68115012e-03,9.08507142e-06,0.00000000e+00,0.00000000e+00,0.00000000e+00,0.00000000e+00
3.15078242e+01,3.12578242e+01,1.37393281e-03,7.09759923e-06,0.00000000e+00,0.00000000e+00,3.20099188e-04,5.16615982e-06,4.11647538e-04,9.02050588e-06,2.39628738e+00,7.09942633e-03,1.50108973e+04,7.87238716e+01,0.00000000e+00,0.00000000e+00,1.68094331e-03,9.21461599e-06,0.00000000e+00,0.00000000e+00,5.95010999e+00,1.30635513e-02
3.16078493e+01,3.13578493e+01,1.37820748e-03,7.71538180e-06,0.00000000e+00,0.00000000e+00,3.20157461e-04,4.81395735e-06,4.01718038e-04,7.27772343e-06,2.39580539e+00,7.17434066e-03,1.49642270e+04,7.28443802e+01,0.00000000e+00,0.00000000e+00,1.68552758e-03,9.09487393e-06,0.00000000e+00,0.00000000e+00,0.00000000e+00,0.00000000e+00
3.17078743e+01,3.14578743e+01,1.37647335e-03,7.27057638e-06,0.00000000e+00,0.00000000e+00,3.22407017e-04,4.62596580e-06,4.01162587e-04,7.37327077e-06,2.39606387e+00,6.79813940e-03,1.49377025e+04,7.12534849e+01,0.00000000e+00,0.00000000e+00,1.68613384e-03,8.97277686e-06,0.00000000e+00,0.00000000e+00,5.96343999e+00,1.31516215e-02
3.18078993e+01,3.15578993e+01,1.37629929e-03,6.87864049e-06,0.00000000e+00,0.00000000e+00,3.28218872e-04,6.40069076e-06,3.99874116e-04,8.22501565e-06,2.39614955e+00,6.45804007e-03,1.49797922e+04,7.98862411e+01,0.00000000e+00,0.00000000e+00,1.69177411e-03,9.60852447e-06,0.00000000e+00,0.00000000e+00,0.00000000e+00,0.00000000e+00
3.19079244e+01,3.16579244e+01,1.37868377e-03,6.86485613e-06,0.00000000e+00,0.00000000e+00,3.20110548e-04,4.31367960e-06,3.97291214e-04,8.64536014e-06,2.40085452e+00,6.68999396e-03,1.49186959e+04,7.30334406e+01,0.00000000e+00,0.00000000e+00,1.68612978e-03,8.11948745e-06,0.00000000e+00,0.00000000e+00,5.97612999e+00,1.31833676e-02
3.20079494e+01,3.17579494e+01,1.37736211e-03,7.14130431e-06,0.00000000e+00,0.00000000e+00,3.29333723e-04,5.98535828e-06,3.88025856e-04,6.65715392e-06,2.40073326e+00,6.48404429e-03,1.49282020e+04,7.88374595e+01,0.00000000e+00,0.00000000e+00,1.69416065e-03,9.85816378e-06,0.00000000e+00,0.00000000e+00,0.00000000e+00,0.00000000e+00
3.21079745e+01,3.18579745e+01,1.37797663e-03,6.94009094e-06,0.00000000e+00,0.00000000e+00,3.24818493e-04,4.78619122e-06,3.83471129e-04,6.61305006e-06,2.40176741e+00,6.25875264e-03,1.48617661e+04,7.59304245e+01,0.00000000e+00,0.00000000e+00,1.69040362e-03,9.18629261e-06,0.00000000e+00,0.00000000e+00,5.98870999e+00,1.30915230e-02
3.22079995e+01,3.19579995e+01,1.37968655e-03,7.11516933e-06,0.00000000e+00,0.00000000e+00,3.30956035e-04,6.21814731e-06,3.81680933e-04,6.94520825e-06,2.40384193e+00,6.24998288e-03,1.49180137e+04,7.88277224e+01,0.00000000e+00,0.00000000e+00,1.69824887e-03,9.95286409e-06,0.00000000e+00,0.00000000e+00,0.00000000e+00,0.00000000e+00
3.23080245e+01,3.20580245e+01,1.38135360e-03,7.12727156e-06,0.00000000e+00,0.00000000e+00,3.25922352e-04,5.17769462e-06,3.80384178e-04,8.01023049e-06,2.40388495e+00,6.55060339e-03,1.48412209e+04,7.47177940e+01,0.00000000e+00,0.00000000e+00,1.69505038e-03,9.29112618e-06,0.00000000e+00,0.00000000e+00,6.00074999e+00,1.27714058e-02
3.24080496e+01,3.21580496e+01,1.38715987e-03,7.31216033e-06,0.00000000e+00,0.00000000e+00,3.21052188e-04,5.19481503e-06,3.73352028e-04,6.48440430e-06,2.40819899e+00,6.79645096e-03,1.48009097e+04,7.33309378e+01,0.00000000e+00,0.00000000e+00,1.69625680e-03,9.60904447e-06,0.00000000e+00,0.00000000e+00,0.00000000e+00,0.00000000e+00
3.25080746e+01,3.22580746e+01,1.38685716e-03,7.47593918e-06,0.00000000e+00,0.00000000e+00,3.22738552e-04,5.93102164e-06,3.66028507e-04,5.98124028e-06,2.40355464e+00,6.78536287e-03,1.47811357e+04,7.58214788e+01,0.00000000e+00,0.00000000e+00,1.69769599e-03,1.01899259e-05,0.00000000e+00,0.00000000e+00,6.01417999e+00,1.24662746e-02
3.26080996e+01,3.23580996e+01,1.38965376e-03,7.61539650e-06,0.00000000e+00,0.00000000e+00,3.31713901e-04,7.52955279e-06,3.68322108e-04,7.59149735e-06,2.40391153e+00,6.86376167e-03,1.48225668e+04,8.29351592e+01,0.00000000e+00,0.00000000e+00,1.70950290e-03,1.15956930e-05,0.00000000e+00,0.00000000e+00,0.00000000e+00,0.00000000e+00
3.27081247e+01,3.24581247e+01,1.39102501e-03,7.30304789e-06,0.00000000e+00,0.00000000e+00,3.33222602e-04,7.32089330e-06,3.61533012e-04,6.00797033e-06,2.40609304e+00,6.44545376e-03,1.47921103e+04,7.78162132e+01,0.00000000e+00,0.00000000e+00,1.71252475e-03,1.14707309e-05,0.00000000e+00,0.00000000e+00,6.02470999e+00,1.23521352e-02
3.28081497e+01,3.25581497e+01,1.38989959e-03,7.23333912e-06,0.00000000e+00,0.00000000e+00,3.28227080e-04,6.15623805e-06,3.61856316e-04,6.89018864e-06,2.40395728e+00,6.62529945e-03,1.47158219e+04,7.27842351e+01,0.00000000e+00,0.00000000e+00,1.70644971e-03,1.03989788e-05,0.00000000e+00,0.00000000e+00,0.00000000e+00,0.00000000e+00
3.29081748e+01,3.26581748e+01,1.39477924e-03,7.74968411e-06,0.00000000e+00,0.00000000e+00,3.27642442e-04,6.22398580e-06,3.60013637e-04,7.07004784e-06,2.40913491e+00,6.90473308e-03,1.47489489e+04,7.79244406e+01,0.00000000e+00,0.00000000e+00,1.71078758e-03,1.09318167e-05,0.00000000e+00,0.00000000e+00,6.04025999e+00,1.24442818e-02
3.30081998e+01,3.27581998e+01,1.39654026e-03,7.13450005e-06,0.00000000e+00,0.00000000e+00,3.28200562e-04,5.21471709e-06,3.55522412e-04,7.18540500e-06,2.40878473e+00,6.23469043e-03,1.46938130e+04,7.21609865e+01,0.00000000e+00,0.00000000e+00,1.71332420e-03,9.68745099e-06,0.00000000e+00,0.00000000e+00,0.00000000e+00,0.00000000e+00
3.31082248e+01,3.28582248e+01,1.39777988e-03,7.36603997e-06,0.00000000e+00,0.00000000e+00,3.26779711e-04,4.73954800e-06,3.50617590e-04,5.81431530e-06,2.40717284e+00,6.45883113e-03,1.46459475e+04,7.36287629e+01,0.00000000e+00,0.00000000e+00,1.71322505e-03,9.43195928e-06,0.00000000e+00,0.00000000e+00,6.05426999e+00,1.24188840e-02
3.32082499e+01,3.29582499e+01,1.39981176e-03,7.43671355e-06,0.00000000e+00,0.00000000e+00,3.29826498e-04,4.99564845e-06,3.48269841e-04,6.01510002e-06,2.40983681e+00,6.38060463e-03,1.46305958e+04,6.80302491e+01,0.00000000e+00,0.00000000e+00,1.71843877e-03,8.96614771e-06,0.00000000e+00,0.00000000e+00,0.00000000e+00,0.00000000e+00
3.33082749e+01,3.30582749e+01,1.40099659e-03,7.27856016e-06,0.00000000e+00,0.00000000e+00,3.30298614e-04,5.04992928e-06,3.47044323e-04,6.58684558e-06,2.40733432e+00,6.39790022e-03,1.46166392e+04,7.07625583e+01,0.00000000e+00,0.00000000e+00,1.72013536e-03,8.46132220e-06,0.00000000e+00,0.00000000e+00,6.06878999e+00,1.26761163e-02
3.34082999e+01,3.31582999e+01,1.40276318e-03,7.46204701e-06,0.00000000e+00,0.00000000e+00,3.30516452e-04,6.12195642e-06,3.40755570e-04,5.87313233e-06,2.40359272e+00,6.49098421e-03,1.45687440e+04,7.54604041e+01,0.00000000e+00,0.00000000e+00,1.72231861e-03,9.64701524e-06,0.00000000e+00,0.00000000e+00,0.00000000e+00,0.00000000e+00
3.35083250e+01,3.32583250e+01,1.40154393e-03,7.35668659e-06,0.00000000e+00,0.00000000e+00,3.30171471e-04,5.51909352e-06,3.36413073e-04,6.03332636e-06,2.40453458e+00,6.81891496e-03,1.45536086e+04,7.21210915e+01,0.00000000e+00,0.00000000e+00,1.72073603e-03,9.24505300e-06,0.00000000e+00,0.00000000e+00,6.08388999e+00,1.24828451e-02
3.36083500e+01,3.33583500e+01,1.40161878e-03,7.51077532e-06,0.00000000e+00,0.00000000e+00,3.26536007e-04,5.39634493e-06,3.31070196e-04,5.19558251e-06,2.40688263e+00,7.10471583e-03,1.44709756e+04,7.12399955e+01,0.00000000e+00,0.00000000e+00,1.71742466e-03,9.77159240e-06,0.00000000e+00,0.00000000e+00,0.00000000e+00,0.00000000e+00
3.37083751e+01,3.34583751e+01,1.40532545e-03,6.99007033e-06,0.00000000e+00,0.00000000e+00,3.27980014e-04,5.99272326e-06,3.29861177e-04,5.44093903e-06,2.40845137e+00,7.05033126e-03,1.44767362e+04,6.90630804e+01,0.00000000e+00,0.00000000e+00,1.72266168e-03,9.66967249e-06,0.00000000e+00,0.00000000e+00,6.09750999e+00,1.23763430e-02
3.38084001e+01,3.35584001e+01,1.41070376e-03,7.47716779e-06,0.00000000e+00,0.00000000e+00,3.29176748e-04,5.89093617e-06,3.29555020e-04,6.38822804e-06,2.41197163e+00,7.15988613e-03,1.44882844e+04,7.38325808e+01,0.00000000e+00,0.00000000e+00,1.72926395e-03,9.92470751e-06,0.00000000e+00,0.00000000e+00,0.00000000e+00,0.00000000e+00
3.39084251e+01,3.36584251e+01,1.41427001e-03,7.42419410e-06,0.00000000e+00,0.00000000e+00,3.21517649e-04,4.86308220e-06,3.32436149e-04,7.02607278e-06,2.41235684e+00,7.26089602e-03,1.44748338e+04,8.21556763e+01,0.00000000e+00,0.00000000e+00,1.72497939e-03,9.72151012e-06,0.00000000e+00,0.00000000e+00,6.11001999e+00,1.23726983e-02
3.40084502e+01,3.37584502e+01,1.41111674e-03,7.06703891e-06,0.00000000e+00,0.00000000e+00,3.17560161e-04,4.38811660e-06,3.23739242e-04,5.73284352e-06,2.40616530e+00,6.83635488e-03,1.43755740e+04,7.24406798e+01,0.00000000e+00,0.00000000e+00,1.71808023e-03,8.80511552e-06,0.00000000e+00,0.00000000e+00,0.00000000e+00,0.00000000e+00
3.41084752e+01,3.38584752e+01,1.41488542e-03,7.29866850e-06,0.00000000e+00,0.00000000e+00,3.22318060e-04,4.88032784e-06,3.19855418e-04,5.25468271e-06,2.40996057e+00,7.09804323e-03,1.43646850e+04,6.57819649e+01,0.00000000e+00,0.00000000e+00,1.72690346e-03,8.86969074e-06,0.00000000e+00,0.00000000e+00,6.12087999e+00,1.25020114e-02
3.42085003e+01,3.39585003e+01,1.41448937e-03,7.39388081e-06,0.00000000e+00,0.00000000e+00,3.28583258e-04,8.79420382e-06,3.13852004e-04,4.97114319e-06,2.40713475e+00,6.70341232e-03,1.43916753e+04,8.40801241e+01,0.00000000e+00,0.00000000e+00,1.73290705e-03,1.10622832e-05,0.00000000e+00,0.00000000e+00,0.00000000e+00,0.00000000e+00
3.43085253e+01,3.40585253e+01,1.41584880e-03,7.30286631e-06,0.00000000e+00,0.00000000e+00,3.22772226e-04,5.38544058e-06,3.09423351e-04,4.60421071e-06,2.40916629e+00,6.53819549e-03,1.43170433e+04,6.68755287e+01,0.00000000e+00,0.00000000e+00,1.72860293e-03,9.14266374e-06,0.00000000e+00,0.00000000e+00,6.13317999e+00,1.26635527e-02
3.44085503e+01,3.41585503e+01,1.42211778e-03,7.53251260e-06,0.00000000e+00,0.00000000e+00,3.22222278e-04,5.41159160e-06,3.12056115e-04,6.41182646e-06,2.41103763e+00,6.64315866e-03,1.43710088e+04,7.94769718e+01,0.00000000e+00,0.00000000e+00,1.73421786e-03,9.73626876e-06,0.00000000e+00,0.00000000e+00,0.00000000e+00,0.00000000e+00
3.45085754e+01,3.42585754e+01,1.42365465e-03,7.54806225e-06,0.00000000e+00,0.00000000e+00,3.18844137e-04,4.83034588e-06,3.05176990e-04,4.75965865e-06,2.41194341e+00,6.91791112e-03,1.43039106e+04,7.18801219e+01,0.00000000e+00,0.00000000e+00,1.73243552e-03,9.72060037e-06,0.00000000e+00,0.00000000e+00,6.14495999e+00,1.30055861e-02
3.46086004e+01,3.43586004e+01,1.42581036e-03,7.66010502e-06,0.00000000e+00,0.00000000e+00,3.21843749e-04,5.06961642e-06,2.99408575e-04,4.36253906e-06,2.41166741e+00,7.13030952e-03,1.42566094e+04,6.90293076e+01,0.00000000e+00,0.00000000e+00,1.73795310e-03,9.66348592e-06,0.00000000e+00,0.00000000e+00,0.00000000e+00,0.00000000e+00
3.47086254e+01,3.44586254e+01,1.42702079e-03,7.05378230e-06,0.00000000e+00,0.00000000e+00,3.28545196e-04,5.72404069e-06,2.95714016e-04,4.83066396e-06,2.41157701e+00,6.67161713e-03,1.42641094e+04,6.84013843e+01,0.00000000e+00,0.00000000e+00,1.74593192e-03,9.75618394e-06,0.00000000e+00,0.00000000e+00,6.15957999e+00,1.30208253e-02
3.48086505e+01,3.45586505e+01,1.42835586e-03,7.06648219e-06,0.00000000e+00,0.00000000e+00,3.26935367e-04,5.25595911e-06,2.93348422e-04,4.53219357e-06,2.41250578e+00,6.48075030e-03,1.43287985e+04,8.44638649e+01,0.00000000e+00,0.00000000e+00,1.74535507e-03,9.76839272e-06,0.00000000e+00,0.00000000e+00,0.00000000e+00,0.00000000e+00
3.49086755e+01,3.46586755e+01,1.42692889e-03,7.31868945e-06,0.00000000e+00,0.00000000e+00,3.27443268e-04,4.81483485e-06,2.94171383e-04,5.83505388e-06,2.40815142e+00,6.75690892e-03,1.42362084e+04,7.20399971e+01,0.00000000e+00,0.00000000e+00,1.74469050e-03,9.31075411e-06,0.00000000e+00,0.00000000e+00,6.17209999e+00,1.32479361e-02
3.50087006e+01,3.47587006e+01,1.42838497e-03,7.03497005e-06,0.00000000e+00,0.00000000e+00,3.26186972e-04,4.47526694e-06,2.87496700e-04,4.49648003e-06,2.41026055e+00,6.32001242e-03,1.41690900e+04,6.44829901e+01,0.00000000e+00,0.00000000e+00,1.74518625e-03,8.67312803e-06,0.00000000e+00,0.00000000e+00,0.00000000e+00,0.00000000e+00
3.51087256e+01,3.48587256e+01,1.42981694e-03,7.29350785e-06,0.00000000e+00,0.00000000e+00,3.31794746e-04,6.02038362e-06,2.84123776e-04,4.42575083e-06,2.40811827e+00,6.64937961e-03,1.41836069e+04,7.20029168e+01,0.00000000e+00,0.00000000e+00,1.75224052e-03,9.91249607e-06,0.00000000e+00,0.00000000e+00,6.18332999e+00,1.33410302e-02
3.52087506e+01,3.49587506e+01,1.43198524e-03,7.33354114e-06,0.00000000e+00,0.00000000e+00,3.31182797e-04,6.59570499e-06,2.82690916e-04,4.47276212e-06,2.40621977e+00,6.67924471e-03,1.41466084e+04,6.88732203e+01,0.00000000e+00,0.00000000e+00,1.75392218e-03,9.60025681e-06,0.00000000e+00,0.00000000e+00,0.00000000e+00,0.00000000e+00
3.53087757e+01,3.50587757e+01,1.43353052e-03,6.94439610e-06,0.00000000e+00,0.00000000e+00,3.22313937e-04,5.19911762e-06,2.79515308e-04,4.42939985e-06,2.40797336e+00,6.16337263e-03,1.40675388e+04,6.43346147e+01,0.00000000e+00,0.00000000e+00,1.74676672e-03,9.38790599e-06,0.00000000e+00,0.00000000e+00,6.19492999e+00,1.32673174e-02
3.54088007e+01,3.51588007e+01,1.43430259e-03,7.03189424e-06,0.00000000e+00,0.00000000e+00,3.22195561e-04,4.52298529e-06,2.78129594e-04,4.77124119e-06,2.40625618e+00,6.24277987e-03,1.40169939e+04,6.50490452e+01,0.00000000e+00,0.00000000e+00,1.74745732e-03,9.37199063e-06,0.00000000e+00,0.00000000e+00,0.00000000e+00,0.00000000e+00
3.55088257e+01,3.52588257e+01,1.43377366e-03,6.93230530e-06,0.00000000e+00,0.00000000e+00,3.20289890e-04,4.86078768e-06,2.74238548e-04,4.59894390e-06,2.40912224e+00,6.48085926e-03,1.39869877e+04,6.11430292e+01,0.00000000e+00,0.00000000e+00,1.74514314e-03,9.11731114e-06,0.00000000e+00,0.00000000e+00,6.21007999e+00,1.32945260e-02
3.56088508e+01,3.53588508e+01,1.43803622e-03,7.15361882e-06,0.00000000e+00,0.00000000e+00,3.22932688e-04,5.65158315e-06,2.73227342e-04,5.27081317e-06,2.41093748e+00,6.75287051e-03,1.40215499e+04,7.06357713e+01,0.00000000e+00,0.00000000e+00,1.75204072e-03,9.82202786e-06,0.00000000e+00,0.00000000e+00,0.00000000e+00,0.00000000e+00
3.57088758e+01,3.54588758e+01,1.43656669e-03,6.85660869e-06,0.00000000e+00,0.00000000e+00,3.32984876e-04,9.30835921e-06,2.71819308e-04,4.85563651e-06,2.40988979e+00,6.30708992e-03,1.40580675e+04,8.31021924e+01,0.00000000e+00,0.00000000e+00,1.76065602e-03,1.21769819e-05,0.00000000e+00,0.00000000e+00,6.22147999e+00,1.34997471e-02
3.58089009e+01,3.55589009e+01,1.43930991e-03,7.30043434e-06,0.00000000e+00,0.00000000e+00,3.25397967e-04,5.64305141e-06,2.70652999e-04,4.96914873e-06,2.40968404e+00,6.71420471e-03,1.39986717e+04,7.13605694e+01,0.00000000e+00,0.00000000e+00,1.75588341e-03,9.90639996e-06,0.00000000e+00,0.00000000e+00,0.00000000e+00,0.00000000e+00
3.59089259e+01,3.56589259e+01,1.43895828e-03,7.41151373e-06,0.00000000e+00,0.00000000e+00,3.23676902e-04,5.10457726e-06,2.70277879e-04,5.91356239e-06,2.40966350e+00,6.50982631e-03,1.39486889e+04,7.43933387e+01,0.00000000e+00,0.00000000e+00,1.75385417e-03,9.93673994e-06,0.00000000e+00,0.00000000e+00,6.23244999e+00,1.34731277e-02
3.60089509e+01,3.57589509e+01,1.43831336e-03,7.38299059e-06,0.00000000e+00,0.00000000e+00,3.22869752e-04,5.29004166e-06,2.69993380e-04,6.02881391e-06,2.40886095e+00,6.55569068e-03,1.39053181e+04,7.28089755e+01,0.00000000e+00,0.00000000e+00,1.75242651e-03,1.01615669e-05,0.00000000e+00,0.00000000e+00,0.00000000e+00,0.00000000e+00
3.61089760e+01,3.58589760e+01,1.43966699e-03,7.37051591e-06,0.00000000e+00,0.00000000e+00,3.29555455e-04,5.28794033e-06,2.67602444e-04,5.87500668e-06,2.40835909e+00,6.38984497e-03,1.39080007e+04,7.19629507e+01,0.00000000e+00,0.00000000e+00,1.76055659e-03,1.02918956e-05,0.00000000e+00,0.00000000e+00,6.24279999e+00,1.34616869e-02
3.62090010e+01,3.59590010e+01,1.44377945e-03,7.17876703e-06,0.00000000e+00,0.00000000e+00,3.22545608e-04,4.64254339e-06,2.66179321e-04,6.01199430e-06,2.41226713e+00,6.30756931e-03,1.38937375e+04,6.95850093e+01,0.00000000e+00,0.00000000e+00,1.75765700e-03,9.13290467e-06,0.00000000e+00,0.00000000e+00,0.00000000e+00,0.00000000e+00
3.63090260e+01,3.60590260e+01,1.44588194e-03,6.88119248e-06,0.00000000e+00,0.00000000e+00,3.29237275e-04,5.02248563e-06,2.63206691e-04,5.50116395e-06,2.41195460e+00,6.37626071e-03,1.39272968e+04,6.90547590e+01,0.00000000e+00,0.00000000e+00,1.76649268e-03,9.09649467e-06,0.00000000e+00,0.00000000e+00,6.25247999e+00,1.35887705e-02
3.64090511e+01,3.61590511e+01,1.44832152e-03,7.18872613e-06,0.00000000e+00,0.00000000e+00,3.29655284e-04,5.60194041e-06,2.58488518e-04,5.09346923e-06,2.41228481e+00,6.06203310e-03,1.38891451e+04,6.66280834e+01,0.00000000e+00,0.00000000e+00,1.76959847e-03,9.25229616e-06,0.00000000e+00,0.00000000e+00,0.00000000e+00,0.00000000e+00
3.65090761e+01,3.62590761e+01,1.44576984e-03,7.06659005e-06,0.00000000e+00,0.00000000e+00,3.36135115e-04,7.86498327e-06,2.58453633e-04,6.29157375e-06,2.41151426e+00,6.42958805e-03,1.39018832e+04,7.57425250e+01,0.00000000e+00,0.00000000e+00,1.77354909e-03,1.01842988e-05,0.00000000e+00,0.00000000e+00,6.26224999e+00,1.34572918e-02
3.66091012e+01,3.63591012e+01,1.44732663e-03,6.99256057e-06,0.00000000e+00,0.00000000e+00,3.29214724e-04,5.47957282e-06,2.58161101e-04,7.00433992e-06,2.40837855e+00,6.33695050e-03,1.38404061e+04,7.32143588e+01,0.00000000e+00,0.00000000e+00,1.76820716e-03,8.59669437e-06,0.00000000e+00,0.00000000e+00,0.00000000e+00,0.00000000e+00
3.67091262e+01,3.64591262e+01,1.44438313e-03,6.74913570e-06,0.00000000e+00,0.00000000e+00,3.27406145e-04,5.13889688e-06,2.50890835e-04,5.07673035e-06,2.40432302e+00,6.30885853e-03,1.37513976e+04,6.48573684e+01,0.00000000e+00,0.00000000e+00,1.76370654e-03,8.62252010e-06,0.00000000e+00,0.00000000e+00,6.27123999e+00,1.31623300e-02
3.68091512e+01,3.65591512e+01,1.44880434e-03,7.00621093e-06,0.00000000e+00,0.00000000e+00,3.26196767e-04,5.40966883e-06,2.47221685e-04,4.61002701e-06,2.40600861e+00,6.24528220e-03,1.37390328e+04,6.76295633e+01,0.00000000e+00,0.00000000e+00,1.76703245e-03,8.80676270e-06,0.00000000e+00,0.00000000e+00,0.00000000e+00,0.00000000e+00
3.69091763e+01,3.66591763e+01,1.44914814e-03,7.23485573e-06,0.00000000e+00,0.00000000e+00,3.26252640e-04,5.21303332e-06,2.48593165e-04,6.06070878e-06,2.40526569e+00,6.32427130e-03,1.37236089e+04,6.85020429e+01,0.00000000e+00,0.00000000e+00,1.76740794e-03,8.99051137e-06,0.00000000e+00,0.00000000e+00,6.28304999e+00,1.30859595e-02
3.70092013e+01,3.67592013e+01,1.44817630e-03,6.65929025e-06,0.00000000e+00,0.00000000e+00,3.22659184e-04,5.51464973e-06,2.48493855e-04,7.44506398e-06,2.40305497e+00,6.02555913e-03,1.36764477e+04,6.77653802e+01,0.00000000e+00,0.00000000e+00,1.76288989e-03,9.15197639e-06,0.00000000e+00,0.00000000e+00,0.00000000e+00,0.00000000e+00
3.71092263e+01,3.68592263e+01,1.44840947e-03,6.67565933e-06,0.00000000e+00,0.00000000e+00,3.25370647e-04,5.89117923e-06,2.40718567e-04,4.51362621e-06,2.40483115e+00,6.22978342e-03,1.36492513e+04,6.80326588e+01,0.00000000e+00,0.00000000e+00,1.76608341e-03,9.78164146e-06,0.00000000e+00,0.00000000e+00,6.29616999e+00,1.30764358e-02
3.72092514e+01,3.69592514e+01,1.44956198e-03,6.85449851e-06,0.00000000e+00,0.00000000e+00,3.22190444e-04,4.71619294e-06,2.42440251e-04,4.91565238e-06,2.40063827e+00,6.17602813e-03,1.36174651e+04,6.33021519e+01,0.00000000e+00,0.00000000e+00,1.76402868e-03,9.12314223e-06,0.00000000e+00,0.00000000e+00,0.00000000e+00,0.00000000e+00
3.73092764e+01,3.70592764e+01,1.45394122e-03,6.69026128e-06,0.00000000e+00,0.00000000e+00,3.26965368e-04,5.42513790e-06,2.39155198e-04,4.62263682e-06,2.40283368e+00,6.39125272e-03,1.36272358e+04,6.37978443e+01,0.00000000e+00,0.00000000e+00,1.77326577e-03,9.74041982e-06,0.00000000e+00,0.00000000e+00,6.30521999e+00,1.33032749e-02
3.74093015e+01,3.71593015e+01,1.45716928e-03,6.70531243e-06,0.00000000e+00,0.00000000e+00,3.30520413e-04,5.45385212e-06,2.37149616e-04,4.69358999e-06,2.40424805e+00,6.01916027e-03,1.36614286e+04,6.13713430e+01,0.00000000e+00,0.00000000e+00,1.78004228e-03,9.48375042e-06,0.00000000e+00,0.00000000e+00,0.00000000e+00,0.00000000e+00
3.75093265e+01,3.72593265e+01,1.46033832e-03,6.56637987e-06,0.00000000e+00,0.00000000e+00,3.30426234e-04,5.36970910e-06,2.32938865e-04,4.32789914e-06,2.40714183e+00,6.67724905e-03,1.36787682e+04,6.18199420e+01,0.00000000e+00,0.00000000e+00,1.78315813e-03,8.87035452e-06,0.00000000e+00,0.00000000e+00,6.31742999e+00,1.32862765e-02
3.76093515e+01,3.73593515e+01,1.45696223e-03,6.73656838e-06,0.00000000e+00,0.00000000e+00,3.37342891e-04,6.49244639e-06,2.30004044e-04,4.17061908e-06,2.40287839e+00,6.85311698e-03,1.36860599e+04,6.93627194e+01,0.00000000e+00,0.00000000e+00,1.78672375e-03,9.69300530e-06,0.00000000e+00,0.00000000e+00,0.00000000e+00,0.00000000e+00
3.77093766e+01,3.74593766e+01,1.45649347e-03,6.85797159e-06,0.00000000e+00,0.00000000e+00,3.30545113e-04,4.86662420e-06,2.28833201e-04,4.19074594e-06,2.40155316e+00,6.91330102e-03,1.36322987e+04,7.25026510e+01,0.00000000e+00,0.00000000e+00,1.77944024e-03,8.84476568e-06,0.00000000e+00,0.00000000e+00,6.32847999e+00,1.34312442e-02
3.78094016e+01,3.75594016e+01,1.45635250e-03,6.56221500e-06,0.00000000e+00,0.00000000e+00,3.33527340e-04,5.37208362e-06,2.26412564e-04,4.15087172e-06,2.39882790e+00,6.81832180e-03,1.36170732e+04,6.56396888e+01,0.00000000e+00,0.00000000e+00,1.78239181e-03,8.84811048e-06,0.00000000e+00,0.00000000e+00,0.00000000e+00,0.00000000e+00
3.79094266e+01,3.76594266e+01,1.45507539e-03,6.47674750e-06,0.00000000e+00,0.00000000e+00,3.39225152e-04,7.14782977e-06,2.29166006e-04,5.10803094e-06,2.39585569e+00,6.80222907e-03,1.36225444e+04,7.36669255e+01,0.00000000e+00,0.00000000e+00,1.78685486e-03,1.00221640e-05,0.00000000e+00,0.00000000e+00,6.33725999e+00,1.36050187e-02
3.80094517e+01,3.77594517e+01,1.45800878e-03,6.53226104e-06,0.00000000e+00,0.00000000e+00,3.29569476e-04,5.24763497e-06,2.23573593e-04,4.60410752e-06,2.39588430e+00,6.79312418e-03,1.35272689e+04,6.35862157e+01,0.00000000e+00,0.00000000e+00,1.78032930e-03,8.74421563e-06,0.00000000e+00,0.00000000e+00,0.00000000e+00,0.00000000e+00
3.81094767e+01,3.78594767e+01,1.45834346e-03,6.89966461e-06,0.00000000e+00,0.00000000e+00,3.31755380e-04,7.05330077e-06,2.21741629e-04,4.50255690e-06,2.39379204e+00,6.84223019e-03,1.35078655e+04,6.80377232e+01,0.00000000e+00,0.00000000e+00,1.78293891e-03,9.91150954e-06,0.00000000e+00,0.00000000e+00,6.34834999e+00,1.36145987e-02
3.82095018e+01,3.79595018e+01,1.46245135e-03,6.71212290e-06,0.00000000e+00,0.00000000e+00,3.27089868e-04,5.46081901e-06,2.21128663e-04,4.61776202e-06,2.39422216e+00,7.10411463e-03,1.34963725e+04,6.69823563e+01,0.00000000e+00,0.00000000e+00,1.78233099e-03,9.05654051e-06,0.00000000e+00,0.00000000e+00,0.00000000e+00,0.00000000e+00
3.83095268e+01,3.80595268e+01,1.46369625e-03,7.14140990e-06,0.00000000e+00,0.00000000e+00,3.22542635e-04,4.46897200e-06,2.19119767e-04,4.46039444e-06,2.39270251e+00,6.44396132e-03,1.34504272e+04,6.34425690e+01,0.00000000e+00,0.00000000e+00,1.77901933e-03,8.97363417e-06,0.00000000e+00,0.00000000e+00,6.35888998e+00,1.32818335e-02
3.84095518e+01,3.81595518e+01,1.46419098e-03,7.20011831e-06,0.00000000e+00,0.00000000e+00,3.21828749e-04,4.63885638e-06,2.17566513e-04,4.46467362e-06,2.39401964e+00,6.93349212e-03,1.34459074e+04,6.41555269e+01,0.00000000e+00,0.00000000e+00,1.77879208e-03,8.74807311e-06,0.00000000e+00,0.00000000e+00,0.00000000e+00,0.00000000e+00
3.85095769e+01,3.82595769e+01,1.46332276e-03,7.33056378e-06,0.00000000e+00,0.00000000e+00,3.28798945e-04,6.50942691e-06,2.15201697e-04,4.31275266e-06,2.39213424e+00,6.95566964e-03,1.34532163e+04,6.71312628e+01,0.00000000e+00,0.00000000e+00,1.78507267e-03,1.00943671e-05,0.00000000e+00,0.00000000e+00,6.36792998e+00,1.32505426e-02
3.86096019e+01,3.83596019e+01,1.46513126e-03,6.81602031e-06,0.00000000e+00,0.00000000e+00,3.36180042e-04,7.12520702e-06,2.13009078e-04,4.77472746e-06,2.38970230e+00,6.84108545e-03,1.34879361e+04,6.93726379e+01,0.00000000e+00,0.00000000e+00,1.79432138e-03,1.05198109e-05,0.00000000e+00,0.00000000e+00,0.00000000e+00,0.00000000e+00
3.87096269e+01,3.84596269e+01,1.46757502e-03,7.20810050e-06,0.00000000e+00,0.00000000e+00,3.33458084e-04,5.75696079e-06,2.09171407e-04,4.00006837e-06,2.39023519e+00,6.82034098e-03,1.34537349e+04,6.89959337e+01,0.00000000e+00,0.00000000e+00,1.79414902e-03,9.95727214e-06,0.00000000e+00,0.00000000e+00,6.37839998e+00,1.31644934e-02
3.88096520e+01,3.85596520e+01,1.46848248e-03,7.41035780e-06,0.00000000e+00,0.00000000e+00,3.27637628e-04,4.93869751e-06,2.11308947e-04,4.97230438e-06,2.38983692e+00,7.11547017e-03,1.34207359e+04,6.81750155e+01,0.00000000e+00,0.00000000e+00,1.78917291e-03,9.59458983e-06,0.00000000e+00,0.00000000e+00,0.00000000e+00,0.00000000e+00
3.89096770e+01,3.86596770e+01,1.47001318e-03,7.19592625e-06,0.00000000e+00,0.00000000e+00,3.27120978e-04,5.55446218e-06,2.09505673e-04,4.90165513e-06,2.38919539e+00,6.80465747e-03,1.34074637e+04,6.42900156e+01,0.00000000e+00,0.00000000e+00,1.79020021e-03,9.56070042e-06,0.00000000e+00,0.00000000e+00,6.38830998e+00,1.29673244e-02
3.90097021e+01,3.87597021e+01,1.47045740e-03,6.89805864e-06,0.00000000e+00,0.00000000e+00,3.23465911e-04,4.89784607e-06,2.03602156e-04,4.40797317e-06,2.38718747e+00,6.69406483e-03,1.33202685e+04,6.15748455e+01,0.00000000e+00,0.00000000e+00,1.78722700e-03,8.83975248e-06,0.00000000e+00,0.00000000e+00,0.00000000e+00,0.00000000e+00
3.91097271e+01,3.88597271e+01,1.47180920e-03,7.44234570e-06,0.00000000e+00,0.00000000e+00,3.30583202e-04,5.93541232e-06,2.02309805e-04,4.28121773e-06,2.38725511e+00,6.90384894e-03,1.33566734e+04,6.79490571e+01,0.00000000e+00,0.00000000e+00,1.79575132e-03,9.70864773e-06,0.00000000e+00,0.00000000e+00,6.40299998e+00,1.30151991e-02
3.92097521e+01,3.89597521e+01,1.47118089e-03,7.23874616e-06,0.00000000e+00,0.00000000e+00,3.26853022e-04,4.55066175e-06,1.99508589e-04,4.18753762e-06,2.38637761e+00,6.63792359e-03,1.32950626e+04,5.93352877e+01,0.00000000e+00,0.00000000e+00,1.79148247e-03,8.94014394e-06,0.00000000e+00,0.00000000e+00,0.00000000e+00,0.00000000e+00
3.93097772e+01,3.90597772e+01,1.47414660e-03,7.46702725e-06,0.00000000e+00,0.00000000e+00,3.28238561e-04,5.37088530e-06,1.99083442e-04,4.50309495e-06,2.38509628e+00,6.78941323e-03,1.32900609e+04,6.52485735e+01,0.00000000e+00,0.00000000e+00,1.79583398e-03,1.00035956e-05,0.00000000e+00,0.00000000e+00,6.41106998e+00,1.30718334e-02
3.94098022e+01,3.91598022e+01,1.47257553e-03,7.38304266e-06,0.00000000e+00,0.00000000e+00,3.29232572e-04,5.81697913e-06,1.99845413e-04,4.49927966e-06,2.38248744e+00,6.71941108e-03,1.32943749e+04,7.11298994e+01,0.00000000e+00,0.00000000e+00,1.79527099e-03,1.01523780e-05,0.00000000e+00,0.00000000e+00,0.00000000e+00,0.00000000e+00
3.95098272e+01,3.92598272e+01,1.47123233e-03,7.10450357e-06,0.00000000e+00,0.00000000e+00,3.30256690e-04,5.43764797e-06,1.96993257e-04,3.98898921e-06,2.38504886e+00,6.92800004e-03,1.32795638e+04,6.17682526e+01,0.00000000e+00,0.00000000e+00,1.79498873e-03,9.16940357e-06,0.00000000e+00,0.00000000e+00,6.42119998e+00,1.30069540e-02
3.96098523e+01,3.93598523e+01,1.47417097e-03,7.57963336e-06,0.00000000e+00,0.00000000e+00,3.22976594e-04,4.24110643e-06,1.95539047e-04,4.06581497e-06,2.38512028e+00,7.33240023e-03,1.32194400e+04,5.63132372e+01,0.00000000e+00,0.00000000e+00,1.79071227e-03,8.97767403e-06,0.00000000e+00,0.00000000e+00,0.00000000e+00,0.00000000e+00
3.97098773e+01,3.94598773e+01,1.46950984e-03,7.35739015e-06,0.00000000e+00,0.00000000e+00,3.17963873e-04,3.95245071e-06,1.92630497e-04,3.87140755e-06,2.38132803e+00,7.44807072e-03,1.31322067e+04,5.50604977e+01,0.00000000e+00,0.00000000e+00,1.78113329e-03,8.89749673e-06,0.00000000e+00,0.00000000e+00,6.43124998e+00,1.28631064e-02
3.98099024e+01,3.95599024e+01,1.46911612e-03,7.04159683e-06,0.00000000e+00,0.00000000e+00,3.23485781e-04,5.10253305e-06,1.91583007e-04,3.77795082e-06,2.37578598e+00,7.10499273e-03,1.31638740e+04,6.10892059e+01,0.00000000e+00,0.00000000e+00,1.78616067e-03,9.18774310e-06,0.00000000e+00,0.00000000e+00,0.00000000e+00,0.00000000e+00
3.99099274e+01,3.96599274e+01,1.47636616e-03,6.85683504e-06,0.00000000e+00,0.00000000e+00,3.45111639e-04,1.05431603e-05,1.89861027e-04,3.84405553e-06,2.38030916e+00,6.93508087e-03,1.33103596e+04,8.39890986e+01,0.00000000e+00,0.00000000e+00,1.81528303e-03,1.31327251e-05,0.00000000e+00,0.00000000e+00,6.44364998e+00,1.27895913e-02
4.00099524e+01,3.97599524e+01,1.47190856e-03,7.15367266e-06,0.00000000e+00,0.00000000e+00,3.33887269e-04,6.83567137e-06,1.88275667e-04,3.84882304e-06,2.37578693e+00,7.21040262e-03,1.31699435e+04,6.09986228e+01,0.00000000e+00,0.00000000e+00,1.79969335e-03,1.01959076e-05,0.00000000e+00,0.00000000e+00,0.00000000e+00,0.00000000e+00
4.01099775e+01,3.98599775e+01,1.47373436e-03,7.05881571e-06,0.00000000e+00,0.00000000e+00,3.25209497e-04,4.68758448e-06,1.85506646e-04,3.75207591e-06,2.37825902e+00,7.17677092e-03,1.30951264e+04,5.23977131e+01,0.00000000e+00,0.00000000e+00,1.79292100e-03,9.07868012e-06,0.00000000e+00,0.00000000e+00,6.45214998e+00,1.28469432e-02
4.02100025e+01,3.99600025e+01,1.47571420e-03,7.23375848e-06,0.00000000e+00,0.00000000e+00,3.30770079e-04,6.27494731e-06,1.83379781e-04,3.63466936e-06,2.37975934e+00,7.33662606e-03,1.31111997e+04,6.45685314e+01,0.00000000e+00,0.00000000e+00,1.80051957e-03,1.02332543e-05,0.00000000e+00,0.00000000e+00,0.00000000e+00,0.00000000e+00
4.03100275e+01,4.00600275e+01,1.47949201e-03,7.16058305e-06,0.00000000e+00,0.00000000e+00,3.21978509e-04,4.13966716e-06,1.81346362e-04,3.52631701e-06,2.38004777e+00,7.34796267e-03,1.30848296e+04,5.75877386e+01,0.00000000e+00,0.00000000e+00,1.79556023e-03,8.74436997e-06,0.00000000e+00,0.00000000e+00,6.46312998e+00,1.30014670e-02
4.04100526e+01,4.01600526e+01,1.48277135e-03,7.14986205e-06,0.00000000e+00,0.00000000e+00,3.23002500e-04,4.33175507e-06,1.81664053e-04,3.70362237e-06,2.37886332e+00,7.31171122e-03,1.30968948e+04,5.94866055e+01,0.00000000e+00,0.00000000e+00,1.79984927e-03,9.08790806e-06,0.00000000e+00,0.00000000e+00,0.00000000e+00,0.00000000e+00
4.05100776e+01,4.02600776e+01,1.48442212e-03,7.38750348e-06,0.00000000e+00,0.00000000e+00,3.26171007e-04,4.67665511e-06,1.79768262e-04,3.54826505e-06,2.37655092e+00,7.34010990e-03,1.31224034e+04,6.06502557e+01,0.00000000e+00,0.00000000e+00,1.80465087e-03,9.37245558e-06,0.00000000e+00,0.00000000e+00,6.47138998e+00,1.29929199e-02
4.06101027e+01,4.03601027e+01,1.48501456e-03,6.96870829e-06,0.00000000e+00,0.00000000e+00,3.27048320e-04,4.07541866e-06,1.80450370e-04,4.73059614e-06,2.37832833e+00,7.05679001e-03,1.31169418e+04,6.00584287e+01,0.00000000e+00,0.00000000e+00,1.80609482e-03,8.56351378e-06,0.00000000e+00,0.00000000e+00,0.00000000e+00,0.00000000e+00
4.07101277e+01,4.04601277e+01,1.47974922e-03,7.13230251e-06,0.00000000e+00,0.00000000e+00,3.36882824e-04,6.65503998e-06,1.77179238e-04,3.73745592e-06,2.37535482e+00,7.33001628e-03,1.31457993e+04,6.89624156e+01,0.00000000e+00,0.00000000e+00,1.81079548e-03,9.76791945e-06,0.00000000e+00,0.00000000e+00,6.48193998e+00,1.31195895e-02
4.08101527e+01,4.05601527e+01,1.47751110e-03,6.76900783e-06,0.00000000e+00,0.00000000e+00,3.35278861e-04,5.14584312e-06,1.75801461e-04,3.62513063e-06,2.37255113e+00,7.09733166e-03,1.30761921e+04,6.31753263e+01,0.00000000e+00,0.00000000e+00,1.80699588e-03,8.96510057e-06,0.00000000e+00,0.00000000e+00,0.00000000e+00,0.00000000e+00
4.09101778e+01,4.06601778e+01,1.47922416e-03,7.24037408e-06,0.00000000e+00,0.00000000e+00,3.40505902e-04,6.59098046e-06,1.74495993e-04,3.77312686e-06,2.37304770e+00,7.06068589e-03,1.30836066e+04,7.19405681e+01,0.00000000e+00,0.00000000e+00,1.81403091e-03,1.08805852e-05,0.00000000e+00,0.00000000e+00,6.48718998e+00,1.32435831e-02
4.10102028e+01,4.07602028e+01,1.47925271e-03,7.28045009e-06,0.00000000e+00,0.00000000e+00,3.41116446e-04,6.70606598e-06,1.71714485e-04,3.95825531e-06,2.37037153e+00,7.49466042e-03,1.30491553e+04,6.81841978e+01,0.00000000e+00,0.00000000e+00,1.81480882e-03,1.08425046e-05,0.00000000e+00,0.00000000e+00,0.00000000e+00,0.00000000e+00
4.11102278e+01,4.08602278e+01,1.47701284e-03,7.24748581e-06,0.00000000e+00,0.00000000e+00,3.36545770e-04,7.66551355e-06,1.72665572e-04,4.53626614e-06,2.36681403e+00,7.25056064e-03,1.30030762e+04,8.11571531e+01,0.00000000e+00,0.00000000e+00,1.80782746e-03,1.13098527e-05,0.00000000e+00,0.00000000e+00,6.49581998e+00,1.32389653e-02
4.12102529e+01,4.09602529e+01,1.47854284e-03,7.10219247e-06,0.00000000e+00,0.00000000e+00,3.31723271e-04,5.81996991e-06,1.71889852e-04,4.35685209e-06,2.36875846e+00,6.80619483e-03,1.29392367e+04,6.80252545e+01,0.00000000e+00,0.00000000e+00,1.80466273e-03,9.87570331e-06,0.00000000e+00,0.00000000e+00,0.00000000e+00,0.00000000e+00
4.13102779e+01,4.10602779e+01,1.47888388e-03,6.58412066e-06,0.00000000e+00,0.00000000e+00,3.25045568e-04,4.81863796e-06,1.71559249e-04,4.54387017e-06,2.36809934e+00,6.08165319e-03,1.28903514e+04,5.97906858e+01,0.00000000e+00,0.00000000e+00,1.79835991e-03,8.60128463e-06,0.00000000e+00,0.00000000e+00,6.50241998e+00,1.30603284e-02
4.14103030e+01,4.11603030e+01,1.47877535e-03,6.81642446e-06,0.00000000e+00,0.00000000e+00,3.28775924e-04,5.20650643e-06,1.69683684e-04,5.13943296e-06,2.36456986e+00,6.17019021e-03,1.28984179e+04,5.96699084e+01,0.00000000e+00,0.00000000e+00,1.80206902e-03,8.81115218e-06,0.00000000e+00,0.00000000e+00,0.00000000e+00,0.00000000e+00
4.15103280e+01,4.12603280e+01,1.47510139e-03,6.75581792e-06,0.00000000e+00,0.00000000e+00,3.24949162e-04,4.69680414e-06,1.65601075e-04,3.73050368e-06,2.35832049e+00,6.54267214e-03,1.28177878e+04,5.92264193e+01,0.00000000e+00,0.00000000e+00,1.79465349e-03,9.00178525e-06,0.00000000e+00,0.00000000e+00,6.50964998e+00,1.31170601e-02
4.16103530e+01,4.13603530e+01,1.47605188e-03,7.06493539e-06,0.00000000e+00,0.00000000e+00,3.26220686e-04,4.57997973e-06,1.63987269e-04,3.61707220e-06,2.36119362e+00,6.46766391e-03,1.28238092e+04,6.02693076e+01,0.00000000e+00,0.00000000e+00,1.79696878e-03,9.26621945e-06,0.00000000e+00,0.00000000e+00,0.00000000e+00,0.00000000e+00
4.17103781e+01,4.14603781e+01,1.47592210e-03,7.24776870e-06,0.00000000e+00,0.00000000e+00,3.33038140e-04,5.51411257e-06,1.60696921e-04,3.67811363e-06,2.36188131e+00,6.41221594e-03,1.28383592e+04,6.31115182e+01,0.00000000e+00,0.00000000e+00,1.80376693e-03,9.92177004e-06,0.00000000e+00,0.00000000e+00,6.51830998e+00,1.31002412e-02
4.18104031e+01,4.15604031e+01,1.47620473e-03,7.07450308e-06,0.00000000e+00,0.00000000e+00,3.30230893e-04,5.02475659e-06,1.59664504e-04,3.69609261e-06,2.35823778e+00,6.80753595e-03,1.28014055e+04,5.99864194e+01,0.00000000e+00,0.00000000e+00,1.80127806e-03,9.33295004e-06,0.00000000e+00,0.00000000e+00,0.00000000e+00,0.00000000e+00
4.19104281e+01,4.16604281e+01,1.47733273e-03,7.45040166e-06,0.00000000e+00,0.00000000e+00,3.35901004e-04,6.46627268e-06,1.58085074e-04,3.78239619e-06,2.35479422e+00,6.67787013e-03,1.28258298e+04,6.87975437e+01,0.00000000e+00,0.00000000e+00,1.80811467e-03,1.08376017e-05,0.00000000e+00,0.00000000e+00,6.52620998e+00,1.31176677e-02
4.20104532e+01,4.17604532e+01,1.47920350e-03,7.25353880e-06,0.00000000e+00,0.00000000e+00,3.30599425e-04,4.95479118e-06,1.56477053e-04,3.60682470e-06,2.35305157e+00,6.62826932e-03,1.27675112e+04,5.93556007e+01,0.00000000e+00,0.00000000e+00,1.80472304e-03,9.58413405e-06,0.00000000e+00,0.00000000e+00,0.00000000e+00,0.00000000e+00
4.21104782e+01,4.18604782e+01,1.47727434e-03,7.13839311e-06,0.00000000e+00,0.00000000e+00,3.29831657e-04,4.84895840e-06,1.64610567e-04,7.50629942e-06,2.35167744e+00,6.86492759e-03,1.27975429e+04,6.72942503e+01,0.00000000e+00,0.00000000e+00,1.80175615e-03,9.21054285e-06,0.00000000e+00,0.00000000e+00,6.53332998e+00,1.27282565e-02
4.22105033e+01,4.19605033e+01,1.47603423e-03,6.84657415e-06,0.00000000e+00,0.00000000e+00,3.28320769e-04,5.16825772e-06,1.55866031e-04,4.18979491e-06,2.34855548e+00,6.66190851e-03,1.27157075e+04,5.64401432e+01,0.00000000e+00,0.00000000e+00,1.79921841e-03,8.97103535e-06,0.00000000e+00,0.00000000e+00,0.00000000e+00,0.00000000e+00
4.23105283e+01,4.20605283e+01,1.47728805e-03,6.96834659e-06,0.00000000e+00,0.00000000e+00,3.31649256e-04,5.83060290e-06,1.51214057e-04,3.50483312e-06,2.34650893e+00,6.76272564e-03,1.27262313e+04,5.94555455e+01,0.00000000e+00,0.00000000e+00,1.80391786e-03,9.76827340e-06,0.00000000e+00,0.00000000e+00,6.54185998e+00,1.24586352e-02
4.24105533e+01,4.21605533e+01,1.48173133e-03,6.74648849e-06,0.00000000e+00,0.00000000e+00,3.35108475e-04,5.79288329e-06,1.50747642e-04,3.68360192e-06,2.34765679e+00,6.62043693e-03,1.27468676e+04,6.35416256e+01,0.00000000e+00,0.00000000e+00,1.81186175e-03,9.94721703e-06,0.00000000e+00,0.00000000e+00,0.00000000e+00,0.00000000e+00
4.25105784e+01,4.22605784e+01,1.48097771e-03,7.00571016e-06,0.00000000e+00,0.00000000e+00,3.33930322e-04,6.79576295e-06,1.47698576e-04,3.44990993e-06,2.34723392e+00,6.77204704e-03,1.27031587e+04,6.72987568e+01,0.00000000e+00,0.00000000e+00,1.81003001e-03,1.04683892e-05,0.00000000e+00,0.00000000e+00,6.54923998e+00,1.25412627e-02
4.26106034e+01,4.23606034e+01,1.48013877e-03,7.11114632e-06,0.00000000e+00,0.00000000e+00,3.31518279e-04,5.66486228e-06,1.44865936e-04,3.24420393e-06,2.34346173e+00,6.74663487e-03,1.26679873e+04,6.19881139e+01,0.00000000e+00,0.00000000e+00,1.80687475e-03,9.60407585e-06,0.00000000e+00,0.00000000e+00,0.00000000e+00,0.00000000e+00
4.27106284e+01,4.24606284e+01,1.48080251e-03,7.02174554e-06,0.00000000e+00,0.00000000e+00,3.30939515e-04,5.24602018e-06,1.44800422e-04,3.21792872e-06,2.34023178e+00,6.50045431e-03,1.26455791e+04,5.73247871e+01,0.00000000e+00,0.00000000e+00,1.80696982e-03,9.40001659e-06,0.00000000e+00,0.00000000e+00,6.55786998e+00,1.24474469e-02
4.28106535e+01,4.25606535e+01,1.48075204e-03,6.88299215e-06,0.00000000e+00,0.00000000e+00,3.28317985e-04,4.40129681e-06,1.44424671e-04,3.22542526e-06,2.33851526e+00,6.23680528e-03,1.26205483e+04,5.31650683e+01,0.00000000e+00,0.00000000e+00,1.80421229e-03,8.37412389e-06,0.00000000e+00,0.00000000e+00,0.00000000e+00,0.00000000e+00
4.29106785e+01,4.26606785e+01,1.47957505e-03,6.53783262e-06,0.00000000e+00,0.00000000e+00,3.25868952e-04,4.62400697e-06,1.45623347e-04,4.60426213e-06,2.33841986e+00,5.95215279e-03,1.25918720e+04,5.15020864e+01,0.00000000e+00,0.00000000e+00,1.80058644e-03,7.86747661e-06,0.00000000e+00,0.00000000e+00,6.56351998e+00,1.24535790e-02
4.30107036e+01,4.27607036e+01,1.48379800e-03,6.41064197e-06,0.00000000e+00,0.00000000e+00,3.33309361e-04,7.11833535e-06,1.42618696e-04,4.11388330e-06,2.34079475e+00,6.14855570e-03,1.26375101e+04,6.07661263e+01,0.00000000e+00,0.00000000e+00,1.81238991e-03,9.45804973e-06,0.00000000e+00,0.00000000e+00,0.00000000e+00,0.00000000e+00
4.31107286e+01,4.28607286e+01,1.48654020e-03,7.20987687e-06,0.00000000e+00,0.00000000e+00,3.28845313e-04,5.28268260e-06,1.45473003e-04,4.69177721e-06,2.34104541e+00,6.73288324e-03,1.26107810e+04,5.63750365e+01,0.00000000e+00,0.00000000e+00,1.81063687e-03,9.14042926e-06,0.00000000e+00,0.00000000e+00,6.56816998e+00,1.23474384e-02
4.32107536e+01,4.29607536e+01,1.48604754e-03,6.97178142e-06,0.00000000e+00,0.00000000e+00,3.29953336e-04,5.70221756e-06,1.43781615e-04,4.26031476e-06,2.33644596e+00,6.15591050e-03,1.26050365e+04,5.59906372e+01,0.00000000e+00,0.00000000e+00,1.81124605e-03,9.00500909e-06,0.00000000e+00,0.00000000e+00,0.00000000e+00,0.00000000e+00
4.33107787e+01,4.30607787e+01,1.48344107e-03,6.87333882e-06,0.00000000e+00,0.00000000e+00,3.23367634e-04,4.87795017e-06,1.41746894e-04,3.98648415e-06,2.33347106e+00,6.02088044e-03,1.25440295e+04,4.98332383e+01,0.00000000e+00,0.00000000e+00,1.80208248e-03,8.30739298e-06,0.00000000e+00,0.00000000e+00,6.57574998e+00,1.27431386e-02
4.34108037e+01,4.31608037e+01,1.48913894e-03,7.49862359e-06,0.00000000e+00,0.00000000e+00,3.18508355e-04,4.62350415e-06,1.39747277e-04,3.82870948e-06,2.33461003e+00,6.04336960e-03,1.25061117e+04,5.03746178e+01,0.00000000e+00,0.00000000e+00,1.80303566e-03,8.92637961e-06,0.00000000e+00,0.00000000e+00,0.00000000e+00,0.00000000e+00
4.35108287e+01,4.32608287e+01,1.48977562e-03,7.40378336e-06,0.00000000e+00,0.00000000e+00,3.26680812e-04,5.52597926e-06,1.37377265e-04,3.47522017e-06,2.32948677e+00,6.28068730e-03,1.25394609e+04,5.82811321e+01,0.00000000e+00,0.00000000e+00,1.81187032e-03,9.49990357e-06,0.00000000e+00,0.00000000e+00,6.58377998e+00,1.26602514e-02
4.36108538e+01,4.33608538e+01,1.48411156e-03,7.27828652e-06,0.00000000e+00,0.00000000e+00,3.23963731e-04,5.91378581e-06,1.36324343e-04,3.43636760e-06,2.32711524e+00,6.26322684e-03,1.24806817e+04,6.16497476e+01,0.00000000e+00,0.00000000e+00,1.80352235e-03,9.90011624e-06,0.00000000e+00,0.00000000e+00,0.00000000e+00,0.00000000e+00
4.37108788e+01,4.34608788e+01,1.48382188e-03,7.29392050e-06,0.00000000e+00,0.00000000e+00,3.36064184e-04,9.49588317e-06,1.34380629e-04,3.67643910e-06,2.32591597e+00,6.52869359e-03,1.25516823e+04,8.54416508e+01,0.00000000e+00,0.00000000e+00,1.81533487e-03,1.27790403e-05,0.00000000e+00,0.00000000e+00,6.59060998e+00,1.30719689e-02
4.38109039e+01,4.35609039e+01,1.48462058e-03,7.48503908e-06,0.00000000e+00,0.00000000e+00,3.32343079e-04,6.77674904e-06,1.33913028e-04,4.36943709e-06,2.32445781e+00,6.21718660e-03,1.25013025e+04,6.90016836e+01,0.00000000e+00,0.00000000e+00,1.81246565e-03,1.09249396e-05,0.00000000e+00,0.00000000e+00,0.00000000e+00,0.00000000e+00
4.39109289e+01,4.36609289e+01,1.48562002e-03,7.52186509e-06,0.00000000e+00,0.00000000e+00,3.32410526e-04,7.02903394e-06,1.32749424e-04,4.26287914e-06,2.32370453e+00,6.24792118e-03,1.24799371e+04,6.37993211e+01,0.00000000e+00,0.00000000e+00,1.81360465e-03,1.01262147e-05,0.00000000e+00,0.00000000e+00,6.59767998e+00,1.31091302e-02
4.40109539e+01,4.37609539e+01,1.48725138e-03,7.47359164e-06,0.00000000e+00,0.00000000e+00,3.25767967e-04,6.29287424e-06,1.28455794e-04,3.38600909e-06,2.32447961e+00,6.39639093e-03,1.24249722e+04,6.24946016e+01,0.00000000e+00,0.00000000e+00,1.80872989e-03,1.02012420e-05,0.00000000e+00,0.00000000e+00,0.00000000e+00,0.00000000e+00
4.41109790e+01,4.38609790e+01,1.48585846e-03,7.19528819e-06,0.00000000e+00,0.00000000e+00,3.18731734e-04,5.07186850e-06,1.27442926e-04,3.38481763e-06,2.32124008e+00,6.41276215e-03,1.23427280e+04,5.31900105e+01,0.00000000e+00,0.00000000e+00,1.80035288e-03,8.91278842e-06,0.00000000e+00,0.00000000e+00,6.60414998e+00,1.33189734e-02
4.42110040e+01,4.39610040e+01,1.48237038e-03,7.13984434e-06,0.00000000e+00,0.00000000e+00,3.22670536e-04,5.45381018e-06,1.26673574e-04,3.38332464e-06,2.31812830e+00,6.05574269e-03,1.23271180e+04,5.64014054e+01,0.00000000e+00,0.00000000e+00,1.80086116e-03,9.14106868e-06,0.00000000e+00,0.00000000e+00,0.00000000e+00,0.00000000e+00
4.43110290e+01,4.40610290e+01,1.48371284e-03,7.14657322e-06,0.00000000e+00,0.00000000e+00,3.29114895e-04,6.26497177e-06,1.26327132e-04,3.49566913e-06,2.31624779e+00,5.84733282e-03,1.23822789e+04,6.37325450e+01,0.00000000e+00,0.00000000e+00,1.80868223e-03,1.03349428e-05,0.00000000e+00,0.00000000e+00,6.60994998e+00,1.35408887e-02
4.44110541e+01,4.41610541e+01,1.48942750e-03,6.74700181e-06,0.00000000e+00,0.00000000e+00,3.31666434e-04,5.85975016e-06,1.26642227e-04,3.71498650e-06,2.31895910e+00,5.90647414e-03,1.24216977e+04,6.10546306e+01,0.00000000e+00,0.00000000e+00,1.81690351e-03,9.78527086e-06,0.00000000e+00,0.00000000e+00,0.00000000e+00,0.00000000e+00
4.45110791e+01,4.42610791e+01,1.49224329e-03,6.93407092e-06,0.00000000e+00,0.00000000e+00,3.32397518e-04,6.26642156e-06,1.25507284e-04,3.62752107e-06,2.32005853e+00,5.80545433e-03,1.24212736e+04,6.27177795e+01,0.00000000e+00,0.00000000e+00,1.82048530e-03,1.01098895e-05,0.00000000e+00,0.00000000e+00,6.61639998e+00,1.32990481e-02
4.46111042e+01,4.43611042e+01,1.49343755e-03,6.45921476e-06,0.00000000e+00,0.00000000e+00,3.27336370e-04,5.68373757e-06,1.24439158e-04,3.71371074e-06,2.31703455e+00,5.92979815e-03,1.23703821e+04,6.25219338e+01,0.00000000e+00,0.00000000e+00,1.81669141e-03,9.80966269e-06,0.00000000e+00,0.00000000e+00,0.00000000e+00,0.00000000e+00
4.47111292e+01,4.44611292e+01,1.49542266e-03,7.06335622e-06,0.00000000e+00,0.00000000e+00,3.28260330e-04,5.77466601e-06,1.23450699e-04,3.71012692e-06,2.31490348e+00,5.87735591e-03,1.23650918e+04,6.27177911e+01,0.00000000e+00,0.00000000e+00,1.81964563e-03,9.90909535e-06,0.00000000e+00,0.00000000e+00,6.62341998e+00,1.34527403e-02
4.48111542e+01,4.45611542e+01,1.49440906e-03,6.97390750e-06,0.00000000e+00,0.00000000e+00,3.29781928e-04,5.66963871e-06,1.22859436e-04,3.69823892e-06,2.31609536e+00,5.95412014e-03,1.23848908e+04,6.32722928e+01,0.00000000e+00,0.00000000e+00,1.82012079e-03,9.58853701e-06,0.00000000e+00,0.00000000e+00,0.00000000e+00,0.00000000e+00
4.49111793e+01,4.46611793e+01,1.49251088e-03,7.20608022e-06,0.00000000e+00,0.00000000e+00,3.31343581e-04,6.12239112e-06,1.22659714e-04,3.74522618e-06,2.31460314e+00,5.88797993e-03,1.23576681e+04,6.48791740e+01,0.00000000e+00,0.00000000e+00,1.81978329e-03,1.01410718e-05,0.00000000e+00,0.00000000e+00,6.62999998e+00,1.33806596e-02
4.50112043e+01,4.47612043e+01,1.49372550e-03,7.47188401e-06,0.00000000e+00,0.00000000e+00,3.29861765e-04,5.76059151e-06,1.22022459e-04,3.69963991e-06,2.30763595e+00,5.75769687e-03,1.23208343e+04,6.35728256e+01,0.00000000e+00,0.00000000e+00,1.81957368e-03,1.03898147e-05,0.00000000e+00,0.00000000e+00,0.00000000e+00,0.00000000e+00
4.51112293e+01,4.48612293e+01,1.49451106e-03,7.45706733e-06,0.00000000e+00,0.00000000e+00,3.26927487e-04,6.20824385e-06,1.20391893e-04,3.72120470e-06,2.30760352e+00,6.17101698e-03,1.22939907e+04,6.97528741e+01,0.00000000e+00,0.00000000e+00,1.81747615e-03,1.10326208e-05,0.00000000e+00,0.00000000e+00,6.63934998e+00,1.33311551e-02
4.52112544e+01,4.49612544e+01,1.49545201e-03,7.29115415e-06,0.00000000e+00,0.00000000e+00,3.23720073e-04,5.70033608e-06,1.18927051e-04,3.56064006e-06,2.30317676e+00,6.40648638e-03,1.22682713e+04,6.42644540e+01,0.00000000e+00,0.00000000e+00,1.81524007e-03,1.03918343e-05,0.00000000e+00,0.00000000e+00,0.00000000e+00,0.00000000e+00
4.53112794e+01,4.50612794e+01,1.49506964e-03,7.22206952e-06,0.00000000e+00,0.00000000e+00,3.30889879e-04,8.11869084e-06,1.17616740e-04,3.48769367e-06,2.30039769e+00,6.26160207e-03,1.22896835e+04,7.50928172e+01,0.00000000e+00,0.00000000e+00,1.82206173e-03,1.18431536e-05,0.00000000e+00,0.00000000e+00,6.64707998e+00,1.36469834e-02
4.54113045e+01,4.51613045e+01,1.49320370e-03,7.30320398e-06,0.00000000e+00,0.00000000e+00,3.29542504e-04,6.65534495e-06,1.15994245e-04,3.46455220e-06,2.29979320e+00,6.31239788e-03,1.22710345e+04,6.64842194e+01,0.00000000e+00,0.00000000e+00,1.81885227e-03,1.09720144e-05,0.00000000e+00,0.00000000e+00,0.00000000e+00,0.00000000e+00
4.55113295e+01,4.52613295e+01,1.49749488e-03,7.14896514e-06,0.00000000e+00,0.00000000e+00,3.27732403e-04,5.77004477e-06,1.14574813e-04,3.38439999e-06,2.30083566e+00,6.02455525e-03,1.22639682e+04,6.42233035e+01,0.00000000e+00,0.00000000e+00,1.82133912e-03,1.02305356e-05,0.00000000e+00,0.00000000e+00,6.65224998e+00,1.38100567e-02
4.56113545e+01,4.53613545e+01,1.49292823e-03,7.16307806e-06,0.00000000e+00,0.00000000e+00,3.21124358e-04,4.33508034e-06,1.13816077e-04,3.30748942e-06,2.29744655e+00,5.87890040e-03,1.21738232e+04,5.59255853e+01,0.00000000e+00,0.00000000e+00,1.81023559e-03,8.87190514e-06,0.00000000e+00,0.00000000e+00,0.00000000e+00,0.00000000e+00
4.57113796e+01,4.54613796e+01,1.48901135e-03,7.02372748e-06,0.00000000e+00,0.00000000e+00,3.18308111e-04,4.28382636e-06,1.17965537e-04,5.72577924e-06,2.29266905e+00,5.46169947e-03,1.21587196e+04,5.84349637e+01,0.00000000e+00,0.00000000e+00,1.80342519e-03,9.18199055e-06,0.00000000e+00,0.00000000e+00,6.65703999e+00,1.38297511e-02
4.58114046e+01,4.55614046e+01,1.49315020e-03,6.88784802e-06,0.00000000e+00,0.00000000e+00,3.24633678e-04,5.26511694e-06,1.15205338e-04,4.63215341e-06,2.29509220e+00,5.87634276e-03,1.21840523e+04,5.80820033e+01,0.00000000e+00,0.00000000e+00,1.81397260e-03,9.56222789e-06,0.00000000e+00,0.00000000e+00,0.00000000e+00,0.00000000e+00
4.59114296e+01,4.56614296e+01,1.49716659e-03,7.53401855e-06,0.00000000e+00,0.00000000e+00,3.28759792e-04,6.28082462e-06,1.13969181e-04,4.03134324e-06,2.29168631e+00,6.03159791e-03,1.22127632e+04,5.43140363e+01,0.00000000e+00,0.00000000e+00,1.82214059e-03,9.81627976e-06,0.00000000e+00,0.00000000e+00,6.66373999e+00,1.38027715e-02
4.60114547e+01,4.57614547e+01,1.49226059e-03,7.46356932e-06,0.00000000e+00,0.00000000e+00,3.20431302e-04,4.80337474e-06,1.10296509e-04,3.24661072e-06,2.28901038e+00,5.82577285e-03,1.21092625e+04,5.17891086e+01,0.00000000e+00,0.00000000e+00,1.80898807e-03,9.41382318e-06,0.00000000e+00,0.00000000e+00,0.00000000e+00,0.00000000e+00
4.61114797e+01,4.58614797e+01,1.49436030e-03,7.93004851e-06,0.00000000e+00,0.00000000e+00,3.29719167e-04,9.83580897e-06,1.14294881e-04,5.69666676e-06,2.28660199e+00,6.15596740e-03,1.22019621e+04,8.78237049e+01,0.00000000e+00,0.00000000e+00,1.82020945e-03,1.33833746e-05,0.00000000e+00,0.00000000e+00,6.67208999e+00,1.37409082e-02
4.62115048e+01,4.59615048e+01,1.49787494e-03,7.51849290e-06,0.00000000e+00,0.00000000e+00,3.24325309e-04,7.46495912e-06,1.13962867e-04,6.26261857e-06,2.29010898e+00,6.15366343e-03,1.21832481e+04,7.22525336e+01,0.00000000e+00,0.00000000e+00,1.81834764e-03,1.14891240e-05,0.00000000e+00,0.00000000e+00,0.00000000e+00,0.00000000e+00
4.63115298e+01,4.60615298e+01,1.50083050e-03,7.53385337e-06,0.00000000e+00,0.00000000e+00,3.17608758e-04,4.81002368e-06,1.09892806e-04,3.61719373e-06,2.28690466e+00,6.17556466e-03,1.21393969e+04,5.83355543e+01,0.00000000e+00,0.00000000e+00,1.81466788e-03,9.38864146e-06,0.00000000e+00,0.00000000e+00,6.68213999e+00,1.37941875e-02
4.64115548e+01,4.61615548e+01,1.49264599e-03,7.03543935e-06,0.00000000e+00,0.00000000e+00,3.23399524e-04,6.42007711e-06,1.07709073e-04,3.26915862e-06,2.28157795e+00,5.98067140e-03,1.20983910e+04,6.31659808e+01,0.00000000e+00,0.00000000e+00,1.81234671e-03,9.72123491e-06,0.00000000e+00,0.00000000e+00,0.00000000e+00,0.00000000e+00
4.65115799e+01,4.62615799e+01,1.49712956e-03,7.77633240e-06,0.00000000e+00,0.00000000e+00,3.21191428e-04,5.79703481e-06,1.06333585e-04,3.15288706e-06,2.28126692e+00,6.22492460e-03,1.20854165e+04,5.93629485e+01,0.00000000e+00,0.00000000e+00,1.81467491e-03,1.02402018e-05,0.00000000e+00,0.00000000e+00,6.68609999e+00,1.38201475e-02
4.66116049e+01,4.63616049e+01,1.49746060e-03,7.54080938e-06,0.00000000e+00,0.00000000e+00,3.28084002e-04,7.63002801e-06,1.05408933e-04,3.10540791e-06,2.28039065e+00,6.25445496e-03,1.21122933e+04,6.41665601e+01,0.00000000e+00,0.00000000e+00,1.82194853e-03,1.02929363e-05,0.00000000e+00,0.00000000e+00,0.00000000e+00,0.00000000e+00
4.67116299e+01,4.64616299e+01,1.49265605e-03,7.59581737e-06,0.00000000e+00,0.00000000e+00,3.28905392e-04,7.09853529e-06,1.06533464e-04,3.70154429e-06,2.27310207e+00,6.26344795e-03,1.20834536e+04,6.20407126e+01,0.00000000e+00,0.00000000e+00,1.81790863e-03,1.03390147e-05,0.00000000e+00,0.00000000e+00,6.68885999e+00,1.37256824e-02
4.68116550e+01,4.65616550e+01,1.49382202e-03,7.53527469e-06,0.00000000e+00,0.00000000e+00,3.17460103e-04,4.10879344e-06,1.06003368e-04,3.81019592e-06,2.27038335e+00,6.43736305e-03,1.19945111e+04,5.04248276e+01,0.00000000e+00,0.00000000e+00,1.80764919e-03,8.76234439e-06,0.00000000e+00,0.00000000e+00,0.00000000e+00,0.00000000e+00
4.69116800e+01,4.66616800e+01,1.49750785e-03,7.33341727e-06,0.00000000e+00,0.00000000e+00,3.22858241e-04,5.90746552e-06,1.06987073e-04,4.59608290e-06,2.27209636e+00,6.25154241e-03,1.20320440e+04,6.36342102e+01,0.00000000e+00,0.00000000e+00,1.81670957e-03,1.04851030e-05,0.00000000e+00,0.00000000e+00,6.69625999e+00,1.37431758e-02
4.70117051e+01,4.67617051e+01,1.49794298e-03,7.71352009e-06,0.00000000e+00,0.00000000e+00,3.26405510e-04,6.97439616e-06,1.04598377e-04,3.61953498e-06,2.27328514e+00,6.70086615e-03,1.20470868e+04,6.75667747e+01,0.00000000e+00,0.00000000e+00,1.82079593e-03,1.10296884e-05,0.00000000e+00,0.00000000e+00,0.00000000e+00,0.00000000e+00
4.71117301e+01,4.68617301e+01,1.49860779e-03,7.20416215e-06,0.00000000e+00,0.00000000e+00,3.16314608e-04,4.68208497e-06,1.02546102e-04,3.21880364e-06,2.27443582e+00,6.63685073e-03,1.19462942e+04,5.29893456e+01,0.00000000e+00,0.00000000e+00,1.81147266e-03,9.13168574e-06,0.00000000e+00,0.00000000e+00,6.70051999e+00,1.35371057e-02
4.72117551e+01,4.69617551e+01,1.49631964e-03,7.19193285e-06,0.00000000e+00,0.00000000e+00,3.28754063e-04,6.27389144e-06,1.01950770e-04,3.15934061e-06,2.27005769e+00,6.50417978e-03,1.20106645e+04,6.43787424e+01,0.00000000e+00,0.00000000e+00,1.82167022e-03,1.05986581e-05,0.00000000e+00,0.00000000e+00,0.00000000e+00,0.00000000e+00
4.73117802e+01,4.70617802e+01,1.49654321e-03,7.67118897e-06,0.00000000e+00,0.00000000e+00,3.23683287e-04,5.71637122e-06,1.05070748e-04,4.86853203e-06,2.26510266e+00,6.61618736e-03,1.19916628e+04,6.44181938e+01,0.00000000e+00,0.00000000e+00,1.81670303e-03,1.09440411e-05,0.00000000e+00,0.00000000e+00,6.70591999e+00,1.36966167e-02
4.74118052e+01,4.71618052e+01,1.50034632e-03,7.44661324e-06,0.00000000e+00,0.00000000e+00,3.22605465e-04,5.10497069e-06,1.02040553e-04,3.48232602e-06,2.26901415e+00,6.57728975e-03,1.19911844e+04,5.66154686e+01,0.00000000e+00,0.00000000e+00,1.81950700e-03,1.02429578e-05,0.00000000e+00,0.00000000e+00,0.00000000e+00,0.00000000e+00
4.75118302e+01,4.72618302e+01,1.50298809e-03,7.74421239e-06,0.00000000e+00,0.00000000e+00,3.21323750e-04,4.69302961e-06,1.02772717e-04,4.14458148e-06,2.26799914e+00,6.53277136e-03,1.19825220e+04,5.91093656e+01,0.00000000e+00,0.00000000e+00,1.82081345e-03,1.01804522e-05,0.00000000e+00,0.00000000e+00,6.71305999e+00,1.35503760e-02
4.76118553e+01,4.73618553e+01,1.50274647e-03,7.56861819e-06,0.00000000e+00,0.00000000e+00,3.19340225e-04,4.17509853e-06,1.01212922e-04,3.87547977e-06,2.26797389e+00,6.30072641e-03,1.19499346e+04,5.44933437e+01,0.00000000e+00,0.00000000e+00,1.81864800e-03,9.24327846e-06,0.00000000e+00,0.00000000e+00,0.00000000e+00,0.00000000e+00
4.77118803e+01,4.74618803e+01,1.50288308e-03,7.70016957e-06,0.00000000e+00,0.00000000e+00,3.24615363e-04,4.97505014e-06,9.82154009e-05,3.20238712e-06,2.26397750e+00,6.22054119e-03,1.19645376e+04,6.00252739e+01,0.00000000e+00,0.00000000e+00,1.82415822e-03,9.89814536e-06,0.00000000e+00,0.00000000e+00,6.71650999e+00,1.34513976e-02
4.78119054e+01,4.75619054e+01,1.49859085e-03,8.00916568e-06,0.00000000e+00,0.00000000e+00,3.26039786e-04,6.11500679e-06,9.97118187e-05,5.53639649e-06,2.25704383e+00,6.23384847e-03,1.19435440e+04,7.10592412e+01,0.00000000e+00,0.00000000e+00,1.82123645e-03,1.07444256e-05,0.00000000e+00,0.00000000e+00,0.00000000e+00,0.00000000e+00
4.79119304e+01,4.76619304e+01,1.49489045e-03,7.58596723e-06,0.00000000e+00,0.00000000e+00,3.23430333e-04,5.10804769e-06,9.63686276e-05,3.98452071e-06,2.25317899e+00,6.29895519e-03,1.18889402e+04,6.05909709e+01,0.00000000e+00,0.00000000e+00,1.81502706e-03,9.68949302e-06,0.00000000e+00,0.00000000e+00,6.71896999e+00,1.31373508e-02
4.80119554e+01,4.77619554e+01,1.49755006e-03,7.94602613e-06,0.00000000e+00,0.00000000e+00,3.18676957e-04,4.29212206e-06,9.60161963e-05,3.88491238e-06,2.25048694e+00,6.15108063e-03,1.18618726e+04,6.26435063e+01,0.00000000e+00,0.00000000e+00,1.81293721e-03,9.93531912e-06,0.00000000e+00,0.00000000e+00,0.00000000e+00,0.00000000e+00
4.81119805e+01,4.78619805e+01,1.49572755e-03,7.84629569e-06,0.00000000e+00,0.00000000e+00,3.18018727e-04,4.32603925e-06,9.52097068e-05,3.43499022e-06,2.24861283e+00,6.07488295e-03,1.18225626e+04,5.96448110e+01,0.00000000e+00,0.00000000e+00,1.81051913e-03,1.02088602e-05,0.00000000e+00,0.00000000e+00,6.72294998e+00,1.32109488e-02
4.82120055e+01,4.79620055e+01,1.49735217e-03,7.67547384e-06,0.00000000e+00,0.00000000e+00,3.22497495e-04,5.93565585e-06,9.40500254e-05,3.28944496e-06,2.24518256e+00,6.15691148e-03,1.18397442e+04,6.79553603e+01,0.00000000e+00,0.00000000e+00,1.81668594e-03,1.12104814e-05,0.00000000e+00,0.00000000e+00,0.00000000e+00,0.00000000e+00
4.83120305e+01,4.80620305e+01,1.49900309e-03,7.54941501e-06,0.00000000e+00,0.00000000e+00,3.21692990e-04,5.01798228e-06,9.38661175e-05,3.38007830e-06,2.24535953e+00,6.00862286e-03,1.18418773e+04,6.02216202e+01,0.00000000e+00,0.00000000e+00,1.81747412e-03,1.03024842e-05,0.00000000e+00,0.00000000e+00,6.73059998e+00,1.32335662e-02
4.84120556e+01,4.81620556e+01,1.50030973e-03,7.72021394e-06,0.00000000e+00,0.00000000e+00,3.25307285e-04,6.22532140e-06,9.18609191e-05,2.94110479e-06,2.24632606e+00,6.14738448e-03,1.18395203e+04,5.91194930e+01,0.00000000e+00,0.00000000e+00,1.82249893e-03,1.03696866e-05,0.00000000e+00,0.00000000e+00,0.00000000e+00,0.00000000e+00
4.85120806e+01,4.82620806e+01,1.50133474e-03,8.02384601e-06,0.00000000e+00,0.00000000e+00,3.16534261e-04,4.71908634e-06,9.01659982e-05,2.85906177e-06,2.24107799e+00,6.34333187e-03,1.17448828e+04,5.98127836e+01,0.00000000e+00,0.00000000e+00,1.81480898e-03,1.04295180e-05,0.00000000e+00,0.00000000e+00,6.73371998e+00,1.31864417e-02
4.86121057e+01,4.83621057e+01,1.50028984e-03,8.06039466e-06,0.00000000e+00,0.00000000e+00,3.14006694e-04,4.35608342e-06,8.94386972e-05,2.84542574e-06,2.23978673e+00,6.14315159e-03,1.17216539e+04,5.91309234e+01,0.00000000e+00,0.00000000e+00,1.81127094e-03,9.71777232e-06,0.00000000e+00,0.00000000e+00,0.00000000e+00,0.00000000e+00
4.87121307e+01,4.84621307e+01,1.49565423e-03,7.63033365e-06,0.00000000e+00,0.00000000e+00,3.21429230e-04,5.13464643e-06,8.88947157e-05,2.97811720e-06,2.23527772e+00,5.91420502e-03,1.17302156e+04,5.44826167e+01,0.00000000e+00,0.00000000e+00,1.81408367e-03,9.19576797e-06,0.00000000e+00,0.00000000e+00,6.73844998e+00,1.34492870e-02
4.88121557e+01,4.85621557e+01,1.49597325e-03,8.01930650e-06,0.00000000e+00,0.00000000e+00,3.19260671e-04,4.94135111e-06,8.80610201e-05,3.17409313e-06,2.23675996e+00,5.95830053e-03,1.17216340e+04,6.15378824e+01,0.00000000e+00,0.00000000e+00,1.81224371e-03,1.00310617e-05,0.00000000e+00,0.00000000e+00,0.00000000e+00,0.00000000e+00
4.89121808e+01,4.86621808e+01,1.50157937e-03,8.08745984e-06,0.00000000e+00,0.00000000e+00,3.20265926e-04,5.25300933e-06,8.72775388e-05,3.12191910e-06,2.23637336e+00,5.90267398e-03,1.17491516e+04,5.99931894e+01,0.00000000e+00,0.00000000e+00,1.81888134e-03,9.66999256e-06,0.00000000e+00,0.00000000e+00,6.74275998e+00,1.33176363e-02
4.90122058e+01,4.87622058e+01,1.49954996e-03,8.23737429e-06,0.00000000e+00,0.00000000e+00,3.23132029e-04,5.67005430e-06,8.55413444e-05,2.94317910e-06,2.23314054e+00,6.11709365e-03,1.17386268e+04,6.26130079e+01,0.00000000e+00,0.00000000e+00,1.81974764e-03,9.83441843e-06,0.00000000e+00,0.00000000e+00,0.00000000e+00,0.00000000e+00
4.91122308e+01,4.88622308e+01,1.49897747e-03,8.11556468e-06,0.00000000e+00,0.00000000e+00,3.21930778e-04,5.17802019e-06,8.44045597e-05,2.90614551e-06,2.23300075e+00,6.20368881e-03,1.17114782e+04,6.19386031e+01,0.00000000e+00,0.00000000e+00,1.81794060e-03,9.31820760e-06,0.00000000e+00,0.00000000e+00,6.74887998e+00,1.28337022e-02
4.92122559e+01,4.89622559e+01,1.50009834e-03,7.81527001e-06,0.00000000e+00,0.00000000e+00,3.25617546e-04,7.31350496e-06,8.49950111e-05,3.49687861e-06,2.23031040e+00,5.97863606e-03,1.17457595e+04,7.45050520e+01,0.00000000e+00,0.00000000e+00,1.82270481e-03,1.14090781e-05,0.00000000e+00,0.00000000e+00,0.00000000e+00,0.00000000e+00
4.93122809e+01,4.90622809e+01,1.50141303e-03,7.69714319e-06,0.00000000e+00,0.00000000e+00,3.22425632e-04,7.04362491e-06,8.46341929e-05,4.62834233e-06,2.22653128e+00,5.86872886e-03,1.16956277e+04,6.96376269e+01,0.00000000e+00,0.00000000e+00,1.82091670e-03,1.07068502e-05,0.00000000e+00,0.00000000e+00,6.75231998e+00,1.28621434e-02
4.94123060e+01,4.91623060e+01,1.49788018e-03,7.35955108e-06,0.00000000e+00,0.00000000e+00,3.14720800e-04,4.67331847e-06,8.31458697e-05,3.80483378e-06,2.22203826e+00,5.88352679e-03,1.16109435e+04,5.46667335e+01,0.00000000e+00,0.00000000e+00,1.80975918e-03,8.79428369e-06,0.00000000e+00,0.00000000e+00,0.00000000e+00,0.00000000e+00
4.95123310e+01,4.92623310e+01,1.49722228e-03,7.44696461e-06,0.00000000e+00,0.00000000e+00,3.16750057e-04,4.62038111e-06,8.17500125e-05,3.72986094e-06,2.22582152e+00,5.85457799e-03,1.16384029e+04,5.55425937e+01,0.00000000e+00,0.00000000e+00,1.81109944e-03,8.99714356e-06,0.00000000e+00,0.00000000e+00,6.75825999e+00,1.27569244e-02
4.96123560e+01,4.93623560e+01,1.49195745e-03,7.07573642e-06,0.00000000e+00,0.00000000e+00,3.17069731e-04,5.52905437e-06,8.41938981e-05,5.44247137e-06,2.21876854e+00,6.43118215e-03,1.15948457e+04,5.82334690e+01,0.00000000e+00,0.00000000e+00,1.80612637e-03,9.34424940e-06,0.00000000e+00,0.00000000e+00,0.00000000e+00,0.00000000e+00
4.97123811e+01,4.94623811e+01,1.49221176e-03,7.58610474e-06,0.00000000e+00,0.00000000e+00,3.23539755e-04,5.72353685e-06,8.26666825e-05,4.84916803e-06,2.21469269e+00,6.31569028e-03,1.16224504e+04,6.46105521e+01,0.00000000e+00,0.00000000e+00,1.81292649e-03,1.05040728e-05,0.00000000e+00,0.00000000e+00,6.76294998e+00,1.26874424e-02
4.98124061e+01,4.95624061e+01,1.49063143e-03,7.76609351e-06,0.00000000e+00,0.00000000e+00,3.17893674e-04,5.17979508e-06,7.65759595e-05,2.91577704e-06,2.21101773e+00,6.22917259e-03,1.15548226e+04,5.76808552e+01,0.00000000e+00,0.00000000e+00,1.80588243e-03,9.98671899e-06,0.00000000e+00,0.00000000e+00,0.00000000e+00,0.00000000e+00
4.99124311e+01,4.96624311e+01,1.49182771e-03,7.37240401e-06,0.00000000e+00,0.00000000e+00,3.24146620e-04,5.36753197e-06,7.46036100e-05,2.51774528e-06,2.21235186e+00,6.13712655e-03,1.15909638e+04,5.33892300e+01,0.00000000e+00,0.00000000e+00,1.81338478e-03,9.51781656e-06,0.00000000e+00,0.00000000e+00,6.76499998e+00,1.25537801e-02
5.00124562e+01,4.97624562e+01,1.49358204e-03,7.65290607e-06,0.00000000e+00,0.00000000e+00,3.19906821e-04,4.88468992e-06,7.63982636e-05,3.33474011e-06,2.21224304e+00,6.07087513e-03,1.15607137e+04,5.30753182e+01,0.00000000e+00,0.00000000e+00,1.81085253e-03,9.62946050e-06,0.00000000e+00,0.00000000e+00,0.00000000e+00,0.00000000e+00
5.01124812e+01,4.98624812e+01,1.49482958e-03,7.23853730e-06,0.00000000e+00,0.00000000e+00,3.23705313e-04,5.31409780e-06,7.36821454e-05,2.49571786e-06,2.21122531e+00,5.94365198e-03,1.15803283e+04,5.33603757e+01,0.00000000e+00,0.00000000e+00,1.81595299e-03,9.33533576e-06,0.00000000e+00,0.00000000e+00,6.77439998e+00,1.25723530e-02
5.02125063e+01,4.99625063e+01,1.49170891e-03,7.01815899e-06,0.00000000e+00,0.00000000e+00,3.24135709e-04,6.03614079e-06,7.48844199e-05,3.17729319e-06,2.20701794e+00,5.76331213e-03,1.15588263e+04,6.29547209e+01,0.00000000e+00,0.00000000e+00,1.81322923e-03,1.00983507e-05,0.00000000e+00,0.00000000e+00,0.00000000e+00,0.00000000e+00
5.03125313e+01,5.00625313e+01,1.49037203e-03,7.64176463e-06,0.00000000e+00,0.00000000e+00,3.21086709e-04,5.56758046e-06,7.37218087e-05,2.73170705e-06,2.20419784e+00,6.13547227e-03,1.15360686e+04,6.59028591e+01,0.00000000e+00,0.00000000e+00,1.80883650e-03,1.03458494e-05,0.00000000e+00,0.00000000e+00,6.77592998e+00,1.26364500e-02
5.04125563e+01,5.01625563e+01,1.48452062e-03,7.53389495e-06,0.00000000e+00,0.00000000e+00,3.23021636e-04,6.72570053e-06,7.28781881e-05,2.68715346e-06,2.19691125e+00,6.24536380e-03,1.14714288e+04,6.28874241e+01,0.00000000e+00,0.00000000e+00,1.80500379e-03,1.07411138e-05,0.00000000e+00,0.00000000e+00,0.00000000e+00,0.00000000e+00
5.05125814e+01,5.02625814e+01,1.49062516e-03,7.34670237e-06,0.00000000e+00,0.00000000e+00,3.24721095e-04,5.14466668e-06,7.11805905e-05,2.50009770e-06,2.19639380e+00,6.01077744e-03,1.14858075e+04,5.35654009e+01,0.00000000e+00,0.00000000e+00,1.81287790e-03,9.32117802e-06,0.00000000e+00,0.00000000e+00,6.78189998e+00,1.27907840e-02
5.06126064e+01,5.03626064e+01,1.48946804e-03,7.67143154e-06,0.00000000e+00,0.00000000e+00,3.23344492e-04,5.82147845e-06,7.02857596e-05,2.39519483e-06,2.19491417e+00,6.27248680e-03,1.14567639e+04,5.76118724e+01,0.00000000e+00,0.00000000e+00,1.81042080e-03,9.96927501e-06,0.00000000e+00,0.00000000e+00,0.00000000e+00,0.00000000e+00
5.07126314e+01,5.04626314e+01,1.49321779e-03,8.00575059e-06,0.00000000e+00,0.00000000e+00,3.24602161e-04,8.71830858e-06,7.01971356e-05,2.46747000e-06,2.19156443e+00,6.42236182e-03,1.14959067e+04,7.74476387e+01,0.00000000e+00,0.00000000e+00,1.81538550e-03,1.22926273e-05,0.00000000e+00,0.00000000e+00,6.78579998e+00,1.26525687e-02
5.08126565e+01,5.05626565e+01,1.49182421e-03,7.63526275e-06,0.00000000e+00,0.00000000e+00,3.16127863e-04,4.79424739e-06,7.01012064e-05,2.55962057e-06,2.18751389e+00,6.03256395e-03,1.14190889e+04,5.80099737e+01,0.00000000e+00,0.00000000e+00,1.80550106e-03,9.29055753e-06,0.00000000e+00,0.00000000e+00,0.00000000e+00,0.00000000e+00
5.09126815e+01,5.06626815e+01,1.49242685e-03,7.49109682e-06,0.00000000e+00,0.00000000e+00,3.19941235e-04,4.70811953e-06,6.92255526e-05,2.40505380e-06,2.18866524e+00,6.30826342e-03,1.14353733e+04,5.20622545e+01,0.00000000e+00,0.00000000e+00,1.80997013e-03,8.85024835e-06,0.00000000e+00,0.00000000e+00,6.79126998e+00,1.26963044e-02
5.10127066e+01,5.07627066e+01,1.49062239e-03,6.85972555e-06,0.00000000e+00,0.00000000e+00,3.12927567e-04,4.67386054e-06,6.85512446e-05,2.36366345e-06,2.18393569e+00,6.30034695e-03,1.13573794e+04,4.76994540e+01,0.00000000e+00,0.00000000e+00,1.80119020e-03,8.49593038e-06,0.00000000e+00,0.00000000e+00,0.00000000e+00,0.00000000e+00
5.11127316e+01,5.08627316e+01,1.49204325e-03,6.90286377e-06,0.00000000e+00,0.00000000e+00,3.13850364e-04,4.68796052e-06,6.79096619e-05,2.35811713e-06,2.18462200e+00,6.43315527e-03,1.13538536e+04,4.64323386e+01,0.00000000e+00,0.00000000e+00,1.80353762e-03,8.19878156e-06,0.00000000e+00,0.00000000e+00,6.79448998e+00,1.24674411e-02
5.12127566e+01,5.09627566e+01,1.49353430e-03,6.93252078e-06,0.00000000e+00,0.00000000e+00,3.19865424e-04,5.20304810e-06,6.79161496e-05,2.36002001e-06,2.18461089e+00,6.30784272e-03,1.13971124e+04,5.01557478e+01,0.00000000e+00,0.00000000e+00,1.81106260e-03,9.06500498e-06,0.00000000e+00,0.00000000e+00,0.00000000e+00,0.00000000e+00
5.13127817e+01,5.10627817e+01,1.48687288e-03,6.52420726e-06,0.00000000e+00,0.00000000e+00,3.16626085e-04,4.63200690e-06,6.93912113e-05,3.15915532e-06,2.17808292e+00,6.11667828e-03,1.13608133e+04,5.29457192e+01,0.00000000e+00,0.00000000e+00,1.80107340e-03,8.57593283e-06,0.00000000e+00,0.00000000e+00,6.80148998e+00,1.23773547e-02
5.14128067e+01,5.11628067e+01,1.48780479e-03,6.70158713e-06,0.00000000e+00,0.00000000e+00,3.28467802e-04,6.24485179e-06,6.76450984e-05,2.92182205e-06,2.17754956e+00,5.82379469e-03,1.14234380e+04,6.09137614e+01,0.00000000e+00,0.00000000e+00,1.81393642e-03,9.92466341e-06,0.00000000e+00,0.00000000e+00,0.00000000e+00,0.00000000e+00
5.15128317e+01,5.12628317e+01,1.48362580e-03,6.66068784e-06,0.00000000e+00,0.00000000e+00,3.26255359e-04,8.64321439e-06,6.64967336e-05,2.61556659e-06,2.17321879e+00,6.00200212e-03,1.13750668e+04,7.45499648e+01,0.00000000e+00,0.00000000e+00,1.80764849e-03,1.14400600e-05,0.00000000e+00,0.00000000e+00,6.80652998e+00,1.23027924e-02
5.16128568e+01,5.13628568e+01,1.48855478e-03,7.30932327e-06,0.00000000e+00,0.00000000e+00,3.17736767e-04,5.69451178e-06,6.50146329e-05,2.49338358e-06,2.17461577e+00,6.48717965e-03,1.13244435e+04,5.78149582e+01,0.00000000e+00,0.00000000e+00,1.80404887e-03,9.66730130e-06,0.00000000e+00,0.00000000e+00,0.00000000e+00,0.00000000e+00
5.17128818e+01,5.14628818e+01,1.49229416e-03,7.35263274e-06,0.00000000e+00,0.00000000e+00,3.14291090e-04,4.96238734e-06,6.43764754e-05,2.46837093e-06,2.17144769e+00,6.52280643e-03,1.13221484e+04,5.81651334e+01,0.00000000e+00,0.00000000e+00,1.80433597e-03,9.51687390e-06,0.00000000e+00,0.00000000e+00,6.81044998e+00,1.26674121e-02
5.18129069e+01,5.15629069e+01,1.48979478e-03,6.94341686e-06,0.00000000e+00,0.00000000e+00,3.24275364e-04,8.21760760e-06,6.42838219e-05,2.54898309e-06,2.16794463e+00,6.71449825e-03,1.13625278e+04,7.24563657e+01,0.00000000e+00,0.00000000e+00,1.81182489e-03,1.18722415e-05,0.00000000e+00,0.00000000e+00,0.00000000e+00,0.00000000e+00
5.19129319e+01,5.16629319e+01,1.49177799e-03,7.18496568e-06,0.00000000e+00,0.00000000e+00,3.22924559e-04,6.33447852e-06,6.70320130e-05,3.80249289e-06,2.16543252e+00,6.65755008e-03,1.13753404e+04,6.64187304e+01,0.00000000e+00,0.00000000e+00,1.81232633e-03,9.81250761e-06,0.00000000e+00,0.00000000e+00,6.81627998e+00,1.27832848e-02
5.20129569e+01,5.17629569e+01,1.49190889e-03,6.85865169e-06,0.00000000e+00,0.00000000e+00,3.12534397e-04,4.33438202e-06,6.40164410e-05,2.60965485e-06,2.16477943e+00,6.51795462e-03,1.12820269e+04,5.50472666e+01,0.00000000e+00,0.00000000e+00,1.80222805e-03,8.81812380e-06,0.00000000e+00,0.00000000e+00,0.00000000e+00,0.00000000e+00
5.21129820e+01,5.18629820e+01,1.48491864e-03,6.93667518e-06,0.00000000e+00,0.00000000e+00,3.07957077e-04,4.33515753e-06,6.33821326e-05,2.56657945e-06,2.15774378e+00,6.60071934e-03,1.11830282e+04,5.48535280e+01,0.00000000e+00,0.00000000e+00,1.79075492e-03,9.16847672e-06,0.00000000e+00,0.00000000e+00,6.82065998e+00,1.29631600e-02
5.22130070e+01,5.19630070e+01,1.48968568e-03,7.18232639e-06,0.00000000e+00,0.00000000e+00,3.18944438e-04,7.20829680e-06,6.40137647e-05,2.94799499e-06,2.15991116e+00,6.42387025e-03,1.12979656e+04,6.63221276e+01,0.00000000e+00,0.00000000e+00,1.80649826e-03,1.05035450e-05,0.00000000e+00,0.00000000e+00,0.00000000e+00,0.00000000e+00
5.23130320e+01,5.20630320e+01,1.48926247e-03,7.37481282e-06,0.00000000e+00,0.00000000e+00,3.13438890e-04,5.87992304e-06,6.35915977e-05,2.91999600e-06,2.15681288e+00,6.48529940e-03,1.12277075e+04,5.74586028e+01,0.00000000e+00,0.00000000e+00,1.80056632e-03,9.73905823e-06,0.00000000e+00,0.00000000e+00,6.82443998e+00,1.31917367e-02
5.24130571e+01,5.21630571e+01,1.48964337e-03,7.07466209e-06,0.00000000e+00,0.00000000e+00,3.13424016e-04,5.56116425e-06,6.29516426e-05,2.84777924e-06,2.15465449e+00,6.27024324e-03,1.12342799e+04,5.63117413e+01,0.00000000e+00,0.00000000e+00,1.80094548e-03,9.51170064e-06,0.00000000e+00,0.00000000e+00,0.00000000e+00,0.00000000e+00
5.25130821e+01,5.22630821e+01,1.48964585e-03,7.23008398e-06,0.00000000e+00,0.00000000e+00,3.12177526e-04,4.90974082e-06,6.21853225e-05,2.77747207e-06,2.15231969e+00,6.28805377e-03,1.12025078e+04,5.32320889e+01,0.00000000e+00,0.00000000e+00,1.79972764e-03,9.12667378e-06,0.00000000e+00,0.00000000e+00,6.83035998e+00,1.34008573e-02
5.26131072e+01,5.23631072e+01,1.48424619e-03,6.95599117e-06,0.00000000e+00,0.00000000e+00,3.10379526e-04,5.14401379e-06,6.19362095e-05,2.73164422e-06,2.14419280e+00,6.42027206e-03,1.11515822e+04,5.33069844e+01,0.00000000e+00,0.00000000e+00,1.79254007e-03,9.20157904e-06,0.00000000e+00,0.00000000e+00,0.00000000e+00,0.00000000e+00
5.27131322e+01,5.24631322e+01,1.48771381e-03,7.27829291e-06,0.00000000e+00,0.00000000e+00,3.09349680e-04,4.56833619e-06,5.97986133e-05,2.30114022e-06,2.14600187e+00,6.21535817e-03,1.11574715e+04,4.96799207e+01,0.00000000e+00,0.00000000e+00,1.79501764e-03,8.76444084e-06,0.00000000e+00,0.00000000e+00,6.83388998e+00,1.32133627e-02
5.28131572e+01,5.25631572e+01,1.48417392e-03,7.24613569e-06,0.00000000e+00,0.00000000e+00,3.14165810e-04,5.40014680e-06,5.90270269e-05,2.31126946e-06,2.14264567e+00,6.19868288e-03,1.11508802e+04,5.34715937e+01,0.00000000e+00,0.00000000e+00,1.79631420e-03,9.17937018e-06,0.00000000e+00,0.00000000e+00,0.00000000e+00,0.00000000e+00
5.29131823e+01,5.26631823e+01,1.48485192e-03,6.81797203e-06,0.00000000e+00,0.00000000e+00,3.08759108e-04,4.61754664e-06,5.81437714e-05,2.29089226e-06,2.14274309e+00,6.40793577e-03,1.11087875e+04,4.89441322e+01,0.00000000e+00,0.00000000e+00,1.79160550e-03,8.31469118e-06,0.00000000e+00,0.00000000e+00,6.83841998e+00,1.30160226e-02
5.30132073e+01,5.27632073e+01,1.48290216e-03,6.61272737e-06,0.00000000e+00,0.00000000e+00,3.06845729e-04,4.55171253e-06,5.77814656e-05,2.30071569e-06,2.13829360e+00,6.15087786e-03,1.10805652e+04,4.69631077e+01,0.00000000e+00,0.00000000e+00,1.78775891e-03,7.87289247e-06,0.00000000e+00,0.00000000e+00,0.00000000e+00,0.00000000e+00
5.31132323e+01,5.28632323e+01,1.48165274e-03,7.10480579e-06,0.00000000e+00,0.00000000e+00,3.09777915e-04,5.41880021e-06,5.75396451e-05,2.33807364e-06,2.13279801e+00,6.39728236e-03,1.10949820e+04,6.05585651e+01,0.00000000e+00,0.00000000e+00,1.78943187e-03,9.67045352e-06,0.00000000e+00,0.00000000e+00,6.84346998e+00,1.30614370e-02
5.32132574e+01,5.29632574e+01,1.48298365e-03,6.99801955e-06,0.00000000e+00,0.00000000e+00,3.05057287e-04,4.59838923e-06,5.74881549e-05,2.41447617e-06,2.13020103e+00,6.03595151e-03,1.10578820e+04,5.33897994e+01,0.00000000e+00,0.00000000e+00,1.78604471e-03,8.51377329e-06,0.00000000e+00,0.00000000e+00,0.00000000e+00,0.00000000e+00
5.33132824e+01,5.30632824e+01,1.47899766e-03,6.76979875e-06,0.00000000e+00,0.00000000e+00,3.07190339e-04,5.60229684e-06,5.74952265e-05,2.50840191e-06,2.12787127e+00,6.08679146e-03,1.10715590e+04,6.49788545e+01,0.00000000e+00,0.00000000e+00,1.78410651e-03,9.10642383e-06,0.00000000e+00,0.00000000e+00,6.84774998e+00,1.29901326e-02
5.34133075e+01,5.31633075e+01,1.47998770e-03,7.23431355e-06,0.00000000e+00,0.00000000e+00,3.12291142e-04,6.02105545e-06,5.84827654e-05,2.76607934e-06,2.12724729e+00,6.07930778e-03,1.11096066e+04,7.35623414e+01,0.00000000e+00,0.00000000e+00,1.79012927e-03,1.00425765e-05,0.00000000e+00,0.00000000e+00,0.00000000e+00,0.00000000e+00
5.35133325e+01,5.32633325e+01,1.48055638e-03,7.40316510e-06,0.00000000e+00,0.00000000e+00,3.15752335e-04,7.43736726e-06,5.66622086e-05,2.44766262e-06,2.12468237e+00,6.13716058e-03,1.10941447e+04,7.27936254e+01,0.00000000e+00,0.00000000e+00,1.79430018e-03,1.08956090e-05,0.00000000e+00,0.00000000e+00,6.85143998e+00,1.30094563e-02
5.36133575e+01,5.33633575e+01,1.48051946e-03,7.65279681e-06,0.00000000e+00,0.00000000e+00,3.09057402e-04,4.89458836e-06,5.59349634e-05,2.45391869e-06,2.12209868e+00,6.30034215e-03,1.10397370e+04,6.07439186e+01,0.00000000e+00,0.00000000e+00,1.78759373e-03,9.85029300e-06,0.00000000e+00,0.00000000e+00,0.00000000e+00,0.00000000e+00
5.37133826e+01,5.34633826e+01,1.48115006e-03,7.46005331e-06,0.00000000e+00,0.00000000e+00,3.15310059e-04,7.31580352e-06,5.54545920e-05,2.48343759e-06,2.11819365e+00,6.26633541e-03,1.10601607e+04,6.96429114e+01,0.00000000e+00,0.00000000e+00,1.79454501e-03,1.11085562e-05,0.00000000e+00,0.00000000e+00,6.85207998e+00,1.31226676e-02
5.38134076e+01,5.35634076e+01,1.48043638e-03,7.46635958e-06,0.00000000e+00,0.00000000e+00,3.13451867e-04,6.63114514e-06,5.58000461e-05,2.67565345e-06,2.11493709e+00,6.09157045e-03,1.10360079e+04,6.67673951e+01,0.00000000e+00,0.00000000e+00,1.79195561e-03,1.08345869e-05,0.00000000e+00,0.00000000e+00,0.00000000e+00,0.00000000e+00
5.39134326e+01,5.36634326e+01,1.47980546e-03,7.44123126e-06,0.00000000e+00,0.00000000e+00,3.09647788e-04,5.24742118e-06,5.47911987e-05,2.40100639e-06,2.11323693e+00,6.33515459e-03,1.09826423e+04,6.05422180e+01,0.00000000e+00,0.00000000e+00,1.78757983e-03,1.02853309e-05,0.00000000e+00,0.00000000e+00,6.85611998e+00,1.33781472e-02
5.40134577e+01,5.37634577e+01,1.48339883e-03,7.44330732e-06,0.00000000e+00,0.00000000e+00,3.06318323e-04,4.84456676e-06,5.39540039e-05,2.35357696e-06,2.11318554e+00,6.18354662e-03,1.09690983e+04,5.83007202e+01,0.00000000e+00,0.00000000e+00,1.78787990e-03,9.75335937e-06,0.00000000e+00,0.00000000e+00,0.00000000e+00,0.00000000e+00
5.41134827e+01,5.38634827e+01,1.48267866e-03,7.47697007e-06,0.00000000e+00,0.00000000e+00,3.14535787e-04,6.56216823e-06,5.35474847e-05,2.34103823e-06,2.11362635e+00,6.19426637e-03,1.10098131e+04,6.56507925e+01,0.00000000e+00,0.00000000e+00,1.79539476e-03,1.02233980e-05,0.00000000e+00,0.00000000e+00,6.85927998e+00,1.33366145e-02
5.42135078e+01,5.39635078e+01,1.47520757e-03,7.66037863e-06,0.00000000e+00,0.00000000e+00,3.13494428e-04,6.24788156e-06,5.33378885e-05,2.32904530e-06,2.11071664e+00,6.14830935e-03,1.09764140e+04,5.78152126e+01,0.00000000e+00,0.00000000e+00,1.78688553e-03,9.07654198e-06,0.00000000e+00,0.00000000e+00,0.00000000e+00,0.00000000e+00
5.43135328e+01,5.40635328e+01,1.47584315e-03,7.45261324e-06,0.00000000e+00,0.00000000e+00,3.11629179e-04,6.83682058e-06,5.30768750e-05,2.31685753e-06,2.10694114e+00,5.93676127e-03,1.09479329e+04,6.04402064e+01,0.00000000e+00,0.00000000e+00,1.78567085e-03,1.01634630e-05,0.00000000e+00,0.00000000e+00,6.86496998e+00,1.33607938e-02
5.44135578e+01,5.41635578e+01,1.47896627e-03,7.89991778e-06,0.00000000e+00,0.00000000e+00,3.11907071e-04,6.04577142e-06,5.29728431e-05,2.32816377e-06,2.10660794e+00,5.91974004e-03,1.09639542e+04,6.17435488e+01,0.00000000e+00,0.00000000e+00,1.78907885e-03,1.05533404e-05,0.00000000e+00,0.00000000e+00,0.00000000e+00,0.00000000e+00
5.45135829e+01,5.42635829e+01,1.47752105e-03,7.37980943e-06,0.00000000e+00,0.00000000e+00,3.10688430e-04,4.93749373e-06,5.31208932e-05,2.48938248e-06,2.09927326e+00,5.84346685e-03,1.09662127e+04,5.93833198e+01,0.00000000e+00,0.00000000e+00,1.78626772e-03,9.22112845e-06,0.00000000e+00,0.00000000e+00,6.86880998e+00,1.32453292e-02
5.46136079e+01,5.43636079e+01,1.47819525e-03,7.18436224e-06,0.00000000e+00,0.00000000e+00,3.20614587e-04,8.52516066e-06,5.33087356e-05,2.63618172e-06,2.09491868e+00,5.44054579e-03,1.10288535e+04,7.46754450e+01,0.00000000e+00,0.00000000e+00,1.79691427e-03,1.13704101e-05,0.00000000e+00,0.00000000e+00,0.00000000e+00,0.00000000e+00
5.47136329e+01,5.44636329e+01,1.47751411e-03,7.36048078e-06,0.00000000e+00,0.00000000e+00,3.11487995e-04,6.17956300e-06,5.24161757e-05,2.50890161e-06,2.09473221e+00,5.67433964e-03,1.09504013e+04,5.93051473e+01,0.00000000e+00,0.00000000e+00,1.78713865e-03,1.01589280e-05,0.00000000e+00,0.00000000e+00,6.87430998e+00,1.32249822e-02
5.48136580e+01,5.45636580e+01,1.47721870e-03,7.82055596e-06,0.00000000e+00,0.00000000e+00,3.07872213e-04,5.11347614e-06,5.13923641e-05,2.34813492e-06,2.09380674e+00,6.01663640e-03,1.08968724e+04,5.75386700e+01,0.00000000e+00,0.00000000e+00,1.78328895e-03,1.04888673e-05,0.00000000e+00,0.00000000e+00,0.00000000e+00,0.00000000e+00
5.49136830e+01,5.46636830e+01,1.47649743e-03,8.14253556e-06,0.00000000e+00,0.00000000e+00,3.10284840e-04,5.85326339e-06,5.09841664e-05,2.32683335e-06,2.08994745e+00,6.50022539e-03,1.09065383e+04,6.10959064e+01,0.00000000e+00,0.00000000e+00,1.78501261e-03,1.06528696e-05,0.00000000e+00,0.00000000e+00,6.87473998e+00,1.31837420e-02
5.50137081e+01,5.47637081e+01,1.47486726e-03,8.10699917e-06,0.00000000e+00,0.00000000e+00,3.08358505e-04,5.63622005e-06,5.08017519e-05,2.33286515e-06,2.08642776e+00,6.24524004e-03,1.08903464e+04,5.88962247e+01,0.00000000e+00,0.00000000e+00,1.78147682e-03,9.92725413e-06,0.00000000e+00,0.00000000e+00,0.00000000e+00,0.00000000e+00
5.51137331e+01,5.48637331e+01,1.47354159e-03,7.71336751e-06,0.00000000e+00,0.00000000e+00,3.10092993e-04,5.57406057e-06,5.04341706e-05,2.31021761e-06,2.08641590e+00,6.21148315e-03,1.08784900e+04,5.47042893e+01,0.00000000e+00,0.00000000e+00,1.78192680e-03,9.86958080e-06,0.00000000e+00,0.00000000e+00,6.88069998e+00,1.32678970e-02
5.52137581e+01,5.49637581e+01,1.46829646e-03,7.36281207e-06,0.00000000e+00,0.00000000e+00,3.09137028e-04,6.29485413e-06,5.09732228e-05,2.30564507e-06,2.08072017e+00,5.90289871e-03,1.08336509e+04,5.87953956e+01,0.00000000e+00,0.00000000e+00,1.77572087e-03,1.00252981e-05,0.00000000e+00,0.00000000e+00,0.00000000e+00,0.00000000e+00
5.53137832e+01,5.50637832e+01,1.46772984e-03,7.33128631e-06,0.00000000e+00,0.00000000e+00,3.10877324e-04,6.42097748e-06,5.11344833e-05,2.30064099e-06,2.07919129e+00,5.62339484e-03,1.08230014e+04,6.19114391e+01,0.00000000e+00,0.00000000e+00,1.77686770e-03,1.06111406e-05,0.00000000e+00,0.00000000e+00,6.88126998e+00,1.31545511e-02
5.54138082e+01,5.51638082e+01,1.46142053e-03,7.06622455e-06,0.00000000e+00,0.00000000e+00,3.12621074e-04,5.85712743e-06,5.07203391e-05,2.35837029e-06,2.07360788e+00,5.81108652e-03,1.07947791e+04,5.65990050e+01,0.00000000e+00,0.00000000e+00,1.77233437e-03,9.75714807e-06,0.00000000e+00,0.00000000e+00,0.00000000e+00,0.00000000e+00
5.55138332e+01,5.52638332e+01,1.45940012e-03,7.24386261e-06,0.00000000e+00,0.00000000e+00,3.14124805e-04,5.86422106e-06,4.99254748e-05,2.34730700e-06,2.06617299e+00,5.68315869e-03,1.07967671e+04,5.98033814e+01,0.00000000e+00,0.00000000e+00,1.77184218e-03,9.94495926e-06,0.00000000e+00,0.00000000e+00,6.88310998e+00,1.34376303e-02
5.56138583e+01,5.53638583e+01,1.46472056e-03,7.60749984e-06,0.00000000e+00,0.00000000e+00,3.09135700e-04,4.56203516e-06,4.89870109e-05,2.32758890e-06,2.06658867e+00,5.63680023e-03,1.07645257e+04,5.38513259e+01,0.00000000e+00,0.00000000e+00,1.77221960e-03,9.68219286e-06,0.00000000e+00,0.00000000e+00,0.00000000e+00,0.00000000e+00
5.57138833e+01,5.54638833e+01,1.46423198e-03,7.44090108e-06,0.00000000e+00,0.00000000e+00,3.03807983e-04,4.75824491e-06,4.90384997e-05,2.38924553e-06,2.06456286e+00,5.70086442e-03,1.07268445e+04,4.87996693e+01,0.00000000e+00,0.00000000e+00,1.76639474e-03,8.97890834e-06,0.00000000e+00,0.00000000e+00,6.88491998e+00,1.35043266e-02
5.58139084e+01,5.55639084e+01,1.46585067e-03,6.88416599e-06,0.00000000e+00,0.00000000e+00,3.02564105e-04,4.74426727e-06,4.79983816e-05,2.31361077e-06,2.06376803e+00,5.59193902e-03,1.07029696e+04,5.04403138e+01,0.00000000e+00,0.00000000e+00,1.76681536e-03,8.68948491e-06,0.00000000e+00,0.00000000e+00,0.00000000e+00,0.00000000e+00
5.59139334e+01,5.56639334e+01,1.46229849e-03,6.69313379e-06,0.00000000e+00,0.00000000e+00,3.03058667e-04,4.24200664e-06,4.75313424e-05,2.29223532e-06,2.06246159e+00,5.78007100e-03,1.06878978e+04,5.07809662e+01,0.00000000e+00,0.00000000e+00,1.76378641e-03,8.50468723e-06,0.00000000e+00,0.00000000e+00,6.88706998e+00,1.37134336e-02
5.60139584e+01,5.57639584e+01,1.45549585e-03,7.07079575e-06,0.00000000e+00,0.00000000e+00,3.04178257e-04,5.24481650e-06,4.65936524e-05,2.22372120e-06,2.05517729e+00,5.63154199e-03,1.06474785e+04,5.45580755e+01,0.00000000e+00,0.00000000e+00,1.75813597e-03,9.14743711e-06,0.00000000e+00,0.00000000e+00,0.00000000e+00,0.00000000e+00
5.61139835e+01,5.58639835e+01,1.46028375e-03,7.37274467e-06,0.00000000e+00,0.00000000e+00,3.02214728e-04,4.79782624e-06,4.52533984e-05,2.18683970e-06,2.05376822e+00,5.44034199e-03,1.06565684e+04,5.73573388e+01,0.00000000e+00,0.00000000e+00,1.76096779e-03,9.22445366e-06,0.00000000e+00,0.00000000e+00,6.88866998e+00,1.36055557e-02
5.62140085e+01,5.59640085e+01,1.45975693e-03,7.41208724e-06,0.00000000e+00,0.00000000e+00,3.05435367e-04,5.90513235e-06,4.57812959e-05,2.40799056e-06,2.05126332e+00,6.26181040e-03,1.06648314e+04,6.27137388e+01,0.00000000e+00,0.00000000e+00,1.76363109e-03,9.72003837e-06,0.00000000e+00,0.00000000e+00,0.00000000e+00,0.00000000e+00
5.63140336e+01,5.60640336e+01,1.45980987e-03,7.25441040e-06,0.00000000e+00,0.00000000e+00,3.03419620e-04,4.62094713e-06,4.50049314e-05,2.28602924e-06,2.05031202e+00,6.03000574e-03,1.06473104e+04,5.37513932e+01,0.00000000e+00,0.00000000e+00,1.76170220e-03,8.85908014e-06,0.00000000e+00,0.00000000e+00,6.89002998e+00,1.37882438e-02
5.64140586e+01,5.61640586e+01,1.45961084e-03,7.19475446e-06,0.00000000e+00,0.00000000e+00,3.03553629e-04,4.71752387e-06,4.57165476e-05,2.98782444e-06,2.04834101e+00,5.87509543e-03,1.06443478e+04,5.22956745e+01,0.00000000e+00,0.00000000e+00,1.76165572e-03,8.80843335e-06,0.00000000e+00,0.00000000e+00,0.00000000e+00,0.00000000e+00
5.65140836e+01,5.62640836e+01,1.45619728e-03,7.32874889e-06,0.00000000e+00,0.00000000e+00,3.04267602e-04,5.47639969e-06,4.52436787e-05,3.10445697e-06,2.04516710e+00,6.19925519e-03,1.06279886e+04,5.81223556e+01,0.00000000e+00,0.00000000e+00,1.75897523e-03,9.10711686e-06,0.00000000e+00,0.00000000e+00,6.89373998e+00,1.39861094e-02
5.66141087e+01,5.63641087e+01,1.45902217e-03,7.30413371e-06,0.00000000e+00,0.00000000e+00,3.05376715e-04,5.19787336e-06,4.39790769e-05,2.58763733e-06,2.04746461e+00,6.14437078e-03,1.06575145e+04,6.03220063e+01,0.00000000e+00,0.00000000e+00,1.76284187e-03,9.22287731e-06,0.00000000e+00,0.00000000e+00,0.00000000e+00,0.00000000e+00
5.67141337e+01,5.64641337e+01,1.45859154e-03,7.78483380e-06,0.00000000e+00,0.00000000e+00,3.06433773e-04,5.78392821e-06,4.30378928e-05,2.40917907e-06,2.04550916e+00,6.57563526e-03,1.06270112e+04,5.97375101e+01,0.00000000e+00,0.00000000e+00,1.76358098e-03,9.97775610e-06,0.00000000e+00,0.00000000e+00,6.89613998e+00,1.39587284e-02
5.68141587e+01,5.65641587e+01,1.45897437e-03,7.65605367e-06,0.00000000e+00,0.00000000e+00,3.01155187e-04,5.02092977e-06,4.33633242e-05,2.89654510e-06,2.04031571e+00,6.14734314e-03,1.05657086e+04,5.58010076e+01,0.00000000e+00,0.00000000e+00,1.75868402e-03,9.58972786e-06,0.00000000e+00,0.00000000e+00,0.00000000e+00,0.00000000e+00
5.69141838e+01,5.66641838e+01,1.45810083e-03,7.53206238e-06,0.00000000e+00,0.00000000e+00,3.05092431e-04,6.59730989e-06,4.11081309e-05,1.99714914e-06,2.03953209e+00,6.18116350e-03,1.05846598e+04,6.80527802e+01,0.00000000e+00,0.00000000e+00,1.76178736e-03,1.09932659e-05,0.00000000e+00,0.00000000e+00,6.89629998e+00,1.42566636e-02
5.70142088e+01,5.67642088e+01,1.45619441e-03,7.84428608e-06,0.00000000e+00,0.00000000e+00,3.03686494e-04,5.61874462e-06,4.08917260e-05,2.04685696e-06,2.03628042e+00,6.69602131e-03,1.05615032e+04,5.79973326e+01,0.00000000e+00,0.00000000e+00,1.75849650e-03,9.96418366e-06,0.00000000e+00,0.00000000e+00,0.00000000e+00,0.00000000e+00
5.71142339e+01,5.68642339e+01,1.45202696e-03,7.79625138e-06,0.00000000e+00,0.00000000e+00,3.07130238e-04,5.59565819e-06,4.10260824e-05,2.19356787e-06,2.03043075e+00,6.61793370e-03,1.05522059e+04,5.77333159e+01,0.00000000e+00,0.00000000e+00,1.75778600e-03,1.00470078e-05,0.00000000e+00,0.00000000e+00,6.89525998e+00,1.41051592e-02
5.72142589e+01,5.69642589e+01,1.45121774e-03,8.23879726e-06,0.00000000e+00,0.00000000e+00,3.04858389e-04,5.63759285e-06,4.06079880e-05,2.08892094e-06,2.02546041e+00,6.68627335e-03,1.05393640e+04,6.22171021e+01,0.00000000e+00,0.00000000e+00,1.75472817e-03,1.07073833e-05,0.00000000e+00,0.00000000e+00,0.00000000e+00,0.00000000e+00
5.73142839e+01,5.70642839e+01,1.45062546e-03,8.18790612e-06,0.00000000e+00,0.00000000e+00,3.05656002e-04,6.13875820e-06,4.22541292e-05,2.84088992e-06,2.02396470e+00,6.51233051e-03,1.05599026e+04,6.87565067e+01,0.00000000e+00,0.00000000e+00,1.75482627e-03,1.12808396e-05,0.00000000e+00,0.00000000e+00,6.89864998e+00,1.41532701e-02
5.74143090e+01,5.71643090e+01,1.44921717e-03,7.74475452e-06,0.00000000e+00,0.00000000e+00,3.04642738e-04,6.38860134e-06,4.10132994e-05,2.76401072e-06,2.02200632e+00,6.23881469e-03,1.05277562e+04,6.48798808e+01,0.00000000e+00,0.00000000e+00,1.75242884e-03,1.07388152e-05,0.00000000e+00,0.00000000e+00,0.00000000e+00,0.00000000e+00
5.75143340e+01,5.72643340e+01,1.44661725e-03,7.42333183e-06,0.00000000e+00,0.00000000e+00,3.07196176e-04,7.47255165e-06,4.04483713e-05,2.70274737e-06,2.01749328e+00,6.26763428e-03,1.05208095e+04,6.70706098e+01,0.00000000e+00,0.00000000e+00,1.75244029e-03,1.08544091e-05,0.00000000e+00,0.00000000e+00,6.90215998e+00,1.42473804e-02
5.76143590e+01,5.73643590e+01,1.44707862e-03,7.69941408e-06,0.00000000e+00,0.00000000e+00,3.03396453e-04,5.86565990e-06,4.00958527e-05,2.64302272e-06,2.01546853e+00,6.37983736e-03,1.04760557e+04,6.04459751e+01,0.00000000e+00,0.00000000e+00,1.74912317e-03,1.01283760e-05,0.00000000e+00,0.00000000e+00,0.00000000e+00,0.00000000e+00
5.77143841e+01,5.74643841e+01,1.44707850e-03,7.33487037e-06,0.00000000e+00,0.00000000e+00,2.94596874e-04,5.32889986e-06,4.03371661e-05,3.02885111e-06,2.01324152e+00,6.35558406e-03,1.04046266e+04,5.61559139e+01,0.00000000e+00,0.00000000e+00,1.74034932e-03,9.22513485e-06,0.00000000e+00,0.00000000e+00,6.90442998e+00,1.43595065e-02
5.78144091e+01,5.75644091e+01,1.44472534e-03,7.24755719e-06,0.00000000e+00,0.00000000e+00,2.99026390e-04,6.36299746e-06,4.07082431e-05,3.53107482e-06,2.00917187e+00,6.04872152e-03,1.04156359e+04,6.13549589e+01,0.00000000e+00,0.00000000e+00,1.74241234e-03,9.77848842e-06,0.00000000e+00,0.00000000e+00,0.00000000e+00,0.00000000e+00
5.79144342e+01,5.76644342e+01,1.44745240e-03,7.29736174e-06,0.00000000e+00,0.00000000e+00,3.02515229e-04,5.75772825e-06,4.02817983e-05,3.41156773e-06,2.00893895e+00,6.14527776e-03,1.04404399e+04,6.14644623e+01,0.00000000e+00,0.00000000e+00,1.74865255e-03,9.63761470e-06,0.00000000e+00,0.00000000e+00,6.90636998e+00,1.42334203e-02
5.80144592e+01,5.77644592e+01,1.44686519e-03,7.28112133e-06,0.00000000e+00,0.00000000e+00,3.06732789e-04,6.03719554e-06,3.98905017e-05,3.29839710e-06,2.00879635e+00,6.32749145e-03,1.04572756e+04,6.08784333e+01,0.00000000e+00,0.00000000e+00,1.75229975e-03,9.53502893e-06,0.00000000e+00,0.00000000e+00,0.00000000e+00,0.00000000e+00
5.81144842e+01,5.78644842e+01,1.44640699e-03,7.75979877e-06,0.00000000e+00,0.00000000e+00,2.98985167e-04,5.98388449e-06,3.86886628e-05,2.50243200e-06,2.00465222e+00,6.53405478e-03,1.03934579e+04,6.37606639e+01,0.00000000e+00,0.00000000e+00,1.74412661e-03,1.01293308e-05,0.00000000e+00,0.00000000e+00,6.90505998e+00,1.43024824e-02
5.82145093e+01,5.79645093e+01,1.44496404e-03,7.65354891e-06,0.00000000e+00,0.00000000e+00,3.00126788e-04,5.90353769e-06,3.86483634e-05,2.46038630e-06,1.99673160e+00,5.96502866e-03,1.03738628e+04,5.60072772e+01,0.00000000e+00,0.00000000e+00,1.74380486e-03,1.00193309e-05,0.00000000e+00,0.00000000e+00,0.00000000e+00,0.00000000e+00
5.83145343e+01,5.80645343e+01,1.44218667e-03,7.69148277e-06,0.00000000e+00,0.00000000e+00,2.97737193e-04,4.70292532e-06,3.74406662e-05,2.33301137e-06,1.99270915e+00,6.26464414e-03,1.03375998e+04,5.43262404e+01,0.00000000e+00,0.00000000e+00,1.73867351e-03,9.57410718e-06,0.00000000e+00,0.00000000e+00,6.90481998e+00,1.42990673e-02
5.84145593e+01,5.81645593e+01,1.44597594e-03,8.01172293e-06,0.00000000e+00,0.00000000e+00,3.00645438e-04,5.32100844e-06,3.63347959e-05,1.98131746e-06,1.99122504e+00,5.91412225e-03,1.03897233e+04,5.62911141e+01,0.00000000e+00,0.00000000e+00,1.74540020e-03,9.85640308e-06,0.00000000e+00,0.00000000e+00,0.00000000e+00,0.00000000e+00
5.85145844e+01,5.82645844e+01,1.44306025e-03,8.02792309e-06,0.00000000e+00,0.00000000e+00,2.96831914e-04,4.74393640e-06,3.61916251e-05,1.99228373e-06,1.98877540e+00,5.78176310e-03,1.03475786e+04,5.65505442e+01,0.00000000e+00,0.00000000e+00,1.73868054e-03,1.00062484e-05,0.00000000e+00,0.00000000e+00,6.90660998e+00,1.46659296e-02
5.86146094e+01,5.83646094e+01,1.44310176e-03,7.83062419e-06,0.00000000e+00,0.00000000e+00,2.97115135e-04,5.24665382e-06,3.59153608e-05,1.98574440e-06,1.98556601e+00,5.88393972e-03,1.03352008e+04,5.56444774e+01,0.00000000e+00,0.00000000e+00,1.73901611e-03,9.87437413e-06,0.00000000e+00,0.00000000e+00,0.00000000e+00,0.00000000e+00
5.87146345e+01,5.84646345e+01,1.44058754e-03,7.55928586e-06,0.00000000e+00,0.00000000e+00,2.92448409e-04,4.56148431e-06,3.55623253e-05,1.99596484e-06,1.98206638e+00,5.81403886e-03,1.02882427e+04,5.17672743e+01,0.00000000e+00,0.00000000e+00,1.73185031e-03,9.12823458e-06,0.00000000e+00,0.00000000e+00,6.90736998e+00,1.48366711e-02
5.88146595e+01,5.85646595e+01,1.44103651e-03,7.53533881e-06,0.00000000e+00,0.00000000e+00,3.00291504e-04,6.59158622e-06,3.51833377e-05,2.05566495e-06,1.97926980e+00,5.82862772e-03,1.03381741e+04,6.82616019e+01,0.00000000e+00,0.00000000e+00,1.74015086e-03,1.08514329e-05,0.00000000e+00,0.00000000e+00,0.00000000e+00,0.00000000e+00
5.89146845e+01,5.86646845e+01,1.43450421e-03,7.58497569e-06,0.00000000e+00,0.00000000e+00,3.00889013e-04,6.11432626e-06,3.47771850e-05,2.01021132e-06,1.97558415e+00,6.18511105e-03,1.02858517e+04,6.49668412e+01,0.00000000e+00,0.00000000e+00,1.73423655e-03,1.07734899e-05,0.00000000e+00,0.00000000e+00,6.91044998e+00,1.47722949e-02
5.90147096e+01,5.87647096e+01,1.43286727e-03,7.79813253e-06,0.00000000e+00,0.00000000e+00,2.97099357e-04,4.93685061e-06,3.42739489e-05,1.97040110e-06,1.97329827e+00,6.58693661e-03,1.02637712e+04,6.15177018e+01,0.00000000e+00,0.00000000e+00,1.72882020e-03,1.04228995e-05,0.00000000e+00,0.00000000e+00,0.00000000e+00,0.00000000e+00
5.91147346e+01,5.88647346e+01,1.43279304e-03,8.07227904e-06,0.00000000e+00,0.00000000e+00,2.99040391e-04,5.54392151e-06,3.40330274e-05,1.97085888e-06,1.97251874e+00,6.28427529e-03,1.02627932e+04,5.78771326e+01,0.00000000e+00,0.00000000e+00,1.73069398e-03,1.04178983e-05,0.00000000e+00,0.00000000e+00,6.91124998e+00,1.49595848e-02
5.92147596e+01,5.89647596e+01,1.43234571e-03,8.09049721e-06,0.00000000e+00,0.00000000e+00,2.91740952e-04,4.25935476e-06,3.36078484e-05,1.99628238e-06,1.97126191e+00,6.34948097e-03,1.01929995e+04,5.29970341e+01,0.00000000e+00,0.00000000e+00,1.72296223e-03,9.48045373e-06,0.00000000e+00,0.00000000e+00,0.00000000e+00,0.00000000e+00
5.93147847e+01,5.90647847e+01,1.43917080e-03,7.97117038e-06,0.00000000e+00,0.00000000e+00,2.91985290e-04,4.63532752e-06,3.36165747e-05,2.11760387e-06,1.97392805e+00,6.43644227e-03,1.02215163e+04,5.67506973e+01,0.00000000e+00,0.00000000e+00,1.73002823e-03,1.01684919e-05,0.00000000e+00,0.00000000e+00,6.91105998e+00,1.49268780e-02
5.94148097e+01,5.91648097e+01,1.43164769e-03,8.17518690e-06,0.00000000e+00,0.00000000e+00,2.89632465e-04,4.49844358e-06,3.22705344e-05,1.83209067e-06,1.96843154e+00,6.25687931e-03,1.01760874e+04,5.87448572e+01,0.00000000e+00,0.00000000e+00,1.72019291e-03,1.01397645e-05,0.00000000e+00,0.00000000e+00,0.00000000e+00,0.00000000e+00
5.95148348e+01,5.92648348e+01,1.42722001e-03,7.62890506e-06,0.00000000e+00,0.00000000e+00,2.90529865e-04,4.98608305e-06,3.20171038e-05,1.79775576e-06,1.96339695e+00,6.14010853e-03,1.01444920e+04,5.76717069e+01,0.00000000e+00,0.00000000e+00,1.71668418e-03,9.86906174e-06,0.00000000e+00,0.00000000e+00,6.91267999e+00,1.48359302e-02
5.96148598e+01,5.93648598e+01,1.42131972e-03,8.02744278e-06,0.00000000e+00,0.00000000e+00,2.88703070e-04,4.73434255e-06,3.16616868e-05,1.78976776e-06,1.95910346e+00,6.54846356e-03,1.01004211e+04,5.63408288e+01,0.00000000e+00,0.00000000e+00,1.70895891e-03,1.00193341e-05,0.00000000e+00,0.00000000e+00,0.00000000e+00,0.00000000e+00
5.97148848e+01,5.94648848e+01,1.41720480e-03,8.15104465e-06,0.00000000e+00,0.00000000e+00,2.92286748e-04,4.97929439e-06,3.17882041e-05,1.96570429e-06,1.95606580e+00,6.82653298e-03,1.00990481e+04,5.77742659e+01,0.00000000e+00,0.00000000e+00,1.70841824e-03,1.01006194e-05,0.00000000e+00,0.00000000e+00,6.91533999e+00,1.43844491e-02
5.98149099e+01,5.95649099e+01,1.41959826e-03,8.11786889e-06,0.00000000e+00,0.00000000e+00,2.90702656e-04,4.93571220e-06,3.09544494e-05,1.72667944e-06,1.95350114e+00,6.74506931e-03,1.00831123e+04,5.87474617e+01,0.00000000e+00,0.00000000e+00,1.70924677e-03,9.92177182e-06,0.00000000e+00,0.00000000e+00,0.00000000e+00,0.00000000e+00
5.99149349e+01,5.96649349e+01,1.42221293e-03,8.32331853e-06,0.00000000e+00,0.00000000e+00,2.89297798e-04,5.64256243e-06,3.05715751e-05,1.69975552e-06,1.95387704e+00,6.54634777e-03,1.00811653e+04,6.41622778e+01,0.00000000e+00,0.00000000e+00,1.71043468e-03,1.06671692e-05,0.00000000e+00,0.00000000e+00,6.91515999e+00,1.42100531e-02
6.00149599e+01,5.97649599e+01,1.42296754e-03,8.04147740e-06,0.00000000e+00,0.00000000e+00,2.88392311e-04,5.36934368e-06,3.01586304e-05,1.62297731e-06,1.95240610e+00,6.73545633e-03,1.00771368e+04,5.59927232e+01,0.00000000e+00,0.00000000e+00,1.71033557e-03,9.28552319e-06,0.00000000e+00,0.00000000e+00,0.00000000e+00,0.00000000e+00
6.01149850e+01,5.98649850e+01,1.42221989e-03,8.25168179e-06,0.00000000e+00,0.00000000e+00,2.87262051e-04,4.75499641e-06,2.97759097e-05,1.60750285e-06,1.94878462e+00,6.58896473e-03,1.00524362e+04,5.28924517e+01,0.00000000e+00,0.00000000e+00,1.70849053e-03,9.24606404e-06,0.00000000e+00,0.00000000e+00,6.91875999e+00,1.42281565e-02
6.02150100e+01,5.99650100e+01,1.41716382e-03,8.25949847e-06,0.00000000e+00,0.00000000e+00,2.90127295e-04,5.74158540e-06,3.19254068e-05,2.63969298e-06,1.94256968e+00,6.66362152e-03,1.00423211e+04,6.48916028e+01,0.00000000e+00,0.00000000e+00,1.70619504e-03,1.02108194e-05,0.00000000e+00,0.00000000e+00,0.00000000e+00,0.00000000e+00
6.03150351e+01,6.00650351e+01,1.41910100e-03,8.45571499e-06,0.00000000e+00,0.00000000e+00,2.96220650e-04,6.48515341e-06,3.16996636e-05,2.41987999e-06,1.94165145e+00,6.65312040e-03,1.01002809e+04,6.88523470e+01,0.00000000e+00,0.00000000e+00,1.71424113e-03,1.08446365e-05,0.00000000e+00,0.00000000e+00,6.91955999e+00,1.43805309e-02
6.04150601e+01,6.01650601e+01,1.42297222e-03,7.86747538e-06,0.00000000e+00,0.00000000e+00,2.94635796e-04,5.12521819e-06,3.20616302e-05,2.18086890e-06,1.94063450e+00,6.34276049e-03,1.01120982e+04,5.86604793e+01,0.00000000e+00,0.00000000e+00,1.71651292e-03,9.87531510e-06,0.00000000e+00,0.00000000e+00,0.00000000e+00,0.00000000e+00
6.05150851e+01,6.02650851e+01,1.42358735e-03,7.84024682e-06,0.00000000e+00,0.00000000e+00,2.90617280e-04,4.99864824e-06,3.15526799e-05,2.07313492e-06,1.94032562e+00,6.51124538e-03,1.00818047e+04,5.72819740e+01,0.00000000e+00,0.00000000e+00,1.71313463e-03,9.78029348e-06,0.00000000e+00,0.00000000e+00,6.91473999e+00,1.43977669e-02
6.06151102e+01,6.03651102e+01,1.42180212e-03,7.38458736e-06,0.00000000e+00,0.00000000e+00,2.93657952e-04,4.87541000e-06,3.12851378e-05,1.99603923e-06,1.93707646e+00,6.09801894e-03,1.00873993e+04,5.54575036e+01,0.00000000e+00,0.00000000e+00,1.71440058e-03,9.28980902e-06,0.00000000e+00,0.00000000e+00,0.00000000e+00,0.00000000e+00
6.07151352e+01,6.04651352e+01,1.42304570e-03,8.04279567e-06,0.00000000e+00,0.00000000e+00,2.97393607e-04,6.41767342e-06,3.06783812e-05,1.84985217e-06,1.93352466e+00,6.31937798e-03,1.00825880e+04,6.38109170e+01,0.00000000e+00,0.00000000e+00,1.71940792e-03,1.10460586e-05,0.00000000e+00,0.00000000e+00,6.91930999e+00,1.46268035e-02
6.08151602e+01,6.05651602e+01,1.42067959e-03,8.03253937e-06,0.00000000e+00,0.00000000e+00,2.92549286e-04,5.43310374e-06,3.07018322e-05,1.86758374e-06,1.92862559e+00,6.69649968e-03,1.00241238e+04,6.15352817e+01,0.00000000e+00,0.00000000e+00,1.71221825e-03,1.07402891e-05,0.00000000e+00,0.00000000e+00,0.00000000e+00,0.00000000e+00
6.09151853e+01,6.06651853e+01,1.41807241e-03,8.19563544e-06,0.00000000e+00,0.00000000e+00,2.94312668e-04,5.11353867e-06,3.03356136e-05,1.81891630e-06,1.92654518e+00,6.74188717e-03,1.00187581e+04,5.81563007e+01,0.00000000e+00,0.00000000e+00,1.71138713e-03,1.02303253e-05,0.00000000e+00,0.00000000e+00,6.91858999e+00,1.45303245e-02
6.10152103e+01,6.07652103e+01,1.41775136e-03,8.08579631e-06,0.00000000e+00,0.00000000e+00,2.95434574e-04,5.65262790e-06,2.94152666e-05,1.72709421e-06,1.92429245e+00,6.76687585e-03,1.00270733e+04,6.09877260e+01,0.00000000e+00,0.00000000e+00,1.71222304e-03,1.02198146e-05,0.00000000e+00,0.00000000e+00,0.00000000e+00,0.00000000e+00
6.11152354e+01,6.08652354e+01,1.41562481e-03,7.58272140e-06,0.00000000e+00,0.00000000e+00,2.90766894e-04,4.93378228e-06,2.90234266e-05,1.71784155e-06,1.91778744e+00,6.25127731e-03,9.96512725e+03,5.38983480e+01,0.00000000e+00,0.00000000e+00,1.70544628e-03,9.09842026e-06,0.00000000e+00,0.00000000e+00,6.91771999e+00,1.45330701e-02
6.12152604e+01,6.09652604e+01,1.41237650e-03,7.84002084e-06,0.00000000e+00,0.00000000e+00,2.90132514e-04,5.35522021e-06,2.88795178e-05,1.70151071e-06,1.91293811e+00,6.80517590e-03,9.93059885e+03,5.59660165e+01,0.00000000e+00,0.00000000e+00,1.70156761e-03,9.80078928e-06,0.00000000e+00,0.00000000e+00,0.00000000e+00,0.00000000e+00
6.13152854e+01,6.10652854e+01,1.41192288e-03,8.03312345e-06,0.00000000e+00,0.00000000e+00,2.96793588e-04,6.80695692e-06,2.83806219e-05,1.66312731e-06,1.91194005e+00,6.90334678e-03,9.95974493e+03,6.02299461e+01,0.00000000e+00,0.00000000e+00,1.70778709e-03,1.05642201e-05,0.00000000e+00,0.00000000e+00,6.91851999e+00,1.42971817e-02
6.14153105e+01,6.11653105e+01,1.40719759e-03,7.63529894e-06,0.00000000e+00,0.00000000e+00,2.83148096e-04,5.10688375e-06,3.02187588e-05,2.67903162e-06,1.90848223e+00,6.51831611e-03,9.86225706e+03,5.47951170e+01,0.00000000e+00,0.00000000e+00,1.68937591e-03,9.43017729e-06,0.00000000e+00,0.00000000e+00,0.00000000e+00,0.00000000e+00
6.15153355e+01,6.12653355e+01,1.40751247e-03,7.57077066e-06,0.00000000e+00,0.00000000e+00,2.84220621e-04,4.94054290e-06,3.02447388e-05,2.76213341e-06,1.90405286e+00,6.48538974e-03,9.85674968e+03,5.38946724e+01,0.00000000e+00,0.00000000e+00,1.69075736e-03,9.50530757e-06,0.00000000e+00,0.00000000e+00,6.92096999e+00,1.43022955e-02
6.16153605e+01,6.13653605e+01,1.40878690e-03,7.81641287e-06,0.00000000e+00,0.00000000e+00,2.81995716e-04,7.05091309e-06,2.97901168e-05,2.49250327e-06,1.90465064e+00,6.40301197e-03,9.84240656e+03,6.57541063e+01,0.00000000e+00,0.00000000e+00,1.68981657e-03,1.11517814e-05,0.00000000e+00,0.00000000e+00,0.00000000e+00,0.00000000e+00
6.17153856e+01,6.14653856e+01,1.40853599e-03,7.64497038e-06,0.00000000e+00,0.00000000e+00,2.77194891e-04,3.89384395e-06,2.96040817e-05,2.33213134e-06,1.90344023e+00,6.52564642e-03,9.80599591e+03,4.77322787e+01,0.00000000e+00,0.00000000e+00,1.68476791e-03,8.61301205e-06,0.00000000e+00,0.00000000e+00,6.92237999e+00,1.43892622e-02
6.18154106e+01,6.15654106e+01,1.40395110e-03,7.44109357e-06,0.00000000e+00,0.00000000e+00,2.83496075e-04,5.19698007e-06,2.95042479e-05,2.29944021e-06,1.89826038e+00,6.40733431e-03,9.81871095e+03,5.20877448e+01,0.00000000e+00,0.00000000e+00,1.68648198e-03,9.19377007e-06,0.00000000e+00,0.00000000e+00,0.00000000e+00,0.00000000e+00
6.19154357e+01,6.16654357e+01,1.40741827e-03,7.42700176e-06,0.00000000e+00,0.00000000e+00,2.84905255e-04,5.29457959e-06,2.91391419e-05,2.21996086e-06,1.89858080e+00,6.61316214e-03,9.83602622e+03,5.55935884e+01,0.00000000e+00,0.00000000e+00,1.69136421e-03,9.30129258e-06,0.00000000e+00,0.00000000e+00,6.92461999e+00,1.46022122e-02
6.20154607e+01,6.17654607e+01,1.40204317e-03,7.58639833e-06,0.00000000e+00,0.00000000e+00,2.79484199e-04,4.43855578e-06,2.86162478e-05,2.10712201e-06,1.89060088e+00,6.59487214e-03,9.77066352e+03,5.55408477e+01,0.00000000e+00,0.00000000e+00,1.68057981e-03,9.92316199e-06,0.00000000e+00,0.00000000e+00,0.00000000e+00,0.00000000e+00
6.21154857e+01,6.18654857e+01,1.40191879e-03,7.49899128e-06,0.00000000e+00,0.00000000e+00,2.84125687e-04,4.97224930e-06,2.75915416e-05,1.98833239e-06,1.88699839e+00,6.16660398e-03,9.79463618e+03,5.69070286e+01,0.00000000e+00,0.00000000e+00,1.68513034e-03,1.00442128e-05,0.00000000e+00,0.00000000e+00,6.92550999e+00,1.48392632e-02
6.22155108e+01,6.19655108e+01,1.40285318e-03,7.40770747e-06,0.00000000e+00,0.00000000e+00,2.84979656e-04,5.58013616e-06,2.72461261e-05,1.95606957e-06,1.88476427e+00,6.22784441e-03,9.80089757e+03,5.87232877e+01,0.00000000e+00,0.00000000e+00,1.68694021e-03,1.00227783e-05,0.00000000e+00,0.00000000e+00,0.00000000e+00,0.00000000e+00
6.23155358e+01,6.20655358e+01,1.40044574e-03,7.81145524e-06,0.00000000e+00,0.00000000e+00,2.79407037e-04,5.42104232e-06,2.75434172e-05,1.96104967e-06,1.88167025e+00,6.26211027e-03,9.74154904e+03,5.94741063e+01,0.00000000e+00,0.00000000e+00,1.67895540e-03,1.04442920e-05,0.00000000e+00,0.00000000e+00,6.92640999e+00,1.50310457e-02
6.24155608e+01,6.21655608e+01,1.39718370e-03,7.39332449e-06,0.00000000e+00,0.00000000e+00,2.85003247e-04,6.75954596e-06,2.61464649e-05,1.61151637e-06,1.87317486e+00,6.11492710e-03,9.74616146e+03,6.25605828e+01,0.00000000e+00,0.00000000e+00,1.68132815e-03,1.03582686e-05,0.00000000e+00,0.00000000e+00,0.00000000e+00,0.00000000e+00
6.25155859e+01,6.22655859e+01,1.39989257e-03,7.90332289e-06,0.00000000e+00,0.00000000e+00,2.88788776e-04,6.28554220e-06,2.58796185e-05,1.60367720e-06,1.87265275e+00,6.19018443e-03,9.78842984e+03,6.41444881e+01,0.00000000e+00,0.00000000e+00,1.68783273e-03,1.04897096e-05,0.00000000e+00,0.00000000e+00,6.92347999e+00,1.50128325e-02
6.26156109e+01,6.23656109e+01,1.39431743e-03,7.35417723e-06,0.00000000e+00,0.00000000e+00,2.87893579e-04,5.86278539e-06,2.57378420e-05,1.58878304e-06,1.87086398e+00,6.46715028e-03,9.74952183e+03,5.79435108e+01,0.00000000e+00,0.00000000e+00,1.68136871e-03,9.60326860e-06,0.00000000e+00,0.00000000e+00,0.00000000e+00,0.00000000e+00
6.27156360e+01,6.24656360e+01,1.39570464e-03,7.31741337e-06,0.00000000e+00,0.00000000e+00,2.98699322e-04,8.52955373e-06,2.54976200e-05,1.57004526e-06,1.86783138e+00,6.31225698e-03,9.82287110e+03,7.09146996e+01,0.00000000e+00,0.00000000e+00,1.69356851e-03,1.07788133e-05,0.00000000e+00,0.00000000e+00,6.92359999e+00,1.46578620e-02
6.28156610e+01,6.25656610e+01,1.39867760e-03,7.24632882e-06,0.00000000e+00,0.00000000e+00,2.96988233e-04,7.57314372e-06,2.56133165e-05,1.61890885e-06,1.86787169e+00,6.39854937e-03,9.82470845e+03,7.01337742e+01,0.00000000e+00,0.00000000e+00,1.69482488e-03,1.13960388e-05,0.00000000e+00,0.00000000e+00,0.00000000e+00,0.00000000e+00
6.29156860e+01,6.26656860e+01,1.39405000e-03,7.47033593e-06,0.00000000e+00,0.00000000e+00,2.89518803e-04,5.71423754e-06,2.53673301e-05,1.59953815e-06,1.86286531e+00,6.59591492e-03,9.75112212e+03,6.23762684e+01,0.00000000e+00,0.00000000e+00,1.68273331e-03,1.03610442e-05,0.00000000e+00,0.00000000e+00,6.92424999e+00,1.47135569e-02
6.30157111e+01,6.27657111e+01,1.39470012e-03,7.54935566e-06,0.00000000e+00,0.00000000e+00,2.88064386e-04,5.68150610e-06,2.51103639e-05,1.58631939e-06,1.86234818e+00,6.54132814e-03,9.73998340e+03,5.97611852e+01,0.00000000e+00,0.00000000e+00,1.68193860e-03,9.99846849e-06,0.00000000e+00,0.00000000e+00,0.00000000e+00,0.00000000e+00
6.31157361e+01,6.28657361e+01,1.38913101e-03,7.56808876e-06,0.00000000e+00,0.00000000e+00,2.94152507e-04,8.12383866e-06,2.47330665e-05,1.58904523e-06,1.86032148e+00,6.84185777e-03,9.76522341e+03,7.17838430e+01,0.00000000e+00,0.00000000e+00,1.68246843e-03,1.19895223e-05,0.00000000e+00,0.00000000e+00,6.92351999e+00,1.46157137e-02
6.32157611e+01,6.29657611e+01,1.39241305e-03,7.88540116e-06,0.00000000e+00,0.00000000e+00,2.90815842e-04,6.29515287e-06,2.45532075e-05,1.58091872e-06,1.86009911e+00,6.92763124e-03,9.75378400e+03,6.68854801e+01,0.00000000e+00,0.00000000e+00,1.68242132e-03,1.12665292e-05,0.00000000e+00,0.00000000e+00,0.00000000e+00,0.00000000e+00
6.33157862e+01,6.30657862e+01,1.39089372e-03,8.00719068e-06,0.00000000e+00,0.00000000e+00,2.87082776e-04,6.12177679e-06,2.43697882e-05,1.51408427e-06,1.85338847e+00,7.13801748e-03,9.70611743e+03,6.32559805e+01,0.00000000e+00,0.00000000e+00,1.67717477e-03,1.08725432e-05,0.00000000e+00,0.00000000e+00,6.92317999e+00,1.44405530e-02
6.34158112e+01,6.31658112e+01,1.38652637e-03,7.91542271e-06,0.00000000e+00,0.00000000e+00,2.92875978e-04,6.34056007e-06,2.40995256e-05,1.48313626e-06,1.84883801e+00,7.33500023e-03,9.70690371e+03,6.40956945e+01,0.00000000e+00,0.00000000e+00,1.67860961e-03,1.09093746e-05,0.00000000e+00,0.00000000e+00,0.00000000e+00,0.00000000e+00
6.35158363e+01,6.32658363e+01,1.38457192e-03,7.85215858e-06,0.00000000e+00,0.00000000e+00,2.94711697e-04,7.99291562e-06,2.39641648e-05,1.48860836e-06,1.84426998e+00,6.96151550e-03,9.71575915e+03,7.15882832e+01,0.00000000e+00,0.00000000e+00,1.67849986e-03,1.16644743e-05,0.00000000e+00,0.00000000e+00,6.92405999e+00,1.41997426e-02
6.36158613e+01,6.33658613e+01,1.38397857e-03,7.85159912e-06,0.00000000e+00,0.00000000e+00,2.82406601e-04,5.95573997e-06,2.38365789e-05,1.48709484e-06,1.84040627e+00,6.84915445e-03,9.62460247e+03,5.90118749e+01,0.00000000e+00,0.00000000e+00,1.66560270e-03,1.00464553e-05,0.00000000e+00,0.00000000e+00,0.00000000e+00,0.00000000e+00
6.37158863e+01,6.34658863e+01,1.38640724e-03,8.04273865e-06,0.00000000e+00,0.00000000e+00,2.82931389e-04,5.21873896e-06,2.38899748e-05,1.56297415e-06,1.84105731e+00,6.64116685e-03,9.63183696e+03,6.25270695e+01,0.00000000e+00,0.00000000e+00,1.66853216e-03,1.04538740e-05,0.00000000e+00,0.00000000e+00,6.92493999e+00,1.43236106e-02
6.38159114e+01,6.35659114e+01,1.38152157e-03,7.84312808e-06,0.00000000e+00,0.00000000e+00,2.83961986e-04,5.38402644e-06,2.35535254e-05,1.50366233e-06,1.83791919e+00,6.47856102e-03,9.61044117e+03,6.01988527e+01,0.00000000e+00,0.00000000e+00,1.66470467e-03,1.01831499e-05,0.00000000e+00,0.00000000e+00,0.00000000e+00,0.00000000e+00
6.39159364e+01,6.36659364e+01,1.38405666e-03,8.04262794e-06,0.00000000e+00,0.00000000e+00,2.80123122e-04,4.73654041e-06,2.30697014e-05,1.44590869e-06,1.84085720e+00,6.42949097e-03,9.58173078e+03,5.66348897e+01,0.00000000e+00,0.00000000e+00,1.66344491e-03,1.01430371e-05,0.00000000e+00,0.00000000e+00,6.92620999e+00,1.44615428e-02
6.40159614e+01,6.37659614e+01,1.38196422e-03,7.99703933e-06,0.00000000e+00,0.00000000e+00,2.81150750e-04,5.72025112e-06,2.56908552e-05,3.38791099e-06,1.83532108e+00,6.76740969e-03,9.58148979e+03,5.94290602e+01,0.00000000e+00,0.00000000e+00,1.66231606e-03,1.05999156e-05,0.00000000e+00,0.00000000e+00,0.00000000e+00,0.00000000e+00
6.41159865e+01,6.38659865e+01,1.38139561e-03,8.23080296e-06,0.00000000e+00,0.00000000e+00,2.78936058e-04,6.33077590e-06,2.37861449e-05,1.95404447e-06,1.83221075e+00,6.87244555e-03,9.55482195e+03,6.46839629e+01,0.00000000e+00,0.00000000e+00,1.65958315e-03,1.14137484e-05,0.00000000e+00,0.00000000e+00,6.92783999e+00,1.44636900e-02
6.42160115e+01,6.39660115e+01,1.38012747e-03,8.15780396e-06,0.00000000e+00,0.00000000e+00,2.78874559e-04,7.45373274e-06,2.31066180e-05,1.74518983e-06,1.82786096e+00,6.70016780e-03,9.51780955e+03,6.67153240e+01,0.00000000e+00,0.00000000e+00,1.65827754e-03,1.17526241e-05,0.00000000e+00,0.00000000e+00,0.00000000e+00,0.00000000e+00
6.43160366e+01,6.40660366e+01,1.37826417e-03,7.99756515e-06,0.00000000e+00,0.00000000e+00,2.73181515e-04,5.63799263e-06,2.28764136e-05,1.70146652e-06,1.82076908e+00,6.35407541e-03,9.47605828e+03,5.53343733e+01,0.00000000e+00,0.00000000e+00,1.65072241e-03,9.83533084e-06,0.00000000e+00,0.00000000e+00,6.92504999e+00,1.42767620e-02
6.44160616e+01,6.41660616e+01,1.38099185e-03,7.90989781e-06,0.00000000e+00,0.00000000e+00,2.70154881e-04,4.86618185e-06,2.26033856e-05,1.65095337e-06,1.82136595e+00,6.70217217e-03,9.46501471e+03,5.26979458e+01,0.00000000e+00,0.00000000e+00,1.65042706e-03,9.29520936e-06,0.00000000e+00,0.00000000e+00,0.00000000e+00,0.00000000e+00
6.45160866e+01,6.42660866e+01,1.38187466e-03,8.17596682e-06,0.00000000e+00,0.00000000e+00,2.68913467e-04,4.49011813e-06,2.22067557e-05,1.56966990e-06,1.82040547e+00,6.83965685e-03,9.45479733e+03,5.59522662e+01,0.00000000e+00,0.00000000e+00,1.65007896e-03,1.00287107e-05,0.00000000e+00,0.00000000e+00,6.92507999e+00,1.46020386e-02
6.46161117e+01,6.43661117e+01,1.37667707e-03,8.29149886e-06,0.00000000e+00,0.00000000e+00,2.72788378e-04,5.55837373e-06,2.15855555e-05,1.39160868e-06,1.81336564e+00,6.79142657e-03,9.42972088e+03,5.89410180e+01,0.00000000e+00,0.00000000e+00,1.64877881e-03,1.07789139e-05,0.00000000e+00,0.00000000e+00,0.00000000e+00,0.00000000e+00
6.47161367e+01,6.44661367e+01,1.37656550e-03,8.24193787e-06,0.00000000e+00,0.00000000e+00,2.75351738e-04,4.95394947e-06,2.13328972e-05,1.38651619e-06,1.81293962e+00,6.55380418e-03,9.44992451e+03,5.76097325e+01,0.00000000e+00,0.00000000e+00,1.65124157e-03,1.03685566e-05,0.00000000e+00,0.00000000e+00,6.92572999e+00,1.47660739e-02
6.48161617e+01,6.45661617e+01,1.37890924e-03,7.67285069e-06,0.00000000e+00,0.00000000e+00,2.73658860e-04,4.62179416e-06,2.37249674e-05,2.80961594e-06,1.80986304e+00,6.30248852e-03,9.46594422e+03,5.89073827e+01,0.00000000e+00,0.00000000e+00,1.65183694e-03,1.00235322e-05,0.00000000e+00,0.00000000e+00,0.00000000e+00,0.00000000e+00
6.49161868e+01,6.46661868e+01,1.37574406e-03,7.93355913e-06,0.00000000e+00,0.00000000e+00,2.63900756e-04,4.18788275e-06,2.33463907e-05,2.41618589e-06,1.80621549e+00,6.91724518e-03,9.38936248e+03,5.70820407e+01,0.00000000e+00,0.00000000e+00,1.63889858e-03,1.01241996e-05,0.00000000e+00,0.00000000e+00,6.92478999e+00,1.48475913e-02
6.50162118e+01,6.47662118e+01,1.37440549e-03,7.85063126e-06,0.00000000e+00,0.00000000e+00,2.63512715e-04,4.24850718e-06,2.23944668e-05,1.96925477e-06,1.80451353e+00,6.40863846e-03,9.38334170e+03,5.88486268e+01,0.00000000e+00,0.00000000e+00,1.63717674e-03,9.93540941e-06,0.00000000e+00,0.00000000e+00,0.00000000e+00,0.00000000e+00
6.51162369e+01,6.48662369e+01,1.37088463e-03,7.61052885e-06,0.00000000e+00,0.00000000e+00,2.63882072e-04,4.28232548e-06,2.19080322e-05,1.79578590e-06,1.80109522e+00,6.32698314e-03,9.36999439e+03,5.46164503e+01,0.00000000e+00,0.00000000e+00,1.63404708e-03,9.58064078e-06,0.00000000e+00,0.00000000e+00,6.92499999e+00,1.47970375e-02
6.52162619e+01,6.49662619e+01,1.36741047e-03,7.69472827e-06,0.00000000e+00,0.00000000e+00,2.70984256e-04,8.86343818e-06,2.15301232e-05,1.70792384e-06,1.79329836e+00,6.67027705e-03,9.38812290e+03,8.04434747e+01,0.00000000e+00,0.00000000e+00,1.63769025e-03,1.20921845e-05,0.00000000e+00,0.00000000e+00,0.00000000e+00,0.00000000e+00
6.53162869e+01,6.50662869e+01,1.36679226e-03,7.73928166e-06,0.00000000e+00,0.00000000e+00,2.73924116e-04,5.95244047e-06,2.10803338e-05,1.64497646e-06,1.79177836e+00,6.71785192e-03,9.38628960e+03,6.22029779e+01,0.00000000e+00,0.00000000e+00,1.64002177e-03,9.93944166e-06,0.00000000e+00,0.00000000e+00,6.92582999e+00,1.49268253e-02
6.54163120e+01,6.51663120e+01,1.36508997e-03,7.91778666e-06,0.00000000e+00,0.00000000e+00,2.66163867e-04,4.72687457e-06,2.11594682e-05,1.67258721e-06,1.79044438e+00,6.73738451e-03,9.32896077e+03,5.70049944e+01,0.00000000e+00,0.00000000e+00,1.63052577e-03,9.72051930e-06,0.00000000e+00,0.00000000e+00,0.00000000e+00,0.00000000e+00
6.55163370e+01,6.52663370e+01,1.36209904e-03,7.88216123e-06,0.00000000e+00,0.00000000e+00,2.67546492e-04,4.74493864e-06,2.04520980e-05,1.49878043e-06,1.78670323e+00,6.48706966e-03,9.32850673e+03,5.47426352e+01,0.00000000e+00,0.00000000e+00,1.62895512e-03,9.61879076e-06,0.00000000e+00,0.00000000e+00,6.92631999e+00,1.48369241e-02
6.56163620e+01,6.53663620e+01,1.35672727e-03,7.42934056e-06,0.00000000e+00,0.00000000e+00,2.68548959e-04,5.35504324e-06,2.00308787e-05,1.44535196e-06,1.78070819e+00,6.09097603e-03,9.29034870e+03,5.38773878e+01,0.00000000e+00,0.00000000e+00,1.62460677e-03,9.53395339e-06,0.00000000e+00,0.00000000e+00,0.00000000e+00,0.00000000e+00
6.57163871e+01,6.54663871e+01,1.35602968e-03,7.42804288e-06,0.00000000e+00,0.00000000e+00,2.62606120e-04,4.44632218e-06,1.97249331e-05,1.38106394e-06,1.77926457e+00,6.35995918e-03,9.23900578e+03,5.09625706e+01,0.00000000e+00,0.00000000e+00,1.61797811e-03,9.04178845e-06,0.00000000e+00,0.00000000e+00,6.92618999e+00,1.49321273e-02
6.58164121e+01,6.55664121e+01,1.35742317e-03,7.76288900e-06,0.00000000e+00,0.00000000e+00,2.63030352e-04,5.04348274e-06,1.95437795e-05,1.36416322e-06,1.77717800e+00,6.30756324e-03,9.23438455e+03,5.31881240e+01,0.00000000e+00,0.00000000e+00,1.61982019e-03,9.64108651e-06,0.00000000e+00,0.00000000e+00,0.00000000e+00,0.00000000e+00
6.59164372e+01,6.56664372e+01,1.35626245e-03,7.55747936e-06,0.00000000e+00,0.00000000e+00,2.63707320e-04,5.38765218e-06,1.94866105e-05,1.35734273e-06,1.77605153e+00,6.29968919e-03,9.23837109e+03,5.15909989e+01,0.00000000e+00,0.00000000e+00,1.61933779e-03,9.10048073e-06,0.00000000e+00,0.00000000e+00,6.92614999e+00,1.47782491e-02
6.60164622e+01,6.57664622e+01,1.35619960e-03,7.47388286e-06,0.00000000e+00,0.00000000e+00,2.65878307e-04,5.69825194e-06,1.93566456e-05,1.34279280e-06,1.77385131e+00,6.32584068e-03,9.24066665e+03,5.33057126e+01,0.00000000e+00,0.00000000e+00,1.62145646e-03,9.48883290e-06,0.00000000e+00,0.00000000e+00,0.00000000e+00,0.00000000e+00
6.61164872e+01,6.58664872e+01,1.35390036e-03,7.53453728e-06,0.00000000e+00,0.00000000e+00,2.66219227e-04,6.42392052e-06,1.93410002e-05,1.36503744e-06,1.77045639e+00,6.14243874e-03,9.22724951e+03,5.32370723e+01,0.00000000e+00,0.00000000e+00,1.61950247e-03,9.25804077e-06,0.00000000e+00,0.00000000e+00,6.92750999e+00,1.47238110e-02
6.62165123e+01,6.59665123e+01,1.35676029e-03,7.85578120e-06,0.00000000e+00,0.00000000e+00,2.56876120e-04,6.06050869e-06,1.90369618e-05,1.35996073e-06,1.76780064e+00,6.13067190e-03,9.18249172e+03,5.39229046e+01,0.00000000e+00,0.00000000e+00,1.61302718e-03,9.59363853e-06,0.00000000e+00,0.00000000e+00,0.00000000e+00,0.00000000e+00
6.63165373e+01,6.60665373e+01,1.35785660e-03,8.00072222e-06,0.00000000e+00,0.00000000e+00,2.59876481e-04,5.47518307e-06,1.89040149e-05,1.35234791e-06,1.76699809e+00,6.40153334e-03,9.19085826e+03,4.66384353e+01,0.00000000e+00,0.00000000e+00,1.61712666e-03,8.90733863e-06,0.00000000e+00,0.00000000e+00,6.92689999e+00,1.45426751e-02
6.64165623e+01,6.61665623e+01,1.35649515e-03,7.81312660e-06,0.00000000e+00,0.00000000e+00,2.67494317e-04,5.46427778e-06,1.87715552e-05,1.34393527e-06,1.76708598e+00,6.46966673e-03,9.23023839e+03,4.88687591e+01,0.00000000e+00,0.00000000e+00,1.62339114e-03,8.96683008e-06,0.00000000e+00,0.00000000e+00,0.00000000e+00,0.00000000e+00
6.65165874e+01,6.62665874e+01,1.35227092e-03,7.43054532e-06,0.00000000e+00,0.00000000e+00,2.72280450e-04,5.45894428e-06,1.87000082e-05,1.34253817e-06,1.76350450e+00,6.55018993e-03,9.23780058e+03,4.93692275e+01,0.00000000e+00,0.00000000e+00,1.62395290e-03,9.03439258e-06,0.00000000e+00,0.00000000e+00,6.92309999e+00,1.47470561e-02
6.66166124e+01,6.63666124e+01,1.34927900e-03,7.75653377e-06,0.00000000e+00,0.00000000e+00,2.68153084e-04,5.46620824e-06,1.84293566e-05,1.29325092e-06,1.75871636e+00,6.42369359e-03,9.20101323e+03,5.16745970e+01,0.00000000e+00,0.00000000e+00,1.61683584e-03,9.09514314e-06,0.00000000e+00,0.00000000e+00,0.00000000e+00,0.00000000e+00
6.67166375e+01,6.64666375e+01,1.34777344e-03,7.80886697e-06,0.00000000e+00,0.00000000e+00,2.67380761e-04,6.07070872e-06,1.82686554e-05,1.31018154e-06,1.75588407e+00,6.50558884e-03,9.18434716e+03,5.74515486e+01,0.00000000e+00,0.00000000e+00,1.61456487e-03,9.67994638e-06,0.00000000e+00,0.00000000e+00,6.91885999e+00,1.49353829e-02
6.68166625e+01,6.65666625e+01,1.34461769e-03,7.51690831e-06,0.00000000e+00,0.00000000e+00,2.66462310e-04,4.77124451e-06,1.79211248e-05,1.30088366e-06,1.75285368e+00,6.45321305e-03,9.15804288e+03,4.72842776e+01,0.00000000e+00,0.00000000e+00,1.61049816e-03,8.43450277e-06,0.00000000e+00,0.00000000e+00,0.00000000e+00,0.00000000e+00
6.69166875e+01,6.66666875e+01,1.34420684e-03,7.74200594e-06,0.00000000e+00,0.00000000e+00,2.66329308e-04,5.03251973e-06,1.77605258e-05,1.29934182e-06,1.75285674e+00,6.38315952e-03,9.14359998e+03,5.20271732e+01,0.00000000e+00,0.00000000e+00,1.60995623e-03,9.51445244e-06,0.00000000e+00,0.00000000e+00,6.92014998e+00,1.52835315e-02
6.70167126e+01,6.67667126e+01,1.34508597e-03,7.92433222e-06,0.00000000e+00,0.00000000e+00,2.70609521e-04,5.97056691e-06,1.76048031e-05,1.31100692e-06,1.74972252e+00,6.25943507e-03,9.16731225e+03,5.64339106e+01,0.00000000e+00,0.00000000e+00,1.61512032e-03,1.02687086e-05,0.00000000e+00,0.00000000e+00,0.00000000e+00,0.00000000e+00
6.71167376e+01,6.68667376e+01,1.34105800e-03,7.67464537e-06,0.00000000e+00,0.00000000e+00,2.70583917e-04,6.17177123e-06,1.79010341e-05,1.31936078e-06,1.74429273e+00,6.54961936e-03,9.14339760e+03,5.76643258e+01,0.00000000e+00,0.00000000e+00,1.61106236e-03,1.00198741e-05,0.00000000e+00,0.00000000e+00,6.91794999e+00,1.53932846e-02
6.72167626e+01,6.69667626e+01,1.34430783e-03,7.80840608e-06,0.00000000e+00,0.00000000e+00,2.65361033e-04,6.42097411e-06,1.75315932e-05,1.26879468e-06,1.74463722e+00,6.55422903e-03,9.13103857e+03,5.94741749e+01,0.00000000e+00,0.00000000e+00,1.60910353e-03,1.00683855e-05,0.00000000e+00,0.00000000e+00,0.00000000e+00,0.00000000e+00
6.73167877e+01,6.70667877e+01,1.34248810e-03,7.58140674e-06,0.00000000e+00,0.00000000e+00,2.65464283e-04,5.34203519e-06,1.75554252e-05,1.27646658e-06,1.74196862e+00,6.41987840e-03,9.11680735e+03,5.71084651e+01,0.00000000e+00,0.00000000e+00,1.60737877e-03,9.99252072e-06,0.00000000e+00,0.00000000e+00,6.91705999e+00,1.53905838e-02
6.74168127e+01,6.71668127e+01,1.34151602e-03,7.78816193e-06,0.00000000e+00,0.00000000e+00,2.65569959e-04,5.26338322e-06,1.75404903e-05,1.27736945e-06,1.74061454e+00,6.35675743e-03,9.11024862e+03,5.50939515e+01,0.00000000e+00,0.00000000e+00,1.60651140e-03,9.72081945e-06,0.00000000e+00,0.00000000e+00,0.00000000e+00,0.00000000e+00
6.75168378e+01,6.72668378e+01,1.34329968e-03,7.75549117e-06,0.00000000e+00,0.00000000e+00,2.64978432e-04,6.25960943e-06,1.73181648e-05,1.27543975e-06,1.73793765e+00,6.17588350e-03,9.11720482e+03,6.29885613e+01,0.00000000e+00,0.00000000e+00,1.60770844e-03,1.03548879e-05,0.00000000e+00,0.00000000e+00,6.91599999e+00,1.57187401e-02
6.76168628e+01,6.73668628e+01,1.34395355e-03,7.67688805e-06,0.00000000e+00,0.00000000e+00,2.59504126e-04,4.19972869e-06,1.71178989e-05,1.31575455e-06,1.73658010e+00,6.25372244e-03,9.08518469e+03,4.87367802e+01,0.00000000e+00,0.00000000e+00,1.60290360e-03,8.77752519e-06,0.00000000e+00,0.00000000e+00,0.00000000e+00,0.00000000e+00
6.77168878e+01,6.74668878e+01,1.34073823e-03,7.82261425e-06,0.00000000e+00,0.00000000e+00,2.69260571e-04,5.61770043e-06,1.65280844e-05,1.18945175e-06,1.73211527e+00,6.80198561e-03,9.11613453e+03,5.80781218e+01,0.00000000e+00,0.00000000e+00,1.60946400e-03,1.01577870e-05,0.00000000e+00,0.00000000e+00,6.91470999e+00,1.59559830e-02
6.78169129e+01,6.75669129e+01,1.33847457e-03,7.53614648e-06,0.00000000e+00,0.00000000e+00,2.67172920e-04,5.30579176e-06,1.63917302e-05,1.18779145e-06,1.72862373e+00,6.90835810e-03,9.07680829e+03,5.66516906e+01,0.00000000e+00,0.00000000e+00,1.60511740e-03,9.92577686e-06,0.00000000e+00,0.00000000e+00,0.00000000e+00,0.00000000e+00
6.79169379e+01,6.76669379e+01,1.33958606e-03,7.05976897e-06,0.00000000e+00,0.00000000e+00,2.58124699e-04,4.58908976e-06,1.63318823e-05,1.18661085e-06,1.72554523e+00,6.53760654e-03,9.02535131e+03,4.73139258e+01,0.00000000e+00,0.00000000e+00,1.59718263e-03,8.50548210e-06,0.00000000e+00,0.00000000e+00,6.91287999e+00,1.58266512e-02
6.80169629e+01,6.77669629e+01,1.34110170e-03,7.24123983e-06,0.00000000e+00,0.00000000e+00,2.57714777e-04,4.86572073e-06,1.60137426e-05,1.19758651e-06,1.72579259e+00,6.43268889e-03,9.03302296e+03,4.74149905e+01,0.00000000e+00,0.00000000e+00,1.59829825e-03,8.45431556e-06,0.00000000e+00,0.00000000e+00,0.00000000e+00,0.00000000e+00
6.81169880e+01,6.78669880e+01,1.33929199e-03,6.91050293e-06,0.00000000e+00,0.00000000e+00,2.61732081e-04,5.53356325e-06,1.58693527e-05,1.19072719e-06,1.72408551e+00,6.11406135e-03,9.03975992e+03,4.84598548e+01,0.00000000e+00,0.00000000e+00,1.60051079e-03,8.28902770e-06,0.00000000e+00,0.00000000e+00,6.91315999e+00,1.56169600e-02
6.82170130e+01,6.79670130e+01,1.33821970e-03,7.24778457e-06,0.00000000e+00,0.00000000e+00,2.61748351e-04,5.14617637e-06,1.58312396e-05,1.19221439e-06,1.71869794e+00,6.23137329e-03,9.02289039e+03,4.90344694e+01,0.00000000e+00,0.00000000e+00,1.59945561e-03,8.35837096e-06,0.00000000e+00,0.00000000e+00,0.00000000e+00,0.00000000e+00
6.83170381e+01,6.80670381e+01,1.33543440e-03,7.18582028e-06,0.00000000e+00,0.00000000e+00,2.59022338e-04,4.39150132e-06,1.57442273e-05,1.19896276e-06,1.71452902e+00,6.25453138e-03,8.99503153e+03,4.75424613e+01,0.00000000e+00,0.00000000e+00,1.59394534e-03,8.12046577e-06,0.00000000e+00,0.00000000e+00,6.91281999e+00,1.55142320e-02
6.84170631e+01,6.81670631e+01,1.33153279e-03,7.30473400e-06,0.00000000e+00,0.00000000e+00,2.66322371e-04,5.11059556e-06,1.56922172e-05,1.20181436e-06,1.70954180e+00,6.11768995e-03,9.00547824e+03,4.85779813e+01,0.00000000e+00,0.00000000e+00,1.59734280e-03,8.43167894e-06,0.00000000e+00,0.00000000e+00,0.00000000e+00,0.00000000e+00
6.85170881e+01,6.82670881e+01,1.32891783e-03,7.52481964e-06,0.00000000e+00,0.00000000e+00,2.64520044e-04,6.33808149e-06,1.56801921e-05,1.22862456e-06,1.70443135e+00,6.10482742e-03,8.98559430e+03,6.05718234e+01,0.00000000e+00,0.00000000e+00,1.59292849e-03,1.01710207e-05,0.00000000e+00,0.00000000e+00,6.91238999e+00,1.52456778e-02
6.86171132e+01,6.83671132e+01,1.32950428e-03,7.49806230e-06,0.00000000e+00,0.00000000e+00,2.60193419e-04,4.69193993e-06,1.56248469e-05,1.20965159e-06,1.70072776e+00,6.04404977e-03,8.95325708e+03,5.04201528e+01,0.00000000e+00,0.00000000e+00,1.58919104e-03,9.04833627e-06,0.00000000e+00,0.00000000e+00,0.00000000e+00,0.00000000e+00
6.87171382e+01,6.84671382e+01,1.32530798e-03,7.05729755e-06,0.00000000e+00,0.00000000e+00,2.61132389e-04,4.45433309e-06,1.52878551e-05,1.16057859e-06,1.69725268e+00,6.30416545e-03,8.93537077e+03,4.61847885e+01,0.00000000e+00,0.00000000e+00,1.58592827e-03,8.36449954e-06,0.00000000e+00,0.00000000e+00,6.91372999e+00,1.52629338e-02
6.88171632e+01,6.85671632e+01,1.32529381e-03,7.44660361e-06,0.00000000e+00,0.00000000e+00,2.61329275e-04,4.30605683e-06,1.50189272e-05,1.11257888e-06,1.69490169e+00,6.12645169e-03,8.92992302e+03,4.73698707e+01,0.00000000e+00,0.00000000e+00,1.58612913e-03,8.73003606e-06,0.00000000e+00,0.00000000e+00,0.00000000e+00,0.00000000e+00
6.89171883e+01,6.86671883e+01,1.32659083e-03,7.55705273e-06,0.00000000e+00,0.00000000e+00,2.58897106e-04,4.65018414e-06,1.48473724e-05,1.09195075e-06,1.69351601e+00,6.33066793e-03,8.92819573e+03,5.49603667e+01,0.00000000e+00,0.00000000e+00,1.58496336e-03,9.38811727e-06,0.00000000e+00,0.00000000e+00,6.91201999e+00,1.49592443e-02
6.90172133e+01,6.87672133e+01,1.32402168e-03,7.60606980e-06,0.00000000e+00,0.00000000e+00,2.57489175e-04,4.47832839e-06,1.47113237e-05,1.08070641e-06,1.68877052e+00,6.38352447e-03,8.88612975e+03,5.19022984e+01,0.00000000e+00,0.00000000e+00,1.58102488e-03,9.60487553e-06,0.00000000e+00,0.00000000e+00,0.00000000e+00,0.00000000e+00
6.91172384e+01,6.88672384e+01,1.32303227e-03,7.43643731e-06,0.00000000e+00,0.00000000e+00,2.60583119e-04,5.59719846e-06,1.45423797e-05,1.07669069e-06,1.68761178e+00,6.27625016e-03,8.89750994e+03,5.83896812e+01,0.00000000e+00,0.00000000e+00,1.58313640e-03,1.03645472e-05,0.00000000e+00,0.00000000e+00,6.91115999e+00,1.48990864e-02
6.92172634e+01,6.89672634e+01,1.31635118e-03,6.75390236e-06,0.00000000e+00,0.00000000e+00,2.60808231e-04,5.12835890e-06,1.42157732e-05,1.03707123e-06,1.68228356e+00,6.12424271e-03,8.85792039e+03,5.02160020e+01,0.00000000e+00,0.00000000e+00,1.57669052e-03,8.94735629e-06,0.00000000e+00,0.00000000e+00,0.00000000e+00,0.00000000e+00
6.93172884e+01,6.90672884e+01,1.31892520e-03,7.16181694e-06,0.00000000e+00,0.00000000e+00,2.60755712e-04,5.32252193e-06,1.39972836e-05,1.03049654e-06,1.67976884e+00,6.50743044e-03,8.86556724e+03,5.05806024e+01,0.00000000e+00,0.00000000e+00,1.57922153e-03,9.18878426e-06,0.00000000e+00,0.00000000e+00,6.90716999e+00,1.47206589e-02
6.94173135e+01,6.91673135e+01,1.31922025e-03,7.27682111e-06,0.00000000e+00,0.00000000e+00,2.63830246e-04,5.72022441e-06,1.38770299e-05,1.02906382e-06,1.67828598e+00,6.71239490e-03,8.87901359e+03,5.89185666e+01,0.00000000e+00,0.00000000e+00,1.58259490e-03,1.03736165e-05,0.00000000e+00,0.00000000e+00,0.00000000e+00,0.00000000e+00
6.95173385e+01,6.92673385e+01,1.31522598e-03,7.70065905e-06,0.00000000e+00,0.00000000e+00,2.62257944e-04,6.34738739e-06,1.39099713e-05,1.04043391e-06,1.67378970e+00,6.53542408e-03,8.83754769e+03,6.04061470e+01,0.00000000e+00,0.00000000e+00,1.57702323e-03,1.04926120e-05,0.00000000e+00,0.00000000e+00,6.90716999e+00,1.46770220e-02
6.96173635e+01,6.93673635e+01,1.31251884e-03,7.67769048e-06,0.00000000e+00,0.00000000e+00,2.54898064e-04,5.57317431e-06,1.39003942e-05,1.04043550e-06,1.67114111e+00,6.43418705e-03,8.78020638e+03,5.83626737e+01,0.00000000e+00,0.00000000e+00,1.56695503e-03,1.05264929e-05,0.00000000e+00,0.00000000e+00,0.00000000e+00,0.00000000e+00
6.97173886e+01,6.94673886e+01,1.30895384e-03,7.22661894e-06,0.00000000e+00,0.00000000e+00,2.52943749e-04,5.34049651e-06,1.38869049e-05,1.03818131e-06,1.66423604e+00,6.43560593e-03,8.76079358e+03,5.77353899e+01,0.00000000e+00,0.00000000e+00,1.56143641e-03,1.02568261e-05,0.00000000e+00,0.00000000e+00,6.90697999e+00,1.47584254e-02
6.98174136e+01,6.95674136e+01,1.30701785e-03,7.04079008e-06,0.00000000e+00,0.00000000e+00,2.54037070e-04,4.69233813e-06,1.37355460e-05,1.01960499e-06,1.66116701e+00,6.20306288e-03,8.74752689e+03,5.19273363e+01,0.00000000e+00,0.00000000e+00,1.56060838e-03,9.19690780e-06,0.00000000e+00,0.00000000e+00,0.00000000e+00,0.00000000e+00
6.99174387e+01,6.96674387e+01,1.30831067e-03,7.01545641e-06,0.00000000e+00,0.00000000e+00,2.58892713e-04,5.33026817e-06,1.36135199e-05,1.01906575e-06,1.66048693e+00,6.13511195e-03,8.78009571e+03,5.46784508e+01,0.00000000e+00,0.00000000e+00,1.56677349e-03,9.59873805e-06,0.00000000e+00,0.00000000e+00,6.90635999e+00,1.46681098e-02
7.00174637e+01,6.97674637e+01,1.30874675e-03,7.31818313e-06,0.00000000e+00,0.00000000e+00,2.65762325e-04,6.79581113e-06,1.36419863e-05,1.02431325e-06,1.65931012e+00,6.21404482e-03,8.84407910e+03,6.52622336e+01,0.00000000e+00,0.00000000e+00,1.57408010e-03,1.09706890e-05,0.00000000e+00,0.00000000e+00,0.00000000e+00,0.00000000e+00
7.01174887e+01,6.98674887e+01,1.30864117e-03,7.20774466e-06,0.00000000e+00,0.00000000e+00,2.58408394e-04,5.52544249e-06,1.36215469e-05,1.02423766e-06,1.65892168e+00,6.30606041e-03,8.78779526e+03,5.83498965e+01,0.00000000e+00,0.00000000e+00,1.56662393e-03,1.00427335e-05,0.00000000e+00,0.00000000e+00,6.90181999e+00,1.46594433e-02
7.02175138e+01,6.99675138e+01,1.30619702e-03,7.44941647e-06,0.00000000e+00,0.00000000e+00,2.54005148e-04,5.00082049e-06,1.35601445e-05,1.02319530e-06,1.65332699e+00,6.49600922e-03,8.74402209e+03,5.40996403e+01,0.00000000e+00,0.00000000e+00,1.55977946e-03,9.46711122e-06,0.00000000e+00,0.00000000e+00,0.00000000e+00,0.00000000e+00
7.03175388e+01,7.00675388e+01,1.30523126e-03,7.13397586e-06,0.00000000e+00,0.00000000e+00,2.55311381e-04,5.39264436e-06,1.34069696e-05,1.00710835e-06,1.65152327e+00,6.23997629e-03,8.73697570e+03,5.66152034e+01,0.00000000e+00,0.00000000e+00,1.56012130e-03,9.71020068e-06,0.00000000e+00,0.00000000e+00,6.90217999e+00,1.45256542e-02
7.04175638e+01,7.01675638e+01,1.30271662e-03,7.53133598e-06,0.00000000e+00,0.00000000e+00,2.57798182e-04,5.28338700e-06,1.32722534e-05,9.98409890e-07,1.64820693e+00,6.50064683e-03,8.73480372e+03,5.63554776e+01,0.00000000e+00,0.00000000e+00,1.56009028e-03,9.74866965e-06,0.00000000e+00,0.00000000e+00,0.00000000e+00,0.00000000e+00
7.05175889e+01,7.02675889e+01,1.30128784e-03,7.71009638e-06,0.00000000e+00,0.00000000e+00,2.65909340e-04,1.24170940e-05,1.32788370e-05,9.98287881e-07,1.64380457e+00,6.34675724e-03,8.78783278e+03,1.04474295e+02,0.00000000e+00,0.00000000e+00,1.56676886e-03,1.52489419e-05,0.00000000e+00,0.00000000e+00,6.89897999e+00,1.42218569e-02
7.06176139e+01,7.03676139e+01,1.29697208e-03,7.03184332e-06,0.00000000e+00,0.00000000e+00,2.58393221e-04,5.55955184e-06,1.33197348e-05,1.00855969e-06,1.64137520e+00,6.10067183e-03,8.70449985e+03,5.65998856e+01,0.00000000e+00,0.00000000e+00,1.55494792e-03,9.45508314e-06,0.00000000e+00,0.00000000e+00,0.00000000e+00,0.00000000e+00
7.07176390e+01,7.04676390e+01,1.29511130e-03,7.02677689e-06,0.00000000e+00,0.00000000e+00,2.57773904e-04,6.44345225e-06,1.34991497e-05,1.03660775e-06,1.63764943e+00,5.93567929e-03,8.68770149e+03,5.93920050e+01,0.00000000e+00,0.00000000e+00,1.55246590e-03,1.02373605e-05,0.00000000e+00,0.00000000e+00,6.89725999e+00,1.43305330e-02
7.08176640e+01,7.05676640e+01,1.29234053e-03,6.68639634e-06,0.00000000e+00,0.00000000e+00,2.55558926e-04,5.79281039e-06,1.33561051e-05,1.03138563e-06,1.63258422e+00,5.95122016e-03,8.66410704e+03,5.43412231e+01,0.00000000e+00,0.00000000e+00,1.54748492e-03,9.31452817e-06,0.00000000e+00,0.00000000e+00,0.00000000e+00,0.00000000e+00
7.09176890e+01,7.06676890e+01,1.29346280e-03,6.65154432e-06,0.00000000e+00,0.00000000e+00,2.61331662e-04,5.79949914e-06,1.32580747e-05,1.02961193e-06,1.63397644e+00,6.14705457e-03,8.70921133e+03,5.53232675e+01,0.00000000e+00,0.00000000e+00,1.55438245e-03,9.28945852e-06,0.00000000e+00,0.00000000e+00,6.89480999e+00,1.43755737e-02
7.10177141e+01,7.07677141e+01,1.29109136e-03,6.74559907e-06,0.00000000e+00,0.00000000e+00,2.52595210e-04,4.95035013e-06,1.32879268e-05,1.04596321e-06,1.62897994e+00,6.00845613e-03,8.63082234e+03,4.85554486e+01,0.00000000e+00,0.00000000e+00,1.54327646e-03,8.67671180e-06,0.00000000e+00,0.00000000e+00,0.00000000e+00,0.00000000e+00
7.11177391e+01,7.08677391e+01,1.29244549e-03,6.37444603e-06,0.00000000e+00,0.00000000e+00,2.57249579e-04,6.01770759e-06,1.32516772e-05,1.05321120e-06,1.63126705e+00,6.00560177e-03,8.66407720e+03,5.37954074e+01,0.00000000e+00,0.00000000e+00,1.54928620e-03,9.04195847e-06,0.00000000e+00,0.00000000e+00,6.89261999e+00,1.43820863e-02
7.12177641e+01,7.09677641e+01,1.29478270e-03,6.38424003e-06,0.00000000e+00,0.00000000e+00,2.53199116e-04,4.67880769e-06,1.39916279e-05,1.27176243e-06,1.62913859e+00,5.80301560e-03,8.64495210e+03,4.52568360e+01,0.00000000e+00,0.00000000e+00,1.54755531e-03,7.96572157e-06,0.00000000e+00,0.00000000e+00,0.00000000e+00,0.00000000e+00
7.13177892e+01,7.10677892e+01,1.29190957e-03,6.37016419e-06,0.00000000e+00,0.00000000e+00,2.56085658e-04,4.67143597e-06,1.44873285e-05,1.41356238e-06,1.62357894e+00,5.81461514e-03,8.64041380e+03,4.35621630e+01,0.00000000e+00,0.00000000e+00,1.54755190e-03,7.47507775e-06,0.00000000e+00,0.00000000e+00,6.89118999e+00,1.45523628e-02
7.14178142e+01,7.11678142e+01,1.29175653e-03,6.32263973e-06,0.00000000e+00,0.00000000e+00,2.54868582e-04,4.56579107e-06,1.43363515e-05,1.38533236e-06,1.62253611e+00,5.83796988e-03,8.63433119e+03,4.61193706e+01,0.00000000e+00,0.00000000e+00,1.54618913e-03,7.87590379e-06,0.00000000e+00,0.00000000e+00,0.00000000e+00,0.00000000e+00
7.15178393e+01,7.12678393e+01,1.28815392e-03,6.76592460e-06,0.00000000e+00,0.00000000e+00,2.51881955e-04,5.18611152e-06,1.42054549e-05,1.34844277e-06,1.61939118e+00,5.95788930e-03,8.59949795e+03,5.01541052e+01,0.00000000e+00,0.00000000e+00,1.53960697e-03,8.50463576e-06,0.00000000e+00,0.00000000e+00,6.89262999e+00,1.46556001e-02
7.16178643e+01,7.13678643e+01,1.28658507e-03,6.71053549e-06,0.00000000e+00,0.00000000e+00,2.47812971e-04,4.31530617e-06,1.34554556e-05,1.17442961e-06,1.61714942e+00,5.93308299e-03,8.54983736e+03,4.57260397e+01,0.00000000e+00,0.00000000e+00,1.53398808e-03,8.08153258e-06,0.00000000e+00,0.00000000e+00,0.00000000e+00,0.00000000e+00
7.17178893e+01,7.14678893e+01,1.28616658e-03,6.60284735e-06,0.00000000e+00,0.00000000e+00,2.44123014e-04,4.43702508e-06,1.29902102e-05,1.14163929e-06,1.61435995e+00,5.84627261e-03,8.52890688e+03,4.80169875e+01,0.00000000e+00,0.00000000e+00,1.52987512e-03,8.18900726e-06,0.00000000e+00,0.00000000e+00,6.88965999e+00,1.44988702e-02
7.18179144e+01,7.15679144e+01,1.28315816e-03,6.80914134e-06,0.00000000e+00,0.00000000e+00,2.47509177e-04,4.60141519e-06,1.26834083e-05,1.12186359e-06,1.61001492e+00,5.91540965e-03,8.54659877e+03,5.16204177e+01,0.00000000e+00,0.00000000e+00,1.53020526e-03,8.69980115e-06,0.00000000e+00,0.00000000e+00,0.00000000e+00,0.00000000e+00
7.19179394e+01,7.16679394e+01,1.27921654e-03,6.92495422e-06,0.00000000e+00,0.00000000e+00,2.51189262e-04,4.87530916e-06,1.32617628e-05,1.43214792e-06,1.60303963e+00,6.10275514e-03,8.54461300e+03,5.47838455e+01,0.00000000e+00,0.00000000e+00,1.52991644e-03,9.28931548e-06,0.00000000e+00,0.00000000e+00,6.88750999e+00,1.45457105e-02
7.20179644e+01,7.17679644e+01,1.27886172e-03,6.99024778e-06,0.00000000e+00,0.00000000e+00,2.52942061e-04,5.20264485e-06,1.35271007e-05,1.68180793e-06,1.60201252e+00,5.86442456e-03,8.55613608e+03,5.24295575e+01,0.00000000e+00,0.00000000e+00,1.53133447e-03,9.12405182e-06,0.00000000e+00,0.00000000e+00,0.00000000e+00,0.00000000e+00
7.21179895e+01,7.18679895e+01,1.27578375e-03,6.75765160e-06,0.00000000e+00,0.00000000e+00,2.55804276e-04,6.85480116e-06,1.27180281e-05,1.22954454e-06,1.59915400e+00,5.75040503e-03,8.56523092e+03,6.04754702e+01,0.00000000e+00,0.00000000e+00,1.53115019e-03,9.89040896e-06,0.00000000e+00,0.00000000e+00,6.88537999e+00,1.46321624e-02
7.22180145e+01,7.19680145e+01,1.27698056e-03,7.03476260e-06,0.00000000e+00,0.00000000e+00,2.49968845e-04,5.71228073e-06,1.23306635e-05,1.10598638e-06,1.59727290e+00,5.72158117e-03,8.51786748e+03,5.52767551e+01,0.00000000e+00,0.00000000e+00,1.52652794e-03,9.35310749e-06,0.00000000e+00,0.00000000e+00,0.00000000e+00,0.00000000e+00
7.23180396e+01,7.20680396e+01,1.27654864e-03,6.95211181e-06,0.00000000e+00,0.00000000e+00,2.50952108e-04,8.23041757e-06,1.21620763e-05,1.10059986e-06,1.59553445e+00,5.69160548e-03,8.51358429e+03,7.18793877e+01,0.00000000e+00,0.00000000e+00,1.52708531e-03,1.20088781e-05,0.00000000e+00,0.00000000e+00,6.88211999e+00,1.46791088e-02
7.24180646e+01,7.21680646e+01,1.27400586e-03,7.19713063e-06,0.00000000e+00,0.00000000e+00,2.47548092e-04,6.09049733e-06,1.20189152e-05,1.09195357e-06,1.59306799e+00,5.64690994e-03,8.47706694e+03,6.26570331e+01,0.00000000e+00,0.00000000e+00,1.52114654e-03,1.09230515e-05,0.00000000e+00,0.00000000e+00,0.00000000e+00,0.00000000e+00
7.25180896e+01,7.22680896e+01,1.27349319e-03,7.07466122e-06,0.00000000e+00,0.00000000e+00,2.47629828e-04,5.96367162e-06,1.19581750e-05,1.09402873e-06,1.59062263e+00,5.77865354e-03,8.47466943e+03,5.83181055e+01,0.00000000e+00,0.00000000e+00,1.52073111e-03,9.98802948e-06,0.00000000e+00,0.00000000e+00,6.88052999e+00,1.46112144e-02
7.26181147e+01,7.23681147e+01,1.27460673e-03,7.20475151e-06,0.00000000e+00,0.00000000e+00,2.46260714e-04,5.16904564e-06,1.18672083e-05,1.10260903e-06,1.58772394e+00,5.87525776e-03,8.46633347e+03,5.57833937e+01,0.00000000e+00,0.00000000e+00,1.52044783e-03,9.79418506e-06,0.00000000e+00,0.00000000e+00,0.00000000e+00,0.00000000e+00
7.27181397e+01,7.24681397e+01,1.27025531e-03,6.58073251e-06,0.00000000e+00,0.00000000e+00,2.52032371e-04,5.25795235e-06,1.17816653e-05,1.09972293e-06,1.58509129e+00,5.58926421e-03,8.46065992e+03,5.29021519e+01,0.00000000e+00,0.00000000e+00,1.52189918e-03,9.38192010e-06,0.00000000e+00,0.00000000e+00,6.87663999e+00,1.45882034e-02
7.28181647e+01,7.25681647e+01,1.26842516e-03,7.08355989e-06,0.00000000e+00,0.00000000e+00,2.47202603e-04,4.77141386e-06,1.15034670e-05,1.07976195e-06,1.58151032e+00,5.68202924e-03,8.42370301e+03,5.20034970e+01,0.00000000e+00,0.00000000e+00,1.51524828e-03,9.25005292e-06,0.00000000e+00,0.00000000e+00,0.00000000e+00,0.00000000e+00
7.29181898e+01,7.26681898e+01,1.26596484e-03,7.39683998e-06,0.00000000e+00,0.00000000e+00,2.53930738e-04,6.69063766e-06,1.13998557e-05,1.08156288e-06,1.57574002e+00,5.85195197e-03,8.46069440e+03,5.95401508e+01,0.00000000e+00,0.00000000e+00,1.51951891e-03,1.02207590e-05,0.00000000e+00,0.00000000e+00,6.87273999e+00,1.48007554e-02
7.30182148e+01,7.27682148e+01,1.26419421e-03,7.03946441e-06,0.00000000e+00,0.00000000e+00,2.45523740e-04,4.97870343e-06,1.13619161e-05,1.08120743e-06,1.57344628e+00,6.14215379e-03,8.38839909e+03,5.40510840e+01,0.00000000e+00,0.00000000e+00,1.50934333e-03,9.50152919e-06,0.00000000e+00,0.00000000e+00,0.00000000e+00,0.00000000e+00
7.31182399e+01,7.28682399e+01,1.26158673e-03,6.90754656e-06,0.00000000e+00,0.00000000e+00,2.47201106e-04,5.78093102e-06,1.12820831e-05,1.08278780e-06,1.57024091e+00,6.14153973e-03,8.38421794e+03,5.40577704e+01,0.00000000e+00,0.00000000e+00,1.50841756e-03,9.24064637e-06,0.00000000e+00,0.00000000e+00,6.87008999e+00,1.48654174e-02
7.32182649e+01,7.29682649e+01,1.26540391e-03,7.11075257e-06,0.00000000e+00,0.00000000e+00,2.46204668e-04,6.25653435e-06,1.11331200e-05,1.08359399e-06,1.56915213e+00,6.04602315e-03,8.39224016e+03,6.20445066e+01,0.00000000e+00,0.00000000e+00,1.51124502e-03,1.03664881e-05,0.00000000e+00,0.00000000e+00,0.00000000e+00,0.00000000e+00
7.33182899e+01,7.30682899e+01,1.25887382e-03,6.79754928e-06,0.00000000e+00,0.00000000e+00,2.38094233e-04,4.74134029e-06,1.11259273e-05,1.08242588e-06,1.56373724e+00,5.73878505e-03,8.30559927e+03,5.00145147e+01,0.00000000e+00,0.00000000e+00,1.49660802e-03,8.65385086e-06,0.00000000e+00,0.00000000e+00,6.86775999e+00,1.47407301e-02
7.34183150e+01,7.31683150e+01,1.25919671e-03,6.97434477e-06,0.00000000e+00,0.00000000e+00,2.36726878e-04,3.98886819e-06,1.10072324e-05,1.06917156e-06,1.56074389e+00,5.91715354e-03,8.28991090e+03,4.39910507e+01,0.00000000e+00,0.00000000e+00,1.49556779e-03,7.96131389e-06,0.00000000e+00,0.00000000e+00,0.00000000e+00,0.00000000e+00
7.35183400e+01,7.32683400e+01,1.25596464e-03,7.24535652e-06,0.00000000e+00,0.00000000e+00,2.36849341e-04,4.51697178e-06,1.07259997e-05,1.04383943e-06,1.55805781e+00,5.46993571e-03,8.27459992e+03,4.69162863e+01,0.00000000e+00,0.00000000e+00,1.49246578e-03,8.41751024e-06,0.00000000e+00,0.00000000e+00,6.86505999e+00,1.48877270e-02
7.36183650e+01,7.33683650e+01,1.25722804e-03,7.22375403e-06,0.00000000e+00,0.00000000e+00,2.42437152e-04,7.44042369e-06,1.06926393e-05,1.04556309e-06,1.55459336e+00,5.62134713e-03,8.31233657e+03,6.06551339e+01,0.00000000e+00,0.00000000e+00,1.49931857e-03,9.74743953e-06,0.00000000e+00,0.00000000e+00,0.00000000e+00,0.00000000e+00
7.37183901e+01,7.34683901e+01,1.25262188e-03,7.17083308e-06,0.00000000e+00,0.00000000e+00,2.34936238e-04,4.73809743e-06,1.06751628e-05,1.04213884e-06,1.55101220e+00,5.60030294e-03,8.23279629e+03,4.66209093e+01,0.00000000e+00,0.00000000e+00,1.48721155e-03,8.46467810e-06,0.00000000e+00,0.00000000e+00,6.85996999e+00,1.48470076e-02
7.38184151e+01,7.35684151e+01,1.24878316e-03,7.31657864e-06,0.00000000e+00,0.00000000e+00,2.37941485e-04,4.64482857e-06,1.05391567e-05,1.03124249e-06,1.55023586e+00,5.69069598e-03,8.23233501e+03,4.93914387e+01,0.00000000e+00,0.00000000e+00,1.48638289e-03,9.03840443e-06,0.00000000e+00,0.00000000e+00,0.00000000e+00,0.00000000e+00
7.39184402e+01,7.36684402e+01,1.24982828e-03,7.43556318e-06,0.00000000e+00,0.00000000e+00,2.38276289e-04,4.93560213e-06,1.03759560e-05,1.02463262e-06,1.55056444e+00,6.12643391e-03,8.24194485e+03,5.05126091e+01,0.00000000e+00,0.00000000e+00,1.48776934e-03,9.05983139e-06,0.00000000e+00,0.00000000e+00,6.85989999e+00,1.48826420e-02
7.40184652e+01,7.37684652e+01,1.24975404e-03,7.30092476e-06,0.00000000e+00,0.00000000e+00,2.41813555e-04,4.79806343e-06,1.02372645e-05,1.02792688e-06,1.54680948e+00,5.70555429e-03,8.26358047e+03,5.09552779e+01,0.00000000e+00,0.00000000e+00,1.49123638e-03,9.02972659e-06,0.00000000e+00,0.00000000e+00,0.00000000e+00,0.00000000e+00
7.41184902e+01,7.38684902e+01,1.24733990e-03,7.45005878e-06,0.00000000e+00,0.00000000e+00,2.45475218e-04,5.24216524e-06,1.00728345e-05,9.97346722e-07,1.54220311e+00,5.62029257e-03,8.25947976e+03,5.21351349e+01,0.00000000e+00,0.00000000e+00,1.49248864e-03,9.56443606e-06,0.00000000e+00,0.00000000e+00,6.85958999e+00,1.48803656e-02
7.42185153e+01,7.39685153e+01,1.24601523e-03,7.38855495e-06,0.00000000e+00,0.00000000e+00,2.39607357e-04,5.03439678e-06,1.00630401e-05,1.00131844e-06,1.54092425e+00,5.81044813e-03,8.20667852e+03,5.21564313e+01,0.00000000e+00,0.00000000e+00,1.48529939e-03,9.34178757e-06,0.00000000e+00,0.00000000e+00,0.00000000e+00,0.00000000e+00
7.43185403e+01,7.40685403e+01,1.24424382e-03,7.87683207e-06,0.00000000e+00,0.00000000e+00,2.38689476e-04,5.35864547e-06,9.94581050e-06,1.00271263e-06,1.53784322e+00,5.90548435e-03,8.19362318e+03,5.51260159e+01,0.00000000e+00,0.00000000e+00,1.48261501e-03,9.78460960e-06,0.00000000e+00,0.00000000e+00,6.85814999e+00,1.47778597e-02
7.44185653e+01,7.41685653e+01,1.24223120e-03,8.05623328e-06,0.00000000e+00,0.00000000e+00,2.40583474e-04,5.59063225e-06,9.85744693e-06,9.96029393e-07,1.53576660e+00,5.87822913e-03,8.20873740e+03,5.93694949e+01,0.00000000e+00,0.00000000e+00,1.48249908e-03,1.05106295e-05,0.00000000e+00,0.00000000e+00,0.00000000e+00,0.00000000e+00
7.45185904e+01,7.42685904e+01,1.24706328e-03,8.06432528e-06,0.00000000e+00,0.00000000e+00,2.36645827e-04,5.30532732e-06,9.70668293e-06,9.79068854e-07,1.53656757e+00,5.62046276e-03,8.19615983e+03,5.56320159e+01,0.00000000e+00,0.00000000e+00,1.48339778e-03,1.00047023e-05,0.00000000e+00,0.00000000e+00,6.85398999e+00,1.46375094e-02
7.46186154e+01,7.43686154e+01,1.23970889e-03,7.93014990e-06,0.00000000e+00,0.00000000e+00,2.38535548e-04,5.75850470e-06,9.51448772e-06,9.58878517e-07,1.52984313e+00,5.62815221e-03,8.17273649e+03,5.65869302e+01,0.00000000e+00,0.00000000e+00,1.47793795e-03,9.80484135e-06,0.00000000e+00,0.00000000e+00,0.00000000e+00,0.00000000e+00
7.47186405e+01,7.44686405e+01,1.23746354e-03,7.56035889e-06,0.00000000e+00,0.00000000e+00,2.40121438e-04,5.47040230e-06,9.50134954e-06,9.62118628e-07,1.52907282e+00,5.83192494e-03,8.16432548e+03,5.37911456e+01,0.00000000e+00,0.00000000e+00,1.47727894e-03,9.42734228e-06,0.00000000e+00,0.00000000e+00,6.85438999e+00,1.47909607e-02
7.48186655e+01,7.45686655e+01,1.23711331e-03,7.55948218e-06,0.00000000e+00,0.00000000e+00,2.36550446e-04,5.69085512e-06,9.81477301e-06,1.08582197e-06,1.52328239e+00,5.83688397e-03,8.14047268e+03,5.81478025e+01,0.00000000e+00,0.00000000e+00,1.47335479e-03,1.00986061e-05,0.00000000e+00,0.00000000e+00,0.00000000e+00,0.00000000e+00
7.49186905e+01,7.46686905e+01,1.23414053e-03,7.76516909e-06,0.00000000e+00,0.00000000e+00,2.36500913e-04,5.70862197e-06,9.87030129e-06,1.12825507e-06,1.52053085e+00,5.91147811e-03,8.11820817e+03,5.69257340e+01,0.00000000e+00,0.00000000e+00,1.47033309e-03,9.96775756e-06,0.00000000e+00,0.00000000e+00,6.84964999e+00,1.50846733e-02
7.50187156e+01,7.47687156e+01,1.23507446e-03,8.12355130e-06,0.00000000e+00,0.00000000e+00,2.38040512e-04,6.20537000e-06,9.77275159e-06,1.12043117e-06,1.52011785e+00,6.11441151e-03,8.12442836e+03,5.94877233e+01,0.00000000e+00,0.00000000e+00,1.47280898e-03,1.04203035e-05,0.00000000e+00,0.00000000e+00,0.00000000e+00,0.00000000e+00
7.51187406e+01,7.48687406e+01,1.23532943e-03,8.00091844e-06,0.00000000e+00,0.00000000e+00,2.43179840e-04,5.89134737e-06,9.59919520e-06,1.12040225e-06,1.51875282e+00,5.89554339e-03,8.15244048e+03,5.72036658e+01,0.00000000e+00,0.00000000e+00,1.47820720e-03,1.01453987e-05,0.00000000e+00,0.00000000e+00,6.84306999e+00,1.52984935e-02
7.52187656e+01,7.49687656e+01,1.23355662e-03,8.28412438e-06,0.00000000e+00,0.00000000e+00,2.44958398e-04,6.09467014e-06,9.55422160e-06,1.11382135e-06,1.51440293e+00,6.27755993e-03,8.15757100e+03,5.78959159e+01,0.00000000e+00,0.00000000e+00,1.47820719e-03,1.02986646e-05,0.00000000e+00,0.00000000e+00,0.00000000e+00,0.00000000e+00
7.53187907e+01,7.50687907e+01,1.23066214e-03,7.91182941e-06,0.00000000e+00,0.00000000e+00,2.37938082e-04,5.19303731e-06,9.49716252e-06,1.10853054e-06,1.51251907e+00,5.97573280e-03,8.08407153e+03,4.96734001e+01,0.00000000e+00,0.00000000e+00,1.46829589e-03,9.18396725e-06,0.00000000e+00,0.00000000e+00,6.83595000e+00,1.53219681e-02
7.54188157e+01,7.51688157e+01,1.22546342e-03,7.33806589e-06,0.00000000e+00,0.00000000e+00,2.37432941e-04,5.65955030e-06,9.53277618e-06,1.12172792e-06,1.50499613e+00,5.83113655e-03,8.05592785e+03,5.33945102e+01,0.00000000e+00,0.00000000e+00,1.46259235e-03,9.36413044e-06,0.00000000e+00,0.00000000e+00,0.00000000e+00,0.00000000e+00
7.55188408e+01,7.52688408e+01,1.22540670e-03,7.49667293e-06,0.00000000e+00,0.00000000e+00,2.45868099e-04,8.55596803e-06,9.74849525e-06,1.23483699e-06,1.49906620e+00,5.81486432e-03,8.10933760e+03,7.33662235e+01,0.00000000e+00,0.00000000e+00,1.47096385e-03,1.21590375e-05,0.00000000e+00,0.00000000e+00,6.83056000e+00,1.51187979e-02
7.56188658e+01,7.53688658e+01,1.22182888e-03,7.87693469e-06,0.00000000e+00,0.00000000e+00,2.37216975e-04,5.65692886e-06,1.01029619e-05,1.30242395e-06,1.49493016e+00,5.68962926e-03,8.02862052e+03,5.74522727e+01,0.00000000e+00,0.00000000e+00,1.45872509e-03,1.02494327e-05,0.00000000e+00,0.00000000e+00,0.00000000e+00,0.00000000e+00
7.57188908e+01,7.54688908e+01,1.22112280e-03,7.37451030e-06,0.00000000e+00,0.00000000e+00,2.37946735e-04,6.04318686e-06,1.05455178e-05,1.72216558e-06,1.49322137e+00,5.54878966e-03,8.04153144e+03,5.84143702e+01,0.00000000e+00,0.00000000e+00,1.45873446e-03,1.00548564e-05,0.00000000e+00,0.00000000e+00,6.82680999e+00,1.51825374e-02
7.58189159e+01,7.55689159e+01,1.22226035e-03,7.25374801e-06,0.00000000e+00,0.00000000e+00,2.37253473e-04,5.50792121e-06,1.11524474e-05,2.74209515e-06,1.49446560e+00,5.36243801e-03,8.03303798e+03,5.59031565e+01,0.00000000e+00,0.00000000e+00,1.45915639e-03,9.75210487e-06,0.00000000e+00,0.00000000e+00,0.00000000e+00,0.00000000e+00
7.59189409e+01,7.56689409e+01,1.22185588e-03,7.53661140e-06,0.00000000e+00,0.00000000e+00,2.40956776e-04,6.62195373e-06,9.56045203e-06,1.80782348e-06,1.49209626e+00,5.56570777e-03,8.05132593e+03,6.14211041e+01,0.00000000e+00,0.00000000e+00,1.46250117e-03,1.05102146e-05,0.00000000e+00,0.00000000e+00,6.82180999e+00,1.51905124e-02
7.60189659e+01,7.57689659e+01,1.21529513e-03,6.95733586e-06,0.00000000e+00,0.00000000e+00,2.41728478e-04,6.76748158e-06,8.93597060e-06,1.39608760e-06,1.48664585e+00,5.59874997e-03,8.02411633e+03,6.14700011e+01,0.00000000e+00,0.00000000e+00,1.45673171e-03,1.01893234e-05,0.00000000e+00,0.00000000e+00,0.00000000e+00,0.00000000e+00
7.61189910e+01,7.58689910e+01,1.21563594e-03,7.55255253e-06,0.00000000e+00,0.00000000e+00,2.37884966e-04,7.05286128e-06,9.15833906e-06,1.40144611e-06,1.48570339e+00,5.54788251e-03,8.00957797e+03,6.83681100e+01,0.00000000e+00,0.00000000e+00,1.45322522e-03,1.10044068e-05,0.00000000e+00,0.00000000e+00,6.81802999e+00,1.51055245e-02
7.62190160e+01,7.59690160e+01,1.21209657e-03,7.67557409e-06,0.00000000e+00,0.00000000e+00,2.32847278e-04,5.97368506e-06,8.87892697e-06,1.27969921e-06,1.48367081e+00,5.67674412e-03,7.95197996e+03,5.87545108e+01,0.00000000e+00,0.00000000e+00,1.44465554e-03,9.83115029e-06,0.00000000e+00,0.00000000e+00,0.00000000e+00,0.00000000e+00
7.63190411e+01,7.60690411e+01,1.20901600e-03,7.72607972e-06,0.00000000e+00,0.00000000e+00,2.30583176e-04,5.16679311e-06,8.71184390e-06,1.20705004e-06,1.47860565e+00,5.82972769e-03,7.91874318e+03,5.56421614e+01,0.00000000e+00,0.00000000e+00,1.43932008e-03,9.55728166e-06,0.00000000e+00,0.00000000e+00,6.81719999e+00,1.50888082e-02
7.64190661e+01,7.61690661e+01,1.20885883e-03,7.38932665e-06,0.00000000e+00,0.00000000e+00,2.38347970e-04,8.92805469e-06,8.59724439e-06,1.15896604e-06,1.47501227e+00,5.73677682e-03,7.96833276e+03,7.22311793e+01,0.00000000e+00,0.00000000e+00,1.44693088e-03,1.16510572e-05,0.00000000e+00,0.00000000e+00,0.00000000e+00,0.00000000e+00
7.65190911e+01,7.62690911e+01,1.20807892e-03,7.44652018e-06,0.00000000e+00,0.00000000e+00,2.33427276e-04,5.83646394e-06,8.36466501e-06,1.10777943e-06,1.47339484e+00,5.69338152e-03,7.92967388e+03,5.61688145e+01,0.00000000e+00,0.00000000e+00,1.44123778e-03,9.52362105e-06,0.00000000e+00,0.00000000e+00,6.81374999e+00,1.50042784e-02
7.66191162e+01,7.63691162e+01,1.20622034e-03,8.13176181e-06,0.00000000e+00,0.00000000e+00,2.31035759e-04,6.58492853e-06,8.25215498e-06,1.07740982e-06,1.46851971e+00,5.64385742e-03,7.90553305e+03,6.41687444e+01,0.00000000e+00,0.00000000e+00,1.43699084e-03,1.09999254e-05,0.00000000e+00,0.00000000e+00,0.00000000e+00,0.00000000e+00
7.67191412e+01,7.64691412e+01,1.20087232e-03,7.87390634e-06,0.00000000e+00,0.00000000e+00,2.26506400e-04,5.82613602e-06,7.85496825e-06,9.07152663e-07,1.46661969e+00,5.51280338e-03,7.82786232e+03,5.57424497e+01,0.00000000e+00,0.00000000e+00,1.42712523e-03,1.03290582e-05,0.00000000e+00,0.00000000e+00,6.81079999e+00,1.51750596e-02
7.68191662e+01,7.65691662e+01,1.20285997e-03,7.76319810e-06,0.00000000e+00,0.00000000e+00,2.25637616e-04,6.09406932e-06,7.72707312e-06,8.76353101e-07,1.46451658e+00,5.45381834e-03,7.84487492e+03,5.99992272e+01,0.00000000e+00,0.00000000e+00,1.42824770e-03,1.03542997e-05,0.00000000e+00,0.00000000e+00,0.00000000e+00,0.00000000e+00
7.69191913e+01,7.66691913e+01,1.20079316e-03,7.57667870e-06,0.00000000e+00,0.00000000e+00,2.26672137e-04,5.95696828e-06,8.11047886e-06,1.07071867e-06,1.45908793e+00,5.56427076e-03,7.82949192e+03,5.83335230e+01,0.00000000e+00,0.00000000e+00,1.42720740e-03,1.01702077e-05,0.00000000e+00,0.00000000e+00,6.80417999e+00,1.52417849e-02
7.70192163e+01,7.67692163e+01,1.20142865e-03,7.64390126e-06,0.00000000e+00,0.00000000e+00,2.28257473e-04,5.16128190e-06,8.23977261e-06,1.30495964e-06,1.45576197e+00,5.31394044e-03,7.83651427e+03,5.71105248e+01,0.00000000e+00,0.00000000e+00,1.42942867e-03,9.99340920e-06,0.00000000e+00,0.00000000e+00,0.00000000e+00,0.00000000e+00
7.71192414e+01,7.68692414e+01,1.19638632e-03,7.81409777e-06,0.00000000e+00,0.00000000e+00,2.28832505e-04,6.47353592e-06,7.58583530e-06,9.06552645e-07,1.45090167e+00,5.44649548e-03,7.80991254e+03,6.57367346e+01,0.00000000e+00,0.00000000e+00,1.42497762e-03,1.11807611e-05,0.00000000e+00,0.00000000e+00,6.80162999e+00,1.52557371e-02
7.72192664e+01,7.69692664e+01,1.19464172e-03,7.80948212e-06,0.00000000e+00,0.00000000e+00,2.23777836e-04,4.97622268e-06,7.17433873e-06,8.19219595e-07,1.44833462e+00,5.64066397e-03,7.75344891e+03,5.36989276e+01,0.00000000e+00,0.00000000e+00,1.41818812e-03,9.80663436e-06,0.00000000e+00,0.00000000e+00,0.00000000e+00,0.00000000e+00
7.73192914e+01,7.70692914e+01,1.19359332e-03,8.17083178e-06,0.00000000e+00,0.00000000e+00,2.22917601e-04,5.01211195e-06,7.10845515e-06,8.14678015e-07,1.44518232e+00,5.55841976e-03,7.75158336e+03,5.55472946e+01,0.00000000e+00,0.00000000e+00,1.41628161e-03,1.02609179e-05,0.00000000e+00,0.00000000e+00,6.79699999e+00,1.52132189e-02
7.74193165e+01,7.71693165e+01,1.19128542e-03,7.84712177e-06,0.00000000e+00,0.00000000e+00,2.25193790e-04,4.53112705e-06,7.02056721e-06,7.96560879e-07,1.44431152e+00,5.55192115e-03,7.75227747e+03,5.28291787e+01,0.00000000e+00,0.00000000e+00,1.41625461e-03,9.84871797e-06,0.00000000e+00,0.00000000e+00,0.00000000e+00,0.00000000e+00
7.75193415e+01,7.72693415e+01,1.19363678e-03,7.93276658e-06,0.00000000e+00,0.00000000e+00,2.27432612e-04,4.94653325e-06,6.91132773e-06,7.77741768e-07,1.44413547e+00,5.54826752e-03,7.78301305e+03,5.37122493e+01,0.00000000e+00,0.00000000e+00,1.42084868e-03,9.72886119e-06,0.00000000e+00,0.00000000e+00,6.79541999e+00,1.51019847e-02
7.76193665e+01,7.73693665e+01,1.19308857e-03,8.24519958e-06,0.00000000e+00,0.00000000e+00,2.30258432e-04,5.36406285e-06,6.82935984e-06,7.74896337e-07,1.44176579e+00,5.88044705e-03,7.78747909e+03,5.87599193e+01,0.00000000e+00,0.00000000e+00,1.42313147e-03,1.04601635e-05,0.00000000e+00,0.00000000e+00,0.00000000e+00,0.00000000e+00
7.77193916e+01,7.74693916e+01,1.19113936e-03,8.18073497e-06,0.00000000e+00,0.00000000e+00,2.27501386e-04,5.60695186e-06,7.39808142e-06,9.83530221e-07,1.43684654e+00,5.83094568e-03,7.76505497e+03,5.73353831e+01,0.00000000e+00,0.00000000e+00,1.41841300e-03,1.03626853e-05,0.00000000e+00,0.00000000e+00,6.79179999e+00,1.50565602e-02
7.78194166e+01,7.75694166e+01,1.19073202e-03,7.95943745e-06,0.00000000e+00,0.00000000e+00,2.24135114e-04,4.85997703e-06,7.99498754e-06,1.27006126e-06,1.43610044e+00,5.83798284e-03,7.74275142e+03,5.47116217e+01,0.00000000e+00,0.00000000e+00,1.41462484e-03,1.00441168e-05,0.00000000e+00,0.00000000e+00,0.00000000e+00,0.00000000e+00
7.79194417e+01,7.76694417e+01,1.18978504e-03,7.94736857e-06,0.00000000e+00,0.00000000e+00,2.24300240e-04,5.85437497e-06,7.88899366e-06,1.21852882e-06,1.43202870e+00,5.62081519e-03,7.73602729e+03,6.31095251e+01,0.00000000e+00,0.00000000e+00,1.41384378e-03,1.10177350e-05,0.00000000e+00,0.00000000e+00,6.78935999e+00,1.52737548e-02
7.80194667e+01,7.77694667e+01,1.18857102e-03,8.16580373e-06,0.00000000e+00,0.00000000e+00,2.22274833e-04,4.89855243e-06,7.22918565e-06,1.05781603e-06,1.43056038e+00,5.72990035e-03,7.70451515e+03,5.17850185e+01,0.00000000e+00,0.00000000e+00,1.41062031e-03,9.50547861e-06,0.00000000e+00,0.00000000e+00,0.00000000e+00,0.00000000e+00
7.81194917e+01,7.78694917e+01,1.18514819e-03,8.09669884e-06,0.00000000e+00,0.00000000e+00,2.25889873e-04,6.68993246e-06,7.18140401e-06,1.08991687e-06,1.42614576e+00,5.61396263e-03,7.71145456e+03,6.02293609e+01,0.00000000e+00,0.00000000e+00,1.41081375e-03,1.03533187e-05,0.00000000e+00,0.00000000e+00,6.78677999e+00,1.53634066e-02
7.82195168e+01,7.79695168e+01,1.18071706e-03,7.81358794e-06,0.00000000e+00,0.00000000e+00,2.15662906e-04,4.70715048e-06,6.98678702e-06,1.08048934e-06,1.42357209e+00,5.48059035e-03,7.61168248e+03,4.89311847e+01,0.00000000e+00,0.00000000e+00,1.39616191e-03,9.21828196e-06,0.00000000e+00,0.00000000e+00,0.00000000e+00,0.00000000e+00
7.83195418e+01,7.80695418e+01,1.17651300e-03,7.68893562e-06,0.00000000e+00,0.00000000e+00,2.18872095e-04,4.74835866e-06,6.91901648e-06,1.07154783e-06,1.41949679e+00,5.61306036e-03,7.61283126e+03,5.14820175e+01,0.00000000e+00,0.00000000e+00,1.39516894e-03,9.37351574e-06,0.00000000e+00,0.00000000e+00,6.78319999e+00,1.52167705e-02
7.84195669e+01,7.81695669e+01,1.17625088e-03,7.95250934e-06,0.00000000e+00,0.00000000e+00,2.22644710e-04,6.78151703e-06,6.86540585e-06,1.06469351e-06,1.41873489e+00,5.73421084e-03,7.63635327e+03,6.25405425e+01,0.00000000e+00,0.00000000e+00,1.39867943e-03,1.07957211e-05,0.00000000e+00,0.00000000e+00,0.00000000e+00,0.00000000e+00
7.85195919e+01,7.82695919e+01,1.17740318e-03,8.09413372e-06,0.00000000e+00,0.00000000e+00,2.12538474e-04,4.44167407e-06,6.88984532e-06,1.18077076e-06,1.41451828e+00,5.65711043e-03,7.58228477e+03,5.34650352e+01,0.00000000e+00,0.00000000e+00,1.38972286e-03,9.85324090e-06,0.00000000e+00,0.00000000e+00,6.78212999e+00,1.53543773e-02
7.86196169e+01,7.83696169e+01,1.17306902e-03,8.02668406e-06,0.00000000e+00,0.00000000e+00,2.10545135e-04,3.64597327e-06,6.04413335e-06,7.81489432e-07,1.41219267e+00,5.96378817e-03,7.54127281e+03,4.97229697e+01,0.00000000e+00,0.00000000e+00,1.38341095e-03,9.34576748e-06,0.00000000e+00,0.00000000e+00,0.00000000e+00,0.00000000e+00
7.87196420e+01,7.84696420e+01,1.17203218e-03,8.01474027e-06,0.00000000e+00,0.00000000e+00,2.18803777e-04,4.83740916e-06,5.89109994e-06,7.61767833e-07,1.41015653e+00,5.81258512e-03,7.58460286e+03,5.46909914e+01,0.00000000e+00,0.00000000e+00,1.39063638e-03,9.76247490e-06,0.00000000e+00,0.00000000e+00,6.78110999e+00,1.54326553e-02
7.88196670e+01,7.85696670e+01,1.16874604e-03,7.64473353e-06,0.00000000e+00,0.00000000e+00,2.24819551e-04,5.30584715e-06,5.85348869e-06,7.53103397e-07,1.40729290e+00,5.70492095e-03,7.60491830e+03,5.59742016e+01,0.00000000e+00,0.00000000e+00,1.39336986e-03,9.91454398e-06,0.00000000e+00,0.00000000e+00,0.00000000e+00,0.00000000e+00
7.89196920e+01,7.86696920e+01,1.16855146e-03,7.41183334e-06,0.00000000e+00,0.00000000e+00,2.27126189e-04,6.79929667e-06,5.74297465e-06,7.43138419e-07,1.40551126e+00,5.75444544e-03,7.63307285e+03,6.47729617e+01,0.00000000e+00,0.00000000e+00,1.39548359e-03,1.07713532e-05,0.00000000e+00,0.00000000e+00,6.77680999e+00,1.53454081e-02
7.90197171e+01,7.87697171e+01,1.16767789e-03,7.96828805e-06,0.00000000e+00,0.00000000e+00,2.28303428e-04,6.02861217e-06,5.83921806e-06,8.08147559e-07,1.40397506e+00,5.74479464e-03,7.61990244e+03,6.01716389e+01,0.00000000e+00,0.00000000e+00,1.39578555e-03,1.09284055e-05,0.00000000e+00,0.00000000e+00,0.00000000e+00,0.00000000e+00
7.91197421e+01,7.88697421e+01,1.16303401e-03,8.08647429e-06,0.00000000e+00,0.00000000e+00,2.21891990e-04,5.25958606e-06,5.80148474e-06,8.01276269e-07,1.39755658e+00,5.89421601e-03,7.55483918e+03,5.75370504e+01,0.00000000e+00,0.00000000e+00,1.38473182e-03,1.06463550e-05,0.00000000e+00,0.00000000e+00,6.77299999e+00,1.55915477e-02
7.92197672e+01,7.89697672e+01,1.16166680e-03,7.81686220e-06,0.00000000e+00,0.00000000e+00,2.23629181e-04,6.37848907e-06,5.59211762e-06,7.94246558e-07,1.39545539e+00,5.79595794e-03,7.53488652e+03,5.90852034e+01,0.00000000e+00,0.00000000e+00,1.38510766e-03,1.09053302e-05,0.00000000e+00,0.00000000e+00,0.00000000e+00,0.00000000e+00
7.93197922e+01,7.90697922e+01,1.15906303e-03,7.62736714e-06,0.00000000e+00,0.00000000e+00,2.12816866e-04,4.33456510e-06,5.48237436e-06,7.87274313e-07,1.39014641e+00,5.73867609e-03,7.45064876e+03,5.11713082e+01,0.00000000e+00,0.00000000e+00,1.37169470e-03,9.57274762e-06,0.00000000e+00,0.00000000e+00,6.76744999e+00,1.55830610e-02
7.94198172e+01,7.91698172e+01,1.15980423e-03,8.07513955e-06,0.00000000e+00,0.00000000e+00,2.13387476e-04,5.15246212e-06,5.46427265e-06,7.79531453e-07,1.38981263e+00,5.79966310e-03,7.44678194e+03,5.35368582e+01,0.00000000e+00,0.00000000e+00,1.37300761e-03,1.02658072e-05,0.00000000e+00,0.00000000e+00,0.00000000e+00,0.00000000e+00
7.95198423e+01,7.92698423e+01,1.15779905e-03,8.05523249e-06,0.00000000e+00,0.00000000e+00,2.11217662e-04,3.92856956e-06,5.45999040e-06,7.74838210e-07,1.38453928e+00,5.73376493e-03,7.43262337e+03,4.88712150e+01,0.00000000e+00,0.00000000e+00,1.36883158e-03,9.47349099e-06,0.00000000e+00,0.00000000e+00,6.76090999e+00,1.58497686e-02
7.96198673e+01,7.93698673e+01,1.15638042e-03,8.25706892e-06,0.00000000e+00,0.00000000e+00,2.28163498e-04,1.36755888e-05,5.47161299e-06,7.73462716e-07,1.38186223e+00,5.89842571e-03,7.55621039e+03,1.06561949e+02,0.00000000e+00,0.00000000e+00,1.38435836e-03,1.61633530e-05,0.00000000e+00,0.00000000e+00,0.00000000e+00,0.00000000e+00
7.97198923e+01,7.94698923e+01,1.15254665e-03,8.37416828e-06,0.00000000e+00,0.00000000e+00,2.15782372e-04,5.67460356e-06,5.58124125e-06,8.16438058e-07,1.37868941e+00,5.77517929e-03,7.44289117e+03,5.92969654e+01,0.00000000e+00,0.00000000e+00,1.36814151e-03,1.09099464e-05,0.00000000e+00,0.00000000e+00,6.75836999e+00,1.57083559e-02
7.98199174e+01,7.95699174e+01,1.14939402e-03,8.39318674e-06,0.00000000e+00,0.00000000e+00,2.10485801e-04,5.49399365e-06,5.62783111e-06,8.43940174e-07,1.37626914e+00,6.05621700e-03,7.39135773e+03,5.94624166e+01,0.00000000e+00,0.00000000e+00,1.35969109e-03,1.07648116e-05,0.00000000e+00,0.00000000e+00,0.00000000e+00,0.00000000e+00
7.99199424e+01,7.96699424e+01,1.14865226e-03,7.85655332e-06,0.00000000e+00,0.00000000e+00,2.11668520e-04,5.13297185e-06,7.08510694e-06,2.02853798e-06,1.37396728e+00,5.79180701e-03,7.39979751e+03,5.34947413e+01,0.00000000e+00,0.00000000e+00,1.36009637e-03,9.93239455e-06,0.00000000e+00,0.00000000e+00,6.75693999e+00,1.59461834e-02
8.00199675e+01,7.97699675e+01,1.14129218e-03,7.43954543e-06,0.00000000e+00,0.00000000e+00,2.07292894e-04,4.27864593e-06,6.36718673e-06,1.43280460e-06,1.36849957e+00,5.47072960e-03,7.32529438e+03,5.09656411e+01,0.00000000e+00,0.00000000e+00,1.34838212e-03,9.34786952e-06,0.00000000e+00,0.00000000e+00,0.00000000e+00,0.00000000e+00
8.01199925e+01,7.98699925e+01,1.14254400e-03,7.54548922e-06,0.00000000e+00,0.00000000e+00,2.10542418e-04,4.25497187e-06,6.13643207e-06,1.25663940e-06,1.36707488e+00,5.51399437e-03,7.35082146e+03,5.13209551e+01,0.00000000e+00,0.00000000e+00,1.35288934e-03,9.55117301e-06,0.00000000e+00,0.00000000e+00,6.75321999e+00,1.57761905e-02
8.02200175e+01,7.99700175e+01,1.14190955e-03,7.29076836e-06,0.00000000e+00,0.00000000e+00,2.14541011e-04,6.26918345e-06,5.55819605e-06,9.14285504e-07,1.36343931e+00,5.46793235e-03,7.36647066e+03,6.12520108e+01,0.00000000e+00,0.00000000e+00,1.35626808e-03,1.05471509e-05,0.00000000e+00,0.00000000e+00,0.00000000e+00,0.00000000e+00
8.03200426e+01,8.00700426e+01,1.13762223e-03,7.44571239e-06,0.00000000e+00,0.00000000e+00,2.11130180e-04,5.10151135e-06,4.89878105e-06,6.97560071e-07,1.36162966e+00,5.56329627e-03,7.32343659e+03,5.36813392e+01,0.00000000e+00,0.00000000e+00,1.34858835e-03,1.00225420e-05,0.00000000e+00,0.00000000e+00,6.74797999e+00,1.59897437e-02
8.04200676e+01,8.01700676e+01,1.13655973e-03,7.82822277e-06,0.00000000e+00,0.00000000e+00,2.11433886e-04,5.46209240e-06,4.82227864e-06,6.97934835e-07,1.35761303e+00,5.71201685e-03,7.31054647e+03,5.84254461e+01,0.00000000e+00,0.00000000e+00,1.34783030e-03,1.07581421e-05,0.00000000e+00,0.00000000e+00,0.00000000e+00,0.00000000e+00
8.05200926e+01,8.02700926e+01,1.13291128e-03,7.73517919e-06,0.00000000e+00,0.00000000e+00,2.12867882e-04,4.83157181e-06,4.76007748e-06,6.88532677e-07,1.35404012e+00,5.39645864e-03,7.30116630e+03,5.32615737e+01,0.00000000e+00,0.00000000e+00,1.34561744e-03,1.01155329e-05,0.00000000e+00,0.00000000e+00,6.74735999e+00,1.63477455e-02
8.06201177e+01,8.03701177e+01,1.13159479e-03,7.65795542e-06,0.00000000e+00,0.00000000e+00,2.18725990e-04,6.48807749e-06,4.75316821e-06,6.87255411e-07,1.35054350e+00,5.17385429e-03,7.32545129e+03,5.92472463e+01,0.00000000e+00,0.00000000e+00,1.35015931e-03,1.10002402e-05,0.00000000e+00,0.00000000e+00,0.00000000e+00,0.00000000e+00
8.07201427e+01,8.04701427e+01,1.13260047e-03,7.86856556e-06,0.00000000e+00,0.00000000e+00,2.12994489e-04,5.36054605e-06,4.73017682e-06,6.85507721e-07,1.34990589e+00,5.21018349e-03,7.29629374e+03,5.12425262e+01,0.00000000e+00,0.00000000e+00,1.34543410e-03,9.95532246e-06,0.00000000e+00,0.00000000e+00,6.74379999e+00,1.60554216e-02
8.08201678e+01,8.05701678e+01,1.13064343e-03,8.22754280e-06,0.00000000e+00,0.00000000e+00,2.15753916e-04,5.47501833e-06,4.89979004e-06,8.04866974e-07,1.34651149e+00,5.77855678e-03,7.30849709e+03,5.64106342e+01,0.00000000e+00,0.00000000e+00,1.34623199e-03,1.04998210e-05,0.00000000e+00,0.00000000e+00,0.00000000e+00,0.00000000e+00
8.09201928e+01,8.06701928e+01,1.12756216e-03,8.41936712e-06,0.00000000e+00,0.00000000e+00,2.14704222e-04,5.12809244e-06,7.75993061e-06,3.42959424e-06,1.34513652e+00,5.69026195e-03,7.29334804e+03,5.81451737e+01,0.00000000e+00,0.00000000e+00,1.34203112e-03,1.07721390e-05,0.00000000e+00,0.00000000e+00,6.74062999e+00,1.59638330e-02
8.10202178e+01,8.07702178e+01,1.12871280e-03,7.95654177e-06,0.00000000e+00,0.00000000e+00,2.14008557e-04,4.96064028e-06,6.37039216e-06,2.08220835e-06,1.34353340e+00,5.45532807e-03,7.28230124e+03,5.50036909e+01,0.00000000e+00,0.00000000e+00,1.34252279e-03,1.01576414e-05,0.00000000e+00,0.00000000e+00,0.00000000e+00,0.00000000e+00
8.11202429e+01,8.08702429e+01,1.12541345e-03,7.89537489e-06,0.00000000e+00,0.00000000e+00,2.12292482e-04,4.55341083e-06,4.35040321e-06,6.54086114e-07,1.34001404e+00,5.54617079e-03,7.25380647e+03,5.16581982e+01,0.00000000e+00,0.00000000e+00,1.33755857e-03,9.62045631e-06,0.00000000e+00,0.00000000e+00,6.73635999e+00,1.59043829e-02
8.12202679e+01,8.09702679e+01,1.12204008e-03,7.80130213e-06,0.00000000e+00,0.00000000e+00,2.10771430e-04,5.11116120e-06,4.31949164e-06,6.52878206e-07,1.33561050e+00,5.35910646e-03,7.22678302e+03,5.63377749e+01,0.00000000e+00,0.00000000e+00,1.33266690e-03,1.01854108e-05,0.00000000e+00,0.00000000e+00,0.00000000e+00,0.00000000e+00
8.13202929e+01,8.10702929e+01,1.11656302e-03,7.83246648e-06,0.00000000e+00,0.00000000e+00,2.08689782e-04,4.77990406e-06,4.27773295e-06,6.53550827e-07,1.33015191e+00,5.55334319e-03,7.18538092e+03,5.56316747e+01,0.00000000e+00,0.00000000e+00,1.32510929e-03,1.01025667e-05,0.00000000e+00,0.00000000e+00,6.73123999e+00,1.60187899e-02
8.14203180e+01,8.11703180e+01,1.11761201e-03,7.61627043e-06,0.00000000e+00,0.00000000e+00,2.13255747e-04,4.74635259e-06,4.27487816e-06,6.52729997e-07,1.32902985e+00,5.54589107e-03,7.21223893e+03,5.25298339e+01,0.00000000e+00,0.00000000e+00,1.33072485e-03,9.64753859e-06,0.00000000e+00,0.00000000e+00,0.00000000e+00,0.00000000e+00
8.15203430e+01,8.12703430e+01,1.11753835e-03,7.78535518e-06,0.00000000e+00,0.00000000e+00,2.16807584e-04,6.98969032e-06,4.25576440e-06,6.51466774e-07,1.32752227e+00,5.62298310e-03,7.23323052e+03,6.57742876e+01,0.00000000e+00,0.00000000e+00,1.33420388e-03,1.18935548e-05,0.00000000e+00,0.00000000e+00,6.72878999e+00,1.58734787e-02
8.16203681e+01,8.13703681e+01,1.11535809e-03,7.85292768e-06,0.00000000e+00,0.00000000e+00,2.16204985e-04,6.83286802e-06,4.19831340e-06,6.52033894e-07,1.32254615e+00,5.46802940e-03,7.21578850e+03,6.55797491e+01,0.00000000e+00,0.00000000e+00,1.33142246e-03,1.16034556e-05,0.00000000e+00,0.00000000e+00,0.00000000e+00,0.00000000e+00
8.17203931e+01,8.14703931e+01,1.11564180e-03,7.79067307e-06,0.00000000e+00,0.00000000e+00,2.10464578e-04,5.24632491e-06,4.19441434e-06,6.50877881e-07,1.32076841e+00,5.45773127e-03,7.17896397e+03,5.75905747e+01,0.00000000e+00,0.00000000e+00,1.32596711e-03,1.05571292e-05,0.00000000e+00,0.00000000e+00,6.72531999e+00,1.60894584e-02
8.18204181e+01,8.15704181e+01,1.11213353e-03,7.38104131e-06,0.00000000e+00,0.00000000e+00,2.11513612e-04,5.63257840e-06,4.19088452e-06,6.49819846e-07,1.31784032e+00,5.50073071e-03,7.15886601e+03,5.61642315e+01,0.00000000e+00,0.00000000e+00,1.32350908e-03,1.02547716e-05,0.00000000e+00,0.00000000e+00,0.00000000e+00,0.00000000e+00
8.19204432e+01,8.16704432e+01,1.11120266e-03,7.72665627e-06,0.00000000e+00,0.00000000e+00,2.05280820e-04,4.96849613e-06,4.18902273e-06,6.49173560e-07,1.31414668e+00,5.74002089e-03,7.11005528e+03,5.00184314e+01,0.00000000e+00,0.00000000e+00,1.31634558e-03,9.55824245e-06,0.00000000e+00,0.00000000e+00,6.71909999e+00,1.61145297e-02
8.20204682e+01,8.17704682e+01,1.10868164e-03,7.49307877e-06,0.00000000e+00,0.00000000e+00,2.01733778e-04,3.83980736e-06,4.18718454e-06,6.48538618e-07,1.31039631e+00,5.72368068e-03,7.07303155e+03,4.73580339e+01,0.00000000e+00,0.00000000e+00,1.31027759e-03,9.17552031e-06,0.00000000e+00,0.00000000e+00,0.00000000e+00,0.00000000e+00
8.21204932e+01,8.18704932e+01,1.10399761e-03,7.31953054e-06,0.00000000e+00,0.00000000e+00,2.03440883e-04,5.47733639e-06,4.18537447e-06,6.47914337e-07,1.30653123e+00,5.95707690e-03,7.06955536e+03,5.60171238e+01,0.00000000e+00,0.00000000e+00,1.30730069e-03,1.02781934e-05,0.00000000e+00,0.00000000e+00,6.71621999e+00,1.57658658e-02
8.22205183e+01,8.19705183e+01,1.09918104e-03,7.39336632e-06,0.00000000e+00,0.00000000e+00,2.01228817e-04,4.35606140e-06,4.18358624e-06,6.47300751e-07,1.30180214e+00,5.78217262e-03,7.02758162e+03,5.15155319e+01,0.00000000e+00,0.00000000e+00,1.30027227e-03,9.76247604e-06,0.00000000e+00,0.00000000e+00,0.00000000e+00,0.00000000e+00
8.23205433e+01,8.20705433e+01,1.09763796e-03,7.38389466e-06,0.00000000e+00,0.00000000e+00,2.08965126e-04,5.13582013e-06,4.10707132e-06,6.19281882e-07,1.29965932e+00,5.41405802e-03,7.07165278e+03,5.25897773e+01,0.00000000e+00,0.00000000e+00,1.30646764e-03,9.54753328e-06,0.00000000e+00,0.00000000e+00,6.71247999e+00,1.51681711e-02
8.24205684e+01,8.21705684e+01,1.09841896e-03,7.18924450e-06,0.00000000e+00,0.00000000e+00,2.16188868e-04,6.66863428e-06,4.05882729e-06,6.13554367e-07,1.29990470e+00,5.43698209e-03,7.13372779e+03,6.24072568e+01,0.00000000e+00,0.00000000e+00,1.31447357e-03,1.05442514e-05,0.00000000e+00,0.00000000e+00,0.00000000e+00,0.00000000e+00
8.25205934e+01,8.22705934e+01,1.09654187e-03,6.76551809e-06,0.00000000e+00,0.00000000e+00,2.15939491e-04,6.11850365e-06,3.94872823e-06,6.12307901e-07,1.29805785e+00,5.07107352e-03,7.11231787e+03,5.87406694e+01,0.00000000e+00,0.00000000e+00,1.31234985e-03,9.99987788e-06,0.00000000e+00,0.00000000e+00,6.70773999e+00,1.51645557e-02
8.26206184e+01,8.23706184e+01,1.09519243e-03,6.80303904e-06,0.00000000e+00,0.00000000e+00,2.09780540e-04,5.08075231e-06,3.83482193e-06,6.07865410e-07,1.29211344e+00,5.23428166e-03,7.05998394e+03,5.37839108e+01,0.00000000e+00,0.00000000e+00,1.30484423e-03,9.53560614e-06,0.00000000e+00,0.00000000e+00,0.00000000e+00,0.00000000e+00
8.27206435e+01,8.24706435e+01,1.09301160e-03,7.30113915e-06,0.00000000e+00,0.00000000e+00,2.05325233e-04,4.87823662e-06,3.82728323e-06,6.06991399e-07,1.28971744e+00,5.62611693e-03,7.01600303e+03,5.60124889e+01,0.00000000e+00,0.00000000e+00,1.29820830e-03,1.01999100e-05,0.00000000e+00,0.00000000e+00,6.70157999e+00,1.51107303e-02
8.28206685e+01,8.25706685e+01,1.09411179e-03,7.09171628e-06,0.00000000e+00,0.00000000e+00,2.03598555e-04,5.44002039e-06,3.77581663e-06,6.06959342e-07,1.28820031e+00,5.52427049e-03,7.00565129e+03,5.36882251e+01,0.00000000e+00,0.00000000e+00,1.29758357e-03,9.77309487e-06,0.00000000e+00,0.00000000e+00,0.00000000e+00,0.00000000e+00
8.29206935e+01,8.26706935e+01,1.08967584e-03,6.78070111e-06,0.00000000e+00,0.00000000e+00,1.99512684e-04,5.50086116e-06,3.78107561e-06,6.06677426e-07,1.28418152e+00,5.29885253e-03,6.95647438e+03,5.26752584e+01,0.00000000e+00,0.00000000e+00,1.28906077e-03,9.29870819e-06,0.00000000e+00,0.00000000e+00,6.69390999e+00,1.51657048e-02
8.30207186e+01,8.27707186e+01,1.08843270e-03,6.55461329e-06,0.00000000e+00,0.00000000e+00,1.92005304e-04,3.87708579e-06,3.76415496e-06,6.04607259e-07,1.28045341e+00,5.37930732e-03,6.90309400e+03,4.39907180e+01,0.00000000e+00,0.00000000e+00,1.28031020e-03,8.17766622e-06,0.00000000e+00,0.00000000e+00,0.00000000e+00,0.00000000e+00
8.31207436e+01,8.28707436e+01,1.08401296e-03,7.05008363e-06,0.00000000e+00,0.00000000e+00,1.91851794e-04,5.00612958e-06,3.70578314e-06,6.06823156e-07,1.27402459e+00,5.50141499e-03,6.87749404e+03,4.80792463e+01,0.00000000e+00,0.00000000e+00,1.27573828e-03,9.26804025e-06,0.00000000e+00,0.00000000e+00,6.69147999e+00,1.51337170e-02
8.32207687e+01,8.29707687e+01,1.08174247e-03,7.03341277e-06,0.00000000e+00,0.00000000e+00,1.89494188e-04,4.20957157e-06,3.71638556e-06,6.09723811e-07,1.27111871e+00,5.55553763e-03,6.86087690e+03,4.92642823e+01,0.00000000e+00,0.00000000e+00,1.27110979e-03,9.02347218e-06,0.00000000e+00,0.00000000e+00,0.00000000e+00,0.00000000e+00
8.33207937e+01,8.30707937e+01,1.08388003e-03,6.65642593e-06,0.00000000e+00,0.00000000e+00,1.90190585e-04,4.25866480e-06,3.70442055e-06,6.09469114e-07,1.27178248e+00,5.38505429e-03,6.87190525e+03,4.61229405e+01,0.00000000e+00,0.00000000e+00,1.27394460e-03,8.48793088e-06,0.00000000e+00,0.00000000e+00,6.68652999e+00,1.51518673e-02
8.34208187e+01,8.31708187e+01,1.08562982e-03,6.49214881e-06,0.00000000e+00,0.00000000e+00,1.92046887e-04,4.01267081e-06,3.68668253e-06,6.09728659e-07,1.26923526e+00,5.56570821e-03,6.88009107e+03,4.24745557e+01,0.00000000e+00,0.00000000e+00,1.27755196e-03,7.92413382e-06,0.00000000e+00,0.00000000e+00,0.00000000e+00,0.00000000e+00
8.35208438e+01,8.32708438e+01,1.08204194e-03,6.92516935e-06,0.00000000e+00,0.00000000e+00,1.90267134e-04,4.23766462e-06,3.68523177e-06,6.09219009e-07,1.26393936e+00,5.64711044e-03,6.84952972e+03,4.81816462e+01,0.00000000e+00,0.00000000e+00,1.27218440e-03,8.83424119e-06,0.00000000e+00,0.00000000e+00,6.68270999e+00,1.49799279e-02
8.36208688e+01,8.33708688e+01,1.07686393e-03,6.79050674e-06,0.00000000e+00,0.00000000e+00,1.97056553e-04,4.84592955e-06,3.68379672e-06,6.08716857e-07,1.26063627e+00,5.57032864e-03,6.86514700e+03,5.15972697e+01,0.00000000e+00,0.00000000e+00,1.27379586e-03,9.18921591e-06,0.00000000e+00,0.00000000e+00,0.00000000e+00,0.00000000e+00
8.37208938e+01,8.34708938e+01,1.07355695e-03,6.61680552e-06,0.00000000e+00,0.00000000e+00,1.96581670e-04,5.28423428e-06,3.65994562e-06,6.05478926e-07,1.25832083e+00,5.14165578e-03,6.83852207e+03,5.18066566e+01,0.00000000e+00,0.00000000e+00,1.27001460e-03,9.38472459e-06,0.00000000e+00,0.00000000e+00,6.67698999e+00,1.49618807e-02
8.38209189e+01,8.35709189e+01,1.07544567e-03,6.95608756e-06,0.00000000e+00,0.00000000e+00,1.92759965e-04,4.22998558e-06,3.62774865e-06,6.02593643e-07,1.25588524e+00,5.32829500e-03,6.81936751e+03,4.73678511e+01,0.00000000e+00,0.00000000e+00,1.26808292e-03,8.93048248e-06,0.00000000e+00,0.00000000e+00,0.00000000e+00,0.00000000e+00
8.39209439e+01,8.36709439e+01,1.07161754e-03,6.53799941e-06,0.00000000e+00,0.00000000e+00,1.93144030e-04,4.32208798e-06,3.63702624e-06,6.03468591e-07,1.25307232e+00,5.35488594e-03,6.80933891e+03,4.66374983e+01,0.00000000e+00,0.00000000e+00,1.26464042e-03,8.62924961e-06,0.00000000e+00,0.00000000e+00,6.67369999e+00,1.51289575e-02
8.40209690e+01,8.37709690e+01,1.06900559e-03,6.55908053e-06,0.00000000e+00,0.00000000e+00,2.00830676e-04,4.92525098e-06,3.63643250e-06,6.03108795e-07,1.24919182e+00,5.12860633e-03,6.83969287e+03,4.65419497e+01,0.00000000e+00,0.00000000e+00,1.26971515e-03,8.65632700e-06,0.00000000e+00,0.00000000e+00,0.00000000e+00,0.00000000e+00
8.41209940e+01,8.38709940e+01,1.06654991e-03,6.93635135e-06,0.00000000e+00,0.00000000e+00,2.01250200e-04,5.63566701e-06,3.63660734e-06,6.02704883e-07,1.24901199e+00,5.34593487e-03,6.83768416e+03,5.27240846e+01,0.00000000e+00,0.00000000e+00,1.26767906e-03,9.38398256e-06,0.00000000e+00,0.00000000e+00,6.66867999e+00,1.51939905e-02
8.42210190e+01,8.39710190e+01,1.06633262e-03,7.11048029e-06,0.00000000e+00,0.00000000e+00,1.99640518e-04,4.35763076e-06,3.63519183e-06,6.02229976e-07,1.24814583e+00,5.38541646e-03,6.81929494e+03,4.83637370e+01,0.00000000e+00,0.00000000e+00,1.26585214e-03,8.95223393e-06,0.00000000e+00,0.00000000e+00,0.00000000e+00,0.00000000e+00
8.43210441e+01,8.40710441e+01,1.06732284e-03,7.08885701e-06,0.00000000e+00,0.00000000e+00,2.01806024e-04,4.52679361e-06,3.64083275e-06,6.02990422e-07,1.24714472e+00,5.40507549e-03,6.84316352e+03,5.10649543e+01,0.00000000e+00,0.00000000e+00,1.26900774e-03,9.32499077e-06,0.00000000e+00,0.00000000e+00,6.66498999e+00,1.53623998e-02
8.44210691e+01,8.41710691e+01,1.06241978e-03,7.14279329e-06,0.00000000e+00,0.00000000e+00,2.02074114e-04,4.48972209e-06,3.67025319e-06,6.18140192e-07,1.24350236e+00,5.19471803e-03,6.82200335e+03,4.91012133e+01,0.00000000e+00,0.00000000e+00,1.26437207e-03,9.23602994e-06,0.00000000e+00,0.00000000e+00,0.00000000e+00,0.00000000e+00
8.45210941e+01,8.42710941e+01,1.06111100e-03,7.01922495e-06,0.00000000e+00,0.00000000e+00,2.01721803e-04,4.89356991e-06,3.73528337e-06,6.57790790e-07,1.24082484e+00,5.47535343e-03,6.81623465e+03,5.08857955e+01,0.00000000e+00,0.00000000e+00,1.26270943e-03,9.28853748e-06,0.00000000e+00,0.00000000e+00,6.66008999e+00,1.51059160e-02
8.46211192e+01,8.43711192e+01,1.05952337e-03,6.99092811e-06,0.00000000e+00,0.00000000e+00,1.95790484e-04,4.08985613e-06,3.70307417e-06,6.52040241e-07,1.23704335e+00,5.40151354e-03,6.76721972e+03,4.68119087e+01,0.00000000e+00,0.00000000e+00,1.25519142e-03,8.81501611e-06,0.00000000e+00,0.00000000e+00,0.00000000e+00,0.00000000e+00
8.47211442e+01,8.44711442e+01,1.05442329e-03,7.07472152e-06,0.00000000e+00,0.00000000e+00,1.96880288e-04,4.14135790e-06,3.60455677e-06,6.47374376e-07,1.22995877e+00,5.56911897e-03,6.74411278e+03,4.80374761e+01,0.00000000e+00,0.00000000e+00,1.25118368e-03,9.13036454e-06,0.00000000e+00,0.00000000e+00,6.65311999e+00,1.50321157e-02
8.48211693e+01,8.45711693e+01,1.05189720e-03,6.80613014e-06,0.00000000e+00,0.00000000e+00,1.94403149e-04,3.97066866e-06,3.60140431e-06,6.47172144e-07,1.22717412e+00,5.43032246e-03,6.71419211e+03,4.77168007e+01,0.00000000e+00,0.00000000e+00,1.24618055e-03,8.86225836e-06,0.00000000e+00,0.00000000e+00,0.00000000e+00,0.00000000e+00
8.49211943e+01,8.46711943e+01,1.05199567e-03,6.63749674e-06,0.00000000e+00,0.00000000e+00,1.96106168e-04,4.49979808e-06,3.59197810e-06,6.46207101e-07,1.22594928e+00,5.65237555e-03,6.72616013e+03,5.06375026e+01,0.00000000e+00,0.00000000e+00,1.24798229e-03,9.16564917e-06,0.00000000e+00,0.00000000e+00,6.64658999e+00,1.50293795e-02
8.50212193e+01,8.47712193e+01,1.04816818e-03,6.46771310e-06,0.00000000e+00,0.00000000e+00,1.97386104e-04,4.65846448e-06,3.56817684e-06,6.56132170e-07,1.22243473e+00,5.30537977e-03,6.71102951e+03,4.79862971e+01,0.00000000e+00,0.00000000e+00,1.24543524e-03,8.78693473e-06,0.00000000e+00,0.00000000e+00,0.00000000e+00,0.00000000e+00
8.51212444e+01,8.48712444e+01,1.05120922e-03,6.79917342e-06,0.00000000e+00,0.00000000e+00,1.96405384e-04,4.20114556e-06,3.55312427e-06,6.57023954e-07,1.22043641e+00,5.31434334e-03,6.71071440e+03,4.75219866e+01,0.00000000e+00,0.00000000e+00,1.24749559e-03,8.86849623e-06,0.00000000e+00,0.00000000e+00,6.64115999e+00,1.49918481e-02
8.52212694e+01,8.49712694e+01,1.04944544e-03,6.65846390e-06,0.00000000e+00,0.00000000e+00,2.03989446e-04,4.99380940e-06,3.52660684e-06,6.56591447e-07,1.21910931e+00,5.61475454e-03,6.73673338e+03,5.11766314e+01,0.00000000e+00,0.00000000e+00,1.25331631e-03,9.33840280e-06,0.00000000e+00,0.00000000e+00,0.00000000e+00,0.00000000e+00
8.53212944e+01,8.50712944e+01,1.04781398e-03,6.64265922e-06,0.00000000e+00,0.00000000e+00,1.93377471e-04,4.54475126e-06,3.52514383e-06,6.56051397e-07,1.21451188e+00,5.66321377e-03,6.66923275e+03,4.92344954e+01,0.00000000e+00,0.00000000e+00,1.24107292e-03,8.96737914e-06,0.00000000e+00,0.00000000e+00,6.63811999e+00,1.49016664e-02
8.54213195e+01,8.51713195e+01,1.04005956e-03,6.46485010e-06,0.00000000e+00,0.00000000e+00,1.91099577e-04,4.67129545e-06,3.52369381e-06,6.55517732e-07,1.21000486e+00,5.28900044e-03,6.61906505e+03,5.05967548e+01,0.00000000e+00,0.00000000e+00,1.23104066e-03,9.08725943e-06,0.00000000e+00,0.00000000e+00,0.00000000e+00,0.00000000e+00
8.55213445e+01,8.52713445e+01,1.03356154e-03,6.28557928e-06,0.00000000e+00,0.00000000e+00,1.97563980e-04,5.25250836e-06,3.43520602e-06,6.35271171e-07,1.20293801e+00,5.56155982e-03,6.62910389e+03,5.15062936e+01,0.00000000e+00,0.00000000e+00,1.23100919e-03,9.22928697e-06,0.00000000e+00,0.00000000e+00,6.63202999e+00,1.50236613e-02
8.56213696e+01,8.53713696e+01,1.03578700e-03,6.22833958e-06,0.00000000e+00,0.00000000e+00,2.00420534e-04,4.74757954e-06,3.36578915e-06,6.23583408e-07,1.20406484e+00,5.59059970e-03,6.65232592e+03,4.92181971e+01,0.00000000e+00,0.00000000e+00,1.23609312e-03,9.01960682e-06,0.00000000e+00,0.00000000e+00,0.00000000e+00,0.00000000e+00
8.57213946e+01,8.54713946e+01,1.02929177e-03,6.31764117e-06,0.00000000e+00,0.00000000e+00,1.98630380e-04,5.01407272e-06,3.18413533e-06,5.92110343e-07,1.19822499e+00,5.50009680e-03,6.61355640e+03,5.16534258e+01,0.00000000e+00,0.00000000e+00,1.22781303e-03,9.26898793e-06,0.00000000e+00,0.00000000e+00,6.63018999e+00,1.48785911e-02
8.58214196e+01,8.55714196e+01,1.02807338e-03,6.60843669e-06,0.00000000e+00,0.00000000e+00,2.04551305e-04,6.51310894e-06,3.16793943e-06,5.90261171e-07,1.19578763e+00,5.45048804e-03,6.64232819e+03,5.90008475e+01,0.00000000e+00,0.00000000e+00,1.23251571e-03,1.02729101e-05,0.00000000e+00,0.00000000e+00,0.00000000e+00,0.00000000e+00
8.59214447e+01,8.56714447e+01,1.02835738e-03,6.40895296e-06,0.00000000e+00,0.00000000e+00,2.00680083e-04,5.63081985e-06,3.18373962e-06,5.83082846e-07,1.19573219e+00,5.31234304e-03,6.61841600e+03,5.67328853e+01,0.00000000e+00,0.00000000e+00,1.22892714e-03,9.92340562e-06,0.00000000e+00,0.00000000e+00,6.62599999e+00,1.49854476e-02
8.60214697e+01,8.57714697e+01,1.02571048e-03,6.61271949e-06,0.00000000e+00,0.00000000e+00,1.94918292e-04,4.68326139e-06,4.68126047e-06,1.61279170e-06,1.19097267e+00,5.18317326e-03,6.59669964e+03,5.51416374e+01,0.00000000e+00,0.00000000e+00,1.22037032e-03,9.44030586e-06,0.00000000e+00,0.00000000e+00,0.00000000e+00,0.00000000e+00
8.61214947e+01,8.58714947e+01,1.02288337e-03,6.50706584e-06,0.00000000e+00,0.00000000e+00,2.07268626e-04,6.26320655e-06,4.17695775e-06,1.00650064e-06,1.18584991e+00,4.98561948e-03,6.64722157e+03,5.71319162e+01,0.00000000e+00,0.00000000e+00,1.22995932e-03,1.00919944e-05,0.00000000e+00,0.00000000e+00,6.61924999e+00,1.45483895e-02
8.62215198e+01,8.59715198e+01,1.02138276e-03,6.42030087e-06,0.00000000e+00,0.00000000e+00,2.04808385e-04,5.60439885e-06,4.20202589e-06,1.03191469e-06,1.18497851e+00,5.08027062e-03,6.61533293e+03,5.57526626e+01,0.00000000e+00,0.00000000e+00,1.22601347e-03,9.83434069e-06,0.00000000e+00,0.00000000e+00,0.00000000e+00,0.00000000e+00
8.63215448e+01,8.60715448e+01,1.02076792e-03,6.22969449e-06,0.00000000e+00,0.00000000e+00,1.96166295e-04,4.93099606e-06,4.11195021e-06,9.96706004e-07,1.18141757e+00,4.97244866e-03,6.55813333e+03,4.81947341e+01,0.00000000e+00,0.00000000e+00,1.21676574e-03,8.75988845e-06,0.00000000e+00,0.00000000e+00,6.61308999e+00,1.42999619e-02
8.64215699e+01,8.61715699e+01,1.01937708e-03,6.19599024e-06,0.00000000e+00,0.00000000e+00,1.90496161e-04,4.42479386e-06,4.17646647e-06,1.10802563e-06,1.17810230e+00,4.89387288e-03,6.50584822e+03,4.24554496e+01,0.00000000e+00,0.00000000e+00,1.20970470e-03,7.95405388e-06,0.00000000e+00,0.00000000e+00,0.00000000e+00,0.00000000e+00
8.65215949e+01,8.62715949e+01,1.01474429e-03,6.16895605e-06,0.00000000e+00,0.00000000e+00,1.86605394e-04,4.47801185e-06,4.02384239e-06,1.07557268e-06,1.17595961e+00,5.04240387e-03,6.46526197e+03,4.88230197e+01,0.00000000e+00,0.00000000e+00,1.20118685e-03,8.89561129e-06,0.00000000e+00,0.00000000e+00,6.60535999e+00,1.44361745e-02
8.66216199e+01,8.63716199e+01,1.01292431e-03,6.18080620e-06,0.00000000e+00,0.00000000e+00,1.86502947e-04,4.46692715e-06,3.96365911e-06,1.05968965e-06,1.17281644e+00,4.69631838e-03,6.44759480e+03,4.82275191e+01,0.00000000e+00,0.00000000e+00,1.19926743e-03,8.90781105e-06,0.00000000e+00,0.00000000e+00,0.00000000e+00,0.00000000e+00
8.67216450e+01,8.64716450e+01,1.01228385e-03,6.12916928e-06,0.00000000e+00,0.00000000e+00,1.86854078e-04,4.06519896e-06,3.96852998e-06,1.04927998e-06,1.17103207e+00,4.65660843e-03,6.43573252e+03,4.39497760e+01,0.00000000e+00,0.00000000e+00,1.19897921e-03,8.19444939e-06,0.00000000e+00,0.00000000e+00,6.60110999e+00,1.42793198e-02
8.68216700e+01,8.65716700e+01,1.00971056e-03,5.99241372e-06,0.00000000e+00,0.00000000e+00,1.81503775e-04,4.02290266e-06,3.99154553e-06,1.04231099e-06,1.16778660e+00,5.02738995e-03,6.39334474e+03,4.16444522e+01,0.00000000e+00,0.00000000e+00,1.19105605e-03,7.79085599e-06,0.00000000e+00,0.00000000e+00,0.00000000e+00,0.00000000e+00
8.69216950e+01,8.66716950e+01,1.01105170e-03,6.66242017e-06,0.00000000e+00,0.00000000e+00,1.96514474e-04,1.14144163e-05,3.90751733e-06,1.03275478e-06,1.16668441e+00,5.04957939e-03,6.51137848e+03,8.83697669e+01,0.00000000e+00,0.00000000e+00,1.20741061e-03,1.33943262e-05,0.00000000e+00,0.00000000e+00,6.59645999e+00,1.43175419e-02
8.70217201e+01,8.67717201e+01,1.00582849e-03,6.17314141e-06,0.00000000e+00,0.00000000e+00,1.80623854e-04,3.32001537e-06,3.88231024e-06,1.02435003e-06,1.16269071e+00,5.09584874e-03,6.37728426e+03,3.85002684e+01,0.00000000e+00,0.00000000e+00,1.18629742e-03,7.38537071e-06,0.00000000e+00,0.00000000e+00,0.00000000e+00,0.00000000e+00
8.71217451e+01,8.68717451e+01,1.00543871e-03,6.28880703e-06,0.00000000e+00,0.00000000e+00,1.84866013e-04,4.60085570e-06,3.77167316e-06,1.01488807e-06,1.16010663e+00,5.12720211e-03,6.40017045e+03,4.41879528e+01,0.00000000e+00,0.00000000e+00,1.19015381e-03,7.98209909e-06,0.00000000e+00,0.00000000e+00,6.58867999e+00,1.44890965e-02
8.72217702e+01,8.69717702e+01,9.99797951e-04,6.43506678e-06,0.00000000e+00,0.00000000e+00,1.78675077e-04,3.95162387e-06,3.64213882e-06,9.88426193e-07,1.15649184e+00,5.06528194e-03,6.32699169e+03,4.26510382e+01,0.00000000e+00,0.00000000e+00,1.17833099e-03,7.90695759e-06,0.00000000e+00,0.00000000e+00,0.00000000e+00,0.00000000e+00
8.73217952e+01,8.70717952e+01,9.96958179e-04,6.22952673e-06,0.00000000e+00,0.00000000e+00,1.78358976e-04,3.77899094e-06,6.85882344e-06,3.60351561e-06,1.15351010e+00,5.11150720e-03,6.32051315e+03,4.32446718e+01,0.00000000e+00,0.00000000e+00,1.17507167e-03,7.86606231e-06,0.00000000e+00,0.00000000e+00,6.58409999e+00,1.47521580e-02
8.74218202e+01,8.71718202e+01,9.96057739e-04,6.28941635e-06,0.00000000e+00,0.00000000e+00,1.85814525e-04,5.53442205e-06,6.39917773e-06,2.69194167e-06,1.15473188e+00,4.78675553e-03,6.36121596e+03,5.13604958e+01,0.00000000e+00,0.00000000e+00,1.18165352e-03,9.34421008e-06,0.00000000e+00,0.00000000e+00,0.00000000e+00,0.00000000e+00
8.75218453e+01,8.72718453e+01,9.92466084e-04,6.49121752e-06,0.00000000e+00,0.00000000e+00,1.81368446e-04,4.06746048e-06,5.18581570e-06,1.87931623e-06,1.14929829e+00,4.99042749e-03,6.30385717e+03,4.37013469e+01,0.00000000e+00,0.00000000e+00,1.17365809e-03,8.36792998e-06,0.00000000e+00,0.00000000e+00,6.58175999e+00,1.47777007e-02
8.76218703e+01,8.73718703e+01,9.92180892e-04,6.68799618e-06,0.00000000e+00,0.00000000e+00,1.87316672e-04,4.92191642e-06,3.91707735e-06,1.39011504e-06,1.14820194e+00,5.01270267e-03,6.33478057e+03,4.71947486e+01,0.00000000e+00,0.00000000e+00,1.17935610e-03,8.87277121e-06,0.00000000e+00,0.00000000e+00,0.00000000e+00,0.00000000e+00
8.77218953e+01,8.74718953e+01,9.90908831e-04,6.67222011e-06,0.00000000e+00,0.00000000e+00,1.87023612e-04,5.18077987e-06,3.80699998e-06,1.29039617e-06,1.14432705e+00,5.02090979e-03,6.32190511e+03,5.25176333e+01,0.00000000e+00,0.00000000e+00,1.17779481e-03,9.42826421e-06,0.00000000e+00,0.00000000e+00,6.57618999e+00,1.45531470e-02
8.78219204e+01,8.75719204e+01,9.87443570e-04,6.49642873e-06,0.00000000e+00,0.00000000e+00,1.88445420e-04,5.12203399e-06,3.72820950e-06,1.22046323e-06,1.13902871e+00,5.05975499e-03,6.31183146e+03,5.18014047e+01,0.00000000e+00,0.00000000e+00,1.17575412e-03,9.32200503e-06,0.00000000e+00,0.00000000e+00,0.00000000e+00,0.00000000e+00
8.79219454e+01,8.76719454e+01,9.86555561e-04,6.64407094e-06,0.00000000e+00,0.00000000e+00,1.85748085e-04,5.06613212e-06,3.66383979e-06,1.16764817e-06,1.13780538e+00,5.29944486e-03,6.28811169e+03,5.16854045e+01,0.00000000e+00,0.00000000e+00,1.17217132e-03,9.45528745e-06,0.00000000e+00,0.00000000e+00,6.57191999e+00,1.40620540e-02
8.80219705e+01,8.77719705e+01,9.84833018e-04,6.08152823e-06,0.00000000e+00,0.00000000e+00,1.88761151e-04,4.55380197e-06,3.53743965e-06,1.12275081e-06,1.13857378e+00,5.29098793e-03,6.29512475e+03,4.50189741e+01,0.00000000e+00,0.00000000e+00,1.17346672e-03,8.18869443e-06,0.00000000e+00,0.00000000e+00,0.00000000e+00,0.00000000e+00
8.81219955e+01,8.78719955e+01,9.85609510e-04,6.31253208e-06,0.00000000e+00,0.00000000e+00,1.90102559e-04,5.74471534e-06,2.81503551e-06,5.45059579e-07,1.13631413e+00,5.20566320e-03,6.30535337e+03,5.23243232e+01,0.00000000e+00,0.00000000e+00,1.17560882e-03,9.06299131e-06,0.00000000e+00,0.00000000e+00,6.56996999e+00,1.41004156e-02
8.82220205e+01,8.79720205e+01,9.86694988e-04,6.32107464e-06,0.00000000e+00,0.00000000e+00,1.79940848e-04,4.36238514e-06,2.36457054e-06,4.32447720e-07,1.13219231e+00,5.18041325e-03,6.23976522e+03,4.77551847e+01,0.00000000e+00,0.00000000e+00,1.16654564e-03,8.60145091e-06,0.00000000e+00,0.00000000e+00,0.00000000e+00,0.00000000e+00
8.83220456e+01,8.80720456e+01,9.83864542e-04,6.44420449e-06,0.00000000e+00,0.00000000e+00,1.78954738e-04,5.34970401e-06,2.26792226e-06,4.18826739e-07,1.13079312e+00,5.04892853e-03,6.22653201e+03,5.21536285e+01,0.00000000e+00,0.00000000e+00,1.16273138e-03,8.91180056e-06,0.00000000e+00,0.00000000e+00,6.56213999e+00,1.41023037e-02
8.84220706e+01,8.81720706e+01,9.82268651e-04,6.52315890e-06,0.00000000e+00,0.00000000e+00,1.78390167e-04,3.86961328e-06,2.21310614e-06,4.15375521e-07,1.12654984e+00,4.96675647e-03,6.21358344e+03,4.37721303e+01,0.00000000e+00,0.00000000e+00,1.16057366e-03,8.02612086e-06,0.00000000e+00,0.00000000e+00,0.00000000e+00,0.00000000e+00
8.85220956e+01,8.82720956e+01,9.81771077e-04,6.79875418e-06,0.00000000e+00,0.00000000e+00,1.81892663e-04,4.43587351e-06,2.11525867e-06,4.09588167e-07,1.12443586e+00,4.85735265e-03,6.22148972e+03,4.55054640e+01,0.00000000e+00,0.00000000e+00,1.16358164e-03,8.47187147e-06,0.00000000e+00,0.00000000e+00,6.55862999e+00,1.38933071e-02
8.86221207e+01,8.83721207e+01,9.80833635e-04,6.69203883e-06,0.00000000e+00,0.00000000e+00,1.78844849e-04,4.44784111e-06,2.10098514e-06,4.09901613e-07,1.12244300e+00,4.79548975e-03,6.20685138e+03,4.62543116e+01,0.00000000e+00,0.00000000e+00,1.15959687e-03,8.56313725e-06,0.00000000e+00,0.00000000e+00,0.00000000e+00,0.00000000e+00
8.87221457e+01,8.84721457e+01,9.77270027e-04,6.38820209e-06,0.00000000e+00,0.00000000e+00,1.79074936e-04,4.45122695e-06,2.03170983e-06,4.06126951e-07,1.11772835e+00,4.76180624e-03,6.18695992e+03,4.50178036e+01,0.00000000e+00,0.00000000e+00,1.15626521e-03,8.22267692e-06,0.00000000e+00,0.00000000e+00,6.55542999e+00,1.38308272e-02
8.88221708e+01,8.85721708e+01,9.75927521e-04,6.38011896e-06,0.00000000e+00,0.00000000e+00,1.78683406e-04,4.00214675e-06,2.02343011e-06,4.05928851e-07,1.11444119e+00,4.65719310e-03,6.17009223e+03,4.30633879e+01,0.00000000e+00,0.00000000e+00,1.15453150e-03,8.03696417e-06,0.00000000e+00,0.00000000e+00,0.00000000e+00,0.00000000e+00
8.89221958e+01,8.86721958e+01,9.75387177e-04,6.29853782e-06,0.00000000e+00,0.00000000e+00,1.79325024e-04,4.19897937e-06,2.02149354e-06,4.05480402e-07,1.11219424e+00,4.81678571e-03,6.16955062e+03,4.26624585e+01,0.00000000e+00,0.00000000e+00,1.15463316e-03,8.02488549e-06,0.00000000e+00,0.00000000e+00,6.55218999e+00,1.37765557e-02
8.90222208e+01,8.87722208e+01,9.71994792e-04,6.37069919e-06,0.00000000e+00,0.00000000e+00,1.77444970e-04,3.89188370e-06,2.58075584e-06,7.50610367e-07,1.10985218e+00,5.01548409e-03,6.15360499e+03,4.17073653e+01,0.00000000e+00,0.00000000e+00,1.14929319e-03,8.04166657e-06,0.00000000e+00,0.00000000e+00,0.00000000e+00,0.00000000e+00
8.91222459e+01,8.88722459e+01,9.70825581e-04,5.90267733e-06,0.00000000e+00,0.00000000e+00,1.77958582e-04,4.04210897e-06,2.28651708e-06,5.53848585e-07,1.10877747e+00,4.87552039e-03,6.14030930e+03,4.04704836e+01,0.00000000e+00,0.00000000e+00,1.14866785e-03,7.74823033e-06,0.00000000e+00,0.00000000e+00,6.54860999e+00,1.37168330e-02
8.92222709e+01,8.89722709e+01,9.69915846e-04,5.90872315e-06,0.00000000e+00,0.00000000e+00,1.81535182e-04,4.33617537e-06,2.16257469e-06,4.85575900e-07,1.10452676e+00,4.73297735e-03,6.15400421e+03,4.50081789e+01,0.00000000e+00,0.00000000e+00,1.15135109e-03,8.36213328e-06,0.00000000e+00,0.00000000e+00,0.00000000e+00,0.00000000e+00
8.93222959e+01,8.90722959e+01,9.64146724e-04,5.94825915e-06,0.00000000e+00,0.00000000e+00,1.83379271e-04,5.69936443e-06,2.10488176e-06,4.58870636e-07,1.09910464e+00,4.81243523e-03,6.14877805e+03,5.52829457e+01,0.00000000e+00,0.00000000e+00,1.14743504e-03,9.30924036e-06,0.00000000e+00,0.00000000e+00,6.54127999e+00,1.37650351e-02
8.94223210e+01,8.91723210e+01,9.60281564e-04,6.80851160e-06,0.00000000e+00,0.00000000e+00,1.79632275e-04,6.62856462e-06,2.06869857e-06,4.44541439e-07,1.09491483e+00,5.24694873e-03,6.10241393e+03,5.54699195e+01,0.00000000e+00,0.00000000e+00,1.13982785e-03,9.52563263e-06,0.00000000e+00,0.00000000e+00,0.00000000e+00,0.00000000e+00
8.95223460e+01,8.92723460e+01,9.55006901e-04,6.80114498e-06,0.00000000e+00,0.00000000e+00,1.78485271e-04,4.64880217e-06,2.02670515e-06,4.34215238e-07,1.09237920e+00,5.24004017e-03,6.06587894e+03,4.55369605e+01,0.00000000e+00,0.00000000e+00,1.13340940e-03,8.49567950e-06,0.00000000e+00,0.00000000e+00,6.53549999e+00,1.36020170e-02
8.96223711e+01,8.93723711e+01,9.53860730e-04,6.49768107e-06,0.00000000e+00,0.00000000e+00,1.78669668e-04,4.57184849e-06,1.85128300e-06,3.72971894e-07,1.08911811e+00,5.13203171e-03,6.06279056e+03,4.49928789e+01,0.00000000e+00,0.00000000e+00,1.13245397e-03,8.29001929e-06,0.00000000e+00,0.00000000e+00,0.00000000e+00,0.00000000e+00
8.97223961e+01,8.94723961e+01,9.53634350e-04,6.20072524e-06,0.00000000e+00,0.00000000e+00,1.83565728e-04,5.23967037e-06,1.82382021e-06,3.63320645e-07,1.08874175e+00,4.89533820e-03,6.08533214e+03,4.57784826e+01,0.00000000e+00,0.00000000e+00,1.13712547e-03,8.12395812e-06,0.00000000e+00,0.00000000e+00,6.53074999e+00,1.35176463e-02
8.98224211e+01,8.95724211e+01,9.53890226e-04,6.40091366e-06,0.00000000e+00,0.00000000e+00,1.78911357e-04,4.10091661e-06,2.03889076e-06,4.87028902e-07,1.08781133e+00,5.08261097e-03,6.06065796e+03,4.07508489e+01,0.00000000e+00,0.00000000e+00,1.13271108e-03,7.49296018e-06,0.00000000e+00,0.00000000e+00,0.00000000e+00,0.00000000e+00
8.99224462e+01,8.96724462e+01,9.46468890e-04,6.48368490e-06,0.00000000e+00,0.00000000e+00,1.74419999e-04,4.15293459e-06,2.26019294e-06,7.11537244e-07,1.08001345e+00,5.05169270e-03,5.99760842e+03,4.29610329e+01,0.00000000e+00,0.00000000e+00,1.12077884e-03,7.87089370e-06,0.00000000e+00,0.00000000e+00,6.52235999e+00,1.34325070e-02
9.00224712e+01,8.97724712e+01,9.43607516e-04,6.18167903e-06,0.00000000e+00,0.00000000e+00,1.75976311e-04,4.36442303e-06,2.11414808e-06,6.16068683e-07,1.07754227e+00,4.99788445e-03,5.99350502e+03,4.29520957e+01,0.00000000e+00,0.00000000e+00,1.11948297e-03,7.93259681e-06,0.00000000e+00,0.00000000e+00,0.00000000e+00,0.00000000e+00
9.01224962e+01,8.98724962e+01,9.42276972e-04,6.60853062e-06,0.00000000e+00,0.00000000e+00,1.77476655e-04,4.65162749e-06,1.76261167e-06,3.57778156e-07,1.07571617e+00,4.89465481e-03,5.98722187e+03,4.43819676e+01,0.00000000e+00,0.00000000e+00,1.11968009e-03,8.19867734e-06,0.00000000e+00,0.00000000e+00,6.51684999e+00,1.37765387e-02
9.02225213e+01,8.99725213e+01,9.39728770e-04,6.78938693e-06,0.00000000e+00,0.00000000e+00,1.75241164e-04,4.58962600e-06,1.67262985e-06,3.42864099e-07,1.07182435e+00,5.16740698e-03,5.96091435e+03,4.61883735e+01,0.00000000e+00,0.00000000e+00,1.11490077e-03,8.41272842e-06,0.00000000e+00,0.00000000e+00,0.00000000e+00,0.00000000e+00
9.03225463e+01,9.00725463e+01,9.38966236e-04,6.49913651e-06,0.00000000e+00,0.00000000e+00,1.75333604e-04,4.60165038e-06,1.63855219e-06,3.37888985e-07,1.07027720e+00,4.77326734e-03,5.95561158e+03,4.51129404e+01,0.00000000e+00,0.00000000e+00,1.11423206e-03,8.30711770e-06,0.00000000e+00,0.00000000e+00,6.51063999e+00,1.38019438e-02
9.04225714e+01,9.01725714e+01,9.34192702e-04,5.95177364e-06,0.00000000e+00,0.00000000e+00,1.78933079e-04,6.12619387e-06,1.63449186e-06,3.36588913e-07,1.06818590e+00,4.63537308e-03,5.95507170e+03,5.16976242e+01,0.00000000e+00,0.00000000e+00,1.11305850e-03,8.90428467e-06,0.00000000e+00,0.00000000e+00,0.00000000e+00,0.00000000e+00
9.05225964e+01,9.02725964e+01,9.34247497e-04,6.27275375e-06,0.00000000e+00,0.00000000e+00,1.82514113e-04,7.29970964e-06,1.63172682e-06,3.35613687e-07,1.06548864e+00,4.83282233e-03,5.97637664e+03,5.86878263e+01,0.00000000e+00,0.00000000e+00,1.11669485e-03,9.61200144e-06,0.00000000e+00,0.00000000e+00,6.50756999e+00,1.38460680e-02
9.06226214e+01,9.03726214e+01,9.36366502e-04,6.07286576e-06,0.00000000e+00,0.00000000e+00,1.79030850e-04,6.15343561e-06,1.62830543e-06,3.34623817e-07,1.06352675e+00,4.75590341e-03,5.96359538e+03,5.19708609e+01,0.00000000e+00,0.00000000e+00,1.11533101e-03,8.72716760e-06,0.00000000e+00,0.00000000e+00,0.00000000e+00,0.00000000e+00
9.07226465e+01,9.04726465e+01,9.34835976e-04,6.56671425e-06,0.00000000e+00,0.00000000e+00,1.76946124e-04,5.40176454e-06,1.61251725e-06,3.32217266e-07,1.06170902e+00,5.02815343e-03,5.94763808e+03,4.99964156e+01,0.00000000e+00,0.00000000e+00,1.11170662e-03,8.56949632e-06,0.00000000e+00,0.00000000e+00,6.50360999e+00,1.38965947e-02
9.08226715e+01,9.05726715e+01,9.31583958e-04,6.45661801e-06,0.00000000e+00,0.00000000e+00,1.75009054e-04,5.00793230e-06,1.56008856e-06,3.30057581e-07,1.05738132e+00,4.94027248e-03,5.90961108e+03,4.34613397e+01,0.00000000e+00,0.00000000e+00,1.10652999e-03,7.70652737e-06,0.00000000e+00,0.00000000e+00,0.00000000e+00,0.00000000e+00
9.09226965e+01,9.06726965e+01,9.31335689e-04,6.30658720e-06,0.00000000e+00,0.00000000e+00,1.74591720e-04,4.56661159e-06,1.55722557e-06,3.29301727e-07,1.05707913e+00,4.87822706e-03,5.89034206e+03,3.98564717e+01,0.00000000e+00,0.00000000e+00,1.10586471e-03,7.21621359e-06,0.00000000e+00,0.00000000e+00,6.49676999e+00,1.36515058e-02
9.10227216e+01,9.07727216e+01,9.23532430e-04,5.98009793e-06,0.00000000e+00,0.00000000e+00,1.71119182e-04,3.86799365e-06,1.55772595e-06,3.29065041e-07,1.05455264e+00,5.07769585e-03,5.83270974e+03,3.54753656e+01,0.00000000e+00,0.00000000e+00,1.09458801e-03,6.37659336e-06,0.00000000e+00,0.00000000e+00,0.00000000e+00,0.00000000e+00
9.11227466e+01,9.08727466e+01,9.20829821e-04,6.14632912e-06,0.00000000e+00,0.00000000e+00,1.70514920e-04,3.41066773e-06,1.57855406e-06,3.33390170e-07,1.05345333e+00,5.42552667e-03,5.81740004e+03,3.69268038e+01,0.00000000e+00,0.00000000e+00,1.09128024e-03,6.84050667e-06,0.00000000e+00,0.00000000e+00,6.48926999e+00,1.36947669e-02
9.12227717e+01,9.09727717e+01,9.19856242e-04,6.08959134e-06,0.00000000e+00,0.00000000e+00,1.76753644e-04,4.37347384e-06,1.45548347e-06,3.14310708e-07,1.05091456e+00,5.29435195e-03,5.85331013e+03,3.82209011e+01,0.00000000e+00,0.00000000e+00,1.09654734e-03,6.77687856e-06,0.00000000e+00,0.00000000e+00,0.00000000e+00,0.00000000e+00
9.13227967e+01,9.10727967e+01,9.14940060e-04,5.76560951e-06,0.00000000e+00,0.00000000e+00,1.72695273e-04,4.61293972e-06,1.45479018e-06,3.13987197e-07,1.04568998e+00,5.09631107e-03,5.80781435e+03,3.78888274e+01,0.00000000e+00,0.00000000e+00,1.08757313e-03,6.74287060e-06,0.00000000e+00,0.00000000e+00,6.48357999e+00,1.38840816e-02
9.14228217e+01,9.11728217e+01,9.14047934e-04,5.57449807e-06,0.00000000e+00,0.00000000e+00,1.67936063e-04,4.10659666e-06,1.45170432e-06,3.13266710e-07,1.04360724e+00,5.05290405e-03,5.77004581e+03,3.61436226e+01,0.00000000e+00,0.00000000e+00,1.08192216e-03,6.60578885e-06,0.00000000e+00,0.00000000e+00,0.00000000e+00,0.00000000e+00
9.15228468e+01,9.12728468e+01,9.13559338e-04,5.64630885e-06,0.00000000e+00,0.00000000e+00,1.71888544e-04,4.06209753e-06,1.44885038e-06,3.12616565e-07,1.03901516e+00,4.79195760e-03,5.77790124e+03,3.87377500e+01,0.00000000e+00,0.00000000e+00,1.08538638e-03,7.23930511e-06,0.00000000e+00,0.00000000e+00,6.47807999e+00,1.39464902e-02
9.16228718e+01,9.13728718e+01,9.10477105e-04,5.38525003e-06,0.00000000e+00,0.00000000e+00,1.68637341e-04,4.03221971e-06,1.44619699e-06,3.12025449e-07,1.03667929e+00,4.66796343e-03,5.74857093e+03,3.86507480e+01,0.00000000e+00,0.00000000e+00,1.07905328e-03,6.97805726e-06,0.00000000e+00,0.00000000e+00,0.00000000e+00,0.00000000e+00
9.17228968e+01,9.14728968e+01,9.10225425e-04,5.49439073e-06,0.00000000e+00,0.00000000e+00,1.76304961e-04,5.26354319e-06,1.44371850e-06,3.11484376e-07,1.03669165e+00,4.74379451e-03,5.79816168e+03,4.60844558e+01,0.00000000e+00,0.00000000e+00,1.08646950e-03,7.91142062e-06,0.00000000e+00,0.00000000e+00,6.47224999e+00,1.38738284e-02
9.18229219e+01,9.15729219e+01,9.04144906e-04,5.56836956e-06,0.00000000e+00,0.00000000e+00,1.70795953e-04,4.85818890e-06,1.44139370e-06,3.10986110e-07,1.03193027e+00,4.67731020e-03,5.72246562e+03,4.00699423e+01,0.00000000e+00,0.00000000e+00,1.07488028e-03,7.12587801e-06,0.00000000e+00,0.00000000e+00,0.00000000e+00,0.00000000e+00
9.19229469e+01,9.16729469e+01,9.05632041e-04,5.60282340e-06,0.00000000e+00,0.00000000e+00,1.65917777e-04,3.76145625e-06,1.43920485e-06,3.10524765e-07,1.03156078e+00,4.85316418e-03,5.70414729e+03,3.96231682e+01,0.00000000e+00,0.00000000e+00,1.07148964e-03,7.09985385e-06,0.00000000e+00,0.00000000e+00,6.46564999e+00,1.39018377e-02
9.20229720e+01,9.17729720e+01,9.03806308e-04,5.46292489e-06,0.00000000e+00,0.00000000e+00,1.64504626e-04,3.55627650e-06,1.43713702e-06,3.10095504e-07,1.03055566e+00,4.88842997e-03,5.68622031e+03,3.81307312e+01,0.00000000e+00,0.00000000e+00,1.06825099e-03,6.85121265e-06,0.00000000e+00,0.00000000e+00,0.00000000e+00,0.00000000e+00
9.21229970e+01,9.18729970e+01,9.02163419e-04,5.42689632e-06,0.00000000e+00,0.00000000e+00,1.63113778e-04,4.44605530e-06,1.43517752e-06,3.09694313e-07,1.02729359e+00,4.81152091e-03,5.66278262e+03,4.17729647e+01,0.00000000e+00,0.00000000e+00,1.06521749e-03,7.26834480e-06,0.00000000e+00,0.00000000e+00,6.45983999e+00,1.40040813e-02
9.22230220e+01,9.19730220e+01,8.95139316e-04,5.91289877e-06,0.00000000e+00,0.00000000e+00,1.60584101e-04,4.08945270e-06,1.43331550e-06,3.09317836e-07,1.01858604e+00,4.66993766e-03,5.61175584e+03,4.08239154e+01,0.00000000e+00,0.00000000e+00,1.05566393e-03,7.38100502e-06,0.00000000e+00,0.00000000e+00,0.00000000e+00,0.00000000e+00
9.23230471e+01,9.20730471e+01,8.94012617e-04,5.75618606e-06,0.00000000e+00,0.00000000e+00,1.63839930e-04,4.32098699e-06,1.43154158e-06,3.08963242e-07,1.01722108e+00,4.89948858e-03,5.62390104e+03,4.05967805e+01,0.00000000e+00,0.00000000e+00,1.05779325e-03,7.29896183e-06,0.00000000e+00,0.00000000e+00,6.45655999e+00,1.40500575e-02
9.24230721e+01,9.21730721e+01,8.94283452e-04,5.81249146e-06,0.00000000e+00,0.00000000e+00,1.62100821e-04,3.66299679e-06,1.42984765e-06,3.08628131e-07,1.01596311e+00,4.75003724e-03,5.61035451e+03,3.62141304e+01,0.00000000e+00,0.00000000e+00,1.05632517e-03,6.76903553e-06,0.00000000e+00,0.00000000e+00,0.00000000e+00,0.00000000e+00
9.25230971e+01,9.22730971e+01,8.91269542e-04,5.68998006e-06,0.00000000e+00,0.00000000e+00,1.71320547e-04,5.61410726e-06,1.42822665e-06,3.08310451e-07,1.01341897e+00,4.81326174e-03,5.65296522e+03,4.81326785e+01,0.00000000e+00,0.00000000e+00,1.06253115e-03,8.09967653e-06,0.00000000e+00,0.00000000e+00,6.44776999e+00,1.41312885e-02
9.26231222e+01,9.23731222e+01,8.88529428e-04,5.52447159e-06,0.00000000e+00,0.00000000e+00,1.63061744e-04,3.82774690e-06,1.42778761e-06,3.08191218e-07,1.01003196e+00,4.82800899e-03,5.58835106e+03,3.78331081e+01,0.00000000e+00,0.00000000e+00,1.05153237e-03,6.90173105e-06,0.00000000e+00,0.00000000e+00,0.00000000e+00,0.00000000e+00
9.27231472e+01,9.24731472e+01,8.86554700e-04,5.56342959e-06,0.00000000e+00,0.00000000e+00,1.63265187e-04,4.40054388e-06,1.42667007e-06,3.07966074e-07,1.00899817e+00,4.80802818e-03,5.58133327e+03,4.36002925e+01,0.00000000e+00,0.00000000e+00,1.04976123e-03,7.78229227e-06,0.00000000e+00,0.00000000e+00,6.44460999e+00,1.42091731e-02
9.28231723e+01,9.25731723e+01,8.83546548e-04,5.67713538e-06,0.00000000e+00,0.00000000e+00,1.56184588e-04,3.22015286e-06,1.42523283e-06,3.07691210e-07,1.00464757e+00,4.67315778e-03,5.52022245e+03,3.45495559e+01,0.00000000e+00,0.00000000e+00,1.03967263e-03,6.63145046e-06,0.00000000e+00,0.00000000e+00,0.00000000e+00,0.00000000e+00
9.29231973e+01,9.26731973e+01,8.80038457e-04,5.42335123e-06,0.00000000e+00,0.00000000e+00,1.60847132e-04,4.27088553e-06,1.42384771e-06,3.07427997e-07,1.00356886e+00,4.49657549e-03,5.53297607e+03,4.00475060e+01,0.00000000e+00,0.00000000e+00,1.04082723e-03,7.36020012e-06,0.00000000e+00,0.00000000e+00,6.44071999e+00,1.43719365e-02
9.30232223e+01,9.27732223e+01,8.79317309e-04,5.75733631e-06,0.00000000e+00,0.00000000e+00,1.63756791e-04,4.97434448e-06,1.44589664e-06,3.11948023e-07,1.00182170e+00,4.59938933e-03,5.54767615e+03,4.67555290e+01,0.00000000e+00,0.00000000e+00,1.04301475e-03,8.28950794e-06,0.00000000e+00,0.00000000e+00,0.00000000e+00,0.00000000e+00
9.31232474e+01,9.28732474e+01,8.76845384e-04,5.52496739e-06,0.00000000e+00,0.00000000e+00,1.65537910e-04,5.49591261e-06,1.48016956e-06,3.22108935e-07,9.97661338e-01,4.47095565e-03,5.54533617e+03,5.11166836e+01,0.00000000e+00,0.00000000e+00,1.04232234e-03,8.64065325e-06,0.00000000e+00,0.00000000e+00,6.43418999e+00,1.43952349e-02
9.32232724e+01,9.29732724e+01,8.76192544e-04,5.71423923e-06,0.00000000e+00,0.00000000e+00,1.65683747e-04,5.43610124e-06,1.47820855e-06,3.21645060e-07,9.94494338e-01,4.69116630e-03,5.54307821e+03,4.93573996e+01,0.00000000e+00,0.00000000e+00,1.04181563e-03,8.29873599e-06,0.00000000e+00,0.00000000e+00,0.00000000e+00,0.00000000e+00
9.33232974e+01,9.30732974e+01,8.76019025e-04,5.83989703e-06,0.00000000e+00,0.00000000e+00,1.68652881e-04,5.16046693e-06,1.47630084e-06,3.21194873e-07,9.91505867e-01,4.65110829e-03,5.55139979e+03,4.68890515e+01,0.00000000e+00,0.00000000e+00,1.04461139e-03,8.27282156e-06,0.00000000e+00,0.00000000e+00,6.42491999e+00,1.45819647e-02
9.34233225e+01,9.31733225e+01,8.76941180e-04,5.88212979e-06,0.00000000e+00,0.00000000e+00,1.66806840e-04,5.06268478e-06,1.47444346e-06,3.20757579e-07,9.90929015e-01,4.54993348e-03,5.53825211e+03,4.40953605e+01,0.00000000e+00,0.00000000e+00,1.04368765e-03,8.21841219e-06,0.00000000e+00,0.00000000e+00,0.00000000e+00,0.00000000e+00
9.35233475e+01,9.32733475e+01,8.68042625e-04,5.62215947e-06,0.00000000e+00,0.00000000e+00,1.65336894e-04,4.42552433e-06,1.47263367e-06,3.20332453e-07,9.86645496e-01,4.51372956e-03,5.49493589e+03,4.20406184e+01,0.00000000e+00,0.00000000e+00,1.03331930e-03,7.74900304e-06,0.00000000e+00,0.00000000e+00,6.41863999e+00,1.46297858e-02
9.36233726e+01,9.33733726e+01,8.66439534e-04,5.70309932e-06,0.00000000e+00,0.00000000e+00,1.59445482e-04,3.56995318e-06,1.47086899e-06,3.19918832e-07,9.83959257e-01,4.54552727e-03,5.45215368e+03,3.89965091e+01,0.00000000e+00,0.00000000e+00,1.02582459e-03,7.26823395e-06,0.00000000e+00,0.00000000e+00,0.00000000e+00,0.00000000e+00
9.37233976e+01,9.34733976e+01,8.63989985e-04,5.53295352e-06,0.00000000e+00,0.00000000e+00,1.59504091e-04,3.89835214e-06,1.46914712e-06,3.19516111e-07,9.82056122e-01,4.64460732e-03,5.43881467e+03,3.96769332e+01,0.00000000e+00,0.00000000e+00,1.02343272e-03,7.17179139e-06,0.00000000e+00,0.00000000e+00,6.41433999e+00,1.45530056e-02
9.38234226e+01,9.35734226e+01,8.63773517e-04,5.68354955e-06,0.00000000e+00,0.00000000e+00,1.61996272e-04,5.08978295e-06,1.46746593e-06,3.19123732e-07,9.81119341e-01,4.70057726e-03,5.45285152e+03,4.33226221e+01,0.00000000e+00,0.00000000e+00,1.02570856e-03,7.69365702e-06,0.00000000e+00,0.00000000e+00,0.00000000e+00,0.00000000e+00
9.39234477e+01,9.36734477e+01,8.60584992e-04,6.21974047e-06,0.00000000e+00,0.00000000e+00,1.68360960e-04,7.76332184e-06,1.47015777e-06,3.19308576e-07,9.75707248e-01,4.71326190e-03,5.48584194e+03,6.51569132e+01,0.00000000e+00,0.00000000e+00,1.02888428e-03,1.05150249e-05,0.00000000e+00,0.00000000e+00,6.40653999e+00,1.44055446e-02
9.40234727e+01,9.37734727e+01,8.60356477e-04,5.97788179e-06,0.00000000e+00,0.00000000e+00,1.54197574e-04,3.45521836e-06,1.43686389e-06,3.16211633e-07,9.74387091e-01,4.63583671e-03,5.38541363e+03,3.68551604e+01,0.00000000e+00,0.00000000e+00,1.01449294e-03,7.16306253e-06,0.00000000e+00,0.00000000e+00,0.00000000e+00,0.00000000e+00
9.41234977e+01,9.38734977e+01,8.57658092e-04,5.83072999e-06,0.00000000e+00,0.00000000e+00,1.51158137e-04,3.38579716e-06,1.41768674e-06,3.17609150e-07,9.70619025e-01,4.57557254e-03,5.34586708e+03,3.56568513e+01,0.00000000e+00,0.00000000e+00,1.00875173e-03,7.13902235e-06,0.00000000e+00,0.00000000e+00,6.40011999e+00,1.44698182e-02
9.42235228e+01,9.39735228e+01,8.58202484e-04,5.87521062e-06,0.00000000e+00,0.00000000e+00,1.61167353e-04,5.68390813e-06,1.41564267e-06,3.17137758e-07,9.69248549e-01,4.59067016e-03,5.42231845e+03,4.92308737e+01,0.00000000e+00,0.00000000e+00,1.01930549e-03,8.61775472e-06,0.00000000e+00,0.00000000e+00,0.00000000e+00,0.00000000e+00
9.43235478e+01,9.40735478e+01,8.57986575e-04,5.90400557e-06,0.00000000e+00,0.00000000e+00,1.58640920e-04,4.93149759e-06,1.41340708e-06,3.16641032e-07,9.69012495e-01,4.76827638e-03,5.40817764e+03,4.45846101e+01,0.00000000e+00,0.00000000e+00,1.01656336e-03,8.14357043e-06,0.00000000e+00,0.00000000e+00,6.39363999e+00,1.41961127e-02
9.44235729e+01,9.41735729e+01,8.54278038e-04,6.03269574e-06,0.00000000e+00,0.00000000e+00,1.53376603e-04,3.50083358e-06,1.41125688e-06,3.16165229e-07,9.65069787e-01,4.55739757e-03,5.35297434e+03,3.66980829e+01,0.00000000e+00,0.00000000e+00,1.00759071e-03,6.96364408e-06,0.00000000e+00,0.00000000e+00,0.00000000e+00,0.00000000e+00
9.45235979e+01,9.42735979e+01,8.54057251e-04,6.26459243e-06,0.00000000e+00,0.00000000e+00,1.55987279e-04,5.02828831e-06,1.40918512e-06,3.15708447e-07,9.64209639e-01,4.70535701e-03,5.37181686e+03,4.54499474e+01,0.00000000e+00,0.00000000e+00,1.00998082e-03,8.05967151e-06,0.00000000e+00,0.00000000e+00,6.39196999e+00,1.45210437e-02
9.46236229e+01,9.43736229e+01,8.55215577e-04,5.97007620e-06,0.00000000e+00,0.00000000e+00,1.56226641e-04,5.20965448e-06,1.40718572e-06,3.15269033e-07,9.62183820e-01,4.84517365e-03,5.37945335e+03,4.47577944e+01,0.00000000e+00,0.00000000e+00,1.01137876e-03,7.89125550e-06,0.00000000e+00,0.00000000e+00,0.00000000e+00,0.00000000e+00
9.47236480e+01,9.44736480e+01,8.50227545e-04,5.95290379e-06,0.00000000e+00,0.00000000e+00,1.58896514e-04,5.10440036e-06,1.40236644e-06,3.14084058e-07,9.56127594e-01,4.70317535e-03,5.36448626e+03,4.52079209e+01,0.00000000e+00,0.00000000e+00,1.00906089e-03,7.83962476e-06,0.00000000e+00,0.00000000e+00,6.38749999e+00,1.43164776e-02
9.48236730e+01,9.45736730e+01,8.44812805e-04,5.66584559e-06,0.00000000e+00,0.00000000e+00,1.57381896e-04,4.68478171e-06,1.41327866e-06,3.16185961e-07,9.49489133e-01,4.51919134e-03,5.33013478e+03,4.31306912e+01,0.00000000e+00,0.00000000e+00,1.00212950e-03,7.46798294e-06,0.00000000e+00,0.00000000e+00,0.00000000e+00,0.00000000e+00
9.49236980e+01,9.46736980e+01,8.43276848e-04,5.79308847e-06,0.00000000e+00,0.00000000e+00,1.58873977e-04,4.20076080e-06,1.41470757e-06,3.16526769e-07,9.46840594e-01,4.48283751e-03,5.33673114e+03,4.29440414e+01,0.00000000e+00,0.00000000e+00,1.00208568e-03,7.69658535e-06,0.00000000e+00,0.00000000e+00,6.37872999e+00,1.41915035e-02
9.50237231e+01,9.47737231e+01,8.39435979e-04,5.68519478e-06,0.00000000e+00,0.00000000e+00,1.53232635e-04,4.16690437e-06,1.41290345e-06,3.16138941e-07,9.45394773e-01,4.23397392e-03,5.27830472e+03,4.19495183e+01,0.00000000e+00,0.00000000e+00,9.92603665e-04,7.62297458e-06,0.00000000e+00,0.00000000e+00,0.00000000e+00,0.00000000e+00
9.51237481e+01,9.48737481e+01,8.35404891e-04,6.23544844e-06,0.00000000e+00,0.00000000e+00,1.53142824e-04,4.44826654e-06,1.41115006e-06,3.15762691e-07,9.41794044e-01,4.47953501e-03,5.24233766e+03,4.32938476e+01,0.00000000e+00,0.00000000e+00,9.88482997e-04,8.55498627e-06,0.00000000e+00,0.00000000e+00,6.37238999e+00,1.42134661e-02
9.52237732e+01,9.49737732e+01,8.33005537e-04,5.82079670e-06,0.00000000e+00,0.00000000e+00,1.49821134e-04,4.15805115e-06,1.40944426e-06,3.15397245e-07,9.38789174e-01,4.45517097e-03,5.21299574e+03,3.89799478e+01,0.00000000e+00,0.00000000e+00,9.82762087e-04,7.74236624e-06,0.00000000e+00,0.00000000e+00,0.00000000e+00,0.00000000e+00
9.53237982e+01,9.50737982e+01,8.32312479e-04,5.74295897e-06,0.00000000e+00,0.00000000e+00,1.51816261e-04,4.28181607e-06,1.40778322e-06,3.15041909e-07,9.38403861e-01,4.26055923e-03,5.23753857e+03,4.40995210e+01,0.00000000e+00,0.00000000e+00,9.84064244e-04,7.95898800e-06,0.00000000e+00,0.00000000e+00,6.36523999e+00,1.41291605e-02
9.54238232e+01,9.51738232e+01,8.32865279e-04,5.85763706e-06,0.00000000e+00,0.00000000e+00,1.49027333e-04,4.53248879e-06,1.40616436e-06,3.14696058e-07,9.38447426e-01,4.42827331e-03,5.22170110e+03,4.60835486e+01,0.00000000e+00,0.00000000e+00,9.81828289e-04,8.05562994e-06,0.00000000e+00,0.00000000e+00,0.00000000e+00,0.00000000e+00
9.55238483e+01,9.52738483e+01,8.34285209e-04,6.00609116e-06,0.00000000e+00,0.00000000e+00,1.50333422e-04,4.05393546e-06,1.40458534e-06,3.14359126e-07,9.36765885e-01,4.37534712e-03,5.23874405e+03,4.52275232e+01,0.00000000e+00,0.00000000e+00,9.84554507e-04,8.18172183e-06,0.00000000e+00,0.00000000e+00,6.35774999e+00,1.41180412e-02
9.56238733e+01,9.53738733e+01,8.32113607e-04,5.52364598e-06,0.00000000e+00,0.00000000e+00,1.53584306e-04,4.39109646e-06,1.40304400e-06,3.14030601e-07,9.33006891e-01,4.39562428e-03,5.25032115e+03,4.35789840e+01,0.00000000e+00,0.00000000e+00,9.85633844e-04,7.73738873e-06,0.00000000e+00,0.00000000e+00,0.00000000e+00,0.00000000e+00
9.57238983e+01,9.54738983e+01,8.29259377e-04,5.63817394e-06,0.00000000e+00,0.00000000e+00,1.56782983e-04,4.34578416e-06,1.40192795e-06,3.13771761e-07,9.32809432e-01,4.58245387e-03,5.25284469e+03,4.18768269e+01,0.00000000e+00,0.00000000e+00,9.85978318e-04,7.47452128e-06,0.00000000e+00,0.00000000e+00,6.35253999e+00,1.42267603e-02
9.58239234e+01,9.55739234e+01,8.32492702e-04,5.39562546e-06,0.00000000e+00,0.00000000e+00,1.56336076e-04,4.71138619e-06,1.44755331e-06,3.24593668e-07,9.32929207e-01,4.35975528e-03,5.26342771e+03,4.29747472e+01,0.00000000e+00,0.00000000e+00,9.88763600e-04,7.27961110e-06,0.00000000e+00,0.00000000e+00,0.00000000e+00,0.00000000e+00
9.59239484e+01,9.56739484e+01,8.28933861e-04,5.26363057e-06,0.00000000e+00,0.00000000e+00,1.55408030e-04,7.07779886e-06,1.39658526e-06,3.22620080e-07,9.27464366e-01,4.33706878e-03,5.23461864e+03,5.62363067e+01,0.00000000e+00,0.00000000e+00,9.84278654e-04,9.03584382e-06,0.00000000e+00,0.00000000e+00,6.34625999e+00,1.40332553e-02
9.60239735e+01,9.57739735e+01,8.24467494e-04,5.31010470e-06,0.00000000e+00,0.00000000e+00,1.50964959e-04,3.55389352e-06,1.36489948e-06,3.18323074e-07,9.25012099e-01,4.19828297e-03,5.18088148e+03,3.55857540e+01,0.00000000e+00,0.00000000e+00,9.75365340e-04,6.65437380e-06,0.00000000e+00,0.00000000e+00,0.00000000e+00,0.00000000e+00
9.61239985e+01,9.58739985e+01,8.18856885e-04,5.37583038e-06,0.00000000e+00,0.00000000e+00,1.48647017e-04,4.05760572e-06,1.32300400e-06,3.17101267e-07,9.20595394e-01,4.31390988e-03,5.13513059e+03,3.69999021e+01,0.00000000e+00,0.00000000e+00,9.67437008e-04,6.92252104e-06,0.00000000e+00,0.00000000e+00,6.34048999e+00,1.39334675e-02
9.62240235e+01,9.59740235e+01,8.17135479e-04,5.32114142e-06,0.00000000e+00,0.00000000e+00,1.43880047e-04,3.26619165e-06,1.32143084e-06,3.16743904e-07,9.18726538e-01,4.20325317e-03,5.09491227e+03,3.35665155e+01,0.00000000e+00,0.00000000e+00,9.60947763e-04,6.25937362e-06,0.00000000e+00,0.00000000e+00,0.00000000e+00,0.00000000e+00
9.63240486e+01,9.60740486e+01,8.16928898e-04,5.69018753e-06,0.00000000e+00,0.00000000e+00,1.46335619e-04,4.19707465e-06,1.32717011e-06,3.17661230e-07,9.16728134e-01,4.37271483e-03,5.11124792e+03,3.96770887e+01,0.00000000e+00,0.00000000e+00,9.63196686e-04,7.15047581e-06,0.00000000e+00,0.00000000e+00,6.33187999e+00,1.40283141e-02
9.64240736e+01,9.61740736e+01,8.14059467e-04,5.68472962e-06,0.00000000e+00,0.00000000e+00,1.43699144e-04,3.45450754e-06,1.33156834e-06,3.18468420e-07,9.13942488e-01,4.43187261e-03,5.08308965e+03,3.58143469e+01,0.00000000e+00,0.00000000e+00,9.57690717e-04,6.80487573e-06,0.00000000e+00,0.00000000e+00,0.00000000e+00,0.00000000e+00
9.65240986e+01,9.62740986e+01,8.06881446e-04,5.81697898e-06,0.00000000e+00,0.00000000e+00,1.48077668e-04,4.67422054e-06,1.30118264e-06,3.10451309e-07,9.09357735e-01,4.48500470e-03,5.06827606e+03,4.23447567e+01,0.00000000e+00,0.00000000e+00,9.54892048e-04,7.94578892e-06,0.00000000e+00,0.00000000e+00,6.32722999e+00,1.42020050e-02
9.66241237e+01,9.63741237e+01,8.04860337e-04,5.63537561e-06,0.00000000e+00,0.00000000e+00,1.47076033e-04,6.52484143e-06,1.30622497e-06,3.11122088e-07,9.05184939e-01,4.33139978e-03,5.06589816e+03,5.60545260e+01,0.00000000e+00,0.00000000e+00,9.51869260e-04,8.93139116e-06,0.00000000e+00,0.00000000e+00,0.00000000e+00,0.00000000e+00
9.67241487e+01,9.64741487e+01,8.05418412e-04,5.90014151e-06,0.00000000e+00,0.00000000e+00,1.40576662e-04,3.44497667e-06,1.32751568e-06,3.16056840e-07,9.04861701e-01,4.53393496e-03,5.02257542e+03,3.55937875e+01,0.00000000e+00,0.00000000e+00,9.45927494e-04,6.75344913e-06,0.00000000e+00,0.00000000e+00,6.32021999e+00,1.40465791e-02
9.68241738e+01,9.65741738e+01,8.05131885e-04,6.00986916e-06,0.00000000e+00,0.00000000e+00,1.45147270e-04,4.80336635e-06,1.28129299e-06,3.06444259e-07,9.02636606e-01,4.74929583e-03,5.05411403e+03,4.00586945e+01,0.00000000e+00,0.00000000e+00,9.50212911e-04,7.11704401e-06,0.00000000e+00,0.00000000e+00,0.00000000e+00,0.00000000e+00
9.69241988e+01,9.66741988e+01,8.01832099e-04,5.43369411e-06,0.00000000e+00,0.00000000e+00,1.52116319e-04,5.63931680e-06,1.36387714e-06,3.70211912e-07,9.00297312e-01,4.44909489e-03,5.08649701e+03,4.27908958e+01,0.00000000e+00,0.00000000e+00,9.53880012e-04,7.07605124e-06,0.00000000e+00,0.00000000e+00,6.31402999e+00,1.41228698e-02
9.70242238e+01,9.67742238e+01,7.99894962e-04,5.17615133e-06,0.00000000e+00,0.00000000e+00,1.46070747e-04,3.06723546e-06,1.37288915e-06,3.80051134e-07,8.98528776e-01,4.61117839e-03,5.03028580e+03,3.18798693e+01,0.00000000e+00,0.00000000e+00,9.45901257e-04,5.80658210e-06,0.00000000e+00,0.00000000e+00,0.00000000e+00,0.00000000e+00
9.71242489e+01,9.68742489e+01,7.98196479e-04,5.13698189e-06,0.00000000e+00,0.00000000e+00,1.50777022e-04,7.67049023e-06,1.34270207e-06,3.79572570e-07,8.95850037e-01,4.50081762e-03,5.05654149e+03,6.34807969e+01,0.00000000e+00,0.00000000e+00,9.48909572e-04,9.82323641e-06,0.00000000e+00,0.00000000e+00,6.30544999e+00,1.37925277e-02
9.72242739e+01,9.69742739e+01,7.96790553e-04,5.58890826e-06,0.00000000e+00,0.00000000e+00,1.40164253e-04,3.06719522e-06,1.34121096e-06,3.79156861e-07,8.94052460e-01,4.57743403e-03,4.96927081e+03,3.23206446e+01,0.00000000e+00,0.00000000e+00,9.36893409e-04,6.19456828e-06,0.00000000e+00,0.00000000e+00,0.00000000e+00,0.00000000e+00
9.73242989e+01,9.70742989e+01,7.93943215e-04,5.50429026e-06,0.00000000e+00,0.00000000e+00,1.38793876e-04,2.95959628e-06,1.33974153e-06,3.78746599e-07,8.93696283e-01,4.76238169e-03,4.95115079e+03,3.21117061e+01,0.00000000e+00,0.00000000e+00,9.32677056e-04,6.02660037e-06,0.00000000e+00,0.00000000e+00,6.30017999e+00,1.38615624e-02
9.74243240e+01,9.71743240e+01,7.92341034e-04,5.35750151e-06,0.00000000e+00,0.00000000e+00,1.40007022e-04,3.60974994e-06,1.33829314e-06,3.78341640e-07,8.92337564e-01,4.64545007e-03,4.95194151e+03,3.42179375e+01,0.00000000e+00,0.00000000e+00,9.32288106e-04,6.22992721e-06,0.00000000e+00,0.00000000e+00,0.00000000e+00,0.00000000e+00
9.75243490e+01,9.72743490e+01,7.90430800e-04,5.50901839e-06,0.00000000e+00,0.00000000e+00,1.39628006e-04,3.47797805e-06,1.33208696e-06,3.77572663e-07,8.89168950e-01,4.69684227e-03,4.93791653e+03,3.37979007e+01,0.00000000e+00,0.00000000e+00,9.29999444e-04,6.29683113e-06,0.00000000e+00,0.00000000e+00,6.29505999e+00,1.39783734e-02
9.76243741e+01,9.73743741e+01,7.88983124e-04,5.15401153e-06,0.00000000e+00,0.00000000e+00,1.41288587e-04,4.07188940e-06,1.32024127e-06,3.76593520e-07,8.87604004e-01,4.64634572e-03,4.93437433e+03,3.39197505e+01,0.00000000e+00,0.00000000e+00,9.30214072e-04,6.26175792e-06,0.00000000e+00,0.00000000e+00,0.00000000e+00,0.00000000e+00
9.77243991e+01,9.74743991e+01,7.88624567e-04,5.38452906e-06,0.00000000e+00,0.00000000e+00,1.41467424e-04,4.17953367e-06,1.23990952e-06,3.68344455e-07,8.87712446e-01,4.68347839e-03,4.93537959e+03,3.87683601e+01,0.00000000e+00,0.00000000e+00,9.30036850e-04,6.96662021e-06,0.00000000e+00,0.00000000e+00,6.28749999e+00,1.42098098e-02
9.78244241e+01,9.75744241e+01,7.84664864e-04,5.05103985e-06,0.00000000e+00,0.00000000e+00,1.42964937e-04,4.45275579e-06,1.22918023e-06,3.68204574e-07,8.82790887e-01,4.45482192e-03,4.92867350e+03,3.95251330e+01,0.00000000e+00,0.00000000e+00,9.27574993e-04,6.89544840e-06,0.00000000e+00,0.00000000e+00,0.00000000e+00,0.00000000e+00
9.79244492e+01,9.76744492e+01,7.81091273e-04,5.39104678e-06,0.00000000e+00,0.00000000e+00,1.42593855e-04,4.12105456e-06,1.22828079e-06,3.67868042e-07,8.76374808e-01,4.54608269e-03,4.91046767e+03,3.94300676e+01,0.00000000e+00,0.00000000e+00,9.23630327e-04,7.14669942e-06,0.00000000e+00,0.00000000e+00,6.28202999e+00,1.43221274e-02
9.80244742e+01,9.77744742e+01,7.78339957e-04,5.35659562e-06,0.00000000e+00,0.00000000e+00,1.40448201e-04,4.39810285e-06,1.22738997e-06,3.67535100e-07,8.73908401e-01,4.51047312e-03,4.88391208e+03,4.06367568e+01,0.00000000e+00,0.00000000e+00,9.18733363e-04,7.17846842e-06,0.00000000e+00,0.00000000e+00,0.00000000e+00,0.00000000e+00
9.81244992e+01,9.78744992e+01,7.73250315e-04,5.09935052e-06,0.00000000e+00,0.00000000e+00,1.47907338e-04,5.30713631e-06,1.22650762e-06,3.67205683e-07,8.71418078e-01,4.38878351e-03,4.91025364e+03,4.35272278e+01,0.00000000e+00,0.00000000e+00,9.21102887e-04,7.18771280e-06,0.00000000e+00,0.00000000e+00,6.27566999e+00,1.40681321e-02
9.82245243e+01,9.79745243e+01,7.71729994e-04,5.31746291e-06,0.00000000e+00,0.00000000e+00,1.45020052e-04,4.82067987e-06,1.22563360e-06,3.66879729e-07,8.68836537e-01,4.47293106e-03,4.88209270e+03,4.19740556e+01,0.00000000e+00,0.00000000e+00,9.16695300e-04,7.22263828e-06,0.00000000e+00,0.00000000e+00,0.00000000e+00,0.00000000e+00
9.83245493e+01,9.80745493e+01,7.71232187e-04,5.53108739e-06,0.00000000e+00,0.00000000e+00,1.46170783e-04,4.99398877e-06,1.22476777e-06,3.66557176e-07,8.67020917e-01,4.44550076e-03,4.88529245e+03,4.49184842e+01,0.00000000e+00,0.00000000e+00,9.17348188e-04,7.82892024e-06,0.00000000e+00,0.00000000e+00,6.26826999e+00,1.39410438e-02
9.84245744e+01,9.81745744e+01,7.67050202e-04,5.32936492e-06,0.00000000e+00,0.00000000e+00,1.46804485e-04,5.45815430e-06,1.22391000e-06,3.66237966e-07,8.64536208e-01,4.31778088e-03,4.87224130e+03,4.64165260e+01,0.00000000e+00,0.00000000e+00,9.13799964e-04,7.93990045e-06,0.00000000e+00,0.00000000e+00,0.00000000e+00,0.00000000e+00
9.85245994e+01,9.82745994e+01,7.62467678e-04,4.77447886e-06,0.00000000e+00,0.00000000e+00,1.45206671e-04,5.22933714e-06,1.23867240e-06,3.65727944e-07,8.62341552e-01,4.50140443e-03,4.83515576e+03,4.49284814e+01,0.00000000e+00,0.00000000e+00,9.07618276e-04,7.55589714e-06,0.00000000e+00,0.00000000e+00,6.25857999e+00,1.41931993e-02
9.86246244e+01,9.83746244e+01,7.60044288e-04,4.83754020e-06,0.00000000e+00,0.00000000e+00,1.43006811e-04,5.05733981e-06,1.26617443e-06,3.66765605e-07,8.59003299e-01,4.42923860e-03,4.81012285e+03,4.30535750e+01,0.00000000e+00,0.00000000e+00,9.02991744e-04,7.26157833e-06,0.00000000e+00,0.00000000e+00,0.00000000e+00,0.00000000e+00
9.87246495e+01,9.84746495e+01,7.58614484e-04,4.99772194e-06,0.00000000e+00,0.00000000e+00,1.46925840e-04,5.82812805e-06,1.27312919e-06,3.69315255e-07,8.56272997e-01,4.36882372e-03,4.83014780e+03,4.97208123e+01,0.00000000e+00,0.00000000e+00,9.05479683e-04,8.11134176e-06,0.00000000e+00,0.00000000e+00,6.25087999e+00,1.43084582e-02
9.88246745e+01,9.85746745e+01,7.54740040e-04,5.18055975e-06,0.00000000e+00,0.00000000e+00,1.40374825e-04,4.61124178e-06,1.28445868e-06,3.73694927e-07,8.50944539e-01,4.48477232e-03,4.76261265e+03,4.51374193e+01,0.00000000e+00,0.00000000e+00,8.95053344e-04,7.80867492e-06,0.00000000e+00,0.00000000e+00,0.00000000e+00,0.00000000e+00
9.89246995e+01,9.86746995e+01,7.51503820e-04,5.28983797e-06,0.00000000e+00,0.00000000e+00,1.39119649e-04,4.40516031e-06,1.28378328e-06,3.73413241e-07,8.49553815e-01,4.43363119e-03,4.73321430e+03,4.20348570e+01,0.00000000e+00,0.00000000e+00,8.90561984e-04,7.33995635e-06,0.00000000e+00,0.00000000e+00,6.24569999e+00,1.44549631e-02
9.90247246e+01,9.87747246e+01,7.54435387e-04,5.10019552e-06,0.00000000e+00,0.00000000e+00,1.30765029e-04,3.75290556e-06,1.28294813e-06,3.73112667e-07,8.49051017e-01,4.23600861e-03,4.69405584e+03,3.87994940e+01,0.00000000e+00,0.00000000e+00,8.85137939e-04,6.82030055e-06,0.00000000e+00,0.00000000e+00,0.00000000e+00,0.00000000e+00
9.91247496e+01,9.88747496e+01,7.49736738e-04,4.98148158e-06,0.00000000e+00,0.00000000e+00,1.36010060e-04,4.65193992e-06,1.28212029e-06,3.72815018e-07,8.44547438e-01,4.12184934e-03,4.70621089e+03,4.27604460e+01,0.00000000e+00,0.00000000e+00,8.85682974e-04,7.45851726e-06,0.00000000e+00,0.00000000e+00,6.24019999e+00,1.44573984e-02
9.92247747e+01,9.89747747e+01,7.44793452e-04,5.24714732e-06,0.00000000e+00,0.00000000e+00,1.41130321e-04,7.89911232e-06,1.28129965e-06,3.72520247e-07,8.41611589e-01,4.20641211e-03,4.72341649e+03,6.63547037e+01,0.00000000e+00,0.00000000e+00,8.85860295e-04,1.01883854e-05,0.00000000e+00,0.00000000e+00,0.00000000e+00,0.00000000e+00
9.93247997e+01,9.90747997e+01,7.42694620e-04,5.11234157e-06,0.00000000e+00,0.00000000e+00,1.33963890e-04,3.77009331e-06,1.28048610e-06,3.72228307e-07,8.36802050e-01,4.07611516e-03,4.65586314e+03,4.00405153e+01,0.00000000e+00,0.00000000e+00,8.76595069e-04,7.01197927e-06,0.00000000e+00,0.00000000e+00,6.23414999e+00,1.42724456e-02
9.94248247e+01,9.91748247e+01,7.42380159e-04,4.98155454e-06,0.00000000e+00,0.00000000e+00,1.40519145e-04,5.47680255e-06,1.27967954e-06,3.71939152e-07,8.38229631e-01,4.11560655e-03,4.69891556e+03,4.75600677e+01,0.00000000e+00,0.00000000e+00,8.82835899e-04,8.05318827e-06,0.00000000e+00,0.00000000e+00,0.00000000e+00,0.00000000e+00
9.95248498e+01,9.92748498e+01,7.39651909e-04,5.07990806e-06,0.00000000e+00,0.00000000e+00,1.37471894e-04,4.54190011e-06,1.25539840e-06,3.67053499e-07,8.35446286e-01,4.29515866e-03,4.66399964e+03,4.31537878e+01,0.00000000e+00,0.00000000e+00,8.77061251e-04,7.54606111e-06,0.00000000e+00,0.00000000e+00,6.22493999e+00,1.43970174e-02
9.96248748e+01,9.93748748e+01,7.36823129e-04,4.86681564e-06,0.00000000e+00,0.00000000e+00,1.37285392e-04,4.59144816e-06,1.10924645e-06,3.56176636e-07,8.31666994e-01,3.96312566e-03,4.65138953e+03,4.24719210e+01,0.00000000e+00,0.00000000e+00,8.74050407e-04,7.38052969e-06,0.00000000e+00,0.00000000e+00,0.00000000e+00,0.00000000e+00
9.97248998e+01,9.94748998e+01,7.34087451e-04,5.16078614e-06,0.00000000e+00,0.00000000e+00,1.33861489e-04,4.69945678e-06,1.10559765e-06,3.56035694e-07,8.29661794e-01,4.22449830e-03,4.61886422e+03,4.30971106e+01,0.00000000e+00,0.00000000e+00,8.67890378e-04,7.65174099e-06,0.00000000e+00,0.00000000e+00,6.22070999e+00,1.43051121e-02
9.98249249e+01,9.95749249e+01,7.28704164e-04,5.05060954e-06,0.00000000e+00,0.00000000e+00,1.32470254e-04,3.89771077e-06,1.10511728e-06,3.55811428e-07,8.27251772e-01,4.05635799e-03,4.58383858e+03,3.87126947e+01,0.00000000e+00,0.00000000e+00,8.61115599e-04,6.79378391e-06,0.00000000e+00,0.00000000e+00,0.00000000e+00,0.00000000e+00
9.99249499e+01,9.96749499e+01,7.27202052e-04,4.90605320e-06,0.00000000e+00,0.00000000e+00,1.36371509e-04,4.64397533e-06,1.10456439e-06,3.55565549e-07,8.26320802e-01,4.15728404e-03,4.59886897e+03,4.22678895e+01,0.00000000e+00,0.00000000e+00,8.63515947e-04,7.21308199e-06,0.00000000e+00,0.00000000e+00,6.21472999e+00,1.42979541e-02
1.00024975e+02,9.97749750e+01,7.26924664e-04,5.11668697e-06,0.00000000e+00,0.00000000e+00,1.31928132e-04,3.57606711e-06,1.10391324e-06,3.55290093e-07,8.22544675e-01,4.22039174e-03,4.56714776e+03,3.72804714e+01,0.00000000e+00,0.00000000e+00,8.58796636e-04,6.75471796e-06,0.00000000e+00,0.00000000e+00,0.00000000e+00,0.00000000e+00
1.00125000e+02,9.98750000e+01,7.28812908e-04,5.05440953e-06,0.00000000e+00,0.00000000e+00,1.32374526e-04,4.55985132e-06,1.10344285e-06,3.55071289e-07,8.20257005e-01,4.22077250e-03,4.56381926e+03,3.75596705e+01,0.00000000e+00,0.00000000e+00,8.61131300e-04,7.31265501e-06,0.00000000e+00,0.00000000e+00,6.20656999e+00,1.41933351e-02
1.00225025e+02,9.99750250e+01,7.27996427e-04,5.12512004e-06,0.00000000e+00,0.00000000e+00,1.30011293e-04,3.14158979e-06,1.10297569e-06,3.54854271e-07,8.17641772e-01,4.19937367e-03,4.55277565e+03,3.50229324e+01,0.00000000e+00,0.00000000e+00,8.57951595e-04,6.43655416e-06,0.00000000e+00,0.00000000e+00,0.00000000e+00,0.00000000e+00
1.00325050e+02,1.00075050e+02,7.25059246e-04,4.88998100e-06,0.00000000e+00,0.00000000e+00,1.34710436e-04,4.11957560e-06,1.07719476e-06,3.44547797e-07,8.13849592e-01,4.19846109e-03,4.56799053e+03,4.06891330e+01,0.00000000e+00,0.00000000e+00,8.59715494e-04,7.09301056e-06,0.00000000e+00,0.00000000e+00,6.19996999e+00,1.40826598e-02
1.00425075e+02,1.00175075e+02,7.21389309e-04,4.79754603e-06,0.00000000e+00,0.00000000e+00,1.38294335e-04,4.33916248e-06,1.00472535e-06,3.24785950e-07,8.11908208e-01,4.05733944e-03,4.56469944e+03,3.87499700e+01,0.00000000e+00,0.00000000e+00,8.59634815e-04,7.22097427e-06,0.00000000e+00,0.00000000e+00,0.00000000e+00,0.00000000e+00
1.00525100e+02,1.00275100e+02,7.17049572e-04,4.94677353e-06,0.00000000e+00,0.00000000e+00,1.34245462e-04,4.25308250e-06,1.00161106e-06,3.24042050e-07,8.07407514e-01,4.18785849e-03,4.52288409e+03,3.71112401e+01,0.00000000e+00,0.00000000e+00,8.51246295e-04,6.63797552e-06,0.00000000e+00,0.00000000e+00,6.19380999e+00,1.44625305e-02
1.00625125e+02,1.00375125e+02,7.14264834e-04,4.93619992e-06,0.00000000e+00,0.00000000e+00,1.35141893e-04,3.79275166e-06,1.00119479e-06,3.23829176e-07,8.04378470e-01,3.99925137e-03,4.51376788e+03,3.61040098e+01,0.00000000e+00,0.00000000e+00,8.49358225e-04,6.48733734e-06,0.00000000e+00,0.00000000e+00,0.00000000e+00,0.00000000e+00
1.00725150e+02,1.00475150e+02,7.12464036e-04,5.06079118e-06,0.00000000e+00,0.00000000e+00,1.34904121e-04,3.97161150e-06,1.00078138e-06,3.23618047e-07,8.03084976e-01,4.01570669e-03,4.50416479e+03,4.04519972e+01,0.00000000e+00,0.00000000e+00,8.47319679e-04,7.05733197e-06,0.00000000e+00,0.00000000e+00,6.18392999e+00,1.43787319e-02
1.00825175e+02,1.00575175e+02,7.11558293e-04,5.23034726e-06,0.00000000e+00,0.00000000e+00,1.33739883e-04,3.83933917e-06,1.00037082e-06,3.23408638e-07,7.99295744e-01,3.97404955e-03,4.49085433e+03,3.88796258e+01,0.00000000e+00,0.00000000e+00,8.45249705e-04,6.96507658e-06,0.00000000e+00,0.00000000e+00,0.00000000e+00,0.00000000e+00
1.00925200e+02,1.00675200e+02,7.06886966e-04,5.01858271e-06,0.00000000e+00,0.00000000e+00,1.28253323e-04,3.23078621e-06,9.18165654e-07,2.72575701e-07,7.94567158e-01,3.58437941e-03,4.43175160e+03,3.48843179e+01,0.00000000e+00,0.00000000e+00,8.35093952e-04,6.37448111e-06,0.00000000e+00,0.00000000e+00,6.17804999e+00,1.44028923e-02
1.01025225e+02,1.00775225e+02,7.02765058e-04,4.92515549e-06,0.00000000e+00,0.00000000e+00,1.28114937e-04,3.57365555e-06,8.12645705e-07,2.34830601e-07,7.92489887e-01,3.79304789e-03,4.40242865e+03,3.58831784e+01,0.00000000e+00,0.00000000e+00,8.30836406e-04,6.61527446e-06,0.00000000e+00,0.00000000e+00,0.00000000e+00,0.00000000e+00
1.01125250e+02,1.00875250e+02,7.01469224e-04,5.02246623e-06,0.00000000e+00,0.00000000e+00,1.28442446e-04,4.62421655e-06,8.12483006e-07,2.34784708e-07,7.91273685e-01,3.98395732e-03,4.40680056e+03,4.02734372e+01,0.00000000e+00,0.00000000e+00,8.29867873e-04,6.96208289e-06,0.00000000e+00,0.00000000e+00,6.16858999e+00,1.40590609e-02
1.01225275e+02,1.00975275e+02,7.03494756e-04,4.92592957e-06,0.00000000e+00,0.00000000e+00,1.28479970e-04,3.60008005e-06,8.12321014e-07,2.34739032e-07,7.90751403e-01,3.96317252e-03,4.41478437e+03,3.73703681e+01,0.00000000e+00,0.00000000e+00,8.31928515e-04,6.65433718e-06,0.00000000e+00,0.00000000e+00,0.00000000e+00,0.00000000e+00
1.01325300e+02,1.01075300e+02,7.00100556e-04,4.78657360e-06,0.00000000e+00,0.00000000e+00,1.28402839e-04,3.70543479e-06,8.12159723e-07,2.34693571e-07,7.87701271e-01,3.85671014e-03,4.38805166e+03,3.61695079e+01,0.00000000e+00,0.00000000e+00,8.28453137e-04,6.39116642e-06,0.00000000e+00,0.00000000e+00,6.16186999e+00,1.42509379e-02
1.01425325e+02,1.01175325e+02,6.93423653e-04,4.74524236e-06,0.00000000e+00,0.00000000e+00,1.25028847e-04,3.37614893e-06,8.11999129e-07,2.34648325e-07,7.84106560e-01,3.81529236e-03,4.33064564e+03,3.28374407e+01,0.00000000e+00,0.00000000e+00,8.18402262e-04,5.88654907e-06,0.00000000e+00,0.00000000e+00,0.00000000e+00,0.00000000e+00
1.01525351e+02,1.01275351e+02,6.92739496e-04,4.70566096e-06,0.00000000e+00,0.00000000e+00,1.23660672e-04,3.37640138e-06,8.11839227e-07,2.34603291e-07,7.82231349e-01,4.03162435e-03,4.32923292e+03,3.33955286e+01,0.00000000e+00,0.00000000e+00,8.16349774e-04,5.90746180e-06,0.00000000e+00,0.00000000e+00,6.15341999e+00,1.43772562e-02
1.01625376e+02,1.01375376e+02,6.90522919e-04,4.69743426e-06,0.00000000e+00,0.00000000e+00,1.22301830e-04,3.52707828e-06,8.11680013e-07,2.34558467e-07,7.79659089e-01,3.96761796e-03,4.31504092e+03,3.41236869e+01,0.00000000e+00,0.00000000e+00,8.12774174e-04,6.02182998e-06,0.00000000e+00,0.00000000e+00,0.00000000e+00,0.00000000e+00
1.01725401e+02,1.01475401e+02,6.87345051e-04,4.54315065e-06,0.00000000e+00,0.00000000e+00,1.24725460e-04,3.75802138e-06,8.11521482e-07,2.34513854e-07,7.76771153e-01,3.88838674e-03,4.31423893e+03,3.44846917e+01,0.00000000e+00,0.00000000e+00,8.12020061e-04,5.97389964e-06,0.00000000e+00,0.00000000e+00,6.14575999e+00,1.42642248e-02
1.01825426e+02,1.01575426e+02,6.88095258e-04,4.49209896e-06,0.00000000e+00,0.00000000e+00,1.24283966e-04,3.40057689e-06,8.11363630e-07,2.34469448e-07,7.77173409e-01,3.83433831e-03,4.30678177e+03,3.19359357e+01,0.00000000e+00,0.00000000e+00,8.12330655e-04,5.59597454e-06,0.00000000e+00,0.00000000e+00,0.00000000e+00,0.00000000e+00
1.01925451e+02,1.01675451e+02,6.87446814e-04,4.67172907e-06,0.00000000e+00,0.00000000e+00,1.36145344e-04,8.11001440e-06,7.67180552e-07,2.27845420e-07,7.75264092e-01,3.80846555e-03,4.37385738e+03,6.30334156e+01,0.00000000e+00,0.00000000e+00,8.23546807e-04,9.96766234e-06,0.00000000e+00,0.00000000e+00,6.14172999e+00,1.44246133e-02
1.02025476e+02,1.01775476e+02,6.81316815e-04,4.39410734e-06,0.00000000e+00,0.00000000e+00,1.24918060e-04,3.43993283e-06,7.47124534e-07,2.27633269e-07,7.69974644e-01,3.52664367e-03,4.28017126e+03,3.22290493e+01,0.00000000e+00,0.00000000e+00,8.06190132e-04,5.49446140e-06,0.00000000e+00,0.00000000e+00,0.00000000e+00,0.00000000e+00
1.02125501e+02,1.01875501e+02,6.79693211e-04,4.71557255e-06,0.00000000e+00,0.00000000e+00,1.23362369e-04,3.20891008e-06,7.51666019e-07,2.29047023e-07,7.65130757e-01,3.51893072e-03,4.25924993e+03,3.16289329e+01,0.00000000e+00,0.00000000e+00,8.03010626e-04,5.61043468e-06,0.00000000e+00,0.00000000e+00,6.13512999e+00,1.44301009e-02
1.02225526e+02,1.01975526e+02,6.79376546e-04,4.63359534e-06,0.00000000e+00,0.00000000e+00,1.22690791e-04,3.47036482e-06,7.51522277e-07,2.29004867e-07,7.63989686e-01,3.42495019e-03,4.24966826e+03,3.30231015e+01,0.00000000e+00,0.00000000e+00,8.02022358e-04,5.93533727e-06,0.00000000e+00,0.00000000e+00,0.00000000e+00,0.00000000e+00
1.02325551e+02,1.02075551e+02,6.77791351e-04,4.71968524e-06,0.00000000e+00,0.00000000e+00,1.28046506e-04,4.84332199e-06,7.44916864e-07,2.26632192e-07,7.61675712e-01,3.42035175e-03,4.27055005e+03,4.08954169e+01,0.00000000e+00,0.00000000e+00,8.05793061e-04,6.99864069e-06,0.00000000e+00,0.00000000e+00,6.12650999e+00,1.41733461e-02
1.02425576e+02,1.02175576e+02,6.74045132e-04,4.77052581e-06,0.00000000e+00,0.00000000e+00,1.24198162e-04,3.41729217e-06,7.34452936e-07,2.23204463e-07,7.58792775e-01,3.35880751e-03,4.23074399e+03,3.49416679e+01,0.00000000e+00,0.00000000e+00,7.98197014e-04,6.05377517e-06,0.00000000e+00,0.00000000e+00,0.00000000e+00,0.00000000e+00
1.02525601e+02,1.02275601e+02,6.69027069e-04,4.55180760e-06,0.00000000e+00,0.00000000e+00,1.21441045e-04,3.58777119e-06,7.06581329e-07,2.22208108e-07,7.56179823e-01,3.41843011e-03,4.19018053e+03,3.35357328e+01,0.00000000e+00,0.00000000e+00,7.90425719e-04,5.78556485e-06,0.00000000e+00,0.00000000e+00,6.11847999e+00,1.39275868e-02
1.02625626e+02,1.02375626e+02,6.69526929e-04,4.42522424e-06,0.00000000e+00,0.00000000e+00,1.22225620e-04,3.09009222e-06,7.05527589e-07,2.22193104e-07,7.55848088e-01,3.31046009e-03,4.20236624e+03,3.09590646e+01,0.00000000e+00,0.00000000e+00,7.91710215e-04,5.37855849e-06,0.00000000e+00,0.00000000e+00,0.00000000e+00,0.00000000e+00
1.02725651e+02,1.02475651e+02,6.68200559e-04,4.62711946e-06,0.00000000e+00,0.00000000e+00,1.30555531e-04,4.98665770e-06,7.05393193e-07,2.22150724e-07,7.53703566e-01,3.27626910e-03,4.25672262e+03,4.02135800e+01,0.00000000e+00,0.00000000e+00,7.98712449e-04,6.87568499e-06,0.00000000e+00,0.00000000e+00,6.11276999e+00,1.41012277e-02
1.02825676e+02,1.02575676e+02,6.66716450e-04,4.74518055e-06,0.00000000e+00,0.00000000e+00,1.30501056e-04,4.34537789e-06,7.05259367e-07,2.22108537e-07,7.50046613e-01,3.17535893e-03,4.25183833e+03,3.85353085e+01,0.00000000e+00,0.00000000e+00,7.97165529e-04,6.65575099e-06,0.00000000e+00,0.00000000e+00,0.00000000e+00,0.00000000e+00
1.02925701e+02,1.02675701e+02,6.66312601e-04,4.36652263e-06,0.00000000e+00,0.00000000e+00,1.27541957e-04,4.51577938e-06,7.05115347e-07,2.22063803e-07,7.49829144e-01,3.22989068e-03,4.22567009e+03,3.88112178e+01,0.00000000e+00,0.00000000e+00,7.93806276e-04,6.55528296e-06,0.00000000e+00,0.00000000e+00,6.10598999e+00,1.40966685e-02
1.03025726e+02,1.02775726e+02,6.64722902e-04,4.71488177e-06,0.00000000e+00,0.00000000e+00,1.27393653e-04,4.74999349e-06,7.04398290e-07,2.21873896e-07,7.48186753e-01,3.42599257e-03,4.20413041e+03,3.91128106e+01,0.00000000e+00,0.00000000e+00,7.92071392e-04,7.00006599e-06,0.00000000e+00,0.00000000e+00,0.00000000e+00,0.00000000e+00
1.03125751e+02,1.02875751e+02,6.60869590e-04,4.63936826e-06,0.00000000e+00,0.00000000e+00,1.26013117e-04,3.53101579e-06,7.04266564e-07,2.21832360e-07,7.45410734e-01,3.61305015e-03,4.18231657e+03,3.57535681e+01,0.00000000e+00,0.00000000e+00,7.86837524e-04,6.33414019e-06,0.00000000e+00,0.00000000e+00,6.09653999e+00,1.43008684e-02
1.03225776e+02,1.02975776e+02,6.58082146e-04,4.44120729e-06,0.00000000e+00,0.00000000e+00,1.24060764e-04,4.19565446e-06,7.04135393e-07,2.21791011e-07,7.42908198e-01,3.46179729e-03,4.15982633e+03,3.85301171e+01,0.00000000e+00,0.00000000e+00,7.82096618e-04,6.29683110e-06,0.00000000e+00,0.00000000e+00,0.00000000e+00,0.00000000e+00
1.03325801e+02,1.03075801e+02,6.57036327e-04,4.27461076e-06,0.00000000e+00,0.00000000e+00,1.20244854e-04,3.66718205e-06,7.04004773e-07,2.21749850e-07,7.40771424e-01,3.48060612e-03,4.13505604e+03,3.46377963e+01,0.00000000e+00,0.00000000e+00,7.77234435e-04,6.02066037e-06,0.00000000e+00,0.00000000e+00,6.08977999e+00,1.44222443e-02
1.03425826e+02,1.03175826e+02,6.53366354e-04,4.54317308e-06,0.00000000e+00,0.00000000e+00,1.28718944e-04,1.10257082e-05,7.03874700e-07,2.21708874e-07,7.38066591e-01,3.67667922e-03,4.18121424e+03,8.61272865e+01,0.00000000e+00,0.00000000e+00,7.82038589e-04,1.27061232e-05,0.00000000e+00,0.00000000e+00,0.00000000e+00,0.00000000e+00
1.03525851e+02,1.03275851e+02,6.49648602e-04,4.65724470e-06,0.00000000e+00,0.00000000e+00,1.26896227e-04,5.54955847e-06,7.03745173e-07,2.21668083e-07,7.34313817e-01,3.68340863e-03,4.14043325e+03,4.75046520e+01,0.00000000e+00,0.00000000e+00,7.76498113e-04,7.82199740e-06,0.00000000e+00,0.00000000e+00,6.08241999e+00,1.46983418e-02
1.03625876e+02,1.03375876e+02,6.49014831e-04,4.85201394e-06,0.00000000e+00,0.00000000e+00,1.20219500e-04,3.22444029e-06,7.03357141e-07,2.21552110e-07,7.32430540e-01,3.72544242e-03,4.08756177e+03,3.35773804e+01,0.00000000e+00,0.00000000e+00,7.69187631e-04,6.02330032e-06,0.00000000e+00,0.00000000e+00,0.00000000e+00,0.00000000e+00
1.03725901e+02,1.03475901e+02,6.48712335e-04,4.64992655e-06,0.00000000e+00,0.00000000e+00,1.27077810e-04,4.57152429e-06,6.97384307e-07,2.19885917e-07,7.30509505e-01,3.70558848e-03,4.12491201e+03,4.06725659e+01,0.00000000e+00,0.00000000e+00,7.75743621e-04,6.96435387e-06,0.00000000e+00,0.00000000e+00,6.07553999e+00,1.43878067e-02
1.03825926e+02,1.03575926e+02,6.45268114e-04,4.46910769e-06,0.00000000e+00,0.00000000e+00,1.21281711e-04,4.31981456e-06,7.15923877e-07,2.23915234e-07,7.26246182e-01,3.47778117e-03,4.06429728e+03,3.56816615e+01,0.00000000e+00,0.00000000e+00,7.66501149e-04,6.45276118e-06,0.00000000e+00,0.00000000e+00,0.00000000e+00,0.00000000e+00
1.03925951e+02,1.03675951e+02,6.40582196e-04,4.37659910e-06,0.00000000e+00,0.00000000e+00,1.20739364e-04,4.66365373e-06,7.51668798e-07,2.35677975e-07,7.23239114e-01,3.38477398e-03,4.05073554e+03,4.02585706e+01,0.00000000e+00,0.00000000e+00,7.61268872e-04,6.68360006e-06,0.00000000e+00,0.00000000e+00,6.06676999e+00,1.46144035e-02
1.04025976e+02,1.03775976e+02,6.36786583e-04,4.46188161e-06,0.00000000e+00,0.00000000e+00,1.18463444e-04,3.86941040e-06,7.51361094e-07,2.35565472e-07,7.18827787e-01,3.44150304e-03,4.02003767e+03,3.46700336e+01,0.00000000e+00,0.00000000e+00,7.55196626e-04,5.80661715e-06,0.00000000e+00,0.00000000e+00,0.00000000e+00,0.00000000e+00
1.04126002e+02,1.03876002e+02,6.38520155e-04,4.80021787e-06,0.00000000e+00,0.00000000e+00,1.14985542e-04,3.47437537e-06,7.51055649e-07,2.35453960e-07,7.17770903e-01,3.58293900e-03,4.00398160e+03,3.38759954e+01,0.00000000e+00,0.00000000e+00,7.53451283e-04,6.04303355e-06,0.00000000e+00,0.00000000e+00,6.06078999e+00,1.45247914e-02
1.04226027e+02,1.03976027e+02,6.33215033e-04,4.33026516e-06,0.00000000e+00,0.00000000e+00,1.13134785e-04,3.86215248e-06,7.50752436e-07,2.35343424e-07,7.13710445e-01,3.65811583e-03,3.96892253e+03,3.54674317e+01,0.00000000e+00,0.00000000e+00,7.46295137e-04,5.95921824e-06,0.00000000e+00,0.00000000e+00,0.00000000e+00,0.00000000e+00
1.04326052e+02,1.04076052e+02,6.30938170e-04,4.41278399e-06,0.00000000e+00,0.00000000e+00,1.16250506e-04,3.95237907e-06,7.20588936e-07,2.27741478e-07,7.11606421e-01,3.81364038e-03,3.97161227e+03,3.34040340e+01,0.00000000e+00,0.00000000e+00,7.47134662e-04,6.10718629e-06,0.00000000e+00,0.00000000e+00,6.05532999e+00,1.44520459e-02
1.04426077e+02,1.04176077e+02,6.28064776e-04,4.48587806e-06,0.00000000e+00,0.00000000e+00,1.15582212e-04,4.15779038e-06,6.64892033e-07,2.21176189e-07,7.09221418e-01,3.70267252e-03,3.95334123e+03,3.60170872e+01,0.00000000e+00,0.00000000e+00,7.43595126e-04,6.40629830e-06,0.00000000e+00,0.00000000e+00,0.00000000e+00,0.00000000e+00
1.04526102e+02,1.04276102e+02,6.28901576e-04,4.27538550e-06,0.00000000e+00,0.00000000e+00,1.19143904e-04,4.47444500e-06,5.76756307e-07,2.05237738e-07,7.08706184e-01,3.61236285e-03,3.98395810e+03,3.94531268e+01,0.00000000e+00,0.00000000e+00,7.48000580e-04,6.37793441e-06,0.00000000e+00,0.00000000e+00,6.04581999e+00,1.43358446e-02
1.04626127e+02,1.04376127e+02,6.23538249e-04,4.66530610e-06,0.00000000e+00,0.00000000e+00,1.11493986e-04,3.35037338e-06,5.76663219e-07,2.05204451e-07,7.06121204e-01,3.75022151e-03,3.91205406e+03,3.39178955e+01,0.00000000e+00,0.00000000e+00,7.34976013e-04,6.04157355e-06,0.00000000e+00,0.00000000e+00,0.00000000e+00,0.00000000e+00
1.04726152e+02,1.04476152e+02,6.18723597e-04,4.54530150e-06,0.00000000e+00,0.00000000e+00,1.11375153e-04,3.05531189e-06,5.76570522e-07,2.05171314e-07,7.01402015e-01,3.80264202e-03,3.89014676e+03,3.22748043e+01,0.00000000e+00,0.00000000e+00,7.30034785e-04,5.87380062e-06,0.00000000e+00,0.00000000e+00,6.04031999e+00,1.40582977e-02
1.04826177e+02,1.04576177e+02,6.17093324e-04,4.51923770e-06,0.00000000e+00,0.00000000e+00,1.09485604e-04,2.87260628e-06,5.76478212e-07,2.05138326e-07,7.00134019e-01,3.76872118e-03,3.87012597e+03,3.09309349e+01,0.00000000e+00,0.00000000e+00,7.26515643e-04,5.76971539e-06,0.00000000e+00,0.00000000e+00,0.00000000e+00,0.00000000e+00
1.04926202e+02,1.04676202e+02,6.12878163e-04,4.32708798e-06,0.00000000e+00,0.00000000e+00,1.20189365e-04,8.08103324e-06,5.76386288e-07,2.05105486e-07,6.96894435e-01,3.87520234e-03,3.91862107e+03,6.43194964e+01,0.00000000e+00,0.00000000e+00,7.33004948e-04,9.83046771e-06,0.00000000e+00,0.00000000e+00,6.03163999e+00,1.42939171e-02
1.05026227e+02,1.04776227e+02,6.12590954e-04,4.49263667e-06,0.00000000e+00,0.00000000e+00,1.11652156e-04,4.29930631e-06,6.68035957e-07,2.22268351e-07,6.94299180e-01,3.75566595e-03,3.85395918e+03,3.86729870e+01,0.00000000e+00,0.00000000e+00,7.24176020e-04,6.57534415e-06,0.00000000e+00,0.00000000e+00,0.00000000e+00,0.00000000e+00
1.05126252e+02,1.04876252e+02,6.11935040e-04,4.42771708e-06,0.00000000e+00,0.00000000e+00,1.12063383e-04,4.39526771e-06,6.75581379e-07,2.25301229e-07,6.93646649e-01,3.77974033e-03,3.84673402e+03,3.80383780e+01,0.00000000e+00,0.00000000e+00,7.23931186e-04,6.65212395e-06,0.00000000e+00,0.00000000e+00,6.02385999e+00,1.43734886e-02
1.05226277e+02,1.04976277e+02,6.13836405e-04,5.09719998e-06,0.00000000e+00,0.00000000e+00,1.07127030e-04,3.38905805e-06,6.75074291e-07,2.25099567e-07,6.92653389e-01,3.65293109e-03,3.82766518e+03,3.46354229e+01,0.00000000e+00,0.00000000e+00,7.20895928e-04,6.50425540e-06,0.00000000e+00,0.00000000e+00,0.00000000e+00,0.00000000e+00
1.05326302e+02,1.05076302e+02,6.10257922e-04,4.97659909e-06,0.00000000e+00,0.00000000e+00,1.08509135e-04,3.11130386e-06,6.74573931e-07,2.24901246e-07,6.88218646e-01,3.85143460e-03,3.81804177e+03,3.21284856e+01,0.00000000e+00,0.00000000e+00,7.18698872e-04,6.12619338e-06,0.00000000e+00,0.00000000e+00,6.01769999e+00,1.43535411e-02
1.05426327e+02,1.05176327e+02,6.09788255e-04,4.90520084e-06,0.00000000e+00,0.00000000e+00,1.10810800e-04,3.93421152e-06,6.74080143e-07,2.24706174e-07,6.86174596e-01,3.79398684e-03,3.83119854e+03,3.56719937e+01,0.00000000e+00,0.00000000e+00,7.20539492e-04,6.35848205e-06,0.00000000e+00,0.00000000e+00,0.00000000e+00,0.00000000e+00
1.05526352e+02,1.05276352e+02,6.04734128e-04,4.55164499e-06,0.00000000e+00,0.00000000e+00,1.15134631e-04,6.84630700e-06,6.72193108e-07,2.24153160e-07,6.82392071e-01,3.81498221e-03,3.83326863e+03,5.36159155e+01,0.00000000e+00,0.00000000e+00,7.19811954e-04,8.61064070e-06,0.00000000e+00,0.00000000e+00,6.00918999e+00,1.44279729e-02
1.05626377e+02,1.05376377e+02,6.04629736e-04,4.38361953e-06,0.00000000e+00,0.00000000e+00,1.13188235e-04,4.68357919e-06,6.71400831e-07,2.23884804e-07,6.81838477e-01,3.82833452e-03,3.81986148e+03,4.00041256e+01,0.00000000e+00,0.00000000e+00,7.17761082e-04,6.83630157e-06,0.00000000e+00,0.00000000e+00,0.00000000e+00,0.00000000e+00
1.05726402e+02,1.05476402e+02,5.96465827e-04,4.22991656e-06,0.00000000e+00,0.00000000e+00,1.08014675e-04,3.87234330e-06,6.23027828e-07,2.03580228e-07,6.76806349e-01,3.64543447e-03,3.74835256e+03,3.58045586e+01,0.00000000e+00,0.00000000e+00,7.04424164e-04,6.14745830e-06,0.00000000e+00,0.00000000e+00,6.00121999e+00,1.42776408e-02
1.05826427e+02,1.05576427e+02,5.91527380e-04,4.06005388e-06,0.00000000e+00,0.00000000e+00,1.10779209e-04,4.10527184e-06,6.08776695e-07,1.99349092e-07,6.74648113e-01,3.71671651e-03,3.73942641e+03,3.68257434e+01,0.00000000e+00,0.00000000e+00,7.02248192e-04,6.16309330e-06,0.00000000e+00,0.00000000e+00,0.00000000e+00,0.00000000e+00
1.05926452e+02,1.05676452e+02,5.93519241e-04,4.18262750e-06,0.00000000e+00,0.00000000e+00,1.10681191e-04,3.42945239e-06,6.08323428e-07,1.99150318e-07,6.73765279e-01,3.66332468e-03,3.75026966e+03,3.25562063e+01,0.00000000e+00,0.00000000e+00,7.04142068e-04,5.64128881e-06,0.00000000e+00,0.00000000e+00,5.99491999e+00,1.42470745e-02
1.06026477e+02,1.05776477e+02,5.94362488e-04,4.14829787e-06,0.00000000e+00,0.00000000e+00,1.10118795e-04,3.60939868e-06,6.07875864e-07,1.98954628e-07,6.72121907e-01,3.71170523e-03,3.75164355e+03,3.15351585e+01,0.00000000e+00,0.00000000e+00,7.04422882e-04,5.47234714e-06,0.00000000e+00,0.00000000e+00,0.00000000e+00,0.00000000e+00
1.06126502e+02,1.05876502e+02,5.92496489e-04,4.33538832e-06,0.00000000e+00,0.00000000e+00,1.16492830e-04,4.36109318e-06,6.07433877e-07,1.98761944e-07,6.69620192e-01,3.64156156e-03,3.79033289e+03,3.71935342e+01,0.00000000e+00,0.00000000e+00,7.08929969e-04,6.20930753e-06,0.00000000e+00,0.00000000e+00,5.98714999e+00,1.42422573e-02
1.06226527e+02,1.05976527e+02,5.91004655e-04,4.50873410e-06,0.00000000e+00,0.00000000e+00,1.13442022e-04,4.12612976e-06,6.06997349e-07,1.98572192e-07,6.68916086e-01,3.56552617e-03,3.75543379e+03,3.62801163e+01,0.00000000e+00,0.00000000e+00,7.04386115e-04,6.38764348e-06,0.00000000e+00,0.00000000e+00,0.00000000e+00,0.00000000e+00
1.06326552e+02,1.06076552e+02,5.89330454e-04,4.43687704e-06,0.00000000e+00,0.00000000e+00,1.12254660e-04,3.79728686e-06,6.06566161e-07,1.98385299e-07,6.65300744e-01,3.31255290e-03,3.73956167e+03,3.42240351e+01,0.00000000e+00,0.00000000e+00,7.01522627e-04,6.03202500e-06,0.00000000e+00,0.00000000e+00,5.98015999e+00,1.42936216e-02
1.06426577e+02,1.06176577e+02,5.83888657e-04,4.02816308e-06,0.00000000e+00,0.00000000e+00,1.12538826e-04,4.09337925e-06,8.29736680e-07,3.37640065e-07,6.63794300e-01,3.31086595e-03,3.73017163e+03,3.55685361e+01,0.00000000e+00,0.00000000e+00,6.96347549e-04,6.07047154e-06,0.00000000e+00,0.00000000e+00,0.00000000e+00,0.00000000e+00
1.06526602e+02,1.06276602e+02,5.86094109e-04,4.42818387e-06,0.00000000e+00,0.00000000e+00,1.07043388e-04,3.18747028e-06,1.36262189e-06,8.38107989e-07,6.62509495e-01,3.57532998e-03,3.69998835e+03,3.05272941e+01,0.00000000e+00,0.00000000e+00,6.93046487e-04,5.50870190e-06,0.00000000e+00,0.00000000e+00,5.97063999e+00,1.41191789e-02
1.06626627e+02,1.06376627e+02,5.81322639e-04,4.06266767e-06,0.00000000e+00,0.00000000e+00,1.07109774e-04,3.93768926e-06,6.91734111e-07,2.47269694e-07,6.58529402e-01,3.49923834e-03,3.66735012e+03,3.39134748e+01,0.00000000e+00,0.00000000e+00,6.88363278e-04,5.84646503e-06,0.00000000e+00,0.00000000e+00,0.00000000e+00,0.00000000e+00
1.06726652e+02,1.06476652e+02,5.79182706e-04,4.23878915e-06,0.00000000e+00,0.00000000e+00,1.06066460e-04,3.51862467e-06,5.38869588e-07,1.84184107e-07,6.58166369e-01,3.65520523e-03,3.65184234e+03,3.02945732e+01,0.00000000e+00,0.00000000e+00,6.85185299e-04,5.38187738e-06,0.00000000e+00,0.00000000e+00,5.96562999e+00,1.42263920e-02
1.06826678e+02,1.06576678e+02,5.78700759e-04,4.62679652e-06,0.00000000e+00,0.00000000e+00,1.15417817e-04,5.00010271e-06,5.36113380e-07,1.83003264e-07,6.54174708e-01,3.53438733e-03,3.70765708e+03,4.20448709e+01,0.00000000e+00,0.00000000e+00,6.94054415e-04,6.93352850e-06,0.00000000e+00,0.00000000e+00,0.00000000e+00,0.00000000e+00
1.06926703e+02,1.06676703e+02,5.75115245e-04,4.33319537e-06,0.00000000e+00,0.00000000e+00,1.12204367e-04,5.14912353e-06,5.35655204e-07,1.82830336e-07,6.50940930e-01,3.69480741e-03,3.66625708e+03,4.12012204e+01,0.00000000e+00,0.00000000e+00,6.87256269e-04,6.85214918e-06,0.00000000e+00,0.00000000e+00,5.95807999e+00,1.40874230e-02
1.07026728e+02,1.06776728e+02,5.72422118e-04,4.19245623e-06,0.00000000e+00,0.00000000e+00,1.06574852e-04,3.71271075e-06,4.98898589e-07,1.70760355e-07,6.49968779e-01,3.57469152e-03,3.62709181e+03,3.37828939e+01,0.00000000e+00,0.00000000e+00,6.78934342e-04,5.72071928e-06,0.00000000e+00,0.00000000e+00,0.00000000e+00,0.00000000e+00
1.07126753e+02,1.06876753e+02,5.72482402e-04,4.35815550e-06,0.00000000e+00,0.00000000e+00,1.06995925e-04,3.40745884e-06,4.54096422e-07,1.65944134e-07,6.47992373e-01,3.66940766e-03,3.63127001e+03,3.18697902e+01,0.00000000e+00,0.00000000e+00,6.79416707e-04,5.61537682e-06,0.00000000e+00,0.00000000e+00,5.94959999e+00,1.43600172e-02
1.07226778e+02,1.06976778e+02,5.66195170e-04,4.32720795e-06,0.00000000e+00,0.00000000e+00,1.04624658e-04,2.95388977e-06,4.53660604e-07,1.65762881e-07,6.42702565e-01,3.74076764e-03,3.58089377e+03,3.09068117e+01,0.00000000e+00,0.00000000e+00,6.70758375e-04,5.50305385e-06,0.00000000e+00,0.00000000e+00,0.00000000e+00,0.00000000e+00
1.07326803e+02,1.07076803e+02,5.65209597e-04,4.36819185e-06,0.00000000e+00,0.00000000e+00,1.06011631e-04,3.11952927e-06,4.05363790e-07,1.50340988e-07,6.41691904e-01,3.72816362e-03,3.57869903e+03,3.09738725e+01,0.00000000e+00,0.00000000e+00,6.71161074e-04,5.71173240e-06,0.00000000e+00,0.00000000e+00,5.94640000e+00,1.43618882e-02
1.07426828e+02,1.07176828e+02,5.67109107e-04,4.30780293e-06,0.00000000e+00,0.00000000e+00,1.03928941e-04,3.28455102e-06,3.74825391e-07,1.47883759e-07,6.42206119e-01,3.59978490e-03,3.57668016e+03,3.08896996e+01,0.00000000e+00,0.00000000e+00,6.70979125e-04,5.44578393e-06,0.00000000e+00,0.00000000e+00,0.00000000e+00,0.00000000e+00
1.07526853e+02,1.07276853e+02,5.61898823e-04,4.58902282e-06,0.00000000e+00,0.00000000e+00,1.02708520e-04,2.92779881e-06,3.74452798e-07,1.47711682e-07,6.38083528e-01,3.62336471e-03,3.53614691e+03,3.10963469e+01,0.00000000e+00,0.00000000e+00,6.64550325e-04,5.62931567e-06,0.00000000e+00,0.00000000e+00,5.93806000e+00,1.43585317e-02
1.07626878e+02,1.07376878e+02,5.60340886e-04,4.45291748e-06,0.00000000e+00,0.00000000e+00,1.04002517e-04,3.07441568e-06,3.74084982e-07,1.47542297e-07,6.35524930e-01,3.76834261e-03,3.53447976e+03,3.23414914e+01,0.00000000e+00,0.00000000e+00,6.64287183e-04,5.85341055e-06,0.00000000e+00,0.00000000e+00,0.00000000e+00,0.00000000e+00
1.07726903e+02,1.07476903e+02,5.58081293e-04,4.33666237e-06,0.00000000e+00,0.00000000e+00,1.05711977e-04,3.52809859e-06,3.73727734e-07,1.47375387e-07,6.34700801e-01,3.67643910e-03,3.53146227e+03,3.26172447e+01,0.00000000e+00,0.00000000e+00,6.63736969e-04,6.09229500e-06,0.00000000e+00,0.00000000e+00,5.93150000e+00,1.42741872e-02
1.07826928e+02,1.07576928e+02,5.54743880e-04,4.39597825e-06,0.00000000e+00,0.00000000e+00,1.02790217e-04,2.91040437e-06,3.73403972e-07,1.47210306e-07,6.31395388e-01,3.75552137e-03,3.50186199e+03,3.06872339e+01,0.00000000e+00,0.00000000e+00,6.57472757e-04,5.55877375e-06,0.00000000e+00,0.00000000e+00,0.00000000e+00,0.00000000e+00
1.07926953e+02,1.07676953e+02,5.52768118e-04,4.78915852e-06,0.00000000e+00,0.00000000e+00,1.02600272e-04,3.27040754e-06,3.73049842e-07,1.47048616e-07,6.28559872e-01,3.72806337e-03,3.49054710e+03,3.27513014e+01,0.00000000e+00,0.00000000e+00,6.55304097e-04,5.96591030e-06,0.00000000e+00,0.00000000e+00,5.92765999e+00,1.43304169e-02
1.08026978e+02,1.07776978e+02,5.48897946e-04,4.61638692e-06,0.00000000e+00,0.00000000e+00,1.04691443e-04,3.66846057e-06,3.72700107e-07,1.46889373e-07,6.25927789e-01,3.60171261e-03,3.48611706e+03,3.26067584e+01,0.00000000e+00,0.00000000e+00,6.53518323e-04,5.91210411e-06,0.00000000e+00,0.00000000e+00,0.00000000e+00,0.00000000e+00
1.08127003e+02,1.07877003e+02,5.47408754e-04,4.59518313e-06,0.00000000e+00,0.00000000e+00,1.01858552e-04,3.07374611e-06,3.69832003e-07,1.45428262e-07,6.24042489e-01,3.77538519e-03,3.46138595e+03,3.15162409e+01,0.00000000e+00,0.00000000e+00,6.49202134e-04,5.67386429e-06,0.00000000e+00,0.00000000e+00,5.91848999e+00,1.43272536e-02
1.08227028e+02,1.07977028e+02,5.43530886e-04,4.47081610e-06,0.00000000e+00,0.00000000e+00,1.01179195e-04,2.94855300e-06,3.51706933e-07,1.37076497e-07,6.21356640e-01,3.79427786e-03,3.44079376e+03,3.12905661e+01,0.00000000e+00,0.00000000e+00,6.44644902e-04,5.59979787e-06,0.00000000e+00,0.00000000e+00,0.00000000e+00,0.00000000e+00
1.08327053e+02,1.08077053e+02,5.44126015e-04,4.58279328e-06,0.00000000e+00,0.00000000e+00,1.03132036e-04,3.66873467e-06,3.55392821e-07,1.36187327e-07,6.21672645e-01,3.84472654e-03,3.46203706e+03,3.48370432e+01,0.00000000e+00,0.00000000e+00,6.47192244e-04,6.09738943e-06,0.00000000e+00,0.00000000e+00,5.90930999e+00,1.42634921e-02
1.08427078e+02,1.08177078e+02,5.38689595e-04,4.34858052e-06,0.00000000e+00,0.00000000e+00,1.03358224e-04,3.20130564e-06,3.66268057e-07,1.36690305e-07,6.16632937e-01,3.74343795e-03,3.43612584e+03,3.29724694e+01,0.00000000e+00,0.00000000e+00,6.41980670e-04,5.88265861e-06,0.00000000e+00,0.00000000e+00,0.00000000e+00,0.00000000e+00
1.08527103e+02,1.08277103e+02,5.36674897e-04,4.46503755e-06,0.00000000e+00,0.00000000e+00,1.05573171e-04,3.60303124e-06,3.66118283e-07,1.36644152e-07,6.15768669e-01,3.72923941e-03,3.44108626e+03,3.28224591e+01,0.00000000e+00,0.00000000e+00,6.42180775e-04,5.93188461e-06,0.00000000e+00,0.00000000e+00,5.90044999e+00,1.43199822e-02
1.08627128e+02,1.08377128e+02,5.34992279e-04,4.33336314e-06,0.00000000e+00,0.00000000e+00,1.03953894e-04,3.45080675e-06,3.65969697e-07,1.36598388e-07,6.12855575e-01,3.60739439e-03,3.43946002e+03,3.34907220e+01,0.00000000e+00,0.00000000e+00,6.38861472e-04,5.69876654e-06,0.00000000e+00,0.00000000e+00,0.00000000e+00,0.00000000e+00
1.08727153e+02,1.08477153e+02,5.32982284e-04,4.47423995e-06,0.00000000e+00,0.00000000e+00,1.08391931e-04,4.82369613e-06,3.50165566e-07,1.35471581e-07,6.11267192e-01,3.65957235e-03,3.44089010e+03,3.69123715e+01,0.00000000e+00,0.00000000e+00,6.41302961e-04,6.98802791e-06,0.00000000e+00,0.00000000e+00,5.89086999e+00,1.42773864e-02
1.08827178e+02,1.08577178e+02,5.28649752e-04,4.46071435e-06,0.00000000e+00,0.00000000e+00,1.08912753e-04,4.04410114e-06,3.47292213e-07,1.35428969e-07,6.09537043e-01,3.66986317e-03,3.42871323e+03,3.44520030e+01,0.00000000e+00,0.00000000e+00,6.37489554e-04,6.34756957e-06,0.00000000e+00,0.00000000e+00,0.00000000e+00,0.00000000e+00
1.08927203e+02,1.08677203e+02,5.26994594e-04,4.35490349e-06,0.00000000e+00,0.00000000e+00,1.05016623e-04,3.69328770e-06,3.47379710e-07,1.35388781e-07,6.06867040e-01,3.58431775e-03,3.39470942e+03,3.47510207e+01,0.00000000e+00,0.00000000e+00,6.31937820e-04,6.24295417e-06,0.00000000e+00,0.00000000e+00,5.88275999e+00,1.39027582e-02
1.09027228e+02,1.08777228e+02,5.25922266e-04,4.05882582e-06,0.00000000e+00,0.00000000e+00,1.05571527e-04,3.44811792e-06,3.47285452e-07,1.35350396e-07,6.06853319e-01,3.29060853e-03,3.39486244e+03,3.40215188e+01,0.00000000e+00,0.00000000e+00,6.31420113e-04,5.91317756e-06,0.00000000e+00,0.00000000e+00,0.00000000e+00,0.00000000e+00
1.09127253e+02,1.08877253e+02,5.22199374e-04,4.00104703e-06,0.00000000e+00,0.00000000e+00,1.03506033e-04,3.79397587e-06,3.47191807e-07,1.35312301e-07,6.02970246e-01,3.40380204e-03,3.36327225e+03,3.51074277e+01,0.00000000e+00,0.00000000e+00,6.25632693e-04,6.09067227e-06,0.00000000e+00,0.00000000e+00,5.87411999e+00,1.41541388e-02
1.09227278e+02,1.08977278e+02,5.18869193e-04,3.96498430e-06,0.00000000e+00,0.00000000e+00,9.67572336e-05,2.76440569e-06,3.47098769e-07,1.35274493e-07,6.00029066e-01,3.62629152e-03,3.30335404e+03,2.80352855e+01,0.00000000e+00,0.00000000e+00,6.15553818e-04,4.99925977e-06,0.00000000e+00,0.00000000e+00,0.00000000e+00,0.00000000e+00
1.09327303e+02,1.09077303e+02,5.16592330e-04,3.95054356e-06,0.00000000e+00,0.00000000e+00,9.58026369e-05,2.58241121e-06,3.47006331e-07,1.35236970e-07,5.97996667e-01,3.61337705e-03,3.28782308e+03,2.82807179e+01,0.00000000e+00,0.00000000e+00,6.12323303e-04,5.08630383e-06,0.00000000e+00,0.00000000e+00,5.86719999e+00,1.42119169e-02
1.09427328e+02,1.09177328e+02,5.12220172e-04,3.99663174e-06,0.00000000e+00,0.00000000e+00,9.54789946e-05,2.80251388e-06,3.46914488e-07,1.35199726e-07,5.93003158e-01,3.34183292e-03,3.26330214e+03,2.82241436e+01,0.00000000e+00,0.00000000e+00,6.07628874e-04,5.19596733e-06,0.00000000e+00,0.00000000e+00,0.00000000e+00,0.00000000e+00
1.09527354e+02,1.09277354e+02,5.13782961e-04,4.10066512e-06,0.00000000e+00,0.00000000e+00,9.77407233e-05,3.01748862e-06,3.46823233e-07,1.35162761e-07,5.92237882e-01,3.25749441e-03,3.28243984e+03,2.86644807e+01,0.00000000e+00,0.00000000e+00,6.11453333e-04,5.13711863e-06,0.00000000e+00,0.00000000e+00,5.85975999e+00,1.42375168e-02
1.09627379e+02,1.09377379e+02,5.09678867e-04,3.90213314e-06,0.00000000e+00,0.00000000e+00,9.73566580e-05,2.91678893e-06,3.46732560e-07,1.35126069e-07,5.89303350e-01,3.56494485e-03,3.26290205e+03,2.78690761e+01,0.00000000e+00,0.00000000e+00,6.06965185e-04,4.96671650e-06,0.00000000e+00,0.00000000e+00,0.00000000e+00,0.00000000e+00
1.09727404e+02,1.09477404e+02,5.10661837e-04,4.21239435e-06,0.00000000e+00,0.00000000e+00,9.97140324e-05,3.74358287e-06,3.46642464e-07,1.35089648e-07,5.90085730e-01,3.60773873e-03,3.28092227e+03,3.30469849e+01,0.00000000e+00,0.00000000e+00,6.10305056e-04,5.73161162e-06,0.00000000e+00,0.00000000e+00,5.85134999e+00,1.42774834e-02
1.09827429e+02,1.09577429e+02,5.07425775e-04,4.25438913e-06,0.00000000e+00,0.00000000e+00,9.79308967e-05,3.79547544e-06,3.46552938e-07,1.35053495e-07,5.87630746e-01,3.42129475e-03,3.25387572e+03,2.89460631e+01,0.00000000e+00,0.00000000e+00,6.05285558e-04,5.35231434e-06,0.00000000e+00,0.00000000e+00,0.00000000e+00,0.00000000e+00
1.09927454e+02,1.09677454e+02,5.03636297e-04,3.76635830e-06,0.00000000e+00,0.00000000e+00,1.01734075e-04,6.02069865e-06,3.46463978e-07,1.35017607e-07,5.85386579e-01,3.11767480e-03,3.24863140e+03,3.29387589e+01,0.00000000e+00,0.00000000e+00,6.05299291e-04,6.88834884e-06,0.00000000e+00,0.00000000e+00,5.84607999e+00,1.40757593e-02
1.10027479e+02,1.09777479e+02,5.01456017e-04,3.77795112e-06,0.00000000e+00,0.00000000e+00,1.03201867e-04,4.81562224e-06,3.46375576e-07,1.34981981e-07,5.84621983e-01,3.36481847e-03,3.25896406e+03,3.67970826e+01,0.00000000e+00,0.00000000e+00,6.04585133e-04,6.18911648e-06,0.00000000e+00,0.00000000e+00,0.00000000e+00,0.00000000e+00
1.10127504e+02,1.09877504e+02,4.96627938e-04,3.66621366e-06,0.00000000e+00,0.00000000e+00,9.95675798e-05,6.25914245e-06,3.46287728e-07,1.34946614e-07,5.79878010e-01,3.08776451e-03,3.21422169e+03,4.96040486e+01,0.00000000e+00,0.00000000e+00,5.96121512e-04,7.62003113e-06,0.00000000e+00,0.00000000e+00,5.83644999e+00,1.39772061e-02
1.10227529e+02,1.09977529e+02,4.94289249e-04,3.77649123e-06,0.00000000e+00,0.00000000e+00,9.10093731e-05,2.66846270e-06,3.46200429e-07,1.34911503e-07,5.76463263e-01,3.25384269e-03,3.14633115e+03,2.74915896e+01,0.00000000e+00,0.00000000e+00,5.85218417e-04,5.28765111e-06,0.00000000e+00,0.00000000e+00,0.00000000e+00,0.00000000e+00
1.10327554e+02,1.10077554e+02,4.93084034e-04,3.78756790e-06,0.00000000e+00,0.00000000e+00,9.32651854e-05,3.29746235e-06,3.46113672e-07,1.34876645e-07,5.72878493e-01,3.23268656e-03,3.16152557e+03,3.05854456e+01,0.00000000e+00,0.00000000e+00,5.86266738e-04,5.54937763e-06,0.00000000e+00,0.00000000e+00,5.82758999e+00,1.37381063e-02
1.10427579e+02,1.10177579e+02,4.89800953e-04,3.54643186e-06,0.00000000e+00,0.00000000e+00,9.58557741e-05,3.72147718e-06,3.46027453e-07,1.34842037e-07,5.71645124e-01,3.16975471e-03,3.17035007e+03,3.33117074e+01,0.00000000e+00,0.00000000e+00,5.85566142e-04,5.66240275e-06,0.00000000e+00,0.00000000e+00,0.00000000e+00,0.00000000e+00
1.10527604e+02,1.10277604e+02,4.87746093e-04,3.66101580e-06,0.00000000e+00,0.00000000e+00,9.73770612e-05,6.59298575e-06,3.45466951e-07,1.34616818e-07,5.71022987e-01,3.06722321e-03,3.17864350e+03,5.22049372e+01,0.00000000e+00,0.00000000e+00,5.85024892e-04,7.68373667e-06,0.00000000e+00,0.00000000e+00,5.81911999e+00,1.37050034e-02
1.10627629e+02,1.10377629e+02,4.86108714e-04,3.76642438e-06,0.00000000e+00,0.00000000e+00,9.26279839e-05,3.66093832e-06,3.44803542e-07,1.34352642e-07,5.68141155e-01,3.04822355e-03,3.13092386e+03,3.54465208e+01,0.00000000e+00,0.00000000e+00,5.78632823e-04,5.76510192e-06,0.00000000e+00,0.00000000e+00,0.00000000e+00,0.00000000e+00
1.10727654e+02,1.10477654e+02,4.85335008e-04,3.91579819e-06,0.00000000e+00,0.00000000e+00,9.21906432e-05,3.09220210e-06,3.44730782e-07,1.34323946e-07,5.68093580e-01,3.25445242e-03,3.11829679e+03,3.39771157e+01,0.00000000e+00,0.00000000e+00,5.77421413e-04,5.78686269e-06,0.00000000e+00,0.00000000e+00,5.81257999e+00,1.36007362e-02
1.10827679e+02,1.10577679e+02,4.82036395e-04,3.80323452e-06,0.00000000e+00,0.00000000e+00,9.53086044e-05,3.43456784e-06,3.44658426e-07,1.34295432e-07,5.62997789e-01,3.12882582e-03,3.12277589e+03,3.57651695e+01,0.00000000e+00,0.00000000e+00,5.77241247e-04,5.87914640e-06,0.00000000e+00,0.00000000e+00,0.00000000e+00,0.00000000e+00
1.10927704e+02,1.10677704e+02,4.79891436e-04,3.78365006e-06,0.00000000e+00,0.00000000e+00,9.23063874e-05,2.87448527e-06,3.44586471e-07,1.34267098e-07,5.61971342e-01,3.14975655e-03,3.09336547e+03,3.23446597e+01,0.00000000e+00,0.00000000e+00,5.72072910e-04,5.46719159e-06,0.00000000e+00,0.00000000e+00,5.80593999e+00,1.32775560e-02
1.11027729e+02,1.10777729e+02,4.78290610e-04,3.83847396e-06,0.00000000e+00,0.00000000e+00,9.44642892e-05,3.27574635e-06,3.44862836e-07,1.34194784e-07,5.60734953e-01,3.15997692e-03,3.10694162e+03,3.31426915e+01,0.00000000e+00,0.00000000e+00,5.72626131e-04,5.56317592e-06,0.00000000e+00,0.00000000e+00,0.00000000e+00,0.00000000e+00
1.11127754e+02,1.10877754e+02,4.75685829e-04,3.86892503e-06,0.00000000e+00,0.00000000e+00,9.40223065e-05,4.40559195e-06,3.44605596e-07,1.34118431e-07,5.58193461e-01,3.15902428e-03,3.09054313e+03,3.71423236e+01,0.00000000e+00,0.00000000e+00,5.69580790e-04,6.02927450e-06,0.00000000e+00,0.00000000e+00,5.79889999e+00,1.35455049e-02
1.11227779e+02,1.10977779e+02,4.75184614e-04,3.90891147e-06,0.00000000e+00,0.00000000e+00,9.13766664e-05,4.86485504e-06,3.44531998e-07,1.34090735e-07,5.56518768e-01,3.05815808e-03,3.07099563e+03,4.06126088e+01,0.00000000e+00,0.00000000e+00,5.66435955e-04,6.33225569e-06,0.00000000e+00,0.00000000e+00,0.00000000e+00,0.00000000e+00
1.11327804e+02,1.11077804e+02,4.72417051e-04,4.20267515e-06,0.00000000e+00,0.00000000e+00,9.05300049e-05,4.34488453e-06,3.44458841e-07,1.34063212e-07,5.54427984e-01,3.28625595e-03,3.05340793e+03,3.69786832e+01,0.00000000e+00,0.00000000e+00,5.62793103e-04,6.18779632e-06,0.00000000e+00,0.00000000e+00,5.79037999e+00,1.34184988e-02
1.11427829e+02,1.11177829e+02,4.67378994e-04,3.82285915e-06,0.00000000e+00,0.00000000e+00,9.17119747e-05,3.56031840e-06,3.44386119e-07,1.34035860e-07,5.51795836e-01,3.34561571e-03,3.03974935e+03,3.19470131e+01,0.00000000e+00,0.00000000e+00,5.58949343e-04,5.46149344e-06,0.00000000e+00,0.00000000e+00,0.00000000e+00,0.00000000e+00
1.11527854e+02,1.11277854e+02,4.66565051e-04,3.96794870e-06,0.00000000e+00,0.00000000e+00,9.20217834e-05,3.44696865e-06,3.62009687e-07,1.34715921e-07,5.49870090e-01,3.38662361e-03,3.03896959e+03,3.20070479e+01,0.00000000e+00,0.00000000e+00,5.58443840e-04,5.65358396e-06,0.00000000e+00,0.00000000e+00,5.78124999e+00,1.34489333e-02
1.11627879e+02,1.11377879e+02,4.63283867e-04,3.89936229e-06,0.00000000e+00,0.00000000e+00,9.32919626e-05,3.63962657e-06,3.64309486e-07,1.34984351e-07,5.46943026e-01,3.20570478e-03,3.03323858e+03,3.16741866e+01,0.00000000e+00,0.00000000e+00,5.56432661e-04,5.50741735e-06,0.00000000e+00,0.00000000e+00,0.00000000e+00,0.00000000e+00
1.11727904e+02,1.11477904e+02,4.58263887e-04,3.68116789e-06,0.00000000e+00,0.00000000e+00,9.46230993e-05,4.41655182e-06,3.23068577e-07,1.24229809e-07,5.42565676e-01,3.11355136e-03,3.01766952e+03,3.68431876e+01,0.00000000e+00,0.00000000e+00,5.52744912e-04,6.02193464e-06,0.00000000e+00,0.00000000e+00,5.77289999e+00,1.32805735e-02
1.11827929e+02,1.11577929e+02,4.54394406e-04,3.65266643e-06,0.00000000e+00,0.00000000e+00,9.49743300e-05,5.00961819e-06,3.06972818e-07,1.23565061e-07,5.39306211e-01,3.21923543e-03,2.99854895e+03,3.88252785e+01,0.00000000e+00,0.00000000e+00,5.49226951e-04,6.20442208e-06,0.00000000e+00,0.00000000e+00,0.00000000e+00,0.00000000e+00
1.11927954e+02,1.11677954e+02,4.49865572e-04,3.53787865e-06,0.00000000e+00,0.00000000e+00,8.96189142e-05,2.86628352e-06,3.06879775e-07,1.23533218e-07,5.34652180e-01,3.29221710e-03,2.93899640e+03,2.58110982e+01,0.00000000e+00,0.00000000e+00,5.39351755e-04,4.55158504e-06,0.00000000e+00,0.00000000e+00,5.76461999e+00,1.30167627e-02
1.12027979e+02,1.11777979e+02,4.48160934e-04,3.59213423e-06,0.00000000e+00,0.00000000e+00,8.68849946e-05,2.81277579e-06,3.07278779e-07,1.23729533e-07,5.32144769e-01,3.09549735e-03,2.91603496e+03,2.81083573e+01,0.00000000e+00,0.00000000e+00,5.34912706e-04,4.88629214e-06,0.00000000e+00,0.00000000e+00,0.00000000e+00,0.00000000e+00
1.12128005e+02,1.11878005e+02,4.46945951e-04,3.36651189e-06,0.00000000e+00,0.00000000e+00,8.41199191e-05,2.47910392e-06,3.08539467e-07,1.24361097e-07,5.31113873e-01,2.97453833e-03,2.89459949e+03,2.70820958e+01,0.00000000e+00,0.00000000e+00,5.30930200e-04,4.67583361e-06,0.00000000e+00,0.00000000e+00,5.75767999e+00,1.33460383e-02
1.12228030e+02,1.11978030e+02,4.48234756e-04,3.73833351e-06,0.00000000e+00,0.00000000e+00,9.02213071e-05,3.88320026e-06,3.08446937e-07,1.24329530e-07,5.32851537e-01,3.10965948e-03,2.93645570e+03,3.24064974e+01,0.00000000e+00,0.00000000e+00,5.38321554e-04,5.77759865e-06,0.00000000e+00,0.00000000e+00,0.00000000e+00,0.00000000e+00
1.12328055e+02,1.12078055e+02,4.44796007e-04,3.43936453e-06,0.00000000e+00,0.00000000e+00,8.80234391e-05,3.16453320e-06,3.08354932e-07,1.24298152e-07,5.28297992e-01,3.03198552e-03,2.90116405e+03,2.87050963e+01,0.00000000e+00,0.00000000e+00,5.32686413e-04,5.32618881e-06,0.00000000e+00,0.00000000e+00,5.75142999e+00,1.34191575e-02
1.12428080e+02,1.12178080e+02,4.41042467e-04,3.60478226e-06,0.00000000e+00,0.00000000e+00,8.52575835e-05,2.61090483e-06,3.08263447e-07,1.24266961e-07,5.25931867e-01,3.24805962e-03,2.86792220e+03,2.73456807e+01,0.00000000e+00,0.00000000e+00,5.26169065e-04,5.06602069e-06,0.00000000e+00,0.00000000e+00,0.00000000e+00,0.00000000e+00
1.12528105e+02,1.12278105e+02,4.37091173e-04,3.89592808e-06,0.00000000e+00,0.00000000e+00,8.68488884e-05,2.96302028e-06,3.08307792e-07,1.24251310e-07,5.22852559e-01,3.33204202e-03,2.86206747e+03,2.96714319e+01,0.00000000e+00,0.00000000e+00,5.23806178e-04,5.43913911e-06,0.00000000e+00,0.00000000e+00,5.74785999e+00,1.34333447e-02
1.12628130e+02,1.12378130e+02,4.37085440e-04,3.62388069e-06,0.00000000e+00,0.00000000e+00,8.86233836e-05,2.82146153e-06,3.08827436e-07,1.24403586e-07,5.21762675e-01,3.19050787e-03,2.87678296e+03,2.54306803e+01,0.00000000e+00,0.00000000e+00,5.25563620e-04,4.53381062e-06,0.00000000e+00,0.00000000e+00,0.00000000e+00,0.00000000e+00
1.12728155e+02,1.12478155e+02,4.33367917e-04,3.46227571e-06,0.00000000e+00,0.00000000e+00,9.22887002e-05,5.03139597e-06,3.14132950e-07,1.24357037e-07,5.18477765e-01,2.92391531e-03,2.88929220e+03,3.94902642e+01,0.00000000e+00,0.00000000e+00,5.25505888e-04,6.13433509e-06,0.00000000e+00,0.00000000e+00,5.74049000e+00,1.35845462e-02
1.12828180e+02,1.12578180e+02,4.30843703e-04,3.25247463e-06,0.00000000e+00,0.00000000e+00,9.33270307e-05,4.30832500e-06,3.28002667e-07,1.25376818e-07,5.16085110e-01,2.78911387e-03,2.88551998e+03,3.52841592e+01,0.00000000e+00,0.00000000e+00,5.24018848e-04,5.42990956e-06,0.00000000e+00,0.00000000e+00,0.00000000e+00,0.00000000e+00
1.12928205e+02,1.12678205e+02,4.30136198e-04,3.50816951e-06,0.00000000e+00,0.00000000e+00,9.14862047e-05,4.32130585e-06,3.27905099e-07,1.25345854e-07,5.15637476e-01,2.87318330e-03,2.86706383e+03,3.50922843e+01,0.00000000e+00,0.00000000e+00,5.21471377e-04,5.60161912e-06,0.00000000e+00,0.00000000e+00,5.73468000e+00,1.37757132e-02
1.13028230e+02,1.12778230e+02,4.27195909e-04,3.46706415e-06,0.00000000e+00,0.00000000e+00,8.92576245e-05,3.12256519e-06,3.27808061e-07,1.25315069e-07,5.13119728e-01,3.06995172e-03,2.83924074e+03,2.76642509e+01,0.00000000e+00,0.00000000e+00,5.16305276e-04,4.74409909e-06,0.00000000e+00,0.00000000e+00,0.00000000e+00,0.00000000e+00
1.13128255e+02,1.12878255e+02,4.26623672e-04,3.41442073e-06,0.00000000e+00,0.00000000e+00,8.66893774e-05,2.79474439e-06,3.27711548e-07,1.25284462e-07,5.12454652e-01,3.14895763e-03,2.81933185e+03,2.49200036e+01,0.00000000e+00,0.00000000e+00,5.13166316e-04,4.41161328e-06,0.00000000e+00,0.00000000e+00,5.72566000e+00,1.36813756e-02
1.13228280e+02,1.12978280e+02,4.22487909e-04,3.44051100e-06,0.00000000e+00,0.00000000e+00,8.75793013e-05,3.45763884e-06,3.27615556e-07,1.25254032e-07,5.08878385e-01,2.99033605e-03,2.79976803e+03,2.71970225e+01,0.00000000e+00,0.00000000e+00,5.09920688e-04,5.20895263e-06,0.00000000e+00,0.00000000e+00,0.00000000e+00,0.00000000e+00
1.13328305e+02,1.13078305e+02,4.19816624e-04,3.54265826e-06,0.00000000e+00,0.00000000e+00,8.73886044e-05,2.84399707e-06,3.27520081e-07,1.25223775e-07,5.05387280e-01,3.19695701e-03,2.79417982e+03,2.81215602e+01,0.00000000e+00,0.00000000e+00,5.07058159e-04,4.74616903e-06,0.00000000e+00,0.00000000e+00,5.71944000e+00,1.36911702e-02
1.13428330e+02,1.13178330e+02,4.16320727e-04,3.59962779e-06,0.00000000e+00,0.00000000e+00,8.76484405e-05,2.83995939e-06,3.56001881e-07,1.27675631e-07,5.02314059e-01,3.18413417e-03,2.77712961e+03,2.86000115e+01,0.00000000e+00,0.00000000e+00,5.03813522e-04,5.00374773e-06,0.00000000e+00,0.00000000e+00,0.00000000e+00,0.00000000e+00
1.13528355e+02,1.13278355e+02,4.13434571e-04,3.41578568e-06,0.00000000e+00,0.00000000e+00,8.84049107e-05,3.45135586e-06,3.67221862e-07,1.30169707e-07,4.98777873e-01,3.01586308e-03,2.77006541e+03,3.17162724e+01,0.00000000e+00,0.00000000e+00,5.01678182e-04,5.37673118e-06,0.00000000e+00,0.00000000e+00,5.71269000e+00,1.36384680e-02
1.13628380e+02,1.13378380e+02,4.10643493e-04,3.53027680e-06,0.00000000e+00,0.00000000e+00,8.55205123e-05,2.97848415e-06,3.96632828e-07,1.32459689e-07,4.97218985e-01,3.01686864e-03,2.73502485e+03,2.79218954e+01,0.00000000e+00,0.00000000e+00,4.95996088e-04,4.86728087e-06,0.00000000e+00,0.00000000e+00,0.00000000e+00,0.00000000e+00
1.13728405e+02,1.13478405e+02,4.09254052e-04,3.49537051e-06,0.00000000e+00,0.00000000e+00,8.72647953e-05,4.19194525e-06,5.21804350e-07,1.97819962e-07,4.95554853e-01,3.05464818e-03,2.75346721e+03,3.40053437e+01,0.00000000e+00,0.00000000e+00,4.96283418e-04,5.52621782e-06,0.00000000e+00,0.00000000e+00,5.70597000e+00,1.38765293e-02
1.13828430e+02,1.13578430e+02,4.04494538e-04,3.49195980e-06,0.00000000e+00,0.00000000e+00,7.91700485e-05,3.06919091e-06,5.17223224e-07,1.94958133e-07,4.93341530e-01,3.09998418e-03,2.68677411e+03,2.79993355e+01,0.00000000e+00,0.00000000e+00,4.83451638e-04,4.87133769e-06,0.00000000e+00,0.00000000e+00,0.00000000e+00,0.00000000e+00
1.13928455e+02,1.13678455e+02,4.04937974e-04,3.56219174e-06,0.00000000e+00,0.00000000e+00,7.88152675e-05,3.14108624e-06,4.12530126e-07,1.36157115e-07,4.92407943e-01,3.24349256e-03,2.68976080e+03,2.84166012e+01,0.00000000e+00,0.00000000e+00,4.83554305e-04,4.98413869e-06,0.00000000e+00,0.00000000e+00,5.69540000e+00,1.41461490e-02
1.14028480e+02,1.13778480e+02,4.04697318e-04,3.71436704e-06,0.00000000e+00,0.00000000e+00,8.01967094e-05,2.62228369e-06,3.94857388e-07,1.31807445e-07,4.91116010e-01,3.30768384e-03,2.69785223e+03,2.69005667e+01,0.00000000e+00,0.00000000e+00,4.84692729e-04,4.75211391e-06,0.00000000e+00,0.00000000e+00,0.00000000e+00,0.00000000e+00
1.14128505e+02,1.13878505e+02,4.01273364e-04,3.31602283e-06,0.00000000e+00,0.00000000e+00,8.32332649e-05,3.13574560e-06,3.94636419e-07,1.31758729e-07,4.89731229e-01,3.06708098e-03,2.70191510e+03,2.93956121e+01,0.00000000e+00,0.00000000e+00,4.84299850e-04,4.94093237e-06,0.00000000e+00,0.00000000e+00,5.68812000e+00,1.41122933e-02
1.14228530e+02,1.13978530e+02,3.97426658e-04,3.38086488e-06,0.00000000e+00,0.00000000e+00,8.25523542e-05,3.08403235e-06,3.94425907e-07,1.31710327e-07,4.87186447e-01,3.24667878e-03,2.67504684e+03,3.06556109e+01,0.00000000e+00,0.00000000e+00,4.79772857e-04,5.11201363e-06,0.00000000e+00,0.00000000e+00,0.00000000e+00,0.00000000e+00
1.14328555e+02,1.14078555e+02,3.95103842e-04,3.43483197e-06,0.00000000e+00,0.00000000e+00,8.23477223e-05,3.70161579e-06,3.94223057e-07,1.31662251e-07,4.83575148e-01,3.15761898e-03,2.67075832e+03,3.31256281e+01,0.00000000e+00,0.00000000e+00,4.77249146e-04,5.33529990e-06,0.00000000e+00,0.00000000e+00,5.68193000e+00,1.41260219e-02
1.14428580e+02,1.14178580e+02,3.92460592e-04,3.44675573e-06,0.00000000e+00,0.00000000e+00,8.38567120e-05,4.25968769e-06,3.94026118e-07,1.31614509e-07,4.80457213e-01,3.25809580e-03,2.67304195e+03,3.46806992e+01,0.00000000e+00,0.00000000e+00,4.76125483e-04,5.45249324e-06,0.00000000e+00,0.00000000e+00,0.00000000e+00,0.00000000e+00
1.14528605e+02,1.14278605e+02,3.88987289e-04,3.27176104e-06,0.00000000e+00,0.00000000e+00,7.80676071e-05,3.46149610e-06,4.09170641e-07,1.37280690e-07,4.76886393e-01,3.17464522e-03,2.61595367e+03,2.99995845e+01,0.00000000e+00,0.00000000e+00,4.66863065e-04,4.99719404e-06,0.00000000e+00,0.00000000e+00,5.67193000e+00,1.41321629e-02
1.14628630e+02,1.14378630e+02,3.86780743e-04,3.23570452e-06,0.00000000e+00,0.00000000e+00,7.46514118e-05,2.75021198e-06,4.25138063e-07,1.43057792e-07,4.75878363e-01,3.10141337e-03,2.58675471e+03,2.68111106e+01,0.00000000e+00,0.00000000e+00,4.61238954e-04,4.46517829e-06,0.00000000e+00,0.00000000e+00,0.00000000e+00,0.00000000e+00
1.14728655e+02,1.14478655e+02,3.82851719e-04,3.19902104e-06,0.00000000e+00,0.00000000e+00,7.41174890e-05,2.44060909e-06,4.24813513e-07,1.42938861e-07,4.72249476e-01,3.17607231e-03,2.56073625e+03,2.42594249e+01,0.00000000e+00,0.00000000e+00,4.56774363e-04,4.16558624e-06,0.00000000e+00,0.00000000e+00,5.66329000e+00,1.40682771e-02
1.14828681e+02,1.14578681e+02,3.80455542e-04,3.21896657e-06,0.00000000e+00,0.00000000e+00,7.67431517e-05,2.40015226e-06,4.24493485e-07,1.42821197e-07,4.68560636e-01,3.25196712e-03,2.56285649e+03,2.38560853e+01,0.00000000e+00,0.00000000e+00,4.57001701e-04,4.14222802e-06,0.00000000e+00,0.00000000e+00,0.00000000e+00,0.00000000e+00
1.14928706e+02,1.14678706e+02,3.79463060e-04,3.12427025e-06,0.00000000e+00,0.00000000e+00,7.85157462e-05,3.20783076e-06,4.24129923e-07,1.42681015e-07,4.67818567e-01,3.17856923e-03,2.57738500e+03,2.98210928e+01,0.00000000e+00,0.00000000e+00,4.57769270e-04,4.73118569e-06,0.00000000e+00,0.00000000e+00,5.65458000e+00,1.38986168e-02
1.15028731e+02,1.14778731e+02,3.79465865e-04,3.14771961e-06,0.00000000e+00,0.00000000e+00,8.14035420e-05,3.35993994e-06,4.11939988e-07,1.37027317e-07,4.68480173e-01,3.06575480e-03,2.60065938e+03,3.07020426e+01,0.00000000e+00,0.00000000e+00,4.60642015e-04,4.62845280e-06,0.00000000e+00,0.00000000e+00,0.00000000e+00,0.00000000e+00
1.15128756e+02,1.14878756e+02,3.76958004e-04,3.32346443e-06,0.00000000e+00,0.00000000e+00,8.33519603e-05,3.64051674e-06,4.12017482e-07,1.36954068e-07,4.65462828e-01,2.98234052e-03,2.60920513e+03,3.37432484e+01,0.00000000e+00,0.00000000e+00,4.60054411e-04,5.06338049e-06,0.00000000e+00,0.00000000e+00,5.64610000e+00,1.38448801e-02
1.15228781e+02,1.14978781e+02,3.20692181e-04,2.87579498e-06,4.18311423e-05,4.49507708e-07,9.41234310e-04,1.96990625e-05,4.49043858e-07,1.33407298e-07,4.62940960e-01,2.95929733e-03,1.46079180e+04,1.69218966e+02,8.22690936e+03,8.83273947e+01,1.30348737e-03,2.12068458e-05,1.13102727e-04,1.24448549e-06,0.00000000e+00,0.00000000e+00
1.15328806e+02,1.15078806e+02,1.86084659e-04,1.77369114e-06,1.44827088e-04,1.58132488e-06,2.76914619e-03,3.92945844e-05,5.12754706e-07,1.31020010e-07,4.62233019e-01,2.93939109e-03,4.28337848e+04,4.52293398e+02,2.84842705e+04,3.10955090e+02,3.09993036e-03,4.13999867e-05,3.91516581e-04,4.33295606e-06,5.63934000e+00,1.40005571e-02
1.15428831e+02,1.15178831e+02,1.82543709e-04,1.75565814e-06,1.43059741e-04,1.45161033e-06,2.60433317e-03,3.75655494e-05,4.83508861e-07,1.29670433e-07,4.55048003e-01,2.94289789e-03,4.16770281e+04,4.13257399e+02,2.81368073e+04,2.85736904e+02,2.92982427e-03,3.94265509e-05,3.86635904e-04,3.95187257e-06,0.00000000e+00,0.00000000e+00
1.15528856e+02,1.15278856e+02,1.80958015e-04,1.71423734e-06,1.44020393e-04,2.05336763e-06,2.47005701e-03,3.64478315e-05,7.48441176e-07,2.77833604e-07,4.51861178e-01,2.99253586e-03,4.12419206e+04,4.93508504e+02,2.83244826e+04,4.05125574e+02,2.79487378e-03,3.80788487e-05,3.89704571e-04,5.73420555e-06,5.62867000e+00,1.37943410e-02
1.15628881e+02,1.15378881e+02,1.78885958e-04,1.68802015e-06,1.41596210e-04,1.65224529e-06,2.38601870e-03,2.95505834e-05,5.69856399e-07,1.62846498e-07,4.49022304e-01,2.87983574e-03,4.03639010e+04,4.21591726e+02,2.78493354e+04,3.25483523e+02,2.70637690e-03,3.15387378e-05,3.83026876e-04,4.54401026e-06,0.00000000e+00,0.00000000e+00
1.15728906e+02,1.15478906e+02,1.77576972e-04,1.56511536e-06,1.39912539e-04,1.41088388e-06,2.30255498e-03,2.31568551e-05,4.23802950e-07,1.13385815e-07,4.46407483e-01,2.73632599e-03,3.96306325e+04,3.50376114e+02,2.75189524e+04,2.77723773e+02,2.61994115e-03,2.48497738e-05,3.78314682e-04,3.86441234e-06,5.62093000e+00,1.40347205e-02
1.15828931e+02,1.15578931e+02,1.76295243e-04,1.42177691e-06,1.39127582e-04,1.42615053e-06,2.27160614e-03,2.28663714e-05,3.84939318e-07,1.08802714e-07,4.45583744e-01,2.73082597e-03,3.93489074e+04,3.48794637e+02,2.73645008e+04,2.80653876e+02,2.58687583e-03,2.43993104e-05,3.76391018e-04,3.92445145e-06,0.00000000e+00,0.00000000e+00
1.15928956e+02,1.15678956e+02,1.74744195e-04,1.49273594e-06,1.37254241e-04,1.35580213e-06,2.24187440e-03,2.32109184e-05,3.84214611e-07,1.08652504e-07,4.41450096e-01,2.81748014e-03,3.88235907e+04,3.37251800e+02,2.69947417e+04,2.66835225e+02,2.55373019e-03,2.47306444e-05,3.71146350e-04,3.72445377e-06,5.61251000e+00,1.42298907e-02
1.16028981e+02,1.15778981e+02,1.72904696e-04,1.42497154e-06,1.36254490e-04,1.34097070e-06,2.18155087e-03,2.16339973e-05,3.83607031e-07,1.08506660e-07,4.37556550e-01,2.66204750e-03,3.83292412e+04,3.41932257e+02,2.67967863e+04,2.63860382e+02,2.49056370e-03,2.33877100e-05,3.68373829e-04,3.67252166e-06,0.00000000e+00,0.00000000e+00
1.16129006e+02,1.15879006e+02,1.72622374e-04,1.37642449e-06,1.35713848e-04,1.29885445e-06,2.16434075e-03,2.26980260e-05,3.89057259e-07,1.08352492e-07,4.35807377e-01,2.53556063e-03,3.81472538e+04,3.35721452e+02,2.66907549e+04,2.55567854e+02,2.47252244e-03,2.42401204e-05,3.67025266e-04,3.55951262e-06,5.60300000e+00,1.41344193e-02
1.16229031e+02,1.15979031e+02,1.70948317e-04,1.39268503e-06,1.35055198e-04,1.31679773e-06,2.12551328e-03,2.33601147e-05,4.01065352e-07,1.09954089e-07,4.33723744e-01,2.56415132e-03,3.78292562e+04,3.38426662e+02,2.65614364e+04,2.58943762e+02,2.43136700e-03,2.48848816e-05,3.65366700e-04,3.61914485e-06,0.00000000e+00,0.00000000e+00
1.16329056e+02,1.16079056e+02,1.70490783e-04,1.45270730e-06,1.35241432e-04,1.47448558e-06,2.13274247e-03,2.50673372e-05,3.48295779e-07,9.99087405e-08,4.32565399e-01,2.68047103e-03,3.78749871e+04,3.78614588e+02,2.65990392e+04,2.90657318e+02,2.43832738e-03,2.69531556e-05,3.65863487e-04,4.07427832e-06,5.59499000e+00,1.40071515e-02
1.16429081e+02,1.16179081e+02,1.68896792e-04,1.42044517e-06,1.33994994e-04,1.44379850e-06,2.11367268e-03,2.61389133e-05,3.41570174e-07,9.79252157e-08,4.28845216e-01,2.69829614e-03,3.75228396e+04,3.60906359e+02,2.63536165e+04,2.84304158e+02,2.41642000e-03,2.76379617e-05,3.62437531e-04,3.95810145e-06,0.00000000e+00,0.00000000e+00
1.16529106e+02,1.16279106e+02,1.67775516e-04,1.37017775e-06,1.33129690e-04,1.28061995e-06,2.11247475e-03,3.16954542e-05,3.11624067e-07,9.42631578e-08,4.25103462e-01,2.60986157e-03,3.73501272e+04,3.24565047e+02,2.61831573e+04,2.51870744e+02,2.41325341e-03,3.25049887e-05,3.60017046e-04,3.48736746e-06,5.58404000e+00,1.40451068e-02
1.16629131e+02,1.16379131e+02,1.67031814e-04,1.33664540e-06,1.31759978e-04,1.26876310e-06,2.09926157e-03,3.11295157e-05,3.11279503e-07,9.41788683e-08,4.23834545e-01,2.52994541e-03,3.70333809e+04,3.39240234e+02,2.59139229e+04,2.49376016e+02,2.39792742e-03,3.23034150e-05,3.56282630e-04,3.45027031e-06,0.00000000e+00,0.00000000e+00
1.16729156e+02,1.16479156e+02,1.65867092e-04,1.35017572e-06,1.31557468e-04,1.29694615e-06,2.05800255e-03,2.38146968e-05,3.96253831e-07,1.24890744e-07,4.21840589e-01,2.63081356e-03,3.67897545e+04,3.33305420e+02,2.58720567e+04,2.54488387e+02,2.35524427e-03,2.53099951e-05,3.56035100e-04,3.59199791e-06,5.57497000e+00,1.40969615e-02
1.16829181e+02,1.16579181e+02,1.63357139e-04,1.39934656e-06,1.29076770e-04,1.20514366e-06,2.02025780e-03,2.40905577e-05,3.47344242e-07,9.99192087e-08,4.16680612e-01,2.66095295e-03,3.61124434e+04,3.22853443e+02,2.53857912e+04,2.36948127e+02,2.31255803e-03,2.57958902e-05,3.49187908e-04,3.28598873e-06,0.00000000e+00,0.00000000e+00
1.16929206e+02,1.16679206e+02,1.61212608e-04,1.40163080e-06,1.28142935e-04,1.34492495e-06,1.98011542e-03,2.14683694e-05,3.17468881e-07,9.33346573e-08,4.14312121e-01,2.72062431e-03,3.57290464e+04,3.38865630e+02,2.52011096e+04,2.64121907e+02,2.26934716e-03,2.31929154e-05,3.46657205e-04,3.65371594e-06,5.56363000e+00,1.39812472e-02
1.17029231e+02,1.16779231e+02,1.60943380e-04,1.42335720e-06,1.28035279e-04,1.26674962e-06,1.97143006e-03,2.40795633e-05,2.93466237e-07,9.10233437e-08,4.13773624e-01,2.59756987e-03,3.56782419e+04,3.31055900e+02,2.51809794e+04,2.49020257e+02,2.26029695e-03,2.56262993e-05,3.46322518e-04,3.44235702e-06,0.00000000e+00,0.00000000e+00
1.17129256e+02,1.16879256e+02,1.59848430e-04,1.41946474e-06,1.28149964e-04,1.36890194e-06,1.97258235e-03,2.77838007e-05,2.76882198e-07,8.63602468e-08,4.11940584e-01,2.71278080e-03,3.56920606e+04,3.58715193e+02,2.52032860e+04,2.69366845e+02,2.26046429e-03,2.93461100e-05,3.46792339e-04,3.75993032e-06,5.55277000e+00,1.40736863e-02
1.17229281e+02,1.16979281e+02,1.57947485e-04,1.36807908e-06,1.26537560e-04,1.36374767e-06,1.95411943e-03,2.47543913e-05,2.47209657e-07,8.20209812e-08,4.09686357e-01,2.72156109e-03,3.52683738e+04,3.57138777e+02,2.48858287e+04,2.68158059e+02,2.23848642e-03,2.65389171e-05,3.42289724e-04,3.72403920e-06,0.00000000e+00,0.00000000e+00
1.17329306e+02,1.17079306e+02,1.56535298e-04,1.29599116e-06,1.25711642e-04,1.28692525e-06,1.93396905e-03,2.25302350e-05,2.45610099e-07,8.17517454e-08,4.07292865e-01,2.57575789e-03,3.50182089e+04,3.28503132e+02,2.47218761e+04,2.52797261e+02,2.21609140e-03,2.39953052e-05,3.40004455e-04,3.51667723e-06,5.54731000e+00,1.39890551e-02
1.17429331e+02,1.17179331e+02,1.55568582e-04,1.29609288e-06,1.24882495e-04,1.21802748e-06,1.90432328e-03,1.95666635e-05,2.30163183e-07,8.07255511e-08,4.05170187e-01,2.61291085e-03,3.47165908e+04,3.07137360e+02,2.45593744e+04,2.39271972e+02,2.18464860e-03,2.09456737e-05,3.37830587e-04,3.33211652e-06,0.00000000e+00,0.00000000e+00
1.17529357e+02,1.17279357e+02,1.55415499e-04,1.45280405e-06,1.25675359e-04,1.37167072e-06,1.91888596e-03,2.18734039e-05,2.30100971e-07,8.07169233e-08,4.03815153e-01,2.77416199e-03,3.49176473e+04,3.38028416e+02,2.47157225e+04,2.69334666e+02,2.19985188e-03,2.31595213e-05,3.40115706e-04,3.75880166e-06,5.53902000e+00,1.43704376e-02
1.17629382e+02,1.17379382e+02,1.54571609e-04,1.40734045e-06,1.24881660e-04,1.35669809e-06,1.88707770e-03,2.04591891e-05,2.31797723e-07,8.07270747e-08,4.00878008e-01,2.80923417e-03,3.46071959e+04,3.38376065e+02,2.45575648e+04,2.66420666e+02,2.16640149e-03,2.21379825e-05,3.37877574e-04,3.70500489e-06,0.00000000e+00,0.00000000e+00
1.17729407e+02,1.17479407e+02,1.53203119e-04,1.35993997e-06,1.23042106e-04,1.27063948e-06,1.87642259e-03,2.26382570e-05,2.26216604e-07,8.03688395e-08,3.97843901e-01,2.76066344e-03,3.42019129e+04,3.27233143e+02,2.41953911e+04,2.49321902e+02,2.15254107e-03,2.41060338e-05,3.32808780e-04,3.46150407e-06,5.53197000e+00,1.46329736e-02
1.17829432e+02,1.17579432e+02,1.51519337e-04,1.27686868e-06,1.22386264e-04,1.27003316e-06,1.88534804e-03,2.62412110e-05,2.25397150e-07,8.03736181e-08,3.95708238e-01,2.63788864e-03,3.40697364e+04,3.34022223e+02,2.40666038e+04,2.49189546e+02,2.15911656e-03,2.74970190e-05,3.31185109e-04,3.46409012e-06,0.00000000e+00,0.00000000e+00
1.17929457e+02,1.17679457e+02,1.50343910e-04,1.27422958e-06,1.21909952e-04,1.28640908e-06,1.84100481e-03,2.12958423e-05,2.25394506e-07,8.03728671e-08,3.94049792e-01,2.50123403e-03,3.37950381e+04,3.25249966e+02,2.39739269e+04,2.52645939e+02,2.11313643e-03,2.27992130e-05,3.29884386e-04,3.50899030e-06,5.52268000e+00,1.47208421e-02
1.18029482e+02,1.17779482e+02,1.48443371e-04,1.13518504e-06,1.21105925e-04,1.25332226e-06,1.80052966e-03,1.82454622e-05,2.25796697e-07,8.03747627e-08,3.91192167e-01,2.51112697e-03,3.34423534e+04,3.14386748e+02,2.38144791e+04,2.45769199e+02,2.06996180e-03,1.97543470e-05,3.27740476e-04,3.42970494e-06,0.00000000e+00,0.00000000e+00
1.18129507e+02,1.17879507e+02,1.48076049e-04,1.18375076e-06,1.21629048e-04,1.38767960e-06,1.79381690e-03,1.96899406e-05,2.25744015e-07,8.03619676e-08,3.89359318e-01,2.58855926e-03,3.34942019e+04,3.31125344e+02,2.39174961e+04,2.72750720e+02,2.06340335e-03,2.10105887e-05,3.29161485e-04,3.81638284e-06,5.51568000e+00,1.47239844e-02
1.18229532e+02,1.17979532e+02,1.47426803e-04,1.12663833e-06,1.21056933e-04,1.22811436e-06,1.79499683e-03,2.07495698e-05,2.25670719e-07,8.03509641e-08,3.87705830e-01,2.41121564e-03,3.33807556e+04,3.02876178e+02,2.38057837e+04,2.41467818e+02,2.06336659e-03,2.20152933e-05,3.27614376e-04,3.37596525e-06,0.00000000e+00,0.00000000e+00
1.18329557e+02,1.18079557e+02,1.46650043e-04,1.15312272e-06,1.19681514e-04,1.07543671e-06,1.78162343e-03,1.87352271e-05,2.25344399e-07,8.03454861e-08,3.86309006e-01,2.34041168e-03,3.30447695e+04,2.72064098e+02,2.35340151e+04,2.10986585e+02,2.04784651e-03,1.99433538e-05,3.23728319e-04,2.93283580e-06,5.50945000e+00,1.47863594e-02
1.18429582e+02,1.18179582e+02,1.45609986e-04,1.15726752e-06,1.18997693e-04,1.10111050e-06,1.75948705e-03,2.00119726e-05,2.78348813e-07,9.10409209e-08,3.83835432e-01,2.54321690e-03,3.28082370e+04,2.82562420e+02,2.33997196e+04,2.16195502e+02,2.02397718e-03,2.12710638e-05,3.21935661e-04,3.00612116e-06,0.00000000e+00,0.00000000e+00
1.18529607e+02,1.18279607e+02,1.44006191e-04,1.14744830e-06,1.18292441e-04,1.50828240e-06,1.75927724e-03,1.96706262e-05,3.14451411e-07,9.79011550e-08,3.80648844e-01,2.44520093e-03,3.26410887e+04,3.50801480e+02,2.32613540e+04,2.97112881e+02,2.02144451e-03,2.10462906e-05,3.20171446e-04,4.19661049e-06,5.50329000e+00,1.47220870e-02
1.18629632e+02,1.18379632e+02,1.43414401e-04,1.20414687e-06,1.17441912e-04,1.15320113e-06,1.76702821e-03,2.13450927e-05,3.10539372e-07,9.72985020e-08,3.78678724e-01,2.47083439e-03,3.25193115e+04,2.93377424e+02,2.30920010e+04,2.26414690e+02,2.02775323e-03,2.26016466e-05,3.17723568e-04,3.15838671e-06,0.00000000e+00,0.00000000e+00
1.18729657e+02,1.18479657e+02,1.41824941e-04,1.16502590e-06,1.16377724e-04,1.15865251e-06,1.74900772e-03,2.31863709e-05,3.09325862e-07,9.62277400e-08,3.75685065e-01,2.51420674e-03,3.22354967e+04,3.01905705e+02,2.28824842e+04,2.27653589e+02,2.00706360e-03,2.44288507e-05,3.14929418e-04,3.17768412e-06,5.49337000e+00,1.45850247e-02
1.18829682e+02,1.18579682e+02,1.42032475e-04,1.36518025e-06,1.16151414e-04,1.23961392e-06,1.73315474e-03,2.10867216e-05,5.53082302e-07,2.60271489e-07,3.75617642e-01,2.71637167e-03,3.21288355e+04,3.10346428e+02,2.28374036e+04,2.43631327e+02,1.99118150e-03,2.24733016e-05,3.14485006e-04,3.40686761e-06,0.00000000e+00,0.00000000e+00
1.18929707e+02,1.18679707e+02,1.40396547e-04,1.25075783e-06,1.14665569e-04,1.17422654e-06,1.70108279e-03,2.05831013e-05,6.20621914e-07,3.25953800e-07,3.71489796e-01,2.53045313e-03,3.16758854e+04,2.96634076e+02,2.25447311e+04,2.30530578e+02,1.95599019e-03,2.19318852e-05,3.10456022e-04,3.23353790e-06,5.48616000e+00,1.48657537e-02
1.19029732e+02,1.18779732e+02,1.39057911e-04,1.22058519e-06,1.14303365e-04,1.22552674e-06,1.66240770e-03,1.68076978e-05,6.07560514e-07,3.24299201e-07,3.69856999e-01,2.63375223e-03,3.14194429e+04,2.93878245e+02,2.24740372e+04,2.40395617e+02,1.91561801e-03,1.81971934e-05,3.09576569e-04,3.38495823e-06,0.00000000e+00,0.00000000e+00
1.19129757e+02,1.18879757e+02,1.38069288e-04,1.19352799e-06,1.13426556e-04,1.20011453e-06,1.65939204e-03,1.71142205e-05,6.09026361e-07,3.23606310e-07,3.68895681e-01,2.63594734e-03,3.12235690e+04,2.89059894e+02,2.23019908e+04,2.35495867e+02,1.91075482e-03,1.83484266e-05,3.07140802e-04,3.32317032e-06,5.47546000e+00,1.48275225e-02
1.19229782e+02,1.18979782e+02,1.36939723e-04,1.15054240e-06,1.12430925e-04,1.24252796e-06,1.66458494e-03,2.06579536e-05,5.93142924e-07,3.22037840e-07,3.66371806e-01,2.57384202e-03,3.10367177e+04,3.06855292e+02,2.21049937e+04,2.43839652e+02,1.91379787e-03,2.17926659e-05,3.04475420e-04,3.45458131e-06,0.00000000e+00,0.00000000e+00
1.19329807e+02,1.19079807e+02,1.35893350e-04,1.11413614e-06,1.12112073e-04,1.35625554e-06,1.66630204e-03,2.23733225e-05,5.82072587e-07,3.21065309e-07,3.63371615e-01,2.60854373e-03,3.09788557e+04,3.34625541e+02,2.20428283e+04,2.66236032e+02,1.91415401e-03,2.34897889e-05,3.03668924e-04,3.77423803e-06,5.46987999e+00,1.51081900e-02
1.19429832e+02,1.19179832e+02,1.35117534e-04,1.15813910e-06,1.12129892e-04,1.26809105e-06,1.63585102e-03,1.89097563e-05,5.79101834e-07,3.20100432e-07,3.61252732e-01,2.50937902e-03,3.08442131e+04,3.07310596e+02,2.20459105e+04,2.48918348e+02,1.88297297e-03,2.01508397e-05,3.03575708e-04,3.47515826e-06,0.00000000e+00,0.00000000e+00
1.19529857e+02,1.19279857e+02,1.33984484e-04,1.14413933e-06,1.10821655e-04,1.18904463e-06,1.63462775e-03,1.82251142e-05,5.76283076e-07,3.19141830e-07,3.59102663e-01,2.50806480e-03,3.05665798e+04,2.85043157e+02,2.17898599e+04,2.33676227e+02,1.87930926e-03,1.93117655e-05,3.00109718e-04,3.28802209e-06,5.46249999e+00,1.50816189e-02
1.19629882e+02,1.19379882e+02,1.32879809e-04,1.17554504e-06,1.10178877e-04,1.27230733e-06,1.62938809e-03,1.99864246e-05,5.87228468e-07,3.18278344e-07,3.56993647e-01,2.59402324e-03,3.03958244e+04,3.10560965e+02,2.16641100e+04,2.50303409e+02,1.87232403e-03,2.12663583e-05,2.98410288e-04,3.53426512e-06,0.00000000e+00,0.00000000e+00
1.19729907e+02,1.19479907e+02,1.32867158e-04,1.30842562e-06,1.10590780e-04,1.34398991e-06,1.63128894e-03,2.14278593e-05,6.03080114e-07,3.18274293e-07,3.57291543e-01,2.67180784e-03,3.04729314e+04,3.32021501e+02,2.17446930e+04,2.64123415e+02,1.87462328e-03,2.30092690e-05,2.99510108e-04,3.71905408e-06,5.45849999e+00,1.51198337e-02
1.19829932e+02,1.19579932e+02,1.32407625e-04,1.24720922e-06,1.09646179e-04,1.33698041e-06,1.62224912e-03,1.93123582e-05,6.02068459e-07,3.17335919e-07,3.54955880e-01,2.63682928e-03,3.02786224e+04,3.32942636e+02,2.15594710e+04,2.62170348e+02,1.86409868e-03,2.07378357e-05,2.97310639e-04,3.83925255e-06,0.00000000e+00,0.00000000e+00
1.19929957e+02,1.19679957e+02,1.31126561e-04,1.14849392e-06,1.08417179e-04,1.23516813e-06,1.61862235e-03,2.56128970e-05,6.05612843e-07,3.16263128e-07,3.54317245e-01,2.55851914e-03,2.99647754e+04,3.29177655e+02,2.13177539e+04,2.42434897e+02,1.85801052e-03,2.68894452e-05,2.93785940e-04,3.46339896e-06,5.45030999e+00,1.49329045e-02
1.20029982e+02,1.19779982e+02,1.29982603e-04,1.19603733e-06,1.07324568e-04,1.27818051e-06,1.58745874e-03,1.85075645e-05,5.87283156e-07,3.15147955e-07,3.51514906e-01,2.55707319e-03,2.96002755e+04,3.20313302e+02,2.11030766e+04,2.51285351e+02,1.82462865e-03,1.99702647e-05,2.90755180e-04,3.54810948e-06,0.00000000e+00,0.00000000e+00
1.20130008e+02,1.19880008e+02,1.30632919e-04,1.24510968e-06,1.08163486e-04,1.47530652e-06,1.61363461e-03,1.94390899e-05,5.61734485e-07,3.12759973e-07,3.52044492e-01,2.50319755e-03,2.99029858e+04,3.64894501e+02,2.12675232e+04,2.89920213e+02,1.85229740e-03,2.12171658e-05,2.92911452e-04,4.07012039e-06,5.44096999e+00,1.48131552e-02
1.20230033e+02,1.19980033e+02,1.29429493e-04,1.24758329e-06,1.06667957e-04,1.31768436e-06,1.57488309e-03,1.92484507e-05,5.48151051e-07,3.11865943e-07,3.49837511e-01,2.50862052e-03,2.94262868e+04,3.28837027e+02,2.09730329e+04,2.58847056e+02,1.81084399e-03,2.08689555e-05,2.88784397e-04,3.62726761e-06,0.00000000e+00,0.00000000e+00
1.20330058e+02,1.20080058e+02,1.27542691e-04,1.21877408e-06,1.05651151e-04,1.32291965e-06,1.56882625e-03,2.09177355e-05,5.47566730e-07,3.11024373e-07,3.46453316e-01,2.48503349e-03,2.91921721e+04,3.23065708e+02,2.07729151e+04,2.60136007e+02,1.80188351e-03,2.22428471e-05,2.86187154e-04,3.67166323e-06,5.43430999e+00,1.50638882e-02
1.20430083e+02,1.20180083e+02,1.27263938e-04,1.24421037e-06,1.04875792e-04,1.34066382e-06,1.59008994e-03,2.29427666e-05,5.41245366e-07,3.10218854e-07,3.45367733e-01,2.65803034e-03,2.91086954e+04,3.40816053e+02,2.06214346e+04,2.63536399e+02,1.82212491e-03,2.44831735e-05,2.83906460e-04,3.69652824e-06,0.00000000e+00,0.00000000e+00
1.20530108e+02,1.20280108e+02,1.26191972e-04,1.12046439e-06,1.04061655e-04,1.23216445e-06,1.57482160e-03,2.35770070e-05,5.95340194e-07,3.64107165e-07,3.43021140e-01,2.63464983e-03,2.88752639e+04,3.15238917e+02,2.04602863e+04,2.42099683e+02,1.80495968e-03,2.47510515e-05,2.81756861e-04,3.42735201e-06,5.42738999e+00,1.48862339e-02
1.20630133e+02,1.20380133e+02,1.24735469e-04,1.09531664e-06,1.03852965e-04,1.35251260e-06,1.54221881e-03,2.10248661e-05,6.08481879e-07,3.99425277e-07,3.40097961e-01,2.56307610e-03,2.87052009e+04,3.43691728e+02,2.04176519e+04,2.65242809e+02,1.77068634e-03,2.24860419e-05,2.81161366e-04,3.75347405e-06,0.00000000e+00,0.00000000e+00
1.20730158e+02,1.20480158e+02,1.24545229e-04,1.17129046e-06,1.03579252e-04,1.33112235e-06,1.54633953e-03,2.27219649e-05,3.02785783e-07,1.23160789e-07,3.39614905e-01,2.66604254e-03,2.86527707e+04,3.41115597e+02,2.03648853e+04,2.61348603e+02,1.77435910e-03,2.42245024e-05,2.80181666e-04,3.62360932e-06,5.42024999e+00,1.48487001e-02
1.20830183e+02,1.20580183e+02,1.24116209e-04,1.21402064e-06,1.02889846e-04,1.27972887e-06,1.50455746e-03,1.90183129e-05,2.96430132e-07,1.17289174e-07,3.37826123e-01,2.73335733e-03,2.83136821e+04,3.28825554e+02,2.02302206e+04,2.51340887e+02,1.73145856e-03,2.07084903e-05,2.78380064e-04,3.49086813e-06,0.00000000e+00,0.00000000e+00
1.20930208e+02,1.20680208e+02,1.22709625e-04,1.19610609e-06,1.01711050e-04,1.15969689e-06,1.50213214e-03,1.93087519e-05,3.01895796e-07,1.17144055e-07,3.34716997e-01,2.68428628e-03,2.80578081e+04,3.00335200e+02,1.99973299e+04,2.27683959e+02,1.72643927e-03,2.07560878e-05,2.75212183e-04,3.16277930e-06,5.41059999e+00,1.47528658e-02
1.21030233e+02,1.20780233e+02,1.22194348e-04,1.14156485e-06,1.01298012e-04,1.23088936e-06,1.48684027e-03,1.88667548e-05,4.15715025e-07,1.74240775e-07,3.33498218e-01,2.53684354e-03,2.79007592e+04,3.13912955e+02,1.99157961e+04,2.41648720e+02,1.71020785e-03,2.02734918e-05,2.74165736e-04,3.37012575e-06,0.00000000e+00,0.00000000e+00
1.21130258e+02,1.20880258e+02,1.21009380e-04,1.14195117e-06,1.00640908e-04,1.28211192e-06,1.48466014e-03,1.75963114e-05,4.55533545e-07,2.05644965e-07,3.30817935e-01,2.54897108e-03,2.77607768e+04,3.13007565e+02,1.97860433e+04,2.51501923e+02,1.70618466e-03,1.89663943e-05,2.72416048e-04,3.52481013e-06,5.40261999e+00,1.46285156e-02
1.21230283e+02,1.20980283e+02,1.19832947e-04,1.14054288e-06,9.95169857e-05,1.15444188e-06,1.46971760e-03,2.22529391e-05,3.90629588e-07,1.55861287e-07,3.27972142e-01,2.50555875e-03,2.74710000e+04,2.88680174e+02,1.95651358e+04,2.26652905e+02,1.68895120e-03,2.32659430e-05,2.69250186e-04,3.14482119e-06,0.00000000e+00,0.00000000e+00
1.21330308e+02,1.21080308e+02,1.18587499e-04,1.12222669e-06,9.99053692e-05,1.22878028e-06,1.44592399e-03,1.73096013e-05,3.02958947e-07,1.16724220e-07,3.26027511e-01,2.48311416e-03,2.74107900e+04,2.97945947e+02,1.96407357e+04,2.41075760e+02,1.66429896e-03,1.87371300e-05,2.70284357e-04,3.33893945e-06,5.39376000e+00,1.49129193e-02
1.21430333e+02,1.21180333e+02,1.18246958e-04,1.15058801e-06,9.97581808e-05,1.30526426e-06,1.44272176e-03,1.87149002e-05,3.18336999e-07,1.21129449e-07,3.26400377e-01,2.51881918e-03,2.73838080e+04,3.18530325e+02,1.96124351e+04,2.56434164e+02,1.66061360e-03,2.00796611e-05,2.69925177e-04,3.56061712e-06,0.00000000e+00,0.00000000e+00
1.21530358e+02,1.21280358e+02,1.17831649e-04,1.09863030e-06,9.83202508e-05,1.11526958e-06,1.43605302e-03,1.61212803e-05,3.28680697e-07,1.24445616e-07,3.25469882e-01,2.48894620e-03,2.70683240e+04,2.78174361e+02,1.93289251e+04,2.18827051e+02,1.65208742e-03,1.74502407e-05,2.65964591e-04,3.03615415e-06,5.38506000e+00,1.51767815e-02
1.21630383e+02,1.21380383e+02,1.17530133e-04,1.11076586e-06,9.74260877e-05,1.07479142e-06,1.43476863e-03,1.83156840e-05,3.27171881e-07,1.24304144e-07,3.24077594e-01,2.59515478e-03,2.68551497e+04,2.79443947e+02,1.91539906e+04,2.10949589e+02,1.64961055e-03,1.97532071e-05,2.63611175e-04,2.92412225e-06,0.00000000e+00,0.00000000e+00
1.21730408e+02,1.21480408e+02,1.17491345e-04,1.11623572e-06,9.75771035e-05,1.16084494e-06,1.44280746e-03,1.98573501e-05,3.23731164e-07,1.24354468e-07,3.22429352e-01,2.54612897e-03,2.69349924e+04,2.97632268e+02,1.91836237e+04,2.27829298e+02,1.65776313e-03,2.11935612e-05,2.64054385e-04,3.16721099e-06,5.37629000e+00,1.53445693e-02
1.21830433e+02,1.21580433e+02,1.16556027e-04,1.13043923e-06,9.65093827e-05,1.17943937e-06,1.41901472e-03,1.58372397e-05,3.47475783e-07,1.26244877e-07,3.20622621e-01,2.49081505e-03,2.66287337e+04,2.87407642e+02,1.89733194e+04,2.31390731e+02,1.63196672e-03,1.70973460e-05,2.61154527e-04,3.22346250e-06,0.00000000e+00,0.00000000e+00
1.21930458e+02,1.21680458e+02,1.15247492e-04,1.14608736e-06,9.59413791e-05,1.12443161e-06,1.43446479e-03,3.15342684e-05,3.81693500e-07,1.36452285e-07,3.17891082e-01,2.44260827e-03,2.65824760e+04,3.14508964e+02,1.88614107e+04,2.20671606e+02,1.64553038e-03,3.22850852e-05,2.59726147e-04,3.06735153e-06,5.36920000e+00,1.53412098e-02
1.22030483e+02,1.21780483e+02,1.14545547e-04,1.15633261e-06,9.56084173e-05,1.13882513e-06,1.40102746e-03,1.63429082e-05,3.91934857e-07,1.35947886e-07,3.16089614e-01,2.48332945e-03,2.63552445e+04,2.89483782e+02,1.87949790e+04,2.23414415e+02,1.61105899e-03,1.78525243e-05,2.58830790e-04,3.11720427e-06,0.00000000e+00,0.00000000e+00
1.22130508e+02,1.21880508e+02,1.14323064e-04,1.18684979e-06,9.54522303e-05,1.20281699e-06,1.41228253e-03,1.85585354e-05,4.61376768e-07,1.73607315e-07,3.15995879e-01,2.61197843e-03,2.63675467e+04,3.15437555e+02,1.87644464e+04,2.36049557e+02,1.62194349e-03,2.03482029e-05,2.58464354e-04,3.28501222e-06,5.35845000e+00,1.53746501e-02
1.22230533e+02,1.21980533e+02,1.13477303e-04,1.20775397e-06,9.45804826e-05,1.22905956e-06,1.39368509e-03,1.71482960e-05,4.63516260e-07,1.73156039e-07,3.13962106e-01,2.53504221e-03,2.60970220e+04,3.08018064e+02,1.85930275e+04,2.41268727e+02,1.60161767e-03,1.88006537e-05,2.56147084e-04,3.37026154e-06,0.00000000e+00,0.00000000e+00
1.22330558e+02,1.22080558e+02,1.12569096e-04,1.19004595e-06,9.37290529e-05,1.07286716e-06,1.40572577e-03,2.34620328e-05,4.63683287e-07,1.72746788e-07,3.12203532e-01,2.41876030e-03,2.59739614e+04,2.95978904e+02,1.84257467e+04,2.10617265e+02,1.61188249e-03,2.48421420e-05,2.53884339e-04,2.94491585e-06,5.35009000e+00,1.53928754e-02
1.22430583e+02,1.22180583e+02,1.11718182e-04,1.15209429e-06,9.30427334e-05,1.07461036e-06,1.38973766e-03,1.92506484e-05,4.38801087e-07,1.68062845e-07,3.10620164e-01,2.37508184e-03,2.57749768e+04,2.77550501e+02,1.82899386e+04,2.10831507e+02,1.59436430e-03,2.06077088e-05,2.51935268e-04,2.93837973e-06,0.00000000e+00,0.00000000e+00
1.22530608e+02,1.22280608e+02,1.10918700e-04,1.24021525e-06,9.26523665e-05,1.23215597e-06,1.37265113e-03,1.92886366e-05,4.14131510e-07,1.65816580e-07,3.08614588e-01,2.51361309e-03,2.56046929e+04,3.09615489e+02,1.82132078e+04,2.41707582e+02,1.57610558e-03,2.08130146e-05,2.50762600e-04,3.35386594e-06,5.34020000e+00,1.54512001e-02
1.22630633e+02,1.22380633e+02,1.09727437e-04,1.12070232e-06,9.17822829e-05,1.19045817e-06,1.33934605e-03,1.60479161e-05,4.00343902e-07,1.65135450e-07,3.06502833e-01,2.41387432e-03,2.52599603e+04,2.92427710e+02,1.80418834e+04,2.33517241e+02,1.54073656e-03,1.75863688e-05,2.48373546e-04,3.22655683e-06,0.00000000e+00,0.00000000e+00
1.22730658e+02,1.22480658e+02,1.09159640e-04,1.15081903e-06,9.07540164e-05,1.09459638e-06,1.32612492e-03,1.55739203e-05,4.03948807e-07,1.64933491e-07,3.05475544e-01,2.57464801e-03,2.50025316e+04,2.78088167e+02,1.78398179e+04,2.14752962e+02,1.52591624e-03,1.72230870e-05,2.45625307e-04,2.98294632e-06,5.33614000e+00,1.52751331e-02
1.22830684e+02,1.22580684e+02,1.08533244e-04,1.13950832e-06,9.09551365e-05,1.15201997e-06,1.31330769e-03,1.48032563e-05,4.36142421e-07,1.66104750e-07,3.03750462e-01,2.52025717e-03,2.49819217e+04,2.85479752e+02,1.78791896e+04,2.26092240e+02,1.51266789e-03,1.64070162e-05,2.46211305e-04,3.13395482e-06,0.00000000e+00,0.00000000e+00
1.22930709e+02,1.22680709e+02,1.08052942e-04,1.07741457e-06,9.04606441e-05,1.08350485e-06,1.31247316e-03,1.61535339e-05,4.90149082e-07,1.79769858e-07,3.03406772e-01,2.34962262e-03,2.48857931e+04,2.68587001e+02,1.77813929e+04,2.12575708e+02,1.51085235e-03,1.75044087e-05,2.44916536e-04,2.94433327e-06,5.32866000e+00,1.51322063e-02
1.23030734e+02,1.22780734e+02,1.07036828e-04,1.11412554e-06,8.94680472e-05,1.05983232e-06,1.30006931e-03,1.67300700e-05,4.91330799e-07,2.02696818e-07,3.00648140e-01,2.50845991e-03,2.46206021e+04,2.77316473e+02,1.75863705e+04,2.07973040e+02,1.49644033e-03,1.82825927e-05,2.42247656e-04,2.89726841e-06,0.00000000e+00,0.00000000e+00
1.23130759e+02,1.22880759e+02,1.06886388e-04,1.07632899e-06,8.93860567e-05,1.07995931e-06,1.31551746e-03,1.71462742e-05,5.74174122e-07,2.21475460e-07,3.00715540e-01,2.42575171e-03,2.46725519e+04,2.81435893e+02,1.75702869e+04,2.11915216e+02,1.51165391e-03,1.86240451e-05,2.42083173e-04,2.95947334e-06,5.32278000e+00,1.53178150e-02
1.23230784e+02,1.22980784e+02,1.06414571e-04,1.10162310e-06,8.93793770e-05,1.12423225e-06,1.33052584e-03,1.82535376e-05,7.94870376e-07,3.13791220e-07,2.99934376e-01,2.52597537e-03,2.47447670e+04,2.80290827e+02,1.75680796e+04,2.20373343e+02,1.52616672e-03,1.94734601e-05,2.42202127e-04,3.09995292e-06,0.00000000e+00,0.00000000e+00
1.23330809e+02,1.23080809e+02,1.05175680e-04,1.08868701e-06,8.87430927e-05,1.14848396e-06,1.30098332e-03,1.58730644e-05,8.51104918e-07,3.26168744e-07,2.97047371e-01,2.55175539e-03,2.44676433e+04,2.85136542e+02,1.74432074e+04,2.24957751e+02,1.49473945e-03,1.73025303e-05,2.40601895e-04,3.19261544e-06,5.31411000e+00,1.53771693e-02
1.23430834e+02,1.23180834e+02,1.04707906e-04,1.06668770e-06,8.74758788e-05,1.11810613e-06,1.29071072e-03,1.64878758e-05,7.50687822e-07,3.08501607e-07,2.94530922e-01,2.42477410e-03,2.41383357e+04,2.83287741e+02,1.71958115e+04,2.19394765e+02,1.48275663e-03,1.78955031e-05,2.37082420e-04,3.09089285e-06,0.00000000e+00,0.00000000e+00
1.23530859e+02,1.23280859e+02,1.04196657e-04,1.05462261e-06,8.71675619e-05,1.10453164e-06,1.26399204e-03,1.55206506e-05,7.63772528e-07,3.08059693e-07,2.92060329e-01,2.47501011e-03,2.39636861e+04,2.78273276e+02,1.71353417e+04,2.16662166e+02,1.45521360e-03,1.68825844e-05,2.36333412e-04,3.06026651e-06,5.30689000e+00,1.53182325e-02
1.23630884e+02,1.23380884e+02,1.03791421e-04,1.14118860e-06,8.69294661e-05,1.12537582e-06,1.26632410e-03,1.87967574e-05,7.75064182e-07,3.07045267e-07,2.91055777e-01,2.46776795e-03,2.39306396e+04,2.89551011e+02,1.70880272e+04,2.20875544e+02,1.45691099e-03,2.01677852e-05,2.35623323e-04,3.09768623e-06,0.00000000e+00,0.00000000e+00
1.23730909e+02,1.23480909e+02,1.03110257e-04,1.06499796e-06,8.65173933e-05,1.13708845e-06,1.27858114e-03,2.03993077e-05,7.74216379e-07,3.06104876e-07,2.90963615e-01,2.34504034e-03,2.38967714e+04,2.89552856e+02,1.70070877e+04,2.23050810e+02,1.46807098e-03,2.15347158e-05,2.34524411e-04,3.13540343e-06,5.29704000e+00,1.54263702e-02
1.23830934e+02,1.23580934e+02,1.02387448e-04,1.03390317e-06,8.57157577e-05,1.07250266e-06,1.26371179e-03,1.66827455e-05,7.50167568e-07,2.88278945e-07,2.89938897e-01,2.36028387e-03,2.36827570e+04,2.75635744e+02,1.68495063e+04,2.10352738e+02,1.45168103e-03,1.80292635e-05,2.32366695e-04,2.95719583e-06,0.00000000e+00,0.00000000e+00
1.23930959e+02,1.23680959e+02,1.02033036e-04,1.04084473e-06,8.56984110e-05,1.09012836e-06,1.25825981e-03,1.62878255e-05,6.67548586e-07,2.29467922e-07,2.88439381e-01,2.41787122e-03,2.36385361e+04,2.74431837e+02,1.68457023e+04,2.13822939e+02,1.44585544e-03,1.76308566e-05,2.32281089e-04,2.98783782e-06,5.28801999e+00,1.52938944e-02
1.24030984e+02,1.23780984e+02,1.01174452e-04,1.05452758e-06,8.48922160e-05,1.03951700e-06,1.25259311e-03,1.88664094e-05,5.19939129e-07,1.74149794e-07,2.85900671e-01,2.35910549e-03,2.34414049e+04,2.69567073e+02,1.66869348e+04,2.04050819e+02,1.43852399e-03,2.00930872e-05,2.30031075e-04,2.84719296e-06,0.00000000e+00,0.00000000e+00
1.24131009e+02,1.23881009e+02,1.00086435e-04,1.05253746e-06,8.41679403e-05,1.08893466e-06,1.23026920e-03,1.70750952e-05,5.64767370e-07,1.82144206e-07,2.83551815e-01,2.31796998e-03,2.31973379e+04,2.74736903e+02,1.65439495e+04,2.13611462e+02,1.41437449e-03,1.83920278e-05,2.28147276e-04,2.98699482e-06,5.27807999e+00,1.49908899e-02
1.24231034e+02,1.23981034e+02,9.94619475e-05,1.05262202e-06,8.35092068e-05,1.10440238e-06,1.22797491e-03,1.89528120e-05,5.16397456e-07,1.73451394e-07,2.83051360e-01,2.27829507e-03,2.30660939e+04,2.81162137e+02,1.64144550e+04,2.16620862e+02,1.41079847e-03,2.01948934e-05,2.26418456e-04,3.03396337e-06,0.00000000e+00,0.00000000e+00
1.24331059e+02,1.24081059e+02,9.96786021e-05,1.12373308e-06,8.35967015e-05,1.11303888e-06,1.21331230e-03,1.93051256e-05,5.73152021e-07,1.80526342e-07,2.82410458e-01,2.42341743e-03,2.30021843e+04,2.92912801e+02,1.64325086e+04,2.18499905e+02,1.39644504e-03,2.08224364e-05,2.26651887e-04,3.04525782e-06,5.26864999e+00,1.50568168e-02
1.24431084e+02,1.24181084e+02,9.94226714e-05,1.09925962e-06,8.35007699e-05,1.12489407e-06,1.21607379e-03,1.81377094e-05,6.02553370e-07,1.86564899e-07,2.81144723e-01,2.58037112e-03,2.30275542e+04,2.89334314e+02,1.64131632e+04,2.20843119e+02,1.39882498e-03,1.95586079e-05,2.26549920e-04,3.09664781e-06,0.00000000e+00,0.00000000e+00
1.24531109e+02,1.24281109e+02,9.85115319e-05,1.09581725e-06,8.31390642e-05,1.14643966e-06,1.20193986e-03,1.66918669e-05,5.99172522e-07,1.85109204e-07,2.80101788e-01,2.52924327e-03,2.28749639e+04,2.90518237e+02,1.63418888e+04,2.25064827e+02,1.38343977e-03,1.81484227e-05,2.25463234e-04,3.12790299e-06,5.25739999e+00,1.47320779e-02
1.24631134e+02,1.24381134e+02,9.72717847e-05,1.06414603e-06,8.21698846e-05,1.08522258e-06,1.18337942e-03,1.73075456e-05,5.88153815e-07,1.83748692e-07,2.77488850e-01,2.42478440e-03,2.25719230e+04,2.78492100e+02,1.61519275e+04,2.13005132e+02,1.36267969e-03,1.87641871e-05,2.22860475e-04,2.96682321e-06,0.00000000e+00,0.00000000e+00
1.24731159e+02,1.24481159e+02,9.70720573e-05,1.03830963e-06,8.21041744e-05,1.09467528e-06,1.19825762e-03,1.71435494e-05,5.81011577e-07,1.82692207e-07,2.77220355e-01,2.36013470e-03,2.26294483e+04,2.81021814e+02,1.61382415e+04,2.14768173e+02,1.37729350e-03,1.85249395e-05,2.22647118e-04,2.99824766e-06,5.24968999e+00,1.47419870e-02
1.24831184e+02,1.24581184e+02,9.60216079e-05,1.04176056e-06,8.13899418e-05,1.14524272e-06,1.17439280e-03,1.66589353e-05,5.77600709e-07,1.81721923e-07,2.74016372e-01,2.37532502e-03,2.23759347e+04,2.87526375e+02,1.59972272e+04,2.24673237e+02,1.35166159e-03,1.80648634e-05,2.20710452e-04,3.14134205e-06,0.00000000e+00,0.00000000e+00
1.24931209e+02,1.24681209e+02,9.51388645e-05,9.61028899e-07,8.07292822e-05,1.01228282e-06,1.18758557e-03,1.89650084e-05,5.67759709e-07,1.77114576e-07,2.72080128e-01,2.19274996e-03,2.23044172e+04,2.53919683e+02,1.58676319e+04,1.98499115e+02,1.36331459e-03,1.98455992e-05,2.18930516e-04,2.77433615e-06,5.23895999e+00,1.49684303e-02
1.25031234e+02,1.24781234e+02,9.46874939e-05,8.95744485e-07,8.03223485e-05,9.53854884e-07,1.15940567e-03,1.53309264e-05,5.21072533e-07,1.61103119e-07,2.70629233e-01,2.23824305e-03,2.20855509e+04,2.35439821e+02,1.57876755e+04,1.87009828e+02,1.33427016e-03,1.62500754e-05,2.17787060e-04,2.60843398e-06,0.00000000e+00,0.00000000e+00
1.25131259e+02,1.24881259e+02,9.46975740e-05,9.19873162e-07,8.03600457e-05,1.00297609e-06,1.16061523e-03,1.44867819e-05,5.50632467e-07,1.62747889e-07,2.70138166e-01,2.33135855e-03,2.21088265e+04,2.50113288e+02,1.57948743e+04,1.96803917e+02,1.33552669e-03,1.56805498e-05,2.17876817e-04,2.75008935e-06,5.23127999e+00,1.50171821e-02
1.25231284e+02,1.24981284e+02,9.56895653e-05,1.06699066e-06,8.16284971e-05,1.10098939e-06,1.19167462e-03,1.84058565e-05,5.13350313e-07,1.60490708e-07,2.71044235e-01,2.32119582e-03,2.24994011e+04,2.75523422e+02,1.60441805e+04,2.16222517e+02,1.36885160e-03,1.95759556e-05,2.21249417e-04,3.00159063e-06,0.00000000e+00,0.00000000e+00
1.25331309e+02,1.25081309e+02,9.49768643e-05,9.72421669e-07,8.10464056e-05,1.03182283e-06,1.15955852e-03,1.53711778e-05,5.11013550e-07,1.59806458e-07,2.69950718e-01,2.26945300e-03,2.22328459e+04,2.54484040e+02,1.59307078e+04,2.02558708e+02,1.33544500e-03,1.65923484e-05,2.19717814e-04,2.81603160e-06,5.22441000e+00,1.50580965e-02
1.25431335e+02,1.25181335e+02,9.37687043e-05,8.94859779e-07,8.03561202e-05,1.08083796e-06,1.14414961e-03,1.44255705e-05,5.08736925e-07,1.59164684e-07,2.66671849e-01,2.09854517e-03,2.20337995e+04,2.61245750e+02,1.57946102e+04,2.12080401e+02,1.31813794e-03,1.55949378e-05,2.17834434e-04,2.94857208e-06,0.00000000e+00,0.00000000e+00
1.25531360e+02,1.25281360e+02,9.38119122e-05,9.54373957e-07,7.96349790e-05,1.01313290e-06,1.14650089e-03,1.34940340e-05,5.06682680e-07,1.58553338e-07,2.67006045e-01,2.15601581e-03,2.18668676e+04,2.44718286e+02,1.56535227e+04,1.98833583e+02,1.31981223e-03,1.46457899e-05,2.15900214e-04,2.77205669e-06,5.21312000e+00,1.49728927e-02
1.25631385e+02,1.25381385e+02,9.30560636e-05,9.33223894e-07,7.86424456e-05,9.86255415e-07,1.13338278e-03,1.49954617e-05,5.07752091e-07,1.57902993e-07,2.65229496e-01,2.16228538e-03,2.16037932e+04,2.50125382e+02,1.54586707e+04,1.93496875e+02,1.30492725e-03,1.62431770e-05,2.13321159e-04,2.71614784e-06,0.00000000e+00,0.00000000e+00
1.25731410e+02,1.25481410e+02,9.30335943e-05,9.76850859e-07,7.89426902e-05,1.11044847e-06,1.15559110e-03,1.87917482e-05,5.59145394e-07,1.61793902e-07,2.65216394e-01,2.19531406e-03,2.17553535e+04,2.83421353e+02,1.55184553e+04,2.18152433e+02,1.32740853e-03,2.00104029e-05,2.14206982e-04,3.05806084e-06,5.20546000e+00,1.51741365e-02
1.25831435e+02,1.25581435e+02,9.21248251e-05,9.79220246e-07,7.80212720e-05,1.00845740e-06,1.13424446e-03,1.65624255e-05,5.60589767e-07,1.61427375e-07,2.63811330e-01,2.15645580e-03,2.14811515e+04,2.55344463e+02,1.53362706e+04,1.97782904e+02,1.30423930e-03,1.77478515e-05,2.11643266e-04,2.76579080e-06,0.00000000e+00,0.00000000e+00
1.25931460e+02,1.25681460e+02,9.18297478e-05,9.61814386e-07,7.76712162e-05,9.75857835e-07,1.11860038e-03,1.44595576e-05,5.51712393e-07,1.57240777e-07,2.62651611e-01,2.02901361e-03,2.13596296e+04,2.46819811e+02,1.52681097e+04,1.91396031e+02,1.28794761e-03,1.56310755e-05,2.10753890e-04,2.68760078e-06,5.19827000e+00,1.52025636e-02
1.26031485e+02,1.25781485e+02,9.18458494e-05,9.74191681e-07,7.81446236e-05,1.01579040e-06,1.12172115e-03,1.49823859e-05,5.42964484e-07,1.56975473e-07,2.61833950e-01,2.05560950e-03,2.14491886e+04,2.50980003e+02,1.53614258e+04,1.99429272e+02,1.29155098e-03,1.60555974e-05,2.12074234e-04,2.80496967e-06,0.00000000e+00,0.00000000e+00
1.26131510e+02,1.25881510e+02,9.17064096e-05,9.55815260e-07,7.79635335e-05,1.05370878e-06,1.11243131e-03,1.62436197e-05,5.39755975e-07,1.56580186e-07,2.60373519e-01,2.05981378e-03,2.13653286e+04,2.58645167e+02,1.53262794e+04,2.06753507e+02,1.28193327e-03,1.71983628e-05,2.11683130e-04,2.94049329e-06,5.18965000e+00,1.54345822e-02
1.26231535e+02,1.25981535e+02,9.18846921e-05,9.40849894e-07,7.79029623e-05,1.16385186e-06,1.11356923e-03,1.48702705e-05,6.19933462e-07,1.74011587e-07,2.60136113e-01,2.06698323e-03,2.13587676e+04,2.83417329e+02,1.53139597e+04,2.28684291e+02,1.28319180e-03,1.60643246e-05,2.11513119e-04,3.25792122e-06,0.00000000e+00,0.00000000e+00
1.26331560e+02,1.26081560e+02,9.10786546e-05,9.86385813e-07,7.69251066e-05,1.07368816e-06,1.11995240e-03,2.13791344e-05,5.45029842e-07,1.55712249e-07,2.58185357e-01,2.08226087e-03,2.11933979e+04,2.78781636e+02,1.51215548e+04,2.10897979e+02,1.28780505e-03,2.24417183e-05,2.08736627e-04,2.97533422e-06,5.18147000e+00,1.58661090e-02
1.26431585e+02,1.26181585e+02,9.03434865e-05,1.05504339e-06,7.71506370e-05,1.38796126e-06,1.12618277e-03,2.16768448e-05,1.02881568e-06,5.03779634e-07,2.56487007e-01,2.23379256e-03,2.12748032e+04,3.49208996e+02,1.51618883e+04,2.70383656e+02,1.29347895e-03,2.30116154e-05,2.09656229e-04,4.10479106e-06,0.00000000e+00,0.00000000e+00
1.26531610e+02,1.26281610e+02,9.01408628e-05,1.08352813e-06,7.73515572e-05,1.25913925e-06,1.10033655e-03,1.62024388e-05,8.30171255e-07,3.19924177e-07,2.55815666e-01,2.22753482e-03,2.11901928e+04,3.02401480e+02,1.52024581e+04,2.46193146e+02,1.26765949e-03,1.75069498e-05,2.09994102e-04,3.57427927e-06,5.17302000e+00,1.59525365e-02
1.26631635e+02,1.26381635e+02,9.00765586e-05,1.02944056e-06,7.77493413e-05,1.24543801e-06,1.10481374e-03,1.83305143e-05,7.29970506e-07,2.32774455e-07,2.55137328e-01,2.26268366e-03,2.12909718e+04,2.94709588e+02,1.52787438e+04,2.43564387e+02,1.27246987e-03,1.92634850e-05,2.10940263e-04,3.45070880e-06,0.00000000e+00,0.00000000e+00
1.26731660e+02,1.26481660e+02,8.94473515e-05,9.81369799e-07,7.70053270e-05,1.10905955e-06,1.09870653e-03,1.55308958e-05,6.09222467e-07,1.65196723e-07,2.53943773e-01,2.21749304e-03,2.11293241e+04,2.69333457e+02,1.51337196e+04,2.17294982e+02,1.26497782e-03,1.66923219e-05,2.09003409e-04,3.06252108e-06,5.16504000e+00,1.56652667e-02
1.26831685e+02,1.26581685e+02,8.91704063e-05,1.02225586e-06,7.65587305e-05,1.08340628e-06,1.08889740e-03,1.52558601e-05,5.65467667e-07,1.56457857e-07,2.52785197e-01,2.22922906e-03,2.09846169e+04,2.57671021e+02,1.50466171e+04,2.12580961e+02,1.25446530e-03,1.63491464e-05,2.07676875e-04,2.94393173e-06,0.00000000e+00,0.00000000e+00
1.26931710e+02,1.26681710e+02,8.91561401e-05,1.00132283e-06,7.58295985e-05,1.01362874e-06,1.07047137e-03,1.38781328e-05,5.73928557e-07,1.61200653e-07,2.51759690e-01,2.18454912e-03,2.07573592e+04,2.40101257e+02,1.49034837e+04,1.98875247e+02,1.23530417e-03,1.49632024e-05,2.05693635e-04,2.76582484e-06,5.15581000e+00,1.55312953e-02
1.27031735e+02,1.26781735e+02,8.81392656e-05,1.01841606e-06,7.55630554e-05,1.06972624e-06,1.10556730e-03,2.08324303e-05,5.71648101e-07,1.60076504e-07,2.50469544e-01,2.17302955e-03,2.08584533e+04,2.70113282e+02,1.48502344e+04,2.09762766e+02,1.26909234e-03,2.17149357e-05,2.05122007e-04,2.92914319e-06,0.00000000e+00,0.00000000e+00
1.27131760e+02,1.26881760e+02,8.73863090e-05,9.53587229e-07,7.50669263e-05,1.03576870e-06,1.08306484e-03,1.74734463e-05,5.59122307e-07,1.52575002e-07,2.49300111e-01,2.09611017e-03,2.06490730e+04,2.55134775e+02,1.47532809e+04,2.03121704e+02,1.24536405e-03,1.83949847e-05,2.03708956e-04,2.82047058e-06,5.14665000e+00,1.54966682e-02
1.27231785e+02,1.26981785e+02,8.70388915e-05,9.67741543e-07,7.50728821e-05,1.01778912e-06,1.08319710e-03,1.61388566e-05,5.58107011e-07,1.52297887e-07,2.48277201e-01,2.19082939e-03,2.06489787e+04,2.50976917e+02,1.47548301e+04,1.99713256e+02,1.24515840e-03,1.71859325e-05,2.03618745e-04,2.76145552e-06,0.00000000e+00,0.00000000e+00
1.27331810e+02,1.27081810e+02,8.59902063e-05,9.65505447e-07,7.42438237e-05,1.04435968e-06,1.07849013e-03,1.68102356e-05,5.58988579e-07,1.51900461e-07,2.46846114e-01,2.18063892e-03,2.04695700e+04,2.53990514e+02,1.45918187e+04,2.04821527e+02,1.23854604e-03,1.77661897e-05,2.01570539e-04,2.86907188e-06,5.14051000e+00,1.55525074e-02
1.27431835e+02,1.27181835e+02,8.59627513e-05,1.01325391e-06,7.37867203e-05,1.09686735e-06,1.05526315e-03,1.47686824e-05,5.35456308e-07,1.48036851e-07,2.46422915e-01,2.15710015e-03,2.02560277e+04,2.65507736e+02,1.45024108e+04,2.15396295e+02,1.21483855e-03,1.60319466e-05,2.00297271e-04,3.00335658e-06,0.00000000e+00,0.00000000e+00
1.27531860e+02,1.27281860e+02,8.61328942e-05,9.72542131e-07,7.44087386e-05,1.10760208e-06,1.04849223e-03,1.58770535e-05,5.49691623e-07,1.45621637e-07,2.46417681e-01,2.00185240e-03,2.03536564e+04,2.75843795e+02,1.46241119e+04,2.17440681e+02,1.20885143e-03,1.71597692e-05,2.02044765e-04,3.03146214e-06,5.13023000e+00,1.54239991e-02
1.27631885e+02,1.27381885e+02,8.56952334e-05,9.69109970e-07,7.35171866e-05,1.08290590e-06,1.04766829e-03,1.55338906e-05,5.57960610e-07,1.47030793e-07,2.45436129e-01,2.32872535e-03,2.01605476e+04,2.69639919e+02,1.44491541e+04,2.12462412e+02,1.20672584e-03,1.68600708e-05,1.99504624e-04,2.94850406e-06,0.00000000e+00,0.00000000e+00
1.27731910e+02,1.27481910e+02,8.51856861e-05,1.06367804e-06,7.28630361e-05,1.13031645e-06,1.04698223e-03,1.57932219e-05,5.54958321e-07,1.46154407e-07,2.44207808e-01,2.39928095e-03,2.00180143e+04,2.75776721e+02,1.43206802e+04,2.21739862e+02,1.20487677e-03,1.70775693e-05,1.97732099e-04,3.07044335e-06,5.12177000e+00,1.53628096e-02
1.27831935e+02,1.27581935e+02,8.46497827e-05,1.03761395e-06,7.22178554e-05,1.06759806e-06,1.03671309e-03,1.43375401e-05,5.68506429e-07,1.46512395e-07,2.42261624e-01,2.42059171e-03,1.98321112e+04,2.63851592e+02,1.41938626e+04,2.09522195e+02,1.19342775e-03,1.56835622e-05,1.95940884e-04,2.90702681e-06,0.00000000e+00,0.00000000e+00
1.27931960e+02,1.27681960e+02,8.42174614e-05,9.98295496e-07,7.22235874e-05,1.09369305e-06,1.03319721e-03,1.44976488e-05,5.78551416e-07,1.48401085e-07,2.41164127e-01,2.42783915e-03,1.98192667e+04,2.73772752e+02,1.41949987e+04,2.14581882e+02,1.18949080e-03,1.59261969e-05,1.95910162e-04,2.97106337e-06,5.11298000e+00,1.53580954e-02
1.28031985e+02,1.27781985e+02,8.42964174e-05,9.33004560e-07,7.23171173e-05,1.02634702e-06,1.04279681e-03,1.81164718e-05,5.78968915e-07,1.54197270e-07,2.40635474e-01,2.28219431e-03,1.98870531e+04,2.63924879e+02,1.42136200e+04,2.01404263e+02,1.19926700e-03,1.91857667e-05,1.96186017e-04,2.79244191e-06,0.00000000e+00,0.00000000e+00
1.28132011e+02,1.27882011e+02,8.39880926e-05,9.49305249e-07,7.21900004e-05,1.02108145e-06,1.03392495e-03,1.47275219e-05,5.73540359e-07,1.53759561e-07,2.39265806e-01,2.19980539e-03,1.98130251e+04,2.48366242e+02,1.41892972e+04,2.00540286e+02,1.18996120e-03,1.58164575e-05,1.95894825e-04,2.79168383e-06,5.10597000e+00,1.54689157e-02
1.28232036e+02,1.27982036e+02,8.34156191e-05,9.65776142e-07,7.11420569e-05,9.53912644e-07,1.03644333e-03,1.48040589e-05,5.71478646e-07,1.53296021e-07,2.36872133e-01,2.18771835e-03,1.96105921e+04,2.34064264e+02,1.39828038e+04,1.87258734e+02,1.19085981e-03,1.58026966e-05,1.93032699e-04,2.60423063e-06,0.00000000e+00,0.00000000e+00
1.28332061e+02,1.28082061e+02,8.32831050e-05,9.72200617e-07,7.12724568e-05,1.02449534e-06,1.02820271e-03,1.45111239e-05,5.69529258e-07,1.52875965e-07,2.36845476e-01,2.18454548e-03,1.96199186e+04,2.56724574e+02,1.40077571e+04,2.01018420e+02,1.18261706e-03,1.58148029e-05,1.93387213e-04,2.79627236e-06,5.09857000e+00,1.54660475e-02
1.28432086e+02,1.28182086e+02,8.28954074e-05,9.22370042e-07,7.10606646e-05,1.06712486e-06,1.02445093e-03,1.49653050e-05,5.68037285e-07,1.52474300e-07,2.35727423e-01,2.13779220e-03,1.95564716e+04,2.62405789e+02,1.39651847e+04,2.09125841e+02,1.17824784e-03,1.60769877e-05,1.92819966e-04,2.92710655e-06,0.00000000e+00,0.00000000e+00
1.28532111e+02,1.28282111e+02,8.31402767e-05,9.60209269e-07,7.10713481e-05,1.04494685e-06,1.02840998e-03,1.66491885e-05,5.66650221e-07,1.52094542e-07,2.36268474e-01,2.18012214e-03,1.95869686e+04,2.66402844e+02,1.39674394e+04,2.04682477e+02,1.18244471e-03,1.78210946e-05,1.92921901e-04,2.88206004e-06,5.08766000e+00,1.51172265e-02
1.28632136e+02,1.28382136e+02,8.27497690e-05,9.37745498e-07,7.06431786e-05,1.03014376e-06,1.01250280e-03,1.42061669e-05,7.21468994e-07,2.24356701e-07,2.35896454e-01,2.21163343e-03,1.94327621e+04,2.63194512e+02,1.38828331e+04,2.01943321e+02,1.16572433e-03,1.55577356e-05,1.91773526e-04,2.82755861e-06,0.00000000e+00,0.00000000e+00
1.28732161e+02,1.28482161e+02,8.23392900e-05,9.79659947e-07,7.04411847e-05,1.07901933e-06,1.02489691e-03,1.53547659e-05,7.53097469e-07,2.71506524e-07,2.34758460e-01,2.26085401e-03,1.94505128e+04,2.75462384e+02,1.38422534e+04,2.11364945e+02,1.17749805e-03,1.66135533e-05,1.91236663e-04,2.99256854e-06,5.07979000e+00,1.52372896e-02
1.28832186e+02,1.28582186e+02,8.19465209e-05,1.00191088e-06,7.05422604e-05,1.15897094e-06,1.02937823e-03,1.65635895e-05,7.17379884e-07,2.55769090e-07,2.33899696e-01,2.14040404e-03,1.94737310e+04,2.83245654e+02,1.38626418e+04,2.27278614e+02,1.18170437e-03,1.77480500e-05,1.91391844e-04,3.16821207e-06,0.00000000e+00,0.00000000e+00
1.28932211e+02,1.28682211e+02,8.11159289e-05,9.82093069e-07,6.99388332e-05,1.13815410e-06,1.00841218e-03,1.33350009e-05,6.79680574e-07,2.27954411e-07,2.32066403e-01,2.12099694e-03,1.92422664e+04,2.66398595e+02,1.37450834e+04,2.23250423e+02,1.15931746e-03,1.44647938e-05,1.89717623e-04,3.09536174e-06,5.07099000e+00,1.48754929e-02
1.29032236e+02,1.28782236e+02,8.11010811e-05,8.59666078e-07,6.92621308e-05,9.89920936e-07,1.00218797e-03,1.35744142e-05,5.18639385e-07,1.37256329e-07,2.31711345e-01,1.97246816e-03,1.90591664e+04,2.39106390e+02,1.36122903e+04,1.94078331e+02,1.15241193e-03,1.46107226e-05,1.87774711e-04,2.69002424e-06,0.00000000e+00,0.00000000e+00
1.29132261e+02,1.28882261e+02,8.06976072e-05,8.97696857e-07,6.93404432e-05,1.04827751e-06,1.00599529e-03,1.43379946e-05,5.36596789e-07,1.37613105e-07,2.30338386e-01,1.94954967e-03,1.90907153e+04,2.54320527e+02,1.36278098e+04,2.05452005e+02,1.15590164e-03,1.54120651e-05,1.88013212e-04,2.85289306e-06,5.06323000e+00,1.49750351e-02
1.29232286e+02,1.28982286e+02,8.01254281e-05,1.03958871e-06,6.88650868e-05,1.06063407e-06,9.84067611e-04,1.49916190e-05,5.18697579e-07,1.36696093e-07,2.28837396e-01,1.99635936e-03,1.88861451e+04,2.58296599e+02,1.35349443e+04,2.07944400e+02,1.13293863e-03,1.60488328e-05,1.86682535e-04,2.87544226e-06,0.00000000e+00,0.00000000e+00
1.29332311e+02,1.29082311e+02,7.97193005e-05,9.28418890e-07,6.85080251e-05,1.05537233e-06,9.77117938e-04,1.26355268e-05,5.03926668e-07,1.36415322e-07,2.27674756e-01,2.11779214e-03,1.87789122e+04,2.54986762e+02,1.34651473e+04,2.07001354e+02,1.12522885e-03,1.38609033e-05,1.85765120e-04,2.86175633e-06,5.05526000e+00,1.51778917e-02
1.29432336e+02,1.29182336e+02,7.95959953e-05,8.81807302e-07,6.80541540e-05,9.76161240e-07,9.87604623e-04,1.35598787e-05,4.81894592e-07,1.26386576e-07,2.27134336e-01,2.10095782e-03,1.87471822e+04,2.41015119e+02,1.33762341e+04,1.91606070e+02,1.13513853e-03,1.46483465e-05,1.84520397e-04,2.64307926e-06,0.00000000e+00,0.00000000e+00
1.29532361e+02,1.29282361e+02,7.98344419e-05,8.27206453e-07,6.79708882e-05,9.38233556e-07,9.85150006e-04,1.34364090e-05,4.43925046e-07,1.18986999e-07,2.27294968e-01,2.05399703e-03,1.87188156e+04,2.28929498e+02,1.33607218e+04,1.84169902e+02,1.13283774e-03,1.43347848e-05,1.84295632e-04,2.54893078e-06,5.04637000e+00,1.52812461e-02
1.29632386e+02,1.29382386e+02,7.94795050e-05,8.60019513e-07,6.73490273e-05,1.01699071e-06,9.83131795e-04,1.45489265e-05,4.46804715e-07,1.18826765e-07,2.27013284e-01,2.11487053e-03,1.85976123e+04,2.50152196e+02,1.32381788e+04,1.99633400e+02,1.12981985e-03,1.55679989e-05,1.82742823e-04,2.80237472e-06,0.00000000e+00,0.00000000e+00
1.29732411e+02,1.29482411e+02,7.92455940e-05,9.31548997e-07,6.80159605e-05,1.13918559e-06,9.92692659e-04,1.63581140e-05,4.47956290e-07,1.18764374e-07,2.26787702e-01,2.12420430e-03,1.87672685e+04,2.84118866e+02,1.33687139e+04,2.23624331e+02,1.13976502e-03,1.75723849e-05,1.84666532e-04,3.21501441e-06,5.03731000e+00,1.52769889e-02
1.29832436e+02,1.29582436e+02,7.84259797e-05,9.02976299e-07,6.73554334e-05,1.15965228e-06,9.73759027e-04,1.28120630e-05,6.18087100e-07,1.81848559e-07,2.24981122e-01,2.08774293e-03,1.85383972e+04,2.69165665e+02,1.32366077e+04,2.26787084e+02,1.11940478e-03,1.40302238e-05,1.82524103e-04,3.06779117e-06,0.00000000e+00,0.00000000e+00
1.29932461e+02,1.29682461e+02,7.81918145e-05,8.63836366e-07,6.67368252e-05,9.59198015e-07,9.77077604e-04,1.34059425e-05,8.42414350e-07,3.61209327e-07,2.24353364e-01,2.10661960e-03,1.84232904e+04,2.43036733e+02,1.31158972e+04,1.88121098e+02,1.12187547e-03,1.46694660e-05,1.81033069e-04,2.60305772e-06,5.02864000e+00,1.49148253e-02
1.30032486e+02,1.29782486e+02,7.84239626e-05,8.57388768e-07,6.75030201e-05,1.08006946e-06,9.66743789e-04,1.31546737e-05,6.47500503e-07,2.04547478e-07,2.24525515e-01,1.90551208e-03,1.85369511e+04,2.56059276e+02,1.32669546e+04,2.11916725e+02,1.11254528e-03,1.42357491e-05,1.83083253e-04,2.95259820e-06,0.00000000e+00,0.00000000e+00
1.30132511e+02,1.29882511e+02,7.72942043e-05,8.01651085e-07,6.61111017e-05,8.90051656e-07,9.49001931e-04,1.06856081e-05,6.30064604e-07,2.00732179e-07,2.22305355e-01,1.91860425e-03,1.81514898e+04,2.15437120e+02,1.29941063e+04,1.74663857e+02,1.09228613e-03,1.17260447e-05,1.79261754e-04,2.42454335e-06,5.01727000e+00,1.49960655e-02
1.30232536e+02,1.29982536e+02,7.74019472e-05,8.47508900e-07,6.58773627e-05,9.24686918e-07,9.48100445e-04,1.21110498e-05,6.25531525e-07,1.93597122e-07,2.21345419e-01,2.05964974e-03,1.81158493e+04,2.28302913e+02,1.29478223e+04,1.81332072e+02,1.09124463e-03,1.31587353e-05,1.78704005e-04,2.52292812e-06,0.00000000e+00,0.00000000e+00
1.30332561e+02,1.30082561e+02,7.62479253e-05,8.24735185e-07,6.46712369e-05,8.78619026e-07,9.53584334e-04,1.44167143e-05,5.34551704e-07,1.39324980e-07,2.17914737e-01,2.12015248e-03,1.78633619e+04,2.25841739e+02,1.27115918e+04,1.72421090e+02,1.09438196e-03,1.54487082e-05,1.75319814e-04,2.38140853e-06,5.00781000e+00,1.52962769e-02
1.30432586e+02,1.30182586e+02,7.65283583e-05,8.89527064e-07,6.51861749e-05,9.40044473e-07,9.56493366e-04,1.52665334e-05,5.06688407e-07,1.38309455e-07,2.18471668e-01,2.10760219e-03,1.79827535e+04,2.39534004e+02,1.28132136e+04,1.84637896e+02,1.09809131e-03,1.63627828e-05,1.76720508e-04,2.54376671e-06,0.00000000e+00,0.00000000e+00
1.30532611e+02,1.30282611e+02,7.62699196e-05,8.86425312e-07,6.48804420e-05,8.91385243e-07,9.68064668e-04,1.47646116e-05,5.08713934e-07,1.38698834e-07,2.17887410e-01,2.14960453e-03,1.79796698e+04,2.26376987e+02,1.27527471e+04,1.75123476e+02,1.10909305e-03,1.56999700e-05,1.75919796e-04,2.41718287e-06,5.00031000e+00,1.51595730e-02
1.30632636e+02,1.30382636e+02,7.60454901e-05,8.50801909e-07,6.54999701e-05,1.03687195e-06,9.58624373e-04,1.64574852e-05,5.91928180e-07,1.53023547e-07,2.16750656e-01,2.12174228e-03,1.80493757e+04,2.53716154e+02,1.28746951e+04,2.04092123e+02,1.10005183e-03,1.74197824e-05,1.77690491e-04,2.84869242e-06,0.00000000e+00,0.00000000e+00
1.30732661e+02,1.30482661e+02,7.54422784e-05,8.45316775e-07,6.50753885e-05,9.97923060e-07,9.51122219e-04,1.31871112e-05,7.54794710e-07,2.38376135e-07,2.16156706e-01,2.02839014e-03,1.79359613e+04,2.51037212e+02,1.27897755e+04,1.95988420e+02,1.09149740e-03,1.44575757e-05,1.76703233e-04,2.77834420e-06,4.99189000e+00,1.50336446e-02
1.30832687e+02,1.30582687e+02,7.55727673e-05,8.57883380e-07,6.60044025e-05,1.16670726e-06,9.51367483e-04,1.37023256e-05,7.51485168e-07,2.11848882e-07,2.15842759e-01,2.06632440e-03,1.81538255e+04,2.81639604e+02,1.29703204e+04,2.28694939e+02,1.09274472e-03,1.48786682e-05,1.79366645e-04,3.26132793e-06,0.00000000e+00,0.00000000e+00
1.30932712e+02,1.30682712e+02,7.54170019e-05,8.44935166e-07,6.53591613e-05,1.07540795e-06,9.46450898e-04,1.42769493e-05,7.36394794e-07,1.99772787e-07,2.15775629e-01,2.10925748e-03,1.79890915e+04,2.63815278e+02,1.28453879e+04,2.11149916e+02,1.08704549e-03,1.53839122e-05,1.77568728e-04,3.01296015e-06,4.98137000e+00,1.47243603e-02
1.31032737e+02,1.30782737e+02,7.46048487e-05,8.83529884e-07,6.47597159e-05,1.15423467e-06,9.39619395e-04,1.51532821e-05,7.30256657e-07,1.93925074e-07,2.14408835e-01,2.10563521e-03,1.78288644e+04,2.84191323e+02,1.27279474e+04,2.26739335e+02,1.07879941e-03,1.64524705e-05,1.75985329e-04,3.23246098e-06,0.00000000e+00,0.00000000e+00
1.31132762e+02,1.30882762e+02,7.41568704e-05,9.00963572e-07,6.46853471e-05,1.24832547e-06,9.34252436e-04,1.55558195e-05,7.19033538e-07,1.88785100e-07,2.13254063e-01,2.17423659e-03,1.77842510e+04,3.06490485e+02,1.27131217e+04,2.45086556e+02,1.07292599e-03,1.69135999e-05,1.75676468e-04,3.46586912e-06,4.97391000e+00,1.47506824e-02
1.31232787e+02,1.30982787e+02,7.35311662e-05,9.05118561e-07,6.37060503e-05,1.13321813e-06,9.19086906e-04,1.44565186e-05,7.04682041e-07,1.83131381e-07,2.11276863e-01,2.18414178e-03,1.75040324e+04,2.83821241e+02,1.25209762e+04,2.22626153e+02,1.05616421e-03,1.58759586e-05,1.73047252e-04,3.15716412e-06,0.00000000e+00,0.00000000e+00
1.31332812e+02,1.31082812e+02,7.36648261e-05,9.15614854e-07,6.39007859e-05,1.11438891e-06,9.17226554e-04,1.51939275e-05,7.08002300e-07,1.82636709e-07,2.10437773e-01,2.10793308e-03,1.75296679e+04,2.73688227e+02,1.25591440e+04,2.18970869e+02,1.05463286e-03,1.63999144e-05,1.73557031e-04,3.08129100e-06,4.96625000e+00,1.47129319e-02
1.31432837e+02,1.31182837e+02,7.30999822e-05,9.63856299e-07,6.36569927e-05,1.17827232e-06,9.07344326e-04,1.41317560e-05,7.09060054e-07,1.80245460e-07,2.09456765e-01,2.23949176e-03,1.74268877e+04,2.83258244e+02,1.25115372e+04,2.31679854e+02,1.04395109e-03,1.55105685e-05,1.72879226e-04,3.24036168e-06,0.00000000e+00,0.00000000e+00
1.31532862e+02,1.31282862e+02,7.32937253e-05,9.32449089e-07,6.33729401e-05,1.14567377e-06,9.27080005e-04,1.57074031e-05,6.96229577e-07,1.78133304e-07,2.09227360e-01,2.22466970e-03,1.74407985e+04,2.72219693e+02,1.24562677e+04,2.25355908e+02,1.06362422e-03,1.67930168e-05,1.71996142e-04,3.14315973e-06,4.95788000e+00,1.47986500e-02
1.31632887e+02,1.31382887e+02,7.32164551e-05,9.15096839e-07,6.29317201e-05,1.10753117e-06,9.20243831e-04,1.80237963e-05,6.82916411e-07,1.76734841e-07,2.09021052e-01,2.16689597e-03,1.73358129e+04,2.67659462e+02,1.23698171e+04,2.17751636e+02,1.05628756e-03,1.88716643e-05,1.70735897e-04,3.03483973e-06,0.00000000e+00,0.00000000e+00
1.31732912e+02,1.31482912e+02,7.32258820e-05,8.96195162e-07,6.31676867e-05,1.01425379e-06,9.21003369e-04,1.43819015e-05,6.73599175e-07,1.71481078e-07,2.09773152e-01,2.23042006e-03,1.74066883e+04,2.47273185e+02,1.24154475e+04,1.99237134e+02,1.05729061e-03,1.54226486e-05,1.71371791e-04,2.76913676e-06,4.95097000e+00,1.49466214e-02
1.31832937e+02,1.31582937e+02,7.26312062e-05,8.88674278e-07,6.27088666e-05,9.89096666e-07,9.16024115e-04,1.36208930e-05,5.74575581e-07,1.58756246e-07,2.07710420e-01,2.13389008e-03,1.72854218e+04,2.40546351e+02,1.23244077e+04,1.94192840e+02,1.05126629e-03,1.46715330e-05,1.70048898e-04,2.69030032e-06,0.00000000e+00,0.00000000e+00
1.31932962e+02,1.31682962e+02,7.27189233e-05,9.75292698e-07,6.25336361e-05,9.94345012e-07,8.98715705e-04,1.38508347e-05,5.57498400e-07,1.57716405e-07,2.07397874e-01,2.22511399e-03,1.71634353e+04,2.47689693e+02,1.22908830e+04,1.95387703e+02,1.03387318e-03,1.52108338e-05,1.69549996e-04,2.70405531e-06,4.94239000e+00,1.48853926e-02
1.32032987e+02,1.31782987e+02,7.31648288e-05,9.85995248e-07,6.30422832e-05,1.06729133e-06,9.21118839e-04,1.76521208e-05,5.56132652e-07,1.57441883e-07,2.07220102e-01,2.21553489e-03,1.73626773e+04,2.74148582e+02,1.23904686e+04,2.09699534e+02,1.05722686e-03,1.89681553e-05,1.70898568e-04,2.90482338e-06,0.00000000e+00,0.00000000e+00
1.32133012e+02,1.31883012e+02,7.27795265e-05,9.61838803e-07,6.31079479e-05,1.08287615e-06,9.14771779e-04,1.77781290e-05,5.54335092e-07,1.57100306e-07,2.06389609e-01,2.13716623e-03,1.73525161e+04,2.76337352e+02,1.24031831e+04,2.12488556e+02,1.05054997e-03,1.90482877e-05,1.71181613e-04,2.95533081e-06,4.93422000e+00,1.48708684e-02
1.32233037e+02,1.31983037e+02,7.23995026e-05,9.78480917e-07,6.18793451e-05,9.45739754e-07,8.91868237e-04,1.33966217e-05,5.53044196e-07,1.54307869e-07,2.04840415e-01,2.12919878e-03,1.69944122e+04,2.36017308e+02,1.21632269e+04,1.86033397e+02,1.02603868e-03,1.46864514e-05,1.67870320e-04,2.57272497e-06,0.00000000e+00,0.00000000e+00
1.32333062e+02,1.32083062e+02,7.22650950e-05,9.35135319e-07,6.13530584e-05,9.43842457e-07,8.93883612e-04,1.42609815e-05,5.05048311e-07,1.44841053e-07,2.04333386e-01,2.09133221e-03,1.68881205e+04,2.33786007e+02,1.20593426e+04,1.85468493e+02,1.02739664e-03,1.54117646e-05,1.66383857e-04,2.56199943e-06,4.92580000e+00,1.47558578e-02
1.32433087e+02,1.32183087e+02,7.22116346e-05,9.36653694e-07,6.15169555e-05,9.85033895e-07,8.97773330e-04,1.52294024e-05,4.52251047e-07,1.36554869e-07,2.04682368e-01,2.18907819e-03,1.69540704e+04,2.48456058e+02,1.20900716e+04,1.93086047e+02,1.03137713e-03,1.63167393e-05,1.66860533e-04,2.70020215e-06,0.00000000e+00,0.00000000e+00
1.32533112e+02,1.32283112e+02,7.20487338e-05,9.17358088e-07,6.12003169e-05,9.23865166e-07,8.90900993e-04,1.28169336e-05,4.55205300e-07,1.36576288e-07,2.04446750e-01,2.16186937e-03,1.68506311e+04,2.31992984e+02,1.20286295e+04,1.81242227e+02,1.02405315e-03,1.40474344e-05,1.65847627e-04,2.50226777e-06,4.92049000e+00,1.46144900e-02
1.32633137e+02,1.32383137e+02,7.16286869e-05,9.23842844e-07,6.07830688e-05,9.01684119e-07,9.07389216e-04,1.71380009e-05,4.53989891e-07,1.36109986e-07,2.03503466e-01,2.09896080e-03,1.68337654e+04,2.40505060e+02,1.19470325e+04,1.76970940e+02,1.03970405e-03,1.82551635e-05,1.64739995e-04,2.44402202e-06,0.00000000e+00,0.00000000e+00
1.32733162e+02,1.32483162e+02,7.18194668e-05,9.42422519e-07,6.08241918e-05,9.23721538e-07,8.95914329e-04,1.52494341e-05,4.65265267e-07,1.37200425e-07,2.02657809e-01,2.04913245e-03,1.67947934e+04,2.37150511e+02,1.19546659e+04,1.81247153e+02,1.02846008e-03,1.64149922e-05,1.64840607e-04,2.50462833e-06,4.91186000e+00,1.45968307e-02
1.32833187e+02,1.32583187e+02,7.15540940e-05,9.10285846e-07,6.04799113e-05,9.00650443e-07,8.82559668e-04,1.29985735e-05,4.67021550e-07,1.37189594e-07,2.01080150e-01,1.98665273e-03,1.66637878e+04,2.26670585e+02,1.18873456e+04,1.76748832e+02,1.01450081e-03,1.41961376e-05,1.63895536e-04,2.43656052e-06,0.00000000e+00,0.00000000e+00
1.32933212e+02,1.32683212e+02,7.14101337e-05,9.04197359e-07,6.04514968e-05,8.66668751e-07,8.80161639e-04,1.14475478e-05,4.66390094e-07,1.37072213e-07,2.00951885e-01,2.03960161e-03,1.66511154e+04,2.17891567e+02,1.18824131e+04,1.70139574e+02,1.01193414e-03,1.27098688e-05,1.63815395e-04,2.34034007e-06,4.90532000e+00,1.46806326e-02
1.33033237e+02,1.32783237e+02,7.14750641e-05,8.98031274e-07,6.00496602e-05,9.10120162e-07,9.09957993e-04,1.67816512e-05,4.41303806e-07,1.32538678e-07,2.00204446e-01,2.08445604e-03,1.67035540e+04,2.36268411e+02,1.18031274e+04,1.78558969e+02,1.04139436e-03,1.77174799e-05,1.62694525e-04,2.46272938e-06,0.00000000e+00,0.00000000e+00
1.33133262e+02,1.32883262e+02,7.13948276e-05,9.02731674e-07,6.02998674e-05,9.52206888e-07,8.97151724e-04,1.32629073e-05,4.05678026e-07,1.28820594e-07,1.99545006e-01,2.08781747e-03,1.66857315e+04,2.30012015e+02,1.18520963e+04,1.86808017e+02,1.02875687e-03,1.42116718e-05,1.63337491e-04,2.56822957e-06,4.89375000e+00,1.46004865e-02
1.33233287e+02,1.32983287e+02,7.10138153e-05,8.97167294e-07,6.00256003e-05,9.44052802e-07,8.87325400e-04,1.31844699e-05,3.38673815e-07,1.18006304e-07,1.99552073e-01,2.07202030e-03,1.65773129e+04,2.33752246e+02,1.17999817e+04,1.85418350e+02,1.01827669e-03,1.43169705e-05,1.62749191e-04,2.57777045e-06,0.00000000e+00,0.00000000e+00
1.33333312e+02,1.33083312e+02,7.10583756e-05,9.57526142e-07,6.06192069e-05,9.91758243e-07,9.08767323e-04,2.19394849e-05,3.20487493e-07,1.17212825e-07,1.99419783e-01,2.24103804e-03,1.67962983e+04,2.62072492e+02,1.19164490e+04,1.94766522e+02,1.04035762e-03,2.28326040e-05,1.64406173e-04,2.71380383e-06,4.88615000e+00,1.45123724e-02
1.33433338e+02,1.33183338e+02,7.05765111e-05,9.19963363e-07,5.96585424e-05,9.62159349e-07,8.79427784e-04,1.34298906e-05,3.19503498e-07,1.17115740e-07,1.97631997e-01,2.12537838e-03,1.64785692e+04,2.43858840e+02,1.17271054e+04,1.88777644e+02,1.00957270e-03,1.47059465e-05,1.61799784e-04,2.63118232e-06,0.00000000e+00,0.00000000e+00
1.33533363e+02,1.33283363e+02,7.09418766e-05,9.72396664e-07,5.98008131e-05,9.97096321e-07,9.06271833e-04,1.60957851e-05,3.12084587e-07,1.16999418e-07,1.97375432e-01,2.06936490e-03,1.66321391e+04,2.58957570e+02,1.17552099e+04,1.95571980e+02,1.03692884e-03,1.73298829e-05,1.62168077e-04,2.73195371e-06,4.87795000e+00,1.46096503e-02
1.33633388e+02,1.33383388e+02,7.03465313e-05,8.87946442e-07,5.93720366e-05,9.43444014e-07,9.00723080e-04,1.51014313e-05,3.10257988e-07,1.16890174e-07,1.96709382e-01,1.97820962e-03,1.65258790e+04,2.38722865e+02,1.16701407e+04,1.84976516e+02,1.03035723e-03,1.61706276e-05,1.60934242e-04,2.57036857e-06,0.00000000e+00,0.00000000e+00
1.33733413e+02,1.33483413e+02,7.06728183e-05,8.89083492e-07,5.94267495e-05,8.63390439e-07,8.99721839e-04,1.43655633e-05,3.54318338e-07,1.23085022e-07,1.97578531e-01,2.08632783e-03,1.65215342e+04,2.20281154e+02,1.16811898e+04,1.69482856e+02,1.02972405e-03,1.53728397e-05,1.61150555e-04,2.35970915e-06,4.87100000e+00,1.45483169e-02
1.33833438e+02,1.33583438e+02,6.99846728e-05,9.08901911e-07,5.81614797e-05,8.52441715e-07,8.75567973e-04,1.36278667e-05,3.62264962e-07,1.23504777e-07,1.95374685e-01,2.04170417e-03,1.61588717e+04,2.22953241e+02,1.14326914e+04,1.67291799e+02,1.00361894e-03,1.48621004e-05,1.57681818e-04,2.32089244e-06,0.00000000e+00,0.00000000e+00
1.33933463e+02,1.33683463e+02,6.95455828e-05,8.99977819e-07,5.79775651e-05,8.46425266e-07,8.64832290e-04,1.25358195e-05,3.53754188e-07,1.22307419e-07,1.94579736e-01,1.97091151e-03,1.60607004e+04,2.11138682e+02,1.13965193e+04,1.66083439e+02,9.92266558e-04,1.36304147e-05,1.57152343e-04,2.30747610e-06,4.86188000e+00,1.47526010e-02
1.34033488e+02,1.33783488e+02,6.90925001e-05,8.88940441e-07,5.77936203e-05,8.43475495e-07,8.63428133e-04,1.27313748e-05,2.14104300e-06,1.80162914e-06,1.93623519e-01,1.98302783e-03,1.60169129e+04,2.10298975e+02,1.13569989e+04,1.64749987e+02,9.90202183e-04,1.37623672e-05,1.57066221e-04,2.44793933e-06,0.00000000e+00,0.00000000e+00
1.34133513e+02,1.33883513e+02,6.99962402e-05,8.42135594e-07,5.88222097e-05,8.66667227e-07,8.82992436e-04,1.50982804e-05,2.63932596e-06,2.30226824e-06,1.95053897e-01,1.99368835e-03,1.62997904e+04,2.20295813e+02,1.15586697e+04,1.68721621e+02,1.01169598e-03,1.60436032e-05,1.59924730e-04,2.62095835e-06,4.85676000e+00,1.50193482e-02
1.34233538e+02,1.33983538e+02,7.00376383e-05,7.95304743e-07,5.84353493e-05,8.55251338e-07,8.74349884e-04,1.31127421e-05,1.67782063e-06,1.37842977e-06,1.94939657e-01,1.86030126e-03,1.61882868e+04,2.10304751e+02,1.14843616e+04,1.67317546e+02,1.00273594e-03,1.40571794e-05,1.58550608e-04,2.42446308e-06,0.00000000e+00,0.00000000e+00
1.34333563e+02,1.34083563e+02,6.96998339e-05,8.56355081e-07,5.82411003e-05,8.98422573e-07,8.81245681e-04,1.62926842e-05,1.40127178e-06,1.10342111e-06,1.94233200e-01,1.91986384e-03,1.61756720e+04,2.33905200e+02,1.14474067e+04,1.76090343e+02,1.00910537e-03,1.73373828e-05,1.57979361e-04,2.49444215e-06,4.85170000e+00,1.49845809e-02
1.34433588e+02,1.34183588e+02,6.95410746e-05,7.99524229e-07,5.76772632e-05,7.62803562e-07,8.89800589e-04,1.70438749e-05,1.36567222e-06,1.06355192e-06,1.93243735e-01,1.81412403e-03,1.61026649e+04,2.09564541e+02,1.13361691e+04,1.49510882e+02,1.01693752e-03,1.79557807e-05,1.56394291e-04,2.13365665e-06,0.00000000e+00,0.00000000e+00
1.34533613e+02,1.34283613e+02,6.90360734e-05,8.15004130e-07,5.75685563e-05,8.53242927e-07,9.15516536e-04,1.78208330e-05,1.16071894e-06,8.61849903e-07,1.93314932e-01,1.82437937e-03,1.61918471e+04,2.28817210e+02,1.13148682e+04,1.67295658e+02,1.04204541e-03,1.87864321e-05,1.56000669e-04,2.33064791e-06,4.84246000e+00,1.49097308e-02
1.34633638e+02,1.34383638e+02,6.89927158e-05,8.97771938e-07,5.74187224e-05,8.51671429e-07,9.13729078e-04,1.62660782e-05,7.36186820e-07,4.45038126e-07,1.92376100e-01,1.93844697e-03,1.61649786e+04,2.28318307e+02,1.12867080e+04,1.67164039e+02,1.04007180e-03,1.74075803e-05,1.55539210e-04,2.31407055e-06,0.00000000e+00,0.00000000e+00
1.34733663e+02,1.34483663e+02,6.95827284e-05,9.75388976e-07,5.76879080e-05,9.57333159e-07,9.21687145e-04,1.53000269e-05,7.24983967e-07,4.25162084e-07,1.92383170e-01,1.95234631e-03,1.62547288e+04,2.47952398e+02,1.13398368e+04,1.87948860e+02,1.04889062e-03,1.65990889e-05,1.56243964e-04,2.60058182e-06,4.83735000e+00,1.49551472e-02
1.34833688e+02,1.34583688e+02,6.99300357e-05,1.00499931e-06,5.74643342e-05,8.73699504e-07,9.22046424e-04,1.47474969e-05,1.08981547e-06,7.38844248e-07,1.92050554e-01,1.94709160e-03,1.62153612e+04,2.26045754e+02,1.12946794e+04,1.71405437e+02,1.04936444e-03,1.59528587e-05,1.55698969e-04,2.39330287e-06,0.00000000e+00,0.00000000e+00
1.34933713e+02,1.34683713e+02,6.96534110e-05,9.46183048e-07,5.74998707e-05,9.95250150e-07,9.28020157e-04,1.52037528e-05,1.66902928e-06,1.09169048e-06,1.91293660e-01,1.93578801e-03,1.62488389e+04,2.61534729e+02,1.12994018e+04,1.93698275e+02,1.05504230e-03,1.64510931e-05,1.56186343e-04,2.96387621e-06,4.83087000e+00,1.48088535e-02
1.35033738e+02,1.34783738e+02,6.94632739e-05,9.59777059e-07,5.71460207e-05,8.35691688e-07,9.35427827e-04,1.48380674e-05,1.26306264e-06,9.72937123e-07,1.91061816e-01,1.90497618e-03,1.61969650e+04,2.20871434e+02,1.12330817e+04,1.63998842e+02,1.06197049e-03,1.60362136e-05,1.54869865e-04,2.31451577e-06,0.00000000e+00,0.00000000e+00
1.35133763e+02,1.34883763e+02,6.93067233e-05,9.54821553e-07,5.68439849e-05,8.28593776e-07,9.63632695e-04,1.92685188e-05,1.20405877e-06,9.15343293e-07,1.89913129e-01,1.89697885e-03,1.62529675e+04,2.27463958e+02,1.11742203e+04,1.62596374e+02,1.08972049e-03,2.03417002e-05,1.54065175e-04,2.30089568e-06,4.82478000e+00,1.50153089e-02
1.35233788e+02,1.34983788e+02,9.33082616e-05,1.30595989e-06,3.78024395e-05,5.96388158e-07,6.91753950e-04,1.74638407e-05,1.21263741e-06,9.35872442e-07,1.90266782e-01,1.89446728e-03,1.13315122e+04,1.71779160e+02,7.43141013e+03,1.17125804e+02,8.22772808e-04,1.84216186e-05,1.02452248e-04,1.65848176e-06,0.00000000e+00,0.00000000e+00
1.35333813e+02,1.35083813e+02,1.39150016e-04,1.94833150e-06,0.00000000e+00,0.00000000e+00,3.10364561e-05,2.16051560e-06,1.27556208e-06,1.02355407e-06,1.89915428e-01,1.96345925e-03,1.01577071e+03,2.10608400e+01,0.00000000e+00,0.00000000e+00,1.70041858e-04,3.12516365e-06,0.00000000e+00,0.00000000e+00,4.81372000e+00,1.51681553e-02
1.35433838e+02,1.35183838e+02,1.38836906e-04,1.98146876e-06,0.00000000e+00,0.00000000e+00,3.15965531e-05,2.30119413e-06,1.23114023e-06,9.79513964e-07,1.89279630e-01,2.09749695e-03,1.01982706e+03,2.26907050e+01,0.00000000e+00,0.00000000e+00,1.70276485e-04,3.21131676e-06,0.00000000e+00,0.00000000e+00,0.00000000e+00,0.00000000e+00
1.35533863e+02,1.35283863e+02,1.37892469e-04,1.89899840e-06,0.00000000e+00,0.00000000e+00,2.94541433e-05,1.50384177e-06,6.46177129e-07,4.09892380e-07,1.87987219e-01,1.97183678e-03,9.98294855e+02,1.74497044e+01,0.00000000e+00,0.00000000e+00,1.67199692e-04,2.52264378e-06,0.00000000e+00,0.00000000e+00,4.80583000e+00,1.49524837e-02
1.35633888e+02,1.35383888e+02,1.39092874e-04,2.00707510e-06,0.00000000e+00,0.00000000e+00,3.06121705e-05,2.19120448e-06,2.59308138e-07,1.43449303e-07,1.88545641e-01,2.06694246e-03,1.01749068e+03,1.96610753e+01,0.00000000e+00,0.00000000e+00,1.69576423e-04,2.81154853e-06,0.00000000e+00,0.00000000e+00,0.00000000e+00,0.00000000e+00
1.35733913e+02,1.35483913e+02,1.39023459e-04,1.98383161e-06,0.00000000e+00,0.00000000e+00,3.00562072e-05,1.50614889e-06,2.58463065e-07,1.43355180e-07,1.88367498e-01,2.07551045e-03,1.00042196e+03,1.58687658e+01,0.00000000e+00,0.00000000e+00,1.68981827e-04,2.47988500e-06,0.00000000e+00,0.00000000e+00,4.79685000e+00,1.48656021e-02
1.35833938e+02,1.35583938e+02,1.39126545e-04,1.91632051e-06,0.00000000e+00,0.00000000e+00,3.21739063e-05,1.90334635e-06,2.58275000e-07,1.43251884e-07,1.88214850e-01,2.01562565e-03,1.00797958e+03,1.63641426e+01,0.00000000e+00,0.00000000e+00,1.71206383e-04,2.66940753e-06,0.00000000e+00,0.00000000e+00,0.00000000e+00,0.00000000e+00
1.35933963e+02,1.35683963e+02,1.38919270e-04,2.06976979e-06,0.00000000e+00,0.00000000e+00,3.27282965e-05,2.01510213e-06,2.58074747e-07,1.43148698e-07,1.87226316e-01,2.08856534e-03,1.00917276e+03,1.77010251e+01,0.00000000e+00,0.00000000e+00,1.71553780e-04,2.73622829e-06,0.00000000e+00,0.00000000e+00,4.78974000e+00,1.47673374e-02
1.36033988e+02,1.35783988e+02,1.39359645e-04,2.11997128e-06,0.00000000e+00,0.00000000e+00,3.23728340e-05,2.15883700e-06,2.57875816e-07,1.43046148e-07,1.87449615e-01,2.02398074e-03,1.00645795e+03,1.74373754e+01,0.00000000e+00,0.00000000e+00,1.71638411e-04,2.84712792e-06,0.00000000e+00,0.00000000e+00,0.00000000e+00,0.00000000e+00
1.36134014e+02,1.35884014e+02,1.38066294e-04,2.01957572e-06,0.00000000e+00,0.00000000e+00,3.67485055e-05,4.34306569e-06,1.99448479e-07,1.22235852e-07,1.86613018e-01,1.94817329e-03,1.03027218e+03,3.26546813e+01,0.00000000e+00,0.00000000e+00,1.74724468e-04,4.70873298e-06,0.00000000e+00,0.00000000e+00,4.78234000e+00,1.46375686e-02
1.36234039e+02,1.35984039e+02,1.38596224e-04,2.00912175e-06,0.00000000e+00,0.00000000e+00,3.32510036e-05,1.89080422e-06,1.79469088e-07,1.20793542e-07,1.86519349e-01,1.96649688e-03,1.00928288e+03,1.73566184e+01,0.00000000e+00,0.00000000e+00,1.71757841e-04,2.75218854e-06,0.00000000e+00,0.00000000e+00,0.00000000e+00,0.00000000e+00
1.36334064e+02,1.36084064e+02,1.38228252e-04,2.05727143e-06,0.00000000e+00,0.00000000e+00,3.22304120e-05,1.54255709e-06,1.79397216e-07,1.20676197e-07,1.84709014e-01,2.00348504e-03,1.00056624e+03,1.74172952e+01,0.00000000e+00,0.00000000e+00,1.70369525e-04,2.79721128e-06,0.00000000e+00,0.00000000e+00,4.77106000e+00,1.45649484e-02
1.36434089e+02,1.36184089e+02,1.37622798e-04,2.19648820e-06,0.00000000e+00,0.00000000e+00,3.06901974e-05,1.43149965e-06,1.79209046e-07,1.20560586e-07,1.83309596e-01,2.06411182e-03,9.83782649e+02,1.71778431e+01,0.00000000e+00,0.00000000e+00,1.68224449e-04,2.85818293e-06,0.00000000e+00,0.00000000e+00,0.00000000e+00,0.00000000e+00
1.36534114e+02,1.36284114e+02,1.36615638e-04,2.08729333e-06,0.00000000e+00,0.00000000e+00,3.02080480e-05,1.41568528e-06,1.79022116e-07,1.20445661e-07,1.82788684e-01,1.94319739e-03,9.71815734e+02,1.68892742e+01,0.00000000e+00,0.00000000e+00,1.66738625e-04,2.80776801e-06,0.00000000e+00,0.00000000e+00,4.76197000e+00,1.43712913e-02
1.36634139e+02,1.36384139e+02,1.37046592e-04,2.10537252e-06,0.00000000e+00,0.00000000e+00,3.26125996e-05,2.17404537e-06,1.78648419e-07,1.20333138e-07,1.82433761e-01,1.99408088e-03,9.90599611e+02,2.06355395e+01,0.00000000e+00,0.00000000e+00,1.69575214e-04,3.26570330e-06,0.00000000e+00,0.00000000e+00,0.00000000e+00,0.00000000e+00
1.36734164e+02,1.36484164e+02,1.37621815e-04,2.07796844e-06,0.00000000e+00,0.00000000e+00,3.19353342e-05,1.74928301e-06,1.78418233e-07,1.20220025e-07,1.82369830e-01,1.93012524e-03,9.86411366e+02,1.71635957e+01,0.00000000e+00,0.00000000e+00,1.69473257e-04,2.87663797e-06,0.00000000e+00,0.00000000e+00,4.75219999e+00,1.42537316e-02
1.36834189e+02,1.36584189e+02,1.39394336e-04,2.34439044e-06,0.00000000e+00,0.00000000e+00,3.14012691e-05,1.87801479e-06,1.78235895e-07,1.20107104e-07,1.83916395e-01,1.97988126e-03,9.93077668e+02,1.75388098e+01,0.00000000e+00,0.00000000e+00,1.70710693e-04,3.05048377e-06,0.00000000e+00,0.00000000e+00,0.00000000e+00,0.00000000e+00
1.36934214e+02,1.36684214e+02,1.38527635e-04,2.16022747e-06,0.00000000e+00,0.00000000e+00,3.03528917e-05,1.61628090e-06,1.78054734e-07,1.19994839e-07,1.83109851e-01,1.98481219e-03,9.79619732e+02,1.54543250e+01,0.00000000e+00,0.00000000e+00,1.68795697e-04,2.78130452e-06,0.00000000e+00,0.00000000e+00,4.74173999e+00,1.43598802e-02
1.37034239e+02,1.36784239e+02,1.38409804e-04,2.09763936e-06,0.00000000e+00,0.00000000e+00,3.20633782e-05,3.47591802e-06,1.76651613e-07,1.19881808e-07,1.83198253e-01,1.99117579e-03,9.94732636e+02,2.59285079e+01,0.00000000e+00,0.00000000e+00,1.70390019e-04,3.85992658e-06,0.00000000e+00,0.00000000e+00,0.00000000e+00,0.00000000e+00
1.37134264e+02,1.36884264e+02,1.37270866e-04,2.09830936e-06,0.00000000e+00,0.00000000e+00,3.03126240e-05,1.59341798e-06,1.75174332e-07,1.19782962e-07,1.82029202e-01,1.89271877e-03,9.76764126e+02,1.45017431e+01,0.00000000e+00,0.00000000e+00,1.67501751e-04,2.63602712e-06,0.00000000e+00,0.00000000e+00,4.73403999e+00,1.44411576e-02
1.37234289e+02,1.36984289e+02,1.35905404e-04,1.99474315e-06,0.00000000e+00,0.00000000e+00,2.87612492e-05,1.34007392e-06,1.75220521e-07,1.19670547e-07,1.81106221e-01,1.96727709e-03,9.61537975e+02,1.38895444e+01,0.00000000e+00,0.00000000e+00,1.64583702e-04,2.48458444e-06,0.00000000e+00,0.00000000e+00,0.00000000e+00,0.00000000e+00
1.37334314e+02,1.37084314e+02,1.36794223e-04,1.94199228e-06,0.00000000e+00,0.00000000e+00,3.18844630e-05,2.45301021e-06,1.75043951e-07,1.19560819e-07,1.81218074e-01,1.87615994e-03,9.85340570e+02,1.93764497e+01,0.00000000e+00,0.00000000e+00,1.68595297e-04,3.10351777e-06,0.00000000e+00,0.00000000e+00,4.72337999e+00,1.44879585e-02
1.37434339e+02,1.37184339e+02,1.37455389e-04,2.13940403e-06,0.00000000e+00,0.00000000e+00,3.21162497e-05,2.42669190e-06,1.74577252e-07,1.19454830e-07,1.81229460e-01,1.87261607e-03,9.94008673e+02,2.11998171e+01,0.00000000e+00,0.00000000e+00,1.69478965e-04,3.28977868e-06,0.00000000e+00,0.00000000e+00,0.00000000e+00,0.00000000e+00
1.37534364e+02,1.37284364e+02,1.37815504e-04,2.31849972e-06,0.00000000e+00,0.00000000e+00,3.22446206e-05,2.08799601e-06,1.74065528e-07,1.19350831e-07,1.81296979e-01,2.08875493e-03,1.00083055e+03,2.10579964e+01,0.00000000e+00,0.00000000e+00,1.69963889e-04,3.18508385e-06,0.00000000e+00,0.00000000e+00,4.71241999e+00,1.45319436e-02
1.37634389e+02,1.37384389e+02,1.36985689e-04,2.21209897e-06,0.00000000e+00,0.00000000e+00,2.98086612e-05,1.82896301e-06,1.73890785e-07,1.19242968e-07,1.80092231e-01,2.07666250e-03,9.71523770e+02,1.71545792e+01,0.00000000e+00,0.00000000e+00,1.66709099e-04,2.83552698e-06,0.00000000e+00,0.00000000e+00,0.00000000e+00,0.00000000e+00
1.37734414e+02,1.37484414e+02,1.37133922e-04,2.17245346e-06,0.00000000e+00,0.00000000e+00,2.88247312e-05,1.68969117e-06,1.73717137e-07,1.19135711e-07,1.80865492e-01,2.14060476e-03,9.66052821e+02,1.66266634e+01,0.00000000e+00,0.00000000e+00,1.65875843e-04,2.74326037e-06,0.00000000e+00,0.00000000e+00,4.70567999e+00,1.45564229e-02
1.37834439e+02,1.37584439e+02,1.37195317e-04,2.24312248e-06,0.00000000e+00,0.00000000e+00,2.84856010e-05,1.47564007e-06,1.73544574e-07,1.19029055e-07,1.80373565e-01,2.09946493e-03,9.59543041e+02,1.59809132e+01,0.00000000e+00,0.00000000e+00,1.65595273e-04,2.77258910e-06,0.00000000e+00,0.00000000e+00,0.00000000e+00,0.00000000e+00
1.37934464e+02,1.37684464e+02,1.36702590e-04,2.25191644e-06,0.00000000e+00,0.00000000e+00,2.93435925e-05,2.04794613e-06,1.73373083e-07,1.18922993e-07,1.79867549e-01,2.07660796e-03,9.63912539e+02,1.91407972e+01,0.00000000e+00,0.00000000e+00,1.65959884e-04,3.14322981e-06,0.00000000e+00,0.00000000e+00,4.69430999e+00,1.45372916e-02
1.38034489e+02,1.37784489e+02,1.35980264e-04,2.17523930e-06,0.00000000e+00,0.00000000e+00,2.76554907e-05,1.40254975e-06,1.73202654e-07,1.18817520e-07,1.79623609e-01,2.06484751e-03,9.48570293e+02,1.47223284e+01,0.00000000e+00,0.00000000e+00,1.63551058e-04,2.61970279e-06,0.00000000e+00,0.00000000e+00,0.00000000e+00,0.00000000e+00
1.38134514e+02,1.37884514e+02,1.35285632e-04,2.15654352e-06,0.00000000e+00,0.00000000e+00,2.96070698e-05,1.77368067e-06,1.69628831e-07,1.18576147e-07,1.78441674e-01,2.05109524e-03,9.56818651e+02,1.63205235e+01,0.00000000e+00,0.00000000e+00,1.64814547e-04,2.79818475e-06,0.00000000e+00,0.00000000e+00,4.68685999e+00,1.45033950e-02
1.38234539e+02,1.37984539e+02,1.35082660e-04,2.04829150e-06,0.00000000e+00,0.00000000e+00,2.97885134e-05,2.12100429e-06,1.64866062e-07,1.18441801e-07,1.77957263e-01,1.99474150e-03,9.56373701e+02,1.84986333e+01,0.00000000e+00,0.00000000e+00,1.64795102e-04,2.94976573e-06,0.00000000e+00,0.00000000e+00,0.00000000e+00,0.00000000e+00
1.38334564e+02,1.38084564e+02,1.36181707e-04,2.11292934e-06,0.00000000e+00,0.00000000e+00,2.77863730e-05,1.57043291e-06,1.64112071e-07,1.18344781e-07,1.78084012e-01,1.87915625e-03,9.44860421e+02,1.46798464e+01,0.00000000e+00,0.00000000e+00,1.63898583e-04,2.48754009e-06,0.00000000e+00,0.00000000e+00,4.67657999e+00,1.46831867e-02
1.38434589e+02,1.38184589e+02,1.35216717e-04,2.10093660e-06,0.00000000e+00,0.00000000e+00,2.83614068e-05,1.72889716e-06,1.63950896e-07,1.18241516e-07,1.77750150e-01,1.97418040e-03,9.39803100e+02,1.59278759e+01,0.00000000e+00,0.00000000e+00,1.63512512e-04,2.68142461e-06,0.00000000e+00,0.00000000e+00,0.00000000e+00,0.00000000e+00
1.38534614e+02,1.38284614e+02,1.34919656e-04,2.27005110e-06,0.00000000e+00,0.00000000e+00,2.67773865e-05,1.29537464e-06,1.63790701e-07,1.18138813e-07,1.76927661e-01,2.03185233e-03,9.28600003e+02,1.62481390e+01,0.00000000e+00,0.00000000e+00,1.61631817e-04,2.73170133e-06,0.00000000e+00,0.00000000e+00,4.67026999e+00,1.48820395e-02
1.38634639e+02,1.38384639e+02,1.33841577e-04,2.17251435e-06,0.00000000e+00,0.00000000e+00,2.56254283e-05,1.29911229e-06,1.63631475e-07,1.18036668e-07,1.76228904e-01,1.98355135e-03,9.14350466e+02,1.61737996e+01,0.00000000e+00,0.00000000e+00,1.59402930e-04,2.65871753e-06,0.00000000e+00,0.00000000e+00,0.00000000e+00,0.00000000e+00
1.38734664e+02,1.38484664e+02,1.33932370e-04,2.18424263e-06,0.00000000e+00,0.00000000e+00,2.69175150e-05,1.38250094e-06,1.63473208e-07,1.17935074e-07,1.75289746e-01,2.01600996e-03,9.16383877e+02,1.59513542e+01,0.00000000e+00,0.00000000e+00,1.60786351e-04,2.74638426e-06,0.00000000e+00,0.00000000e+00,4.66205999e+00,1.48452537e-02
1.38834690e+02,1.38584690e+02,1.34807333e-04,2.21031873e-06,0.00000000e+00,0.00000000e+00,2.83933449e-05,1.59523775e-06,1.63315890e-07,1.17834027e-07,1.75485497e-01,1.98754707e-03,9.28143694e+02,1.64887609e+01,0.00000000e+00,0.00000000e+00,1.63137379e-04,2.89020205e-06,0.00000000e+00,0.00000000e+00,0.00000000e+00,0.00000000e+00
1.38934715e+02,1.38684715e+02,1.35396847e-04,2.30621613e-06,0.00000000e+00,0.00000000e+00,2.71220046e-05,1.31755347e-06,1.14706545e-07,7.45151172e-08,1.74956403e-01,2.04820642e-03,9.23399635e+02,1.55371117e+01,0.00000000e+00,0.00000000e+00,1.62457038e-04,2.80509351e-06,0.00000000e+00,0.00000000e+00,4.65228999e+00,1.49719683e-02
1.39034740e+02,1.38784740e+02,1.35294459e-04,2.18209909e-06,0.00000000e+00,0.00000000e+00,2.64451106e-05,1.30931565e-06,5.25860568e-08,4.19859302e-08,1.74217428e-01,1.94606963e-03,9.13494779e+02,1.45938482e+01,0.00000000e+00,0.00000000e+00,1.61681228e-04,2.65169600e-06,0.00000000e+00,0.00000000e+00,0.00000000e+00,0.00000000e+00
1.39134765e+02,1.38884765e+02,1.34265333e-04,2.07066407e-06,0.00000000e+00,0.00000000e+00,2.85138619e-05,1.69466620e-06,5.25112308e-08,4.19139217e-08,1.73560329e-01,1.89037220e-03,9.22469914e+02,1.65908644e+01,0.00000000e+00,0.00000000e+00,1.62719004e-04,2.77152340e-06,0.00000000e+00,0.00000000e+00,4.63957999e+00,1.49996234e-02
1.39234790e+02,1.38984790e+02,1.33864588e-04,2.08972083e-06,0.00000000e+00,0.00000000e+00,2.79525796e-05,2.13689454e-06,5.24369735e-08,4.18424704e-08,1.73240091e-01,1.91176408e-03,9.19655082e+02,1.89424003e+01,0.00000000e+00,0.00000000e+00,1.61758046e-04,2.99259668e-06,0.00000000e+00,0.00000000e+00,0.00000000e+00,0.00000000e+00
1.39334815e+02,1.39084815e+02,1.34404769e-04,1.93949258e-06,0.00000000e+00,0.00000000e+00,2.53972849e-05,1.10594205e-06,5.23632782e-08,4.17715695e-08,1.73230831e-01,1.82582299e-03,9.04542310e+02,1.39773094e+01,0.00000000e+00,0.00000000e+00,1.59743479e-04,2.38720781e-06,0.00000000e+00,0.00000000e+00,4.62959999e+00,1.49968408e-02
1.39434840e+02,1.39184840e+02,1.34252179e-04,1.97009661e-06,0.00000000e+00,0.00000000e+00,2.58381912e-05,1.10329026e-06,5.22901382e-08,4.17012126e-08,1.73964781e-01,1.96875910e-03,9.04558240e+02,1.40544142e+01,0.00000000e+00,0.00000000e+00,1.60041066e-04,2.41574263e-06,0.00000000e+00,0.00000000e+00,0.00000000e+00,0.00000000e+00
1.39534865e+02,1.39284865e+02,1.34937592e-04,2.16768900e-06,0.00000000e+00,0.00000000e+00,2.56755235e-05,1.09508853e-06,5.22175469e-08,4.16313930e-08,1.73897678e-01,2.02001248e-03,9.05914609e+02,1.42954070e+01,0.00000000e+00,0.00000000e+00,1.60565152e-04,2.48616730e-06,0.00000000e+00,0.00000000e+00,4.62112999e+00,1.49298465e-02
1.39634890e+02,1.39384890e+02,1.35632007e-04,2.25922011e-06,0.00000000e+00,0.00000000e+00,2.71126156e-05,1.19516771e-06,5.21454979e-08,4.15621045e-08,1.73827852e-01,1.98267517e-03,9.18061006e+02,1.46520927e+01,0.00000000e+00,0.00000000e+00,1.62696771e-04,2.55852774e-06,0.00000000e+00,0.00000000e+00,0.00000000e+00,0.00000000e+00
1.39734915e+02,1.39484915e+02,1.34101950e-04,2.17301876e-06,0.00000000e+00,0.00000000e+00,2.85035781e-05,1.41820535e-06,5.20739848e-08,4.14933408e-08,1.72488939e-01,1.90831185e-03,9.16136512e+02,1.50931382e+01,0.00000000e+00,0.00000000e+00,1.62558186e-04,2.71365459e-06,0.00000000e+00,0.00000000e+00,4.61669999e+00,1.49573563e-02
1.39834940e+02,1.39584940e+02,1.34263377e-04,2.18202781e-06,0.00000000e+00,0.00000000e+00,2.72145830e-05,1.19973335e-06,5.20030014e-08,4.14250957e-08,1.72721932e-01,1.93287949e-03,9.09747222e+02,1.47097116e+01,0.00000000e+00,0.00000000e+00,1.61431418e-04,2.65001709e-06,0.00000000e+00,0.00000000e+00,0.00000000e+00,0.00000000e+00
1.39934965e+02,1.39684965e+02,1.33460928e-04,2.21945163e-06,0.00000000e+00,0.00000000e+00,2.65748094e-05,1.06926648e-06,5.19325416e-08,4.13573630e-08,1.71658500e-01,1.99815144e-03,9.02250414e+02,1.44262195e+01,0.00000000e+00,0.00000000e+00,1.59991562e-04,2.53428814e-06,0.00000000e+00,0.00000000e+00,4.60902999e+00,1.49304880e-02
1.40034990e+02,1.39784990e+02,1.34495172e-04,2.45490949e-06,0.00000000e+00,0.00000000e+00,2.77937235e-05,1.85832850e-06,5.18625993e-08,4.12901370e-08,1.70434553e-01,2.10141892e-03,9.16389030e+02,1.83047099e+01,0.00000000e+00,0.00000000e+00,1.62246193e-04,3.01674300e-06,0.00000000e+00,0.00000000e+00,0.00000000e+00,0.00000000e+00
1.40135015e+02,1.39885015e+02,1.34261182e-04,2.36308201e-06,0.00000000e+00,0.00000000e+00,2.60989122e-05,9.90665321e-07,5.17931684e-08,4.12234116e-08,1.70651739e-01,1.95580101e-03,9.02183568e+02,1.38126145e+01,0.00000000e+00,0.00000000e+00,1.60317836e-04,2.47885656e-06,0.00000000e+00,0.00000000e+00,4.59933999e+00,1.50238003e-02
1.40235040e+02,1.39985040e+02,1.34106982e-04,2.41595188e-06,0.00000000e+00,0.00000000e+00,2.61880017e-05,1.05946264e-06,5.17242433e-08,4.11571812e-08,1.71008727e-01,2.07633471e-03,9.01131445e+02,1.41248007e+01,0.00000000e+00,0.00000000e+00,1.60252782e-04,2.65353742e-06,0.00000000e+00,0.00000000e+00,0.00000000e+00,0.00000000e+00
1.40335065e+02,1.40085065e+02,1.34864018e-04,2.39392522e-06,0.00000000e+00,0.00000000e+00,3.23087550e-05,4.39711723e-06,5.16558181e-08,4.10914399e-08,1.70970392e-01,2.05811333e-03,9.44774090e+02,3.11704529e+01,0.00000000e+00,0.00000000e+00,1.67130662e-04,4.86097326e-06,0.00000000e+00,0.00000000e+00,4.59303999e+00,1.49021647e-02
1.40435090e+02,1.40185090e+02,1.35756278e-04,2.57766584e-06,0.00000000e+00,0.00000000e+00,2.75921546e-05,1.34834870e-06,5.15878872e-08,4.10261822e-08,1.70105076e-01,2.02343138e-03,9.12407926e+02,1.59945007e+01,0.00000000e+00,0.00000000e+00,1.63306394e-04,3.00835522e-06,0.00000000e+00,0.00000000e+00,0.00000000e+00,0.00000000e+00
1.40535115e+02,1.40285115e+02,1.36219514e-04,2.38727523e-06,0.00000000e+00,0.00000000e+00,2.67938113e-05,1.26926333e-06,5.15204448e-08,4.09614026e-08,1.69961150e-01,1.98905148e-03,9.10434284e+02,1.55775469e+01,0.00000000e+00,0.00000000e+00,1.62971248e-04,2.75943739e-06,0.00000000e+00,0.00000000e+00,4.58561999e+00,1.50567859e-02
1.40635140e+02,1.40385140e+02,1.34683278e-04,2.42988455e-06,0.00000000e+00,0.00000000e+00,2.53627959e-05,9.78500295e-07,5.14534857e-08,4.08970957e-08,1.69269595e-01,2.10422725e-03,8.94567100e+02,1.41836051e+01,0.00000000e+00,0.00000000e+00,1.60004005e-04,2.59482438e-06,0.00000000e+00,0.00000000e+00,0.00000000e+00,0.00000000e+00
1.40735165e+02,1.40485165e+02,1.33643224e-04,2.42753635e-06,0.00000000e+00,0.00000000e+00,2.67023415e-05,1.56988068e-06,5.13870043e-08,4.08332561e-08,1.68467618e-01,2.15637602e-03,9.00675423e+02,1.86025293e+01,0.00000000e+00,0.00000000e+00,1.60303186e-04,3.03215547e-06,0.00000000e+00,0.00000000e+00,4.57570999e+00,1.50170624e-02
1.40835190e+02,1.40585190e+02,1.32993170e-04,2.33948969e-06,0.00000000e+00,0.00000000e+00,2.54848689e-05,1.05965432e-06,5.13209953e-08,4.07698785e-08,1.67789875e-01,2.02860366e-03,8.88013838e+02,1.50974073e+01,0.00000000e+00,0.00000000e+00,1.58435724e-04,2.63640112e-06,0.00000000e+00,0.00000000e+00,0.00000000e+00,0.00000000e+00
1.40935215e+02,1.40685215e+02,1.32742464e-04,2.27520261e-06,0.00000000e+00,0.00000000e+00,2.61292808e-05,1.60553274e-06,5.12554534e-08,4.07069578e-08,1.67587330e-01,2.00025313e-03,8.92112590e+02,1.72107251e+01,0.00000000e+00,0.00000000e+00,1.58829522e-04,2.85763399e-06,0.00000000e+00,0.00000000e+00,4.56669999e+00,1.46999033e-02
1.41035240e+02,1.40785240e+02,1.32047176e-04,2.17086443e-06,0.00000000e+00,0.00000000e+00,2.49630073e-05,1.07979272e-06,5.11903736e-08,4.06444888e-08,1.66588616e-01,1.98504889e-03,8.77656885e+02,1.51772768e+01,0.00000000e+00,0.00000000e+00,1.56967702e-04,2.55977010e-06,0.00000000e+00,0.00000000e+00,0.00000000e+00,0.00000000e+00
1.41135265e+02,1.40885265e+02,1.32969030e-04,2.19918604e-06,0.00000000e+00,0.00000000e+00,2.47867601e-05,8.70587102e-07,5.11257506e-08,4.05824666e-08,1.66525366e-01,1.98131816e-03,8.79601737e+02,1.42497771e+01,0.00000000e+00,0.00000000e+00,1.57713251e-04,2.56508295e-06,0.00000000e+00,0.00000000e+00,4.56065999e+00,1.46780477e-02
1.41235290e+02,1.40985290e+02,1.32454712e-04,2.36011786e-06,0.00000000e+00,0.00000000e+00,2.74304513e-05,1.90649492e-06,5.10615796e-08,4.05208863e-08,1.65735682e-01,2.12967506e-03,9.00142882e+02,1.86752420e+01,0.00000000e+00,0.00000000e+00,1.59842647e-04,3.14720969e-06,0.00000000e+00,0.00000000e+00,0.00000000e+00,0.00000000e+00
1.41335315e+02,1.41085315e+02,1.31650722e-04,2.24420086e-06,0.00000000e+00,0.00000000e+00,2.59425447e-05,1.33631040e-06,5.09978555e-08,4.04597428e-08,1.65297086e-01,1.94793122e-03,8.83212054e+02,1.67583515e+01,0.00000000e+00,0.00000000e+00,1.57550803e-04,2.85356876e-06,0.00000000e+00,0.00000000e+00,4.55109999e+00,1.43064472e-02
1.41435341e+02,1.41185341e+02,1.32118482e-04,2.26955639e-06,0.00000000e+00,0.00000000e+00,2.51606635e-05,1.13084280e-06,5.09345734e-08,4.03990315e-08,1.65570365e-01,1.93937865e-03,8.77726610e+02,1.49875515e+01,0.00000000e+00,0.00000000e+00,1.57236114e-04,2.71987797e-06,0.00000000e+00,0.00000000e+00,0.00000000e+00,0.00000000e+00
1.41535366e+02,1.41285366e+02,1.32094028e-04,2.40150507e-06,0.00000000e+00,0.00000000e+00,2.60743275e-05,1.66559554e-06,5.08717287e-08,4.03387475e-08,1.65126166e-01,2.06054183e-03,8.82920900e+02,1.83331905e+01,0.00000000e+00,0.00000000e+00,1.58124380e-04,3.13927843e-06,0.00000000e+00,0.00000000e+00,4.54129999e+00,1.42825347e-02
1.41635391e+02,1.41385391e+02,1.31872308e-04,2.43869728e-06,0.00000000e+00,0.00000000e+00,2.50709204e-05,9.78815824e-07,5.08093166e-08,4.02788863e-08,1.63885841e-01,2.06998554e-03,8.73055233e+02,1.56263022e+01,0.00000000e+00,0.00000000e+00,1.56899259e-04,2.83541599e-06,0.00000000e+00,0.00000000e+00,0.00000000e+00,0.00000000e+00
1.41735416e+02,1.41485416e+02,1.31896694e-04,2.33066591e-06,0.00000000e+00,0.00000000e+00,2.61632772e-05,1.30290930e-06,5.07473324e-08,4.02194433e-08,1.64193651e-01,2.06744857e-03,8.80826741e+02,1.61244111e+01,0.00000000e+00,0.00000000e+00,1.58016117e-04,2.82514711e-06,0.00000000e+00,0.00000000e+00,4.53406999e+00,1.42221566e-02
1.41835441e+02,1.41585441e+02,1.32736648e-04,2.35861183e-06,0.00000000e+00,0.00000000e+00,2.72124219e-05,1.63568647e-06,5.06857715e-08,4.01604139e-08,1.63615020e-01,2.05824235e-03,8.90239269e+02,1.74818218e+01,0.00000000e+00,0.00000000e+00,1.59905284e-04,3.04312135e-06,0.00000000e+00,0.00000000e+00,0.00000000e+00,0.00000000e+00
1.41935466e+02,1.41685466e+02,1.31202956e-04,2.33972692e-06,0.00000000e+00,0.00000000e+00,2.82786439e-05,1.85468627e-06,5.06246295e-08,4.01017938e-08,1.62752312e-01,2.17120006e-03,8.85464156e+02,1.73221298e+01,0.00000000e+00,0.00000000e+00,1.59437851e-04,3.09033585e-06,0.00000000e+00,0.00000000e+00,4.52728999e+00,1.42779993e-02
1.42035491e+02,1.41785491e+02,1.31142772e-04,2.25029420e-06,0.00000000e+00,0.00000000e+00,2.64314039e-05,1.60718219e-06,5.05639019e-08,4.00435784e-08,1.62045778e-01,2.08829439e-03,8.71830616e+02,1.59976867e+01,0.00000000e+00,0.00000000e+00,1.57533087e-04,2.87221811e-06,0.00000000e+00,0.00000000e+00,0.00000000e+00,0.00000000e+00
1.42135516e+02,1.41885516e+02,1.30898654e-04,2.35440434e-06,0.00000000e+00,0.00000000e+00,2.53347700e-05,1.44034452e-06,5.05374086e-08,3.99855927e-08,1.61883697e-01,2.11198436e-03,8.65441080e+02,1.63879104e+01,0.00000000e+00,0.00000000e+00,1.56192880e-04,2.91850988e-06,0.00000000e+00,0.00000000e+00,4.52032999e+00,1.43047003e-02
1.42235541e+02,1.41985541e+02,1.31547973e-04,2.61966764e-06,0.00000000e+00,0.00000000e+00,2.56662125e-05,1.74254819e-06,5.05112985e-08,3.99280325e-08,1.61807182e-01,2.11774665e-03,8.69715290e+02,1.87675387e+01,0.00000000e+00,0.00000000e+00,1.57174397e-04,3.45153881e-06,0.00000000e+00,0.00000000e+00,0.00000000e+00,0.00000000e+00
1.42335566e+02,1.42085566e+02,1.31005122e-04,2.50173729e-06,0.00000000e+00,0.00000000e+00,2.44473684e-05,1.55524564e-06,4.97962557e-08,3.92414181e-08,1.60671343e-01,2.09245244e-03,8.63822181e+02,1.88195903e+01,0.00000000e+00,0.00000000e+00,1.55413130e-04,3.28236478e-06,0.00000000e+00,0.00000000e+00,4.51321999e+00,1.42164334e-02
1.42435591e+02,1.42185591e+02,1.29321411e-04,2.28549180e-06,0.00000000e+00,0.00000000e+00,2.43725163e-05,1.49305171e-06,1.20073099e-08,1.10031986e-08,1.59842069e-01,1.96232557e-03,8.55704283e+02,1.72042153e+01,0.00000000e+00,0.00000000e+00,1.53655019e-04,3.00016339e-06,0.00000000e+00,0.00000000e+00,0.00000000e+00,0.00000000e+00
1.42535616e+02,1.42285616e+02,1.29974388e-04,2.30265572e-06,0.00000000e+00,0.00000000e+00,2.40202672e-05,1.50087031e-06,1.20069834e-08,1.10029481e-08,1.59456463e-01,2.02599601e-03,8.53641821e+02,1.73374164e+01,0.00000000e+00,0.00000000e+00,1.53955868e-04,2.98498370e-06,0.00000000e+00,0.00000000e+00,4.50461999e+00,1.40698527e-02
1.42635641e+02,1.42385641e+02,1.29294488e-04,2.32948895e-06,0.00000000e+00,0.00000000e+00,2.44625118e-05,1.55045599e-06,1.20066577e-08,1.10026981e-08,1.58523404e-01,2.07563667e-03,8.53067456e+02,1.71138485e+01,0.00000000e+00,0.00000000e+00,1.53718274e-04,2.97363062e-06,0.00000000e+00,0.00000000e+00,0.00000000e+00,0.00000000e+00
1.42735666e+02,1.42485666e+02,1.30201631e-04,2.35119527e-06,0.00000000e+00,0.00000000e+00,2.43189470e-05,1.44805576e-06,1.20063327e-08,1.10024487e-08,1.58584589e-01,2.09029781e-03,8.56678162e+02,1.69107214e+01,0.00000000e+00,0.00000000e+00,1.54481861e-04,2.95162112e-06,0.00000000e+00,0.00000000e+00,4.49826999e+00,1.38650919e-02
1.42835691e+02,1.42585691e+02,1.29822488e-04,2.32663871e-06,0.00000000e+00,0.00000000e+00,2.61717715e-05,1.88862791e-06,1.20060085e-08,1.10021998e-08,1.58958768e-01,2.05035183e-03,8.67012740e+02,1.80014966e+01,0.00000000e+00,0.00000000e+00,1.55955557e-04,3.05560829e-06,0.00000000e+00,0.00000000e+00,0.00000000e+00,0.00000000e+00
1.42935716e+02,1.42685716e+02,1.29393246e-04,2.35245788e-06,0.00000000e+00,0.00000000e+00,2.52925847e-05,1.56658936e-06,1.20056850e-08,1.10019515e-08,1.58197347e-01,2.02948358e-03,8.57232491e+02,1.72353744e+01,0.00000000e+00,0.00000000e+00,1.54646761e-04,3.03722032e-06,0.00000000e+00,0.00000000e+00,4.48989000e+00,1.38132777e-02
1.43035741e+02,1.42785741e+02,1.29976263e-04,2.26810636e-06,0.00000000e+00,0.00000000e+00,2.65499033e-05,1.93354337e-06,1.20053623e-08,1.10017037e-08,1.58192855e-01,1.94649767e-03,8.68453704e+02,1.93822349e+01,0.00000000e+00,0.00000000e+00,1.56486400e-04,3.27820821e-06,0.00000000e+00,0.00000000e+00,0.00000000e+00,0.00000000e+00
1.43135766e+02,1.42885766e+02,1.29340099e-04,2.21565265e-06,0.00000000e+00,0.00000000e+00,2.69318758e-05,1.89804965e-06,1.20050403e-08,1.10014564e-08,1.58340230e-01,1.95108878e-03,8.69159853e+02,1.91819024e+01,0.00000000e+00,0.00000000e+00,1.56232498e-04,3.19335778e-06,0.00000000e+00,0.00000000e+00,4.48486000e+00,1.36761017e-02
1.43235791e+02,1.42985791e+02,1.29846777e-04,2.31736290e-06,0.00000000e+00,0.00000000e+00,2.75599145e-05,2.01470834e-06,1.20047190e-08,1.10012097e-08,1.58371062e-01,2.05001318e-03,8.71622662e+02,2.00366193e+01,0.00000000e+00,0.00000000e+00,1.57367430e-04,3.39762213e-06,0.00000000e+00,0.00000000e+00,0.00000000e+00,0.00000000e+00
1.43335816e+02,1.43085816e+02,1.29937212e-04,2.37257112e-06,0.00000000e+00,0.00000000e+00,2.68531934e-05,1.88267920e-06,1.20043985e-08,1.10009635e-08,1.58375238e-01,2.03433398e-03,8.68720028e+02,1.88977658e+01,0.00000000e+00,0.00000000e+00,1.56751343e-04,3.24882134e-06,0.00000000e+00,0.00000000e+00,4.47424000e+00,1.41362711e-02
1.43435841e+02,1.43185841e+02,1.29239071e-04,2.32988411e-06,0.00000000e+00,0.00000000e+00,2.65179846e-05,1.90263488e-06,1.20040787e-08,1.10007178e-08,1.57505155e-01,2.05668939e-03,8.60915459e+02,1.92451150e+01,0.00000000e+00,0.00000000e+00,1.55718114e-04,3.37629946e-06,0.00000000e+00,0.00000000e+00,0.00000000e+00,0.00000000e+00
1.43535866e+02,1.43285866e+02,1.29948116e-04,2.43106517e-06,0.00000000e+00,0.00000000e+00,2.69445267e-05,2.03489820e-06,1.20037596e-08,1.10004727e-08,1.57415033e-01,2.00688815e-03,8.67018869e+02,2.06600040e+01,0.00000000e+00,0.00000000e+00,1.56854228e-04,3.59346189e-06,0.00000000e+00,0.00000000e+00,4.46386000e+00,1.39982828e-02
1.43635891e+02,1.43385891e+02,1.29659233e-04,2.38154666e-06,0.00000000e+00,0.00000000e+00,2.57310018e-05,1.73238990e-06,1.20034413e-08,1.10002281e-08,1.57403592e-01,2.06736741e-03,8.57672737e+02,1.89644175e+01,0.00000000e+00,0.00000000e+00,1.55351833e-04,3.32064182e-06,0.00000000e+00,0.00000000e+00,0.00000000e+00,0.00000000e+00
1.43735916e+02,1.43485916e+02,1.29729911e-04,2.33452232e-06,0.00000000e+00,0.00000000e+00,2.52796723e-05,1.68298056e-06,9.56013635e-09,8.56428640e-09,1.57867156e-01,1.96419875e-03,8.54278240e+02,1.85260576e+01,0.00000000e+00,0.00000000e+00,1.54971006e-04,3.16946859e-06,0.00000000e+00,0.00000000e+00,4.45502000e+00,1.38483633e-02
1.43835941e+02,1.43585941e+02,1.30645931e-04,2.42732112e-06,0.00000000e+00,0.00000000e+00,2.61866446e-05,2.21234174e-06,9.13292204e-09,8.13886737e-09,1.57007875e-01,2.03574461e-03,8.66654565e+02,2.06128793e+01,0.00000000e+00,0.00000000e+00,1.56794287e-04,3.52882135e-06,0.00000000e+00,0.00000000e+00,0.00000000e+00,0.00000000e+00
1.43935966e+02,1.43685966e+02,1.28775615e-04,2.42876743e-06,0.00000000e+00,0.00000000e+00,2.34751273e-05,1.38939380e-06,9.12559712e-09,8.13164501e-09,1.55424154e-01,1.99592911e-03,8.33689424e+02,1.61181062e+01,0.00000000e+00,0.00000000e+00,1.52212295e-04,3.04022837e-06,0.00000000e+00,0.00000000e+00,4.44754000e+00,1.35515806e-02
1.44035991e+02,1.43785991e+02,1.28138967e-04,2.45107934e-06,0.00000000e+00,0.00000000e+00,2.31151456e-05,1.31494408e-06,9.11830684e-09,8.12445700e-09,1.54854198e-01,2.01395853e-03,8.29828001e+02,1.70304242e+01,0.00000000e+00,0.00000000e+00,1.51215068e-04,3.00341013e-06,0.00000000e+00,0.00000000e+00,0.00000000e+00,0.00000000e+00
1.44136017e+02,1.43886017e+02,1.28100520e-04,2.48504728e-06,0.00000000e+00,0.00000000e+00,2.32076740e-05,1.17312993e-06,9.11105096e-09,8.11730309e-09,1.54481525e-01,2.04306779e-03,8.31725705e+02,1.64559699e+01,0.00000000e+00,0.00000000e+00,1.51269160e-04,2.91797249e-06,0.00000000e+00,0.00000000e+00,4.43993000e+00,1.36020071e-02
1.44236042e+02,1.43986042e+02,1.26436899e-04,2.33700566e-06,0.00000000e+00,0.00000000e+00,2.32057931e-05,1.25909549e-06,9.10382921e-09,8.11018304e-09,1.52769767e-01,1.92623439e-03,8.25628145e+02,1.59979547e+01,0.00000000e+00,0.00000000e+00,1.49603072e-04,2.76630230e-06,0.00000000e+00,0.00000000e+00,0.00000000e+00,0.00000000e+00
1.44336067e+02,1.44086067e+02,1.26336607e-04,2.35011899e-06,0.00000000e+00,0.00000000e+00,2.29556474e-05,1.21645300e-06,9.09664137e-09,8.10309661e-09,1.52327396e-01,1.96627385e-03,8.20941747e+02,1.52815331e+01,0.00000000e+00,0.00000000e+00,1.49253818e-04,2.76731360e-06,0.00000000e+00,0.00000000e+00,4.43055000e+00,1.33494854e-02
1.44436092e+02,1.44186092e+02,1.25704149e-04,2.35780826e-06,0.00000000e+00,0.00000000e+00,2.30154753e-05,1.25191112e-06,9.08948719e-09,8.09604355e-09,1.51809578e-01,1.94997079e-03,8.17520202e+02,1.57758468e+01,0.00000000e+00,0.00000000e+00,1.48681873e-04,2.85541276e-06,0.00000000e+00,0.00000000e+00,0.00000000e+00,0.00000000e+00
1.44536117e+02,1.44286117e+02,1.25754720e-04,2.27669766e-06,0.00000000e+00,0.00000000e+00,2.84010691e-05,4.68476265e-06,3.32589058e-09,2.41677388e-09,1.50965581e-01,1.89265351e-03,8.53339967e+02,3.39091243e+01,0.00000000e+00,0.00000000e+00,1.54120825e-04,5.28903227e-06,0.00000000e+00,0.00000000e+00,4.42267000e+00,1.33411723e-02
1.44636142e+02,1.44386142e+02,1.25920069e-04,2.28050609e-06,0.00000000e+00,0.00000000e+00,2.82343420e-05,4.66123203e-06,1.01773400e-09,7.48967304e-10,1.50843698e-01,1.87280495e-03,8.50953064e+02,3.38866106e+01,0.00000000e+00,0.00000000e+00,1.54120492e-04,5.30051057e-06,0.00000000e+00,0.00000000e+00,0.00000000e+00,0.00000000e+00
1.44736167e+02,1.44486167e+02,1.25261208e-04,2.21956577e-06,0.00000000e+00,0.00000000e+00,2.34676309e-05,1.50721920e-06,1.01766132e-09,7.48932823e-10,1.50946617e-01,1.88780598e-03,8.17981387e+02,1.67890882e+01,0.00000000e+00,0.00000000e+00,1.48694927e-04,2.91814341e-06,0.00000000e+00,0.00000000e+00,4.41633000e+00,1.31872762e-02
1.44836192e+02,1.44586192e+02,1.26402175e-04,2.27421092e-06,0.00000000e+00,0.00000000e+00,2.23529702e-05,1.32214285e-06,1.01758883e-09,7.48898438e-10,1.51092582e-01,1.85889567e-03,8.15540687e+02,1.61530738e+01,0.00000000e+00,0.00000000e+00,1.48721227e-04,2.87578019e-06,0.00000000e+00,0.00000000e+00,0.00000000e+00,0.00000000e+00
1.44936217e+02,1.44686217e+02,1.26240007e-04,2.32343091e-06,0.00000000e+00,0.00000000e+00,2.26051634e-05,1.57315849e-06,1.01751654e-09,7.48864148e-10,1.50654375e-01,1.97571334e-03,8.14908558e+02,1.78082748e+01,0.00000000e+00,0.00000000e+00,1.48811241e-04,3.05731077e-06,0.00000000e+00,0.00000000e+00,4.40894000e+00,1.32878528e-02
1.45036242e+02,1.44786242e+02,1.25094777e-04,2.27796470e-06,0.00000000e+00,0.00000000e+00,2.42064176e-05,1.90452318e-06,1.01744444e-09,7.48829954e-10,1.50926114e-01,1.97255596e-03,8.22482830e+02,1.87548174e+01,0.00000000e+00,0.00000000e+00,1.49267284e-04,3.11851287e-06,0.00000000e+00,0.00000000e+00,0.00000000e+00,0.00000000e+00
1.45136267e+02,1.44886267e+02,1.24688968e-04,2.35659095e-06,0.00000000e+00,0.00000000e+00,2.51171705e-05,2.00599617e-06,1.01737253e-09,7.48795856e-10,1.49035116e-01,1.92634084e-03,8.24787510e+02,1.94247950e+01,0.00000000e+00,0.00000000e+00,1.49772233e-04,3.29401226e-06,0.00000000e+00,0.00000000e+00,4.40114000e+00,1.32618311e-02
1.45236292e+02,1.44986292e+02,1.24744551e-04,2.16083628e-06,0.00000000e+00,0.00000000e+00,2.44267898e-05,1.72055611e-06,1.01730081e-09,7.48761851e-10,1.48672760e-01,1.88670724e-03,8.18971709e+02,1.72590133e+01,0.00000000e+00,0.00000000e+00,1.49137434e-04,2.98148922e-06,0.00000000e+00,0.00000000e+00,0.00000000e+00,0.00000000e+00
1.45336317e+02,1.45086317e+02,1.23834729e-04,2.13118811e-06,0.00000000e+00,0.00000000e+00,2.29038266e-05,1.34427774e-06,1.01722927e-09,7.48727942e-10,1.47885824e-01,1.81728503e-03,8.03533475e+02,1.54640571e+01,0.00000000e+00,0.00000000e+00,1.46704656e-04,2.75730005e-06,0.00000000e+00,0.00000000e+00,4.39174000e+00,1.31984512e-02
1.45436342e+02,1.45186342e+02,1.24296709e-04,2.24669074e-06,0.00000000e+00,0.00000000e+00,2.52243732e-05,1.77554924e-06,1.01715793e-09,7.48694126e-10,1.48622182e-01,1.88839924e-03,8.22329534e+02,1.85159652e+01,0.00000000e+00,0.00000000e+00,1.49487209e-04,3.24367870e-06,0.00000000e+00,0.00000000e+00,0.00000000e+00,0.00000000e+00
1.45536367e+02,1.45286367e+02,1.24802358e-04,2.32052965e-06,0.00000000e+00,0.00000000e+00,2.91193759e-05,4.42847645e-06,1.01708678e-09,7.48660403e-10,1.48542429e-01,1.90522308e-03,8.48857764e+02,3.25067643e+01,0.00000000e+00,0.00000000e+00,1.53887976e-04,5.24376477e-06,0.00000000e+00,0.00000000e+00,4.38215000e+00,1.31667347e-02
1.45636392e+02,1.45386392e+02,1.24467703e-04,2.37092480e-06,0.00000000e+00,0.00000000e+00,2.57102841e-05,1.98210119e-06,1.01701581e-09,7.48626774e-10,1.48269646e-01,1.95858459e-03,8.22496154e+02,2.02592058e+01,0.00000000e+00,0.00000000e+00,1.50144230e-04,3.63409655e-06,0.00000000e+00,0.00000000e+00,0.00000000e+00,0.00000000e+00
1.45736417e+02,1.45486417e+02,1.23469484e-04,2.45176079e-06,0.00000000e+00,0.00000000e+00,2.42698820e-05,1.51413561e-06,1.01694503e-09,7.48593238e-10,1.47098941e-01,1.98001833e-03,8.09456193e+02,1.75772888e+01,0.00000000e+00,0.00000000e+00,1.47705181e-04,3.20778143e-06,0.00000000e+00,0.00000000e+00,4.37236000e+00,1.33825192e-02
1.45836442e+02,1.45586442e+02,1.25465130e-04,2.53631233e-06,0.00000000e+00,0.00000000e+00,2.40782178e-05,1.39232113e-06,1.01687443e-09,7.48559794e-10,1.48353327e-01,2.00696926e-03,8.16690164e+02,1.65364518e+01,0.00000000e+00,0.00000000e+00,1.49509170e-04,3.09072632e-06,0.00000000e+00,0.00000000e+00,0.00000000e+00,0.00000000e+00
1.45936467e+02,1.45686467e+02,1.24957909e-04,2.37383906e-06,0.00000000e+00,0.00000000e+00,2.47874741e-05,1.53714526e-06,1.01680402e-09,7.48526443e-10,1.47668513e-01,1.97666865e-03,8.16653233e+02,1.60768127e+01,0.00000000e+00,0.00000000e+00,1.49711212e-04,3.00142261e-06,0.00000000e+00,0.00000000e+00,4.36582999e+00,1.34110993e-02
1.46036492e+02,1.45786492e+02,1.25255561e-04,2.42204060e-06,0.00000000e+00,0.00000000e+00,2.90739624e-05,4.40280349e-06,1.01673380e-09,7.48493183e-10,1.47236604e-01,1.92333734e-03,8.48715415e+02,3.26860612e+01,0.00000000e+00,0.00000000e+00,1.54295356e-04,5.05747963e-06,0.00000000e+00,0.00000000e+00,0.00000000e+00,0.00000000e+00
1.46136517e+02,1.45886517e+02,1.25199476e-04,2.39219717e-06,0.00000000e+00,0.00000000e+00,2.48170802e-05,1.89613921e-06,1.01666376e-09,7.48460014e-10,1.47188808e-01,1.94523565e-03,8.21411242e+02,1.80117475e+01,0.00000000e+00,0.00000000e+00,1.49982395e-04,3.20173693e-06,0.00000000e+00,0.00000000e+00,4.35545999e+00,1.33765920e-02
1.46236542e+02,1.45986542e+02,1.24267290e-04,2.38111645e-06,0.00000000e+00,0.00000000e+00,2.34865418e-05,1.38205099e-06,1.02381311e-09,7.54799748e-10,1.46034813e-01,1.99673321e-03,8.06386551e+02,1.56102587e+01,0.00000000e+00,0.00000000e+00,1.47719713e-04,2.83986902e-06,0.00000000e+00,0.00000000e+00,0.00000000e+00,0.00000000e+00
1.46336567e+02,1.46086567e+02,1.24522725e-04,2.57183602e-06,0.00000000e+00,0.00000000e+00,2.42005987e-05,1.54769632e-06,8.92133682e-10,7.12073768e-10,1.46147163e-01,2.04339854e-03,8.12042210e+02,1.73603585e+01,0.00000000e+00,0.00000000e+00,1.48690441e-04,3.08932113e-06,0.00000000e+00,0.00000000e+00,4.34640999e+00,1.33395295e-02
1.46436592e+02,1.46186592e+02,1.22933615e-04,2.29443241e-06,0.00000000e+00,0.00000000e+00,2.38856554e-05,1.35625070e-06,6.82640960e-10,6.82640960e-10,1.45468584e-01,2.03021262e-03,7.98851435e+02,1.60025292e+01,0.00000000e+00,0.00000000e+00,1.46788117e-04,2.88372942e-06,0.00000000e+00,0.00000000e+00,0.00000000e+00,0.00000000e+00
1.46536617e+02,1.46286617e+02,1.22853395e-04,2.31304063e-06,0.00000000e+00,0.00000000e+00,2.41786764e-05,1.41213188e-06,6.82586452e-10,6.82586452e-10,1.45190787e-01,2.02668964e-03,8.01548747e+02,1.62233773e+01,0.00000000e+00,0.00000000e+00,1.47000946e-04,2.91785376e-06,0.00000000e+00,0.00000000e+00,4.33816999e+00,1.35162981e-02
1.46636642e+02,1.46386642e+02,1.23896875e-04,2.34095412e-06,0.00000000e+00,0.00000000e+00,2.49110393e-05,1.59484670e-06,6.82532069e-10,6.82532069e-10,1.45736340e-01,2.02240498e-03,8.12707175e+02,1.70897573e+01,0.00000000e+00,0.00000000e+00,1.48777370e-04,3.03879994e-06,0.00000000e+00,0.00000000e+00,0.00000000e+00,0.00000000e+00
1.46736668e+02,1.46486668e+02,1.23340557e-04,2.40462027e-06,0.00000000e+00,0.00000000e+00,2.37850430e-05,1.34647817e-06,6.82477809e-10,6.82477809e-10,1.44608084e-01,1.99500672e-03,8.03461781e+02,1.66364991e+01,0.00000000e+00,0.00000000e+00,1.47094748e-04,3.01287285e-06,0.00000000e+00,0.00000000e+00,4.32961999e+00,1.32824771e-02
1.46836693e+02,1.46586693e+02,1.21722007e-04,2.19752167e-06,0.00000000e+00,0.00000000e+00,2.37782910e-05,1.55819854e-06,6.82423674e-10,6.82423674e-10,1.43174380e-01,1.95031753e-03,7.94216157e+02,1.70532704e+01,0.00000000e+00,0.00000000e+00,1.45469721e-04,3.02114115e-06,0.00000000e+00,0.00000000e+00,0.00000000e+00,0.00000000e+00
1.46936718e+02,1.46686718e+02,1.21901013e-04,2.16506693e-06,0.00000000e+00,0.00000000e+00,2.42052262e-05,1.67682738e-06,6.82369661e-10,6.82369661e-10,1.43353069e-01,1.97534420e-03,7.93217056e+02,1.64471653e+01,0.00000000e+00,0.00000000e+00,1.46077303e-04,3.08377188e-06,0.00000000e+00,0.00000000e+00,4.32177999e+00,1.30323030e-02
1.47036743e+02,1.46786743e+02,1.22202443e-04,2.13826885e-06,0.00000000e+00,0.00000000e+00,2.43096057e-05,1.84400741e-06,6.82315772e-10,6.82315772e-10,1.43066875e-01,1.92458783e-03,8.01109679e+02,1.86375043e+01,0.00000000e+00,0.00000000e+00,1.46485108e-04,3.17037812e-06,0.00000000e+00,0.00000000e+00,0.00000000e+00,0.00000000e+00
1.47136768e+02,1.46886768e+02,1.22218792e-04,2.29112971e-06,0.00000000e+00,0.00000000e+00,2.39848273e-05,1.70013141e-06,6.82262005e-10,6.82262005e-10,1.42842443e-01,1.88924775e-03,7.99037433e+02,1.83022987e+01,0.00000000e+00,0.00000000e+00,1.46178000e-04,3.19912837e-06,0.00000000e+00,0.00000000e+00,4.31285999e+00,1.30132953e-02
1.47236793e+02,1.46986793e+02,1.21732383e-04,2.17962855e-06,0.00000000e+00,0.00000000e+00,2.38504705e-05,1.75580835e-06,6.82208361e-10,6.82208361e-10,1.42419529e-01,1.90159112e-03,7.92052768e+02,1.83466033e+01,0.00000000e+00,0.00000000e+00,1.45559319e-04,3.11685981e-06,0.00000000e+00,0.00000000e+00,0.00000000e+00,0.00000000e+00
1.47336818e+02,1.47086818e+02,1.20337581e-04,2.16799554e-06,0.00000000e+00,0.00000000e+00,2.38233489e-05,1.85835171e-06,6.82154838e-10,6.82154838e-10,1.41034940e-01,1.96187115e-03,7.85421853e+02,1.92769869e+01,0.00000000e+00,0.00000000e+00,1.44137426e-04,3.23342670e-06,0.00000000e+00,0.00000000e+00,4.30665999e+00,1.29439288e-02
1.47436843e+02,1.47186843e+02,1.19948113e-04,2.14414001e-06,0.00000000e+00,0.00000000e+00,2.45056446e-05,1.73373042e-06,6.82101437e-10,6.82101437e-10,1.40206788e-01,1.99038396e-03,7.87041226e+02,1.77501991e+01,0.00000000e+00,0.00000000e+00,1.44431358e-04,3.04260585e-06,0.00000000e+00,0.00000000e+00,0.00000000e+00,0.00000000e+00
1.47536868e+02,1.47286868e+02,1.20593307e-04,2.14060310e-06,0.00000000e+00,0.00000000e+00,2.45520273e-05,1.72660605e-06,6.82048157e-10,6.82048157e-10,1.40843553e-01,2.00048601e-03,7.89182946e+02,1.67755702e+01,0.00000000e+00,0.00000000e+00,1.45123733e-04,2.94293069e-06,0.00000000e+00,0.00000000e+00,4.29794999e+00,1.31644636e-02
1.47636893e+02,1.47386893e+02,1.19621653e-04,2.13905858e-06,0.00000000e+00,0.00000000e+00,2.46250003e-05,1.78124969e-06,6.81994997e-10,6.81994997e-10,1.40114799e-01,1.95816933e-03,7.83732970e+02,1.73236301e+01,0.00000000e+00,0.00000000e+00,1.44225359e-04,3.04013140e-06,0.00000000e+00,0.00000000e+00,0.00000000e+00,0.00000000e+00
1.47736918e+02,1.47486918e+02,1.20035981e-04,2.16853163e-06,0.00000000e+00,0.00000000e+00,2.65923943e-05,2.18532426e-06,6.81941958e-10,6.81941958e-10,1.40624561e-01,1.99925442e-03,8.00172231e+02,1.96009572e+01,0.00000000e+00,0.00000000e+00,1.46607343e-04,3.32916715e-06,0.00000000e+00,0.00000000e+00,4.29028999e+00,1.33561265e-02
1.47836943e+02,1.47586943e+02,1.18749163e-04,2.19788103e-06,0.00000000e+00,0.00000000e+00,2.72452206e-05,2.44090011e-06,6.81889039e-10,6.81889039e-10,1.39388805e-01,1.99864921e-03,7.98074263e+02,2.23102716e+01,0.00000000e+00,0.00000000e+00,1.45974755e-04,3.62110005e-06,0.00000000e+00,0.00000000e+00,0.00000000e+00,0.00000000e+00
1.47936968e+02,1.47686968e+02,1.19196866e-04,2.12636457e-06,0.00000000e+00,0.00000000e+00,2.52567072e-05,1.82034225e-06,6.81836239e-10,6.81836239e-10,1.39389645e-01,1.92476662e-03,7.86714944e+02,1.74886424e+01,0.00000000e+00,0.00000000e+00,1.44433890e-04,3.02870781e-06,0.00000000e+00,0.00000000e+00,4.28467000e+00,1.31733051e-02
1.48036993e+02,1.47786993e+02,1.19237661e-04,2.16972226e-06,0.00000000e+00,0.00000000e+00,2.31363332e-05,1.57437666e-06,6.81783559e-10,6.81783559e-10,1.38872081e-01,1.84897028e-03,7.72770511e+02,1.55318790e+01,0.00000000e+00,0.00000000e+00,1.42353512e-04,2.78025338e-06,0.00000000e+00,0.00000000e+00,0.00000000e+00,0.00000000e+00
1.48137018e+02,1.47887018e+02,1.19231944e-04,2.16397705e-06,0.00000000e+00,0.00000000e+00,2.37871092e-05,1.60941209e-06,6.81730997e-10,6.81730997e-10,1.39116917e-01,1.87605667e-03,7.77014210e+02,1.56472475e+01,0.00000000e+00,0.00000000e+00,1.42998570e-04,2.79980928e-06,0.00000000e+00,0.00000000e+00,4.27721000e+00,1.33439903e-02
1.48237043e+02,1.47987043e+02,1.19251412e-04,2.20837839e-06,0.00000000e+00,0.00000000e+00,2.53850362e-05,1.90865641e-06,6.81678554e-10,6.81678554e-10,1.39053159e-01,1.93892875e-03,7.86920891e+02,1.80334294e+01,0.00000000e+00,0.00000000e+00,1.44616020e-04,3.03110190e-06,0.00000000e+00,0.00000000e+00,0.00000000e+00,0.00000000e+00
1.48337068e+02,1.48087068e+02,1.19966471e-04,2.28216345e-06,0.00000000e+00,0.00000000e+00,2.30237357e-05,1.52155362e-06,6.81626229e-10,6.81626229e-10,1.38860478e-01,1.95315621e-03,7.74253425e+02,1.61011065e+01,0.00000000e+00,0.00000000e+00,1.42968455e-04,2.84876250e-06,0.00000000e+00,0.00000000e+00,4.27055000e+00,1.33673231e-02
1.48437093e+02,1.48187093e+02,1.20746092e-04,2.42176596e-06,0.00000000e+00,0.00000000e+00,2.36474270e-05,1.53068488e-06,6.81574022e-10,6.81574022e-10,1.39133832e-01,1.88929468e-03,7.80371865e+02,1.70556022e+01,0.00000000e+00,0.00000000e+00,1.44371427e-04,3.07124986e-06,0.00000000e+00,0.00000000e+00,0.00000000e+00,0.00000000e+00
1.48537118e+02,1.48287118e+02,1.19431714e-04,2.34763622e-06,0.00000000e+00,0.00000000e+00,2.75031414e-05,4.83810425e-06,6.81521932e-10,6.81521932e-10,1.38985437e-01,1.92808697e-03,8.06967804e+02,3.89051319e+01,0.00000000e+00,0.00000000e+00,1.46912738e-04,5.56591025e-06,0.00000000e+00,0.00000000e+00,4.26617000e+00,1.34399904e-02
1.48637143e+02,1.48387143e+02,1.18007792e-04,2.25742927e-06,0.00000000e+00,0.00000000e+00,2.44004510e-05,2.16731866e-06,6.81469960e-10,6.81469960e-10,1.37334316e-01,1.91289567e-03,7.75801735e+02,2.02768374e+01,0.00000000e+00,0.00000000e+00,1.42386094e-04,3.30185890e-06,0.00000000e+00,0.00000000e+00,0.00000000e+00,0.00000000e+00
1.48737168e+02,1.48487168e+02,1.17854900e-04,2.24335258e-06,0.00000000e+00,0.00000000e+00,2.17114968e-05,1.19083387e-06,6.81418103e-10,6.81418103e-10,1.36462897e-01,1.89179733e-03,7.56502345e+02,1.48687383e+01,0.00000000e+00,0.00000000e+00,1.39544259e-04,2.64174972e-06,0.00000000e+00,0.00000000e+00,4.26010000e+00,1.32998556e-02
1.48837193e+02,1.48587193e+02,1.17485812e-04,2.21394147e-06,0.00000000e+00,0.00000000e+00,2.17638449e-05,1.20407988e-06,6.81366364e-10,6.81366364e-10,1.36193072e-01,1.88934680e-03,7.53440574e+02,1.49171035e+01,0.00000000e+00,0.00000000e+00,1.39227525e-04,2.59868238e-06,0.00000000e+00,0.00000000e+00,0.00000000e+00,0.00000000e+00
1.48937218e+02,1.48687218e+02,1.17926591e-04,2.29067875e-06,0.00000000e+00,0.00000000e+00,2.14807658e-05,1.31014454e-06,6.81314740e-10,6.81314740e-10,1.36294239e-01,1.95444448e-03,7.54571451e+02,1.59811432e+01,0.00000000e+00,0.00000000e+00,1.39385237e-04,2.73923231e-06,0.00000000e+00,0.00000000e+00,4.25367000e+00,1.33470992e-02
1.49037243e+02,1.48787243e+02,1.16025588e-04,2.25040060e-06,0.00000000e+00,0.00000000e+00,2.10345195e-05,1.14729766e-06,6.81263232e-10,6.81263232e-10,1.34810653e-01,1.89532059e-03,7.43401480e+02,1.50315329e+01,0.00000000e+00,0.00000000e+00,1.37038000e-04,2.61620957e-06,0.00000000e+00,0.00000000e+00,0.00000000e+00,0.00000000e+00
1.49137268e+02,1.48887268e+02,1.14463243e-04,2.15210350e-06,0.00000000e+00,0.00000000e+00,2.02917021e-05,1.00160066e-06,6.81211839e-10,6.81211839e-10,1.33218520e-01,1.88966416e-03,7.27117104e+02,1.30649849e+01,0.00000000e+00,0.00000000e+00,1.34732485e-04,2.38426244e-06,0.00000000e+00,0.00000000e+00,4.24438000e+00,1.36198812e-02
1.49237293e+02,1.48987293e+02,1.15069273e-04,2.18489556e-06,0.00000000e+00,0.00000000e+00,2.01814039e-05,9.89942211e-07,6.81160561e-10,6.81160561e-10,1.33907959e-01,1.89152074e-03,7.31577259e+02,1.37228835e+01,0.00000000e+00,0.00000000e+00,1.35227550e-04,2.46025401e-06,0.00000000e+00,0.00000000e+00,0.00000000e+00,0.00000000e+00
1.49337318e+02,1.49087318e+02,1.14922242e-04,2.10639141e-06,0.00000000e+00,0.00000000e+00,2.04152388e-05,1.00403680e-06,6.81109397e-10,6.81109397e-10,1.32775200e-01,1.85879150e-03,7.31554942e+02,1.33559350e+01,0.00000000e+00,0.00000000e+00,1.35314340e-04,2.39141562e-06,0.00000000e+00,0.00000000e+00,4.23634000e+00,1.37277657e-02
1.49437344e+02,1.49187344e+02,1.14584318e-04,2.11702401e-06,0.00000000e+00,0.00000000e+00,2.24833462e-05,1.58638667e-06,6.81058348e-10,6.81058348e-10,1.32144957e-01,1.76530245e-03,7.45660876e+02,1.68541241e+01,0.00000000e+00,0.00000000e+00,1.37044303e-04,2.78833636e-06,0.00000000e+00,0.00000000e+00,0.00000000e+00,0.00000000e+00
1.49537369e+02,1.49287369e+02,1.14705696e-04,2.10985904e-06,0.00000000e+00,0.00000000e+00,2.34286059e-05,2.28589876e-06,6.81007412e-10,6.81007412e-10,1.32955313e-01,1.87191689e-03,7.52560940e+02,2.01304420e+01,0.00000000e+00,0.00000000e+00,1.38111019e-04,3.22507157e-06,0.00000000e+00,0.00000000e+00,4.22685000e+00,1.40404275e-02
1.49637394e+02,1.49387394e+02,1.15946368e-04,2.27832309e-06,0.00000000e+00,0.00000000e+00,2.14182697e-05,1.07439612e-06,6.80956590e-10,6.80956590e-10,1.33149782e-01,1.92357221e-03,7.44108727e+02,1.48391202e+01,0.00000000e+00,0.00000000e+00,1.37341452e-04,2.61784302e-06,0.00000000e+00,0.00000000e+00,0.00000000e+00,0.00000000e+00
1.49737419e+02,1.49487419e+02,1.15861578e-04,2.12772768e-06,0.00000000e+00,0.00000000e+00,2.18538483e-05,1.28556634e-06,6.80905882e-10,6.80905882e-10,1.33201312e-01,1.87080165e-03,7.47109460e+02,1.55468820e+01,0.00000000e+00,0.00000000e+00,1.37692325e-04,2.66259748e-06,0.00000000e+00,0.00000000e+00,4.21758000e+00,1.39534156e-02
1.49837444e+02,1.49587444e+02,1.15573752e-04,2.02542741e-06,0.00000000e+00,0.00000000e+00,2.20568988e-05,1.23607229e-06,6.80855286e-10,6.80855286e-10,1.32768661e-01,1.82203501e-03,7.46644116e+02,1.49562792e+01,0.00000000e+00,0.00000000e+00,1.37604226e-04,2.50189002e-06,0.00000000e+00,0.00000000e+00,0.00000000e+00,0.00000000e+00
1.49937469e+02,1.49687469e+02,1.15551623e-04,2.16843719e-06,0.00000000e+00,0.00000000e+00,2.22072423e-05,1.45744106e-06,6.80804802e-10,6.80804802e-10,1.32180856e-01,1.79378440e-03,7.44824033e+02,1.50462706e+01,0.00000000e+00,0.00000000e+00,1.37740161e-04,2.57929775e-06,0.00000000e+00,0.00000000e+00,4.20849000e+00,1.37548189e-02
1.50037494e+02,1.49787494e+02,1.14693757e-04,2.12385732e-06,0.00000000e+00,0.00000000e+00,2.16035989e-05,1.37182676e-06,6.80754431e-10,6.80754431e-10,1.31534125e-01,1.85781541e-03,7.36184874e+02,1.43704292e+01,0.00000000e+00,0.00000000e+00,1.36278822e-04,2.50371230e-06,0.00000000e+00,0.00000000e+00,0.00000000e+00,0.00000000e+00
1.50137519e+02,1.49887519e+02,1.13775539e-04,2.18010199e-06,0.00000000e+00,0.00000000e+00,2.39834085e-05,2.47135100e-06,6.80704171e-10,6.80704171e-10,1.30824433e-01,1.93385721e-03,7.45494827e+02,1.98375989e+01,0.00000000e+00,0.00000000e+00,1.37740403e-04,3.35144649e-06,0.00000000e+00,0.00000000e+00,4.20177000e+00,1.39101142e-02
1.50237544e+02,1.49987544e+02,1.13525681e-04,2.21712770e-06,0.00000000e+00,0.00000000e+00,2.20470260e-05,1.86477498e-06,6.80654023e-10,6.80654023e-10,1.30266101e-01,1.94326569e-03,7.30758696e+02,1.72019530e+01,0.00000000e+00,0.00000000e+00,1.35555815e-04,2.94475296e-06,0.00000000e+00,0.00000000e+00,0.00000000e+00,0.00000000e+00
1.50337569e+02,1.50087569e+02,1.13048924e-04,2.09153738e-06,0.00000000e+00,0.00000000e+00,2.14022796e-05,1.78625574e-06,6.80603986e-10,6.80603986e-10,1.30054348e-01,1.84728277e-03,7.23986025e+02,1.66483073e+01,0.00000000e+00,0.00000000e+00,1.34434469e-04,2.81478229e-06,0.00000000e+00,0.00000000e+00,4.19402000e+00,1.38674166e-02
1.50437594e+02,1.50187594e+02,1.12513265e-04,2.13791046e-06,0.00000000e+00,0.00000000e+00,2.05450307e-05,1.72040483e-06,6.80554059e-10,6.80554059e-10,1.29480567e-01,1.88147031e-03,7.15670410e+02,1.70160914e+01,0.00000000e+00,0.00000000e+00,1.33041593e-04,2.89127371e-06,0.00000000e+00,0.00000000e+00,0.00000000e+00,0.00000000e+00
1.50537619e+02,1.50287619e+02,1.12097428e-04,2.03294383e-06,0.00000000e+00,0.00000000e+00,2.03692909e-05,1.23072973e-06,6.80504244e-10,6.80504244e-10,1.29009543e-01,1.78321505e-03,7.08817862e+02,1.38143843e+01,0.00000000e+00,0.00000000e+00,1.32450030e-04,2.51023204e-06,0.00000000e+00,0.00000000e+00,4.18472000e+00,1.36795213e-02
1.50637644e+02,1.50387644e+02,1.12300755e-04,2.12262456e-06,0.00000000e+00,0.00000000e+00,2.18052017e-05,1.98669067e-06,6.80454538e-10,6.80454538e-10,1.29212492e-01,1.89360395e-03,7.11532165e+02,1.44728078e+01,0.00000000e+00,0.00000000e+00,1.34089271e-04,3.00783640e-06,0.00000000e+00,0.00000000e+00,0.00000000e+00,0.00000000e+00
1.50737669e+02,1.50487669e+02,1.12016502e-04,2.16150909e-06,0.00000000e+00,0.00000000e+00,2.09640878e-05,1.50610055e-06,6.80404942e-10,6.80404942e-10,1.28729156e-01,1.92152429e-03,7.06174223e+02,1.41518367e+01,0.00000000e+00,0.00000000e+00,1.32963908e-04,2.84281641e-06,0.00000000e+00,0.00000000e+00,4.17480000e+00,1.34726133e-02
1.50837694e+02,1.50587694e+02,1.11942627e-04,2.09538718e-06,0.00000000e+00,0.00000000e+00,2.09677486e-05,1.07873685e-06,6.80355455e-10,6.80355455e-10,1.28166007e-01,1.75713419e-03,7.10436613e+02,1.32759386e+01,0.00000000e+00,0.00000000e+00,1.32893697e-04,2.53900397e-06,0.00000000e+00,0.00000000e+00,0.00000000e+00,0.00000000e+00
1.50937719e+02,1.50687719e+02,1.11722283e-04,2.12833693e-06,0.00000000e+00,0.00000000e+00,2.41202226e-05,2.03234547e-06,6.80306078e-10,6.80306078e-10,1.27713899e-01,1.77592442e-03,7.29690375e+02,1.76981976e+01,0.00000000e+00,0.00000000e+00,1.35825831e-04,3.14858930e-06,0.00000000e+00,0.00000000e+00,4.16721000e+00,1.32624196e-02
1.51037744e+02,1.50787744e+02,1.12583317e-04,2.08567558e-06,0.00000000e+00,0.00000000e+00,2.52352675e-05,2.67729368e-06,6.80256809e-10,6.80256809e-10,1.29234972e-01,1.87600780e-03,7.40299448e+02,2.05784846e+01,0.00000000e+00,0.00000000e+00,1.37801920e-04,3.58748668e-06,0.00000000e+00,0.00000000e+00,0.00000000e+00,0.00000000e+00
1.51137769e+02,1.50887769e+02,1.11782296e-04,2.05219112e-06,0.00000000e+00,0.00000000e+00,2.38217079e-05,2.32497374e-06,6.80207649e-10,6.80207649e-10,1.27675413e-01,1.82310387e-03,7.29666490e+02,2.00088067e+01,0.00000000e+00,0.00000000e+00,1.35587460e-04,3.30799799e-06,0.00000000e+00,0.00000000e+00,4.15849000e+00,1.31867510e-02
1.51237794e+02,1.50987794e+02,1.11729906e-04,2.17401940e-06,0.00000000e+00,0.00000000e+00,2.35323223e-05,2.00165974e-06,6.80158597e-10,6.80158597e-10,1.27227403e-01,1.77123015e-03,7.26360349e+02,1.86424941e+01,0.00000000e+00,0.00000000e+00,1.35245679e-04,3.22243379e-06,0.00000000e+00,0.00000000e+00,0.00000000e+00,0.00000000e+00
1.51337819e+02,1.51087819e+02,1.11389250e-04,2.13795557e-06,0.00000000e+00,0.00000000e+00,2.15260532e-05,1.36936134e-06,6.80109653e-10,6.80109653e-10,1.26344186e-01,1.73248247e-03,7.09520123e+02,1.61205358e+01,0.00000000e+00,0.00000000e+00,1.32898395e-04,2.93068733e-06,0.00000000e+00,0.00000000e+00,4.15063000e+00,1.32521822e-02
1.51437844e+02,1.51187844e+02,1.09860927e-04,2.01866010e-06,0.00000000e+00,0.00000000e+00,2.22153656e-05,1.43795064e-06,6.80060816e-10,6.80060816e-10,1.25494673e-01,1.77201772e-03,7.07241964e+02,1.63040263e+01,0.00000000e+00,0.00000000e+00,1.32059437e-04,2.88218624e-06,0.00000000e+00,0.00000000e+00,0.00000000e+00,0.00000000e+00
1.51537869e+02,1.51287869e+02,1.10557440e-04,2.16295710e-06,0.00000000e+00,0.00000000e+00,2.17183141e-05,1.38045613e-06,6.80012087e-10,6.80012087e-10,1.25866858e-01,1.83855731e-03,7.09198401e+02,1.67857882e+01,0.00000000e+00,0.00000000e+00,1.32258706e-04,2.97114968e-06,0.00000000e+00,0.00000000e+00,4.14329000e+00,1.33719840e-02
1.51637894e+02,1.51387894e+02,1.08893094e-04,2.02397112e-06,0.00000000e+00,0.00000000e+00,2.23961176e-05,1.70361281e-06,6.79963464e-10,6.79963464e-10,1.25139118e-01,1.77558726e-03,7.07765361e+02,1.69587547e+01,0.00000000e+00,0.00000000e+00,1.31271979e-04,2.89548759e-06,0.00000000e+00,0.00000000e+00,0.00000000e+00,0.00000000e+00
1.51737919e+02,1.51487919e+02,1.10078963e-04,1.93762420e-06,0.00000000e+00,0.00000000e+00,2.21526031e-05,1.79719060e-06,6.79914948e-10,6.79914948e-10,1.25997264e-01,1.78121387e-03,7.12726740e+02,1.68083541e+01,0.00000000e+00,0.00000000e+00,1.32215313e-04,2.85370140e-06,0.00000000e+00,0.00000000e+00,4.13516000e+00,1.33466578e-02
1.51837944e+02,1.51587944e+02,1.10980584e-04,2.05593343e-06,0.00000000e+00,0.00000000e+00,2.16819986e-05,1.32329650e-06,6.79866538e-10,6.79866538e-10,1.25841714e-01,1.79910409e-03,7.11795913e+02,1.48536153e+01,0.00000000e+00,0.00000000e+00,1.32646340e-04,2.59072369e-06,0.00000000e+00,0.00000000e+00,0.00000000e+00,0.00000000e+00
1.51937969e+02,1.51687969e+02,1.10363374e-04,2.07373080e-06,0.00000000e+00,0.00000000e+00,2.23386409e-05,1.83721481e-06,6.79818234e-10,6.79818234e-10,1.25301400e-01,1.81426732e-03,7.11895244e+02,1.80383794e+01,0.00000000e+00,0.00000000e+00,1.32685778e-04,3.03919567e-06,0.00000000e+00,0.00000000e+00,4.12695000e+00,1.33765162e-02
1.52037994e+02,1.51787994e+02,1.10838278e-04,2.11942894e-06,0.00000000e+00,0.00000000e+00,2.29200170e-05,2.04764004e-06,6.79770035e-10,6.79770035e-10,1.25344579e-01,1.89286197e-03,7.18087269e+02,1.90579149e+01,0.00000000e+00,0.00000000e+00,1.33742064e-04,3.23477384e-06,0.00000000e+00,0.00000000e+00,0.00000000e+00,0.00000000e+00
1.52138020e+02,1.51888020e+02,1.09937364e-04,2.11785845e-06,0.00000000e+00,0.00000000e+00,2.37893138e-05,2.17079535e-06,6.79721942e-10,6.79721942e-10,1.25197198e-01,1.97925772e-03,7.20410549e+02,2.01321145e+01,0.00000000e+00,0.00000000e+00,1.33710453e-04,3.30103214e-06,0.00000000e+00,0.00000000e+00,4.11733000e+00,1.32774438e-02
1.52238045e+02,1.51988045e+02,1.09466778e-04,2.05377239e-06,0.00000000e+00,0.00000000e+00,2.28602631e-05,1.99299415e-06,6.79673953e-10,6.79673953e-10,1.24007504e-01,1.93701710e-03,7.09952271e+02,1.91485704e+01,0.00000000e+00,0.00000000e+00,1.32310822e-04,3.22988453e-06,0.00000000e+00,0.00000000e+00,0.00000000e+00,0.00000000e+00
1.52338070e+02,1.52088070e+02,1.09684143e-04,2.08945353e-06,0.00000000e+00,0.00000000e+00,2.35982658e-05,2.21670578e-06,6.79626070e-10,6.79626070e-10,1.22991880e-01,1.88412086e-03,7.17119777e+02,1.86966942e+01,0.00000000e+00,0.00000000e+00,1.33266196e-04,3.13087096e-06,0.00000000e+00,0.00000000e+00,4.10926000e+00,1.31467291e-02
1.52438095e+02,1.52188095e+02,1.09750633e-04,2.10517288e-06,0.00000000e+00,0.00000000e+00,2.35065734e-05,2.59867870e-06,6.79578290e-10,6.79578290e-10,1.22886202e-01,1.81841632e-03,7.18453301e+02,2.12316327e+01,0.00000000e+00,0.00000000e+00,1.33243470e-04,3.39565427e-06,0.00000000e+00,0.00000000e+00,0.00000000e+00,0.00000000e+00
1.52538120e+02,1.52288120e+02,1.10418484e-04,2.20328450e-06,0.00000000e+00,0.00000000e+00,2.31539822e-05,2.41124617e-06,6.79530615e-10,6.79530615e-10,1.22717231e-01,1.93417243e-03,7.17142225e+02,2.00428630e+01,0.00000000e+00,0.00000000e+00,1.33560476e-04,3.30493067e-06,0.00000000e+00,0.00000000e+00,4.09969000e+00,1.31987655e-02
1.52638145e+02,1.52388145e+02,1.09197566e-04,2.15921665e-06,0.00000000e+00,0.00000000e+00,2.21527356e-05,1.76483536e-06,6.79483043e-10,6.79483043e-10,1.22441627e-01,1.88493389e-03,7.05803468e+02,1.72319683e+01,0.00000000e+00,0.00000000e+00,1.31337068e-04,2.99095542e-06,0.00000000e+00,0.00000000e+00,0.00000000e+00,0.00000000e+00
1.52738170e+02,1.52488170e+02,1.07794042e-04,2.07764834e-06,0.00000000e+00,0.00000000e+00,1.99720549e-05,1.26749407e-06,6.79435575e-10,6.79435575e-10,1.21913078e-01,1.81273101e-03,6.86928560e+02,1.54550559e+01,0.00000000e+00,0.00000000e+00,1.27752873e-04,2.70083698e-06,0.00000000e+00,0.00000000e+00,4.09016000e+00,1.33127849e-02
1.52838195e+02,1.52588195e+02,1.07688510e-04,2.08839734e-06,0.00000000e+00,0.00000000e+00,1.99448884e-05,1.41011010e-06,6.79388210e-10,6.79388210e-10,1.21569644e-01,1.77920919e-03,6.86312541e+02,1.56106016e+01,0.00000000e+00,0.00000000e+00,1.27620212e-04,2.63251605e-06,0.00000000e+00,0.00000000e+00,0.00000000e+00,0.00000000e+00
1.52938220e+02,1.52688220e+02,1.06811093e-04,2.08485333e-06,0.00000000e+00,0.00000000e+00,1.90033028e-05,1.50856073e-06,6.79340947e-10,6.79340947e-10,1.20646026e-01,1.80897305e-03,6.75458787e+02,1.62250687e+01,0.00000000e+00,0.00000000e+00,1.25802078e-04,2.65455229e-06,0.00000000e+00,0.00000000e+00,4.08305000e+00,1.32197385e-02
1.53038245e+02,1.52788245e+02,1.07774069e-04,2.11901308e-06,0.00000000e+00,0.00000000e+00,1.81305944e-05,1.06418478e-06,6.79293787e-10,6.79293787e-10,1.21066160e-01,1.83209652e-03,6.71448259e+02,1.39424437e+01,0.00000000e+00,0.00000000e+00,1.25894786e-04,2.52926507e-06,0.00000000e+00,0.00000000e+00,0.00000000e+00,0.00000000e+00
1.53138270e+02,1.52888270e+02,1.06875895e-04,2.04478692e-06,0.00000000e+00,0.00000000e+00,1.90284160e-05,1.16239895e-06,6.79246729e-10,6.79246729e-10,1.20457557e-01,1.71891912e-03,6.70541424e+02,1.41903221e+01,0.00000000e+00,0.00000000e+00,1.25894816e-04,2.57962491e-06,0.00000000e+00,0.00000000e+00,4.07392000e+00,1.32269900e-02
1.53238295e+02,1.52988295e+02,1.06479391e-04,2.09082313e-06,0.00000000e+00,0.00000000e+00,1.86367414e-05,1.04218183e-06,6.79199773e-10,6.79199773e-10,1.20129111e-01,1.70982886e-03,6.66054974e+02,1.35174114e+01,0.00000000e+00,0.00000000e+00,1.25106736e-04,2.53264356e-06,0.00000000e+00,0.00000000e+00,0.00000000e+00,0.00000000e+00
1.53338320e+02,1.53088320e+02,1.05736402e-04,2.00320290e-06,0.00000000e+00,0.00000000e+00,1.88434216e-05,1.19303276e-06,6.79152919e-10,6.79152919e-10,1.19513135e-01,1.63911990e-03,6.65342531e+02,1.40930852e+01,0.00000000e+00,0.00000000e+00,1.24570428e-04,2.51955796e-06,0.00000000e+00,0.00000000e+00,4.06575000e+00,1.31292053e-02
1.53438345e+02,1.53188345e+02,1.06133437e-04,2.05438907e-06,0.00000000e+00,0.00000000e+00,1.98061431e-05,1.41982713e-06,6.79106166e-10,6.79106166e-10,1.19714223e-01,1.74731033e-03,6.73829013e+02,1.53623276e+01,0.00000000e+00,0.00000000e+00,1.25930161e-04,2.64548524e-06,0.00000000e+00,0.00000000e+00,0.00000000e+00,0.00000000e+00
1.53538370e+02,1.53288370e+02,1.04651971e-04,2.10021187e-06,0.00000000e+00,0.00000000e+00,2.15175910e-05,1.75208793e-06,6.79059514e-10,6.79059514e-10,1.18279707e-01,1.71055122e-03,6.77108564e+02,1.70805269e+01,0.00000000e+00,0.00000000e+00,1.26160442e-04,2.89190852e-06,0.00000000e+00,0.00000000e+00,4.05689000e+00,1.30528056e-02
1.53638395e+02,1.53388395e+02,1.05322548e-04,2.06971694e-06,0.00000000e+00,0.00000000e+00,2.17907507e-05,1.62351324e-06,6.79012962e-10,6.79012962e-10,1.18731535e-01,1.72415063e-03,6.80502876e+02,1.61366242e+01,0.00000000e+00,0.00000000e+00,1.27104477e-04,2.84235390e-06,0.00000000e+00,0.00000000e+00,0.00000000e+00,0.00000000e+00
1.53738420e+02,1.53488420e+02,1.04426757e-04,1.97547297e-06,0.00000000e+00,0.00000000e+00,2.25484321e-05,1.74689863e-06,6.78966511e-10,6.78966511e-10,1.18596478e-01,1.64561624e-03,6.79082240e+02,1.65713792e+01,0.00000000e+00,0.00000000e+00,1.26966832e-04,2.86482247e-06,0.00000000e+00,0.00000000e+00,4.04656999e+00,1.32035364e-02
1.53838445e+02,1.53588445e+02,1.05736828e-04,2.02855325e-06,0.00000000e+00,0.00000000e+00,2.22588933e-05,1.77834066e-06,6.78920160e-10,6.78920160e-10,1.19561073e-01,1.70752868e-03,6.86976818e+02,1.72754716e+01,0.00000000e+00,0.00000000e+00,1.27987406e-04,2.83296482e-06,0.00000000e+00,0.00000000e+00,0.00000000e+00,0.00000000e+00
1.53938470e+02,1.53688470e+02,1.05826802e-04,2.09887954e-06,0.00000000e+00,0.00000000e+00,2.37941347e-05,1.92884570e-06,6.78873909e-10,6.78873909e-10,1.18870960e-01,1.67363300e-03,6.95084385e+02,1.69186584e+01,0.00000000e+00,0.00000000e+00,1.29612660e-04,2.85156225e-06,0.00000000e+00,0.00000000e+00,4.03867999e+00,1.32005113e-02
1.54038495e+02,1.53788495e+02,1.04573098e-04,1.94961714e-06,0.00000000e+00,0.00000000e+00,2.34652944e-05,1.87840254e-06,6.78827757e-10,6.78827757e-10,1.18536511e-01,1.65249463e-03,6.85307711e+02,1.62906871e+01,0.00000000e+00,0.00000000e+00,1.28030116e-04,2.75464020e-06,0.00000000e+00,0.00000000e+00,0.00000000e+00,0.00000000e+00
1.54138520e+02,1.53888520e+02,1.04657493e-04,1.98285190e-06,0.00000000e+00,0.00000000e+00,2.38308667e-05,2.37041333e-06,6.78781705e-10,6.78781705e-10,1.17832355e-01,1.63841386e-03,6.89269523e+02,2.04496992e+01,0.00000000e+00,0.00000000e+00,1.28480483e-04,3.20813612e-06,0.00000000e+00,0.00000000e+00,4.03048999e+00,1.32129523e-02
1.54238545e+02,1.53988545e+02,1.04124592e-04,2.03050298e-06,0.00000000e+00,0.00000000e+00,2.00571259e-05,1.47436276e-06,6.78735751e-10,6.78735751e-10,1.17383569e-01,1.66802943e-03,6.60349804e+02,1.42430626e+01,0.00000000e+00,0.00000000e+00,1.24174215e-04,2.49067857e-06,0.00000000e+00,0.00000000e+00,0.00000000e+00,0.00000000e+00
1.54338570e+02,1.54088570e+02,1.02442000e-04,2.00188403e-06,0.00000000e+00,0.00000000e+00,1.85093607e-05,1.15156818e-06,6.78689896e-10,6.78689896e-10,1.16299354e-01,1.73920013e-03,6.44486391e+02,1.39753300e+01,0.00000000e+00,0.00000000e+00,1.20943953e-04,2.47376690e-06,0.00000000e+00,0.00000000e+00,4.02208999e+00,1.33867041e-02
1.54438595e+02,1.54188595e+02,1.02205758e-04,2.05256463e-06,0.00000000e+00,0.00000000e+00,1.69674465e-05,8.58558684e-07,6.78644140e-10,6.78644140e-10,1.15037619e-01,1.71355042e-03,6.34713522e+02,1.30772296e+01,0.00000000e+00,0.00000000e+00,1.19165863e-04,2.40224411e-06,0.00000000e+00,0.00000000e+00,0.00000000e+00,0.00000000e+00
1.54538620e+02,1.54288620e+02,1.01708592e-04,2.16617993e-06,0.00000000e+00,0.00000000e+00,1.77831345e-05,8.98137406e-07,6.78598481e-10,6.78598481e-10,1.14536570e-01,1.76908132e-03,6.35428718e+02,1.41136676e+01,0.00000000e+00,0.00000000e+00,1.19484537e-04,2.61627030e-06,0.00000000e+00,0.00000000e+00,4.01638999e+00,1.34817560e-02
1.54638645e+02,1.54388645e+02,1.01413303e-04,2.12539063e-06,0.00000000e+00,0.00000000e+00,1.88006347e-05,1.37814092e-06,6.78552920e-10,6.78552920e-10,1.14530649e-01,1.76945826e-03,6.38480812e+02,1.49701821e+01,0.00000000e+00,0.00000000e+00,1.20206626e-04,2.78912157e-06,0.00000000e+00,0.00000000e+00,0.00000000e+00,0.00000000e+00
1.54738671e+02,1.54488671e+02,1.00599652e-04,2.06547357e-06,0.00000000e+00,0.00000000e+00,1.80152809e-05,1.13769636e-06,6.78507457e-10,6.78507457e-10,1.14421013e-01,1.73162059e-03,6.30821416e+02,1.41741828e+01,0.00000000e+00,0.00000000e+00,1.18607622e-04,2.57661185e-06,0.00000000e+00,0.00000000e+00,4.01077999e+00,1.34531699e-02
1.54838696e+02,1.54588696e+02,1.01249883e-04,2.15394610e-06,0.00000000e+00,0.00000000e+00,1.76372726e-05,1.02200663e-06,6.78462091e-10,6.78462091e-10,1.14222893e-01,1.76956502e-03,6.28565958e+02,1.33079775e+01,0.00000000e+00,0.00000000e+00,1.18880178e-04,2.52334873e-06,0.00000000e+00,0.00000000e+00,0.00000000e+00,0.00000000e+00
1.54938721e+02,1.54688721e+02,1.01179984e-04,2.10313883e-06,0.00000000e+00,0.00000000e+00,1.88517345e-05,1.14060118e-06,6.78416821e-10,6.78416821e-10,1.14804930e-01,1.89401130e-03,6.35264525e+02,1.38796109e+01,0.00000000e+00,0.00000000e+00,1.20024846e-04,2.60634279e-06,0.00000000e+00,0.00000000e+00,4.00344999e+00,1.36232296e-02
1.55038746e+02,1.54788746e+02,1.00988187e-04,2.12830136e-06,0.00000000e+00,0.00000000e+00,1.85206141e-05,1.19692435e-06,6.78371649e-10,6.78371649e-10,1.14491707e-01,1.79444818e-03,6.34823149e+02,1.43390134e+01,0.00000000e+00,0.00000000e+00,1.19501930e-04,2.62433810e-06,0.00000000e+00,0.00000000e+00,0.00000000e+00,0.00000000e+00
1.55138771e+02,1.54888771e+02,1.01137230e-04,2.07274293e-06,0.00000000e+00,0.00000000e+00,1.82306977e-05,1.07129590e-06,6.78326572e-10,6.78326572e-10,1.13564751e-01,1.67930297e-03,6.33541428e+02,1.39999238e+01,0.00000000e+00,0.00000000e+00,1.19361062e-04,2.57186769e-06,0.00000000e+00,0.00000000e+00,3.99518999e+00,1.36034357e-02
1.55238796e+02,1.54988796e+02,1.00261653e-04,2.04114279e-06,0.00000000e+00,0.00000000e+00,1.76476222e-05,1.08175559e-06,6.78281592e-10,6.78281592e-10,1.12550814e-01,1.75491649e-03,6.26782977e+02,1.40752230e+01,0.00000000e+00,0.00000000e+00,1.17902368e-04,2.56514915e-06,0.00000000e+00,0.00000000e+00,0.00000000e+00,0.00000000e+00
1.55338821e+02,1.55088821e+02,1.00237354e-04,2.10032919e-06,0.00000000e+00,0.00000000e+00,1.67620696e-05,9.73822239e-07,6.78236708e-10,6.78236708e-10,1.12008740e-01,1.79107416e-03,6.20226718e+02,1.36806352e+01,0.00000000e+00,0.00000000e+00,1.16992547e-04,2.52644470e-06,0.00000000e+00,0.00000000e+00,3.98527999e+00,1.35937600e-02
1.55438846e+02,1.55188846e+02,9.99562617e-05,1.97022946e-06,0.00000000e+00,0.00000000e+00,1.66529789e-05,9.26804628e-07,6.78191919e-10,6.78191919e-10,1.12254928e-01,1.81436661e-03,6.17918560e+02,1.33164420e+01,0.00000000e+00,0.00000000e+00,1.16602427e-04,2.44503874e-06,0.00000000e+00,0.00000000e+00,0.00000000e+00,0.00000000e+00
1.55538871e+02,1.55288871e+02,9.96079634e-05,2.04412766e-06,0.00000000e+00,0.00000000e+00,1.64220394e-05,8.97233204e-07,7.17223647e-10,7.17223647e-10,1.12444173e-01,1.76716407e-03,6.12967376e+02,1.36739360e+01,0.00000000e+00,0.00000000e+00,1.16023078e-04,2.51064800e-06,0.00000000e+00,0.00000000e+00,3.98051999e+00,1.34780363e-02
1.55638896e+02,1.55388896e+02,1.00795178e-04,2.10793795e-06,0.00000000e+00,0.00000000e+00,1.61215245e-05,8.65850278e-07,7.55743265e-10,7.55743265e-10,1.12805058e-01,1.79096379e-03,6.14561908e+02,1.32560104e+01,0.00000000e+00,0.00000000e+00,1.16910081e-04,2.51321293e-06,0.00000000e+00,0.00000000e+00,0.00000000e+00,0.00000000e+00
1.55738921e+02,1.55488921e+02,1.01054323e-04,2.08449826e-06,0.00000000e+00,0.00000000e+00,1.72575227e-05,1.23127993e-06,7.55742706e-10,7.55742706e-10,1.12979129e-01,1.79080159e-03,6.22950221e+02,1.54080661e+01,0.00000000e+00,0.00000000e+00,1.18305294e-04,2.78095312e-06,0.00000000e+00,0.00000000e+00,3.97107999e+00,1.33435539e-02
1.55838946e+02,1.55588946e+02,9.86404290e-05,2.02139070e-06,0.00000000e+00,0.00000000e+00,1.69070007e-05,1.19356910e-06,7.55742149e-10,7.55742149e-10,1.11201770e-01,1.79926430e-03,6.08401543e+02,1.45835052e+01,0.00000000e+00,0.00000000e+00,1.15540882e-04,2.71011294e-06,0.00000000e+00,0.00000000e+00,0.00000000e+00,0.00000000e+00
1.55938971e+02,1.55688971e+02,9.88871557e-05,2.19126435e-06,0.00000000e+00,0.00000000e+00,1.57507232e-05,1.04821076e-06,7.55741592e-10,7.55741592e-10,1.10657508e-01,1.73841988e-03,6.04335661e+02,1.48568466e+01,0.00000000e+00,0.00000000e+00,1.14631340e-04,2.74606806e-06,0.00000000e+00,0.00000000e+00,3.96453999e+00,1.33253488e-02
1.56038996e+02,1.55788996e+02,9.82743389e-05,2.09825002e-06,0.00000000e+00,0.00000000e+00,1.67077926e-05,1.12020846e-06,7.55741036e-10,7.55741036e-10,1.09987207e-01,1.69143170e-03,6.07944580e+02,1.45571178e+01,0.00000000e+00,0.00000000e+00,1.14975595e-04,2.66437674e-06,0.00000000e+00,0.00000000e+00,0.00000000e+00,0.00000000e+00
1.56139021e+02,1.55889021e+02,9.86084894e-05,2.17041967e-06,0.00000000e+00,0.00000000e+00,1.85262331e-05,1.83170421e-06,7.55740482e-10,7.55740482e-10,1.10611498e-01,1.73012850e-03,6.22581492e+02,1.79293989e+01,0.00000000e+00,0.00000000e+00,1.17128223e-04,2.99308812e-06,0.00000000e+00,0.00000000e+00,3.95612999e+00,1.30972093e-02
1.56239046e+02,1.55989046e+02,9.81280163e-05,2.09663181e-06,0.00000000e+00,0.00000000e+00,1.99302538e-05,3.09374221e-06,7.55739928e-10,7.55739928e-10,1.09783371e-01,1.66761948e-03,6.29116191e+02,2.53198553e+01,0.00000000e+00,0.00000000e+00,1.18051770e-04,3.81531880e-06,0.00000000e+00,0.00000000e+00,0.00000000e+00,0.00000000e+00
1.56339071e+02,1.56089071e+02,9.71896038e-05,2.04814488e-06,0.00000000e+00,0.00000000e+00,1.97180190e-05,2.89826432e-06,7.55739376e-10,7.55739376e-10,1.08956441e-01,1.67321460e-03,6.23427694e+02,2.35046275e+01,0.00000000e+00,0.00000000e+00,1.16901116e-04,3.58273490e-06,0.00000000e+00,0.00000000e+00,3.94885999e+00,1.31806790e-02
1.56439096e+02,1.56189096e+02,9.65398787e-05,1.98670334e-06,0.00000000e+00,0.00000000e+00,1.75160116e-05,1.95608442e-06,7.55738825e-10,7.55738825e-10,1.08532652e-01,1.61117665e-03,6.05015883e+02,1.72182315e+01,0.00000000e+00,0.00000000e+00,1.14049907e-04,2.84495570e-06,0.00000000e+00,0.00000000e+00,0.00000000e+00,0.00000000e+00
1.56539121e+02,1.56289121e+02,9.58770705e-05,1.82187927e-06,0.00000000e+00,0.00000000e+00,1.59464314e-05,1.01159782e-06,7.55738274e-10,7.55738274e-10,1.08465844e-01,1.56404706e-03,5.89631880e+02,1.14000133e+01,0.00000000e+00,0.00000000e+00,1.11817537e-04,2.17777540e-06,0.00000000e+00,0.00000000e+00,3.94095999e+00,1.33411330e-02
1.56639146e+02,1.56389146e+02,9.64961957e-05,1.98781513e-06,0.00000000e+00,0.00000000e+00,1.67967739e-05,1.14820657e-06,7.55737725e-10,7.55737725e-10,1.08396588e-01,1.61302136e-03,5.94765679e+02,1.23100549e+01,0.00000000e+00,0.00000000e+00,1.13287007e-04,2.38410322e-06,0.00000000e+00,0.00000000e+00,0.00000000e+00,0.00000000e+00
1.56739171e+02,1.56489171e+02,9.50860734e-05,1.88613648e-06,0.00000000e+00,0.00000000e+00,2.25295451e-05,6.26236400e-06,7.55737177e-10,7.55737177e-10,1.07207131e-01,1.58839543e-03,6.29348256e+02,4.73722178e+01,0.00000000e+00,0.00000000e+00,1.17609656e-04,6.71274662e-06,0.00000000e+00,0.00000000e+00,3.93178999e+00,1.34375940e-02
1.56839196e+02,1.56589196e+02,9.54347480e-05,1.94686693e-06,0.00000000e+00,0.00000000e+00,1.78185656e-05,1.89531844e-06,7.55736630e-10,7.55736630e-10,1.06770119e-01,1.60161196e-03,5.93581046e+02,1.59240397e+01,0.00000000e+00,0.00000000e+00,1.13247349e-04,2.85745811e-06,0.00000000e+00,0.00000000e+00,0.00000000e+00,0.00000000e+00
1.56939221e+02,1.56689221e+02,9.55154324e-05,1.90484855e-06,0.00000000e+00,0.00000000e+00,1.72323744e-05,1.11488695e-06,7.55736084e-10,7.55736084e-10,1.06596649e-01,1.58617033e-03,5.87961574e+02,1.19607598e+01,0.00000000e+00,0.00000000e+00,1.12741843e-04,2.37325532e-06,0.00000000e+00,0.00000000e+00,3.92444999e+00,1.33730416e-02
1.57039246e+02,1.56789246e+02,9.56574052e-05,1.88489368e-06,0.00000000e+00,0.00000000e+00,2.09778637e-05,3.22954070e-06,7.55735539e-10,7.55735539e-10,1.06769165e-01,1.57554852e-03,6.17540477e+02,2.69149229e+01,0.00000000e+00,0.00000000e+00,1.16629305e-04,4.09078246e-06,0.00000000e+00,0.00000000e+00,0.00000000e+00,0.00000000e+00
1.57139271e+02,1.56889271e+02,9.51811312e-05,1.90060149e-06,0.00000000e+00,0.00000000e+00,1.78365546e-05,1.47046657e-06,7.55734995e-10,7.55734995e-10,1.06295511e-01,1.54672133e-03,5.95616207e+02,1.50656940e+01,0.00000000e+00,0.00000000e+00,1.13011718e-04,2.69766596e-06,0.00000000e+00,0.00000000e+00,3.91840999e+00,1.34299455e-02
1.57239296e+02,1.56989296e+02,9.36854018e-05,1.77549900e-06,0.00000000e+00,0.00000000e+00,1.68211439e-05,1.62087544e-06,7.55734452e-10,7.55734452e-10,1.04559350e-01,1.49165760e-03,5.83160834e+02,1.53067883e+01,0.00000000e+00,0.00000000e+00,1.10500559e-04,2.57443490e-06,0.00000000e+00,0.00000000e+00,0.00000000e+00,0.00000000e+00
1.57339321e+02,1.57089321e+02,9.36436739e-05,1.77596389e-06,0.00000000e+00,0.00000000e+00,1.62780982e-05,1.63748487e-06,7.55733910e-10,7.55733910e-10,1.04628984e-01,1.48949188e-03,5.80232912e+02,1.52981391e+01,0.00000000e+00,0.00000000e+00,1.09915786e-04,2.55267998e-06,0.00000000e+00,0.00000000e+00,3.90923999e+00,1.34302615e-02
1.57439347e+02,1.57189347e+02,9.43600088e-05,1.89983836e-06,0.00000000e+00,0.00000000e+00,1.67606487e-05,1.79159546e-06,7.55733369e-10,7.55733369e-10,1.04888350e-01,1.59051217e-03,5.87268486e+02,1.58951491e+01,0.00000000e+00,0.00000000e+00,1.11114672e-04,2.64607942e-06,0.00000000e+00,0.00000000e+00,0.00000000e+00,0.00000000e+00
1.57539372e+02,1.57289372e+02,9.43295483e-05,1.83351007e-06,0.00000000e+00,0.00000000e+00,1.74773918e-05,2.15536505e-06,7.55732829e-10,7.55732829e-10,1.04824485e-01,1.55012968e-03,5.90077626e+02,1.88224291e+01,0.00000000e+00,0.00000000e+00,1.11801337e-04,2.97470044e-06,0.00000000e+00,0.00000000e+00,3.89939999e+00,1.33247918e-02
1.57639397e+02,1.57389397e+02,9.31103761e-05,1.83740279e-06,0.00000000e+00,0.00000000e+00,1.67933402e-05,1.37409990e-06,7.55732290e-10,7.55732290e-10,1.03431004e-01,1.47561778e-03,5.77371585e+02,1.33809011e+01,0.00000000e+00,0.00000000e+00,1.09898436e-04,2.32004768e-06,0.00000000e+00,0.00000000e+00,0.00000000e+00,0.00000000e+00
1.57739422e+02,1.57489422e+02,9.22847856e-05,1.85143765e-06,0.00000000e+00,0.00000000e+00,1.60992075e-05,1.03812369e-06,7.55731753e-10,7.55731753e-10,1.03102594e-01,1.55783856e-03,5.68915715e+02,1.21038700e+01,0.00000000e+00,0.00000000e+00,1.08378713e-04,2.28242888e-06,0.00000000e+00,0.00000000e+00,3.89166999e+00,1.31609073e-02
1.57839447e+02,1.57589447e+02,9.28632183e-05,1.83315100e-06,0.00000000e+00,0.00000000e+00,1.58896508e-05,8.99714288e-07,7.55731216e-10,7.55731216e-10,1.03173587e-01,1.55338881e-03,5.71739570e+02,1.21275403e+01,0.00000000e+00,0.00000000e+00,1.08747595e-04,2.25875335e-06,0.00000000e+00,0.00000000e+00,0.00000000e+00,0.00000000e+00
1.57939472e+02,1.57689472e+02,9.30827651e-05,1.76607009e-06,0.00000000e+00,0.00000000e+00,1.62379293e-05,9.64134127e-07,7.55730680e-10,7.55730680e-10,1.03452417e-01,1.51573890e-03,5.75306979e+02,1.19588610e+01,0.00000000e+00,0.00000000e+00,1.09315421e-04,2.20879367e-06,0.00000000e+00,0.00000000e+00,3.88304999e+00,1.33575935e-02
1.58039497e+02,1.57789497e+02,9.30175516e-05,1.85087182e-06,0.00000000e+00,0.00000000e+00,1.74009001e-05,1.31527960e-06,7.55730145e-10,7.55730145e-10,1.03277259e-01,1.56775753e-03,5.82295807e+02,1.33257723e+01,0.00000000e+00,0.00000000e+00,1.10413179e-04,2.38520835e-06,0.00000000e+00,0.00000000e+00,0.00000000e+00,0.00000000e+00
1.58139522e+02,1.57889522e+02,9.24093299e-05,1.86502542e-06,0.00000000e+00,0.00000000e+00,1.74919098e-05,1.39438391e-06,7.55729612e-10,7.55729612e-10,1.02486502e-01,1.57716143e-03,5.79120153e+02,1.41240587e+01,0.00000000e+00,0.00000000e+00,1.09895914e-04,2.55539150e-06,0.00000000e+00,0.00000000e+00,3.87353999e+00,1.34513512e-02
1.58239547e+02,1.57989547e+02,9.27646925e-05,1.91376953e-06,0.00000000e+00,0.00000000e+00,1.89989596e-05,2.20178466e-06,7.55729079e-10,7.55729079e-10,1.02116317e-01,1.56636365e-03,5.92464883e+02,1.80836557e+01,0.00000000e+00,0.00000000e+00,1.11758274e-04,2.99206900e-06,0.00000000e+00,0.00000000e+00,0.00000000e+00,0.00000000e+00
1.58339572e+02,1.58089572e+02,9.17519167e-05,1.76653368e-06,0.00000000e+00,0.00000000e+00,1.71723795e-05,1.65619948e-06,7.55728547e-10,7.55728547e-10,1.01781303e-01,1.51178678e-03,5.75066577e+02,1.44411203e+01,0.00000000e+00,0.00000000e+00,1.08918920e-04,2.46660035e-06,0.00000000e+00,0.00000000e+00,3.86547999e+00,1.36757499e-02
1.58439597e+02,1.58189597e+02,9.06383739e-05,1.79904720e-06,0.00000000e+00,0.00000000e+00,1.70763206e-05,1.47533993e-06,7.55728017e-10,7.55728017e-10,1.00715504e-01,1.53561858e-03,5.67095093e+02,1.36585748e+01,0.00000000e+00,0.00000000e+00,1.07709338e-04,2.41277959e-06,0.00000000e+00,0.00000000e+00,0.00000000e+00,0.00000000e+00
1.58539622e+02,1.58289622e+02,9.01375600e-05,1.74792674e-06,0.00000000e+00,0.00000000e+00,1.78696906e-05,1.58193187e-06,7.55727487e-10,7.55727487e-10,1.00122569e-01,1.50274268e-03,5.70210425e+02,1.40699446e+01,0.00000000e+00,0.00000000e+00,1.08002060e-04,2.47158444e-06,0.00000000e+00,0.00000000e+00,3.85927999e+00,1.35511376e-02
1.58639647e+02,1.58389647e+02,9.04349373e-05,1.80543924e-06,0.00000000e+00,0.00000000e+00,1.89352641e-05,1.85977184e-06,7.55726958e-10,7.55726958e-10,1.00588456e-01,1.46908875e-03,5.78944562e+02,1.60480545e+01,0.00000000e+00,0.00000000e+00,1.09365011e-04,2.74303873e-06,0.00000000e+00,0.00000000e+00,0.00000000e+00,0.00000000e+00
1.58739672e+02,1.58489672e+02,8.91442657e-05,1.75159040e-06,0.00000000e+00,0.00000000e+00,1.83244587e-05,1.63698049e-06,7.55726431e-10,7.55726431e-10,9.96836526e-02,1.47194183e-03,5.69021173e+02,1.48644608e+01,0.00000000e+00,0.00000000e+00,1.07463533e-04,2.64699365e-06,0.00000000e+00,0.00000000e+00,3.85025999e+00,1.36866633e-02
1.58839697e+02,1.58589697e+02,8.98644593e-05,1.78351959e-06,0.00000000e+00,0.00000000e+00,1.91430825e-05,1.62230490e-06,7.55725904e-10,7.55725904e-10,1.00537320e-01,1.52261944e-03,5.77756948e+02,1.50091033e+01,0.00000000e+00,0.00000000e+00,1.09002148e-04,2.68696592e-06,0.00000000e+00,0.00000000e+00,0.00000000e+00,0.00000000e+00
1.58939722e+02,1.58689722e+02,9.00827407e-05,1.84331637e-06,0.00000000e+00,0.00000000e+00,1.81174629e-05,1.32592055e-06,7.55725378e-10,7.55725378e-10,9.99366472e-02,1.58472140e-03,5.72335437e+02,1.39728431e+01,0.00000000e+00,0.00000000e+00,1.08194763e-04,2.59169074e-06,0.00000000e+00,0.00000000e+00,3.84231999e+00,1.37041377e-02
1.59039747e+02,1.58789747e+02,8.88477133e-05,1.85834970e-06,0.00000000e+00,0.00000000e+00,1.80959328e-05,1.25215084e-06,7.55724854e-10,7.55724854e-10,9.93548592e-02,1.55535615e-03,5.65110052e+02,1.41881534e+01,0.00000000e+00,0.00000000e+00,1.06938206e-04,2.59710990e-06,0.00000000e+00,0.00000000e+00,0.00000000e+00,0.00000000e+00
1.59139772e+02,1.58889772e+02,8.78955788e-05,1.79987562e-06,0.00000000e+00,0.00000000e+00,1.82884156e-05,1.27377836e-06,7.55724330e-10,7.55724330e-10,9.88693326e-02,1.58165085e-03,5.60109354e+02,1.39466931e+01,0.00000000e+00,0.00000000e+00,1.06178556e-04,2.58391573e-06,0.00000000e+00,0.00000000e+00,3.83231999e+00,1.36280296e-02
1.59239797e+02,1.58989797e+02,8.79398996e-05,1.80487723e-06,0.00000000e+00,0.00000000e+00,2.12737322e-05,4.24891892e-06,7.55723807e-10,7.55723807e-10,9.80935622e-02,1.54952241e-03,5.82804936e+02,3.14339235e+01,0.00000000e+00,0.00000000e+00,1.09208194e-04,4.91466127e-06,0.00000000e+00,0.00000000e+00,0.00000000e+00,0.00000000e+00
1.59339822e+02,1.59089822e+02,8.76918708e-05,1.78376619e-06,0.00000000e+00,0.00000000e+00,1.64751358e-05,1.16421160e-06,7.55723285e-10,7.55723285e-10,9.81187518e-02,1.57097802e-03,5.48447398e+02,1.29704597e+01,0.00000000e+00,0.00000000e+00,1.04161746e-04,2.37156303e-06,0.00000000e+00,0.00000000e+00,3.82563999e+00,1.35065225e-02
1.59439847e+02,1.59189847e+02,8.82088425e-05,1.85824448e-06,0.00000000e+00,0.00000000e+00,1.63413762e-05,1.27795549e-06,3.76623752e-10,3.76623752e-10,9.86548047e-02,1.60668557e-03,5.48882346e+02,1.27923065e+01,0.00000000e+00,0.00000000e+00,1.04547076e-04,2.39016188e-06,0.00000000e+00,0.00000000e+00,0.00000000e+00,0.00000000e+00
1.59539872e+02,1.59289872e+02,8.79648127e-05,1.86072709e-06,0.00000000e+00,0.00000000e+00,1.57567442e-05,1.30221084e-06,0.00000000e+00,0.00000000e+00,9.80625742e-02,1.59004927e-03,5.41700385e+02,1.27608133e+01,0.00000000e+00,0.00000000e+00,1.03719607e-04,2.43140217e-06,0.00000000e+00,0.00000000e+00,3.81799999e+00,1.34766309e-02
1.59639897e+02,1.59389897e+02,8.85652792e-05,1.85962601e-06,0.00000000e+00,0.00000000e+00,1.69866958e-05,1.45370096e-06,0.00000000e+00,0.00000000e+00,9.81678997e-02,1.47756110e-03,5.52156865e+02,1.37282640e+01,0.00000000e+00,0.00000000e+00,1.05550026e-04,2.57030300e-06,0.00000000e+00,0.00000000e+00,0.00000000e+00,0.00000000e+00
1.59739922e+02,1.59489922e+02,8.89216178e-05,1.94154736e-06,0.00000000e+00,0.00000000e+00,2.01747899e-05,2.91785317e-06,0.00000000e+00,0.00000000e+00,9.82294449e-02,1.56793321e-03,5.77096051e+02,2.37443570e+01,0.00000000e+00,0.00000000e+00,1.09094460e-04,3.68094883e-06,0.00000000e+00,0.00000000e+00,3.80860999e+00,1.31376997e-02
1.59839947e+02,1.59589947e+02,8.87592581e-05,2.02802474e-06,0.00000000e+00,0.00000000e+00,1.79736624e-05,1.91300039e-06,0.00000000e+00,0.00000000e+00,9.74106677e-02,1.59189910e-03,5.59921546e+02,1.72837514e+01,0.00000000e+00,0.00000000e+00,1.06730973e-04,3.02520708e-06,0.00000000e+00,0.00000000e+00,0.00000000e+00,0.00000000e+00
1.59939972e+02,1.59689972e+02,8.79234261e-05,1.93819144e-06,0.00000000e+00,0.00000000e+00,1.67795087e-05,1.56322153e-06,0.00000000e+00,0.00000000e+00,9.60575251e-02,1.47703242e-03,5.47855041e+02,1.51204906e+01,0.00000000e+00,0.00000000e+00,1.04701087e-04,2.78282908e-06,0.00000000e+00,0.00000000e+00,3.80048999e+00,1.31158661e-02
1.60039997e+02,1.59789997e+02,8.90394638e-05,2.13797909e-06,0.00000000e+00,0.00000000e+00,1.65693451e-05,1.37516499e-06,0.00000000e+00,0.00000000e+00,9.68533434e-02,1.54474739e-03,5.50872318e+02,1.46329949e+01,0.00000000e+00,0.00000000e+00,1.05607582e-04,2.72799442e-06,0.00000000e+00,0.00000000e+00,0.00000000e+00,0.00000000e+00
1.60140023e+02,1.59890023e+02,8.82570908e-05,1.98897030e-06,0.00000000e+00,0.00000000e+00,1.61215605e-05,1.25599965e-06,0.00000000e+00,0.00000000e+00,9.63372520e-02,1.54004448e-03,5.43977118e+02,1.36824821e+01,0.00000000e+00,0.00000000e+00,1.04377425e-04,2.52582553e-06,0.00000000e+00,0.00000000e+00,3.79096999e+00,1.32487040e-02
1.60240048e+02,1.59990048e+02,8.72176094e-05,1.85649669e-06,0.00000000e+00,0.00000000e+00,1.56568787e-05,1.27570235e-06,0.00000000e+00,0.00000000e+00,9.52184781e-02,1.57688460e-03,5.38653840e+02,1.29388762e+01,0.00000000e+00,0.00000000e+00,1.02873263e-04,2.34432028e-06,0.00000000e+00,0.00000000e+00,0.00000000e+00,0.00000000e+00
1.60340073e+02,1.60090073e+02,8.71073214e-05,1.87817105e-06,0.00000000e+00,0.00000000e+00,1.47721395e-05,9.25817704e-07,0.00000000e+00,0.00000000e+00,9.48842136e-02,1.46961076e-03,5.31870447e+02,1.15528987e+01,0.00000000e+00,0.00000000e+00,1.01878236e-04,2.20562526e-06,0.00000000e+00,0.00000000e+00,3.78395999e+00,1.31567384e-02
1.60440098e+02,1.60190098e+02,8.81785183e-05,1.79561936e-06,0.00000000e+00,0.00000000e+00,1.56317931e-05,9.78925679e-07,0.00000000e+00,0.00000000e+00,9.54676902e-02,1.44847036e-03,5.42833623e+02,1.15720015e+01,0.00000000e+00,0.00000000e+00,1.03809087e-04,2.13031356e-06,0.00000000e+00,0.00000000e+00,0.00000000e+00,0.00000000e+00
1.60540123e+02,1.60290123e+02,8.82741898e-05,1.98299269e-06,0.00000000e+00,0.00000000e+00,1.64575638e-05,1.33277119e-06,0.00000000e+00,0.00000000e+00,9.51506532e-02,1.46949112e-03,5.47367814e+02,1.26337740e+01,0.00000000e+00,0.00000000e+00,1.04730530e-04,2.41254733e-06,0.00000000e+00,0.00000000e+00,3.77630999e+00,1.31386669e-02
1.60640148e+02,1.60390148e+02,8.75256434e-05,1.96103395e-06,0.00000000e+00,0.00000000e+00,1.64727224e-05,1.41312745e-06,0.00000000e+00,0.00000000e+00,9.44464452e-02,1.47797281e-03,5.41167815e+02,1.32839114e+01,0.00000000e+00,0.00000000e+00,1.03997143e-04,2.71019957e-06,0.00000000e+00,0.00000000e+00,0.00000000e+00,0.00000000e+00
1.60740173e+02,1.60490173e+02,8.81121109e-05,2.00267434e-06,0.00000000e+00,0.00000000e+00,1.56015278e-05,1.21046349e-06,0.00000000e+00,0.00000000e+00,9.43731360e-02,1.49028060e-03,5.38864167e+02,1.29421279e+01,0.00000000e+00,0.00000000e+00,1.03712409e-04,2.56238992e-06,0.00000000e+00,0.00000000e+00,3.76724999e+00,1.30995126e-02
1.60840198e+02,1.60590198e+02,8.86840454e-05,2.04343310e-06,0.00000000e+00,0.00000000e+00,1.49450216e-05,1.32330946e-06,0.00000000e+00,0.00000000e+00,9.44777679e-02,1.50397186e-03,5.40778507e+02,1.37004735e+01,0.00000000e+00,0.00000000e+00,1.03627722e-04,2.51129008e-06,0.00000000e+00,0.00000000e+00,0.00000000e+00,0.00000000e+00
1.60940223e+02,1.60690223e+02,8.84872162e-05,2.02262775e-06,0.00000000e+00,0.00000000e+00,1.49333695e-05,1.32142822e-06,0.00000000e+00,0.00000000e+00,9.45362548e-02,1.48088228e-03,5.39787157e+02,1.36775332e+01,0.00000000e+00,0.00000000e+00,1.03419076e-04,2.49710030e-06,0.00000000e+00,0.00000000e+00,3.75780999e+00,1.30059319e-02
1.61040248e+02,1.60790248e+02,8.82557496e-05,2.08544467e-06,0.00000000e+00,0.00000000e+00,1.40703812e-05,9.20345276e-07,0.00000000e+00,0.00000000e+00,9.38064706e-02,1.42306078e-03,5.29875707e+02,1.19521156e+01,0.00000000e+00,0.00000000e+00,1.02324623e-04,2.37585390e-06,0.00000000e+00,0.00000000e+00,0.00000000e+00,0.00000000e+00
1.61140273e+02,1.60890273e+02,8.84171629e-05,2.17332773e-06,0.00000000e+00,0.00000000e+00,1.41893722e-05,9.23751475e-07,0.00000000e+00,0.00000000e+00,9.45782387e-02,1.49688022e-03,5.32527805e+02,1.20139451e+01,0.00000000e+00,0.00000000e+00,1.02605030e-04,2.41826672e-06,0.00000000e+00,0.00000000e+00,3.74997999e+00,1.30015296e-02
1.61240298e+02,1.60990298e+02,8.65745809e-05,2.02758847e-06,0.00000000e+00,0.00000000e+00,1.52274823e-05,1.25500101e-06,0.00000000e+00,0.00000000e+00,9.36565606e-02,1.48595648e-03,5.29328088e+02,1.35877410e+01,0.00000000e+00,0.00000000e+00,1.01800560e-04,2.58660685e-06,0.00000000e+00,0.00000000e+00,0.00000000e+00,0.00000000e+00
1.61340323e+02,1.61090323e+02,8.60780032e-05,1.96718243e-06,0.00000000e+00,0.00000000e+00,1.60020589e-05,1.36605183e-06,0.00000000e+00,0.00000000e+00,9.38867136e-02,1.50160160e-03,5.31830665e+02,1.47946793e+01,0.00000000e+00,0.00000000e+00,1.02078561e-04,2.72468100e-06,0.00000000e+00,0.00000000e+00,3.74365999e+00,1.32632483e-02
1.61440348e+02,1.61190348e+02,8.66623965e-05,2.06152627e-06,0.00000000e+00,0.00000000e+00,1.58261048e-05,1.31470024e-06,0.00000000e+00,0.00000000e+00,9.32605590e-02,1.55014495e-03,5.35670759e+02,1.53721788e+01,0.00000000e+00,0.00000000e+00,1.02487002e-04,2.75421375e-06,0.00000000e+00,0.00000000e+00,0.00000000e+00,0.00000000e+00
1.61540373e+02,1.61290373e+02,8.57145382e-05,2.00811405e-06,0.00000000e+00,0.00000000e+00,1.56803697e-05,1.38465075e-06,0.00000000e+00,0.00000000e+00,9.22256950e-02,1.49685554e-03,5.30642937e+02,1.50416754e+01,0.00000000e+00,0.00000000e+00,1.01393314e-04,2.64646425e-06,0.00000000e+00,0.00000000e+00,3.73721999e+00,1.34804870e-02
1.61640398e+02,1.61390398e+02,8.60100903e-05,1.96398042e-06,0.00000000e+00,0.00000000e+00,1.49265599e-05,1.22282018e-06,0.00000000e+00,0.00000000e+00,9.19187051e-02,1.43319195e-03,5.26834603e+02,1.40656137e+01,0.00000000e+00,0.00000000e+00,1.00935050e-04,2.52697133e-06,0.00000000e+00,0.00000000e+00,0.00000000e+00,0.00000000e+00
1.61740423e+02,1.61490423e+02,8.55659296e-05,2.06014667e-06,0.00000000e+00,0.00000000e+00,1.40892781e-05,9.20367532e-07,0.00000000e+00,0.00000000e+00,9.11474055e-02,1.49465399e-03,5.18675457e+02,1.16246768e+01,0.00000000e+00,0.00000000e+00,9.96535884e-05,2.26537355e-06,0.00000000e+00,0.00000000e+00,3.72865999e+00,1.34108364e-02
1.61840448e+02,1.61590448e+02,8.51490141e-05,2.13307585e-06,0.00000000e+00,0.00000000e+00,1.49133662e-05,1.00460422e-06,0.00000000e+00,0.00000000e+00,9.06075153e-02,1.45470656e-03,5.20570157e+02,1.23074831e+01,0.00000000e+00,0.00000000e+00,1.00060500e-04,2.39591913e-06,0.00000000e+00,0.00000000e+00,0.00000000e+00,0.00000000e+00
1.61940473e+02,1.61690473e+02,8.49171223e-05,1.96462726e-06,0.00000000e+00,0.00000000e+00,1.61171457e-05,1.38072292e-06,0.00000000e+00,0.00000000e+00,9.01678482e-02,1.41437289e-03,5.26522150e+02,1.32516265e+01,0.00000000e+00,0.00000000e+00,1.01032392e-04,2.47974037e-06,0.00000000e+00,0.00000000e+00,3.72027999e+00,1.34577978e-02
1.62040498e+02,1.61790498e+02,8.56390381e-05,2.12181676e-06,0.00000000e+00,0.00000000e+00,1.52344776e-05,1.15287187e-06,0.00000000e+00,0.00000000e+00,8.96006180e-02,1.41530390e-03,5.23839849e+02,1.23062233e+01,0.00000000e+00,0.00000000e+00,1.00871645e-04,2.41721809e-06,0.00000000e+00,0.00000000e+00,0.00000000e+00,0.00000000e+00
1.62140523e+02,1.61890523e+02,8.52215960e-05,2.05504378e-06,0.00000000e+00,0.00000000e+00,1.48035748e-05,1.02573614e-06,0.00000000e+00,0.00000000e+00,8.97466402e-02,1.44615432e-03,5.20238257e+02,1.16504197e+01,0.00000000e+00,0.00000000e+00,1.00023304e-04,2.28560251e-06,0.00000000e+00,0.00000000e+00,3.71287999e+00,1.33223757e-02
1.62240548e+02,1.61990548e+02,8.46722321e-05,2.08611390e-06,0.00000000e+00,0.00000000e+00,1.48346311e-05,9.93826474e-07,0.00000000e+00,0.00000000e+00,8.92509250e-02,1.53327908e-03,5.17250444e+02,1.18049717e+01,0.00000000e+00,0.00000000e+00,9.95060380e-05,2.33459552e-06,0.00000000e+00,0.00000000e+00,0.00000000e+00,0.00000000e+00
1.62340573e+02,1.62090573e+02,8.53672419e-05,2.16820961e-06,0.00000000e+00,0.00000000e+00,1.62239198e-05,1.50309657e-06,0.00000000e+00,0.00000000e+00,8.98114510e-02,1.48258245e-03,5.30972592e+02,1.43475232e+01,0.00000000e+00,0.00000000e+00,1.01590351e-04,2.66137163e-06,0.00000000e+00,0.00000000e+00,3.70332999e+00,1.34445886e-02
1.62440598e+02,1.62190598e+02,8.42963837e-05,2.14932965e-06,0.00000000e+00,0.00000000e+00,1.76703348e-05,2.71480996e-06,0.00000000e+00,0.00000000e+00,8.88702335e-02,1.42415826e-03,5.34018412e+02,2.14459204e+01,0.00000000e+00,0.00000000e+00,1.01965917e-04,3.45120789e-06,0.00000000e+00,0.00000000e+00,0.00000000e+00,0.00000000e+00
1.62540623e+02,1.62290623e+02,8.36590093e-05,2.00878274e-06,0.00000000e+00,0.00000000e+00,1.44797776e-05,1.27957529e-06,0.00000000e+00,0.00000000e+00,8.90336568e-02,1.42728137e-03,5.07375736e+02,1.28320552e+01,0.00000000e+00,0.00000000e+00,9.81379983e-05,2.45399304e-06,0.00000000e+00,0.00000000e+00,3.69459999e+00,1.36103860e-02
1.62640648e+02,1.62390648e+02,8.34666785e-05,1.99094125e-06,0.00000000e+00,0.00000000e+00,1.45464630e-05,1.15342467e-06,0.00000000e+00,0.00000000e+00,8.80251372e-02,1.39577722e-03,5.09095679e+02,1.23886947e+01,0.00000000e+00,0.00000000e+00,9.80123531e-05,2.34092183e-06,0.00000000e+00,0.00000000e+00,0.00000000e+00,0.00000000e+00
1.62740674e+02,1.62490674e+02,8.34559033e-05,1.91547150e-06,0.00000000e+00,0.00000000e+00,1.53195668e-05,1.54465261e-06,0.00000000e+00,0.00000000e+00,8.80998932e-02,1.37139201e-03,5.14971656e+02,1.45004114e+01,0.00000000e+00,0.00000000e+00,9.87746820e-05,2.52927094e-06,0.00000000e+00,0.00000000e+00,3.68869999e+00,1.35680954e-02
1.62840699e+02,1.62590699e+02,8.37545817e-05,2.05105874e-06,0.00000000e+00,0.00000000e+00,1.49105220e-05,1.48411768e-06,0.00000000e+00,0.00000000e+00,8.77047872e-02,1.41218626e-03,5.13163427e+02,1.49644352e+01,0.00000000e+00,0.00000000e+00,9.86643158e-05,2.64270632e-06,0.00000000e+00,0.00000000e+00,0.00000000e+00,0.00000000e+00
1.62940724e+02,1.62690724e+02,8.26019123e-05,1.96292665e-06,0.00000000e+00,0.00000000e+00,1.54352282e-05,1.49067851e-06,0.00000000e+00,0.00000000e+00,8.72182318e-02,1.42973444e-03,5.09733382e+02,1.44512324e+01,0.00000000e+00,0.00000000e+00,9.80363527e-05,2.56952305e-06,0.00000000e+00,0.00000000e+00,3.67827999e+00,1.34426051e-02
1.63040749e+02,1.62790749e+02,8.21515793e-05,1.91510031e-06,0.00000000e+00,0.00000000e+00,1.53036648e-05,1.39728988e-06,0.00000000e+00,0.00000000e+00,8.70245280e-02,1.41475557e-03,5.05822505e+02,1.36002987e+01,0.00000000e+00,0.00000000e+00,9.74544566e-05,2.42610540e-06,0.00000000e+00,0.00000000e+00,0.00000000e+00,0.00000000e+00
1.63140774e+02,1.62890774e+02,8.27607161e-05,1.88230166e-06,0.00000000e+00,0.00000000e+00,1.50380344e-05,1.26392756e-06,0.00000000e+00,0.00000000e+00,8.76943986e-02,1.44427300e-03,5.06896341e+02,1.36602451e+01,0.00000000e+00,0.00000000e+00,9.77979552e-05,2.45069348e-06,0.00000000e+00,0.00000000e+00,3.66961999e+00,1.31213426e-02
1.63240799e+02,1.62990799e+02,8.18598162e-05,1.86964159e-06,0.00000000e+00,0.00000000e+00,1.42528657e-05,8.53766484e-07,0.00000000e+00,0.00000000e+00,8.66538221e-02,1.37968249e-03,4.97873802e+02,1.09600048e+01,0.00000000e+00,0.00000000e+00,9.61118866e-05,2.14487356e-06,0.00000000e+00,0.00000000e+00,0.00000000e+00,0.00000000e+00
1.63340824e+02,1.63090824e+02,8.13043975e-05,1.84970176e-06,0.00000000e+00,0.00000000e+00,1.43601497e-05,9.57835882e-07,0.00000000e+00,0.00000000e+00,8.60944256e-02,1.41289828e-03,4.96184917e+02,1.13589689e+01,0.00000000e+00,0.00000000e+00,9.56637522e-05,2.21228599e-06,0.00000000e+00,0.00000000e+00,3.66232999e+00,1.31827861e-02
1.63440849e+02,1.63190849e+02,8.19208535e-05,1.95549439e-06,0.00000000e+00,0.00000000e+00,1.42964529e-05,1.00585514e-06,0.00000000e+00,0.00000000e+00,8.59594319e-02,1.43792546e-03,4.98554766e+02,1.17566096e+01,0.00000000e+00,0.00000000e+00,9.62165116e-05,2.29407781e-06,0.00000000e+00,0.00000000e+00,0.00000000e+00,0.00000000e+00
1.63540874e+02,1.63290874e+02,8.30471064e-05,2.08158788e-06,0.00000000e+00,0.00000000e+00,1.44877819e-05,1.00713698e-06,0.00000000e+00,0.00000000e+00,8.66480534e-02,1.52996855e-03,5.05683903e+02,1.22783848e+01,0.00000000e+00,0.00000000e+00,9.75340937e-05,2.37857694e-06,0.00000000e+00,0.00000000e+00,3.65293999e+00,1.33313083e-02
1.63640899e+02,1.63390899e+02,8.21132765e-05,2.18767101e-06,0.00000000e+00,0.00000000e+00,1.42853293e-05,9.05750260e-07,0.00000000e+00,0.00000000e+00,8.60231604e-02,1.52271538e-03,4.99458880e+02,1.26061134e+01,0.00000000e+00,0.00000000e+00,9.63978115e-05,2.49590714e-06,0.00000000e+00,0.00000000e+00,0.00000000e+00,0.00000000e+00
1.63740924e+02,1.63490924e+02,8.11985264e-05,2.02864310e-06,0.00000000e+00,0.00000000e+00,1.47372085e-05,9.74527338e-07,0.00000000e+00,0.00000000e+00,8.49675453e-02,1.44311574e-03,4.98484938e+02,1.26456629e+01,0.00000000e+00,0.00000000e+00,9.59349408e-05,2.43623330e-06,0.00000000e+00,0.00000000e+00,3.64263999e+00,1.32333710e-02
1.63840949e+02,1.63590949e+02,8.04777384e-05,2.01895980e-06,0.00000000e+00,0.00000000e+00,1.40359963e-05,9.04779691e-07,0.00000000e+00,0.00000000e+00,8.42314235e-02,1.44741991e-03,4.90706402e+02,1.18877095e+01,0.00000000e+00,0.00000000e+00,9.45129408e-05,2.32863830e-06,0.00000000e+00,0.00000000e+00,0.00000000e+00,0.00000000e+00
1.63940974e+02,1.63690974e+02,7.87588577e-05,1.89579936e-06,0.00000000e+00,0.00000000e+00,1.39812753e-05,8.98012596e-07,0.00000000e+00,0.00000000e+00,8.35301747e-02,1.40021723e-03,4.82746140e+02,1.15400314e+01,0.00000000e+00,0.00000000e+00,9.27393394e-05,2.25574436e-06,0.00000000e+00,0.00000000e+00,3.63480999e+00,1.33048302e-02
1.64040999e+02,1.63790999e+02,7.96098647e-05,1.97353899e-06,0.00000000e+00,0.00000000e+00,1.39181635e-05,9.38403352e-07,0.00000000e+00,0.00000000e+00,8.36983858e-02,1.42243020e-03,4.85990861e+02,1.26885132e+01,0.00000000e+00,0.00000000e+00,9.35272349e-05,2.43616134e-06,0.00000000e+00,0.00000000e+00,0.00000000e+00,0.00000000e+00
1.64141024e+02,1.63891024e+02,8.01244939e-05,1.88610598e-06,0.00000000e+00,0.00000000e+00,1.45843568e-05,1.27124427e-06,0.00000000e+00,0.00000000e+00,8.39707233e-02,1.38617280e-03,4.94177517e+02,1.36917366e+01,0.00000000e+00,0.00000000e+00,9.47080575e-05,2.42587063e-06,0.00000000e+00,0.00000000e+00,3.62600000e+00,1.33342495e-02
1.64241049e+02,1.63991049e+02,7.96629162e-05,1.93328674e-06,0.00000000e+00,0.00000000e+00,1.56264237e-05,1.67435716e-06,0.00000000e+00,0.00000000e+00,8.39556570e-02,1.48188897e-03,5.00313669e+02,1.58028850e+01,0.00000000e+00,0.00000000e+00,9.52885470e-05,2.64711629e-06,0.00000000e+00,0.00000000e+00,0.00000000e+00,0.00000000e+00
1.64341074e+02,1.64091074e+02,7.95529469e-05,1.86320075e-06,0.00000000e+00,0.00000000e+00,1.63362726e-05,2.16133558e-06,0.00000000e+00,0.00000000e+00,8.39147294e-02,1.42609035e-03,5.01629020e+02,1.82983257e+01,0.00000000e+00,0.00000000e+00,9.58884268e-05,2.96416626e-06,0.00000000e+00,0.00000000e+00,3.61673000e+00,1.34323580e-02
1.64441099e+02,1.64191099e+02,7.93720119e-05,1.88107888e-06,0.00000000e+00,0.00000000e+00,1.81636979e-05,3.04548979e-06,0.00000000e+00,0.00000000e+00,8.33400679e-02,1.37136430e-03,5.12496469e+02,2.29444121e+01,0.00000000e+00,0.00000000e+00,9.75349174e-05,3.65091787e-06,0.00000000e+00,0.00000000e+00,0.00000000e+00,0.00000000e+00
1.64541124e+02,1.64291124e+02,7.99051699e-05,2.08700747e-06,0.00000000e+00,0.00000000e+00,1.54022542e-05,2.06841110e-06,0.00000000e+00,0.00000000e+00,8.34202659e-02,1.33016043e-03,4.99282003e+02,1.79474516e+01,0.00000000e+00,0.00000000e+00,9.53066318e-05,2.91979331e-06,0.00000000e+00,0.00000000e+00,3.60868000e+00,1.32870624e-02
1.64641149e+02,1.64391149e+02,7.94467455e-05,2.02605918e-06,0.00000000e+00,0.00000000e+00,1.60673163e-05,2.02689206e-06,0.00000000e+00,0.00000000e+00,8.32151677e-02,1.41939043e-03,5.01534979e+02,1.78596247e+01,0.00000000e+00,0.00000000e+00,9.55132697e-05,2.86967666e-06,0.00000000e+00,0.00000000e+00,0.00000000e+00,0.00000000e+00
1.64741174e+02,1.64491174e+02,7.86482625e-05,1.91449323e-06,0.00000000e+00,0.00000000e+00,1.48611894e-05,1.13771901e-06,0.00000000e+00,0.00000000e+00,8.29009225e-02,1.45010247e-03,4.84719966e+02,1.21866584e+01,0.00000000e+00,0.00000000e+00,9.35086600e-05,2.27263707e-06,0.00000000e+00,0.00000000e+00,3.60107000e+00,1.31270729e-02
1.64841199e+02,1.64591199e+02,7.91026906e-05,1.91590180e-06,0.00000000e+00,0.00000000e+00,1.54954060e-05,1.19197572e-06,0.00000000e+00,0.00000000e+00,8.27882261e-02,1.45586824e-03,4.91238117e+02,1.33389962e+01,0.00000000e+00,0.00000000e+00,9.45973050e-05,2.43203401e-06,0.00000000e+00,0.00000000e+00,0.00000000e+00,0.00000000e+00
1.64941224e+02,1.64691224e+02,7.91106871e-05,1.89153055e-06,0.00000000e+00,0.00000000e+00,1.40408777e-05,8.83018878e-07,0.00000000e+00,0.00000000e+00,8.27246797e-02,1.40925319e-03,4.80734025e+02,1.08723197e+01,0.00000000e+00,0.00000000e+00,9.31507735e-05,2.12723951e-06,0.00000000e+00,0.00000000e+00,3.59331000e+00,1.30952196e-02
1.65041249e+02,1.64791249e+02,7.92504916e-05,2.11514845e-06,0.00000000e+00,0.00000000e+00,1.53099922e-05,1.42682115e-06,0.00000000e+00,0.00000000e+00,8.25147769e-02,1.44904196e-03,4.87505377e+02,1.28679337e+01,0.00000000e+00,0.00000000e+00,9.45596927e-05,2.64549070e-06,0.00000000e+00,0.00000000e+00,0.00000000e+00,0.00000000e+00
1.65141274e+02,1.64891274e+02,7.82880268e-05,2.03629347e-06,0.00000000e+00,0.00000000e+00,1.49189773e-05,1.49669912e-06,0.00000000e+00,0.00000000e+00,8.13711410e-02,1.35794441e-03,4.83196399e+02,1.36647494e+01,0.00000000e+00,0.00000000e+00,9.32062132e-05,2.54405208e-06,0.00000000e+00,0.00000000e+00,3.58223000e+00,1.33353165e-02
1.65241299e+02,1.64991299e+02,7.70134030e-05,1.96979076e-06,0.00000000e+00,0.00000000e+00,1.24130830e-05,6.76190534e-07,0.00000000e+00,0.00000000e+00,8.06724817e-02,1.36800007e-03,4.61321620e+02,1.02468003e+01,0.00000000e+00,0.00000000e+00,8.94256953e-05,2.08193836e-06,0.00000000e+00,0.00000000e+00,0.00000000e+00,0.00000000e+00
1.65341324e+02,1.65091324e+02,7.74779125e-05,2.04307871e-06,0.00000000e+00,0.00000000e+00,1.28027202e-05,8.23176338e-07,0.00000000e+00,0.00000000e+00,8.13659733e-02,1.43915119e-03,4.66916176e+02,1.13882266e+01,0.00000000e+00,0.00000000e+00,9.02798422e-05,2.26768943e-06,0.00000000e+00,0.00000000e+00,3.57512000e+00,1.33996098e-02
1.65441350e+02,1.65191350e+02,7.70035407e-05,2.00211153e-06,0.00000000e+00,0.00000000e+00,1.32204280e-05,9.63838131e-07,0.00000000e+00,0.00000000e+00,8.04323510e-02,1.45603741e-03,4.68728276e+02,1.21166802e+01,0.00000000e+00,0.00000000e+00,9.02231785e-05,2.32978585e-06,0.00000000e+00,0.00000000e+00,0.00000000e+00,0.00000000e+00
1.65541375e+02,1.65291375e+02,7.63959684e-05,1.91670044e-06,0.00000000e+00,0.00000000e+00,1.41012562e-05,1.12228036e-06,0.00000000e+00,0.00000000e+00,7.97762272e-02,1.40472553e-03,4.67161063e+02,1.13944927e+01,0.00000000e+00,0.00000000e+00,9.04964346e-05,2.26230779e-06,0.00000000e+00,0.00000000e+00,3.56706000e+00,1.33890938e-02
1.65641400e+02,1.65391400e+02,7.59320107e-05,1.93086009e-06,0.00000000e+00,0.00000000e+00,1.41913231e-05,1.26549343e-06,0.00000000e+00,0.00000000e+00,7.91947295e-02,1.45630788e-03,4.67609936e+02,1.28894217e+01,0.00000000e+00,0.00000000e+00,9.01225439e-05,2.37645762e-06,0.00000000e+00,0.00000000e+00,0.00000000e+00,0.00000000e+00
1.65741425e+02,1.65491425e+02,7.60395565e-05,1.90969616e-06,0.00000000e+00,0.00000000e+00,1.39676634e-05,1.09974855e-06,0.00000000e+00,0.00000000e+00,7.95654097e-02,1.41002026e-03,4.67685520e+02,1.21584389e+01,0.00000000e+00,0.00000000e+00,9.00064303e-05,2.24425936e-06,0.00000000e+00,0.00000000e+00,3.55994000e+00,1.32557117e-02
1.65841450e+02,1.65591450e+02,7.57583723e-05,1.91139868e-06,0.00000000e+00,0.00000000e+00,1.37559296e-05,1.04528598e-06,0.00000000e+00,0.00000000e+00,8.00240772e-02,1.46903357e-03,4.65761464e+02,1.19344433e+01,0.00000000e+00,0.00000000e+00,8.95135126e-05,2.19163604e-06,0.00000000e+00,0.00000000e+00,0.00000000e+00,0.00000000e+00
1.65941475e+02,1.65691475e+02,7.53762540e-05,1.88718255e-06,0.00000000e+00,0.00000000e+00,1.27165234e-05,9.05144634e-07,0.00000000e+00,0.00000000e+00,7.93517670e-02,1.48568708e-03,4.56516252e+02,1.12269003e+01,0.00000000e+00,0.00000000e+00,8.80919882e-05,2.12060198e-06,0.00000000e+00,0.00000000e+00,3.55002000e+00,1.34343216e-02
1.66041500e+02,1.65791500e+02,7.52811214e-05,1.89770488e-06,0.00000000e+00,0.00000000e+00,1.17961608e-05,8.17313205e-07,0.00000000e+00,0.00000000e+00,7.83899445e-02,1.41659670e-03,4.49265118e+02,1.03519017e+01,0.00000000e+00,0.00000000e+00,8.70764933e-05,2.02732965e-06,0.00000000e+00,0.00000000e+00,0.00000000e+00,0.00000000e+00
1.66141525e+02,1.65891525e+02,7.47689939e-05,1.88512747e-06,0.00000000e+00,0.00000000e+00,1.24430402e-05,9.32436650e-07,0.00000000e+00,0.00000000e+00,7.80443654e-02,1.41710574e-03,4.49214595e+02,1.06080156e+01,0.00000000e+00,0.00000000e+00,8.72112454e-05,2.10753548e-06,0.00000000e+00,0.00000000e+00,3.54166999e+00,1.34072195e-02
1.66241550e+02,1.65991550e+02,7.46749444e-05,1.86676330e-06,0.00000000e+00,0.00000000e+00,1.27537556e-05,1.01720410e-06,0.00000000e+00,0.00000000e+00,7.81434957e-02,1.44554638e-03,4.52987782e+02,1.10644012e+01,0.00000000e+00,0.00000000e+00,8.74279115e-05,2.15838547e-06,0.00000000e+00,0.00000000e+00,0.00000000e+00,0.00000000e+00
1.66341575e+02,1.66091575e+02,7.55855826e-05,1.95925379e-06,0.00000000e+00,0.00000000e+00,1.25653595e-05,9.50846479e-07,0.00000000e+00,0.00000000e+00,7.82270263e-02,1.43355414e-03,4.54659636e+02,1.09896137e+01,0.00000000e+00,0.00000000e+00,8.81501538e-05,2.17724792e-06,0.00000000e+00,0.00000000e+00,3.53407999e+00,1.33644760e-02
1.66441600e+02,1.66191600e+02,7.47726739e-05,1.82200848e-06,0.00000000e+00,0.00000000e+00,1.25158553e-05,9.82376529e-07,0.00000000e+00,0.00000000e+00,7.75163233e-02,1.36918583e-03,4.50752428e+02,1.04215071e+01,0.00000000e+00,0.00000000e+00,8.72877411e-05,2.05082337e-06,0.00000000e+00,0.00000000e+00,0.00000000e+00,0.00000000e+00
1.66541625e+02,1.66291625e+02,7.60123268e-05,1.93244561e-06,0.00000000e+00,0.00000000e+00,1.25880724e-05,9.89513821e-07,0.00000000e+00,0.00000000e+00,7.80345398e-02,1.35015749e-03,4.58481826e+02,1.14253558e+01,0.00000000e+00,0.00000000e+00,8.85996113e-05,2.21278059e-06,0.00000000e+00,0.00000000e+00,3.52687999e+00,1.33975893e-02
1.66641650e+02,1.66391650e+02,7.52318027e-05,1.86036198e-06,0.00000000e+00,0.00000000e+00,1.34852165e-05,1.14426463e-06,0.00000000e+00,0.00000000e+00,7.83428831e-02,1.42341253e-03,4.61096247e+02,1.21273722e+01,0.00000000e+00,0.00000000e+00,8.87162316e-05,2.28853870e-06,0.00000000e+00,0.00000000e+00,0.00000000e+00,0.00000000e+00
1.66741675e+02,1.66491675e+02,7.46983231e-05,2.05879620e-06,0.00000000e+00,0.00000000e+00,1.36039007e-05,1.26037301e-06,0.00000000e+00,0.00000000e+00,7.74173121e-02,1.42652345e-03,4.59218195e+02,1.36437044e+01,0.00000000e+00,0.00000000e+00,8.83014364e-05,2.53127701e-06,0.00000000e+00,0.00000000e+00,3.52012000e+00,1.33133733e-02
1.66841700e+02,1.66591700e+02,7.40790452e-05,1.91668951e-06,0.00000000e+00,0.00000000e+00,1.39868705e-05,1.46035600e-06,0.00000000e+00,0.00000000e+00,7.65632259e-02,1.42032621e-03,4.59063236e+02,1.36515585e+01,0.00000000e+00,0.00000000e+00,8.80651285e-05,2.45253465e-06,0.00000000e+00,0.00000000e+00,0.00000000e+00,0.00000000e+00
1.66941725e+02,1.66691725e+02,7.32174966e-05,1.92220562e-06,0.00000000e+00,0.00000000e+00,1.47191147e-05,1.86593572e-06,0.00000000e+00,0.00000000e+00,7.60998584e-02,1.44051131e-03,4.60095360e+02,1.74411181e+01,0.00000000e+00,0.00000000e+00,8.79358243e-05,2.90919802e-06,0.00000000e+00,0.00000000e+00,3.51232000e+00,1.34078512e-02
1.67041750e+02,1.66791750e+02,7.33377578e-05,2.06972670e-06,0.00000000e+00,0.00000000e+00,1.36668798e-05,1.53663721e-06,0.00000000e+00,0.00000000e+00,7.51628935e-02,1.45987741e-03,4.51520954e+02,1.54566992e+01,0.00000000e+00,0.00000000e+00,8.70038508e-05,2.72273481e-06,0.00000000e+00,0.00000000e+00,0.00000000e+00,0.00000000e+00
1.67141775e+02,1.66891775e+02,7.34799485e-05,2.34799932e-06,0.00000000e+00,0.00000000e+00,1.24937859e-05,1.35720953e-06,0.00000000e+00,0.00000000e+00,7.44588290e-02,1.43804340e-03,4.42425598e+02,1.48299156e+01,0.00000000e+00,0.00000000e+00,8.59729478e-05,2.77738861e-06,0.00000000e+00,0.00000000e+00,3.50581000e+00,1.32103011e-02
1.67241800e+02,1.66991800e+02,7.31649797e-05,2.49493302e-06,0.00000000e+00,0.00000000e+00,1.21911700e-05,1.15648289e-06,0.00000000e+00,0.00000000e+00,7.41833732e-02,1.42758287e-03,4.40775312e+02,1.50184472e+01,0.00000000e+00,0.00000000e+00,8.53553634e-05,2.82745409e-06,0.00000000e+00,0.00000000e+00,0.00000000e+00,0.00000000e+00
1.67341825e+02,1.67091825e+02,7.26518514e-05,1.88451948e-06,0.00000000e+00,0.00000000e+00,1.16374934e-05,1.04067540e-06,0.00000000e+00,0.00000000e+00,7.47031858e-02,1.32560381e-03,4.35674854e+02,1.19937009e+01,0.00000000e+00,0.00000000e+00,8.42885587e-05,2.21540933e-06,0.00000000e+00,0.00000000e+00,3.49481000e+00,1.31413118e-02
1.67441850e+02,1.67191850e+02,7.23495825e-05,1.86730006e-06,0.00000000e+00,0.00000000e+00,1.19272218e-05,1.29148614e-06,0.00000000e+00,0.00000000e+00,7.40196985e-02,1.29525820e-03,4.34628263e+02,1.41323555e+01,0.00000000e+00,0.00000000e+00,8.42760184e-05,2.58025444e-06,0.00000000e+00,0.00000000e+00,0.00000000e+00,0.00000000e+00
1.67541875e+02,1.67291875e+02,7.16070004e-05,1.84501935e-06,0.00000000e+00,0.00000000e+00,1.21663387e-05,1.15124851e-06,0.00000000e+00,0.00000000e+00,7.31129821e-02,1.27226674e-03,4.32102986e+02,1.28149430e+01,0.00000000e+00,0.00000000e+00,8.37725533e-05,2.39595360e-06,0.00000000e+00,0.00000000e+00,3.48641000e+00,1.32292839e-02
1.67641900e+02,1.67391900e+02,7.10090762e-05,1.87671503e-06,0.00000000e+00,0.00000000e+00,1.15058703e-05,9.83806604e-07,0.00000000e+00,0.00000000e+00,7.32084916e-02,1.29174511e-03,4.25686040e+02,1.13923231e+01,0.00000000e+00,0.00000000e+00,8.25141610e-05,2.21294934e-06,0.00000000e+00,0.00000000e+00,0.00000000e+00,0.00000000e+00
1.67741925e+02,1.67491925e+02,7.02618798e-05,1.81920635e-06,0.00000000e+00,0.00000000e+00,1.11445611e-05,9.73571983e-07,0.00000000e+00,0.00000000e+00,7.25125562e-02,1.28912027e-03,4.19967896e+02,1.13459368e+01,0.00000000e+00,0.00000000e+00,8.14056556e-05,2.21623716e-06,0.00000000e+00,0.00000000e+00,3.47802000e+00,1.29989661e-02
1.67841950e+02,1.67591950e+02,7.07904988e-05,1.91189802e-06,0.00000000e+00,0.00000000e+00,1.12808295e-05,9.51973689e-07,0.00000000e+00,0.00000000e+00,7.23142837e-02,1.33241524e-03,4.22915006e+02,1.14526792e+01,0.00000000e+00,0.00000000e+00,8.20705433e-05,2.23187158e-06,0.00000000e+00,0.00000000e+00,0.00000000e+00,0.00000000e+00
1.67941975e+02,1.67691975e+02,7.07336572e-05,1.80008631e-06,0.00000000e+00,0.00000000e+00,1.12158889e-05,8.65198613e-07,0.00000000e+00,0.00000000e+00,7.23776293e-02,1.28792548e-03,4.23297263e+02,1.09927373e+01,0.00000000e+00,0.00000000e+00,8.19487613e-05,2.08728164e-06,0.00000000e+00,0.00000000e+00,3.47049000e+00,1.28624224e-02
1.68042001e+02,1.67792001e+02,7.06293833e-05,1.81458314e-06,0.00000000e+00,0.00000000e+00,1.14628423e-05,9.21642080e-07,0.00000000e+00,0.00000000e+00,7.24924735e-02,1.33611486e-03,4.24299917e+02,1.10384326e+01,0.00000000e+00,0.00000000e+00,8.20914409e-05,2.07964042e-06,0.00000000e+00,0.00000000e+00,0.00000000e+00,0.00000000e+00
1.68142026e+02,1.67892026e+02,7.10688567e-05,1.70944046e-06,0.00000000e+00,0.00000000e+00,1.21572926e-05,9.36535833e-07,0.00000000e+00,0.00000000e+00,7.27104152e-02,1.30534169e-03,4.29555061e+02,1.10598915e+01,0.00000000e+00,0.00000000e+00,8.32253648e-05,2.08782558e-06,0.00000000e+00,0.00000000e+00,3.46189000e+00,1.28009142e-02
1.68242051e+02,1.67992051e+02,7.00482323e-05,1.65801712e-06,0.00000000e+00,0.00000000e+00,1.26096865e-05,1.11024191e-06,0.00000000e+00,0.00000000e+00,7.19367530e-02,1.23145567e-03,4.27180057e+02,1.15006638e+01,0.00000000e+00,0.00000000e+00,8.26571346e-05,2.09335053e-06,0.00000000e+00,0.00000000e+00,0.00000000e+00,0.00000000e+00
1.68342076e+02,1.68092076e+02,7.03012262e-05,1.75711556e-06,0.00000000e+00,0.00000000e+00,1.23668699e-05,1.08292131e-06,0.00000000e+00,0.00000000e+00,7.23292766e-02,1.22019351e-03,4.27845235e+02,1.15826949e+01,0.00000000e+00,0.00000000e+00,8.26673120e-05,2.13251266e-06,0.00000000e+00,0.00000000e+00,3.45553000e+00,1.29689015e-02
1.68442101e+02,1.68192101e+02,6.94911488e-05,1.63854389e-06,0.00000000e+00,0.00000000e+00,1.26491388e-05,1.10241727e-06,0.00000000e+00,0.00000000e+00,7.20633657e-02,1.23632047e-03,4.24135907e+02,1.07944619e+01,0.00000000e+00,0.00000000e+00,8.21395038e-05,1.99219861e-06,0.00000000e+00,0.00000000e+00,0.00000000e+00,0.00000000e+00
1.68542126e+02,1.68292126e+02,6.92134564e-05,1.72221720e-06,0.00000000e+00,0.00000000e+00,1.35089611e-05,1.31612898e-06,0.00000000e+00,0.00000000e+00,7.13200313e-02,1.30928089e-03,4.25264180e+02,1.17960726e+01,0.00000000e+00,0.00000000e+00,8.27216339e-05,2.23335836e-06,0.00000000e+00,0.00000000e+00,3.44860000e+00,1.30983688e-02
1.68642151e+02,1.68392151e+02,6.92751458e-05,1.73840321e-06,0.00000000e+00,0.00000000e+00,1.34447789e-05,1.54378966e-06,0.00000000e+00,0.00000000e+00,7.12988137e-02,1.23791931e-03,4.26084907e+02,1.30052349e+01,0.00000000e+00,0.00000000e+00,8.27191412e-05,2.48672299e-06,0.00000000e+00,0.00000000e+00,0.00000000e+00,0.00000000e+00
1.68742176e+02,1.68492176e+02,7.02604958e-05,2.10445345e-06,0.00000000e+00,0.00000000e+00,1.29144975e-05,1.21539721e-06,0.00000000e+00,0.00000000e+00,7.09841740e-02,1.32867157e-03,4.28514907e+02,1.41310040e+01,0.00000000e+00,0.00000000e+00,8.31742101e-05,2.63908960e-06,0.00000000e+00,0.00000000e+00,3.44028000e+00,1.30199384e-02
1.68842201e+02,1.68592201e+02,6.82748412e-05,1.67053543e-06,0.00000000e+00,0.00000000e+00,1.17854588e-05,1.02727947e-06,0.00000000e+00,0.00000000e+00,7.01629897e-02,1.25742356e-03,4.12248334e+02,1.17362177e+01,0.00000000e+00,0.00000000e+00,8.00595169e-05,2.15930788e-06,0.00000000e+00,0.00000000e+00,0.00000000e+00,0.00000000e+00
1.68942226e+02,1.68692226e+02,6.77442987e-05,1.60683407e-06,0.00000000e+00,0.00000000e+00,1.15155105e-05,9.38366515e-07,0.00000000e+00,0.00000000e+00,6.96666138e-02,1.20736029e-03,4.06553394e+02,1.05722392e+01,0.00000000e+00,0.00000000e+00,7.92590264e-05,2.01356522e-06,0.00000000e+00,0.00000000e+00,3.43368000e+00,1.29724638e-02
1.69042251e+02,1.68792251e+02,6.83554998e-05,1.75217995e-06,0.00000000e+00,0.00000000e+00,1.17652571e-05,9.75944572e-07,0.00000000e+00,0.00000000e+00,7.00602751e-02,1.21807601e-03,4.12372088e+02,1.08517401e+01,0.00000000e+00,0.00000000e+00,8.01199910e-05,2.04413057e-06,0.00000000e+00,0.00000000e+00,0.00000000e+00,0.00000000e+00
1.69142276e+02,1.68892276e+02,6.80858692e-05,1.63712684e-06,0.00000000e+00,0.00000000e+00,1.16365349e-05,1.11370847e-06,0.00000000e+00,0.00000000e+00,6.96785397e-02,1.15102987e-03,4.12097403e+02,1.09083402e+01,0.00000000e+00,0.00000000e+00,7.97216424e-05,1.97693875e-06,0.00000000e+00,0.00000000e+00,3.42384000e+00,1.30481291e-02
1.69242301e+02,1.68992301e+02,6.88573369e-05,1.74028916e-06,0.00000000e+00,0.00000000e+00,1.45937480e-05,2.19219780e-06,0.00000000e+00,0.00000000e+00,6.96132493e-02,1.20365637e-03,4.35289658e+02,1.65086788e+01,0.00000000e+00,0.00000000e+00,8.34503233e-05,2.75353862e-06,0.00000000e+00,0.00000000e+00,0.00000000e+00,0.00000000e+00
1.69342326e+02,1.69092326e+02,6.84754066e-05,1.67890814e-06,0.00000000e+00,0.00000000e+00,1.65123689e-05,4.65354761e-06,0.00000000e+00,0.00000000e+00,6.92438415e-02,1.23136278e-03,4.46138916e+02,3.21400696e+01,0.00000000e+00,0.00000000e+00,8.49870141e-05,4.90702896e-06,0.00000000e+00,0.00000000e+00,3.41479000e+00,1.30874468e-02
1.69442351e+02,1.69192351e+02,6.80282851e-05,1.57473182e-06,0.00000000e+00,0.00000000e+00,1.20755478e-05,1.06227213e-06,0.00000000e+00,0.00000000e+00,6.93837008e-02,1.26346687e-03,4.14416074e+02,1.09326715e+01,0.00000000e+00,0.00000000e+00,8.01030718e-05,2.01722108e-06,0.00000000e+00,0.00000000e+00,0.00000000e+00,0.00000000e+00
1.69542376e+02,1.69292376e+02,6.77093333e-05,1.59951872e-06,0.00000000e+00,0.00000000e+00,1.15137298e-05,1.01417275e-06,0.00000000e+00,0.00000000e+00,6.93624153e-02,1.29770668e-03,4.09307394e+02,1.08171031e+01,0.00000000e+00,0.00000000e+00,7.92223022e-05,1.99484474e-06,0.00000000e+00,0.00000000e+00,3.40841000e+00,1.29554641e-02
1.69642401e+02,1.69392401e+02,6.81135791e-05,1.60121643e-06,0.00000000e+00,0.00000000e+00,1.10738428e-05,8.92646354e-07,0.00000000e+00,0.00000000e+00,6.94050863e-02,1.23343469e-03,4.08250157e+02,1.03607942e+01,0.00000000e+00,0.00000000e+00,7.91866611e-05,1.94438103e-06,0.00000000e+00,0.00000000e+00,0.00000000e+00,0.00000000e+00
1.69742426e+02,1.69492426e+02,6.68211605e-05,1.55421877e-06,0.00000000e+00,0.00000000e+00,1.13479024e-05,1.18006732e-06,0.00000000e+00,0.00000000e+00,6.83913644e-02,1.26008805e-03,4.04435210e+02,1.21192767e+01,0.00000000e+00,0.00000000e+00,7.81683023e-05,2.11833741e-06,0.00000000e+00,0.00000000e+00,3.40079000e+00,1.29443819e-02
1.69842451e+02,1.69592451e+02,6.64726183e-05,1.52032445e-06,0.00000000e+00,0.00000000e+00,1.17934252e-05,1.45405937e-06,0.00000000e+00,0.00000000e+00,6.82084977e-02,1.22744113e-03,4.05526765e+02,1.37138012e+01,0.00000000e+00,0.00000000e+00,7.82652831e-05,2.28498393e-06,0.00000000e+00,0.00000000e+00,0.00000000e+00,0.00000000e+00
1.69942476e+02,1.69692476e+02,6.61887601e-05,1.57233987e-06,0.00000000e+00,0.00000000e+00,1.30422344e-05,1.59719982e-06,0.00000000e+00,0.00000000e+00,6.73406296e-02,1.19932660e-03,4.06684618e+02,1.27561240e+01,0.00000000e+00,0.00000000e+00,7.92302344e-05,2.50456477e-06,0.00000000e+00,0.00000000e+00,3.39271000e+00,1.28919853e-02
1.70042501e+02,1.69792501e+02,6.70371830e-05,1.62117633e-06,0.00000000e+00,0.00000000e+00,1.11561184e-05,9.25789176e-07,0.00000000e+00,0.00000000e+00,6.78090936e-02,1.21317372e-03,3.99195997e+02,1.00247959e+01,0.00000000e+00,0.00000000e+00,7.81925414e-05,1.96522637e-06,0.00000000e+00,0.00000000e+00,0.00000000e+00,0.00000000e+00
1.70142526e+02,1.69892526e+02,6.64254009e-05,1.57098666e-06,0.00000000e+00,0.00000000e+00,1.17023810e-05,9.60822127e-07,0.00000000e+00,0.00000000e+00,6.77563950e-02,1.24605107e-03,3.98113303e+02,9.68986356e+00,0.00000000e+00,0.00000000e+00,7.81270221e-05,1.89257502e-06,0.00000000e+00,0.00000000e+00,3.38462999e+00,1.30765470e-02
1.70242551e+02,1.69992551e+02,6.61364205e-05,1.51175287e-06,0.00000000e+00,0.00000000e+00,1.09349529e-05,7.87286184e-07,0.00000000e+00,0.00000000e+00,6.72762858e-02,1.16147116e-03,3.92511115e+02,8.70859687e+00,0.00000000e+00,0.00000000e+00,7.70706137e-05,1.70770441e-06,0.00000000e+00,0.00000000e+00,0.00000000e+00,0.00000000e+00
1.70342576e+02,1.70092576e+02,6.62279664e-05,1.47127973e-06,0.00000000e+00,0.00000000e+00,1.12691949e-05,1.05672118e-06,0.00000000e+00,0.00000000e+00,6.74734376e-02,1.19236501e-03,3.95756116e+02,9.94328739e+00,0.00000000e+00,0.00000000e+00,7.74964018e-05,1.86370038e-06,0.00000000e+00,0.00000000e+00,3.37878999e+00,1.33254085e-02
1.70442601e+02,1.70192601e+02,6.51974098e-05,1.49171575e-06,0.00000000e+00,0.00000000e+00,1.08437701e-05,1.16460859e-06,0.00000000e+00,0.00000000e+00,6.71667798e-02,1.28914495e-03,3.90826666e+02,1.11550083e+01,0.00000000e+00,0.00000000e+00,7.60404206e-05,2.01564797e-06,0.00000000e+00,0.00000000e+00,0.00000000e+00,0.00000000e+00
1.70542626e+02,1.70292626e+02,6.47130074e-05,1.48722815e-06,0.00000000e+00,0.00000000e+00,1.09215051e-05,1.16384386e-06,0.00000000e+00,0.00000000e+00,6.67760321e-02,1.27573792e-03,3.89701840e+02,1.15493816e+01,0.00000000e+00,0.00000000e+00,7.56337534e-05,2.08712498e-06,0.00000000e+00,0.00000000e+00,3.37061999e+00,1.31712936e-02
1.70642651e+02,1.70392651e+02,6.45593213e-05,1.50783492e-06,0.00000000e+00,0.00000000e+00,1.09322977e-05,1.21950949e-06,0.00000000e+00,0.00000000e+00,6.62702022e-02,1.19614631e-03,3.90736527e+02,1.20624698e+01,0.00000000e+00,0.00000000e+00,7.54908602e-05,2.15869630e-06,0.00000000e+00,0.00000000e+00,0.00000000e+00,0.00000000e+00
1.70742677e+02,1.70492677e+02,6.56561365e-05,1.60947538e-06,0.00000000e+00,0.00000000e+00,1.14141091e-05,1.25675592e-06,0.00000000e+00,0.00000000e+00,6.64663340e-02,1.23538054e-03,3.98348429e+02,1.22953940e+01,0.00000000e+00,0.00000000e+00,7.70694869e-05,2.19160546e-06,0.00000000e+00,0.00000000e+00,3.36083999e+00,1.31898926e-02
1.70842702e+02,1.70592702e+02,6.52459240e-05,1.58539809e-06,0.00000000e+00,0.00000000e+00,1.02499938e-05,1.07662190e-06,0.00000000e+00,0.00000000e+00,6.57435093e-02,1.16406320e-03,3.88508292e+02,1.07725276e+01,0.00000000e+00,0.00000000e+00,7.54951593e-05,1.97285891e-06,0.00000000e+00,0.00000000e+00,0.00000000e+00,0.00000000e+00
1.70942727e+02,1.70692727e+02,6.48709921e-05,1.67065151e-06,0.00000000e+00,0.00000000e+00,1.08547694e-05,1.11788673e-06,0.00000000e+00,0.00000000e+00,6.55984900e-02,1.23555421e-03,3.90451547e+02,1.13203082e+01,0.00000000e+00,0.00000000e+00,7.57250032e-05,2.08809615e-06,0.00000000e+00,0.00000000e+00,3.35187999e+00,1.29311089e-02
1.71042752e+02,1.70792752e+02,6.45945534e-05,1.54834550e-06,0.00000000e+00,0.00000000e+00,1.15337138e-05,1.17569298e-06,0.00000000e+00,0.00000000e+00,6.51849758e-02,1.13451348e-03,3.92945492e+02,1.12110541e+01,0.00000000e+00,0.00000000e+00,7.61275091e-05,2.01822944e-06,0.00000000e+00,0.00000000e+00,0.00000000e+00,0.00000000e+00
1.71142777e+02,1.70892777e+02,6.45484411e-05,1.56146652e-06,0.00000000e+00,0.00000000e+00,1.24521176e-05,1.29989978e-06,0.00000000e+00,0.00000000e+00,6.48952918e-02,1.07207604e-03,3.99245393e+02,1.24622737e+01,0.00000000e+00,0.00000000e+00,7.69998008e-05,2.20361253e-06,0.00000000e+00,0.00000000e+00,3.34392999e+00,1.28880195e-02
1.71242802e+02,1.70992802e+02,6.54066288e-05,1.65034325e-06,0.00000000e+00,0.00000000e+00,1.25201356e-05,1.39853935e-06,0.00000000e+00,0.00000000e+00,6.52593525e-02,1.13140620e-03,4.04227561e+02,1.39158957e+01,0.00000000e+00,0.00000000e+00,7.79260067e-05,2.42991471e-06,0.00000000e+00,0.00000000e+00,0.00000000e+00,0.00000000e+00
1.71342827e+02,1.71092827e+02,6.53038222e-05,1.69123574e-06,0.00000000e+00,0.00000000e+00,1.18862185e-05,1.32175580e-06,0.00000000e+00,0.00000000e+00,6.46972448e-02,1.13327904e-03,4.00173236e+02,1.36109293e+01,0.00000000e+00,0.00000000e+00,7.71892832e-05,2.41949140e-06,0.00000000e+00,0.00000000e+00,3.33429999e+00,1.27524878e-02
1.71442852e+02,1.71192852e+02,6.43672292e-05,1.56528360e-06,0.00000000e+00,0.00000000e+00,1.20545772e-05,1.38244562e-06,0.00000000e+00,0.00000000e+00,6.42493449e-02,1.08639262e-03,3.94954436e+02,1.29931129e+01,0.00000000e+00,0.00000000e+00,7.64210491e-05,2.33758645e-06,0.00000000e+00,0.00000000e+00,0.00000000e+00,0.00000000e+00
1.71542877e+02,1.71292877e+02,6.44188944e-05,1.58593426e-06,0.00000000e+00,0.00000000e+00,1.14851223e-05,1.27921494e-06,0.00000000e+00,0.00000000e+00,6.42659519e-02,1.08247695e-03,3.93116177e+02,1.25043116e+01,0.00000000e+00,0.00000000e+00,7.59032596e-05,2.17651353e-06,0.00000000e+00,0.00000000e+00,3.32822999e+00,1.24508224e-02
1.71642902e+02,1.71392902e+02,6.42982758e-05,1.68170420e-06,0.00000000e+00,0.00000000e+00,1.25715220e-05,1.69293479e-06,0.00000000e+00,0.00000000e+00,6.37497821e-02,1.10707673e-03,3.99223165e+02,1.49305324e+01,0.00000000e+00,0.00000000e+00,7.68690409e-05,2.52280898e-06,0.00000000e+00,0.00000000e+00,0.00000000e+00,0.00000000e+00
1.71742927e+02,1.71492927e+02,6.40805835e-05,1.62241855e-06,0.00000000e+00,0.00000000e+00,1.29256005e-05,2.32502682e-06,0.00000000e+00,0.00000000e+00,6.41698988e-02,1.08546386e-03,4.00478905e+02,1.81356012e+01,0.00000000e+00,0.00000000e+00,7.70054272e-05,2.89076401e-06,0.00000000e+00,0.00000000e+00,3.31956999e+00,1.22898840e-02
1.71842952e+02,1.71592952e+02,6.34367797e-05,1.51485752e-06,0.00000000e+00,0.00000000e+00,1.22520460e-05,1.68133227e-06,0.00000000e+00,0.00000000e+00,6.38817712e-02,1.06699903e-03,3.90114384e+02,1.34244328e+01,0.00000000e+00,0.00000000e+00,7.56880692e-05,2.27812889e-06,0.00000000e+00,0.00000000e+00,0.00000000e+00,0.00000000e+00
1.71942977e+02,1.71692977e+02,6.33664724e-05,1.62179727e-06,0.00000000e+00,0.00000000e+00,1.19570726e-05,1.44062862e-06,0.00000000e+00,0.00000000e+00,6.37420641e-02,1.18387439e-03,3.85856335e+02,1.24752199e+01,0.00000000e+00,0.00000000e+00,7.53227886e-05,2.31788065e-06,0.00000000e+00,0.00000000e+00,3.31183999e+00,1.21479736e-02
1.72043002e+02,1.71793002e+02,6.20387402e-05,1.56698418e-06,0.00000000e+00,0.00000000e+00,1.15090243e-05,1.26163902e-06,0.00000000e+00,0.00000000e+00,6.27277983e-02,1.09784654e-03,3.80281639e+02,1.26492104e+01,0.00000000e+00,0.00000000e+00,7.35470082e-05,2.23739120e-06,0.00000000e+00,0.00000000e+00,0.00000000e+00,0.00000000e+00
1.72143027e+02,1.71893027e+02,6.15127473e-05,1.53191960e-06,0.00000000e+00,0.00000000e+00,1.11278643e-05,1.03513124e-06,0.00000000e+00,0.00000000e+00,6.23369982e-02,1.07574200e-03,3.74827758e+02,1.12206946e+01,0.00000000e+00,0.00000000e+00,7.26398556e-05,2.06654433e-06,0.00000000e+00,0.00000000e+00,3.30346999e+00,1.22327625e-02
1.72243052e+02,1.71993052e+02,6.20787704e-05,1.53346381e-06,0.00000000e+00,0.00000000e+00,1.20589585e-05,1.29649341e-06,0.00000000e+00,0.00000000e+00,6.25540723e-02,1.07334835e-03,3.82708676e+02,1.19671721e+01,0.00000000e+00,0.00000000e+00,7.41369730e-05,2.29680685e-06,0.00000000e+00,0.00000000e+00,0.00000000e+00,0.00000000e+00
1.72343077e+02,1.72093077e+02,6.22647069e-05,1.57144957e-06,0.00000000e+00,0.00000000e+00,1.05755901e-05,9.63297852e-07,0.00000000e+00,0.00000000e+00,6.25812473e-02,1.13014615e-03,3.78186303e+02,1.14270038e+01,0.00000000e+00,0.00000000e+00,7.28395414e-05,2.05032412e-06,0.00000000e+00,0.00000000e+00,3.29624999e+00,1.23072886e-02
1.72443102e+02,1.72193102e+02,6.14190503e-05,1.69442864e-06,0.00000000e+00,0.00000000e+00,1.03530183e-05,9.75438132e-07,0.00000000e+00,0.00000000e+00,6.16884538e-02,1.13725735e-03,3.72572770e+02,1.18396623e+01,0.00000000e+00,0.00000000e+00,7.17713131e-05,2.14642490e-06,0.00000000e+00,0.00000000e+00,0.00000000e+00,0.00000000e+00
1.72543127e+02,1.72293127e+02,6.12492681e-05,1.62207856e-06,0.00000000e+00,0.00000000e+00,1.03478169e-05,9.50588851e-07,0.00000000e+00,0.00000000e+00,6.19227101e-02,1.16166533e-03,3.70756586e+02,1.14442388e+01,0.00000000e+00,0.00000000e+00,7.15963297e-05,2.09211796e-06,0.00000000e+00,0.00000000e+00,3.28868999e+00,1.21184941e-02
1.72643152e+02,1.72393152e+02,6.10468139e-05,1.58444023e-06,0.00000000e+00,0.00000000e+00,1.03232241e-05,9.43448932e-07,0.00000000e+00,0.00000000e+00,6.15218076e-02,1.13455359e-03,3.70401294e+02,1.10451982e+01,0.00000000e+00,0.00000000e+00,7.13692829e-05,2.00198849e-06,0.00000000e+00,0.00000000e+00,0.00000000e+00,0.00000000e+00
1.72743177e+02,1.72493177e+02,6.01218101e-05,1.55635576e-06,0.00000000e+00,0.00000000e+00,1.50355762e-05,4.78474445e-06,0.00000000e+00,0.00000000e+00,6.11695220e-02,1.17672245e-03,4.00783337e+02,3.75084616e+01,0.00000000e+00,0.00000000e+00,7.51566313e-05,5.33349052e-06,0.00000000e+00,0.00000000e+00,3.28000999e+00,1.21576213e-02
1.72843202e+02,1.72593202e+02,5.98416891e-05,1.57657725e-06,0.00000000e+00,0.00000000e+00,1.31804731e-05,3.56385755e-06,0.00000000e+00,0.00000000e+00,6.11637887e-02,1.17404143e-03,3.83791092e+02,2.59362341e+01,0.00000000e+00,0.00000000e+00,7.30214074e-05,4.04348612e-06,0.00000000e+00,0.00000000e+00,0.00000000e+00,0.00000000e+00
1.72943227e+02,1.72693227e+02,6.00224459e-05,1.65635350e-06,0.00000000e+00,0.00000000e+00,1.25341235e-05,3.38737476e-06,0.00000000e+00,0.00000000e+00,6.10363738e-02,1.19878609e-03,3.79765857e+02,2.48209367e+01,0.00000000e+00,0.00000000e+00,7.25558148e-05,3.90014973e-06,0.00000000e+00,0.00000000e+00,3.27150999e+00,1.21634358e-02
1.73043252e+02,1.72793252e+02,5.97586285e-05,1.68669071e-06,0.00000000e+00,0.00000000e+00,9.18761182e-06,7.34578642e-07,0.00000000e+00,0.00000000e+00,6.06866565e-02,1.18742652e-03,3.56421739e+02,1.05192508e+01,0.00000000e+00,0.00000000e+00,6.89454860e-05,2.01573740e-06,0.00000000e+00,0.00000000e+00,0.00000000e+00,0.00000000e+00
1.73143277e+02,1.72893277e+02,6.06862056e-05,1.68330489e-06,0.00000000e+00,0.00000000e+00,1.03072984e-05,1.07808480e-06,0.00000000e+00,0.00000000e+00,6.06706131e-02,1.16756211e-03,3.67557950e+02,1.20533724e+01,0.00000000e+00,0.00000000e+00,7.09927498e-05,2.18808536e-06,0.00000000e+00,0.00000000e+00,3.26361999e+00,1.21086551e-02
1.73243302e+02,1.72993302e+02,6.21868413e-05,1.83149746e-06,0.00000000e+00,0.00000000e+00,1.05779552e-05,1.11016959e-06,0.00000000e+00,0.00000000e+00,6.14360483e-02,1.19876720e-03,3.76760237e+02,1.27256425e+01,0.00000000e+00,0.00000000e+00,7.27640425e-05,2.33129822e-06,0.00000000e+00,0.00000000e+00,0.00000000e+00,0.00000000e+00
1.73343327e+02,1.73093327e+02,6.10097499e-05,1.76255464e-06,0.00000000e+00,0.00000000e+00,1.04211417e-05,1.14661638e-06,0.00000000e+00,0.00000000e+00,6.05462037e-02,1.11287605e-03,3.69987613e+02,1.25935202e+01,0.00000000e+00,0.00000000e+00,7.14301377e-05,2.28989593e-06,0.00000000e+00,0.00000000e+00,3.25485999e+00,1.19508495e-02
1.73443353e+02,1.73193353e+02,6.06418962e-05,1.84877154e-06,0.00000000e+00,0.00000000e+00,1.10601814e-05,1.32443971e-06,0.00000000e+00,0.00000000e+00,5.96149256e-02,1.18635513e-03,3.73351697e+02,1.41777805e+01,0.00000000e+00,0.00000000e+00,7.17013239e-05,2.50387827e-06,0.00000000e+00,0.00000000e+00,0.00000000e+00,0.00000000e+00
1.73543378e+02,1.73293378e+02,5.89867782e-05,1.57324568e-06,0.00000000e+00,0.00000000e+00,1.03152956e-05,1.28876282e-06,0.00000000e+00,0.00000000e+00,5.90886630e-02,1.15788547e-03,3.59902060e+02,1.28775367e+01,0.00000000e+00,0.00000000e+00,6.93013204e-05,2.22375788e-06,0.00000000e+00,0.00000000e+00,3.24646999e+00,1.21198087e-02
1.73643403e+02,1.73393403e+02,5.87211528e-05,1.59292184e-06,0.00000000e+00,0.00000000e+00,9.11428821e-06,1.10472130e-06,0.00000000e+00,0.00000000e+00,5.88553093e-02,1.12564200e-03,3.51129074e+02,1.20889056e+01,0.00000000e+00,0.00000000e+00,6.78346877e-05,2.13562376e-06,0.00000000e+00,0.00000000e+00,0.00000000e+00,0.00000000e+00
1.73743428e+02,1.73493428e+02,5.86901852e-05,1.60440564e-06,0.00000000e+00,0.00000000e+00,1.02413551e-05,1.89451722e-06,0.00000000e+00,0.00000000e+00,5.86352291e-02,1.14664856e-03,3.58342216e+02,1.65568781e+01,0.00000000e+00,0.00000000e+00,6.89307871e-05,2.75360630e-06,0.00000000e+00,0.00000000e+00,3.23822999e+00,1.20167958e-02
1.73843453e+02,1.73593453e+02,5.92767246e-05,1.54020537e-06,0.00000000e+00,0.00000000e+00,9.21127850e-06,1.04171229e-06,0.00000000e+00,0.00000000e+00,5.90332926e-02,1.17833006e-03,3.52404838e+02,1.12104992e+01,0.00000000e+00,0.00000000e+00,6.84872501e-05,2.04595488e-06,0.00000000e+00,0.00000000e+00,0.00000000e+00,0.00000000e+00
1.73943478e+02,1.73693478e+02,5.84811400e-05,1.50508533e-06,0.00000000e+00,0.00000000e+00,8.30091172e-06,6.52942859e-07,0.00000000e+00,0.00000000e+00,5.83292979e-02,1.16864237e-03,3.43515325e+02,9.25079784e+00,0.00000000e+00,0.00000000e+00,6.67812989e-05,1.75356093e-06,0.00000000e+00,0.00000000e+00,3.23171999e+00,1.21672021e-02
1.74043503e+02,1.73793503e+02,5.79055799e-05,1.42727347e-06,0.00000000e+00,0.00000000e+00,7.68482447e-06,5.54844130e-07,0.00000000e+00,0.00000000e+00,5.79950550e-02,1.19066737e-03,3.36946852e+02,8.57329936e+00,0.00000000e+00,0.00000000e+00,6.55896517e-05,1.62870642e-06,0.00000000e+00,0.00000000e+00,0.00000000e+00,0.00000000e+00
1.74143528e+02,1.73893528e+02,5.71791122e-05,1.54650353e-06,0.00000000e+00,0.00000000e+00,8.35337508e-06,7.84184246e-07,0.00000000e+00,0.00000000e+00,5.70675116e-02,1.14372777e-03,3.36827694e+02,9.97351629e+00,0.00000000e+00,0.00000000e+00,6.55317348e-05,1.85814732e-06,0.00000000e+00,0.00000000e+00,3.22313999e+00,1.21165631e-02
1.74243553e+02,1.73993553e+02,5.68803897e-05,1.53518888e-06,0.00000000e+00,0.00000000e+00,9.98054486e-06,1.37377679e-06,0.00000000e+00,0.00000000e+00,5.65940398e-02,1.14667589e-03,3.44697520e+02,1.29559537e+01,0.00000000e+00,0.00000000e+00,6.68601822e-05,2.25400487e-06,0.00000000e+00,0.00000000e+00,0.00000000e+00,0.00000000e+00
1.74343578e+02,1.74093578e+02,5.62928012e-05,1.40484633e-06,0.00000000e+00,0.00000000e+00,8.39861539e-06,6.14864967e-07,0.00000000e+00,0.00000000e+00,5.62230636e-02,1.12329875e-03,3.32434506e+02,8.53013534e+00,0.00000000e+00,0.00000000e+00,6.46906645e-05,1.60549682e-06,0.00000000e+00,0.00000000e+00,3.21423999e+00,1.21027424e-02
1.74443603e+02,1.74193603e+02,5.54848289e-05,1.39398026e-06,0.00000000e+00,0.00000000e+00,8.26003756e-06,5.93611248e-07,0.00000000e+00,0.00000000e+00,5.61663879e-02,1.08394968e-03,3.28293918e+02,8.45592563e+00,0.00000000e+00,0.00000000e+00,6.37441146e-05,1.60446631e-06,0.00000000e+00,0.00000000e+00,0.00000000e+00,0.00000000e+00
1.74543628e+02,1.74293628e+02,5.55306414e-05,1.47497765e-06,0.00000000e+00,0.00000000e+00,8.35968361e-06,6.38601526e-07,0.00000000e+00,0.00000000e+00,5.63523382e-02,1.14304459e-03,3.29038511e+02,9.02975545e+00,0.00000000e+00,0.00000000e+00,6.38895733e-05,1.73149248e-06,0.00000000e+00,0.00000000e+00,3.20794999e+00,1.19733820e-02
1.74643653e+02,1.74393653e+02,5.57700643e-05,1.46866522e-06,0.00000000e+00,0.00000000e+00,8.68410948e-06,8.11284766e-07,0.00000000e+00,0.00000000e+00,5.58209031e-02,1.10799686e-03,3.31206474e+02,9.72523154e+00,0.00000000e+00,0.00000000e+00,6.44534222e-05,1.86813504e-06,0.00000000e+00,0.00000000e+00,0.00000000e+00,0.00000000e+00
1.74743678e+02,1.74493678e+02,5.58747374e-05,1.51600844e-06,0.00000000e+00,0.00000000e+00,1.06480071e-05,1.73388620e-06,0.00000000e+00,0.00000000e+00,5.59105459e-02,1.09947860e-03,3.45227327e+02,1.57430004e+01,0.00000000e+00,0.00000000e+00,6.65219931e-05,2.55850853e-06,0.00000000e+00,0.00000000e+00,3.19937999e+00,1.19223388e-02
1.74843703e+02,1.74593703e+02,5.68567480e-05,1.65990384e-06,0.00000000e+00,0.00000000e+00,1.29932914e-05,3.07177991e-06,0.00000000e+00,0.00000000e+00,5.63080743e-02,1.19447559e-03,3.68217231e+02,2.43373274e+01,0.00000000e+00,0.00000000e+00,6.98492882e-05,3.58671686e-06,0.00000000e+00,0.00000000e+00,0.00000000e+00,0.00000000e+00
1.74943728e+02,1.74693728e+02,5.65131181e-05,1.51051645e-06,0.00000000e+00,0.00000000e+00,1.35488307e-05,3.26531882e-06,0.00000000e+00,0.00000000e+00,5.59447036e-02,1.07072585e-03,3.71501168e+02,2.59968028e+01,0.00000000e+00,0.00000000e+00,7.00611978e-05,3.78445296e-06,0.00000000e+00,0.00000000e+00,3.19302999e+00,1.20541235e-02
1.75043753e+02,1.74793753e+02,5.58523430e-05,1.48187106e-06,0.00000000e+00,0.00000000e+00,1.23808091e-05,3.18753844e-06,0.00000000e+00,0.00000000e+00,5.51935715e-02,1.09456939e-03,3.59183752e+02,2.52987879e+01,0.00000000e+00,0.00000000e+00,6.82324012e-05,3.67761959e-06,0.00000000e+00,0.00000000e+00,0.00000000e+00,0.00000000e+00
1.75143778e+02,1.74893778e+02,5.56339940e-05,1.49674498e-06,0.00000000e+00,0.00000000e+00,9.15551136e-06,1.04986857e-06,0.00000000e+00,0.00000000e+00,5.52458302e-02,1.14826113e-03,3.33564358e+02,1.12527709e+01,0.00000000e+00,0.00000000e+00,6.47887547e-05,1.98581196e-06,0.00000000e+00,0.00000000e+00,3.18627999e+00,1.19351107e-02
1.75243803e+02,1.74993803e+02,5.54193920e-05,1.68707634e-06,0.00000000e+00,0.00000000e+00,8.44409319e-06,6.57067318e-07,0.00000000e+00,0.00000000e+00,5.45835553e-02,1.18009815e-03,3.25302309e+02,9.93497780e+00,0.00000000e+00,0.00000000e+00,6.38627347e-05,1.96814837e-06,0.00000000e+00,0.00000000e+00,0.00000000e+00,0.00000000e+00
1.75343828e+02,1.75093828e+02,5.57703481e-05,1.68597358e-06,0.00000000e+00,0.00000000e+00,7.61784446e-06,5.72703802e-07,0.00000000e+00,0.00000000e+00,5.46860698e-02,1.13750739e-03,3.23958291e+02,9.05453475e+00,0.00000000e+00,0.00000000e+00,6.33874422e-05,1.81174733e-06,0.00000000e+00,0.00000000e+00,3.17537999e+00,1.21378504e-02
1.75443853e+02,1.75193853e+02,5.53007565e-05,1.54898785e-06,0.00000000e+00,0.00000000e+00,8.09788641e-06,7.24230060e-07,0.00000000e+00,0.00000000e+00,5.48213679e-02,1.08653502e-03,3.25151222e+02,9.04667477e+00,0.00000000e+00,0.00000000e+00,6.33978927e-05,1.72599970e-06,0.00000000e+00,0.00000000e+00,0.00000000e+00,0.00000000e+00
1.75543878e+02,1.75293878e+02,5.43449802e-05,1.41136970e-06,0.00000000e+00,0.00000000e+00,8.05395401e-06,6.26072578e-07,0.00000000e+00,0.00000000e+00,5.40193465e-02,1.04977658e-03,3.19892192e+02,8.21996079e+00,0.00000000e+00,0.00000000e+00,6.23981842e-05,1.58636938e-06,0.00000000e+00,0.00000000e+00,3.16576999e+00,1.23251961e-02
1.75643903e+02,1.75393903e+02,5.35548101e-05,1.38033462e-06,0.00000000e+00,0.00000000e+00,7.40735122e-06,5.24636002e-07,0.00000000e+00,0.00000000e+00,5.33735879e-02,1.03339019e-03,3.11562562e+02,7.66094717e+00,0.00000000e+00,0.00000000e+00,6.09614114e-05,1.52061655e-06,0.00000000e+00,0.00000000e+00,0.00000000e+00,0.00000000e+00
1.75743928e+02,1.75493928e+02,5.43638170e-05,1.79200516e-06,0.00000000e+00,0.00000000e+00,7.70962330e-06,5.25518436e-07,0.00000000e+00,0.00000000e+00,5.30643987e-02,1.01026301e-03,3.17334649e+02,9.27112463e+00,0.00000000e+00,0.00000000e+00,6.20726906e-05,1.89552567e-06,0.00000000e+00,0.00000000e+00,3.15839999e+00,1.24094940e-02
1.75843953e+02,1.75593953e+02,5.35800510e-05,1.55263659e-06,0.00000000e+00,0.00000000e+00,8.92476882e-06,1.14557165e-06,0.00000000e+00,0.00000000e+00,5.29733661e-02,1.01851951e-03,3.21717200e+02,1.07952486e+01,0.00000000e+00,0.00000000e+00,6.25040703e-05,1.89523288e-06,0.00000000e+00,0.00000000e+00,0.00000000e+00,0.00000000e+00
1.75943978e+02,1.75693978e+02,5.42009559e-05,1.50698572e-06,0.00000000e+00,0.00000000e+00,7.71855922e-06,4.74889102e-07,0.00000000e+00,0.00000000e+00,5.32976676e-02,1.02060498e-03,3.16190670e+02,8.23431693e+00,0.00000000e+00,0.00000000e+00,6.19187657e-05,1.66660745e-06,0.00000000e+00,0.00000000e+00,3.15217999e+00,1.23682742e-02
1.76044004e+02,1.75794004e+02,5.32020033e-05,1.49577168e-06,0.00000000e+00,0.00000000e+00,7.91806322e-06,5.03629056e-07,0.00000000e+00,0.00000000e+00,5.27592456e-02,1.05435410e-03,3.12120437e+02,8.51266499e+00,0.00000000e+00,0.00000000e+00,6.11193174e-05,1.70739611e-06,0.00000000e+00,0.00000000e+00,0.00000000e+00,0.00000000e+00
1.76144029e+02,1.75894029e+02,5.30180317e-05,1.45881703e-06,0.00000000e+00,0.00000000e+00,7.67933078e-06,4.39220571e-07,0.00000000e+00,0.00000000e+00,5.27465560e-02,1.04298497e-03,3.08993525e+02,7.97542826e+00,0.00000000e+00,0.00000000e+00,6.06966135e-05,1.62358033e-06,0.00000000e+00,0.00000000e+00,3.14384999e+00,1.23918865e-02
1.76244054e+02,1.75994054e+02,5.23816507e-05,1.49183684e-06,0.00000000e+00,0.00000000e+00,7.31410602e-06,4.25926674e-07,0.00000000e+00,0.00000000e+00,5.15485485e-02,1.05159253e-03,3.03847912e+02,8.10250788e+00,0.00000000e+00,0.00000000e+00,5.96950078e-05,1.63734812e-06,0.00000000e+00,0.00000000e+00,0.00000000e+00,0.00000000e+00
1.76344079e+02,1.76094079e+02,5.34359530e-05,1.60921848e-06,0.00000000e+00,0.00000000e+00,7.72943406e-06,5.25955936e-07,0.00000000e+00,0.00000000e+00,5.20387287e-02,1.03390313e-03,3.11555951e+02,8.97399140e+00,0.00000000e+00,0.00000000e+00,6.11646384e-05,1.80189323e-06,0.00000000e+00,0.00000000e+00,3.13694999e+00,1.23749040e-02
1.76444104e+02,1.76194104e+02,5.15018833e-05,1.36533806e-06,0.00000000e+00,0.00000000e+00,7.76947746e-06,5.81586442e-07,0.00000000e+00,0.00000000e+00,5.13670289e-02,9.63937345e-04,3.02928005e+02,8.19233837e+00,0.00000000e+00,0.00000000e+00,5.92706122e-05,1.60177333e-06,0.00000000e+00,0.00000000e+00,0.00000000e+00,0.00000000e+00
1.76544129e+02,1.76294129e+02,5.13268101e-05,1.34725200e-06,0.00000000e+00,0.00000000e+00,7.81008925e-06,7.12044884e-07,0.00000000e+00,0.00000000e+00,5.11401646e-02,9.62914946e-04,3.02503867e+02,8.49448732e+00,0.00000000e+00,0.00000000e+00,5.91361510e-05,1.62887230e-06,0.00000000e+00,0.00000000e+00,3.13042000e+00,1.22894646e-02
1.76644154e+02,1.76394154e+02,5.12009060e-05,1.39755160e-06,0.00000000e+00,0.00000000e+00,7.70375156e-06,7.02287810e-07,0.00000000e+00,0.00000000e+00,5.12356880e-02,9.83184371e-04,3.00727640e+02,8.64610017e+00,0.00000000e+00,0.00000000e+00,5.89039093e-05,1.66476946e-06,0.00000000e+00,0.00000000e+00,0.00000000e+00,0.00000000e+00
1.76744179e+02,1.76494179e+02,5.10052726e-05,1.46712075e-06,0.00000000e+00,0.00000000e+00,7.97482176e-06,7.49172607e-07,0.00000000e+00,0.00000000e+00,5.09162135e-02,9.84035694e-04,3.01446391e+02,9.08916609e+00,0.00000000e+00,0.00000000e+00,5.89793463e-05,1.76084299e-06,0.00000000e+00,0.00000000e+00,3.12453000e+00,1.23289380e-02
1.76844204e+02,1.76594204e+02,5.05309520e-05,1.44647831e-06,0.00000000e+00,0.00000000e+00,7.46379273e-06,6.56710802e-07,0.00000000e+00,0.00000000e+00,5.05210157e-02,9.73269945e-04,2.95761346e+02,8.30691727e+00,0.00000000e+00,0.00000000e+00,5.79939968e-05,1.64408421e-06,0.00000000e+00,0.00000000e+00,0.00000000e+00,0.00000000e+00
1.76944229e+02,1.76694229e+02,5.06234757e-05,1.41439780e-06,0.00000000e+00,0.00000000e+00,7.74269471e-06,7.67677074e-07,0.00000000e+00,0.00000000e+00,5.07628005e-02,9.89246864e-04,2.97776536e+02,8.12043997e+00,0.00000000e+00,0.00000000e+00,5.83654228e-05,1.56814604e-06,0.00000000e+00,0.00000000e+00,3.11657000e+00,1.21985115e-02
1.77044254e+02,1.76794254e+02,5.02592541e-05,1.40826015e-06,0.00000000e+00,0.00000000e+00,8.14211281e-06,7.45350317e-07,0.00000000e+00,0.00000000e+00,5.01348071e-02,9.54209628e-04,2.97445666e+02,7.81824944e+00,0.00000000e+00,0.00000000e+00,5.84006193e-05,1.56878829e-06,0.00000000e+00,0.00000000e+00,0.00000000e+00,0.00000000e+00
1.77144279e+02,1.76894279e+02,5.00445832e-05,1.45807270e-06,0.00000000e+00,0.00000000e+00,7.35107873e-06,6.37978118e-07,0.00000000e+00,0.00000000e+00,4.95882930e-02,9.50514748e-04,2.92329005e+02,7.93969556e+00,0.00000000e+00,0.00000000e+00,5.73949146e-05,1.59299969e-06,0.00000000e+00,0.00000000e+00,3.10940000e+00,1.21650682e-02
1.77244304e+02,1.76994304e+02,5.04756880e-05,1.45220199e-06,0.00000000e+00,0.00000000e+00,7.40703123e-06,6.31960661e-07,0.00000000e+00,0.00000000e+00,4.97901328e-02,9.74212111e-04,2.95457520e+02,7.96599403e+00,0.00000000e+00,0.00000000e+00,5.78819721e-05,1.59018432e-06,0.00000000e+00,0.00000000e+00,0.00000000e+00,0.00000000e+00
1.77344329e+02,1.77094329e+02,5.05591165e-05,1.35037672e-06,0.00000000e+00,0.00000000e+00,7.32498286e-06,5.64714826e-07,0.00000000e+00,0.00000000e+00,5.00162380e-02,1.00825319e-03,2.96057504e+02,7.83747244e+00,0.00000000e+00,0.00000000e+00,5.78833524e-05,1.52258113e-06,0.00000000e+00,0.00000000e+00,3.09994000e+00,1.19848625e-02
1.77444354e+02,1.77194354e+02,5.10079097e-05,1.38686658e-06,0.00000000e+00,0.00000000e+00,6.95131465e-06,5.11825841e-07,0.00000000e+00,0.00000000e+00,4.98465824e-02,9.88497811e-04,2.95251679e+02,7.70118641e+00,0.00000000e+00,0.00000000e+00,5.79584775e-05,1.56214679e-06,0.00000000e+00,0.00000000e+00,0.00000000e+00,0.00000000e+00
1.77544379e+02,1.77294379e+02,5.08928031e-05,1.34807701e-06,0.00000000e+00,0.00000000e+00,7.21423017e-06,4.75165018e-07,0.00000000e+00,0.00000000e+00,4.99887176e-02,9.84794211e-04,2.95991134e+02,7.51600845e+00,0.00000000e+00,0.00000000e+00,5.81062866e-05,1.49402390e-06,0.00000000e+00,0.00000000e+00,3.09358000e+00,1.18985964e-02
1.77644404e+02,1.77394404e+02,5.05684051e-05,1.42596936e-06,0.00000000e+00,0.00000000e+00,8.38314277e-06,1.25910420e-06,0.00000000e+00,0.00000000e+00,4.92603168e-02,9.64931861e-04,3.02602510e+02,1.19814118e+01,0.00000000e+00,0.00000000e+00,5.89508014e-05,1.98104941e-06,0.00000000e+00,0.00000000e+00,0.00000000e+00,0.00000000e+00
1.77744429e+02,1.77494429e+02,5.02937890e-05,1.36308513e-06,0.00000000e+00,0.00000000e+00,7.18146850e-06,4.86736417e-07,0.00000000e+00,0.00000000e+00,4.88445814e-02,9.37181824e-04,2.91942468e+02,7.29114579e+00,0.00000000e+00,0.00000000e+00,5.74745111e-05,1.46507867e-06,0.00000000e+00,0.00000000e+00,3.08712999e+00,1.19945158e-02
1.77844454e+02,1.77594454e+02,5.02030961e-05,1.41061597e-06,0.00000000e+00,0.00000000e+00,7.16728954e-06,4.97922273e-07,0.00000000e+00,0.00000000e+00,4.88057751e-02,9.78118283e-04,2.90905093e+02,7.54498035e+00,0.00000000e+00,0.00000000e+00,5.73696394e-05,1.52269215e-06,0.00000000e+00,0.00000000e+00,0.00000000e+00,0.00000000e+00
1.77944479e+02,1.77694479e+02,5.06304655e-05,1.42794229e-06,0.00000000e+00,0.00000000e+00,7.56121185e-06,4.90783239e-07,0.00000000e+00,0.00000000e+00,4.88923362e-02,9.52320368e-04,2.96075059e+02,7.44919284e+00,0.00000000e+00,0.00000000e+00,5.81909313e-05,1.49979567e-06,0.00000000e+00,0.00000000e+00,3.08005999e+00,1.19228987e-02
1.78044504e+02,1.77794504e+02,5.06058692e-05,1.35288140e-06,0.00000000e+00,0.00000000e+00,9.76478044e-06,1.26320588e-06,0.00000000e+00,0.00000000e+00,4.88408342e-02,9.02257081e-04,3.05449849e+02,8.27476229e+00,0.00000000e+00,0.00000000e+00,6.03699037e-05,1.74314564e-06,0.00000000e+00,0.00000000e+00,0.00000000e+00,0.00000000e+00
1.78144529e+02,1.77894529e+02,4.91397861e-05,1.27589904e-06,0.00000000e+00,0.00000000e+00,8.41919669e-06,8.34918962e-07,0.00000000e+00,0.00000000e+00,4.82060568e-02,9.53052794e-04,2.95273054e+02,8.32035515e+00,0.00000000e+00,0.00000000e+00,5.75582371e-05,1.52156558e-06,0.00000000e+00,0.00000000e+00,3.07161999e+00,1.18163451e-02
1.78244554e+02,1.77994554e+02,4.97663440e-05,1.37929774e-06,0.00000000e+00,0.00000000e+00,8.26846803e-06,8.28720340e-07,0.00000000e+00,0.00000000e+00,4.83749227e-02,9.68185375e-04,2.97812796e+02,8.80469359e+00,0.00000000e+00,0.00000000e+00,5.80340665e-05,1.63157860e-06,0.00000000e+00,0.00000000e+00,0.00000000e+00,0.00000000e+00
1.78344579e+02,1.78094579e+02,4.90508446e-05,1.31386252e-06,0.00000000e+00,0.00000000e+00,8.00619601e-06,6.96825767e-07,0.00000000e+00,0.00000000e+00,4.80453970e-02,9.56214931e-04,2.91907191e+02,8.08007156e+00,0.00000000e+00,0.00000000e+00,5.70562951e-05,1.54492427e-06,0.00000000e+00,0.00000000e+00,3.06327999e+00,1.17550081e-02
1.78444604e+02,1.78194604e+02,4.91115314e-05,1.34310129e-06,0.00000000e+00,0.00000000e+00,7.70623657e-06,6.15879287e-07,0.00000000e+00,0.00000000e+00,4.78407755e-02,1.00988893e-03,2.88984753e+02,8.01019307e+00,0.00000000e+00,0.00000000e+00,5.68170227e-05,1.59690945e-06,0.00000000e+00,0.00000000e+00,0.00000000e+00,0.00000000e+00
1.78544629e+02,1.78294629e+02,4.76666016e-05,1.22779420e-06,0.00000000e+00,0.00000000e+00,7.98127610e-06,6.56698595e-07,0.00000000e+00,0.00000000e+00,4.68147267e-02,9.43270765e-04,2.84567711e+02,7.92125736e+00,0.00000000e+00,0.00000000e+00,5.56471325e-05,1.51646854e-06,0.00000000e+00,0.00000000e+00,3.05316999e+00,1.17601195e-02
1.78644654e+02,1.78394654e+02,4.70393821e-05,1.29370412e-06,0.00000000e+00,0.00000000e+00,7.69201063e-06,6.88806302e-07,0.00000000e+00,0.00000000e+00,4.60668180e-02,9.37504448e-04,2.79505015e+02,8.03088518e+00,0.00000000e+00,0.00000000e+00,5.47306477e-05,1.54018547e-06,0.00000000e+00,0.00000000e+00,0.00000000e+00,0.00000000e+00
1.78744680e+02,1.78494680e+02,4.81813196e-05,1.37784714e-06,0.00000000e+00,0.00000000e+00,7.80416382e-06,5.95516859e-07,0.00000000e+00,0.00000000e+00,4.70803398e-02,9.78299135e-04,2.86252973e+02,8.10855895e+00,0.00000000e+00,0.00000000e+00,5.59847386e-05,1.57742198e-06,0.00000000e+00,0.00000000e+00,3.04587999e+00,1.20241277e-02
1.78844705e+02,1.78594705e+02,4.82262841e-05,1.30548012e-06,0.00000000e+00,0.00000000e+00,7.66500746e-06,6.16633314e-07,0.00000000e+00,0.00000000e+00,4.67780589e-02,9.84293854e-04,2.84927565e+02,7.99248739e+00,0.00000000e+00,0.00000000e+00,5.58905469e-05,1.54434806e-06,0.00000000e+00,0.00000000e+00,0.00000000e+00,0.00000000e+00
1.78944730e+02,1.78694730e+02,4.84645958e-05,1.30306585e-06,0.00000000e+00,0.00000000e+00,7.72504879e-06,7.90487221e-07,0.00000000e+00,0.00000000e+00,4.70898042e-02,9.60179594e-04,2.85531573e+02,7.96785317e+00,0.00000000e+00,0.00000000e+00,5.61889001e-05,1.61223397e-06,0.00000000e+00,0.00000000e+00,3.03601999e+00,1.19905346e-02
1.79044755e+02,1.78794755e+02,4.90063804e-05,1.34321151e-06,0.00000000e+00,0.00000000e+00,7.36087139e-06,5.95619020e-07,0.00000000e+00,0.00000000e+00,4.66733164e-02,9.32623368e-04,2.86139212e+02,7.84941938e+00,0.00000000e+00,0.00000000e+00,5.63665075e-05,1.54706705e-06,0.00000000e+00,0.00000000e+00,0.00000000e+00,0.00000000e+00
1.79144780e+02,1.78894780e+02,4.83853733e-05,1.26983747e-06,0.00000000e+00,0.00000000e+00,7.39723541e-06,6.21827829e-07,0.00000000e+00,0.00000000e+00,4.64817223e-02,9.24293147e-04,2.84090395e+02,7.85375486e+00,0.00000000e+00,0.00000000e+00,5.57818646e-05,1.52000974e-06,0.00000000e+00,0.00000000e+00,3.02864999e+00,1.18509970e-02
1.79244805e+02,1.78994805e+02,4.75404365e-05,1.29962661e-06,0.00000000e+00,0.00000000e+00,7.21247513e-06,6.00007476e-07,0.00000000e+00,0.00000000e+00,4.60267462e-02,9.90207968e-04,2.78658982e+02,8.17242130e+00,0.00000000e+00,0.00000000e+00,5.47521676e-05,1.59226346e-06,0.00000000e+00,0.00000000e+00,0.00000000e+00,0.00000000e+00
1.79344830e+02,1.79094830e+02,4.77715435e-05,1.30716365e-06,0.00000000e+00,0.00000000e+00,6.96441326e-06,5.61824201e-07,0.00000000e+00,0.00000000e+00,4.64363173e-02,9.87571349e-04,2.78351668e+02,8.10156944e+00,0.00000000e+00,0.00000000e+00,5.47352129e-05,1.59131283e-06,0.00000000e+00,0.00000000e+00,3.02158999e+00,1.18374689e-02
1.79444855e+02,1.79194855e+02,4.80747937e-05,1.31040220e-06,0.00000000e+00,0.00000000e+00,6.92973323e-06,5.38341185e-07,0.00000000e+00,0.00000000e+00,4.62088646e-02,9.59825109e-04,2.78944639e+02,7.90423622e+00,0.00000000e+00,0.00000000e+00,5.50037832e-05,1.56006215e-06,0.00000000e+00,0.00000000e+00,0.00000000e+00,0.00000000e+00
1.79544880e+02,1.79294880e+02,4.83661898e-05,1.38473981e-06,0.00000000e+00,0.00000000e+00,8.47247627e-06,1.26826408e-06,0.00000000e+00,0.00000000e+00,4.64100089e-02,9.86116662e-04,2.84921276e+02,9.11829929e+00,0.00000000e+00,0.00000000e+00,5.68379225e-05,2.01134651e-06,0.00000000e+00,0.00000000e+00,3.01407000e+00,1.19507680e-02
1.79644905e+02,1.79394905e+02,4.78819384e-05,1.30039470e-06,0.00000000e+00,0.00000000e+00,9.09311847e-06,2.43261738e-06,0.00000000e+00,0.00000000e+00,4.59294140e-02,9.80225778e-04,2.94478729e+02,1.97162054e+01,0.00000000e+00,0.00000000e+00,5.69743135e-05,2.97739902e-06,0.00000000e+00,0.00000000e+00,0.00000000e+00,0.00000000e+00
1.79744930e+02,1.79494930e+02,4.82179994e-05,1.46098851e-06,0.00000000e+00,0.00000000e+00,8.67133836e-06,1.53073687e-06,0.00000000e+00,0.00000000e+00,4.56959424e-02,1.00926655e-03,2.93935756e+02,1.38164427e+01,0.00000000e+00,0.00000000e+00,5.68885946e-05,2.28576303e-06,0.00000000e+00,0.00000000e+00,3.00522000e+00,1.19080108e-02
1.79844955e+02,1.79594955e+02,4.82814682e-05,1.45582132e-06,0.00000000e+00,0.00000000e+00,7.08333208e-06,8.95938209e-07,0.00000000e+00,0.00000000e+00,4.58561172e-02,9.56102442e-04,2.83958242e+02,9.94925084e+00,0.00000000e+00,0.00000000e+00,5.53640572e-05,1.82700299e-06,0.00000000e+00,0.00000000e+00,0.00000000e+00,0.00000000e+00
1.79944980e+02,1.79694980e+02,4.75447011e-05,1.40109113e-06,0.00000000e+00,0.00000000e+00,7.12250416e-06,8.03755296e-07,0.00000000e+00,0.00000000e+00,4.54204497e-02,9.23524715e-04,2.80302578e+02,9.31255928e+00,0.00000000e+00,0.00000000e+00,5.46664623e-05,1.74051024e-06,0.00000000e+00,0.00000000e+00,3.00033000e+00,1.18834070e-02
1.80045005e+02,1.79795005e+02,4.72443237e-05,1.38606676e-06,0.00000000e+00,0.00000000e+00,7.78961216e-06,9.61078984e-07,0.00000000e+00,0.00000000e+00,4.49674079e-02,9.23470926e-04,2.83224750e+02,9.95899355e+00,0.00000000e+00,0.00000000e+00,5.50331931e-05,1.82564117e-06,0.00000000e+00,0.00000000e+00,0.00000000e+00,0.00000000e+00
1.80145030e+02,1.79895030e+02,4.66306904e-05,1.34024400e-06,0.00000000e+00,0.00000000e+00,7.62409832e-06,9.51209622e-07,0.00000000e+00,0.00000000e+00,4.46207763e-02,9.12793100e-04,2.78586654e+02,9.25862556e+00,0.00000000e+00,0.00000000e+00,5.42540461e-05,1.71107046e-06,0.00000000e+00,0.00000000e+00,2.99153000e+00,1.19077722e-02
1.80245055e+02,1.79995055e+02,4.57419694e-05,1.30549212e-06,0.00000000e+00,0.00000000e+00,8.42562027e-06,1.25168798e-06,0.00000000e+00,0.00000000e+00,4.37898458e-02,8.91861678e-04,2.79428747e+02,1.06922592e+01,0.00000000e+00,0.00000000e+00,5.41668472e-05,1.88149041e-06,0.00000000e+00,0.00000000e+00,0.00000000e+00,0.00000000e+00
1.80345080e+02,1.80095080e+02,4.55005053e-05,1.31643047e-06,0.00000000e+00,0.00000000e+00,7.75670969e-06,1.12031061e-06,0.00000000e+00,0.00000000e+00,4.37519837e-02,8.76724211e-04,2.74543453e+02,1.00701780e+01,0.00000000e+00,0.00000000e+00,5.32564726e-05,1.78825510e-06,0.00000000e+00,0.00000000e+00,2.98352000e+00,1.18637165e-02
1.80445105e+02,1.80195105e+02,4.59811002e-05,1.43792084e-06,0.00000000e+00,0.00000000e+00,7.60505617e-06,1.10451659e-06,0.00000000e+00,0.00000000e+00,4.33894701e-02,8.86549574e-04,2.75425295e+02,1.09148126e+01,0.00000000e+00,0.00000000e+00,5.35854142e-05,1.94389797e-06,0.00000000e+00,0.00000000e+00,0.00000000e+00,0.00000000e+00
1.80545130e+02,1.80295130e+02,4.55605584e-05,1.42214962e-06,0.00000000e+00,0.00000000e+00,7.05164658e-06,7.42608601e-07,0.00000000e+00,0.00000000e+00,4.29948404e-02,9.14172680e-04,2.68999985e+02,9.65422290e+00,0.00000000e+00,0.00000000e+00,5.26114630e-05,1.79562698e-06,0.00000000e+00,0.00000000e+00,2.97616000e+00,1.17896608e-02
1.80645155e+02,1.80395155e+02,4.56914002e-05,1.55179716e-06,0.00000000e+00,0.00000000e+00,6.97010866e-06,6.64606428e-07,0.00000000e+00,0.00000000e+00,4.31602992e-02,9.32799222e-04,2.68235962e+02,9.35940824e+00,0.00000000e+00,0.00000000e+00,5.26607669e-05,1.79891274e-06,0.00000000e+00,0.00000000e+00,0.00000000e+00,0.00000000e+00
1.80745180e+02,1.80495180e+02,4.45144655e-05,1.31122121e-06,0.00000000e+00,0.00000000e+00,6.64627261e-06,5.79201316e-07,0.00000000e+00,0.00000000e+00,4.28780947e-02,9.42916003e-04,2.59084674e+02,7.91900097e+00,0.00000000e+00,0.00000000e+00,5.11599964e-05,1.55894116e-06,0.00000000e+00,0.00000000e+00,2.96782000e+00,1.16058534e-02
1.80845205e+02,1.80595205e+02,4.37493606e-05,1.33314443e-06,0.00000000e+00,0.00000000e+00,6.54919952e-06,5.71734586e-07,0.00000000e+00,0.00000000e+00,4.24015959e-02,9.22115962e-04,2.54928220e+02,8.00422490e+00,0.00000000e+00,0.00000000e+00,5.02978186e-05,1.58854934e-06,0.00000000e+00,0.00000000e+00,0.00000000e+00,0.00000000e+00
1.80945230e+02,1.80695230e+02,4.39163837e-05,1.42717836e-06,0.00000000e+00,0.00000000e+00,6.14626220e-06,5.53515319e-07,0.00000000e+00,0.00000000e+00,4.26446145e-02,9.57163128e-04,2.53614429e+02,8.07886723e+00,0.00000000e+00,0.00000000e+00,5.00619044e-05,1.63278088e-06,0.00000000e+00,0.00000000e+00,2.95957999e+00,1.16101241e-02
1.81045255e+02,1.80795255e+02,4.38461924e-05,1.46463909e-06,0.00000000e+00,0.00000000e+00,5.95016205e-06,5.51854228e-07,0.00000000e+00,0.00000000e+00,4.22036339e-02,9.08121595e-04,2.52887500e+02,8.42593717e+00,0.00000000e+00,0.00000000e+00,4.97956132e-05,1.67838925e-06,0.00000000e+00,0.00000000e+00,0.00000000e+00,0.00000000e+00
1.81145280e+02,1.80895280e+02,4.33670716e-05,1.36789386e-06,0.00000000e+00,0.00000000e+00,6.17514337e-06,5.38394783e-07,0.00000000e+00,0.00000000e+00,4.21814340e-02,9.21932973e-04,2.53145940e+02,8.30175322e+00,0.00000000e+00,0.00000000e+00,4.95414739e-05,1.61479134e-06,0.00000000e+00,0.00000000e+00,2.95380999e+00,1.15900312e-02
1.81245305e+02,1.80995305e+02,4.28728349e-05,1.31521741e-06,0.00000000e+00,0.00000000e+00,7.20041934e-06,1.06517661e-06,0.00000000e+00,0.00000000e+00,4.18149544e-02,9.06510678e-04,2.58984063e+02,1.17435846e+01,0.00000000e+00,0.00000000e+00,5.00725132e-05,2.00834840e-06,0.00000000e+00,0.00000000e+00,0.00000000e+00,0.00000000e+00
1.81345330e+02,1.81095330e+02,4.30752405e-05,1.32685786e-06,0.00000000e+00,0.00000000e+00,8.41970219e-06,1.46282243e-06,0.00000000e+00,0.00000000e+00,4.17748073e-02,8.91540575e-04,2.68482205e+02,1.33535222e+01,0.00000000e+00,0.00000000e+00,5.14942019e-05,2.19430217e-06,0.00000000e+00,0.00000000e+00,2.94600999e+00,1.16887624e-02
1.81445356e+02,1.81195356e+02,4.32871855e-05,1.34000955e-06,0.00000000e+00,0.00000000e+00,8.53934330e-06,1.54431408e-06,0.00000000e+00,0.00000000e+00,4.17823336e-02,8.92868500e-04,2.69586801e+02,1.33369791e+01,0.00000000e+00,0.00000000e+00,5.18257881e-05,2.14185337e-06,0.00000000e+00,0.00000000e+00,0.00000000e+00,0.00000000e+00
1.81545381e+02,1.81295381e+02,4.38753020e-05,1.48941289e-06,0.00000000e+00,0.00000000e+00,9.23661432e-06,1.51531246e-06,0.00000000e+00,0.00000000e+00,4.20902703e-02,9.37087772e-04,2.75530302e+02,1.31006752e+01,0.00000000e+00,0.00000000e+00,5.31111758e-05,2.20299124e-06,0.00000000e+00,0.00000000e+00,2.93888999e+00,1.16096693e-02
1.81645406e+02,1.81395406e+02,4.26270438e-05,1.37477854e-06,0.00000000e+00,0.00000000e+00,9.00989713e-06,1.54065155e-06,0.00000000e+00,0.00000000e+00,4.14263076e-02,8.76528569e-04,2.69512717e+02,1.31601954e+01,0.00000000e+00,0.00000000e+00,5.16362006e-05,2.11149830e-06,0.00000000e+00,0.00000000e+00,0.00000000e+00,0.00000000e+00
1.81745431e+02,1.81495431e+02,4.20948964e-05,1.28774648e-06,0.00000000e+00,0.00000000e+00,7.56191147e-06,1.06391140e-06,0.00000000e+00,0.00000000e+00,4.09039054e-02,8.57844132e-04,2.56665052e+02,1.02130483e+01,0.00000000e+00,0.00000000e+00,4.96560676e-05,1.73048628e-06,0.00000000e+00,0.00000000e+00,2.93283999e+00,1.15177572e-02
1.81845456e+02,1.81595456e+02,4.23659713e-05,1.34191857e-06,0.00000000e+00,0.00000000e+00,6.96745936e-06,1.00134831e-06,0.00000000e+00,0.00000000e+00,4.09472227e-02,8.44068593e-04,2.54064976e+02,1.00352477e+01,0.00000000e+00,0.00000000e+00,4.93326905e-05,1.71981511e-06,0.00000000e+00,0.00000000e+00,0.00000000e+00,0.00000000e+00
1.81945481e+02,1.81695481e+02,4.16189289e-05,1.35645999e-06,0.00000000e+00,0.00000000e+00,7.04469014e-06,9.97867803e-07,0.00000000e+00,0.00000000e+00,4.02742440e-02,8.64574713e-04,2.50422240e+02,1.00158153e+01,0.00000000e+00,0.00000000e+00,4.86628791e-05,1.73955196e-06,0.00000000e+00,0.00000000e+00,2.92824999e+00,1.16161187e-02
1.82045506e+02,1.81795506e+02,4.16362653e-05,1.34501453e-06,0.00000000e+00,0.00000000e+00,6.84770172e-06,9.96441428e-07,0.00000000e+00,0.00000000e+00,4.03290631e-02,9.17498044e-04,2.49191781e+02,1.02928865e+01,0.00000000e+00,0.00000000e+00,4.84832272e-05,1.78102072e-06,0.00000000e+00,0.00000000e+00,0.00000000e+00,0.00000000e+00
1.82145531e+02,1.81895531e+02,4.14948454e-05,1.33494601e-06,0.00000000e+00,0.00000000e+00,7.84320205e-06,1.11166822e-06,0.00000000e+00,0.00000000e+00,3.99489601e-02,8.95587318e-04,2.54521452e+02,1.00838824e+01,0.00000000e+00,0.00000000e+00,4.93373078e-05,1.76884350e-06,0.00000000e+00,0.00000000e+00,2.92218999e+00,1.17633026e-02
1.82245556e+02,1.81995556e+02,4.12475241e-05,1.27623197e-06,0.00000000e+00,0.00000000e+00,7.77889898e-06,9.53101587e-07,0.00000000e+00,0.00000000e+00,3.99917034e-02,8.29035214e-04,2.52930360e+02,9.12129087e+00,0.00000000e+00,0.00000000e+00,4.90256836e-05,1.63424237e-06,0.00000000e+00,0.00000000e+00,0.00000000e+00,0.00000000e+00
1.82345581e+02,1.82095581e+02,4.01157969e-05,1.21447508e-06,0.00000000e+00,0.00000000e+00,7.13084774e-06,1.05236714e-06,0.00000000e+00,0.00000000e+00,3.93456951e-02,8.30041990e-04,2.43678001e+02,9.77346332e+00,0.00000000e+00,0.00000000e+00,4.72459053e-05,1.70962102e-06,0.00000000e+00,0.00000000e+00,2.91432999e+00,1.18504574e-02
1.82445606e+02,1.82195606e+02,4.02837451e-05,1.23120742e-06,0.00000000e+00,0.00000000e+00,6.16908643e-06,5.71893127e-07,0.00000000e+00,0.00000000e+00,3.92968539e-02,8.61406864e-04,2.38167934e+02,7.39347506e+00,0.00000000e+00,0.00000000e+00,4.64520924e-05,1.41068024e-06,0.00000000e+00,0.00000000e+00,0.00000000e+00,0.00000000e+00
1.82545631e+02,1.82295631e+02,4.10057328e-05,1.37469134e-06,0.00000000e+00,0.00000000e+00,6.22082409e-06,5.85894680e-07,0.00000000e+00,0.00000000e+00,3.93131314e-02,8.20964154e-04,2.41507743e+02,8.01821516e+00,0.00000000e+00,0.00000000e+00,4.72258178e-05,1.56059953e-06,0.00000000e+00,0.00000000e+00,2.90573999e+00,1.17176859e-02
1.82645656e+02,1.82395656e+02,4.03883495e-05,1.22709229e-06,0.00000000e+00,0.00000000e+00,5.42662209e-06,4.96841700e-07,0.00000000e+00,0.00000000e+00,3.91198572e-02,8.51584193e-04,2.33597400e+02,7.21705459e+00,0.00000000e+00,0.00000000e+00,4.58142327e-05,1.39373204e-06,0.00000000e+00,0.00000000e+00,0.00000000e+00,0.00000000e+00
1.82745681e+02,1.82495681e+02,4.03788646e-05,1.34922286e-06,0.00000000e+00,0.00000000e+00,6.66092519e-06,1.26841923e-06,0.00000000e+00,0.00000000e+00,3.87015267e-02,8.63409687e-04,2.37812141e+02,8.91277670e+00,0.00000000e+00,0.00000000e+00,4.70390510e-05,2.00168285e-06,0.00000000e+00,0.00000000e+00,2.89607999e+00,1.13970196e-02
1.82845706e+02,1.82595706e+02,3.98494515e-05,1.32473121e-06,0.00000000e+00,0.00000000e+00,5.53291317e-06,7.05840691e-07,0.00000000e+00,0.00000000e+00,3.81203319e-02,9.10387080e-04,2.31899423e+02,8.08515172e+00,0.00000000e+00,0.00000000e+00,4.53816260e-05,1.53509353e-06,0.00000000e+00,0.00000000e+00,0.00000000e+00,0.00000000e+00
1.82945731e+02,1.82695731e+02,3.98112115e-05,1.31102307e-06,0.00000000e+00,0.00000000e+00,5.21565510e-06,5.39176407e-07,0.00000000e+00,0.00000000e+00,3.80357180e-02,9.12212981e-04,2.29194284e+02,7.65758148e+00,0.00000000e+00,0.00000000e+00,4.50261281e-05,1.48162848e-06,0.00000000e+00,0.00000000e+00,2.89065999e+00,1.12842898e-02
1.83045756e+02,1.82795756e+02,4.02006253e-05,1.42387873e-06,0.00000000e+00,0.00000000e+00,5.49274601e-06,6.29113808e-07,0.00000000e+00,0.00000000e+00,3.78663836e-02,8.79521920e-04,2.31798691e+02,8.40025886e+00,0.00000000e+00,0.00000000e+00,4.56926330e-05,1.62317329e-06,0.00000000e+00,0.00000000e+00,0.00000000e+00,0.00000000e+00
1.83145781e+02,1.82895781e+02,3.95106456e-05,1.38628590e-06,0.00000000e+00,0.00000000e+00,5.55164843e-06,6.78416716e-07,0.00000000e+00,0.00000000e+00,3.78593556e-02,8.97179611e-04,2.29091651e+02,8.28484782e+00,0.00000000e+00,0.00000000e+00,4.50615558e-05,1.59960300e-06,0.00000000e+00,0.00000000e+00,2.88251999e+00,1.11576443e-02
1.83245806e+02,1.82995806e+02,3.83922798e-05,1.33892925e-06,0.00000000e+00,0.00000000e+00,5.13685113e-06,6.28308118e-07,0.00000000e+00,0.00000000e+00,3.72154390e-02,8.89639193e-04,2.22505837e+02,8.07653381e+00,0.00000000e+00,0.00000000e+00,4.35283928e-05,1.56308650e-06,0.00000000e+00,0.00000000e+00,0.00000000e+00,0.00000000e+00
1.83345831e+02,1.83095831e+02,3.92980419e-05,1.49836542e-06,0.00000000e+00,0.00000000e+00,5.83386857e-06,7.16668884e-07,0.00000000e+00,0.00000000e+00,3.74493001e-02,9.46533692e-04,2.32165712e+02,8.81959813e+00,0.00000000e+00,0.00000000e+00,4.51311726e-05,1.70694405e-06,0.00000000e+00,0.00000000e+00,2.87679000e+00,1.12278271e-02
1.83445856e+02,1.83195856e+02,3.90156677e-05,1.38570497e-06,0.00000000e+00,0.00000000e+00,6.63859900e-06,9.05544666e-07,0.00000000e+00,0.00000000e+00,3.72949330e-02,8.77078707e-04,2.35036612e+02,8.70627311e+00,0.00000000e+00,0.00000000e+00,4.56535290e-05,1.69688720e-06,0.00000000e+00,0.00000000e+00,0.00000000e+00,0.00000000e+00
1.83545881e+02,1.83295881e+02,3.84945824e-05,1.29138439e-06,0.00000000e+00,0.00000000e+00,6.93307254e-06,1.02466938e-06,0.00000000e+00,0.00000000e+00,3.69362205e-02,8.00896176e-04,2.35036242e+02,9.35135351e+00,0.00000000e+00,0.00000000e+00,4.54269172e-05,1.69365935e-06,0.00000000e+00,0.00000000e+00,2.86811000e+00,1.14366317e-02
1.83645906e+02,1.83395906e+02,3.86826323e-05,1.34824438e-06,0.00000000e+00,0.00000000e+00,7.41591861e-06,1.07760822e-06,0.00000000e+00,0.00000000e+00,3.68455360e-02,8.04109414e-04,2.38848540e+02,9.85005212e+00,0.00000000e+00,0.00000000e+00,4.60978134e-05,1.76076141e-06,0.00000000e+00,0.00000000e+00,0.00000000e+00,0.00000000e+00
1.83745931e+02,1.83495931e+02,3.89008312e-05,1.35705190e-06,0.00000000e+00,0.00000000e+00,7.54186290e-06,1.09993343e-06,0.00000000e+00,0.00000000e+00,3.70566120e-02,8.39314033e-04,2.38781643e+02,9.59553265e+00,0.00000000e+00,0.00000000e+00,4.64419567e-05,1.74992325e-06,0.00000000e+00,0.00000000e+00,2.86280000e+00,1.14360144e-02
1.83845956e+02,1.83595956e+02,3.82021923e-05,1.33622762e-06,0.00000000e+00,0.00000000e+00,7.47564591e-06,1.06427647e-06,0.00000000e+00,0.00000000e+00,3.62295113e-02,8.15792908e-04,2.35554161e+02,9.72818455e+00,0.00000000e+00,0.00000000e+00,4.56771010e-05,1.74677210e-06,0.00000000e+00,0.00000000e+00,0.00000000e+00,0.00000000e+00
1.83945981e+02,1.83695981e+02,3.91874471e-05,1.41357259e-06,0.00000000e+00,0.00000000e+00,7.06529254e-06,9.77615226e-07,0.00000000e+00,0.00000000e+00,3.68094799e-02,8.66313141e-04,2.38579116e+02,9.81466395e+00,0.00000000e+00,0.00000000e+00,4.62520025e-05,1.79032917e-06,0.00000000e+00,0.00000000e+00,2.85488000e+00,1.14449696e-02
1.84046007e+02,1.83796007e+02,3.92163088e-05,1.49212777e-06,0.00000000e+00,0.00000000e+00,6.61844543e-06,9.05386374e-07,0.00000000e+00,0.00000000e+00,3.65868725e-02,8.89907652e-04,2.35708995e+02,9.78666089e+00,0.00000000e+00,0.00000000e+00,4.58340173e-05,1.81099223e-06,0.00000000e+00,0.00000000e+00,0.00000000e+00,0.00000000e+00
1.84146032e+02,1.83896032e+02,3.82804116e-05,1.37868458e-06,0.00000000e+00,0.00000000e+00,6.66947566e-06,9.16171940e-07,0.00000000e+00,0.00000000e+00,3.58244631e-02,8.58684778e-04,2.31083878e+02,9.26720126e+00,0.00000000e+00,0.00000000e+00,4.49491504e-05,1.70730345e-06,0.00000000e+00,0.00000000e+00,2.84633000e+00,1.12156281e-02
1.84246057e+02,1.83996057e+02,3.86868583e-05,1.45094064e-06,0.00000000e+00,0.00000000e+00,6.70817058e-06,9.66373046e-07,0.00000000e+00,0.00000000e+00,3.57229458e-02,8.68497649e-04,2.32760303e+02,9.41045539e+00,0.00000000e+00,0.00000000e+00,4.53942922e-05,1.76383512e-06,0.00000000e+00,0.00000000e+00,0.00000000e+00,0.00000000e+00
1.84346082e+02,1.84096082e+02,3.82676757e-05,1.46899436e-06,0.00000000e+00,0.00000000e+00,6.97883723e-06,1.02928891e-06,0.00000000e+00,0.00000000e+00,3.53436264e-02,9.02287864e-04,2.32630974e+02,9.62409153e+00,0.00000000e+00,0.00000000e+00,4.52457764e-05,1.77921132e-06,0.00000000e+00,0.00000000e+00,2.83792000e+00,1.12055243e-02
1.84446107e+02,1.84196107e+02,3.79410714e-05,1.55820878e-06,0.00000000e+00,0.00000000e+00,7.07923217e-06,1.14038562e-06,0.00000000e+00,0.00000000e+00,3.48226795e-02,8.27035631e-04,2.31640913e+02,1.05462014e+01,0.00000000e+00,0.00000000e+00,4.50195672e-05,1.92390115e-06,0.00000000e+00,0.00000000e+00,0.00000000e+00,0.00000000e+00
1.84546132e+02,1.84296132e+02,3.80968897e-05,1.51205849e-06,0.00000000e+00,0.00000000e+00,7.18100927e-06,1.09356527e-06,0.00000000e+00,0.00000000e+00,3.49157122e-02,8.47502577e-04,2.32291008e+02,1.05186309e+01,0.00000000e+00,0.00000000e+00,4.52771627e-05,1.94380387e-06,0.00000000e+00,0.00000000e+00,2.83046000e+00,1.14736450e-02
1.84646157e+02,1.84396157e+02,3.87806227e-05,1.63268040e-06,0.00000000e+00,0.00000000e+00,5.67645353e-06,6.59521185e-07,0.00000000e+00,0.00000000e+00,3.53357522e-02,9.13675358e-04,2.26192053e+02,9.00030322e+00,0.00000000e+00,0.00000000e+00,4.44563401e-05,1.79956151e-06,0.00000000e+00,0.00000000e+00,0.00000000e+00,0.00000000e+00
1.84746182e+02,1.84496182e+02,3.80287411e-05,1.69344732e-06,0.00000000e+00,0.00000000e+00,5.49973262e-06,7.08034595e-07,0.00000000e+00,0.00000000e+00,3.48956207e-02,8.84705057e-04,2.21820770e+02,9.40770487e+00,0.00000000e+00,0.00000000e+00,4.35277378e-05,1.85272184e-06,0.00000000e+00,0.00000000e+00,2.82417000e+00,1.14696002e-02
1.84846207e+02,1.84596207e+02,3.69062958e-05,1.41248908e-06,0.00000000e+00,0.00000000e+00,5.64020197e-06,7.24512835e-07,0.00000000e+00,0.00000000e+00,3.41734861e-02,8.13902151e-04,2.17533006e+02,8.46902066e+00,0.00000000e+00,0.00000000e+00,4.25457619e-05,1.60436369e-06,0.00000000e+00,0.00000000e+00,0.00000000e+00,0.00000000e+00
1.84946232e+02,1.84696232e+02,3.68097778e-05,1.36553865e-06,0.00000000e+00,0.00000000e+00,5.90254901e-06,7.52196543e-07,0.00000000e+00,0.00000000e+00,3.40245340e-02,7.21900771e-04,2.18560890e+02,8.28857836e+00,0.00000000e+00,0.00000000e+00,4.27115911e-05,1.56294926e-06,0.00000000e+00,0.00000000e+00,2.81774000e+00,1.11812580e-02
1.85046257e+02,1.84796257e+02,3.58920726e-05,1.27310692e-06,0.00000000e+00,0.00000000e+00,5.69152839e-06,7.78669030e-07,0.00000000e+00,0.00000000e+00,3.36258818e-02,7.50834546e-04,2.12399430e+02,7.93192329e+00,0.00000000e+00,0.00000000e+00,4.15828654e-05,1.48772549e-06,0.00000000e+00,0.00000000e+00,0.00000000e+00,0.00000000e+00
1.85146282e+02,1.84896282e+02,3.57344735e-05,1.35847792e-06,0.00000000e+00,0.00000000e+00,5.52332842e-06,7.31449385e-07,0.00000000e+00,0.00000000e+00,3.34109558e-02,7.44246992e-04,2.10940042e+02,8.29746891e+00,0.00000000e+00,0.00000000e+00,4.12570664e-05,1.54261151e-06,0.00000000e+00,0.00000000e+00,2.81127000e+00,1.12524733e-02
1.85246307e+02,1.84996307e+02,3.57124155e-05,1.31040071e-06,0.00000000e+00,0.00000000e+00,5.95479633e-06,8.52877263e-07,0.00000000e+00,0.00000000e+00,3.30966204e-02,7.55208831e-04,2.13225152e+02,8.29165659e+00,0.00000000e+00,0.00000000e+00,4.16664766e-05,1.51164999e-06,0.00000000e+00,0.00000000e+00,0.00000000e+00,0.00000000e+00
1.85346332e+02,1.85096332e+02,3.51736188e-05,1.29913660e-06,0.00000000e+00,0.00000000e+00,5.80280920e-06,7.38845155e-07,0.00000000e+00,0.00000000e+00,3.30114212e-02,7.33091912e-04,2.09791095e+02,7.88929413e+00,0.00000000e+00,0.00000000e+00,4.09756928e-05,1.48247953e-06,0.00000000e+00,0.00000000e+00,2.80401000e+00,1.11682949e-02
1.85446357e+02,1.85196357e+02,3.41013832e-05,1.25678676e-06,0.00000000e+00,0.00000000e+00,5.45246519e-06,6.48482812e-07,0.00000000e+00,0.00000000e+00,3.22558916e-02,7.27625657e-04,2.02742107e+02,7.70275577e+00,0.00000000e+00,0.00000000e+00,3.95531134e-05,1.44764136e-06,0.00000000e+00,0.00000000e+00,0.00000000e+00,0.00000000e+00
1.85546382e+02,1.85296382e+02,3.41757032e-05,1.39148588e-06,0.00000000e+00,0.00000000e+00,4.75835629e-06,5.73429215e-07,0.00000000e+00,0.00000000e+00,3.21649279e-02,7.96906956e-04,1.99142232e+02,8.11668948e+00,0.00000000e+00,0.00000000e+00,3.89333246e-05,1.56135678e-06,0.00000000e+00,0.00000000e+00,2.79651000e+00,1.10969420e-02
1.85646407e+02,1.85396407e+02,3.32274482e-05,1.32904889e-06,0.00000000e+00,0.00000000e+00,4.66626579e-06,5.23521305e-07,0.00000000e+00,0.00000000e+00,3.19465273e-02,8.29592989e-04,1.94448299e+02,7.69384035e+00,0.00000000e+00,0.00000000e+00,3.78929792e-05,1.49378580e-06,0.00000000e+00,0.00000000e+00,0.00000000e+00,0.00000000e+00
1.85746432e+02,1.85496432e+02,3.32430038e-05,1.34131939e-06,0.00000000e+00,0.00000000e+00,6.15172888e-06,1.16813408e-06,0.00000000e+00,0.00000000e+00,3.16200103e-02,7.88983157e-04,2.02894542e+02,1.02558205e+01,0.00000000e+00,0.00000000e+00,3.93939981e-05,1.83477213e-06,0.00000000e+00,0.00000000e+00,2.78954000e+00,1.10729850e-02
1.85846457e+02,1.85596457e+02,3.27034445e-05,1.25045396e-06,0.00000000e+00,0.00000000e+00,4.65243953e-06,4.87713112e-07,0.00000000e+00,0.00000000e+00,3.11793231e-02,7.27250839e-04,1.90964552e+02,6.99077392e+00,0.00000000e+00,0.00000000e+00,3.73551495e-05,1.37109589e-06,0.00000000e+00,0.00000000e+00,0.00000000e+00,0.00000000e+00
1.85946482e+02,1.85696482e+02,3.36470274e-05,1.31634658e-06,0.00000000e+00,0.00000000e+00,4.52620425e-06,4.63815230e-07,0.00000000e+00,0.00000000e+00,3.14413310e-02,7.53794377e-04,1.94868759e+02,7.27090465e+00,0.00000000e+00,0.00000000e+00,3.81724973e-05,1.42135587e-06,0.00000000e+00,0.00000000e+00,2.78216000e+00,1.10516577e-02
1.86046507e+02,1.85796507e+02,3.35715160e-05,1.34425465e-06,0.00000000e+00,0.00000000e+00,4.20543574e-06,4.24155689e-07,0.00000000e+00,0.00000000e+00,3.13650148e-02,7.38512776e-04,1.92935609e+02,7.36166542e+00,0.00000000e+00,0.00000000e+00,3.77762175e-05,1.45472172e-06,0.00000000e+00,0.00000000e+00,0.00000000e+00,0.00000000e+00
1.86146532e+02,1.85896532e+02,3.35153044e-05,1.23354978e-06,0.00000000e+00,0.00000000e+00,4.07015420e-06,4.03914760e-07,0.00000000e+00,0.00000000e+00,3.14383311e-02,7.29747926e-04,1.91759102e+02,6.90782388e+00,0.00000000e+00,0.00000000e+00,3.75847245e-05,1.35413745e-06,0.00000000e+00,0.00000000e+00,2.77423000e+00,1.11296661e-02
1.86246557e+02,1.85996557e+02,3.32901298e-05,1.18640563e-06,0.00000000e+00,0.00000000e+00,4.30220112e-06,4.64191869e-07,0.00000000e+00,0.00000000e+00,3.11176292e-02,7.24062176e-04,1.91680832e+02,6.48319894e+00,0.00000000e+00,0.00000000e+00,3.75915970e-05,1.27842771e-06,0.00000000e+00,0.00000000e+00,0.00000000e+00,0.00000000e+00
1.86346582e+02,1.86096582e+02,3.23316205e-05,1.15174705e-06,0.00000000e+00,0.00000000e+00,4.54875435e-06,5.38652227e-07,0.00000000e+00,0.00000000e+00,3.04165371e-02,7.05197130e-04,1.87622215e+02,6.90535972e+00,0.00000000e+00,0.00000000e+00,3.68796411e-05,1.34474599e-06,0.00000000e+00,0.00000000e+00,2.76523000e+00,1.11731357e-02
1.86446607e+02,1.86196607e+02,3.23743050e-05,1.15309677e-06,0.00000000e+00,0.00000000e+00,4.76649570e-06,6.59951813e-07,0.00000000e+00,0.00000000e+00,3.04453090e-02,7.47089477e-04,1.88760290e+02,7.30708484e+00,0.00000000e+00,0.00000000e+00,3.71400670e-05,1.42194301e-06,0.00000000e+00,0.00000000e+00,0.00000000e+00,0.00000000e+00
1.86546632e+02,1.86296632e+02,3.20873975e-05,1.18124533e-06,0.00000000e+00,0.00000000e+00,4.96230189e-06,6.29560056e-07,0.00000000e+00,0.00000000e+00,3.02703140e-02,7.45296680e-04,1.88467230e+02,7.18285550e+00,0.00000000e+00,0.00000000e+00,3.70489658e-05,1.39113928e-06,0.00000000e+00,0.00000000e+00,2.75782000e+00,1.11839837e-02
1.86646657e+02,1.86396657e+02,3.24916559e-05,1.18363057e-06,0.00000000e+00,0.00000000e+00,5.26676521e-06,6.89880151e-07,0.00000000e+00,0.00000000e+00,3.08166540e-02,7.24313631e-04,1.92386656e+02,7.73662602e+00,0.00000000e+00,0.00000000e+00,3.77576877e-05,1.46502403e-06,0.00000000e+00,0.00000000e+00,0.00000000e+00,0.00000000e+00
1.86746683e+02,1.86496683e+02,3.14082954e-05,1.10406555e-06,0.00000000e+00,0.00000000e+00,5.13550445e-06,6.09946304e-07,0.00000000e+00,0.00000000e+00,3.02679366e-02,6.88642083e-04,1.86217537e+02,6.31346100e+00,0.00000000e+00,0.00000000e+00,3.65430665e-05,1.25262192e-06,0.00000000e+00,0.00000000e+00,2.75061000e+00,1.12935926e-02
1.86846708e+02,1.86596708e+02,3.15815355e-05,1.09722959e-06,0.00000000e+00,0.00000000e+00,5.81973790e-06,7.61375313e-07,0.00000000e+00,0.00000000e+00,3.01159335e-02,6.96132747e-04,1.91182921e+02,6.41950167e+00,0.00000000e+00,0.00000000e+00,3.74005403e-05,1.23435210e-06,0.00000000e+00,0.00000000e+00,0.00000000e+00,0.00000000e+00
1.86946733e+02,1.86696733e+02,3.16696630e-05,1.15617506e-06,0.00000000e+00,0.00000000e+00,5.93634990e-06,9.04959222e-07,0.00000000e+00,0.00000000e+00,2.99389578e-02,6.80975745e-04,1.91475812e+02,6.62666481e+00,0.00000000e+00,0.00000000e+00,3.76052798e-05,1.34031883e-06,0.00000000e+00,0.00000000e+00,2.74209000e+00,1.13248463e-02
1.87046758e+02,1.86796758e+02,3.19863152e-05,1.14638275e-06,0.00000000e+00,0.00000000e+00,5.90443771e-06,8.49878653e-07,0.00000000e+00,0.00000000e+00,3.04705253e-02,6.77406784e-04,1.92001147e+02,6.60994952e+00,0.00000000e+00,0.00000000e+00,3.78900200e-05,1.34891260e-06,0.00000000e+00,0.00000000e+00,0.00000000e+00,0.00000000e+00
1.87146783e+02,1.86896783e+02,3.15136205e-05,1.08426320e-06,0.00000000e+00,0.00000000e+00,5.56852463e-06,7.67383980e-07,0.00000000e+00,0.00000000e+00,2.97696403e-02,6.76271991e-04,1.86956506e+02,6.26709910e+00,0.00000000e+00,0.00000000e+00,3.70814124e-05,1.26935711e-06,0.00000000e+00,0.00000000e+00,2.73710000e+00,1.11701488e-02
1.87246808e+02,1.86996808e+02,3.14043690e-05,1.08029544e-06,0.00000000e+00,0.00000000e+00,4.57548786e-06,5.69520198e-07,0.00000000e+00,0.00000000e+00,2.97092000e-02,6.72661427e-04,1.83575923e+02,6.17328579e+00,0.00000000e+00,0.00000000e+00,3.59791243e-05,1.18608496e-06,0.00000000e+00,0.00000000e+00,0.00000000e+00,0.00000000e+00
1.87346833e+02,1.87096833e+02,3.07987668e-05,1.17689550e-06,0.00000000e+00,0.00000000e+00,4.18237191e-06,5.92761701e-07,0.00000000e+00,0.00000000e+00,2.92288603e-02,7.12688062e-04,1.78348754e+02,6.72301117e+00,0.00000000e+00,0.00000000e+00,3.49804062e-05,1.30000149e-06,0.00000000e+00,0.00000000e+00,2.72828000e+00,1.11945522e-02
1.87446858e+02,1.87196858e+02,3.01850646e-05,1.03668090e-06,0.00000000e+00,0.00000000e+00,3.55927685e-06,3.34953456e-07,0.00000000e+00,0.00000000e+00,2.91989523e-02,6.74449038e-04,1.72056298e+02,5.55313897e+00,0.00000000e+00,0.00000000e+00,3.37436090e-05,1.10448700e-06,0.00000000e+00,0.00000000e+00,0.00000000e+00,0.00000000e+00
1.87546883e+02,1.87296883e+02,2.97381777e-05,1.08608512e-06,0.00000000e+00,0.00000000e+00,3.65304786e-06,3.28500711e-07,0.00000000e+00,0.00000000e+00,2.88927418e-02,6.85388432e-04,1.70610725e+02,5.53892536e+00,0.00000000e+00,0.00000000e+00,3.33904933e-05,1.12381944e-06,0.00000000e+00,0.00000000e+00,2.72006000e+00,1.13218376e-02
1.87646908e+02,1.87396908e+02,2.95212044e-05,1.06213012e-06,0.00000000e+00,0.00000000e+00,4.39101592e-06,6.88839472e-07,0.00000000e+00,0.00000000e+00,2.89115340e-02,7.18653061e-04,1.73903890e+02,7.04115930e+00,0.00000000e+00,0.00000000e+00,3.39114882e-05,1.26135044e-06,0.00000000e+00,0.00000000e+00,0.00000000e+00,0.00000000e+00
1.87746933e+02,1.87496933e+02,2.94184981e-05,1.07085667e-06,0.00000000e+00,0.00000000e+00,4.40090555e-06,6.11097330e-07,0.00000000e+00,0.00000000e+00,2.87185545e-02,7.28864013e-04,1.72370533e+02,6.37029387e+00,0.00000000e+00,0.00000000e+00,3.38186717e-05,1.19247684e-06,0.00000000e+00,0.00000000e+00,2.71265000e+00,1.12120101e-02
1.87846958e+02,1.87596958e+02,2.90411154e-05,1.06366587e-06,0.00000000e+00,0.00000000e+00,4.39007716e-06,5.69263328e-07,0.00000000e+00,0.00000000e+00,2.88796804e-02,7.75438236e-04,1.71021651e+02,6.41065114e+00,0.00000000e+00,0.00000000e+00,3.34304607e-05,1.19887602e-06,0.00000000e+00,0.00000000e+00,0.00000000e+00,0.00000000e+00
1.87946983e+02,1.87696983e+02,2.84544535e-05,1.04402871e-06,0.00000000e+00,0.00000000e+00,4.29649314e-06,5.29606646e-07,0.00000000e+00,0.00000000e+00,2.81615009e-02,7.35277045e-04,1.67854562e+02,6.23289352e+00,0.00000000e+00,0.00000000e+00,3.27502149e-05,1.16098911e-06,0.00000000e+00,0.00000000e+00,2.70670000e+00,1.10485753e-02
1.88047008e+02,1.87797008e+02,2.87260837e-05,1.07593715e-06,0.00000000e+00,0.00000000e+00,4.64577647e-06,6.20807753e-07,0.00000000e+00,0.00000000e+00,2.80132240e-02,7.30497302e-04,1.71335984e+02,6.61446836e+00,0.00000000e+00,0.00000000e+00,3.33711285e-05,1.23072594e-06,0.00000000e+00,0.00000000e+00,0.00000000e+00,0.00000000e+00
1.88147033e+02,1.87897033e+02,2.85684717e-05,1.09084953e-06,0.00000000e+00,0.00000000e+00,4.36534728e-06,5.62464313e-07,0.00000000e+00,0.00000000e+00,2.76021506e-02,7.35256649e-04,1.68932730e+02,6.68713081e+00,0.00000000e+00,0.00000000e+00,3.29330875e-05,1.24978009e-06,0.00000000e+00,0.00000000e+00,2.70058000e+00,1.09498232e-02
1.88247058e+02,1.87997058e+02,2.92790975e-05,1.33005701e-06,0.00000000e+00,0.00000000e+00,5.37296424e-06,1.15092489e-06,0.00000000e+00,0.00000000e+00,2.78777181e-02,7.79888960e-04,1.78696447e+02,1.03961234e+01,0.00000000e+00,0.00000000e+00,3.46513304e-05,1.76514261e-06,0.00000000e+00,0.00000000e+00,0.00000000e+00,0.00000000e+00
1.88347083e+02,1.88097083e+02,2.81271658e-05,1.11272292e-06,0.00000000e+00,0.00000000e+00,4.35974945e-06,5.59707286e-07,0.00000000e+00,0.00000000e+00,2.72043375e-02,7.17862712e-04,1.65964742e+02,6.60895463e+00,0.00000000e+00,0.00000000e+00,3.24861840e-05,1.24978520e-06,0.00000000e+00,0.00000000e+00,2.69501000e+00,1.10610840e-02
1.88447108e+02,1.88197108e+02,2.79804038e-05,1.06329549e-06,0.00000000e+00,0.00000000e+00,4.61259542e-06,5.72494955e-07,0.00000000e+00,0.00000000e+00,2.71352015e-02,7.09417312e-04,1.67158321e+02,6.40255631e+00,0.00000000e+00,0.00000000e+00,3.25922681e-05,1.20639828e-06,0.00000000e+00,0.00000000e+00,0.00000000e+00,0.00000000e+00
1.88547133e+02,1.88297133e+02,2.75676676e-05,9.88292010e-07,0.00000000e+00,0.00000000e+00,4.80164279e-06,6.85367521e-07,0.00000000e+00,0.00000000e+00,2.67477246e-02,6.44153718e-04,1.66643284e+02,6.55787587e+00,0.00000000e+00,0.00000000e+00,3.23685794e-05,1.17567474e-06,0.00000000e+00,0.00000000e+00,2.68835000e+00,1.10939823e-02
1.88647158e+02,1.88397158e+02,2.78254650e-05,9.99982044e-07,0.00000000e+00,0.00000000e+00,4.69947811e-06,6.64806756e-07,0.00000000e+00,0.00000000e+00,2.68570458e-02,6.68225554e-04,1.67533669e+02,6.58598098e+00,0.00000000e+00,0.00000000e+00,3.25242123e-05,1.19097487e-06,0.00000000e+00,0.00000000e+00,0.00000000e+00,0.00000000e+00
1.88747183e+02,1.88497183e+02,2.79884507e-05,1.06201658e-06,0.00000000e+00,0.00000000e+00,4.24617515e-06,5.50845775e-07,0.00000000e+00,0.00000000e+00,2.68099941e-02,6.80755268e-04,1.65001901e+02,6.20814902e+00,0.00000000e+00,0.00000000e+00,3.22338951e-05,1.18138781e-06,0.00000000e+00,0.00000000e+00,2.67962000e+00,1.09544125e-02
1.88847208e+02,1.88597208e+02,2.78427426e-05,1.18901996e-06,0.00000000e+00,0.00000000e+00,4.38531759e-06,5.75124700e-07,0.00000000e+00,0.00000000e+00,2.62669528e-02,6.91173585e-04,1.64385094e+02,6.90618879e+00,0.00000000e+00,0.00000000e+00,3.22273296e-05,1.32808422e-06,0.00000000e+00,0.00000000e+00,0.00000000e+00,0.00000000e+00
1.88947233e+02,1.88697233e+02,2.80930036e-05,1.20811991e-06,0.00000000e+00,0.00000000e+00,4.90124941e-06,8.02225486e-07,0.00000000e+00,0.00000000e+00,2.62943879e-02,7.46227729e-04,1.68565894e+02,7.81807907e+00,0.00000000e+00,0.00000000e+00,3.29935225e-05,1.44162202e-06,0.00000000e+00,0.00000000e+00,2.67396000e+00,1.10372916e-02
1.89047258e+02,1.88797258e+02,2.78130095e-05,1.07211413e-06,0.00000000e+00,0.00000000e+00,4.92724385e-06,8.20241931e-07,0.00000000e+00,0.00000000e+00,2.61005901e-02,6.54804676e-04,1.67729266e+02,7.68815783e+00,0.00000000e+00,0.00000000e+00,3.27395567e-05,1.37260459e-06,0.00000000e+00,0.00000000e+00,0.00000000e+00,0.00000000e+00
1.89147283e+02,1.88897283e+02,2.75108822e-05,1.10750741e-06,0.00000000e+00,0.00000000e+00,5.05955462e-06,7.80619054e-07,0.00000000e+00,0.00000000e+00,2.59075620e-02,6.73019143e-04,1.67517730e+02,7.89103910e+00,0.00000000e+00,0.00000000e+00,3.25698005e-05,1.41572435e-06,0.00000000e+00,0.00000000e+00,2.66828000e+00,1.08927471e-02
1.89247308e+02,1.88997308e+02,2.67678247e-05,1.10368983e-06,0.00000000e+00,0.00000000e+00,4.08877473e-06,4.54600005e-07,0.00000000e+00,0.00000000e+00,2.58378224e-02,7.17474340e-04,1.57512004e+02,6.50408520e+00,0.00000000e+00,0.00000000e+00,3.08559633e-05,1.24372092e-06,0.00000000e+00,0.00000000e+00,0.00000000e+00,0.00000000e+00
1.89347334e+02,1.89097334e+02,2.64913885e-05,1.15898451e-06,0.00000000e+00,0.00000000e+00,4.01312724e-06,4.13935317e-07,0.00000000e+00,0.00000000e+00,2.52526744e-02,6.94164651e-04,1.54434095e+02,6.47273347e+00,0.00000000e+00,0.00000000e+00,3.05038797e-05,1.27760926e-06,0.00000000e+00,0.00000000e+00,2.65944000e+00,1.08341057e-02
1.89447359e+02,1.89197359e+02,2.68238403e-05,1.24917635e-06,0.00000000e+00,0.00000000e+00,3.88669021e-06,3.85657729e-07,0.00000000e+00,0.00000000e+00,2.53436599e-02,7.50137969e-04,1.55703716e+02,7.08017730e+00,0.00000000e+00,0.00000000e+00,3.07098946e-05,1.39307138e-06,0.00000000e+00,0.00000000e+00,0.00000000e+00,0.00000000e+00
1.89547384e+02,1.89297384e+02,2.59904180e-05,1.08412475e-06,0.00000000e+00,0.00000000e+00,3.85820362e-06,3.64574285e-07,0.00000000e+00,0.00000000e+00,2.47644865e-02,6.71019467e-04,1.51328923e+02,6.02406937e+00,0.00000000e+00,0.00000000e+00,2.98479859e-05,1.21651889e-06,0.00000000e+00,0.00000000e+00,2.65023000e+00,1.07897621e-02
1.89647409e+02,1.89397409e+02,2.56789877e-05,1.05874195e-06,0.00000000e+00,0.00000000e+00,3.73335672e-06,3.84490391e-07,0.00000000e+00,0.00000000e+00,2.45468600e-02,6.72690246e-04,1.49124700e+02,5.89557816e+00,0.00000000e+00,0.00000000e+00,2.94117088e-05,1.17744551e-06,0.00000000e+00,0.00000000e+00,0.00000000e+00,0.00000000e+00
1.89747434e+02,1.89497434e+02,2.56855634e-05,1.08486719e-06,0.00000000e+00,0.00000000e+00,4.09473644e-06,5.25088842e-07,0.00000000e+00,0.00000000e+00,2.44427346e-02,6.31045572e-04,1.52070067e+02,6.81724780e+00,0.00000000e+00,0.00000000e+00,2.97796644e-05,1.27783072e-06,0.00000000e+00,0.00000000e+00,2.64125000e+00,1.06173710e-02
1.89847459e+02,1.89597459e+02,2.52101986e-05,9.49101251e-07,0.00000000e+00,0.00000000e+00,4.33312139e-06,6.75819829e-07,0.00000000e+00,0.00000000e+00,2.43087167e-02,6.30851748e-04,1.52051917e+02,7.06979615e+00,0.00000000e+00,0.00000000e+00,2.95426847e-05,1.22984973e-06,0.00000000e+00,0.00000000e+00,0.00000000e+00,0.00000000e+00
1.89947484e+02,1.89697484e+02,2.49376464e-05,9.42720956e-07,0.00000000e+00,0.00000000e+00,4.12196647e-06,5.88614412e-07,0.00000000e+00,0.00000000e+00,2.40959565e-02,6.14851556e-04,1.49462560e+02,6.43358499e+00,0.00000000e+00,0.00000000e+00,2.90589777e-05,1.14813230e-06,0.00000000e+00,0.00000000e+00,2.63485000e+00,1.05826273e-02
1.90047509e+02,1.89797509e+02,2.48093919e-05,9.36783337e-07,0.00000000e+00,0.00000000e+00,3.95459049e-06,4.51267808e-07,0.00000000e+00,0.00000000e+00,2.40988702e-02,6.30754561e-04,1.46918936e+02,5.57614668e+00,0.00000000e+00,0.00000000e+00,2.87633473e-05,1.06503644e-06,0.00000000e+00,0.00000000e+00,0.00000000e+00,0.00000000e+00
1.90147534e+02,1.89897534e+02,2.50721390e-05,9.51143511e-07,0.00000000e+00,0.00000000e+00,4.05118346e-06,4.71404094e-07,0.00000000e+00,0.00000000e+00,2.41490881e-02,5.97171574e-04,1.49528796e+02,5.71243602e+00,0.00000000e+00,0.00000000e+00,2.91226876e-05,1.08132366e-06,0.00000000e+00,0.00000000e+00,2.62751000e+00,1.07482723e-02
1.90247559e+02,1.89997559e+02,2.51016276e-05,9.69871724e-07,0.00000000e+00,0.00000000e+00,3.94319317e-06,4.58821144e-07,0.00000000e+00,0.00000000e+00,2.39649356e-02,5.92932532e-04,1.48491696e+02,5.84264169e+00,0.00000000e+00,0.00000000e+00,2.90441860e-05,1.11834389e-06,0.00000000e+00,0.00000000e+00,0.00000000e+00,0.00000000e+00
1.90347584e+02,1.90097584e+02,2.53829029e-05,1.07697173e-06,0.00000000e+00,0.00000000e+00,4.00196258e-06,4.92320333e-07,0.00000000e+00,0.00000000e+00,2.38770354e-02,6.14821554e-04,1.49890363e+02,6.62947869e+00,0.00000000e+00,0.00000000e+00,2.93842308e-05,1.27292035e-06,0.00000000e+00,0.00000000e+00,2.62130000e+00,1.06443092e-02
1.90447609e+02,1.90197609e+02,2.48157329e-05,1.14391025e-06,0.00000000e+00,0.00000000e+00,3.93345974e-06,5.33989781e-07,0.00000000e+00,0.00000000e+00,2.32467301e-02,6.17840770e-04,1.47057699e+02,7.15964744e+00,0.00000000e+00,0.00000000e+00,2.87485581e-05,1.36418099e-06,0.00000000e+00,0.00000000e+00,0.00000000e+00,0.00000000e+00
1.90547634e+02,1.90297634e+02,2.45957026e-05,1.04630384e-06,0.00000000e+00,0.00000000e+00,4.24762801e-06,5.97479242e-07,0.00000000e+00,0.00000000e+00,2.33125156e-02,6.49586320e-04,1.48921493e+02,7.11473786e+00,0.00000000e+00,0.00000000e+00,2.88426962e-05,1.29899006e-06,0.00000000e+00,0.00000000e+00,2.61502000e+00,1.07138351e-02
1.90647659e+02,1.90397659e+02,2.52812687e-05,1.11056921e-06,0.00000000e+00,0.00000000e+00,4.18707329e-06,5.67449597e-07,0.00000000e+00,0.00000000e+00,2.35850389e-02,6.50040282e-04,1.52154080e+02,7.17914099e+00,0.00000000e+00,0.00000000e+00,2.94677077e-05,1.32794663e-06,0.00000000e+00,0.00000000e+00,0.00000000e+00,0.00000000e+00
1.90747684e+02,1.90497684e+02,2.58527665e-05,1.16065539e-06,0.00000000e+00,0.00000000e+00,4.38189254e-06,6.73748490e-07,0.00000000e+00,0.00000000e+00,2.39770881e-02,7.05682544e-04,1.55873750e+02,7.71690273e+00,0.00000000e+00,0.00000000e+00,3.02340250e-05,1.41327477e-06,0.00000000e+00,0.00000000e+00,2.61003000e+00,1.05764602e-02
1.90847709e+02,1.90597709e+02,2.49399119e-05,1.09197971e-06,0.00000000e+00,0.00000000e+00,3.86231009e-06,6.39159169e-07,0.00000000e+00,0.00000000e+00,2.29755278e-02,6.50194037e-04,1.46627197e+02,6.91871303e+00,0.00000000e+00,0.00000000e+00,2.88015881e-05,1.36178378e-06,0.00000000e+00,0.00000000e+00,0.00000000e+00,0.00000000e+00
1.90947734e+02,1.90697734e+02,2.55643539e-05,1.33385618e-06,0.00000000e+00,0.00000000e+00,3.99680176e-06,6.51178241e-07,0.00000000e+00,0.00000000e+00,2.31048698e-02,6.73246713e-04,1.50646605e+02,8.02230615e+00,0.00000000e+00,0.00000000e+00,2.95605219e-05,1.58890198e-06,0.00000000e+00,0.00000000e+00,2.60179000e+00,1.07018011e-02
1.91047759e+02,1.90797759e+02,2.53547228e-05,1.24604431e-06,0.00000000e+00,0.00000000e+00,3.43727498e-06,4.50410708e-07,0.00000000e+00,0.00000000e+00,2.29256550e-02,6.67198911e-04,1.46667616e+02,7.37029725e+00,0.00000000e+00,0.00000000e+00,2.87913642e-05,1.41814618e-06,0.00000000e+00,0.00000000e+00,0.00000000e+00,0.00000000e+00
1.91147784e+02,1.90897784e+02,2.39958786e-05,1.02709251e-06,0.00000000e+00,0.00000000e+00,3.49746350e-06,5.40923913e-07,0.00000000e+00,0.00000000e+00,2.24248784e-02,6.44315613e-04,1.39081721e+02,6.29809910e+00,0.00000000e+00,0.00000000e+00,2.74928288e-05,1.24156175e-06,0.00000000e+00,0.00000000e+00,2.59507000e+00,1.07849621e-02
1.91247809e+02,1.90997809e+02,2.38581457e-05,1.00975930e-06,0.00000000e+00,0.00000000e+00,3.01263408e-06,3.38632992e-07,0.00000000e+00,0.00000000e+00,2.23435146e-02,6.60101577e-04,1.36682459e+02,5.84052038e+00,0.00000000e+00,0.00000000e+00,2.68703016e-05,1.12342332e-06,0.00000000e+00,0.00000000e+00,0.00000000e+00,0.00000000e+00
1.91347834e+02,1.91097834e+02,2.35999905e-05,9.61712746e-07,0.00000000e+00,0.00000000e+00,2.61473508e-06,2.48191503e-07,0.00000000e+00,0.00000000e+00,2.20587706e-02,6.26700610e-04,1.32503561e+02,5.09430377e+00,0.00000000e+00,0.00000000e+00,2.62142475e-05,1.02622202e-06,0.00000000e+00,0.00000000e+00,2.58989000e+00,1.07159460e-02
1.91447859e+02,1.91197859e+02,2.41486442e-05,1.08989381e-06,0.00000000e+00,0.00000000e+00,2.84641444e-06,2.96523324e-07,0.00000000e+00,0.00000000e+00,2.22430500e-02,6.78852985e-04,1.36526867e+02,5.57521376e+00,0.00000000e+00,0.00000000e+00,2.69945806e-05,1.13360335e-06,0.00000000e+00,0.00000000e+00,0.00000000e+00,0.00000000e+00
1.91547884e+02,1.91297884e+02,2.30038294e-05,9.68628314e-07,0.00000000e+00,0.00000000e+00,3.97360253e-06,1.10221548e-06,0.00000000e+00,0.00000000e+00,2.12463389e-02,5.90742179e-04,1.39025807e+02,8.87198543e+00,0.00000000e+00,0.00000000e+00,2.69769539e-05,1.41416784e-06,0.00000000e+00,0.00000000e+00,2.58308999e+00,1.07541500e-02
1.91647909e+02,1.91397909e+02,2.31665015e-05,1.00748214e-06,0.00000000e+00,0.00000000e+00,3.36293798e-06,5.67947005e-07,0.00000000e+00,0.00000000e+00,2.17081688e-02,6.45980300e-04,1.35810844e+02,5.82815622e+00,0.00000000e+00,0.00000000e+00,2.65289615e-05,1.09069086e-06,0.00000000e+00,0.00000000e+00,0.00000000e+00,0.00000000e+00
1.91747934e+02,1.91497934e+02,2.25179233e-05,9.76844554e-07,0.00000000e+00,0.00000000e+00,3.54817625e-06,7.81080151e-07,0.00000000e+00,0.00000000e+00,2.10269624e-02,6.01648626e-04,1.33855532e+02,7.20546724e+00,0.00000000e+00,0.00000000e+00,2.60656216e-05,1.22538114e-06,0.00000000e+00,0.00000000e+00,2.57518999e+00,1.08041305e-02
1.91847959e+02,1.91597959e+02,2.18172124e-05,8.97198094e-07,0.00000000e+00,0.00000000e+00,3.43969051e-06,7.41664798e-07,0.00000000e+00,0.00000000e+00,2.06962312e-02,5.70037576e-04,1.29636730e+02,6.64240628e+00,0.00000000e+00,0.00000000e+00,2.52564250e-05,1.12271991e-06,0.00000000e+00,0.00000000e+00,0.00000000e+00,0.00000000e+00
1.91947984e+02,1.91697984e+02,2.13099553e-05,8.21415649e-07,0.00000000e+00,0.00000000e+00,2.85693036e-06,4.05245112e-07,0.00000000e+00,0.00000000e+00,2.03083839e-02,5.60180495e-04,1.23122067e+02,4.74411808e+00,0.00000000e+00,0.00000000e+00,2.41664077e-05,9.06120411e-07,0.00000000e+00,0.00000000e+00,2.57004999e+00,1.07814506e-02
1.92048010e+02,1.91798010e+02,2.13308898e-05,8.19332867e-07,0.00000000e+00,0.00000000e+00,2.35220539e-06,1.94736712e-07,0.00000000e+00,0.00000000e+00,2.02040291e-02,5.57293837e-04,1.19812432e+02,4.21406333e+00,0.00000000e+00,0.00000000e+00,2.36826173e-05,8.55155507e-07,0.00000000e+00,0.00000000e+00,0.00000000e+00,0.00000000e+00
1.92148035e+02,1.91898035e+02,2.13307471e-05,8.20242864e-07,0.00000000e+00,0.00000000e+00,2.32600952e-06,1.71282427e-07,0.00000000e+00,0.00000000e+00,2.04253198e-02,5.91773653e-04,1.19843038e+02,4.33726873e+00,0.00000000e+00,0.00000000e+00,2.36562788e-05,8.71674172e-07,0.00000000e+00,0.00000000e+00,2.56210999e+00,1.08976405e-02
1.92248060e+02,1.91998060e+02,2.11304381e-05,8.11057440e-07,0.00000000e+00,0.00000000e+00,2.40253411e-06,2.17857505e-07,0.00000000e+00,0.00000000e+00,1.99743325e-02,5.30370366e-04,1.18926847e+02,4.35675505e+00,0.00000000e+00,0.00000000e+00,2.35324944e-05,8.76189242e-07,0.00000000e+00,0.00000000e+00,0.00000000e+00,0.00000000e+00
1.92348085e+02,1.92098085e+02,2.08445569e-05,8.33646094e-07,0.00000000e+00,0.00000000e+00,2.61649623e-06,2.56193069e-07,0.00000000e+00,0.00000000e+00,1.99022201e-02,5.37113608e-04,1.18842462e+02,4.65625394e+00,0.00000000e+00,0.00000000e+00,2.34605753e-05,9.28878504e-07,0.00000000e+00,0.00000000e+00,2.55449999e+00,1.08741796e-02
1.92448110e+02,1.92198110e+02,2.09440846e-05,9.04879723e-07,0.00000000e+00,0.00000000e+00,2.84431255e-06,3.88035671e-07,0.00000000e+00,0.00000000e+00,2.01626906e-02,6.87700455e-04,1.21153315e+02,5.67716859e+00,0.00000000e+00,0.00000000e+00,2.37879194e-05,1.04775639e-06,0.00000000e+00,0.00000000e+00,0.00000000e+00,0.00000000e+00
1.92548135e+02,1.92298135e+02,2.04278376e-05,8.38296350e-07,0.00000000e+00,0.00000000e+00,2.62125705e-06,3.73985472e-07,0.00000000e+00,0.00000000e+00,1.95353117e-02,5.35894007e-04,1.17248585e+02,5.31634474e+00,0.00000000e+00,0.00000000e+00,2.30486169e-05,1.00378141e-06,0.00000000e+00,0.00000000e+00,2.54838999e+00,1.09027928e-02
1.92648160e+02,1.92398160e+02,2.01005463e-05,8.24324855e-07,0.00000000e+00,0.00000000e+00,2.68009499e-06,3.77448519e-07,0.00000000e+00,0.00000000e+00,1.90508389e-02,4.91567571e-04,1.16005523e+02,5.28649587e+00,0.00000000e+00,0.00000000e+00,2.27801636e-05,9.94997834e-07,0.00000000e+00,0.00000000e+00,0.00000000e+00,0.00000000e+00
1.92748185e+02,1.92498185e+02,2.00222620e-05,8.82927641e-07,0.00000000e+00,0.00000000e+00,2.46369027e-06,3.60784605e-07,0.00000000e+00,0.00000000e+00,1.88543328e-02,5.06279358e-04,1.14758128e+02,5.36232107e+00,0.00000000e+00,0.00000000e+00,2.24854746e-05,1.01830339e-06,0.00000000e+00,0.00000000e+00,2.54025999e+00,1.08072053e-02
1.92848210e+02,1.92598210e+02,1.97913119e-05,9.34208336e-07,0.00000000e+00,0.00000000e+00,2.50200452e-06,3.64022184e-07,0.00000000e+00,0.00000000e+00,1.89101591e-02,5.53087063e-04,1.14288931e+02,5.79551284e+00,0.00000000e+00,0.00000000e+00,2.22928389e-05,1.09580244e-06,0.00000000e+00,0.00000000e+00,0.00000000e+00,0.00000000e+00
1.92948235e+02,1.92698235e+02,1.97152530e-05,1.00685250e-06,0.00000000e+00,0.00000000e+00,2.57130719e-06,4.56047871e-07,0.00000000e+00,0.00000000e+00,1.86352197e-02,5.09921957e-04,1.14750487e+02,6.23023268e+00,0.00000000e+00,0.00000000e+00,2.22860827e-05,1.17236696e-06,0.00000000e+00,0.00000000e+00,2.53316999e+00,1.07794518e-02
1.93048260e+02,1.92798260e+02,1.92684636e-05,8.42714139e-07,0.00000000e+00,0.00000000e+00,3.01857515e-06,6.82664276e-07,0.00000000e+00,0.00000000e+00,1.84722121e-02,4.62587507e-04,1.13658980e+02,5.62801222e+00,0.00000000e+00,0.00000000e+00,2.22867705e-05,1.10773780e-06,0.00000000e+00,0.00000000e+00,0.00000000e+00,0.00000000e+00
1.93148285e+02,1.92898285e+02,1.97353182e-05,9.30628087e-07,0.00000000e+00,0.00000000e+00,2.59572819e-06,4.68342502e-07,0.00000000e+00,0.00000000e+00,1.86143921e-02,5.28161923e-04,1.14422390e+02,5.85445861e+00,0.00000000e+00,0.00000000e+00,2.23310465e-05,1.10001228e-06,0.00000000e+00,0.00000000e+00,2.52808999e+00,1.08791536e-02
1.93248310e+02,1.92998310e+02,1.94725943e-05,8.88322787e-07,0.00000000e+00,0.00000000e+00,2.68061701e-06,4.68727088e-07,0.00000000e+00,0.00000000e+00,1.84673530e-02,4.95846670e-04,1.13948549e+02,5.70794717e+00,0.00000000e+00,0.00000000e+00,2.21532114e-05,1.06386068e-06,0.00000000e+00,0.00000000e+00,0.00000000e+00,0.00000000e+00
1.93348335e+02,1.93098335e+02,1.91878912e-05,8.36590782e-07,0.00000000e+00,0.00000000e+00,3.02168653e-06,6.26273249e-07,0.00000000e+00,0.00000000e+00,1.81013157e-02,5.08803641e-04,1.15267143e+02,6.80505937e+00,0.00000000e+00,0.00000000e+00,2.22095778e-05,1.17887838e-06,0.00000000e+00,0.00000000e+00,2.52085999e+00,1.08913555e-02
1.93448360e+02,1.93198360e+02,1.86793363e-05,8.18292707e-07,0.00000000e+00,0.00000000e+00,2.90635113e-06,5.28873304e-07,0.00000000e+00,0.00000000e+00,1.77455782e-02,5.01982567e-04,1.11765858e+02,5.87508661e+00,0.00000000e+00,0.00000000e+00,2.15856875e-05,1.05380234e-06,0.00000000e+00,0.00000000e+00,0.00000000e+00,0.00000000e+00
1.93548385e+02,1.93298385e+02,1.77650474e-05,7.41151384e-07,0.00000000e+00,0.00000000e+00,2.81606187e-06,5.08859045e-07,0.00000000e+00,0.00000000e+00,1.72657108e-02,4.71970262e-04,1.06323096e+02,5.15795820e+00,0.00000000e+00,0.00000000e+00,2.05811095e-05,9.36255440e-07,0.00000000e+00,0.00000000e+00,2.51491999e+00,1.08304723e-02
1.93648410e+02,1.93398410e+02,1.74869385e-05,7.00329321e-07,0.00000000e+00,0.00000000e+00,2.87776639e-06,5.13050751e-07,0.00000000e+00,0.00000000e+00,1.68704208e-02,4.74120623e-04,1.05230457e+02,4.84840084e+00,0.00000000e+00,0.00000000e+00,2.03647050e-05,8.80492991e-07,0.00000000e+00,0.00000000e+00,0.00000000e+00,0.00000000e+00
1.93748435e+02,1.93498435e+02,1.71908886e-05,7.04075082e-07,0.00000000e+00,0.00000000e+00,3.07025256e-06,5.94041873e-07,0.00000000e+00,0.00000000e+00,1.65109769e-02,4.69511404e-04,1.05337508e+02,5.41457065e+00,0.00000000e+00,0.00000000e+00,2.02611413e-05,9.39432838e-07,0.00000000e+00,0.00000000e+00,2.50911999e+00,1.07904025e-02
1.93848460e+02,1.93598460e+02,1.73353112e-05,7.42302029e-07,0.00000000e+00,0.00000000e+00,3.10089372e-06,6.13466164e-07,0.00000000e+00,0.00000000e+00,1.63675602e-02,4.43390023e-04,1.06312209e+02,5.59302217e+00,0.00000000e+00,0.00000000e+00,2.04362051e-05,9.63609037e-07,0.00000000e+00,0.00000000e+00,0.00000000e+00,0.00000000e+00
1.93948485e+02,1.93698485e+02,1.74993208e-05,7.60315039e-07,0.00000000e+00,0.00000000e+00,2.98420759e-06,6.10218740e-07,0.00000000e+00,0.00000000e+00,1.65042637e-02,4.33695559e-04,1.06794576e+02,5.69695411e+00,0.00000000e+00,0.00000000e+00,2.04835285e-05,9.76150266e-07,0.00000000e+00,0.00000000e+00,2.50160000e+00,1.06392832e-02
1.94048510e+02,1.93798510e+02,1.77909566e-05,7.68196887e-07,0.00000000e+00,0.00000000e+00,3.01633545e-06,6.29352100e-07,0.00000000e+00,0.00000000e+00,1.64265136e-02,4.27053598e-04,1.08557568e+02,5.60602425e+00,0.00000000e+00,0.00000000e+00,2.08072922e-05,9.66770397e-07,0.00000000e+00,0.00000000e+00,0.00000000e+00,0.00000000e+00
1.94148535e+02,1.93898535e+02,1.72388029e-05,8.09578418e-07,0.00000000e+00,0.00000000e+00,3.00669705e-06,6.24475935e-07,0.00000000e+00,0.00000000e+00,1.60817115e-02,4.85645003e-04,1.05388070e+02,5.79657247e+00,0.00000000e+00,0.00000000e+00,2.02455001e-05,1.02208564e-06,0.00000000e+00,0.00000000e+00,2.49479000e+00,1.06645197e-02
1.94248560e+02,1.93998560e+02,1.65424752e-05,7.62863165e-07,0.00000000e+00,0.00000000e+00,3.03553205e-06,6.26532368e-07,0.00000000e+00,0.00000000e+00,1.56845297e-02,4.82739575e-04,1.02419509e+02,5.69080281e+00,0.00000000e+00,0.00000000e+00,1.95780074e-05,9.86826560e-07,0.00000000e+00,0.00000000e+00,0.00000000e+00,0.00000000e+00
1.94348585e+02,1.94098585e+02,1.67734655e-05,8.36953996e-07,0.00000000e+00,0.00000000e+00,3.45898878e-06,7.43241020e-07,0.00000000e+00,0.00000000e+00,1.56162398e-02,4.60483993e-04,1.06539441e+02,6.56203991e+00,0.00000000e+00,0.00000000e+00,2.02324544e-05,1.09452907e-06,0.00000000e+00,0.00000000e+00,2.48865000e+00,1.08420840e-02
1.94448610e+02,1.94198610e+02,1.61964689e-05,6.72085456e-07,0.00000000e+00,0.00000000e+00,3.89150055e-06,8.42317444e-07,0.00000000e+00,0.00000000e+00,1.57493759e-02,5.07380793e-04,1.06612668e+02,6.90160202e+00,0.00000000e+00,0.00000000e+00,2.00879695e-05,1.09482145e-06,0.00000000e+00,0.00000000e+00,0.00000000e+00,0.00000000e+00
1.94548635e+02,1.94298635e+02,1.59579404e-05,6.93464534e-07,0.00000000e+00,0.00000000e+00,3.71674410e-06,8.15150418e-07,0.00000000e+00,0.00000000e+00,1.56443661e-02,4.76331867e-04,1.04035207e+02,6.94446086e+00,0.00000000e+00,0.00000000e+00,1.96746847e-05,1.13359994e-06,0.00000000e+00,0.00000000e+00,2.48122000e+00,1.08571960e-02
1.94648660e+02,1.94398660e+02,1.55953997e-05,6.06076532e-07,0.00000000e+00,0.00000000e+00,3.17593350e-06,6.91889241e-07,0.00000000e+00,0.00000000e+00,1.52546750e-02,4.35779928e-04,9.79871690e+01,5.69292780e+00,0.00000000e+00,0.00000000e+00,1.87713334e-05,9.88182340e-07,0.00000000e+00,0.00000000e+00,0.00000000e+00,0.00000000e+00
1.94748686e+02,1.94498686e+02,1.54383116e-05,6.32112827e-07,0.00000000e+00,0.00000000e+00,2.56756483e-06,5.09659975e-07,0.00000000e+00,0.00000000e+00,1.50138603e-02,4.42951274e-04,9.30985611e+01,4.76919986e+00,0.00000000e+00,0.00000000e+00,1.80058765e-05,8.39073894e-07,0.00000000e+00,0.00000000e+00,2.47520000e+00,1.10017079e-02
1.94848711e+02,1.94598711e+02,1.50549519e-05,6.09850404e-07,0.00000000e+00,0.00000000e+00,2.36090040e-06,5.01454438e-07,0.00000000e+00,0.00000000e+00,1.47567230e-02,4.51702302e-04,8.99524618e+01,4.51685224e+00,0.00000000e+00,0.00000000e+00,1.74158524e-05,7.98682284e-07,0.00000000e+00,0.00000000e+00,0.00000000e+00,0.00000000e+00
1.94948736e+02,1.94698736e+02,1.53571346e-05,7.54722985e-07,0.00000000e+00,0.00000000e+00,2.30614667e-06,4.99927564e-07,0.00000000e+00,0.00000000e+00,1.45644304e-02,4.64418294e-04,9.08745851e+01,4.97470191e+00,0.00000000e+00,0.00000000e+00,1.76632814e-05,9.11978433e-07,0.00000000e+00,0.00000000e+00,2.46945000e+00,1.08226695e-02
1.95048761e+02,1.94798761e+02,1.49418458e-05,6.38243978e-07,0.00000000e+00,0.00000000e+00,2.33233247e-06,5.07589506e-07,0.00000000e+00,0.00000000e+00,1.44209180e-02,4.63745519e-04,8.92472035e+01,4.72052840e+00,0.00000000e+00,0.00000000e+00,1.72741784e-05,8.31648979e-07,0.00000000e+00,0.00000000e+00,0.00000000e+00,0.00000000e+00
1.95148786e+02,1.94898786e+02,1.48412537e-05,5.85689481e-07,0.00000000e+00,0.00000000e+00,2.48645042e-06,5.22572338e-07,0.00000000e+00,0.00000000e+00,1.45289017e-02,4.61198584e-04,8.99754192e+01,4.66369423e+00,0.00000000e+00,0.00000000e+00,1.73277042e-05,8.05806527e-07,0.00000000e+00,0.00000000e+00,2.46218000e+00,1.07396874e-02
1.95248811e+02,1.94998811e+02,1.50506087e-05,7.56780395e-07,0.00000000e+00,0.00000000e+00,2.82011949e-06,6.42878013e-07,0.00000000e+00,0.00000000e+00,1.46950217e-02,4.87376875e-04,9.31250521e+01,5.80758957e+00,0.00000000e+00,0.00000000e+00,1.78707283e-05,9.99563437e-07,0.00000000e+00,0.00000000e+00,0.00000000e+00,0.00000000e+00
1.95348836e+02,1.95098836e+02,1.50324074e-05,7.07053673e-07,0.00000000e+00,0.00000000e+00,2.80121606e-06,7.79461263e-07,0.00000000e+00,0.00000000e+00,1.46069967e-02,4.63671260e-04,9.29139706e+01,6.61627350e+00,0.00000000e+00,0.00000000e+00,1.78336236e-05,1.06864423e-06,0.00000000e+00,0.00000000e+00,2.45473000e+00,1.07147199e-02
1.95448861e+02,1.95198861e+02,1.47314566e-05,6.71981666e-07,0.00000000e+00,0.00000000e+00,1.77289366e-06,3.25919047e-07,0.00000000e+00,0.00000000e+00,1.43739859e-02,4.69003790e-04,8.41260219e+01,3.89667149e+00,0.00000000e+00,0.00000000e+00,1.65043503e-05,7.64458857e-07,0.00000000e+00,0.00000000e+00,0.00000000e+00,0.00000000e+00
1.95548886e+02,1.95298886e+02,1.43349970e-05,6.04394507e-07,0.00000000e+00,0.00000000e+00,1.70909378e-06,3.21371245e-07,0.00000000e+00,0.00000000e+00,1.41992226e-02,4.53701270e-04,8.16767027e+01,3.68244334e+00,0.00000000e+00,0.00000000e+00,1.60440909e-05,7.11071725e-07,0.00000000e+00,0.00000000e+00,2.44460000e+00,1.07943962e-02
1.95648911e+02,1.95398911e+02,1.39213289e-05,5.51759907e-07,0.00000000e+00,0.00000000e+00,1.84395967e-06,3.77232188e-07,0.00000000e+00,0.00000000e+00,1.38060592e-02,4.46815036e-04,8.07615556e+01,3.60672541e+00,0.00000000e+00,0.00000000e+00,1.57652887e-05,6.72984110e-07,0.00000000e+00,0.00000000e+00,0.00000000e+00,0.00000000e+00
1.95748936e+02,1.95498936e+02,1.36410506e-05,5.77281175e-07,0.00000000e+00,0.00000000e+00,2.65188425e-06,9.81286499e-07,0.00000000e+00,0.00000000e+00,1.34323597e-02,4.24546135e-04,8.47973149e+01,6.82830809e+00,0.00000000e+00,0.00000000e+00,1.62929350e-05,1.07982304e-06,0.00000000e+00,0.00000000e+00,2.43885000e+00,1.08205320e-02
1.95848961e+02,1.95598961e+02,1.34779479e-05,5.60564912e-07,0.00000000e+00,0.00000000e+00,2.66122901e-06,9.83825915e-07,0.00000000e+00,0.00000000e+00,1.32066797e-02,4.12219811e-04,8.37106257e+01,6.80217656e+00,0.00000000e+00,0.00000000e+00,1.61391770e-05,1.07612996e-06,0.00000000e+00,0.00000000e+00,0.00000000e+00,0.00000000e+00
1.95948986e+02,1.95698986e+02,1.34108540e-05,5.97748739e-07,0.00000000e+00,0.00000000e+00,2.64758189e-06,9.82573841e-07,0.00000000e+00,0.00000000e+00,1.30243318e-02,4.22527316e-04,8.33671722e+01,6.86327901e+00,0.00000000e+00,0.00000000e+00,1.60584360e-05,1.09153229e-06,0.00000000e+00,0.00000000e+00,2.43157000e+00,1.08580022e-02
1.96049011e+02,1.95799011e+02,1.30262145e-05,5.30371853e-07,0.00000000e+00,0.00000000e+00,2.64147777e-06,9.84980429e-07,0.00000000e+00,0.00000000e+00,1.26704832e-02,4.17610392e-04,8.16255100e+01,6.76500788e+00,0.00000000e+00,0.00000000e+00,1.56676923e-05,1.06004727e-06,0.00000000e+00,0.00000000e+00,0.00000000e+00,0.00000000e+00
1.96149036e+02,1.95899036e+02,1.29379632e-05,5.75290225e-07,0.00000000e+00,0.00000000e+00,2.85778615e-06,1.01564592e-06,0.00000000e+00,0.00000000e+00,1.22806648e-02,3.94667074e-04,8.28954216e+01,7.08778043e+00,0.00000000e+00,0.00000000e+00,1.57957495e-05,1.12008114e-06,0.00000000e+00,0.00000000e+00,2.42509000e+00,1.07714089e-02
1.96249061e+02,1.95999061e+02,1.29095469e-05,5.78782799e-07,0.00000000e+00,0.00000000e+00,1.42056233e-06,3.24410964e-07,0.00000000e+00,0.00000000e+00,1.19749019e-02,3.47728582e-04,7.30273255e+01,3.60409352e+00,0.00000000e+00,0.00000000e+00,1.43301094e-05,6.96510081e-07,0.00000000e+00,0.00000000e+00,0.00000000e+00,0.00000000e+00
1.96349086e+02,1.96099086e+02,1.32960694e-05,6.08490937e-07,0.00000000e+00,0.00000000e+00,1.56657693e-06,3.44060661e-07,0.00000000e+00,0.00000000e+00,1.23575226e-02,3.81640999e-04,7.59370461e+01,3.83803252e+00,0.00000000e+00,0.00000000e+00,1.48626464e-05,7.30879063e-07,0.00000000e+00,0.00000000e+00,2.41939000e+00,1.06919481e-02
1.96449111e+02,1.96199111e+02,1.25499742e-05,5.58876173e-07,0.00000000e+00,0.00000000e+00,1.51601563e-06,3.47091546e-07,0.00000000e+00,0.00000000e+00,1.17898502e-02,3.45986786e-04,7.18767684e+01,3.61186084e+00,0.00000000e+00,0.00000000e+00,1.40659900e-05,6.83803303e-07,0.00000000e+00,0.00000000e+00,0.00000000e+00,0.00000000e+00
1.96549136e+02,1.96299136e+02,1.22418112e-05,5.22986360e-07,0.00000000e+00,0.00000000e+00,1.77751305e-06,4.38985246e-07,0.00000000e+00,0.00000000e+00,1.15854414e-02,3.35868834e-04,7.22193672e+01,3.80521104e+00,0.00000000e+00,0.00000000e+00,1.40193243e-05,6.77384317e-07,0.00000000e+00,0.00000000e+00,2.41338000e+00,1.06356630e-02
1.96649161e+02,1.96399161e+02,1.19725364e-05,5.31923264e-07,0.00000000e+00,0.00000000e+00,1.52361281e-06,2.83400876e-07,0.00000000e+00,0.00000000e+00,1.13484077e-02,3.35808727e-04,6.88048451e+01,3.20371938e+00,0.00000000e+00,0.00000000e+00,1.34961493e-05,6.06229412e-07,0.00000000e+00,0.00000000e+00,0.00000000e+00,0.00000000e+00
1.96749186e+02,1.96499186e+02,1.19124328e-05,5.18167004e-07,0.00000000e+00,0.00000000e+00,1.64278010e-06,3.40097029e-07,0.00000000e+00,0.00000000e+00,1.11940050e-02,3.28844588e-04,6.95285022e+01,3.43445686e+00,0.00000000e+00,0.00000000e+00,1.35552130e-05,6.22219418e-07,0.00000000e+00,0.00000000e+00,2.40612000e+00,1.05529476e-02
1.96849211e+02,1.96599211e+02,1.15144709e-05,5.48050308e-07,0.00000000e+00,0.00000000e+00,1.67665514e-06,3.48279599e-07,0.00000000e+00,0.00000000e+00,1.09927812e-02,3.43125288e-04,6.82412074e+01,3.54710820e+00,0.00000000e+00,0.00000000e+00,1.31911262e-05,6.33344180e-07,0.00000000e+00,0.00000000e+00,0.00000000e+00,0.00000000e+00
1.96949236e+02,1.96699236e+02,1.12710451e-05,5.95935067e-07,0.00000000e+00,0.00000000e+00,2.52147541e-06,1.15892513e-06,0.00000000e+00,0.00000000e+00,1.06269930e-02,3.53810678e-04,7.32149323e+01,9.21547907e+00,0.00000000e+00,0.00000000e+00,1.37925206e-05,1.33551011e-06,0.00000000e+00,0.00000000e+00,2.39836000e+00,1.07903298e-02
1.97049261e+02,1.96799261e+02,1.09573496e-05,5.48653894e-07,0.00000000e+00,0.00000000e+00,2.08928805e-06,7.26006626e-07,0.00000000e+00,0.00000000e+00,1.03736084e-02,3.44234822e-04,6.84780236e+01,6.02198406e+00,0.00000000e+00,0.00000000e+00,1.30466377e-05,9.24106801e-07,0.00000000e+00,0.00000000e+00,0.00000000e+00,0.00000000e+00
1.97149286e+02,1.96899286e+02,1.07950577e-05,4.85955934e-07,0.00000000e+00,0.00000000e+00,1.79242384e-06,5.71174465e-07,0.00000000e+00,0.00000000e+00,1.04500403e-02,3.43612062e-04,6.40925118e+01,4.09925395e+00,0.00000000e+00,0.00000000e+00,1.25874816e-05,7.50708690e-07,0.00000000e+00,0.00000000e+00,2.39226000e+00,1.07146706e-02
1.97249311e+02,1.96999311e+02,1.10625032e-05,5.29849535e-07,0.00000000e+00,0.00000000e+00,1.59276440e-06,4.97949180e-07,0.00000000e+00,0.00000000e+00,1.04611525e-02,3.70930501e-04,6.50684914e+01,4.11914171e+00,0.00000000e+00,0.00000000e+00,1.26552677e-05,7.15496404e-07,0.00000000e+00,0.00000000e+00,0.00000000e+00,0.00000000e+00
1.97349337e+02,1.97099337e+02,1.08183167e-05,5.32780305e-07,0.00000000e+00,0.00000000e+00,1.54258544e-06,4.97599778e-07,0.00000000e+00,0.00000000e+00,9.99503816e-03,3.25173327e-04,6.35407587e+01,4.11341250e+00,0.00000000e+00,0.00000000e+00,1.23609022e-05,7.13200463e-07,0.00000000e+00,0.00000000e+00,2.38308000e+00,1.06365549e-02
1.97449362e+02,1.97199362e+02,1.04237729e-05,5.34685511e-07,0.00000000e+00,0.00000000e+00,1.60712103e-06,5.04083300e-07,0.00000000e+00,0.00000000e+00,9.66828253e-03,3.10394224e-04,6.19879319e+01,4.14319308e+00,0.00000000e+00,0.00000000e+00,1.20308940e-05,7.17727065e-07,0.00000000e+00,0.00000000e+00,0.00000000e+00,0.00000000e+00
1.97549387e+02,1.97299387e+02,1.04160589e-05,5.64522075e-07,0.00000000e+00,0.00000000e+00,1.61055589e-06,5.10967904e-07,0.00000000e+00,0.00000000e+00,9.50081285e-03,3.34480388e-04,6.20622848e+01,4.29953890e+00,0.00000000e+00,0.00000000e+00,1.20266149e-05,7.45823029e-07,0.00000000e+00,0.00000000e+00,2.37598000e+00,1.06558371e-02
1.97649412e+02,1.97399412e+02,9.84909207e-06,4.55078413e-07,0.00000000e+00,0.00000000e+00,1.30228447e-06,2.32911195e-07,0.00000000e+00,0.00000000e+00,9.21039256e-03,3.05660548e-04,5.71450342e+01,2.67927793e+00,0.00000000e+00,0.00000000e+00,1.11513766e-05,5.09845882e-07,0.00000000e+00,0.00000000e+00,0.00000000e+00,0.00000000e+00
1.97749437e+02,1.97499437e+02,9.99010438e-06,5.12610801e-07,0.00000000e+00,0.00000000e+00,1.20768364e-06,1.84451683e-07,0.00000000e+00,0.00000000e+00,9.29355095e-03,3.28122011e-04,5.69820790e+01,2.72533898e+00,0.00000000e+00,0.00000000e+00,1.11977881e-05,5.46694680e-07,0.00000000e+00,0.00000000e+00,2.36974000e+00,1.05916932e-02
1.97849462e+02,1.97599462e+02,9.76657484e-06,4.95396565e-07,0.00000000e+00,0.00000000e+00,1.12300402e-06,1.64317266e-07,0.00000000e+00,0.00000000e+00,9.16371907e-03,3.13114387e-04,5.54480512e+01,2.67662851e+00,0.00000000e+00,0.00000000e+00,1.08895789e-05,5.30839793e-07,0.00000000e+00,0.00000000e+00,0.00000000e+00,0.00000000e+00
1.97949487e+02,1.97699487e+02,9.33080324e-06,4.54593182e-07,0.00000000e+00,0.00000000e+00,1.04685872e-06,1.58570312e-07,0.00000000e+00,0.00000000e+00,8.84428618e-03,3.05402747e-04,5.27195026e+01,2.44456019e+00,0.00000000e+00,0.00000000e+00,1.03776620e-05,4.83432998e-07,0.00000000e+00,0.00000000e+00,2.36193000e+00,1.06137633e-02
1.98049512e+02,1.97799512e+02,9.08084228e-06,4.08109425e-07,0.00000000e+00,0.00000000e+00,1.13805598e-06,1.78561931e-07,0.00000000e+00,0.00000000e+00,8.64440520e-03,3.09110487e-04,5.18317541e+01,2.29745050e+00,0.00000000e+00,0.00000000e+00,1.02188983e-05,4.62556412e-07,0.00000000e+00,0.00000000e+00,0.00000000e+00,0.00000000e+00
1.98149537e+02,1.97899537e+02,8.70326732e-06,3.96485680e-07,0.00000000e+00,0.00000000e+00,1.12575226e-06,1.69768106e-07,0.00000000e+00,0.00000000e+00,8.33563906e-03,2.80317986e-04,4.99104737e+01,2.18034093e+00,0.00000000e+00,0.00000000e+00,9.82901965e-06,4.32390557e-07,0.00000000e+00,0.00000000e+00,2.35415000e+00,1.04366137e-02
1.98249562e+02,1.97999562e+02,8.71158779e-06,4.04305491e-07,0.00000000e+00,0.00000000e+00,1.16310724e-06,1.75533712e-07,0.00000000e+00,0.00000000e+00,8.25680542e-03,2.81639371e-04,5.02061042e+01,2.32675824e+00,0.00000000e+00,0.00000000e+00,9.87469511e-06,4.52194046e-07,0.00000000e+00,0.00000000e+00,0.00000000e+00,0.00000000e+00
1.98349587e+02,1.98099587e+02,8.68084212e-06,4.35057608e-07,0.00000000e+00,0.00000000e+00,1.56921798e-06,4.54392981e-07,0.00000000e+00,0.00000000e+00,8.12304211e-03,2.95051421e-04,5.28960174e+01,3.66938150e+00,0.00000000e+00,0.00000000e+00,1.02500602e-05,6.23579725e-07,0.00000000e+00,0.00000000e+00,2.34578000e+00,1.03275799e-02
1.98449612e+02,1.98199612e+02,7.94971188e-06,3.38702364e-07,0.00000000e+00,0.00000000e+00,1.55275377e-06,4.55313149e-07,0.00000000e+00,0.00000000e+00,7.67359997e-03,2.78524792e-04,4.92504068e+01,3.40073117e+00,0.00000000e+00,0.00000000e+00,9.50246572e-06,5.57308325e-07,0.00000000e+00,0.00000000e+00,0.00000000e+00,0.00000000e+00
1.98549637e+02,1.98299637e+02,7.73798375e-06,3.57657263e-07,0.00000000e+00,0.00000000e+00,1.46921941e-06,4.46282141e-07,0.00000000e+00,0.00000000e+00,7.42878107e-03,2.62254829e-04,4.76718361e+01,3.43218571e+00,0.00000000e+00,0.00000000e+00,9.20720322e-06,5.71429449e-07,0.00000000e+00,0.00000000e+00,2.34025000e+00,9.98286793e-03
1.98649662e+02,1.98399662e+02,7.45565031e-06,3.60850640e-07,0.00000000e+00,0.00000000e+00,1.24042844e-06,4.30680833e-07,0.00000000e+00,0.00000000e+00,7.05598199e-03,2.41355951e-04,4.48748429e+01,3.32784284e+00,0.00000000e+00,0.00000000e+00,8.69607882e-06,5.57240220e-07,0.00000000e+00,0.00000000e+00,0.00000000e+00,0.00000000e+00
1.98749687e+02,1.98499687e+02,7.41664807e-06,3.65539577e-07,0.00000000e+00,0.00000000e+00,1.13397695e-06,4.23061234e-07,0.00000000e+00,0.00000000e+00,7.10352363e-03,2.59368041e-04,4.40151478e+01,3.25857965e+00,0.00000000e+00,0.00000000e+00,8.55062508e-06,5.46080117e-07,0.00000000e+00,0.00000000e+00,2.33537000e+00,9.89788932e-03
1.98849712e+02,1.98599712e+02,7.36208966e-06,3.71946227e-07,0.00000000e+00,0.00000000e+00,1.09438042e-06,4.22055250e-07,0.00000000e+00,0.00000000e+00,6.89652926e-03,2.47025214e-04,4.33882041e+01,3.33923811e+00,0.00000000e+00,0.00000000e+00,8.45647014e-06,5.60517750e-07,0.00000000e+00,0.00000000e+00,0.00000000e+00,0.00000000e+00
1.98949737e+02,1.98699737e+02,7.59875033e-06,5.69732205e-07,0.00000000e+00,0.00000000e+00,1.18657286e-06,4.25011032e-07,0.00000000e+00,0.00000000e+00,6.92563211e-03,2.88117602e-04,4.50470979e+01,3.88662783e+00,0.00000000e+00,0.00000000e+00,8.78532324e-06,7.02943287e-07,0.00000000e+00,0.00000000e+00,2.32776999e+00,9.81913053e-03
1.99049762e+02,1.98799762e+02,6.67072131e-06,3.28296518e-07,0.00000000e+00,0.00000000e+00,1.12068673e-06,4.23265735e-07,0.00000000e+00,0.00000000e+00,6.37650829e-03,2.14836262e-04,4.04242574e+01,3.19016078e+00,0.00000000e+00,0.00000000e+00,7.79140808e-06,5.21994129e-07,0.00000000e+00,0.00000000e+00,0.00000000e+00,0.00000000e+00
1.99149787e+02,1.98899787e+02,6.40293369e-06,2.83058030e-07,0.00000000e+00,0.00000000e+00,3.07436135e-06,2.08468854e-06,0.00000000e+00,0.00000000e+00,6.20324377e-03,2.15284155e-04,5.23802561e+01,1.41706911e+01,0.00000000e+00,0.00000000e+00,9.47729509e-06,2.11459743e-06,0.00000000e+00,0.00000000e+00,2.32167999e+00,9.89229764e-03
1.99249812e+02,1.98999812e+02,6.09479428e-06,2.90234980e-07,0.00000000e+00,0.00000000e+00,6.97491108e-07,1.14733023e-07,0.00000000e+00,0.00000000e+00,5.87559898e-03,2.01821084e-04,3.50378568e+01,1.58530869e+00,0.00000000e+00,0.00000000e+00,6.79228544e-06,3.09884567e-07,0.00000000e+00,0.00000000e+00,0.00000000e+00,0.00000000e+00
1.99349837e+02,1.99099837e+02,5.88130515e-06,2.56706296e-07,0.00000000e+00,0.00000000e+00,7.70072931e-07,1.79125826e-07,0.00000000e+00,0.00000000e+00,5.69620481e-03,1.87056043e-04,3.42259118e+01,1.77645189e+00,0.00000000e+00,0.00000000e+00,6.65137813e-06,3.38011786e-07,0.00000000e+00,0.00000000e+00,2.31526000e+00,9.87139139e-03
1.99449862e+02,1.99199862e+02,5.75904592e-06,2.55171873e-07,0.00000000e+00,0.00000000e+00,7.85110404e-07,1.88969635e-07,0.00000000e+00,0.00000000e+00,5.67665323e-03,2.01339548e-04,3.36119331e+01,1.76139392e+00,0.00000000e+00,0.00000000e+00,6.54415638e-06,3.39904717e-07,0.00000000e+00,0.00000000e+00,0.00000000e+00,0.00000000e+00
1.99549887e+02,1.99299887e+02,5.43417258e-06,2.19530251e-07,0.00000000e+00,0.00000000e+00,7.41385261e-07,1.76659049e-07,0.00000000e+00,0.00000000e+00,5.33107955e-03,1.48243052e-04,3.17214692e+01,1.53661192e+00,0.00000000e+00,0.00000000e+00,6.17555789e-06,2.94100391e-07,0.00000000e+00,0.00000000e+00,2.30907000e+00,9.88764414e-03
1.99649912e+02,1.99399912e+02,5.35332308e-06,2.90945410e-07,0.00000000e+00,0.00000000e+00,6.11949934e-07,1.45987006e-07,0.00000000e+00,0.00000000e+00,5.16716313e-03,1.72294526e-04,3.07235443e+01,1.73798413e+00,0.00000000e+00,0.00000000e+00,5.96527306e-06,3.27785244e-07,0.00000000e+00,0.00000000e+00,0.00000000e+00,0.00000000e+00
1.99749937e+02,1.99499937e+02,4.82269130e-06,2.01159411e-07,0.00000000e+00,0.00000000e+00,5.94280796e-07,1.45824779e-07,0.00000000e+00,0.00000000e+00,4.82350498e-03,1.62670245e-04,2.80657659e+01,1.43782071e+00,0.00000000e+00,0.00000000e+00,5.41697213e-06,2.51918975e-07,0.00000000e+00,0.00000000e+00,2.30281000e+00,9.92784763e-03
1.99849962e+02,1.99599962e+02,4.56718574e-06,1.64515339e-07,0.00000000e+00,0.00000000e+00,5.74242837e-07,1.45416711e-07,0.00000000e+00,0.00000000e+00,4.62852386e-03,1.46781828e-04,2.66735229e+01,1.38945090e+00,0.00000000e+00,0.00000000e+00,5.14142861e-06,2.35658119e-07,0.00000000e+00,0.00000000e+00,0.00000000e+00,0.00000000e+00
1.99949987e+02,1.99699987e+02,4.48914616e-06,1.93494398e-07,0.00000000e+00,0.00000000e+00,7.36260860e-07,2.29862355e-07,0.00000000e+00,0.00000000e+00,4.49916270e-03,1.57015438e-04,2.73582529e+01,1.75802658e+00,0.00000000e+00,0.00000000e+00,5.22540706e-06,2.88911494e-07,0.00000000e+00,0.00000000e+00,2.29428000e+00,9.83999332e-03
