r_cm,depth_cm,pb_n2n,U235_fission,U235_nu_fission,U235_ngamma,U235_n2n,U235_n3n,U238_fission,U238_nu_fission,U238_ngamma,U238_n2n,U238_n3n,Pu239_fission,Pu239_nu_fission,Pu239_ngamma,Pu239_n2n,Pu239_n3n,Am241_fission,Am241_nu_fission,Am241_ngamma,Am241_n2n,Am241_n3n,other_act_fission,other_act_nu_fission,other_act_ngamma,nXt
3.00012519e-01,5.00125188e-02,1.31725118e-02,0.00000000e+00,0.00000000e+00,0.00000000e+00,0.00000000e+00,0.00000000e+00,0.00000000e+00,0.00000000e+00,0.00000000e+00,0.00000000e+00,0.00000000e+00,0.00000000e+00,0.00000000e+00,0.00000000e+00,0.00000000e+00,0.00000000e+00,0.00000000e+00,0.00000000e+00,0.00000000e+00,0.00000000e+00,0.00000000e+00,0.00000000e+00,0.00000000e+00,0.00000000e+00,3.65486044e-04
4.00037556e-01,1.50037556e-01,9.64947525e-03,0.00000000e+00,0.00000000e+00,0.00000000e+00,0.00000000e+00,0.00000000e+00,0.00000000e+00,0.00000000e+00,0.00000000e+00,0.00000000e+00,0.00000000e+00,0.00000000e+00,0.00000000e+00,0.00000000e+00,0.00000000e+00,0.00000000e+00,0.00000000e+00,0.00000000e+00,0.00000000e+00,0.00000000e+00,0.00000000e+00,0.00000000e+00,0.00000000e+00,0.00000000e+00,2.82460307e-04
5.00062594e-01,2.50062594e-01,8.86136687e-03,0.00000000e+00,0.00000000e+00,0.00000000e+00,0.00000000e+00,0.00000000e+00,0.00000000e+00,0.00000000e+00,0.00000000e+00,0.00000000e+00,0.00000000e+00,0.00000000e+00,0.00000000e+00,0.00000000e+00,0.00000000e+00,0.00000000e+00,0.00000000e+00,0.00000000e+00,0.00000000e+00,0.00000000e+00,0.00000000e+00,0.00000000e+00,0.00000000e+00,0.00000000e+00,2.69387990e-04
6.00087631e-01,3.50087631e-01,8.44793689e-03,0.00000000e+00,0.00000000e+00,0.00000000e+00,0.00000000e+00,0.00000000e+00,0.00000000e+00,0.00000000e+00,0.00000000e+00,0.00000000e+00,0.00000000e+00,0.00000000e+00,0.00000000e+00,0.00000000e+00,0.00000000e+00,0.00000000e+00,0.00000000e+00,0.00000000e+00,0.00000000e+00,0.00000000e+00,0.00000000e+00,0.00000000e+00,0.00000000e+00,0.00000000e+00,2.66876032e-04
7.00112669e-01,4.50112669e-01,8.16378849e-03,0.00000000e+00,0.00000000e+00,0.00000000e+00,0.00000000e+00,0.00000000e+00,0.00000000e+00,0.00000000e+00,0.00000000e+00,0.00000000e+00,0.00000000e+00,0.00000000e+00,0.00000000e+00,0.00000000e+00,0.00000000e+00,0.00000000e+00,0.00000000e+00,0.00000000e+00,0.00000000e+00,0.00000000e+00,0.00000000e+00,0.00000000e+00,0.00000000e+00,0.00000000e+00,2.67052262e-04
8.00137707e-01,5.50137707e-01,7.93565737e-03,0.00000000e+00,0.00000000e+00,0.00000000e+00,0.00000000e+00,0.00000000e+00,0.00000000e+00,0.00000000e+00,0.00000000e+00,0.00000000e+00,0.00000000e+00,0.00000000e+00,0.00000000e+00,0.00000000e+00,0.00000000e+00,0.00000000e+00,0.00000000e+00,0.00000000e+00,0.00000000e+00,0.00000000e+00,0.00000000e+00,0.00000000e+00,0.00000000e+00,0.00000000e+00,2.68202053e-04
9.00162744e-01,6.50162744e-01,7.77354479e-03,0.00000000e+00,0.00000000e+00,0.00000000e+00,0.00000000e+00,0.00000000e+00,0.00000000e+00,0.00000000e+00,0.00000000e+00,0.00000000e+00,0.00000000e+00,0.00000000e+00,0.00000000e+00,0.00000000e+00,0.00000000e+00,0.00000000e+00,0.00000000e+00,0.00000000e+00,0.00000000e+00,0.00000000e+00,0.00000000e+00,0.00000000e+00,0.00000000e+00,0.00000000e+00,2.71268317e-04
1.00018778e+00,7.50187782e-01,7.62385634e-03,0.00000000e+00,0.00000000e+00,0.00000000e+00,0.00000000e+00,0.00000000e+00,0.00000000e+00,0.00000000e+00,0.00000000e+00,0.00000000e+00,0.00000000e+00,0.00000000e+00,0.00000000e+00,0.00000000e+00,0.00000000e+00,0.00000000e+00,0.00000000e+00,0.00000000e+00,0.00000000e+00,0.00000000e+00,0.00000000e+00,0.00000000e+00,0.00000000e+00,0.00000000e+00,2.72858706e-04
1.10021282e+00,8.50212819e-01,7.46760195e-03,0.00000000e+00,0.00000000e+00,0.00000000e+00,0.00000000e+00,0.00000000e+00,0.00000000e+00,0.00000000e+00,0.00000000e+00,0.00000000e+00,0.00000000e+00,0.00000000e+00,0.00000000e+00,0.00000000e+00,0.00000000e+00,0.00000000e+00,0.00000000e+00,0.00000000e+00,0.00000000e+00,0.00000000e+00,0.00000000e+00,0.00000000e+00,0.00000000e+00,0.00000000e+00,2.77230506e-04
1.20023786e+00,9.50237857e-01,7.34822539e-03,0.00000000e+00,0.00000000e+00,0.00000000e+00,0.00000000e+00,0.00000000e+00,0.00000000e+00,0.00000000e+00,0.00000000e+00,0.00000000e+00,0.00000000e+00,0.00000000e+00,0.00000000e+00,0.00000000e+00,0.00000000e+00,0.00000000e+00,0.00000000e+00,0.00000000e+00,0.00000000e+00,0.00000000e+00,0.00000000e+00,0.00000000e+00,0.00000000e+00,0.00000000e+00,2.82080169e-04
1.30026289e+00,1.05026289e+00,7.22652725e-03,0.00000000e+00,0.00000000e+00,0.00000000e+00,0.00000000e+00,0.00000000e+00,0.00000000e+00,0.00000000e+00,0.00000000e+00,0.00000000e+00,0.00000000e+00,0.00000000e+00,0.00000000e+00,0.00000000e+00,0.00000000e+00,0.00000000e+00,0.00000000e+00,0.00000000e+00,0.00000000e+00,0.00000000e+00,0.00000000e+00,0.00000000e+00,0.00000000e+00,0.00000000e+00,2.86183061e-04
1.40028793e+00,1.15028793e+00,7.13755310e-03,0.00000000e+00,0.00000000e+00,0.00000000e+00,0.00000000e+00,0.00000000e+00,0.00000000e+00,0.00000000e+00,0.00000000e+00,0.00000000e+00,0.00000000e+00,0.00000000e+00,0.00000000e+00,0.00000000e+00,0.00000000e+00,0.00000000e+00,0.00000000e+00,0.00000000e+00,0.00000000e+00,0.00000000e+00,0.00000000e+00,0.00000000e+00,0.00000000e+00,0.00000000e+00,2.90826816e-04
1.50031297e+00,1.25031297e+00,7.03547274e-03,0.00000000e+00,0.00000000e+00,0.00000000e+00,0.00000000e+00,0.00000000e+00,0.00000000e+00,0.00000000e+00,0.00000000e+00,0.00000000e+00,0.00000000e+00,0.00000000e+00,0.00000000e+00,0.00000000e+00,0.00000000e+00,0.00000000e+00,0.00000000e+00,0.00000000e+00,0.00000000e+00,0.00000000e+00,0.00000000e+00,0.00000000e+00,0.00000000e+00,0.00000000e+00,2.95279499e-04
1.60033801e+00,1.35033801e+00,6.92900252e-03,0.00000000e+00,0.00000000e+00,0.00000000e+00,0.00000000e+00,0.00000000e+00,0.00000000e+00,0.00000000e+00,0.00000000e+00,0.00000000e+00,0.00000000e+00,0.00000000e+00,0.00000000e+00,0.00000000e+00,0.00000000e+00,0.00000000e+00,0.00000000e+00,0.00000000e+00,0.00000000e+00,0.00000000e+00,0.00000000e+00,0.00000000e+00,0.00000000e+00,0.00000000e+00,2.99433454e-04
1.70036304e+00,1.45036304e+00,6.83285319e-03,0.00000000e+00,0.00000000e+00,0.00000000e+00,0.00000000e+00,0.00000000e+00,0.00000000e+00,0.00000000e+00,0.00000000e+00,0.00000000e+00,0.00000000e+00,0.00000000e+00,0.00000000e+00,0.00000000e+00,0.00000000e+00,0.00000000e+00,0.00000000e+00,0.00000000e+00,0.00000000e+00,0.00000000e+00,0.00000000e+00,0.00000000e+00,0.00000000e+00,0.00000000e+00,3.04018361e-04
1.80038808e+00,1.55038808e+00,6.75719331e-03,0.00000000e+00,0.00000000e+00,0.00000000e+00,0.00000000e+00,0.00000000e+00,0.00000000e+00,0.00000000e+00,0.00000000e+00,0.00000000e+00,0.00000000e+00,0.00000000e+00,0.00000000e+00,0.00000000e+00,0.00000000e+00,0.00000000e+00,0.00000000e+00,0.00000000e+00,0.00000000e+00,0.00000000e+00,0.00000000e+00,0.00000000e+00,0.00000000e+00,0.00000000e+00,3.08796362e-04
1.90041312e+00,1.65041312e+00,6.64773873e-03,0.00000000e+00,0.00000000e+00,0.00000000e+00,0.00000000e+00,0.00000000e+00,0.00000000e+00,0.00000000e+00,0.00000000e+00,0.00000000e+00,0.00000000e+00,0.00000000e+00,0.00000000e+00,0.00000000e+00,0.00000000e+00,0.00000000e+00,0.00000000e+00,0.00000000e+00,0.00000000e+00,0.00000000e+00,0.00000000e+00,0.00000000e+00,0.00000000e+00,0.00000000e+00,3.11378965e-04
2.00043816e+00,1.75043816e+00,6.58011399e-03,0.00000000e+00,0.00000000e+00,0.00000000e+00,0.00000000e+00,0.00000000e+00,0.00000000e+00,0.00000000e+00,0.00000000e+00,0.00000000e+00,0.00000000e+00,0.00000000e+00,0.00000000e+00,0.00000000e+00,0.00000000e+00,0.00000000e+00,0.00000000e+00,0.00000000e+00,0.00000000e+00,0.00000000e+00,0.00000000e+00,0.00000000e+00,0.00000000e+00,0.00000000e+00,3.17146222e-04
2.10046319e+00,1.85046319e+00,6.48359203e-03,0.00000000e+00,0.00000000e+00,0.00000000e+00,0.00000000e+00,0.00000000e+00,0.00000000e+00,0.00000000e+00,0.00000000e+00,0.00000000e+00,0.00000000e+00,0.00000000e+00,0.00000000e+00,0.00000000e+00,0.00000000e+00,0.00000000e+00,0.00000000e+00,0.00000000e+00,0.00000000e+00,0.00000000e+00,0.00000000e+00,0.00000000e+00,0.00000000e+00,0.00000000e+00,3.21611963e-04
2.20048823e+00,1.95048823e+00,6.40208322e-03,0.00000000e+00,0.00000000e+00,0.00000000e+00,0.00000000e+00,0.00000000e+00,0.00000000e+00,0.00000000e+00,0.00000000e+00,0.00000000e+00,0.00000000e+00,0.00000000e+00,0.00000000e+00,0.00000000e+00,0.00000000e+00,0.00000000e+00,0.00000000e+00,0.00000000e+00,0.00000000e+00,0.00000000e+00,0.00000000e+00,0.00000000e+00,0.00000000e+00,0.00000000e+00,3.26820031e-04
2.30051327e+00,2.05051327e+00,6.34163481e-03,0.00000000e+00,0.00000000e+00,0.00000000e+00,0.00000000e+00,0.00000000e+00,0.00000000e+00,0.00000000e+00,0.00000000e+00,0.00000000e+00,0.00000000e+00,0.00000000e+00,0.00000000e+00,0.00000000e+00,0.00000000e+00,0.00000000e+00,0.00000000e+00,0.00000000e+00,0.00000000e+00,0.00000000e+00,0.00000000e+00,0.00000000e+00,0.00000000e+00,0.00000000e+00,3.31543045e-04
2.40053831e+00,2.15053831e+00,6.24845585e-03,0.00000000e+00,0.00000000e+00,0.00000000e+00,0.00000000e+00,0.00000000e+00,0.00000000e+00,0.00000000e+00,0.00000000e+00,0.00000000e+00,0.00000000e+00,0.00000000e+00,0.00000000e+00,0.00000000e+00,0.00000000e+00,0.00000000e+00,0.00000000e+00,0.00000000e+00,0.00000000e+00,0.00000000e+00,0.00000000e+00,0.00000000e+00,0.00000000e+00,0.00000000e+00,3.35118806e-04
2.50056335e+00,2.25056335e+00,6.16711959e-03,0.00000000e+00,0.00000000e+00,0.00000000e+00,0.00000000e+00,0.00000000e+00,0.00000000e+00,0.00000000e+00,0.00000000e+00,0.00000000e+00,0.00000000e+00,0.00000000e+00,0.00000000e+00,0.00000000e+00,0.00000000e+00,0.00000000e+00,0.00000000e+00,0.00000000e+00,0.00000000e+00,0.00000000e+00,0.00000000e+00,0.00000000e+00,0.00000000e+00,0.00000000e+00,3.40806405e-04
2.60058838e+00,2.35058838e+00,6.12151943e-03,0.00000000e+00,0.00000000e+00,0.00000000e+00,0.00000000e+00,0.00000000e+00,0.00000000e+00,0.00000000e+00,0.00000000e+00,0.00000000e+00,0.00000000e+00,0.00000000e+00,0.00000000e+00,0.00000000e+00,0.00000000e+00,0.00000000e+00,0.00000000e+00,0.00000000e+00,0.00000000e+00,0.00000000e+00,0.00000000e+00,0.00000000e+00,0.00000000e+00,0.00000000e+00,3.45340536e-04
2.70061342e+00,2.45061342e+00,6.03010104e-03,0.00000000e+00,0.00000000e+00,0.00000000e+00,0.00000000e+00,0.00000000e+00,0.00000000e+00,0.00000000e+00,0.00000000e+00,0.00000000e+00,0.00000000e+00,0.00000000e+00,0.00000000e+00,0.00000000e+00,0.00000000e+00,0.00000000e+00,0.00000000e+00,0.00000000e+00,0.00000000e+00,0.00000000e+00,0.00000000e+00,0.00000000e+00,0.00000000e+00,0.00000000e+00,3.49599172e-04
2.80063846e+00,2.55063846e+00,5.95931684e-03,0.00000000e+00,0.00000000e+00,0.00000000e+00,0.00000000e+00,0.00000000e+00,0.00000000e+00,0.00000000e+00,0.00000000e+00,0.00000000e+00,0.00000000e+00,0.00000000e+00,0.00000000e+00,0.00000000e+00,0.00000000e+00,0.00000000e+00,0.00000000e+00,0.00000000e+00,0.00000000e+00,0.00000000e+00,0.00000000e+00,0.00000000e+00,0.00000000e+00,0.00000000e+00,3.53564546e-04
2.90066350e+00,2.65066350e+00,5.91263677e-03,0.00000000e+00,0.00000000e+00,0.00000000e+00,0.00000000e+00,0.00000000e+00,0.00000000e+00,0.00000000e+00,0.00000000e+00,0.00000000e+00,0.00000000e+00,0.00000000e+00,0.00000000e+00,0.00000000e+00,0.00000000e+00,0.00000000e+00,0.00000000e+00,0.00000000e+00,0.00000000e+00,0.00000000e+00,0.00000000e+00,0.00000000e+00,0.00000000e+00,0.00000000e+00,3.58761749e-04
3.00068853e+00,2.75068853e+00,5.86876534e-03,0.00000000e+00,0.00000000e+00,0.00000000e+00,0.00000000e+00,0.00000000e+00,0.00000000e+00,0.00000000e+00,0.00000000e+00,0.00000000e+00,0.00000000e+00,0.00000000e+00,0.00000000e+00,0.00000000e+00,0.00000000e+00,0.00000000e+00,0.00000000e+00,0.00000000e+00,0.00000000e+00,0.00000000e+00,0.00000000e+00,0.00000000e+00,0.00000000e+00,0.00000000e+00,3.63413958e-04
3.10071357e+00,2.85071357e+00,5.78370983e-03,0.00000000e+00,0.00000000e+00,0.00000000e+00,0.00000000e+00,0.00000000e+00,0.00000000e+00,0.00000000e+00,0.00000000e+00,0.00000000e+00,0.00000000e+00,0.00000000e+00,0.00000000e+00,0.00000000e+00,0.00000000e+00,0.00000000e+00,0.00000000e+00,0.00000000e+00,0.00000000e+00,0.00000000e+00,0.00000000e+00,0.00000000e+00,0.00000000e+00,0.00000000e+00,3.68295928e-04
3.20073861e+00,2.95073861e+00,5.71148883e-03,0.00000000e+00,0.00000000e+00,0.00000000e+00,0.00000000e+00,0.00000000e+00,0.00000000e+00,0.00000000e+00,0.00000000e+00,0.00000000e+00,0.00000000e+00,0.00000000e+00,0.00000000e+00,0.00000000e+00,0.00000000e+00,0.00000000e+00,0.00000000e+00,0.00000000e+00,0.00000000e+00,0.00000000e+00,0.00000000e+00,0.00000000e+00,0.00000000e+00,0.00000000e+00,3.72596139e-04
3.30076365e+00,3.05076365e+00,5.65197619e-03,0.00000000e+00,0.00000000e+00,0.00000000e+00,0.00000000e+00,0.00000000e+00,0.00000000e+00,0.00000000e+00,0.00000000e+00,0.00000000e+00,0.00000000e+00,0.00000000e+00,0.00000000e+00,0.00000000e+00,0.00000000e+00,0.00000000e+00,0.00000000e+00,0.00000000e+00,0.00000000e+00,0.00000000e+00,0.00000000e+00,0.00000000e+00,0.00000000e+00,0.00000000e+00,3.78325751e-04
3.40078868e+00,3.15078868e+00,5.58114374e-03,0.00000000e+00,0.00000000e+00,0.00000000e+00,0.00000000e+00,0.00000000e+00,0.00000000e+00,0.00000000e+00,0.00000000e+00,0.00000000e+00,0.00000000e+00,0.00000000e+00,0.00000000e+00,0.00000000e+00,0.00000000e+00,0.00000000e+00,0.00000000e+00,0.00000000e+00,0.00000000e+00,0.00000000e+00,0.00000000e+00,0.00000000e+00,0.00000000e+00,0.00000000e+00,3.82873338e-04
3.50081372e+00,3.25081372e+00,5.54141414e-03,0.00000000e+00,0.00000000e+00,0.00000000e+00,0.00000000e+00,0.00000000e+00,0.00000000e+00,0.00000000e+00,0.00000000e+00,0.00000000e+00,0.00000000e+00,0.00000000e+00,0.00000000e+00,0.00000000e+00,0.00000000e+00,0.00000000e+00,0.00000000e+00,0.00000000e+00,0.00000000e+00,0.00000000e+00,0.00000000e+00,0.00000000e+00,0.00000000e+00,0.00000000e+00,3.89981264e-04
3.60083876e+00,3.35083876e+00,5.47166299e-03,0.00000000e+00,0.00000000e+00,0.00000000e+00,0.00000000e+00,0.00000000e+00,0.00000000e+00,0.00000000e+00,0.00000000e+00,0.00000000e+00,0.00000000e+00,0.00000000e+00,0.00000000e+00,0.00000000e+00,0.00000000e+00,0.00000000e+00,0.00000000e+00,0.00000000e+00,0.00000000e+00,0.00000000e+00,0.00000000e+00,0.00000000e+00,0.00000000e+00,0.00000000e+00,3.94388764e-04
3.70086380e+00,3.45086380e+00,5.40961644e-03,0.00000000e+00,0.00000000e+00,0.00000000e+00,0.00000000e+00,0.00000000e+00,0.00000000e+00,0.00000000e+00,0.00000000e+00,0.00000000e+00,0.00000000e+00,0.00000000e+00,0.00000000e+00,0.00000000e+00,0.00000000e+00,0.00000000e+00,0.00000000e+00,0.00000000e+00,0.00000000e+00,0.00000000e+00,0.00000000e+00,0.00000000e+00,0.00000000e+00,0.00000000e+00,3.99909087e-04
3.80088883e+00,3.55088883e+00,5.37317982e-03,0.00000000e+00,0.00000000e+00,0.00000000e+00,0.00000000e+00,0.00000000e+00,0.00000000e+00,0.00000000e+00,0.00000000e+00,0.00000000e+00,0.00000000e+00,0.00000000e+00,0.00000000e+00,0.00000000e+00,0.00000000e+00,0.00000000e+00,0.00000000e+00,0.00000000e+00,0.00000000e+00,0.00000000e+00,0.00000000e+00,0.00000000e+00,0.00000000e+00,0.00000000e+00,4.06602349e-04
3.90091387e+00,3.65091387e+00,5.32728670e-03,0.00000000e+00,0.00000000e+00,0.00000000e+00,0.00000000e+00,0.00000000e+00,0.00000000e+00,0.00000000e+00,0.00000000e+00,0.00000000e+00,0.00000000e+00,0.00000000e+00,0.00000000e+00,0.00000000e+00,0.00000000e+00,0.00000000e+00,0.00000000e+00,0.00000000e+00,0.00000000e+00,0.00000000e+00,0.00000000e+00,0.00000000e+00,0.00000000e+00,0.00000000e+00,4.10919808e-04
4.00093891e+00,3.75093891e+00,5.26631313e-03,0.00000000e+00,0.00000000e+00,0.00000000e+00,0.00000000e+00,0.00000000e+00,0.00000000e+00,0.00000000e+00,0.00000000e+00,0.00000000e+00,0.00000000e+00,0.00000000e+00,0.00000000e+00,0.00000000e+00,0.00000000e+00,0.00000000e+00,0.00000000e+00,0.00000000e+00,0.00000000e+00,0.00000000e+00,0.00000000e+00,0.00000000e+00,0.00000000e+00,0.00000000e+00,4.16039032e-04
4.10096395e+00,3.85096395e+00,5.18134830e-03,0.00000000e+00,0.00000000e+00,0.00000000e+00,0.00000000e+00,0.00000000e+00,0.00000000e+00,0.00000000e+00,0.00000000e+00,0.00000000e+00,0.00000000e+00,0.00000000e+00,0.00000000e+00,0.00000000e+00,0.00000000e+00,0.00000000e+00,0.00000000e+00,0.00000000e+00,0.00000000e+00,0.00000000e+00,0.00000000e+00,0.00000000e+00,0.00000000e+00,0.00000000e+00,4.20004968e-04
4.20098898e+00,3.95098898e+00,5.11943187e-03,0.00000000e+00,0.00000000e+00,0.00000000e+00,0.00000000e+00,0.00000000e+00,0.00000000e+00,0.00000000e+00,0.00000000e+00,0.00000000e+00,0.00000000e+00,0.00000000e+00,0.00000000e+00,0.00000000e+00,0.00000000e+00,0.00000000e+00,0.00000000e+00,0.00000000e+00,0.00000000e+00,0.00000000e+00,0.00000000e+00,0.00000000e+00,0.00000000e+00,0.00000000e+00,4.24434504e-04
4.30101402e+00,4.05101402e+00,5.06737375e-03,0.00000000e+00,0.00000000e+00,0.00000000e+00,0.00000000e+00,0.00000000e+00,0.00000000e+00,0.00000000e+00,0.00000000e+00,0.00000000e+00,0.00000000e+00,0.00000000e+00,0.00000000e+00,0.00000000e+00,0.00000000e+00,0.00000000e+00,0.00000000e+00,0.00000000e+00,0.00000000e+00,0.00000000e+00,0.00000000e+00,0.00000000e+00,0.00000000e+00,0.00000000e+00,4.28703708e-04
4.40103906e+00,4.15103906e+00,5.02952448e-03,0.00000000e+00,0.00000000e+00,0.00000000e+00,0.00000000e+00,0.00000000e+00,0.00000000e+00,0.00000000e+00,0.00000000e+00,0.00000000e+00,0.00000000e+00,0.00000000e+00,0.00000000e+00,0.00000000e+00,0.00000000e+00,0.00000000e+00,0.00000000e+00,0.00000000e+00,0.00000000e+00,0.00000000e+00,0.00000000e+00,0.00000000e+00,0.00000000e+00,0.00000000e+00,4.35528045e-04
4.50106410e+00,4.25106410e+00,4.97420667e-03,0.00000000e+00,0.00000000e+00,0.00000000e+00,0.00000000e+00,0.00000000e+00,0.00000000e+00,0.00000000e+00,0.00000000e+00,0.00000000e+00,0.00000000e+00,0.00000000e+00,0.00000000e+00,0.00000000e+00,0.00000000e+00,0.00000000e+00,0.00000000e+00,0.00000000e+00,0.00000000e+00,0.00000000e+00,0.00000000e+00,0.00000000e+00,0.00000000e+00,0.00000000e+00,4.40451007e-04
4.60108913e+00,4.35108913e+00,4.95724396e-03,0.00000000e+00,0.00000000e+00,0.00000000e+00,0.00000000e+00,0.00000000e+00,0.00000000e+00,0.00000000e+00,0.00000000e+00,0.00000000e+00,0.00000000e+00,0.00000000e+00,0.00000000e+00,0.00000000e+00,0.00000000e+00,0.00000000e+00,0.00000000e+00,0.00000000e+00,0.00000000e+00,0.00000000e+00,0.00000000e+00,0.00000000e+00,0.00000000e+00,0.00000000e+00,4.46142365e-04
4.70111417e+00,4.45111417e+00,4.88980641e-03,0.00000000e+00,0.00000000e+00,0.00000000e+00,0.00000000e+00,0.00000000e+00,0.00000000e+00,0.00000000e+00,0.00000000e+00,0.00000000e+00,0.00000000e+00,0.00000000e+00,0.00000000e+00,0.00000000e+00,0.00000000e+00,0.00000000e+00,0.00000000e+00,0.00000000e+00,0.00000000e+00,0.00000000e+00,0.00000000e+00,0.00000000e+00,0.00000000e+00,0.00000000e+00,4.48256462e-04
4.80113921e+00,4.55113921e+00,4.84414356e-03,0.00000000e+00,0.00000000e+00,0.00000000e+00,0.00000000e+00,0.00000000e+00,0.00000000e+00,0.00000000e+00,0.00000000e+00,0.00000000e+00,0.00000000e+00,0.00000000e+00,0.00000000e+00,0.00000000e+00,0.00000000e+00,0.00000000e+00,0.00000000e+00,0.00000000e+00,0.00000000e+00,0.00000000e+00,0.00000000e+00,0.00000000e+00,0.00000000e+00,0.00000000e+00,4.53233609e-04
4.90116425e+00,4.65116425e+00,4.78609286e-03,0.00000000e+00,0.00000000e+00,0.00000000e+00,0.00000000e+00,0.00000000e+00,0.00000000e+00,0.00000000e+00,0.00000000e+00,0.00000000e+00,0.00000000e+00,0.00000000e+00,0.00000000e+00,0.00000000e+00,0.00000000e+00,0.00000000e+00,0.00000000e+00,0.00000000e+00,0.00000000e+00,0.00000000e+00,0.00000000e+00,0.00000000e+00,0.00000000e+00,0.00000000e+00,4.59677157e-04
5.00118928e+00,4.75118928e+00,4.73848084e-03,0.00000000e+00,0.00000000e+00,0.00000000e+00,0.00000000e+00,0.00000000e+00,0.00000000e+00,0.00000000e+00,0.00000000e+00,0.00000000e+00,0.00000000e+00,0.00000000e+00,0.00000000e+00,0.00000000e+00,0.00000000e+00,0.00000000e+00,0.00000000e+00,0.00000000e+00,0.00000000e+00,0.00000000e+00,0.00000000e+00,0.00000000e+00,0.00000000e+00,0.00000000e+00,4.65600621e-04
5.10121432e+00,4.85121432e+00,4.69797827e-03,0.00000000e+00,0.00000000e+00,0.00000000e+00,0.00000000e+00,0.00000000e+00,0.00000000e+00,0.00000000e+00,0.00000000e+00,0.00000000e+00,0.00000000e+00,0.00000000e+00,0.00000000e+00,0.00000000e+00,0.00000000e+00,0.00000000e+00,0.00000000e+00,0.00000000e+00,0.00000000e+00,0.00000000e+00,0.00000000e+00,0.00000000e+00,0.00000000e+00,0.00000000e+00,4.71533835e-04
5.20123936e+00,4.95123936e+00,4.64699589e-03,0.00000000e+00,0.00000000e+00,0.00000000e+00,0.00000000e+00,0.00000000e+00,0.00000000e+00,0.00000000e+00,0.00000000e+00,0.00000000e+00,0.00000000e+00,0.00000000e+00,0.00000000e+00,0.00000000e+00,0.00000000e+00,0.00000000e+00,0.00000000e+00,0.00000000e+00,0.00000000e+00,0.00000000e+00,0.00000000e+00,0.00000000e+00,0.00000000e+00,0.00000000e+00,4.75424255e-04
5.30126440e+00,5.05126440e+00,4.60494473e-03,0.00000000e+00,0.00000000e+00,0.00000000e+00,0.00000000e+00,0.00000000e+00,0.00000000e+00,0.00000000e+00,0.00000000e+00,0.00000000e+00,0.00000000e+00,0.00000000e+00,0.00000000e+00,0.00000000e+00,0.00000000e+00,0.00000000e+00,0.00000000e+00,0.00000000e+00,0.00000000e+00,0.00000000e+00,0.00000000e+00,0.00000000e+00,0.00000000e+00,0.00000000e+00,4.81132357e-04
5.40128943e+00,5.15128943e+00,4.55470582e-03,0.00000000e+00,0.00000000e+00,0.00000000e+00,0.00000000e+00,0.00000000e+00,0.00000000e+00,0.00000000e+00,0.00000000e+00,0.00000000e+00,0.00000000e+00,0.00000000e+00,0.00000000e+00,0.00000000e+00,0.00000000e+00,0.00000000e+00,0.00000000e+00,0.00000000e+00,0.00000000e+00,0.00000000e+00,0.00000000e+00,0.00000000e+00,0.00000000e+00,0.00000000e+00,4.84283777e-04
5.50131447e+00,5.25131447e+00,4.50098061e-03,0.00000000e+00,0.00000000e+00,0.00000000e+00,0.00000000e+00,0.00000000e+00,0.00000000e+00,0.00000000e+00,0.00000000e+00,0.00000000e+00,0.00000000e+00,0.00000000e+00,0.00000000e+00,0.00000000e+00,0.00000000e+00,0.00000000e+00,0.00000000e+00,0.00000000e+00,0.00000000e+00,0.00000000e+00,0.00000000e+00,0.00000000e+00,0.00000000e+00,0.00000000e+00,4.89397321e-04
5.60133951e+00,5.35133951e+00,4.44588032e-03,0.00000000e+00,0.00000000e+00,0.00000000e+00,0.00000000e+00,0.00000000e+00,0.00000000e+00,0.00000000e+00,0.00000000e+00,0.00000000e+00,0.00000000e+00,0.00000000e+00,0.00000000e+00,0.00000000e+00,0.00000000e+00,0.00000000e+00,0.00000000e+00,0.00000000e+00,0.00000000e+00,0.00000000e+00,0.00000000e+00,0.00000000e+00,0.00000000e+00,0.00000000e+00,4.92429461e-04
5.70136455e+00,5.45136455e+00,4.40785440e-03,0.00000000e+00,0.00000000e+00,0.00000000e+00,0.00000000e+00,0.00000000e+00,0.00000000e+00,0.00000000e+00,0.00000000e+00,0.00000000e+00,0.00000000e+00,0.00000000e+00,0.00000000e+00,0.00000000e+00,0.00000000e+00,0.00000000e+00,0.00000000e+00,0.00000000e+00,0.00000000e+00,0.00000000e+00,0.00000000e+00,0.00000000e+00,0.00000000e+00,0.00000000e+00,4.96915401e-04
5.80138958e+00,5.55138958e+00,4.38346280e-03,0.00000000e+00,0.00000000e+00,0.00000000e+00,0.00000000e+00,0.00000000e+00,0.00000000e+00,0.00000000e+00,0.00000000e+00,0.00000000e+00,0.00000000e+00,0.00000000e+00,0.00000000e+00,0.00000000e+00,0.00000000e+00,0.00000000e+00,0.00000000e+00,0.00000000e+00,0.00000000e+00,0.00000000e+00,0.00000000e+00,0.00000000e+00,0.00000000e+00,0.00000000e+00,5.02309941e-04
5.90141462e+00,5.65141462e+00,4.34141572e-03,0.00000000e+00,0.00000000e+00,0.00000000e+00,0.00000000e+00,0.00000000e+00,0.00000000e+00,0.00000000e+00,0.00000000e+00,0.00000000e+00,0.00000000e+00,0.00000000e+00,0.00000000e+00,0.00000000e+00,0.00000000e+00,0.00000000e+00,0.00000000e+00,0.00000000e+00,0.00000000e+00,0.00000000e+00,0.00000000e+00,0.00000000e+00,0.00000000e+00,0.00000000e+00,5.07451194e-04
6.00143966e+00,5.75143966e+00,4.29582214e-03,0.00000000e+00,0.00000000e+00,0.00000000e+00,0.00000000e+00,0.00000000e+00,0.00000000e+00,0.00000000e+00,0.00000000e+00,0.00000000e+00,0.00000000e+00,0.00000000e+00,0.00000000e+00,0.00000000e+00,0.00000000e+00,0.00000000e+00,0.00000000e+00,0.00000000e+00,0.00000000e+00,0.00000000e+00,0.00000000e+00,0.00000000e+00,0.00000000e+00,0.00000000e+00,5.11977929e-04
6.10146470e+00,5.85146470e+00,4.24896952e-03,0.00000000e+00,0.00000000e+00,0.00000000e+00,0.00000000e+00,0.00000000e+00,0.00000000e+00,0.00000000e+00,0.00000000e+00,0.00000000e+00,0.00000000e+00,0.00000000e+00,0.00000000e+00,0.00000000e+00,0.00000000e+00,0.00000000e+00,0.00000000e+00,0.00000000e+00,0.00000000e+00,0.00000000e+00,0.00000000e+00,0.00000000e+00,0.00000000e+00,0.00000000e+00,5.16877768e-04
6.20148973e+00,5.95148973e+00,4.20602179e-03,0.00000000e+00,0.00000000e+00,0.00000000e+00,0.00000000e+00,0.00000000e+00,0.00000000e+00,0.00000000e+00,0.00000000e+00,0.00000000e+00,0.00000000e+00,0.00000000e+00,0.00000000e+00,0.00000000e+00,0.00000000e+00,0.00000000e+00,0.00000000e+00,0.00000000e+00,0.00000000e+00,0.00000000e+00,0.00000000e+00,0.00000000e+00,0.00000000e+00,0.00000000e+00,5.21687486e-04
6.30151477e+00,6.05151477e+00,4.15702607e-03,0.00000000e+00,0.00000000e+00,0.00000000e+00,0.00000000e+00,0.00000000e+00,0.00000000e+00,0.00000000e+00,0.00000000e+00,0.00000000e+00,0.00000000e+00,0.00000000e+00,0.00000000e+00,0.00000000e+00,0.00000000e+00,0.00000000e+00,0.00000000e+00,0.00000000e+00,0.00000000e+00,0.00000000e+00,0.00000000e+00,0.00000000e+00,0.00000000e+00,0.00000000e+00,5.27442927e-04
6.40153981e+00,6.15153981e+00,4.11604095e-03,0.00000000e+00,0.00000000e+00,0.00000000e+00,0.00000000e+00,0.00000000e+00,0.00000000e+00,0.00000000e+00,0.00000000e+00,0.00000000e+00,0.00000000e+00,0.00000000e+00,0.00000000e+00,0.00000000e+00,0.00000000e+00,0.00000000e+00,0.00000000e+00,0.00000000e+00,0.00000000e+00,0.00000000e+00,0.00000000e+00,0.00000000e+00,0.00000000e+00,0.00000000e+00,5.31942494e-04
6.50156485e+00,6.25156485e+00,4.09022704e-03,0.00000000e+00,0.00000000e+00,0.00000000e+00,0.00000000e+00,0.00000000e+00,0.00000000e+00,0.00000000e+00,0.00000000e+00,0.00000000e+00,0.00000000e+00,0.00000000e+00,0.00000000e+00,0.00000000e+00,0.00000000e+00,0.00000000e+00,0.00000000e+00,0.00000000e+00,0.00000000e+00,0.00000000e+00,0.00000000e+00,0.00000000e+00,0.00000000e+00,0.00000000e+00,5.36639070e-04
6.60158988e+00,6.35158988e+00,4.03803137e-03,0.00000000e+00,0.00000000e+00,0.00000000e+00,0.00000000e+00,0.00000000e+00,0.00000000e+00,0.00000000e+00,0.00000000e+00,0.00000000e+00,0.00000000e+00,0.00000000e+00,0.00000000e+00,0.00000000e+00,0.00000000e+00,0.00000000e+00,0.00000000e+00,0.00000000e+00,0.00000000e+00,0.00000000e+00,0.00000000e+00,0.00000000e+00,0.00000000e+00,0.00000000e+00,5.39934335e-04
6.70161492e+00,6.45161492e+00,4.01258649e-03,0.00000000e+00,0.00000000e+00,0.00000000e+00,0.00000000e+00,0.00000000e+00,0.00000000e+00,0.00000000e+00,0.00000000e+00,0.00000000e+00,0.00000000e+00,0.00000000e+00,0.00000000e+00,0.00000000e+00,0.00000000e+00,0.00000000e+00,0.00000000e+00,0.00000000e+00,0.00000000e+00,0.00000000e+00,0.00000000e+00,0.00000000e+00,0.00000000e+00,0.00000000e+00,5.46820719e-04
6.80163996e+00,6.55163996e+00,3.99471224e-03,0.00000000e+00,0.00000000e+00,0.00000000e+00,0.00000000e+00,0.00000000e+00,0.00000000e+00,0.00000000e+00,0.00000000e+00,0.00000000e+00,0.00000000e+00,0.00000000e+00,0.00000000e+00,0.00000000e+00,0.00000000e+00,0.00000000e+00,0.00000000e+00,0.00000000e+00,0.00000000e+00,0.00000000e+00,0.00000000e+00,0.00000000e+00,0.00000000e+00,0.00000000e+00,5.53072204e-04
6.90166500e+00,6.65166500e+00,3.93550132e-03,0.00000000e+00,0.00000000e+00,0.00000000e+00,0.00000000e+00,0.00000000e+00,0.00000000e+00,0.00000000e+00,0.00000000e+00,0.00000000e+00,0.00000000e+00,0.00000000e+00,0.00000000e+00,0.00000000e+00,0.00000000e+00,0.00000000e+00,0.00000000e+00,0.00000000e+00,0.00000000e+00,0.00000000e+00,0.00000000e+00,0.00000000e+00,0.00000000e+00,0.00000000e+00,5.55730030e-04
7.00169004e+00,6.75169004e+00,3.88674145e-03,0.00000000e+00,0.00000000e+00,0.00000000e+00,0.00000000e+00,0.00000000e+00,0.00000000e+00,0.00000000e+00,0.00000000e+00,0.00000000e+00,0.00000000e+00,0.00000000e+00,0.00000000e+00,0.00000000e+00,0.00000000e+00,0.00000000e+00,0.00000000e+00,0.00000000e+00,0.00000000e+00,0.00000000e+00,0.00000000e+00,0.00000000e+00,0.00000000e+00,0.00000000e+00,5.58135580e-04
7.10171507e+00,6.85171507e+00,3.85767437e-03,0.00000000e+00,0.00000000e+00,0.00000000e+00,0.00000000e+00,0.00000000e+00,0.00000000e+00,0.00000000e+00,0.00000000e+00,0.00000000e+00,0.00000000e+00,0.00000000e+00,0.00000000e+00,0.00000000e+00,0.00000000e+00,0.00000000e+00,0.00000000e+00,0.00000000e+00,0.00000000e+00,0.00000000e+00,0.00000000e+00,0.00000000e+00,0.00000000e+00,0.00000000e+00,5.65508097e-04
7.20174011e+00,6.95174011e+00,3.80826753e-03,0.00000000e+00,0.00000000e+00,0.00000000e+00,0.00000000e+00,0.00000000e+00,0.00000000e+00,0.00000000e+00,0.00000000e+00,0.00000000e+00,0.00000000e+00,0.00000000e+00,0.00000000e+00,0.00000000e+00,0.00000000e+00,0.00000000e+00,0.00000000e+00,0.00000000e+00,0.00000000e+00,0.00000000e+00,0.00000000e+00,0.00000000e+00,0.00000000e+00,0.00000000e+00,5.69317834e-04
7.30176515e+00,7.05176515e+00,3.78197521e-03,0.00000000e+00,0.00000000e+00,0.00000000e+00,0.00000000e+00,0.00000000e+00,0.00000000e+00,0.00000000e+00,0.00000000e+00,0.00000000e+00,0.00000000e+00,0.00000000e+00,0.00000000e+00,0.00000000e+00,0.00000000e+00,0.00000000e+00,0.00000000e+00,0.00000000e+00,0.00000000e+00,0.00000000e+00,0.00000000e+00,0.00000000e+00,0.00000000e+00,0.00000000e+00,5.75484324e-04
7.40179019e+00,7.15179019e+00,3.73537387e-03,0.00000000e+00,0.00000000e+00,0.00000000e+00,0.00000000e+00,0.00000000e+00,0.00000000e+00,0.00000000e+00,0.00000000e+00,0.00000000e+00,0.00000000e+00,0.00000000e+00,0.00000000e+00,0.00000000e+00,0.00000000e+00,0.00000000e+00,0.00000000e+00,0.00000000e+00,0.00000000e+00,0.00000000e+00,0.00000000e+00,0.00000000e+00,0.00000000e+00,0.00000000e+00,5.79012595e-04
7.50181522e+00,7.25181522e+00,3.68879568e-03,0.00000000e+00,0.00000000e+00,0.00000000e+00,0.00000000e+00,0.00000000e+00,0.00000000e+00,0.00000000e+00,0.00000000e+00,0.00000000e+00,0.00000000e+00,0.00000000e+00,0.00000000e+00,0.00000000e+00,0.00000000e+00,0.00000000e+00,0.00000000e+00,0.00000000e+00,0.00000000e+00,0.00000000e+00,0.00000000e+00,0.00000000e+00,0.00000000e+00,0.00000000e+00,5.82166996e-04
7.60184026e+00,7.35184026e+00,3.64984528e-03,0.00000000e+00,0.00000000e+00,0.00000000e+00,0.00000000e+00,0.00000000e+00,0.00000000e+00,0.00000000e+00,0.00000000e+00,0.00000000e+00,0.00000000e+00,0.00000000e+00,0.00000000e+00,0.00000000e+00,0.00000000e+00,0.00000000e+00,0.00000000e+00,0.00000000e+00,0.00000000e+00,0.00000000e+00,0.00000000e+00,0.00000000e+00,0.00000000e+00,0.00000000e+00,5.84997201e-04
7.70186530e+00,7.45186530e+00,3.61820374e-03,0.00000000e+00,0.00000000e+00,0.00000000e+00,0.00000000e+00,0.00000000e+00,0.00000000e+00,0.00000000e+00,0.00000000e+00,0.00000000e+00,0.00000000e+00,0.00000000e+00,0.00000000e+00,0.00000000e+00,0.00000000e+00,0.00000000e+00,0.00000000e+00,0.00000000e+00,0.00000000e+00,0.00000000e+00,0.00000000e+00,0.00000000e+00,0.00000000e+00,0.00000000e+00,5.88917697e-04
7.80189034e+00,7.55189034e+00,3.58859209e-03,0.00000000e+00,0.00000000e+00,0.00000000e+00,0.00000000e+00,0.00000000e+00,0.00000000e+00,0.00000000e+00,0.00000000e+00,0.00000000e+00,0.00000000e+00,0.00000000e+00,0.00000000e+00,0.00000000e+00,0.00000000e+00,0.00000000e+00,0.00000000e+00,0.00000000e+00,0.00000000e+00,0.00000000e+00,0.00000000e+00,0.00000000e+00,0.00000000e+00,0.00000000e+00,5.95269179e-04
7.90191537e+00,7.65191537e+00,3.56048516e-03,0.00000000e+00,0.00000000e+00,0.00000000e+00,0.00000000e+00,0.00000000e+00,0.00000000e+00,0.00000000e+00,0.00000000e+00,0.00000000e+00,0.00000000e+00,0.00000000e+00,0.00000000e+00,0.00000000e+00,0.00000000e+00,0.00000000e+00,0.00000000e+00,0.00000000e+00,0.00000000e+00,0.00000000e+00,0.00000000e+00,0.00000000e+00,0.00000000e+00,0.00000000e+00,5.99597609e-04
8.00194041e+00,7.75194041e+00,3.51883219e-03,0.00000000e+00,0.00000000e+00,0.00000000e+00,0.00000000e+00,0.00000000e+00,0.00000000e+00,0.00000000e+00,0.00000000e+00,0.00000000e+00,0.00000000e+00,0.00000000e+00,0.00000000e+00,0.00000000e+00,0.00000000e+00,0.00000000e+00,0.00000000e+00,0.00000000e+00,0.00000000e+00,0.00000000e+00,0.00000000e+00,0.00000000e+00,0.00000000e+00,0.00000000e+00,6.04192861e-04
8.10196545e+00,7.85196545e+00,3.48780675e-03,0.00000000e+00,0.00000000e+00,0.00000000e+00,0.00000000e+00,0.00000000e+00,0.00000000e+00,0.00000000e+00,0.00000000e+00,0.00000000e+00,0.00000000e+00,0.00000000e+00,0.00000000e+00,0.00000000e+00,0.00000000e+00,0.00000000e+00,0.00000000e+00,0.00000000e+00,0.00000000e+00,0.00000000e+00,0.00000000e+00,0.00000000e+00,0.00000000e+00,0.00000000e+00,6.08682211e-04
8.20199049e+00,7.95199049e+00,3.45809615e-03,0.00000000e+00,0.00000000e+00,0.00000000e+00,0.00000000e+00,0.00000000e+00,0.00000000e+00,0.00000000e+00,0.00000000e+00,0.00000000e+00,0.00000000e+00,0.00000000e+00,0.00000000e+00,0.00000000e+00,0.00000000e+00,0.00000000e+00,0.00000000e+00,0.00000000e+00,0.00000000e+00,0.00000000e+00,0.00000000e+00,0.00000000e+00,0.00000000e+00,0.00000000e+00,6.12991275e-04
8.30201552e+00,8.05201552e+00,3.40405279e-03,0.00000000e+00,0.00000000e+00,0.00000000e+00,0.00000000e+00,0.00000000e+00,0.00000000e+00,0.00000000e+00,0.00000000e+00,0.00000000e+00,0.00000000e+00,0.00000000e+00,0.00000000e+00,0.00000000e+00,0.00000000e+00,0.00000000e+00,0.00000000e+00,0.00000000e+00,0.00000000e+00,0.00000000e+00,0.00000000e+00,0.00000000e+00,0.00000000e+00,0.00000000e+00,6.18795648e-04
8.40204056e+00,8.15204056e+00,3.38748359e-03,0.00000000e+00,0.00000000e+00,0.00000000e+00,0.00000000e+00,0.00000000e+00,0.00000000e+00,0.00000000e+00,0.00000000e+00,0.00000000e+00,0.00000000e+00,0.00000000e+00,0.00000000e+00,0.00000000e+00,0.00000000e+00,0.00000000e+00,0.00000000e+00,0.00000000e+00,0.00000000e+00,0.00000000e+00,0.00000000e+00,0.00000000e+00,0.00000000e+00,0.00000000e+00,6.24863134e-04
8.50206560e+00,8.25206560e+00,3.36148383e-03,0.00000000e+00,0.00000000e+00,0.00000000e+00,0.00000000e+00,0.00000000e+00,0.00000000e+00,0.00000000e+00,0.00000000e+00,0.00000000e+00,0.00000000e+00,0.00000000e+00,0.00000000e+00,0.00000000e+00,0.00000000e+00,0.00000000e+00,0.00000000e+00,0.00000000e+00,0.00000000e+00,0.00000000e+00,0.00000000e+00,0.00000000e+00,0.00000000e+00,0.00000000e+00,6.30483327e-04
8.60209064e+00,8.35209064e+00,3.31705931e-03,0.00000000e+00,0.00000000e+00,0.00000000e+00,0.00000000e+00,0.00000000e+00,0.00000000e+00,0.00000000e+00,0.00000000e+00,0.00000000e+00,0.00000000e+00,0.00000000e+00,0.00000000e+00,0.00000000e+00,0.00000000e+00,0.00000000e+00,0.00000000e+00,0.00000000e+00,0.00000000e+00,0.00000000e+00,0.00000000e+00,0.00000000e+00,0.00000000e+00,0.00000000e+00,6.34188630e-04
8.70211567e+00,8.45211567e+00,3.29659494e-03,0.00000000e+00,0.00000000e+00,0.00000000e+00,0.00000000e+00,0.00000000e+00,0.00000000e+00,0.00000000e+00,0.00000000e+00,0.00000000e+00,0.00000000e+00,0.00000000e+00,0.00000000e+00,0.00000000e+00,0.00000000e+00,0.00000000e+00,0.00000000e+00,0.00000000e+00,0.00000000e+00,0.00000000e+00,0.00000000e+00,0.00000000e+00,0.00000000e+00,0.00000000e+00,6.39690444e-04
8.80214071e+00,8.55214071e+00,3.26308198e-03,0.00000000e+00,0.00000000e+00,0.00000000e+00,0.00000000e+00,0.00000000e+00,0.00000000e+00,0.00000000e+00,0.00000000e+00,0.00000000e+00,0.00000000e+00,0.00000000e+00,0.00000000e+00,0.00000000e+00,0.00000000e+00,0.00000000e+00,0.00000000e+00,0.00000000e+00,0.00000000e+00,0.00000000e+00,0.00000000e+00,0.00000000e+00,0.00000000e+00,0.00000000e+00,6.44335794e-04
8.90216575e+00,8.65216575e+00,3.21555368e-03,0.00000000e+00,0.00000000e+00,0.00000000e+00,0.00000000e+00,0.00000000e+00,0.00000000e+00,0.00000000e+00,0.00000000e+00,0.00000000e+00,0.00000000e+00,0.00000000e+00,0.00000000e+00,0.00000000e+00,0.00000000e+00,0.00000000e+00,0.00000000e+00,0.00000000e+00,0.00000000e+00,0.00000000e+00,0.00000000e+00,0.00000000e+00,0.00000000e+00,0.00000000e+00,6.47961640e-04
9.00219079e+00,8.75219079e+00,3.19906536e-03,0.00000000e+00,0.00000000e+00,0.00000000e+00,0.00000000e+00,0.00000000e+00,0.00000000e+00,0.00000000e+00,0.00000000e+00,0.00000000e+00,0.00000000e+00,0.00000000e+00,0.00000000e+00,0.00000000e+00,0.00000000e+00,0.00000000e+00,0.00000000e+00,0.00000000e+00,0.00000000e+00,0.00000000e+00,0.00000000e+00,0.00000000e+00,0.00000000e+00,0.00000000e+00,6.54741641e-04
9.10221582e+00,8.85221582e+00,3.17482524e-03,0.00000000e+00,0.00000000e+00,0.00000000e+00,0.00000000e+00,0.00000000e+00,0.00000000e+00,0.00000000e+00,0.00000000e+00,0.00000000e+00,0.00000000e+00,0.00000000e+00,0.00000000e+00,0.00000000e+00,0.00000000e+00,0.00000000e+00,0.00000000e+00,0.00000000e+00,0.00000000e+00,0.00000000e+00,0.00000000e+00,0.00000000e+00,0.00000000e+00,0.00000000e+00,6.59882040e-04
9.20224086e+00,8.95224086e+00,3.14366679e-03,0.00000000e+00,0.00000000e+00,0.00000000e+00,0.00000000e+00,0.00000000e+00,0.00000000e+00,0.00000000e+00,0.00000000e+00,0.00000000e+00,0.00000000e+00,0.00000000e+00,0.00000000e+00,0.00000000e+00,0.00000000e+00,0.00000000e+00,0.00000000e+00,0.00000000e+00,0.00000000e+00,0.00000000e+00,0.00000000e+00,0.00000000e+00,0.00000000e+00,0.00000000e+00,6.62473362e-04
9.30226590e+00,9.05226590e+00,3.11909092e-03,0.00000000e+00,0.00000000e+00,0.00000000e+00,0.00000000e+00,0.00000000e+00,0.00000000e+00,0.00000000e+00,0.00000000e+00,0.00000000e+00,0.00000000e+00,0.00000000e+00,0.00000000e+00,0.00000000e+00,0.00000000e+00,0.00000000e+00,0.00000000e+00,0.00000000e+00,0.00000000e+00,0.00000000e+00,0.00000000e+00,0.00000000e+00,0.00000000e+00,0.00000000e+00,6.67074426e-04
9.40229094e+00,9.15229094e+00,3.09497867e-03,0.00000000e+00,0.00000000e+00,0.00000000e+00,0.00000000e+00,0.00000000e+00,0.00000000e+00,0.00000000e+00,0.00000000e+00,0.00000000e+00,0.00000000e+00,0.00000000e+00,0.00000000e+00,0.00000000e+00,0.00000000e+00,0.00000000e+00,0.00000000e+00,0.00000000e+00,0.00000000e+00,0.00000000e+00,0.00000000e+00,0.00000000e+00,0.00000000e+00,0.00000000e+00,6.73889140e-04
9.50231597e+00,9.25231597e+00,3.06763594e-03,0.00000000e+00,0.00000000e+00,0.00000000e+00,0.00000000e+00,0.00000000e+00,0.00000000e+00,0.00000000e+00,0.00000000e+00,0.00000000e+00,0.00000000e+00,0.00000000e+00,0.00000000e+00,0.00000000e+00,0.00000000e+00,0.00000000e+00,0.00000000e+00,0.00000000e+00,0.00000000e+00,0.00000000e+00,0.00000000e+00,0.00000000e+00,0.00000000e+00,0.00000000e+00,6.79198594e-04
9.60234101e+00,9.35234101e+00,3.03341194e-03,0.00000000e+00,0.00000000e+00,0.00000000e+00,0.00000000e+00,0.00000000e+00,0.00000000e+00,0.00000000e+00,0.00000000e+00,0.00000000e+00,0.00000000e+00,0.00000000e+00,0.00000000e+00,0.00000000e+00,0.00000000e+00,0.00000000e+00,0.00000000e+00,0.00000000e+00,0.00000000e+00,0.00000000e+00,0.00000000e+00,0.00000000e+00,0.00000000e+00,0.00000000e+00,6.82110388e-04
9.70236605e+00,9.45236605e+00,2.99769052e-03,0.00000000e+00,0.00000000e+00,0.00000000e+00,0.00000000e+00,0.00000000e+00,0.00000000e+00,0.00000000e+00,0.00000000e+00,0.00000000e+00,0.00000000e+00,0.00000000e+00,0.00000000e+00,0.00000000e+00,0.00000000e+00,0.00000000e+00,0.00000000e+00,0.00000000e+00,0.00000000e+00,0.00000000e+00,0.00000000e+00,0.00000000e+00,0.00000000e+00,0.00000000e+00,6.83013676e-04
9.80239109e+00,9.55239109e+00,2.96284045e-03,0.00000000e+00,0.00000000e+00,0.00000000e+00,0.00000000e+00,0.00000000e+00,0.00000000e+00,0.00000000e+00,0.00000000e+00,0.00000000e+00,0.00000000e+00,0.00000000e+00,0.00000000e+00,0.00000000e+00,0.00000000e+00,0.00000000e+00,0.00000000e+00,0.00000000e+00,0.00000000e+00,0.00000000e+00,0.00000000e+00,0.00000000e+00,0.00000000e+00,0.00000000e+00,6.87512978e-04
9.90241612e+00,9.65241612e+00,2.93412716e-03,0.00000000e+00,0.00000000e+00,0.00000000e+00,0.00000000e+00,0.00000000e+00,0.00000000e+00,0.00000000e+00,0.00000000e+00,0.00000000e+00,0.00000000e+00,0.00000000e+00,0.00000000e+00,0.00000000e+00,0.00000000e+00,0.00000000e+00,0.00000000e+00,0.00000000e+00,0.00000000e+00,0.00000000e+00,0.00000000e+00,0.00000000e+00,0.00000000e+00,0.00000000e+00,6.91942873e-04
1.00024412e+01,9.75244116e+00,2.89796154e-03,0.00000000e+00,0.00000000e+00,0.00000000e+00,0.00000000e+00,0.00000000e+00,0.00000000e+00,0.00000000e+00,0.00000000e+00,0.00000000e+00,0.00000000e+00,0.00000000e+00,0.00000000e+00,0.00000000e+00,0.00000000e+00,0.00000000e+00,0.00000000e+00,0.00000000e+00,0.00000000e+00,0.00000000e+00,0.00000000e+00,0.00000000e+00,0.00000000e+00,0.00000000e+00,6.96628202e-04
1.01024662e+01,9.85246620e+00,2.87841241e-03,0.00000000e+00,0.00000000e+00,0.00000000e+00,0.00000000e+00,0.00000000e+00,0.00000000e+00,0.00000000e+00,0.00000000e+00,0.00000000e+00,0.00000000e+00,0.00000000e+00,0.00000000e+00,0.00000000e+00,0.00000000e+00,0.00000000e+00,0.00000000e+00,0.00000000e+00,0.00000000e+00,0.00000000e+00,0.00000000e+00,0.00000000e+00,0.00000000e+00,0.00000000e+00,6.99512693e-04
1.02024912e+01,9.95249124e+00,2.84754490e-03,0.00000000e+00,0.00000000e+00,0.00000000e+00,0.00000000e+00,0.00000000e+00,0.00000000e+00,0.00000000e+00,0.00000000e+00,0.00000000e+00,0.00000000e+00,0.00000000e+00,0.00000000e+00,0.00000000e+00,0.00000000e+00,0.00000000e+00,0.00000000e+00,0.00000000e+00,0.00000000e+00,0.00000000e+00,0.00000000e+00,0.00000000e+00,0.00000000e+00,0.00000000e+00,7.04353444e-04
1.03025163e+01,1.00525163e+01,2.82770476e-03,0.00000000e+00,0.00000000e+00,0.00000000e+00,0.00000000e+00,0.00000000e+00,0.00000000e+00,0.00000000e+00,0.00000000e+00,0.00000000e+00,0.00000000e+00,0.00000000e+00,0.00000000e+00,0.00000000e+00,0.00000000e+00,0.00000000e+00,0.00000000e+00,0.00000000e+00,0.00000000e+00,0.00000000e+00,0.00000000e+00,0.00000000e+00,0.00000000e+00,0.00000000e+00,7.09159906e-04
1.04025413e+01,1.01525413e+01,2.80945855e-03,0.00000000e+00,0.00000000e+00,0.00000000e+00,0.00000000e+00,0.00000000e+00,0.00000000e+00,0.00000000e+00,0.00000000e+00,0.00000000e+00,0.00000000e+00,0.00000000e+00,0.00000000e+00,0.00000000e+00,0.00000000e+00,0.00000000e+00,0.00000000e+00,0.00000000e+00,0.00000000e+00,0.00000000e+00,0.00000000e+00,0.00000000e+00,0.00000000e+00,0.00000000e+00,7.13078986e-04
1.05025663e+01,1.02525663e+01,2.77851120e-03,0.00000000e+00,0.00000000e+00,0.00000000e+00,0.00000000e+00,0.00000000e+00,0.00000000e+00,0.00000000e+00,0.00000000e+00,0.00000000e+00,0.00000000e+00,0.00000000e+00,0.00000000e+00,0.00000000e+00,0.00000000e+00,0.00000000e+00,0.00000000e+00,0.00000000e+00,0.00000000e+00,0.00000000e+00,0.00000000e+00,0.00000000e+00,0.00000000e+00,0.00000000e+00,7.19723141e-04
1.06025914e+01,1.03525914e+01,2.74679831e-03,0.00000000e+00,0.00000000e+00,0.00000000e+00,0.00000000e+00,0.00000000e+00,0.00000000e+00,0.00000000e+00,0.00000000e+00,0.00000000e+00,0.00000000e+00,0.00000000e+00,0.00000000e+00,0.00000000e+00,0.00000000e+00,0.00000000e+00,0.00000000e+00,0.00000000e+00,0.00000000e+00,0.00000000e+00,0.00000000e+00,0.00000000e+00,0.00000000e+00,0.00000000e+00,7.24142836e-04
1.07026164e+01,1.04526164e+01,2.73733550e-03,0.00000000e+00,0.00000000e+00,0.00000000e+00,0.00000000e+00,0.00000000e+00,0.00000000e+00,0.00000000e+00,0.00000000e+00,0.00000000e+00,0.00000000e+00,0.00000000e+00,0.00000000e+00,0.00000000e+00,0.00000000e+00,0.00000000e+00,0.00000000e+00,0.00000000e+00,0.00000000e+00,0.00000000e+00,0.00000000e+00,0.00000000e+00,0.00000000e+00,0.00000000e+00,7.26793331e-04
1.08026415e+01,1.05526415e+01,2.70900021e-03,0.00000000e+00,0.00000000e+00,0.00000000e+00,0.00000000e+00,0.00000000e+00,0.00000000e+00,0.00000000e+00,0.00000000e+00,0.00000000e+00,0.00000000e+00,0.00000000e+00,0.00000000e+00,0.00000000e+00,0.00000000e+00,0.00000000e+00,0.00000000e+00,0.00000000e+00,0.00000000e+00,0.00000000e+00,0.00000000e+00,0.00000000e+00,0.00000000e+00,0.00000000e+00,7.30457826e-04
1.09026665e+01,1.06526665e+01,2.68127604e-03,0.00000000e+00,0.00000000e+00,0.00000000e+00,0.00000000e+00,0.00000000e+00,0.00000000e+00,0.00000000e+00,0.00000000e+00,0.00000000e+00,0.00000000e+00,0.00000000e+00,0.00000000e+00,0.00000000e+00,0.00000000e+00,0.00000000e+00,0.00000000e+00,0.00000000e+00,0.00000000e+00,0.00000000e+00,0.00000000e+00,0.00000000e+00,0.00000000e+00,0.00000000e+00,7.35700825e-04
1.10026915e+01,1.07526915e+01,2.65839068e-03,0.00000000e+00,0.00000000e+00,0.00000000e+00,0.00000000e+00,0.00000000e+00,0.00000000e+00,0.00000000e+00,0.00000000e+00,0.00000000e+00,0.00000000e+00,0.00000000e+00,0.00000000e+00,0.00000000e+00,0.00000000e+00,0.00000000e+00,0.00000000e+00,0.00000000e+00,0.00000000e+00,0.00000000e+00,0.00000000e+00,0.00000000e+00,0.00000000e+00,0.00000000e+00,7.41001750e-04
1.11027166e+01,1.08527166e+01,2.62703732e-03,0.00000000e+00,0.00000000e+00,0.00000000e+00,0.00000000e+00,0.00000000e+00,0.00000000e+00,0.00000000e+00,0.00000000e+00,0.00000000e+00,0.00000000e+00,0.00000000e+00,0.00000000e+00,0.00000000e+00,0.00000000e+00,0.00000000e+00,0.00000000e+00,0.00000000e+00,0.00000000e+00,0.00000000e+00,0.00000000e+00,0.00000000e+00,0.00000000e+00,0.00000000e+00,7.43073907e-04
1.12027416e+01,1.09527416e+01,2.59735059e-03,0.00000000e+00,0.00000000e+00,0.00000000e+00,0.00000000e+00,0.00000000e+00,0.00000000e+00,0.00000000e+00,0.00000000e+00,0.00000000e+00,0.00000000e+00,0.00000000e+00,0.00000000e+00,0.00000000e+00,0.00000000e+00,0.00000000e+00,0.00000000e+00,0.00000000e+00,0.00000000e+00,0.00000000e+00,0.00000000e+00,0.00000000e+00,0.00000000e+00,0.00000000e+00,7.45748991e-04
1.13027666e+01,1.10527666e+01,2.57773392e-03,0.00000000e+00,0.00000000e+00,0.00000000e+00,0.00000000e+00,0.00000000e+00,0.00000000e+00,0.00000000e+00,0.00000000e+00,0.00000000e+00,0.00000000e+00,0.00000000e+00,0.00000000e+00,0.00000000e+00,0.00000000e+00,0.00000000e+00,0.00000000e+00,0.00000000e+00,0.00000000e+00,0.00000000e+00,0.00000000e+00,0.00000000e+00,0.00000000e+00,0.00000000e+00,7.50644615e-04
1.14027917e+01,1.11527917e+01,2.55926187e-03,0.00000000e+00,0.00000000e+00,0.00000000e+00,0.00000000e+00,0.00000000e+00,0.00000000e+00,0.00000000e+00,0.00000000e+00,0.00000000e+00,0.00000000e+00,0.00000000e+00,0.00000000e+00,0.00000000e+00,0.00000000e+00,0.00000000e+00,0.00000000e+00,0.00000000e+00,0.00000000e+00,0.00000000e+00,0.00000000e+00,0.00000000e+00,0.00000000e+00,0.00000000e+00,7.54548936e-04
1.15028167e+01,1.12528167e+01,2.52685979e-03,0.00000000e+00,0.00000000e+00,0.00000000e+00,0.00000000e+00,0.00000000e+00,0.00000000e+00,0.00000000e+00,0.00000000e+00,0.00000000e+00,0.00000000e+00,0.00000000e+00,0.00000000e+00,0.00000000e+00,0.00000000e+00,0.00000000e+00,0.00000000e+00,0.00000000e+00,0.00000000e+00,0.00000000e+00,0.00000000e+00,0.00000000e+00,0.00000000e+00,0.00000000e+00,7.59481494e-04
1.16028418e+01,1.13528418e+01,2.48880681e-03,0.00000000e+00,0.00000000e+00,0.00000000e+00,0.00000000e+00,0.00000000e+00,0.00000000e+00,0.00000000e+00,0.00000000e+00,0.00000000e+00,0.00000000e+00,0.00000000e+00,0.00000000e+00,0.00000000e+00,0.00000000e+00,0.00000000e+00,0.00000000e+00,0.00000000e+00,0.00000000e+00,0.00000000e+00,0.00000000e+00,0.00000000e+00,0.00000000e+00,0.00000000e+00,7.63466819e-04
1.17028668e+01,1.14528668e+01,2.47848000e-03,0.00000000e+00,0.00000000e+00,0.00000000e+00,0.00000000e+00,0.00000000e+00,0.00000000e+00,0.00000000e+00,0.00000000e+00,0.00000000e+00,0.00000000e+00,0.00000000e+00,0.00000000e+00,0.00000000e+00,0.00000000e+00,0.00000000e+00,0.00000000e+00,0.00000000e+00,0.00000000e+00,0.00000000e+00,0.00000000e+00,0.00000000e+00,0.00000000e+00,0.00000000e+00,7.71585139e-04
1.18028918e+01,1.15528918e+01,2.45230413e-03,0.00000000e+00,0.00000000e+00,0.00000000e+00,0.00000000e+00,0.00000000e+00,0.00000000e+00,0.00000000e+00,0.00000000e+00,0.00000000e+00,0.00000000e+00,0.00000000e+00,0.00000000e+00,0.00000000e+00,0.00000000e+00,0.00000000e+00,0.00000000e+00,0.00000000e+00,0.00000000e+00,0.00000000e+00,0.00000000e+00,0.00000000e+00,0.00000000e+00,0.00000000e+00,7.75886525e-04
1.19029169e+01,1.16529169e+01,2.41839909e-03,0.00000000e+00,0.00000000e+00,0.00000000e+00,0.00000000e+00,0.00000000e+00,0.00000000e+00,0.00000000e+00,0.00000000e+00,0.00000000e+00,0.00000000e+00,0.00000000e+00,0.00000000e+00,0.00000000e+00,0.00000000e+00,0.00000000e+00,0.00000000e+00,0.00000000e+00,0.00000000e+00,0.00000000e+00,0.00000000e+00,0.00000000e+00,0.00000000e+00,0.00000000e+00,7.79168946e-04
1.20029419e+01,1.17529419e+01,2.39857423e-03,0.00000000e+00,0.00000000e+00,0.00000000e+00,0.00000000e+00,0.00000000e+00,0.00000000e+00,0.00000000e+00,0.00000000e+00,0.00000000e+00,0.00000000e+00,0.00000000e+00,0.00000000e+00,0.00000000e+00,0.00000000e+00,0.00000000e+00,0.00000000e+00,0.00000000e+00,0.00000000e+00,0.00000000e+00,0.00000000e+00,0.00000000e+00,0.00000000e+00,0.00000000e+00,7.83759348e-04
1.21029670e+01,1.18529670e+01,2.36857895e-03,0.00000000e+00,0.00000000e+00,0.00000000e+00,0.00000000e+00,0.00000000e+00,0.00000000e+00,0.00000000e+00,0.00000000e+00,0.00000000e+00,0.00000000e+00,0.00000000e+00,0.00000000e+00,0.00000000e+00,0.00000000e+00,0.00000000e+00,0.00000000e+00,0.00000000e+00,0.00000000e+00,0.00000000e+00,0.00000000e+00,0.00000000e+00,0.00000000e+00,0.00000000e+00,7.86114438e-04
1.22029920e+01,1.19529920e+01,2.33960354e-03,0.00000000e+00,0.00000000e+00,0.00000000e+00,0.00000000e+00,0.00000000e+00,0.00000000e+00,0.00000000e+00,0.00000000e+00,0.00000000e+00,0.00000000e+00,0.00000000e+00,0.00000000e+00,0.00000000e+00,0.00000000e+00,0.00000000e+00,0.00000000e+00,0.00000000e+00,0.00000000e+00,0.00000000e+00,0.00000000e+00,0.00000000e+00,0.00000000e+00,0.00000000e+00,7.90369386e-04
1.23030170e+01,1.20530170e+01,2.31108138e-03,0.00000000e+00,0.00000000e+00,0.00000000e+00,0.00000000e+00,0.00000000e+00,0.00000000e+00,0.00000000e+00,0.00000000e+00,0.00000000e+00,0.00000000e+00,0.00000000e+00,0.00000000e+00,0.00000000e+00,0.00000000e+00,0.00000000e+00,0.00000000e+00,0.00000000e+00,0.00000000e+00,0.00000000e+00,0.00000000e+00,0.00000000e+00,0.00000000e+00,0.00000000e+00,7.95212637e-04
1.24030421e+01,1.21530421e+01,2.29445874e-03,0.00000000e+00,0.00000000e+00,0.00000000e+00,0.00000000e+00,0.00000000e+00,0.00000000e+00,0.00000000e+00,0.00000000e+00,0.00000000e+00,0.00000000e+00,0.00000000e+00,0.00000000e+00,0.00000000e+00,0.00000000e+00,0.00000000e+00,0.00000000e+00,0.00000000e+00,0.00000000e+00,0.00000000e+00,0.00000000e+00,0.00000000e+00,0.00000000e+00,0.00000000e+00,7.98303264e-04
1.25030671e+01,1.22530671e+01,2.28172788e-03,0.00000000e+00,0.00000000e+00,0.00000000e+00,0.00000000e+00,0.00000000e+00,0.00000000e+00,0.00000000e+00,0.00000000e+00,0.00000000e+00,0.00000000e+00,0.00000000e+00,0.00000000e+00,0.00000000e+00,0.00000000e+00,0.00000000e+00,0.00000000e+00,0.00000000e+00,0.00000000e+00,0.00000000e+00,0.00000000e+00,0.00000000e+00,0.00000000e+00,0.00000000e+00,8.01829968e-04
1.26030921e+01,1.23530921e+01,2.25793462e-03,0.00000000e+00,0.00000000e+00,0.00000000e+00,0.00000000e+00,0.00000000e+00,0.00000000e+00,0.00000000e+00,0.00000000e+00,0.00000000e+00,0.00000000e+00,0.00000000e+00,0.00000000e+00,0.00000000e+00,0.00000000e+00,0.00000000e+00,0.00000000e+00,0.00000000e+00,0.00000000e+00,0.00000000e+00,0.00000000e+00,0.00000000e+00,0.00000000e+00,0.00000000e+00,8.06208081e-04
1.27031172e+01,1.24531172e+01,2.24052708e-03,0.00000000e+00,0.00000000e+00,0.00000000e+00,0.00000000e+00,0.00000000e+00,0.00000000e+00,0.00000000e+00,0.00000000e+00,0.00000000e+00,0.00000000e+00,0.00000000e+00,0.00000000e+00,0.00000000e+00,0.00000000e+00,0.00000000e+00,0.00000000e+00,0.00000000e+00,0.00000000e+00,0.00000000e+00,0.00000000e+00,0.00000000e+00,0.00000000e+00,0.00000000e+00,8.11210421e-04
1.28031422e+01,1.25531422e+01,2.21778298e-03,0.00000000e+00,0.00000000e+00,0.00000000e+00,0.00000000e+00,0.00000000e+00,0.00000000e+00,0.00000000e+00,0.00000000e+00,0.00000000e+00,0.00000000e+00,0.00000000e+00,0.00000000e+00,0.00000000e+00,0.00000000e+00,0.00000000e+00,0.00000000e+00,0.00000000e+00,0.00000000e+00,0.00000000e+00,0.00000000e+00,0.00000000e+00,0.00000000e+00,0.00000000e+00,8.14910505e-04
1.29031673e+01,1.26531673e+01,2.21347939e-03,0.00000000e+00,0.00000000e+00,0.00000000e+00,0.00000000e+00,0.00000000e+00,0.00000000e+00,0.00000000e+00,0.00000000e+00,0.00000000e+00,0.00000000e+00,0.00000000e+00,0.00000000e+00,0.00000000e+00,0.00000000e+00,0.00000000e+00,0.00000000e+00,0.00000000e+00,0.00000000e+00,0.00000000e+00,0.00000000e+00,0.00000000e+00,0.00000000e+00,0.00000000e+00,8.18333611e-04
1.30031923e+01,1.27531923e+01,2.18500145e-03,0.00000000e+00,0.00000000e+00,0.00000000e+00,0.00000000e+00,0.00000000e+00,0.00000000e+00,0.00000000e+00,0.00000000e+00,0.00000000e+00,0.00000000e+00,0.00000000e+00,0.00000000e+00,0.00000000e+00,0.00000000e+00,0.00000000e+00,0.00000000e+00,0.00000000e+00,0.00000000e+00,0.00000000e+00,0.00000000e+00,0.00000000e+00,0.00000000e+00,0.00000000e+00,8.19982477e-04
1.31032173e+01,1.28532173e+01,2.15590025e-03,0.00000000e+00,0.00000000e+00,0.00000000e+00,0.00000000e+00,0.00000000e+00,0.00000000e+00,0.00000000e+00,0.00000000e+00,0.00000000e+00,0.00000000e+00,0.00000000e+00,0.00000000e+00,0.00000000e+00,0.00000000e+00,0.00000000e+00,0.00000000e+00,0.00000000e+00,0.00000000e+00,0.00000000e+00,0.00000000e+00,0.00000000e+00,0.00000000e+00,0.00000000e+00,8.24066037e-04
1.32032424e+01,1.29532424e+01,2.14099328e-03,0.00000000e+00,0.00000000e+00,0.00000000e+00,0.00000000e+00,0.00000000e+00,0.00000000e+00,0.00000000e+00,0.00000000e+00,0.00000000e+00,0.00000000e+00,0.00000000e+00,0.00000000e+00,0.00000000e+00,0.00000000e+00,0.00000000e+00,0.00000000e+00,0.00000000e+00,0.00000000e+00,0.00000000e+00,0.00000000e+00,0.00000000e+00,0.00000000e+00,0.00000000e+00,8.27439079e-04
1.33032674e+01,1.30532674e+01,2.13049376e-03,0.00000000e+00,0.00000000e+00,0.00000000e+00,0.00000000e+00,0.00000000e+00,0.00000000e+00,0.00000000e+00,0.00000000e+00,0.00000000e+00,0.00000000e+00,0.00000000e+00,0.00000000e+00,0.00000000e+00,0.00000000e+00,0.00000000e+00,0.00000000e+00,0.00000000e+00,0.00000000e+00,0.00000000e+00,0.00000000e+00,0.00000000e+00,0.00000000e+00,0.00000000e+00,8.33177733e-04
1.34032924e+01,1.31532924e+01,2.11196605e-03,0.00000000e+00,0.00000000e+00,0.00000000e+00,0.00000000e+00,0.00000000e+00,0.00000000e+00,0.00000000e+00,0.00000000e+00,0.00000000e+00,0.00000000e+00,0.00000000e+00,0.00000000e+00,0.00000000e+00,0.00000000e+00,0.00000000e+00,0.00000000e+00,0.00000000e+00,0.00000000e+00,0.00000000e+00,0.00000000e+00,0.00000000e+00,0.00000000e+00,0.00000000e+00,8.35899652e-04
1.35033175e+01,1.32533175e+01,2.09031823e-03,0.00000000e+00,0.00000000e+00,0.00000000e+00,0.00000000e+00,0.00000000e+00,0.00000000e+00,0.00000000e+00,0.00000000e+00,0.00000000e+00,0.00000000e+00,0.00000000e+00,0.00000000e+00,0.00000000e+00,0.00000000e+00,0.00000000e+00,0.00000000e+00,0.00000000e+00,0.00000000e+00,0.00000000e+00,0.00000000e+00,0.00000000e+00,0.00000000e+00,0.00000000e+00,8.38397129e-04
1.36033425e+01,1.33533425e+01,2.07103142e-03,0.00000000e+00,0.00000000e+00,0.00000000e+00,0.00000000e+00,0.00000000e+00,0.00000000e+00,0.00000000e+00,0.00000000e+00,0.00000000e+00,0.00000000e+00,0.00000000e+00,0.00000000e+00,0.00000000e+00,0.00000000e+00,0.00000000e+00,0.00000000e+00,0.00000000e+00,0.00000000e+00,0.00000000e+00,0.00000000e+00,0.00000000e+00,0.00000000e+00,0.00000000e+00,8.44157911e-04
1.37033676e+01,1.34533676e+01,2.04743792e-03,0.00000000e+00,0.00000000e+00,0.00000000e+00,0.00000000e+00,0.00000000e+00,0.00000000e+00,0.00000000e+00,0.00000000e+00,0.00000000e+00,0.00000000e+00,0.00000000e+00,0.00000000e+00,0.00000000e+00,0.00000000e+00,0.00000000e+00,0.00000000e+00,0.00000000e+00,0.00000000e+00,0.00000000e+00,0.00000000e+00,0.00000000e+00,0.00000000e+00,0.00000000e+00,8.45941611e-04
1.38033926e+01,1.35533926e+01,2.03306836e-03,0.00000000e+00,0.00000000e+00,0.00000000e+00,0.00000000e+00,0.00000000e+00,0.00000000e+00,0.00000000e+00,0.00000000e+00,0.00000000e+00,0.00000000e+00,0.00000000e+00,0.00000000e+00,0.00000000e+00,0.00000000e+00,0.00000000e+00,0.00000000e+00,0.00000000e+00,0.00000000e+00,0.00000000e+00,0.00000000e+00,0.00000000e+00,0.00000000e+00,0.00000000e+00,8.49214089e-04
1.39034176e+01,1.36534176e+01,2.00828928e-03,0.00000000e+00,0.00000000e+00,0.00000000e+00,0.00000000e+00,0.00000000e+00,0.00000000e+00,0.00000000e+00,0.00000000e+00,0.00000000e+00,0.00000000e+00,0.00000000e+00,0.00000000e+00,0.00000000e+00,0.00000000e+00,0.00000000e+00,0.00000000e+00,0.00000000e+00,0.00000000e+00,0.00000000e+00,0.00000000e+00,0.00000000e+00,0.00000000e+00,0.00000000e+00,8.55666086e-04
1.40034427e+01,1.37534427e+01,1.99295594e-03,0.00000000e+00,0.00000000e+00,0.00000000e+00,0.00000000e+00,0.00000000e+00,0.00000000e+00,0.00000000e+00,0.00000000e+00,0.00000000e+00,0.00000000e+00,0.00000000e+00,0.00000000e+00,0.00000000e+00,0.00000000e+00,0.00000000e+00,0.00000000e+00,0.00000000e+00,0.00000000e+00,0.00000000e+00,0.00000000e+00,0.00000000e+00,0.00000000e+00,0.00000000e+00,8.58938352e-04
1.41034677e+01,1.38534677e+01,1.98052919e-03,0.00000000e+00,0.00000000e+00,0.00000000e+00,0.00000000e+00,0.00000000e+00,0.00000000e+00,0.00000000e+00,0.00000000e+00,0.00000000e+00,0.00000000e+00,0.00000000e+00,0.00000000e+00,0.00000000e+00,0.00000000e+00,0.00000000e+00,0.00000000e+00,0.00000000e+00,0.00000000e+00,0.00000000e+00,0.00000000e+00,0.00000000e+00,0.00000000e+00,0.00000000e+00,8.63903708e-04
1.42034927e+01,1.39534927e+01,1.95751590e-03,0.00000000e+00,0.00000000e+00,0.00000000e+00,0.00000000e+00,0.00000000e+00,0.00000000e+00,0.00000000e+00,0.00000000e+00,0.00000000e+00,0.00000000e+00,0.00000000e+00,0.00000000e+00,0.00000000e+00,0.00000000e+00,0.00000000e+00,0.00000000e+00,0.00000000e+00,0.00000000e+00,0.00000000e+00,0.00000000e+00,0.00000000e+00,0.00000000e+00,0.00000000e+00,8.65755944e-04
1.43035178e+01,1.40535178e+01,1.94100722e-03,0.00000000e+00,0.00000000e+00,0.00000000e+00,0.00000000e+00,0.00000000e+00,0.00000000e+00,0.00000000e+00,0.00000000e+00,0.00000000e+00,0.00000000e+00,0.00000000e+00,0.00000000e+00,0.00000000e+00,0.00000000e+00,0.00000000e+00,0.00000000e+00,0.00000000e+00,0.00000000e+00,0.00000000e+00,0.00000000e+00,0.00000000e+00,0.00000000e+00,0.00000000e+00,8.71185777e-04
1.44035428e+01,1.41535428e+01,1.91611247e-03,0.00000000e+00,0.00000000e+00,0.00000000e+00,0.00000000e+00,0.00000000e+00,0.00000000e+00,0.00000000e+00,0.00000000e+00,0.00000000e+00,0.00000000e+00,0.00000000e+00,0.00000000e+00,0.00000000e+00,0.00000000e+00,0.00000000e+00,0.00000000e+00,0.00000000e+00,0.00000000e+00,0.00000000e+00,0.00000000e+00,0.00000000e+00,0.00000000e+00,0.00000000e+00,8.74445859e-04
1.45035679e+01,1.42535679e+01,1.89943115e-03,0.00000000e+00,0.00000000e+00,0.00000000e+00,0.00000000e+00,0.00000000e+00,0.00000000e+00,0.00000000e+00,0.00000000e+00,0.00000000e+00,0.00000000e+00,0.00000000e+00,0.00000000e+00,0.00000000e+00,0.00000000e+00,0.00000000e+00,0.00000000e+00,0.00000000e+00,0.00000000e+00,0.00000000e+00,0.00000000e+00,0.00000000e+00,0.00000000e+00,0.00000000e+00,8.76850625e-04
1.46035929e+01,1.43535929e+01,1.87086079e-03,0.00000000e+00,0.00000000e+00,0.00000000e+00,0.00000000e+00,0.00000000e+00,0.00000000e+00,0.00000000e+00,0.00000000e+00,0.00000000e+00,0.00000000e+00,0.00000000e+00,0.00000000e+00,0.00000000e+00,0.00000000e+00,0.00000000e+00,0.00000000e+00,0.00000000e+00,0.00000000e+00,0.00000000e+00,0.00000000e+00,0.00000000e+00,0.00000000e+00,0.00000000e+00,8.80442841e-04
1.47036179e+01,1.44536179e+01,1.85279851e-03,0.00000000e+00,0.00000000e+00,0.00000000e+00,0.00000000e+00,0.00000000e+00,0.00000000e+00,0.00000000e+00,0.00000000e+00,0.00000000e+00,0.00000000e+00,0.00000000e+00,0.00000000e+00,0.00000000e+00,0.00000000e+00,0.00000000e+00,0.00000000e+00,0.00000000e+00,0.00000000e+00,0.00000000e+00,0.00000000e+00,0.00000000e+00,0.00000000e+00,0.00000000e+00,8.82556787e-04
1.48036430e+01,1.45536430e+01,1.84160058e-03,0.00000000e+00,0.00000000e+00,0.00000000e+00,0.00000000e+00,0.00000000e+00,0.00000000e+00,0.00000000e+00,0.00000000e+00,0.00000000e+00,0.00000000e+00,0.00000000e+00,0.00000000e+00,0.00000000e+00,0.00000000e+00,0.00000000e+00,0.00000000e+00,0.00000000e+00,0.00000000e+00,0.00000000e+00,0.00000000e+00,0.00000000e+00,0.00000000e+00,0.00000000e+00,8.88758487e-04
1.49036680e+01,1.46536680e+01,1.82450188e-03,0.00000000e+00,0.00000000e+00,0.00000000e+00,0.00000000e+00,0.00000000e+00,0.00000000e+00,0.00000000e+00,0.00000000e+00,0.00000000e+00,0.00000000e+00,0.00000000e+00,0.00000000e+00,0.00000000e+00,0.00000000e+00,0.00000000e+00,0.00000000e+00,0.00000000e+00,0.00000000e+00,0.00000000e+00,0.00000000e+00,0.00000000e+00,0.00000000e+00,0.00000000e+00,8.94727281e-04
1.50036930e+01,1.47536930e+01,1.80824523e-03,0.00000000e+00,0.00000000e+00,0.00000000e+00,0.00000000e+00,0.00000000e+00,0.00000000e+00,0.00000000e+00,0.00000000e+00,0.00000000e+00,0.00000000e+00,0.00000000e+00,0.00000000e+00,0.00000000e+00,0.00000000e+00,0.00000000e+00,0.00000000e+00,0.00000000e+00,0.00000000e+00,0.00000000e+00,0.00000000e+00,0.00000000e+00,0.00000000e+00,0.00000000e+00,8.96152971e-04
1.51037181e+01,1.48537181e+01,1.79188000e-03,0.00000000e+00,0.00000000e+00,0.00000000e+00,0.00000000e+00,0.00000000e+00,0.00000000e+00,0.00000000e+00,0.00000000e+00,0.00000000e+00,0.00000000e+00,0.00000000e+00,0.00000000e+00,0.00000000e+00,0.00000000e+00,0.00000000e+00,0.00000000e+00,0.00000000e+00,0.00000000e+00,0.00000000e+00,0.00000000e+00,0.00000000e+00,0.00000000e+00,0.00000000e+00,8.98223888e-04
1.52037431e+01,1.49537431e+01,1.78000536e-03,0.00000000e+00,0.00000000e+00,0.00000000e+00,0.00000000e+00,0.00000000e+00,0.00000000e+00,0.00000000e+00,0.00000000e+00,0.00000000e+00,0.00000000e+00,0.00000000e+00,0.00000000e+00,0.00000000e+00,0.00000000e+00,0.00000000e+00,0.00000000e+00,0.00000000e+00,0.00000000e+00,0.00000000e+00,0.00000000e+00,0.00000000e+00,0.00000000e+00,0.00000000e+00,9.05151117e-04
1.53037682e+01,1.50537682e+01,1.76736969e-03,0.00000000e+00,0.00000000e+00,0.00000000e+00,0.00000000e+00,0.00000000e+00,0.00000000e+00,0.00000000e+00,0.00000000e+00,0.00000000e+00,0.00000000e+00,0.00000000e+00,0.00000000e+00,0.00000000e+00,0.00000000e+00,0.00000000e+00,0.00000000e+00,0.00000000e+00,0.00000000e+00,0.00000000e+00,0.00000000e+00,0.00000000e+00,0.00000000e+00,0.00000000e+00,9.10753402e-04
1.54037932e+01,1.51537932e+01,1.74776491e-03,0.00000000e+00,0.00000000e+00,0.00000000e+00,0.00000000e+00,0.00000000e+00,0.00000000e+00,0.00000000e+00,0.00000000e+00,0.00000000e+00,0.00000000e+00,0.00000000e+00,0.00000000e+00,0.00000000e+00,0.00000000e+00,0.00000000e+00,0.00000000e+00,0.00000000e+00,0.00000000e+00,0.00000000e+00,0.00000000e+00,0.00000000e+00,0.00000000e+00,0.00000000e+00,9.13138916e-04
1.55038182e+01,1.52538182e+01,1.74003925e-03,0.00000000e+00,0.00000000e+00,0.00000000e+00,0.00000000e+00,0.00000000e+00,0.00000000e+00,0.00000000e+00,0.00000000e+00,0.00000000e+00,0.00000000e+00,0.00000000e+00,0.00000000e+00,0.00000000e+00,0.00000000e+00,0.00000000e+00,0.00000000e+00,0.00000000e+00,0.00000000e+00,0.00000000e+00,0.00000000e+00,0.00000000e+00,0.00000000e+00,0.00000000e+00,9.15153065e-04
1.56038433e+01,1.53538433e+01,1.71897983e-03,0.00000000e+00,0.00000000e+00,0.00000000e+00,0.00000000e+00,0.00000000e+00,0.00000000e+00,0.00000000e+00,0.00000000e+00,0.00000000e+00,0.00000000e+00,0.00000000e+00,0.00000000e+00,0.00000000e+00,0.00000000e+00,0.00000000e+00,0.00000000e+00,0.00000000e+00,0.00000000e+00,0.00000000e+00,0.00000000e+00,0.00000000e+00,0.00000000e+00,0.00000000e+00,9.19542507e-04
1.57038683e+01,1.54538683e+01,1.69987689e-03,0.00000000e+00,0.00000000e+00,0.00000000e+00,0.00000000e+00,0.00000000e+00,0.00000000e+00,0.00000000e+00,0.00000000e+00,0.00000000e+00,0.00000000e+00,0.00000000e+00,0.00000000e+00,0.00000000e+00,0.00000000e+00,0.00000000e+00,0.00000000e+00,0.00000000e+00,0.00000000e+00,0.00000000e+00,0.00000000e+00,0.00000000e+00,0.00000000e+00,0.00000000e+00,9.23313427e-04
1.58038933e+01,1.55538933e+01,1.68208003e-03,0.00000000e+00,0.00000000e+00,0.00000000e+00,0.00000000e+00,0.00000000e+00,0.00000000e+00,0.00000000e+00,0.00000000e+00,0.00000000e+00,0.00000000e+00,0.00000000e+00,0.00000000e+00,0.00000000e+00,0.00000000e+00,0.00000000e+00,0.00000000e+00,0.00000000e+00,0.00000000e+00,0.00000000e+00,0.00000000e+00,0.00000000e+00,0.00000000e+00,0.00000000e+00,9.26237181e-04
1.59039184e+01,1.56539184e+01,1.66707187e-03,0.00000000e+00,0.00000000e+00,0.00000000e+00,0.00000000e+00,0.00000000e+00,0.00000000e+00,0.00000000e+00,0.00000000e+00,0.00000000e+00,0.00000000e+00,0.00000000e+00,0.00000000e+00,0.00000000e+00,0.00000000e+00,0.00000000e+00,0.00000000e+00,0.00000000e+00,0.00000000e+00,0.00000000e+00,0.00000000e+00,0.00000000e+00,0.00000000e+00,0.00000000e+00,9.28599098e-04
1.60039434e+01,1.57539434e+01,1.64837967e-03,0.00000000e+00,0.00000000e+00,0.00000000e+00,0.00000000e+00,0.00000000e+00,0.00000000e+00,0.00000000e+00,0.00000000e+00,0.00000000e+00,0.00000000e+00,0.00000000e+00,0.00000000e+00,0.00000000e+00,0.00000000e+00,0.00000000e+00,0.00000000e+00,0.00000000e+00,0.00000000e+00,0.00000000e+00,0.00000000e+00,0.00000000e+00,0.00000000e+00,0.00000000e+00,9.32557063e-04
1.61039685e+01,1.58539685e+01,1.63507411e-03,0.00000000e+00,0.00000000e+00,0.00000000e+00,0.00000000e+00,0.00000000e+00,0.00000000e+00,0.00000000e+00,0.00000000e+00,0.00000000e+00,0.00000000e+00,0.00000000e+00,0.00000000e+00,0.00000000e+00,0.00000000e+00,0.00000000e+00,0.00000000e+00,0.00000000e+00,0.00000000e+00,0.00000000e+00,0.00000000e+00,0.00000000e+00,0.00000000e+00,0.00000000e+00,9.37247863e-04
1.62039935e+01,1.59539935e+01,1.61576884e-03,0.00000000e+00,0.00000000e+00,0.00000000e+00,0.00000000e+00,0.00000000e+00,0.00000000e+00,0.00000000e+00,0.00000000e+00,0.00000000e+00,0.00000000e+00,0.00000000e+00,0.00000000e+00,0.00000000e+00,0.00000000e+00,0.00000000e+00,0.00000000e+00,0.00000000e+00,0.00000000e+00,0.00000000e+00,0.00000000e+00,0.00000000e+00,0.00000000e+00,0.00000000e+00,9.36388629e-04
1.63040185e+01,1.60540185e+01,1.61408633e-03,0.00000000e+00,0.00000000e+00,0.00000000e+00,0.00000000e+00,0.00000000e+00,0.00000000e+00,0.00000000e+00,0.00000000e+00,0.00000000e+00,0.00000000e+00,0.00000000e+00,0.00000000e+00,0.00000000e+00,0.00000000e+00,0.00000000e+00,0.00000000e+00,0.00000000e+00,0.00000000e+00,0.00000000e+00,0.00000000e+00,0.00000000e+00,0.00000000e+00,0.00000000e+00,9.40791131e-04
1.64040436e+01,1.61540436e+01,1.60326277e-03,0.00000000e+00,0.00000000e+00,0.00000000e+00,0.00000000e+00,0.00000000e+00,0.00000000e+00,0.00000000e+00,0.00000000e+00,0.00000000e+00,0.00000000e+00,0.00000000e+00,0.00000000e+00,0.00000000e+00,0.00000000e+00,0.00000000e+00,0.00000000e+00,0.00000000e+00,0.00000000e+00,0.00000000e+00,0.00000000e+00,0.00000000e+00,0.00000000e+00,0.00000000e+00,9.42888092e-04
1.65040686e+01,1.62540686e+01,1.59204944e-03,0.00000000e+00,0.00000000e+00,0.00000000e+00,0.00000000e+00,0.00000000e+00,0.00000000e+00,0.00000000e+00,0.00000000e+00,0.00000000e+00,0.00000000e+00,0.00000000e+00,0.00000000e+00,0.00000000e+00,0.00000000e+00,0.00000000e+00,0.00000000e+00,0.00000000e+00,0.00000000e+00,0.00000000e+00,0.00000000e+00,0.00000000e+00,0.00000000e+00,0.00000000e+00,9.45080823e-04
1.66040936e+01,1.63540936e+01,1.57114506e-03,0.00000000e+00,0.00000000e+00,0.00000000e+00,0.00000000e+00,0.00000000e+00,0.00000000e+00,0.00000000e+00,0.00000000e+00,0.00000000e+00,0.00000000e+00,0.00000000e+00,0.00000000e+00,0.00000000e+00,0.00000000e+00,0.00000000e+00,0.00000000e+00,0.00000000e+00,0.00000000e+00,0.00000000e+00,0.00000000e+00,0.00000000e+00,0.00000000e+00,0.00000000e+00,9.50699767e-04
1.67041187e+01,1.64541187e+01,1.56222400e-03,0.00000000e+00,0.00000000e+00,0.00000000e+00,0.00000000e+00,0.00000000e+00,0.00000000e+00,0.00000000e+00,0.00000000e+00,0.00000000e+00,0.00000000e+00,0.00000000e+00,0.00000000e+00,0.00000000e+00,0.00000000e+00,0.00000000e+00,0.00000000e+00,0.00000000e+00,0.00000000e+00,0.00000000e+00,0.00000000e+00,0.00000000e+00,0.00000000e+00,0.00000000e+00,9.53262323e-04
1.68041437e+01,1.65541437e+01,1.54889641e-03,0.00000000e+00,0.00000000e+00,0.00000000e+00,0.00000000e+00,0.00000000e+00,0.00000000e+00,0.00000000e+00,0.00000000e+00,0.00000000e+00,0.00000000e+00,0.00000000e+00,0.00000000e+00,0.00000000e+00,0.00000000e+00,0.00000000e+00,0.00000000e+00,0.00000000e+00,0.00000000e+00,0.00000000e+00,0.00000000e+00,0.00000000e+00,0.00000000e+00,0.00000000e+00,9.58059030e-04
1.69041688e+01,1.66541688e+01,1.53532029e-03,0.00000000e+00,0.00000000e+00,0.00000000e+00,0.00000000e+00,0.00000000e+00,0.00000000e+00,0.00000000e+00,0.00000000e+00,0.00000000e+00,0.00000000e+00,0.00000000e+00,0.00000000e+00,0.00000000e+00,0.00000000e+00,0.00000000e+00,0.00000000e+00,0.00000000e+00,0.00000000e+00,0.00000000e+00,0.00000000e+00,0.00000000e+00,0.00000000e+00,0.00000000e+00,9.63697410e-04
1.70041938e+01,1.67541938e+01,1.52470115e-03,0.00000000e+00,0.00000000e+00,0.00000000e+00,0.00000000e+00,0.00000000e+00,0.00000000e+00,0.00000000e+00,0.00000000e+00,0.00000000e+00,0.00000000e+00,0.00000000e+00,0.00000000e+00,0.00000000e+00,0.00000000e+00,0.00000000e+00,0.00000000e+00,0.00000000e+00,0.00000000e+00,0.00000000e+00,0.00000000e+00,0.00000000e+00,0.00000000e+00,0.00000000e+00,9.67806962e-04
1.71042188e+01,1.68542188e+01,1.51609142e-03,0.00000000e+00,0.00000000e+00,0.00000000e+00,0.00000000e+00,0.00000000e+00,0.00000000e+00,0.00000000e+00,0.00000000e+00,0.00000000e+00,0.00000000e+00,0.00000000e+00,0.00000000e+00,0.00000000e+00,0.00000000e+00,0.00000000e+00,0.00000000e+00,0.00000000e+00,0.00000000e+00,0.00000000e+00,0.00000000e+00,0.00000000e+00,0.00000000e+00,0.00000000e+00,9.65048997e-04
1.72042439e+01,1.69542439e+01,1.50238613e-03,0.00000000e+00,0.00000000e+00,0.00000000e+00,0.00000000e+00,0.00000000e+00,0.00000000e+00,0.00000000e+00,0.00000000e+00,0.00000000e+00,0.00000000e+00,0.00000000e+00,0.00000000e+00,0.00000000e+00,0.00000000e+00,0.00000000e+00,0.00000000e+00,0.00000000e+00,0.00000000e+00,0.00000000e+00,0.00000000e+00,0.00000000e+00,0.00000000e+00,0.00000000e+00,9.67649377e-04
1.73042689e+01,1.70542689e+01,1.48584989e-03,0.00000000e+00,0.00000000e+00,0.00000000e+00,0.00000000e+00,0.00000000e+00,0.00000000e+00,0.00000000e+00,0.00000000e+00,0.00000000e+00,0.00000000e+00,0.00000000e+00,0.00000000e+00,0.00000000e+00,0.00000000e+00,0.00000000e+00,0.00000000e+00,0.00000000e+00,0.00000000e+00,0.00000000e+00,0.00000000e+00,0.00000000e+00,0.00000000e+00,0.00000000e+00,9.72117596e-04
1.74042939e+01,1.71542939e+01,1.47393799e-03,0.00000000e+00,0.00000000e+00,0.00000000e+00,0.00000000e+00,0.00000000e+00,0.00000000e+00,0.00000000e+00,0.00000000e+00,0.00000000e+00,0.00000000e+00,0.00000000e+00,0.00000000e+00,0.00000000e+00,0.00000000e+00,0.00000000e+00,0.00000000e+00,0.00000000e+00,0.00000000e+00,0.00000000e+00,0.00000000e+00,0.00000000e+00,0.00000000e+00,0.00000000e+00,9.76906010e-04
1.75043190e+01,1.72543190e+01,1.45906582e-03,0.00000000e+00,0.00000000e+00,0.00000000e+00,0.00000000e+00,0.00000000e+00,0.00000000e+00,0.00000000e+00,0.00000000e+00,0.00000000e+00,0.00000000e+00,0.00000000e+00,0.00000000e+00,0.00000000e+00,0.00000000e+00,0.00000000e+00,0.00000000e+00,0.00000000e+00,0.00000000e+00,0.00000000e+00,0.00000000e+00,0.00000000e+00,0.00000000e+00,0.00000000e+00,9.79653945e-04
1.76043440e+01,1.73543440e+01,1.44731662e-03,0.00000000e+00,0.00000000e+00,0.00000000e+00,0.00000000e+00,0.00000000e+00,0.00000000e+00,0.00000000e+00,0.00000000e+00,0.00000000e+00,0.00000000e+00,0.00000000e+00,0.00000000e+00,0.00000000e+00,0.00000000e+00,0.00000000e+00,0.00000000e+00,0.00000000e+00,0.00000000e+00,0.00000000e+00,0.00000000e+00,0.00000000e+00,0.00000000e+00,0.00000000e+00,9.80967020e-04
1.77043691e+01,1.74543691e+01,1.42810217e-03,0.00000000e+00,0.00000000e+00,0.00000000e+00,0.00000000e+00,0.00000000e+00,0.00000000e+00,0.00000000e+00,0.00000000e+00,0.00000000e+00,0.00000000e+00,0.00000000e+00,0.00000000e+00,0.00000000e+00,0.00000000e+00,0.00000000e+00,0.00000000e+00,0.00000000e+00,0.00000000e+00,0.00000000e+00,0.00000000e+00,0.00000000e+00,0.00000000e+00,0.00000000e+00,9.83932477e-04
1.78043941e+01,1.75543941e+01,1.42338254e-03,0.00000000e+00,0.00000000e+00,0.00000000e+00,0.00000000e+00,0.00000000e+00,0.00000000e+00,0.00000000e+00,0.00000000e+00,0.00000000e+00,0.00000000e+00,0.00000000e+00,0.00000000e+00,0.00000000e+00,0.00000000e+00,0.00000000e+00,0.00000000e+00,0.00000000e+00,0.00000000e+00,0.00000000e+00,0.00000000e+00,0.00000000e+00,0.00000000e+00,0.00000000e+00,9.84633912e-04
1.79044191e+01,1.76544191e+01,1.40775052e-03,0.00000000e+00,0.00000000e+00,0.00000000e+00,0.00000000e+00,0.00000000e+00,0.00000000e+00,0.00000000e+00,0.00000000e+00,0.00000000e+00,0.00000000e+00,0.00000000e+00,0.00000000e+00,0.00000000e+00,0.00000000e+00,0.00000000e+00,0.00000000e+00,0.00000000e+00,0.00000000e+00,0.00000000e+00,0.00000000e+00,0.00000000e+00,0.00000000e+00,0.00000000e+00,9.90051284e-04
1.80044442e+01,1.77544442e+01,1.39016809e-03,0.00000000e+00,0.00000000e+00,0.00000000e+00,0.00000000e+00,0.00000000e+00,0.00000000e+00,0.00000000e+00,0.00000000e+00,0.00000000e+00,0.00000000e+00,0.00000000e+00,0.00000000e+00,0.00000000e+00,0.00000000e+00,0.00000000e+00,0.00000000e+00,0.00000000e+00,0.00000000e+00,0.00000000e+00,0.00000000e+00,0.00000000e+00,0.00000000e+00,0.00000000e+00,9.95511582e-04
1.81044692e+01,1.78544692e+01,1.36569732e-03,0.00000000e+00,0.00000000e+00,0.00000000e+00,0.00000000e+00,0.00000000e+00,0.00000000e+00,0.00000000e+00,0.00000000e+00,0.00000000e+00,0.00000000e+00,0.00000000e+00,0.00000000e+00,0.00000000e+00,0.00000000e+00,0.00000000e+00,0.00000000e+00,0.00000000e+00,0.00000000e+00,0.00000000e+00,0.00000000e+00,0.00000000e+00,0.00000000e+00,0.00000000e+00,9.98180094e-04
1.82044942e+01,1.79544942e+01,1.36284137e-03,0.00000000e+00,0.00000000e+00,0.00000000e+00,0.00000000e+00,0.00000000e+00,0.00000000e+00,0.00000000e+00,0.00000000e+00,0.00000000e+00,0.00000000e+00,0.00000000e+00,0.00000000e+00,0.00000000e+00,0.00000000e+00,0.00000000e+00,0.00000000e+00,0.00000000e+00,0.00000000e+00,0.00000000e+00,0.00000000e+00,0.00000000e+00,0.00000000e+00,0.00000000e+00,1.00174156e-03
1.83045193e+01,1.80545193e+01,1.34717574e-03,0.00000000e+00,0.00000000e+00,0.00000000e+00,0.00000000e+00,0.00000000e+00,0.00000000e+00,0.00000000e+00,0.00000000e+00,0.00000000e+00,0.00000000e+00,0.00000000e+00,0.00000000e+00,0.00000000e+00,0.00000000e+00,0.00000000e+00,0.00000000e+00,0.00000000e+00,0.00000000e+00,0.00000000e+00,0.00000000e+00,0.00000000e+00,0.00000000e+00,0.00000000e+00,1.00299950e-03
1.84045443e+01,1.81545443e+01,1.33329815e-03,0.00000000e+00,0.00000000e+00,0.00000000e+00,0.00000000e+00,0.00000000e+00,0.00000000e+00,0.00000000e+00,0.00000000e+00,0.00000000e+00,0.00000000e+00,0.00000000e+00,0.00000000e+00,0.00000000e+00,0.00000000e+00,0.00000000e+00,0.00000000e+00,0.00000000e+00,0.00000000e+00,0.00000000e+00,0.00000000e+00,0.00000000e+00,0.00000000e+00,0.00000000e+00,1.00316280e-03
1.85045694e+01,1.82545694e+01,1.33006213e-03,0.00000000e+00,0.00000000e+00,0.00000000e+00,0.00000000e+00,0.00000000e+00,0.00000000e+00,0.00000000e+00,0.00000000e+00,0.00000000e+00,0.00000000e+00,0.00000000e+00,0.00000000e+00,0.00000000e+00,0.00000000e+00,0.00000000e+00,0.00000000e+00,0.00000000e+00,0.00000000e+00,0.00000000e+00,0.00000000e+00,0.00000000e+00,0.00000000e+00,0.00000000e+00,1.01127895e-03
1.86045944e+01,1.83545944e+01,1.31317936e-03,0.00000000e+00,0.00000000e+00,0.00000000e+00,0.00000000e+00,0.00000000e+00,0.00000000e+00,0.00000000e+00,0.00000000e+00,0.00000000e+00,0.00000000e+00,0.00000000e+00,0.00000000e+00,0.00000000e+00,0.00000000e+00,0.00000000e+00,0.00000000e+00,0.00000000e+00,0.00000000e+00,0.00000000e+00,0.00000000e+00,0.00000000e+00,0.00000000e+00,0.00000000e+00,1.01563800e-03
1.87046194e+01,1.84546194e+01,1.29823158e-03,0.00000000e+00,0.00000000e+00,0.00000000e+00,0.00000000e+00,0.00000000e+00,0.00000000e+00,0.00000000e+00,0.00000000e+00,0.00000000e+00,0.00000000e+00,0.00000000e+00,0.00000000e+00,0.00000000e+00,0.00000000e+00,0.00000000e+00,0.00000000e+00,0.00000000e+00,0.00000000e+00,0.00000000e+00,0.00000000e+00,0.00000000e+00,0.00000000e+00,0.00000000e+00,1.01834034e-03
1.88046445e+01,1.85546445e+01,1.28763076e-03,0.00000000e+00,0.00000000e+00,0.00000000e+00,0.00000000e+00,0.00000000e+00,0.00000000e+00,0.00000000e+00,0.00000000e+00,0.00000000e+00,0.00000000e+00,0.00000000e+00,0.00000000e+00,0.00000000e+00,0.00000000e+00,0.00000000e+00,0.00000000e+00,0.00000000e+00,0.00000000e+00,0.00000000e+00,0.00000000e+00,0.00000000e+00,0.00000000e+00,0.00000000e+00,1.01984125e-03
1.89046695e+01,1.86546695e+01,1.27905142e-03,0.00000000e+00,0.00000000e+00,0.00000000e+00,0.00000000e+00,0.00000000e+00,0.00000000e+00,0.00000000e+00,0.00000000e+00,0.00000000e+00,0.00000000e+00,0.00000000e+00,0.00000000e+00,0.00000000e+00,0.00000000e+00,0.00000000e+00,0.00000000e+00,0.00000000e+00,0.00000000e+00,0.00000000e+00,0.00000000e+00,0.00000000e+00,0.00000000e+00,0.00000000e+00,1.02071609e-03
1.90046945e+01,1.87546945e+01,1.28065886e-03,0.00000000e+00,0.00000000e+00,0.00000000e+00,0.00000000e+00,0.00000000e+00,0.00000000e+00,0.00000000e+00,0.00000000e+00,0.00000000e+00,0.00000000e+00,0.00000000e+00,0.00000000e+00,0.00000000e+00,0.00000000e+00,0.00000000e+00,0.00000000e+00,0.00000000e+00,0.00000000e+00,0.00000000e+00,0.00000000e+00,0.00000000e+00,0.00000000e+00,0.00000000e+00,1.02392682e-03
1.91047196e+01,1.88547196e+01,1.26629103e-03,0.00000000e+00,0.00000000e+00,0.00000000e+00,0.00000000e+00,0.00000000e+00,0.00000000e+00,0.00000000e+00,0.00000000e+00,0.00000000e+00,0.00000000e+00,0.00000000e+00,0.00000000e+00,0.00000000e+00,0.00000000e+00,0.00000000e+00,0.00000000e+00,0.00000000e+00,0.00000000e+00,0.00000000e+00,0.00000000e+00,0.00000000e+00,0.00000000e+00,0.00000000e+00,1.02682635e-03
1.92047446e+01,1.89547446e+01,1.24644336e-03,0.00000000e+00,0.00000000e+00,0.00000000e+00,0.00000000e+00,0.00000000e+00,0.00000000e+00,0.00000000e+00,0.00000000e+00,0.00000000e+00,0.00000000e+00,0.00000000e+00,0.00000000e+00,0.00000000e+00,0.00000000e+00,0.00000000e+00,0.00000000e+00,0.00000000e+00,0.00000000e+00,0.00000000e+00,0.00000000e+00,0.00000000e+00,0.00000000e+00,0.00000000e+00,1.03213045e-03
1.93047697e+01,1.90547697e+01,1.23179023e-03,0.00000000e+00,0.00000000e+00,0.00000000e+00,0.00000000e+00,0.00000000e+00,0.00000000e+00,0.00000000e+00,0.00000000e+00,0.00000000e+00,0.00000000e+00,0.00000000e+00,0.00000000e+00,0.00000000e+00,0.00000000e+00,0.00000000e+00,0.00000000e+00,0.00000000e+00,0.00000000e+00,0.00000000e+00,0.00000000e+00,0.00000000e+00,0.00000000e+00,0.00000000e+00,1.03417815e-03
1.94047947e+01,1.91547947e+01,1.21140413e-03,0.00000000e+00,0.00000000e+00,0.00000000e+00,0.00000000e+00,0.00000000e+00,0.00000000e+00,0.00000000e+00,0.00000000e+00,0.00000000e+00,0.00000000e+00,0.00000000e+00,0.00000000e+00,0.00000000e+00,0.00000000e+00,0.00000000e+00,0.00000000e+00,0.00000000e+00,0.00000000e+00,0.00000000e+00,0.00000000e+00,0.00000000e+00,0.00000000e+00,0.00000000e+00,1.03501931e-03
1.95048197e+01,1.92548197e+01,1.20150242e-03,0.00000000e+00,0.00000000e+00,0.00000000e+00,0.00000000e+00,0.00000000e+00,0.00000000e+00,0.00000000e+00,0.00000000e+00,0.00000000e+00,0.00000000e+00,0.00000000e+00,0.00000000e+00,0.00000000e+00,0.00000000e+00,0.00000000e+00,0.00000000e+00,0.00000000e+00,0.00000000e+00,0.00000000e+00,0.00000000e+00,0.00000000e+00,0.00000000e+00,0.00000000e+00,1.03520655e-03
1.96048448e+01,1.93548448e+01,1.19451087e-03,0.00000000e+00,0.00000000e+00,0.00000000e+00,0.00000000e+00,0.00000000e+00,0.00000000e+00,0.00000000e+00,0.00000000e+00,0.00000000e+00,0.00000000e+00,0.00000000e+00,0.00000000e+00,0.00000000e+00,0.00000000e+00,0.00000000e+00,0.00000000e+00,0.00000000e+00,0.00000000e+00,0.00000000e+00,0.00000000e+00,0.00000000e+00,0.00000000e+00,0.00000000e+00,1.04344083e-03
1.97048698e+01,1.94548698e+01,1.18650239e-03,0.00000000e+00,0.00000000e+00,0.00000000e+00,0.00000000e+00,0.00000000e+00,0.00000000e+00,0.00000000e+00,0.00000000e+00,0.00000000e+00,0.00000000e+00,0.00000000e+00,0.00000000e+00,0.00000000e+00,0.00000000e+00,0.00000000e+00,0.00000000e+00,0.00000000e+00,0.00000000e+00,0.00000000e+00,0.00000000e+00,0.00000000e+00,0.00000000e+00,0.00000000e+00,1.04610273e-03
1.98048948e+01,1.95548948e+01,1.16349446e-03,0.00000000e+00,0.00000000e+00,0.00000000e+00,0.00000000e+00,0.00000000e+00,0.00000000e+00,0.00000000e+00,0.00000000e+00,0.00000000e+00,0.00000000e+00,0.00000000e+00,0.00000000e+00,0.00000000e+00,0.00000000e+00,0.00000000e+00,0.00000000e+00,0.00000000e+00,0.00000000e+00,0.00000000e+00,0.00000000e+00,0.00000000e+00,0.00000000e+00,0.00000000e+00,1.04587592e-03
1.99049199e+01,1.96549199e+01,1.16020037e-03,0.00000000e+00,0.00000000e+00,0.00000000e+00,0.00000000e+00,0.00000000e+00,0.00000000e+00,0.00000000e+00,0.00000000e+00,0.00000000e+00,0.00000000e+00,0.00000000e+00,0.00000000e+00,0.00000000e+00,0.00000000e+00,0.00000000e+00,0.00000000e+00,0.00000000e+00,0.00000000e+00,0.00000000e+00,0.00000000e+00,0.00000000e+00,0.00000000e+00,0.00000000e+00,1.04847868e-03
2.00049449e+01,1.97549449e+01,1.15913249e-03,0.00000000e+00,0.00000000e+00,0.00000000e+00,0.00000000e+00,0.00000000e+00,0.00000000e+00,0.00000000e+00,0.00000000e+00,0.00000000e+00,0.00000000e+00,0.00000000e+00,0.00000000e+00,0.00000000e+00,0.00000000e+00,0.00000000e+00,0.00000000e+00,0.00000000e+00,0.00000000e+00,0.00000000e+00,0.00000000e+00,0.00000000e+00,0.00000000e+00,0.00000000e+00,1.05101346e-03
2.01049700e+01,1.98549700e+01,1.14334173e-03,0.00000000e+00,0.00000000e+00,0.00000000e+00,0.00000000e+00,0.00000000e+00,0.00000000e+00,0.00000000e+00,0.00000000e+00,0.00000000e+00,0.00000000e+00,0.00000000e+00,0.00000000e+00,0.00000000e+00,0.00000000e+00,0.00000000e+00,0.00000000e+00,0.00000000e+00,0.00000000e+00,0.00000000e+00,0.00000000e+00,0.00000000e+00,0.00000000e+00,0.00000000e+00,1.05528053e-03
2.02049950e+01,1.99549950e+01,1.13016092e-03,0.00000000e+00,0.00000000e+00,0.00000000e+00,0.00000000e+00,0.00000000e+00,0.00000000e+00,0.00000000e+00,0.00000000e+00,0.00000000e+00,0.00000000e+00,0.00000000e+00,0.00000000e+00,0.00000000e+00,0.00000000e+00,0.00000000e+00,0.00000000e+00,0.00000000e+00,0.00000000e+00,0.00000000e+00,0.00000000e+00,0.00000000e+00,0.00000000e+00,0.00000000e+00,1.05935986e-03
2.03050200e+01,2.00550200e+01,1.12153778e-03,0.00000000e+00,0.00000000e+00,0.00000000e+00,0.00000000e+00,0.00000000e+00,0.00000000e+00,0.00000000e+00,0.00000000e+00,0.00000000e+00,0.00000000e+00,0.00000000e+00,0.00000000e+00,0.00000000e+00,0.00000000e+00,0.00000000e+00,0.00000000e+00,0.00000000e+00,0.00000000e+00,0.00000000e+00,0.00000000e+00,0.00000000e+00,0.00000000e+00,0.00000000e+00,1.05916490e-03
2.04050451e+01,2.01550451e+01,1.10914107e-03,0.00000000e+00,0.00000000e+00,0.00000000e+00,0.00000000e+00,0.00000000e+00,0.00000000e+00,0.00000000e+00,0.00000000e+00,0.00000000e+00,0.00000000e+00,0.00000000e+00,0.00000000e+00,0.00000000e+00,0.00000000e+00,0.00000000e+00,0.00000000e+00,0.00000000e+00,0.00000000e+00,0.00000000e+00,0.00000000e+00,0.00000000e+00,0.00000000e+00,0.00000000e+00,1.06288191e-03
2.05050701e+01,2.02550701e+01,1.10083989e-03,0.00000000e+00,0.00000000e+00,0.00000000e+00,0.00000000e+00,0.00000000e+00,0.00000000e+00,0.00000000e+00,0.00000000e+00,0.00000000e+00,0.00000000e+00,0.00000000e+00,0.00000000e+00,0.00000000e+00,0.00000000e+00,0.00000000e+00,0.00000000e+00,0.00000000e+00,0.00000000e+00,0.00000000e+00,0.00000000e+00,0.00000000e+00,0.00000000e+00,0.00000000e+00,1.06397420e-03
2.06050951e+01,2.03550951e+01,1.08974495e-03,0.00000000e+00,0.00000000e+00,0.00000000e+00,0.00000000e+00,0.00000000e+00,0.00000000e+00,0.00000000e+00,0.00000000e+00,0.00000000e+00,0.00000000e+00,0.00000000e+00,0.00000000e+00,0.00000000e+00,0.00000000e+00,0.00000000e+00,0.00000000e+00,0.00000000e+00,0.00000000e+00,0.00000000e+00,0.00000000e+00,0.00000000e+00,0.00000000e+00,0.00000000e+00,1.06290313e-03
2.07051202e+01,2.04551202e+01,1.07741923e-03,0.00000000e+00,0.00000000e+00,0.00000000e+00,0.00000000e+00,0.00000000e+00,0.00000000e+00,0.00000000e+00,0.00000000e+00,0.00000000e+00,0.00000000e+00,0.00000000e+00,0.00000000e+00,0.00000000e+00,0.00000000e+00,0.00000000e+00,0.00000000e+00,0.00000000e+00,0.00000000e+00,0.00000000e+00,0.00000000e+00,0.00000000e+00,0.00000000e+00,0.00000000e+00,1.06851021e-03
2.08051452e+01,2.05551452e+01,1.06531787e-03,0.00000000e+00,0.00000000e+00,0.00000000e+00,0.00000000e+00,0.00000000e+00,0.00000000e+00,0.00000000e+00,0.00000000e+00,0.00000000e+00,0.00000000e+00,0.00000000e+00,0.00000000e+00,0.00000000e+00,0.00000000e+00,0.00000000e+00,0.00000000e+00,0.00000000e+00,0.00000000e+00,0.00000000e+00,0.00000000e+00,0.00000000e+00,0.00000000e+00,0.00000000e+00,1.07176410e-03
2.09051703e+01,2.06551703e+01,1.05518266e-03,0.00000000e+00,0.00000000e+00,0.00000000e+00,0.00000000e+00,0.00000000e+00,0.00000000e+00,0.00000000e+00,0.00000000e+00,0.00000000e+00,0.00000000e+00,0.00000000e+00,0.00000000e+00,0.00000000e+00,0.00000000e+00,0.00000000e+00,0.00000000e+00,0.00000000e+00,0.00000000e+00,0.00000000e+00,0.00000000e+00,0.00000000e+00,0.00000000e+00,0.00000000e+00,1.07132410e-03
2.10051953e+01,2.07551953e+01,1.04819806e-03,0.00000000e+00,0.00000000e+00,0.00000000e+00,0.00000000e+00,0.00000000e+00,0.00000000e+00,0.00000000e+00,0.00000000e+00,0.00000000e+00,0.00000000e+00,0.00000000e+00,0.00000000e+00,0.00000000e+00,0.00000000e+00,0.00000000e+00,0.00000000e+00,0.00000000e+00,0.00000000e+00,0.00000000e+00,0.00000000e+00,0.00000000e+00,0.00000000e+00,0.00000000e+00,1.07212426e-03
2.11052203e+01,2.08552203e+01,1.04333184e-03,0.00000000e+00,0.00000000e+00,0.00000000e+00,0.00000000e+00,0.00000000e+00,0.00000000e+00,0.00000000e+00,0.00000000e+00,0.00000000e+00,0.00000000e+00,0.00000000e+00,0.00000000e+00,0.00000000e+00,0.00000000e+00,0.00000000e+00,0.00000000e+00,0.00000000e+00,0.00000000e+00,0.00000000e+00,0.00000000e+00,0.00000000e+00,0.00000000e+00,0.00000000e+00,1.07368882e-03
2.12052454e+01,2.09552454e+01,1.04400578e-03,0.00000000e+00,0.00000000e+00,0.00000000e+00,0.00000000e+00,0.00000000e+00,0.00000000e+00,0.00000000e+00,0.00000000e+00,0.00000000e+00,0.00000000e+00,0.00000000e+00,0.00000000e+00,0.00000000e+00,0.00000000e+00,0.00000000e+00,0.00000000e+00,0.00000000e+00,0.00000000e+00,0.00000000e+00,0.00000000e+00,0.00000000e+00,0.00000000e+00,0.00000000e+00,1.07660507e-03
2.13052704e+01,2.10552704e+01,1.03289954e-03,0.00000000e+00,0.00000000e+00,0.00000000e+00,0.00000000e+00,0.00000000e+00,0.00000000e+00,0.00000000e+00,0.00000000e+00,0.00000000e+00,0.00000000e+00,0.00000000e+00,0.00000000e+00,0.00000000e+00,0.00000000e+00,0.00000000e+00,0.00000000e+00,0.00000000e+00,0.00000000e+00,0.00000000e+00,0.00000000e+00,0.00000000e+00,0.00000000e+00,0.00000000e+00,1.07795857e-03
2.14052954e+01,2.11552954e+01,1.01672404e-03,0.00000000e+00,0.00000000e+00,0.00000000e+00,0.00000000e+00,0.00000000e+00,0.00000000e+00,0.00000000e+00,0.00000000e+00,0.00000000e+00,0.00000000e+00,0.00000000e+00,0.00000000e+00,0.00000000e+00,0.00000000e+00,0.00000000e+00,0.00000000e+00,0.00000000e+00,0.00000000e+00,0.00000000e+00,0.00000000e+00,0.00000000e+00,0.00000000e+00,0.00000000e+00,1.08072293e-03
2.15053205e+01,2.12553205e+01,1.00208489e-03,0.00000000e+00,0.00000000e+00,0.00000000e+00,0.00000000e+00,0.00000000e+00,0.00000000e+00,0.00000000e+00,0.00000000e+00,0.00000000e+00,0.00000000e+00,0.00000000e+00,0.00000000e+00,0.00000000e+00,0.00000000e+00,0.00000000e+00,0.00000000e+00,0.00000000e+00,0.00000000e+00,0.00000000e+00,0.00000000e+00,0.00000000e+00,0.00000000e+00,0.00000000e+00,1.08420493e-03
2.16053455e+01,2.13553455e+01,9.89351757e-04,0.00000000e+00,0.00000000e+00,0.00000000e+00,0.00000000e+00,0.00000000e+00,0.00000000e+00,0.00000000e+00,0.00000000e+00,0.00000000e+00,0.00000000e+00,0.00000000e+00,0.00000000e+00,0.00000000e+00,0.00000000e+00,0.00000000e+00,0.00000000e+00,0.00000000e+00,0.00000000e+00,0.00000000e+00,0.00000000e+00,0.00000000e+00,0.00000000e+00,0.00000000e+00,1.08691663e-03
2.17053706e+01,2.14553706e+01,9.94432574e-04,0.00000000e+00,0.00000000e+00,0.00000000e+00,0.00000000e+00,0.00000000e+00,0.00000000e+00,0.00000000e+00,0.00000000e+00,0.00000000e+00,0.00000000e+00,0.00000000e+00,0.00000000e+00,0.00000000e+00,0.00000000e+00,0.00000000e+00,0.00000000e+00,0.00000000e+00,0.00000000e+00,0.00000000e+00,0.00000000e+00,0.00000000e+00,0.00000000e+00,0.00000000e+00,1.09076137e-03
2.18053956e+01,2.15553956e+01,9.86845228e-04,0.00000000e+00,0.00000000e+00,0.00000000e+00,0.00000000e+00,0.00000000e+00,0.00000000e+00,0.00000000e+00,0.00000000e+00,0.00000000e+00,0.00000000e+00,0.00000000e+00,0.00000000e+00,0.00000000e+00,0.00000000e+00,0.00000000e+00,0.00000000e+00,0.00000000e+00,0.00000000e+00,0.00000000e+00,0.00000000e+00,0.00000000e+00,0.00000000e+00,0.00000000e+00,1.09337901e-03
2.19054206e+01,2.16554206e+01,9.77321505e-04,0.00000000e+00,0.00000000e+00,0.00000000e+00,0.00000000e+00,0.00000000e+00,0.00000000e+00,0.00000000e+00,0.00000000e+00,0.00000000e+00,0.00000000e+00,0.00000000e+00,0.00000000e+00,0.00000000e+00,0.00000000e+00,0.00000000e+00,0.00000000e+00,0.00000000e+00,0.00000000e+00,0.00000000e+00,0.00000000e+00,0.00000000e+00,0.00000000e+00,0.00000000e+00,1.09391342e-03
2.20054457e+01,2.17554457e+01,9.65140486e-04,0.00000000e+00,0.00000000e+00,0.00000000e+00,0.00000000e+00,0.00000000e+00,0.00000000e+00,0.00000000e+00,0.00000000e+00,0.00000000e+00,0.00000000e+00,0.00000000e+00,0.00000000e+00,0.00000000e+00,0.00000000e+00,0.00000000e+00,0.00000000e+00,0.00000000e+00,0.00000000e+00,0.00000000e+00,0.00000000e+00,0.00000000e+00,0.00000000e+00,0.00000000e+00,1.09767553e-03
2.21054707e+01,2.18554707e+01,9.55125462e-04,0.00000000e+00,0.00000000e+00,0.00000000e+00,0.00000000e+00,0.00000000e+00,0.00000000e+00,0.00000000e+00,0.00000000e+00,0.00000000e+00,0.00000000e+00,0.00000000e+00,0.00000000e+00,0.00000000e+00,0.00000000e+00,0.00000000e+00,0.00000000e+00,0.00000000e+00,0.00000000e+00,0.00000000e+00,0.00000000e+00,0.00000000e+00,0.00000000e+00,0.00000000e+00,1.09692295e-03
2.22054957e+01,2.19554957e+01,9.50642728e-04,0.00000000e+00,0.00000000e+00,0.00000000e+00,0.00000000e+00,0.00000000e+00,0.00000000e+00,0.00000000e+00,0.00000000e+00,0.00000000e+00,0.00000000e+00,0.00000000e+00,0.00000000e+00,0.00000000e+00,0.00000000e+00,0.00000000e+00,0.00000000e+00,0.00000000e+00,0.00000000e+00,0.00000000e+00,0.00000000e+00,0.00000000e+00,0.00000000e+00,0.00000000e+00,1.09826908e-03
2.23055208e+01,2.20555208e+01,9.41083935e-04,0.00000000e+00,0.00000000e+00,0.00000000e+00,0.00000000e+00,0.00000000e+00,0.00000000e+00,0.00000000e+00,0.00000000e+00,0.00000000e+00,0.00000000e+00,0.00000000e+00,0.00000000e+00,0.00000000e+00,0.00000000e+00,0.00000000e+00,0.00000000e+00,0.00000000e+00,0.00000000e+00,0.00000000e+00,0.00000000e+00,0.00000000e+00,0.00000000e+00,0.00000000e+00,1.10178437e-03
2.24055458e+01,2.21555458e+01,9.37505789e-04,0.00000000e+00,0.00000000e+00,0.00000000e+00,0.00000000e+00,0.00000000e+00,0.00000000e+00,0.00000000e+00,0.00000000e+00,0.00000000e+00,0.00000000e+00,0.00000000e+00,0.00000000e+00,0.00000000e+00,0.00000000e+00,0.00000000e+00,0.00000000e+00,0.00000000e+00,0.00000000e+00,0.00000000e+00,0.00000000e+00,0.00000000e+00,0.00000000e+00,0.00000000e+00,1.10294730e-03
2.25055709e+01,2.22555709e+01,9.28960548e-04,0.00000000e+00,0.00000000e+00,0.00000000e+00,0.00000000e+00,0.00000000e+00,0.00000000e+00,0.00000000e+00,0.00000000e+00,0.00000000e+00,0.00000000e+00,0.00000000e+00,0.00000000e+00,0.00000000e+00,0.00000000e+00,0.00000000e+00,0.00000000e+00,0.00000000e+00,0.00000000e+00,0.00000000e+00,0.00000000e+00,0.00000000e+00,0.00000000e+00,0.00000000e+00,1.10554700e-03
2.26055959e+01,2.23555959e+01,9.17379748e-04,0.00000000e+00,0.00000000e+00,0.00000000e+00,0.00000000e+00,0.00000000e+00,0.00000000e+00,0.00000000e+00,0.00000000e+00,0.00000000e+00,0.00000000e+00,0.00000000e+00,0.00000000e+00,0.00000000e+00,0.00000000e+00,0.00000000e+00,0.00000000e+00,0.00000000e+00,0.00000000e+00,0.00000000e+00,0.00000000e+00,0.00000000e+00,0.00000000e+00,0.00000000e+00,1.10931026e-03
2.27056209e+01,2.24556209e+01,9.16234027e-04,0.00000000e+00,0.00000000e+00,0.00000000e+00,0.00000000e+00,0.00000000e+00,0.00000000e+00,0.00000000e+00,0.00000000e+00,0.00000000e+00,0.00000000e+00,0.00000000e+00,0.00000000e+00,0.00000000e+00,0.00000000e+00,0.00000000e+00,0.00000000e+00,0.00000000e+00,0.00000000e+00,0.00000000e+00,0.00000000e+00,0.00000000e+00,0.00000000e+00,0.00000000e+00,1.11036137e-03
2.28056460e+01,2.25556460e+01,9.07295623e-04,0.00000000e+00,0.00000000e+00,0.00000000e+00,0.00000000e+00,0.00000000e+00,0.00000000e+00,0.00000000e+00,0.00000000e+00,0.00000000e+00,0.00000000e+00,0.00000000e+00,0.00000000e+00,0.00000000e+00,0.00000000e+00,0.00000000e+00,0.00000000e+00,0.00000000e+00,0.00000000e+00,0.00000000e+00,0.00000000e+00,0.00000000e+00,0.00000000e+00,0.00000000e+00,1.11350712e-03
2.29056710e+01,2.26556710e+01,8.92743221e-04,0.00000000e+00,0.00000000e+00,0.00000000e+00,0.00000000e+00,0.00000000e+00,0.00000000e+00,0.00000000e+00,0.00000000e+00,0.00000000e+00,0.00000000e+00,0.00000000e+00,0.00000000e+00,0.00000000e+00,0.00000000e+00,0.00000000e+00,0.00000000e+00,0.00000000e+00,0.00000000e+00,0.00000000e+00,0.00000000e+00,0.00000000e+00,0.00000000e+00,0.00000000e+00,1.11461633e-03
2.30056960e+01,2.27556960e+01,8.83773909e-04,0.00000000e+00,0.00000000e+00,0.00000000e+00,0.00000000e+00,0.00000000e+00,0.00000000e+00,0.00000000e+00,0.00000000e+00,0.00000000e+00,0.00000000e+00,0.00000000e+00,0.00000000e+00,0.00000000e+00,0.00000000e+00,0.00000000e+00,0.00000000e+00,0.00000000e+00,0.00000000e+00,0.00000000e+00,0.00000000e+00,0.00000000e+00,0.00000000e+00,0.00000000e+00,1.11593765e-03
2.31057211e+01,2.28557211e+01,8.79133006e-04,0.00000000e+00,0.00000000e+00,0.00000000e+00,0.00000000e+00,0.00000000e+00,0.00000000e+00,0.00000000e+00,0.00000000e+00,0.00000000e+00,0.00000000e+00,0.00000000e+00,0.00000000e+00,0.00000000e+00,0.00000000e+00,0.00000000e+00,0.00000000e+00,0.00000000e+00,0.00000000e+00,0.00000000e+00,0.00000000e+00,0.00000000e+00,0.00000000e+00,0.00000000e+00,1.12201672e-03
2.32057461e+01,2.29557461e+01,8.76634940e-04,0.00000000e+00,0.00000000e+00,0.00000000e+00,0.00000000e+00,0.00000000e+00,0.00000000e+00,0.00000000e+00,0.00000000e+00,0.00000000e+00,0.00000000e+00,0.00000000e+00,0.00000000e+00,0.00000000e+00,0.00000000e+00,0.00000000e+00,0.00000000e+00,0.00000000e+00,0.00000000e+00,0.00000000e+00,0.00000000e+00,0.00000000e+00,0.00000000e+00,0.00000000e+00,1.12443526e-03
2.33057712e+01,2.30557712e+01,8.70098728e-04,0.00000000e+00,0.00000000e+00,0.00000000e+00,0.00000000e+00,0.00000000e+00,0.00000000e+00,0.00000000e+00,0.00000000e+00,0.00000000e+00,0.00000000e+00,0.00000000e+00,0.00000000e+00,0.00000000e+00,0.00000000e+00,0.00000000e+00,0.00000000e+00,0.00000000e+00,0.00000000e+00,0.00000000e+00,0.00000000e+00,0.00000000e+00,0.00000000e+00,0.00000000e+00,1.13017162e-03
2.34057962e+01,2.31557962e+01,8.55711193e-04,0.00000000e+00,0.00000000e+00,0.00000000e+00,0.00000000e+00,0.00000000e+00,0.00000000e+00,0.00000000e+00,0.00000000e+00,0.00000000e+00,0.00000000e+00,0.00000000e+00,0.00000000e+00,0.00000000e+00,0.00000000e+00,0.00000000e+00,0.00000000e+00,0.00000000e+00,0.00000000e+00,0.00000000e+00,0.00000000e+00,0.00000000e+00,0.00000000e+00,0.00000000e+00,1.13154450e-03
2.35058212e+01,2.32558212e+01,8.52092633e-04,0.00000000e+00,0.00000000e+00,0.00000000e+00,0.00000000e+00,0.00000000e+00,0.00000000e+00,0.00000000e+00,0.00000000e+00,0.00000000e+00,0.00000000e+00,0.00000000e+00,0.00000000e+00,0.00000000e+00,0.00000000e+00,0.00000000e+00,0.00000000e+00,0.00000000e+00,0.00000000e+00,0.00000000e+00,0.00000000e+00,0.00000000e+00,0.00000000e+00,0.00000000e+00,1.13397673e-03
2.36058463e+01,2.33558463e+01,8.42822063e-04,0.00000000e+00,0.00000000e+00,0.00000000e+00,0.00000000e+00,0.00000000e+00,0.00000000e+00,0.00000000e+00,0.00000000e+00,0.00000000e+00,0.00000000e+00,0.00000000e+00,0.00000000e+00,0.00000000e+00,0.00000000e+00,0.00000000e+00,0.00000000e+00,0.00000000e+00,0.00000000e+00,0.00000000e+00,0.00000000e+00,0.00000000e+00,0.00000000e+00,0.00000000e+00,1.13702920e-03
2.37058713e+01,2.34558713e+01,8.38288377e-04,0.00000000e+00,0.00000000e+00,0.00000000e+00,0.00000000e+00,0.00000000e+00,0.00000000e+00,0.00000000e+00,0.00000000e+00,0.00000000e+00,0.00000000e+00,0.00000000e+00,0.00000000e+00,0.00000000e+00,0.00000000e+00,0.00000000e+00,0.00000000e+00,0.00000000e+00,0.00000000e+00,0.00000000e+00,0.00000000e+00,0.00000000e+00,0.00000000e+00,0.00000000e+00,1.13535761e-03
2.38058963e+01,2.35558963e+01,8.32067823e-04,0.00000000e+00,0.00000000e+00,0.00000000e+00,0.00000000e+00,0.00000000e+00,0.00000000e+00,0.00000000e+00,0.00000000e+00,0.00000000e+00,0.00000000e+00,0.00000000e+00,0.00000000e+00,0.00000000e+00,0.00000000e+00,0.00000000e+00,0.00000000e+00,0.00000000e+00,0.00000000e+00,0.00000000e+00,0.00000000e+00,0.00000000e+00,0.00000000e+00,0.00000000e+00,1.14016359e-03
2.39059214e+01,2.36559214e+01,8.25491020e-04,0.00000000e+00,0.00000000e+00,0.00000000e+00,0.00000000e+00,0.00000000e+00,0.00000000e+00,0.00000000e+00,0.00000000e+00,0.00000000e+00,0.00000000e+00,0.00000000e+00,0.00000000e+00,0.00000000e+00,0.00000000e+00,0.00000000e+00,0.00000000e+00,0.00000000e+00,0.00000000e+00,0.00000000e+00,0.00000000e+00,0.00000000e+00,0.00000000e+00,0.00000000e+00,1.14238593e-03
2.40059464e+01,2.37559464e+01,8.13539114e-04,0.00000000e+00,0.00000000e+00,0.00000000e+00,0.00000000e+00,0.00000000e+00,0.00000000e+00,0.00000000e+00,0.00000000e+00,0.00000000e+00,0.00000000e+00,0.00000000e+00,0.00000000e+00,0.00000000e+00,0.00000000e+00,0.00000000e+00,0.00000000e+00,0.00000000e+00,0.00000000e+00,0.00000000e+00,0.00000000e+00,0.00000000e+00,0.00000000e+00,0.00000000e+00,1.14293939e-03
2.41059715e+01,2.38559715e+01,8.01660227e-04,0.00000000e+00,0.00000000e+00,0.00000000e+00,0.00000000e+00,0.00000000e+00,0.00000000e+00,0.00000000e+00,0.00000000e+00,0.00000000e+00,0.00000000e+00,0.00000000e+00,0.00000000e+00,0.00000000e+00,0.00000000e+00,0.00000000e+00,0.00000000e+00,0.00000000e+00,0.00000000e+00,0.00000000e+00,0.00000000e+00,0.00000000e+00,0.00000000e+00,0.00000000e+00,1.14579241e-03
2.42059965e+01,2.39559965e+01,7.99564545e-04,0.00000000e+00,0.00000000e+00,0.00000000e+00,0.00000000e+00,0.00000000e+00,0.00000000e+00,0.00000000e+00,0.00000000e+00,0.00000000e+00,0.00000000e+00,0.00000000e+00,0.00000000e+00,0.00000000e+00,0.00000000e+00,0.00000000e+00,0.00000000e+00,0.00000000e+00,0.00000000e+00,0.00000000e+00,0.00000000e+00,0.00000000e+00,0.00000000e+00,0.00000000e+00,1.14940157e-03
2.43060215e+01,2.40560215e+01,7.91594026e-04,0.00000000e+00,0.00000000e+00,0.00000000e+00,0.00000000e+00,0.00000000e+00,0.00000000e+00,0.00000000e+00,0.00000000e+00,0.00000000e+00,0.00000000e+00,0.00000000e+00,0.00000000e+00,0.00000000e+00,0.00000000e+00,0.00000000e+00,0.00000000e+00,0.00000000e+00,0.00000000e+00,0.00000000e+00,0.00000000e+00,0.00000000e+00,0.00000000e+00,0.00000000e+00,1.14627515e-03
2.44060466e+01,2.41560466e+01,7.81304074e-04,0.00000000e+00,0.00000000e+00,0.00000000e+00,0.00000000e+00,0.00000000e+00,0.00000000e+00,0.00000000e+00,0.00000000e+00,0.00000000e+00,0.00000000e+00,0.00000000e+00,0.00000000e+00,0.00000000e+00,0.00000000e+00,0.00000000e+00,0.00000000e+00,0.00000000e+00,0.00000000e+00,0.00000000e+00,0.00000000e+00,0.00000000e+00,0.00000000e+00,0.00000000e+00,1.14884266e-03
2.45060716e+01,2.42560716e+01,7.74469792e-04,0.00000000e+00,0.00000000e+00,0.00000000e+00,0.00000000e+00,0.00000000e+00,0.00000000e+00,0.00000000e+00,0.00000000e+00,0.00000000e+00,0.00000000e+00,0.00000000e+00,0.00000000e+00,0.00000000e+00,0.00000000e+00,0.00000000e+00,0.00000000e+00,0.00000000e+00,0.00000000e+00,0.00000000e+00,0.00000000e+00,0.00000000e+00,0.00000000e+00,0.00000000e+00,1.15184728e-03
2.46060966e+01,2.43560966e+01,7.69302450e-04,0.00000000e+00,0.00000000e+00,0.00000000e+00,0.00000000e+00,0.00000000e+00,0.00000000e+00,0.00000000e+00,0.00000000e+00,0.00000000e+00,0.00000000e+00,0.00000000e+00,0.00000000e+00,0.00000000e+00,0.00000000e+00,0.00000000e+00,0.00000000e+00,0.00000000e+00,0.00000000e+00,0.00000000e+00,0.00000000e+00,0.00000000e+00,0.00000000e+00,0.00000000e+00,1.15439349e-03
2.47061217e+01,2.44561217e+01,7.62904350e-04,0.00000000e+00,0.00000000e+00,0.00000000e+00,0.00000000e+00,0.00000000e+00,0.00000000e+00,0.00000000e+00,0.00000000e+00,0.00000000e+00,0.00000000e+00,0.00000000e+00,0.00000000e+00,0.00000000e+00,0.00000000e+00,0.00000000e+00,0.00000000e+00,0.00000000e+00,0.00000000e+00,0.00000000e+00,0.00000000e+00,0.00000000e+00,0.00000000e+00,0.00000000e+00,1.15591573e-03
2.48061467e+01,2.45561467e+01,7.53495166e-04,0.00000000e+00,0.00000000e+00,0.00000000e+00,0.00000000e+00,0.00000000e+00,0.00000000e+00,0.00000000e+00,0.00000000e+00,0.00000000e+00,0.00000000e+00,0.00000000e+00,0.00000000e+00,0.00000000e+00,0.00000000e+00,0.00000000e+00,0.00000000e+00,0.00000000e+00,0.00000000e+00,0.00000000e+00,0.00000000e+00,0.00000000e+00,0.00000000e+00,0.00000000e+00,1.15609777e-03
2.49061718e+01,2.46561718e+01,7.45236866e-04,0.00000000e+00,0.00000000e+00,0.00000000e+00,0.00000000e+00,0.00000000e+00,0.00000000e+00,0.00000000e+00,0.00000000e+00,0.00000000e+00,0.00000000e+00,0.00000000e+00,0.00000000e+00,0.00000000e+00,0.00000000e+00,0.00000000e+00,0.00000000e+00,0.00000000e+00,0.00000000e+00,0.00000000e+00,0.00000000e+00,0.00000000e+00,0.00000000e+00,0.00000000e+00,1.15676544e-03
2.50061968e+01,2.47561968e+01,7.38874156e-04,0.00000000e+00,0.00000000e+00,0.00000000e+00,0.00000000e+00,0.00000000e+00,0.00000000e+00,0.00000000e+00,0.00000000e+00,0.00000000e+00,0.00000000e+00,0.00000000e+00,0.00000000e+00,0.00000000e+00,0.00000000e+00,0.00000000e+00,0.00000000e+00,0.00000000e+00,0.00000000e+00,0.00000000e+00,0.00000000e+00,0.00000000e+00,0.00000000e+00,0.00000000e+00,1.16087181e-03
2.51062218e+01,2.48562218e+01,7.27822500e-04,0.00000000e+00,0.00000000e+00,0.00000000e+00,0.00000000e+00,0.00000000e+00,0.00000000e+00,0.00000000e+00,0.00000000e+00,0.00000000e+00,0.00000000e+00,0.00000000e+00,0.00000000e+00,0.00000000e+00,0.00000000e+00,0.00000000e+00,0.00000000e+00,0.00000000e+00,0.00000000e+00,0.00000000e+00,0.00000000e+00,0.00000000e+00,0.00000000e+00,0.00000000e+00,1.16166425e-03
2.52062469e+01,2.49562469e+01,7.24341074e-04,0.00000000e+00,0.00000000e+00,0.00000000e+00,0.00000000e+00,0.00000000e+00,0.00000000e+00,0.00000000e+00,0.00000000e+00,0.00000000e+00,0.00000000e+00,0.00000000e+00,0.00000000e+00,0.00000000e+00,0.00000000e+00,0.00000000e+00,0.00000000e+00,0.00000000e+00,0.00000000e+00,0.00000000e+00,0.00000000e+00,0.00000000e+00,0.00000000e+00,0.00000000e+00,1.16210046e-03
2.53062719e+01,2.50562719e+01,7.17436968e-04,0.00000000e+00,0.00000000e+00,0.00000000e+00,0.00000000e+00,0.00000000e+00,0.00000000e+00,0.00000000e+00,0.00000000e+00,0.00000000e+00,0.00000000e+00,0.00000000e+00,0.00000000e+00,0.00000000e+00,0.00000000e+00,0.00000000e+00,0.00000000e+00,0.00000000e+00,0.00000000e+00,0.00000000e+00,0.00000000e+00,0.00000000e+00,0.00000000e+00,0.00000000e+00,1.16336506e-03
2.54062969e+01,2.51562969e+01,7.10548136e-04,0.00000000e+00,0.00000000e+00,0.00000000e+00,0.00000000e+00,0.00000000e+00,0.00000000e+00,0.00000000e+00,0.00000000e+00,0.00000000e+00,0.00000000e+00,0.00000000e+00,0.00000000e+00,0.00000000e+00,0.00000000e+00,0.00000000e+00,0.00000000e+00,0.00000000e+00,0.00000000e+00,0.00000000e+00,0.00000000e+00,0.00000000e+00,0.00000000e+00,0.00000000e+00,1.16778519e-03
2.55063220e+01,2.52563220e+01,7.00236616e-04,0.00000000e+00,0.00000000e+00,0.00000000e+00,0.00000000e+00,0.00000000e+00,0.00000000e+00,0.00000000e+00,0.00000000e+00,0.00000000e+00,0.00000000e+00,0.00000000e+00,0.00000000e+00,0.00000000e+00,0.00000000e+00,0.00000000e+00,0.00000000e+00,0.00000000e+00,0.00000000e+00,0.00000000e+00,0.00000000e+00,0.00000000e+00,0.00000000e+00,0.00000000e+00,1.16808655e-03
2.56063470e+01,2.53563470e+01,6.91083192e-04,0.00000000e+00,0.00000000e+00,0.00000000e+00,0.00000000e+00,0.00000000e+00,0.00000000e+00,0.00000000e+00,0.00000000e+00,0.00000000e+00,0.00000000e+00,0.00000000e+00,0.00000000e+00,0.00000000e+00,0.00000000e+00,0.00000000e+00,0.00000000e+00,0.00000000e+00,0.00000000e+00,0.00000000e+00,0.00000000e+00,0.00000000e+00,0.00000000e+00,0.00000000e+00,1.16894892e-03
2.57063721e+01,2.54563721e+01,6.90473859e-04,0.00000000e+00,0.00000000e+00,0.00000000e+00,0.00000000e+00,0.00000000e+00,0.00000000e+00,0.00000000e+00,0.00000000e+00,0.00000000e+00,0.00000000e+00,0.00000000e+00,0.00000000e+00,0.00000000e+00,0.00000000e+00,0.00000000e+00,0.00000000e+00,0.00000000e+00,0.00000000e+00,0.00000000e+00,0.00000000e+00,0.00000000e+00,0.00000000e+00,0.00000000e+00,1.17299130e-03
2.58063971e+01,2.55563971e+01,6.86677957e-04,0.00000000e+00,0.00000000e+00,0.00000000e+00,0.00000000e+00,0.00000000e+00,0.00000000e+00,0.00000000e+00,0.00000000e+00,0.00000000e+00,0.00000000e+00,0.00000000e+00,0.00000000e+00,0.00000000e+00,0.00000000e+00,0.00000000e+00,0.00000000e+00,0.00000000e+00,0.00000000e+00,0.00000000e+00,0.00000000e+00,0.00000000e+00,0.00000000e+00,0.00000000e+00,1.17476258e-03
2.59064221e+01,2.56564221e+01,6.85826999e-04,0.00000000e+00,0.00000000e+00,0.00000000e+00,0.00000000e+00,0.00000000e+00,0.00000000e+00,0.00000000e+00,0.00000000e+00,0.00000000e+00,0.00000000e+00,0.00000000e+00,0.00000000e+00,0.00000000e+00,0.00000000e+00,0.00000000e+00,0.00000000e+00,0.00000000e+00,0.00000000e+00,0.00000000e+00,0.00000000e+00,0.00000000e+00,0.00000000e+00,0.00000000e+00,1.17505277e-03
2.60064472e+01,2.57564472e+01,6.78809050e-04,0.00000000e+00,0.00000000e+00,0.00000000e+00,0.00000000e+00,0.00000000e+00,0.00000000e+00,0.00000000e+00,0.00000000e+00,0.00000000e+00,0.00000000e+00,0.00000000e+00,0.00000000e+00,0.00000000e+00,0.00000000e+00,0.00000000e+00,0.00000000e+00,0.00000000e+00,0.00000000e+00,0.00000000e+00,0.00000000e+00,0.00000000e+00,0.00000000e+00,0.00000000e+00,1.17907118e-03
2.61064722e+01,2.58564722e+01,6.69760371e-04,0.00000000e+00,0.00000000e+00,0.00000000e+00,0.00000000e+00,0.00000000e+00,0.00000000e+00,0.00000000e+00,0.00000000e+00,0.00000000e+00,0.00000000e+00,0.00000000e+00,0.00000000e+00,0.00000000e+00,0.00000000e+00,0.00000000e+00,0.00000000e+00,0.00000000e+00,0.00000000e+00,0.00000000e+00,0.00000000e+00,0.00000000e+00,0.00000000e+00,0.00000000e+00,1.18317637e-03
2.62064972e+01,2.59564972e+01,6.64834349e-04,0.00000000e+00,0.00000000e+00,0.00000000e+00,0.00000000e+00,0.00000000e+00,0.00000000e+00,0.00000000e+00,0.00000000e+00,0.00000000e+00,0.00000000e+00,0.00000000e+00,0.00000000e+00,0.00000000e+00,0.00000000e+00,0.00000000e+00,0.00000000e+00,0.00000000e+00,0.00000000e+00,0.00000000e+00,0.00000000e+00,0.00000000e+00,0.00000000e+00,0.00000000e+00,1.18411007e-03
2.63065223e+01,2.60565223e+01,6.61267159e-04,0.00000000e+00,0.00000000e+00,0.00000000e+00,0.00000000e+00,0.00000000e+00,0.00000000e+00,0.00000000e+00,0.00000000e+00,0.00000000e+00,0.00000000e+00,0.00000000e+00,0.00000000e+00,0.00000000e+00,0.00000000e+00,0.00000000e+00,0.00000000e+00,0.00000000e+00,0.00000000e+00,0.00000000e+00,0.00000000e+00,0.00000000e+00,0.00000000e+00,0.00000000e+00,1.18317658e-03
2.64065473e+01,2.61565473e+01,6.54698822e-04,0.00000000e+00,0.00000000e+00,0.00000000e+00,0.00000000e+00,0.00000000e+00,0.00000000e+00,0.00000000e+00,0.00000000e+00,0.00000000e+00,0.00000000e+00,0.00000000e+00,0.00000000e+00,0.00000000e+00,0.00000000e+00,0.00000000e+00,0.00000000e+00,0.00000000e+00,0.00000000e+00,0.00000000e+00,0.00000000e+00,0.00000000e+00,0.00000000e+00,0.00000000e+00,1.18308331e-03
2.65065724e+01,2.62565724e+01,6.48593096e-04,0.00000000e+00,0.00000000e+00,0.00000000e+00,0.00000000e+00,0.00000000e+00,0.00000000e+00,0.00000000e+00,0.00000000e+00,0.00000000e+00,0.00000000e+00,0.00000000e+00,0.00000000e+00,0.00000000e+00,0.00000000e+00,0.00000000e+00,0.00000000e+00,0.00000000e+00,0.00000000e+00,0.00000000e+00,0.00000000e+00,0.00000000e+00,0.00000000e+00,0.00000000e+00,1.18812565e-03
2.66065974e+01,2.63565974e+01,6.38608751e-04,0.00000000e+00,0.00000000e+00,0.00000000e+00,0.00000000e+00,0.00000000e+00,0.00000000e+00,0.00000000e+00,0.00000000e+00,0.00000000e+00,0.00000000e+00,0.00000000e+00,0.00000000e+00,0.00000000e+00,0.00000000e+00,0.00000000e+00,0.00000000e+00,0.00000000e+00,0.00000000e+00,0.00000000e+00,0.00000000e+00,0.00000000e+00,0.00000000e+00,0.00000000e+00,1.19075430e-03
2.67066224e+01,2.64566224e+01,6.29308774e-04,0.00000000e+00,0.00000000e+00,0.00000000e+00,0.00000000e+00,0.00000000e+00,0.00000000e+00,0.00000000e+00,0.00000000e+00,0.00000000e+00,0.00000000e+00,0.00000000e+00,0.00000000e+00,0.00000000e+00,0.00000000e+00,0.00000000e+00,0.00000000e+00,0.00000000e+00,0.00000000e+00,0.00000000e+00,0.00000000e+00,0.00000000e+00,0.00000000e+00,0.00000000e+00,1.19328652e-03
2.68066475e+01,2.65566475e+01,6.25296722e-04,0.00000000e+00,0.00000000e+00,0.00000000e+00,0.00000000e+00,0.00000000e+00,0.00000000e+00,0.00000000e+00,0.00000000e+00,0.00000000e+00,0.00000000e+00,0.00000000e+00,0.00000000e+00,0.00000000e+00,0.00000000e+00,0.00000000e+00,0.00000000e+00,0.00000000e+00,0.00000000e+00,0.00000000e+00,0.00000000e+00,0.00000000e+00,0.00000000e+00,0.00000000e+00,1.19546409e-03
2.69066725e+01,2.66566725e+01,6.15704801e-04,0.00000000e+00,0.00000000e+00,0.00000000e+00,0.00000000e+00,0.00000000e+00,0.00000000e+00,0.00000000e+00,0.00000000e+00,0.00000000e+00,0.00000000e+00,0.00000000e+00,0.00000000e+00,0.00000000e+00,0.00000000e+00,0.00000000e+00,0.00000000e+00,0.00000000e+00,0.00000000e+00,0.00000000e+00,0.00000000e+00,0.00000000e+00,0.00000000e+00,0.00000000e+00,1.19584295e-03
2.70066975e+01,2.67566975e+01,6.07204513e-04,0.00000000e+00,0.00000000e+00,0.00000000e+00,0.00000000e+00,0.00000000e+00,0.00000000e+00,0.00000000e+00,0.00000000e+00,0.00000000e+00,0.00000000e+00,0.00000000e+00,0.00000000e+00,0.00000000e+00,0.00000000e+00,0.00000000e+00,0.00000000e+00,0.00000000e+00,0.00000000e+00,0.00000000e+00,0.00000000e+00,0.00000000e+00,0.00000000e+00,0.00000000e+00,1.19595234e-03
2.71067226e+01,2.68567226e+01,6.01979554e-04,0.00000000e+00,0.00000000e+00,0.00000000e+00,0.00000000e+00,0.00000000e+00,0.00000000e+00,0.00000000e+00,0.00000000e+00,0.00000000e+00,0.00000000e+00,0.00000000e+00,0.00000000e+00,0.00000000e+00,0.00000000e+00,0.00000000e+00,0.00000000e+00,0.00000000e+00,0.00000000e+00,0.00000000e+00,0.00000000e+00,0.00000000e+00,0.00000000e+00,0.00000000e+00,1.19712159e-03
2.72067476e+01,2.69567476e+01,5.98553771e-04,0.00000000e+00,0.00000000e+00,0.00000000e+00,0.00000000e+00,0.00000000e+00,0.00000000e+00,0.00000000e+00,0.00000000e+00,0.00000000e+00,0.00000000e+00,0.00000000e+00,0.00000000e+00,0.00000000e+00,0.00000000e+00,0.00000000e+00,0.00000000e+00,0.00000000e+00,0.00000000e+00,0.00000000e+00,0.00000000e+00,0.00000000e+00,0.00000000e+00,0.00000000e+00,1.20044060e-03
2.73067727e+01,2.70567727e+01,5.99083184e-04,0.00000000e+00,0.00000000e+00,0.00000000e+00,0.00000000e+00,0.00000000e+00,0.00000000e+00,0.00000000e+00,0.00000000e+00,0.00000000e+00,0.00000000e+00,0.00000000e+00,0.00000000e+00,0.00000000e+00,0.00000000e+00,0.00000000e+00,0.00000000e+00,0.00000000e+00,0.00000000e+00,0.00000000e+00,0.00000000e+00,0.00000000e+00,0.00000000e+00,0.00000000e+00,1.20157343e-03
2.74067977e+01,2.71567977e+01,5.95845927e-04,0.00000000e+00,0.00000000e+00,0.00000000e+00,0.00000000e+00,0.00000000e+00,0.00000000e+00,0.00000000e+00,0.00000000e+00,0.00000000e+00,0.00000000e+00,0.00000000e+00,0.00000000e+00,0.00000000e+00,0.00000000e+00,0.00000000e+00,0.00000000e+00,0.00000000e+00,0.00000000e+00,0.00000000e+00,0.00000000e+00,0.00000000e+00,0.00000000e+00,0.00000000e+00,1.20158003e-03
2.75068227e+01,2.72568227e+01,5.96128284e-04,0.00000000e+00,0.00000000e+00,0.00000000e+00,0.00000000e+00,0.00000000e+00,0.00000000e+00,0.00000000e+00,0.00000000e+00,0.00000000e+00,0.00000000e+00,0.00000000e+00,0.00000000e+00,0.00000000e+00,0.00000000e+00,0.00000000e+00,0.00000000e+00,0.00000000e+00,0.00000000e+00,0.00000000e+00,0.00000000e+00,0.00000000e+00,0.00000000e+00,0.00000000e+00,1.20638090e-03
2.76068478e+01,2.73568478e+01,5.82781898e-04,0.00000000e+00,0.00000000e+00,0.00000000e+00,0.00000000e+00,0.00000000e+00,0.00000000e+00,0.00000000e+00,0.00000000e+00,0.00000000e+00,0.00000000e+00,0.00000000e+00,0.00000000e+00,0.00000000e+00,0.00000000e+00,0.00000000e+00,0.00000000e+00,0.00000000e+00,0.00000000e+00,0.00000000e+00,0.00000000e+00,0.00000000e+00,0.00000000e+00,0.00000000e+00,1.20504372e-03
2.77068728e+01,2.74568728e+01,5.81770452e-04,0.00000000e+00,0.00000000e+00,0.00000000e+00,0.00000000e+00,0.00000000e+00,0.00000000e+00,0.00000000e+00,0.00000000e+00,0.00000000e+00,0.00000000e+00,0.00000000e+00,0.00000000e+00,0.00000000e+00,0.00000000e+00,0.00000000e+00,0.00000000e+00,0.00000000e+00,0.00000000e+00,0.00000000e+00,0.00000000e+00,0.00000000e+00,0.00000000e+00,0.00000000e+00,1.20356091e-03
2.78068978e+01,2.75568978e+01,5.75576657e-04,0.00000000e+00,0.00000000e+00,0.00000000e+00,0.00000000e+00,0.00000000e+00,0.00000000e+00,0.00000000e+00,0.00000000e+00,0.00000000e+00,0.00000000e+00,0.00000000e+00,0.00000000e+00,0.00000000e+00,0.00000000e+00,0.00000000e+00,0.00000000e+00,0.00000000e+00,0.00000000e+00,0.00000000e+00,0.00000000e+00,0.00000000e+00,0.00000000e+00,0.00000000e+00,1.20880877e-03
2.79069229e+01,2.76569229e+01,5.68304377e-04,0.00000000e+00,0.00000000e+00,0.00000000e+00,0.00000000e+00,0.00000000e+00,0.00000000e+00,0.00000000e+00,0.00000000e+00,0.00000000e+00,0.00000000e+00,0.00000000e+00,0.00000000e+00,0.00000000e+00,0.00000000e+00,0.00000000e+00,0.00000000e+00,0.00000000e+00,0.00000000e+00,0.00000000e+00,0.00000000e+00,0.00000000e+00,0.00000000e+00,0.00000000e+00,1.21172675e-03
2.80069479e+01,2.77569479e+01,5.73809153e-04,0.00000000e+00,0.00000000e+00,0.00000000e+00,0.00000000e+00,0.00000000e+00,0.00000000e+00,0.00000000e+00,0.00000000e+00,0.00000000e+00,0.00000000e+00,0.00000000e+00,0.00000000e+00,0.00000000e+00,0.00000000e+00,0.00000000e+00,0.00000000e+00,0.00000000e+00,0.00000000e+00,0.00000000e+00,0.00000000e+00,0.00000000e+00,0.00000000e+00,0.00000000e+00,1.21540019e-03
2.81069730e+01,2.78569730e+01,5.62322475e-04,0.00000000e+00,0.00000000e+00,0.00000000e+00,0.00000000e+00,0.00000000e+00,0.00000000e+00,0.00000000e+00,0.00000000e+00,0.00000000e+00,0.00000000e+00,0.00000000e+00,0.00000000e+00,0.00000000e+00,0.00000000e+00,0.00000000e+00,0.00000000e+00,0.00000000e+00,0.00000000e+00,0.00000000e+00,0.00000000e+00,0.00000000e+00,0.00000000e+00,0.00000000e+00,1.21624304e-03
2.82069980e+01,2.79569980e+01,5.56552425e-04,0.00000000e+00,0.00000000e+00,0.00000000e+00,0.00000000e+00,0.00000000e+00,0.00000000e+00,0.00000000e+00,0.00000000e+00,0.00000000e+00,0.00000000e+00,0.00000000e+00,0.00000000e+00,0.00000000e+00,0.00000000e+00,0.00000000e+00,0.00000000e+00,0.00000000e+00,0.00000000e+00,0.00000000e+00,0.00000000e+00,0.00000000e+00,0.00000000e+00,0.00000000e+00,1.21506376e-03
2.83070230e+01,2.80570230e+01,5.54165488e-04,0.00000000e+00,0.00000000e+00,0.00000000e+00,0.00000000e+00,0.00000000e+00,0.00000000e+00,0.00000000e+00,0.00000000e+00,0.00000000e+00,0.00000000e+00,0.00000000e+00,0.00000000e+00,0.00000000e+00,0.00000000e+00,0.00000000e+00,0.00000000e+00,0.00000000e+00,0.00000000e+00,0.00000000e+00,0.00000000e+00,0.00000000e+00,0.00000000e+00,0.00000000e+00,1.21324149e-03
2.84070481e+01,2.81570481e+01,5.49230508e-04,0.00000000e+00,0.00000000e+00,0.00000000e+00,0.00000000e+00,0.00000000e+00,0.00000000e+00,0.00000000e+00,0.00000000e+00,0.00000000e+00,0.00000000e+00,0.00000000e+00,0.00000000e+00,0.00000000e+00,0.00000000e+00,0.00000000e+00,0.00000000e+00,0.00000000e+00,0.00000000e+00,0.00000000e+00,0.00000000e+00,0.00000000e+00,0.00000000e+00,0.00000000e+00,1.21709217e-03
2.85070731e+01,2.82570731e+01,5.48585064e-04,0.00000000e+00,0.00000000e+00,0.00000000e+00,0.00000000e+00,0.00000000e+00,0.00000000e+00,0.00000000e+00,0.00000000e+00,0.00000000e+00,0.00000000e+00,0.00000000e+00,0.00000000e+00,0.00000000e+00,0.00000000e+00,0.00000000e+00,0.00000000e+00,0.00000000e+00,0.00000000e+00,0.00000000e+00,0.00000000e+00,0.00000000e+00,0.00000000e+00,0.00000000e+00,1.21946256e-03
2.86070981e+01,2.83570981e+01,5.43527183e-04,0.00000000e+00,0.00000000e+00,0.00000000e+00,0.00000000e+00,0.00000000e+00,0.00000000e+00,0.00000000e+00,0.00000000e+00,0.00000000e+00,0.00000000e+00,0.00000000e+00,0.00000000e+00,0.00000000e+00,0.00000000e+00,0.00000000e+00,0.00000000e+00,0.00000000e+00,0.00000000e+00,0.00000000e+00,0.00000000e+00,0.00000000e+00,0.00000000e+00,0.00000000e+00,1.22195216e-03
2.87071232e+01,2.84571232e+01,5.41285072e-04,0.00000000e+00,0.00000000e+00,0.00000000e+00,0.00000000e+00,0.00000000e+00,0.00000000e+00,0.00000000e+00,0.00000000e+00,0.00000000e+00,0.00000000e+00,0.00000000e+00,0.00000000e+00,0.00000000e+00,0.00000000e+00,0.00000000e+00,0.00000000e+00,0.00000000e+00,0.00000000e+00,0.00000000e+00,0.00000000e+00,0.00000000e+00,0.00000000e+00,0.00000000e+00,1.22445635e-03
2.88071482e+01,2.85571482e+01,5.30565742e-04,0.00000000e+00,0.00000000e+00,0.00000000e+00,0.00000000e+00,0.00000000e+00,0.00000000e+00,0.00000000e+00,0.00000000e+00,0.00000000e+00,0.00000000e+00,0.00000000e+00,0.00000000e+00,0.00000000e+00,0.00000000e+00,0.00000000e+00,0.00000000e+00,0.00000000e+00,0.00000000e+00,0.00000000e+00,0.00000000e+00,0.00000000e+00,0.00000000e+00,0.00000000e+00,1.22185170e-03
2.89071733e+01,2.86571733e+01,5.28204079e-04,0.00000000e+00,0.00000000e+00,0.00000000e+00,0.00000000e+00,0.00000000e+00,0.00000000e+00,0.00000000e+00,0.00000000e+00,0.00000000e+00,0.00000000e+00,0.00000000e+00,0.00000000e+00,0.00000000e+00,0.00000000e+00,0.00000000e+00,0.00000000e+00,0.00000000e+00,0.00000000e+00,0.00000000e+00,0.00000000e+00,0.00000000e+00,0.00000000e+00,0.00000000e+00,1.22314004e-03
2.90071983e+01,2.87571983e+01,5.21752774e-04,0.00000000e+00,0.00000000e+00,0.00000000e+00,0.00000000e+00,0.00000000e+00,0.00000000e+00,0.00000000e+00,0.00000000e+00,0.00000000e+00,0.00000000e+00,0.00000000e+00,0.00000000e+00,0.00000000e+00,0.00000000e+00,0.00000000e+00,0.00000000e+00,0.00000000e+00,0.00000000e+00,0.00000000e+00,0.00000000e+00,0.00000000e+00,0.00000000e+00,0.00000000e+00,1.22415342e-03
2.91072233e+01,2.88572233e+01,5.19536034e-04,0.00000000e+00,0.00000000e+00,0.00000000e+00,0.00000000e+00,0.00000000e+00,0.00000000e+00,0.00000000e+00,0.00000000e+00,0.00000000e+00,0.00000000e+00,0.00000000e+00,0.00000000e+00,0.00000000e+00,0.00000000e+00,0.00000000e+00,0.00000000e+00,0.00000000e+00,0.00000000e+00,0.00000000e+00,0.00000000e+00,0.00000000e+00,0.00000000e+00,0.00000000e+00,1.22281459e-03
2.92072484e+01,2.89572484e+01,5.08947395e-04,0.00000000e+00,0.00000000e+00,0.00000000e+00,0.00000000e+00,0.00000000e+00,0.00000000e+00,0.00000000e+00,0.00000000e+00,0.00000000e+00,0.00000000e+00,0.00000000e+00,0.00000000e+00,0.00000000e+00,0.00000000e+00,0.00000000e+00,0.00000000e+00,0.00000000e+00,0.00000000e+00,0.00000000e+00,0.00000000e+00,0.00000000e+00,0.00000000e+00,0.00000000e+00,1.22642557e-03
2.93072734e+01,2.90572734e+01,5.04708369e-04,0.00000000e+00,0.00000000e+00,0.00000000e+00,0.00000000e+00,0.00000000e+00,0.00000000e+00,0.00000000e+00,0.00000000e+00,0.00000000e+00,0.00000000e+00,0.00000000e+00,0.00000000e+00,0.00000000e+00,0.00000000e+00,0.00000000e+00,0.00000000e+00,0.00000000e+00,0.00000000e+00,0.00000000e+00,0.00000000e+00,0.00000000e+00,0.00000000e+00,0.00000000e+00,1.22569109e-03
2.94072984e+01,2.91572984e+01,5.09143281e-04,0.00000000e+00,0.00000000e+00,0.00000000e+00,0.00000000e+00,0.00000000e+00,0.00000000e+00,0.00000000e+00,0.00000000e+00,0.00000000e+00,0.00000000e+00,0.00000000e+00,0.00000000e+00,0.00000000e+00,0.00000000e+00,0.00000000e+00,0.00000000e+00,0.00000000e+00,0.00000000e+00,0.00000000e+00,0.00000000e+00,0.00000000e+00,0.00000000e+00,0.00000000e+00,1.22546366e-03
2.95073235e+01,2.92573235e+01,4.98729199e-04,0.00000000e+00,0.00000000e+00,0.00000000e+00,0.00000000e+00,0.00000000e+00,0.00000000e+00,0.00000000e+00,0.00000000e+00,0.00000000e+00,0.00000000e+00,0.00000000e+00,0.00000000e+00,0.00000000e+00,0.00000000e+00,0.00000000e+00,0.00000000e+00,0.00000000e+00,0.00000000e+00,0.00000000e+00,0.00000000e+00,0.00000000e+00,0.00000000e+00,0.00000000e+00,1.22815507e-03
2.96073485e+01,2.93573485e+01,4.94181042e-04,0.00000000e+00,0.00000000e+00,0.00000000e+00,0.00000000e+00,0.00000000e+00,0.00000000e+00,0.00000000e+00,0.00000000e+00,0.00000000e+00,0.00000000e+00,0.00000000e+00,0.00000000e+00,0.00000000e+00,0.00000000e+00,0.00000000e+00,0.00000000e+00,0.00000000e+00,0.00000000e+00,0.00000000e+00,0.00000000e+00,0.00000000e+00,0.00000000e+00,0.00000000e+00,1.22841647e-03
2.97073736e+01,2.94573736e+01,4.89079673e-04,0.00000000e+00,0.00000000e+00,0.00000000e+00,0.00000000e+00,0.00000000e+00,0.00000000e+00,0.00000000e+00,0.00000000e+00,0.00000000e+00,0.00000000e+00,0.00000000e+00,0.00000000e+00,0.00000000e+00,0.00000000e+00,0.00000000e+00,0.00000000e+00,0.00000000e+00,0.00000000e+00,0.00000000e+00,0.00000000e+00,0.00000000e+00,0.00000000e+00,0.00000000e+00,1.23179339e-03
2.98073986e+01,2.95573986e+01,4.80215345e-04,0.00000000e+00,0.00000000e+00,0.00000000e+00,0.00000000e+00,0.00000000e+00,0.00000000e+00,0.00000000e+00,0.00000000e+00,0.00000000e+00,0.00000000e+00,0.00000000e+00,0.00000000e+00,0.00000000e+00,0.00000000e+00,0.00000000e+00,0.00000000e+00,0.00000000e+00,0.00000000e+00,0.00000000e+00,0.00000000e+00,0.00000000e+00,0.00000000e+00,0.00000000e+00,1.23260942e-03
2.99074236e+01,2.96574236e+01,4.80634650e-04,0.00000000e+00,0.00000000e+00,0.00000000e+00,0.00000000e+00,0.00000000e+00,0.00000000e+00,0.00000000e+00,0.00000000e+00,0.00000000e+00,0.00000000e+00,0.00000000e+00,0.00000000e+00,0.00000000e+00,0.00000000e+00,0.00000000e+00,0.00000000e+00,0.00000000e+00,0.00000000e+00,0.00000000e+00,0.00000000e+00,0.00000000e+00,0.00000000e+00,0.00000000e+00,1.23476429e-03
3.00074487e+01,2.97574487e+01,4.70182503e-04,0.00000000e+00,0.00000000e+00,0.00000000e+00,0.00000000e+00,0.00000000e+00,0.00000000e+00,0.00000000e+00,0.00000000e+00,0.00000000e+00,0.00000000e+00,0.00000000e+00,0.00000000e+00,0.00000000e+00,0.00000000e+00,0.00000000e+00,0.00000000e+00,0.00000000e+00,0.00000000e+00,0.00000000e+00,0.00000000e+00,0.00000000e+00,0.00000000e+00,0.00000000e+00,1.23640411e-03
3.01074737e+01,2.98574737e+01,4.63814846e-04,0.00000000e+00,0.00000000e+00,0.00000000e+00,0.00000000e+00,0.00000000e+00,0.00000000e+00,0.00000000e+00,0.00000000e+00,0.00000000e+00,0.00000000e+00,0.00000000e+00,0.00000000e+00,0.00000000e+00,0.00000000e+00,0.00000000e+00,0.00000000e+00,0.00000000e+00,0.00000000e+00,0.00000000e+00,0.00000000e+00,0.00000000e+00,0.00000000e+00,0.00000000e+00,1.23838351e-03
3.02074987e+01,2.99574987e+01,4.56902388e-04,0.00000000e+00,0.00000000e+00,0.00000000e+00,0.00000000e+00,0.00000000e+00,0.00000000e+00,0.00000000e+00,0.00000000e+00,0.00000000e+00,0.00000000e+00,0.00000000e+00,0.00000000e+00,0.00000000e+00,0.00000000e+00,0.00000000e+00,0.00000000e+00,0.00000000e+00,0.00000000e+00,0.00000000e+00,0.00000000e+00,0.00000000e+00,0.00000000e+00,0.00000000e+00,1.24096295e-03
3.03075238e+01,3.00575238e+01,4.49212670e-04,0.00000000e+00,0.00000000e+00,0.00000000e+00,0.00000000e+00,0.00000000e+00,0.00000000e+00,0.00000000e+00,0.00000000e+00,0.00000000e+00,0.00000000e+00,0.00000000e+00,0.00000000e+00,0.00000000e+00,0.00000000e+00,0.00000000e+00,0.00000000e+00,0.00000000e+00,0.00000000e+00,0.00000000e+00,0.00000000e+00,0.00000000e+00,0.00000000e+00,0.00000000e+00,1.24120389e-03
3.04075488e+01,3.01575488e+01,4.46000415e-04,0.00000000e+00,0.00000000e+00,0.00000000e+00,0.00000000e+00,0.00000000e+00,0.00000000e+00,0.00000000e+00,0.00000000e+00,0.00000000e+00,0.00000000e+00,0.00000000e+00,0.00000000e+00,0.00000000e+00,0.00000000e+00,0.00000000e+00,0.00000000e+00,0.00000000e+00,0.00000000e+00,0.00000000e+00,0.00000000e+00,0.00000000e+00,0.00000000e+00,0.00000000e+00,1.24179558e-03
3.05075739e+01,3.02575739e+01,4.43681408e-04,0.00000000e+00,0.00000000e+00,0.00000000e+00,0.00000000e+00,0.00000000e+00,0.00000000e+00,0.00000000e+00,0.00000000e+00,0.00000000e+00,0.00000000e+00,0.00000000e+00,0.00000000e+00,0.00000000e+00,0.00000000e+00,0.00000000e+00,0.00000000e+00,0.00000000e+00,0.00000000e+00,0.00000000e+00,0.00000000e+00,0.00000000e+00,0.00000000e+00,0.00000000e+00,1.24490312e-03
3.06075989e+01,3.03575989e+01,4.45054622e-04,0.00000000e+00,0.00000000e+00,0.00000000e+00,0.00000000e+00,0.00000000e+00,0.00000000e+00,0.00000000e+00,0.00000000e+00,0.00000000e+00,0.00000000e+00,0.00000000e+00,0.00000000e+00,0.00000000e+00,0.00000000e+00,0.00000000e+00,0.00000000e+00,0.00000000e+00,0.00000000e+00,0.00000000e+00,0.00000000e+00,0.00000000e+00,0.00000000e+00,0.00000000e+00,1.24514870e-03
3.07076239e+01,3.04576239e+01,4.37884010e-04,0.00000000e+00,0.00000000e+00,0.00000000e+00,0.00000000e+00,0.00000000e+00,0.00000000e+00,0.00000000e+00,0.00000000e+00,0.00000000e+00,0.00000000e+00,0.00000000e+00,0.00000000e+00,0.00000000e+00,0.00000000e+00,0.00000000e+00,0.00000000e+00,0.00000000e+00,0.00000000e+00,0.00000000e+00,0.00000000e+00,0.00000000e+00,0.00000000e+00,0.00000000e+00,1.24503395e-03
3.08076490e+01,3.05576490e+01,4.33058410e-04,0.00000000e+00,0.00000000e+00,0.00000000e+00,0.00000000e+00,0.00000000e+00,0.00000000e+00,0.00000000e+00,0.00000000e+00,0.00000000e+00,0.00000000e+00,0.00000000e+00,0.00000000e+00,0.00000000e+00,0.00000000e+00,0.00000000e+00,0.00000000e+00,0.00000000e+00,0.00000000e+00,0.00000000e+00,0.00000000e+00,0.00000000e+00,0.00000000e+00,0.00000000e+00,1.24733158e-03
3.09076740e+01,3.06576740e+01,4.33131593e-04,0.00000000e+00,0.00000000e+00,0.00000000e+00,0.00000000e+00,0.00000000e+00,0.00000000e+00,0.00000000e+00,0.00000000e+00,0.00000000e+00,0.00000000e+00,0.00000000e+00,0.00000000e+00,0.00000000e+00,0.00000000e+00,0.00000000e+00,0.00000000e+00,0.00000000e+00,0.00000000e+00,0.00000000e+00,0.00000000e+00,0.00000000e+00,0.00000000e+00,0.00000000e+00,1.24911929e-03
3.10076990e+01,3.07576990e+01,4.21861915e-04,0.00000000e+00,0.00000000e+00,0.00000000e+00,0.00000000e+00,0.00000000e+00,0.00000000e+00,0.00000000e+00,0.00000000e+00,0.00000000e+00,0.00000000e+00,0.00000000e+00,0.00000000e+00,0.00000000e+00,0.00000000e+00,0.00000000e+00,0.00000000e+00,0.00000000e+00,0.00000000e+00,0.00000000e+00,0.00000000e+00,0.00000000e+00,0.00000000e+00,0.00000000e+00,1.24986967e-03
3.11077241e+01,3.08577241e+01,4.19856600e-04,0.00000000e+00,0.00000000e+00,0.00000000e+00,0.00000000e+00,0.00000000e+00,0.00000000e+00,0.00000000e+00,0.00000000e+00,0.00000000e+00,0.00000000e+00,0.00000000e+00,0.00000000e+00,0.00000000e+00,0.00000000e+00,0.00000000e+00,0.00000000e+00,0.00000000e+00,0.00000000e+00,0.00000000e+00,0.00000000e+00,0.00000000e+00,0.00000000e+00,0.00000000e+00,1.25066311e-03
3.12077491e+01,3.09577491e+01,4.15835273e-04,0.00000000e+00,0.00000000e+00,0.00000000e+00,0.00000000e+00,0.00000000e+00,0.00000000e+00,0.00000000e+00,0.00000000e+00,0.00000000e+00,0.00000000e+00,0.00000000e+00,0.00000000e+00,0.00000000e+00,0.00000000e+00,0.00000000e+00,0.00000000e+00,0.00000000e+00,0.00000000e+00,0.00000000e+00,0.00000000e+00,0.00000000e+00,0.00000000e+00,0.00000000e+00,1.25207181e-03
3.13077742e+01,3.10577742e+01,4.12112912e-04,0.00000000e+00,0.00000000e+00,0.00000000e+00,0.00000000e+00,0.00000000e+00,0.00000000e+00,0.00000000e+00,0.00000000e+00,0.00000000e+00,0.00000000e+00,0.00000000e+00,0.00000000e+00,0.00000000e+00,0.00000000e+00,0.00000000e+00,0.00000000e+00,0.00000000e+00,0.00000000e+00,0.00000000e+00,0.00000000e+00,0.00000000e+00,0.00000000e+00,0.00000000e+00,1.25382825e-03
3.14077992e+01,3.11577992e+01,4.08495333e-04,0.00000000e+00,0.00000000e+00,0.00000000e+00,0.00000000e+00,0.00000000e+00,0.00000000e+00,0.00000000e+00,0.00000000e+00,0.00000000e+00,0.00000000e+00,0.00000000e+00,0.00000000e+00,0.00000000e+00,0.00000000e+00,0.00000000e+00,0.00000000e+00,0.00000000e+00,0.00000000e+00,0.00000000e+00,0.00000000e+00,0.00000000e+00,0.00000000e+00,0.00000000e+00,1.25490593e-03
3.15078242e+01,3.12578242e+01,4.10554339e-04,0.00000000e+00,0.00000000e+00,0.00000000e+00,0.00000000e+00,0.00000000e+00,0.00000000e+00,0.00000000e+00,0.00000000e+00,0.00000000e+00,0.00000000e+00,0.00000000e+00,0.00000000e+00,0.00000000e+00,0.00000000e+00,0.00000000e+00,0.00000000e+00,0.00000000e+00,0.00000000e+00,0.00000000e+00,0.00000000e+00,0.00000000e+00,0.00000000e+00,0.00000000e+00,1.25185799e-03
3.16078493e+01,3.13578493e+01,4.00652444e-04,0.00000000e+00,0.00000000e+00,0.00000000e+00,0.00000000e+00,0.00000000e+00,0.00000000e+00,0.00000000e+00,0.00000000e+00,0.00000000e+00,0.00000000e+00,0.00000000e+00,0.00000000e+00,0.00000000e+00,0.00000000e+00,0.00000000e+00,0.00000000e+00,0.00000000e+00,0.00000000e+00,0.00000000e+00,0.00000000e+00,0.00000000e+00,0.00000000e+00,0.00000000e+00,1.25254316e-03
3.17078743e+01,3.14578743e+01,4.00097347e-04,0.00000000e+00,0.00000000e+00,0.00000000e+00,0.00000000e+00,0.00000000e+00,0.00000000e+00,0.00000000e+00,0.00000000e+00,0.00000000e+00,0.00000000e+00,0.00000000e+00,0.00000000e+00,0.00000000e+00,0.00000000e+00,0.00000000e+00,0.00000000e+00,0.00000000e+00,0.00000000e+00,0.00000000e+00,0.00000000e+00,0.00000000e+00,0.00000000e+00,0.00000000e+00,1.25549798e-03
3.18078993e+01,3.15578993e+01,3.98811601e-04,0.00000000e+00,0.00000000e+00,0.00000000e+00,0.00000000e+00,0.00000000e+00,0.00000000e+00,0.00000000e+00,0.00000000e+00,0.00000000e+00,0.00000000e+00,0.00000000e+00,0.00000000e+00,0.00000000e+00,0.00000000e+00,0.00000000e+00,0.00000000e+00,0.00000000e+00,0.00000000e+00,0.00000000e+00,0.00000000e+00,0.00000000e+00,0.00000000e+00,0.00000000e+00,1.25726553e-03
3.19079244e+01,3.16579244e+01,3.96235223e-04,0.00000000e+00,0.00000000e+00,0.00000000e+00,0.00000000e+00,0.00000000e+00,0.00000000e+00,0.00000000e+00,0.00000000e+00,0.00000000e+00,0.00000000e+00,0.00000000e+00,0.00000000e+00,0.00000000e+00,0.00000000e+00,0.00000000e+00,0.00000000e+00,0.00000000e+00,0.00000000e+00,0.00000000e+00,0.00000000e+00,0.00000000e+00,0.00000000e+00,0.00000000e+00,1.25859628e-03
3.20079494e+01,3.17579494e+01,3.86996836e-04,0.00000000e+00,0.00000000e+00,0.00000000e+00,0.00000000e+00,0.00000000e+00,0.00000000e+00,0.00000000e+00,0.00000000e+00,0.00000000e+00,0.00000000e+00,0.00000000e+00,0.00000000e+00,0.00000000e+00,0.00000000e+00,0.00000000e+00,0.00000000e+00,0.00000000e+00,0.00000000e+00,0.00000000e+00,0.00000000e+00,0.00000000e+00,0.00000000e+00,0.00000000e+00,1.26025453e-03
3.21079745e+01,3.18579745e+01,3.82454194e-04,0.00000000e+00,0.00000000e+00,0.00000000e+00,0.00000000e+00,0.00000000e+00,0.00000000e+00,0.00000000e+00,0.00000000e+00,0.00000000e+00,0.00000000e+00,0.00000000e+00,0.00000000e+00,0.00000000e+00,0.00000000e+00,0.00000000e+00,0.00000000e+00,0.00000000e+00,0.00000000e+00,0.00000000e+00,0.00000000e+00,0.00000000e+00,0.00000000e+00,0.00000000e+00,1.26216270e-03
3.22079995e+01,3.19579995e+01,3.80671806e-04,0.00000000e+00,0.00000000e+00,0.00000000e+00,0.00000000e+00,0.00000000e+00,0.00000000e+00,0.00000000e+00,0.00000000e+00,0.00000000e+00,0.00000000e+00,0.00000000e+00,0.00000000e+00,0.00000000e+00,0.00000000e+00,0.00000000e+00,0.00000000e+00,0.00000000e+00,0.00000000e+00,0.00000000e+00,0.00000000e+00,0.00000000e+00,0.00000000e+00,0.00000000e+00,1.26225343e-03
3.23080245e+01,3.20580245e+01,3.79375487e-04,0.00000000e+00,0.00000000e+00,0.00000000e+00,0.00000000e+00,0.00000000e+00,0.00000000e+00,0.00000000e+00,0.00000000e+00,0.00000000e+00,0.00000000e+00,0.00000000e+00,0.00000000e+00,0.00000000e+00,0.00000000e+00,0.00000000e+00,0.00000000e+00,0.00000000e+00,0.00000000e+00,0.00000000e+00,0.00000000e+00,0.00000000e+00,0.00000000e+00,0.00000000e+00,1.26224985e-03
3.24080496e+01,3.21580496e+01,3.72360536e-04,0.00000000e+00,0.00000000e+00,0.00000000e+00,0.00000000e+00,0.00000000e+00,0.00000000e+00,0.00000000e+00,0.00000000e+00,0.00000000e+00,0.00000000e+00,0.00000000e+00,0.00000000e+00,0.00000000e+00,0.00000000e+00,0.00000000e+00,0.00000000e+00,0.00000000e+00,0.00000000e+00,0.00000000e+00,0.00000000e+00,0.00000000e+00,0.00000000e+00,0.00000000e+00,1.26483804e-03
3.25080746e+01,3.22580746e+01,3.65056281e-04,0.00000000e+00,0.00000000e+00,0.00000000e+00,0.00000000e+00,0.00000000e+00,0.00000000e+00,0.00000000e+00,0.00000000e+00,0.00000000e+00,0.00000000e+00,0.00000000e+00,0.00000000e+00,0.00000000e+00,0.00000000e+00,0.00000000e+00,0.00000000e+00,0.00000000e+00,0.00000000e+00,0.00000000e+00,0.00000000e+00,0.00000000e+00,0.00000000e+00,0.00000000e+00,1.26192701e-03
3.26080996e+01,3.23580996e+01,3.67343613e-04,0.00000000e+00,0.00000000e+00,0.00000000e+00,0.00000000e+00,0.00000000e+00,0.00000000e+00,0.00000000e+00,0.00000000e+00,0.00000000e+00,0.00000000e+00,0.00000000e+00,0.00000000e+00,0.00000000e+00,0.00000000e+00,0.00000000e+00,0.00000000e+00,0.00000000e+00,0.00000000e+00,0.00000000e+00,0.00000000e+00,0.00000000e+00,0.00000000e+00,0.00000000e+00,1.26143799e-03
3.27081247e+01,3.24581247e+01,3.60572208e-04,0.00000000e+00,0.00000000e+00,0.00000000e+00,0.00000000e+00,0.00000000e+00,0.00000000e+00,0.00000000e+00,0.00000000e+00,0.00000000e+00,0.00000000e+00,0.00000000e+00,0.00000000e+00,0.00000000e+00,0.00000000e+00,0.00000000e+00,0.00000000e+00,0.00000000e+00,0.00000000e+00,0.00000000e+00,0.00000000e+00,0.00000000e+00,0.00000000e+00,0.00000000e+00,1.26886852e-03
3.28081497e+01,3.25581497e+01,3.60894639e-04,0.00000000e+00,0.00000000e+00,0.00000000e+00,0.00000000e+00,0.00000000e+00,0.00000000e+00,0.00000000e+00,0.00000000e+00,0.00000000e+00,0.00000000e+00,0.00000000e+00,0.00000000e+00,0.00000000e+00,0.00000000e+00,0.00000000e+00,0.00000000e+00,0.00000000e+00,0.00000000e+00,0.00000000e+00,0.00000000e+00,0.00000000e+00,0.00000000e+00,0.00000000e+00,1.26406429e-03
3.29081748e+01,3.26581748e+01,3.59056705e-04,0.00000000e+00,0.00000000e+00,0.00000000e+00,0.00000000e+00,0.00000000e+00,0.00000000e+00,0.00000000e+00,0.00000000e+00,0.00000000e+00,0.00000000e+00,0.00000000e+00,0.00000000e+00,0.00000000e+00,0.00000000e+00,0.00000000e+00,0.00000000e+00,0.00000000e+00,0.00000000e+00,0.00000000e+00,0.00000000e+00,0.00000000e+00,0.00000000e+00,0.00000000e+00,1.26515092e-03
3.30081998e+01,3.27581998e+01,3.54577438e-04,0.00000000e+00,0.00000000e+00,0.00000000e+00,0.00000000e+00,0.00000000e+00,0.00000000e+00,0.00000000e+00,0.00000000e+00,0.00000000e+00,0.00000000e+00,0.00000000e+00,0.00000000e+00,0.00000000e+00,0.00000000e+00,0.00000000e+00,0.00000000e+00,0.00000000e+00,0.00000000e+00,0.00000000e+00,0.00000000e+00,0.00000000e+00,0.00000000e+00,0.00000000e+00,1.26711126e-03
3.31082248e+01,3.28582248e+01,3.49686154e-04,0.00000000e+00,0.00000000e+00,0.00000000e+00,0.00000000e+00,0.00000000e+00,0.00000000e+00,0.00000000e+00,0.00000000e+00,0.00000000e+00,0.00000000e+00,0.00000000e+00,0.00000000e+00,0.00000000e+00,0.00000000e+00,0.00000000e+00,0.00000000e+00,0.00000000e+00,0.00000000e+00,0.00000000e+00,0.00000000e+00,0.00000000e+00,0.00000000e+00,0.00000000e+00,1.26946162e-03
3.32082499e+01,3.29582499e+01,3.47344197e-04,0.00000000e+00,0.00000000e+00,0.00000000e+00,0.00000000e+00,0.00000000e+00,0.00000000e+00,0.00000000e+00,0.00000000e+00,0.00000000e+00,0.00000000e+00,0.00000000e+00,0.00000000e+00,0.00000000e+00,0.00000000e+00,0.00000000e+00,0.00000000e+00,0.00000000e+00,0.00000000e+00,0.00000000e+00,0.00000000e+00,0.00000000e+00,0.00000000e+00,0.00000000e+00,1.26942439e-03
3.33082749e+01,3.30582749e+01,3.46122700e-04,0.00000000e+00,0.00000000e+00,0.00000000e+00,0.00000000e+00,0.00000000e+00,0.00000000e+00,0.00000000e+00,0.00000000e+00,0.00000000e+00,0.00000000e+00,0.00000000e+00,0.00000000e+00,0.00000000e+00,0.00000000e+00,0.00000000e+00,0.00000000e+00,0.00000000e+00,0.00000000e+00,0.00000000e+00,0.00000000e+00,0.00000000e+00,0.00000000e+00,0.00000000e+00,1.27129498e-03
3.34082999e+01,3.31582999e+01,3.39850630e-04,0.00000000e+00,0.00000000e+00,0.00000000e+00,0.00000000e+00,0.00000000e+00,0.00000000e+00,0.00000000e+00,0.00000000e+00,0.00000000e+00,0.00000000e+00,0.00000000e+00,0.00000000e+00,0.00000000e+00,0.00000000e+00,0.00000000e+00,0.00000000e+00,0.00000000e+00,0.00000000e+00,0.00000000e+00,0.00000000e+00,0.00000000e+00,0.00000000e+00,0.00000000e+00,1.26971061e-03
3.35083250e+01,3.32583250e+01,3.35519642e-04,0.00000000e+00,0.00000000e+00,0.00000000e+00,0.00000000e+00,0.00000000e+00,0.00000000e+00,0.00000000e+00,0.00000000e+00,0.00000000e+00,0.00000000e+00,0.00000000e+00,0.00000000e+00,0.00000000e+00,0.00000000e+00,0.00000000e+00,0.00000000e+00,0.00000000e+00,0.00000000e+00,0.00000000e+00,0.00000000e+00,0.00000000e+00,0.00000000e+00,0.00000000e+00,1.26954913e-03
3.36083500e+01,3.33583500e+01,3.30190521e-04,0.00000000e+00,0.00000000e+00,0.00000000e+00,0.00000000e+00,0.00000000e+00,0.00000000e+00,0.00000000e+00,0.00000000e+00,0.00000000e+00,0.00000000e+00,0.00000000e+00,0.00000000e+00,0.00000000e+00,0.00000000e+00,0.00000000e+00,0.00000000e+00,0.00000000e+00,0.00000000e+00,0.00000000e+00,0.00000000e+00,0.00000000e+00,0.00000000e+00,0.00000000e+00,1.27029106e-03
3.37083751e+01,3.34583751e+01,3.28985253e-04,0.00000000e+00,0.00000000e+00,0.00000000e+00,0.00000000e+00,0.00000000e+00,0.00000000e+00,0.00000000e+00,0.00000000e+00,0.00000000e+00,0.00000000e+00,0.00000000e+00,0.00000000e+00,0.00000000e+00,0.00000000e+00,0.00000000e+00,0.00000000e+00,0.00000000e+00,0.00000000e+00,0.00000000e+00,0.00000000e+00,0.00000000e+00,0.00000000e+00,0.00000000e+00,1.27639008e-03
3.38084001e+01,3.35584001e+01,3.28680509e-04,0.00000000e+00,0.00000000e+00,0.00000000e+00,0.00000000e+00,0.00000000e+00,0.00000000e+00,0.00000000e+00,0.00000000e+00,0.00000000e+00,0.00000000e+00,0.00000000e+00,0.00000000e+00,0.00000000e+00,0.00000000e+00,0.00000000e+00,0.00000000e+00,0.00000000e+00,0.00000000e+00,0.00000000e+00,0.00000000e+00,0.00000000e+00,0.00000000e+00,0.00000000e+00,1.27879010e-03
3.39084251e+01,3.36584251e+01,3.31552516e-04,0.00000000e+00,0.00000000e+00,0.00000000e+00,0.00000000e+00,0.00000000e+00,0.00000000e+00,0.00000000e+00,0.00000000e+00,0.00000000e+00,0.00000000e+00,0.00000000e+00,0.00000000e+00,0.00000000e+00,0.00000000e+00,0.00000000e+00,0.00000000e+00,0.00000000e+00,0.00000000e+00,0.00000000e+00,0.00000000e+00,0.00000000e+00,0.00000000e+00,0.00000000e+00,1.27784830e-03
3.40084502e+01,3.37584502e+01,3.22878493e-04,0.00000000e+00,0.00000000e+00,0.00000000e+00,0.00000000e+00,0.00000000e+00,0.00000000e+00,0.00000000e+00,0.00000000e+00,0.00000000e+00,0.00000000e+00,0.00000000e+00,0.00000000e+00,0.00000000e+00,0.00000000e+00,0.00000000e+00,0.00000000e+00,0.00000000e+00,0.00000000e+00,0.00000000e+00,0.00000000e+00,0.00000000e+00,0.00000000e+00,0.00000000e+00,1.27314467e-03
3.41084752e+01,3.38584752e+01,3.19005261e-04,0.00000000e+00,0.00000000e+00,0.00000000e+00,0.00000000e+00,0.00000000e+00,0.00000000e+00,0.00000000e+00,0.00000000e+00,0.00000000e+00,0.00000000e+00,0.00000000e+00,0.00000000e+00,0.00000000e+00,0.00000000e+00,0.00000000e+00,0.00000000e+00,0.00000000e+00,0.00000000e+00,0.00000000e+00,0.00000000e+00,0.00000000e+00,0.00000000e+00,0.00000000e+00,1.27832120e-03
3.42085003e+01,3.39585003e+01,3.13018118e-04,0.00000000e+00,0.00000000e+00,0.00000000e+00,0.00000000e+00,0.00000000e+00,0.00000000e+00,0.00000000e+00,0.00000000e+00,0.00000000e+00,0.00000000e+00,0.00000000e+00,0.00000000e+00,0.00000000e+00,0.00000000e+00,0.00000000e+00,0.00000000e+00,0.00000000e+00,0.00000000e+00,0.00000000e+00,0.00000000e+00,0.00000000e+00,0.00000000e+00,0.00000000e+00,1.27640845e-03
3.43085253e+01,3.40585253e+01,3.08601515e-04,0.00000000e+00,0.00000000e+00,0.00000000e+00,0.00000000e+00,0.00000000e+00,0.00000000e+00,0.00000000e+00,0.00000000e+00,0.00000000e+00,0.00000000e+00,0.00000000e+00,0.00000000e+00,0.00000000e+00,0.00000000e+00,0.00000000e+00,0.00000000e+00,0.00000000e+00,0.00000000e+00,0.00000000e+00,0.00000000e+00,0.00000000e+00,0.00000000e+00,0.00000000e+00,1.27409016e-03
3.44085503e+01,3.41585503e+01,3.11228307e-04,0.00000000e+00,0.00000000e+00,0.00000000e+00,0.00000000e+00,0.00000000e+00,0.00000000e+00,0.00000000e+00,0.00000000e+00,0.00000000e+00,0.00000000e+00,0.00000000e+00,0.00000000e+00,0.00000000e+00,0.00000000e+00,0.00000000e+00,0.00000000e+00,0.00000000e+00,0.00000000e+00,0.00000000e+00,0.00000000e+00,0.00000000e+00,0.00000000e+00,0.00000000e+00,1.27680276e-03
3.45085754e+01,3.42585754e+01,3.04368925e-04,0.00000000e+00,0.00000000e+00,0.00000000e+00,0.00000000e+00,0.00000000e+00,0.00000000e+00,0.00000000e+00,0.00000000e+00,0.00000000e+00,0.00000000e+00,0.00000000e+00,0.00000000e+00,0.00000000e+00,0.00000000e+00,0.00000000e+00,0.00000000e+00,0.00000000e+00,0.00000000e+00,0.00000000e+00,0.00000000e+00,0.00000000e+00,0.00000000e+00,0.00000000e+00,1.27580217e-03
3.46086004e+01,3.43586004e+01,2.98613709e-04,0.00000000e+00,0.00000000e+00,0.00000000e+00,0.00000000e+00,0.00000000e+00,0.00000000e+00,0.00000000e+00,0.00000000e+00,0.00000000e+00,0.00000000e+00,0.00000000e+00,0.00000000e+00,0.00000000e+00,0.00000000e+00,0.00000000e+00,0.00000000e+00,0.00000000e+00,0.00000000e+00,0.00000000e+00,0.00000000e+00,0.00000000e+00,0.00000000e+00,0.00000000e+00,1.27662297e-03
3.47086254e+01,3.44586254e+01,2.94929056e-04,0.00000000e+00,0.00000000e+00,0.00000000e+00,0.00000000e+00,0.00000000e+00,0.00000000e+00,0.00000000e+00,0.00000000e+00,0.00000000e+00,0.00000000e+00,0.00000000e+00,0.00000000e+00,0.00000000e+00,0.00000000e+00,0.00000000e+00,0.00000000e+00,0.00000000e+00,0.00000000e+00,0.00000000e+00,0.00000000e+00,0.00000000e+00,0.00000000e+00,0.00000000e+00,1.27859029e-03
3.48086505e+01,3.45586505e+01,2.92570418e-04,0.00000000e+00,0.00000000e+00,0.00000000e+00,0.00000000e+00,0.00000000e+00,0.00000000e+00,0.00000000e+00,0.00000000e+00,0.00000000e+00,0.00000000e+00,0.00000000e+00,0.00000000e+00,0.00000000e+00,0.00000000e+00,0.00000000e+00,0.00000000e+00,0.00000000e+00,0.00000000e+00,0.00000000e+00,0.00000000e+00,0.00000000e+00,0.00000000e+00,0.00000000e+00,1.28032538e-03
3.49086755e+01,3.46586755e+01,2.93390679e-04,0.00000000e+00,0.00000000e+00,0.00000000e+00,0.00000000e+00,0.00000000e+00,0.00000000e+00,0.00000000e+00,0.00000000e+00,0.00000000e+00,0.00000000e+00,0.00000000e+00,0.00000000e+00,0.00000000e+00,0.00000000e+00,0.00000000e+00,0.00000000e+00,0.00000000e+00,0.00000000e+00,0.00000000e+00,0.00000000e+00,0.00000000e+00,0.00000000e+00,0.00000000e+00,1.27961588e-03
3.50087006e+01,3.47587006e+01,2.86733774e-04,0.00000000e+00,0.00000000e+00,0.00000000e+00,0.00000000e+00,0.00000000e+00,0.00000000e+00,0.00000000e+00,0.00000000e+00,0.00000000e+00,0.00000000e+00,0.00000000e+00,0.00000000e+00,0.00000000e+00,0.00000000e+00,0.00000000e+00,0.00000000e+00,0.00000000e+00,0.00000000e+00,0.00000000e+00,0.00000000e+00,0.00000000e+00,0.00000000e+00,0.00000000e+00,1.28191692e-03
3.51087256e+01,3.48587256e+01,2.83369981e-04,0.00000000e+00,0.00000000e+00,0.00000000e+00,0.00000000e+00,0.00000000e+00,0.00000000e+00,0.00000000e+00,0.00000000e+00,0.00000000e+00,0.00000000e+00,0.00000000e+00,0.00000000e+00,0.00000000e+00,0.00000000e+00,0.00000000e+00,0.00000000e+00,0.00000000e+00,0.00000000e+00,0.00000000e+00,0.00000000e+00,0.00000000e+00,0.00000000e+00,0.00000000e+00,1.28043941e-03
3.52087506e+01,3.49587506e+01,2.81940959e-04,0.00000000e+00,0.00000000e+00,0.00000000e+00,0.00000000e+00,0.00000000e+00,0.00000000e+00,0.00000000e+00,0.00000000e+00,0.00000000e+00,0.00000000e+00,0.00000000e+00,0.00000000e+00,0.00000000e+00,0.00000000e+00,0.00000000e+00,0.00000000e+00,0.00000000e+00,0.00000000e+00,0.00000000e+00,0.00000000e+00,0.00000000e+00,0.00000000e+00,0.00000000e+00,1.28113517e-03
3.53087757e+01,3.50587757e+01,2.78773385e-04,0.00000000e+00,0.00000000e+00,0.00000000e+00,0.00000000e+00,0.00000000e+00,0.00000000e+00,0.00000000e+00,0.00000000e+00,0.00000000e+00,0.00000000e+00,0.00000000e+00,0.00000000e+00,0.00000000e+00,0.00000000e+00,0.00000000e+00,0.00000000e+00,0.00000000e+00,0.00000000e+00,0.00000000e+00,0.00000000e+00,0.00000000e+00,0.00000000e+00,0.00000000e+00,1.28249437e-03
3.54088007e+01,3.51588007e+01,2.77391001e-04,0.00000000e+00,0.00000000e+00,0.00000000e+00,0.00000000e+00,0.00000000e+00,0.00000000e+00,0.00000000e+00,0.00000000e+00,0.00000000e+00,0.00000000e+00,0.00000000e+00,0.00000000e+00,0.00000000e+00,0.00000000e+00,0.00000000e+00,0.00000000e+00,0.00000000e+00,0.00000000e+00,0.00000000e+00,0.00000000e+00,0.00000000e+00,0.00000000e+00,0.00000000e+00,1.28124802e-03
3.55088257e+01,3.52588257e+01,2.73510433e-04,0.00000000e+00,0.00000000e+00,0.00000000e+00,0.00000000e+00,0.00000000e+00,0.00000000e+00,0.00000000e+00,0.00000000e+00,0.00000000e+00,0.00000000e+00,0.00000000e+00,0.00000000e+00,0.00000000e+00,0.00000000e+00,0.00000000e+00,0.00000000e+00,0.00000000e+00,0.00000000e+00,0.00000000e+00,0.00000000e+00,0.00000000e+00,0.00000000e+00,0.00000000e+00,1.28153515e-03
3.56088508e+01,3.53588508e+01,2.72502735e-04,0.00000000e+00,0.00000000e+00,0.00000000e+00,0.00000000e+00,0.00000000e+00,0.00000000e+00,0.00000000e+00,0.00000000e+00,0.00000000e+00,0.00000000e+00,0.00000000e+00,0.00000000e+00,0.00000000e+00,0.00000000e+00,0.00000000e+00,0.00000000e+00,0.00000000e+00,0.00000000e+00,0.00000000e+00,0.00000000e+00,0.00000000e+00,0.00000000e+00,0.00000000e+00,1.27978729e-03
3.57088758e+01,3.54588758e+01,2.71097484e-04,0.00000000e+00,0.00000000e+00,0.00000000e+00,0.00000000e+00,0.00000000e+00,0.00000000e+00,0.00000000e+00,0.00000000e+00,0.00000000e+00,0.00000000e+00,0.00000000e+00,0.00000000e+00,0.00000000e+00,0.00000000e+00,0.00000000e+00,0.00000000e+00,0.00000000e+00,0.00000000e+00,0.00000000e+00,0.00000000e+00,0.00000000e+00,0.00000000e+00,0.00000000e+00,1.28162859e-03
3.58089009e+01,3.55589009e+01,2.69934647e-04,0.00000000e+00,0.00000000e+00,0.00000000e+00,0.00000000e+00,0.00000000e+00,0.00000000e+00,0.00000000e+00,0.00000000e+00,0.00000000e+00,0.00000000e+00,0.00000000e+00,0.00000000e+00,0.00000000e+00,0.00000000e+00,0.00000000e+00,0.00000000e+00,0.00000000e+00,0.00000000e+00,0.00000000e+00,0.00000000e+00,0.00000000e+00,0.00000000e+00,0.00000000e+00,1.27856456e-03
3.59089259e+01,3.56589259e+01,2.69560037e-04,0.00000000e+00,0.00000000e+00,0.00000000e+00,0.00000000e+00,0.00000000e+00,0.00000000e+00,0.00000000e+00,0.00000000e+00,0.00000000e+00,0.00000000e+00,0.00000000e+00,0.00000000e+00,0.00000000e+00,0.00000000e+00,0.00000000e+00,0.00000000e+00,0.00000000e+00,0.00000000e+00,0.00000000e+00,0.00000000e+00,0.00000000e+00,0.00000000e+00,0.00000000e+00,1.28000094e-03
3.60089509e+01,3.57589509e+01,2.69276940e-04,0.00000000e+00,0.00000000e+00,0.00000000e+00,0.00000000e+00,0.00000000e+00,0.00000000e+00,0.00000000e+00,0.00000000e+00,0.00000000e+00,0.00000000e+00,0.00000000e+00,0.00000000e+00,0.00000000e+00,0.00000000e+00,0.00000000e+00,0.00000000e+00,0.00000000e+00,0.00000000e+00,0.00000000e+00,0.00000000e+00,0.00000000e+00,0.00000000e+00,0.00000000e+00,1.28336803e-03
3.61089760e+01,3.58589760e+01,2.66893759e-04,0.00000000e+00,0.00000000e+00,0.00000000e+00,0.00000000e+00,0.00000000e+00,0.00000000e+00,0.00000000e+00,0.00000000e+00,0.00000000e+00,0.00000000e+00,0.00000000e+00,0.00000000e+00,0.00000000e+00,0.00000000e+00,0.00000000e+00,0.00000000e+00,0.00000000e+00,0.00000000e+00,0.00000000e+00,0.00000000e+00,0.00000000e+00,0.00000000e+00,0.00000000e+00,1.28563697e-03
3.62090010e+01,3.59590010e+01,2.65476126e-04,0.00000000e+00,0.00000000e+00,0.00000000e+00,0.00000000e+00,0.00000000e+00,0.00000000e+00,0.00000000e+00,0.00000000e+00,0.00000000e+00,0.00000000e+00,0.00000000e+00,0.00000000e+00,0.00000000e+00,0.00000000e+00,0.00000000e+00,0.00000000e+00,0.00000000e+00,0.00000000e+00,0.00000000e+00,0.00000000e+00,0.00000000e+00,0.00000000e+00,0.00000000e+00,1.28880302e-03
3.63090260e+01,3.60590260e+01,2.62512879e-04,0.00000000e+00,0.00000000e+00,0.00000000e+00,0.00000000e+00,0.00000000e+00,0.00000000e+00,0.00000000e+00,0.00000000e+00,0.00000000e+00,0.00000000e+00,0.00000000e+00,0.00000000e+00,0.00000000e+00,0.00000000e+00,0.00000000e+00,0.00000000e+00,0.00000000e+00,0.00000000e+00,0.00000000e+00,0.00000000e+00,0.00000000e+00,0.00000000e+00,0.00000000e+00,1.28781917e-03
3.64090511e+01,3.61590511e+01,2.57803767e-04,0.00000000e+00,0.00000000e+00,0.00000000e+00,0.00000000e+00,0.00000000e+00,0.00000000e+00,0.00000000e+00,0.00000000e+00,0.00000000e+00,0.00000000e+00,0.00000000e+00,0.00000000e+00,0.00000000e+00,0.00000000e+00,0.00000000e+00,0.00000000e+00,0.00000000e+00,0.00000000e+00,0.00000000e+00,0.00000000e+00,0.00000000e+00,0.00000000e+00,0.00000000e+00,1.28922375e-03
3.65090761e+01,3.62590761e+01,2.57767739e-04,0.00000000e+00,0.00000000e+00,0.00000000e+00,0.00000000e+00,0.00000000e+00,0.00000000e+00,0.00000000e+00,0.00000000e+00,0.00000000e+00,0.00000000e+00,0.00000000e+00,0.00000000e+00,0.00000000e+00,0.00000000e+00,0.00000000e+00,0.00000000e+00,0.00000000e+00,0.00000000e+00,0.00000000e+00,0.00000000e+00,0.00000000e+00,0.00000000e+00,0.00000000e+00,1.28919943e-03
3.66091012e+01,3.63591012e+01,2.57476218e-04,0.00000000e+00,0.00000000e+00,0.00000000e+00,0.00000000e+00,0.00000000e+00,0.00000000e+00,0.00000000e+00,0.00000000e+00,0.00000000e+00,0.00000000e+00,0.00000000e+00,0.00000000e+00,0.00000000e+00,0.00000000e+00,0.00000000e+00,0.00000000e+00,0.00000000e+00,0.00000000e+00,0.00000000e+00,0.00000000e+00,0.00000000e+00,0.00000000e+00,0.00000000e+00,1.28972882e-03
3.67091262e+01,3.64591262e+01,2.50224708e-04,0.00000000e+00,0.00000000e+00,0.00000000e+00,0.00000000e+00,0.00000000e+00,0.00000000e+00,0.00000000e+00,0.00000000e+00,0.00000000e+00,0.00000000e+00,0.00000000e+00,0.00000000e+00,0.00000000e+00,0.00000000e+00,0.00000000e+00,0.00000000e+00,0.00000000e+00,0.00000000e+00,0.00000000e+00,0.00000000e+00,0.00000000e+00,0.00000000e+00,0.00000000e+00,1.28677124e-03
3.68091512e+01,3.65591512e+01,2.46565336e-04,0.00000000e+00,0.00000000e+00,0.00000000e+00,0.00000000e+00,0.00000000e+00,0.00000000e+00,0.00000000e+00,0.00000000e+00,0.00000000e+00,0.00000000e+00,0.00000000e+00,0.00000000e+00,0.00000000e+00,0.00000000e+00,0.00000000e+00,0.00000000e+00,0.00000000e+00,0.00000000e+00,0.00000000e+00,0.00000000e+00,0.00000000e+00,0.00000000e+00,0.00000000e+00,1.29125070e-03
3.69091763e+01,3.66591763e+01,2.47932982e-04,0.00000000e+00,0.00000000e+00,0.00000000e+00,0.00000000e+00,0.00000000e+00,0.00000000e+00,0.00000000e+00,0.00000000e+00,0.00000000e+00,0.00000000e+00,0.00000000e+00,0.00000000e+00,0.00000000e+00,0.00000000e+00,0.00000000e+00,0.00000000e+00,0.00000000e+00,0.00000000e+00,0.00000000e+00,0.00000000e+00,0.00000000e+00,0.00000000e+00,0.00000000e+00,1.28687831e-03
3.70092013e+01,3.67592013e+01,2.47833480e-04,0.00000000e+00,0.00000000e+00,0.00000000e+00,0.00000000e+00,0.00000000e+00,0.00000000e+00,0.00000000e+00,0.00000000e+00,0.00000000e+00,0.00000000e+00,0.00000000e+00,0.00000000e+00,0.00000000e+00,0.00000000e+00,0.00000000e+00,0.00000000e+00,0.00000000e+00,0.00000000e+00,0.00000000e+00,0.00000000e+00,0.00000000e+00,0.00000000e+00,0.00000000e+00,1.28812686e-03
3.71092263e+01,3.68592263e+01,2.40079522e-04,0.00000000e+00,0.00000000e+00,0.00000000e+00,0.00000000e+00,0.00000000e+00,0.00000000e+00,0.00000000e+00,0.00000000e+00,0.00000000e+00,0.00000000e+00,0.00000000e+00,0.00000000e+00,0.00000000e+00,0.00000000e+00,0.00000000e+00,0.00000000e+00,0.00000000e+00,0.00000000e+00,0.00000000e+00,0.00000000e+00,0.00000000e+00,0.00000000e+00,0.00000000e+00,1.28789783e-03
3.72092514e+01,3.69592514e+01,2.41796659e-04,0.00000000e+00,0.00000000e+00,0.00000000e+00,0.00000000e+00,0.00000000e+00,0.00000000e+00,0.00000000e+00,0.00000000e+00,0.00000000e+00,0.00000000e+00,0.00000000e+00,0.00000000e+00,0.00000000e+00,0.00000000e+00,0.00000000e+00,0.00000000e+00,0.00000000e+00,0.00000000e+00,0.00000000e+00,0.00000000e+00,0.00000000e+00,0.00000000e+00,0.00000000e+00,1.28524414e-03
3.73092764e+01,3.70592764e+01,2.38520579e-04,0.00000000e+00,0.00000000e+00,0.00000000e+00,0.00000000e+00,0.00000000e+00,0.00000000e+00,0.00000000e+00,0.00000000e+00,0.00000000e+00,0.00000000e+00,0.00000000e+00,0.00000000e+00,0.00000000e+00,0.00000000e+00,0.00000000e+00,0.00000000e+00,0.00000000e+00,0.00000000e+00,0.00000000e+00,0.00000000e+00,0.00000000e+00,0.00000000e+00,0.00000000e+00,1.28839215e-03
3.74093015e+01,3.71593015e+01,2.36520362e-04,0.00000000e+00,0.00000000e+00,0.00000000e+00,0.00000000e+00,0.00000000e+00,0.00000000e+00,0.00000000e+00,0.00000000e+00,0.00000000e+00,0.00000000e+00,0.00000000e+00,0.00000000e+00,0.00000000e+00,0.00000000e+00,0.00000000e+00,0.00000000e+00,0.00000000e+00,0.00000000e+00,0.00000000e+00,0.00000000e+00,0.00000000e+00,0.00000000e+00,0.00000000e+00,1.28797465e-03
3.75093265e+01,3.72593265e+01,2.32321737e-04,0.00000000e+00,0.00000000e+00,0.00000000e+00,0.00000000e+00,0.00000000e+00,0.00000000e+00,0.00000000e+00,0.00000000e+00,0.00000000e+00,0.00000000e+00,0.00000000e+00,0.00000000e+00,0.00000000e+00,0.00000000e+00,0.00000000e+00,0.00000000e+00,0.00000000e+00,0.00000000e+00,0.00000000e+00,0.00000000e+00,0.00000000e+00,0.00000000e+00,0.00000000e+00,1.29176753e-03
3.76093515e+01,3.73593515e+01,2.29395606e-04,0.00000000e+00,0.00000000e+00,0.00000000e+00,0.00000000e+00,0.00000000e+00,0.00000000e+00,0.00000000e+00,0.00000000e+00,0.00000000e+00,0.00000000e+00,0.00000000e+00,0.00000000e+00,0.00000000e+00,0.00000000e+00,0.00000000e+00,0.00000000e+00,0.00000000e+00,0.00000000e+00,0.00000000e+00,0.00000000e+00,0.00000000e+00,0.00000000e+00,0.00000000e+00,1.29141899e-03
3.77093766e+01,3.74593766e+01,2.28227422e-04,0.00000000e+00,0.00000000e+00,0.00000000e+00,0.00000000e+00,0.00000000e+00,0.00000000e+00,0.00000000e+00,0.00000000e+00,0.00000000e+00,0.00000000e+00,0.00000000e+00,0.00000000e+00,0.00000000e+00,0.00000000e+00,0.00000000e+00,0.00000000e+00,0.00000000e+00,0.00000000e+00,0.00000000e+00,0.00000000e+00,0.00000000e+00,0.00000000e+00,0.00000000e+00,1.29157080e-03
3.78094016e+01,3.75594016e+01,2.25813153e-04,0.00000000e+00,0.00000000e+00,0.00000000e+00,0.00000000e+00,0.00000000e+00,0.00000000e+00,0.00000000e+00,0.00000000e+00,0.00000000e+00,0.00000000e+00,0.00000000e+00,0.00000000e+00,0.00000000e+00,0.00000000e+00,0.00000000e+00,0.00000000e+00,0.00000000e+00,0.00000000e+00,0.00000000e+00,0.00000000e+00,0.00000000e+00,0.00000000e+00,0.00000000e+00,1.28987723e-03
3.79094266e+01,3.76594266e+01,2.28558011e-04,0.00000000e+00,0.00000000e+00,0.00000000e+00,0.00000000e+00,0.00000000e+00,0.00000000e+00,0.00000000e+00,0.00000000e+00,0.00000000e+00,0.00000000e+00,0.00000000e+00,0.00000000e+00,0.00000000e+00,0.00000000e+00,0.00000000e+00,0.00000000e+00,0.00000000e+00,0.00000000e+00,0.00000000e+00,0.00000000e+00,0.00000000e+00,0.00000000e+00,0.00000000e+00,1.28923576e-03
3.80094517e+01,3.77594517e+01,2.22982455e-04,0.00000000e+00,0.00000000e+00,0.00000000e+00,0.00000000e+00,0.00000000e+00,0.00000000e+00,0.00000000e+00,0.00000000e+00,0.00000000e+00,0.00000000e+00,0.00000000e+00,0.00000000e+00,0.00000000e+00,0.00000000e+00,0.00000000e+00,0.00000000e+00,0.00000000e+00,0.00000000e+00,0.00000000e+00,0.00000000e+00,0.00000000e+00,0.00000000e+00,0.00000000e+00,1.28893891e-03
3.81094767e+01,3.78594767e+01,2.21154945e-04,0.00000000e+00,0.00000000e+00,0.00000000e+00,0.00000000e+00,0.00000000e+00,0.00000000e+00,0.00000000e+00,0.00000000e+00,0.00000000e+00,0.00000000e+00,0.00000000e+00,0.00000000e+00,0.00000000e+00,0.00000000e+00,0.00000000e+00,0.00000000e+00,0.00000000e+00,0.00000000e+00,0.00000000e+00,0.00000000e+00,0.00000000e+00,0.00000000e+00,0.00000000e+00,1.28787432e-03
3.82095018e+01,3.79595018e+01,2.20544966e-04,0.00000000e+00,0.00000000e+00,0.00000000e+00,0.00000000e+00,0.00000000e+00,0.00000000e+00,0.00000000e+00,0.00000000e+00,0.00000000e+00,0.00000000e+00,0.00000000e+00,0.00000000e+00,0.00000000e+00,0.00000000e+00,0.00000000e+00,0.00000000e+00,0.00000000e+00,0.00000000e+00,0.00000000e+00,0.00000000e+00,0.00000000e+00,0.00000000e+00,0.00000000e+00,1.28838061e-03
3.83095268e+01,3.80595268e+01,2.18541981e-04,0.00000000e+00,0.00000000e+00,0.00000000e+00,0.00000000e+00,0.00000000e+00,0.00000000e+00,0.00000000e+00,0.00000000e+00,0.00000000e+00,0.00000000e+00,0.00000000e+00,0.00000000e+00,0.00000000e+00,0.00000000e+00,0.00000000e+00,0.00000000e+00,0.00000000e+00,0.00000000e+00,0.00000000e+00,0.00000000e+00,0.00000000e+00,0.00000000e+00,0.00000000e+00,1.29049569e-03
3.84095518e+01,3.81595518e+01,2.16994408e-04,0.00000000e+00,0.00000000e+00,0.00000000e+00,0.00000000e+00,0.00000000e+00,0.00000000e+00,0.00000000e+00,0.00000000e+00,0.00000000e+00,0.00000000e+00,0.00000000e+00,0.00000000e+00,0.00000000e+00,0.00000000e+00,0.00000000e+00,0.00000000e+00,0.00000000e+00,0.00000000e+00,0.00000000e+00,0.00000000e+00,0.00000000e+00,0.00000000e+00,0.00000000e+00,1.28984540e-03
3.85095769e+01,3.82595769e+01,2.14633304e-04,0.00000000e+00,0.00000000e+00,0.00000000e+00,0.00000000e+00,0.00000000e+00,0.00000000e+00,0.00000000e+00,0.00000000e+00,0.00000000e+00,0.00000000e+00,0.00000000e+00,0.00000000e+00,0.00000000e+00,0.00000000e+00,0.00000000e+00,0.00000000e+00,0.00000000e+00,0.00000000e+00,0.00000000e+00,0.00000000e+00,0.00000000e+00,0.00000000e+00,0.00000000e+00,1.28982413e-03
3.86096019e+01,3.83596019e+01,2.12445582e-04,0.00000000e+00,0.00000000e+00,0.00000000e+00,0.00000000e+00,0.00000000e+00,0.00000000e+00,0.00000000e+00,0.00000000e+00,0.00000000e+00,0.00000000e+00,0.00000000e+00,0.00000000e+00,0.00000000e+00,0.00000000e+00,0.00000000e+00,0.00000000e+00,0.00000000e+00,0.00000000e+00,0.00000000e+00,0.00000000e+00,0.00000000e+00,0.00000000e+00,0.00000000e+00,1.28974360e-03
3.87096269e+01,3.84596269e+01,2.08618130e-04,0.00000000e+00,0.00000000e+00,0.00000000e+00,0.00000000e+00,0.00000000e+00,0.00000000e+00,0.00000000e+00,0.00000000e+00,0.00000000e+00,0.00000000e+00,0.00000000e+00,0.00000000e+00,0.00000000e+00,0.00000000e+00,0.00000000e+00,0.00000000e+00,0.00000000e+00,0.00000000e+00,0.00000000e+00,0.00000000e+00,0.00000000e+00,0.00000000e+00,0.00000000e+00,1.29094251e-03
3.88096520e+01,3.85596520e+01,2.10749928e-04,0.00000000e+00,0.00000000e+00,0.00000000e+00,0.00000000e+00,0.00000000e+00,0.00000000e+00,0.00000000e+00,0.00000000e+00,0.00000000e+00,0.00000000e+00,0.00000000e+00,0.00000000e+00,0.00000000e+00,0.00000000e+00,0.00000000e+00,0.00000000e+00,0.00000000e+00,0.00000000e+00,0.00000000e+00,0.00000000e+00,0.00000000e+00,0.00000000e+00,0.00000000e+00,1.29015721e-03
3.89096770e+01,3.86596770e+01,2.08951919e-04,0.00000000e+00,0.00000000e+00,0.00000000e+00,0.00000000e+00,0.00000000e+00,0.00000000e+00,0.00000000e+00,0.00000000e+00,0.00000000e+00,0.00000000e+00,0.00000000e+00,0.00000000e+00,0.00000000e+00,0.00000000e+00,0.00000000e+00,0.00000000e+00,0.00000000e+00,0.00000000e+00,0.00000000e+00,0.00000000e+00,0.00000000e+00,0.00000000e+00,0.00000000e+00,1.29259535e-03
3.90097021e+01,3.87597021e+01,2.03063779e-04,0.00000000e+00,0.00000000e+00,0.00000000e+00,0.00000000e+00,0.00000000e+00,0.00000000e+00,0.00000000e+00,0.00000000e+00,0.00000000e+00,0.00000000e+00,0.00000000e+00,0.00000000e+00,0.00000000e+00,0.00000000e+00,0.00000000e+00,0.00000000e+00,0.00000000e+00,0.00000000e+00,0.00000000e+00,0.00000000e+00,0.00000000e+00,0.00000000e+00,0.00000000e+00,1.29321637e-03
3.91097271e+01,3.88597271e+01,2.01774537e-04,0.00000000e+00,0.00000000e+00,0.00000000e+00,0.00000000e+00,0.00000000e+00,0.00000000e+00,0.00000000e+00,0.00000000e+00,0.00000000e+00,0.00000000e+00,0.00000000e+00,0.00000000e+00,0.00000000e+00,0.00000000e+00,0.00000000e+00,0.00000000e+00,0.00000000e+00,0.00000000e+00,0.00000000e+00,0.00000000e+00,0.00000000e+00,0.00000000e+00,0.00000000e+00,1.29591837e-03
3.92097521e+01,3.89597521e+01,1.98980841e-04,0.00000000e+00,0.00000000e+00,0.00000000e+00,0.00000000e+00,0.00000000e+00,0.00000000e+00,0.00000000e+00,0.00000000e+00,0.00000000e+00,0.00000000e+00,0.00000000e+00,0.00000000e+00,0.00000000e+00,0.00000000e+00,0.00000000e+00,0.00000000e+00,0.00000000e+00,0.00000000e+00,0.00000000e+00,0.00000000e+00,0.00000000e+00,0.00000000e+00,0.00000000e+00,1.29474944e-03
3.93097772e+01,3.90597772e+01,1.98556519e-04,0.00000000e+00,0.00000000e+00,0.00000000e+00,0.00000000e+00,0.00000000e+00,0.00000000e+00,0.00000000e+00,0.00000000e+00,0.00000000e+00,0.00000000e+00,0.00000000e+00,0.00000000e+00,0.00000000e+00,0.00000000e+00,0.00000000e+00,0.00000000e+00,0.00000000e+00,0.00000000e+00,0.00000000e+00,0.00000000e+00,0.00000000e+00,0.00000000e+00,0.00000000e+00,1.29370937e-03
3.94098022e+01,3.91598022e+01,1.99316187e-04,0.00000000e+00,0.00000000e+00,0.00000000e+00,0.00000000e+00,0.00000000e+00,0.00000000e+00,0.00000000e+00,0.00000000e+00,0.00000000e+00,0.00000000e+00,0.00000000e+00,0.00000000e+00,0.00000000e+00,0.00000000e+00,0.00000000e+00,0.00000000e+00,0.00000000e+00,0.00000000e+00,0.00000000e+00,0.00000000e+00,0.00000000e+00,0.00000000e+00,0.00000000e+00,1.29066047e-03
3.95098272e+01,3.92598272e+01,1.96473196e-04,0.00000000e+00,0.00000000e+00,0.00000000e+00,0.00000000e+00,0.00000000e+00,0.00000000e+00,0.00000000e+00,0.00000000e+00,0.00000000e+00,0.00000000e+00,0.00000000e+00,0.00000000e+00,0.00000000e+00,0.00000000e+00,0.00000000e+00,0.00000000e+00,0.00000000e+00,0.00000000e+00,0.00000000e+00,0.00000000e+00,0.00000000e+00,0.00000000e+00,0.00000000e+00,1.29020592e-03
3.96098523e+01,3.93598523e+01,1.95023277e-04,0.00000000e+00,0.00000000e+00,0.00000000e+00,0.00000000e+00,0.00000000e+00,0.00000000e+00,0.00000000e+00,0.00000000e+00,0.00000000e+00,0.00000000e+00,0.00000000e+00,0.00000000e+00,0.00000000e+00,0.00000000e+00,0.00000000e+00,0.00000000e+00,0.00000000e+00,0.00000000e+00,0.00000000e+00,0.00000000e+00,0.00000000e+00,0.00000000e+00,0.00000000e+00,1.29073188e-03
3.97098773e+01,3.94598773e+01,1.92121596e-04,0.00000000e+00,0.00000000e+00,0.00000000e+00,0.00000000e+00,0.00000000e+00,0.00000000e+00,0.00000000e+00,0.00000000e+00,0.00000000e+00,0.00000000e+00,0.00000000e+00,0.00000000e+00,0.00000000e+00,0.00000000e+00,0.00000000e+00,0.00000000e+00,0.00000000e+00,0.00000000e+00,0.00000000e+00,0.00000000e+00,0.00000000e+00,0.00000000e+00,0.00000000e+00,1.29024108e-03
3.98099024e+01,3.95599024e+01,1.91076617e-04,0.00000000e+00,0.00000000e+00,0.00000000e+00,0.00000000e+00,0.00000000e+00,0.00000000e+00,0.00000000e+00,0.00000000e+00,0.00000000e+00,0.00000000e+00,0.00000000e+00,0.00000000e+00,0.00000000e+00,0.00000000e+00,0.00000000e+00,0.00000000e+00,0.00000000e+00,0.00000000e+00,0.00000000e+00,0.00000000e+00,0.00000000e+00,0.00000000e+00,0.00000000e+00,1.28968618e-03
3.99099274e+01,3.96599274e+01,1.89358933e-04,0.00000000e+00,0.00000000e+00,0.00000000e+00,0.00000000e+00,0.00000000e+00,0.00000000e+00,0.00000000e+00,0.00000000e+00,0.00000000e+00,0.00000000e+00,0.00000000e+00,0.00000000e+00,0.00000000e+00,0.00000000e+00,0.00000000e+00,0.00000000e+00,0.00000000e+00,0.00000000e+00,0.00000000e+00,0.00000000e+00,0.00000000e+00,0.00000000e+00,0.00000000e+00,1.29200494e-03
4.00099524e+01,3.97599524e+01,1.87777432e-04,0.00000000e+00,0.00000000e+00,0.00000000e+00,0.00000000e+00,0.00000000e+00,0.00000000e+00,0.00000000e+00,0.00000000e+00,0.00000000e+00,0.00000000e+00,0.00000000e+00,0.00000000e+00,0.00000000e+00,0.00000000e+00,0.00000000e+00,0.00000000e+00,0.00000000e+00,0.00000000e+00,0.00000000e+00,0.00000000e+00,0.00000000e+00,0.00000000e+00,0.00000000e+00,1.28856253e-03
4.01099775e+01,3.98599775e+01,1.85015936e-04,0.00000000e+00,0.00000000e+00,0.00000000e+00,0.00000000e+00,0.00000000e+00,0.00000000e+00,0.00000000e+00,0.00000000e+00,0.00000000e+00,0.00000000e+00,0.00000000e+00,0.00000000e+00,0.00000000e+00,0.00000000e+00,0.00000000e+00,0.00000000e+00,0.00000000e+00,0.00000000e+00,0.00000000e+00,0.00000000e+00,0.00000000e+00,0.00000000e+00,0.00000000e+00,1.28929462e-03
4.02100025e+01,3.99600025e+01,1.82894614e-04,0.00000000e+00,0.00000000e+00,0.00000000e+00,0.00000000e+00,0.00000000e+00,0.00000000e+00,0.00000000e+00,0.00000000e+00,0.00000000e+00,0.00000000e+00,0.00000000e+00,0.00000000e+00,0.00000000e+00,0.00000000e+00,0.00000000e+00,0.00000000e+00,0.00000000e+00,0.00000000e+00,0.00000000e+00,0.00000000e+00,0.00000000e+00,0.00000000e+00,0.00000000e+00,1.29198850e-03
4.03100275e+01,4.00600275e+01,1.80866147e-04,0.00000000e+00,0.00000000e+00,0.00000000e+00,0.00000000e+00,0.00000000e+00,0.00000000e+00,0.00000000e+00,0.00000000e+00,0.00000000e+00,0.00000000e+00,0.00000000e+00,0.00000000e+00,0.00000000e+00,0.00000000e+00,0.00000000e+00,0.00000000e+00,0.00000000e+00,0.00000000e+00,0.00000000e+00,0.00000000e+00,0.00000000e+00,0.00000000e+00,0.00000000e+00,1.28960420e-03
4.04100526e+01,4.01600526e+01,1.81182684e-04,0.00000000e+00,0.00000000e+00,0.00000000e+00,0.00000000e+00,0.00000000e+00,0.00000000e+00,0.00000000e+00,0.00000000e+00,0.00000000e+00,0.00000000e+00,0.00000000e+00,0.00000000e+00,0.00000000e+00,0.00000000e+00,0.00000000e+00,0.00000000e+00,0.00000000e+00,0.00000000e+00,0.00000000e+00,0.00000000e+00,0.00000000e+00,0.00000000e+00,0.00000000e+00,1.28478777e-03
4.05100776e+01,4.02600776e+01,1.79292097e-04,0.00000000e+00,0.00000000e+00,0.00000000e+00,0.00000000e+00,0.00000000e+00,0.00000000e+00,0.00000000e+00,0.00000000e+00,0.00000000e+00,0.00000000e+00,0.00000000e+00,0.00000000e+00,0.00000000e+00,0.00000000e+00,0.00000000e+00,0.00000000e+00,0.00000000e+00,0.00000000e+00,0.00000000e+00,0.00000000e+00,0.00000000e+00,0.00000000e+00,0.00000000e+00,1.28696183e-03
4.06101027e+01,4.03601027e+01,1.79972070e-04,0.00000000e+00,0.00000000e+00,0.00000000e+00,0.00000000e+00,0.00000000e+00,0.00000000e+00,0.00000000e+00,0.00000000e+00,0.00000000e+00,0.00000000e+00,0.00000000e+00,0.00000000e+00,0.00000000e+00,0.00000000e+00,0.00000000e+00,0.00000000e+00,0.00000000e+00,0.00000000e+00,0.00000000e+00,0.00000000e+00,0.00000000e+00,0.00000000e+00,0.00000000e+00,1.28556969e-03
4.07101277e+01,4.04601277e+01,1.76709627e-04,0.00000000e+00,0.00000000e+00,0.00000000e+00,0.00000000e+00,0.00000000e+00,0.00000000e+00,0.00000000e+00,0.00000000e+00,0.00000000e+00,0.00000000e+00,0.00000000e+00,0.00000000e+00,0.00000000e+00,0.00000000e+00,0.00000000e+00,0.00000000e+00,0.00000000e+00,0.00000000e+00,0.00000000e+00,0.00000000e+00,0.00000000e+00,0.00000000e+00,0.00000000e+00,1.28540606e-03
4.08101527e+01,4.05601527e+01,1.75336232e-04,0.00000000e+00,0.00000000e+00,0.00000000e+00,0.00000000e+00,0.00000000e+00,0.00000000e+00,0.00000000e+00,0.00000000e+00,0.00000000e+00,0.00000000e+00,0.00000000e+00,0.00000000e+00,0.00000000e+00,0.00000000e+00,0.00000000e+00,0.00000000e+00,0.00000000e+00,0.00000000e+00,0.00000000e+00,0.00000000e+00,0.00000000e+00,0.00000000e+00,0.00000000e+00,1.28634785e-03
4.09101778e+01,4.06601778e+01,1.74033900e-04,0.00000000e+00,0.00000000e+00,0.00000000e+00,0.00000000e+00,0.00000000e+00,0.00000000e+00,0.00000000e+00,0.00000000e+00,0.00000000e+00,0.00000000e+00,0.00000000e+00,0.00000000e+00,0.00000000e+00,0.00000000e+00,0.00000000e+00,0.00000000e+00,0.00000000e+00,0.00000000e+00,0.00000000e+00,0.00000000e+00,0.00000000e+00,0.00000000e+00,0.00000000e+00,1.28716407e-03
4.10102028e+01,4.07602028e+01,1.71259315e-04,0.00000000e+00,0.00000000e+00,0.00000000e+00,0.00000000e+00,0.00000000e+00,0.00000000e+00,0.00000000e+00,0.00000000e+00,0.00000000e+00,0.00000000e+00,0.00000000e+00,0.00000000e+00,0.00000000e+00,0.00000000e+00,0.00000000e+00,0.00000000e+00,0.00000000e+00,0.00000000e+00,0.00000000e+00,0.00000000e+00,0.00000000e+00,0.00000000e+00,0.00000000e+00,1.28802647e-03
4.11102278e+01,4.08602278e+01,1.72209462e-04,0.00000000e+00,0.00000000e+00,0.00000000e+00,0.00000000e+00,0.00000000e+00,0.00000000e+00,0.00000000e+00,0.00000000e+00,0.00000000e+00,0.00000000e+00,0.00000000e+00,0.00000000e+00,0.00000000e+00,0.00000000e+00,0.00000000e+00,0.00000000e+00,0.00000000e+00,0.00000000e+00,0.00000000e+00,0.00000000e+00,0.00000000e+00,0.00000000e+00,0.00000000e+00,1.28507718e-03
4.12102529e+01,4.09602529e+01,1.71434309e-04,0.00000000e+00,0.00000000e+00,0.00000000e+00,0.00000000e+00,0.00000000e+00,0.00000000e+00,0.00000000e+00,0.00000000e+00,0.00000000e+00,0.00000000e+00,0.00000000e+00,0.00000000e+00,0.00000000e+00,0.00000000e+00,0.00000000e+00,0.00000000e+00,0.00000000e+00,0.00000000e+00,0.00000000e+00,0.00000000e+00,0.00000000e+00,0.00000000e+00,0.00000000e+00,1.28551809e-03
4.13102779e+01,4.10602779e+01,1.71103999e-04,0.00000000e+00,0.00000000e+00,0.00000000e+00,0.00000000e+00,0.00000000e+00,0.00000000e+00,0.00000000e+00,0.00000000e+00,0.00000000e+00,0.00000000e+00,0.00000000e+00,0.00000000e+00,0.00000000e+00,0.00000000e+00,0.00000000e+00,0.00000000e+00,0.00000000e+00,0.00000000e+00,0.00000000e+00,0.00000000e+00,0.00000000e+00,0.00000000e+00,0.00000000e+00,1.28194720e-03
4.14103030e+01,4.11603030e+01,1.69233228e-04,0.00000000e+00,0.00000000e+00,0.00000000e+00,0.00000000e+00,0.00000000e+00,0.00000000e+00,0.00000000e+00,0.00000000e+00,0.00000000e+00,0.00000000e+00,0.00000000e+00,0.00000000e+00,0.00000000e+00,0.00000000e+00,0.00000000e+00,0.00000000e+00,0.00000000e+00,0.00000000e+00,0.00000000e+00,0.00000000e+00,0.00000000e+00,0.00000000e+00,0.00000000e+00,1.27920198e-03
4.15103280e+01,4.12603280e+01,1.65142754e-04,0.00000000e+00,0.00000000e+00,0.00000000e+00,0.00000000e+00,0.00000000e+00,0.00000000e+00,0.00000000e+00,0.00000000e+00,0.00000000e+00,0.00000000e+00,0.00000000e+00,0.00000000e+00,0.00000000e+00,0.00000000e+00,0.00000000e+00,0.00000000e+00,0.00000000e+00,0.00000000e+00,0.00000000e+00,0.00000000e+00,0.00000000e+00,0.00000000e+00,0.00000000e+00,1.28002664e-03
4.16103530e+01,4.13603530e+01,1.63469748e-04,0.00000000e+00,0.00000000e+00,0.00000000e+00,0.00000000e+00,0.00000000e+00,0.00000000e+00,0.00000000e+00,0.00000000e+00,0.00000000e+00,0.00000000e+00,0.00000000e+00,0.00000000e+00,0.00000000e+00,0.00000000e+00,0.00000000e+00,0.00000000e+00,0.00000000e+00,0.00000000e+00,0.00000000e+00,0.00000000e+00,0.00000000e+00,0.00000000e+00,0.00000000e+00,1.27900697e-03
4.17103781e+01,4.14603781e+01,1.60196424e-04,0.00000000e+00,0.00000000e+00,0.00000000e+00,0.00000000e+00,0.00000000e+00,0.00000000e+00,0.00000000e+00,0.00000000e+00,0.00000000e+00,0.00000000e+00,0.00000000e+00,0.00000000e+00,0.00000000e+00,0.00000000e+00,0.00000000e+00,0.00000000e+00,0.00000000e+00,0.00000000e+00,0.00000000e+00,0.00000000e+00,0.00000000e+00,0.00000000e+00,0.00000000e+00,1.27857679e-03
4.18104031e+01,4.15604031e+01,1.59178808e-04,0.00000000e+00,0.00000000e+00,0.00000000e+00,0.00000000e+00,0.00000000e+00,0.00000000e+00,0.00000000e+00,0.00000000e+00,0.00000000e+00,0.00000000e+00,0.00000000e+00,0.00000000e+00,0.00000000e+00,0.00000000e+00,0.00000000e+00,0.00000000e+00,0.00000000e+00,0.00000000e+00,0.00000000e+00,0.00000000e+00,0.00000000e+00,0.00000000e+00,0.00000000e+00,1.27738317e-03
4.19104281e+01,4.16604281e+01,1.57603187e-04,0.00000000e+00,0.00000000e+00,0.00000000e+00,0.00000000e+00,0.00000000e+00,0.00000000e+00,0.00000000e+00,0.00000000e+00,0.00000000e+00,0.00000000e+00,0.00000000e+00,0.00000000e+00,0.00000000e+00,0.00000000e+00,0.00000000e+00,0.00000000e+00,0.00000000e+00,0.00000000e+00,0.00000000e+00,0.00000000e+00,0.00000000e+00,0.00000000e+00,0.00000000e+00,1.27307168e-03
4.20104532e+01,4.17604532e+01,1.55999700e-04,0.00000000e+00,0.00000000e+00,0.00000000e+00,0.00000000e+00,0.00000000e+00,0.00000000e+00,0.00000000e+00,0.00000000e+00,0.00000000e+00,0.00000000e+00,0.00000000e+00,0.00000000e+00,0.00000000e+00,0.00000000e+00,0.00000000e+00,0.00000000e+00,0.00000000e+00,0.00000000e+00,0.00000000e+00,0.00000000e+00,0.00000000e+00,0.00000000e+00,0.00000000e+00,1.27148972e-03
4.21104782e+01,4.18604782e+01,1.64112482e-04,0.00000000e+00,0.00000000e+00,0.00000000e+00,0.00000000e+00,0.00000000e+00,0.00000000e+00,0.00000000e+00,0.00000000e+00,0.00000000e+00,0.00000000e+00,0.00000000e+00,0.00000000e+00,0.00000000e+00,0.00000000e+00,0.00000000e+00,0.00000000e+00,0.00000000e+00,0.00000000e+00,0.00000000e+00,0.00000000e+00,0.00000000e+00,0.00000000e+00,0.00000000e+00,1.26759004e-03
4.22105033e+01,4.19605033e+01,1.55391348e-04,0.00000000e+00,0.00000000e+00,0.00000000e+00,0.00000000e+00,0.00000000e+00,0.00000000e+00,0.00000000e+00,0.00000000e+00,0.00000000e+00,0.00000000e+00,0.00000000e+00,0.00000000e+00,0.00000000e+00,0.00000000e+00,0.00000000e+00,0.00000000e+00,0.00000000e+00,0.00000000e+00,0.00000000e+00,0.00000000e+00,0.00000000e+00,0.00000000e+00,0.00000000e+00,1.26734516e-03
4.23105283e+01,4.20605283e+01,1.50751710e-04,0.00000000e+00,0.00000000e+00,0.00000000e+00,0.00000000e+00,0.00000000e+00,0.00000000e+00,0.00000000e+00,0.00000000e+00,0.00000000e+00,0.00000000e+00,0.00000000e+00,0.00000000e+00,0.00000000e+00,0.00000000e+00,0.00000000e+00,0.00000000e+00,0.00000000e+00,0.00000000e+00,0.00000000e+00,0.00000000e+00,0.00000000e+00,0.00000000e+00,0.00000000e+00,1.27009133e-03
4.24105533e+01,4.21605533e+01,1.50286280e-04,0.00000000e+00,0.00000000e+00,0.00000000e+00,0.00000000e+00,0.00000000e+00,0.00000000e+00,0.00000000e+00,0.00000000e+00,0.00000000e+00,0.00000000e+00,0.00000000e+00,0.00000000e+00,0.00000000e+00,0.00000000e+00,0.00000000e+00,0.00000000e+00,0.00000000e+00,0.00000000e+00,0.00000000e+00,0.00000000e+00,0.00000000e+00,0.00000000e+00,0.00000000e+00,1.27267470e-03
4.25105784e+01,4.22605784e+01,1.47245283e-04,0.00000000e+00,0.00000000e+00,0.00000000e+00,0.00000000e+00,0.00000000e+00,0.00000000e+00,0.00000000e+00,0.00000000e+00,0.00000000e+00,0.00000000e+00,0.00000000e+00,0.00000000e+00,0.00000000e+00,0.00000000e+00,0.00000000e+00,0.00000000e+00,0.00000000e+00,0.00000000e+00,0.00000000e+00,0.00000000e+00,0.00000000e+00,0.00000000e+00,0.00000000e+00,1.27450757e-03
4.26106034e+01,4.23606034e+01,1.44420382e-04,0.00000000e+00,0.00000000e+00,0.00000000e+00,0.00000000e+00,0.00000000e+00,0.00000000e+00,0.00000000e+00,0.00000000e+00,0.00000000e+00,0.00000000e+00,0.00000000e+00,0.00000000e+00,0.00000000e+00,0.00000000e+00,0.00000000e+00,0.00000000e+00,0.00000000e+00,0.00000000e+00,0.00000000e+00,0.00000000e+00,0.00000000e+00,0.00000000e+00,0.00000000e+00,1.27151179e-03
4.27106284e+01,4.24606284e+01,1.44355393e-04,0.00000000e+00,0.00000000e+00,0.00000000e+00,0.00000000e+00,0.00000000e+00,0.00000000e+00,0.00000000e+00,0.00000000e+00,0.00000000e+00,0.00000000e+00,0.00000000e+00,0.00000000e+00,0.00000000e+00,0.00000000e+00,0.00000000e+00,0.00000000e+00,0.00000000e+00,0.00000000e+00,0.00000000e+00,0.00000000e+00,0.00000000e+00,0.00000000e+00,0.00000000e+00,1.27127717e-03
4.28106535e+01,4.25606535e+01,1.43980890e-04,0.00000000e+00,0.00000000e+00,0.00000000e+00,0.00000000e+00,0.00000000e+00,0.00000000e+00,0.00000000e+00,0.00000000e+00,0.00000000e+00,0.00000000e+00,0.00000000e+00,0.00000000e+00,0.00000000e+00,0.00000000e+00,0.00000000e+00,0.00000000e+00,0.00000000e+00,0.00000000e+00,0.00000000e+00,0.00000000e+00,0.00000000e+00,0.00000000e+00,0.00000000e+00,1.27247715e-03
4.29106785e+01,4.26606785e+01,1.45175905e-04,0.00000000e+00,0.00000000e+00,0.00000000e+00,0.00000000e+00,0.00000000e+00,0.00000000e+00,0.00000000e+00,0.00000000e+00,0.00000000e+00,0.00000000e+00,0.00000000e+00,0.00000000e+00,0.00000000e+00,0.00000000e+00,0.00000000e+00,0.00000000e+00,0.00000000e+00,0.00000000e+00,0.00000000e+00,0.00000000e+00,0.00000000e+00,0.00000000e+00,0.00000000e+00,1.27176509e-03
4.30107036e+01,4.27607036e+01,1.42178903e-04,0.00000000e+00,0.00000000e+00,0.00000000e+00,0.00000000e+00,0.00000000e+00,0.00000000e+00,0.00000000e+00,0.00000000e+00,0.00000000e+00,0.00000000e+00,0.00000000e+00,0.00000000e+00,0.00000000e+00,0.00000000e+00,0.00000000e+00,0.00000000e+00,0.00000000e+00,0.00000000e+00,0.00000000e+00,0.00000000e+00,0.00000000e+00,0.00000000e+00,0.00000000e+00,1.27413920e-03
4.31107286e+01,4.28607286e+01,1.45025064e-04,0.00000000e+00,0.00000000e+00,0.00000000e+00,0.00000000e+00,0.00000000e+00,0.00000000e+00,0.00000000e+00,0.00000000e+00,0.00000000e+00,0.00000000e+00,0.00000000e+00,0.00000000e+00,0.00000000e+00,0.00000000e+00,0.00000000e+00,0.00000000e+00,0.00000000e+00,0.00000000e+00,0.00000000e+00,0.00000000e+00,0.00000000e+00,0.00000000e+00,0.00000000e+00,1.27452962e-03
4.32107536e+01,4.29607536e+01,1.43337990e-04,0.00000000e+00,0.00000000e+00,0.00000000e+00,0.00000000e+00,0.00000000e+00,0.00000000e+00,0.00000000e+00,0.00000000e+00,0.00000000e+00,0.00000000e+00,0.00000000e+00,0.00000000e+00,0.00000000e+00,0.00000000e+00,0.00000000e+00,0.00000000e+00,0.00000000e+00,0.00000000e+00,0.00000000e+00,0.00000000e+00,0.00000000e+00,0.00000000e+00,0.00000000e+00,1.26738146e-03
4.33107787e+01,4.30607787e+01,1.41308908e-04,0.00000000e+00,0.00000000e+00,0.00000000e+00,0.00000000e+00,0.00000000e+00,0.00000000e+00,0.00000000e+00,0.00000000e+00,0.00000000e+00,0.00000000e+00,0.00000000e+00,0.00000000e+00,0.00000000e+00,0.00000000e+00,0.00000000e+00,0.00000000e+00,0.00000000e+00,0.00000000e+00,0.00000000e+00,0.00000000e+00,0.00000000e+00,0.00000000e+00,0.00000000e+00,1.26804960e-03
4.34108037e+01,4.31608037e+01,1.39313945e-04,0.00000000e+00,0.00000000e+00,0.00000000e+00,0.00000000e+00,0.00000000e+00,0.00000000e+00,0.00000000e+00,0.00000000e+00,0.00000000e+00,0.00000000e+00,0.00000000e+00,0.00000000e+00,0.00000000e+00,0.00000000e+00,0.00000000e+00,0.00000000e+00,0.00000000e+00,0.00000000e+00,0.00000000e+00,0.00000000e+00,0.00000000e+00,0.00000000e+00,0.00000000e+00,1.26927532e-03
4.35108287e+01,4.32608287e+01,1.36950349e-04,0.00000000e+00,0.00000000e+00,0.00000000e+00,0.00000000e+00,0.00000000e+00,0.00000000e+00,0.00000000e+00,0.00000000e+00,0.00000000e+00,0.00000000e+00,0.00000000e+00,0.00000000e+00,0.00000000e+00,0.00000000e+00,0.00000000e+00,0.00000000e+00,0.00000000e+00,0.00000000e+00,0.00000000e+00,0.00000000e+00,0.00000000e+00,0.00000000e+00,0.00000000e+00,1.26447523e-03
4.36108538e+01,4.33608538e+01,1.35900399e-04,0.00000000e+00,0.00000000e+00,0.00000000e+00,0.00000000e+00,0.00000000e+00,0.00000000e+00,0.00000000e+00,0.00000000e+00,0.00000000e+00,0.00000000e+00,0.00000000e+00,0.00000000e+00,0.00000000e+00,0.00000000e+00,0.00000000e+00,0.00000000e+00,0.00000000e+00,0.00000000e+00,0.00000000e+00,0.00000000e+00,0.00000000e+00,0.00000000e+00,0.00000000e+00,1.26791848e-03
4.37108788e+01,4.34608788e+01,1.33961676e-04,0.00000000e+00,0.00000000e+00,0.00000000e+00,0.00000000e+00,0.00000000e+00,0.00000000e+00,0.00000000e+00,0.00000000e+00,0.00000000e+00,0.00000000e+00,0.00000000e+00,0.00000000e+00,0.00000000e+00,0.00000000e+00,0.00000000e+00,0.00000000e+00,0.00000000e+00,0.00000000e+00,0.00000000e+00,0.00000000e+00,0.00000000e+00,0.00000000e+00,0.00000000e+00,1.26328700e-03
4.38109039e+01,4.35609039e+01,1.33490260e-04,0.00000000e+00,0.00000000e+00,0.00000000e+00,0.00000000e+00,0.00000000e+00,0.00000000e+00,0.00000000e+00,0.00000000e+00,0.00000000e+00,0.00000000e+00,0.00000000e+00,0.00000000e+00,0.00000000e+00,0.00000000e+00,0.00000000e+00,0.00000000e+00,0.00000000e+00,0.00000000e+00,0.00000000e+00,0.00000000e+00,0.00000000e+00,0.00000000e+00,0.00000000e+00,1.25983709e-03
4.39109289e+01,4.36609289e+01,1.32322657e-04,0.00000000e+00,0.00000000e+00,0.00000000e+00,0.00000000e+00,0.00000000e+00,0.00000000e+00,0.00000000e+00,0.00000000e+00,0.00000000e+00,0.00000000e+00,0.00000000e+00,0.00000000e+00,0.00000000e+00,0.00000000e+00,0.00000000e+00,0.00000000e+00,0.00000000e+00,0.00000000e+00,0.00000000e+00,0.00000000e+00,0.00000000e+00,0.00000000e+00,0.00000000e+00,1.26435734e-03
4.40109539e+01,4.37609539e+01,1.28040424e-04,0.00000000e+00,0.00000000e+00,0.00000000e+00,0.00000000e+00,0.00000000e+00,0.00000000e+00,0.00000000e+00,0.00000000e+00,0.00000000e+00,0.00000000e+00,0.00000000e+00,0.00000000e+00,0.00000000e+00,0.00000000e+00,0.00000000e+00,0.00000000e+00,0.00000000e+00,0.00000000e+00,0.00000000e+00,0.00000000e+00,0.00000000e+00,0.00000000e+00,0.00000000e+00,1.26379159e-03
4.41109790e+01,4.38609790e+01,1.27030341e-04,0.00000000e+00,0.00000000e+00,0.00000000e+00,0.00000000e+00,0.00000000e+00,0.00000000e+00,0.00000000e+00,0.00000000e+00,0.00000000e+00,0.00000000e+00,0.00000000e+00,0.00000000e+00,0.00000000e+00,0.00000000e+00,0.00000000e+00,0.00000000e+00,0.00000000e+00,0.00000000e+00,0.00000000e+00,0.00000000e+00,0.00000000e+00,0.00000000e+00,0.00000000e+00,1.26203048e-03
4.42110040e+01,4.39610040e+01,1.26263057e-04,0.00000000e+00,0.00000000e+00,0.00000000e+00,0.00000000e+00,0.00000000e+00,0.00000000e+00,0.00000000e+00,0.00000000e+00,0.00000000e+00,0.00000000e+00,0.00000000e+00,0.00000000e+00,0.00000000e+00,0.00000000e+00,0.00000000e+00,0.00000000e+00,0.00000000e+00,0.00000000e+00,0.00000000e+00,0.00000000e+00,0.00000000e+00,0.00000000e+00,0.00000000e+00,1.25826425e-03
4.43110290e+01,4.40610290e+01,1.25917442e-04,0.00000000e+00,0.00000000e+00,0.00000000e+00,0.00000000e+00,0.00000000e+00,0.00000000e+00,0.00000000e+00,0.00000000e+00,0.00000000e+00,0.00000000e+00,0.00000000e+00,0.00000000e+00,0.00000000e+00,0.00000000e+00,0.00000000e+00,0.00000000e+00,0.00000000e+00,0.00000000e+00,0.00000000e+00,0.00000000e+00,0.00000000e+00,0.00000000e+00,0.00000000e+00,1.26022056e-03
4.44110541e+01,4.41610541e+01,1.26231792e-04,0.00000000e+00,0.00000000e+00,0.00000000e+00,0.00000000e+00,0.00000000e+00,0.00000000e+00,0.00000000e+00,0.00000000e+00,0.00000000e+00,0.00000000e+00,0.00000000e+00,0.00000000e+00,0.00000000e+00,0.00000000e+00,0.00000000e+00,0.00000000e+00,0.00000000e+00,0.00000000e+00,0.00000000e+00,0.00000000e+00,0.00000000e+00,0.00000000e+00,0.00000000e+00,1.25949764e-03
4.45110791e+01,4.42610791e+01,1.25098806e-04,0.00000000e+00,0.00000000e+00,0.00000000e+00,0.00000000e+00,0.00000000e+00,0.00000000e+00,0.00000000e+00,0.00000000e+00,0.00000000e+00,0.00000000e+00,0.00000000e+00,0.00000000e+00,0.00000000e+00,0.00000000e+00,0.00000000e+00,0.00000000e+00,0.00000000e+00,0.00000000e+00,0.00000000e+00,0.00000000e+00,0.00000000e+00,0.00000000e+00,0.00000000e+00,1.26192186e-03
4.46111042e+01,4.43611042e+01,1.24030844e-04,0.00000000e+00,0.00000000e+00,0.00000000e+00,0.00000000e+00,0.00000000e+00,0.00000000e+00,0.00000000e+00,0.00000000e+00,0.00000000e+00,0.00000000e+00,0.00000000e+00,0.00000000e+00,0.00000000e+00,0.00000000e+00,0.00000000e+00,0.00000000e+00,0.00000000e+00,0.00000000e+00,0.00000000e+00,0.00000000e+00,0.00000000e+00,0.00000000e+00,0.00000000e+00,1.25676625e-03
4.47111292e+01,4.44611292e+01,1.23044804e-04,0.00000000e+00,0.00000000e+00,0.00000000e+00,0.00000000e+00,0.00000000e+00,0.00000000e+00,0.00000000e+00,0.00000000e+00,0.00000000e+00,0.00000000e+00,0.00000000e+00,0.00000000e+00,0.00000000e+00,0.00000000e+00,0.00000000e+00,0.00000000e+00,0.00000000e+00,0.00000000e+00,0.00000000e+00,0.00000000e+00,0.00000000e+00,0.00000000e+00,0.00000000e+00,1.25588628e-03
4.48111542e+01,4.45611542e+01,1.22455087e-04,0.00000000e+00,0.00000000e+00,0.00000000e+00,0.00000000e+00,0.00000000e+00,0.00000000e+00,0.00000000e+00,0.00000000e+00,0.00000000e+00,0.00000000e+00,0.00000000e+00,0.00000000e+00,0.00000000e+00,0.00000000e+00,0.00000000e+00,0.00000000e+00,0.00000000e+00,0.00000000e+00,0.00000000e+00,0.00000000e+00,0.00000000e+00,0.00000000e+00,0.00000000e+00,1.25766711e-03
4.49111793e+01,4.46611793e+01,1.22255996e-04,0.00000000e+00,0.00000000e+00,0.00000000e+00,0.00000000e+00,0.00000000e+00,0.00000000e+00,0.00000000e+00,0.00000000e+00,0.00000000e+00,0.00000000e+00,0.00000000e+00,0.00000000e+00,0.00000000e+00,0.00000000e+00,0.00000000e+00,0.00000000e+00,0.00000000e+00,0.00000000e+00,0.00000000e+00,0.00000000e+00,0.00000000e+00,0.00000000e+00,0.00000000e+00,1.25649186e-03
4.50112043e+01,4.47612043e+01,1.21620490e-04,0.00000000e+00,0.00000000e+00,0.00000000e+00,0.00000000e+00,0.00000000e+00,0.00000000e+00,0.00000000e+00,0.00000000e+00,0.00000000e+00,0.00000000e+00,0.00000000e+00,0.00000000e+00,0.00000000e+00,0.00000000e+00,0.00000000e+00,0.00000000e+00,0.00000000e+00,0.00000000e+00,0.00000000e+00,0.00000000e+00,0.00000000e+00,0.00000000e+00,0.00000000e+00,1.25530050e-03
4.51112293e+01,4.48612293e+01,1.19994397e-04,0.00000000e+00,0.00000000e+00,0.00000000e+00,0.00000000e+00,0.00000000e+00,0.00000000e+00,0.00000000e+00,0.00000000e+00,0.00000000e+00,0.00000000e+00,0.00000000e+00,0.00000000e+00,0.00000000e+00,0.00000000e+00,0.00000000e+00,0.00000000e+00,0.00000000e+00,0.00000000e+00,0.00000000e+00,0.00000000e+00,0.00000000e+00,0.00000000e+00,0.00000000e+00,1.25467425e-03
4.52112544e+01,4.49612544e+01,1.18533583e-04,0.00000000e+00,0.00000000e+00,0.00000000e+00,0.00000000e+00,0.00000000e+00,0.00000000e+00,0.00000000e+00,0.00000000e+00,0.00000000e+00,0.00000000e+00,0.00000000e+00,0.00000000e+00,0.00000000e+00,0.00000000e+00,0.00000000e+00,0.00000000e+00,0.00000000e+00,0.00000000e+00,0.00000000e+00,0.00000000e+00,0.00000000e+00,0.00000000e+00,0.00000000e+00,1.25365167e-03
4.53112794e+01,4.50612794e+01,1.17227081e-04,0.00000000e+00,0.00000000e+00,0.00000000e+00,0.00000000e+00,0.00000000e+00,0.00000000e+00,0.00000000e+00,0.00000000e+00,0.00000000e+00,0.00000000e+00,0.00000000e+00,0.00000000e+00,0.00000000e+00,0.00000000e+00,0.00000000e+00,0.00000000e+00,0.00000000e+00,0.00000000e+00,0.00000000e+00,0.00000000e+00,0.00000000e+00,0.00000000e+00,0.00000000e+00,1.25345550e-03
4.54113045e+01,4.51613045e+01,1.15609388e-04,0.00000000e+00,0.00000000e+00,0.00000000e+00,0.00000000e+00,0.00000000e+00,0.00000000e+00,0.00000000e+00,0.00000000e+00,0.00000000e+00,0.00000000e+00,0.00000000e+00,0.00000000e+00,0.00000000e+00,0.00000000e+00,0.00000000e+00,0.00000000e+00,0.00000000e+00,0.00000000e+00,0.00000000e+00,0.00000000e+00,0.00000000e+00,0.00000000e+00,0.00000000e+00,1.24904155e-03
4.55113295e+01,4.52613295e+01,1.14193645e-04,0.00000000e+00,0.00000000e+00,0.00000000e+00,0.00000000e+00,0.00000000e+00,0.00000000e+00,0.00000000e+00,0.00000000e+00,0.00000000e+00,0.00000000e+00,0.00000000e+00,0.00000000e+00,0.00000000e+00,0.00000000e+00,0.00000000e+00,0.00000000e+00,0.00000000e+00,0.00000000e+00,0.00000000e+00,0.00000000e+00,0.00000000e+00,0.00000000e+00,0.00000000e+00,1.24982506e-03
4.56113545e+01,4.53613545e+01,1.13437215e-04,0.00000000e+00,0.00000000e+00,0.00000000e+00,0.00000000e+00,0.00000000e+00,0.00000000e+00,0.00000000e+00,0.00000000e+00,0.00000000e+00,0.00000000e+00,0.00000000e+00,0.00000000e+00,0.00000000e+00,0.00000000e+00,0.00000000e+00,0.00000000e+00,0.00000000e+00,0.00000000e+00,0.00000000e+00,0.00000000e+00,0.00000000e+00,0.00000000e+00,0.00000000e+00,1.24932123e-03
4.57113796e+01,4.54613796e+01,1.17574688e-04,0.00000000e+00,0.00000000e+00,0.00000000e+00,0.00000000e+00,0.00000000e+00,0.00000000e+00,0.00000000e+00,0.00000000e+00,0.00000000e+00,0.00000000e+00,0.00000000e+00,0.00000000e+00,0.00000000e+00,0.00000000e+00,0.00000000e+00,0.00000000e+00,0.00000000e+00,0.00000000e+00,0.00000000e+00,0.00000000e+00,0.00000000e+00,0.00000000e+00,0.00000000e+00,1.24781963e-03
4.58114046e+01,4.55614046e+01,1.14821993e-04,0.00000000e+00,0.00000000e+00,0.00000000e+00,0.00000000e+00,0.00000000e+00,0.00000000e+00,0.00000000e+00,0.00000000e+00,0.00000000e+00,0.00000000e+00,0.00000000e+00,0.00000000e+00,0.00000000e+00,0.00000000e+00,0.00000000e+00,0.00000000e+00,0.00000000e+00,0.00000000e+00,0.00000000e+00,0.00000000e+00,0.00000000e+00,0.00000000e+00,0.00000000e+00,1.24762119e-03
4.59114296e+01,4.56614296e+01,1.13589166e-04,0.00000000e+00,0.00000000e+00,0.00000000e+00,0.00000000e+00,0.00000000e+00,0.00000000e+00,0.00000000e+00,0.00000000e+00,0.00000000e+00,0.00000000e+00,0.00000000e+00,0.00000000e+00,0.00000000e+00,0.00000000e+00,0.00000000e+00,0.00000000e+00,0.00000000e+00,0.00000000e+00,0.00000000e+00,0.00000000e+00,0.00000000e+00,0.00000000e+00,0.00000000e+00,1.24473997e-03
4.60114547e+01,4.57614547e+01,1.09926417e-04,0.00000000e+00,0.00000000e+00,0.00000000e+00,0.00000000e+00,0.00000000e+00,0.00000000e+00,0.00000000e+00,0.00000000e+00,0.00000000e+00,0.00000000e+00,0.00000000e+00,0.00000000e+00,0.00000000e+00,0.00000000e+00,0.00000000e+00,0.00000000e+00,0.00000000e+00,0.00000000e+00,0.00000000e+00,0.00000000e+00,0.00000000e+00,0.00000000e+00,0.00000000e+00,1.24264684e-03
4.61114797e+01,4.58614797e+01,1.13915179e-04,0.00000000e+00,0.00000000e+00,0.00000000e+00,0.00000000e+00,0.00000000e+00,0.00000000e+00,0.00000000e+00,0.00000000e+00,0.00000000e+00,0.00000000e+00,0.00000000e+00,0.00000000e+00,0.00000000e+00,0.00000000e+00,0.00000000e+00,0.00000000e+00,0.00000000e+00,0.00000000e+00,0.00000000e+00,0.00000000e+00,0.00000000e+00,0.00000000e+00,0.00000000e+00,1.24481469e-03
4.62115048e+01,4.59615048e+01,1.13583420e-04,0.00000000e+00,0.00000000e+00,0.00000000e+00,0.00000000e+00,0.00000000e+00,0.00000000e+00,0.00000000e+00,0.00000000e+00,0.00000000e+00,0.00000000e+00,0.00000000e+00,0.00000000e+00,0.00000000e+00,0.00000000e+00,0.00000000e+00,0.00000000e+00,0.00000000e+00,0.00000000e+00,0.00000000e+00,0.00000000e+00,0.00000000e+00,0.00000000e+00,0.00000000e+00,1.24351081e-03
4.63115298e+01,4.60615298e+01,1.09525486e-04,0.00000000e+00,0.00000000e+00,0.00000000e+00,0.00000000e+00,0.00000000e+00,0.00000000e+00,0.00000000e+00,0.00000000e+00,0.00000000e+00,0.00000000e+00,0.00000000e+00,0.00000000e+00,0.00000000e+00,0.00000000e+00,0.00000000e+00,0.00000000e+00,0.00000000e+00,0.00000000e+00,0.00000000e+00,0.00000000e+00,0.00000000e+00,0.00000000e+00,0.00000000e+00,1.24116436e-03
4.64115548e+01,4.61615548e+01,1.07347765e-04,0.00000000e+00,0.00000000e+00,0.00000000e+00,0.00000000e+00,0.00000000e+00,0.00000000e+00,0.00000000e+00,0.00000000e+00,0.00000000e+00,0.00000000e+00,0.00000000e+00,0.00000000e+00,0.00000000e+00,0.00000000e+00,0.00000000e+00,0.00000000e+00,0.00000000e+00,0.00000000e+00,0.00000000e+00,0.00000000e+00,0.00000000e+00,0.00000000e+00,0.00000000e+00,1.23835890e-03
4.65115799e+01,4.62615799e+01,1.05975429e-04,0.00000000e+00,0.00000000e+00,0.00000000e+00,0.00000000e+00,0.00000000e+00,0.00000000e+00,0.00000000e+00,0.00000000e+00,0.00000000e+00,0.00000000e+00,0.00000000e+00,0.00000000e+00,0.00000000e+00,0.00000000e+00,0.00000000e+00,0.00000000e+00,0.00000000e+00,0.00000000e+00,0.00000000e+00,0.00000000e+00,0.00000000e+00,0.00000000e+00,0.00000000e+00,1.23679041e-03
4.66116049e+01,4.63616049e+01,1.05052984e-04,0.00000000e+00,0.00000000e+00,0.00000000e+00,0.00000000e+00,0.00000000e+00,0.00000000e+00,0.00000000e+00,0.00000000e+00,0.00000000e+00,0.00000000e+00,0.00000000e+00,0.00000000e+00,0.00000000e+00,0.00000000e+00,0.00000000e+00,0.00000000e+00,0.00000000e+00,0.00000000e+00,0.00000000e+00,0.00000000e+00,0.00000000e+00,0.00000000e+00,0.00000000e+00,1.23579930e-03
4.67116299e+01,4.64616299e+01,1.06174847e-04,0.00000000e+00,0.00000000e+00,0.00000000e+00,0.00000000e+00,0.00000000e+00,0.00000000e+00,0.00000000e+00,0.00000000e+00,0.00000000e+00,0.00000000e+00,0.00000000e+00,0.00000000e+00,0.00000000e+00,0.00000000e+00,0.00000000e+00,0.00000000e+00,0.00000000e+00,0.00000000e+00,0.00000000e+00,0.00000000e+00,0.00000000e+00,0.00000000e+00,0.00000000e+00,1.23618459e-03
4.68116550e+01,4.65616550e+01,1.05643624e-04,0.00000000e+00,0.00000000e+00,0.00000000e+00,0.00000000e+00,0.00000000e+00,0.00000000e+00,0.00000000e+00,0.00000000e+00,0.00000000e+00,0.00000000e+00,0.00000000e+00,0.00000000e+00,0.00000000e+00,0.00000000e+00,0.00000000e+00,0.00000000e+00,0.00000000e+00,0.00000000e+00,0.00000000e+00,0.00000000e+00,0.00000000e+00,0.00000000e+00,0.00000000e+00,1.23637548e-03
4.69116800e+01,4.66616800e+01,1.06619609e-04,0.00000000e+00,0.00000000e+00,0.00000000e+00,0.00000000e+00,0.00000000e+00,0.00000000e+00,0.00000000e+00,0.00000000e+00,0.00000000e+00,0.00000000e+00,0.00000000e+00,0.00000000e+00,0.00000000e+00,0.00000000e+00,0.00000000e+00,0.00000000e+00,0.00000000e+00,0.00000000e+00,0.00000000e+00,0.00000000e+00,0.00000000e+00,0.00000000e+00,0.00000000e+00,1.23860514e-03
4.70117051e+01,4.67617051e+01,1.04236784e-04,0.00000000e+00,0.00000000e+00,0.00000000e+00,0.00000000e+00,0.00000000e+00,0.00000000e+00,0.00000000e+00,0.00000000e+00,0.00000000e+00,0.00000000e+00,0.00000000e+00,0.00000000e+00,0.00000000e+00,0.00000000e+00,0.00000000e+00,0.00000000e+00,0.00000000e+00,0.00000000e+00,0.00000000e+00,0.00000000e+00,0.00000000e+00,0.00000000e+00,0.00000000e+00,1.23397547e-03
4.71117301e+01,4.68617301e+01,1.02189344e-04,0.00000000e+00,0.00000000e+00,0.00000000e+00,0.00000000e+00,0.00000000e+00,0.00000000e+00,0.00000000e+00,0.00000000e+00,0.00000000e+00,0.00000000e+00,0.00000000e+00,0.00000000e+00,0.00000000e+00,0.00000000e+00,0.00000000e+00,0.00000000e+00,0.00000000e+00,0.00000000e+00,0.00000000e+00,0.00000000e+00,0.00000000e+00,0.00000000e+00,0.00000000e+00,1.23388644e-03
4.72117551e+01,4.69617551e+01,1.01596034e-04,0.00000000e+00,0.00000000e+00,0.00000000e+00,0.00000000e+00,0.00000000e+00,0.00000000e+00,0.00000000e+00,0.00000000e+00,0.00000000e+00,0.00000000e+00,0.00000000e+00,0.00000000e+00,0.00000000e+00,0.00000000e+00,0.00000000e+00,0.00000000e+00,0.00000000e+00,0.00000000e+00,0.00000000e+00,0.00000000e+00,0.00000000e+00,0.00000000e+00,0.00000000e+00,1.23177529e-03
4.73117802e+01,4.70617802e+01,1.04709173e-04,0.00000000e+00,0.00000000e+00,0.00000000e+00,0.00000000e+00,0.00000000e+00,0.00000000e+00,0.00000000e+00,0.00000000e+00,0.00000000e+00,0.00000000e+00,0.00000000e+00,0.00000000e+00,0.00000000e+00,0.00000000e+00,0.00000000e+00,0.00000000e+00,0.00000000e+00,0.00000000e+00,0.00000000e+00,0.00000000e+00,0.00000000e+00,0.00000000e+00,0.00000000e+00,1.23543995e-03
4.74118052e+01,4.71618052e+01,1.01687270e-04,0.00000000e+00,0.00000000e+00,0.00000000e+00,0.00000000e+00,0.00000000e+00,0.00000000e+00,0.00000000e+00,0.00000000e+00,0.00000000e+00,0.00000000e+00,0.00000000e+00,0.00000000e+00,0.00000000e+00,0.00000000e+00,0.00000000e+00,0.00000000e+00,0.00000000e+00,0.00000000e+00,0.00000000e+00,0.00000000e+00,0.00000000e+00,0.00000000e+00,0.00000000e+00,1.23361006e-03
4.75118302e+01,4.72618302e+01,1.02416976e-04,0.00000000e+00,0.00000000e+00,0.00000000e+00,0.00000000e+00,0.00000000e+00,0.00000000e+00,0.00000000e+00,0.00000000e+00,0.00000000e+00,0.00000000e+00,0.00000000e+00,0.00000000e+00,0.00000000e+00,0.00000000e+00,0.00000000e+00,0.00000000e+00,0.00000000e+00,0.00000000e+00,0.00000000e+00,0.00000000e+00,0.00000000e+00,0.00000000e+00,0.00000000e+00,1.23125643e-03
4.76118553e+01,4.73618553e+01,1.00860231e-04,0.00000000e+00,0.00000000e+00,0.00000000e+00,0.00000000e+00,0.00000000e+00,0.00000000e+00,0.00000000e+00,0.00000000e+00,0.00000000e+00,0.00000000e+00,0.00000000e+00,0.00000000e+00,0.00000000e+00,0.00000000e+00,0.00000000e+00,0.00000000e+00,0.00000000e+00,0.00000000e+00,0.00000000e+00,0.00000000e+00,0.00000000e+00,0.00000000e+00,0.00000000e+00,1.23048641e-03
4.77118803e+01,4.74618803e+01,9.78711448e-05,0.00000000e+00,0.00000000e+00,0.00000000e+00,0.00000000e+00,0.00000000e+00,0.00000000e+00,0.00000000e+00,0.00000000e+00,0.00000000e+00,0.00000000e+00,0.00000000e+00,0.00000000e+00,0.00000000e+00,0.00000000e+00,0.00000000e+00,0.00000000e+00,0.00000000e+00,0.00000000e+00,0.00000000e+00,0.00000000e+00,0.00000000e+00,0.00000000e+00,0.00000000e+00,1.22761519e-03
4.78119054e+01,4.75619054e+01,9.93654971e-05,0.00000000e+00,0.00000000e+00,0.00000000e+00,0.00000000e+00,0.00000000e+00,0.00000000e+00,0.00000000e+00,0.00000000e+00,0.00000000e+00,0.00000000e+00,0.00000000e+00,0.00000000e+00,0.00000000e+00,0.00000000e+00,0.00000000e+00,0.00000000e+00,0.00000000e+00,0.00000000e+00,0.00000000e+00,0.00000000e+00,0.00000000e+00,0.00000000e+00,0.00000000e+00,1.22520656e-03
4.79119304e+01,4.76619304e+01,9.60661337e-05,0.00000000e+00,0.00000000e+00,0.00000000e+00,0.00000000e+00,0.00000000e+00,0.00000000e+00,0.00000000e+00,0.00000000e+00,0.00000000e+00,0.00000000e+00,0.00000000e+00,0.00000000e+00,0.00000000e+00,0.00000000e+00,0.00000000e+00,0.00000000e+00,0.00000000e+00,0.00000000e+00,0.00000000e+00,0.00000000e+00,0.00000000e+00,0.00000000e+00,0.00000000e+00,1.22167796e-03
4.80119554e+01,4.77619554e+01,9.58043444e-05,0.00000000e+00,0.00000000e+00,0.00000000e+00,0.00000000e+00,0.00000000e+00,0.00000000e+00,0.00000000e+00,0.00000000e+00,0.00000000e+00,0.00000000e+00,0.00000000e+00,0.00000000e+00,0.00000000e+00,0.00000000e+00,0.00000000e+00,0.00000000e+00,0.00000000e+00,0.00000000e+00,0.00000000e+00,0.00000000e+00,0.00000000e+00,0.00000000e+00,0.00000000e+00,1.22304663e-03
4.81119805e+01,4.78619805e+01,9.49968794e-05,0.00000000e+00,0.00000000e+00,0.00000000e+00,0.00000000e+00,0.00000000e+00,0.00000000e+00,0.00000000e+00,0.00000000e+00,0.00000000e+00,0.00000000e+00,0.00000000e+00,0.00000000e+00,0.00000000e+00,0.00000000e+00,0.00000000e+00,0.00000000e+00,0.00000000e+00,0.00000000e+00,0.00000000e+00,0.00000000e+00,0.00000000e+00,0.00000000e+00,0.00000000e+00,1.22056640e-03
4.82120055e+01,4.79620055e+01,9.38371707e-05,0.00000000e+00,0.00000000e+00,0.00000000e+00,0.00000000e+00,0.00000000e+00,0.00000000e+00,0.00000000e+00,0.00000000e+00,0.00000000e+00,0.00000000e+00,0.00000000e+00,0.00000000e+00,0.00000000e+00,0.00000000e+00,0.00000000e+00,0.00000000e+00,0.00000000e+00,0.00000000e+00,0.00000000e+00,0.00000000e+00,0.00000000e+00,0.00000000e+00,0.00000000e+00,1.22184584e-03
4.83120305e+01,4.80620305e+01,9.36515747e-05,0.00000000e+00,0.00000000e+00,0.00000000e+00,0.00000000e+00,0.00000000e+00,0.00000000e+00,0.00000000e+00,0.00000000e+00,0.00000000e+00,0.00000000e+00,0.00000000e+00,0.00000000e+00,0.00000000e+00,0.00000000e+00,0.00000000e+00,0.00000000e+00,0.00000000e+00,0.00000000e+00,0.00000000e+00,0.00000000e+00,0.00000000e+00,0.00000000e+00,0.00000000e+00,1.21959698e-03
4.84120556e+01,4.81620556e+01,9.16496934e-05,0.00000000e+00,0.00000000e+00,0.00000000e+00,0.00000000e+00,0.00000000e+00,0.00000000e+00,0.00000000e+00,0.00000000e+00,0.00000000e+00,0.00000000e+00,0.00000000e+00,0.00000000e+00,0.00000000e+00,0.00000000e+00,0.00000000e+00,0.00000000e+00,0.00000000e+00,0.00000000e+00,0.00000000e+00,0.00000000e+00,0.00000000e+00,0.00000000e+00,0.00000000e+00,1.21942526e-03
4.85120806e+01,4.82620806e+01,8.99573377e-05,0.00000000e+00,0.00000000e+00,0.00000000e+00,0.00000000e+00,0.00000000e+00,0.00000000e+00,0.00000000e+00,0.00000000e+00,0.00000000e+00,0.00000000e+00,0.00000000e+00,0.00000000e+00,0.00000000e+00,0.00000000e+00,0.00000000e+00,0.00000000e+00,0.00000000e+00,0.00000000e+00,0.00000000e+00,0.00000000e+00,0.00000000e+00,0.00000000e+00,0.00000000e+00,1.21567955e-03
4.86121057e+01,4.83621057e+01,8.92299767e-05,0.00000000e+00,0.00000000e+00,0.00000000e+00,0.00000000e+00,0.00000000e+00,0.00000000e+00,0.00000000e+00,0.00000000e+00,0.00000000e+00,0.00000000e+00,0.00000000e+00,0.00000000e+00,0.00000000e+00,0.00000000e+00,0.00000000e+00,0.00000000e+00,0.00000000e+00,0.00000000e+00,0.00000000e+00,0.00000000e+00,0.00000000e+00,0.00000000e+00,0.00000000e+00,1.21548539e-03
4.87121307e+01,4.84621307e+01,8.86855774e-05,0.00000000e+00,0.00000000e+00,0.00000000e+00,0.00000000e+00,0.00000000e+00,0.00000000e+00,0.00000000e+00,0.00000000e+00,0.00000000e+00,0.00000000e+00,0.00000000e+00,0.00000000e+00,0.00000000e+00,0.00000000e+00,0.00000000e+00,0.00000000e+00,0.00000000e+00,0.00000000e+00,0.00000000e+00,0.00000000e+00,0.00000000e+00,0.00000000e+00,0.00000000e+00,1.21326705e-03
4.88121557e+01,4.85621557e+01,8.78529931e-05,0.00000000e+00,0.00000000e+00,0.00000000e+00,0.00000000e+00,0.00000000e+00,0.00000000e+00,0.00000000e+00,0.00000000e+00,0.00000000e+00,0.00000000e+00,0.00000000e+00,0.00000000e+00,0.00000000e+00,0.00000000e+00,0.00000000e+00,0.00000000e+00,0.00000000e+00,0.00000000e+00,0.00000000e+00,0.00000000e+00,0.00000000e+00,0.00000000e+00,0.00000000e+00,1.21535337e-03
4.89121808e+01,4.86621808e+01,8.70698336e-05,0.00000000e+00,0.00000000e+00,0.00000000e+00,0.00000000e+00,0.00000000e+00,0.00000000e+00,0.00000000e+00,0.00000000e+00,0.00000000e+00,0.00000000e+00,0.00000000e+00,0.00000000e+00,0.00000000e+00,0.00000000e+00,0.00000000e+00,0.00000000e+00,0.00000000e+00,0.00000000e+00,0.00000000e+00,0.00000000e+00,0.00000000e+00,0.00000000e+00,0.00000000e+00,1.21721054e-03
4.90122058e+01,4.87622058e+01,8.53369870e-05,0.00000000e+00,0.00000000e+00,0.00000000e+00,0.00000000e+00,0.00000000e+00,0.00000000e+00,0.00000000e+00,0.00000000e+00,0.00000000e+00,0.00000000e+00,0.00000000e+00,0.00000000e+00,0.00000000e+00,0.00000000e+00,0.00000000e+00,0.00000000e+00,0.00000000e+00,0.00000000e+00,0.00000000e+00,0.00000000e+00,0.00000000e+00,0.00000000e+00,0.00000000e+00,1.21345297e-03
4.91122308e+01,4.88622308e+01,8.42020228e-05,0.00000000e+00,0.00000000e+00,0.00000000e+00,0.00000000e+00,0.00000000e+00,0.00000000e+00,0.00000000e+00,0.00000000e+00,0.00000000e+00,0.00000000e+00,0.00000000e+00,0.00000000e+00,0.00000000e+00,0.00000000e+00,0.00000000e+00,0.00000000e+00,0.00000000e+00,0.00000000e+00,0.00000000e+00,0.00000000e+00,0.00000000e+00,0.00000000e+00,0.00000000e+00,1.21187051e-03
4.92122559e+01,4.89622559e+01,8.47890661e-05,0.00000000e+00,0.00000000e+00,0.00000000e+00,0.00000000e+00,0.00000000e+00,0.00000000e+00,0.00000000e+00,0.00000000e+00,0.00000000e+00,0.00000000e+00,0.00000000e+00,0.00000000e+00,0.00000000e+00,0.00000000e+00,0.00000000e+00,0.00000000e+00,0.00000000e+00,0.00000000e+00,0.00000000e+00,0.00000000e+00,0.00000000e+00,0.00000000e+00,0.00000000e+00,1.20975727e-03
4.93122809e+01,4.90622809e+01,8.44272174e-05,0.00000000e+00,0.00000000e+00,0.00000000e+00,0.00000000e+00,0.00000000e+00,0.00000000e+00,0.00000000e+00,0.00000000e+00,0.00000000e+00,0.00000000e+00,0.00000000e+00,0.00000000e+00,0.00000000e+00,0.00000000e+00,0.00000000e+00,0.00000000e+00,0.00000000e+00,0.00000000e+00,0.00000000e+00,0.00000000e+00,0.00000000e+00,0.00000000e+00,0.00000000e+00,1.20643465e-03
4.94123060e+01,4.91623060e+01,8.29930611e-05,0.00000000e+00,0.00000000e+00,0.00000000e+00,0.00000000e+00,0.00000000e+00,0.00000000e+00,0.00000000e+00,0.00000000e+00,0.00000000e+00,0.00000000e+00,0.00000000e+00,0.00000000e+00,0.00000000e+00,0.00000000e+00,0.00000000e+00,0.00000000e+00,0.00000000e+00,0.00000000e+00,0.00000000e+00,0.00000000e+00,0.00000000e+00,0.00000000e+00,0.00000000e+00,1.20236854e-03
4.95123310e+01,4.92623310e+01,8.17062082e-05,0.00000000e+00,0.00000000e+00,0.00000000e+00,0.00000000e+00,0.00000000e+00,0.00000000e+00,0.00000000e+00,0.00000000e+00,0.00000000e+00,0.00000000e+00,0.00000000e+00,0.00000000e+00,0.00000000e+00,0.00000000e+00,0.00000000e+00,0.00000000e+00,0.00000000e+00,0.00000000e+00,0.00000000e+00,0.00000000e+00,0.00000000e+00,0.00000000e+00,0.00000000e+00,1.20303468e-03
4.96123560e+01,4.93623560e+01,8.41391472e-05,0.00000000e+00,0.00000000e+00,0.00000000e+00,0.00000000e+00,0.00000000e+00,0.00000000e+00,0.00000000e+00,0.00000000e+00,0.00000000e+00,0.00000000e+00,0.00000000e+00,0.00000000e+00,0.00000000e+00,0.00000000e+00,0.00000000e+00,0.00000000e+00,0.00000000e+00,0.00000000e+00,0.00000000e+00,0.00000000e+00,0.00000000e+00,0.00000000e+00,0.00000000e+00,1.20157456e-03
4.97123811e+01,4.94623811e+01,8.26126310e-05,0.00000000e+00,0.00000000e+00,0.00000000e+00,0.00000000e+00,0.00000000e+00,0.00000000e+00,0.00000000e+00,0.00000000e+00,0.00000000e+00,0.00000000e+00,0.00000000e+00,0.00000000e+00,0.00000000e+00,0.00000000e+00,0.00000000e+00,0.00000000e+00,0.00000000e+00,0.00000000e+00,0.00000000e+00,0.00000000e+00,0.00000000e+00,0.00000000e+00,0.00000000e+00,1.19751820e-03
4.98124061e+01,4.95624061e+01,7.65354308e-05,0.00000000e+00,0.00000000e+00,0.00000000e+00,0.00000000e+00,0.00000000e+00,0.00000000e+00,0.00000000e+00,0.00000000e+00,0.00000000e+00,0.00000000e+00,0.00000000e+00,0.00000000e+00,0.00000000e+00,0.00000000e+00,0.00000000e+00,0.00000000e+00,0.00000000e+00,0.00000000e+00,0.00000000e+00,0.00000000e+00,0.00000000e+00,0.00000000e+00,0.00000000e+00,1.19035587e-03
4.99124311e+01,4.96624311e+01,7.45651285e-05,0.00000000e+00,0.00000000e+00,0.00000000e+00,0.00000000e+00,0.00000000e+00,0.00000000e+00,0.00000000e+00,0.00000000e+00,0.00000000e+00,0.00000000e+00,0.00000000e+00,0.00000000e+00,0.00000000e+00,0.00000000e+00,0.00000000e+00,0.00000000e+00,0.00000000e+00,0.00000000e+00,0.00000000e+00,0.00000000e+00,0.00000000e+00,0.00000000e+00,0.00000000e+00,1.19240317e-03
5.00124562e+01,4.97624562e+01,7.63517175e-05,0.00000000e+00,0.00000000e+00,0.00000000e+00,0.00000000e+00,0.00000000e+00,0.00000000e+00,0.00000000e+00,0.00000000e+00,0.00000000e+00,0.00000000e+00,0.00000000e+00,0.00000000e+00,0.00000000e+00,0.00000000e+00,0.00000000e+00,0.00000000e+00,0.00000000e+00,0.00000000e+00,0.00000000e+00,0.00000000e+00,0.00000000e+00,0.00000000e+00,0.00000000e+00,1.19176166e-03
5.01124812e+01,4.98624812e+01,7.36403260e-05,0.00000000e+00,0.00000000e+00,0.00000000e+00,0.00000000e+00,0.00000000e+00,0.00000000e+00,0.00000000e+00,0.00000000e+00,0.00000000e+00,0.00000000e+00,0.00000000e+00,0.00000000e+00,0.00000000e+00,0.00000000e+00,0.00000000e+00,0.00000000e+00,0.00000000e+00,0.00000000e+00,0.00000000e+00,0.00000000e+00,0.00000000e+00,0.00000000e+00,0.00000000e+00,1.19220778e-03
5.02125063e+01,4.99625063e+01,7.48364027e-05,0.00000000e+00,0.00000000e+00,0.00000000e+00,0.00000000e+00,0.00000000e+00,0.00000000e+00,0.00000000e+00,0.00000000e+00,0.00000000e+00,0.00000000e+00,0.00000000e+00,0.00000000e+00,0.00000000e+00,0.00000000e+00,0.00000000e+00,0.00000000e+00,0.00000000e+00,0.00000000e+00,0.00000000e+00,0.00000000e+00,0.00000000e+00,0.00000000e+00,0.00000000e+00,1.19054705e-03
5.03125313e+01,5.00625313e+01,7.36741436e-05,0.00000000e+00,0.00000000e+00,0.00000000e+00,0.00000000e+00,0.00000000e+00,0.00000000e+00,0.00000000e+00,0.00000000e+00,0.00000000e+00,0.00000000e+00,0.00000000e+00,0.00000000e+00,0.00000000e+00,0.00000000e+00,0.00000000e+00,0.00000000e+00,0.00000000e+00,0.00000000e+00,0.00000000e+00,0.00000000e+00,0.00000000e+00,0.00000000e+00,0.00000000e+00,1.19143200e-03
5.04125563e+01,5.01625563e+01,7.28300980e-05,0.00000000e+00,0.00000000e+00,0.00000000e+00,0.00000000e+00,0.00000000e+00,0.00000000e+00,0.00000000e+00,0.00000000e+00,0.00000000e+00,0.00000000e+00,0.00000000e+00,0.00000000e+00,0.00000000e+00,0.00000000e+00,0.00000000e+00,0.00000000e+00,0.00000000e+00,0.00000000e+00,0.00000000e+00,0.00000000e+00,0.00000000e+00,0.00000000e+00,0.00000000e+00,1.18729533e-03
5.05125814e+01,5.02625814e+01,7.11341973e-05,0.00000000e+00,0.00000000e+00,0.00000000e+00,0.00000000e+00,0.00000000e+00,0.00000000e+00,0.00000000e+00,0.00000000e+00,0.00000000e+00,0.00000000e+00,0.00000000e+00,0.00000000e+00,0.00000000e+00,0.00000000e+00,0.00000000e+00,0.00000000e+00,0.00000000e+00,0.00000000e+00,0.00000000e+00,0.00000000e+00,0.00000000e+00,0.00000000e+00,0.00000000e+00,1.18546841e-03
5.06126064e+01,5.03626064e+01,7.02392666e-05,0.00000000e+00,0.00000000e+00,0.00000000e+00,0.00000000e+00,0.00000000e+00,0.00000000e+00,0.00000000e+00,0.00000000e+00,0.00000000e+00,0.00000000e+00,0.00000000e+00,0.00000000e+00,0.00000000e+00,0.00000000e+00,0.00000000e+00,0.00000000e+00,0.00000000e+00,0.00000000e+00,0.00000000e+00,0.00000000e+00,0.00000000e+00,0.00000000e+00,0.00000000e+00,1.18455537e-03
5.07126314e+01,5.04626314e+01,7.01483364e-05,0.00000000e+00,0.00000000e+00,0.00000000e+00,0.00000000e+00,0.00000000e+00,0.00000000e+00,0.00000000e+00,0.00000000e+00,0.00000000e+00,0.00000000e+00,0.00000000e+00,0.00000000e+00,0.00000000e+00,0.00000000e+00,0.00000000e+00,0.00000000e+00,0.00000000e+00,0.00000000e+00,0.00000000e+00,0.00000000e+00,0.00000000e+00,0.00000000e+00,0.00000000e+00,1.18547847e-03
5.08126565e+01,5.05626565e+01,7.00502309e-05,0.00000000e+00,0.00000000e+00,0.00000000e+00,0.00000000e+00,0.00000000e+00,0.00000000e+00,0.00000000e+00,0.00000000e+00,0.00000000e+00,0.00000000e+00,0.00000000e+00,0.00000000e+00,0.00000000e+00,0.00000000e+00,0.00000000e+00,0.00000000e+00,0.00000000e+00,0.00000000e+00,0.00000000e+00,0.00000000e+00,0.00000000e+00,0.00000000e+00,0.00000000e+00,1.18077528e-03
5.09126815e+01,5.06626815e+01,6.91748985e-05,0.00000000e+00,0.00000000e+00,0.00000000e+00,0.00000000e+00,0.00000000e+00,0.00000000e+00,0.00000000e+00,0.00000000e+00,0.00000000e+00,0.00000000e+00,0.00000000e+00,0.00000000e+00,0.00000000e+00,0.00000000e+00,0.00000000e+00,0.00000000e+00,0.00000000e+00,0.00000000e+00,0.00000000e+00,0.00000000e+00,0.00000000e+00,0.00000000e+00,0.00000000e+00,1.17825017e-03
5.10127066e+01,5.07627066e+01,6.85003548e-05,0.00000000e+00,0.00000000e+00,0.00000000e+00,0.00000000e+00,0.00000000e+00,0.00000000e+00,0.00000000e+00,0.00000000e+00,0.00000000e+00,0.00000000e+00,0.00000000e+00,0.00000000e+00,0.00000000e+00,0.00000000e+00,0.00000000e+00,0.00000000e+00,0.00000000e+00,0.00000000e+00,0.00000000e+00,0.00000000e+00,0.00000000e+00,0.00000000e+00,0.00000000e+00,1.17414787e-03
5.11127316e+01,5.08627316e+01,6.78585396e-05,0.00000000e+00,0.00000000e+00,0.00000000e+00,0.00000000e+00,0.00000000e+00,0.00000000e+00,0.00000000e+00,0.00000000e+00,0.00000000e+00,0.00000000e+00,0.00000000e+00,0.00000000e+00,0.00000000e+00,0.00000000e+00,0.00000000e+00,0.00000000e+00,0.00000000e+00,0.00000000e+00,0.00000000e+00,0.00000000e+00,0.00000000e+00,0.00000000e+00,0.00000000e+00,1.17172197e-03
5.12127566e+01,5.09627566e+01,6.77305245e-05,0.00000000e+00,0.00000000e+00,0.00000000e+00,0.00000000e+00,0.00000000e+00,0.00000000e+00,0.00000000e+00,0.00000000e+00,0.00000000e+00,0.00000000e+00,0.00000000e+00,0.00000000e+00,0.00000000e+00,0.00000000e+00,0.00000000e+00,0.00000000e+00,0.00000000e+00,0.00000000e+00,0.00000000e+00,0.00000000e+00,0.00000000e+00,0.00000000e+00,0.00000000e+00,1.16940138e-03
5.13127817e+01,5.10627817e+01,6.91913555e-05,0.00000000e+00,0.00000000e+00,0.00000000e+00,0.00000000e+00,0.00000000e+00,0.00000000e+00,0.00000000e+00,0.00000000e+00,0.00000000e+00,0.00000000e+00,0.00000000e+00,0.00000000e+00,0.00000000e+00,0.00000000e+00,0.00000000e+00,0.00000000e+00,0.00000000e+00,0.00000000e+00,0.00000000e+00,0.00000000e+00,0.00000000e+00,0.00000000e+00,0.00000000e+00,1.16477575e-03
5.14128067e+01,5.11628067e+01,6.74486853e-05,0.00000000e+00,0.00000000e+00,0.00000000e+00,0.00000000e+00,0.00000000e+00,0.00000000e+00,0.00000000e+00,0.00000000e+00,0.00000000e+00,0.00000000e+00,0.00000000e+00,0.00000000e+00,0.00000000e+00,0.00000000e+00,0.00000000e+00,0.00000000e+00,0.00000000e+00,0.00000000e+00,0.00000000e+00,0.00000000e+00,0.00000000e+00,0.00000000e+00,0.00000000e+00,1.16311937e-03
5.15128317e+01,5.12628317e+01,6.63019017e-05,0.00000000e+00,0.00000000e+00,0.00000000e+00,0.00000000e+00,0.00000000e+00,0.00000000e+00,0.00000000e+00,0.00000000e+00,0.00000000e+00,0.00000000e+00,0.00000000e+00,0.00000000e+00,0.00000000e+00,0.00000000e+00,0.00000000e+00,0.00000000e+00,0.00000000e+00,0.00000000e+00,0.00000000e+00,0.00000000e+00,0.00000000e+00,0.00000000e+00,0.00000000e+00,1.16010573e-03
5.16128568e+01,5.13628568e+01,6.48228555e-05,0.00000000e+00,0.00000000e+00,0.00000000e+00,0.00000000e+00,0.00000000e+00,0.00000000e+00,0.00000000e+00,0.00000000e+00,0.00000000e+00,0.00000000e+00,0.00000000e+00,0.00000000e+00,0.00000000e+00,0.00000000e+00,0.00000000e+00,0.00000000e+00,0.00000000e+00,0.00000000e+00,0.00000000e+00,0.00000000e+00,0.00000000e+00,0.00000000e+00,0.00000000e+00,1.16135593e-03
5.17128818e+01,5.14628818e+01,6.42283486e-05,0.00000000e+00,0.00000000e+00,0.00000000e+00,0.00000000e+00,0.00000000e+00,0.00000000e+00,0.00000000e+00,0.00000000e+00,0.00000000e+00,0.00000000e+00,0.00000000e+00,0.00000000e+00,0.00000000e+00,0.00000000e+00,0.00000000e+00,0.00000000e+00,0.00000000e+00,0.00000000e+00,0.00000000e+00,0.00000000e+00,0.00000000e+00,0.00000000e+00,0.00000000e+00,1.15908687e-03
5.18129069e+01,5.15629069e+01,6.41994044e-05,0.00000000e+00,0.00000000e+00,0.00000000e+00,0.00000000e+00,0.00000000e+00,0.00000000e+00,0.00000000e+00,0.00000000e+00,0.00000000e+00,0.00000000e+00,0.00000000e+00,0.00000000e+00,0.00000000e+00,0.00000000e+00,0.00000000e+00,0.00000000e+00,0.00000000e+00,0.00000000e+00,0.00000000e+00,0.00000000e+00,0.00000000e+00,0.00000000e+00,0.00000000e+00,1.15654883e-03
5.19129319e+01,5.16629319e+01,6.69391422e-05,0.00000000e+00,0.00000000e+00,0.00000000e+00,0.00000000e+00,0.00000000e+00,0.00000000e+00,0.00000000e+00,0.00000000e+00,0.00000000e+00,0.00000000e+00,0.00000000e+00,0.00000000e+00,0.00000000e+00,0.00000000e+00,0.00000000e+00,0.00000000e+00,0.00000000e+00,0.00000000e+00,0.00000000e+00,0.00000000e+00,0.00000000e+00,0.00000000e+00,0.00000000e+00,1.16045960e-03
5.20129569e+01,5.17629569e+01,6.39312573e-05,0.00000000e+00,0.00000000e+00,0.00000000e+00,0.00000000e+00,0.00000000e+00,0.00000000e+00,0.00000000e+00,0.00000000e+00,0.00000000e+00,0.00000000e+00,0.00000000e+00,0.00000000e+00,0.00000000e+00,0.00000000e+00,0.00000000e+00,0.00000000e+00,0.00000000e+00,0.00000000e+00,0.00000000e+00,0.00000000e+00,0.00000000e+00,0.00000000e+00,0.00000000e+00,1.15546874e-03
5.21129820e+01,5.18629820e+01,6.32979512e-05,0.00000000e+00,0.00000000e+00,0.00000000e+00,0.00000000e+00,0.00000000e+00,0.00000000e+00,0.00000000e+00,0.00000000e+00,0.00000000e+00,0.00000000e+00,0.00000000e+00,0.00000000e+00,0.00000000e+00,0.00000000e+00,0.00000000e+00,0.00000000e+00,0.00000000e+00,0.00000000e+00,0.00000000e+00,0.00000000e+00,0.00000000e+00,0.00000000e+00,0.00000000e+00,1.15732481e-03
5.22130070e+01,5.19630070e+01,6.39270375e-05,0.00000000e+00,0.00000000e+00,0.00000000e+00,0.00000000e+00,0.00000000e+00,0.00000000e+00,0.00000000e+00,0.00000000e+00,0.00000000e+00,0.00000000e+00,0.00000000e+00,0.00000000e+00,0.00000000e+00,0.00000000e+00,0.00000000e+00,0.00000000e+00,0.00000000e+00,0.00000000e+00,0.00000000e+00,0.00000000e+00,0.00000000e+00,0.00000000e+00,0.00000000e+00,1.15467139e-03
5.23130320e+01,5.20630320e+01,6.37085593e-05,0.00000000e+00,0.00000000e+00,0.00000000e+00,0.00000000e+00,0.00000000e+00,0.00000000e+00,0.00000000e+00,0.00000000e+00,0.00000000e+00,0.00000000e+00,0.00000000e+00,0.00000000e+00,0.00000000e+00,0.00000000e+00,0.00000000e+00,0.00000000e+00,0.00000000e+00,0.00000000e+00,0.00000000e+00,0.00000000e+00,0.00000000e+00,0.00000000e+00,0.00000000e+00,1.15175118e-03
5.24130571e+01,5.21630571e+01,6.32657457e-05,0.00000000e+00,0.00000000e+00,0.00000000e+00,0.00000000e+00,0.00000000e+00,0.00000000e+00,0.00000000e+00,0.00000000e+00,0.00000000e+00,0.00000000e+00,0.00000000e+00,0.00000000e+00,0.00000000e+00,0.00000000e+00,0.00000000e+00,0.00000000e+00,0.00000000e+00,0.00000000e+00,0.00000000e+00,0.00000000e+00,0.00000000e+00,0.00000000e+00,0.00000000e+00,1.15101553e-03
5.25130821e+01,5.22630821e+01,6.22799156e-05,0.00000000e+00,0.00000000e+00,0.00000000e+00,0.00000000e+00,0.00000000e+00,0.00000000e+00,0.00000000e+00,0.00000000e+00,0.00000000e+00,0.00000000e+00,0.00000000e+00,0.00000000e+00,0.00000000e+00,0.00000000e+00,0.00000000e+00,0.00000000e+00,0.00000000e+00,0.00000000e+00,0.00000000e+00,0.00000000e+00,0.00000000e+00,0.00000000e+00,0.00000000e+00,1.14568225e-03
5.26131072e+01,5.23631072e+01,6.20302972e-05,0.00000000e+00,0.00000000e+00,0.00000000e+00,0.00000000e+00,0.00000000e+00,0.00000000e+00,0.00000000e+00,0.00000000e+00,0.00000000e+00,0.00000000e+00,0.00000000e+00,0.00000000e+00,0.00000000e+00,0.00000000e+00,0.00000000e+00,0.00000000e+00,0.00000000e+00,0.00000000e+00,0.00000000e+00,0.00000000e+00,0.00000000e+00,0.00000000e+00,0.00000000e+00,1.14205067e-03
5.27131322e+01,5.24631322e+01,5.98973335e-05,0.00000000e+00,0.00000000e+00,0.00000000e+00,0.00000000e+00,0.00000000e+00,0.00000000e+00,0.00000000e+00,0.00000000e+00,0.00000000e+00,0.00000000e+00,0.00000000e+00,0.00000000e+00,0.00000000e+00,0.00000000e+00,0.00000000e+00,0.00000000e+00,0.00000000e+00,0.00000000e+00,0.00000000e+00,0.00000000e+00,0.00000000e+00,0.00000000e+00,0.00000000e+00,1.14255728e-03
5.28131572e+01,5.25631572e+01,5.91267785e-05,0.00000000e+00,0.00000000e+00,0.00000000e+00,0.00000000e+00,0.00000000e+00,0.00000000e+00,0.00000000e+00,0.00000000e+00,0.00000000e+00,0.00000000e+00,0.00000000e+00,0.00000000e+00,0.00000000e+00,0.00000000e+00,0.00000000e+00,0.00000000e+00,0.00000000e+00,0.00000000e+00,0.00000000e+00,0.00000000e+00,0.00000000e+00,0.00000000e+00,0.00000000e+00,1.14132681e-03
5.29131823e+01,5.26631823e+01,5.82571353e-05,0.00000000e+00,0.00000000e+00,0.00000000e+00,0.00000000e+00,0.00000000e+00,0.00000000e+00,0.00000000e+00,0.00000000e+00,0.00000000e+00,0.00000000e+00,0.00000000e+00,0.00000000e+00,0.00000000e+00,0.00000000e+00,0.00000000e+00,0.00000000e+00,0.00000000e+00,0.00000000e+00,0.00000000e+00,0.00000000e+00,0.00000000e+00,0.00000000e+00,0.00000000e+00,1.13916902e-03
5.30132073e+01,5.27632073e+01,5.79129705e-05,0.00000000e+00,0.00000000e+00,0.00000000e+00,0.00000000e+00,0.00000000e+00,0.00000000e+00,0.00000000e+00,0.00000000e+00,0.00000000e+00,0.00000000e+00,0.00000000e+00,0.00000000e+00,0.00000000e+00,0.00000000e+00,0.00000000e+00,0.00000000e+00,0.00000000e+00,0.00000000e+00,0.00000000e+00,0.00000000e+00,0.00000000e+00,0.00000000e+00,0.00000000e+00,1.13750685e-03
5.31132323e+01,5.28632323e+01,5.76727117e-05,0.00000000e+00,0.00000000e+00,0.00000000e+00,0.00000000e+00,0.00000000e+00,0.00000000e+00,0.00000000e+00,0.00000000e+00,0.00000000e+00,0.00000000e+00,0.00000000e+00,0.00000000e+00,0.00000000e+00,0.00000000e+00,0.00000000e+00,0.00000000e+00,0.00000000e+00,0.00000000e+00,0.00000000e+00,0.00000000e+00,0.00000000e+00,0.00000000e+00,0.00000000e+00,1.13896249e-03
5.32132574e+01,5.29632574e+01,5.76200875e-05,0.00000000e+00,0.00000000e+00,0.00000000e+00,0.00000000e+00,0.00000000e+00,0.00000000e+00,0.00000000e+00,0.00000000e+00,0.00000000e+00,0.00000000e+00,0.00000000e+00,0.00000000e+00,0.00000000e+00,0.00000000e+00,0.00000000e+00,0.00000000e+00,0.00000000e+00,0.00000000e+00,0.00000000e+00,0.00000000e+00,0.00000000e+00,0.00000000e+00,0.00000000e+00,1.13445736e-03
5.33132824e+01,5.30632824e+01,5.76264972e-05,0.00000000e+00,0.00000000e+00,0.00000000e+00,0.00000000e+00,0.00000000e+00,0.00000000e+00,0.00000000e+00,0.00000000e+00,0.00000000e+00,0.00000000e+00,0.00000000e+00,0.00000000e+00,0.00000000e+00,0.00000000e+00,0.00000000e+00,0.00000000e+00,0.00000000e+00,0.00000000e+00,0.00000000e+00,0.00000000e+00,0.00000000e+00,0.00000000e+00,0.00000000e+00,1.13222896e-03
5.34133075e+01,5.31633075e+01,5.86098533e-05,0.00000000e+00,0.00000000e+00,0.00000000e+00,0.00000000e+00,0.00000000e+00,0.00000000e+00,0.00000000e+00,0.00000000e+00,0.00000000e+00,0.00000000e+00,0.00000000e+00,0.00000000e+00,0.00000000e+00,0.00000000e+00,0.00000000e+00,0.00000000e+00,0.00000000e+00,0.00000000e+00,0.00000000e+00,0.00000000e+00,0.00000000e+00,0.00000000e+00,0.00000000e+00,1.13007834e-03
5.35133325e+01,5.32633325e+01,5.67915847e-05,0.00000000e+00,0.00000000e+00,0.00000000e+00,0.00000000e+00,0.00000000e+00,0.00000000e+00,0.00000000e+00,0.00000000e+00,0.00000000e+00,0.00000000e+00,0.00000000e+00,0.00000000e+00,0.00000000e+00,0.00000000e+00,0.00000000e+00,0.00000000e+00,0.00000000e+00,0.00000000e+00,0.00000000e+00,0.00000000e+00,0.00000000e+00,0.00000000e+00,0.00000000e+00,1.12718313e-03
5.36133575e+01,5.33633575e+01,5.60645150e-05,0.00000000e+00,0.00000000e+00,0.00000000e+00,0.00000000e+00,0.00000000e+00,0.00000000e+00,0.00000000e+00,0.00000000e+00,0.00000000e+00,0.00000000e+00,0.00000000e+00,0.00000000e+00,0.00000000e+00,0.00000000e+00,0.00000000e+00,0.00000000e+00,0.00000000e+00,0.00000000e+00,0.00000000e+00,0.00000000e+00,0.00000000e+00,0.00000000e+00,0.00000000e+00,1.12542245e-03
5.37133826e+01,5.34633826e+01,5.55798091e-05,0.00000000e+00,0.00000000e+00,0.00000000e+00,0.00000000e+00,0.00000000e+00,0.00000000e+00,0.00000000e+00,0.00000000e+00,0.00000000e+00,0.00000000e+00,0.00000000e+00,0.00000000e+00,0.00000000e+00,0.00000000e+00,0.00000000e+00,0.00000000e+00,0.00000000e+00,0.00000000e+00,0.00000000e+00,0.00000000e+00,0.00000000e+00,0.00000000e+00,0.00000000e+00,1.12405277e-03
5.38134076e+01,5.35634076e+01,5.59217467e-05,0.00000000e+00,0.00000000e+00,0.00000000e+00,0.00000000e+00,0.00000000e+00,0.00000000e+00,0.00000000e+00,0.00000000e+00,0.00000000e+00,0.00000000e+00,0.00000000e+00,0.00000000e+00,0.00000000e+00,0.00000000e+00,0.00000000e+00,0.00000000e+00,0.00000000e+00,0.00000000e+00,0.00000000e+00,0.00000000e+00,0.00000000e+00,0.00000000e+00,0.00000000e+00,1.12094684e-03
5.39134326e+01,5.36634326e+01,5.49135063e-05,0.00000000e+00,0.00000000e+00,0.00000000e+00,0.00000000e+00,0.00000000e+00,0.00000000e+00,0.00000000e+00,0.00000000e+00,0.00000000e+00,0.00000000e+00,0.00000000e+00,0.00000000e+00,0.00000000e+00,0.00000000e+00,0.00000000e+00,0.00000000e+00,0.00000000e+00,0.00000000e+00,0.00000000e+00,0.00000000e+00,0.00000000e+00,0.00000000e+00,0.00000000e+00,1.11763439e-03
5.40134577e+01,5.37634577e+01,5.40849619e-05,0.00000000e+00,0.00000000e+00,0.00000000e+00,0.00000000e+00,0.00000000e+00,0.00000000e+00,0.00000000e+00,0.00000000e+00,0.00000000e+00,0.00000000e+00,0.00000000e+00,0.00000000e+00,0.00000000e+00,0.00000000e+00,0.00000000e+00,0.00000000e+00,0.00000000e+00,0.00000000e+00,0.00000000e+00,0.00000000e+00,0.00000000e+00,0.00000000e+00,0.00000000e+00,1.11429222e-03
5.41134827e+01,5.38634827e+01,5.36843274e-05,0.00000000e+00,0.00000000e+00,0.00000000e+00,0.00000000e+00,0.00000000e+00,0.00000000e+00,0.00000000e+00,0.00000000e+00,0.00000000e+00,0.00000000e+00,0.00000000e+00,0.00000000e+00,0.00000000e+00,0.00000000e+00,0.00000000e+00,0.00000000e+00,0.00000000e+00,0.00000000e+00,0.00000000e+00,0.00000000e+00,0.00000000e+00,0.00000000e+00,0.00000000e+00,1.11152072e-03
5.42135078e+01,5.39635078e+01,5.34768325e-05,0.00000000e+00,0.00000000e+00,0.00000000e+00,0.00000000e+00,0.00000000e+00,0.00000000e+00,0.00000000e+00,0.00000000e+00,0.00000000e+00,0.00000000e+00,0.00000000e+00,0.00000000e+00,0.00000000e+00,0.00000000e+00,0.00000000e+00,0.00000000e+00,0.00000000e+00,0.00000000e+00,0.00000000e+00,0.00000000e+00,0.00000000e+00,0.00000000e+00,0.00000000e+00,1.10943090e-03
5.43135328e+01,5.40635328e+01,5.32186509e-05,0.00000000e+00,0.00000000e+00,0.00000000e+00,0.00000000e+00,0.00000000e+00,0.00000000e+00,0.00000000e+00,0.00000000e+00,0.00000000e+00,0.00000000e+00,0.00000000e+00,0.00000000e+00,0.00000000e+00,0.00000000e+00,0.00000000e+00,0.00000000e+00,0.00000000e+00,0.00000000e+00,0.00000000e+00,0.00000000e+00,0.00000000e+00,0.00000000e+00,0.00000000e+00,1.10991964e-03
5.44135578e+01,5.41635578e+01,5.31136130e-05,0.00000000e+00,0.00000000e+00,0.00000000e+00,0.00000000e+00,0.00000000e+00,0.00000000e+00,0.00000000e+00,0.00000000e+00,0.00000000e+00,0.00000000e+00,0.00000000e+00,0.00000000e+00,0.00000000e+00,0.00000000e+00,0.00000000e+00,0.00000000e+00,0.00000000e+00,0.00000000e+00,0.00000000e+00,0.00000000e+00,0.00000000e+00,0.00000000e+00,0.00000000e+00,1.10902327e-03
5.45135829e+01,5.42635829e+01,5.32601740e-05,0.00000000e+00,0.00000000e+00,0.00000000e+00,0.00000000e+00,0.00000000e+00,0.00000000e+00,0.00000000e+00,0.00000000e+00,0.00000000e+00,0.00000000e+00,0.00000000e+00,0.00000000e+00,0.00000000e+00,0.00000000e+00,0.00000000e+00,0.00000000e+00,0.00000000e+00,0.00000000e+00,0.00000000e+00,0.00000000e+00,0.00000000e+00,0.00000000e+00,0.00000000e+00,1.10760408e-03
5.46136079e+01,5.43636079e+01,5.34465419e-05,0.00000000e+00,0.00000000e+00,0.00000000e+00,0.00000000e+00,0.00000000e+00,0.00000000e+00,0.00000000e+00,0.00000000e+00,0.00000000e+00,0.00000000e+00,0.00000000e+00,0.00000000e+00,0.00000000e+00,0.00000000e+00,0.00000000e+00,0.00000000e+00,0.00000000e+00,0.00000000e+00,0.00000000e+00,0.00000000e+00,0.00000000e+00,0.00000000e+00,0.00000000e+00,1.10393109e-03
5.47136329e+01,5.44636329e+01,5.25551376e-05,0.00000000e+00,0.00000000e+00,0.00000000e+00,0.00000000e+00,0.00000000e+00,0.00000000e+00,0.00000000e+00,0.00000000e+00,0.00000000e+00,0.00000000e+00,0.00000000e+00,0.00000000e+00,0.00000000e+00,0.00000000e+00,0.00000000e+00,0.00000000e+00,0.00000000e+00,0.00000000e+00,0.00000000e+00,0.00000000e+00,0.00000000e+00,0.00000000e+00,0.00000000e+00,1.10224558e-03
5.48136580e+01,5.45636580e+01,5.15325302e-05,0.00000000e+00,0.00000000e+00,0.00000000e+00,0.00000000e+00,0.00000000e+00,0.00000000e+00,0.00000000e+00,0.00000000e+00,0.00000000e+00,0.00000000e+00,0.00000000e+00,0.00000000e+00,0.00000000e+00,0.00000000e+00,0.00000000e+00,0.00000000e+00,0.00000000e+00,0.00000000e+00,0.00000000e+00,0.00000000e+00,0.00000000e+00,0.00000000e+00,0.00000000e+00,1.10139834e-03
5.49136830e+01,5.46636830e+01,5.11243962e-05,0.00000000e+00,0.00000000e+00,0.00000000e+00,0.00000000e+00,0.00000000e+00,0.00000000e+00,0.00000000e+00,0.00000000e+00,0.00000000e+00,0.00000000e+00,0.00000000e+00,0.00000000e+00,0.00000000e+00,0.00000000e+00,0.00000000e+00,0.00000000e+00,0.00000000e+00,0.00000000e+00,0.00000000e+00,0.00000000e+00,0.00000000e+00,0.00000000e+00,0.00000000e+00,1.09836030e-03
5.50137081e+01,5.47637081e+01,5.09414586e-05,0.00000000e+00,0.00000000e+00,0.00000000e+00,0.00000000e+00,0.00000000e+00,0.00000000e+00,0.00000000e+00,0.00000000e+00,0.00000000e+00,0.00000000e+00,0.00000000e+00,0.00000000e+00,0.00000000e+00,0.00000000e+00,0.00000000e+00,0.00000000e+00,0.00000000e+00,0.00000000e+00,0.00000000e+00,0.00000000e+00,0.00000000e+00,0.00000000e+00,0.00000000e+00,1.09614858e-03
5.51137331e+01,5.48637331e+01,5.05737407e-05,0.00000000e+00,0.00000000e+00,0.00000000e+00,0.00000000e+00,0.00000000e+00,0.00000000e+00,0.00000000e+00,0.00000000e+00,0.00000000e+00,0.00000000e+00,0.00000000e+00,0.00000000e+00,0.00000000e+00,0.00000000e+00,0.00000000e+00,0.00000000e+00,0.00000000e+00,0.00000000e+00,0.00000000e+00,0.00000000e+00,0.00000000e+00,0.00000000e+00,0.00000000e+00,1.09636065e-03
5.52137581e+01,5.49637581e+01,5.11101362e-05,0.00000000e+00,0.00000000e+00,0.00000000e+00,0.00000000e+00,0.00000000e+00,0.00000000e+00,0.00000000e+00,0.00000000e+00,0.00000000e+00,0.00000000e+00,0.00000000e+00,0.00000000e+00,0.00000000e+00,0.00000000e+00,0.00000000e+00,0.00000000e+00,0.00000000e+00,0.00000000e+00,0.00000000e+00,0.00000000e+00,0.00000000e+00,0.00000000e+00,0.00000000e+00,1.09073934e-03
5.53137832e+01,5.50637832e+01,5.12701913e-05,0.00000000e+00,0.00000000e+00,0.00000000e+00,0.00000000e+00,0.00000000e+00,0.00000000e+00,0.00000000e+00,0.00000000e+00,0.00000000e+00,0.00000000e+00,0.00000000e+00,0.00000000e+00,0.00000000e+00,0.00000000e+00,0.00000000e+00,0.00000000e+00,0.00000000e+00,0.00000000e+00,0.00000000e+00,0.00000000e+00,0.00000000e+00,0.00000000e+00,0.00000000e+00,1.08824024e-03
5.54138082e+01,5.51638082e+01,5.08558729e-05,0.00000000e+00,0.00000000e+00,0.00000000e+00,0.00000000e+00,0.00000000e+00,0.00000000e+00,0.00000000e+00,0.00000000e+00,0.00000000e+00,0.00000000e+00,0.00000000e+00,0.00000000e+00,0.00000000e+00,0.00000000e+00,0.00000000e+00,0.00000000e+00,0.00000000e+00,0.00000000e+00,0.00000000e+00,0.00000000e+00,0.00000000e+00,0.00000000e+00,0.00000000e+00,1.08439914e-03
5.55138332e+01,5.52638332e+01,5.00616652e-05,0.00000000e+00,0.00000000e+00,0.00000000e+00,0.00000000e+00,0.00000000e+00,0.00000000e+00,0.00000000e+00,0.00000000e+00,0.00000000e+00,0.00000000e+00,0.00000000e+00,0.00000000e+00,0.00000000e+00,0.00000000e+00,0.00000000e+00,0.00000000e+00,0.00000000e+00,0.00000000e+00,0.00000000e+00,0.00000000e+00,0.00000000e+00,0.00000000e+00,0.00000000e+00,1.08149595e-03
5.56138583e+01,5.53638583e+01,4.91244879e-05,0.00000000e+00,0.00000000e+00,0.00000000e+00,0.00000000e+00,0.00000000e+00,0.00000000e+00,0.00000000e+00,0.00000000e+00,0.00000000e+00,0.00000000e+00,0.00000000e+00,0.00000000e+00,0.00000000e+00,0.00000000e+00,0.00000000e+00,0.00000000e+00,0.00000000e+00,0.00000000e+00,0.00000000e+00,0.00000000e+00,0.00000000e+00,0.00000000e+00,0.00000000e+00,1.08384505e-03
5.57138833e+01,5.54638833e+01,4.91754703e-05,0.00000000e+00,0.00000000e+00,0.00000000e+00,0.00000000e+00,0.00000000e+00,0.00000000e+00,0.00000000e+00,0.00000000e+00,0.00000000e+00,0.00000000e+00,0.00000000e+00,0.00000000e+00,0.00000000e+00,0.00000000e+00,0.00000000e+00,0.00000000e+00,0.00000000e+00,0.00000000e+00,0.00000000e+00,0.00000000e+00,0.00000000e+00,0.00000000e+00,0.00000000e+00,1.07986148e-03
5.58139084e+01,5.55639084e+01,4.81270060e-05,0.00000000e+00,0.00000000e+00,0.00000000e+00,0.00000000e+00,0.00000000e+00,0.00000000e+00,0.00000000e+00,0.00000000e+00,0.00000000e+00,0.00000000e+00,0.00000000e+00,0.00000000e+00,0.00000000e+00,0.00000000e+00,0.00000000e+00,0.00000000e+00,0.00000000e+00,0.00000000e+00,0.00000000e+00,0.00000000e+00,0.00000000e+00,0.00000000e+00,0.00000000e+00,1.07880379e-03
5.59139334e+01,5.56639334e+01,4.76548202e-05,0.00000000e+00,0.00000000e+00,0.00000000e+00,0.00000000e+00,0.00000000e+00,0.00000000e+00,0.00000000e+00,0.00000000e+00,0.00000000e+00,0.00000000e+00,0.00000000e+00,0.00000000e+00,0.00000000e+00,0.00000000e+00,0.00000000e+00,0.00000000e+00,0.00000000e+00,0.00000000e+00,0.00000000e+00,0.00000000e+00,0.00000000e+00,0.00000000e+00,0.00000000e+00,1.07448581e-03
5.60139584e+01,5.57639584e+01,4.67167298e-05,0.00000000e+00,0.00000000e+00,0.00000000e+00,0.00000000e+00,0.00000000e+00,0.00000000e+00,0.00000000e+00,0.00000000e+00,0.00000000e+00,0.00000000e+00,0.00000000e+00,0.00000000e+00,0.00000000e+00,0.00000000e+00,0.00000000e+00,0.00000000e+00,0.00000000e+00,0.00000000e+00,0.00000000e+00,0.00000000e+00,0.00000000e+00,0.00000000e+00,0.00000000e+00,1.07502879e-03
5.61139835e+01,5.58639835e+01,4.53780229e-05,0.00000000e+00,0.00000000e+00,0.00000000e+00,0.00000000e+00,0.00000000e+00,0.00000000e+00,0.00000000e+00,0.00000000e+00,0.00000000e+00,0.00000000e+00,0.00000000e+00,0.00000000e+00,0.00000000e+00,0.00000000e+00,0.00000000e+00,0.00000000e+00,0.00000000e+00,0.00000000e+00,0.00000000e+00,0.00000000e+00,0.00000000e+00,0.00000000e+00,0.00000000e+00,1.07014179e-03
5.62140085e+01,5.59640085e+01,4.59054897e-05,0.00000000e+00,0.00000000e+00,0.00000000e+00,0.00000000e+00,0.00000000e+00,0.00000000e+00,0.00000000e+00,0.00000000e+00,0.00000000e+00,0.00000000e+00,0.00000000e+00,0.00000000e+00,0.00000000e+00,0.00000000e+00,0.00000000e+00,0.00000000e+00,0.00000000e+00,0.00000000e+00,0.00000000e+00,0.00000000e+00,0.00000000e+00,0.00000000e+00,0.00000000e+00,1.06938626e-03
5.63140336e+01,5.60640336e+01,4.51298604e-05,0.00000000e+00,0.00000000e+00,0.00000000e+00,0.00000000e+00,0.00000000e+00,0.00000000e+00,0.00000000e+00,0.00000000e+00,0.00000000e+00,0.00000000e+00,0.00000000e+00,0.00000000e+00,0.00000000e+00,0.00000000e+00,0.00000000e+00,0.00000000e+00,0.00000000e+00,0.00000000e+00,0.00000000e+00,0.00000000e+00,0.00000000e+00,0.00000000e+00,0.00000000e+00,1.06280107e-03
5.64140586e+01,5.61640586e+01,4.58379612e-05,0.00000000e+00,0.00000000e+00,0.00000000e+00,0.00000000e+00,0.00000000e+00,0.00000000e+00,0.00000000e+00,0.00000000e+00,0.00000000e+00,0.00000000e+00,0.00000000e+00,0.00000000e+00,0.00000000e+00,0.00000000e+00,0.00000000e+00,0.00000000e+00,0.00000000e+00,0.00000000e+00,0.00000000e+00,0.00000000e+00,0.00000000e+00,0.00000000e+00,0.00000000e+00,1.06153215e-03
5.65140836e+01,5.62640836e+01,4.53655849e-05,0.00000000e+00,0.00000000e+00,0.00000000e+00,0.00000000e+00,0.00000000e+00,0.00000000e+00,0.00000000e+00,0.00000000e+00,0.00000000e+00,0.00000000e+00,0.00000000e+00,0.00000000e+00,0.00000000e+00,0.00000000e+00,0.00000000e+00,0.00000000e+00,0.00000000e+00,0.00000000e+00,0.00000000e+00,0.00000000e+00,0.00000000e+00,0.00000000e+00,0.00000000e+00,1.05774959e-03
5.66141087e+01,5.63641087e+01,4.41034514e-05,0.00000000e+00,0.00000000e+00,0.00000000e+00,0.00000000e+00,0.00000000e+00,0.00000000e+00,0.00000000e+00,0.00000000e+00,0.00000000e+00,0.00000000e+00,0.00000000e+00,0.00000000e+00,0.00000000e+00,0.00000000e+00,0.00000000e+00,0.00000000e+00,0.00000000e+00,0.00000000e+00,0.00000000e+00,0.00000000e+00,0.00000000e+00,0.00000000e+00,0.00000000e+00,1.05667073e-03
5.67141337e+01,5.64641337e+01,4.31653535e-05,0.00000000e+00,0.00000000e+00,0.00000000e+00,0.00000000e+00,0.00000000e+00,0.00000000e+00,0.00000000e+00,0.00000000e+00,0.00000000e+00,0.00000000e+00,0.00000000e+00,0.00000000e+00,0.00000000e+00,0.00000000e+00,0.00000000e+00,0.00000000e+00,0.00000000e+00,0.00000000e+00,0.00000000e+00,0.00000000e+00,0.00000000e+00,0.00000000e+00,0.00000000e+00,1.05600332e-03
5.68141587e+01,5.65641587e+01,4.34896464e-05,0.00000000e+00,0.00000000e+00,0.00000000e+00,0.00000000e+00,0.00000000e+00,0.00000000e+00,0.00000000e+00,0.00000000e+00,0.00000000e+00,0.00000000e+00,0.00000000e+00,0.00000000e+00,0.00000000e+00,0.00000000e+00,0.00000000e+00,0.00000000e+00,0.00000000e+00,0.00000000e+00,0.00000000e+00,0.00000000e+00,0.00000000e+00,0.00000000e+00,0.00000000e+00,1.05180648e-03
5.69141838e+01,5.66641838e+01,4.12398497e-05,0.00000000e+00,0.00000000e+00,0.00000000e+00,0.00000000e+00,0.00000000e+00,0.00000000e+00,0.00000000e+00,0.00000000e+00,0.00000000e+00,0.00000000e+00,0.00000000e+00,0.00000000e+00,0.00000000e+00,0.00000000e+00,0.00000000e+00,0.00000000e+00,0.00000000e+00,0.00000000e+00,0.00000000e+00,0.00000000e+00,0.00000000e+00,0.00000000e+00,0.00000000e+00,1.04925911e-03
5.70142088e+01,5.67642088e+01,4.10236607e-05,0.00000000e+00,0.00000000e+00,0.00000000e+00,0.00000000e+00,0.00000000e+00,0.00000000e+00,0.00000000e+00,0.00000000e+00,0.00000000e+00,0.00000000e+00,0.00000000e+00,0.00000000e+00,0.00000000e+00,0.00000000e+00,0.00000000e+00,0.00000000e+00,0.00000000e+00,0.00000000e+00,0.00000000e+00,0.00000000e+00,0.00000000e+00,0.00000000e+00,0.00000000e+00,1.05095756e-03
5.71142339e+01,5.68642339e+01,4.11574220e-05,0.00000000e+00,0.00000000e+00,0.00000000e+00,0.00000000e+00,0.00000000e+00,0.00000000e+00,0.00000000e+00,0.00000000e+00,0.00000000e+00,0.00000000e+00,0.00000000e+00,0.00000000e+00,0.00000000e+00,0.00000000e+00,0.00000000e+00,0.00000000e+00,0.00000000e+00,0.00000000e+00,0.00000000e+00,0.00000000e+00,0.00000000e+00,0.00000000e+00,0.00000000e+00,1.04890527e-03
5.72142589e+01,5.69642589e+01,4.07390701e-05,0.00000000e+00,0.00000000e+00,0.00000000e+00,0.00000000e+00,0.00000000e+00,0.00000000e+00,0.00000000e+00,0.00000000e+00,0.00000000e+00,0.00000000e+00,0.00000000e+00,0.00000000e+00,0.00000000e+00,0.00000000e+00,0.00000000e+00,0.00000000e+00,0.00000000e+00,0.00000000e+00,0.00000000e+00,0.00000000e+00,0.00000000e+00,0.00000000e+00,0.00000000e+00,1.04593363e-03
5.73142839e+01,5.70642839e+01,4.23799456e-05,0.00000000e+00,0.00000000e+00,0.00000000e+00,0.00000000e+00,0.00000000e+00,0.00000000e+00,0.00000000e+00,0.00000000e+00,0.00000000e+00,0.00000000e+00,0.00000000e+00,0.00000000e+00,0.00000000e+00,0.00000000e+00,0.00000000e+00,0.00000000e+00,0.00000000e+00,0.00000000e+00,0.00000000e+00,0.00000000e+00,0.00000000e+00,0.00000000e+00,0.00000000e+00,1.04183879e-03
5.74143090e+01,5.71643090e+01,4.11418394e-05,0.00000000e+00,0.00000000e+00,0.00000000e+00,0.00000000e+00,0.00000000e+00,0.00000000e+00,0.00000000e+00,0.00000000e+00,0.00000000e+00,0.00000000e+00,0.00000000e+00,0.00000000e+00,0.00000000e+00,0.00000000e+00,0.00000000e+00,0.00000000e+00,0.00000000e+00,0.00000000e+00,0.00000000e+00,0.00000000e+00,0.00000000e+00,0.00000000e+00,0.00000000e+00,1.03540825e-03
5.75143340e+01,5.72643340e+01,4.05776883e-05,0.00000000e+00,0.00000000e+00,0.00000000e+00,0.00000000e+00,0.00000000e+00,0.00000000e+00,0.00000000e+00,0.00000000e+00,0.00000000e+00,0.00000000e+00,0.00000000e+00,0.00000000e+00,0.00000000e+00,0.00000000e+00,0.00000000e+00,0.00000000e+00,0.00000000e+00,0.00000000e+00,0.00000000e+00,0.00000000e+00,0.00000000e+00,0.00000000e+00,0.00000000e+00,1.03310098e-03
5.76143590e+01,5.73643590e+01,4.02252414e-05,0.00000000e+00,0.00000000e+00,0.00000000e+00,0.00000000e+00,0.00000000e+00,0.00000000e+00,0.00000000e+00,0.00000000e+00,0.00000000e+00,0.00000000e+00,0.00000000e+00,0.00000000e+00,0.00000000e+00,0.00000000e+00,0.00000000e+00,0.00000000e+00,0.00000000e+00,0.00000000e+00,0.00000000e+00,0.00000000e+00,0.00000000e+00,0.00000000e+00,0.00000000e+00,1.03432282e-03
5.77143841e+01,5.74643841e+01,4.04651290e-05,0.00000000e+00,0.00000000e+00,0.00000000e+00,0.00000000e+00,0.00000000e+00,0.00000000e+00,0.00000000e+00,0.00000000e+00,0.00000000e+00,0.00000000e+00,0.00000000e+00,0.00000000e+00,0.00000000e+00,0.00000000e+00,0.00000000e+00,0.00000000e+00,0.00000000e+00,0.00000000e+00,0.00000000e+00,0.00000000e+00,0.00000000e+00,0.00000000e+00,0.00000000e+00,1.03088029e-03
5.78144091e+01,5.75644091e+01,4.08346713e-05,0.00000000e+00,0.00000000e+00,0.00000000e+00,0.00000000e+00,0.00000000e+00,0.00000000e+00,0.00000000e+00,0.00000000e+00,0.00000000e+00,0.00000000e+00,0.00000000e+00,0.00000000e+00,0.00000000e+00,0.00000000e+00,0.00000000e+00,0.00000000e+00,0.00000000e+00,0.00000000e+00,0.00000000e+00,0.00000000e+00,0.00000000e+00,0.00000000e+00,0.00000000e+00,1.03175745e-03
5.79144342e+01,5.76644342e+01,4.04146990e-05,0.00000000e+00,0.00000000e+00,0.00000000e+00,0.00000000e+00,0.00000000e+00,0.00000000e+00,0.00000000e+00,0.00000000e+00,0.00000000e+00,0.00000000e+00,0.00000000e+00,0.00000000e+00,0.00000000e+00,0.00000000e+00,0.00000000e+00,0.00000000e+00,0.00000000e+00,0.00000000e+00,0.00000000e+00,0.00000000e+00,0.00000000e+00,0.00000000e+00,0.00000000e+00,1.03014250e-03
5.80144592e+01,5.77644592e+01,4.00255151e-05,0.00000000e+00,0.00000000e+00,0.00000000e+00,0.00000000e+00,0.00000000e+00,0.00000000e+00,0.00000000e+00,0.00000000e+00,0.00000000e+00,0.00000000e+00,0.00000000e+00,0.00000000e+00,0.00000000e+00,0.00000000e+00,0.00000000e+00,0.00000000e+00,0.00000000e+00,0.00000000e+00,0.00000000e+00,0.00000000e+00,0.00000000e+00,0.00000000e+00,0.00000000e+00,1.02739275e-03
5.81144842e+01,5.78644842e+01,3.88262437e-05,0.00000000e+00,0.00000000e+00,0.00000000e+00,0.00000000e+00,0.00000000e+00,0.00000000e+00,0.00000000e+00,0.00000000e+00,0.00000000e+00,0.00000000e+00,0.00000000e+00,0.00000000e+00,0.00000000e+00,0.00000000e+00,0.00000000e+00,0.00000000e+00,0.00000000e+00,0.00000000e+00,0.00000000e+00,0.00000000e+00,0.00000000e+00,0.00000000e+00,0.00000000e+00,1.02418308e-03
5.82145093e+01,5.79645093e+01,3.87893864e-05,0.00000000e+00,0.00000000e+00,0.00000000e+00,0.00000000e+00,0.00000000e+00,0.00000000e+00,0.00000000e+00,0.00000000e+00,0.00000000e+00,0.00000000e+00,0.00000000e+00,0.00000000e+00,0.00000000e+00,0.00000000e+00,0.00000000e+00,0.00000000e+00,0.00000000e+00,0.00000000e+00,0.00000000e+00,0.00000000e+00,0.00000000e+00,0.00000000e+00,0.00000000e+00,1.02223276e-03
5.83145343e+01,5.80645343e+01,3.75844465e-05,0.00000000e+00,0.00000000e+00,0.00000000e+00,0.00000000e+00,0.00000000e+00,0.00000000e+00,0.00000000e+00,0.00000000e+00,0.00000000e+00,0.00000000e+00,0.00000000e+00,0.00000000e+00,0.00000000e+00,0.00000000e+00,0.00000000e+00,0.00000000e+00,0.00000000e+00,0.00000000e+00,0.00000000e+00,0.00000000e+00,0.00000000e+00,0.00000000e+00,0.00000000e+00,1.01988171e-03
5.84145593e+01,5.81645593e+01,3.64804563e-05,0.00000000e+00,0.00000000e+00,0.00000000e+00,0.00000000e+00,0.00000000e+00,0.00000000e+00,0.00000000e+00,0.00000000e+00,0.00000000e+00,0.00000000e+00,0.00000000e+00,0.00000000e+00,0.00000000e+00,0.00000000e+00,0.00000000e+00,0.00000000e+00,0.00000000e+00,0.00000000e+00,0.00000000e+00,0.00000000e+00,0.00000000e+00,0.00000000e+00,0.00000000e+00,1.01407591e-03
5.85145844e+01,5.82645844e+01,3.63370766e-05,0.00000000e+00,0.00000000e+00,0.00000000e+00,0.00000000e+00,0.00000000e+00,0.00000000e+00,0.00000000e+00,0.00000000e+00,0.00000000e+00,0.00000000e+00,0.00000000e+00,0.00000000e+00,0.00000000e+00,0.00000000e+00,0.00000000e+00,0.00000000e+00,0.00000000e+00,0.00000000e+00,0.00000000e+00,0.00000000e+00,0.00000000e+00,0.00000000e+00,0.00000000e+00,1.01336626e-03
5.86146094e+01,5.83646094e+01,3.60609359e-05,0.00000000e+00,0.00000000e+00,0.00000000e+00,0.00000000e+00,0.00000000e+00,0.00000000e+00,0.00000000e+00,0.00000000e+00,0.00000000e+00,0.00000000e+00,0.00000000e+00,0.00000000e+00,0.00000000e+00,0.00000000e+00,0.00000000e+00,0.00000000e+00,0.00000000e+00,0.00000000e+00,0.00000000e+00,0.00000000e+00,0.00000000e+00,0.00000000e+00,0.00000000e+00,1.00878290e-03
5.87146345e+01,5.84646345e+01,3.57083063e-05,0.00000000e+00,0.00000000e+00,0.00000000e+00,0.00000000e+00,0.00000000e+00,0.00000000e+00,0.00000000e+00,0.00000000e+00,0.00000000e+00,0.00000000e+00,0.00000000e+00,0.00000000e+00,0.00000000e+00,0.00000000e+00,0.00000000e+00,0.00000000e+00,0.00000000e+00,0.00000000e+00,0.00000000e+00,0.00000000e+00,0.00000000e+00,0.00000000e+00,0.00000000e+00,1.00567175e-03
5.88146595e+01,5.85646595e+01,3.53297436e-05,0.00000000e+00,0.00000000e+00,0.00000000e+00,0.00000000e+00,0.00000000e+00,0.00000000e+00,0.00000000e+00,0.00000000e+00,0.00000000e+00,0.00000000e+00,0.00000000e+00,0.00000000e+00,0.00000000e+00,0.00000000e+00,0.00000000e+00,0.00000000e+00,0.00000000e+00,0.00000000e+00,0.00000000e+00,0.00000000e+00,0.00000000e+00,0.00000000e+00,0.00000000e+00,1.00300122e-03
5.89146845e+01,5.86646845e+01,3.49240972e-05,0.00000000e+00,0.00000000e+00,0.00000000e+00,0.00000000e+00,0.00000000e+00,0.00000000e+00,0.00000000e+00,0.00000000e+00,0.00000000e+00,0.00000000e+00,0.00000000e+00,0.00000000e+00,0.00000000e+00,0.00000000e+00,0.00000000e+00,0.00000000e+00,0.00000000e+00,0.00000000e+00,0.00000000e+00,0.00000000e+00,0.00000000e+00,0.00000000e+00,0.00000000e+00,1.00431911e-03
5.90147096e+01,5.87647096e+01,3.44211633e-05,0.00000000e+00,0.00000000e+00,0.00000000e+00,0.00000000e+00,0.00000000e+00,0.00000000e+00,0.00000000e+00,0.00000000e+00,0.00000000e+00,0.00000000e+00,0.00000000e+00,0.00000000e+00,0.00000000e+00,0.00000000e+00,0.00000000e+00,0.00000000e+00,0.00000000e+00,0.00000000e+00,0.00000000e+00,0.00000000e+00,0.00000000e+00,0.00000000e+00,0.00000000e+00,1.00063710e-03
5.91147346e+01,5.88647346e+01,3.41962480e-05,0.00000000e+00,0.00000000e+00,0.00000000e+00,0.00000000e+00,0.00000000e+00,0.00000000e+00,0.00000000e+00,0.00000000e+00,0.00000000e+00,0.00000000e+00,0.00000000e+00,0.00000000e+00,0.00000000e+00,0.00000000e+00,0.00000000e+00,0.00000000e+00,0.00000000e+00,0.00000000e+00,0.00000000e+00,0.00000000e+00,0.00000000e+00,0.00000000e+00,0.00000000e+00,9.94629416e-04
5.92147596e+01,5.89647596e+01,3.37716362e-05,0.00000000e+00,0.00000000e+00,0.00000000e+00,0.00000000e+00,0.00000000e+00,0.00000000e+00,0.00000000e+00,0.00000000e+00,0.00000000e+00,0.00000000e+00,0.00000000e+00,0.00000000e+00,0.00000000e+00,0.00000000e+00,0.00000000e+00,0.00000000e+00,0.00000000e+00,0.00000000e+00,0.00000000e+00,0.00000000e+00,0.00000000e+00,0.00000000e+00,0.00000000e+00,9.90201573e-04
5.93147847e+01,5.90647847e+01,3.37800463e-05,0.00000000e+00,0.00000000e+00,0.00000000e+00,0.00000000e+00,0.00000000e+00,0.00000000e+00,0.00000000e+00,0.00000000e+00,0.00000000e+00,0.00000000e+00,0.00000000e+00,0.00000000e+00,0.00000000e+00,0.00000000e+00,0.00000000e+00,0.00000000e+00,0.00000000e+00,0.00000000e+00,0.00000000e+00,0.00000000e+00,0.00000000e+00,0.00000000e+00,0.00000000e+00,9.90894762e-04
5.94148097e+01,5.91648097e+01,3.24523400e-05,0.00000000e+00,0.00000000e+00,0.00000000e+00,0.00000000e+00,0.00000000e+00,0.00000000e+00,0.00000000e+00,0.00000000e+00,0.00000000e+00,0.00000000e+00,0.00000000e+00,0.00000000e+00,0.00000000e+00,0.00000000e+00,0.00000000e+00,0.00000000e+00,0.00000000e+00,0.00000000e+00,0.00000000e+00,0.00000000e+00,0.00000000e+00,0.00000000e+00,0.00000000e+00,9.85821918e-04
5.95148348e+01,5.92648348e+01,3.22519126e-05,0.00000000e+00,0.00000000e+00,0.00000000e+00,0.00000000e+00,0.00000000e+00,0.00000000e+00,0.00000000e+00,0.00000000e+00,0.00000000e+00,0.00000000e+00,0.00000000e+00,0.00000000e+00,0.00000000e+00,0.00000000e+00,0.00000000e+00,0.00000000e+00,0.00000000e+00,0.00000000e+00,0.00000000e+00,0.00000000e+00,0.00000000e+00,0.00000000e+00,0.00000000e+00,9.80752642e-04
5.96148598e+01,5.93648598e+01,3.18979792e-05,0.00000000e+00,0.00000000e+00,0.00000000e+00,0.00000000e+00,0.00000000e+00,0.00000000e+00,0.00000000e+00,0.00000000e+00,0.00000000e+00,0.00000000e+00,0.00000000e+00,0.00000000e+00,0.00000000e+00,0.00000000e+00,0.00000000e+00,0.00000000e+00,0.00000000e+00,0.00000000e+00,0.00000000e+00,0.00000000e+00,0.00000000e+00,0.00000000e+00,0.00000000e+00,9.79987359e-04
5.97148848e+01,5.94648848e+01,3.20235897e-05,0.00000000e+00,0.00000000e+00,0.00000000e+00,0.00000000e+00,0.00000000e+00,0.00000000e+00,0.00000000e+00,0.00000000e+00,0.00000000e+00,0.00000000e+00,0.00000000e+00,0.00000000e+00,0.00000000e+00,0.00000000e+00,0.00000000e+00,0.00000000e+00,0.00000000e+00,0.00000000e+00,0.00000000e+00,0.00000000e+00,0.00000000e+00,0.00000000e+00,0.00000000e+00,9.77888422e-04
5.98149099e+01,5.95649099e+01,3.11915335e-05,0.00000000e+00,0.00000000e+00,0.00000000e+00,0.00000000e+00,0.00000000e+00,0.00000000e+00,0.00000000e+00,0.00000000e+00,0.00000000e+00,0.00000000e+00,0.00000000e+00,0.00000000e+00,0.00000000e+00,0.00000000e+00,0.00000000e+00,0.00000000e+00,0.00000000e+00,0.00000000e+00,0.00000000e+00,0.00000000e+00,0.00000000e+00,0.00000000e+00,0.00000000e+00,9.74733931e-04
5.99149349e+01,5.96649349e+01,3.08091282e-05,0.00000000e+00,0.00000000e+00,0.00000000e+00,0.00000000e+00,0.00000000e+00,0.00000000e+00,0.00000000e+00,0.00000000e+00,0.00000000e+00,0.00000000e+00,0.00000000e+00,0.00000000e+00,0.00000000e+00,0.00000000e+00,0.00000000e+00,0.00000000e+00,0.00000000e+00,0.00000000e+00,0.00000000e+00,0.00000000e+00,0.00000000e+00,0.00000000e+00,0.00000000e+00,9.71116086e-04
6.00149599e+01,5.97649599e+01,3.03975851e-05,0.00000000e+00,0.00000000e+00,0.00000000e+00,0.00000000e+00,0.00000000e+00,0.00000000e+00,0.00000000e+00,0.00000000e+00,0.00000000e+00,0.00000000e+00,0.00000000e+00,0.00000000e+00,0.00000000e+00,0.00000000e+00,0.00000000e+00,0.00000000e+00,0.00000000e+00,0.00000000e+00,0.00000000e+00,0.00000000e+00,0.00000000e+00,0.00000000e+00,0.00000000e+00,9.69886952e-04
6.01149850e+01,5.98649850e+01,3.00156780e-05,0.00000000e+00,0.00000000e+00,0.00000000e+00,0.00000000e+00,0.00000000e+00,0.00000000e+00,0.00000000e+00,0.00000000e+00,0.00000000e+00,0.00000000e+00,0.00000000e+00,0.00000000e+00,0.00000000e+00,0.00000000e+00,0.00000000e+00,0.00000000e+00,0.00000000e+00,0.00000000e+00,0.00000000e+00,0.00000000e+00,0.00000000e+00,0.00000000e+00,0.00000000e+00,9.69187267e-04
6.02150100e+01,5.99650100e+01,3.21619804e-05,0.00000000e+00,0.00000000e+00,0.00000000e+00,0.00000000e+00,0.00000000e+00,0.00000000e+00,0.00000000e+00,0.00000000e+00,0.00000000e+00,0.00000000e+00,0.00000000e+00,0.00000000e+00,0.00000000e+00,0.00000000e+00,0.00000000e+00,0.00000000e+00,0.00000000e+00,0.00000000e+00,0.00000000e+00,0.00000000e+00,0.00000000e+00,0.00000000e+00,0.00000000e+00,9.65977162e-04
6.03150351e+01,6.00650351e+01,3.19279002e-05,0.00000000e+00,0.00000000e+00,0.00000000e+00,0.00000000e+00,0.00000000e+00,0.00000000e+00,0.00000000e+00,0.00000000e+00,0.00000000e+00,0.00000000e+00,0.00000000e+00,0.00000000e+00,0.00000000e+00,0.00000000e+00,0.00000000e+00,0.00000000e+00,0.00000000e+00,0.00000000e+00,0.00000000e+00,0.00000000e+00,0.00000000e+00,0.00000000e+00,0.00000000e+00,9.62481764e-04
6.04150601e+01,6.01650601e+01,3.22847682e-05,0.00000000e+00,0.00000000e+00,0.00000000e+00,0.00000000e+00,0.00000000e+00,0.00000000e+00,0.00000000e+00,0.00000000e+00,0.00000000e+00,0.00000000e+00,0.00000000e+00,0.00000000e+00,0.00000000e+00,0.00000000e+00,0.00000000e+00,0.00000000e+00,0.00000000e+00,0.00000000e+00,0.00000000e+00,0.00000000e+00,0.00000000e+00,0.00000000e+00,0.00000000e+00,9.58962603e-04
6.05150851e+01,6.02650851e+01,3.17764722e-05,0.00000000e+00,0.00000000e+00,0.00000000e+00,0.00000000e+00,0.00000000e+00,0.00000000e+00,0.00000000e+00,0.00000000e+00,0.00000000e+00,0.00000000e+00,0.00000000e+00,0.00000000e+00,0.00000000e+00,0.00000000e+00,0.00000000e+00,0.00000000e+00,0.00000000e+00,0.00000000e+00,0.00000000e+00,0.00000000e+00,0.00000000e+00,0.00000000e+00,0.00000000e+00,9.55513410e-04
6.06151102e+01,6.03651102e+01,3.15090419e-05,0.00000000e+00,0.00000000e+00,0.00000000e+00,0.00000000e+00,0.00000000e+00,0.00000000e+00,0.00000000e+00,0.00000000e+00,0.00000000e+00,0.00000000e+00,0.00000000e+00,0.00000000e+00,0.00000000e+00,0.00000000e+00,0.00000000e+00,0.00000000e+00,0.00000000e+00,0.00000000e+00,0.00000000e+00,0.00000000e+00,0.00000000e+00,0.00000000e+00,0.00000000e+00,9.52234288e-04
6.07151352e+01,6.04651352e+01,3.09030811e-05,0.00000000e+00,0.00000000e+00,0.00000000e+00,0.00000000e+00,0.00000000e+00,0.00000000e+00,0.00000000e+00,0.00000000e+00,0.00000000e+00,0.00000000e+00,0.00000000e+00,0.00000000e+00,0.00000000e+00,0.00000000e+00,0.00000000e+00,0.00000000e+00,0.00000000e+00,0.00000000e+00,0.00000000e+00,0.00000000e+00,0.00000000e+00,0.00000000e+00,0.00000000e+00,9.49012548e-04
6.08151602e+01,6.05651602e+01,3.09254370e-05,0.00000000e+00,0.00000000e+00,0.00000000e+00,0.00000000e+00,0.00000000e+00,0.00000000e+00,0.00000000e+00,0.00000000e+00,0.00000000e+00,0.00000000e+00,0.00000000e+00,0.00000000e+00,0.00000000e+00,0.00000000e+00,0.00000000e+00,0.00000000e+00,0.00000000e+00,0.00000000e+00,0.00000000e+00,0.00000000e+00,0.00000000e+00,0.00000000e+00,0.00000000e+00,9.46818133e-04
6.09151853e+01,6.06651853e+01,3.05597725e-05,0.00000000e+00,0.00000000e+00,0.00000000e+00,0.00000000e+00,0.00000000e+00,0.00000000e+00,0.00000000e+00,0.00000000e+00,0.00000000e+00,0.00000000e+00,0.00000000e+00,0.00000000e+00,0.00000000e+00,0.00000000e+00,0.00000000e+00,0.00000000e+00,0.00000000e+00,0.00000000e+00,0.00000000e+00,0.00000000e+00,0.00000000e+00,0.00000000e+00,0.00000000e+00,9.45267688e-04
6.10152103e+01,6.07652103e+01,2.96411700e-05,0.00000000e+00,0.00000000e+00,0.00000000e+00,0.00000000e+00,0.00000000e+00,0.00000000e+00,0.00000000e+00,0.00000000e+00,0.00000000e+00,0.00000000e+00,0.00000000e+00,0.00000000e+00,0.00000000e+00,0.00000000e+00,0.00000000e+00,0.00000000e+00,0.00000000e+00,0.00000000e+00,0.00000000e+00,0.00000000e+00,0.00000000e+00,0.00000000e+00,0.00000000e+00,9.39803032e-04
6.11152354e+01,6.08652354e+01,2.92806475e-05,0.00000000e+00,0.00000000e+00,0.00000000e+00,0.00000000e+00,0.00000000e+00,0.00000000e+00,0.00000000e+00,0.00000000e+00,0.00000000e+00,0.00000000e+00,0.00000000e+00,0.00000000e+00,0.00000000e+00,0.00000000e+00,0.00000000e+00,0.00000000e+00,0.00000000e+00,0.00000000e+00,0.00000000e+00,0.00000000e+00,0.00000000e+00,0.00000000e+00,0.00000000e+00,9.35212593e-04
6.12152604e+01,6.09652604e+01,2.91448576e-05,0.00000000e+00,0.00000000e+00,0.00000000e+00,0.00000000e+00,0.00000000e+00,0.00000000e+00,0.00000000e+00,0.00000000e+00,0.00000000e+00,0.00000000e+00,0.00000000e+00,0.00000000e+00,0.00000000e+00,0.00000000e+00,0.00000000e+00,0.00000000e+00,0.00000000e+00,0.00000000e+00,0.00000000e+00,0.00000000e+00,0.00000000e+00,0.00000000e+00,0.00000000e+00,9.32687691e-04
6.13152854e+01,6.10652854e+01,2.86469724e-05,0.00000000e+00,0.00000000e+00,0.00000000e+00,0.00000000e+00,0.00000000e+00,0.00000000e+00,0.00000000e+00,0.00000000e+00,0.00000000e+00,0.00000000e+00,0.00000000e+00,0.00000000e+00,0.00000000e+00,0.00000000e+00,0.00000000e+00,0.00000000e+00,0.00000000e+00,0.00000000e+00,0.00000000e+00,0.00000000e+00,0.00000000e+00,0.00000000e+00,0.00000000e+00,9.30595765e-04
6.14153105e+01,6.11653105e+01,3.04796909e-05,0.00000000e+00,0.00000000e+00,0.00000000e+00,0.00000000e+00,0.00000000e+00,0.00000000e+00,0.00000000e+00,0.00000000e+00,0.00000000e+00,0.00000000e+00,0.00000000e+00,0.00000000e+00,0.00000000e+00,0.00000000e+00,0.00000000e+00,0.00000000e+00,0.00000000e+00,0.00000000e+00,0.00000000e+00,0.00000000e+00,0.00000000e+00,0.00000000e+00,0.00000000e+00,9.26036613e-04
6.15153355e+01,6.12653355e+01,3.05051817e-05,0.00000000e+00,0.00000000e+00,0.00000000e+00,0.00000000e+00,0.00000000e+00,0.00000000e+00,0.00000000e+00,0.00000000e+00,0.00000000e+00,0.00000000e+00,0.00000000e+00,0.00000000e+00,0.00000000e+00,0.00000000e+00,0.00000000e+00,0.00000000e+00,0.00000000e+00,0.00000000e+00,0.00000000e+00,0.00000000e+00,0.00000000e+00,0.00000000e+00,0.00000000e+00,9.25362699e-04
6.16153605e+01,6.13653605e+01,3.00513785e-05,0.00000000e+00,0.00000000e+00,0.00000000e+00,0.00000000e+00,0.00000000e+00,0.00000000e+00,0.00000000e+00,0.00000000e+00,0.00000000e+00,0.00000000e+00,0.00000000e+00,0.00000000e+00,0.00000000e+00,0.00000000e+00,0.00000000e+00,0.00000000e+00,0.00000000e+00,0.00000000e+00,0.00000000e+00,0.00000000e+00,0.00000000e+00,0.00000000e+00,0.00000000e+00,9.23650883e-04
6.17153856e+01,6.14653856e+01,2.98704868e-05,0.00000000e+00,0.00000000e+00,0.00000000e+00,0.00000000e+00,0.00000000e+00,0.00000000e+00,0.00000000e+00,0.00000000e+00,0.00000000e+00,0.00000000e+00,0.00000000e+00,0.00000000e+00,0.00000000e+00,0.00000000e+00,0.00000000e+00,0.00000000e+00,0.00000000e+00,0.00000000e+00,0.00000000e+00,0.00000000e+00,0.00000000e+00,0.00000000e+00,0.00000000e+00,9.23300534e-04
6.18154106e+01,6.15654106e+01,2.97767987e-05,0.00000000e+00,0.00000000e+00,0.00000000e+00,0.00000000e+00,0.00000000e+00,0.00000000e+00,0.00000000e+00,0.00000000e+00,0.00000000e+00,0.00000000e+00,0.00000000e+00,0.00000000e+00,0.00000000e+00,0.00000000e+00,0.00000000e+00,0.00000000e+00,0.00000000e+00,0.00000000e+00,0.00000000e+00,0.00000000e+00,0.00000000e+00,0.00000000e+00,0.00000000e+00,9.20314090e-04
6.19154357e+01,6.16654357e+01,2.94261724e-05,0.00000000e+00,0.00000000e+00,0.00000000e+00,0.00000000e+00,0.00000000e+00,0.00000000e+00,0.00000000e+00,0.00000000e+00,0.00000000e+00,0.00000000e+00,0.00000000e+00,0.00000000e+00,0.00000000e+00,0.00000000e+00,0.00000000e+00,0.00000000e+00,0.00000000e+00,0.00000000e+00,0.00000000e+00,0.00000000e+00,0.00000000e+00,0.00000000e+00,0.00000000e+00,9.13506630e-04
6.20154607e+01,6.17654607e+01,2.90606899e-05,0.00000000e+00,0.00000000e+00,0.00000000e+00,0.00000000e+00,0.00000000e+00,0.00000000e+00,0.00000000e+00,0.00000000e+00,0.00000000e+00,0.00000000e+00,0.00000000e+00,0.00000000e+00,0.00000000e+00,0.00000000e+00,0.00000000e+00,0.00000000e+00,0.00000000e+00,0.00000000e+00,0.00000000e+00,0.00000000e+00,0.00000000e+00,0.00000000e+00,0.00000000e+00,9.09766133e-04
6.21154857e+01,6.18654857e+01,2.80490378e-05,0.00000000e+00,0.00000000e+00,0.00000000e+00,0.00000000e+00,0.00000000e+00,0.00000000e+00,0.00000000e+00,0.00000000e+00,0.00000000e+00,0.00000000e+00,0.00000000e+00,0.00000000e+00,0.00000000e+00,0.00000000e+00,0.00000000e+00,0.00000000e+00,0.00000000e+00,0.00000000e+00,0.00000000e+00,0.00000000e+00,0.00000000e+00,0.00000000e+00,0.00000000e+00,9.09144730e-04
6.22155108e+01,6.19655108e+01,2.77037686e-05,0.00000000e+00,0.00000000e+00,0.00000000e+00,0.00000000e+00,0.00000000e+00,0.00000000e+00,0.00000000e+00,0.00000000e+00,0.00000000e+00,0.00000000e+00,0.00000000e+00,0.00000000e+00,0.00000000e+00,0.00000000e+00,0.00000000e+00,0.00000000e+00,0.00000000e+00,0.00000000e+00,0.00000000e+00,0.00000000e+00,0.00000000e+00,0.00000000e+00,0.00000000e+00,9.04325986e-04
6.23155358e+01,6.20655358e+01,2.79996017e-05,0.00000000e+00,0.00000000e+00,0.00000000e+00,0.00000000e+00,0.00000000e+00,0.00000000e+00,0.00000000e+00,0.00000000e+00,0.00000000e+00,0.00000000e+00,0.00000000e+00,0.00000000e+00,0.00000000e+00,0.00000000e+00,0.00000000e+00,0.00000000e+00,0.00000000e+00,0.00000000e+00,0.00000000e+00,0.00000000e+00,0.00000000e+00,0.00000000e+00,0.00000000e+00,8.98970429e-04
6.24155608e+01,6.21655608e+01,2.66057704e-05,0.00000000e+00,0.00000000e+00,0.00000000e+00,0.00000000e+00,0.00000000e+00,0.00000000e+00,0.00000000e+00,0.00000000e+00,0.00000000e+00,0.00000000e+00,0.00000000e+00,0.00000000e+00,0.00000000e+00,0.00000000e+00,0.00000000e+00,0.00000000e+00,0.00000000e+00,0.00000000e+00,0.00000000e+00,0.00000000e+00,0.00000000e+00,0.00000000e+00,0.00000000e+00,8.94635204e-04
6.25155859e+01,6.22655859e+01,2.63397314e-05,0.00000000e+00,0.00000000e+00,0.00000000e+00,0.00000000e+00,0.00000000e+00,0.00000000e+00,0.00000000e+00,0.00000000e+00,0.00000000e+00,0.00000000e+00,0.00000000e+00,0.00000000e+00,0.00000000e+00,0.00000000e+00,0.00000000e+00,0.00000000e+00,0.00000000e+00,0.00000000e+00,0.00000000e+00,0.00000000e+00,0.00000000e+00,0.00000000e+00,0.00000000e+00,8.90623729e-04
6.26156109e+01,6.23656109e+01,2.62127816e-05,0.00000000e+00,0.00000000e+00,0.00000000e+00,0.00000000e+00,0.00000000e+00,0.00000000e+00,0.00000000e+00,0.00000000e+00,0.00000000e+00,0.00000000e+00,0.00000000e+00,0.00000000e+00,0.00000000e+00,0.00000000e+00,0.00000000e+00,0.00000000e+00,0.00000000e+00,0.00000000e+00,0.00000000e+00,0.00000000e+00,0.00000000e+00,0.00000000e+00,0.00000000e+00,8.87153400e-04
6.27156360e+01,6.24656360e+01,2.60059426e-05,0.00000000e+00,0.00000000e+00,0.00000000e+00,0.00000000e+00,0.00000000e+00,0.00000000e+00,0.00000000e+00,0.00000000e+00,0.00000000e+00,0.00000000e+00,0.00000000e+00,0.00000000e+00,0.00000000e+00,0.00000000e+00,0.00000000e+00,0.00000000e+00,0.00000000e+00,0.00000000e+00,0.00000000e+00,0.00000000e+00,0.00000000e+00,0.00000000e+00,0.00000000e+00,8.85626947e-04
6.28156610e+01,6.25656610e+01,2.58988487e-05,0.00000000e+00,0.00000000e+00,0.00000000e+00,0.00000000e+00,0.00000000e+00,0.00000000e+00,0.00000000e+00,0.00000000e+00,0.00000000e+00,0.00000000e+00,0.00000000e+00,0.00000000e+00,0.00000000e+00,0.00000000e+00,0.00000000e+00,0.00000000e+00,0.00000000e+00,0.00000000e+00,0.00000000e+00,0.00000000e+00,0.00000000e+00,0.00000000e+00,0.00000000e+00,8.86673175e-04
6.29156860e+01,6.26656860e+01,2.56825585e-05,0.00000000e+00,0.00000000e+00,0.00000000e+00,0.00000000e+00,0.00000000e+00,0.00000000e+00,0.00000000e+00,0.00000000e+00,0.00000000e+00,0.00000000e+00,0.00000000e+00,0.00000000e+00,0.00000000e+00,0.00000000e+00,0.00000000e+00,0.00000000e+00,0.00000000e+00,0.00000000e+00,0.00000000e+00,0.00000000e+00,0.00000000e+00,0.00000000e+00,0.00000000e+00,8.83541961e-04
6.30157111e+01,6.27657111e+01,2.54705643e-05,0.00000000e+00,0.00000000e+00,0.00000000e+00,0.00000000e+00,0.00000000e+00,0.00000000e+00,0.00000000e+00,0.00000000e+00,0.00000000e+00,0.00000000e+00,0.00000000e+00,0.00000000e+00,0.00000000e+00,0.00000000e+00,0.00000000e+00,0.00000000e+00,0.00000000e+00,0.00000000e+00,0.00000000e+00,0.00000000e+00,0.00000000e+00,0.00000000e+00,0.00000000e+00,8.81912023e-04
6.31157361e+01,6.28657361e+01,2.51131863e-05,0.00000000e+00,0.00000000e+00,0.00000000e+00,0.00000000e+00,0.00000000e+00,0.00000000e+00,0.00000000e+00,0.00000000e+00,0.00000000e+00,0.00000000e+00,0.00000000e+00,0.00000000e+00,0.00000000e+00,0.00000000e+00,0.00000000e+00,0.00000000e+00,0.00000000e+00,0.00000000e+00,0.00000000e+00,0.00000000e+00,0.00000000e+00,0.00000000e+00,0.00000000e+00,8.77431475e-04
6.32157611e+01,6.29657611e+01,2.49368171e-05,0.00000000e+00,0.00000000e+00,0.00000000e+00,0.00000000e+00,0.00000000e+00,0.00000000e+00,0.00000000e+00,0.00000000e+00,0.00000000e+00,0.00000000e+00,0.00000000e+00,0.00000000e+00,0.00000000e+00,0.00000000e+00,0.00000000e+00,0.00000000e+00,0.00000000e+00,0.00000000e+00,0.00000000e+00,0.00000000e+00,0.00000000e+00,0.00000000e+00,0.00000000e+00,8.77720454e-04
6.33157862e+01,6.30657862e+01,2.49375060e-05,0.00000000e+00,0.00000000e+00,0.00000000e+00,0.00000000e+00,0.00000000e+00,0.00000000e+00,0.00000000e+00,0.00000000e+00,0.00000000e+00,0.00000000e+00,0.00000000e+00,0.00000000e+00,0.00000000e+00,0.00000000e+00,0.00000000e+00,0.00000000e+00,0.00000000e+00,0.00000000e+00,0.00000000e+00,0.00000000e+00,0.00000000e+00,0.00000000e+00,0.00000000e+00,8.72776233e-04
6.34158112e+01,6.31658112e+01,2.48385352e-05,0.00000000e+00,0.00000000e+00,0.00000000e+00,0.00000000e+00,0.00000000e+00,0.00000000e+00,0.00000000e+00,0.00000000e+00,0.00000000e+00,0.00000000e+00,0.00000000e+00,0.00000000e+00,0.00000000e+00,0.00000000e+00,0.00000000e+00,0.00000000e+00,0.00000000e+00,0.00000000e+00,0.00000000e+00,0.00000000e+00,0.00000000e+00,0.00000000e+00,0.00000000e+00,8.69721348e-04
6.35158363e+01,6.32658363e+01,2.46533942e-05,0.00000000e+00,0.00000000e+00,0.00000000e+00,0.00000000e+00,0.00000000e+00,0.00000000e+00,0.00000000e+00,0.00000000e+00,0.00000000e+00,0.00000000e+00,0.00000000e+00,0.00000000e+00,0.00000000e+00,0.00000000e+00,0.00000000e+00,0.00000000e+00,0.00000000e+00,0.00000000e+00,0.00000000e+00,0.00000000e+00,0.00000000e+00,0.00000000e+00,0.00000000e+00,8.64017948e-04
6.36158613e+01,6.33658613e+01,2.44960705e-05,0.00000000e+00,0.00000000e+00,0.00000000e+00,0.00000000e+00,0.00000000e+00,0.00000000e+00,0.00000000e+00,0.00000000e+00,0.00000000e+00,0.00000000e+00,0.00000000e+00,0.00000000e+00,0.00000000e+00,0.00000000e+00,0.00000000e+00,0.00000000e+00,0.00000000e+00,0.00000000e+00,0.00000000e+00,0.00000000e+00,0.00000000e+00,0.00000000e+00,0.00000000e+00,8.60166466e-04
6.37158863e+01,6.34658863e+01,2.45294949e-05,0.00000000e+00,0.00000000e+00,0.00000000e+00,0.00000000e+00,0.00000000e+00,0.00000000e+00,0.00000000e+00,0.00000000e+00,0.00000000e+00,0.00000000e+00,0.00000000e+00,0.00000000e+00,0.00000000e+00,0.00000000e+00,0.00000000e+00,0.00000000e+00,0.00000000e+00,0.00000000e+00,0.00000000e+00,0.00000000e+00,0.00000000e+00,0.00000000e+00,0.00000000e+00,8.60251770e-04
6.38159114e+01,6.35659114e+01,2.42229087e-05,0.00000000e+00,0.00000000e+00,0.00000000e+00,0.00000000e+00,0.00000000e+00,0.00000000e+00,0.00000000e+00,0.00000000e+00,0.00000000e+00,0.00000000e+00,0.00000000e+00,0.00000000e+00,0.00000000e+00,0.00000000e+00,0.00000000e+00,0.00000000e+00,0.00000000e+00,0.00000000e+00,0.00000000e+00,0.00000000e+00,0.00000000e+00,0.00000000e+00,0.00000000e+00,8.57300076e-04
6.39159364e+01,6.36659364e+01,2.38445037e-05,0.00000000e+00,0.00000000e+00,0.00000000e+00,0.00000000e+00,0.00000000e+00,0.00000000e+00,0.00000000e+00,0.00000000e+00,0.00000000e+00,0.00000000e+00,0.00000000e+00,0.00000000e+00,0.00000000e+00,0.00000000e+00,0.00000000e+00,0.00000000e+00,0.00000000e+00,0.00000000e+00,0.00000000e+00,0.00000000e+00,0.00000000e+00,0.00000000e+00,0.00000000e+00,8.55063166e-04
6.40159614e+01,6.37659614e+01,2.64486099e-05,0.00000000e+00,0.00000000e+00,0.00000000e+00,0.00000000e+00,0.00000000e+00,0.00000000e+00,0.00000000e+00,0.00000000e+00,0.00000000e+00,0.00000000e+00,0.00000000e+00,0.00000000e+00,0.00000000e+00,0.00000000e+00,0.00000000e+00,0.00000000e+00,0.00000000e+00,0.00000000e+00,0.00000000e+00,0.00000000e+00,0.00000000e+00,0.00000000e+00,0.00000000e+00,8.51654175e-04
6.41159865e+01,6.38659865e+01,2.48322828e-05,0.00000000e+00,0.00000000e+00,0.00000000e+00,0.00000000e+00,0.00000000e+00,0.00000000e+00,0.00000000e+00,0.00000000e+00,0.00000000e+00,0.00000000e+00,0.00000000e+00,0.00000000e+00,0.00000000e+00,0.00000000e+00,0.00000000e+00,0.00000000e+00,0.00000000e+00,0.00000000e+00,0.00000000e+00,0.00000000e+00,0.00000000e+00,0.00000000e+00,0.00000000e+00,8.45351626e-04
6.42160115e+01,6.39660115e+01,2.40321221e-05,0.00000000e+00,0.00000000e+00,0.00000000e+00,0.00000000e+00,0.00000000e+00,0.00000000e+00,0.00000000e+00,0.00000000e+00,0.00000000e+00,0.00000000e+00,0.00000000e+00,0.00000000e+00,0.00000000e+00,0.00000000e+00,0.00000000e+00,0.00000000e+00,0.00000000e+00,0.00000000e+00,0.00000000e+00,0.00000000e+00,0.00000000e+00,0.00000000e+00,0.00000000e+00,8.43843407e-04
6.43160366e+01,6.40660366e+01,2.37424130e-05,0.00000000e+00,0.00000000e+00,0.00000000e+00,0.00000000e+00,0.00000000e+00,0.00000000e+00,0.00000000e+00,0.00000000e+00,0.00000000e+00,0.00000000e+00,0.00000000e+00,0.00000000e+00,0.00000000e+00,0.00000000e+00,0.00000000e+00,0.00000000e+00,0.00000000e+00,0.00000000e+00,0.00000000e+00,0.00000000e+00,0.00000000e+00,0.00000000e+00,0.00000000e+00,8.41831486e-04
6.44160616e+01,6.41660616e+01,2.34372915e-05,0.00000000e+00,0.00000000e+00,0.00000000e+00,0.00000000e+00,0.00000000e+00,0.00000000e+00,0.00000000e+00,0.00000000e+00,0.00000000e+00,0.00000000e+00,0.00000000e+00,0.00000000e+00,0.00000000e+00,0.00000000e+00,0.00000000e+00,0.00000000e+00,0.00000000e+00,0.00000000e+00,0.00000000e+00,0.00000000e+00,0.00000000e+00,0.00000000e+00,0.00000000e+00,8.38906368e-04
6.45160866e+01,6.42660866e+01,2.30190588e-05,0.00000000e+00,0.00000000e+00,0.00000000e+00,0.00000000e+00,0.00000000e+00,0.00000000e+00,0.00000000e+00,0.00000000e+00,0.00000000e+00,0.00000000e+00,0.00000000e+00,0.00000000e+00,0.00000000e+00,0.00000000e+00,0.00000000e+00,0.00000000e+00,0.00000000e+00,0.00000000e+00,0.00000000e+00,0.00000000e+00,0.00000000e+00,0.00000000e+00,0.00000000e+00,8.36939665e-04
6.46161117e+01,6.43661117e+01,2.23879162e-05,0.00000000e+00,0.00000000e+00,0.00000000e+00,0.00000000e+00,0.00000000e+00,0.00000000e+00,0.00000000e+00,0.00000000e+00,0.00000000e+00,0.00000000e+00,0.00000000e+00,0.00000000e+00,0.00000000e+00,0.00000000e+00,0.00000000e+00,0.00000000e+00,0.00000000e+00,0.00000000e+00,0.00000000e+00,0.00000000e+00,0.00000000e+00,0.00000000e+00,0.00000000e+00,8.33985500e-04
6.47161367e+01,6.44661367e+01,2.21069746e-05,0.00000000e+00,0.00000000e+00,0.00000000e+00,0.00000000e+00,0.00000000e+00,0.00000000e+00,0.00000000e+00,0.00000000e+00,0.00000000e+00,0.00000000e+00,0.00000000e+00,0.00000000e+00,0.00000000e+00,0.00000000e+00,0.00000000e+00,0.00000000e+00,0.00000000e+00,0.00000000e+00,0.00000000e+00,0.00000000e+00,0.00000000e+00,0.00000000e+00,0.00000000e+00,8.28142543e-04
6.48161617e+01,6.45661617e+01,2.21334286e-05,0.00000000e+00,0.00000000e+00,0.00000000e+00,0.00000000e+00,0.00000000e+00,0.00000000e+00,0.00000000e+00,0.00000000e+00,0.00000000e+00,0.00000000e+00,0.00000000e+00,0.00000000e+00,0.00000000e+00,0.00000000e+00,0.00000000e+00,0.00000000e+00,0.00000000e+00,0.00000000e+00,0.00000000e+00,0.00000000e+00,0.00000000e+00,0.00000000e+00,0.00000000e+00,8.29922544e-04
6.49161868e+01,6.46661868e+01,2.27874818e-05,0.00000000e+00,0.00000000e+00,0.00000000e+00,0.00000000e+00,0.00000000e+00,0.00000000e+00,0.00000000e+00,0.00000000e+00,0.00000000e+00,0.00000000e+00,0.00000000e+00,0.00000000e+00,0.00000000e+00,0.00000000e+00,0.00000000e+00,0.00000000e+00,0.00000000e+00,0.00000000e+00,0.00000000e+00,0.00000000e+00,0.00000000e+00,0.00000000e+00,0.00000000e+00,8.28025786e-04
6.50162118e+01,6.47662118e+01,2.21822958e-05,0.00000000e+00,0.00000000e+00,0.00000000e+00,0.00000000e+00,0.00000000e+00,0.00000000e+00,0.00000000e+00,0.00000000e+00,0.00000000e+00,0.00000000e+00,0.00000000e+00,0.00000000e+00,0.00000000e+00,0.00000000e+00,0.00000000e+00,0.00000000e+00,0.00000000e+00,0.00000000e+00,0.00000000e+00,0.00000000e+00,0.00000000e+00,0.00000000e+00,0.00000000e+00,8.23607386e-04
6.51162369e+01,6.48662369e+01,2.24443087e-05,0.00000000e+00,0.00000000e+00,0.00000000e+00,0.00000000e+00,0.00000000e+00,0.00000000e+00,0.00000000e+00,0.00000000e+00,0.00000000e+00,0.00000000e+00,0.00000000e+00,0.00000000e+00,0.00000000e+00,0.00000000e+00,0.00000000e+00,0.00000000e+00,0.00000000e+00,0.00000000e+00,0.00000000e+00,0.00000000e+00,0.00000000e+00,0.00000000e+00,0.00000000e+00,8.14990367e-04
6.52162619e+01,6.49662619e+01,2.02226244e-05,2.02431239e-05,4.93147631e-05,6.83889406e-06,1.74365289e-09,4.84915108e-11,8.79435301e-06,2.42044776e-05,7.90775793e-04,6.01303947e-07,1.49613114e-07,2.72297967e-05,7.91746038e-05,1.16532567e-05,1.08212541e-09,2.25270325e-11,3.16513767e-07,1.02417884e-06,1.09205454e-05,2.73839392e-10,7.12063587e-12,3.74562475e-06,1.08597513e-05,2.43391044e-05,7.48775573e-04
6.53162869e+01,6.50662869e+01,1.11068954e-05,1.23886195e-04,3.01804113e-04,4.19503669e-05,1.08535810e-08,2.97192972e-10,5.40769100e-05,1.48936663e-04,4.60799042e-03,3.74524605e-06,9.16150129e-07,1.67315571e-04,4.86481885e-04,7.15374148e-05,6.72849707e-09,1.38073951e-10,1.95080564e-06,6.31341484e-06,6.67960059e-05,1.68780501e-09,4.36415686e-11,2.30651516e-05,6.68749109e-05,1.49144706e-04,4.05648256e-04
6.54163120e+01,6.51663120e+01,1.22450369e-05,1.22936255e-04,2.99498260e-04,4.13753680e-05,1.17412048e-08,4.31200907e-10,5.40781365e-05,1.49789716e-04,4.40032185e-03,4.04632369e-06,1.07028076e-06,1.65804897e-04,4.82142079e-04,7.04902620e-05,7.29697132e-09,2.58613095e-10,1.93613353e-06,6.27045148e-06,6.63456429e-05,1.83721837e-09,6.95158635e-11,2.29430703e-05,6.65444261e-05,1.48097786e-04,4.02842032e-04
6.55163370e+01,6.52663370e+01,1.13930746e-05,1.22218328e-04,2.97746263e-04,4.10930114e-05,1.15952375e-08,3.09735021e-10,5.38987296e-05,1.48901082e-04,4.25915319e-03,3.92284054e-06,9.30762535e-07,1.64320648e-04,4.77866426e-04,6.95082825e-05,7.12857687e-09,1.50144562e-10,1.93226137e-06,6.25682908e-06,6.58140769e-05,1.73918575e-09,4.61193240e-11,2.28227945e-05,6.61904313e-05,1.45990957e-04,3.99907141e-04
6.56163620e+01,6.53663620e+01,1.11254207e-05,1.21723518e-04,2.96543729e-04,4.10342175e-05,1.17792694e-08,2.91877011e-10,5.33898843e-05,1.47720469e-04,4.15345219e-03,3.86059059e-06,9.05504516e-07,1.64497384e-04,4.78342358e-04,7.04011975e-05,7.15650270e-09,1.35197408e-10,1.91722054e-06,6.20911800e-06,6.54454558e-05,1.69997992e-09,4.27885170e-11,2.26504210e-05,6.56915542e-05,1.45532553e-04,3.97910664e-04
6.57163871e+01,6.54663871e+01,1.07030505e-05,1.20542789e-04,2.93669708e-04,4.04243578e-05,1.10559455e-08,2.81615900e-10,5.36869004e-05,1.48294979e-04,4.12056707e-03,3.65441533e-06,8.77491446e-07,1.64246072e-04,4.77610931e-04,6.96022336e-05,6.73938912e-09,1.30338527e-10,1.91781799e-06,6.21133671e-06,6.47740241e-05,1.62358358e-09,4.12516521e-11,2.26081956e-05,6.55565122e-05,1.44694833e-04,3.94828209e-04
6.58164121e+01,6.55664121e+01,1.12768353e-05,1.19474117e-04,2.91076472e-04,4.01655815e-05,1.11033074e-08,2.97236472e-10,5.37632656e-05,1.48679897e-04,4.00674075e-03,3.66489624e-06,9.48654997e-07,1.61653885e-04,4.70143561e-04,6.81994359e-05,6.79408367e-09,1.35865292e-10,1.90972221e-06,6.18676371e-06,6.41412632e-05,1.68406952e-09,4.32461959e-11,2.24509687e-05,6.51229246e-05,1.42823868e-04,3.91913860e-04
6.59164372e+01,6.56664372e+01,1.14432048e-05,1.19019366e-04,2.89975372e-04,3.98670096e-05,1.12751552e-08,3.00115436e-10,5.43377530e-05,1.50438315e-04,3.94832096e-03,3.71307912e-06,9.67408443e-07,1.60613425e-04,4.67146091e-04,6.77148127e-05,6.89844733e-09,1.36435394e-10,1.91446421e-06,6.20504431e-06,6.38078122e-05,1.70855088e-09,4.35374564e-11,2.24000991e-05,6.49880233e-05,1.41176803e-04,3.89716964e-04
6.60164622e+01,6.57664622e+01,9.87424594e-06,1.18552968e-04,2.88828375e-04,3.97318347e-05,9.93887555e-09,2.68463173e-10,5.34787484e-05,1.47316081e-04,3.91738612e-03,3.29073348e-06,8.39724375e-07,1.59552885e-04,4.64056426e-04,6.67230093e-05,6.06978777e-09,1.24076920e-10,1.89185831e-06,6.12658534e-06,6.36407542e-05,1.48661084e-09,3.92870674e-11,2.22455202e-05,6.45102100e-05,1.41039336e-04,3.87938264e-04
6.61164872e+01,6.58664872e+01,1.03684628e-05,1.17621052e-04,2.86562570e-04,3.93801757e-05,1.08038601e-08,2.68070629e-10,5.34377737e-05,1.47466921e-04,3.84533437e-03,3.63944212e-06,8.38318893e-07,1.58068545e-04,4.59778435e-04,6.59522339e-05,6.61830733e-09,1.23920675e-10,1.89435987e-06,6.13662990e-06,6.31230202e-05,1.59229370e-09,3.92330287e-11,2.21501766e-05,6.42483685e-05,1.39229922e-04,3.84861314e-04
6.62165123e+01,6.59665123e+01,1.09230885e-05,1.16989069e-04,2.85029504e-04,3.91353999e-05,1.19646506e-08,2.69555419e-10,5.45874209e-05,1.50952011e-04,3.81197111e-03,4.06475900e-06,8.42623385e-07,1.57773729e-04,4.58904592e-04,6.64718940e-05,7.29827607e-09,1.24616232e-10,1.88739660e-06,6.11864858e-06,6.27114237e-05,1.71407033e-09,3.94532647e-11,2.20421963e-05,6.39525957e-05,1.38263544e-04,3.82949547e-04
6.63165373e+01,6.60665373e+01,1.04876505e-05,1.16015918e-04,2.82649108e-04,3.89336107e-05,1.11614271e-08,2.67975403e-10,5.38909026e-05,1.48827852e-04,3.77449054e-03,3.72171228e-06,8.37827442e-07,1.56720360e-04,4.55837383e-04,6.56113210e-05,6.78314545e-09,1.23917201e-10,1.87103642e-06,6.06404708e-06,6.22278953e-05,1.61284635e-09,3.92244507e-11,2.18483502e-05,6.33868785e-05,1.36569083e-04,3.79942191e-04
6.64165623e+01,6.61665623e+01,1.03267510e-05,1.15463670e-04,2.81305951e-04,3.86876910e-05,1.13401798e-08,2.66755972e-10,5.39681640e-05,1.49095195e-04,3.76632570e-03,3.66912077e-06,8.34180013e-07,1.55897650e-04,4.53433327e-04,6.57616922e-05,6.83394976e-09,1.23356933e-10,1.85967342e-06,6.02805010e-06,6.18187649e-05,1.58045488e-09,3.90453870e-11,2.17585814e-05,6.31283800e-05,1.35681983e-04,3.77943403e-04
6.65165874e+01,6.62665874e+01,1.00416662e-05,1.14857269e-04,2.79829752e-04,3.84600640e-05,1.11594416e-08,2.63111326e-10,5.38636927e-05,1.48794169e-04,3.76798381e-03,3.55729426e-06,8.24217692e-07,1.55333589e-04,4.51798198e-04,6.53407940e-05,6.69251124e-09,1.21557471e-10,1.85766401e-06,6.02181676e-06,6.15889677e-05,1.52173025e-09,3.84932353e-11,2.16652420e-05,6.28602532e-05,1.35188109e-04,3.76581984e-04
6.66166124e+01,6.63666124e+01,9.59884701e-06,1.14388579e-04,2.78684242e-04,3.83533743e-05,1.03564600e-08,2.56640217e-10,5.31055821e-05,1.46386192e-04,3.74095715e-03,3.37155618e-06,8.05947176e-07,1.54689712e-04,4.49932943e-04,6.50956287e-05,6.24681841e-09,1.18518338e-10,1.84929436e-06,5.99193368e-06,6.12817834e-05,1.44993626e-09,3.75303488e-11,2.15772603e-05,6.25899456e-05,1.34952911e-04,3.74999909e-04
6.67166375e+01,6.64666375e+01,9.48561673e-06,1.13970252e-04,2.77666385e-04,3.82468322e-05,1.05796127e-08,2.52596998e-10,5.29293545e-05,1.46027520e-04,3.69763058e-03,3.46781600e-06,7.94367048e-07,1.53862359e-04,4.47546551e-04,6.40629368e-05,6.35146254e-09,1.16613451e-10,1.83246868e-06,5.93809834e-06,6.10677557e-05,1.45206004e-09,3.69292233e-11,2.14400940e-05,6.21977070e-05,1.34493298e-04,3.73775894e-04
6.68166625e+01,6.65666625e+01,9.32304808e-06,1.13541217e-04,2.76621381e-04,3.79827291e-05,1.02952452e-08,2.50600844e-10,5.30477937e-05,1.46268180e-04,3.70859250e-03,3.39057960e-06,7.88224387e-07,1.53004429e-04,4.45042342e-04,6.40100673e-05,6.19496063e-09,1.15705417e-10,1.82830409e-06,5.92542159e-06,6.06265642e-05,1.42641146e-09,3.66379825e-11,2.13841991e-05,6.20362912e-05,1.33157878e-04,3.71627719e-04
6.69166875e+01,6.66666875e+01,9.24587042e-06,1.12868665e-04,2.74989720e-04,3.77796400e-05,1.02020849e-08,2.48586231e-10,5.40860436e-05,1.49035844e-04,3.73220507e-03,3.39071703e-06,7.80898299e-07,1.52369241e-04,4.43215917e-04,6.35875309e-05,6.15232844e-09,1.14867440e-10,1.83324291e-06,5.94337758e-06,6.02723046e-05,1.42218971e-09,3.63579012e-11,2.13940381e-05,6.20691881e-05,1.32678158e-04,3.69292468e-04
6.70167126e+01,6.67667126e+01,1.00145386e-05,1.12145672e-04,2.73234444e-04,3.75057226e-05,1.10063789e-08,2.61233387e-10,5.40125659e-05,1.49396936e-04,3.65738968e-03,3.66963137e-06,8.41542237e-07,1.51721763e-04,4.41344233e-04,6.33648753e-05,6.63350313e-09,1.19202088e-10,1.83117616e-06,5.94016021e-06,5.98889057e-05,1.54147318e-09,3.79424667e-11,2.13279241e-05,6.18921782e-05,1.32292989e-04,3.67217059e-04
6.71167376e+01,6.68667376e+01,1.02546391e-05,1.11412618e-04,2.71445624e-04,3.73042625e-05,1.12415936e-08,2.63010369e-10,5.32632183e-05,1.47421717e-04,3.59102902e-03,3.74844009e-06,8.60535806e-07,1.51124424e-04,4.39609451e-04,6.34467857e-05,6.76498143e-09,1.19079901e-10,1.81174223e-06,5.87618418e-06,5.96068556e-05,1.57802685e-09,3.80351965e-11,2.11505558e-05,6.13743703e-05,1.31913809e-04,3.65900897e-04
6.72167626e+01,6.69667626e+01,9.74024659e-06,1.10757456e-04,2.69850141e-04,3.71271649e-05,1.11683536e-08,2.46965953e-10,5.34837830e-05,1.47874364e-04,3.58333560e-03,3.48867954e-06,7.87950654e-07,1.50478342e-04,4.37711153e-04,6.36223061e-05,6.53635361e-09,1.13371268e-10,1.80500897e-06,5.85518604e-06,5.91709747e-05,1.48222090e-09,3.59952971e-11,2.10419101e-05,6.10581002e-05,1.31553532e-04,3.63944012e-04
6.73167877e+01,6.70667877e+01,9.11014091e-06,1.10207461e-04,2.68500755e-04,3.68659363e-05,1.02015463e-08,2.36512840e-10,5.23683168e-05,1.44463462e-04,3.56821648e-03,3.30598767e-06,7.37900066e-07,1.49253661e-04,4.34181344e-04,6.20035866e-05,6.04791066e-09,1.09685359e-10,1.78760197e-06,5.79570997e-06,5.89165812e-05,1.39187719e-09,3.46755504e-11,2.09296878e-05,6.07193038e-05,1.31465307e-04,3.61622940e-04
6.74168127e+01,6.71668127e+01,9.01586190e-06,1.09907958e-04,2.67769338e-04,3.69358062e-05,1.00132304e-08,2.34914095e-10,5.20863617e-05,1.43633237e-04,3.55932048e-03,3.31492850e-06,7.33636001e-07,1.48832041e-04,4.32941238e-04,6.21989620e-05,5.97634614e-09,1.08847194e-10,1.77575582e-06,5.75693165e-06,5.86646068e-05,1.38255963e-09,3.44268681e-11,2.08120034e-05,6.03777421e-05,1.29889729e-04,3.60912926e-04
6.75168378e+01,6.72668378e+01,8.93916416e-06,1.09643315e-04,2.67123286e-04,3.67951121e-05,9.89982428e-09,2.34823936e-10,5.24171333e-05,1.44545129e-04,3.51941291e-03,3.28248460e-06,7.33181112e-07,1.49717733e-04,4.35466317e-04,6.24367877e-05,5.91186952e-09,1.08802153e-10,1.77357035e-06,5.75096832e-06,5.85084928e-05,1.37023959e-09,3.44134442e-11,2.07467037e-05,6.01943472e-05,1.28538506e-04,3.59588657e-04
6.76168628e+01,6.73668628e+01,8.99303223e-06,1.09270455e-04,2.66215948e-04,3.66352863e-05,1.07635154e-08,2.33444891e-10,5.27635293e-05,1.45814646e-04,3.52080663e-03,3.70624983e-06,7.28623627e-07,1.48309621e-04,4.31410321e-04,6.18805211e-05,6.48270988e-09,1.08201069e-10,1.76620895e-06,5.72992087e-06,5.84240115e-05,1.43890295e-09,3.42157139e-11,2.06498156e-05,5.99245455e-05,1.28798984e-04,3.59032180e-04
6.77168878e+01,6.74668878e+01,8.92731143e-06,1.09174851e-04,2.65983842e-04,3.66415695e-05,1.05744120e-08,2.32670532e-10,5.20564604e-05,1.43846025e-04,3.48433826e-03,3.61392178e-06,7.26014781e-07,1.47227232e-04,4.28304289e-04,6.08215214e-05,6.36512151e-09,1.07865014e-10,1.76407589e-06,5.72193462e-06,5.81356137e-05,1.41682959e-09,3.41049141e-11,2.05552612e-05,5.96476732e-05,1.28234326e-04,3.56756452e-04
6.78169129e+01,6.75669129e+01,8.66294248e-06,1.08410725e-04,2.64112472e-04,3.62245354e-05,1.01813256e-08,2.32542210e-10,5.16287516e-05,1.42499558e-04,3.49185413e-03,3.42282855e-06,7.24354371e-07,1.46368579e-04,4.25791468e-04,6.01470374e-05,6.11563908e-09,1.07804508e-10,1.74463907e-06,5.65721201e-06,5.80583174e-05,1.36217952e-09,3.40859701e-11,2.04448636e-05,5.93226661e-05,1.28811664e-04,3.55380831e-04
6.79169379e+01,6.76669379e+01,8.59182915e-06,1.07932872e-04,2.62955483e-04,3.62331436e-05,1.02500764e-08,2.30502726e-10,5.14190912e-05,1.41952403e-04,3.43045742e-03,3.40693658e-06,7.19167155e-07,1.45490834e-04,4.23248015e-04,5.98640020e-05,6.12856860e-09,1.06812696e-10,1.73292237e-06,5.61969973e-06,5.74335662e-05,1.34534502e-09,3.37791995e-11,2.03221117e-05,5.89682157e-05,1.26816045e-04,3.53651425e-04
6.80169629e+01,6.77669629e+01,8.61519592e-06,1.07108823e-04,2.60952401e-04,3.59428212e-05,1.04418972e-08,2.29676443e-10,5.14338637e-05,1.42204524e-04,3.41375175e-03,3.40189401e-06,7.16500040e-07,1.44677674e-04,4.20890333e-04,5.98540502e-05,6.19954124e-09,1.06462993e-10,1.72404396e-06,5.59284751e-06,5.70460104e-05,1.34610046e-09,3.36639504e-11,2.02336492e-05,5.87202818e-05,1.25564003e-04,3.51620784e-04
6.81169880e+01,6.78669880e+01,8.67595070e-06,1.06902258e-04,2.60454140e-04,3.58614416e-05,1.07506513e-08,2.27399133e-10,5.26043840e-05,1.45463830e-04,3.42676487e-03,3.52600764e-06,7.09957148e-07,1.43888954e-04,4.18640324e-04,5.95055174e-05,6.37867746e-09,1.05382967e-10,1.73462145e-06,5.63009976e-06,5.67473821e-05,1.37455482e-09,3.33251765e-11,2.02953765e-05,5.89073389e-05,1.24960058e-04,3.50074396e-04
6.82170130e+01,6.79670130e+01,8.55532368e-06,1.06206013e-04,2.58753135e-04,3.55293486e-05,1.06343348e-08,2.24095994e-10,5.25358169e-05,1.45121090e-04,3.40848016e-03,3.45953881e-06,6.99027890e-07,1.42973473e-04,4.15986851e-04,5.87618113e-05,6.29178997e-09,1.03949943e-10,1.72886570e-06,5.61084348e-06,5.64405812e-05,1.35528947e-09,3.28541785e-11,2.01779310e-05,5.85644996e-05,1.24061531e-04,3.48557898e-04
6.83170381e+01,6.80670381e+01,8.44518055e-06,1.05185601e-04,2.56267147e-04,3.51769894e-05,1.00109553e-08,2.23694427e-10,5.19396031e-05,1.43368828e-04,3.36779082e-03,3.28584380e-06,6.96599971e-07,1.41998953e-04,4.13140326e-04,5.87080604e-05,5.95253397e-09,1.03925255e-10,1.71565122e-06,5.56730933e-06,5.59788533e-05,1.31879618e-09,3.28170189e-11,2.00287435e-05,5.81287348e-05,1.23222400e-04,3.45559242e-04
6.84170631e+01,6.81670631e+01,8.29930750e-06,1.04769081e-04,2.55254442e-04,3.50517621e-05,1.04518899e-08,2.25760540e-10,5.19275592e-05,1.43489823e-04,3.35853741e-03,3.17434166e-06,7.00043860e-07,1.41881367e-04,4.12775308e-04,5.88597180e-05,6.07942974e-09,1.05225251e-10,1.70529418e-06,5.53421815e-06,5.59673948e-05,1.27177086e-09,3.31686001e-11,1.99047263e-05,5.77499716e-05,1.25255384e-04,3.44448447e-04
6.85170881e+01,6.82670881e+01,8.25733554e-06,1.04901834e-04,2.55575392e-04,3.50922034e-05,9.88332193e-09,2.25819272e-10,5.20770063e-05,1.43745947e-04,3.37081816e-03,3.09011032e-06,7.00212181e-07,1.41677878e-04,4.12191536e-04,5.83626127e-05,5.80498110e-09,1.05226287e-10,1.70185570e-06,5.52337367e-06,5.58815167e-05,1.26419421e-09,3.31749343e-11,1.98388649e-05,5.75636878e-05,1.24095964e-04,3.43997438e-04
6.86171132e+01,6.83671132e+01,8.28433855e-06,1.04311491e-04,2.54138213e-04,3.48178006e-05,9.77471803e-09,2.25215131e-10,5.12424270e-05,1.41437902e-04,3.34081320e-03,3.13460284e-06,6.98441299e-07,1.40957504e-04,4.10086137e-04,5.83739258e-05,5.78291127e-09,1.04947764e-10,1.68629031e-06,5.47157174e-06,5.54533920e-05,1.27765657e-09,3.30858715e-11,1.97063330e-05,5.71877974e-05,1.22491955e-04,3.42018127e-04
6.87171382e+01,6.84671382e+01,8.35664099e-06,1.03688309e-04,2.52623577e-04,3.45931626e-05,1.02109949e-08,2.24898002e-10,5.13473705e-05,1.41979040e-04,3.36051310e-03,3.34584651e-06,6.97658475e-07,1.40525586e-04,4.08839676e-04,5.83506390e-05,6.06243368e-09,1.04792955e-10,1.68615922e-06,5.47316644e-06,5.53939945e-05,1.31554406e-09,3.30374870e-11,1.96680777e-05,5.70904760e-05,1.21033534e-04,3.40735454e-04
6.88171632e+01,6.85671632e+01,8.37174700e-06,1.03731031e-04,2.52726736e-04,3.46595327e-05,1.02340023e-08,2.25183614e-10,5.09179380e-05,1.40764938e-04,3.34071759e-03,3.38856140e-06,6.99602951e-07,1.40241025e-04,4.07999686e-04,5.77440196e-05,6.09594490e-09,1.04848897e-10,1.67772455e-06,5.44477541e-06,5.54292060e-05,1.32402888e-09,3.30659105e-11,1.95921760e-05,5.68613591e-05,1.21129947e-04,3.40652216e-04
6.89171883e+01,6.86671883e+01,8.31820145e-06,1.02949628e-04,2.50816599e-04,3.42438575e-05,1.08182807e-08,2.22306391e-10,5.06357557e-05,1.40139781e-04,3.31213019e-03,3.59371599e-06,6.91759615e-07,1.39978181e-04,4.07228176e-04,5.74713618e-05,6.42682276e-09,1.03468176e-10,1.66686668e-06,5.41008141e-06,5.51030349e-05,1.32617417e-09,3.26335046e-11,1.94544902e-05,5.64655027e-05,1.19974529e-04,3.38768524e-04
6.90172133e+01,6.87672133e+01,8.22285539e-06,1.02685957e-04,2.50172521e-04,3.41139586e-05,9.69986782e-09,2.21069432e-10,4.97709152e-05,1.37426114e-04,3.28228603e-03,3.20705224e-06,6.88946812e-07,1.38706089e-04,4.03537044e-04,5.68035411e-05,5.78512879e-09,1.02848286e-10,1.65042450e-06,5.35396528e-06,5.48120034e-05,1.28450259e-09,3.24407526e-11,1.93468043e-05,5.61527277e-05,1.18234119e-04,3.36546730e-04
6.91172384e+01,6.88672384e+01,8.03416332e-06,1.02119685e-04,2.48792288e-04,3.39053091e-05,9.37457179e-09,2.16143044e-10,4.95989070e-05,1.37012019e-04,3.23827906e-03,3.08936554e-06,6.75096322e-07,1.39466374e-04,4.05702453e-04,5.69334949e-05,5.58583791e-09,1.00527544e-10,1.64208084e-06,5.32793349e-06,5.44652591e-05,1.25282980e-09,3.17051028e-11,1.92275046e-05,5.58083085e-05,1.18268816e-04,3.35436705e-04
6.92172634e+01,6.89672634e+01,8.96862738e-06,1.01873479e-04,2.48203709e-04,3.38546625e-05,1.07442907e-08,2.15670723e-10,5.10383897e-05,1.41237442e-04,3.26246434e-03,3.61223495e-06,6.73279159e-07,1.38429719e-04,4.02730160e-04,5.66825989e-05,6.47336120e-09,1.00323857e-10,1.64701311e-06,5.34799488e-06,5.43970852e-05,1.42381008e-09,3.16392695e-11,1.92011273e-05,5.57441923e-05,1.18083670e-04,3.34332734e-04
6.93172884e+01,6.90672884e+01,8.42260584e-06,1.01314292e-04,2.46837027e-04,3.36941869e-05,1.01409790e-08,2.15235909e-10,5.02321462e-05,1.38858835e-04,3.25196760e-03,3.38159850e-06,6.73752570e-07,1.38764200e-04,4.03659450e-04,5.69187577e-05,6.05960793e-09,1.00002305e-10,1.64290144e-06,5.33284437e-06,5.42247574e-05,1.33097622e-09,3.15520921e-11,1.91047532e-05,5.54606820e-05,1.17911418e-04,3.32907226e-04
6.94173135e+01,6.91673135e+01,8.21240448e-06,1.00593208e-04,2.45075223e-04,3.34280603e-05,9.71242450e-09,2.13980599e-10,4.99371134e-05,1.38018267e-04,3.23318987e-03,3.26108165e-06,6.68996365e-07,1.37585028e-04,4.00250721e-04,5.60743823e-05,5.83259569e-09,9.94307128e-11,1.62443844e-06,5.27311573e-06,5.38498762e-05,1.29629996e-09,3.13832935e-11,1.90230963e-05,5.52172717e-05,1.17559575e-04,3.30921922e-04
6.95173385e+01,6.92673385e+01,8.13351788e-06,1.00004986e-04,2.43646479e-04,3.34280423e-05,9.82984152e-09,2.12005099e-10,4.93961365e-05,1.36672070e-04,3.23075601e-03,3.29674996e-06,6.63286587e-07,1.35779793e-04,3.95056934e-04,5.53058557e-05,5.89039345e-09,9.84474146e-11,1.61628662e-06,5.24727099e-06,5.32941341e-05,1.29534231e-09,3.10883802e-11,1.89225628e-05,5.49265647e-05,1.16478101e-04,3.29017407e-04
6.96173635e+01,6.93673635e+01,8.01368526e-06,9.98399985e-05,2.43246162e-04,3.34076527e-05,9.80009765e-09,2.08412966e-10,4.98035283e-05,1.37681242e-04,3.23326519e-03,3.28185003e-06,6.52817745e-07,1.35450027e-04,3.94103151e-04,5.52398427e-05,5.86406189e-09,9.67849989e-11,1.61692541e-06,5.24950169e-06,5.31041450e-05,1.27995393e-09,3.05581992e-11,1.88862360e-05,5.48275544e-05,1.15710354e-04,3.28246563e-04
6.97173886e+01,6.94673886e+01,7.83268002e-06,9.92400513e-05,2.41783484e-04,3.30651308e-05,1.01371403e-08,2.01770108e-10,5.02740512e-05,1.38998433e-04,3.19634156e-03,3.38357138e-06,6.35051633e-07,1.35206902e-04,3.93403232e-04,5.48315013e-05,6.02941198e-09,9.36455824e-11,1.62092333e-06,5.26410552e-06,5.30022243e-05,1.25586706e-09,2.95725441e-11,1.88463183e-05,5.47187571e-05,1.15148570e-04,3.27053184e-04
6.98174136e+01,6.95674136e+01,7.74892512e-06,9.84562640e-05,2.39875553e-04,3.26764764e-05,9.52287180e-09,2.01312709e-10,4.88442312e-05,1.35085338e-04,3.16005136e-03,3.17615408e-06,6.32893551e-07,1.33516108e-04,3.88498641e-04,5.40167296e-05,5.67633436e-09,9.34282469e-11,1.59838209e-06,5.18943547e-06,5.25826190e-05,1.23109084e-09,2.95096595e-11,1.86558910e-05,5.41616774e-05,1.14202329e-04,3.24519870e-04
6.99174387e+01,6.96674387e+01,7.94246916e-06,9.79908001e-05,2.38743854e-04,3.25792584e-05,9.46176708e-09,2.06319337e-10,4.91512287e-05,1.35995579e-04,3.15844417e-03,3.15030503e-06,6.51726420e-07,1.33167312e-04,3.87491859e-04,5.39807819e-05,5.64629686e-09,9.53920906e-11,1.59453691e-06,5.17825477e-06,5.22873811e-05,1.24901342e-09,3.01901154e-11,1.85915829e-05,5.39796867e-05,1.13521213e-04,3.23214524e-04
7.00174637e+01,6.97674637e+01,7.88843171e-06,9.79535534e-05,2.38648786e-04,3.25587148e-05,9.19505627e-09,2.06195242e-10,4.88308917e-05,1.34881829e-04,3.15685420e-03,3.05395672e-06,6.50855607e-07,1.32587554e-04,3.85813582e-04,5.35721806e-05,5.48930857e-09,9.53563195e-11,1.59503503e-06,5.17785228e-06,5.21165603e-05,1.22950757e-09,3.01762857e-11,1.85975278e-05,5.39864138e-05,1.12938143e-04,3.22292739e-04
7.01174887e+01,6.98674887e+01,8.31645955e-06,9.73923998e-05,2.37282568e-04,3.23773850e-05,9.84046935e-09,2.04353372e-10,4.91822499e-05,1.35947220e-04,3.10329310e-03,3.29224282e-06,6.43170588e-07,1.32095264e-04,3.84357244e-04,5.37381860e-05,5.91438784e-09,9.46505499e-11,1.59253593e-06,5.17132873e-06,5.18755715e-05,1.30595476e-09,2.99313521e-11,1.84944741e-05,5.36877726e-05,1.12893684e-04,3.20194213e-04
7.02175138e+01,6.99675138e+01,8.39430156e-06,9.71146308e-05,2.36611633e-04,3.23108478e-05,1.00108161e-08,2.03870223e-10,4.90650360e-05,1.35774461e-04,3.09107234e-03,3.34913246e-06,6.40338186e-07,1.31567809e-04,3.82835079e-04,5.33042968e-05,6.02632773e-09,9.44540264e-11,1.58682784e-06,5.15381890e-06,5.17672888e-05,1.32165667e-09,2.98649349e-11,1.84524464e-05,5.35672920e-05,1.13061205e-04,3.18862951e-04
7.03175388e+01,7.00675388e+01,8.17530410e-06,9.66351200e-05,2.35438852e-04,3.21778774e-05,9.94918926e-09,2.03208874e-10,4.85620731e-05,1.34363733e-04,3.08193809e-03,3.25582382e-06,6.37938521e-07,1.30970991e-04,3.81087668e-04,5.34662592e-05,5.93155769e-09,9.41753274e-11,1.57671874e-06,5.12020572e-06,5.15743014e-05,1.28266587e-09,2.97721329e-11,1.83389774e-05,5.32381511e-05,1.13153605e-04,3.17379758e-04
7.04175638e+01,7.01675638e+01,7.89328921e-06,9.63972739e-05,2.34848896e-04,3.20362217e-05,9.78369649e-09,1.98242592e-10,4.80132965e-05,1.32792467e-04,3.09909187e-03,3.17410897e-06,6.21715154e-07,1.30432311e-04,3.79514137e-04,5.33601082e-05,5.79169141e-09,9.20211697e-11,1.56907361e-06,5.09436384e-06,5.14370293e-05,1.24067269e-09,2.90623517e-11,1.82390954e-05,5.29477965e-05,1.11955565e-04,3.16491318e-04
7.05175889e+01,7.02675889e+01,7.77107486e-06,9.57204227e-05,2.33202887e-04,3.17305697e-05,9.64209746e-09,1.96384516e-10,4.89429172e-05,1.35399890e-04,3.09276545e-03,3.11586201e-06,6.16069930e-07,1.30056359e-04,3.78421919e-04,5.29754646e-05,5.69450799e-09,9.11697264e-11,1.56662775e-06,5.08911833e-06,5.11829513e-05,1.21973635e-09,2.87898918e-11,1.81968521e-05,5.28315084e-05,1.11796923e-04,3.15058740e-04
7.06176139e+01,7.03676139e+01,7.62524952e-06,9.52505138e-05,2.32058542e-04,3.15486263e-05,9.90677805e-09,1.93419164e-10,4.84156520e-05,1.34006569e-04,3.09864157e-03,3.04830161e-06,6.06623736e-07,1.29042210e-04,3.75510614e-04,5.17652267e-05,5.73207648e-09,8.98280524e-11,1.54887066e-06,5.03137619e-06,5.07777170e-05,1.19384509e-09,2.83595542e-11,1.80583902e-05,5.24326277e-05,1.10733189e-04,3.13200099e-04
7.07176390e+01,7.04676390e+01,7.62869749e-06,9.49210957e-05,2.31260676e-04,3.14500617e-05,1.00322193e-08,1.92761533e-10,4.88864405e-05,1.35262440e-04,3.07961302e-03,3.01567829e-06,6.07472339e-07,1.28744801e-04,3.74653217e-04,5.14611080e-05,5.78889132e-09,8.92825177e-11,1.55647907e-06,5.05681772e-06,5.04944467e-05,1.19017857e-09,2.82234891e-11,1.80489860e-05,5.24070392e-05,1.10701005e-04,3.11829847e-04
7.08176640e+01,7.05676640e+01,7.90431396e-06,9.44558548e-05,2.30124364e-04,3.12725961e-05,9.82711509e-09,2.00447831e-10,4.83332710e-05,1.33656284e-04,3.07284979e-03,3.02598327e-06,6.36198516e-07,1.27832332e-04,3.71996385e-04,5.16812671e-05,5.73560282e-09,9.23796619e-11,1.54450022e-06,5.01662516e-06,5.02482774e-05,1.22482146e-09,2.92775263e-11,1.79742498e-05,5.21846886e-05,1.10100676e-04,3.10719960e-04
7.09176890e+01,7.06676890e+01,7.77611211e-06,9.41275917e-05,2.29322674e-04,3.12028015e-05,9.44298647e-09,1.97486895e-10,4.77821431e-05,1.32104007e-04,3.04216403e-03,3.02856483e-06,6.26499312e-07,1.27331484e-04,3.70539904e-04,5.11580284e-05,5.58487885e-09,9.10824513e-11,1.53532538e-06,4.98624455e-06,5.01702065e-05,1.21127929e-09,2.88533312e-11,1.78715791e-05,5.18848468e-05,1.09742293e-04,3.10238593e-04
7.10177141e+01,7.07677141e+01,7.39097813e-06,9.38360508e-05,2.28607893e-04,3.11607054e-05,9.82920104e-09,1.93140726e-10,4.78222037e-05,1.32263240e-04,3.03725114e-03,3.25903056e-06,6.12079399e-07,1.26855831e-04,3.69133652e-04,5.15834658e-05,5.81593014e-09,8.91408302e-11,1.52262138e-06,4.94583974e-06,5.00436302e-05,1.18634069e-09,2.82252696e-11,1.77752626e-05,5.16049878e-05,1.09666566e-04,3.08932888e-04
7.11177391e+01,7.08677391e+01,7.22662499e-06,9.35274088e-05,2.27848894e-04,3.10789577e-05,8.84756337e-09,1.91029056e-10,4.69753677e-05,1.29599285e-04,3.05325339e-03,2.90228757e-06,6.02037946e-07,1.26622961e-04,3.68433065e-04,5.14089697e-05,5.25280909e-09,8.82950150e-11,1.51429078e-06,4.91579269e-06,4.99459335e-05,1.13596231e-09,2.79393555e-11,1.76681874e-05,5.12841328e-05,1.09334277e-04,3.08402844e-04
7.12177641e+01,7.09677641e+01,7.47975860e-06,9.30709501e-05,2.26749384e-04,3.08336304e-05,9.93704885e-09,1.98658766e-10,4.84010545e-05,1.33871200e-04,3.03658071e-03,3.16283788e-06,6.26669001e-07,1.26145325e-04,3.67078772e-04,5.10395745e-05,5.83325522e-09,9.15231485e-11,1.52345269e-06,4.95035692e-06,4.95466121e-05,1.19671299e-09,2.90202990e-11,1.76952928e-05,5.13833491e-05,1.08605674e-04,3.06974544e-04
7.13177892e+01,7.10677892e+01,6.91800854e-06,9.28887070e-05,2.26300152e-04,3.07123494e-05,8.86351391e-09,1.86502655e-10,4.81333279e-05,1.32882343e-04,2.99522967e-03,2.84097158e-06,5.86370302e-07,1.25926609e-04,3.66442823e-04,5.04346331e-05,5.21535568e-09,8.61706579e-11,1.52069757e-06,4.94051692e-06,4.93704002e-05,1.09328596e-09,2.72719311e-11,1.76885891e-05,5.13622701e-05,1.08006247e-04,3.06130823e-04
7.14178142e+01,7.11678142e+01,6.60184139e-06,9.23113338e-05,2.24889411e-04,3.06504426e-05,8.48763465e-09,1.76570961e-10,4.74280267e-05,1.30699664e-04,2.96857388e-03,2.73244399e-06,5.55592659e-07,1.25217366e-04,3.64375275e-04,4.98726188e-05,4.99301845e-09,8.15950768e-11,1.50608127e-06,4.89071084e-06,4.90267253e-05,1.04422251e-09,2.58190932e-11,1.75709399e-05,5.10086962e-05,1.06633993e-04,3.04257762e-04
7.15178393e+01,7.12678393e+01,6.71648211e-06,9.18978739e-05,2.23884749e-04,3.04449754e-05,9.85014786e-09,1.75248359e-10,4.70495269e-05,1.30182278e-04,2.97505987e-03,3.30238202e-06,5.58978694e-07,1.25131802e-04,3.64133495e-04,4.97683402e-05,5.81580666e-09,8.04963971e-11,1.49631766e-06,4.86103020e-06,4.89869349e-05,1.11439385e-09,2.55354353e-11,1.75527211e-05,5.09655997e-05,1.06115085e-04,3.03444385e-04
7.16178643e+01,7.13678643e+01,6.62358323e-06,9.18720145e-05,2.23818911e-04,3.04429519e-05,7.90751738e-09,1.74269915e-10,4.65668242e-05,1.28142916e-04,2.96875433e-03,2.50418272e-06,5.58322645e-07,1.24875039e-04,3.63369465e-04,4.96866209e-05,4.65219236e-09,7.98118011e-11,1.50190184e-06,4.87426752e-06,4.92791050e-05,1.02159780e-09,2.53567147e-11,1.74653858e-05,5.06988785e-05,1.05423106e-04,3.03600790e-04
7.17178893e+01,7.14678893e+01,6.61385407e-06,9.12361011e-05,2.22266605e-04,3.01869175e-05,7.70475546e-09,1.72950501e-10,4.53988691e-05,1.25032889e-04,2.95326725e-03,2.46613051e-06,5.54738001e-07,1.23788105e-04,3.60205141e-04,4.92604665e-05,4.55468609e-09,7.91333458e-11,1.47887247e-06,4.79888680e-06,4.87831558e-05,1.01747310e-09,2.51542766e-11,1.72840075e-05,5.01699057e-05,1.04823303e-04,3.01386742e-04
7.18179144e+01,7.15679144e+01,6.75585478e-06,9.07015556e-05,2.20960036e-04,3.00061643e-05,7.73297474e-09,1.76588185e-10,4.51059756e-05,1.24251596e-04,2.97508114e-03,2.48077414e-06,5.68603814e-07,1.23073917e-04,3.58122042e-04,4.89787770e-05,4.58061110e-09,8.04905143e-11,1.46709352e-06,4.76078041e-06,4.84443995e-05,1.03558422e-09,2.56419006e-11,1.71707556e-05,4.98394709e-05,1.04464844e-04,2.99511187e-04
7.19179394e+01,7.16679394e+01,6.68856739e-06,9.05383400e-05,2.20562180e-04,2.99947104e-05,7.65338277e-09,1.76542667e-10,4.53555565e-05,1.24952363e-04,2.96467788e-03,2.43302985e-06,5.66602723e-07,1.23245390e-04,3.58615822e-04,4.88681371e-05,4.51444478e-09,8.05348870e-11,1.46394263e-06,4.75136119e-06,4.83284696e-05,1.02094270e-09,2.56527049e-11,1.71550173e-05,4.97963003e-05,1.04453416e-04,2.99126827e-04
7.20179644e+01,7.17679644e+01,6.60221675e-06,9.03578000e-05,2.20116876e-04,2.99642805e-05,7.70867951e-09,1.74346778e-10,4.56428826e-05,1.25741489e-04,2.94932398e-03,2.42968371e-06,5.58487047e-07,1.22675615e-04,3.56966696e-04,4.87106387e-05,4.52056489e-09,7.96397974e-11,1.45674027e-06,4.72908435e-06,4.82709045e-05,1.00998725e-09,2.53500357e-11,1.71175458e-05,4.96892626e-05,1.04273031e-04,2.98780139e-04
7.21179895e+01,7.18679895e+01,6.38814524e-06,8.97270487e-05,2.18578646e-04,2.97875846e-05,7.56997386e-09,1.68891271e-10,4.51014661e-05,1.24160960e-04,2.90505068e-03,2.36670404e-06,5.38855342e-07,1.21819916e-04,3.54471626e-04,4.86149128e-05,4.42255149e-09,7.73325634e-11,1.44364142e-06,4.68583802e-06,4.77433061e-05,9.79094430e-10,2.45876784e-11,1.70405375e-05,4.94571663e-05,1.03746538e-04,2.96762315e-04
7.22180145e+01,7.19680145e+01,6.35548972e-06,8.95687332e-05,2.18195805e-04,2.96833206e-05,7.62863371e-09,1.66847937e-10,4.54833870e-05,1.25154976e-04,2.89947142e-03,2.38403674e-06,5.34060317e-07,1.21286289e-04,3.52933900e-04,4.80179542e-05,4.45283934e-09,7.63036636e-11,1.44628916e-06,4.69506355e-06,4.76949199e-05,9.75456871e-10,2.42708649e-11,1.69704913e-05,4.92619085e-05,1.02617817e-04,2.95467331e-04
7.23180396e+01,7.20680396e+01,6.34864472e-06,8.94212075e-05,2.17841507e-04,2.96262290e-05,7.67192098e-09,1.65357512e-10,4.55776752e-05,1.25535153e-04,2.87145891e-03,2.39796226e-06,5.30139610e-07,1.20760089e-04,3.51404415e-04,4.79140180e-05,4.46491300e-09,7.56132068e-11,1.43957557e-06,4.67447830e-06,4.76664892e-05,9.76565926e-10,2.40475221e-11,1.69236574e-05,4.91331531e-05,1.02148562e-04,2.95093793e-04
7.24180646e+01,7.21680646e+01,6.41638791e-06,8.91757471e-05,2.17242281e-04,2.95623548e-05,7.63580079e-09,1.66363038e-10,4.50323562e-05,1.23984772e-04,2.87432626e-03,2.37937635e-06,5.36402531e-07,1.20502601e-04,3.50649728e-04,4.77380014e-05,4.44083711e-09,7.58442012e-11,1.43572418e-06,4.66048742e-06,4.74789847e-05,9.82382706e-10,2.41515954e-11,1.68523709e-05,4.89198810e-05,1.01963150e-04,2.94180985e-04
7.25180896e+01,7.22680896e+01,6.31727071e-06,8.86793936e-05,2.16039634e-04,2.93864834e-05,7.76806113e-09,1.63590447e-10,4.55535720e-05,1.25483892e-04,2.83517483e-03,2.36373546e-06,5.24358539e-07,1.19984759e-04,3.49150924e-04,4.77115496e-05,4.44073717e-09,7.47974392e-11,1.43927193e-06,4.67405356e-06,4.72192958e-05,9.69687693e-10,2.37862190e-11,1.67674615e-05,4.86809593e-05,1.01357820e-04,2.92746772e-04
7.26181147e+01,7.23681147e+01,6.29108970e-06,8.87644172e-05,2.16243343e-04,2.93321293e-05,8.02243682e-09,1.63008894e-10,4.48398573e-05,1.23576710e-04,2.85651081e-03,2.41128180e-06,5.20781042e-07,1.19893828e-04,3.48872710e-04,4.78244442e-05,4.56402240e-09,7.46152975e-11,1.42714731e-06,4.63337536e-06,4.72288349e-05,9.71374442e-10,2.37210428e-11,1.67004197e-05,4.84891169e-05,1.00841797e-04,2.92302515e-04
7.27181397e+01,7.24681397e+01,6.40524832e-06,8.85347360e-05,2.15677088e-04,2.92784170e-05,7.76386152e-09,1.61844131e-10,4.32284668e-05,1.19100682e-04,2.85377100e-03,2.50271316e-06,5.15655809e-07,1.19234058e-04,3.46941539e-04,4.75465290e-05,4.57774953e-09,7.41414331e-11,1.40095794e-06,4.54548983e-06,4.71133068e-05,9.97920911e-10,2.35672953e-11,1.65449875e-05,4.80290048e-05,1.00417327e-04,2.91710251e-04
7.28181647e+01,7.25681647e+01,6.31575841e-06,8.79796616e-05,2.14324193e-04,2.90831156e-05,7.54223011e-09,1.59171675e-10,4.35260116e-05,1.19760976e-04,2.82751221e-03,2.41734838e-06,5.06900460e-07,1.19007278e-04,3.46256834e-04,4.79900586e-05,4.43700898e-09,7.29649484e-11,1.39646722e-06,4.53133071e-06,4.67894868e-05,9.78372314e-10,2.31842054e-11,1.65046616e-05,4.79124864e-05,1.00069789e-04,2.89935379e-04
7.29181898e+01,7.26681898e+01,6.15548644e-06,8.78158682e-05,2.13918091e-04,2.89891192e-05,7.65081990e-09,1.52814847e-10,4.31443594e-05,1.18792257e-04,2.85614528e-03,2.41614035e-06,4.84141866e-07,1.18439961e-04,3.44627136e-04,4.74943573e-05,4.44149740e-09,7.03318015e-11,1.38646329e-06,4.49869273e-06,4.67886480e-05,9.62083816e-10,2.22996420e-11,1.63852427e-05,4.75684057e-05,9.96391150e-05,2.89727276e-04
7.30182148e+01,7.27682148e+01,6.10021038e-06,8.72163556e-05,2.12461601e-04,2.88580101e-05,7.77263316e-09,1.52259285e-10,4.31548511e-05,1.19044016e-04,2.82216324e-03,2.40481526e-06,4.81336386e-07,1.18189311e-04,3.43889053e-04,4.71269957e-05,4.43713391e-09,7.01336317e-11,1.38398327e-06,4.49223014e-06,4.65246810e-05,9.55764885e-10,2.22301708e-11,1.63940820e-05,4.76027497e-05,9.95433116e-05,2.88396570e-04
7.31182399e+01,7.28682399e+01,6.47997331e-06,8.68270782e-05,2.11522159e-04,2.87339766e-05,9.08314931e-09,1.53576555e-10,4.39200346e-05,1.21597196e-04,2.80680220e-03,2.97291189e-06,4.85977995e-07,1.18583897e-04,3.45040701e-04,4.70354577e-05,5.27306148e-09,7.06378112e-11,1.38290549e-06,4.49346714e-06,4.60580606e-05,1.09163341e-09,2.24102132e-11,1.63629317e-05,4.75290491e-05,9.89854570e-05,2.87559034e-04
7.32182649e+01,7.29682649e+01,6.20322402e-06,8.67937074e-05,2.11435786e-04,2.87293923e-05,8.15826714e-09,1.53436346e-10,4.37073113e-05,1.20613742e-04,2.80745580e-03,2.61005161e-06,4.85513849e-07,1.17672464e-04,3.42397827e-04,4.66600717e-05,4.72579467e-09,7.05704088e-11,1.37779980e-06,4.47417099e-06,4.61354362e-05,1.00362625e-09,2.23896398e-11,1.62818626e-05,4.72812487e-05,9.89362112e-05,2.87077598e-04
7.33182899e+01,7.30682899e+01,6.05289288e-06,8.63635869e-05,2.10388323e-04,2.85963440e-05,8.13854310e-09,1.52700036e-10,4.33900893e-05,1.19762950e-04,2.80087795e-03,2.49745274e-06,4.81483935e-07,1.16937730e-04,3.40255978e-04,4.68664563e-05,4.63896788e-09,7.03299066e-11,1.37143028e-06,4.45339548e-06,4.61648309e-05,9.66125125e-10,2.23001579e-11,1.62076373e-05,4.70665749e-05,9.85860317e-05,2.85679420e-04
7.34183150e+01,7.31683150e+01,5.93680832e-06,8.61405588e-05,2.09840612e-04,2.85312702e-05,7.91571692e-09,1.51324599e-10,4.32163765e-05,1.19256709e-04,2.80062289e-03,2.43142102e-06,4.75664358e-07,1.16440500e-04,3.38814035e-04,4.65359011e-05,4.50732516e-09,6.97739874e-11,1.36257568e-06,4.42471124e-06,4.58832559e-05,9.44000745e-10,2.21131594e-11,1.61361213e-05,4.68577702e-05,9.83469525e-05,2.85181301e-04
7.35183400e+01,7.32683400e+01,5.90551399e-06,8.55469615e-05,2.08393438e-04,2.82213892e-05,7.62575823e-09,1.50882011e-10,4.32786324e-05,1.19251471e-04,2.78734401e-03,2.39846587e-06,4.74342600e-07,1.15739580e-04,3.36794843e-04,4.59831808e-05,4.39001510e-09,6.95782889e-11,1.36540368e-06,4.43331873e-06,4.55445565e-05,9.35624883e-10,2.20485239e-11,1.60991059e-05,4.67482515e-05,9.76791070e-05,2.83338788e-04
7.36183650e+01,7.33683650e+01,5.87900482e-06,8.55229691e-05,2.08328099e-04,2.82539051e-05,7.42001007e-09,1.50656678e-10,4.38540383e-05,1.20718122e-04,2.76707086e-03,2.38083312e-06,4.73448018e-07,1.15307344e-04,3.35524382e-04,4.57166435e-05,4.31665481e-09,6.94919355e-11,1.35551756e-06,4.40258344e-06,4.53060059e-05,9.29174342e-10,2.20182095e-11,1.59725123e-05,4.63810676e-05,9.72106304e-05,2.81750377e-04
7.37183901e+01,7.34683901e+01,5.86621695e-06,8.52790410e-05,2.07736181e-04,2.80788484e-05,7.21180632e-09,1.50501806e-10,4.33114930e-05,1.19107940e-04,2.77997397e-03,2.33167347e-06,4.73111834e-07,1.15728856e-04,3.36707880e-04,4.58485448e-05,4.24223161e-09,6.94184273e-11,1.34884423e-06,4.37921386e-06,4.52328674e-05,9.20939575e-10,2.19942293e-11,1.59322762e-05,4.62540915e-05,9.78431706e-05,2.81243387e-04
7.38184151e+01,7.35684151e+01,5.86734891e-06,8.45977523e-05,2.06080858e-04,2.79002490e-05,7.24723111e-09,1.50361642e-10,4.32118692e-05,1.18927991e-04,2.75188720e-03,2.34591548e-06,4.72897370e-07,1.14477220e-04,3.33107170e-04,4.52374064e-05,4.28198745e-09,6.93506915e-11,1.34676740e-06,4.37364917e-06,4.48090526e-05,9.21452019e-10,2.19717371e-11,1.58670779e-05,4.60690989e-05,9.65806132e-05,2.79085904e-04
7.39184402e+01,7.36684402e+01,5.84472864e-06,8.37026273e-05,2.03903158e-04,2.76345353e-05,7.73602658e-09,1.48842308e-10,4.34369511e-05,1.19764740e-04,2.72731627e-03,2.53969390e-06,4.68370562e-07,1.13952698e-04,3.31590506e-04,4.48426266e-05,4.57587013e-09,6.86766036e-11,1.34209510e-06,4.36058499e-06,4.45285384e-05,9.37804807e-10,2.17513388e-11,1.57684134e-05,4.57942114e-05,9.59217504e-05,2.77212949e-04
7.40184652e+01,7.37684652e+01,5.85385247e-06,8.38082816e-05,2.04156336e-04,2.76256735e-05,7.99416930e-09,1.47795572e-10,4.23307510e-05,1.16839529e-04,2.71459756e-03,2.62338827e-06,4.66116018e-07,1.13942440e-04,3.31548366e-04,4.47704617e-05,4.72153459e-09,6.82160834e-11,1.33031598e-06,4.32069984e-06,4.46780974e-05,9.45283550e-10,2.15993851e-11,1.57453305e-05,4.57171916e-05,9.67459750e-05,2.77192201e-04
7.41184902e+01,7.38684902e+01,5.84080794e-06,8.34886735e-05,2.03377475e-04,2.75133255e-05,7.92514229e-09,1.47786903e-10,4.25711060e-05,1.17363122e-04,2.72217889e-03,2.57622715e-06,4.65977623e-07,1.12862079e-04,3.28421741e-04,4.42216684e-05,4.68557738e-09,6.82203873e-11,1.31626108e-06,4.27516710e-06,4.43418221e-05,9.36426886e-10,2.15995495e-11,1.56414471e-05,4.54135398e-05,9.64076070e-05,2.75683091e-04
7.42185153e+01,7.39685153e+01,5.83024029e-06,8.34491425e-05,2.03282563e-04,2.75656327e-05,7.90958831e-09,1.47618831e-10,4.23773431e-05,1.16980026e-04,2.70131022e-03,2.53901365e-06,4.65499380e-07,1.13281346e-04,3.29640519e-04,4.43320020e-05,4.65892936e-09,6.81309669e-11,1.31349424e-06,4.26683963e-06,4.43434892e-05,9.31468450e-10,2.15736311e-11,1.56451554e-05,4.54230787e-05,9.66923613e-05,2.76028060e-04
7.43185403e+01,7.40685403e+01,6.07460913e-06,8.28868286e-05,2.01916064e-04,2.73359383e-05,8.08093743e-09,1.54472306e-10,4.31946870e-05,1.19278689e-04,2.69183188e-03,2.58580927e-06,4.89597784e-07,1.12416375e-04,3.27126975e-04,4.41880150e-05,4.76306745e-09,7.09885913e-11,1.31459487e-06,4.27261759e-06,4.40943505e-05,9.65146531e-10,2.25317003e-11,1.55601242e-05,4.51859529e-05,9.56537125e-05,2.74469007e-04
7.44185653e+01,7.41685653e+01,6.21814596e-06,8.25462919e-05,2.01087709e-04,2.72526492e-05,8.47397602e-09,1.58807725e-10,4.35246731e-05,1.20346403e-04,2.65301255e-03,2.63594861e-06,5.03867095e-07,1.11862826e-04,3.25523719e-04,4.40109186e-05,4.95698119e-09,7.28256648e-11,1.31120798e-06,4.26314938e-06,4.40429467e-05,9.86674576e-10,2.31472857e-11,1.54696717e-05,4.49315130e-05,9.51528781e-05,2.73638992e-04
7.45185904e+01,7.42685904e+01,6.05380312e-06,8.24225113e-05,2.00782655e-04,2.71861892e-05,8.02228594e-09,1.50668197e-10,4.26076999e-05,1.17508572e-04,2.62743487e-03,2.52480027e-06,4.76296747e-07,1.11653499e-04,3.24903605e-04,4.38780409e-05,4.72653769e-09,6.93271826e-11,1.30557517e-06,4.24142191e-06,4.37985416e-05,9.56985640e-10,2.19939405e-11,1.54296902e-05,4.48052457e-05,9.44660713e-05,2.72658474e-04
7.46186154e+01,7.43686154e+01,5.88397147e-06,8.24975832e-05,2.00958489e-04,2.72148951e-05,7.76265460e-09,1.46151249e-10,4.27665381e-05,1.17803609e-04,2.68119914e-03,2.45054133e-06,4.61220665e-07,1.11435160e-04,3.24266263e-04,4.40275213e-05,4.57810552e-09,6.73954439e-11,1.30378132e-06,4.23533774e-06,4.39087695e-05,9.26387695e-10,2.13531665e-11,1.53779386e-05,4.46529726e-05,9.47030038e-05,2.72334749e-04
7.47186405e+01,7.44686405e+01,5.82203798e-06,8.20345739e-05,1.99827236e-04,2.71696139e-05,7.47643547e-09,1.44966336e-10,4.21035802e-05,1.15903402e-04,2.67267108e-03,2.39808687e-06,4.57967534e-07,1.11105242e-04,3.23296171e-04,4.38301754e-05,4.43595819e-09,6.68357809e-11,1.29477557e-06,4.20482207e-06,4.36556247e-05,9.13970569e-10,2.11759934e-11,1.53461377e-05,4.45533017e-05,9.55247660e-05,2.71123639e-04
7.48186655e+01,7.45686655e+01,5.77761154e-06,8.15919299e-05,1.98750351e-04,2.70208125e-05,7.36632310e-09,1.43746932e-10,4.15571217e-05,1.14443821e-04,2.63803561e-03,2.36651329e-06,4.53994081e-07,1.10317891e-04,3.21007954e-04,4.34350185e-05,4.37117354e-09,6.62896846e-11,1.28332018e-06,4.16763797e-06,4.32815807e-05,9.07240631e-10,2.10003398e-11,1.52239829e-05,4.41950237e-05,9.36513336e-05,2.69085541e-04
7.49186905e+01,7.46686905e+01,5.72772162e-06,8.13403327e-05,1.98133693e-04,2.69520563e-05,7.00027101e-09,1.43214914e-10,4.08145078e-05,1.12354918e-04,2.64229842e-03,2.29390317e-06,4.50522838e-07,1.09817983e-04,3.19555690e-04,4.32989441e-05,4.18902884e-09,6.61544785e-11,1.27855001e-06,4.15101568e-06,4.32696282e-05,8.99034852e-10,2.09438238e-11,1.51557334e-05,4.39892134e-05,9.41637432e-05,2.68669833e-04
7.50187156e+01,7.47687156e+01,5.70540479e-06,8.09580725e-05,1.97203634e-04,2.67976684e-05,7.00193668e-09,1.42636544e-10,4.01544780e-05,1.10634187e-04,2.65762757e-03,2.28236548e-06,4.48724800e-07,1.09555235e-04,3.18771811e-04,4.31846284e-05,4.18196410e-09,6.58964243e-11,1.26109430e-06,4.09399982e-06,4.31291674e-05,8.95139040e-10,2.08599980e-11,1.50350937e-05,4.36422835e-05,9.35927779e-05,2.67796806e-04
7.51187406e+01,7.48687406e+01,5.49168088e-06,8.07533955e-05,1.96706567e-04,2.67475587e-05,6.81520238e-09,1.37463973e-10,4.09801842e-05,1.12709120e-04,2.61694232e-03,2.23737743e-06,4.32174596e-07,1.09004189e-04,3.17186660e-04,4.26537926e-05,4.06966103e-09,6.35963987e-11,1.26247143e-06,4.09917165e-06,4.30015444e-05,8.67206320e-10,2.01138480e-11,1.50098015e-05,4.35745136e-05,9.24967870e-05,2.66750591e-04
7.52187656e+01,7.49687656e+01,5.43357092e-06,8.05804609e-05,1.96287726e-04,2.67285312e-05,7.57751057e-09,1.33855385e-10,4.08193103e-05,1.12611753e-04,2.60254437e-03,2.53416718e-06,4.19630169e-07,1.08752248e-04,3.16436461e-04,4.32129309e-05,4.51102274e-09,6.20607859e-11,1.25798421e-06,4.08642812e-06,4.28071955e-05,8.97146086e-10,1.96056236e-11,1.49621756e-05,4.34429141e-05,9.24641680e-05,2.65767351e-04
7.53187907e+01,7.50687907e+01,5.38173853e-06,8.01981223e-05,1.95356816e-04,2.65632155e-05,7.24671894e-09,1.31927326e-10,4.08745636e-05,1.12669194e-04,2.59023048e-03,2.39666978e-06,4.13641191e-07,1.08175944e-04,3.14783392e-04,4.24527970e-05,4.31130525e-09,6.12068495e-11,1.25682854e-06,4.08274822e-06,4.25840390e-05,8.72134169e-10,1.93267137e-11,1.49220915e-05,4.33245266e-05,9.18786930e-05,2.64678299e-04
7.54188157e+01,7.51688157e+01,5.34344920e-06,7.97365942e-05,1.94227618e-04,2.63619125e-05,7.32012863e-09,1.30264741e-10,3.96819417e-05,1.09404935e-04,2.58861060e-03,2.43162342e-06,4.07892645e-07,1.07849326e-04,3.13821069e-04,4.26281512e-05,4.35913239e-09,6.04953183e-11,1.24723367e-06,4.04958085e-06,4.22861458e-05,8.70984023e-10,1.90920596e-11,1.48500690e-05,4.31100692e-05,9.14580154e-05,2.63514566e-04
7.55188408e+01,7.52688408e+01,5.30200228e-06,7.93485183e-05,1.93280587e-04,2.62651454e-05,7.32464565e-09,1.28676945e-10,3.98248957e-05,1.09811237e-04,2.59093984e-03,2.41705048e-06,4.02417981e-07,1.07435760e-04,3.12629847e-04,4.19665233e-05,4.34125645e-09,5.98034646e-11,1.24219498e-06,4.03383367e-06,4.22493407e-05,8.64930740e-10,1.88667711e-11,1.47799200e-05,4.29098346e-05,9.06805685e-05,2.62574444e-04
7.56188658e+01,7.53688658e+01,5.99481265e-06,7.92921917e-05,1.93144430e-04,2.61922627e-05,7.59267345e-09,1.51031945e-10,4.00300105e-05,1.10660328e-04,2.60189917e-03,2.48184373e-06,4.74301042e-07,1.06977776e-04,3.11301403e-04,4.18956763e-05,4.50574439e-09,6.94620692e-11,1.23564761e-06,4.01489830e-06,4.22042691e-05,9.50002090e-10,2.20638129e-11,1.47378239e-05,4.27958981e-05,9.04353932e-05,2.61852612e-04
7.57188908e+01,7.54688908e+01,5.90486176e-06,7.88305998e-05,1.92027056e-04,2.60323039e-05,7.70223952e-09,1.46062726e-10,4.03993833e-05,1.11768002e-04,2.56337944e-03,2.53435913e-06,4.59542665e-07,1.06585191e-04,3.10162633e-04,4.16268981e-05,4.56429172e-09,6.72104101e-11,1.23372598e-06,4.01020034e-06,4.19941817e-05,9.53173327e-10,2.13360248e-11,1.46790346e-05,4.26330538e-05,8.99857685e-05,2.60785178e-04
7.58189159e+01,7.55689159e+01,5.83922813e-06,7.91206018e-05,1.92732175e-04,2.62052087e-05,7.85490582e-09,1.39667591e-10,4.04751249e-05,1.11926921e-04,2.55425999e-03,2.56371161e-06,4.43173342e-07,1.07478337e-04,3.12726287e-04,4.21586199e-05,4.62810445e-09,6.42405997e-11,1.23147437e-06,4.00250922e-06,4.20545468e-05,9.53932955e-10,2.03746092e-11,1.46860426e-05,4.26495303e-05,9.06898185e-05,2.61252356e-04
7.59189409e+01,7.56689409e+01,5.66842191e-06,7.89363018e-05,1.92278709e-04,2.60175884e-05,7.72656786e-09,1.34325064e-10,3.97316254e-05,1.09763727e-04,2.56389908e-03,2.53066543e-06,4.26649598e-07,1.06803733e-04,3.10773864e-04,4.17896088e-05,4.55235589e-09,6.18606827e-11,1.22514022e-06,3.97991446e-06,4.21330302e-05,9.29805079e-10,1.96001373e-11,1.46293994e-05,4.24758918e-05,9.10881119e-05,2.60911161e-04
7.60189659e+01,7.57689659e+01,5.43031939e-06,7.86047943e-05,1.91472689e-04,2.60204034e-05,7.23154522e-09,1.30179443e-10,3.92317650e-05,1.08194088e-04,2.56177675e-03,2.32596323e-06,4.13945138e-07,1.06444594e-04,3.09725567e-04,4.19675566e-05,4.24132421e-09,6.00072763e-11,1.22374457e-06,3.97352147e-06,4.19901295e-05,8.75166401e-10,1.89978385e-11,1.45706274e-05,4.22983515e-05,9.06548513e-05,2.60231909e-04
7.61189910e+01,7.58689910e+01,7.12425881e-06,7.81563812e-05,1.90390768e-04,2.58740095e-05,8.15822673e-09,1.84742154e-10,4.02468822e-05,1.11790327e-04,2.55042311e-03,2.66307374e-06,5.88886127e-07,1.05612022e-04,3.07335679e-04,4.15776350e-05,4.88211175e-09,8.37019956e-11,1.22516308e-06,3.98433017e-06,4.17017884e-05,1.10325838e-09,2.68148824e-11,1.45477077e-05,4.22559914e-05,9.08570973e-05,2.58947559e-04
7.62190160e+01,7.59690160e+01,7.10582462e-06,7.77465472e-05,1.89385729e-04,2.57905653e-05,8.02584620e-09,1.84063295e-10,3.91813624e-05,1.08862675e-04,2.52448989e-03,2.64167423e-06,5.87469466e-07,1.05569733e-04,3.07189978e-04,4.16417145e-05,4.81878321e-09,8.32936389e-11,1.21712342e-06,3.95630880e-06,4.14880444e-05,1.09916165e-09,2.67028262e-11,1.45483607e-05,4.22539616e-05,9.06016905e-05,2.57435906e-04
7.63190411e+01,7.60690411e+01,6.30521495e-06,7.75244952e-05,1.88838158e-04,2.57212251e-05,7.47987736e-09,1.58646752e-10,3.87593088e-05,1.07293397e-04,2.51883468e-03,2.45053073e-06,5.06576242e-07,1.05171423e-04,3.06022602e-04,4.14462306e-05,4.46381132e-09,7.21834820e-11,1.20951966e-06,3.92919031e-06,4.14065292e-05,9.86500875e-10,2.30513271e-11,1.44047300e-05,4.18265243e-05,9.06168241e-05,2.56478639e-04
7.64190661e+01,7.61690661e+01,5.98697312e-06,7.72241062e-05,1.88106644e-04,2.56162769e-05,7.27894528e-09,1.48779362e-10,3.90664664e-05,1.08109487e-04,2.51166891e-03,2.36309351e-06,4.74915960e-07,1.04575920e-04,3.04304702e-04,4.14509116e-05,4.32344013e-09,6.78760591e-11,1.20699196e-06,3.92226227e-06,4.10990324e-05,9.40042082e-10,2.16358448e-11,1.43668001e-05,4.17224436e-05,8.99615965e-05,2.55151131e-04
7.65190911e+01,7.62690911e+01,5.78719953e-06,7.69756084e-05,1.87502096e-04,2.55492478e-05,6.99839116e-09,1.42122796e-10,3.82559928e-05,1.05783839e-04,2.50602958e-03,2.26806280e-06,4.54032012e-07,1.03915702e-04,3.02370863e-04,4.15252583e-05,4.15249125e-09,6.49366640e-11,1.19646532e-06,3.88665148e-06,4.09931352e-05,9.06845540e-10,2.06770630e-11,1.42629688e-05,4.14151254e-05,8.90696718e-05,2.53818025e-04
7.66191162e+01,7.63691162e+01,5.69865207e-06,7.66489117e-05,1.86699697e-04,2.54605677e-05,6.88757253e-09,1.38804903e-10,3.79567102e-05,1.04821884e-04,2.51746297e-03,2.20379912e-06,4.45387997e-07,1.03343755e-04,3.00702772e-04,4.11661981e-05,4.05475955e-09,6.34056918e-11,1.18160246e-06,3.83751224e-06,4.07892815e-05,8.89201101e-10,2.01811031e-11,1.41026786e-05,4.09460682e-05,8.86756765e-05,2.52349401e-04
7.67191412e+01,7.64691412e+01,5.53809870e-06,7.63259496e-05,1.85910801e-04,2.53184098e-05,6.61154245e-09,1.34726309e-10,3.73165885e-05,1.03027876e-04,2.50707517e-03,2.11663371e-06,4.32627473e-07,1.03013734e-04,2.99733627e-04,4.08143832e-05,3.89412012e-09,6.16139744e-11,1.17331574e-06,3.80947563e-06,4.08004125e-05,8.60304749e-10,1.95931503e-11,1.40215465e-05,4.07077425e-05,8.85498824e-05,2.51914483e-04
7.68191662e+01,7.65691662e+01,5.51812209e-06,7.61581988e-05,1.85501870e-04,2.52374468e-05,7.19111868e-09,1.32545679e-10,3.81180248e-05,1.05300372e-04,2.46190142e-03,2.34037482e-06,4.25660805e-07,1.02650151e-04,2.98687231e-04,4.07187670e-05,4.23212220e-09,6.06668783e-11,1.17616031e-06,3.82077292e-06,4.05116029e-05,8.73338805e-10,1.92810212e-11,1.39983569e-05,4.06437626e-05,8.81699420e-05,2.51091023e-04
7.69191913e+01,7.66691913e+01,5.39959037e-06,7.60071956e-05,1.85130661e-04,2.52648297e-05,6.64393672e-09,1.30804061e-10,3.79614253e-05,1.04800504e-04,2.47333807e-03,2.15944192e-06,4.20015897e-07,1.02867583e-04,2.99286252e-04,4.12401091e-05,3.92711640e-09,5.99116104e-11,1.17027640e-06,3.80168042e-06,4.04542437e-05,8.46309418e-10,1.90319812e-11,1.39281978e-05,4.04378777e-05,8.87071573e-05,2.50633081e-04
7.70192163e+01,7.67692163e+01,5.24613311e-06,7.55874075e-05,1.84105898e-04,2.50248450e-05,6.41503450e-09,1.29377870e-10,3.74743843e-05,1.03349369e-04,2.47650965e-03,2.02311088e-06,4.14365541e-07,1.02698912e-04,2.98800472e-04,4.04992304e-05,3.76913224e-09,5.93369053e-11,1.16229544e-06,3.77453157e-06,4.03413106e-05,8.11388735e-10,1.88385051e-11,1.38640465e-05,4.02475413e-05,8.80580785e-05,2.49863166e-04
7.71192414e+01,7.68692414e+01,5.02652955e-06,7.56668679e-05,1.84295113e-04,2.49852308e-05,6.28769338e-09,1.22462713e-10,3.73174401e-05,1.02761711e-04,2.50057851e-03,1.97275723e-06,3.92005720e-07,1.02892846e-04,2.99355285e-04,4.06971136e-05,3.67983294e-09,5.63263644e-11,1.16352046e-06,3.77746818e-06,4.03434922e-05,7.81483416e-10,1.78483301e-11,1.38602452e-05,4.02328960e-05,8.76429979e-05,2.49714922e-04
7.72192664e+01,7.69692664e+01,4.65256652e-06,7.50502063e-05,1.82791887e-04,2.48220763e-05,6.39048380e-09,1.12112063e-10,3.72974137e-05,1.02675205e-04,2.46531464e-03,2.02587500e-06,3.58997140e-07,1.01992584e-04,2.96737966e-04,4.09218199e-05,3.72166631e-09,5.18032776e-11,1.15582071e-06,3.75273131e-06,4.00011912e-05,7.43217222e-10,1.63617460e-11,1.37844460e-05,4.00126707e-05,8.71650770e-05,2.47955683e-04
7.73192914e+01,7.70692914e+01,4.56476106e-06,7.46304439e-05,1.81775722e-04,2.46455575e-05,6.18497207e-09,1.10291606e-10,3.81470637e-05,1.04880173e-04,2.46002011e-03,1.94213835e-06,3.53879981e-07,1.01689264e-04,2.95865639e-04,4.07059084e-05,3.59317726e-09,5.09157858e-11,1.16141798e-06,3.77223255e-06,3.98131588e-05,7.23268352e-10,1.60878276e-11,1.37755050e-05,3.99929232e-05,8.65324597e-05,2.46991262e-04
7.74193165e+01,7.71693165e+01,4.45056648e-06,7.45539286e-05,1.81591008e-04,2.46182907e-05,5.88275801e-09,1.08788157e-10,3.85110211e-05,1.05914205e-04,2.47136311e-03,1.82674188e-06,3.49509597e-07,1.01359285e-04,2.94913520e-04,4.08121537e-05,3.40839311e-09,5.02073204e-11,1.16175179e-06,3.77473074e-06,3.97009389e-05,6.96148507e-10,1.58646812e-11,1.38250665e-05,4.01312772e-05,8.71070549e-05,2.46909036e-04
7.75193415e+01,7.72693415e+01,5.00785026e-06,7.44222931e-05,1.81273436e-04,2.45274637e-05,6.08947605e-09,1.24155633e-10,3.87886432e-05,1.06957129e-04,2.44630980e-03,1.90259880e-06,4.00849157e-07,1.00688681e-04,2.92977590e-04,4.02291992e-05,3.55906130e-09,5.67470903e-11,1.15378502e-06,3.75141745e-06,3.95867762e-05,7.68383141e-10,1.80415260e-11,1.37819949e-05,4.00091439e-05,8.72635379e-05,2.46121196e-04
7.76193665e+01,7.73693665e+01,5.16666635e-06,7.42095407e-05,1.80756584e-04,2.44463664e-05,6.39388408e-09,1.29157287e-10,3.87375116e-05,1.06757792e-04,2.45009114e-03,1.92314798e-06,4.18604618e-07,1.00348252e-04,2.91987520e-04,4.01574639e-05,3.66228787e-09,5.87490053e-11,1.15601895e-06,3.75764059e-06,3.96315645e-05,7.88583092e-10,1.87322485e-11,1.37906636e-05,4.00382890e-05,8.70382221e-05,2.45482346e-04
7.77193916e+01,7.74693916e+01,4.85126882e-06,7.42190885e-05,1.80780585e-04,2.44231802e-05,6.05538228e-09,1.21502141e-10,3.93325532e-05,1.08224778e-04,2.43734682e-03,1.84313312e-06,3.92057376e-07,9.97999481e-05,2.90409201e-04,3.98515523e-05,3.47777160e-09,5.55186276e-11,1.15606565e-06,3.75862632e-06,3.95774347e-05,7.45032566e-10,1.76559012e-11,1.36973132e-05,3.97755144e-05,8.64786326e-05,2.44993051e-04
7.78194166e+01,7.75694166e+01,4.79668772e-06,7.38577544e-05,1.79899012e-04,2.43272905e-05,5.91075479e-09,1.18544405e-10,3.85444203e-05,1.05952870e-04,2.42043795e-03,1.82936899e-06,3.84374373e-07,9.93085543e-05,2.88974662e-04,3.94812292e-05,3.42834486e-09,5.40657508e-11,1.15197575e-06,3.74370718e-06,3.93396719e-05,7.38873705e-10,1.72059357e-11,1.36172831e-05,3.95405046e-05,8.53459852e-05,2.44231465e-04
7.79194417e+01,7.76694417e+01,4.79496773e-06,7.36535826e-05,1.79395852e-04,2.44315315e-05,5.92985900e-09,1.16386615e-10,3.83355120e-05,1.05353206e-04,2.41926590e-03,1.86149756e-06,3.77372106e-07,9.91219333e-05,2.88414353e-04,3.94853155e-05,3.46167886e-09,5.31310058e-11,1.14229330e-06,3.71187465e-06,3.93149975e-05,7.43829908e-10,1.68975097e-11,1.35632860e-05,3.93841682e-05,8.50828207e-05,2.43923185e-04
7.80194667e+01,7.77694667e+01,4.83453583e-06,7.31890793e-05,1.78263660e-04,2.42918352e-05,6.08776483e-09,1.16453901e-10,3.84498072e-05,1.05667858e-04,2.39094599e-03,1.88800627e-06,3.78201725e-07,9.89071757e-05,2.87784577e-04,3.93464163e-05,3.53986658e-09,5.30465341e-11,1.14138789e-06,3.70925217e-06,3.90401526e-05,7.49579511e-10,1.68921354e-11,1.35249230e-05,3.92744691e-05,8.41992453e-05,2.42105735e-04
7.81194917e+01,7.78694917e+01,4.38655359e-06,7.28745625e-05,1.77493632e-04,2.40689056e-05,5.84630780e-09,1.01988588e-10,3.73480138e-05,1.02496478e-04,2.39727044e-03,1.78329221e-06,3.31408667e-07,9.88261993e-05,2.87521408e-04,3.96803833e-05,3.36022468e-09,4.67554277e-11,1.12970075e-06,3.66846972e-06,3.89423358e-05,6.86897208e-10,1.48203296e-11,1.34366482e-05,3.90094944e-05,8.37899940e-05,2.41784570e-04
7.82195168e+01,7.79695168e+01,4.27846719e-06,7.27295570e-05,1.77136020e-04,2.41257790e-05,5.73476153e-09,9.68515747e-11,3.73964829e-05,1.02609731e-04,2.38720118e-03,1.77973065e-06,3.13907589e-07,9.80982452e-05,2.85414734e-04,3.92018328e-05,3.31543604e-09,4.45279170e-11,1.12021041e-06,3.63830335e-06,3.88631007e-05,6.74664258e-10,1.40864692e-11,1.33648095e-05,3.88038665e-05,8.42072683e-05,2.40663706e-04
7.83195418e+01,7.80695418e+01,4.20042964e-06,7.26823025e-05,1.77025257e-04,2.41408974e-05,5.60896499e-09,9.49839318e-11,3.88568029e-05,1.06417138e-04,2.38029062e-03,1.78247038e-06,3.08406702e-07,9.80898928e-05,2.85398483e-04,3.93135972e-05,3.26649654e-09,4.36641598e-11,1.13909608e-06,3.70124497e-06,3.89617005e-05,6.68640383e-10,1.38110937e-11,1.34571050e-05,3.90743296e-05,8.41231937e-05,2.40663564e-04
7.84195669e+01,7.81695669e+01,4.19140269e-06,7.24160169e-05,1.76372738e-04,2.40253652e-05,5.73171372e-09,9.45643384e-11,3.76637314e-05,1.03284506e-04,2.38197590e-03,1.84891750e-06,3.07095998e-07,9.77113141e-05,2.84285444e-04,3.90186823e-05,3.35071910e-09,4.34732370e-11,1.12238290e-06,3.64569458e-06,3.88522697e-05,6.74935692e-10,1.37499700e-11,1.33629012e-05,3.87979215e-05,8.37006226e-05,2.39989814e-04
7.85195919e+01,7.82695919e+01,4.04442905e-06,7.20330009e-05,1.75434893e-04,2.38449463e-05,5.49268823e-09,9.37845825e-11,3.69188298e-05,1.01269544e-04,2.35316407e-03,1.74908428e-06,3.02648515e-07,9.69849778e-05,2.82174720e-04,3.87451284e-05,3.19412564e-09,4.32419199e-11,1.10677781e-06,3.59443278e-06,3.85806433e-05,6.47363196e-10,1.36597441e-11,1.32569669e-05,3.84860362e-05,8.36545065e-05,2.38519820e-04
7.86196169e+01,7.83696169e+01,4.00526482e-06,7.17676179e-05,1.74788324e-04,2.37934232e-05,5.44915988e-09,9.26190031e-11,3.65472991e-05,1.00278075e-04,2.34234452e-03,1.71981306e-06,2.99472547e-07,9.64726229e-05,2.80692838e-04,3.84497001e-05,3.15096220e-09,4.26835170e-11,1.10330624e-06,3.58279485e-06,3.85277920e-05,6.39534926e-10,1.34845832e-11,1.31868573e-05,3.82794959e-05,8.34306949e-05,2.38144171e-04
7.87196420e+01,7.84696420e+01,3.96552693e-06,7.14785752e-05,1.74082183e-04,2.37204603e-05,5.26762779e-09,9.13918300e-11,3.62237752e-05,9.93146311e-05,2.34246031e-03,1.65418651e-06,2.96462832e-07,9.62312040e-05,2.79981725e-04,3.84475403e-05,3.04331035e-09,4.20532613e-11,1.09434078e-06,3.55298901e-06,3.83269913e-05,6.27566841e-10,1.32943406e-11,1.31365735e-05,3.81287321e-05,8.33784827e-05,2.37309660e-04
7.88196670e+01,7.85696670e+01,3.93550291e-06,7.13906443e-05,1.73868924e-04,2.36870122e-05,5.16234340e-09,9.06955135e-11,3.68893074e-05,1.01078730e-04,2.35646524e-03,1.60392954e-06,2.94491969e-07,9.61844866e-05,2.79852789e-04,3.82621013e-05,2.96781867e-09,4.17134821e-11,1.09414297e-06,3.55358946e-06,3.82113845e-05,6.18506012e-10,1.31896154e-11,1.31119908e-05,3.80580002e-05,8.33191724e-05,2.36692856e-04
7.89196920e+01,7.86696920e+01,3.90264496e-06,7.11492503e-05,1.73280375e-04,2.35642838e-05,5.30223123e-09,9.01643731e-11,3.66862987e-05,1.00628163e-04,2.33697829e-03,1.57367155e-06,2.93598956e-07,9.60549997e-05,2.79475058e-04,3.79588782e-05,2.97499945e-09,4.13973470e-11,1.08759899e-06,3.53298895e-06,3.80857341e-05,6.10591843e-10,1.31008617e-11,1.30152892e-05,3.77793860e-05,8.29329641e-05,2.35848989e-04
7.90197171e+01,7.87697171e+01,3.89848348e-06,7.11483663e-05,1.73278955e-04,2.35821800e-05,5.17010904e-09,9.01237009e-11,3.59824426e-05,9.85683026e-05,2.33279783e-03,1.56218330e-06,2.93408028e-07,9.61017704e-05,2.79595703e-04,3.81631967e-05,2.93166080e-09,4.13796998e-11,1.08574089e-06,3.52469647e-06,3.80605471e-05,6.09420202e-10,1.30954017e-11,1.30308577e-05,3.78176802e-05,8.32865916e-05,2.35920095e-04
7.91197421e+01,7.88697421e+01,3.87073016e-06,7.09706178e-05,1.72846680e-04,2.35192459e-05,5.07344167e-09,8.85390290e-11,3.59154975e-05,9.83748317e-05,2.33439910e-03,1.55096189e-06,2.90220634e-07,9.55377627e-05,2.77964253e-04,3.79396176e-05,2.89317028e-09,4.04030798e-11,1.08049654e-06,3.50782604e-06,3.79428648e-05,6.05541976e-10,1.28309287e-11,1.30028323e-05,3.77378454e-05,8.25974307e-05,2.35043602e-04
7.92197672e+01,7.89697672e+01,3.86122857e-06,7.10469339e-05,1.73030545e-04,2.36046563e-05,5.07860123e-09,8.76522496e-11,3.52228466e-05,9.65168618e-05,2.33623545e-03,1.54826933e-06,2.88355999e-07,9.56163357e-05,2.78182495e-04,3.81295370e-05,2.89164004e-09,3.98655064e-11,1.07739944e-06,3.49674614e-06,3.79771132e-05,6.04317438e-10,1.26842241e-11,1.29983822e-05,3.77210398e-05,8.24144698e-05,2.35181957e-04
7.93197922e+01,7.90697922e+01,3.77454915e-06,7.08921483e-05,1.72651292e-04,2.36230504e-05,5.26039036e-09,8.58810887e-11,3.54225759e-05,9.70690350e-05,2.32284770e-03,1.53972574e-06,2.81016661e-07,9.54742301e-05,2.77751212e-04,3.82940089e-05,2.95786071e-09,3.91882949e-11,1.07110889e-06,3.47700234e-06,3.77304025e-05,5.92680793e-10,1.24490622e-11,1.29399868e-05,3.75582754e-05,8.15740176e-05,2.34700628e-04
7.94198172e+01,7.91698172e+01,3.71785497e-06,7.07832258e-05,1.72386362e-04,2.34930045e-05,5.04370205e-09,8.50172878e-11,3.55511249e-05,9.74534278e-05,2.32710950e-03,1.51764751e-06,2.77569665e-07,9.53940168e-05,2.77507170e-04,3.85133699e-05,2.85105800e-09,3.88399011e-11,1.06616839e-06,3.46193512e-06,3.76543339e-05,5.86134507e-10,1.23318914e-11,1.28411226e-05,3.72771268e-05,8.15633296e-05,2.34307668e-04
7.95198423e+01,7.92698423e+01,3.67264370e-06,7.07420808e-05,1.72288405e-04,2.34971437e-05,4.88488885e-09,8.49361856e-11,3.65253899e-05,1.00032098e-04,2.30668266e-03,1.48097620e-06,2.77266050e-07,9.50430865e-05,2.76501605e-04,3.81716809e-05,2.76567102e-09,3.88046065e-11,1.07421077e-06,3.48946384e-06,3.76823691e-05,5.77107137e-10,1.23205257e-11,1.28368196e-05,3.72669553e-05,8.14099852e-05,2.33896464e-04
7.96198673e+01,7.93698673e+01,3.65339597e-06,7.03475759e-05,1.71324014e-04,2.34003912e-05,4.87833497e-09,8.29473460e-11,3.53547031e-05,9.68317537e-05,2.28950144e-03,1.48262086e-06,2.72126782e-07,9.45726886e-05,2.75129731e-04,3.79200438e-05,2.76263091e-09,3.78560240e-11,1.06162586e-06,3.44666224e-06,3.74479934e-05,5.75558600e-10,1.20194566e-11,1.27444311e-05,3.69922551e-05,8.12037092e-05,2.32939372e-04
7.97198923e+01,7.94698923e+01,3.58844954e-06,7.03116122e-05,1.71238347e-04,2.33737751e-05,4.86483451e-09,7.98985320e-11,3.52305179e-05,9.64487448e-05,2.30929222e-03,1.49615261e-06,2.63409712e-07,9.53483090e-05,2.77354962e-04,3.82063812e-05,2.76558777e-09,3.64167652e-11,1.06002953e-06,3.44103538e-06,3.74551221e-05,5.71306776e-10,1.15653920e-11,1.27682873e-05,3.70547606e-05,8.18139013e-05,2.32616768e-04
7.98199174e+01,7.95699174e+01,3.51648032e-06,7.01488745e-05,1.70838002e-04,2.33295893e-05,4.88435826e-09,7.81737912e-11,3.50625913e-05,9.60815876e-05,2.31111933e-03,1.51475588e-06,2.57836983e-07,9.50852507e-05,2.76590860e-04,3.83047587e-05,2.78944445e-09,3.56136214e-11,1.05068162e-06,3.41088290e-06,3.75048243e-05,5.67111070e-10,1.13120026e-11,1.27160556e-05,3.68977808e-05,8.23412756e-05,2.32367950e-04
7.99199424e+01,7.96699424e+01,3.46727410e-06,7.00377997e-05,1.70569710e-04,2.32757913e-05,4.90033352e-09,7.72960600e-11,3.53383686e-05,9.66993059e-05,2.27280530e-03,1.53009678e-06,2.54457369e-07,9.46503505e-05,2.75338151e-04,3.79506358e-05,2.80339379e-09,3.52477590e-11,1.05667454e-06,3.42994988e-06,3.74386049e-05,5.63917147e-10,1.11902359e-11,1.27297808e-05,3.69426816e-05,8.14404850e-05,2.31994139e-04
8.00199675e+01,7.97699675e+01,3.43963503e-06,6.97631223e-05,1.69901223e-04,2.32041873e-05,4.81890021e-09,7.71228480e-11,3.47366687e-05,9.51675494e-05,2.26519557e-03,1.50540411e-06,2.53945553e-07,9.42645309e-05,2.74206918e-04,3.77409592e-05,2.75440100e-09,3.51669489e-11,1.04240137e-06,3.38380476e-06,3.73324020e-05,5.59155617e-10,1.11645944e-11,1.25911582e-05,3.65393979e-05,8.15121118e-05,2.31082990e-04
8.01199925e+01,7.98699925e+01,3.53774559e-06,6.95958157e-05,1.69488592e-04,2.31307002e-05,5.20825178e-09,7.51123980e-11,3.41033898e-05,9.35009279e-05,2.27219636e-03,1.65967036e-06,2.48207617e-07,9.37821179e-05,2.72792822e-04,3.81217084e-05,2.99160516e-09,3.41974287e-11,1.03798314e-06,3.36851894e-06,3.73976491e-05,5.91851514e-10,1.08634170e-11,1.25437758e-05,3.63996869e-05,8.09803625e-05,2.30865591e-04
8.02200175e+01,7.99700175e+01,3.52956376e-06,6.94025572e-05,1.69013523e-04,2.31049290e-05,5.32813294e-09,7.46065702e-11,3.41035684e-05,9.36204845e-05,2.28157598e-03,1.70918444e-06,2.45997849e-07,9.37089158e-05,2.72568518e-04,3.79785685e-05,3.06347664e-09,3.40101124e-11,1.03448504e-06,3.35842165e-06,3.72908062e-05,5.96139349e-10,1.07974825e-11,1.24902567e-05,3.62440513e-05,8.19806631e-05,2.30133730e-04
8.03200426e+01,8.00700426e+01,3.35767114e-06,6.93473630e-05,1.68875391e-04,2.30802374e-05,5.06933487e-09,7.35176336e-11,3.36319531e-05,9.22380677e-05,2.25695396e-03,1.57290097e-06,2.42538117e-07,9.29203812e-05,2.70291733e-04,3.75780497e-05,2.88242309e-09,3.35250726e-11,1.02689476e-06,3.33251780e-06,3.72598772e-05,5.54439985e-10,1.06401877e-11,1.24961906e-05,3.62596118e-05,8.15918083e-05,2.29865802e-04
8.04200676e+01,8.01700676e+01,3.33077461e-06,6.95523786e-05,1.69379488e-04,2.31640077e-05,5.28685737e-09,7.30571053e-11,3.40884743e-05,9.35551621e-05,2.27291319e-03,1.59336839e-06,2.40982685e-07,9.30899926e-05,2.70784939e-04,3.75978816e-05,2.98124988e-09,3.33257224e-11,1.03343437e-06,3.35464527e-06,3.73035129e-05,5.48968409e-10,1.05747488e-11,1.24966198e-05,3.62642850e-05,8.14509487e-05,2.30344977e-04
8.05200926e+01,8.02700926e+01,3.29511903e-06,6.92998231e-05,1.68758793e-04,2.30940028e-05,5.15691802e-09,7.24858736e-11,3.39578114e-05,9.33104093e-05,2.28240107e-03,1.55317720e-06,2.38661729e-07,9.26459302e-05,2.69495418e-04,3.73950314e-05,2.90918386e-09,3.31043863e-11,1.02237115e-06,3.31993252e-06,3.72595825e-05,5.41585612e-10,1.04983304e-11,1.23973970e-05,3.59830390e-05,8.12868873e-05,2.29553687e-04
8.06201177e+01,8.03701177e+01,3.28206864e-06,6.89325191e-05,1.67867675e-04,2.29171197e-05,4.95429297e-09,7.24568850e-11,3.40321471e-05,9.34353499e-05,2.25026083e-03,1.46692278e-06,2.38520813e-07,9.25151279e-05,2.69112032e-04,3.74546758e-05,2.73325117e-09,3.30938952e-11,1.02415149e-06,3.32556019e-06,3.69715655e-05,5.34606776e-10,1.04946531e-11,1.24028768e-05,3.59950744e-05,8.09062254e-05,2.28357617e-04
8.07201427e+01,8.04701427e+01,3.25082953e-06,6.85361198e-05,1.66898665e-04,2.28199839e-05,4.77836996e-09,7.15196082e-11,3.37544332e-05,9.25208272e-05,2.24168571e-03,1.45094420e-06,2.36039709e-07,9.19173399e-05,2.67373697e-04,3.69997219e-05,2.70384714e-09,3.26146310e-11,1.01415929e-06,3.29190282e-06,3.69901016e-05,5.29101152e-10,1.03506777e-11,1.22821632e-05,3.56378174e-05,8.10329528e-05,2.27649602e-04
8.08201678e+01,8.05701678e+01,3.06302816e-06,6.85791199e-05,1.67007013e-04,2.28400688e-05,4.59196662e-09,6.73349081e-11,3.48595808e-05,9.54195603e-05,2.26826648e-03,1.38150750e-06,2.21737862e-07,9.18587643e-05,2.67185657e-04,3.76245842e-05,2.58785551e-09,3.07164784e-11,1.02381324e-06,3.32501245e-06,3.69142405e-05,4.99303713e-10,9.75056319e-12,1.22971123e-05,3.56914886e-05,8.03001687e-05,2.27193401e-04
8.09201928e+01,8.06701928e+01,2.97960862e-06,6.85263698e-05,1.66872817e-04,2.28878552e-05,4.33495632e-09,6.66354754e-11,3.38906769e-05,9.26663696e-05,2.25257658e-03,1.32502977e-06,2.16976374e-07,9.17124287e-05,2.66753704e-04,3.79324669e-05,2.45841531e-09,3.05137788e-11,1.01812606e-06,3.30444532e-06,3.68262096e-05,4.85953055e-10,9.67652114e-12,1.22766740e-05,3.56281134e-05,7.98848937e-05,2.27154749e-04
8.10202178e+01,8.07702178e+01,2.91555085e-06,6.81594715e-05,1.65980626e-04,2.27880174e-05,4.24264248e-09,6.53940219e-11,3.42433458e-05,9.36249915e-05,2.23728210e-03,1.29003350e-06,2.13245516e-07,9.11083506e-05,2.65014244e-04,3.73161610e-05,2.39074765e-09,2.99057699e-11,1.01279832e-06,3.28830038e-06,3.66611099e-05,4.75331490e-10,9.48908983e-12,1.22120094e-05,3.54412591e-05,7.96834045e-05,2.25511744e-04
8.11202429e+01,8.08702429e+01,2.83586757e-06,6.82005585e-05,1.66073694e-04,2.28268349e-05,4.09494358e-09,6.52983856e-11,3.31759043e-05,9.07169445e-05,2.23398287e-03,1.22407393e-06,2.12784983e-07,9.24303517e-05,2.68785098e-04,3.78686682e-05,2.29737331e-09,2.98610436e-11,1.00187918e-06,3.25067839e-06,3.68048789e-05,4.55879586e-10,9.47509907e-12,1.21529401e-05,3.52639914e-05,8.04379696e-05,2.25637952e-04
8.12202679e+01,8.09702679e+01,2.79817499e-06,6.85687143e-05,1.66966312e-04,2.30148735e-05,4.26364300e-09,6.49353146e-11,3.34394857e-05,9.15189257e-05,2.23491099e-03,1.29046589e-06,2.11748531e-07,9.17204058e-05,2.66748700e-04,3.78073650e-05,2.40093734e-09,2.96852023e-11,1.00145418e-06,3.25009205e-06,3.69599395e-05,4.57845766e-10,9.42066145e-12,1.21370651e-05,3.52194412e-05,8.06039264e-05,2.26005159e-04
8.13202929e+01,8.10702929e+01,2.79234928e-06,6.81727877e-05,1.66004092e-04,2.29178068e-05,4.31166395e-09,6.49169300e-11,3.35081943e-05,9.18015039e-05,2.23361646e-03,1.28793252e-06,2.11649842e-07,9.07397034e-05,2.63927854e-04,3.71548275e-05,2.41496756e-09,2.96789961e-11,9.95329441e-07,3.23123532e-06,3.67579812e-05,4.56129644e-10,9.41842227e-12,1.20615758e-05,3.50087774e-05,7.97044134e-05,2.24890463e-04
8.14203180e+01,8.11703180e+01,2.72137379e-06,6.80029998e-05,1.65593391e-04,2.28576428e-05,4.21099776e-09,6.34120413e-11,3.32392432e-05,9.09163175e-05,2.23350200e-03,1.25662364e-06,2.06813282e-07,9.04173379e-05,2.62988283e-04,3.71600094e-05,2.35551335e-09,2.89622793e-11,9.95404317e-07,3.23002962e-06,3.67492973e-05,4.44960024e-10,9.19413614e-12,1.20676124e-05,3.50243187e-05,7.89368269e-05,2.24640147e-04
8.15203430e+01,8.12703430e+01,2.67893526e-06,6.77959464e-05,1.65083871e-04,2.27242511e-05,4.96378643e-09,6.21256717e-11,3.21611530e-05,8.82180344e-05,2.20971699e-03,1.30829495e-06,2.03086836e-07,9.01659556e-05,2.62240117e-04,3.71181071e-05,2.68563817e-09,2.83460818e-11,9.77763148e-07,3.17198334e-06,3.66303811e-05,4.34696597e-10,9.00175407e-12,1.19577554e-05,3.47040274e-05,7.91819623e-05,2.24081922e-04
8.16203681e+01,8.13703681e+01,2.65925276e-06,6.78131065e-05,1.65123055e-04,2.26755589e-05,4.55172592e-09,6.05864496e-11,3.14282989e-05,8.60845400e-05,2.23030435e-03,1.25275371e-06,1.96883118e-07,8.99876385e-05,2.61712603e-04,3.71619478e-05,2.48697478e-09,2.77412524e-11,9.71462010e-07,3.14980334e-06,3.66566376e-05,4.26433517e-10,8.79479383e-12,1.19257511e-05,3.46035560e-05,7.94429237e-05,2.24117470e-04
8.17203931e+01,8.14703931e+01,2.64325674e-06,6.77021777e-05,1.64846080e-04,2.26852430e-05,4.24894217e-09,5.98624643e-11,3.16135708e-05,8.64790801e-05,2.22743002e-03,1.16814015e-06,1.93608710e-07,9.00987459e-05,2.62019832e-04,3.70572451e-05,2.32618781e-09,2.74770980e-11,9.71175214e-07,3.14892154e-06,3.66158332e-05,4.17419168e-10,8.70147391e-12,1.18850768e-05,3.44825208e-05,7.91019223e-05,2.23697032e-04
8.18204181e+01,8.15704181e+01,2.60711967e-06,6.73999827e-05,1.64108901e-04,2.26253191e-05,4.16879402e-09,5.86954423e-11,3.04491781e-05,8.32940641e-05,2.20664717e-03,1.14834344e-06,1.90276954e-07,8.95875213e-05,2.60531635e-04,3.70121856e-05,2.28373140e-09,2.69247645e-11,9.62668424e-07,3.11909398e-06,3.65050045e-05,4.11048132e-10,8.52766499e-12,1.18327761e-05,3.43224337e-05,7.90954646e-05,2.23165313e-04
8.19204432e+01,8.16704432e+01,2.60389719e-06,6.73521610e-05,1.63993862e-04,2.27586227e-05,4.12608149e-09,5.86811423e-11,3.07061720e-05,8.38890332e-05,2.19742012e-03,1.14389034e-06,1.90199960e-07,8.97647295e-05,2.61020481e-04,3.70206064e-05,2.26856534e-09,2.69198873e-11,9.62285455e-07,3.11795766e-06,3.64479009e-05,4.10376881e-10,8.52591836e-12,1.17819583e-05,3.41797034e-05,7.84018451e-05,2.22668082e-04
8.20204682e+01,8.17704682e+01,2.60098419e-06,6.75812127e-05,1.64553645e-04,2.27746804e-05,4.00795389e-09,5.86669673e-11,3.12949223e-05,8.54321573e-05,2.23565114e-03,1.12693787e-06,1.90123768e-07,9.04225738e-05,2.62909267e-04,3.75083490e-05,2.21916048e-09,2.69150466e-11,9.67325171e-07,3.13529271e-06,3.66502287e-05,4.09764836e-10,8.52418565e-12,1.18282990e-05,3.43159402e-05,7.85939786e-05,2.23530183e-04
8.21204932e+01,8.18704932e+01,2.60176190e-06,6.74192945e-05,1.64147458e-04,2.26971783e-05,3.71639343e-09,5.88890375e-11,2.99139864e-05,8.16373562e-05,2.21324898e-03,1.06600517e-06,1.91034496e-07,8.98972618e-05,2.61384170e-04,3.72130368e-05,2.07300577e-09,2.69694088e-11,9.50393328e-07,3.07800795e-06,3.64713519e-05,4.06697040e-10,8.55101447e-12,1.17775707e-05,3.41618000e-05,7.89483610e-05,2.22768492e-04
8.22205183e+01,8.19705183e+01,2.58489477e-06,6.75295645e-05,1.64414184e-04,2.28046566e-05,3.55741242e-09,5.84845061e-11,2.94674454e-05,8.03967080e-05,2.24081066e-03,1.03293034e-06,1.89836549e-07,8.95932750e-05,2.60487700e-04,3.73795271e-05,1.99010618e-09,2.67816592e-11,9.38161484e-07,3.03756253e-06,3.64294440e-05,4.02189953e-10,8.49135743e-12,1.16890151e-05,3.39009245e-05,7.96776011e-05,2.22955868e-04
8.23205433e+01,8.20705433e+01,2.54309406e-06,6.72437049e-05,1.63718771e-04,2.27509742e-05,3.58647917e-09,5.70120353e-11,2.96669684e-05,8.09386378e-05,2.20016746e-03,1.03357554e-06,1.85544937e-07,8.93769388e-05,2.59859162e-04,3.71918834e-05,1.99857853e-09,2.60994248e-11,9.46054336e-07,3.06363165e-06,3.64424427e-05,3.96785810e-10,8.27391022e-12,1.16749111e-05,3.38637441e-05,7.86868274e-05,2.22192600e-04
8.24205684e+01,8.21705684e+01,2.51486177e-06,6.72880360e-05,1.63823521e-04,2.27952982e-05,3.61524008e-09,5.58755732e-11,2.95005379e-05,8.05491117e-05,2.19043311e-03,1.03059212e-06,1.82444657e-07,8.90025722e-05,2.58774661e-04,3.72198854e-05,1.99046904e-09,2.55378270e-11,9.40877892e-07,3.04699691e-06,3.64849672e-05,3.93303124e-10,8.10164595e-12,1.16517633e-05,3.37966532e-05,7.90472979e-05,2.22074079e-04
8.25205934e+01,8.22705934e+01,2.51708603e-06,6.70154943e-05,1.63161042e-04,2.26676396e-05,3.67188925e-09,5.58617078e-11,2.99866895e-05,8.19669391e-05,2.20641256e-03,1.03016086e-06,1.82371640e-07,8.85971854e-05,2.57602863e-04,3.68906537e-05,2.01703026e-09,2.55329899e-11,9.37699839e-07,3.03864239e-06,3.63444402e-05,3.93812760e-10,8.09993276e-12,1.16157157e-05,3.36958025e-05,7.88553409e-05,2.21317407e-04
8.26206184e+01,8.23706184e+01,2.48061920e-06,6.72430543e-05,1.63713941e-04,2.27486207e-05,3.61309214e-09,5.54161333e-11,3.01839200e-05,8.22860572e-05,2.19700653e-03,1.01183364e-06,1.79662222e-07,8.83252483e-05,2.56815358e-04,3.68791287e-05,1.99464050e-09,2.54090870e-11,9.41227834e-07,3.04887847e-06,3.63961094e-05,3.87683938e-10,8.05026463e-12,1.15937555e-05,3.36229047e-05,7.91714900e-05,2.21428365e-04
8.27206435e+01,8.24706435e+01,2.57530280e-06,6.72945644e-05,1.63832657e-04,2.26825823e-05,3.85227526e-09,5.47891060e-11,2.91734048e-05,7.96547533e-05,2.19880824e-03,1.11606273e-06,1.80752646e-07,8.82475192e-05,2.56572410e-04,3.69094677e-05,2.14545244e-09,2.49649410e-11,9.28561719e-07,3.00659405e-06,3.65004643e-05,4.12832402e-10,7.92463535e-12,1.15245757e-05,3.34248120e-05,7.91670878e-05,2.21608035e-04
8.28206685e+01,8.25706685e+01,2.84385808e-06,6.71056731e-05,1.63378222e-04,2.26518666e-05,4.93034220e-09,5.35227408e-11,2.98085331e-05,8.16550599e-05,2.20472505e-03,1.33731082e-06,1.70473848e-07,8.81232455e-05,2.56207116e-04,3.71644964e-05,2.71314543e-09,2.47074946e-11,9.26006414e-07,3.00063063e-06,3.64328133e-05,4.71029627e-10,7.81071042e-12,1.14829969e-05,3.33153678e-05,7.89196152e-05,2.21511288e-04
8.29206935e+01,8.26706935e+01,2.97592690e-06,6.68732625e-05,1.62809139e-04,2.25734808e-05,4.81535557e-09,5.36809466e-11,2.89042781e-05,7.91891764e-05,2.20895521e-03,1.37416656e-06,1.71234392e-07,8.78137295e-05,2.55292073e-04,3.71947499e-05,2.68794470e-09,2.47617022e-11,9.17645588e-07,2.97221095e-06,3.63192203e-05,4.88818967e-10,7.83050064e-12,1.14114400e-05,3.31031346e-05,7.90012942e-05,2.20709502e-04
8.30207186e+01,8.27707186e+01,3.30567563e-06,6.70435284e-05,1.63222321e-04,2.26311922e-05,4.75961117e-09,5.42349313e-11,2.87305858e-05,7.86557731e-05,2.19365451e-03,1.45511038e-06,1.73880276e-07,8.83864182e-05,2.56928453e-04,3.78108001e-05,2.74913860e-09,2.49511820e-11,9.17209963e-07,2.97016913e-06,3.62357657e-05,5.29701397e-10,7.89988461e-12,1.14381466e-05,3.31787811e-05,7.92031344e-05,2.20902977e-04
8.31207436e+01,8.28707436e+01,2.83674344e-06,6.72183572e-05,1.63647759e-04,2.27234311e-05,4.17810403e-09,5.15809652e-11,2.85800491e-05,7.81219916e-05,2.21544586e-03,1.25336140e-06,1.66984058e-07,8.86588307e-05,2.57708040e-04,3.79596341e-05,2.37859322e-09,2.35948179e-11,9.16537185e-07,2.96717045e-06,3.62963909e-05,4.56326016e-10,7.49147667e-12,1.14509424e-05,3.32106931e-05,7.96740095e-05,2.21057494e-04
8.32207687e+01,8.29707687e+01,2.46189314e-06,6.70619456e-05,1.63266416e-04,2.26560464e-05,3.70768568e-09,5.10228376e-11,2.89064742e-05,7.88900524e-05,2.20303335e-03,1.08876793e-06,1.64488561e-07,8.92548420e-05,2.59412035e-04,3.83318970e-05,2.08252292e-09,2.33849508e-11,9.18321194e-07,2.97319254e-06,3.63616938e-05,3.97086055e-10,7.41882329e-12,1.14576601e-05,3.32280555e-05,7.94059180e-05,2.20955525e-04
8.33207937e+01,8.30707937e+01,2.42428364e-06,6.68911108e-05,1.62851569e-04,2.26502467e-05,4.02734995e-09,5.00998598e-11,2.87951586e-05,7.85780014e-05,2.18479332e-03,1.22020816e-06,1.59578474e-07,8.84495663e-05,2.57086403e-04,3.78870961e-05,2.27592417e-09,2.30973851e-11,9.13513368e-07,2.95725241e-06,3.61854264e-05,4.11099291e-10,7.30919990e-12,1.13874625e-05,3.30226500e-05,7.92409806e-05,2.20012680e-04
8.34208187e+01,8.31708187e+01,2.41463238e-06,6.71525743e-05,1.63482961e-04,2.26809943e-05,4.33740332e-09,5.00863466e-11,2.89019941e-05,7.89489102e-05,2.20264061e-03,1.33056779e-06,1.59521204e-07,8.84906234e-05,2.57219586e-04,3.77954983e-05,2.44762579e-09,2.30919976e-11,9.11051755e-07,2.94957679e-06,3.63948950e-05,4.17325649e-10,7.30737566e-12,1.13582222e-05,3.29399034e-05,7.98323848e-05,2.20232541e-04
8.35208438e+01,8.32708438e+01,2.37814799e-06,6.68108137e-05,1.62650379e-04,2.25684736e-05,4.24689308e-09,5.00778687e-11,2.86636722e-05,7.82995166e-05,2.19723421e-03,1.29124611e-06,1.59486040e-07,8.82617754e-05,2.56551344e-04,3.74210360e-05,2.38877985e-09,2.30877135e-11,9.05644435e-07,2.93182004e-06,3.63092949e-05,4.06612253e-10,7.30613962e-12,1.12983573e-05,3.27633260e-05,7.93370305e-05,2.19850060e-04
8.36208688e+01,8.33708688e+01,2.31105020e-06,6.64595122e-05,1.61790417e-04,2.25057986e-05,4.02588920e-09,4.87369391e-11,2.84542336e-05,7.76719616e-05,2.19808606e-03,1.20759465e-06,1.55979638e-07,8.75882301e-05,2.54594369e-04,3.73365228e-05,2.25627352e-09,2.24024471e-11,9.03417819e-07,2.92426683e-06,3.61346892e-05,3.90001274e-10,7.09992096e-12,1.12699419e-05,3.26740341e-05,7.94301458e-05,2.18754733e-04
8.37208938e+01,8.34708938e+01,2.30515312e-06,6.64727257e-05,1.61826806e-04,2.25546321e-05,3.97404606e-09,4.86613005e-11,2.86101981e-05,7.80674991e-05,2.20279776e-03,1.18308977e-06,1.55977734e-07,8.74951033e-05,2.54320115e-04,3.72583462e-05,2.22301457e-09,2.23554235e-11,9.04296737e-07,2.92726966e-06,3.61631070e-05,3.86698254e-10,7.08613805e-12,1.12681089e-05,3.26716056e-05,7.93066337e-05,2.18971706e-04
8.38209189e+01,8.35709189e+01,2.37691610e-06,6.65184541e-05,1.61936606e-04,2.26802173e-05,4.38838262e-09,4.86801439e-11,2.87690593e-05,7.86903071e-05,2.21232532e-03,1.35218906e-06,1.56289218e-07,8.74035010e-05,2.54062768e-04,3.72409677e-05,2.47203100e-09,2.23536851e-11,9.03261722e-07,2.92523916e-06,3.62128480e-05,4.21586943e-10,7.08615011e-12,1.12706557e-05,3.26864072e-05,7.91971387e-05,2.19059340e-04
8.39209439e+01,8.36709439e+01,2.33987692e-06,6.68623601e-05,1.62767447e-04,2.27269117e-05,3.93475973e-09,4.95423434e-11,2.81385112e-05,7.68807082e-05,2.20530811e-03,1.15616344e-06,1.60500166e-07,8.74674220e-05,2.54239466e-04,3.72704899e-05,2.19961776e-09,2.26462625e-11,8.98144845e-07,2.90716599e-06,3.64174910e-05,3.87437637e-10,7.19336257e-12,1.12684991e-05,3.26766246e-05,7.92026275e-05,2.19699857e-04
8.40209690e+01,8.37709690e+01,2.20402860e-06,6.67735294e-05,1.62551753e-04,2.27245634e-05,3.81842614e-09,4.95733463e-11,2.82249304e-05,7.70194496e-05,2.19614372e-03,1.08195837e-06,1.59977920e-07,8.77308247e-05,2.54986529e-04,3.75212577e-05,2.11262130e-09,2.26562702e-11,8.97623513e-07,2.90501578e-06,3.64226295e-05,3.64091615e-10,7.19716457e-12,1.12247543e-05,3.25495234e-05,7.89285128e-05,2.19715831e-04
8.41209940e+01,8.38709940e+01,2.50167202e-06,6.67838235e-05,1.62580705e-04,2.26476605e-05,4.08269911e-09,4.81754397e-11,2.85451653e-05,7.78895448e-05,2.18995861e-03,1.21047693e-06,1.53395372e-07,8.76696730e-05,2.54798607e-04,3.78884036e-05,2.31614394e-09,2.21668636e-11,8.96588402e-07,2.90220921e-06,3.64521138e-05,4.11898813e-10,7.02043489e-12,1.12946839e-05,3.27512165e-05,7.95755704e-05,2.19387476e-04
8.42210190e+01,8.39710190e+01,2.24465531e-06,6.67611451e-05,1.62522054e-04,2.26715241e-05,3.86086965e-09,4.73669736e-11,2.80233961e-05,7.63799443e-05,2.21481898e-03,1.09151307e-06,1.50046266e-07,8.71844332e-05,2.53380206e-04,3.78788058e-05,2.13256543e-09,2.18321964e-11,8.88764870e-07,2.87544488e-06,3.63936704e-05,3.70180743e-10,6.91113341e-12,1.11804601e-05,3.24146590e-05,7.97289044e-05,2.18752275e-04
8.43210441e+01,8.40710441e+01,1.84174036e-06,6.72671942e-05,1.63747927e-04,2.30150384e-05,3.52008014e-09,4.61346391e-11,2.73005419e-05,7.43412489e-05,2.23498753e-03,9.16250274e-07,1.44719844e-07,8.75061249e-05,2.54300712e-04,3.83611791e-05,1.88922338e-09,2.13102934e-11,8.81908450e-07,2.85154962e-06,3.65359301e-05,3.03657660e-10,6.74547916e-12,1.11747245e-05,3.23921592e-05,8.00297629e-05,2.19804576e-04
8.44210691e+01,8.41710691e+01,1.83666546e-06,6.69324578e-05,1.62926184e-04,2.28403667e-05,3.06687682e-09,4.61260833e-11,2.67403877e-05,7.26549626e-05,2.22426748e-03,8.98371384e-07,1.44691724e-07,8.74239773e-05,2.54054988e-04,3.81788019e-05,1.71392199e-09,2.13064345e-11,8.75861819e-07,2.83040416e-06,3.64535001e-05,3.01535384e-10,6.74423508e-12,1.10939984e-05,3.21522116e-05,7.99144880e-05,2.19389368e-04
8.45210941e+01,8.42710941e+01,1.83560442e-06,6.69784988e-05,1.63035168e-04,2.29686569e-05,2.95500642e-09,4.61148762e-11,2.60097920e-05,7.06707869e-05,2.21637604e-03,8.90702576e-07,1.44647845e-07,8.72794687e-05,2.53599549e-04,3.85378245e-05,1.67060452e-09,2.13018354e-11,8.65409921e-07,2.79544695e-06,3.65054089e-05,3.01193253e-10,6.74269310e-12,1.10200360e-05,3.19327571e-05,8.01345487e-05,2.19759122e-04
8.46211192e+01,8.43711192e+01,1.81449472e-06,6.69685750e-05,1.63009786e-04,2.30995705e-05,3.74767993e-09,4.48319052e-11,2.59549696e-05,7.07769311e-05,2.24642252e-03,1.11949077e-06,1.41223439e-07,8.72218660e-05,2.53427659e-04,3.89223722e-05,2.10056283e-09,2.06583916e-11,8.60699378e-07,2.78109737e-06,3.65918370e-05,3.14839430e-10,6.54691265e-12,1.09916473e-05,3.18574730e-05,7.99030364e-05,2.19717536e-04
8.47211442e+01,8.44711442e+01,1.80051522e-06,6.71942772e-05,1.63559420e-04,2.31822193e-05,3.34688061e-09,4.47333265e-11,2.52612587e-05,6.88246872e-05,2.29418777e-03,9.60785428e-07,1.40947134e-07,8.76285603e-05,2.54575855e-04,3.95966800e-05,1.86507590e-09,2.06099149e-11,8.60499187e-07,2.77884161e-06,3.68671635e-05,2.99644221e-10,6.53202863e-12,1.10515847e-05,3.20268796e-05,8.08401200e-05,2.20474209e-04
8.48211693e+01,8.45711693e+01,1.79253209e-06,6.73731440e-05,1.63992670e-04,2.31803650e-05,3.06281485e-09,4.47223419e-11,2.45911738e-05,6.68949127e-05,2.31094058e-03,8.91879724e-07,1.40903772e-07,8.78747765e-05,2.55273819e-04,3.97280113e-05,1.71511456e-09,2.06054316e-11,8.59465312e-07,2.77378132e-06,3.68156252e-05,2.92252053e-10,6.53052175e-12,1.10623054e-05,3.20526631e-05,8.11133965e-05,2.21203324e-04
8.49211943e+01,8.46711943e+01,1.77324135e-06,6.73191727e-05,1.63860871e-04,2.31404323e-05,2.94784689e-09,4.46813987e-11,2.48318685e-05,6.74922895e-05,2.32394086e-03,8.59532033e-07,1.40537933e-07,8.77265861e-05,2.54857650e-04,3.92123852e-05,1.65249698e-09,2.05972069e-11,8.61024833e-07,2.77893454e-06,3.68284766e-05,2.86584380e-10,6.52713114e-12,1.10725443e-05,3.20840386e-05,8.09888506e-05,2.20743963e-04
8.50212193e+01,8.47712193e+01,1.74878674e-06,6.72212205e-05,1.63619499e-04,2.31012212e-05,2.84788196e-09,4.45383400e-11,2.47787905e-05,6.72912517e-05,2.36395858e-03,8.38782375e-07,1.39074233e-07,8.78892658e-05,2.55318480e-04,3.93489059e-05,1.60016369e-09,2.05761752e-11,8.54574741e-07,2.75779324e-06,3.68261122e-05,2.82998679e-10,6.51730530e-12,1.10396379e-05,3.19830328e-05,8.11383025e-05,2.20811099e-04
8.51212444e+01,8.48712444e+01,1.75537443e-06,6.73057109e-05,1.63825433e-04,2.31360063e-05,2.80769511e-09,4.48958865e-11,2.43819798e-05,6.62113476e-05,2.42432310e-03,8.29935018e-07,1.40175477e-07,8.79826964e-05,2.55569670e-04,3.99131355e-05,1.56980460e-09,2.07295005e-11,8.48633114e-07,2.73768361e-06,3.69449720e-05,2.83678558e-10,6.56862982e-12,1.10250983e-05,3.19433547e-05,8.10663046e-05,2.21271240e-04
8.52212694e+01,8.49712694e+01,2.15320816e-06,5.30017394e-05,1.29001922e-04,1.82657640e-05,2.10566997e-09,3.53540530e-11,1.91151234e-05,5.18977593e-05,2.00565371e-03,6.13720227e-07,1.10377710e-07,6.93949515e-05,2.01570425e-04,3.16082701e-05,1.16928606e-09,1.63235292e-11,6.63407015e-07,2.13990524e-06,2.91917096e-05,2.19221081e-10,5.17258763e-12,8.67075428e-06,2.51189593e-05,6.44419833e-05,2.69124061e-04
8.53212944e+01,8.50712944e+01,3.65667851e-06,0.00000000e+00,0.00000000e+00,0.00000000e+00,0.00000000e+00,0.00000000e+00,0.00000000e+00,0.00000000e+00,0.00000000e+00,0.00000000e+00,0.00000000e+00,0.00000000e+00,0.00000000e+00,0.00000000e+00,0.00000000e+00,0.00000000e+00,0.00000000e+00,0.00000000e+00,0.00000000e+00,0.00000000e+00,0.00000000e+00,0.00000000e+00,0.00000000e+00,0.00000000e+00,4.44590288e-04
8.54213195e+01,8.51713195e+01,3.65506252e-06,0.00000000e+00,0.00000000e+00,0.00000000e+00,0.00000000e+00,0.00000000e+00,0.00000000e+00,0.00000000e+00,0.00000000e+00,0.00000000e+00,0.00000000e+00,0.00000000e+00,0.00000000e+00,0.00000000e+00,0.00000000e+00,0.00000000e+00,0.00000000e+00,0.00000000e+00,0.00000000e+00,0.00000000e+00,0.00000000e+00,0.00000000e+00,0.00000000e+00,0.00000000e+00,4.44555396e-04
8.55213445e+01,8.52713445e+01,3.69047864e-06,0.00000000e+00,0.00000000e+00,0.00000000e+00,0.00000000e+00,0.00000000e+00,0.00000000e+00,0.00000000e+00,0.00000000e+00,0.00000000e+00,0.00000000e+00,0.00000000e+00,0.00000000e+00,0.00000000e+00,0.00000000e+00,0.00000000e+00,0.00000000e+00,0.00000000e+00,0.00000000e+00,0.00000000e+00,0.00000000e+00,0.00000000e+00,0.00000000e+00,0.00000000e+00,4.44608820e-04
8.56213696e+01,8.53713696e+01,3.55682562e-06,0.00000000e+00,0.00000000e+00,0.00000000e+00,0.00000000e+00,0.00000000e+00,0.00000000e+00,0.00000000e+00,0.00000000e+00,0.00000000e+00,0.00000000e+00,0.00000000e+00,0.00000000e+00,0.00000000e+00,0.00000000e+00,0.00000000e+00,0.00000000e+00,0.00000000e+00,0.00000000e+00,0.00000000e+00,0.00000000e+00,0.00000000e+00,0.00000000e+00,0.00000000e+00,4.44800323e-04
8.57213946e+01,8.54713946e+01,3.51846572e-06,0.00000000e+00,0.00000000e+00,0.00000000e+00,0.00000000e+00,0.00000000e+00,0.00000000e+00,0.00000000e+00,0.00000000e+00,0.00000000e+00,0.00000000e+00,0.00000000e+00,0.00000000e+00,0.00000000e+00,0.00000000e+00,0.00000000e+00,0.00000000e+00,0.00000000e+00,0.00000000e+00,0.00000000e+00,0.00000000e+00,0.00000000e+00,0.00000000e+00,0.00000000e+00,4.44049013e-04
8.58214196e+01,8.55714196e+01,3.51595896e-06,0.00000000e+00,0.00000000e+00,0.00000000e+00,0.00000000e+00,0.00000000e+00,0.00000000e+00,0.00000000e+00,0.00000000e+00,0.00000000e+00,0.00000000e+00,0.00000000e+00,0.00000000e+00,0.00000000e+00,0.00000000e+00,0.00000000e+00,0.00000000e+00,0.00000000e+00,0.00000000e+00,0.00000000e+00,0.00000000e+00,0.00000000e+00,0.00000000e+00,0.00000000e+00,4.44359595e-04
8.59214447e+01,8.56714447e+01,3.51324056e-06,0.00000000e+00,0.00000000e+00,0.00000000e+00,0.00000000e+00,0.00000000e+00,0.00000000e+00,0.00000000e+00,0.00000000e+00,0.00000000e+00,0.00000000e+00,0.00000000e+00,0.00000000e+00,0.00000000e+00,0.00000000e+00,0.00000000e+00,0.00000000e+00,0.00000000e+00,0.00000000e+00,0.00000000e+00,0.00000000e+00,0.00000000e+00,0.00000000e+00,0.00000000e+00,4.45705469e-04
8.60214697e+01,8.57714697e+01,3.51104246e-06,0.00000000e+00,0.00000000e+00,0.00000000e+00,0.00000000e+00,0.00000000e+00,0.00000000e+00,0.00000000e+00,0.00000000e+00,0.00000000e+00,0.00000000e+00,0.00000000e+00,0.00000000e+00,0.00000000e+00,0.00000000e+00,0.00000000e+00,0.00000000e+00,0.00000000e+00,0.00000000e+00,0.00000000e+00,0.00000000e+00,0.00000000e+00,0.00000000e+00,0.00000000e+00,4.45032610e-04
8.61214947e+01,8.58714947e+01,3.54289311e-06,0.00000000e+00,0.00000000e+00,0.00000000e+00,0.00000000e+00,0.00000000e+00,0.00000000e+00,0.00000000e+00,0.00000000e+00,0.00000000e+00,0.00000000e+00,0.00000000e+00,0.00000000e+00,0.00000000e+00,0.00000000e+00,0.00000000e+00,0.00000000e+00,0.00000000e+00,0.00000000e+00,0.00000000e+00,0.00000000e+00,0.00000000e+00,0.00000000e+00,0.00000000e+00,4.43842754e-04
8.62215198e+01,8.59715198e+01,3.43726869e-06,0.00000000e+00,0.00000000e+00,0.00000000e+00,0.00000000e+00,0.00000000e+00,0.00000000e+00,0.00000000e+00,0.00000000e+00,0.00000000e+00,0.00000000e+00,0.00000000e+00,0.00000000e+00,0.00000000e+00,0.00000000e+00,0.00000000e+00,0.00000000e+00,0.00000000e+00,0.00000000e+00,0.00000000e+00,0.00000000e+00,0.00000000e+00,0.00000000e+00,0.00000000e+00,4.42723290e-04
8.63215448e+01,8.60715448e+01,3.34177094e-06,0.00000000e+00,0.00000000e+00,0.00000000e+00,0.00000000e+00,0.00000000e+00,0.00000000e+00,0.00000000e+00,0.00000000e+00,0.00000000e+00,0.00000000e+00,0.00000000e+00,0.00000000e+00,0.00000000e+00,0.00000000e+00,0.00000000e+00,0.00000000e+00,0.00000000e+00,0.00000000e+00,0.00000000e+00,0.00000000e+00,0.00000000e+00,0.00000000e+00,0.00000000e+00,4.43227162e-04
8.64215699e+01,8.61715699e+01,3.30833332e-06,0.00000000e+00,0.00000000e+00,0.00000000e+00,0.00000000e+00,0.00000000e+00,0.00000000e+00,0.00000000e+00,0.00000000e+00,0.00000000e+00,0.00000000e+00,0.00000000e+00,0.00000000e+00,0.00000000e+00,0.00000000e+00,0.00000000e+00,0.00000000e+00,0.00000000e+00,0.00000000e+00,0.00000000e+00,0.00000000e+00,0.00000000e+00,0.00000000e+00,0.00000000e+00,4.41853116e-04
8.65215949e+01,8.62715949e+01,3.30106043e-06,0.00000000e+00,0.00000000e+00,0.00000000e+00,0.00000000e+00,0.00000000e+00,0.00000000e+00,0.00000000e+00,0.00000000e+00,0.00000000e+00,0.00000000e+00,0.00000000e+00,0.00000000e+00,0.00000000e+00,0.00000000e+00,0.00000000e+00,0.00000000e+00,0.00000000e+00,0.00000000e+00,0.00000000e+00,0.00000000e+00,0.00000000e+00,0.00000000e+00,0.00000000e+00,4.42317324e-04
8.66216199e+01,8.63716199e+01,3.25422081e-06,0.00000000e+00,0.00000000e+00,0.00000000e+00,0.00000000e+00,0.00000000e+00,0.00000000e+00,0.00000000e+00,0.00000000e+00,0.00000000e+00,0.00000000e+00,0.00000000e+00,0.00000000e+00,0.00000000e+00,0.00000000e+00,0.00000000e+00,0.00000000e+00,0.00000000e+00,0.00000000e+00,0.00000000e+00,0.00000000e+00,0.00000000e+00,0.00000000e+00,0.00000000e+00,4.42876606e-04
8.67216450e+01,8.64716450e+01,3.18843152e-06,0.00000000e+00,0.00000000e+00,0.00000000e+00,0.00000000e+00,0.00000000e+00,0.00000000e+00,0.00000000e+00,0.00000000e+00,0.00000000e+00,0.00000000e+00,0.00000000e+00,0.00000000e+00,0.00000000e+00,0.00000000e+00,0.00000000e+00,0.00000000e+00,0.00000000e+00,0.00000000e+00,0.00000000e+00,0.00000000e+00,0.00000000e+00,0.00000000e+00,0.00000000e+00,4.43304182e-04
8.68216700e+01,8.65716700e+01,3.14534859e-06,0.00000000e+00,0.00000000e+00,0.00000000e+00,0.00000000e+00,0.00000000e+00,0.00000000e+00,0.00000000e+00,0.00000000e+00,0.00000000e+00,0.00000000e+00,0.00000000e+00,0.00000000e+00,0.00000000e+00,0.00000000e+00,0.00000000e+00,0.00000000e+00,0.00000000e+00,0.00000000e+00,0.00000000e+00,0.00000000e+00,0.00000000e+00,0.00000000e+00,0.00000000e+00,4.41558163e-04
8.69216950e+01,8.66716950e+01,3.12871170e-06,0.00000000e+00,0.00000000e+00,0.00000000e+00,0.00000000e+00,0.00000000e+00,0.00000000e+00,0.00000000e+00,0.00000000e+00,0.00000000e+00,0.00000000e+00,0.00000000e+00,0.00000000e+00,0.00000000e+00,0.00000000e+00,0.00000000e+00,0.00000000e+00,0.00000000e+00,0.00000000e+00,0.00000000e+00,0.00000000e+00,0.00000000e+00,0.00000000e+00,0.00000000e+00,4.41188543e-04
8.70217201e+01,8.67717201e+01,3.12617270e-06,0.00000000e+00,0.00000000e+00,0.00000000e+00,0.00000000e+00,0.00000000e+00,0.00000000e+00,0.00000000e+00,0.00000000e+00,0.00000000e+00,0.00000000e+00,0.00000000e+00,0.00000000e+00,0.00000000e+00,0.00000000e+00,0.00000000e+00,0.00000000e+00,0.00000000e+00,0.00000000e+00,0.00000000e+00,0.00000000e+00,0.00000000e+00,0.00000000e+00,0.00000000e+00,4.42930078e-04
8.71217451e+01,8.68717451e+01,3.12429294e-06,0.00000000e+00,0.00000000e+00,0.00000000e+00,0.00000000e+00,0.00000000e+00,0.00000000e+00,0.00000000e+00,0.00000000e+00,0.00000000e+00,0.00000000e+00,0.00000000e+00,0.00000000e+00,0.00000000e+00,0.00000000e+00,0.00000000e+00,0.00000000e+00,0.00000000e+00,0.00000000e+00,0.00000000e+00,0.00000000e+00,0.00000000e+00,0.00000000e+00,0.00000000e+00,4.43473298e-04
8.72217702e+01,8.69717702e+01,3.12299957e-06,0.00000000e+00,0.00000000e+00,0.00000000e+00,0.00000000e+00,0.00000000e+00,0.00000000e+00,0.00000000e+00,0.00000000e+00,0.00000000e+00,0.00000000e+00,0.00000000e+00,0.00000000e+00,0.00000000e+00,0.00000000e+00,0.00000000e+00,0.00000000e+00,0.00000000e+00,0.00000000e+00,0.00000000e+00,0.00000000e+00,0.00000000e+00,0.00000000e+00,0.00000000e+00,4.41503672e-04
8.73217952e+01,8.70717952e+01,3.17562916e-06,0.00000000e+00,0.00000000e+00,0.00000000e+00,0.00000000e+00,0.00000000e+00,0.00000000e+00,0.00000000e+00,0.00000000e+00,0.00000000e+00,0.00000000e+00,0.00000000e+00,0.00000000e+00,0.00000000e+00,0.00000000e+00,0.00000000e+00,0.00000000e+00,0.00000000e+00,0.00000000e+00,0.00000000e+00,0.00000000e+00,0.00000000e+00,0.00000000e+00,0.00000000e+00,4.42646795e-04
8.74218202e+01,8.71718202e+01,3.13059672e-06,0.00000000e+00,0.00000000e+00,0.00000000e+00,0.00000000e+00,0.00000000e+00,0.00000000e+00,0.00000000e+00,0.00000000e+00,0.00000000e+00,0.00000000e+00,0.00000000e+00,0.00000000e+00,0.00000000e+00,0.00000000e+00,0.00000000e+00,0.00000000e+00,0.00000000e+00,0.00000000e+00,0.00000000e+00,0.00000000e+00,0.00000000e+00,0.00000000e+00,0.00000000e+00,4.42893859e-04
8.75218453e+01,8.72718453e+01,3.05150980e-06,0.00000000e+00,0.00000000e+00,0.00000000e+00,0.00000000e+00,0.00000000e+00,0.00000000e+00,0.00000000e+00,0.00000000e+00,0.00000000e+00,0.00000000e+00,0.00000000e+00,0.00000000e+00,0.00000000e+00,0.00000000e+00,0.00000000e+00,0.00000000e+00,0.00000000e+00,0.00000000e+00,0.00000000e+00,0.00000000e+00,0.00000000e+00,0.00000000e+00,0.00000000e+00,4.42398252e-04
8.76218703e+01,8.73718703e+01,3.04979826e-06,0.00000000e+00,0.00000000e+00,0.00000000e+00,0.00000000e+00,0.00000000e+00,0.00000000e+00,0.00000000e+00,0.00000000e+00,0.00000000e+00,0.00000000e+00,0.00000000e+00,0.00000000e+00,0.00000000e+00,0.00000000e+00,0.00000000e+00,0.00000000e+00,0.00000000e+00,0.00000000e+00,0.00000000e+00,0.00000000e+00,0.00000000e+00,0.00000000e+00,0.00000000e+00,4.43901738e-04
8.77218953e+01,8.74718953e+01,3.00790189e-06,0.00000000e+00,0.00000000e+00,0.00000000e+00,0.00000000e+00,0.00000000e+00,0.00000000e+00,0.00000000e+00,0.00000000e+00,0.00000000e+00,0.00000000e+00,0.00000000e+00,0.00000000e+00,0.00000000e+00,0.00000000e+00,0.00000000e+00,0.00000000e+00,0.00000000e+00,0.00000000e+00,0.00000000e+00,0.00000000e+00,0.00000000e+00,0.00000000e+00,0.00000000e+00,4.43848521e-04
8.78219204e+01,8.75719204e+01,3.00197949e-06,0.00000000e+00,0.00000000e+00,0.00000000e+00,0.00000000e+00,0.00000000e+00,0.00000000e+00,0.00000000e+00,0.00000000e+00,0.00000000e+00,0.00000000e+00,0.00000000e+00,0.00000000e+00,0.00000000e+00,0.00000000e+00,0.00000000e+00,0.00000000e+00,0.00000000e+00,0.00000000e+00,0.00000000e+00,0.00000000e+00,0.00000000e+00,0.00000000e+00,0.00000000e+00,4.41406286e-04
8.79219454e+01,8.76719454e+01,2.93220083e-06,0.00000000e+00,0.00000000e+00,0.00000000e+00,0.00000000e+00,0.00000000e+00,0.00000000e+00,0.00000000e+00,0.00000000e+00,0.00000000e+00,0.00000000e+00,0.00000000e+00,0.00000000e+00,0.00000000e+00,0.00000000e+00,0.00000000e+00,0.00000000e+00,0.00000000e+00,0.00000000e+00,0.00000000e+00,0.00000000e+00,0.00000000e+00,0.00000000e+00,0.00000000e+00,4.41191609e-04
8.80219705e+01,8.77719705e+01,2.85313815e-06,0.00000000e+00,0.00000000e+00,0.00000000e+00,0.00000000e+00,0.00000000e+00,0.00000000e+00,0.00000000e+00,0.00000000e+00,0.00000000e+00,0.00000000e+00,0.00000000e+00,0.00000000e+00,0.00000000e+00,0.00000000e+00,0.00000000e+00,0.00000000e+00,0.00000000e+00,0.00000000e+00,0.00000000e+00,0.00000000e+00,0.00000000e+00,0.00000000e+00,0.00000000e+00,4.43130015e-04
8.81219955e+01,8.78719955e+01,2.85076112e-06,0.00000000e+00,0.00000000e+00,0.00000000e+00,0.00000000e+00,0.00000000e+00,0.00000000e+00,0.00000000e+00,0.00000000e+00,0.00000000e+00,0.00000000e+00,0.00000000e+00,0.00000000e+00,0.00000000e+00,0.00000000e+00,0.00000000e+00,0.00000000e+00,0.00000000e+00,0.00000000e+00,0.00000000e+00,0.00000000e+00,0.00000000e+00,0.00000000e+00,0.00000000e+00,4.43439315e-04
8.82220205e+01,8.79720205e+01,2.82207331e-06,0.00000000e+00,0.00000000e+00,0.00000000e+00,0.00000000e+00,0.00000000e+00,0.00000000e+00,0.00000000e+00,0.00000000e+00,0.00000000e+00,0.00000000e+00,0.00000000e+00,0.00000000e+00,0.00000000e+00,0.00000000e+00,0.00000000e+00,0.00000000e+00,0.00000000e+00,0.00000000e+00,0.00000000e+00,0.00000000e+00,0.00000000e+00,0.00000000e+00,0.00000000e+00,4.45089043e-04
8.83220456e+01,8.80720456e+01,2.77746446e-06,0.00000000e+00,0.00000000e+00,0.00000000e+00,0.00000000e+00,0.00000000e+00,0.00000000e+00,0.00000000e+00,0.00000000e+00,0.00000000e+00,0.00000000e+00,0.00000000e+00,0.00000000e+00,0.00000000e+00,0.00000000e+00,0.00000000e+00,0.00000000e+00,0.00000000e+00,0.00000000e+00,0.00000000e+00,0.00000000e+00,0.00000000e+00,0.00000000e+00,0.00000000e+00,4.42585568e-04
8.84220706e+01,8.81720706e+01,2.74714256e-06,0.00000000e+00,0.00000000e+00,0.00000000e+00,0.00000000e+00,0.00000000e+00,0.00000000e+00,0.00000000e+00,0.00000000e+00,0.00000000e+00,0.00000000e+00,0.00000000e+00,0.00000000e+00,0.00000000e+00,0.00000000e+00,0.00000000e+00,0.00000000e+00,0.00000000e+00,0.00000000e+00,0.00000000e+00,0.00000000e+00,0.00000000e+00,0.00000000e+00,0.00000000e+00,4.42767895e-04
8.85220956e+01,8.82720956e+01,2.66574079e-06,0.00000000e+00,0.00000000e+00,0.00000000e+00,0.00000000e+00,0.00000000e+00,0.00000000e+00,0.00000000e+00,0.00000000e+00,0.00000000e+00,0.00000000e+00,0.00000000e+00,0.00000000e+00,0.00000000e+00,0.00000000e+00,0.00000000e+00,0.00000000e+00,0.00000000e+00,0.00000000e+00,0.00000000e+00,0.00000000e+00,0.00000000e+00,0.00000000e+00,0.00000000e+00,4.40803078e-04
8.86221207e+01,8.83721207e+01,2.60665705e-06,0.00000000e+00,0.00000000e+00,0.00000000e+00,0.00000000e+00,0.00000000e+00,0.00000000e+00,0.00000000e+00,0.00000000e+00,0.00000000e+00,0.00000000e+00,0.00000000e+00,0.00000000e+00,0.00000000e+00,0.00000000e+00,0.00000000e+00,0.00000000e+00,0.00000000e+00,0.00000000e+00,0.00000000e+00,0.00000000e+00,0.00000000e+00,0.00000000e+00,0.00000000e+00,4.40579683e-04
8.87221457e+01,8.84721457e+01,2.60522562e-06,0.00000000e+00,0.00000000e+00,0.00000000e+00,0.00000000e+00,0.00000000e+00,0.00000000e+00,0.00000000e+00,0.00000000e+00,0.00000000e+00,0.00000000e+00,0.00000000e+00,0.00000000e+00,0.00000000e+00,0.00000000e+00,0.00000000e+00,0.00000000e+00,0.00000000e+00,0.00000000e+00,0.00000000e+00,0.00000000e+00,0.00000000e+00,0.00000000e+00,0.00000000e+00,4.41199971e-04
8.88221708e+01,8.85721708e+01,2.60381152e-06,0.00000000e+00,0.00000000e+00,0.00000000e+00,0.00000000e+00,0.00000000e+00,0.00000000e+00,0.00000000e+00,0.00000000e+00,0.00000000e+00,0.00000000e+00,0.00000000e+00,0.00000000e+00,0.00000000e+00,0.00000000e+00,0.00000000e+00,0.00000000e+00,0.00000000e+00,0.00000000e+00,0.00000000e+00,0.00000000e+00,0.00000000e+00,0.00000000e+00,0.00000000e+00,4.40684019e-04
8.89221958e+01,8.86721958e+01,2.60241438e-06,0.00000000e+00,0.00000000e+00,0.00000000e+00,0.00000000e+00,0.00000000e+00,0.00000000e+00,0.00000000e+00,0.00000000e+00,0.00000000e+00,0.00000000e+00,0.00000000e+00,0.00000000e+00,0.00000000e+00,0.00000000e+00,0.00000000e+00,0.00000000e+00,0.00000000e+00,0.00000000e+00,0.00000000e+00,0.00000000e+00,0.00000000e+00,0.00000000e+00,0.00000000e+00,4.38994228e-04
8.90222208e+01,8.87722208e+01,2.60284852e-06,0.00000000e+00,0.00000000e+00,0.00000000e+00,0.00000000e+00,0.00000000e+00,0.00000000e+00,0.00000000e+00,0.00000000e+00,0.00000000e+00,0.00000000e+00,0.00000000e+00,0.00000000e+00,0.00000000e+00,0.00000000e+00,0.00000000e+00,0.00000000e+00,0.00000000e+00,0.00000000e+00,0.00000000e+00,0.00000000e+00,0.00000000e+00,0.00000000e+00,0.00000000e+00,4.40727892e-04
8.91222459e+01,8.88722459e+01,2.60161350e-06,0.00000000e+00,0.00000000e+00,0.00000000e+00,0.00000000e+00,0.00000000e+00,0.00000000e+00,0.00000000e+00,0.00000000e+00,0.00000000e+00,0.00000000e+00,0.00000000e+00,0.00000000e+00,0.00000000e+00,0.00000000e+00,0.00000000e+00,0.00000000e+00,0.00000000e+00,0.00000000e+00,0.00000000e+00,0.00000000e+00,0.00000000e+00,0.00000000e+00,0.00000000e+00,4.41273894e-04
8.92222709e+01,8.89722709e+01,2.60033502e-06,0.00000000e+00,0.00000000e+00,0.00000000e+00,0.00000000e+00,0.00000000e+00,0.00000000e+00,0.00000000e+00,0.00000000e+00,0.00000000e+00,0.00000000e+00,0.00000000e+00,0.00000000e+00,0.00000000e+00,0.00000000e+00,0.00000000e+00,0.00000000e+00,0.00000000e+00,0.00000000e+00,0.00000000e+00,0.00000000e+00,0.00000000e+00,0.00000000e+00,0.00000000e+00,4.41198026e-04
8.93222959e+01,8.90722959e+01,2.60134501e-06,0.00000000e+00,0.00000000e+00,0.00000000e+00,0.00000000e+00,0.00000000e+00,0.00000000e+00,0.00000000e+00,0.00000000e+00,0.00000000e+00,0.00000000e+00,0.00000000e+00,0.00000000e+00,0.00000000e+00,0.00000000e+00,0.00000000e+00,0.00000000e+00,0.00000000e+00,0.00000000e+00,0.00000000e+00,0.00000000e+00,0.00000000e+00,0.00000000e+00,0.00000000e+00,4.41366022e-04
8.94223210e+01,8.91723210e+01,2.55856224e-06,0.00000000e+00,0.00000000e+00,0.00000000e+00,0.00000000e+00,0.00000000e+00,0.00000000e+00,0.00000000e+00,0.00000000e+00,0.00000000e+00,0.00000000e+00,0.00000000e+00,0.00000000e+00,0.00000000e+00,0.00000000e+00,0.00000000e+00,0.00000000e+00,0.00000000e+00,0.00000000e+00,0.00000000e+00,0.00000000e+00,0.00000000e+00,0.00000000e+00,0.00000000e+00,4.41440277e-04
8.95223460e+01,8.92723460e+01,2.45281125e-06,0.00000000e+00,0.00000000e+00,0.00000000e+00,0.00000000e+00,0.00000000e+00,0.00000000e+00,0.00000000e+00,0.00000000e+00,0.00000000e+00,0.00000000e+00,0.00000000e+00,0.00000000e+00,0.00000000e+00,0.00000000e+00,0.00000000e+00,0.00000000e+00,0.00000000e+00,0.00000000e+00,0.00000000e+00,0.00000000e+00,0.00000000e+00,0.00000000e+00,0.00000000e+00,4.44494282e-04
8.96223711e+01,8.93723711e+01,2.36513788e-06,0.00000000e+00,0.00000000e+00,0.00000000e+00,0.00000000e+00,0.00000000e+00,0.00000000e+00,0.00000000e+00,0.00000000e+00,0.00000000e+00,0.00000000e+00,0.00000000e+00,0.00000000e+00,0.00000000e+00,0.00000000e+00,0.00000000e+00,0.00000000e+00,0.00000000e+00,0.00000000e+00,0.00000000e+00,0.00000000e+00,0.00000000e+00,0.00000000e+00,0.00000000e+00,4.45394636e-04
8.97223961e+01,8.94723961e+01,2.33582180e-06,0.00000000e+00,0.00000000e+00,0.00000000e+00,0.00000000e+00,0.00000000e+00,0.00000000e+00,0.00000000e+00,0.00000000e+00,0.00000000e+00,0.00000000e+00,0.00000000e+00,0.00000000e+00,0.00000000e+00,0.00000000e+00,0.00000000e+00,0.00000000e+00,0.00000000e+00,0.00000000e+00,0.00000000e+00,0.00000000e+00,0.00000000e+00,0.00000000e+00,0.00000000e+00,4.44727126e-04
8.98224211e+01,8.95724211e+01,2.33506427e-06,0.00000000e+00,0.00000000e+00,0.00000000e+00,0.00000000e+00,0.00000000e+00,0.00000000e+00,0.00000000e+00,0.00000000e+00,0.00000000e+00,0.00000000e+00,0.00000000e+00,0.00000000e+00,0.00000000e+00,0.00000000e+00,0.00000000e+00,0.00000000e+00,0.00000000e+00,0.00000000e+00,0.00000000e+00,0.00000000e+00,0.00000000e+00,0.00000000e+00,0.00000000e+00,4.44498598e-04
8.99224462e+01,8.96724462e+01,2.33431288e-06,0.00000000e+00,0.00000000e+00,0.00000000e+00,0.00000000e+00,0.00000000e+00,0.00000000e+00,0.00000000e+00,0.00000000e+00,0.00000000e+00,0.00000000e+00,0.00000000e+00,0.00000000e+00,0.00000000e+00,0.00000000e+00,0.00000000e+00,0.00000000e+00,0.00000000e+00,0.00000000e+00,0.00000000e+00,0.00000000e+00,0.00000000e+00,0.00000000e+00,0.00000000e+00,4.42710441e-04
9.00224712e+01,8.97724712e+01,2.32339167e-06,0.00000000e+00,0.00000000e+00,0.00000000e+00,0.00000000e+00,0.00000000e+00,0.00000000e+00,0.00000000e+00,0.00000000e+00,0.00000000e+00,0.00000000e+00,0.00000000e+00,0.00000000e+00,0.00000000e+00,0.00000000e+00,0.00000000e+00,0.00000000e+00,0.00000000e+00,0.00000000e+00,0.00000000e+00,0.00000000e+00,0.00000000e+00,0.00000000e+00,0.00000000e+00,4.41057765e-04
9.01224962e+01,8.98724962e+01,2.27339502e-06,0.00000000e+00,0.00000000e+00,0.00000000e+00,0.00000000e+00,0.00000000e+00,0.00000000e+00,0.00000000e+00,0.00000000e+00,0.00000000e+00,0.00000000e+00,0.00000000e+00,0.00000000e+00,0.00000000e+00,0.00000000e+00,0.00000000e+00,0.00000000e+00,0.00000000e+00,0.00000000e+00,0.00000000e+00,0.00000000e+00,0.00000000e+00,0.00000000e+00,0.00000000e+00,4.39788637e-04
9.02225213e+01,8.99725213e+01,2.25255396e-06,0.00000000e+00,0.00000000e+00,0.00000000e+00,0.00000000e+00,0.00000000e+00,0.00000000e+00,0.00000000e+00,0.00000000e+00,0.00000000e+00,0.00000000e+00,0.00000000e+00,0.00000000e+00,0.00000000e+00,0.00000000e+00,0.00000000e+00,0.00000000e+00,0.00000000e+00,0.00000000e+00,0.00000000e+00,0.00000000e+00,0.00000000e+00,0.00000000e+00,0.00000000e+00,4.40542037e-04
9.03225463e+01,9.00725463e+01,2.15153025e-06,0.00000000e+00,0.00000000e+00,0.00000000e+00,0.00000000e+00,0.00000000e+00,0.00000000e+00,0.00000000e+00,0.00000000e+00,0.00000000e+00,0.00000000e+00,0.00000000e+00,0.00000000e+00,0.00000000e+00,0.00000000e+00,0.00000000e+00,0.00000000e+00,0.00000000e+00,0.00000000e+00,0.00000000e+00,0.00000000e+00,0.00000000e+00,0.00000000e+00,0.00000000e+00,4.41343563e-04
9.04225714e+01,9.01725714e+01,2.12257105e-06,0.00000000e+00,0.00000000e+00,0.00000000e+00,0.00000000e+00,0.00000000e+00,0.00000000e+00,0.00000000e+00,0.00000000e+00,0.00000000e+00,0.00000000e+00,0.00000000e+00,0.00000000e+00,0.00000000e+00,0.00000000e+00,0.00000000e+00,0.00000000e+00,0.00000000e+00,0.00000000e+00,0.00000000e+00,0.00000000e+00,0.00000000e+00,0.00000000e+00,0.00000000e+00,4.41521236e-04
9.05225964e+01,9.02725964e+01,2.04114975e-06,0.00000000e+00,0.00000000e+00,0.00000000e+00,0.00000000e+00,0.00000000e+00,0.00000000e+00,0.00000000e+00,0.00000000e+00,0.00000000e+00,0.00000000e+00,0.00000000e+00,0.00000000e+00,0.00000000e+00,0.00000000e+00,0.00000000e+00,0.00000000e+00,0.00000000e+00,0.00000000e+00,0.00000000e+00,0.00000000e+00,0.00000000e+00,0.00000000e+00,0.00000000e+00,4.39035100e-04
9.06226214e+01,9.03726214e+01,1.92377940e-06,0.00000000e+00,0.00000000e+00,0.00000000e+00,0.00000000e+00,0.00000000e+00,0.00000000e+00,0.00000000e+00,0.00000000e+00,0.00000000e+00,0.00000000e+00,0.00000000e+00,0.00000000e+00,0.00000000e+00,0.00000000e+00,0.00000000e+00,0.00000000e+00,0.00000000e+00,0.00000000e+00,0.00000000e+00,0.00000000e+00,0.00000000e+00,0.00000000e+00,0.00000000e+00,4.40660446e-04
9.07226465e+01,9.04726465e+01,1.88210060e-06,0.00000000e+00,0.00000000e+00,0.00000000e+00,0.00000000e+00,0.00000000e+00,0.00000000e+00,0.00000000e+00,0.00000000e+00,0.00000000e+00,0.00000000e+00,0.00000000e+00,0.00000000e+00,0.00000000e+00,0.00000000e+00,0.00000000e+00,0.00000000e+00,0.00000000e+00,0.00000000e+00,0.00000000e+00,0.00000000e+00,0.00000000e+00,0.00000000e+00,0.00000000e+00,4.40258862e-04
9.08226715e+01,9.05726715e+01,1.90481600e-06,0.00000000e+00,0.00000000e+00,0.00000000e+00,0.00000000e+00,0.00000000e+00,0.00000000e+00,0.00000000e+00,0.00000000e+00,0.00000000e+00,0.00000000e+00,0.00000000e+00,0.00000000e+00,0.00000000e+00,0.00000000e+00,0.00000000e+00,0.00000000e+00,0.00000000e+00,0.00000000e+00,0.00000000e+00,0.00000000e+00,0.00000000e+00,0.00000000e+00,0.00000000e+00,4.40172364e-04
9.09226965e+01,9.06726965e+01,1.90454781e-06,0.00000000e+00,0.00000000e+00,0.00000000e+00,0.00000000e+00,0.00000000e+00,0.00000000e+00,0.00000000e+00,0.00000000e+00,0.00000000e+00,0.00000000e+00,0.00000000e+00,0.00000000e+00,0.00000000e+00,0.00000000e+00,0.00000000e+00,0.00000000e+00,0.00000000e+00,0.00000000e+00,0.00000000e+00,0.00000000e+00,0.00000000e+00,0.00000000e+00,0.00000000e+00,4.39692392e-04
9.10227216e+01,9.07727216e+01,1.90402364e-06,0.00000000e+00,0.00000000e+00,0.00000000e+00,0.00000000e+00,0.00000000e+00,0.00000000e+00,0.00000000e+00,0.00000000e+00,0.00000000e+00,0.00000000e+00,0.00000000e+00,0.00000000e+00,0.00000000e+00,0.00000000e+00,0.00000000e+00,0.00000000e+00,0.00000000e+00,0.00000000e+00,0.00000000e+00,0.00000000e+00,0.00000000e+00,0.00000000e+00,0.00000000e+00,4.39975852e-04
9.11227466e+01,9.08727466e+01,1.90350329e-06,0.00000000e+00,0.00000000e+00,0.00000000e+00,0.00000000e+00,0.00000000e+00,0.00000000e+00,0.00000000e+00,0.00000000e+00,0.00000000e+00,0.00000000e+00,0.00000000e+00,0.00000000e+00,0.00000000e+00,0.00000000e+00,0.00000000e+00,0.00000000e+00,0.00000000e+00,0.00000000e+00,0.00000000e+00,0.00000000e+00,0.00000000e+00,0.00000000e+00,0.00000000e+00,4.39051836e-04
9.12227717e+01,9.09727717e+01,1.84896851e-06,0.00000000e+00,0.00000000e+00,0.00000000e+00,0.00000000e+00,0.00000000e+00,0.00000000e+00,0.00000000e+00,0.00000000e+00,0.00000000e+00,0.00000000e+00,0.00000000e+00,0.00000000e+00,0.00000000e+00,0.00000000e+00,0.00000000e+00,0.00000000e+00,0.00000000e+00,0.00000000e+00,0.00000000e+00,0.00000000e+00,0.00000000e+00,0.00000000e+00,0.00000000e+00,4.39095347e-04
9.13227967e+01,9.10727967e+01,1.76135387e-06,0.00000000e+00,0.00000000e+00,0.00000000e+00,0.00000000e+00,0.00000000e+00,0.00000000e+00,0.00000000e+00,0.00000000e+00,0.00000000e+00,0.00000000e+00,0.00000000e+00,0.00000000e+00,0.00000000e+00,0.00000000e+00,0.00000000e+00,0.00000000e+00,0.00000000e+00,0.00000000e+00,0.00000000e+00,0.00000000e+00,0.00000000e+00,0.00000000e+00,0.00000000e+00,4.38923082e-04
9.14228217e+01,9.11728217e+01,1.75824533e-06,0.00000000e+00,0.00000000e+00,0.00000000e+00,0.00000000e+00,0.00000000e+00,0.00000000e+00,0.00000000e+00,0.00000000e+00,0.00000000e+00,0.00000000e+00,0.00000000e+00,0.00000000e+00,0.00000000e+00,0.00000000e+00,0.00000000e+00,0.00000000e+00,0.00000000e+00,0.00000000e+00,0.00000000e+00,0.00000000e+00,0.00000000e+00,0.00000000e+00,0.00000000e+00,4.39627915e-04
9.15228468e+01,9.12728468e+01,1.75769259e-06,0.00000000e+00,0.00000000e+00,0.00000000e+00,0.00000000e+00,0.00000000e+00,0.00000000e+00,0.00000000e+00,0.00000000e+00,0.00000000e+00,0.00000000e+00,0.00000000e+00,0.00000000e+00,0.00000000e+00,0.00000000e+00,0.00000000e+00,0.00000000e+00,0.00000000e+00,0.00000000e+00,0.00000000e+00,0.00000000e+00,0.00000000e+00,0.00000000e+00,0.00000000e+00,4.39586424e-04
9.16228718e+01,9.13728718e+01,1.70238012e-06,0.00000000e+00,0.00000000e+00,0.00000000e+00,0.00000000e+00,0.00000000e+00,0.00000000e+00,0.00000000e+00,0.00000000e+00,0.00000000e+00,0.00000000e+00,0.00000000e+00,0.00000000e+00,0.00000000e+00,0.00000000e+00,0.00000000e+00,0.00000000e+00,0.00000000e+00,0.00000000e+00,0.00000000e+00,0.00000000e+00,0.00000000e+00,0.00000000e+00,0.00000000e+00,4.38861817e-04
9.17228968e+01,9.14728968e+01,1.68941242e-06,0.00000000e+00,0.00000000e+00,0.00000000e+00,0.00000000e+00,0.00000000e+00,0.00000000e+00,0.00000000e+00,0.00000000e+00,0.00000000e+00,0.00000000e+00,0.00000000e+00,0.00000000e+00,0.00000000e+00,0.00000000e+00,0.00000000e+00,0.00000000e+00,0.00000000e+00,0.00000000e+00,0.00000000e+00,0.00000000e+00,0.00000000e+00,0.00000000e+00,0.00000000e+00,4.37635042e-04
9.18229219e+01,9.15729219e+01,1.68896718e-06,0.00000000e+00,0.00000000e+00,0.00000000e+00,0.00000000e+00,0.00000000e+00,0.00000000e+00,0.00000000e+00,0.00000000e+00,0.00000000e+00,0.00000000e+00,0.00000000e+00,0.00000000e+00,0.00000000e+00,0.00000000e+00,0.00000000e+00,0.00000000e+00,0.00000000e+00,0.00000000e+00,0.00000000e+00,0.00000000e+00,0.00000000e+00,0.00000000e+00,0.00000000e+00,4.36417444e-04
9.19229469e+01,9.16729469e+01,1.68852514e-06,0.00000000e+00,0.00000000e+00,0.00000000e+00,0.00000000e+00,0.00000000e+00,0.00000000e+00,0.00000000e+00,0.00000000e+00,0.00000000e+00,0.00000000e+00,0.00000000e+00,0.00000000e+00,0.00000000e+00,0.00000000e+00,0.00000000e+00,0.00000000e+00,0.00000000e+00,0.00000000e+00,0.00000000e+00,0.00000000e+00,0.00000000e+00,0.00000000e+00,0.00000000e+00,4.37344914e-04
9.20229720e+01,9.17729720e+01,1.68792081e-06,0.00000000e+00,0.00000000e+00,0.00000000e+00,0.00000000e+00,0.00000000e+00,0.00000000e+00,0.00000000e+00,0.00000000e+00,0.00000000e+00,0.00000000e+00,0.00000000e+00,0.00000000e+00,0.00000000e+00,0.00000000e+00,0.00000000e+00,0.00000000e+00,0.00000000e+00,0.00000000e+00,0.00000000e+00,0.00000000e+00,0.00000000e+00,0.00000000e+00,0.00000000e+00,4.39709676e-04
9.21229970e+01,9.18729970e+01,1.68734767e-06,0.00000000e+00,0.00000000e+00,0.00000000e+00,0.00000000e+00,0.00000000e+00,0.00000000e+00,0.00000000e+00,0.00000000e+00,0.00000000e+00,0.00000000e+00,0.00000000e+00,0.00000000e+00,0.00000000e+00,0.00000000e+00,0.00000000e+00,0.00000000e+00,0.00000000e+00,0.00000000e+00,0.00000000e+00,0.00000000e+00,0.00000000e+00,0.00000000e+00,0.00000000e+00,4.39450012e-04
9.22230220e+01,9.19730220e+01,1.68691502e-06,0.00000000e+00,0.00000000e+00,0.00000000e+00,0.00000000e+00,0.00000000e+00,0.00000000e+00,0.00000000e+00,0.00000000e+00,0.00000000e+00,0.00000000e+00,0.00000000e+00,0.00000000e+00,0.00000000e+00,0.00000000e+00,0.00000000e+00,0.00000000e+00,0.00000000e+00,0.00000000e+00,0.00000000e+00,0.00000000e+00,0.00000000e+00,0.00000000e+00,0.00000000e+00,4.39412659e-04
9.23230471e+01,9.20730471e+01,1.68648541e-06,0.00000000e+00,0.00000000e+00,0.00000000e+00,0.00000000e+00,0.00000000e+00,0.00000000e+00,0.00000000e+00,0.00000000e+00,0.00000000e+00,0.00000000e+00,0.00000000e+00,0.00000000e+00,0.00000000e+00,0.00000000e+00,0.00000000e+00,0.00000000e+00,0.00000000e+00,0.00000000e+00,0.00000000e+00,0.00000000e+00,0.00000000e+00,0.00000000e+00,0.00000000e+00,4.37180670e-04
9.24230721e+01,9.21730721e+01,1.67473723e-06,0.00000000e+00,0.00000000e+00,0.00000000e+00,0.00000000e+00,0.00000000e+00,0.00000000e+00,0.00000000e+00,0.00000000e+00,0.00000000e+00,0.00000000e+00,0.00000000e+00,0.00000000e+00,0.00000000e+00,0.00000000e+00,0.00000000e+00,0.00000000e+00,0.00000000e+00,0.00000000e+00,0.00000000e+00,0.00000000e+00,0.00000000e+00,0.00000000e+00,0.00000000e+00,4.38556222e-04
9.25230971e+01,9.22730971e+01,1.63636590e-06,0.00000000e+00,0.00000000e+00,0.00000000e+00,0.00000000e+00,0.00000000e+00,0.00000000e+00,0.00000000e+00,0.00000000e+00,0.00000000e+00,0.00000000e+00,0.00000000e+00,0.00000000e+00,0.00000000e+00,0.00000000e+00,0.00000000e+00,0.00000000e+00,0.00000000e+00,0.00000000e+00,0.00000000e+00,0.00000000e+00,0.00000000e+00,0.00000000e+00,0.00000000e+00,4.38210518e-04
9.26231222e+01,9.23731222e+01,1.86871613e-06,0.00000000e+00,0.00000000e+00,0.00000000e+00,0.00000000e+00,0.00000000e+00,0.00000000e+00,0.00000000e+00,0.00000000e+00,0.00000000e+00,0.00000000e+00,0.00000000e+00,0.00000000e+00,0.00000000e+00,0.00000000e+00,0.00000000e+00,0.00000000e+00,0.00000000e+00,0.00000000e+00,0.00000000e+00,0.00000000e+00,0.00000000e+00,0.00000000e+00,0.00000000e+00,4.36680157e-04
9.27231472e+01,9.24731472e+01,1.87876026e-06,0.00000000e+00,0.00000000e+00,0.00000000e+00,0.00000000e+00,0.00000000e+00,0.00000000e+00,0.00000000e+00,0.00000000e+00,0.00000000e+00,0.00000000e+00,0.00000000e+00,0.00000000e+00,0.00000000e+00,0.00000000e+00,0.00000000e+00,0.00000000e+00,0.00000000e+00,0.00000000e+00,0.00000000e+00,0.00000000e+00,0.00000000e+00,0.00000000e+00,0.00000000e+00,4.36990796e-04
9.28231723e+01,9.25731723e+01,1.85976428e-06,0.00000000e+00,0.00000000e+00,0.00000000e+00,0.00000000e+00,0.00000000e+00,0.00000000e+00,0.00000000e+00,0.00000000e+00,0.00000000e+00,0.00000000e+00,0.00000000e+00,0.00000000e+00,0.00000000e+00,0.00000000e+00,0.00000000e+00,0.00000000e+00,0.00000000e+00,0.00000000e+00,0.00000000e+00,0.00000000e+00,0.00000000e+00,0.00000000e+00,0.00000000e+00,4.37736116e-04
9.29231973e+01,9.26731973e+01,1.82869974e-06,0.00000000e+00,0.00000000e+00,0.00000000e+00,0.00000000e+00,0.00000000e+00,0.00000000e+00,0.00000000e+00,0.00000000e+00,0.00000000e+00,0.00000000e+00,0.00000000e+00,0.00000000e+00,0.00000000e+00,0.00000000e+00,0.00000000e+00,0.00000000e+00,0.00000000e+00,0.00000000e+00,0.00000000e+00,0.00000000e+00,0.00000000e+00,0.00000000e+00,0.00000000e+00,4.37067534e-04
9.30232223e+01,9.27732223e+01,1.77010971e-06,0.00000000e+00,0.00000000e+00,0.00000000e+00,0.00000000e+00,0.00000000e+00,0.00000000e+00,0.00000000e+00,0.00000000e+00,0.00000000e+00,0.00000000e+00,0.00000000e+00,0.00000000e+00,0.00000000e+00,0.00000000e+00,0.00000000e+00,0.00000000e+00,0.00000000e+00,0.00000000e+00,0.00000000e+00,0.00000000e+00,0.00000000e+00,0.00000000e+00,0.00000000e+00,4.36110268e-04
9.31232474e+01,9.28732474e+01,1.73086895e-06,0.00000000e+00,0.00000000e+00,0.00000000e+00,0.00000000e+00,0.00000000e+00,0.00000000e+00,0.00000000e+00,0.00000000e+00,0.00000000e+00,0.00000000e+00,0.00000000e+00,0.00000000e+00,0.00000000e+00,0.00000000e+00,0.00000000e+00,0.00000000e+00,0.00000000e+00,0.00000000e+00,0.00000000e+00,0.00000000e+00,0.00000000e+00,0.00000000e+00,0.00000000e+00,4.37302403e-04
9.32232724e+01,9.29732724e+01,1.68289868e-06,0.00000000e+00,0.00000000e+00,0.00000000e+00,0.00000000e+00,0.00000000e+00,0.00000000e+00,0.00000000e+00,0.00000000e+00,0.00000000e+00,0.00000000e+00,0.00000000e+00,0.00000000e+00,0.00000000e+00,0.00000000e+00,0.00000000e+00,0.00000000e+00,0.00000000e+00,0.00000000e+00,0.00000000e+00,0.00000000e+00,0.00000000e+00,0.00000000e+00,0.00000000e+00,4.35167200e-04
9.33232974e+01,9.30732974e+01,1.66694751e-06,0.00000000e+00,0.00000000e+00,0.00000000e+00,0.00000000e+00,0.00000000e+00,0.00000000e+00,0.00000000e+00,0.00000000e+00,0.00000000e+00,0.00000000e+00,0.00000000e+00,0.00000000e+00,0.00000000e+00,0.00000000e+00,0.00000000e+00,0.00000000e+00,0.00000000e+00,0.00000000e+00,0.00000000e+00,0.00000000e+00,0.00000000e+00,0.00000000e+00,0.00000000e+00,4.35995466e-04
9.34233225e+01,9.31733225e+01,1.64837081e-06,0.00000000e+00,0.00000000e+00,0.00000000e+00,0.00000000e+00,0.00000000e+00,0.00000000e+00,0.00000000e+00,0.00000000e+00,0.00000000e+00,0.00000000e+00,0.00000000e+00,0.00000000e+00,0.00000000e+00,0.00000000e+00,0.00000000e+00,0.00000000e+00,0.00000000e+00,0.00000000e+00,0.00000000e+00,0.00000000e+00,0.00000000e+00,0.00000000e+00,0.00000000e+00,4.35061144e-04
9.35233475e+01,9.32733475e+01,1.64006893e-06,0.00000000e+00,0.00000000e+00,0.00000000e+00,0.00000000e+00,0.00000000e+00,0.00000000e+00,0.00000000e+00,0.00000000e+00,0.00000000e+00,0.00000000e+00,0.00000000e+00,0.00000000e+00,0.00000000e+00,0.00000000e+00,0.00000000e+00,0.00000000e+00,0.00000000e+00,0.00000000e+00,0.00000000e+00,0.00000000e+00,0.00000000e+00,0.00000000e+00,0.00000000e+00,4.33165134e-04
9.36233726e+01,9.33733726e+01,1.57737950e-06,0.00000000e+00,0.00000000e+00,0.00000000e+00,0.00000000e+00,0.00000000e+00,0.00000000e+00,0.00000000e+00,0.00000000e+00,0.00000000e+00,0.00000000e+00,0.00000000e+00,0.00000000e+00,0.00000000e+00,0.00000000e+00,0.00000000e+00,0.00000000e+00,0.00000000e+00,0.00000000e+00,0.00000000e+00,0.00000000e+00,0.00000000e+00,0.00000000e+00,0.00000000e+00,4.33224271e-04
9.37233976e+01,9.34733976e+01,1.56582160e-06,0.00000000e+00,0.00000000e+00,0.00000000e+00,0.00000000e+00,0.00000000e+00,0.00000000e+00,0.00000000e+00,0.00000000e+00,0.00000000e+00,0.00000000e+00,0.00000000e+00,0.00000000e+00,0.00000000e+00,0.00000000e+00,0.00000000e+00,0.00000000e+00,0.00000000e+00,0.00000000e+00,0.00000000e+00,0.00000000e+00,0.00000000e+00,0.00000000e+00,0.00000000e+00,4.32581493e-04
9.38234226e+01,9.35734226e+01,1.55866382e-06,0.00000000e+00,0.00000000e+00,0.00000000e+00,0.00000000e+00,0.00000000e+00,0.00000000e+00,0.00000000e+00,0.00000000e+00,0.00000000e+00,0.00000000e+00,0.00000000e+00,0.00000000e+00,0.00000000e+00,0.00000000e+00,0.00000000e+00,0.00000000e+00,0.00000000e+00,0.00000000e+00,0.00000000e+00,0.00000000e+00,0.00000000e+00,0.00000000e+00,0.00000000e+00,4.33981831e-04
9.39234477e+01,9.36734477e+01,1.55209637e-06,0.00000000e+00,0.00000000e+00,0.00000000e+00,0.00000000e+00,0.00000000e+00,0.00000000e+00,0.00000000e+00,0.00000000e+00,0.00000000e+00,0.00000000e+00,0.00000000e+00,0.00000000e+00,0.00000000e+00,0.00000000e+00,0.00000000e+00,0.00000000e+00,0.00000000e+00,0.00000000e+00,0.00000000e+00,0.00000000e+00,0.00000000e+00,0.00000000e+00,0.00000000e+00,4.35945832e-04
9.40234727e+01,9.37734727e+01,1.48676695e-06,0.00000000e+00,0.00000000e+00,0.00000000e+00,0.00000000e+00,0.00000000e+00,0.00000000e+00,0.00000000e+00,0.00000000e+00,0.00000000e+00,0.00000000e+00,0.00000000e+00,0.00000000e+00,0.00000000e+00,0.00000000e+00,0.00000000e+00,0.00000000e+00,0.00000000e+00,0.00000000e+00,0.00000000e+00,0.00000000e+00,0.00000000e+00,0.00000000e+00,0.00000000e+00,4.36675062e-04
9.41234977e+01,9.38734977e+01,1.27918816e-06,0.00000000e+00,0.00000000e+00,0.00000000e+00,0.00000000e+00,0.00000000e+00,0.00000000e+00,0.00000000e+00,0.00000000e+00,0.00000000e+00,0.00000000e+00,0.00000000e+00,0.00000000e+00,0.00000000e+00,0.00000000e+00,0.00000000e+00,0.00000000e+00,0.00000000e+00,0.00000000e+00,0.00000000e+00,0.00000000e+00,0.00000000e+00,0.00000000e+00,0.00000000e+00,4.37163953e-04
9.42235228e+01,9.39735228e+01,1.27906336e-06,0.00000000e+00,0.00000000e+00,0.00000000e+00,0.00000000e+00,0.00000000e+00,0.00000000e+00,0.00000000e+00,0.00000000e+00,0.00000000e+00,0.00000000e+00,0.00000000e+00,0.00000000e+00,0.00000000e+00,0.00000000e+00,0.00000000e+00,0.00000000e+00,0.00000000e+00,0.00000000e+00,0.00000000e+00,0.00000000e+00,0.00000000e+00,0.00000000e+00,0.00000000e+00,4.34847092e-04
9.43235478e+01,9.40735478e+01,1.27970753e-06,0.00000000e+00,0.00000000e+00,0.00000000e+00,0.00000000e+00,0.00000000e+00,0.00000000e+00,0.00000000e+00,0.00000000e+00,0.00000000e+00,0.00000000e+00,0.00000000e+00,0.00000000e+00,0.00000000e+00,0.00000000e+00,0.00000000e+00,0.00000000e+00,0.00000000e+00,0.00000000e+00,0.00000000e+00,0.00000000e+00,0.00000000e+00,0.00000000e+00,0.00000000e+00,4.36547088e-04
9.44235729e+01,9.41735729e+01,1.28061421e-06,0.00000000e+00,0.00000000e+00,0.00000000e+00,0.00000000e+00,0.00000000e+00,0.00000000e+00,0.00000000e+00,0.00000000e+00,0.00000000e+00,0.00000000e+00,0.00000000e+00,0.00000000e+00,0.00000000e+00,0.00000000e+00,0.00000000e+00,0.00000000e+00,0.00000000e+00,0.00000000e+00,0.00000000e+00,0.00000000e+00,0.00000000e+00,0.00000000e+00,0.00000000e+00,4.34770305e-04
9.45235979e+01,9.42735979e+01,1.22567288e-06,0.00000000e+00,0.00000000e+00,0.00000000e+00,0.00000000e+00,0.00000000e+00,0.00000000e+00,0.00000000e+00,0.00000000e+00,0.00000000e+00,0.00000000e+00,0.00000000e+00,0.00000000e+00,0.00000000e+00,0.00000000e+00,0.00000000e+00,0.00000000e+00,0.00000000e+00,0.00000000e+00,0.00000000e+00,0.00000000e+00,0.00000000e+00,0.00000000e+00,0.00000000e+00,4.30661986e-04
9.46236229e+01,9.43736229e+01,1.20113621e-06,0.00000000e+00,0.00000000e+00,0.00000000e+00,0.00000000e+00,0.00000000e+00,0.00000000e+00,0.00000000e+00,0.00000000e+00,0.00000000e+00,0.00000000e+00,0.00000000e+00,0.00000000e+00,0.00000000e+00,0.00000000e+00,0.00000000e+00,0.00000000e+00,0.00000000e+00,0.00000000e+00,0.00000000e+00,0.00000000e+00,0.00000000e+00,0.00000000e+00,0.00000000e+00,4.29109460e-04
9.47236480e+01,9.44736480e+01,1.15458632e-06,0.00000000e+00,0.00000000e+00,0.00000000e+00,0.00000000e+00,0.00000000e+00,0.00000000e+00,0.00000000e+00,0.00000000e+00,0.00000000e+00,0.00000000e+00,0.00000000e+00,0.00000000e+00,0.00000000e+00,0.00000000e+00,0.00000000e+00,0.00000000e+00,0.00000000e+00,0.00000000e+00,0.00000000e+00,0.00000000e+00,0.00000000e+00,0.00000000e+00,0.00000000e+00,4.30855737e-04
9.48236730e+01,9.45736730e+01,1.15447328e-06,0.00000000e+00,0.00000000e+00,0.00000000e+00,0.00000000e+00,0.00000000e+00,0.00000000e+00,0.00000000e+00,0.00000000e+00,0.00000000e+00,0.00000000e+00,0.00000000e+00,0.00000000e+00,0.00000000e+00,0.00000000e+00,0.00000000e+00,0.00000000e+00,0.00000000e+00,0.00000000e+00,0.00000000e+00,0.00000000e+00,0.00000000e+00,0.00000000e+00,0.00000000e+00,4.32592592e-04
9.49236980e+01,9.46736980e+01,1.15436070e-06,0.00000000e+00,0.00000000e+00,0.00000000e+00,0.00000000e+00,0.00000000e+00,0.00000000e+00,0.00000000e+00,0.00000000e+00,0.00000000e+00,0.00000000e+00,0.00000000e+00,0.00000000e+00,0.00000000e+00,0.00000000e+00,0.00000000e+00,0.00000000e+00,0.00000000e+00,0.00000000e+00,0.00000000e+00,0.00000000e+00,0.00000000e+00,0.00000000e+00,0.00000000e+00,4.31725160e-04
9.50237231e+01,9.47737231e+01,1.15424857e-06,0.00000000e+00,0.00000000e+00,0.00000000e+00,0.00000000e+00,0.00000000e+00,0.00000000e+00,0.00000000e+00,0.00000000e+00,0.00000000e+00,0.00000000e+00,0.00000000e+00,0.00000000e+00,0.00000000e+00,0.00000000e+00,0.00000000e+00,0.00000000e+00,0.00000000e+00,0.00000000e+00,0.00000000e+00,0.00000000e+00,0.00000000e+00,0.00000000e+00,0.00000000e+00,4.29414863e-04
9.51237481e+01,9.48737481e+01,1.15413688e-06,0.00000000e+00,0.00000000e+00,0.00000000e+00,0.00000000e+00,0.00000000e+00,0.00000000e+00,0.00000000e+00,0.00000000e+00,0.00000000e+00,0.00000000e+00,0.00000000e+00,0.00000000e+00,0.00000000e+00,0.00000000e+00,0.00000000e+00,0.00000000e+00,0.00000000e+00,0.00000000e+00,0.00000000e+00,0.00000000e+00,0.00000000e+00,0.00000000e+00,0.00000000e+00,4.30204602e-04
9.52237732e+01,9.49737732e+01,1.17449655e-06,0.00000000e+00,0.00000000e+00,0.00000000e+00,0.00000000e+00,0.00000000e+00,0.00000000e+00,0.00000000e+00,0.00000000e+00,0.00000000e+00,0.00000000e+00,0.00000000e+00,0.00000000e+00,0.00000000e+00,0.00000000e+00,0.00000000e+00,0.00000000e+00,0.00000000e+00,0.00000000e+00,0.00000000e+00,0.00000000e+00,0.00000000e+00,0.00000000e+00,0.00000000e+00,4.31461063e-04
9.53237982e+01,9.50737982e+01,1.19288990e-06,0.00000000e+00,0.00000000e+00,0.00000000e+00,0.00000000e+00,0.00000000e+00,0.00000000e+00,0.00000000e+00,0.00000000e+00,0.00000000e+00,0.00000000e+00,0.00000000e+00,0.00000000e+00,0.00000000e+00,0.00000000e+00,0.00000000e+00,0.00000000e+00,0.00000000e+00,0.00000000e+00,0.00000000e+00,0.00000000e+00,0.00000000e+00,0.00000000e+00,0.00000000e+00,4.32162561e-04
9.54238232e+01,9.51738232e+01,1.19275897e-06,0.00000000e+00,0.00000000e+00,0.00000000e+00,0.00000000e+00,0.00000000e+00,0.00000000e+00,0.00000000e+00,0.00000000e+00,0.00000000e+00,0.00000000e+00,0.00000000e+00,0.00000000e+00,0.00000000e+00,0.00000000e+00,0.00000000e+00,0.00000000e+00,0.00000000e+00,0.00000000e+00,0.00000000e+00,0.00000000e+00,0.00000000e+00,0.00000000e+00,0.00000000e+00,4.31410346e-04
9.55238483e+01,9.52738483e+01,1.17003917e-06,0.00000000e+00,0.00000000e+00,0.00000000e+00,0.00000000e+00,0.00000000e+00,0.00000000e+00,0.00000000e+00,0.00000000e+00,0.00000000e+00,0.00000000e+00,0.00000000e+00,0.00000000e+00,0.00000000e+00,0.00000000e+00,0.00000000e+00,0.00000000e+00,0.00000000e+00,0.00000000e+00,0.00000000e+00,0.00000000e+00,0.00000000e+00,0.00000000e+00,0.00000000e+00,4.29834481e-04
9.56238733e+01,9.53738733e+01,1.16932766e-06,0.00000000e+00,0.00000000e+00,0.00000000e+00,0.00000000e+00,0.00000000e+00,0.00000000e+00,0.00000000e+00,0.00000000e+00,0.00000000e+00,0.00000000e+00,0.00000000e+00,0.00000000e+00,0.00000000e+00,0.00000000e+00,0.00000000e+00,0.00000000e+00,0.00000000e+00,0.00000000e+00,0.00000000e+00,0.00000000e+00,0.00000000e+00,0.00000000e+00,0.00000000e+00,4.30610862e-04
9.57238983e+01,9.54738983e+01,1.15268194e-06,0.00000000e+00,0.00000000e+00,0.00000000e+00,0.00000000e+00,0.00000000e+00,0.00000000e+00,0.00000000e+00,0.00000000e+00,0.00000000e+00,0.00000000e+00,0.00000000e+00,0.00000000e+00,0.00000000e+00,0.00000000e+00,0.00000000e+00,0.00000000e+00,0.00000000e+00,0.00000000e+00,0.00000000e+00,0.00000000e+00,0.00000000e+00,0.00000000e+00,0.00000000e+00,4.31296415e-04
9.58239234e+01,9.55739234e+01,1.07211818e-06,0.00000000e+00,0.00000000e+00,0.00000000e+00,0.00000000e+00,0.00000000e+00,0.00000000e+00,0.00000000e+00,0.00000000e+00,0.00000000e+00,0.00000000e+00,0.00000000e+00,0.00000000e+00,0.00000000e+00,0.00000000e+00,0.00000000e+00,0.00000000e+00,0.00000000e+00,0.00000000e+00,0.00000000e+00,0.00000000e+00,0.00000000e+00,0.00000000e+00,0.00000000e+00,4.31529304e-04
9.59239484e+01,9.56739484e+01,1.04001420e-06,0.00000000e+00,0.00000000e+00,0.00000000e+00,0.00000000e+00,0.00000000e+00,0.00000000e+00,0.00000000e+00,0.00000000e+00,0.00000000e+00,0.00000000e+00,0.00000000e+00,0.00000000e+00,0.00000000e+00,0.00000000e+00,0.00000000e+00,0.00000000e+00,0.00000000e+00,0.00000000e+00,0.00000000e+00,0.00000000e+00,0.00000000e+00,0.00000000e+00,0.00000000e+00,4.28611529e-04
9.60239735e+01,9.57739735e+01,1.03990597e-06,0.00000000e+00,0.00000000e+00,0.00000000e+00,0.00000000e+00,0.00000000e+00,0.00000000e+00,0.00000000e+00,0.00000000e+00,0.00000000e+00,0.00000000e+00,0.00000000e+00,0.00000000e+00,0.00000000e+00,0.00000000e+00,0.00000000e+00,0.00000000e+00,0.00000000e+00,0.00000000e+00,0.00000000e+00,0.00000000e+00,0.00000000e+00,0.00000000e+00,0.00000000e+00,4.30139863e-04
9.61239985e+01,9.58739985e+01,1.03979817e-06,0.00000000e+00,0.00000000e+00,0.00000000e+00,0.00000000e+00,0.00000000e+00,0.00000000e+00,0.00000000e+00,0.00000000e+00,0.00000000e+00,0.00000000e+00,0.00000000e+00,0.00000000e+00,0.00000000e+00,0.00000000e+00,0.00000000e+00,0.00000000e+00,0.00000000e+00,0.00000000e+00,0.00000000e+00,0.00000000e+00,0.00000000e+00,0.00000000e+00,0.00000000e+00,4.31558933e-04
9.62240235e+01,9.59740235e+01,1.02915597e-06,0.00000000e+00,0.00000000e+00,0.00000000e+00,0.00000000e+00,0.00000000e+00,0.00000000e+00,0.00000000e+00,0.00000000e+00,0.00000000e+00,0.00000000e+00,0.00000000e+00,0.00000000e+00,0.00000000e+00,0.00000000e+00,0.00000000e+00,0.00000000e+00,0.00000000e+00,0.00000000e+00,0.00000000e+00,0.00000000e+00,0.00000000e+00,0.00000000e+00,0.00000000e+00,4.32998393e-04
9.63240486e+01,9.60740486e+01,1.02570797e-06,0.00000000e+00,0.00000000e+00,0.00000000e+00,0.00000000e+00,0.00000000e+00,0.00000000e+00,0.00000000e+00,0.00000000e+00,0.00000000e+00,0.00000000e+00,0.00000000e+00,0.00000000e+00,0.00000000e+00,0.00000000e+00,0.00000000e+00,0.00000000e+00,0.00000000e+00,0.00000000e+00,0.00000000e+00,0.00000000e+00,0.00000000e+00,0.00000000e+00,0.00000000e+00,4.30313463e-04
9.64240736e+01,9.61740736e+01,1.02425378e-06,0.00000000e+00,0.00000000e+00,0.00000000e+00,0.00000000e+00,0.00000000e+00,0.00000000e+00,0.00000000e+00,0.00000000e+00,0.00000000e+00,0.00000000e+00,0.00000000e+00,0.00000000e+00,0.00000000e+00,0.00000000e+00,0.00000000e+00,0.00000000e+00,0.00000000e+00,0.00000000e+00,0.00000000e+00,0.00000000e+00,0.00000000e+00,0.00000000e+00,0.00000000e+00,4.28476023e-04
9.65240986e+01,9.62740986e+01,1.01818406e-06,0.00000000e+00,0.00000000e+00,0.00000000e+00,0.00000000e+00,0.00000000e+00,0.00000000e+00,0.00000000e+00,0.00000000e+00,0.00000000e+00,0.00000000e+00,0.00000000e+00,0.00000000e+00,0.00000000e+00,0.00000000e+00,0.00000000e+00,0.00000000e+00,0.00000000e+00,0.00000000e+00,0.00000000e+00,0.00000000e+00,0.00000000e+00,0.00000000e+00,0.00000000e+00,4.28569751e-04
9.66241237e+01,9.63741237e+01,9.99599398e-07,0.00000000e+00,0.00000000e+00,0.00000000e+00,0.00000000e+00,0.00000000e+00,0.00000000e+00,0.00000000e+00,0.00000000e+00,0.00000000e+00,0.00000000e+00,0.00000000e+00,0.00000000e+00,0.00000000e+00,0.00000000e+00,0.00000000e+00,0.00000000e+00,0.00000000e+00,0.00000000e+00,0.00000000e+00,0.00000000e+00,0.00000000e+00,0.00000000e+00,0.00000000e+00,4.27484711e-04
9.67241487e+01,9.64741487e+01,9.87922150e-07,0.00000000e+00,0.00000000e+00,0.00000000e+00,0.00000000e+00,0.00000000e+00,0.00000000e+00,0.00000000e+00,0.00000000e+00,0.00000000e+00,0.00000000e+00,0.00000000e+00,0.00000000e+00,0.00000000e+00,0.00000000e+00,0.00000000e+00,0.00000000e+00,0.00000000e+00,0.00000000e+00,0.00000000e+00,0.00000000e+00,0.00000000e+00,0.00000000e+00,0.00000000e+00,4.29230496e-04
9.68241738e+01,9.65741738e+01,9.87789828e-07,0.00000000e+00,0.00000000e+00,0.00000000e+00,0.00000000e+00,0.00000000e+00,0.00000000e+00,0.00000000e+00,0.00000000e+00,0.00000000e+00,0.00000000e+00,0.00000000e+00,0.00000000e+00,0.00000000e+00,0.00000000e+00,0.00000000e+00,0.00000000e+00,0.00000000e+00,0.00000000e+00,0.00000000e+00,0.00000000e+00,0.00000000e+00,0.00000000e+00,0.00000000e+00,4.29075269e-04
9.69241988e+01,9.66741988e+01,9.08071533e-07,0.00000000e+00,0.00000000e+00,0.00000000e+00,0.00000000e+00,0.00000000e+00,0.00000000e+00,0.00000000e+00,0.00000000e+00,0.00000000e+00,0.00000000e+00,0.00000000e+00,0.00000000e+00,0.00000000e+00,0.00000000e+00,0.00000000e+00,0.00000000e+00,0.00000000e+00,0.00000000e+00,0.00000000e+00,0.00000000e+00,0.00000000e+00,0.00000000e+00,0.00000000e+00,4.27847558e-04
9.70242238e+01,9.67742238e+01,8.85165616e-07,0.00000000e+00,0.00000000e+00,0.00000000e+00,0.00000000e+00,0.00000000e+00,0.00000000e+00,0.00000000e+00,0.00000000e+00,0.00000000e+00,0.00000000e+00,0.00000000e+00,0.00000000e+00,0.00000000e+00,0.00000000e+00,0.00000000e+00,0.00000000e+00,0.00000000e+00,0.00000000e+00,0.00000000e+00,0.00000000e+00,0.00000000e+00,0.00000000e+00,0.00000000e+00,4.27306377e-04
9.71242489e+01,9.68742489e+01,8.85101528e-07,0.00000000e+00,0.00000000e+00,0.00000000e+00,0.00000000e+00,0.00000000e+00,0.00000000e+00,0.00000000e+00,0.00000000e+00,0.00000000e+00,0.00000000e+00,0.00000000e+00,0.00000000e+00,0.00000000e+00,0.00000000e+00,0.00000000e+00,0.00000000e+00,0.00000000e+00,0.00000000e+00,0.00000000e+00,0.00000000e+00,0.00000000e+00,0.00000000e+00,0.00000000e+00,4.29355065e-04
9.72242739e+01,9.69742739e+01,8.24756656e-07,0.00000000e+00,0.00000000e+00,0.00000000e+00,0.00000000e+00,0.00000000e+00,0.00000000e+00,0.00000000e+00,0.00000000e+00,0.00000000e+00,0.00000000e+00,0.00000000e+00,0.00000000e+00,0.00000000e+00,0.00000000e+00,0.00000000e+00,0.00000000e+00,0.00000000e+00,0.00000000e+00,0.00000000e+00,0.00000000e+00,0.00000000e+00,0.00000000e+00,0.00000000e+00,4.28195423e-04
9.73242989e+01,9.70742989e+01,8.13539583e-07,0.00000000e+00,0.00000000e+00,0.00000000e+00,0.00000000e+00,0.00000000e+00,0.00000000e+00,0.00000000e+00,0.00000000e+00,0.00000000e+00,0.00000000e+00,0.00000000e+00,0.00000000e+00,0.00000000e+00,0.00000000e+00,0.00000000e+00,0.00000000e+00,0.00000000e+00,0.00000000e+00,0.00000000e+00,0.00000000e+00,0.00000000e+00,0.00000000e+00,0.00000000e+00,4.27773111e-04
9.74243240e+01,9.71743240e+01,7.56850614e-07,0.00000000e+00,0.00000000e+00,0.00000000e+00,0.00000000e+00,0.00000000e+00,0.00000000e+00,0.00000000e+00,0.00000000e+00,0.00000000e+00,0.00000000e+00,0.00000000e+00,0.00000000e+00,0.00000000e+00,0.00000000e+00,0.00000000e+00,0.00000000e+00,0.00000000e+00,0.00000000e+00,0.00000000e+00,0.00000000e+00,0.00000000e+00,0.00000000e+00,0.00000000e+00,4.26750015e-04
9.75243490e+01,9.72743490e+01,7.56790829e-07,0.00000000e+00,0.00000000e+00,0.00000000e+00,0.00000000e+00,0.00000000e+00,0.00000000e+00,0.00000000e+00,0.00000000e+00,0.00000000e+00,0.00000000e+00,0.00000000e+00,0.00000000e+00,0.00000000e+00,0.00000000e+00,0.00000000e+00,0.00000000e+00,0.00000000e+00,0.00000000e+00,0.00000000e+00,0.00000000e+00,0.00000000e+00,0.00000000e+00,0.00000000e+00,4.23910729e-04
9.76243741e+01,9.73743741e+01,7.56731282e-07,0.00000000e+00,0.00000000e+00,0.00000000e+00,0.00000000e+00,0.00000000e+00,0.00000000e+00,0.00000000e+00,0.00000000e+00,0.00000000e+00,0.00000000e+00,0.00000000e+00,0.00000000e+00,0.00000000e+00,0.00000000e+00,0.00000000e+00,0.00000000e+00,0.00000000e+00,0.00000000e+00,0.00000000e+00,0.00000000e+00,0.00000000e+00,0.00000000e+00,0.00000000e+00,4.23537282e-04
9.77243991e+01,9.74743991e+01,7.55496558e-07,0.00000000e+00,0.00000000e+00,0.00000000e+00,0.00000000e+00,0.00000000e+00,0.00000000e+00,0.00000000e+00,0.00000000e+00,0.00000000e+00,0.00000000e+00,0.00000000e+00,0.00000000e+00,0.00000000e+00,0.00000000e+00,0.00000000e+00,0.00000000e+00,0.00000000e+00,0.00000000e+00,0.00000000e+00,0.00000000e+00,0.00000000e+00,0.00000000e+00,0.00000000e+00,4.25786020e-04
9.78244241e+01,9.75744241e+01,7.55370627e-07,0.00000000e+00,0.00000000e+00,0.00000000e+00,0.00000000e+00,0.00000000e+00,0.00000000e+00,0.00000000e+00,0.00000000e+00,0.00000000e+00,0.00000000e+00,0.00000000e+00,0.00000000e+00,0.00000000e+00,0.00000000e+00,0.00000000e+00,0.00000000e+00,0.00000000e+00,0.00000000e+00,0.00000000e+00,0.00000000e+00,0.00000000e+00,0.00000000e+00,0.00000000e+00,4.26979322e-04
9.79244492e+01,9.76744492e+01,7.55311935e-07,0.00000000e+00,0.00000000e+00,0.00000000e+00,0.00000000e+00,0.00000000e+00,0.00000000e+00,0.00000000e+00,0.00000000e+00,0.00000000e+00,0.00000000e+00,0.00000000e+00,0.00000000e+00,0.00000000e+00,0.00000000e+00,0.00000000e+00,0.00000000e+00,0.00000000e+00,0.00000000e+00,0.00000000e+00,0.00000000e+00,0.00000000e+00,0.00000000e+00,0.00000000e+00,4.25424651e-04
9.80244742e+01,9.77744742e+01,7.56507574e-07,0.00000000e+00,0.00000000e+00,0.00000000e+00,0.00000000e+00,0.00000000e+00,0.00000000e+00,0.00000000e+00,0.00000000e+00,0.00000000e+00,0.00000000e+00,0.00000000e+00,0.00000000e+00,0.00000000e+00,0.00000000e+00,0.00000000e+00,0.00000000e+00,0.00000000e+00,0.00000000e+00,0.00000000e+00,0.00000000e+00,0.00000000e+00,0.00000000e+00,0.00000000e+00,4.24202867e-04
9.81244992e+01,9.78744992e+01,7.62299839e-07,0.00000000e+00,0.00000000e+00,0.00000000e+00,0.00000000e+00,0.00000000e+00,0.00000000e+00,0.00000000e+00,0.00000000e+00,0.00000000e+00,0.00000000e+00,0.00000000e+00,0.00000000e+00,0.00000000e+00,0.00000000e+00,0.00000000e+00,0.00000000e+00,0.00000000e+00,0.00000000e+00,0.00000000e+00,0.00000000e+00,0.00000000e+00,0.00000000e+00,0.00000000e+00,4.24547797e-04
9.82245243e+01,9.79745243e+01,7.62226459e-07,0.00000000e+00,0.00000000e+00,0.00000000e+00,0.00000000e+00,0.00000000e+00,0.00000000e+00,0.00000000e+00,0.00000000e+00,0.00000000e+00,0.00000000e+00,0.00000000e+00,0.00000000e+00,0.00000000e+00,0.00000000e+00,0.00000000e+00,0.00000000e+00,0.00000000e+00,0.00000000e+00,0.00000000e+00,0.00000000e+00,0.00000000e+00,0.00000000e+00,0.00000000e+00,4.25642504e-04
9.83245493e+01,9.80745493e+01,7.62153379e-07,0.00000000e+00,0.00000000e+00,0.00000000e+00,0.00000000e+00,0.00000000e+00,0.00000000e+00,0.00000000e+00,0.00000000e+00,0.00000000e+00,0.00000000e+00,0.00000000e+00,0.00000000e+00,0.00000000e+00,0.00000000e+00,0.00000000e+00,0.00000000e+00,0.00000000e+00,0.00000000e+00,0.00000000e+00,0.00000000e+00,0.00000000e+00,0.00000000e+00,0.00000000e+00,4.24443270e-04
9.84245744e+01,9.81745744e+01,7.62107306e-07,0.00000000e+00,0.00000000e+00,0.00000000e+00,0.00000000e+00,0.00000000e+00,0.00000000e+00,0.00000000e+00,0.00000000e+00,0.00000000e+00,0.00000000e+00,0.00000000e+00,0.00000000e+00,0.00000000e+00,0.00000000e+00,0.00000000e+00,0.00000000e+00,0.00000000e+00,0.00000000e+00,0.00000000e+00,0.00000000e+00,0.00000000e+00,0.00000000e+00,0.00000000e+00,4.25606465e-04
9.85245994e+01,9.82745994e+01,7.62135461e-07,0.00000000e+00,0.00000000e+00,0.00000000e+00,0.00000000e+00,0.00000000e+00,0.00000000e+00,0.00000000e+00,0.00000000e+00,0.00000000e+00,0.00000000e+00,0.00000000e+00,0.00000000e+00,0.00000000e+00,0.00000000e+00,0.00000000e+00,0.00000000e+00,0.00000000e+00,0.00000000e+00,0.00000000e+00,0.00000000e+00,0.00000000e+00,0.00000000e+00,0.00000000e+00,4.26521784e-04
9.86246244e+01,9.83746244e+01,7.62062654e-07,0.00000000e+00,0.00000000e+00,0.00000000e+00,0.00000000e+00,0.00000000e+00,0.00000000e+00,0.00000000e+00,0.00000000e+00,0.00000000e+00,0.00000000e+00,0.00000000e+00,0.00000000e+00,0.00000000e+00,0.00000000e+00,0.00000000e+00,0.00000000e+00,0.00000000e+00,0.00000000e+00,0.00000000e+00,0.00000000e+00,0.00000000e+00,0.00000000e+00,0.00000000e+00,4.27530234e-04
9.87246495e+01,9.84746495e+01,7.42000092e-07,0.00000000e+00,0.00000000e+00,0.00000000e+00,0.00000000e+00,0.00000000e+00,0.00000000e+00,0.00000000e+00,0.00000000e+00,0.00000000e+00,0.00000000e+00,0.00000000e+00,0.00000000e+00,0.00000000e+00,0.00000000e+00,0.00000000e+00,0.00000000e+00,0.00000000e+00,0.00000000e+00,0.00000000e+00,0.00000000e+00,0.00000000e+00,0.00000000e+00,0.00000000e+00,4.26440161e-04
9.88246745e+01,9.85746745e+01,7.01842475e-07,0.00000000e+00,0.00000000e+00,0.00000000e+00,0.00000000e+00,0.00000000e+00,0.00000000e+00,0.00000000e+00,0.00000000e+00,0.00000000e+00,0.00000000e+00,0.00000000e+00,0.00000000e+00,0.00000000e+00,0.00000000e+00,0.00000000e+00,0.00000000e+00,0.00000000e+00,0.00000000e+00,0.00000000e+00,0.00000000e+00,0.00000000e+00,0.00000000e+00,0.00000000e+00,4.25689607e-04
9.89246995e+01,9.86746995e+01,7.01770602e-07,0.00000000e+00,0.00000000e+00,0.00000000e+00,0.00000000e+00,0.00000000e+00,0.00000000e+00,0.00000000e+00,0.00000000e+00,0.00000000e+00,0.00000000e+00,0.00000000e+00,0.00000000e+00,0.00000000e+00,0.00000000e+00,0.00000000e+00,0.00000000e+00,0.00000000e+00,0.00000000e+00,0.00000000e+00,0.00000000e+00,0.00000000e+00,0.00000000e+00,0.00000000e+00,4.26847087e-04
9.90247246e+01,9.87747246e+01,7.01699019e-07,0.00000000e+00,0.00000000e+00,0.00000000e+00,0.00000000e+00,0.00000000e+00,0.00000000e+00,0.00000000e+00,0.00000000e+00,0.00000000e+00,0.00000000e+00,0.00000000e+00,0.00000000e+00,0.00000000e+00,0.00000000e+00,0.00000000e+00,0.00000000e+00,0.00000000e+00,0.00000000e+00,0.00000000e+00,0.00000000e+00,0.00000000e+00,0.00000000e+00,0.00000000e+00,4.25550454e-04
9.91247496e+01,9.88747496e+01,7.01627723e-07,0.00000000e+00,0.00000000e+00,0.00000000e+00,0.00000000e+00,0.00000000e+00,0.00000000e+00,0.00000000e+00,0.00000000e+00,0.00000000e+00,0.00000000e+00,0.00000000e+00,0.00000000e+00,0.00000000e+00,0.00000000e+00,0.00000000e+00,0.00000000e+00,0.00000000e+00,0.00000000e+00,0.00000000e+00,0.00000000e+00,0.00000000e+00,0.00000000e+00,0.00000000e+00,4.24554839e-04
9.92247747e+01,9.89747747e+01,7.01556714e-07,0.00000000e+00,0.00000000e+00,0.00000000e+00,0.00000000e+00,0.00000000e+00,0.00000000e+00,0.00000000e+00,0.00000000e+00,0.00000000e+00,0.00000000e+00,0.00000000e+00,0.00000000e+00,0.00000000e+00,0.00000000e+00,0.00000000e+00,0.00000000e+00,0.00000000e+00,0.00000000e+00,0.00000000e+00,0.00000000e+00,0.00000000e+00,0.00000000e+00,0.00000000e+00,4.24482757e-04
9.93247997e+01,9.90747997e+01,7.01485990e-07,0.00000000e+00,0.00000000e+00,0.00000000e+00,0.00000000e+00,0.00000000e+00,0.00000000e+00,0.00000000e+00,0.00000000e+00,0.00000000e+00,0.00000000e+00,0.00000000e+00,0.00000000e+00,0.00000000e+00,0.00000000e+00,0.00000000e+00,0.00000000e+00,0.00000000e+00,0.00000000e+00,0.00000000e+00,0.00000000e+00,0.00000000e+00,0.00000000e+00,0.00000000e+00,4.24455495e-04
9.94248247e+01,9.91748247e+01,7.01485456e-07,0.00000000e+00,0.00000000e+00,0.00000000e+00,0.00000000e+00,0.00000000e+00,0.00000000e+00,0.00000000e+00,0.00000000e+00,0.00000000e+00,0.00000000e+00,0.00000000e+00,0.00000000e+00,0.00000000e+00,0.00000000e+00,0.00000000e+00,0.00000000e+00,0.00000000e+00,0.00000000e+00,0.00000000e+00,0.00000000e+00,0.00000000e+00,0.00000000e+00,0.00000000e+00,4.26206878e-04
9.95248498e+01,9.92748498e+01,7.01417952e-07,0.00000000e+00,0.00000000e+00,0.00000000e+00,0.00000000e+00,0.00000000e+00,0.00000000e+00,0.00000000e+00,0.00000000e+00,0.00000000e+00,0.00000000e+00,0.00000000e+00,0.00000000e+00,0.00000000e+00,0.00000000e+00,0.00000000e+00,0.00000000e+00,0.00000000e+00,0.00000000e+00,0.00000000e+00,0.00000000e+00,0.00000000e+00,0.00000000e+00,0.00000000e+00,4.26190392e-04
9.96248748e+01,9.93748748e+01,7.01348024e-07,0.00000000e+00,0.00000000e+00,0.00000000e+00,0.00000000e+00,0.00000000e+00,0.00000000e+00,0.00000000e+00,0.00000000e+00,0.00000000e+00,0.00000000e+00,0.00000000e+00,0.00000000e+00,0.00000000e+00,0.00000000e+00,0.00000000e+00,0.00000000e+00,0.00000000e+00,0.00000000e+00,0.00000000e+00,0.00000000e+00,0.00000000e+00,0.00000000e+00,0.00000000e+00,4.24246174e-04
9.97248998e+01,9.94748998e+01,7.01278374e-07,0.00000000e+00,0.00000000e+00,0.00000000e+00,0.00000000e+00,0.00000000e+00,0.00000000e+00,0.00000000e+00,0.00000000e+00,0.00000000e+00,0.00000000e+00,0.00000000e+00,0.00000000e+00,0.00000000e+00,0.00000000e+00,0.00000000e+00,0.00000000e+00,0.00000000e+00,0.00000000e+00,0.00000000e+00,0.00000000e+00,0.00000000e+00,0.00000000e+00,0.00000000e+00,4.22964447e-04
9.98249249e+01,9.95749249e+01,7.01209001e-07,0.00000000e+00,0.00000000e+00,0.00000000e+00,0.00000000e+00,0.00000000e+00,0.00000000e+00,0.00000000e+00,0.00000000e+00,0.00000000e+00,0.00000000e+00,0.00000000e+00,0.00000000e+00,0.00000000e+00,0.00000000e+00,0.00000000e+00,0.00000000e+00,0.00000000e+00,0.00000000e+00,0.00000000e+00,0.00000000e+00,0.00000000e+00,0.00000000e+00,0.00000000e+00,4.22099930e-04
9.99249499e+01,9.96749499e+01,7.01139904e-07,0.00000000e+00,0.00000000e+00,0.00000000e+00,0.00000000e+00,0.00000000e+00,0.00000000e+00,0.00000000e+00,0.00000000e+00,0.00000000e+00,0.00000000e+00,0.00000000e+00,0.00000000e+00,0.00000000e+00,0.00000000e+00,0.00000000e+00,0.00000000e+00,0.00000000e+00,0.00000000e+00,0.00000000e+00,0.00000000e+00,0.00000000e+00,0.00000000e+00,0.00000000e+00,4.20168826e-04
1.00024975e+02,9.97749750e+01,7.01071080e-07,0.00000000e+00,0.00000000e+00,0.00000000e+00,0.00000000e+00,0.00000000e+00,0.00000000e+00,0.00000000e+00,0.00000000e+00,0.00000000e+00,0.00000000e+00,0.00000000e+00,0.00000000e+00,0.00000000e+00,0.00000000e+00,0.00000000e+00,0.00000000e+00,0.00000000e+00,0.00000000e+00,0.00000000e+00,0.00000000e+00,0.00000000e+00,0.00000000e+00,0.00000000e+00,4.21127718e-04
1.00125000e+02,9.98750000e+01,7.51480597e-07,0.00000000e+00,0.00000000e+00,0.00000000e+00,0.00000000e+00,0.00000000e+00,0.00000000e+00,0.00000000e+00,0.00000000e+00,0.00000000e+00,0.00000000e+00,0.00000000e+00,0.00000000e+00,0.00000000e+00,0.00000000e+00,0.00000000e+00,0.00000000e+00,0.00000000e+00,0.00000000e+00,0.00000000e+00,0.00000000e+00,0.00000000e+00,0.00000000e+00,0.00000000e+00,4.20161142e-04
1.00225025e+02,9.99750250e+01,8.41065379e-07,0.00000000e+00,0.00000000e+00,0.00000000e+00,0.00000000e+00,0.00000000e+00,0.00000000e+00,0.00000000e+00,0.00000000e+00,0.00000000e+00,0.00000000e+00,0.00000000e+00,0.00000000e+00,0.00000000e+00,0.00000000e+00,0.00000000e+00,0.00000000e+00,0.00000000e+00,0.00000000e+00,0.00000000e+00,0.00000000e+00,0.00000000e+00,0.00000000e+00,0.00000000e+00,4.21498705e-04
1.00325050e+02,1.00075050e+02,8.40831684e-07,0.00000000e+00,0.00000000e+00,0.00000000e+00,0.00000000e+00,0.00000000e+00,0.00000000e+00,0.00000000e+00,0.00000000e+00,0.00000000e+00,0.00000000e+00,0.00000000e+00,0.00000000e+00,0.00000000e+00,0.00000000e+00,0.00000000e+00,0.00000000e+00,0.00000000e+00,0.00000000e+00,0.00000000e+00,0.00000000e+00,0.00000000e+00,0.00000000e+00,0.00000000e+00,4.20696263e-04
1.00425075e+02,1.00175075e+02,8.40599336e-07,0.00000000e+00,0.00000000e+00,0.00000000e+00,0.00000000e+00,0.00000000e+00,0.00000000e+00,0.00000000e+00,0.00000000e+00,0.00000000e+00,0.00000000e+00,0.00000000e+00,0.00000000e+00,0.00000000e+00,0.00000000e+00,0.00000000e+00,0.00000000e+00,0.00000000e+00,0.00000000e+00,0.00000000e+00,0.00000000e+00,0.00000000e+00,0.00000000e+00,0.00000000e+00,4.20936136e-04
1.00525100e+02,1.00275100e+02,8.40368321e-07,0.00000000e+00,0.00000000e+00,0.00000000e+00,0.00000000e+00,0.00000000e+00,0.00000000e+00,0.00000000e+00,0.00000000e+00,0.00000000e+00,0.00000000e+00,0.00000000e+00,0.00000000e+00,0.00000000e+00,0.00000000e+00,0.00000000e+00,0.00000000e+00,0.00000000e+00,0.00000000e+00,0.00000000e+00,0.00000000e+00,0.00000000e+00,0.00000000e+00,0.00000000e+00,4.21679372e-04
1.00625125e+02,1.00375125e+02,8.40138628e-07,0.00000000e+00,0.00000000e+00,0.00000000e+00,0.00000000e+00,0.00000000e+00,0.00000000e+00,0.00000000e+00,0.00000000e+00,0.00000000e+00,0.00000000e+00,0.00000000e+00,0.00000000e+00,0.00000000e+00,0.00000000e+00,0.00000000e+00,0.00000000e+00,0.00000000e+00,0.00000000e+00,0.00000000e+00,0.00000000e+00,0.00000000e+00,0.00000000e+00,0.00000000e+00,4.23198582e-04
1.00725150e+02,1.00475150e+02,8.43714913e-07,0.00000000e+00,0.00000000e+00,0.00000000e+00,0.00000000e+00,0.00000000e+00,0.00000000e+00,0.00000000e+00,0.00000000e+00,0.00000000e+00,0.00000000e+00,0.00000000e+00,0.00000000e+00,0.00000000e+00,0.00000000e+00,0.00000000e+00,0.00000000e+00,0.00000000e+00,0.00000000e+00,0.00000000e+00,0.00000000e+00,0.00000000e+00,0.00000000e+00,0.00000000e+00,4.21725996e-04
1.00825175e+02,1.00575175e+02,8.44330791e-07,0.00000000e+00,0.00000000e+00,0.00000000e+00,0.00000000e+00,0.00000000e+00,0.00000000e+00,0.00000000e+00,0.00000000e+00,0.00000000e+00,0.00000000e+00,0.00000000e+00,0.00000000e+00,0.00000000e+00,0.00000000e+00,0.00000000e+00,0.00000000e+00,0.00000000e+00,0.00000000e+00,0.00000000e+00,0.00000000e+00,0.00000000e+00,0.00000000e+00,0.00000000e+00,4.18863593e-04
1.00925200e+02,1.00675200e+02,8.44085849e-07,0.00000000e+00,0.00000000e+00,0.00000000e+00,0.00000000e+00,0.00000000e+00,0.00000000e+00,0.00000000e+00,0.00000000e+00,0.00000000e+00,0.00000000e+00,0.00000000e+00,0.00000000e+00,0.00000000e+00,0.00000000e+00,0.00000000e+00,0.00000000e+00,0.00000000e+00,0.00000000e+00,0.00000000e+00,0.00000000e+00,0.00000000e+00,0.00000000e+00,0.00000000e+00,4.17721855e-04
1.01025225e+02,1.00775225e+02,8.56048023e-07,0.00000000e+00,0.00000000e+00,0.00000000e+00,0.00000000e+00,0.00000000e+00,0.00000000e+00,0.00000000e+00,0.00000000e+00,0.00000000e+00,0.00000000e+00,0.00000000e+00,0.00000000e+00,0.00000000e+00,0.00000000e+00,0.00000000e+00,0.00000000e+00,0.00000000e+00,0.00000000e+00,0.00000000e+00,0.00000000e+00,0.00000000e+00,0.00000000e+00,0.00000000e+00,4.19372761e-04
1.01125250e+02,1.00875250e+02,8.71134759e-07,0.00000000e+00,0.00000000e+00,0.00000000e+00,0.00000000e+00,0.00000000e+00,0.00000000e+00,0.00000000e+00,0.00000000e+00,0.00000000e+00,0.00000000e+00,0.00000000e+00,0.00000000e+00,0.00000000e+00,0.00000000e+00,0.00000000e+00,0.00000000e+00,0.00000000e+00,0.00000000e+00,0.00000000e+00,0.00000000e+00,0.00000000e+00,0.00000000e+00,0.00000000e+00,4.18983955e-04
1.01225275e+02,1.00975275e+02,8.70777054e-07,0.00000000e+00,0.00000000e+00,0.00000000e+00,0.00000000e+00,0.00000000e+00,0.00000000e+00,0.00000000e+00,0.00000000e+00,0.00000000e+00,0.00000000e+00,0.00000000e+00,0.00000000e+00,0.00000000e+00,0.00000000e+00,0.00000000e+00,0.00000000e+00,0.00000000e+00,0.00000000e+00,0.00000000e+00,0.00000000e+00,0.00000000e+00,0.00000000e+00,0.00000000e+00,4.17988873e-04
1.01325300e+02,1.01075300e+02,8.70421583e-07,0.00000000e+00,0.00000000e+00,0.00000000e+00,0.00000000e+00,0.00000000e+00,0.00000000e+00,0.00000000e+00,0.00000000e+00,0.00000000e+00,0.00000000e+00,0.00000000e+00,0.00000000e+00,0.00000000e+00,0.00000000e+00,0.00000000e+00,0.00000000e+00,0.00000000e+00,0.00000000e+00,0.00000000e+00,0.00000000e+00,0.00000000e+00,0.00000000e+00,0.00000000e+00,4.21460937e-04
1.01425325e+02,1.01175325e+02,8.67380265e-07,0.00000000e+00,0.00000000e+00,0.00000000e+00,0.00000000e+00,0.00000000e+00,0.00000000e+00,0.00000000e+00,0.00000000e+00,0.00000000e+00,0.00000000e+00,0.00000000e+00,0.00000000e+00,0.00000000e+00,0.00000000e+00,0.00000000e+00,0.00000000e+00,0.00000000e+00,0.00000000e+00,0.00000000e+00,0.00000000e+00,0.00000000e+00,0.00000000e+00,0.00000000e+00,4.18189775e-04
1.01525351e+02,1.01275351e+02,8.58020453e-07,0.00000000e+00,0.00000000e+00,0.00000000e+00,0.00000000e+00,0.00000000e+00,0.00000000e+00,0.00000000e+00,0.00000000e+00,0.00000000e+00,0.00000000e+00,0.00000000e+00,0.00000000e+00,0.00000000e+00,0.00000000e+00,0.00000000e+00,0.00000000e+00,0.00000000e+00,0.00000000e+00,0.00000000e+00,0.00000000e+00,0.00000000e+00,0.00000000e+00,0.00000000e+00,4.18493696e-04
1.01625376e+02,1.01375376e+02,8.31765519e-07,0.00000000e+00,0.00000000e+00,0.00000000e+00,0.00000000e+00,0.00000000e+00,0.00000000e+00,0.00000000e+00,0.00000000e+00,0.00000000e+00,0.00000000e+00,0.00000000e+00,0.00000000e+00,0.00000000e+00,0.00000000e+00,0.00000000e+00,0.00000000e+00,0.00000000e+00,0.00000000e+00,0.00000000e+00,0.00000000e+00,0.00000000e+00,0.00000000e+00,0.00000000e+00,4.17941362e-04
1.01725401e+02,1.01475401e+02,7.71501894e-07,0.00000000e+00,0.00000000e+00,0.00000000e+00,0.00000000e+00,0.00000000e+00,0.00000000e+00,0.00000000e+00,0.00000000e+00,0.00000000e+00,0.00000000e+00,0.00000000e+00,0.00000000e+00,0.00000000e+00,0.00000000e+00,0.00000000e+00,0.00000000e+00,0.00000000e+00,0.00000000e+00,0.00000000e+00,0.00000000e+00,0.00000000e+00,0.00000000e+00,0.00000000e+00,4.17424078e-04
1.01825426e+02,1.01575426e+02,7.70223992e-07,0.00000000e+00,0.00000000e+00,0.00000000e+00,0.00000000e+00,0.00000000e+00,0.00000000e+00,0.00000000e+00,0.00000000e+00,0.00000000e+00,0.00000000e+00,0.00000000e+00,0.00000000e+00,0.00000000e+00,0.00000000e+00,0.00000000e+00,0.00000000e+00,0.00000000e+00,0.00000000e+00,0.00000000e+00,0.00000000e+00,0.00000000e+00,0.00000000e+00,0.00000000e+00,4.16275690e-04
1.01925451e+02,1.01675451e+02,7.68975078e-07,0.00000000e+00,0.00000000e+00,0.00000000e+00,0.00000000e+00,0.00000000e+00,0.00000000e+00,0.00000000e+00,0.00000000e+00,0.00000000e+00,0.00000000e+00,0.00000000e+00,0.00000000e+00,0.00000000e+00,0.00000000e+00,0.00000000e+00,0.00000000e+00,0.00000000e+00,0.00000000e+00,0.00000000e+00,0.00000000e+00,0.00000000e+00,0.00000000e+00,0.00000000e+00,4.16732919e-04
1.02025476e+02,1.01775476e+02,7.67753893e-07,0.00000000e+00,0.00000000e+00,0.00000000e+00,0.00000000e+00,0.00000000e+00,0.00000000e+00,0.00000000e+00,0.00000000e+00,0.00000000e+00,0.00000000e+00,0.00000000e+00,0.00000000e+00,0.00000000e+00,0.00000000e+00,0.00000000e+00,0.00000000e+00,0.00000000e+00,0.00000000e+00,0.00000000e+00,0.00000000e+00,0.00000000e+00,0.00000000e+00,0.00000000e+00,4.16311009e-04
1.02125501e+02,1.01875501e+02,7.43730385e-07,0.00000000e+00,0.00000000e+00,0.00000000e+00,0.00000000e+00,0.00000000e+00,0.00000000e+00,0.00000000e+00,0.00000000e+00,0.00000000e+00,0.00000000e+00,0.00000000e+00,0.00000000e+00,0.00000000e+00,0.00000000e+00,0.00000000e+00,0.00000000e+00,0.00000000e+00,0.00000000e+00,0.00000000e+00,0.00000000e+00,0.00000000e+00,0.00000000e+00,0.00000000e+00,4.16651136e-04
1.02225526e+02,1.01975526e+02,7.04199031e-07,0.00000000e+00,0.00000000e+00,0.00000000e+00,0.00000000e+00,0.00000000e+00,0.00000000e+00,0.00000000e+00,0.00000000e+00,0.00000000e+00,0.00000000e+00,0.00000000e+00,0.00000000e+00,0.00000000e+00,0.00000000e+00,0.00000000e+00,0.00000000e+00,0.00000000e+00,0.00000000e+00,0.00000000e+00,0.00000000e+00,0.00000000e+00,0.00000000e+00,0.00000000e+00,4.15701024e-04
1.02325551e+02,1.02075551e+02,7.02959658e-07,0.00000000e+00,0.00000000e+00,0.00000000e+00,0.00000000e+00,0.00000000e+00,0.00000000e+00,0.00000000e+00,0.00000000e+00,0.00000000e+00,0.00000000e+00,0.00000000e+00,0.00000000e+00,0.00000000e+00,0.00000000e+00,0.00000000e+00,0.00000000e+00,0.00000000e+00,0.00000000e+00,0.00000000e+00,0.00000000e+00,0.00000000e+00,0.00000000e+00,0.00000000e+00,4.15566118e-04
1.02425576e+02,1.02175576e+02,7.01838317e-07,0.00000000e+00,0.00000000e+00,0.00000000e+00,0.00000000e+00,0.00000000e+00,0.00000000e+00,0.00000000e+00,0.00000000e+00,0.00000000e+00,0.00000000e+00,0.00000000e+00,0.00000000e+00,0.00000000e+00,0.00000000e+00,0.00000000e+00,0.00000000e+00,0.00000000e+00,0.00000000e+00,0.00000000e+00,0.00000000e+00,0.00000000e+00,0.00000000e+00,0.00000000e+00,4.14909135e-04
1.02525601e+02,1.02275601e+02,7.02673367e-07,0.00000000e+00,0.00000000e+00,0.00000000e+00,0.00000000e+00,0.00000000e+00,0.00000000e+00,0.00000000e+00,0.00000000e+00,0.00000000e+00,0.00000000e+00,0.00000000e+00,0.00000000e+00,0.00000000e+00,0.00000000e+00,0.00000000e+00,0.00000000e+00,0.00000000e+00,0.00000000e+00,0.00000000e+00,0.00000000e+00,0.00000000e+00,0.00000000e+00,0.00000000e+00,4.15162762e-04
1.02625626e+02,1.02375626e+02,7.04107169e-07,0.00000000e+00,0.00000000e+00,0.00000000e+00,0.00000000e+00,0.00000000e+00,0.00000000e+00,0.00000000e+00,0.00000000e+00,0.00000000e+00,0.00000000e+00,0.00000000e+00,0.00000000e+00,0.00000000e+00,0.00000000e+00,0.00000000e+00,0.00000000e+00,0.00000000e+00,0.00000000e+00,0.00000000e+00,0.00000000e+00,0.00000000e+00,0.00000000e+00,0.00000000e+00,4.16256992e-04
1.02725651e+02,1.02475651e+02,7.03061815e-07,0.00000000e+00,0.00000000e+00,0.00000000e+00,0.00000000e+00,0.00000000e+00,0.00000000e+00,0.00000000e+00,0.00000000e+00,0.00000000e+00,0.00000000e+00,0.00000000e+00,0.00000000e+00,0.00000000e+00,0.00000000e+00,0.00000000e+00,0.00000000e+00,0.00000000e+00,0.00000000e+00,0.00000000e+00,0.00000000e+00,0.00000000e+00,0.00000000e+00,0.00000000e+00,4.15892180e-04
1.02825676e+02,1.02575676e+02,7.02036432e-07,0.00000000e+00,0.00000000e+00,0.00000000e+00,0.00000000e+00,0.00000000e+00,0.00000000e+00,0.00000000e+00,0.00000000e+00,0.00000000e+00,0.00000000e+00,0.00000000e+00,0.00000000e+00,0.00000000e+00,0.00000000e+00,0.00000000e+00,0.00000000e+00,0.00000000e+00,0.00000000e+00,0.00000000e+00,0.00000000e+00,0.00000000e+00,0.00000000e+00,0.00000000e+00,4.17302161e-04
1.02925701e+02,1.02675701e+02,7.01030286e-07,0.00000000e+00,0.00000000e+00,0.00000000e+00,0.00000000e+00,0.00000000e+00,0.00000000e+00,0.00000000e+00,0.00000000e+00,0.00000000e+00,0.00000000e+00,0.00000000e+00,0.00000000e+00,0.00000000e+00,0.00000000e+00,0.00000000e+00,0.00000000e+00,0.00000000e+00,0.00000000e+00,0.00000000e+00,0.00000000e+00,0.00000000e+00,0.00000000e+00,0.00000000e+00,4.15577474e-04
1.03025726e+02,1.02775726e+02,7.00042103e-07,0.00000000e+00,0.00000000e+00,0.00000000e+00,0.00000000e+00,0.00000000e+00,0.00000000e+00,0.00000000e+00,0.00000000e+00,0.00000000e+00,0.00000000e+00,0.00000000e+00,0.00000000e+00,0.00000000e+00,0.00000000e+00,0.00000000e+00,0.00000000e+00,0.00000000e+00,0.00000000e+00,0.00000000e+00,0.00000000e+00,0.00000000e+00,0.00000000e+00,0.00000000e+00,4.16448272e-04
1.03125751e+02,1.02875751e+02,6.99067939e-07,0.00000000e+00,0.00000000e+00,0.00000000e+00,0.00000000e+00,0.00000000e+00,0.00000000e+00,0.00000000e+00,0.00000000e+00,0.00000000e+00,0.00000000e+00,0.00000000e+00,0.00000000e+00,0.00000000e+00,0.00000000e+00,0.00000000e+00,0.00000000e+00,0.00000000e+00,0.00000000e+00,0.00000000e+00,0.00000000e+00,0.00000000e+00,0.00000000e+00,0.00000000e+00,4.16291166e-04
1.03225776e+02,1.02975776e+02,6.98115484e-07,0.00000000e+00,0.00000000e+00,0.00000000e+00,0.00000000e+00,0.00000000e+00,0.00000000e+00,0.00000000e+00,0.00000000e+00,0.00000000e+00,0.00000000e+00,0.00000000e+00,0.00000000e+00,0.00000000e+00,0.00000000e+00,0.00000000e+00,0.00000000e+00,0.00000000e+00,0.00000000e+00,0.00000000e+00,0.00000000e+00,0.00000000e+00,0.00000000e+00,0.00000000e+00,4.13984207e-04
1.03325801e+02,1.03075801e+02,6.97179695e-07,0.00000000e+00,0.00000000e+00,0.00000000e+00,0.00000000e+00,0.00000000e+00,0.00000000e+00,0.00000000e+00,0.00000000e+00,0.00000000e+00,0.00000000e+00,0.00000000e+00,0.00000000e+00,0.00000000e+00,0.00000000e+00,0.00000000e+00,0.00000000e+00,0.00000000e+00,0.00000000e+00,0.00000000e+00,0.00000000e+00,0.00000000e+00,0.00000000e+00,0.00000000e+00,4.14980730e-04
1.03425826e+02,1.03175826e+02,6.97338086e-07,0.00000000e+00,0.00000000e+00,0.00000000e+00,0.00000000e+00,0.00000000e+00,0.00000000e+00,0.00000000e+00,0.00000000e+00,0.00000000e+00,0.00000000e+00,0.00000000e+00,0.00000000e+00,0.00000000e+00,0.00000000e+00,0.00000000e+00,0.00000000e+00,0.00000000e+00,0.00000000e+00,0.00000000e+00,0.00000000e+00,0.00000000e+00,0.00000000e+00,0.00000000e+00,4.11602441e-04
1.03525851e+02,1.03275851e+02,6.95266128e-07,0.00000000e+00,0.00000000e+00,0.00000000e+00,0.00000000e+00,0.00000000e+00,0.00000000e+00,0.00000000e+00,0.00000000e+00,0.00000000e+00,0.00000000e+00,0.00000000e+00,0.00000000e+00,0.00000000e+00,0.00000000e+00,0.00000000e+00,0.00000000e+00,0.00000000e+00,0.00000000e+00,0.00000000e+00,0.00000000e+00,0.00000000e+00,0.00000000e+00,0.00000000e+00,4.10668530e-04
1.03625876e+02,1.03375876e+02,6.94252742e-07,0.00000000e+00,0.00000000e+00,0.00000000e+00,0.00000000e+00,0.00000000e+00,0.00000000e+00,0.00000000e+00,0.00000000e+00,0.00000000e+00,0.00000000e+00,0.00000000e+00,0.00000000e+00,0.00000000e+00,0.00000000e+00,0.00000000e+00,0.00000000e+00,0.00000000e+00,0.00000000e+00,0.00000000e+00,0.00000000e+00,0.00000000e+00,0.00000000e+00,0.00000000e+00,4.09387193e-04
1.03725901e+02,1.03475901e+02,6.93378272e-07,0.00000000e+00,0.00000000e+00,0.00000000e+00,0.00000000e+00,0.00000000e+00,0.00000000e+00,0.00000000e+00,0.00000000e+00,0.00000000e+00,0.00000000e+00,0.00000000e+00,0.00000000e+00,0.00000000e+00,0.00000000e+00,0.00000000e+00,0.00000000e+00,0.00000000e+00,0.00000000e+00,0.00000000e+00,0.00000000e+00,0.00000000e+00,0.00000000e+00,0.00000000e+00,4.07931413e-04
1.03825926e+02,1.03575926e+02,6.92517916e-07,0.00000000e+00,0.00000000e+00,0.00000000e+00,0.00000000e+00,0.00000000e+00,0.00000000e+00,0.00000000e+00,0.00000000e+00,0.00000000e+00,0.00000000e+00,0.00000000e+00,0.00000000e+00,0.00000000e+00,0.00000000e+00,0.00000000e+00,0.00000000e+00,0.00000000e+00,0.00000000e+00,0.00000000e+00,0.00000000e+00,0.00000000e+00,0.00000000e+00,0.00000000e+00,4.06825355e-04
1.03925951e+02,1.03675951e+02,6.91671233e-07,0.00000000e+00,0.00000000e+00,0.00000000e+00,0.00000000e+00,0.00000000e+00,0.00000000e+00,0.00000000e+00,0.00000000e+00,0.00000000e+00,0.00000000e+00,0.00000000e+00,0.00000000e+00,0.00000000e+00,0.00000000e+00,0.00000000e+00,0.00000000e+00,0.00000000e+00,0.00000000e+00,0.00000000e+00,0.00000000e+00,0.00000000e+00,0.00000000e+00,0.00000000e+00,4.08150897e-04
1.04025976e+02,1.03775976e+02,6.90837803e-07,0.00000000e+00,0.00000000e+00,0.00000000e+00,0.00000000e+00,0.00000000e+00,0.00000000e+00,0.00000000e+00,0.00000000e+00,0.00000000e+00,0.00000000e+00,0.00000000e+00,0.00000000e+00,0.00000000e+00,0.00000000e+00,0.00000000e+00,0.00000000e+00,0.00000000e+00,0.00000000e+00,0.00000000e+00,0.00000000e+00,0.00000000e+00,0.00000000e+00,0.00000000e+00,4.08778562e-04
1.04126002e+02,1.03876002e+02,6.35102801e-07,0.00000000e+00,0.00000000e+00,0.00000000e+00,0.00000000e+00,0.00000000e+00,0.00000000e+00,0.00000000e+00,0.00000000e+00,0.00000000e+00,0.00000000e+00,0.00000000e+00,0.00000000e+00,0.00000000e+00,0.00000000e+00,0.00000000e+00,0.00000000e+00,0.00000000e+00,0.00000000e+00,0.00000000e+00,0.00000000e+00,0.00000000e+00,0.00000000e+00,0.00000000e+00,4.08517295e-04
1.04226027e+02,1.03976027e+02,5.18788552e-07,0.00000000e+00,0.00000000e+00,0.00000000e+00,0.00000000e+00,0.00000000e+00,0.00000000e+00,0.00000000e+00,0.00000000e+00,0.00000000e+00,0.00000000e+00,0.00000000e+00,0.00000000e+00,0.00000000e+00,0.00000000e+00,0.00000000e+00,0.00000000e+00,0.00000000e+00,0.00000000e+00,0.00000000e+00,0.00000000e+00,0.00000000e+00,0.00000000e+00,0.00000000e+00,4.06896947e-04
1.04326052e+02,1.04076052e+02,5.13992718e-07,0.00000000e+00,0.00000000e+00,0.00000000e+00,0.00000000e+00,0.00000000e+00,0.00000000e+00,0.00000000e+00,0.00000000e+00,0.00000000e+00,0.00000000e+00,0.00000000e+00,0.00000000e+00,0.00000000e+00,0.00000000e+00,0.00000000e+00,0.00000000e+00,0.00000000e+00,0.00000000e+00,0.00000000e+00,0.00000000e+00,0.00000000e+00,0.00000000e+00,0.00000000e+00,4.06723647e-04
1.04426077e+02,1.04176077e+02,5.06631615e-07,0.00000000e+00,0.00000000e+00,0.00000000e+00,0.00000000e+00,0.00000000e+00,0.00000000e+00,0.00000000e+00,0.00000000e+00,0.00000000e+00,0.00000000e+00,0.00000000e+00,0.00000000e+00,0.00000000e+00,0.00000000e+00,0.00000000e+00,0.00000000e+00,0.00000000e+00,0.00000000e+00,0.00000000e+00,0.00000000e+00,0.00000000e+00,0.00000000e+00,0.00000000e+00,4.06343697e-04
1.04526102e+02,1.04276102e+02,5.06432509e-07,0.00000000e+00,0.00000000e+00,0.00000000e+00,0.00000000e+00,0.00000000e+00,0.00000000e+00,0.00000000e+00,0.00000000e+00,0.00000000e+00,0.00000000e+00,0.00000000e+00,0.00000000e+00,0.00000000e+00,0.00000000e+00,0.00000000e+00,0.00000000e+00,0.00000000e+00,0.00000000e+00,0.00000000e+00,0.00000000e+00,0.00000000e+00,0.00000000e+00,0.00000000e+00,4.04512098e-04
1.04626127e+02,1.04376127e+02,5.06234968e-07,0.00000000e+00,0.00000000e+00,0.00000000e+00,0.00000000e+00,0.00000000e+00,0.00000000e+00,0.00000000e+00,0.00000000e+00,0.00000000e+00,0.00000000e+00,0.00000000e+00,0.00000000e+00,0.00000000e+00,0.00000000e+00,0.00000000e+00,0.00000000e+00,0.00000000e+00,0.00000000e+00,0.00000000e+00,0.00000000e+00,0.00000000e+00,0.00000000e+00,0.00000000e+00,4.05606668e-04
1.04726152e+02,1.04476152e+02,5.06038972e-07,0.00000000e+00,0.00000000e+00,0.00000000e+00,0.00000000e+00,0.00000000e+00,0.00000000e+00,0.00000000e+00,0.00000000e+00,0.00000000e+00,0.00000000e+00,0.00000000e+00,0.00000000e+00,0.00000000e+00,0.00000000e+00,0.00000000e+00,0.00000000e+00,0.00000000e+00,0.00000000e+00,0.00000000e+00,0.00000000e+00,0.00000000e+00,0.00000000e+00,0.00000000e+00,4.05780669e-04
1.04826177e+02,1.04576177e+02,5.05844499e-07,0.00000000e+00,0.00000000e+00,0.00000000e+00,0.00000000e+00,0.00000000e+00,0.00000000e+00,0.00000000e+00,0.00000000e+00,0.00000000e+00,0.00000000e+00,0.00000000e+00,0.00000000e+00,0.00000000e+00,0.00000000e+00,0.00000000e+00,0.00000000e+00,0.00000000e+00,0.00000000e+00,0.00000000e+00,0.00000000e+00,0.00000000e+00,0.00000000e+00,0.00000000e+00,4.03445718e-04
1.04926202e+02,1.04676202e+02,5.05651532e-07,0.00000000e+00,0.00000000e+00,0.00000000e+00,0.00000000e+00,0.00000000e+00,0.00000000e+00,0.00000000e+00,0.00000000e+00,0.00000000e+00,0.00000000e+00,0.00000000e+00,0.00000000e+00,0.00000000e+00,0.00000000e+00,0.00000000e+00,0.00000000e+00,0.00000000e+00,0.00000000e+00,0.00000000e+00,0.00000000e+00,0.00000000e+00,0.00000000e+00,0.00000000e+00,4.01934864e-04
1.05026227e+02,1.04776227e+02,5.05460049e-07,0.00000000e+00,0.00000000e+00,0.00000000e+00,0.00000000e+00,0.00000000e+00,0.00000000e+00,0.00000000e+00,0.00000000e+00,0.00000000e+00,0.00000000e+00,0.00000000e+00,0.00000000e+00,0.00000000e+00,0.00000000e+00,0.00000000e+00,0.00000000e+00,0.00000000e+00,0.00000000e+00,0.00000000e+00,0.00000000e+00,0.00000000e+00,0.00000000e+00,0.00000000e+00,4.03336522e-04
1.05126252e+02,1.04876252e+02,5.05270032e-07,0.00000000e+00,0.00000000e+00,0.00000000e+00,0.00000000e+00,0.00000000e+00,0.00000000e+00,0.00000000e+00,0.00000000e+00,0.00000000e+00,0.00000000e+00,0.00000000e+00,0.00000000e+00,0.00000000e+00,0.00000000e+00,0.00000000e+00,0.00000000e+00,0.00000000e+00,0.00000000e+00,0.00000000e+00,0.00000000e+00,0.00000000e+00,0.00000000e+00,0.00000000e+00,4.02359415e-04
1.05226277e+02,1.04976277e+02,5.05081463e-07,0.00000000e+00,0.00000000e+00,0.00000000e+00,0.00000000e+00,0.00000000e+00,0.00000000e+00,0.00000000e+00,0.00000000e+00,0.00000000e+00,0.00000000e+00,0.00000000e+00,0.00000000e+00,0.00000000e+00,0.00000000e+00,0.00000000e+00,0.00000000e+00,0.00000000e+00,0.00000000e+00,0.00000000e+00,0.00000000e+00,0.00000000e+00,0.00000000e+00,0.00000000e+00,4.01627219e-04
1.05326302e+02,1.05076302e+02,5.07791231e-07,0.00000000e+00,0.00000000e+00,0.00000000e+00,0.00000000e+00,0.00000000e+00,0.00000000e+00,0.00000000e+00,0.00000000e+00,0.00000000e+00,0.00000000e+00,0.00000000e+00,0.00000000e+00,0.00000000e+00,0.00000000e+00,0.00000000e+00,0.00000000e+00,0.00000000e+00,0.00000000e+00,0.00000000e+00,0.00000000e+00,0.00000000e+00,0.00000000e+00,0.00000000e+00,4.01386754e-04
1.05426327e+02,1.05176327e+02,4.66791065e-07,0.00000000e+00,0.00000000e+00,0.00000000e+00,0.00000000e+00,0.00000000e+00,0.00000000e+00,0.00000000e+00,0.00000000e+00,0.00000000e+00,0.00000000e+00,0.00000000e+00,0.00000000e+00,0.00000000e+00,0.00000000e+00,0.00000000e+00,0.00000000e+00,0.00000000e+00,0.00000000e+00,0.00000000e+00,0.00000000e+00,0.00000000e+00,0.00000000e+00,0.00000000e+00,3.98598404e-04
1.05526352e+02,1.05276352e+02,4.34021152e-07,0.00000000e+00,0.00000000e+00,0.00000000e+00,0.00000000e+00,0.00000000e+00,0.00000000e+00,0.00000000e+00,0.00000000e+00,0.00000000e+00,0.00000000e+00,0.00000000e+00,0.00000000e+00,0.00000000e+00,0.00000000e+00,0.00000000e+00,0.00000000e+00,0.00000000e+00,0.00000000e+00,0.00000000e+00,0.00000000e+00,0.00000000e+00,0.00000000e+00,0.00000000e+00,3.96344224e-04
1.05626377e+02,1.05376377e+02,4.33917595e-07,0.00000000e+00,0.00000000e+00,0.00000000e+00,0.00000000e+00,0.00000000e+00,0.00000000e+00,0.00000000e+00,0.00000000e+00,0.00000000e+00,0.00000000e+00,0.00000000e+00,0.00000000e+00,0.00000000e+00,0.00000000e+00,0.00000000e+00,0.00000000e+00,0.00000000e+00,0.00000000e+00,0.00000000e+00,0.00000000e+00,0.00000000e+00,0.00000000e+00,0.00000000e+00,3.97387656e-04
1.05726402e+02,1.05476402e+02,4.33867080e-07,0.00000000e+00,0.00000000e+00,0.00000000e+00,0.00000000e+00,0.00000000e+00,0.00000000e+00,0.00000000e+00,0.00000000e+00,0.00000000e+00,0.00000000e+00,0.00000000e+00,0.00000000e+00,0.00000000e+00,0.00000000e+00,0.00000000e+00,0.00000000e+00,0.00000000e+00,0.00000000e+00,0.00000000e+00,0.00000000e+00,0.00000000e+00,0.00000000e+00,0.00000000e+00,3.94663188e-04
1.05826427e+02,1.05576427e+02,4.33822131e-07,0.00000000e+00,0.00000000e+00,0.00000000e+00,0.00000000e+00,0.00000000e+00,0.00000000e+00,0.00000000e+00,0.00000000e+00,0.00000000e+00,0.00000000e+00,0.00000000e+00,0.00000000e+00,0.00000000e+00,0.00000000e+00,0.00000000e+00,0.00000000e+00,0.00000000e+00,0.00000000e+00,0.00000000e+00,0.00000000e+00,0.00000000e+00,0.00000000e+00,0.00000000e+00,3.96556036e-04
1.05926452e+02,1.05676452e+02,4.33777338e-07,0.00000000e+00,0.00000000e+00,0.00000000e+00,0.00000000e+00,0.00000000e+00,0.00000000e+00,0.00000000e+00,0.00000000e+00,0.00000000e+00,0.00000000e+00,0.00000000e+00,0.00000000e+00,0.00000000e+00,0.00000000e+00,0.00000000e+00,0.00000000e+00,0.00000000e+00,0.00000000e+00,0.00000000e+00,0.00000000e+00,0.00000000e+00,0.00000000e+00,0.00000000e+00,3.96301157e-04
1.06026477e+02,1.05776477e+02,4.33776639e-07,0.00000000e+00,0.00000000e+00,0.00000000e+00,0.00000000e+00,0.00000000e+00,0.00000000e+00,0.00000000e+00,0.00000000e+00,0.00000000e+00,0.00000000e+00,0.00000000e+00,0.00000000e+00,0.00000000e+00,0.00000000e+00,0.00000000e+00,0.00000000e+00,0.00000000e+00,0.00000000e+00,0.00000000e+00,0.00000000e+00,0.00000000e+00,0.00000000e+00,0.00000000e+00,3.98064571e-04
1.06126502e+02,1.05876502e+02,4.33750279e-07,0.00000000e+00,0.00000000e+00,0.00000000e+00,0.00000000e+00,0.00000000e+00,0.00000000e+00,0.00000000e+00,0.00000000e+00,0.00000000e+00,0.00000000e+00,0.00000000e+00,0.00000000e+00,0.00000000e+00,0.00000000e+00,0.00000000e+00,0.00000000e+00,0.00000000e+00,0.00000000e+00,0.00000000e+00,0.00000000e+00,0.00000000e+00,0.00000000e+00,0.00000000e+00,3.97129179e-04
1.06226527e+02,1.05976527e+02,4.33705950e-07,0.00000000e+00,0.00000000e+00,0.00000000e+00,0.00000000e+00,0.00000000e+00,0.00000000e+00,0.00000000e+00,0.00000000e+00,0.00000000e+00,0.00000000e+00,0.00000000e+00,0.00000000e+00,0.00000000e+00,0.00000000e+00,0.00000000e+00,0.00000000e+00,0.00000000e+00,0.00000000e+00,0.00000000e+00,0.00000000e+00,0.00000000e+00,0.00000000e+00,0.00000000e+00,3.94440380e-04
1.06326552e+02,1.06076552e+02,4.33661773e-07,0.00000000e+00,0.00000000e+00,0.00000000e+00,0.00000000e+00,0.00000000e+00,0.00000000e+00,0.00000000e+00,0.00000000e+00,0.00000000e+00,0.00000000e+00,0.00000000e+00,0.00000000e+00,0.00000000e+00,0.00000000e+00,0.00000000e+00,0.00000000e+00,0.00000000e+00,0.00000000e+00,0.00000000e+00,0.00000000e+00,0.00000000e+00,0.00000000e+00,0.00000000e+00,3.95691013e-04
1.06426577e+02,1.06176577e+02,4.33617748e-07,0.00000000e+00,0.00000000e+00,0.00000000e+00,0.00000000e+00,0.00000000e+00,0.00000000e+00,0.00000000e+00,0.00000000e+00,0.00000000e+00,0.00000000e+00,0.00000000e+00,0.00000000e+00,0.00000000e+00,0.00000000e+00,0.00000000e+00,0.00000000e+00,0.00000000e+00,0.00000000e+00,0.00000000e+00,0.00000000e+00,0.00000000e+00,0.00000000e+00,0.00000000e+00,3.95052451e-04
1.06526602e+02,1.06276602e+02,4.33573874e-07,0.00000000e+00,0.00000000e+00,0.00000000e+00,0.00000000e+00,0.00000000e+00,0.00000000e+00,0.00000000e+00,0.00000000e+00,0.00000000e+00,0.00000000e+00,0.00000000e+00,0.00000000e+00,0.00000000e+00,0.00000000e+00,0.00000000e+00,0.00000000e+00,0.00000000e+00,0.00000000e+00,0.00000000e+00,0.00000000e+00,0.00000000e+00,0.00000000e+00,0.00000000e+00,3.93749909e-04
1.06626627e+02,1.06376627e+02,4.33530150e-07,0.00000000e+00,0.00000000e+00,0.00000000e+00,0.00000000e+00,0.00000000e+00,0.00000000e+00,0.00000000e+00,0.00000000e+00,0.00000000e+00,0.00000000e+00,0.00000000e+00,0.00000000e+00,0.00000000e+00,0.00000000e+00,0.00000000e+00,0.00000000e+00,0.00000000e+00,0.00000000e+00,0.00000000e+00,0.00000000e+00,0.00000000e+00,0.00000000e+00,0.00000000e+00,3.94987220e-04
1.06726652e+02,1.06476652e+02,4.33486576e-07,0.00000000e+00,0.00000000e+00,0.00000000e+00,0.00000000e+00,0.00000000e+00,0.00000000e+00,0.00000000e+00,0.00000000e+00,0.00000000e+00,0.00000000e+00,0.00000000e+00,0.00000000e+00,0.00000000e+00,0.00000000e+00,0.00000000e+00,0.00000000e+00,0.00000000e+00,0.00000000e+00,0.00000000e+00,0.00000000e+00,0.00000000e+00,0.00000000e+00,0.00000000e+00,3.93349309e-04
1.06826678e+02,1.06576678e+02,4.33443150e-07,0.00000000e+00,0.00000000e+00,0.00000000e+00,0.00000000e+00,0.00000000e+00,0.00000000e+00,0.00000000e+00,0.00000000e+00,0.00000000e+00,0.00000000e+00,0.00000000e+00,0.00000000e+00,0.00000000e+00,0.00000000e+00,0.00000000e+00,0.00000000e+00,0.00000000e+00,0.00000000e+00,0.00000000e+00,0.00000000e+00,0.00000000e+00,0.00000000e+00,0.00000000e+00,3.92564358e-04
1.06926703e+02,1.06676703e+02,4.33399873e-07,0.00000000e+00,0.00000000e+00,0.00000000e+00,0.00000000e+00,0.00000000e+00,0.00000000e+00,0.00000000e+00,0.00000000e+00,0.00000000e+00,0.00000000e+00,0.00000000e+00,0.00000000e+00,0.00000000e+00,0.00000000e+00,0.00000000e+00,0.00000000e+00,0.00000000e+00,0.00000000e+00,0.00000000e+00,0.00000000e+00,0.00000000e+00,0.00000000e+00,0.00000000e+00,3.93109549e-04
1.07026728e+02,1.06776728e+02,4.33356743e-07,0.00000000e+00,0.00000000e+00,0.00000000e+00,0.00000000e+00,0.00000000e+00,0.00000000e+00,0.00000000e+00,0.00000000e+00,0.00000000e+00,0.00000000e+00,0.00000000e+00,0.00000000e+00,0.00000000e+00,0.00000000e+00,0.00000000e+00,0.00000000e+00,0.00000000e+00,0.00000000e+00,0.00000000e+00,0.00000000e+00,0.00000000e+00,0.00000000e+00,0.00000000e+00,3.92043269e-04
1.07126753e+02,1.06876753e+02,4.33313759e-07,0.00000000e+00,0.00000000e+00,0.00000000e+00,0.00000000e+00,0.00000000e+00,0.00000000e+00,0.00000000e+00,0.00000000e+00,0.00000000e+00,0.00000000e+00,0.00000000e+00,0.00000000e+00,0.00000000e+00,0.00000000e+00,0.00000000e+00,0.00000000e+00,0.00000000e+00,0.00000000e+00,0.00000000e+00,0.00000000e+00,0.00000000e+00,0.00000000e+00,0.00000000e+00,3.92205208e-04
1.07226778e+02,1.06976778e+02,4.33270921e-07,0.00000000e+00,0.00000000e+00,0.00000000e+00,0.00000000e+00,0.00000000e+00,0.00000000e+00,0.00000000e+00,0.00000000e+00,0.00000000e+00,0.00000000e+00,0.00000000e+00,0.00000000e+00,0.00000000e+00,0.00000000e+00,0.00000000e+00,0.00000000e+00,0.00000000e+00,0.00000000e+00,0.00000000e+00,0.00000000e+00,0.00000000e+00,0.00000000e+00,0.00000000e+00,3.90415178e-04
1.07326803e+02,1.07076803e+02,4.33228229e-07,0.00000000e+00,0.00000000e+00,0.00000000e+00,0.00000000e+00,0.00000000e+00,0.00000000e+00,0.00000000e+00,0.00000000e+00,0.00000000e+00,0.00000000e+00,0.00000000e+00,0.00000000e+00,0.00000000e+00,0.00000000e+00,0.00000000e+00,0.00000000e+00,0.00000000e+00,0.00000000e+00,0.00000000e+00,0.00000000e+00,0.00000000e+00,0.00000000e+00,0.00000000e+00,3.92842202e-04
1.07426828e+02,1.07176828e+02,4.33185681e-07,0.00000000e+00,0.00000000e+00,0.00000000e+00,0.00000000e+00,0.00000000e+00,0.00000000e+00,0.00000000e+00,0.00000000e+00,0.00000000e+00,0.00000000e+00,0.00000000e+00,0.00000000e+00,0.00000000e+00,0.00000000e+00,0.00000000e+00,0.00000000e+00,0.00000000e+00,0.00000000e+00,0.00000000e+00,0.00000000e+00,0.00000000e+00,0.00000000e+00,0.00000000e+00,3.91768907e-04
1.07526853e+02,1.07276853e+02,4.33143278e-07,0.00000000e+00,0.00000000e+00,0.00000000e+00,0.00000000e+00,0.00000000e+00,0.00000000e+00,0.00000000e+00,0.00000000e+00,0.00000000e+00,0.00000000e+00,0.00000000e+00,0.00000000e+00,0.00000000e+00,0.00000000e+00,0.00000000e+00,0.00000000e+00,0.00000000e+00,0.00000000e+00,0.00000000e+00,0.00000000e+00,0.00000000e+00,0.00000000e+00,0.00000000e+00,3.93672484e-04
1.07626878e+02,1.07376878e+02,4.33101017e-07,0.00000000e+00,0.00000000e+00,0.00000000e+00,0.00000000e+00,0.00000000e+00,0.00000000e+00,0.00000000e+00,0.00000000e+00,0.00000000e+00,0.00000000e+00,0.00000000e+00,0.00000000e+00,0.00000000e+00,0.00000000e+00,0.00000000e+00,0.00000000e+00,0.00000000e+00,0.00000000e+00,0.00000000e+00,0.00000000e+00,0.00000000e+00,0.00000000e+00,0.00000000e+00,3.92666683e-04
1.07726903e+02,1.07476903e+02,4.33058899e-07,0.00000000e+00,0.00000000e+00,0.00000000e+00,0.00000000e+00,0.00000000e+00,0.00000000e+00,0.00000000e+00,0.00000000e+00,0.00000000e+00,0.00000000e+00,0.00000000e+00,0.00000000e+00,0.00000000e+00,0.00000000e+00,0.00000000e+00,0.00000000e+00,0.00000000e+00,0.00000000e+00,0.00000000e+00,0.00000000e+00,0.00000000e+00,0.00000000e+00,0.00000000e+00,3.89946109e-04
1.07826928e+02,1.07576928e+02,4.33016923e-07,0.00000000e+00,0.00000000e+00,0.00000000e+00,0.00000000e+00,0.00000000e+00,0.00000000e+00,0.00000000e+00,0.00000000e+00,0.00000000e+00,0.00000000e+00,0.00000000e+00,0.00000000e+00,0.00000000e+00,0.00000000e+00,0.00000000e+00,0.00000000e+00,0.00000000e+00,0.00000000e+00,0.00000000e+00,0.00000000e+00,0.00000000e+00,0.00000000e+00,0.00000000e+00,3.89676380e-04
1.07926953e+02,1.07676953e+02,4.32975088e-07,0.00000000e+00,0.00000000e+00,0.00000000e+00,0.00000000e+00,0.00000000e+00,0.00000000e+00,0.00000000e+00,0.00000000e+00,0.00000000e+00,0.00000000e+00,0.00000000e+00,0.00000000e+00,0.00000000e+00,0.00000000e+00,0.00000000e+00,0.00000000e+00,0.00000000e+00,0.00000000e+00,0.00000000e+00,0.00000000e+00,0.00000000e+00,0.00000000e+00,0.00000000e+00,3.92235562e-04
1.08026978e+02,1.07776978e+02,4.32933393e-07,0.00000000e+00,0.00000000e+00,0.00000000e+00,0.00000000e+00,0.00000000e+00,0.00000000e+00,0.00000000e+00,0.00000000e+00,0.00000000e+00,0.00000000e+00,0.00000000e+00,0.00000000e+00,0.00000000e+00,0.00000000e+00,0.00000000e+00,0.00000000e+00,0.00000000e+00,0.00000000e+00,0.00000000e+00,0.00000000e+00,0.00000000e+00,0.00000000e+00,0.00000000e+00,3.91273729e-04
1.08127003e+02,1.07877003e+02,4.32891839e-07,0.00000000e+00,0.00000000e+00,0.00000000e+00,0.00000000e+00,0.00000000e+00,0.00000000e+00,0.00000000e+00,0.00000000e+00,0.00000000e+00,0.00000000e+00,0.00000000e+00,0.00000000e+00,0.00000000e+00,0.00000000e+00,0.00000000e+00,0.00000000e+00,0.00000000e+00,0.00000000e+00,0.00000000e+00,0.00000000e+00,0.00000000e+00,0.00000000e+00,0.00000000e+00,3.88568981e-04
1.08227028e+02,1.07977028e+02,4.32850423e-07,0.00000000e+00,0.00000000e+00,0.00000000e+00,0.00000000e+00,0.00000000e+00,0.00000000e+00,0.00000000e+00,0.00000000e+00,0.00000000e+00,0.00000000e+00,0.00000000e+00,0.00000000e+00,0.00000000e+00,0.00000000e+00,0.00000000e+00,0.00000000e+00,0.00000000e+00,0.00000000e+00,0.00000000e+00,0.00000000e+00,0.00000000e+00,0.00000000e+00,0.00000000e+00,3.88858923e-04
1.08327053e+02,1.08077053e+02,3.88658995e-07,0.00000000e+00,0.00000000e+00,0.00000000e+00,0.00000000e+00,0.00000000e+00,0.00000000e+00,0.00000000e+00,0.00000000e+00,0.00000000e+00,0.00000000e+00,0.00000000e+00,0.00000000e+00,0.00000000e+00,0.00000000e+00,0.00000000e+00,0.00000000e+00,0.00000000e+00,0.00000000e+00,0.00000000e+00,0.00000000e+00,0.00000000e+00,0.00000000e+00,0.00000000e+00,3.87899071e-04
1.08427078e+02,1.08177078e+02,3.01813462e-07,0.00000000e+00,0.00000000e+00,0.00000000e+00,0.00000000e+00,0.00000000e+00,0.00000000e+00,0.00000000e+00,0.00000000e+00,0.00000000e+00,0.00000000e+00,0.00000000e+00,0.00000000e+00,0.00000000e+00,0.00000000e+00,0.00000000e+00,0.00000000e+00,0.00000000e+00,0.00000000e+00,0.00000000e+00,0.00000000e+00,0.00000000e+00,0.00000000e+00,0.00000000e+00,3.85220747e-04
1.08527103e+02,1.08277103e+02,3.01780372e-07,0.00000000e+00,0.00000000e+00,0.00000000e+00,0.00000000e+00,0.00000000e+00,0.00000000e+00,0.00000000e+00,0.00000000e+00,0.00000000e+00,0.00000000e+00,0.00000000e+00,0.00000000e+00,0.00000000e+00,0.00000000e+00,0.00000000e+00,0.00000000e+00,0.00000000e+00,0.00000000e+00,0.00000000e+00,0.00000000e+00,0.00000000e+00,0.00000000e+00,0.00000000e+00,3.86270969e-04
1.08627128e+02,1.08377128e+02,3.01747395e-07,0.00000000e+00,0.00000000e+00,0.00000000e+00,0.00000000e+00,0.00000000e+00,0.00000000e+00,0.00000000e+00,0.00000000e+00,0.00000000e+00,0.00000000e+00,0.00000000e+00,0.00000000e+00,0.00000000e+00,0.00000000e+00,0.00000000e+00,0.00000000e+00,0.00000000e+00,0.00000000e+00,0.00000000e+00,0.00000000e+00,0.00000000e+00,0.00000000e+00,0.00000000e+00,3.88175389e-04
1.08727153e+02,1.08477153e+02,3.01714530e-07,0.00000000e+00,0.00000000e+00,0.00000000e+00,0.00000000e+00,0.00000000e+00,0.00000000e+00,0.00000000e+00,0.00000000e+00,0.00000000e+00,0.00000000e+00,0.00000000e+00,0.00000000e+00,0.00000000e+00,0.00000000e+00,0.00000000e+00,0.00000000e+00,0.00000000e+00,0.00000000e+00,0.00000000e+00,0.00000000e+00,0.00000000e+00,0.00000000e+00,0.00000000e+00,3.87712807e-04
1.08827178e+02,1.08577178e+02,3.05606151e-07,0.00000000e+00,0.00000000e+00,0.00000000e+00,0.00000000e+00,0.00000000e+00,0.00000000e+00,0.00000000e+00,0.00000000e+00,0.00000000e+00,0.00000000e+00,0.00000000e+00,0.00000000e+00,0.00000000e+00,0.00000000e+00,0.00000000e+00,0.00000000e+00,0.00000000e+00,0.00000000e+00,0.00000000e+00,0.00000000e+00,0.00000000e+00,0.00000000e+00,0.00000000e+00,3.89680971e-04
1.08927203e+02,1.08677203e+02,3.06565017e-07,0.00000000e+00,0.00000000e+00,0.00000000e+00,0.00000000e+00,0.00000000e+00,0.00000000e+00,0.00000000e+00,0.00000000e+00,0.00000000e+00,0.00000000e+00,0.00000000e+00,0.00000000e+00,0.00000000e+00,0.00000000e+00,0.00000000e+00,0.00000000e+00,0.00000000e+00,0.00000000e+00,0.00000000e+00,0.00000000e+00,0.00000000e+00,0.00000000e+00,0.00000000e+00,3.87985073e-04
1.09027228e+02,1.08777228e+02,3.06534922e-07,0.00000000e+00,0.00000000e+00,0.00000000e+00,0.00000000e+00,0.00000000e+00,0.00000000e+00,0.00000000e+00,0.00000000e+00,0.00000000e+00,0.00000000e+00,0.00000000e+00,0.00000000e+00,0.00000000e+00,0.00000000e+00,0.00000000e+00,0.00000000e+00,0.00000000e+00,0.00000000e+00,0.00000000e+00,0.00000000e+00,0.00000000e+00,0.00000000e+00,0.00000000e+00,3.84915130e-04
1.09127253e+02,1.08877253e+02,3.06504926e-07,0.00000000e+00,0.00000000e+00,0.00000000e+00,0.00000000e+00,0.00000000e+00,0.00000000e+00,0.00000000e+00,0.00000000e+00,0.00000000e+00,0.00000000e+00,0.00000000e+00,0.00000000e+00,0.00000000e+00,0.00000000e+00,0.00000000e+00,0.00000000e+00,0.00000000e+00,0.00000000e+00,0.00000000e+00,0.00000000e+00,0.00000000e+00,0.00000000e+00,0.00000000e+00,3.81943481e-04
1.09227278e+02,1.08977278e+02,3.06475028e-07,0.00000000e+00,0.00000000e+00,0.00000000e+00,0.00000000e+00,0.00000000e+00,0.00000000e+00,0.00000000e+00,0.00000000e+00,0.00000000e+00,0.00000000e+00,0.00000000e+00,0.00000000e+00,0.00000000e+00,0.00000000e+00,0.00000000e+00,0.00000000e+00,0.00000000e+00,0.00000000e+00,0.00000000e+00,0.00000000e+00,0.00000000e+00,0.00000000e+00,0.00000000e+00,3.83828523e-04
1.09327303e+02,1.09077303e+02,3.03857909e-07,0.00000000e+00,0.00000000e+00,0.00000000e+00,0.00000000e+00,0.00000000e+00,0.00000000e+00,0.00000000e+00,0.00000000e+00,0.00000000e+00,0.00000000e+00,0.00000000e+00,0.00000000e+00,0.00000000e+00,0.00000000e+00,0.00000000e+00,0.00000000e+00,0.00000000e+00,0.00000000e+00,0.00000000e+00,0.00000000e+00,0.00000000e+00,0.00000000e+00,0.00000000e+00,3.83521336e-04
1.09427328e+02,1.09177328e+02,2.96457540e-07,0.00000000e+00,0.00000000e+00,0.00000000e+00,0.00000000e+00,0.00000000e+00,0.00000000e+00,0.00000000e+00,0.00000000e+00,0.00000000e+00,0.00000000e+00,0.00000000e+00,0.00000000e+00,0.00000000e+00,0.00000000e+00,0.00000000e+00,0.00000000e+00,0.00000000e+00,0.00000000e+00,0.00000000e+00,0.00000000e+00,0.00000000e+00,0.00000000e+00,0.00000000e+00,3.84321768e-04
1.09527354e+02,1.09277354e+02,2.96433326e-07,0.00000000e+00,0.00000000e+00,0.00000000e+00,0.00000000e+00,0.00000000e+00,0.00000000e+00,0.00000000e+00,0.00000000e+00,0.00000000e+00,0.00000000e+00,0.00000000e+00,0.00000000e+00,0.00000000e+00,0.00000000e+00,0.00000000e+00,0.00000000e+00,0.00000000e+00,0.00000000e+00,0.00000000e+00,0.00000000e+00,0.00000000e+00,0.00000000e+00,0.00000000e+00,3.83466101e-04
1.09627379e+02,1.09377379e+02,2.96409190e-07,0.00000000e+00,0.00000000e+00,0.00000000e+00,0.00000000e+00,0.00000000e+00,0.00000000e+00,0.00000000e+00,0.00000000e+00,0.00000000e+00,0.00000000e+00,0.00000000e+00,0.00000000e+00,0.00000000e+00,0.00000000e+00,0.00000000e+00,0.00000000e+00,0.00000000e+00,0.00000000e+00,0.00000000e+00,0.00000000e+00,0.00000000e+00,0.00000000e+00,0.00000000e+00,3.82606051e-04
1.09727404e+02,1.09477404e+02,2.96385130e-07,0.00000000e+00,0.00000000e+00,0.00000000e+00,0.00000000e+00,0.00000000e+00,0.00000000e+00,0.00000000e+00,0.00000000e+00,0.00000000e+00,0.00000000e+00,0.00000000e+00,0.00000000e+00,0.00000000e+00,0.00000000e+00,0.00000000e+00,0.00000000e+00,0.00000000e+00,0.00000000e+00,0.00000000e+00,0.00000000e+00,0.00000000e+00,0.00000000e+00,0.00000000e+00,3.80341206e-04
1.09827429e+02,1.09577429e+02,2.96361146e-07,0.00000000e+00,0.00000000e+00,0.00000000e+00,0.00000000e+00,0.00000000e+00,0.00000000e+00,0.00000000e+00,0.00000000e+00,0.00000000e+00,0.00000000e+00,0.00000000e+00,0.00000000e+00,0.00000000e+00,0.00000000e+00,0.00000000e+00,0.00000000e+00,0.00000000e+00,0.00000000e+00,0.00000000e+00,0.00000000e+00,0.00000000e+00,0.00000000e+00,0.00000000e+00,3.79918263e-04
1.09927454e+02,1.09677454e+02,2.96337239e-07,0.00000000e+00,0.00000000e+00,0.00000000e+00,0.00000000e+00,0.00000000e+00,0.00000000e+00,0.00000000e+00,0.00000000e+00,0.00000000e+00,0.00000000e+00,0.00000000e+00,0.00000000e+00,0.00000000e+00,0.00000000e+00,0.00000000e+00,0.00000000e+00,0.00000000e+00,0.00000000e+00,0.00000000e+00,0.00000000e+00,0.00000000e+00,0.00000000e+00,0.00000000e+00,3.79569472e-04
1.10027479e+02,1.09777479e+02,2.96313407e-07,0.00000000e+00,0.00000000e+00,0.00000000e+00,0.00000000e+00,0.00000000e+00,0.00000000e+00,0.00000000e+00,0.00000000e+00,0.00000000e+00,0.00000000e+00,0.00000000e+00,0.00000000e+00,0.00000000e+00,0.00000000e+00,0.00000000e+00,0.00000000e+00,0.00000000e+00,0.00000000e+00,0.00000000e+00,0.00000000e+00,0.00000000e+00,0.00000000e+00,0.00000000e+00,3.78178860e-04
1.10127504e+02,1.09877504e+02,2.96289650e-07,0.00000000e+00,0.00000000e+00,0.00000000e+00,0.00000000e+00,0.00000000e+00,0.00000000e+00,0.00000000e+00,0.00000000e+00,0.00000000e+00,0.00000000e+00,0.00000000e+00,0.00000000e+00,0.00000000e+00,0.00000000e+00,0.00000000e+00,0.00000000e+00,0.00000000e+00,0.00000000e+00,0.00000000e+00,0.00000000e+00,0.00000000e+00,0.00000000e+00,0.00000000e+00,3.76193094e-04
1.10227529e+02,1.09977529e+02,2.96265969e-07,0.00000000e+00,0.00000000e+00,0.00000000e+00,0.00000000e+00,0.00000000e+00,0.00000000e+00,0.00000000e+00,0.00000000e+00,0.00000000e+00,0.00000000e+00,0.00000000e+00,0.00000000e+00,0.00000000e+00,0.00000000e+00,0.00000000e+00,0.00000000e+00,0.00000000e+00,0.00000000e+00,0.00000000e+00,0.00000000e+00,0.00000000e+00,0.00000000e+00,0.00000000e+00,3.75922128e-04
1.10327554e+02,1.10077554e+02,2.96242362e-07,0.00000000e+00,0.00000000e+00,0.00000000e+00,0.00000000e+00,0.00000000e+00,0.00000000e+00,0.00000000e+00,0.00000000e+00,0.00000000e+00,0.00000000e+00,0.00000000e+00,0.00000000e+00,0.00000000e+00,0.00000000e+00,0.00000000e+00,0.00000000e+00,0.00000000e+00,0.00000000e+00,0.00000000e+00,0.00000000e+00,0.00000000e+00,0.00000000e+00,0.00000000e+00,3.76365092e-04
1.10427579e+02,1.10177579e+02,2.96218830e-07,0.00000000e+00,0.00000000e+00,0.00000000e+00,0.00000000e+00,0.00000000e+00,0.00000000e+00,0.00000000e+00,0.00000000e+00,0.00000000e+00,0.00000000e+00,0.00000000e+00,0.00000000e+00,0.00000000e+00,0.00000000e+00,0.00000000e+00,0.00000000e+00,0.00000000e+00,0.00000000e+00,0.00000000e+00,0.00000000e+00,0.00000000e+00,0.00000000e+00,0.00000000e+00,3.74112322e-04
1.10527604e+02,1.10277604e+02,2.96195372e-07,0.00000000e+00,0.00000000e+00,0.00000000e+00,0.00000000e+00,0.00000000e+00,0.00000000e+00,0.00000000e+00,0.00000000e+00,0.00000000e+00,0.00000000e+00,0.00000000e+00,0.00000000e+00,0.00000000e+00,0.00000000e+00,0.00000000e+00,0.00000000e+00,0.00000000e+00,0.00000000e+00,0.00000000e+00,0.00000000e+00,0.00000000e+00,0.00000000e+00,0.00000000e+00,3.72856923e-04
1.10627629e+02,1.10377629e+02,2.96171987e-07,0.00000000e+00,0.00000000e+00,0.00000000e+00,0.00000000e+00,0.00000000e+00,0.00000000e+00,0.00000000e+00,0.00000000e+00,0.00000000e+00,0.00000000e+00,0.00000000e+00,0.00000000e+00,0.00000000e+00,0.00000000e+00,0.00000000e+00,0.00000000e+00,0.00000000e+00,0.00000000e+00,0.00000000e+00,0.00000000e+00,0.00000000e+00,0.00000000e+00,0.00000000e+00,3.74023156e-04
1.10727654e+02,1.10477654e+02,2.96148676e-07,0.00000000e+00,0.00000000e+00,0.00000000e+00,0.00000000e+00,0.00000000e+00,0.00000000e+00,0.00000000e+00,0.00000000e+00,0.00000000e+00,0.00000000e+00,0.00000000e+00,0.00000000e+00,0.00000000e+00,0.00000000e+00,0.00000000e+00,0.00000000e+00,0.00000000e+00,0.00000000e+00,0.00000000e+00,0.00000000e+00,0.00000000e+00,0.00000000e+00,0.00000000e+00,3.74031435e-04
1.10827679e+02,1.10577679e+02,2.99409920e-07,0.00000000e+00,0.00000000e+00,0.00000000e+00,0.00000000e+00,0.00000000e+00,0.00000000e+00,0.00000000e+00,0.00000000e+00,0.00000000e+00,0.00000000e+00,0.00000000e+00,0.00000000e+00,0.00000000e+00,0.00000000e+00,0.00000000e+00,0.00000000e+00,0.00000000e+00,0.00000000e+00,0.00000000e+00,0.00000000e+00,0.00000000e+00,0.00000000e+00,0.00000000e+00,3.72011659e-04
1.10927704e+02,1.10677704e+02,3.07289962e-07,0.00000000e+00,0.00000000e+00,0.00000000e+00,0.00000000e+00,0.00000000e+00,0.00000000e+00,0.00000000e+00,0.00000000e+00,0.00000000e+00,0.00000000e+00,0.00000000e+00,0.00000000e+00,0.00000000e+00,0.00000000e+00,0.00000000e+00,0.00000000e+00,0.00000000e+00,0.00000000e+00,0.00000000e+00,0.00000000e+00,0.00000000e+00,0.00000000e+00,0.00000000e+00,3.71657222e-04
1.11027729e+02,1.10777729e+02,3.07010513e-07,0.00000000e+00,0.00000000e+00,0.00000000e+00,0.00000000e+00,0.00000000e+00,0.00000000e+00,0.00000000e+00,0.00000000e+00,0.00000000e+00,0.00000000e+00,0.00000000e+00,0.00000000e+00,0.00000000e+00,0.00000000e+00,0.00000000e+00,0.00000000e+00,0.00000000e+00,0.00000000e+00,0.00000000e+00,0.00000000e+00,0.00000000e+00,0.00000000e+00,0.00000000e+00,3.74807719e-04
1.11127754e+02,1.10877754e+02,3.11867287e-07,0.00000000e+00,0.00000000e+00,0.00000000e+00,0.00000000e+00,0.00000000e+00,0.00000000e+00,0.00000000e+00,0.00000000e+00,0.00000000e+00,0.00000000e+00,0.00000000e+00,0.00000000e+00,0.00000000e+00,0.00000000e+00,0.00000000e+00,0.00000000e+00,0.00000000e+00,0.00000000e+00,0.00000000e+00,0.00000000e+00,0.00000000e+00,0.00000000e+00,0.00000000e+00,3.74102954e-04
1.11227779e+02,1.10977779e+02,3.20632805e-07,0.00000000e+00,0.00000000e+00,0.00000000e+00,0.00000000e+00,0.00000000e+00,0.00000000e+00,0.00000000e+00,0.00000000e+00,0.00000000e+00,0.00000000e+00,0.00000000e+00,0.00000000e+00,0.00000000e+00,0.00000000e+00,0.00000000e+00,0.00000000e+00,0.00000000e+00,0.00000000e+00,0.00000000e+00,0.00000000e+00,0.00000000e+00,0.00000000e+00,0.00000000e+00,3.72818301e-04
1.11327804e+02,1.11077804e+02,3.20568704e-07,0.00000000e+00,0.00000000e+00,0.00000000e+00,0.00000000e+00,0.00000000e+00,0.00000000e+00,0.00000000e+00,0.00000000e+00,0.00000000e+00,0.00000000e+00,0.00000000e+00,0.00000000e+00,0.00000000e+00,0.00000000e+00,0.00000000e+00,0.00000000e+00,0.00000000e+00,0.00000000e+00,0.00000000e+00,0.00000000e+00,0.00000000e+00,0.00000000e+00,0.00000000e+00,3.71878369e-04
1.11427829e+02,1.11177829e+02,3.20504853e-07,0.00000000e+00,0.00000000e+00,0.00000000e+00,0.00000000e+00,0.00000000e+00,0.00000000e+00,0.00000000e+00,0.00000000e+00,0.00000000e+00,0.00000000e+00,0.00000000e+00,0.00000000e+00,0.00000000e+00,0.00000000e+00,0.00000000e+00,0.00000000e+00,0.00000000e+00,0.00000000e+00,0.00000000e+00,0.00000000e+00,0.00000000e+00,0.00000000e+00,0.00000000e+00,3.71819452e-04
1.11527854e+02,1.11277854e+02,3.20441251e-07,0.00000000e+00,0.00000000e+00,0.00000000e+00,0.00000000e+00,0.00000000e+00,0.00000000e+00,0.00000000e+00,0.00000000e+00,0.00000000e+00,0.00000000e+00,0.00000000e+00,0.00000000e+00,0.00000000e+00,0.00000000e+00,0.00000000e+00,0.00000000e+00,0.00000000e+00,0.00000000e+00,0.00000000e+00,0.00000000e+00,0.00000000e+00,0.00000000e+00,0.00000000e+00,3.72305479e-04
1.11627879e+02,1.11377879e+02,3.20377897e-07,0.00000000e+00,0.00000000e+00,0.00000000e+00,0.00000000e+00,0.00000000e+00,0.00000000e+00,0.00000000e+00,0.00000000e+00,0.00000000e+00,0.00000000e+00,0.00000000e+00,0.00000000e+00,0.00000000e+00,0.00000000e+00,0.00000000e+00,0.00000000e+00,0.00000000e+00,0.00000000e+00,0.00000000e+00,0.00000000e+00,0.00000000e+00,0.00000000e+00,0.00000000e+00,3.70323069e-04
1.11727904e+02,1.11477904e+02,3.20314789e-07,0.00000000e+00,0.00000000e+00,0.00000000e+00,0.00000000e+00,0.00000000e+00,0.00000000e+00,0.00000000e+00,0.00000000e+00,0.00000000e+00,0.00000000e+00,0.00000000e+00,0.00000000e+00,0.00000000e+00,0.00000000e+00,0.00000000e+00,0.00000000e+00,0.00000000e+00,0.00000000e+00,0.00000000e+00,0.00000000e+00,0.00000000e+00,0.00000000e+00,0.00000000e+00,3.69657214e-04
1.11827929e+02,1.11577929e+02,3.20251927e-07,0.00000000e+00,0.00000000e+00,0.00000000e+00,0.00000000e+00,0.00000000e+00,0.00000000e+00,0.00000000e+00,0.00000000e+00,0.00000000e+00,0.00000000e+00,0.00000000e+00,0.00000000e+00,0.00000000e+00,0.00000000e+00,0.00000000e+00,0.00000000e+00,0.00000000e+00,0.00000000e+00,0.00000000e+00,0.00000000e+00,0.00000000e+00,0.00000000e+00,0.00000000e+00,3.68837961e-04
1.11927954e+02,1.11677954e+02,3.19985235e-07,0.00000000e+00,0.00000000e+00,0.00000000e+00,0.00000000e+00,0.00000000e+00,0.00000000e+00,0.00000000e+00,0.00000000e+00,0.00000000e+00,0.00000000e+00,0.00000000e+00,0.00000000e+00,0.00000000e+00,0.00000000e+00,0.00000000e+00,0.00000000e+00,0.00000000e+00,0.00000000e+00,0.00000000e+00,0.00000000e+00,0.00000000e+00,0.00000000e+00,0.00000000e+00,3.67710941e-04
1.12027979e+02,1.11777979e+02,3.19822369e-07,0.00000000e+00,0.00000000e+00,0.00000000e+00,0.00000000e+00,0.00000000e+00,0.00000000e+00,0.00000000e+00,0.00000000e+00,0.00000000e+00,0.00000000e+00,0.00000000e+00,0.00000000e+00,0.00000000e+00,0.00000000e+00,0.00000000e+00,0.00000000e+00,0.00000000e+00,0.00000000e+00,0.00000000e+00,0.00000000e+00,0.00000000e+00,0.00000000e+00,0.00000000e+00,3.67296142e-04
1.12128005e+02,1.11878005e+02,3.19760233e-07,0.00000000e+00,0.00000000e+00,0.00000000e+00,0.00000000e+00,0.00000000e+00,0.00000000e+00,0.00000000e+00,0.00000000e+00,0.00000000e+00,0.00000000e+00,0.00000000e+00,0.00000000e+00,0.00000000e+00,0.00000000e+00,0.00000000e+00,0.00000000e+00,0.00000000e+00,0.00000000e+00,0.00000000e+00,0.00000000e+00,0.00000000e+00,0.00000000e+00,0.00000000e+00,3.66071175e-04
1.12228030e+02,1.11978030e+02,3.19698336e-07,0.00000000e+00,0.00000000e+00,0.00000000e+00,0.00000000e+00,0.00000000e+00,0.00000000e+00,0.00000000e+00,0.00000000e+00,0.00000000e+00,0.00000000e+00,0.00000000e+00,0.00000000e+00,0.00000000e+00,0.00000000e+00,0.00000000e+00,0.00000000e+00,0.00000000e+00,0.00000000e+00,0.00000000e+00,0.00000000e+00,0.00000000e+00,0.00000000e+00,0.00000000e+00,3.66863742e-04
1.12328055e+02,1.12078055e+02,3.19636678e-07,0.00000000e+00,0.00000000e+00,0.00000000e+00,0.00000000e+00,0.00000000e+00,0.00000000e+00,0.00000000e+00,0.00000000e+00,0.00000000e+00,0.00000000e+00,0.00000000e+00,0.00000000e+00,0.00000000e+00,0.00000000e+00,0.00000000e+00,0.00000000e+00,0.00000000e+00,0.00000000e+00,0.00000000e+00,0.00000000e+00,0.00000000e+00,0.00000000e+00,0.00000000e+00,3.68839659e-04
1.12428080e+02,1.12178080e+02,3.19575257e-07,0.00000000e+00,0.00000000e+00,0.00000000e+00,0.00000000e+00,0.00000000e+00,0.00000000e+00,0.00000000e+00,0.00000000e+00,0.00000000e+00,0.00000000e+00,0.00000000e+00,0.00000000e+00,0.00000000e+00,0.00000000e+00,0.00000000e+00,0.00000000e+00,0.00000000e+00,0.00000000e+00,0.00000000e+00,0.00000000e+00,0.00000000e+00,0.00000000e+00,0.00000000e+00,3.67017395e-04
1.12528105e+02,1.12278105e+02,3.19514071e-07,0.00000000e+00,0.00000000e+00,0.00000000e+00,0.00000000e+00,0.00000000e+00,0.00000000e+00,0.00000000e+00,0.00000000e+00,0.00000000e+00,0.00000000e+00,0.00000000e+00,0.00000000e+00,0.00000000e+00,0.00000000e+00,0.00000000e+00,0.00000000e+00,0.00000000e+00,0.00000000e+00,0.00000000e+00,0.00000000e+00,0.00000000e+00,0.00000000e+00,0.00000000e+00,3.68208374e-04
1.12628130e+02,1.12378130e+02,3.19453119e-07,0.00000000e+00,0.00000000e+00,0.00000000e+00,0.00000000e+00,0.00000000e+00,0.00000000e+00,0.00000000e+00,0.00000000e+00,0.00000000e+00,0.00000000e+00,0.00000000e+00,0.00000000e+00,0.00000000e+00,0.00000000e+00,0.00000000e+00,0.00000000e+00,0.00000000e+00,0.00000000e+00,0.00000000e+00,0.00000000e+00,0.00000000e+00,0.00000000e+00,0.00000000e+00,3.66420812e-04
1.12728155e+02,1.12478155e+02,3.19392400e-07,0.00000000e+00,0.00000000e+00,0.00000000e+00,0.00000000e+00,0.00000000e+00,0.00000000e+00,0.00000000e+00,0.00000000e+00,0.00000000e+00,0.00000000e+00,0.00000000e+00,0.00000000e+00,0.00000000e+00,0.00000000e+00,0.00000000e+00,0.00000000e+00,0.00000000e+00,0.00000000e+00,0.00000000e+00,0.00000000e+00,0.00000000e+00,0.00000000e+00,0.00000000e+00,3.65979207e-04
1.12828180e+02,1.12578180e+02,3.19331913e-07,0.00000000e+00,0.00000000e+00,0.00000000e+00,0.00000000e+00,0.00000000e+00,0.00000000e+00,0.00000000e+00,0.00000000e+00,0.00000000e+00,0.00000000e+00,0.00000000e+00,0.00000000e+00,0.00000000e+00,0.00000000e+00,0.00000000e+00,0.00000000e+00,0.00000000e+00,0.00000000e+00,0.00000000e+00,0.00000000e+00,0.00000000e+00,0.00000000e+00,0.00000000e+00,3.64856930e-04
1.12928205e+02,1.12678205e+02,3.18238944e-07,0.00000000e+00,0.00000000e+00,0.00000000e+00,0.00000000e+00,0.00000000e+00,0.00000000e+00,0.00000000e+00,0.00000000e+00,0.00000000e+00,0.00000000e+00,0.00000000e+00,0.00000000e+00,0.00000000e+00,0.00000000e+00,0.00000000e+00,0.00000000e+00,0.00000000e+00,0.00000000e+00,0.00000000e+00,0.00000000e+00,0.00000000e+00,0.00000000e+00,0.00000000e+00,3.61730978e-04
1.13028230e+02,1.12778230e+02,3.14859998e-07,0.00000000e+00,0.00000000e+00,0.00000000e+00,0.00000000e+00,0.00000000e+00,0.00000000e+00,0.00000000e+00,0.00000000e+00,0.00000000e+00,0.00000000e+00,0.00000000e+00,0.00000000e+00,0.00000000e+00,0.00000000e+00,0.00000000e+00,0.00000000e+00,0.00000000e+00,0.00000000e+00,0.00000000e+00,0.00000000e+00,0.00000000e+00,0.00000000e+00,0.00000000e+00,3.62361417e-04
1.13128255e+02,1.12878255e+02,3.14809557e-07,0.00000000e+00,0.00000000e+00,0.00000000e+00,0.00000000e+00,0.00000000e+00,0.00000000e+00,0.00000000e+00,0.00000000e+00,0.00000000e+00,0.00000000e+00,0.00000000e+00,0.00000000e+00,0.00000000e+00,0.00000000e+00,0.00000000e+00,0.00000000e+00,0.00000000e+00,0.00000000e+00,0.00000000e+00,0.00000000e+00,0.00000000e+00,0.00000000e+00,0.00000000e+00,3.62190769e-04
1.13228280e+02,1.12978280e+02,3.14759306e-07,0.00000000e+00,0.00000000e+00,0.00000000e+00,0.00000000e+00,0.00000000e+00,0.00000000e+00,0.00000000e+00,0.00000000e+00,0.00000000e+00,0.00000000e+00,0.00000000e+00,0.00000000e+00,0.00000000e+00,0.00000000e+00,0.00000000e+00,0.00000000e+00,0.00000000e+00,0.00000000e+00,0.00000000e+00,0.00000000e+00,0.00000000e+00,0.00000000e+00,0.00000000e+00,3.61963763e-04
1.13328305e+02,1.13078305e+02,3.14709244e-07,0.00000000e+00,0.00000000e+00,0.00000000e+00,0.00000000e+00,0.00000000e+00,0.00000000e+00,0.00000000e+00,0.00000000e+00,0.00000000e+00,0.00000000e+00,0.00000000e+00,0.00000000e+00,0.00000000e+00,0.00000000e+00,0.00000000e+00,0.00000000e+00,0.00000000e+00,0.00000000e+00,0.00000000e+00,0.00000000e+00,0.00000000e+00,0.00000000e+00,0.00000000e+00,3.64295575e-04
1.13428330e+02,1.13178330e+02,3.14659372e-07,0.00000000e+00,0.00000000e+00,0.00000000e+00,0.00000000e+00,0.00000000e+00,0.00000000e+00,0.00000000e+00,0.00000000e+00,0.00000000e+00,0.00000000e+00,0.00000000e+00,0.00000000e+00,0.00000000e+00,0.00000000e+00,0.00000000e+00,0.00000000e+00,0.00000000e+00,0.00000000e+00,0.00000000e+00,0.00000000e+00,0.00000000e+00,0.00000000e+00,0.00000000e+00,3.62819090e-04
1.13528355e+02,1.13278355e+02,2.97257154e-07,0.00000000e+00,0.00000000e+00,0.00000000e+00,0.00000000e+00,0.00000000e+00,0.00000000e+00,0.00000000e+00,0.00000000e+00,0.00000000e+00,0.00000000e+00,0.00000000e+00,0.00000000e+00,0.00000000e+00,0.00000000e+00,0.00000000e+00,0.00000000e+00,0.00000000e+00,0.00000000e+00,0.00000000e+00,0.00000000e+00,0.00000000e+00,0.00000000e+00,0.00000000e+00,3.63051154e-04
1.13628380e+02,1.13378380e+02,2.88857111e-07,0.00000000e+00,0.00000000e+00,0.00000000e+00,0.00000000e+00,0.00000000e+00,0.00000000e+00,0.00000000e+00,0.00000000e+00,0.00000000e+00,0.00000000e+00,0.00000000e+00,0.00000000e+00,0.00000000e+00,0.00000000e+00,0.00000000e+00,0.00000000e+00,0.00000000e+00,0.00000000e+00,0.00000000e+00,0.00000000e+00,0.00000000e+00,0.00000000e+00,0.00000000e+00,3.61243899e-04
1.13728405e+02,1.13478405e+02,2.88807978e-07,0.00000000e+00,0.00000000e+00,0.00000000e+00,0.00000000e+00,0.00000000e+00,0.00000000e+00,0.00000000e+00,0.00000000e+00,0.00000000e+00,0.00000000e+00,0.00000000e+00,0.00000000e+00,0.00000000e+00,0.00000000e+00,0.00000000e+00,0.00000000e+00,0.00000000e+00,0.00000000e+00,0.00000000e+00,0.00000000e+00,0.00000000e+00,0.00000000e+00,0.00000000e+00,3.60843428e-04
1.13828430e+02,1.13578430e+02,2.88758938e-07,0.00000000e+00,0.00000000e+00,0.00000000e+00,0.00000000e+00,0.00000000e+00,0.00000000e+00,0.00000000e+00,0.00000000e+00,0.00000000e+00,0.00000000e+00,0.00000000e+00,0.00000000e+00,0.00000000e+00,0.00000000e+00,0.00000000e+00,0.00000000e+00,0.00000000e+00,0.00000000e+00,0.00000000e+00,0.00000000e+00,0.00000000e+00,0.00000000e+00,0.00000000e+00,3.57846637e-04
1.13928455e+02,1.13678455e+02,2.88710082e-07,0.00000000e+00,0.00000000e+00,0.00000000e+00,0.00000000e+00,0.00000000e+00,0.00000000e+00,0.00000000e+00,0.00000000e+00,0.00000000e+00,0.00000000e+00,0.00000000e+00,0.00000000e+00,0.00000000e+00,0.00000000e+00,0.00000000e+00,0.00000000e+00,0.00000000e+00,0.00000000e+00,0.00000000e+00,0.00000000e+00,0.00000000e+00,0.00000000e+00,0.00000000e+00,3.59102881e-04
1.14028480e+02,1.13778480e+02,2.88661407e-07,0.00000000e+00,0.00000000e+00,0.00000000e+00,0.00000000e+00,0.00000000e+00,0.00000000e+00,0.00000000e+00,0.00000000e+00,0.00000000e+00,0.00000000e+00,0.00000000e+00,0.00000000e+00,0.00000000e+00,0.00000000e+00,0.00000000e+00,0.00000000e+00,0.00000000e+00,0.00000000e+00,0.00000000e+00,0.00000000e+00,0.00000000e+00,0.00000000e+00,0.00000000e+00,3.57948562e-04
1.14128505e+02,1.13878505e+02,2.70480563e-07,0.00000000e+00,0.00000000e+00,0.00000000e+00,0.00000000e+00,0.00000000e+00,0.00000000e+00,0.00000000e+00,0.00000000e+00,0.00000000e+00,0.00000000e+00,0.00000000e+00,0.00000000e+00,0.00000000e+00,0.00000000e+00,0.00000000e+00,0.00000000e+00,0.00000000e+00,0.00000000e+00,0.00000000e+00,0.00000000e+00,0.00000000e+00,0.00000000e+00,0.00000000e+00,3.58450356e-04
1.14228530e+02,1.13978530e+02,2.62603896e-07,0.00000000e+00,0.00000000e+00,0.00000000e+00,0.00000000e+00,0.00000000e+00,0.00000000e+00,0.00000000e+00,0.00000000e+00,0.00000000e+00,0.00000000e+00,0.00000000e+00,0.00000000e+00,0.00000000e+00,0.00000000e+00,0.00000000e+00,0.00000000e+00,0.00000000e+00,0.00000000e+00,0.00000000e+00,0.00000000e+00,0.00000000e+00,0.00000000e+00,0.00000000e+00,3.56218194e-04
1.14328555e+02,1.14078555e+02,2.62562418e-07,0.00000000e+00,0.00000000e+00,0.00000000e+00,0.00000000e+00,0.00000000e+00,0.00000000e+00,0.00000000e+00,0.00000000e+00,0.00000000e+00,0.00000000e+00,0.00000000e+00,0.00000000e+00,0.00000000e+00,0.00000000e+00,0.00000000e+00,0.00000000e+00,0.00000000e+00,0.00000000e+00,0.00000000e+00,0.00000000e+00,0.00000000e+00,0.00000000e+00,0.00000000e+00,3.58573869e-04
1.14428580e+02,1.14178580e+02,2.62521097e-07,0.00000000e+00,0.00000000e+00,0.00000000e+00,0.00000000e+00,0.00000000e+00,0.00000000e+00,0.00000000e+00,0.00000000e+00,0.00000000e+00,0.00000000e+00,0.00000000e+00,0.00000000e+00,0.00000000e+00,0.00000000e+00,0.00000000e+00,0.00000000e+00,0.00000000e+00,0.00000000e+00,0.00000000e+00,0.00000000e+00,0.00000000e+00,0.00000000e+00,0.00000000e+00,3.55732210e-04
1.14528605e+02,1.14278605e+02,2.62454309e-07,0.00000000e+00,0.00000000e+00,0.00000000e+00,0.00000000e+00,0.00000000e+00,0.00000000e+00,0.00000000e+00,0.00000000e+00,0.00000000e+00,0.00000000e+00,0.00000000e+00,0.00000000e+00,0.00000000e+00,0.00000000e+00,0.00000000e+00,0.00000000e+00,0.00000000e+00,0.00000000e+00,0.00000000e+00,0.00000000e+00,0.00000000e+00,0.00000000e+00,0.00000000e+00,3.54696143e-04
1.14628630e+02,1.14378630e+02,2.62412563e-07,0.00000000e+00,0.00000000e+00,0.00000000e+00,0.00000000e+00,0.00000000e+00,0.00000000e+00,0.00000000e+00,0.00000000e+00,0.00000000e+00,0.00000000e+00,0.00000000e+00,0.00000000e+00,0.00000000e+00,0.00000000e+00,0.00000000e+00,0.00000000e+00,0.00000000e+00,0.00000000e+00,0.00000000e+00,0.00000000e+00,0.00000000e+00,0.00000000e+00,0.00000000e+00,3.56259249e-04
1.14728655e+02,1.14478655e+02,2.62371708e-07,0.00000000e+00,0.00000000e+00,0.00000000e+00,0.00000000e+00,0.00000000e+00,0.00000000e+00,0.00000000e+00,0.00000000e+00,0.00000000e+00,0.00000000e+00,0.00000000e+00,0.00000000e+00,0.00000000e+00,0.00000000e+00,0.00000000e+00,0.00000000e+00,0.00000000e+00,0.00000000e+00,0.00000000e+00,0.00000000e+00,0.00000000e+00,0.00000000e+00,0.00000000e+00,3.56068298e-04
1.14828681e+02,1.14578681e+02,2.62331007e-07,0.00000000e+00,0.00000000e+00,0.00000000e+00,0.00000000e+00,0.00000000e+00,0.00000000e+00,0.00000000e+00,0.00000000e+00,0.00000000e+00,0.00000000e+00,0.00000000e+00,0.00000000e+00,0.00000000e+00,0.00000000e+00,0.00000000e+00,0.00000000e+00,0.00000000e+00,0.00000000e+00,0.00000000e+00,0.00000000e+00,0.00000000e+00,0.00000000e+00,0.00000000e+00,3.55688976e-04
1.14928706e+02,1.14678706e+02,2.62290459e-07,0.00000000e+00,0.00000000e+00,0.00000000e+00,0.00000000e+00,0.00000000e+00,0.00000000e+00,0.00000000e+00,0.00000000e+00,0.00000000e+00,0.00000000e+00,0.00000000e+00,0.00000000e+00,0.00000000e+00,0.00000000e+00,0.00000000e+00,0.00000000e+00,0.00000000e+00,0.00000000e+00,0.00000000e+00,0.00000000e+00,0.00000000e+00,0.00000000e+00,0.00000000e+00,3.56297415e-04
1.15028731e+02,1.14778731e+02,2.62250063e-07,0.00000000e+00,0.00000000e+00,0.00000000e+00,0.00000000e+00,0.00000000e+00,0.00000000e+00,0.00000000e+00,0.00000000e+00,0.00000000e+00,0.00000000e+00,0.00000000e+00,0.00000000e+00,0.00000000e+00,0.00000000e+00,0.00000000e+00,0.00000000e+00,0.00000000e+00,0.00000000e+00,0.00000000e+00,0.00000000e+00,0.00000000e+00,0.00000000e+00,0.00000000e+00,3.54489262e-04
1.15128756e+02,1.14878756e+02,2.62209818e-07,0.00000000e+00,0.00000000e+00,0.00000000e+00,0.00000000e+00,0.00000000e+00,0.00000000e+00,0.00000000e+00,0.00000000e+00,0.00000000e+00,0.00000000e+00,0.00000000e+00,0.00000000e+00,0.00000000e+00,0.00000000e+00,0.00000000e+00,0.00000000e+00,0.00000000e+00,0.00000000e+00,0.00000000e+00,0.00000000e+00,0.00000000e+00,0.00000000e+00,0.00000000e+00,3.51740120e-04
1.15228781e+02,1.14978781e+02,2.62169723e-07,0.00000000e+00,0.00000000e+00,0.00000000e+00,0.00000000e+00,0.00000000e+00,0.00000000e+00,0.00000000e+00,0.00000000e+00,0.00000000e+00,0.00000000e+00,0.00000000e+00,0.00000000e+00,0.00000000e+00,0.00000000e+00,0.00000000e+00,0.00000000e+00,0.00000000e+00,0.00000000e+00,0.00000000e+00,0.00000000e+00,0.00000000e+00,0.00000000e+00,0.00000000e+00,3.52432279e-04
1.15328806e+02,1.15078806e+02,2.62129778e-07,0.00000000e+00,0.00000000e+00,0.00000000e+00,0.00000000e+00,0.00000000e+00,0.00000000e+00,0.00000000e+00,0.00000000e+00,0.00000000e+00,0.00000000e+00,0.00000000e+00,0.00000000e+00,0.00000000e+00,0.00000000e+00,0.00000000e+00,0.00000000e+00,0.00000000e+00,0.00000000e+00,0.00000000e+00,0.00000000e+00,0.00000000e+00,0.00000000e+00,0.00000000e+00,3.52388756e-04
1.15428831e+02,1.15178831e+02,2.62089981e-07,0.00000000e+00,0.00000000e+00,0.00000000e+00,0.00000000e+00,0.00000000e+00,0.00000000e+00,0.00000000e+00,0.00000000e+00,0.00000000e+00,0.00000000e+00,0.00000000e+00,0.00000000e+00,0.00000000e+00,0.00000000e+00,0.00000000e+00,0.00000000e+00,0.00000000e+00,0.00000000e+00,0.00000000e+00,0.00000000e+00,0.00000000e+00,0.00000000e+00,0.00000000e+00,3.52041728e-04
1.15528856e+02,1.15278856e+02,2.62050332e-07,0.00000000e+00,0.00000000e+00,0.00000000e+00,0.00000000e+00,0.00000000e+00,0.00000000e+00,0.00000000e+00,0.00000000e+00,0.00000000e+00,0.00000000e+00,0.00000000e+00,0.00000000e+00,0.00000000e+00,0.00000000e+00,0.00000000e+00,0.00000000e+00,0.00000000e+00,0.00000000e+00,0.00000000e+00,0.00000000e+00,0.00000000e+00,0.00000000e+00,0.00000000e+00,3.53534518e-04
1.15628881e+02,1.15378881e+02,2.62010831e-07,0.00000000e+00,0.00000000e+00,0.00000000e+00,0.00000000e+00,0.00000000e+00,0.00000000e+00,0.00000000e+00,0.00000000e+00,0.00000000e+00,0.00000000e+00,0.00000000e+00,0.00000000e+00,0.00000000e+00,0.00000000e+00,0.00000000e+00,0.00000000e+00,0.00000000e+00,0.00000000e+00,0.00000000e+00,0.00000000e+00,0.00000000e+00,0.00000000e+00,0.00000000e+00,3.52190103e-04
1.15728906e+02,1.15478906e+02,2.64010981e-07,0.00000000e+00,0.00000000e+00,0.00000000e+00,0.00000000e+00,0.00000000e+00,0.00000000e+00,0.00000000e+00,0.00000000e+00,0.00000000e+00,0.00000000e+00,0.00000000e+00,0.00000000e+00,0.00000000e+00,0.00000000e+00,0.00000000e+00,0.00000000e+00,0.00000000e+00,0.00000000e+00,0.00000000e+00,0.00000000e+00,0.00000000e+00,0.00000000e+00,0.00000000e+00,3.47838849e-04
1.15828931e+02,1.15578931e+02,2.67187122e-07,0.00000000e+00,0.00000000e+00,0.00000000e+00,0.00000000e+00,0.00000000e+00,0.00000000e+00,0.00000000e+00,0.00000000e+00,0.00000000e+00,0.00000000e+00,0.00000000e+00,0.00000000e+00,0.00000000e+00,0.00000000e+00,0.00000000e+00,0.00000000e+00,0.00000000e+00,0.00000000e+00,0.00000000e+00,0.00000000e+00,0.00000000e+00,0.00000000e+00,0.00000000e+00,3.46369185e-04
1.15928956e+02,1.15678956e+02,2.09166496e-07,0.00000000e+00,0.00000000e+00,0.00000000e+00,0.00000000e+00,0.00000000e+00,0.00000000e+00,0.00000000e+00,0.00000000e+00,0.00000000e+00,0.00000000e+00,0.00000000e+00,0.00000000e+00,0.00000000e+00,0.00000000e+00,0.00000000e+00,0.00000000e+00,0.00000000e+00,0.00000000e+00,0.00000000e+00,0.00000000e+00,0.00000000e+00,0.00000000e+00,0.00000000e+00,3.45730687e-04
1.16028981e+02,1.15778981e+02,1.90213492e-07,0.00000000e+00,0.00000000e+00,0.00000000e+00,0.00000000e+00,0.00000000e+00,0.00000000e+00,0.00000000e+00,0.00000000e+00,0.00000000e+00,0.00000000e+00,0.00000000e+00,0.00000000e+00,0.00000000e+00,0.00000000e+00,0.00000000e+00,0.00000000e+00,0.00000000e+00,0.00000000e+00,0.00000000e+00,0.00000000e+00,0.00000000e+00,0.00000000e+00,0.00000000e+00,3.44954370e-04
1.16129006e+02,1.15879006e+02,1.90183444e-07,0.00000000e+00,0.00000000e+00,0.00000000e+00,0.00000000e+00,0.00000000e+00,0.00000000e+00,0.00000000e+00,0.00000000e+00,0.00000000e+00,0.00000000e+00,0.00000000e+00,0.00000000e+00,0.00000000e+00,0.00000000e+00,0.00000000e+00,0.00000000e+00,0.00000000e+00,0.00000000e+00,0.00000000e+00,0.00000000e+00,0.00000000e+00,0.00000000e+00,0.00000000e+00,3.44326400e-04
1.16229031e+02,1.15979031e+02,1.90153795e-07,0.00000000e+00,0.00000000e+00,0.00000000e+00,0.00000000e+00,0.00000000e+00,0.00000000e+00,0.00000000e+00,0.00000000e+00,0.00000000e+00,0.00000000e+00,0.00000000e+00,0.00000000e+00,0.00000000e+00,0.00000000e+00,0.00000000e+00,0.00000000e+00,0.00000000e+00,0.00000000e+00,0.00000000e+00,0.00000000e+00,0.00000000e+00,0.00000000e+00,0.00000000e+00,3.46172886e-04
1.16329056e+02,1.16079056e+02,1.90124534e-07,0.00000000e+00,0.00000000e+00,0.00000000e+00,0.00000000e+00,0.00000000e+00,0.00000000e+00,0.00000000e+00,0.00000000e+00,0.00000000e+00,0.00000000e+00,0.00000000e+00,0.00000000e+00,0.00000000e+00,0.00000000e+00,0.00000000e+00,0.00000000e+00,0.00000000e+00,0.00000000e+00,0.00000000e+00,0.00000000e+00,0.00000000e+00,0.00000000e+00,0.00000000e+00,3.46799183e-04
1.16429081e+02,1.16179081e+02,1.90095653e-07,0.00000000e+00,0.00000000e+00,0.00000000e+00,0.00000000e+00,0.00000000e+00,0.00000000e+00,0.00000000e+00,0.00000000e+00,0.00000000e+00,0.00000000e+00,0.00000000e+00,0.00000000e+00,0.00000000e+00,0.00000000e+00,0.00000000e+00,0.00000000e+00,0.00000000e+00,0.00000000e+00,0.00000000e+00,0.00000000e+00,0.00000000e+00,0.00000000e+00,0.00000000e+00,3.45342068e-04
1.16529106e+02,1.16279106e+02,1.90067141e-07,0.00000000e+00,0.00000000e+00,0.00000000e+00,0.00000000e+00,0.00000000e+00,0.00000000e+00,0.00000000e+00,0.00000000e+00,0.00000000e+00,0.00000000e+00,0.00000000e+00,0.00000000e+00,0.00000000e+00,0.00000000e+00,0.00000000e+00,0.00000000e+00,0.00000000e+00,0.00000000e+00,0.00000000e+00,0.00000000e+00,0.00000000e+00,0.00000000e+00,0.00000000e+00,3.45036766e-04
1.16629131e+02,1.16379131e+02,1.90038991e-07,0.00000000e+00,0.00000000e+00,0.00000000e+00,0.00000000e+00,0.00000000e+00,0.00000000e+00,0.00000000e+00,0.00000000e+00,0.00000000e+00,0.00000000e+00,0.00000000e+00,0.00000000e+00,0.00000000e+00,0.00000000e+00,0.00000000e+00,0.00000000e+00,0.00000000e+00,0.00000000e+00,0.00000000e+00,0.00000000e+00,0.00000000e+00,0.00000000e+00,0.00000000e+00,3.44121031e-04
1.16729156e+02,1.16479156e+02,1.94607608e-07,0.00000000e+00,0.00000000e+00,0.00000000e+00,0.00000000e+00,0.00000000e+00,0.00000000e+00,0.00000000e+00,0.00000000e+00,0.00000000e+00,0.00000000e+00,0.00000000e+00,0.00000000e+00,0.00000000e+00,0.00000000e+00,0.00000000e+00,0.00000000e+00,0.00000000e+00,0.00000000e+00,0.00000000e+00,0.00000000e+00,0.00000000e+00,0.00000000e+00,0.00000000e+00,3.46185789e-04
1.16829181e+02,1.16579181e+02,1.95212034e-07,0.00000000e+00,0.00000000e+00,0.00000000e+00,0.00000000e+00,0.00000000e+00,0.00000000e+00,0.00000000e+00,0.00000000e+00,0.00000000e+00,0.00000000e+00,0.00000000e+00,0.00000000e+00,0.00000000e+00,0.00000000e+00,0.00000000e+00,0.00000000e+00,0.00000000e+00,0.00000000e+00,0.00000000e+00,0.00000000e+00,0.00000000e+00,0.00000000e+00,0.00000000e+00,3.43777280e-04
1.16929206e+02,1.16679206e+02,1.95179482e-07,0.00000000e+00,0.00000000e+00,0.00000000e+00,0.00000000e+00,0.00000000e+00,0.00000000e+00,0.00000000e+00,0.00000000e+00,0.00000000e+00,0.00000000e+00,0.00000000e+00,0.00000000e+00,0.00000000e+00,0.00000000e+00,0.00000000e+00,0.00000000e+00,0.00000000e+00,0.00000000e+00,0.00000000e+00,0.00000000e+00,0.00000000e+00,0.00000000e+00,0.00000000e+00,3.44564289e-04
1.17029231e+02,1.16779231e+02,1.95147278e-07,0.00000000e+00,0.00000000e+00,0.00000000e+00,0.00000000e+00,0.00000000e+00,0.00000000e+00,0.00000000e+00,0.00000000e+00,0.00000000e+00,0.00000000e+00,0.00000000e+00,0.00000000e+00,0.00000000e+00,0.00000000e+00,0.00000000e+00,0.00000000e+00,0.00000000e+00,0.00000000e+00,0.00000000e+00,0.00000000e+00,0.00000000e+00,0.00000000e+00,0.00000000e+00,3.44080956e-04
1.17129256e+02,1.16879256e+02,1.95115412e-07,0.00000000e+00,0.00000000e+00,0.00000000e+00,0.00000000e+00,0.00000000e+00,0.00000000e+00,0.00000000e+00,0.00000000e+00,0.00000000e+00,0.00000000e+00,0.00000000e+00,0.00000000e+00,0.00000000e+00,0.00000000e+00,0.00000000e+00,0.00000000e+00,0.00000000e+00,0.00000000e+00,0.00000000e+00,0.00000000e+00,0.00000000e+00,0.00000000e+00,0.00000000e+00,3.45256641e-04
1.17229281e+02,1.16979281e+02,1.95083879e-07,0.00000000e+00,0.00000000e+00,0.00000000e+00,0.00000000e+00,0.00000000e+00,0.00000000e+00,0.00000000e+00,0.00000000e+00,0.00000000e+00,0.00000000e+00,0.00000000e+00,0.00000000e+00,0.00000000e+00,0.00000000e+00,0.00000000e+00,0.00000000e+00,0.00000000e+00,0.00000000e+00,0.00000000e+00,0.00000000e+00,0.00000000e+00,0.00000000e+00,0.00000000e+00,3.42702727e-04
1.17329306e+02,1.17079306e+02,1.95020088e-07,0.00000000e+00,0.00000000e+00,0.00000000e+00,0.00000000e+00,0.00000000e+00,0.00000000e+00,0.00000000e+00,0.00000000e+00,0.00000000e+00,0.00000000e+00,0.00000000e+00,0.00000000e+00,0.00000000e+00,0.00000000e+00,0.00000000e+00,0.00000000e+00,0.00000000e+00,0.00000000e+00,0.00000000e+00,0.00000000e+00,0.00000000e+00,0.00000000e+00,0.00000000e+00,3.43707533e-04
1.17429331e+02,1.17179331e+02,1.94890238e-07,0.00000000e+00,0.00000000e+00,0.00000000e+00,0.00000000e+00,0.00000000e+00,0.00000000e+00,0.00000000e+00,0.00000000e+00,0.00000000e+00,0.00000000e+00,0.00000000e+00,0.00000000e+00,0.00000000e+00,0.00000000e+00,0.00000000e+00,0.00000000e+00,0.00000000e+00,0.00000000e+00,0.00000000e+00,0.00000000e+00,0.00000000e+00,0.00000000e+00,0.00000000e+00,3.42558843e-04
1.17529357e+02,1.17279357e+02,1.94861614e-07,0.00000000e+00,0.00000000e+00,0.00000000e+00,0.00000000e+00,0.00000000e+00,0.00000000e+00,0.00000000e+00,0.00000000e+00,0.00000000e+00,0.00000000e+00,0.00000000e+00,0.00000000e+00,0.00000000e+00,0.00000000e+00,0.00000000e+00,0.00000000e+00,0.00000000e+00,0.00000000e+00,0.00000000e+00,0.00000000e+00,0.00000000e+00,0.00000000e+00,0.00000000e+00,3.40751424e-04
1.17629382e+02,1.17379382e+02,1.94833252e-07,0.00000000e+00,0.00000000e+00,0.00000000e+00,0.00000000e+00,0.00000000e+00,0.00000000e+00,0.00000000e+00,0.00000000e+00,0.00000000e+00,0.00000000e+00,0.00000000e+00,0.00000000e+00,0.00000000e+00,0.00000000e+00,0.00000000e+00,0.00000000e+00,0.00000000e+00,0.00000000e+00,0.00000000e+00,0.00000000e+00,0.00000000e+00,0.00000000e+00,0.00000000e+00,3.41038347e-04
1.17729407e+02,1.17479407e+02,1.94805147e-07,0.00000000e+00,0.00000000e+00,0.00000000e+00,0.00000000e+00,0.00000000e+00,0.00000000e+00,0.00000000e+00,0.00000000e+00,0.00000000e+00,0.00000000e+00,0.00000000e+00,0.00000000e+00,0.00000000e+00,0.00000000e+00,0.00000000e+00,0.00000000e+00,0.00000000e+00,0.00000000e+00,0.00000000e+00,0.00000000e+00,0.00000000e+00,0.00000000e+00,0.00000000e+00,3.40267622e-04
1.17829432e+02,1.17579432e+02,1.94777294e-07,0.00000000e+00,0.00000000e+00,0.00000000e+00,0.00000000e+00,0.00000000e+00,0.00000000e+00,0.00000000e+00,0.00000000e+00,0.00000000e+00,0.00000000e+00,0.00000000e+00,0.00000000e+00,0.00000000e+00,0.00000000e+00,0.00000000e+00,0.00000000e+00,0.00000000e+00,0.00000000e+00,0.00000000e+00,0.00000000e+00,0.00000000e+00,0.00000000e+00,0.00000000e+00,3.40408842e-04
1.17929457e+02,1.17679457e+02,1.94749689e-07,0.00000000e+00,0.00000000e+00,0.00000000e+00,0.00000000e+00,0.00000000e+00,0.00000000e+00,0.00000000e+00,0.00000000e+00,0.00000000e+00,0.00000000e+00,0.00000000e+00,0.00000000e+00,0.00000000e+00,0.00000000e+00,0.00000000e+00,0.00000000e+00,0.00000000e+00,0.00000000e+00,0.00000000e+00,0.00000000e+00,0.00000000e+00,0.00000000e+00,0.00000000e+00,3.39200750e-04
1.18029482e+02,1.17779482e+02,1.94722328e-07,0.00000000e+00,0.00000000e+00,0.00000000e+00,0.00000000e+00,0.00000000e+00,0.00000000e+00,0.00000000e+00,0.00000000e+00,0.00000000e+00,0.00000000e+00,0.00000000e+00,0.00000000e+00,0.00000000e+00,0.00000000e+00,0.00000000e+00,0.00000000e+00,0.00000000e+00,0.00000000e+00,0.00000000e+00,0.00000000e+00,0.00000000e+00,0.00000000e+00,0.00000000e+00,3.41197357e-04
1.18129507e+02,1.17879507e+02,1.94695205e-07,0.00000000e+00,0.00000000e+00,0.00000000e+00,0.00000000e+00,0.00000000e+00,0.00000000e+00,0.00000000e+00,0.00000000e+00,0.00000000e+00,0.00000000e+00,0.00000000e+00,0.00000000e+00,0.00000000e+00,0.00000000e+00,0.00000000e+00,0.00000000e+00,0.00000000e+00,0.00000000e+00,0.00000000e+00,0.00000000e+00,0.00000000e+00,0.00000000e+00,0.00000000e+00,3.38979675e-04
1.18229532e+02,1.17979532e+02,1.94668317e-07,0.00000000e+00,0.00000000e+00,0.00000000e+00,0.00000000e+00,0.00000000e+00,0.00000000e+00,0.00000000e+00,0.00000000e+00,0.00000000e+00,0.00000000e+00,0.00000000e+00,0.00000000e+00,0.00000000e+00,0.00000000e+00,0.00000000e+00,0.00000000e+00,0.00000000e+00,0.00000000e+00,0.00000000e+00,0.00000000e+00,0.00000000e+00,0.00000000e+00,0.00000000e+00,3.38465380e-04
1.18329557e+02,1.18079557e+02,1.94641659e-07,0.00000000e+00,0.00000000e+00,0.00000000e+00,0.00000000e+00,0.00000000e+00,0.00000000e+00,0.00000000e+00,0.00000000e+00,0.00000000e+00,0.00000000e+00,0.00000000e+00,0.00000000e+00,0.00000000e+00,0.00000000e+00,0.00000000e+00,0.00000000e+00,0.00000000e+00,0.00000000e+00,0.00000000e+00,0.00000000e+00,0.00000000e+00,0.00000000e+00,0.00000000e+00,3.35742186e-04
1.18429582e+02,1.18179582e+02,1.94615227e-07,0.00000000e+00,0.00000000e+00,0.00000000e+00,0.00000000e+00,0.00000000e+00,0.00000000e+00,0.00000000e+00,0.00000000e+00,0.00000000e+00,0.00000000e+00,0.00000000e+00,0.00000000e+00,0.00000000e+00,0.00000000e+00,0.00000000e+00,0.00000000e+00,0.00000000e+00,0.00000000e+00,0.00000000e+00,0.00000000e+00,0.00000000e+00,0.00000000e+00,0.00000000e+00,3.37544940e-04
1.18529607e+02,1.18279607e+02,1.95281454e-07,0.00000000e+00,0.00000000e+00,0.00000000e+00,0.00000000e+00,0.00000000e+00,0.00000000e+00,0.00000000e+00,0.00000000e+00,0.00000000e+00,0.00000000e+00,0.00000000e+00,0.00000000e+00,0.00000000e+00,0.00000000e+00,0.00000000e+00,0.00000000e+00,0.00000000e+00,0.00000000e+00,0.00000000e+00,0.00000000e+00,0.00000000e+00,0.00000000e+00,0.00000000e+00,3.37288103e-04
1.18629632e+02,1.18379632e+02,1.97369560e-07,0.00000000e+00,0.00000000e+00,0.00000000e+00,0.00000000e+00,0.00000000e+00,0.00000000e+00,0.00000000e+00,0.00000000e+00,0.00000000e+00,0.00000000e+00,0.00000000e+00,0.00000000e+00,0.00000000e+00,0.00000000e+00,0.00000000e+00,0.00000000e+00,0.00000000e+00,0.00000000e+00,0.00000000e+00,0.00000000e+00,0.00000000e+00,0.00000000e+00,0.00000000e+00,3.36757859e-04
1.18729657e+02,1.18479657e+02,1.97300384e-07,0.00000000e+00,0.00000000e+00,0.00000000e+00,0.00000000e+00,0.00000000e+00,0.00000000e+00,0.00000000e+00,0.00000000e+00,0.00000000e+00,0.00000000e+00,0.00000000e+00,0.00000000e+00,0.00000000e+00,0.00000000e+00,0.00000000e+00,0.00000000e+00,0.00000000e+00,0.00000000e+00,0.00000000e+00,0.00000000e+00,0.00000000e+00,0.00000000e+00,0.00000000e+00,3.38400197e-04
1.18829682e+02,1.18579682e+02,1.35328267e-07,0.00000000e+00,0.00000000e+00,0.00000000e+00,0.00000000e+00,0.00000000e+00,0.00000000e+00,0.00000000e+00,0.00000000e+00,0.00000000e+00,0.00000000e+00,0.00000000e+00,0.00000000e+00,0.00000000e+00,0.00000000e+00,0.00000000e+00,0.00000000e+00,0.00000000e+00,0.00000000e+00,0.00000000e+00,0.00000000e+00,0.00000000e+00,0.00000000e+00,0.00000000e+00,3.37818976e-04
1.18929707e+02,1.18679707e+02,1.20498610e-07,0.00000000e+00,0.00000000e+00,0.00000000e+00,0.00000000e+00,0.00000000e+00,0.00000000e+00,0.00000000e+00,0.00000000e+00,0.00000000e+00,0.00000000e+00,0.00000000e+00,0.00000000e+00,0.00000000e+00,0.00000000e+00,0.00000000e+00,0.00000000e+00,0.00000000e+00,0.00000000e+00,0.00000000e+00,0.00000000e+00,0.00000000e+00,0.00000000e+00,0.00000000e+00,3.36426154e-04
1.19029732e+02,1.18779732e+02,1.20488811e-07,0.00000000e+00,0.00000000e+00,0.00000000e+00,0.00000000e+00,0.00000000e+00,0.00000000e+00,0.00000000e+00,0.00000000e+00,0.00000000e+00,0.00000000e+00,0.00000000e+00,0.00000000e+00,0.00000000e+00,0.00000000e+00,0.00000000e+00,0.00000000e+00,0.00000000e+00,0.00000000e+00,0.00000000e+00,0.00000000e+00,0.00000000e+00,0.00000000e+00,0.00000000e+00,3.37601390e-04
1.19129757e+02,1.18879757e+02,1.20479042e-07,0.00000000e+00,0.00000000e+00,0.00000000e+00,0.00000000e+00,0.00000000e+00,0.00000000e+00,0.00000000e+00,0.00000000e+00,0.00000000e+00,0.00000000e+00,0.00000000e+00,0.00000000e+00,0.00000000e+00,0.00000000e+00,0.00000000e+00,0.00000000e+00,0.00000000e+00,0.00000000e+00,0.00000000e+00,0.00000000e+00,0.00000000e+00,0.00000000e+00,0.00000000e+00,3.34171871e-04
1.19229782e+02,1.18979782e+02,1.20469302e-07,0.00000000e+00,0.00000000e+00,0.00000000e+00,0.00000000e+00,0.00000000e+00,0.00000000e+00,0.00000000e+00,0.00000000e+00,0.00000000e+00,0.00000000e+00,0.00000000e+00,0.00000000e+00,0.00000000e+00,0.00000000e+00,0.00000000e+00,0.00000000e+00,0.00000000e+00,0.00000000e+00,0.00000000e+00,0.00000000e+00,0.00000000e+00,0.00000000e+00,0.00000000e+00,3.32722189e-04
1.19329807e+02,1.19079807e+02,7.65083411e-08,0.00000000e+00,0.00000000e+00,0.00000000e+00,0.00000000e+00,0.00000000e+00,0.00000000e+00,0.00000000e+00,0.00000000e+00,0.00000000e+00,0.00000000e+00,0.00000000e+00,0.00000000e+00,0.00000000e+00,0.00000000e+00,0.00000000e+00,0.00000000e+00,0.00000000e+00,0.00000000e+00,0.00000000e+00,0.00000000e+00,0.00000000e+00,0.00000000e+00,0.00000000e+00,3.33724017e-04
1.19429832e+02,1.19179832e+02,6.25090643e-08,0.00000000e+00,0.00000000e+00,0.00000000e+00,0.00000000e+00,0.00000000e+00,0.00000000e+00,0.00000000e+00,0.00000000e+00,0.00000000e+00,0.00000000e+00,0.00000000e+00,0.00000000e+00,0.00000000e+00,0.00000000e+00,0.00000000e+00,0.00000000e+00,0.00000000e+00,0.00000000e+00,0.00000000e+00,0.00000000e+00,0.00000000e+00,0.00000000e+00,0.00000000e+00,3.33641179e-04
1.19529857e+02,1.19279857e+02,6.25089962e-08,0.00000000e+00,0.00000000e+00,0.00000000e+00,0.00000000e+00,0.00000000e+00,0.00000000e+00,0.00000000e+00,0.00000000e+00,0.00000000e+00,0.00000000e+00,0.00000000e+00,0.00000000e+00,0.00000000e+00,0.00000000e+00,0.00000000e+00,0.00000000e+00,0.00000000e+00,0.00000000e+00,0.00000000e+00,0.00000000e+00,0.00000000e+00,0.00000000e+00,0.00000000e+00,3.33126565e-04
1.19629882e+02,1.19379882e+02,6.25089283e-08,0.00000000e+00,0.00000000e+00,0.00000000e+00,0.00000000e+00,0.00000000e+00,0.00000000e+00,0.00000000e+00,0.00000000e+00,0.00000000e+00,0.00000000e+00,0.00000000e+00,0.00000000e+00,0.00000000e+00,0.00000000e+00,0.00000000e+00,0.00000000e+00,0.00000000e+00,0.00000000e+00,0.00000000e+00,0.00000000e+00,0.00000000e+00,0.00000000e+00,0.00000000e+00,3.31410691e-04
1.19729907e+02,1.19479907e+02,6.25088605e-08,0.00000000e+00,0.00000000e+00,0.00000000e+00,0.00000000e+00,0.00000000e+00,0.00000000e+00,0.00000000e+00,0.00000000e+00,0.00000000e+00,0.00000000e+00,0.00000000e+00,0.00000000e+00,0.00000000e+00,0.00000000e+00,0.00000000e+00,0.00000000e+00,0.00000000e+00,0.00000000e+00,0.00000000e+00,0.00000000e+00,0.00000000e+00,0.00000000e+00,0.00000000e+00,3.32116339e-04
1.19829932e+02,1.19579932e+02,6.25087929e-08,0.00000000e+00,0.00000000e+00,0.00000000e+00,0.00000000e+00,0.00000000e+00,0.00000000e+00,0.00000000e+00,0.00000000e+00,0.00000000e+00,0.00000000e+00,0.00000000e+00,0.00000000e+00,0.00000000e+00,0.00000000e+00,0.00000000e+00,0.00000000e+00,0.00000000e+00,0.00000000e+00,0.00000000e+00,0.00000000e+00,0.00000000e+00,0.00000000e+00,0.00000000e+00,3.32492656e-04
1.19929957e+02,1.19679957e+02,6.25087255e-08,0.00000000e+00,0.00000000e+00,0.00000000e+00,0.00000000e+00,0.00000000e+00,0.00000000e+00,0.00000000e+00,0.00000000e+00,0.00000000e+00,0.00000000e+00,0.00000000e+00,0.00000000e+00,0.00000000e+00,0.00000000e+00,0.00000000e+00,0.00000000e+00,0.00000000e+00,0.00000000e+00,0.00000000e+00,0.00000000e+00,0.00000000e+00,0.00000000e+00,0.00000000e+00,3.29330889e-04
1.20029982e+02,1.19779982e+02,6.25086582e-08,0.00000000e+00,0.00000000e+00,0.00000000e+00,0.00000000e+00,0.00000000e+00,0.00000000e+00,0.00000000e+00,0.00000000e+00,0.00000000e+00,0.00000000e+00,0.00000000e+00,0.00000000e+00,0.00000000e+00,0.00000000e+00,0.00000000e+00,0.00000000e+00,0.00000000e+00,0.00000000e+00,0.00000000e+00,0.00000000e+00,0.00000000e+00,0.00000000e+00,0.00000000e+00,3.29086177e-04
1.20130008e+02,1.19880008e+02,6.25085911e-08,0.00000000e+00,0.00000000e+00,0.00000000e+00,0.00000000e+00,0.00000000e+00,0.00000000e+00,0.00000000e+00,0.00000000e+00,0.00000000e+00,0.00000000e+00,0.00000000e+00,0.00000000e+00,0.00000000e+00,0.00000000e+00,0.00000000e+00,0.00000000e+00,0.00000000e+00,0.00000000e+00,0.00000000e+00,0.00000000e+00,0.00000000e+00,0.00000000e+00,0.00000000e+00,3.29862215e-04
1.20230033e+02,1.19980033e+02,6.25085242e-08,0.00000000e+00,0.00000000e+00,0.00000000e+00,0.00000000e+00,0.00000000e+00,0.00000000e+00,0.00000000e+00,0.00000000e+00,0.00000000e+00,0.00000000e+00,0.00000000e+00,0.00000000e+00,0.00000000e+00,0.00000000e+00,0.00000000e+00,0.00000000e+00,0.00000000e+00,0.00000000e+00,0.00000000e+00,0.00000000e+00,0.00000000e+00,0.00000000e+00,0.00000000e+00,3.28265897e-04
1.20330058e+02,1.20080058e+02,6.25084574e-08,0.00000000e+00,0.00000000e+00,0.00000000e+00,0.00000000e+00,0.00000000e+00,0.00000000e+00,0.00000000e+00,0.00000000e+00,0.00000000e+00,0.00000000e+00,0.00000000e+00,0.00000000e+00,0.00000000e+00,0.00000000e+00,0.00000000e+00,0.00000000e+00,0.00000000e+00,0.00000000e+00,0.00000000e+00,0.00000000e+00,0.00000000e+00,0.00000000e+00,0.00000000e+00,3.28854879e-04
1.20430083e+02,1.20180083e+02,6.25083908e-08,0.00000000e+00,0.00000000e+00,0.00000000e+00,0.00000000e+00,0.00000000e+00,0.00000000e+00,0.00000000e+00,0.00000000e+00,0.00000000e+00,0.00000000e+00,0.00000000e+00,0.00000000e+00,0.00000000e+00,0.00000000e+00,0.00000000e+00,0.00000000e+00,0.00000000e+00,0.00000000e+00,0.00000000e+00,0.00000000e+00,0.00000000e+00,0.00000000e+00,0.00000000e+00,3.28406118e-04
1.20530108e+02,1.20280108e+02,6.25064380e-08,0.00000000e+00,0.00000000e+00,0.00000000e+00,0.00000000e+00,0.00000000e+00,0.00000000e+00,0.00000000e+00,0.00000000e+00,0.00000000e+00,0.00000000e+00,0.00000000e+00,0.00000000e+00,0.00000000e+00,0.00000000e+00,0.00000000e+00,0.00000000e+00,0.00000000e+00,0.00000000e+00,0.00000000e+00,0.00000000e+00,0.00000000e+00,0.00000000e+00,0.00000000e+00,3.29318844e-04
1.20630133e+02,1.20380133e+02,6.25044805e-08,0.00000000e+00,0.00000000e+00,0.00000000e+00,0.00000000e+00,0.00000000e+00,0.00000000e+00,0.00000000e+00,0.00000000e+00,0.00000000e+00,0.00000000e+00,0.00000000e+00,0.00000000e+00,0.00000000e+00,0.00000000e+00,0.00000000e+00,0.00000000e+00,0.00000000e+00,0.00000000e+00,0.00000000e+00,0.00000000e+00,0.00000000e+00,0.00000000e+00,0.00000000e+00,3.29079478e-04
1.20730158e+02,1.20480158e+02,6.25044181e-08,0.00000000e+00,0.00000000e+00,0.00000000e+00,0.00000000e+00,0.00000000e+00,0.00000000e+00,0.00000000e+00,0.00000000e+00,0.00000000e+00,0.00000000e+00,0.00000000e+00,0.00000000e+00,0.00000000e+00,0.00000000e+00,0.00000000e+00,0.00000000e+00,0.00000000e+00,0.00000000e+00,0.00000000e+00,0.00000000e+00,0.00000000e+00,0.00000000e+00,0.00000000e+00,3.25870260e-04
1.20830183e+02,1.20580183e+02,6.25043559e-08,0.00000000e+00,0.00000000e+00,0.00000000e+00,0.00000000e+00,0.00000000e+00,0.00000000e+00,0.00000000e+00,0.00000000e+00,0.00000000e+00,0.00000000e+00,0.00000000e+00,0.00000000e+00,0.00000000e+00,0.00000000e+00,0.00000000e+00,0.00000000e+00,0.00000000e+00,0.00000000e+00,0.00000000e+00,0.00000000e+00,0.00000000e+00,0.00000000e+00,0.00000000e+00,3.26427750e-04
1.20930208e+02,1.20680208e+02,6.25042938e-08,0.00000000e+00,0.00000000e+00,0.00000000e+00,0.00000000e+00,0.00000000e+00,0.00000000e+00,0.00000000e+00,0.00000000e+00,0.00000000e+00,0.00000000e+00,0.00000000e+00,0.00000000e+00,0.00000000e+00,0.00000000e+00,0.00000000e+00,0.00000000e+00,0.00000000e+00,0.00000000e+00,0.00000000e+00,0.00000000e+00,0.00000000e+00,0.00000000e+00,0.00000000e+00,3.24911892e-04
1.21030233e+02,1.20780233e+02,6.25042319e-08,0.00000000e+00,0.00000000e+00,0.00000000e+00,0.00000000e+00,0.00000000e+00,0.00000000e+00,0.00000000e+00,0.00000000e+00,0.00000000e+00,0.00000000e+00,0.00000000e+00,0.00000000e+00,0.00000000e+00,0.00000000e+00,0.00000000e+00,0.00000000e+00,0.00000000e+00,0.00000000e+00,0.00000000e+00,0.00000000e+00,0.00000000e+00,0.00000000e+00,0.00000000e+00,3.21873155e-04
1.21130258e+02,1.20880258e+02,6.25041702e-08,0.00000000e+00,0.00000000e+00,0.00000000e+00,0.00000000e+00,0.00000000e+00,0.00000000e+00,0.00000000e+00,0.00000000e+00,0.00000000e+00,0.00000000e+00,0.00000000e+00,0.00000000e+00,0.00000000e+00,0.00000000e+00,0.00000000e+00,0.00000000e+00,0.00000000e+00,0.00000000e+00,0.00000000e+00,0.00000000e+00,0.00000000e+00,0.00000000e+00,0.00000000e+00,3.20746940e-04
1.21230283e+02,1.20980283e+02,6.25041086e-08,0.00000000e+00,0.00000000e+00,0.00000000e+00,0.00000000e+00,0.00000000e+00,0.00000000e+00,0.00000000e+00,0.00000000e+00,0.00000000e+00,0.00000000e+00,0.00000000e+00,0.00000000e+00,0.00000000e+00,0.00000000e+00,0.00000000e+00,0.00000000e+00,0.00000000e+00,0.00000000e+00,0.00000000e+00,0.00000000e+00,0.00000000e+00,0.00000000e+00,0.00000000e+00,3.19723256e-04
1.21330308e+02,1.21080308e+02,6.25040471e-08,0.00000000e+00,0.00000000e+00,0.00000000e+00,0.00000000e+00,0.00000000e+00,0.00000000e+00,0.00000000e+00,0.00000000e+00,0.00000000e+00,0.00000000e+00,0.00000000e+00,0.00000000e+00,0.00000000e+00,0.00000000e+00,0.00000000e+00,0.00000000e+00,0.00000000e+00,0.00000000e+00,0.00000000e+00,0.00000000e+00,0.00000000e+00,0.00000000e+00,0.00000000e+00,3.19712749e-04
1.21430333e+02,1.21180333e+02,6.25039858e-08,0.00000000e+00,0.00000000e+00,0.00000000e+00,0.00000000e+00,0.00000000e+00,0.00000000e+00,0.00000000e+00,0.00000000e+00,0.00000000e+00,0.00000000e+00,0.00000000e+00,0.00000000e+00,0.00000000e+00,0.00000000e+00,0.00000000e+00,0.00000000e+00,0.00000000e+00,0.00000000e+00,0.00000000e+00,0.00000000e+00,0.00000000e+00,0.00000000e+00,0.00000000e+00,3.21388162e-04
1.21530358e+02,1.21280358e+02,6.25039247e-08,0.00000000e+00,0.00000000e+00,0.00000000e+00,0.00000000e+00,0.00000000e+00,0.00000000e+00,0.00000000e+00,0.00000000e+00,0.00000000e+00,0.00000000e+00,0.00000000e+00,0.00000000e+00,0.00000000e+00,0.00000000e+00,0.00000000e+00,0.00000000e+00,0.00000000e+00,0.00000000e+00,0.00000000e+00,0.00000000e+00,0.00000000e+00,0.00000000e+00,0.00000000e+00,3.22025749e-04
1.21630383e+02,1.21380383e+02,6.25038637e-08,0.00000000e+00,0.00000000e+00,0.00000000e+00,0.00000000e+00,0.00000000e+00,0.00000000e+00,0.00000000e+00,0.00000000e+00,0.00000000e+00,0.00000000e+00,0.00000000e+00,0.00000000e+00,0.00000000e+00,0.00000000e+00,0.00000000e+00,0.00000000e+00,0.00000000e+00,0.00000000e+00,0.00000000e+00,0.00000000e+00,0.00000000e+00,0.00000000e+00,0.00000000e+00,3.20828122e-04
1.21730408e+02,1.21480408e+02,6.25038028e-08,0.00000000e+00,0.00000000e+00,0.00000000e+00,0.00000000e+00,0.00000000e+00,0.00000000e+00,0.00000000e+00,0.00000000e+00,0.00000000e+00,0.00000000e+00,0.00000000e+00,0.00000000e+00,0.00000000e+00,0.00000000e+00,0.00000000e+00,0.00000000e+00,0.00000000e+00,0.00000000e+00,0.00000000e+00,0.00000000e+00,0.00000000e+00,0.00000000e+00,0.00000000e+00,3.18451415e-04
1.21830433e+02,1.21580433e+02,6.25037421e-08,0.00000000e+00,0.00000000e+00,0.00000000e+00,0.00000000e+00,0.00000000e+00,0.00000000e+00,0.00000000e+00,0.00000000e+00,0.00000000e+00,0.00000000e+00,0.00000000e+00,0.00000000e+00,0.00000000e+00,0.00000000e+00,0.00000000e+00,0.00000000e+00,0.00000000e+00,0.00000000e+00,0.00000000e+00,0.00000000e+00,0.00000000e+00,0.00000000e+00,0.00000000e+00,3.19639061e-04
1.21930458e+02,1.21680458e+02,6.25036816e-08,0.00000000e+00,0.00000000e+00,0.00000000e+00,0.00000000e+00,0.00000000e+00,0.00000000e+00,0.00000000e+00,0.00000000e+00,0.00000000e+00,0.00000000e+00,0.00000000e+00,0.00000000e+00,0.00000000e+00,0.00000000e+00,0.00000000e+00,0.00000000e+00,0.00000000e+00,0.00000000e+00,0.00000000e+00,0.00000000e+00,0.00000000e+00,0.00000000e+00,0.00000000e+00,3.16142654e-04
1.22030483e+02,1.21780483e+02,6.25036212e-08,0.00000000e+00,0.00000000e+00,0.00000000e+00,0.00000000e+00,0.00000000e+00,0.00000000e+00,0.00000000e+00,0.00000000e+00,0.00000000e+00,0.00000000e+00,0.00000000e+00,0.00000000e+00,0.00000000e+00,0.00000000e+00,0.00000000e+00,0.00000000e+00,0.00000000e+00,0.00000000e+00,0.00000000e+00,0.00000000e+00,0.00000000e+00,0.00000000e+00,0.00000000e+00,3.16770695e-04
1.22130508e+02,1.21880508e+02,6.25035610e-08,0.00000000e+00,0.00000000e+00,0.00000000e+00,0.00000000e+00,0.00000000e+00,0.00000000e+00,0.00000000e+00,0.00000000e+00,0.00000000e+00,0.00000000e+00,0.00000000e+00,0.00000000e+00,0.00000000e+00,0.00000000e+00,0.00000000e+00,0.00000000e+00,0.00000000e+00,0.00000000e+00,0.00000000e+00,0.00000000e+00,0.00000000e+00,0.00000000e+00,0.00000000e+00,3.17525529e-04
1.22230533e+02,1.21980533e+02,6.25035009e-08,0.00000000e+00,0.00000000e+00,0.00000000e+00,0.00000000e+00,0.00000000e+00,0.00000000e+00,0.00000000e+00,0.00000000e+00,0.00000000e+00,0.00000000e+00,0.00000000e+00,0.00000000e+00,0.00000000e+00,0.00000000e+00,0.00000000e+00,0.00000000e+00,0.00000000e+00,0.00000000e+00,0.00000000e+00,0.00000000e+00,0.00000000e+00,0.00000000e+00,0.00000000e+00,3.17213069e-04
1.22330558e+02,1.22080558e+02,6.25034409e-08,0.00000000e+00,0.00000000e+00,0.00000000e+00,0.00000000e+00,0.00000000e+00,0.00000000e+00,0.00000000e+00,0.00000000e+00,0.00000000e+00,0.00000000e+00,0.00000000e+00,0.00000000e+00,0.00000000e+00,0.00000000e+00,0.00000000e+00,0.00000000e+00,0.00000000e+00,0.00000000e+00,0.00000000e+00,0.00000000e+00,0.00000000e+00,0.00000000e+00,0.00000000e+00,3.15339813e-04
1.22430583e+02,1.22180583e+02,6.25033811e-08,0.00000000e+00,0.00000000e+00,0.00000000e+00,0.00000000e+00,0.00000000e+00,0.00000000e+00,0.00000000e+00,0.00000000e+00,0.00000000e+00,0.00000000e+00,0.00000000e+00,0.00000000e+00,0.00000000e+00,0.00000000e+00,0.00000000e+00,0.00000000e+00,0.00000000e+00,0.00000000e+00,0.00000000e+00,0.00000000e+00,0.00000000e+00,0.00000000e+00,0.00000000e+00,3.13278181e-04
1.22530608e+02,1.22280608e+02,6.25033215e-08,0.00000000e+00,0.00000000e+00,0.00000000e+00,0.00000000e+00,0.00000000e+00,0.00000000e+00,0.00000000e+00,0.00000000e+00,0.00000000e+00,0.00000000e+00,0.00000000e+00,0.00000000e+00,0.00000000e+00,0.00000000e+00,0.00000000e+00,0.00000000e+00,0.00000000e+00,0.00000000e+00,0.00000000e+00,0.00000000e+00,0.00000000e+00,0.00000000e+00,0.00000000e+00,3.10461435e-04
1.22630633e+02,1.22380633e+02,6.25032619e-08,0.00000000e+00,0.00000000e+00,0.00000000e+00,0.00000000e+00,0.00000000e+00,0.00000000e+00,0.00000000e+00,0.00000000e+00,0.00000000e+00,0.00000000e+00,0.00000000e+00,0.00000000e+00,0.00000000e+00,0.00000000e+00,0.00000000e+00,0.00000000e+00,0.00000000e+00,0.00000000e+00,0.00000000e+00,0.00000000e+00,0.00000000e+00,0.00000000e+00,0.00000000e+00,3.11048913e-04
1.22730658e+02,1.22480658e+02,6.25032026e-08,0.00000000e+00,0.00000000e+00,0.00000000e+00,0.00000000e+00,0.00000000e+00,0.00000000e+00,0.00000000e+00,0.00000000e+00,0.00000000e+00,0.00000000e+00,0.00000000e+00,0.00000000e+00,0.00000000e+00,0.00000000e+00,0.00000000e+00,0.00000000e+00,0.00000000e+00,0.00000000e+00,0.00000000e+00,0.00000000e+00,0.00000000e+00,0.00000000e+00,0.00000000e+00,3.10872693e-04
1.22830684e+02,1.22580684e+02,6.25031434e-08,0.00000000e+00,0.00000000e+00,0.00000000e+00,0.00000000e+00,0.00000000e+00,0.00000000e+00,0.00000000e+00,0.00000000e+00,0.00000000e+00,0.00000000e+00,0.00000000e+00,0.00000000e+00,0.00000000e+00,0.00000000e+00,0.00000000e+00,0.00000000e+00,0.00000000e+00,0.00000000e+00,0.00000000e+00,0.00000000e+00,0.00000000e+00,0.00000000e+00,0.00000000e+00,3.10911769e-04
1.22930709e+02,1.22680709e+02,6.25030843e-08,0.00000000e+00,0.00000000e+00,0.00000000e+00,0.00000000e+00,0.00000000e+00,0.00000000e+00,0.00000000e+00,0.00000000e+00,0.00000000e+00,0.00000000e+00,0.00000000e+00,0.00000000e+00,0.00000000e+00,0.00000000e+00,0.00000000e+00,0.00000000e+00,0.00000000e+00,0.00000000e+00,0.00000000e+00,0.00000000e+00,0.00000000e+00,0.00000000e+00,0.00000000e+00,3.12857321e-04
1.23030734e+02,1.22780734e+02,6.25030254e-08,0.00000000e+00,0.00000000e+00,0.00000000e+00,0.00000000e+00,0.00000000e+00,0.00000000e+00,0.00000000e+00,0.00000000e+00,0.00000000e+00,0.00000000e+00,0.00000000e+00,0.00000000e+00,0.00000000e+00,0.00000000e+00,0.00000000e+00,0.00000000e+00,0.00000000e+00,0.00000000e+00,0.00000000e+00,0.00000000e+00,0.00000000e+00,0.00000000e+00,0.00000000e+00,3.12970391e-04
1.23130759e+02,1.22880759e+02,6.25029666e-08,0.00000000e+00,0.00000000e+00,0.00000000e+00,0.00000000e+00,0.00000000e+00,0.00000000e+00,0.00000000e+00,0.00000000e+00,0.00000000e+00,0.00000000e+00,0.00000000e+00,0.00000000e+00,0.00000000e+00,0.00000000e+00,0.00000000e+00,0.00000000e+00,0.00000000e+00,0.00000000e+00,0.00000000e+00,0.00000000e+00,0.00000000e+00,0.00000000e+00,0.00000000e+00,3.11257438e-04
1.23230784e+02,1.22980784e+02,6.25029079e-08,0.00000000e+00,0.00000000e+00,0.00000000e+00,0.00000000e+00,0.00000000e+00,0.00000000e+00,0.00000000e+00,0.00000000e+00,0.00000000e+00,0.00000000e+00,0.00000000e+00,0.00000000e+00,0.00000000e+00,0.00000000e+00,0.00000000e+00,0.00000000e+00,0.00000000e+00,0.00000000e+00,0.00000000e+00,0.00000000e+00,0.00000000e+00,0.00000000e+00,0.00000000e+00,3.12136248e-04
1.23330809e+02,1.23080809e+02,6.25028494e-08,0.00000000e+00,0.00000000e+00,0.00000000e+00,0.00000000e+00,0.00000000e+00,0.00000000e+00,0.00000000e+00,0.00000000e+00,0.00000000e+00,0.00000000e+00,0.00000000e+00,0.00000000e+00,0.00000000e+00,0.00000000e+00,0.00000000e+00,0.00000000e+00,0.00000000e+00,0.00000000e+00,0.00000000e+00,0.00000000e+00,0.00000000e+00,0.00000000e+00,0.00000000e+00,3.10107190e-04
1.23430834e+02,1.23180834e+02,6.25027911e-08,0.00000000e+00,0.00000000e+00,0.00000000e+00,0.00000000e+00,0.00000000e+00,0.00000000e+00,0.00000000e+00,0.00000000e+00,0.00000000e+00,0.00000000e+00,0.00000000e+00,0.00000000e+00,0.00000000e+00,0.00000000e+00,0.00000000e+00,0.00000000e+00,0.00000000e+00,0.00000000e+00,0.00000000e+00,0.00000000e+00,0.00000000e+00,0.00000000e+00,0.00000000e+00,3.09774140e-04
1.23530859e+02,1.23280859e+02,6.25027329e-08,0.00000000e+00,0.00000000e+00,0.00000000e+00,0.00000000e+00,0.00000000e+00,0.00000000e+00,0.00000000e+00,0.00000000e+00,0.00000000e+00,0.00000000e+00,0.00000000e+00,0.00000000e+00,0.00000000e+00,0.00000000e+00,0.00000000e+00,0.00000000e+00,0.00000000e+00,0.00000000e+00,0.00000000e+00,0.00000000e+00,0.00000000e+00,0.00000000e+00,0.00000000e+00,3.11705627e-04
1.23630884e+02,1.23380884e+02,6.25026748e-08,0.00000000e+00,0.00000000e+00,0.00000000e+00,0.00000000e+00,0.00000000e+00,0.00000000e+00,0.00000000e+00,0.00000000e+00,0.00000000e+00,0.00000000e+00,0.00000000e+00,0.00000000e+00,0.00000000e+00,0.00000000e+00,0.00000000e+00,0.00000000e+00,0.00000000e+00,0.00000000e+00,0.00000000e+00,0.00000000e+00,0.00000000e+00,0.00000000e+00,0.00000000e+00,3.09587084e-04
1.23730909e+02,1.23480909e+02,6.25026168e-08,0.00000000e+00,0.00000000e+00,0.00000000e+00,0.00000000e+00,0.00000000e+00,0.00000000e+00,0.00000000e+00,0.00000000e+00,0.00000000e+00,0.00000000e+00,0.00000000e+00,0.00000000e+00,0.00000000e+00,0.00000000e+00,0.00000000e+00,0.00000000e+00,0.00000000e+00,0.00000000e+00,0.00000000e+00,0.00000000e+00,0.00000000e+00,0.00000000e+00,0.00000000e+00,3.09878999e-04
1.23830934e+02,1.23580934e+02,6.25025591e-08,0.00000000e+00,0.00000000e+00,0.00000000e+00,0.00000000e+00,0.00000000e+00,0.00000000e+00,0.00000000e+00,0.00000000e+00,0.00000000e+00,0.00000000e+00,0.00000000e+00,0.00000000e+00,0.00000000e+00,0.00000000e+00,0.00000000e+00,0.00000000e+00,0.00000000e+00,0.00000000e+00,0.00000000e+00,0.00000000e+00,0.00000000e+00,0.00000000e+00,0.00000000e+00,3.08680104e-04
1.23930959e+02,1.23680959e+02,4.29525895e-08,0.00000000e+00,0.00000000e+00,0.00000000e+00,0.00000000e+00,0.00000000e+00,0.00000000e+00,0.00000000e+00,0.00000000e+00,0.00000000e+00,0.00000000e+00,0.00000000e+00,0.00000000e+00,0.00000000e+00,0.00000000e+00,0.00000000e+00,0.00000000e+00,0.00000000e+00,0.00000000e+00,0.00000000e+00,0.00000000e+00,0.00000000e+00,0.00000000e+00,0.00000000e+00,3.10687540e-04
1.24030984e+02,1.23780984e+02,1.51912175e-09,0.00000000e+00,0.00000000e+00,0.00000000e+00,0.00000000e+00,0.00000000e+00,0.00000000e+00,0.00000000e+00,0.00000000e+00,0.00000000e+00,0.00000000e+00,0.00000000e+00,0.00000000e+00,0.00000000e+00,0.00000000e+00,0.00000000e+00,0.00000000e+00,0.00000000e+00,0.00000000e+00,0.00000000e+00,0.00000000e+00,0.00000000e+00,0.00000000e+00,0.00000000e+00,3.08407657e-04
1.24131009e+02,1.23881009e+02,1.51912147e-09,0.00000000e+00,0.00000000e+00,0.00000000e+00,0.00000000e+00,0.00000000e+00,0.00000000e+00,0.00000000e+00,0.00000000e+00,0.00000000e+00,0.00000000e+00,0.00000000e+00,0.00000000e+00,0.00000000e+00,0.00000000e+00,0.00000000e+00,0.00000000e+00,0.00000000e+00,0.00000000e+00,0.00000000e+00,0.00000000e+00,0.00000000e+00,0.00000000e+00,0.00000000e+00,3.05629468e-04
1.24231034e+02,1.23981034e+02,1.51912118e-09,0.00000000e+00,0.00000000e+00,0.00000000e+00,0.00000000e+00,0.00000000e+00,0.00000000e+00,0.00000000e+00,0.00000000e+00,0.00000000e+00,0.00000000e+00,0.00000000e+00,0.00000000e+00,0.00000000e+00,0.00000000e+00,0.00000000e+00,0.00000000e+00,0.00000000e+00,0.00000000e+00,0.00000000e+00,0.00000000e+00,0.00000000e+00,0.00000000e+00,0.00000000e+00,3.05339639e-04
1.24331059e+02,1.24081059e+02,1.51912090e-09,0.00000000e+00,0.00000000e+00,0.00000000e+00,0.00000000e+00,0.00000000e+00,0.00000000e+00,0.00000000e+00,0.00000000e+00,0.00000000e+00,0.00000000e+00,0.00000000e+00,0.00000000e+00,0.00000000e+00,0.00000000e+00,0.00000000e+00,0.00000000e+00,0.00000000e+00,0.00000000e+00,0.00000000e+00,0.00000000e+00,0.00000000e+00,0.00000000e+00,0.00000000e+00,3.06246772e-04
1.24431084e+02,1.24181084e+02,1.51912061e-09,0.00000000e+00,0.00000000e+00,0.00000000e+00,0.00000000e+00,0.00000000e+00,0.00000000e+00,0.00000000e+00,0.00000000e+00,0.00000000e+00,0.00000000e+00,0.00000000e+00,0.00000000e+00,0.00000000e+00,0.00000000e+00,0.00000000e+00,0.00000000e+00,0.00000000e+00,0.00000000e+00,0.00000000e+00,0.00000000e+00,0.00000000e+00,0.00000000e+00,0.00000000e+00,3.05481453e-04
1.24531109e+02,1.24281109e+02,1.51912033e-09,0.00000000e+00,0.00000000e+00,0.00000000e+00,0.00000000e+00,0.00000000e+00,0.00000000e+00,0.00000000e+00,0.00000000e+00,0.00000000e+00,0.00000000e+00,0.00000000e+00,0.00000000e+00,0.00000000e+00,0.00000000e+00,0.00000000e+00,0.00000000e+00,0.00000000e+00,0.00000000e+00,0.00000000e+00,0.00000000e+00,0.00000000e+00,0.00000000e+00,0.00000000e+00,3.03572134e-04
1.24631134e+02,1.24381134e+02,1.51912004e-09,0.00000000e+00,0.00000000e+00,0.00000000e+00,0.00000000e+00,0.00000000e+00,0.00000000e+00,0.00000000e+00,0.00000000e+00,0.00000000e+00,0.00000000e+00,0.00000000e+00,0.00000000e+00,0.00000000e+00,0.00000000e+00,0.00000000e+00,0.00000000e+00,0.00000000e+00,0.00000000e+00,0.00000000e+00,0.00000000e+00,0.00000000e+00,0.00000000e+00,0.00000000e+00,3.03473677e-04
1.24731159e+02,1.24481159e+02,1.51911976e-09,0.00000000e+00,0.00000000e+00,0.00000000e+00,0.00000000e+00,0.00000000e+00,0.00000000e+00,0.00000000e+00,0.00000000e+00,0.00000000e+00,0.00000000e+00,0.00000000e+00,0.00000000e+00,0.00000000e+00,0.00000000e+00,0.00000000e+00,0.00000000e+00,0.00000000e+00,0.00000000e+00,0.00000000e+00,0.00000000e+00,0.00000000e+00,0.00000000e+00,0.00000000e+00,3.02104723e-04
1.24831184e+02,1.24581184e+02,1.51911948e-09,0.00000000e+00,0.00000000e+00,0.00000000e+00,0.00000000e+00,0.00000000e+00,0.00000000e+00,0.00000000e+00,0.00000000e+00,0.00000000e+00,0.00000000e+00,0.00000000e+00,0.00000000e+00,0.00000000e+00,0.00000000e+00,0.00000000e+00,0.00000000e+00,0.00000000e+00,0.00000000e+00,0.00000000e+00,0.00000000e+00,0.00000000e+00,0.00000000e+00,0.00000000e+00,3.01388857e-04
1.24931209e+02,1.24681209e+02,1.51911920e-09,0.00000000e+00,0.00000000e+00,0.00000000e+00,0.00000000e+00,0.00000000e+00,0.00000000e+00,0.00000000e+00,0.00000000e+00,0.00000000e+00,0.00000000e+00,0.00000000e+00,0.00000000e+00,0.00000000e+00,0.00000000e+00,0.00000000e+00,0.00000000e+00,0.00000000e+00,0.00000000e+00,0.00000000e+00,0.00000000e+00,0.00000000e+00,0.00000000e+00,0.00000000e+00,3.01279776e-04
1.25031234e+02,1.24781234e+02,1.51911892e-09,0.00000000e+00,0.00000000e+00,0.00000000e+00,0.00000000e+00,0.00000000e+00,0.00000000e+00,0.00000000e+00,0.00000000e+00,0.00000000e+00,0.00000000e+00,0.00000000e+00,0.00000000e+00,0.00000000e+00,0.00000000e+00,0.00000000e+00,0.00000000e+00,0.00000000e+00,0.00000000e+00,0.00000000e+00,0.00000000e+00,0.00000000e+00,0.00000000e+00,0.00000000e+00,3.02276692e-04
1.25131259e+02,1.24881259e+02,1.51911864e-09,0.00000000e+00,0.00000000e+00,0.00000000e+00,0.00000000e+00,0.00000000e+00,0.00000000e+00,0.00000000e+00,0.00000000e+00,0.00000000e+00,0.00000000e+00,0.00000000e+00,0.00000000e+00,0.00000000e+00,0.00000000e+00,0.00000000e+00,0.00000000e+00,0.00000000e+00,0.00000000e+00,0.00000000e+00,0.00000000e+00,0.00000000e+00,0.00000000e+00,0.00000000e+00,3.03741292e-04
1.25231284e+02,1.24981284e+02,1.51911836e-09,0.00000000e+00,0.00000000e+00,0.00000000e+00,0.00000000e+00,0.00000000e+00,0.00000000e+00,0.00000000e+00,0.00000000e+00,0.00000000e+00,0.00000000e+00,0.00000000e+00,0.00000000e+00,0.00000000e+00,0.00000000e+00,0.00000000e+00,0.00000000e+00,0.00000000e+00,0.00000000e+00,0.00000000e+00,0.00000000e+00,0.00000000e+00,0.00000000e+00,0.00000000e+00,3.03151472e-04
1.25331309e+02,1.25081309e+02,1.51911808e-09,0.00000000e+00,0.00000000e+00,0.00000000e+00,0.00000000e+00,0.00000000e+00,0.00000000e+00,0.00000000e+00,0.00000000e+00,0.00000000e+00,0.00000000e+00,0.00000000e+00,0.00000000e+00,0.00000000e+00,0.00000000e+00,0.00000000e+00,0.00000000e+00,0.00000000e+00,0.00000000e+00,0.00000000e+00,0.00000000e+00,0.00000000e+00,0.00000000e+00,0.00000000e+00,3.01270252e-04
1.25431335e+02,1.25181335e+02,1.51911780e-09,0.00000000e+00,0.00000000e+00,0.00000000e+00,0.00000000e+00,0.00000000e+00,0.00000000e+00,0.00000000e+00,0.00000000e+00,0.00000000e+00,0.00000000e+00,0.00000000e+00,0.00000000e+00,0.00000000e+00,0.00000000e+00,0.00000000e+00,0.00000000e+00,0.00000000e+00,0.00000000e+00,0.00000000e+00,0.00000000e+00,0.00000000e+00,0.00000000e+00,0.00000000e+00,2.99823846e-04
1.25531360e+02,1.25281360e+02,1.51911753e-09,0.00000000e+00,0.00000000e+00,0.00000000e+00,0.00000000e+00,0.00000000e+00,0.00000000e+00,0.00000000e+00,0.00000000e+00,0.00000000e+00,0.00000000e+00,0.00000000e+00,0.00000000e+00,0.00000000e+00,0.00000000e+00,0.00000000e+00,0.00000000e+00,0.00000000e+00,0.00000000e+00,0.00000000e+00,0.00000000e+00,0.00000000e+00,0.00000000e+00,0.00000000e+00,3.00685186e-04
1.25631385e+02,1.25381385e+02,1.51911725e-09,0.00000000e+00,0.00000000e+00,0.00000000e+00,0.00000000e+00,0.00000000e+00,0.00000000e+00,0.00000000e+00,0.00000000e+00,0.00000000e+00,0.00000000e+00,0.00000000e+00,0.00000000e+00,0.00000000e+00,0.00000000e+00,0.00000000e+00,0.00000000e+00,0.00000000e+00,0.00000000e+00,0.00000000e+00,0.00000000e+00,0.00000000e+00,0.00000000e+00,0.00000000e+00,3.01438994e-04
1.25731410e+02,1.25481410e+02,1.51911697e-09,0.00000000e+00,0.00000000e+00,0.00000000e+00,0.00000000e+00,0.00000000e+00,0.00000000e+00,0.00000000e+00,0.00000000e+00,0.00000000e+00,0.00000000e+00,0.00000000e+00,0.00000000e+00,0.00000000e+00,0.00000000e+00,0.00000000e+00,0.00000000e+00,0.00000000e+00,0.00000000e+00,0.00000000e+00,0.00000000e+00,0.00000000e+00,0.00000000e+00,0.00000000e+00,2.99243924e-04
1.25831435e+02,1.25581435e+02,1.51911670e-09,0.00000000e+00,0.00000000e+00,0.00000000e+00,0.00000000e+00,0.00000000e+00,0.00000000e+00,0.00000000e+00,0.00000000e+00,0.00000000e+00,0.00000000e+00,0.00000000e+00,0.00000000e+00,0.00000000e+00,0.00000000e+00,0.00000000e+00,0.00000000e+00,0.00000000e+00,0.00000000e+00,0.00000000e+00,0.00000000e+00,0.00000000e+00,0.00000000e+00,0.00000000e+00,2.99479120e-04
1.25931460e+02,1.25681460e+02,1.51911643e-09,0.00000000e+00,0.00000000e+00,0.00000000e+00,0.00000000e+00,0.00000000e+00,0.00000000e+00,0.00000000e+00,0.00000000e+00,0.00000000e+00,0.00000000e+00,0.00000000e+00,0.00000000e+00,0.00000000e+00,0.00000000e+00,0.00000000e+00,0.00000000e+00,0.00000000e+00,0.00000000e+00,0.00000000e+00,0.00000000e+00,0.00000000e+00,0.00000000e+00,0.00000000e+00,2.97271804e-04
1.26031485e+02,1.25781485e+02,1.51911615e-09,0.00000000e+00,0.00000000e+00,0.00000000e+00,0.00000000e+00,0.00000000e+00,0.00000000e+00,0.00000000e+00,0.00000000e+00,0.00000000e+00,0.00000000e+00,0.00000000e+00,0.00000000e+00,0.00000000e+00,0.00000000e+00,0.00000000e+00,0.00000000e+00,0.00000000e+00,0.00000000e+00,0.00000000e+00,0.00000000e+00,0.00000000e+00,0.00000000e+00,0.00000000e+00,2.96663604e-04
1.26131510e+02,1.25881510e+02,1.51911588e-09,0.00000000e+00,0.00000000e+00,0.00000000e+00,0.00000000e+00,0.00000000e+00,0.00000000e+00,0.00000000e+00,0.00000000e+00,0.00000000e+00,0.00000000e+00,0.00000000e+00,0.00000000e+00,0.00000000e+00,0.00000000e+00,0.00000000e+00,0.00000000e+00,0.00000000e+00,0.00000000e+00,0.00000000e+00,0.00000000e+00,0.00000000e+00,0.00000000e+00,0.00000000e+00,2.95299280e-04
1.26231535e+02,1.25981535e+02,1.51911561e-09,0.00000000e+00,0.00000000e+00,0.00000000e+00,0.00000000e+00,0.00000000e+00,0.00000000e+00,0.00000000e+00,0.00000000e+00,0.00000000e+00,0.00000000e+00,0.00000000e+00,0.00000000e+00,0.00000000e+00,0.00000000e+00,0.00000000e+00,0.00000000e+00,0.00000000e+00,0.00000000e+00,0.00000000e+00,0.00000000e+00,0.00000000e+00,0.00000000e+00,0.00000000e+00,2.94042859e-04
1.26331560e+02,1.26081560e+02,1.51911533e-09,0.00000000e+00,0.00000000e+00,0.00000000e+00,0.00000000e+00,0.00000000e+00,0.00000000e+00,0.00000000e+00,0.00000000e+00,0.00000000e+00,0.00000000e+00,0.00000000e+00,0.00000000e+00,0.00000000e+00,0.00000000e+00,0.00000000e+00,0.00000000e+00,0.00000000e+00,0.00000000e+00,0.00000000e+00,0.00000000e+00,0.00000000e+00,0.00000000e+00,0.00000000e+00,2.94963746e-04
1.26431585e+02,1.26181585e+02,1.51911506e-09,0.00000000e+00,0.00000000e+00,0.00000000e+00,0.00000000e+00,0.00000000e+00,0.00000000e+00,0.00000000e+00,0.00000000e+00,0.00000000e+00,0.00000000e+00,0.00000000e+00,0.00000000e+00,0.00000000e+00,0.00000000e+00,0.00000000e+00,0.00000000e+00,0.00000000e+00,0.00000000e+00,0.00000000e+00,0.00000000e+00,0.00000000e+00,0.00000000e+00,0.00000000e+00,2.94227090e-04
1.26531610e+02,1.26281610e+02,1.51911479e-09,0.00000000e+00,0.00000000e+00,0.00000000e+00,0.00000000e+00,0.00000000e+00,0.00000000e+00,0.00000000e+00,0.00000000e+00,0.00000000e+00,0.00000000e+00,0.00000000e+00,0.00000000e+00,0.00000000e+00,0.00000000e+00,0.00000000e+00,0.00000000e+00,0.00000000e+00,0.00000000e+00,0.00000000e+00,0.00000000e+00,0.00000000e+00,0.00000000e+00,0.00000000e+00,2.92352841e-04
1.26631635e+02,1.26381635e+02,1.51911452e-09,0.00000000e+00,0.00000000e+00,0.00000000e+00,0.00000000e+00,0.00000000e+00,0.00000000e+00,0.00000000e+00,0.00000000e+00,0.00000000e+00,0.00000000e+00,0.00000000e+00,0.00000000e+00,0.00000000e+00,0.00000000e+00,0.00000000e+00,0.00000000e+00,0.00000000e+00,0.00000000e+00,0.00000000e+00,0.00000000e+00,0.00000000e+00,0.00000000e+00,0.00000000e+00,2.94712757e-04
1.26731660e+02,1.26481660e+02,1.51911425e-09,0.00000000e+00,0.00000000e+00,0.00000000e+00,0.00000000e+00,0.00000000e+00,0.00000000e+00,0.00000000e+00,0.00000000e+00,0.00000000e+00,0.00000000e+00,0.00000000e+00,0.00000000e+00,0.00000000e+00,0.00000000e+00,0.00000000e+00,0.00000000e+00,0.00000000e+00,0.00000000e+00,0.00000000e+00,0.00000000e+00,0.00000000e+00,0.00000000e+00,0.00000000e+00,2.94747770e-04
1.26831685e+02,1.26581685e+02,1.51911398e-09,0.00000000e+00,0.00000000e+00,0.00000000e+00,0.00000000e+00,0.00000000e+00,0.00000000e+00,0.00000000e+00,0.00000000e+00,0.00000000e+00,0.00000000e+00,0.00000000e+00,0.00000000e+00,0.00000000e+00,0.00000000e+00,0.00000000e+00,0.00000000e+00,0.00000000e+00,0.00000000e+00,0.00000000e+00,0.00000000e+00,0.00000000e+00,0.00000000e+00,0.00000000e+00,2.92501433e-04
1.26931710e+02,1.26681710e+02,1.51911372e-09,0.00000000e+00,0.00000000e+00,0.00000000e+00,0.00000000e+00,0.00000000e+00,0.00000000e+00,0.00000000e+00,0.00000000e+00,0.00000000e+00,0.00000000e+00,0.00000000e+00,0.00000000e+00,0.00000000e+00,0.00000000e+00,0.00000000e+00,0.00000000e+00,0.00000000e+00,0.00000000e+00,0.00000000e+00,0.00000000e+00,0.00000000e+00,0.00000000e+00,0.00000000e+00,2.93976527e-04
1.27031735e+02,1.26781735e+02,1.51911345e-09,0.00000000e+00,0.00000000e+00,0.00000000e+00,0.00000000e+00,0.00000000e+00,0.00000000e+00,0.00000000e+00,0.00000000e+00,0.00000000e+00,0.00000000e+00,0.00000000e+00,0.00000000e+00,0.00000000e+00,0.00000000e+00,0.00000000e+00,0.00000000e+00,0.00000000e+00,0.00000000e+00,0.00000000e+00,0.00000000e+00,0.00000000e+00,0.00000000e+00,0.00000000e+00,2.93269018e-04
1.27131760e+02,1.26881760e+02,1.51911318e-09,0.00000000e+00,0.00000000e+00,0.00000000e+00,0.00000000e+00,0.00000000e+00,0.00000000e+00,0.00000000e+00,0.00000000e+00,0.00000000e+00,0.00000000e+00,0.00000000e+00,0.00000000e+00,0.00000000e+00,0.00000000e+00,0.00000000e+00,0.00000000e+00,0.00000000e+00,0.00000000e+00,0.00000000e+00,0.00000000e+00,0.00000000e+00,0.00000000e+00,0.00000000e+00,2.91618317e-04
1.27231785e+02,1.26981785e+02,1.51911292e-09,0.00000000e+00,0.00000000e+00,0.00000000e+00,0.00000000e+00,0.00000000e+00,0.00000000e+00,0.00000000e+00,0.00000000e+00,0.00000000e+00,0.00000000e+00,0.00000000e+00,0.00000000e+00,0.00000000e+00,0.00000000e+00,0.00000000e+00,0.00000000e+00,0.00000000e+00,0.00000000e+00,0.00000000e+00,0.00000000e+00,0.00000000e+00,0.00000000e+00,0.00000000e+00,2.88854045e-04
1.27331810e+02,1.27081810e+02,1.51911265e-09,0.00000000e+00,0.00000000e+00,0.00000000e+00,0.00000000e+00,0.00000000e+00,0.00000000e+00,0.00000000e+00,0.00000000e+00,0.00000000e+00,0.00000000e+00,0.00000000e+00,0.00000000e+00,0.00000000e+00,0.00000000e+00,0.00000000e+00,0.00000000e+00,0.00000000e+00,0.00000000e+00,0.00000000e+00,0.00000000e+00,0.00000000e+00,0.00000000e+00,0.00000000e+00,2.90501829e-04
1.27431835e+02,1.27181835e+02,1.51911239e-09,0.00000000e+00,0.00000000e+00,0.00000000e+00,0.00000000e+00,0.00000000e+00,0.00000000e+00,0.00000000e+00,0.00000000e+00,0.00000000e+00,0.00000000e+00,0.00000000e+00,0.00000000e+00,0.00000000e+00,0.00000000e+00,0.00000000e+00,0.00000000e+00,0.00000000e+00,0.00000000e+00,0.00000000e+00,0.00000000e+00,0.00000000e+00,0.00000000e+00,0.00000000e+00,2.89677677e-04
1.27531860e+02,1.27281860e+02,1.51911212e-09,0.00000000e+00,0.00000000e+00,0.00000000e+00,0.00000000e+00,0.00000000e+00,0.00000000e+00,0.00000000e+00,0.00000000e+00,0.00000000e+00,0.00000000e+00,0.00000000e+00,0.00000000e+00,0.00000000e+00,0.00000000e+00,0.00000000e+00,0.00000000e+00,0.00000000e+00,0.00000000e+00,0.00000000e+00,0.00000000e+00,0.00000000e+00,0.00000000e+00,0.00000000e+00,2.89754186e-04
1.27631885e+02,1.27381885e+02,1.51911186e-09,0.00000000e+00,0.00000000e+00,0.00000000e+00,0.00000000e+00,0.00000000e+00,0.00000000e+00,0.00000000e+00,0.00000000e+00,0.00000000e+00,0.00000000e+00,0.00000000e+00,0.00000000e+00,0.00000000e+00,0.00000000e+00,0.00000000e+00,0.00000000e+00,0.00000000e+00,0.00000000e+00,0.00000000e+00,0.00000000e+00,0.00000000e+00,0.00000000e+00,0.00000000e+00,2.88876135e-04
1.27731910e+02,1.27481910e+02,1.51911160e-09,0.00000000e+00,0.00000000e+00,0.00000000e+00,0.00000000e+00,0.00000000e+00,0.00000000e+00,0.00000000e+00,0.00000000e+00,0.00000000e+00,0.00000000e+00,0.00000000e+00,0.00000000e+00,0.00000000e+00,0.00000000e+00,0.00000000e+00,0.00000000e+00,0.00000000e+00,0.00000000e+00,0.00000000e+00,0.00000000e+00,0.00000000e+00,0.00000000e+00,0.00000000e+00,2.89148389e-04
1.27831935e+02,1.27581935e+02,1.51911133e-09,0.00000000e+00,0.00000000e+00,0.00000000e+00,0.00000000e+00,0.00000000e+00,0.00000000e+00,0.00000000e+00,0.00000000e+00,0.00000000e+00,0.00000000e+00,0.00000000e+00,0.00000000e+00,0.00000000e+00,0.00000000e+00,0.00000000e+00,0.00000000e+00,0.00000000e+00,0.00000000e+00,0.00000000e+00,0.00000000e+00,0.00000000e+00,0.00000000e+00,0.00000000e+00,2.89269143e-04
1.27931960e+02,1.27681960e+02,1.51911107e-09,0.00000000e+00,0.00000000e+00,0.00000000e+00,0.00000000e+00,0.00000000e+00,0.00000000e+00,0.00000000e+00,0.00000000e+00,0.00000000e+00,0.00000000e+00,0.00000000e+00,0.00000000e+00,0.00000000e+00,0.00000000e+00,0.00000000e+00,0.00000000e+00,0.00000000e+00,0.00000000e+00,0.00000000e+00,0.00000000e+00,0.00000000e+00,0.00000000e+00,0.00000000e+00,2.89068007e-04
1.28031985e+02,1.27781985e+02,1.51911081e-09,0.00000000e+00,0.00000000e+00,0.00000000e+00,0.00000000e+00,0.00000000e+00,0.00000000e+00,0.00000000e+00,0.00000000e+00,0.00000000e+00,0.00000000e+00,0.00000000e+00,0.00000000e+00,0.00000000e+00,0.00000000e+00,0.00000000e+00,0.00000000e+00,0.00000000e+00,0.00000000e+00,0.00000000e+00,0.00000000e+00,0.00000000e+00,0.00000000e+00,0.00000000e+00,2.88627083e-04
1.28132011e+02,1.27882011e+02,1.51911055e-09,0.00000000e+00,0.00000000e+00,0.00000000e+00,0.00000000e+00,0.00000000e+00,0.00000000e+00,0.00000000e+00,0.00000000e+00,0.00000000e+00,0.00000000e+00,0.00000000e+00,0.00000000e+00,0.00000000e+00,0.00000000e+00,0.00000000e+00,0.00000000e+00,0.00000000e+00,0.00000000e+00,0.00000000e+00,0.00000000e+00,0.00000000e+00,0.00000000e+00,0.00000000e+00,2.86893108e-04
1.28232036e+02,1.27982036e+02,1.51911029e-09,0.00000000e+00,0.00000000e+00,0.00000000e+00,0.00000000e+00,0.00000000e+00,0.00000000e+00,0.00000000e+00,0.00000000e+00,0.00000000e+00,0.00000000e+00,0.00000000e+00,0.00000000e+00,0.00000000e+00,0.00000000e+00,0.00000000e+00,0.00000000e+00,0.00000000e+00,0.00000000e+00,0.00000000e+00,0.00000000e+00,0.00000000e+00,0.00000000e+00,0.00000000e+00,2.87806530e-04
1.28332061e+02,1.28082061e+02,1.51911003e-09,0.00000000e+00,0.00000000e+00,0.00000000e+00,0.00000000e+00,0.00000000e+00,0.00000000e+00,0.00000000e+00,0.00000000e+00,0.00000000e+00,0.00000000e+00,0.00000000e+00,0.00000000e+00,0.00000000e+00,0.00000000e+00,0.00000000e+00,0.00000000e+00,0.00000000e+00,0.00000000e+00,0.00000000e+00,0.00000000e+00,0.00000000e+00,0.00000000e+00,0.00000000e+00,2.86198374e-04
1.28432086e+02,1.28182086e+02,1.51910977e-09,0.00000000e+00,0.00000000e+00,0.00000000e+00,0.00000000e+00,0.00000000e+00,0.00000000e+00,0.00000000e+00,0.00000000e+00,0.00000000e+00,0.00000000e+00,0.00000000e+00,0.00000000e+00,0.00000000e+00,0.00000000e+00,0.00000000e+00,0.00000000e+00,0.00000000e+00,0.00000000e+00,0.00000000e+00,0.00000000e+00,0.00000000e+00,0.00000000e+00,0.00000000e+00,2.86684601e-04
1.28532111e+02,1.28282111e+02,1.51910951e-09,0.00000000e+00,0.00000000e+00,0.00000000e+00,0.00000000e+00,0.00000000e+00,0.00000000e+00,0.00000000e+00,0.00000000e+00,0.00000000e+00,0.00000000e+00,0.00000000e+00,0.00000000e+00,0.00000000e+00,0.00000000e+00,0.00000000e+00,0.00000000e+00,0.00000000e+00,0.00000000e+00,0.00000000e+00,0.00000000e+00,0.00000000e+00,0.00000000e+00,0.00000000e+00,2.85707601e-04
1.28632136e+02,1.28382136e+02,1.51910926e-09,0.00000000e+00,0.00000000e+00,0.00000000e+00,0.00000000e+00,0.00000000e+00,0.00000000e+00,0.00000000e+00,0.00000000e+00,0.00000000e+00,0.00000000e+00,0.00000000e+00,0.00000000e+00,0.00000000e+00,0.00000000e+00,0.00000000e+00,0.00000000e+00,0.00000000e+00,0.00000000e+00,0.00000000e+00,0.00000000e+00,0.00000000e+00,0.00000000e+00,0.00000000e+00,2.85527492e-04
1.28732161e+02,1.28482161e+02,1.51910900e-09,0.00000000e+00,0.00000000e+00,0.00000000e+00,0.00000000e+00,0.00000000e+00,0.00000000e+00,0.00000000e+00,0.00000000e+00,0.00000000e+00,0.00000000e+00,0.00000000e+00,0.00000000e+00,0.00000000e+00,0.00000000e+00,0.00000000e+00,0.00000000e+00,0.00000000e+00,0.00000000e+00,0.00000000e+00,0.00000000e+00,0.00000000e+00,0.00000000e+00,0.00000000e+00,2.84079931e-04
1.28832186e+02,1.28582186e+02,1.51910874e-09,0.00000000e+00,0.00000000e+00,0.00000000e+00,0.00000000e+00,0.00000000e+00,0.00000000e+00,0.00000000e+00,0.00000000e+00,0.00000000e+00,0.00000000e+00,0.00000000e+00,0.00000000e+00,0.00000000e+00,0.00000000e+00,0.00000000e+00,0.00000000e+00,0.00000000e+00,0.00000000e+00,0.00000000e+00,0.00000000e+00,0.00000000e+00,0.00000000e+00,0.00000000e+00,2.83828522e-04
1.28932211e+02,1.28682211e+02,1.51910849e-09,0.00000000e+00,0.00000000e+00,0.00000000e+00,0.00000000e+00,0.00000000e+00,0.00000000e+00,0.00000000e+00,0.00000000e+00,0.00000000e+00,0.00000000e+00,0.00000000e+00,0.00000000e+00,0.00000000e+00,0.00000000e+00,0.00000000e+00,0.00000000e+00,0.00000000e+00,0.00000000e+00,0.00000000e+00,0.00000000e+00,0.00000000e+00,0.00000000e+00,0.00000000e+00,2.81336959e-04
1.29032236e+02,1.28782236e+02,1.51910823e-09,0.00000000e+00,0.00000000e+00,0.00000000e+00,0.00000000e+00,0.00000000e+00,0.00000000e+00,0.00000000e+00,0.00000000e+00,0.00000000e+00,0.00000000e+00,0.00000000e+00,0.00000000e+00,0.00000000e+00,0.00000000e+00,0.00000000e+00,0.00000000e+00,0.00000000e+00,0.00000000e+00,0.00000000e+00,0.00000000e+00,0.00000000e+00,0.00000000e+00,0.00000000e+00,2.80462347e-04
1.29132261e+02,1.28882261e+02,1.51910798e-09,0.00000000e+00,0.00000000e+00,0.00000000e+00,0.00000000e+00,0.00000000e+00,0.00000000e+00,0.00000000e+00,0.00000000e+00,0.00000000e+00,0.00000000e+00,0.00000000e+00,0.00000000e+00,0.00000000e+00,0.00000000e+00,0.00000000e+00,0.00000000e+00,0.00000000e+00,0.00000000e+00,0.00000000e+00,0.00000000e+00,0.00000000e+00,0.00000000e+00,0.00000000e+00,2.82670131e-04
1.29232286e+02,1.28982286e+02,1.51910772e-09,0.00000000e+00,0.00000000e+00,0.00000000e+00,0.00000000e+00,0.00000000e+00,0.00000000e+00,0.00000000e+00,0.00000000e+00,0.00000000e+00,0.00000000e+00,0.00000000e+00,0.00000000e+00,0.00000000e+00,0.00000000e+00,0.00000000e+00,0.00000000e+00,0.00000000e+00,0.00000000e+00,0.00000000e+00,0.00000000e+00,0.00000000e+00,0.00000000e+00,0.00000000e+00,2.79241534e-04
1.29332311e+02,1.29082311e+02,1.51910747e-09,0.00000000e+00,0.00000000e+00,0.00000000e+00,0.00000000e+00,0.00000000e+00,0.00000000e+00,0.00000000e+00,0.00000000e+00,0.00000000e+00,0.00000000e+00,0.00000000e+00,0.00000000e+00,0.00000000e+00,0.00000000e+00,0.00000000e+00,0.00000000e+00,0.00000000e+00,0.00000000e+00,0.00000000e+00,0.00000000e+00,0.00000000e+00,0.00000000e+00,0.00000000e+00,2.81154826e-04
1.29432336e+02,1.29182336e+02,1.51910722e-09,0.00000000e+00,0.00000000e+00,0.00000000e+00,0.00000000e+00,0.00000000e+00,0.00000000e+00,0.00000000e+00,0.00000000e+00,0.00000000e+00,0.00000000e+00,0.00000000e+00,0.00000000e+00,0.00000000e+00,0.00000000e+00,0.00000000e+00,0.00000000e+00,0.00000000e+00,0.00000000e+00,0.00000000e+00,0.00000000e+00,0.00000000e+00,0.00000000e+00,0.00000000e+00,2.81586116e-04
1.29532361e+02,1.29282361e+02,7.62207350e-10,0.00000000e+00,0.00000000e+00,0.00000000e+00,0.00000000e+00,0.00000000e+00,0.00000000e+00,0.00000000e+00,0.00000000e+00,0.00000000e+00,0.00000000e+00,0.00000000e+00,0.00000000e+00,0.00000000e+00,0.00000000e+00,0.00000000e+00,0.00000000e+00,0.00000000e+00,0.00000000e+00,0.00000000e+00,0.00000000e+00,0.00000000e+00,0.00000000e+00,0.00000000e+00,2.79938504e-04
1.29632386e+02,1.29382386e+02,0.00000000e+00,0.00000000e+00,0.00000000e+00,0.00000000e+00,0.00000000e+00,0.00000000e+00,0.00000000e+00,0.00000000e+00,0.00000000e+00,0.00000000e+00,0.00000000e+00,0.00000000e+00,0.00000000e+00,0.00000000e+00,0.00000000e+00,0.00000000e+00,0.00000000e+00,0.00000000e+00,0.00000000e+00,0.00000000e+00,0.00000000e+00,0.00000000e+00,0.00000000e+00,0.00000000e+00,2.80045479e-04
1.29732411e+02,1.29482411e+02,0.00000000e+00,0.00000000e+00,0.00000000e+00,0.00000000e+00,0.00000000e+00,0.00000000e+00,0.00000000e+00,0.00000000e+00,0.00000000e+00,0.00000000e+00,0.00000000e+00,0.00000000e+00,0.00000000e+00,0.00000000e+00,0.00000000e+00,0.00000000e+00,0.00000000e+00,0.00000000e+00,0.00000000e+00,0.00000000e+00,0.00000000e+00,0.00000000e+00,0.00000000e+00,0.00000000e+00,2.81307547e-04
1.29832436e+02,1.29582436e+02,0.00000000e+00,0.00000000e+00,0.00000000e+00,0.00000000e+00,0.00000000e+00,0.00000000e+00,0.00000000e+00,0.00000000e+00,0.00000000e+00,0.00000000e+00,0.00000000e+00,0.00000000e+00,0.00000000e+00,0.00000000e+00,0.00000000e+00,0.00000000e+00,0.00000000e+00,0.00000000e+00,0.00000000e+00,0.00000000e+00,0.00000000e+00,0.00000000e+00,0.00000000e+00,0.00000000e+00,2.80514023e-04
1.29932461e+02,1.29682461e+02,0.00000000e+00,0.00000000e+00,0.00000000e+00,0.00000000e+00,0.00000000e+00,0.00000000e+00,0.00000000e+00,0.00000000e+00,0.00000000e+00,0.00000000e+00,0.00000000e+00,0.00000000e+00,0.00000000e+00,0.00000000e+00,0.00000000e+00,0.00000000e+00,0.00000000e+00,0.00000000e+00,0.00000000e+00,0.00000000e+00,0.00000000e+00,0.00000000e+00,0.00000000e+00,0.00000000e+00,2.81791877e-04
1.30032486e+02,1.29782486e+02,0.00000000e+00,0.00000000e+00,0.00000000e+00,0.00000000e+00,0.00000000e+00,0.00000000e+00,0.00000000e+00,0.00000000e+00,0.00000000e+00,0.00000000e+00,0.00000000e+00,0.00000000e+00,0.00000000e+00,0.00000000e+00,0.00000000e+00,0.00000000e+00,0.00000000e+00,0.00000000e+00,0.00000000e+00,0.00000000e+00,0.00000000e+00,0.00000000e+00,0.00000000e+00,0.00000000e+00,2.81752187e-04
1.30132511e+02,1.29882511e+02,0.00000000e+00,0.00000000e+00,0.00000000e+00,0.00000000e+00,0.00000000e+00,0.00000000e+00,0.00000000e+00,0.00000000e+00,0.00000000e+00,0.00000000e+00,0.00000000e+00,0.00000000e+00,0.00000000e+00,0.00000000e+00,0.00000000e+00,0.00000000e+00,0.00000000e+00,0.00000000e+00,0.00000000e+00,0.00000000e+00,0.00000000e+00,0.00000000e+00,0.00000000e+00,0.00000000e+00,2.81359611e-04
1.30232536e+02,1.29982536e+02,0.00000000e+00,0.00000000e+00,0.00000000e+00,0.00000000e+00,0.00000000e+00,0.00000000e+00,0.00000000e+00,0.00000000e+00,0.00000000e+00,0.00000000e+00,0.00000000e+00,0.00000000e+00,0.00000000e+00,0.00000000e+00,0.00000000e+00,0.00000000e+00,0.00000000e+00,0.00000000e+00,0.00000000e+00,0.00000000e+00,0.00000000e+00,0.00000000e+00,0.00000000e+00,0.00000000e+00,2.81028828e-04
1.30332561e+02,1.30082561e+02,0.00000000e+00,0.00000000e+00,0.00000000e+00,0.00000000e+00,0.00000000e+00,0.00000000e+00,0.00000000e+00,0.00000000e+00,0.00000000e+00,0.00000000e+00,0.00000000e+00,0.00000000e+00,0.00000000e+00,0.00000000e+00,0.00000000e+00,0.00000000e+00,0.00000000e+00,0.00000000e+00,0.00000000e+00,0.00000000e+00,0.00000000e+00,0.00000000e+00,0.00000000e+00,0.00000000e+00,2.78151866e-04
1.30432586e+02,1.30182586e+02,0.00000000e+00,0.00000000e+00,0.00000000e+00,0.00000000e+00,0.00000000e+00,0.00000000e+00,0.00000000e+00,0.00000000e+00,0.00000000e+00,0.00000000e+00,0.00000000e+00,0.00000000e+00,0.00000000e+00,0.00000000e+00,0.00000000e+00,0.00000000e+00,0.00000000e+00,0.00000000e+00,0.00000000e+00,0.00000000e+00,0.00000000e+00,0.00000000e+00,0.00000000e+00,0.00000000e+00,2.78671922e-04
1.30532611e+02,1.30282611e+02,0.00000000e+00,0.00000000e+00,0.00000000e+00,0.00000000e+00,0.00000000e+00,0.00000000e+00,0.00000000e+00,0.00000000e+00,0.00000000e+00,0.00000000e+00,0.00000000e+00,0.00000000e+00,0.00000000e+00,0.00000000e+00,0.00000000e+00,0.00000000e+00,0.00000000e+00,0.00000000e+00,0.00000000e+00,0.00000000e+00,0.00000000e+00,0.00000000e+00,0.00000000e+00,0.00000000e+00,2.78922349e-04
1.30632636e+02,1.30382636e+02,0.00000000e+00,0.00000000e+00,0.00000000e+00,0.00000000e+00,0.00000000e+00,0.00000000e+00,0.00000000e+00,0.00000000e+00,0.00000000e+00,0.00000000e+00,0.00000000e+00,0.00000000e+00,0.00000000e+00,0.00000000e+00,0.00000000e+00,0.00000000e+00,0.00000000e+00,0.00000000e+00,0.00000000e+00,0.00000000e+00,0.00000000e+00,0.00000000e+00,0.00000000e+00,0.00000000e+00,2.78291723e-04
1.30732661e+02,1.30482661e+02,0.00000000e+00,0.00000000e+00,0.00000000e+00,0.00000000e+00,0.00000000e+00,0.00000000e+00,0.00000000e+00,0.00000000e+00,0.00000000e+00,0.00000000e+00,0.00000000e+00,0.00000000e+00,0.00000000e+00,0.00000000e+00,0.00000000e+00,0.00000000e+00,0.00000000e+00,0.00000000e+00,0.00000000e+00,0.00000000e+00,0.00000000e+00,0.00000000e+00,0.00000000e+00,0.00000000e+00,2.75568850e-04
1.30832687e+02,1.30582687e+02,0.00000000e+00,0.00000000e+00,0.00000000e+00,0.00000000e+00,0.00000000e+00,0.00000000e+00,0.00000000e+00,0.00000000e+00,0.00000000e+00,0.00000000e+00,0.00000000e+00,0.00000000e+00,0.00000000e+00,0.00000000e+00,0.00000000e+00,0.00000000e+00,0.00000000e+00,0.00000000e+00,0.00000000e+00,0.00000000e+00,0.00000000e+00,0.00000000e+00,0.00000000e+00,0.00000000e+00,2.75270238e-04
1.30932712e+02,1.30682712e+02,0.00000000e+00,0.00000000e+00,0.00000000e+00,0.00000000e+00,0.00000000e+00,0.00000000e+00,0.00000000e+00,0.00000000e+00,0.00000000e+00,0.00000000e+00,0.00000000e+00,0.00000000e+00,0.00000000e+00,0.00000000e+00,0.00000000e+00,0.00000000e+00,0.00000000e+00,0.00000000e+00,0.00000000e+00,0.00000000e+00,0.00000000e+00,0.00000000e+00,0.00000000e+00,0.00000000e+00,2.73005663e-04
1.31032737e+02,1.30782737e+02,0.00000000e+00,0.00000000e+00,0.00000000e+00,0.00000000e+00,0.00000000e+00,0.00000000e+00,0.00000000e+00,0.00000000e+00,0.00000000e+00,0.00000000e+00,0.00000000e+00,0.00000000e+00,0.00000000e+00,0.00000000e+00,0.00000000e+00,0.00000000e+00,0.00000000e+00,0.00000000e+00,0.00000000e+00,0.00000000e+00,0.00000000e+00,0.00000000e+00,0.00000000e+00,0.00000000e+00,2.72425508e-04
1.31132762e+02,1.30882762e+02,0.00000000e+00,0.00000000e+00,0.00000000e+00,0.00000000e+00,0.00000000e+00,0.00000000e+00,0.00000000e+00,0.00000000e+00,0.00000000e+00,0.00000000e+00,0.00000000e+00,0.00000000e+00,0.00000000e+00,0.00000000e+00,0.00000000e+00,0.00000000e+00,0.00000000e+00,0.00000000e+00,0.00000000e+00,0.00000000e+00,0.00000000e+00,0.00000000e+00,0.00000000e+00,0.00000000e+00,2.72273691e-04
1.31232787e+02,1.30982787e+02,0.00000000e+00,0.00000000e+00,0.00000000e+00,0.00000000e+00,0.00000000e+00,0.00000000e+00,0.00000000e+00,0.00000000e+00,0.00000000e+00,0.00000000e+00,0.00000000e+00,0.00000000e+00,0.00000000e+00,0.00000000e+00,0.00000000e+00,0.00000000e+00,0.00000000e+00,0.00000000e+00,0.00000000e+00,0.00000000e+00,0.00000000e+00,0.00000000e+00,0.00000000e+00,0.00000000e+00,2.71750475e-04
1.31332812e+02,1.31082812e+02,0.00000000e+00,0.00000000e+00,0.00000000e+00,0.00000000e+00,0.00000000e+00,0.00000000e+00,0.00000000e+00,0.00000000e+00,0.00000000e+00,0.00000000e+00,0.00000000e+00,0.00000000e+00,0.00000000e+00,0.00000000e+00,0.00000000e+00,0.00000000e+00,0.00000000e+00,0.00000000e+00,0.00000000e+00,0.00000000e+00,0.00000000e+00,0.00000000e+00,0.00000000e+00,0.00000000e+00,2.71301423e-04
1.31432837e+02,1.31182837e+02,0.00000000e+00,0.00000000e+00,0.00000000e+00,0.00000000e+00,0.00000000e+00,0.00000000e+00,0.00000000e+00,0.00000000e+00,0.00000000e+00,0.00000000e+00,0.00000000e+00,0.00000000e+00,0.00000000e+00,0.00000000e+00,0.00000000e+00,0.00000000e+00,0.00000000e+00,0.00000000e+00,0.00000000e+00,0.00000000e+00,0.00000000e+00,0.00000000e+00,0.00000000e+00,0.00000000e+00,2.71800991e-04
1.31532862e+02,1.31282862e+02,0.00000000e+00,0.00000000e+00,0.00000000e+00,0.00000000e+00,0.00000000e+00,0.00000000e+00,0.00000000e+00,0.00000000e+00,0.00000000e+00,0.00000000e+00,0.00000000e+00,0.00000000e+00,0.00000000e+00,0.00000000e+00,0.00000000e+00,0.00000000e+00,0.00000000e+00,0.00000000e+00,0.00000000e+00,0.00000000e+00,0.00000000e+00,0.00000000e+00,0.00000000e+00,0.00000000e+00,2.72309226e-04
1.31632887e+02,1.31382887e+02,0.00000000e+00,0.00000000e+00,0.00000000e+00,0.00000000e+00,0.00000000e+00,0.00000000e+00,0.00000000e+00,0.00000000e+00,0.00000000e+00,0.00000000e+00,0.00000000e+00,0.00000000e+00,0.00000000e+00,0.00000000e+00,0.00000000e+00,0.00000000e+00,0.00000000e+00,0.00000000e+00,0.00000000e+00,0.00000000e+00,0.00000000e+00,0.00000000e+00,0.00000000e+00,0.00000000e+00,2.71385291e-04
1.31732912e+02,1.31482912e+02,0.00000000e+00,0.00000000e+00,0.00000000e+00,0.00000000e+00,0.00000000e+00,0.00000000e+00,0.00000000e+00,0.00000000e+00,0.00000000e+00,0.00000000e+00,0.00000000e+00,0.00000000e+00,0.00000000e+00,0.00000000e+00,0.00000000e+00,0.00000000e+00,0.00000000e+00,0.00000000e+00,0.00000000e+00,0.00000000e+00,0.00000000e+00,0.00000000e+00,0.00000000e+00,0.00000000e+00,2.70659335e-04
1.31832937e+02,1.31582937e+02,0.00000000e+00,0.00000000e+00,0.00000000e+00,0.00000000e+00,0.00000000e+00,0.00000000e+00,0.00000000e+00,0.00000000e+00,0.00000000e+00,0.00000000e+00,0.00000000e+00,0.00000000e+00,0.00000000e+00,0.00000000e+00,0.00000000e+00,0.00000000e+00,0.00000000e+00,0.00000000e+00,0.00000000e+00,0.00000000e+00,0.00000000e+00,0.00000000e+00,0.00000000e+00,0.00000000e+00,2.69427128e-04
1.31932962e+02,1.31682962e+02,0.00000000e+00,0.00000000e+00,0.00000000e+00,0.00000000e+00,0.00000000e+00,0.00000000e+00,0.00000000e+00,0.00000000e+00,0.00000000e+00,0.00000000e+00,0.00000000e+00,0.00000000e+00,0.00000000e+00,0.00000000e+00,0.00000000e+00,0.00000000e+00,0.00000000e+00,0.00000000e+00,0.00000000e+00,0.00000000e+00,0.00000000e+00,0.00000000e+00,0.00000000e+00,0.00000000e+00,2.67804375e-04
1.32032987e+02,1.31782987e+02,0.00000000e+00,0.00000000e+00,0.00000000e+00,0.00000000e+00,0.00000000e+00,0.00000000e+00,0.00000000e+00,0.00000000e+00,0.00000000e+00,0.00000000e+00,0.00000000e+00,0.00000000e+00,0.00000000e+00,0.00000000e+00,0.00000000e+00,0.00000000e+00,0.00000000e+00,0.00000000e+00,0.00000000e+00,0.00000000e+00,0.00000000e+00,0.00000000e+00,0.00000000e+00,0.00000000e+00,2.68412157e-04
1.32133012e+02,1.31883012e+02,0.00000000e+00,0.00000000e+00,0.00000000e+00,0.00000000e+00,0.00000000e+00,0.00000000e+00,0.00000000e+00,0.00000000e+00,0.00000000e+00,0.00000000e+00,0.00000000e+00,0.00000000e+00,0.00000000e+00,0.00000000e+00,0.00000000e+00,0.00000000e+00,0.00000000e+00,0.00000000e+00,0.00000000e+00,0.00000000e+00,0.00000000e+00,0.00000000e+00,0.00000000e+00,0.00000000e+00,2.69079814e-04
1.32233037e+02,1.31983037e+02,0.00000000e+00,0.00000000e+00,0.00000000e+00,0.00000000e+00,0.00000000e+00,0.00000000e+00,0.00000000e+00,0.00000000e+00,0.00000000e+00,0.00000000e+00,0.00000000e+00,0.00000000e+00,0.00000000e+00,0.00000000e+00,0.00000000e+00,0.00000000e+00,0.00000000e+00,0.00000000e+00,0.00000000e+00,0.00000000e+00,0.00000000e+00,0.00000000e+00,0.00000000e+00,0.00000000e+00,2.68364460e-04
1.32333062e+02,1.32083062e+02,0.00000000e+00,0.00000000e+00,0.00000000e+00,0.00000000e+00,0.00000000e+00,0.00000000e+00,0.00000000e+00,0.00000000e+00,0.00000000e+00,0.00000000e+00,0.00000000e+00,0.00000000e+00,0.00000000e+00,0.00000000e+00,0.00000000e+00,0.00000000e+00,0.00000000e+00,0.00000000e+00,0.00000000e+00,0.00000000e+00,0.00000000e+00,0.00000000e+00,0.00000000e+00,0.00000000e+00,2.68475994e-04
1.32433087e+02,1.32183087e+02,0.00000000e+00,0.00000000e+00,0.00000000e+00,0.00000000e+00,0.00000000e+00,0.00000000e+00,0.00000000e+00,0.00000000e+00,0.00000000e+00,0.00000000e+00,0.00000000e+00,0.00000000e+00,0.00000000e+00,0.00000000e+00,0.00000000e+00,0.00000000e+00,0.00000000e+00,0.00000000e+00,0.00000000e+00,0.00000000e+00,0.00000000e+00,0.00000000e+00,0.00000000e+00,0.00000000e+00,2.69022970e-04
1.32533112e+02,1.32283112e+02,0.00000000e+00,0.00000000e+00,0.00000000e+00,0.00000000e+00,0.00000000e+00,0.00000000e+00,0.00000000e+00,0.00000000e+00,0.00000000e+00,0.00000000e+00,0.00000000e+00,0.00000000e+00,0.00000000e+00,0.00000000e+00,0.00000000e+00,0.00000000e+00,0.00000000e+00,0.00000000e+00,0.00000000e+00,0.00000000e+00,0.00000000e+00,0.00000000e+00,0.00000000e+00,0.00000000e+00,2.66563413e-04
1.32633137e+02,1.32383137e+02,0.00000000e+00,0.00000000e+00,0.00000000e+00,0.00000000e+00,0.00000000e+00,0.00000000e+00,0.00000000e+00,0.00000000e+00,0.00000000e+00,0.00000000e+00,0.00000000e+00,0.00000000e+00,0.00000000e+00,0.00000000e+00,0.00000000e+00,0.00000000e+00,0.00000000e+00,0.00000000e+00,0.00000000e+00,0.00000000e+00,0.00000000e+00,0.00000000e+00,0.00000000e+00,0.00000000e+00,2.65917652e-04
1.32733162e+02,1.32483162e+02,0.00000000e+00,0.00000000e+00,0.00000000e+00,0.00000000e+00,0.00000000e+00,0.00000000e+00,0.00000000e+00,0.00000000e+00,0.00000000e+00,0.00000000e+00,0.00000000e+00,0.00000000e+00,0.00000000e+00,0.00000000e+00,0.00000000e+00,0.00000000e+00,0.00000000e+00,0.00000000e+00,0.00000000e+00,0.00000000e+00,0.00000000e+00,0.00000000e+00,0.00000000e+00,0.00000000e+00,2.62860089e-04
1.32833187e+02,1.32583187e+02,0.00000000e+00,0.00000000e+00,0.00000000e+00,0.00000000e+00,0.00000000e+00,0.00000000e+00,0.00000000e+00,0.00000000e+00,0.00000000e+00,0.00000000e+00,0.00000000e+00,0.00000000e+00,0.00000000e+00,0.00000000e+00,0.00000000e+00,0.00000000e+00,0.00000000e+00,0.00000000e+00,0.00000000e+00,0.00000000e+00,0.00000000e+00,0.00000000e+00,0.00000000e+00,0.00000000e+00,2.65097988e-04
1.32933212e+02,1.32683212e+02,0.00000000e+00,0.00000000e+00,0.00000000e+00,0.00000000e+00,0.00000000e+00,0.00000000e+00,0.00000000e+00,0.00000000e+00,0.00000000e+00,0.00000000e+00,0.00000000e+00,0.00000000e+00,0.00000000e+00,0.00000000e+00,0.00000000e+00,0.00000000e+00,0.00000000e+00,0.00000000e+00,0.00000000e+00,0.00000000e+00,0.00000000e+00,0.00000000e+00,0.00000000e+00,0.00000000e+00,2.64719735e-04
1.33033237e+02,1.32783237e+02,0.00000000e+00,0.00000000e+00,0.00000000e+00,0.00000000e+00,0.00000000e+00,0.00000000e+00,0.00000000e+00,0.00000000e+00,0.00000000e+00,0.00000000e+00,0.00000000e+00,0.00000000e+00,0.00000000e+00,0.00000000e+00,0.00000000e+00,0.00000000e+00,0.00000000e+00,0.00000000e+00,0.00000000e+00,0.00000000e+00,0.00000000e+00,0.00000000e+00,0.00000000e+00,0.00000000e+00,2.64600512e-04
1.33133262e+02,1.32883262e+02,0.00000000e+00,0.00000000e+00,0.00000000e+00,0.00000000e+00,0.00000000e+00,0.00000000e+00,0.00000000e+00,0.00000000e+00,0.00000000e+00,0.00000000e+00,0.00000000e+00,0.00000000e+00,0.00000000e+00,0.00000000e+00,0.00000000e+00,0.00000000e+00,0.00000000e+00,0.00000000e+00,0.00000000e+00,0.00000000e+00,0.00000000e+00,0.00000000e+00,0.00000000e+00,0.00000000e+00,2.63865934e-04
1.33233287e+02,1.32983287e+02,0.00000000e+00,0.00000000e+00,0.00000000e+00,0.00000000e+00,0.00000000e+00,0.00000000e+00,0.00000000e+00,0.00000000e+00,0.00000000e+00,0.00000000e+00,0.00000000e+00,0.00000000e+00,0.00000000e+00,0.00000000e+00,0.00000000e+00,0.00000000e+00,0.00000000e+00,0.00000000e+00,0.00000000e+00,0.00000000e+00,0.00000000e+00,0.00000000e+00,0.00000000e+00,0.00000000e+00,2.60715606e-04
1.33333312e+02,1.33083312e+02,0.00000000e+00,0.00000000e+00,0.00000000e+00,0.00000000e+00,0.00000000e+00,0.00000000e+00,0.00000000e+00,0.00000000e+00,0.00000000e+00,0.00000000e+00,0.00000000e+00,0.00000000e+00,0.00000000e+00,0.00000000e+00,0.00000000e+00,0.00000000e+00,0.00000000e+00,0.00000000e+00,0.00000000e+00,0.00000000e+00,0.00000000e+00,0.00000000e+00,0.00000000e+00,0.00000000e+00,2.60223560e-04
1.33433338e+02,1.33183338e+02,0.00000000e+00,0.00000000e+00,0.00000000e+00,0.00000000e+00,0.00000000e+00,0.00000000e+00,0.00000000e+00,0.00000000e+00,0.00000000e+00,0.00000000e+00,0.00000000e+00,0.00000000e+00,0.00000000e+00,0.00000000e+00,0.00000000e+00,0.00000000e+00,0.00000000e+00,0.00000000e+00,0.00000000e+00,0.00000000e+00,0.00000000e+00,0.00000000e+00,0.00000000e+00,0.00000000e+00,2.62878580e-04
1.33533363e+02,1.33283363e+02,0.00000000e+00,0.00000000e+00,0.00000000e+00,0.00000000e+00,0.00000000e+00,0.00000000e+00,0.00000000e+00,0.00000000e+00,0.00000000e+00,0.00000000e+00,0.00000000e+00,0.00000000e+00,0.00000000e+00,0.00000000e+00,0.00000000e+00,0.00000000e+00,0.00000000e+00,0.00000000e+00,0.00000000e+00,0.00000000e+00,0.00000000e+00,0.00000000e+00,0.00000000e+00,0.00000000e+00,2.60165432e-04
1.33633388e+02,1.33383388e+02,0.00000000e+00,0.00000000e+00,0.00000000e+00,0.00000000e+00,0.00000000e+00,0.00000000e+00,0.00000000e+00,0.00000000e+00,0.00000000e+00,0.00000000e+00,0.00000000e+00,0.00000000e+00,0.00000000e+00,0.00000000e+00,0.00000000e+00,0.00000000e+00,0.00000000e+00,0.00000000e+00,0.00000000e+00,0.00000000e+00,0.00000000e+00,0.00000000e+00,0.00000000e+00,0.00000000e+00,2.58234273e-04
1.33733413e+02,1.33483413e+02,0.00000000e+00,0.00000000e+00,0.00000000e+00,0.00000000e+00,0.00000000e+00,0.00000000e+00,0.00000000e+00,0.00000000e+00,0.00000000e+00,0.00000000e+00,0.00000000e+00,0.00000000e+00,0.00000000e+00,0.00000000e+00,0.00000000e+00,0.00000000e+00,0.00000000e+00,0.00000000e+00,0.00000000e+00,0.00000000e+00,0.00000000e+00,0.00000000e+00,0.00000000e+00,0.00000000e+00,2.59543989e-04
1.33833438e+02,1.33583438e+02,0.00000000e+00,0.00000000e+00,0.00000000e+00,0.00000000e+00,0.00000000e+00,0.00000000e+00,0.00000000e+00,0.00000000e+00,0.00000000e+00,0.00000000e+00,0.00000000e+00,0.00000000e+00,0.00000000e+00,0.00000000e+00,0.00000000e+00,0.00000000e+00,0.00000000e+00,0.00000000e+00,0.00000000e+00,0.00000000e+00,0.00000000e+00,0.00000000e+00,0.00000000e+00,0.00000000e+00,2.58001276e-04
1.33933463e+02,1.33683463e+02,0.00000000e+00,0.00000000e+00,0.00000000e+00,0.00000000e+00,0.00000000e+00,0.00000000e+00,0.00000000e+00,0.00000000e+00,0.00000000e+00,0.00000000e+00,0.00000000e+00,0.00000000e+00,0.00000000e+00,0.00000000e+00,0.00000000e+00,0.00000000e+00,0.00000000e+00,0.00000000e+00,0.00000000e+00,0.00000000e+00,0.00000000e+00,0.00000000e+00,0.00000000e+00,0.00000000e+00,2.58099403e-04
1.34033488e+02,1.33783488e+02,0.00000000e+00,0.00000000e+00,0.00000000e+00,0.00000000e+00,0.00000000e+00,0.00000000e+00,0.00000000e+00,0.00000000e+00,0.00000000e+00,0.00000000e+00,0.00000000e+00,0.00000000e+00,0.00000000e+00,0.00000000e+00,0.00000000e+00,0.00000000e+00,0.00000000e+00,0.00000000e+00,0.00000000e+00,0.00000000e+00,0.00000000e+00,0.00000000e+00,0.00000000e+00,0.00000000e+00,2.60935480e-04
1.34133513e+02,1.33883513e+02,0.00000000e+00,0.00000000e+00,0.00000000e+00,0.00000000e+00,0.00000000e+00,0.00000000e+00,0.00000000e+00,0.00000000e+00,0.00000000e+00,0.00000000e+00,0.00000000e+00,0.00000000e+00,0.00000000e+00,0.00000000e+00,0.00000000e+00,0.00000000e+00,0.00000000e+00,0.00000000e+00,0.00000000e+00,0.00000000e+00,0.00000000e+00,0.00000000e+00,0.00000000e+00,0.00000000e+00,2.57443346e-04
1.34233538e+02,1.33983538e+02,0.00000000e+00,0.00000000e+00,0.00000000e+00,0.00000000e+00,0.00000000e+00,0.00000000e+00,0.00000000e+00,0.00000000e+00,0.00000000e+00,0.00000000e+00,0.00000000e+00,0.00000000e+00,0.00000000e+00,0.00000000e+00,0.00000000e+00,0.00000000e+00,0.00000000e+00,0.00000000e+00,0.00000000e+00,0.00000000e+00,0.00000000e+00,0.00000000e+00,0.00000000e+00,0.00000000e+00,2.58001462e-04
1.34333563e+02,1.34083563e+02,0.00000000e+00,0.00000000e+00,0.00000000e+00,0.00000000e+00,0.00000000e+00,0.00000000e+00,0.00000000e+00,0.00000000e+00,0.00000000e+00,0.00000000e+00,0.00000000e+00,0.00000000e+00,0.00000000e+00,0.00000000e+00,0.00000000e+00,0.00000000e+00,0.00000000e+00,0.00000000e+00,0.00000000e+00,0.00000000e+00,0.00000000e+00,0.00000000e+00,0.00000000e+00,0.00000000e+00,2.55941681e-04
1.34433588e+02,1.34183588e+02,0.00000000e+00,0.00000000e+00,0.00000000e+00,0.00000000e+00,0.00000000e+00,0.00000000e+00,0.00000000e+00,0.00000000e+00,0.00000000e+00,0.00000000e+00,0.00000000e+00,0.00000000e+00,0.00000000e+00,0.00000000e+00,0.00000000e+00,0.00000000e+00,0.00000000e+00,0.00000000e+00,0.00000000e+00,0.00000000e+00,0.00000000e+00,0.00000000e+00,0.00000000e+00,0.00000000e+00,2.55907657e-04
1.34533613e+02,1.34283613e+02,0.00000000e+00,0.00000000e+00,0.00000000e+00,0.00000000e+00,0.00000000e+00,0.00000000e+00,0.00000000e+00,0.00000000e+00,0.00000000e+00,0.00000000e+00,0.00000000e+00,0.00000000e+00,0.00000000e+00,0.00000000e+00,0.00000000e+00,0.00000000e+00,0.00000000e+00,0.00000000e+00,0.00000000e+00,0.00000000e+00,0.00000000e+00,0.00000000e+00,0.00000000e+00,0.00000000e+00,2.55923634e-04
1.34633638e+02,1.34383638e+02,0.00000000e+00,0.00000000e+00,0.00000000e+00,0.00000000e+00,0.00000000e+00,0.00000000e+00,0.00000000e+00,0.00000000e+00,0.00000000e+00,0.00000000e+00,0.00000000e+00,0.00000000e+00,0.00000000e+00,0.00000000e+00,0.00000000e+00,0.00000000e+00,0.00000000e+00,0.00000000e+00,0.00000000e+00,0.00000000e+00,0.00000000e+00,0.00000000e+00,0.00000000e+00,0.00000000e+00,2.56510931e-04
1.34733663e+02,1.34483663e+02,0.00000000e+00,0.00000000e+00,0.00000000e+00,0.00000000e+00,0.00000000e+00,0.00000000e+00,0.00000000e+00,0.00000000e+00,0.00000000e+00,0.00000000e+00,0.00000000e+00,0.00000000e+00,0.00000000e+00,0.00000000e+00,0.00000000e+00,0.00000000e+00,0.00000000e+00,0.00000000e+00,0.00000000e+00,0.00000000e+00,0.00000000e+00,0.00000000e+00,0.00000000e+00,0.00000000e+00,2.55598152e-04
1.34833688e+02,1.34583688e+02,0.00000000e+00,0.00000000e+00,0.00000000e+00,0.00000000e+00,0.00000000e+00,0.00000000e+00,0.00000000e+00,0.00000000e+00,0.00000000e+00,0.00000000e+00,0.00000000e+00,0.00000000e+00,0.00000000e+00,0.00000000e+00,0.00000000e+00,0.00000000e+00,0.00000000e+00,0.00000000e+00,0.00000000e+00,0.00000000e+00,0.00000000e+00,0.00000000e+00,0.00000000e+00,0.00000000e+00,2.55783096e-04
1.34933713e+02,1.34683713e+02,0.00000000e+00,0.00000000e+00,0.00000000e+00,0.00000000e+00,0.00000000e+00,0.00000000e+00,0.00000000e+00,0.00000000e+00,0.00000000e+00,0.00000000e+00,0.00000000e+00,0.00000000e+00,0.00000000e+00,0.00000000e+00,0.00000000e+00,0.00000000e+00,0.00000000e+00,0.00000000e+00,0.00000000e+00,0.00000000e+00,0.00000000e+00,0.00000000e+00,0.00000000e+00,0.00000000e+00,2.54218155e-04
1.35033738e+02,1.34783738e+02,0.00000000e+00,0.00000000e+00,0.00000000e+00,0.00000000e+00,0.00000000e+00,0.00000000e+00,0.00000000e+00,0.00000000e+00,0.00000000e+00,0.00000000e+00,0.00000000e+00,0.00000000e+00,0.00000000e+00,0.00000000e+00,0.00000000e+00,0.00000000e+00,0.00000000e+00,0.00000000e+00,0.00000000e+00,0.00000000e+00,0.00000000e+00,0.00000000e+00,0.00000000e+00,0.00000000e+00,2.55474137e-04
1.35133763e+02,1.34883763e+02,0.00000000e+00,0.00000000e+00,0.00000000e+00,0.00000000e+00,0.00000000e+00,0.00000000e+00,0.00000000e+00,0.00000000e+00,0.00000000e+00,0.00000000e+00,0.00000000e+00,0.00000000e+00,0.00000000e+00,0.00000000e+00,0.00000000e+00,0.00000000e+00,0.00000000e+00,0.00000000e+00,0.00000000e+00,0.00000000e+00,0.00000000e+00,0.00000000e+00,0.00000000e+00,0.00000000e+00,2.55091462e-04
1.35233788e+02,1.34983788e+02,0.00000000e+00,0.00000000e+00,0.00000000e+00,0.00000000e+00,0.00000000e+00,0.00000000e+00,0.00000000e+00,0.00000000e+00,0.00000000e+00,0.00000000e+00,0.00000000e+00,0.00000000e+00,0.00000000e+00,0.00000000e+00,0.00000000e+00,0.00000000e+00,0.00000000e+00,0.00000000e+00,0.00000000e+00,0.00000000e+00,0.00000000e+00,0.00000000e+00,0.00000000e+00,0.00000000e+00,2.53354672e-04
1.35333813e+02,1.35083813e+02,0.00000000e+00,0.00000000e+00,0.00000000e+00,0.00000000e+00,0.00000000e+00,0.00000000e+00,0.00000000e+00,0.00000000e+00,0.00000000e+00,0.00000000e+00,0.00000000e+00,0.00000000e+00,0.00000000e+00,0.00000000e+00,0.00000000e+00,0.00000000e+00,0.00000000e+00,0.00000000e+00,0.00000000e+00,0.00000000e+00,0.00000000e+00,0.00000000e+00,0.00000000e+00,0.00000000e+00,2.51603412e-04
1.35433838e+02,1.35183838e+02,0.00000000e+00,0.00000000e+00,0.00000000e+00,0.00000000e+00,0.00000000e+00,0.00000000e+00,0.00000000e+00,0.00000000e+00,0.00000000e+00,0.00000000e+00,0.00000000e+00,0.00000000e+00,0.00000000e+00,0.00000000e+00,0.00000000e+00,0.00000000e+00,0.00000000e+00,0.00000000e+00,0.00000000e+00,0.00000000e+00,0.00000000e+00,0.00000000e+00,0.00000000e+00,0.00000000e+00,2.49254030e-04
1.35533863e+02,1.35283863e+02,0.00000000e+00,0.00000000e+00,0.00000000e+00,0.00000000e+00,0.00000000e+00,0.00000000e+00,0.00000000e+00,0.00000000e+00,0.00000000e+00,0.00000000e+00,0.00000000e+00,0.00000000e+00,0.00000000e+00,0.00000000e+00,0.00000000e+00,0.00000000e+00,0.00000000e+00,0.00000000e+00,0.00000000e+00,0.00000000e+00,0.00000000e+00,0.00000000e+00,0.00000000e+00,0.00000000e+00,2.49582586e-04
1.35633888e+02,1.35383888e+02,0.00000000e+00,0.00000000e+00,0.00000000e+00,0.00000000e+00,0.00000000e+00,0.00000000e+00,0.00000000e+00,0.00000000e+00,0.00000000e+00,0.00000000e+00,0.00000000e+00,0.00000000e+00,0.00000000e+00,0.00000000e+00,0.00000000e+00,0.00000000e+00,0.00000000e+00,0.00000000e+00,0.00000000e+00,0.00000000e+00,0.00000000e+00,0.00000000e+00,0.00000000e+00,0.00000000e+00,2.49877992e-04
1.35733913e+02,1.35483913e+02,0.00000000e+00,0.00000000e+00,0.00000000e+00,0.00000000e+00,0.00000000e+00,0.00000000e+00,0.00000000e+00,0.00000000e+00,0.00000000e+00,0.00000000e+00,0.00000000e+00,0.00000000e+00,0.00000000e+00,0.00000000e+00,0.00000000e+00,0.00000000e+00,0.00000000e+00,0.00000000e+00,0.00000000e+00,0.00000000e+00,0.00000000e+00,0.00000000e+00,0.00000000e+00,0.00000000e+00,2.48665143e-04
1.35833938e+02,1.35583938e+02,0.00000000e+00,0.00000000e+00,0.00000000e+00,0.00000000e+00,0.00000000e+00,0.00000000e+00,0.00000000e+00,0.00000000e+00,0.00000000e+00,0.00000000e+00,0.00000000e+00,0.00000000e+00,0.00000000e+00,0.00000000e+00,0.00000000e+00,0.00000000e+00,0.00000000e+00,0.00000000e+00,0.00000000e+00,0.00000000e+00,0.00000000e+00,0.00000000e+00,0.00000000e+00,0.00000000e+00,2.49035971e-04
1.35933963e+02,1.35683963e+02,0.00000000e+00,0.00000000e+00,0.00000000e+00,0.00000000e+00,0.00000000e+00,0.00000000e+00,0.00000000e+00,0.00000000e+00,0.00000000e+00,0.00000000e+00,0.00000000e+00,0.00000000e+00,0.00000000e+00,0.00000000e+00,0.00000000e+00,0.00000000e+00,0.00000000e+00,0.00000000e+00,0.00000000e+00,0.00000000e+00,0.00000000e+00,0.00000000e+00,0.00000000e+00,0.00000000e+00,2.49651454e-04
1.36033988e+02,1.35783988e+02,0.00000000e+00,0.00000000e+00,0.00000000e+00,0.00000000e+00,0.00000000e+00,0.00000000e+00,0.00000000e+00,0.00000000e+00,0.00000000e+00,0.00000000e+00,0.00000000e+00,0.00000000e+00,0.00000000e+00,0.00000000e+00,0.00000000e+00,0.00000000e+00,0.00000000e+00,0.00000000e+00,0.00000000e+00,0.00000000e+00,0.00000000e+00,0.00000000e+00,0.00000000e+00,0.00000000e+00,2.50001458e-04
1.36134014e+02,1.35884014e+02,0.00000000e+00,0.00000000e+00,0.00000000e+00,0.00000000e+00,0.00000000e+00,0.00000000e+00,0.00000000e+00,0.00000000e+00,0.00000000e+00,0.00000000e+00,0.00000000e+00,0.00000000e+00,0.00000000e+00,0.00000000e+00,0.00000000e+00,0.00000000e+00,0.00000000e+00,0.00000000e+00,0.00000000e+00,0.00000000e+00,0.00000000e+00,0.00000000e+00,0.00000000e+00,0.00000000e+00,2.48196654e-04
1.36234039e+02,1.35984039e+02,0.00000000e+00,0.00000000e+00,0.00000000e+00,0.00000000e+00,0.00000000e+00,0.00000000e+00,0.00000000e+00,0.00000000e+00,0.00000000e+00,0.00000000e+00,0.00000000e+00,0.00000000e+00,0.00000000e+00,0.00000000e+00,0.00000000e+00,0.00000000e+00,0.00000000e+00,0.00000000e+00,0.00000000e+00,0.00000000e+00,0.00000000e+00,0.00000000e+00,0.00000000e+00,0.00000000e+00,2.46858861e-04
1.36334064e+02,1.36084064e+02,0.00000000e+00,0.00000000e+00,0.00000000e+00,0.00000000e+00,0.00000000e+00,0.00000000e+00,0.00000000e+00,0.00000000e+00,0.00000000e+00,0.00000000e+00,0.00000000e+00,0.00000000e+00,0.00000000e+00,0.00000000e+00,0.00000000e+00,0.00000000e+00,0.00000000e+00,0.00000000e+00,0.00000000e+00,0.00000000e+00,0.00000000e+00,0.00000000e+00,0.00000000e+00,0.00000000e+00,2.46677176e-04
1.36434089e+02,1.36184089e+02,0.00000000e+00,0.00000000e+00,0.00000000e+00,0.00000000e+00,0.00000000e+00,0.00000000e+00,0.00000000e+00,0.00000000e+00,0.00000000e+00,0.00000000e+00,0.00000000e+00,0.00000000e+00,0.00000000e+00,0.00000000e+00,0.00000000e+00,0.00000000e+00,0.00000000e+00,0.00000000e+00,0.00000000e+00,0.00000000e+00,0.00000000e+00,0.00000000e+00,0.00000000e+00,0.00000000e+00,2.45449783e-04
1.36534114e+02,1.36284114e+02,0.00000000e+00,0.00000000e+00,0.00000000e+00,0.00000000e+00,0.00000000e+00,0.00000000e+00,0.00000000e+00,0.00000000e+00,0.00000000e+00,0.00000000e+00,0.00000000e+00,0.00000000e+00,0.00000000e+00,0.00000000e+00,0.00000000e+00,0.00000000e+00,0.00000000e+00,0.00000000e+00,0.00000000e+00,0.00000000e+00,0.00000000e+00,0.00000000e+00,0.00000000e+00,0.00000000e+00,2.43964471e-04
1.36634139e+02,1.36384139e+02,0.00000000e+00,0.00000000e+00,0.00000000e+00,0.00000000e+00,0.00000000e+00,0.00000000e+00,0.00000000e+00,0.00000000e+00,0.00000000e+00,0.00000000e+00,0.00000000e+00,0.00000000e+00,0.00000000e+00,0.00000000e+00,0.00000000e+00,0.00000000e+00,0.00000000e+00,0.00000000e+00,0.00000000e+00,0.00000000e+00,0.00000000e+00,0.00000000e+00,0.00000000e+00,0.00000000e+00,2.42401008e-04
1.36734164e+02,1.36484164e+02,0.00000000e+00,0.00000000e+00,0.00000000e+00,0.00000000e+00,0.00000000e+00,0.00000000e+00,0.00000000e+00,0.00000000e+00,0.00000000e+00,0.00000000e+00,0.00000000e+00,0.00000000e+00,0.00000000e+00,0.00000000e+00,0.00000000e+00,0.00000000e+00,0.00000000e+00,0.00000000e+00,0.00000000e+00,0.00000000e+00,0.00000000e+00,0.00000000e+00,0.00000000e+00,0.00000000e+00,2.42866477e-04
1.36834189e+02,1.36584189e+02,0.00000000e+00,0.00000000e+00,0.00000000e+00,0.00000000e+00,0.00000000e+00,0.00000000e+00,0.00000000e+00,0.00000000e+00,0.00000000e+00,0.00000000e+00,0.00000000e+00,0.00000000e+00,0.00000000e+00,0.00000000e+00,0.00000000e+00,0.00000000e+00,0.00000000e+00,0.00000000e+00,0.00000000e+00,0.00000000e+00,0.00000000e+00,0.00000000e+00,0.00000000e+00,0.00000000e+00,2.41907473e-04
1.36934214e+02,1.36684214e+02,0.00000000e+00,0.00000000e+00,0.00000000e+00,0.00000000e+00,0.00000000e+00,0.00000000e+00,0.00000000e+00,0.00000000e+00,0.00000000e+00,0.00000000e+00,0.00000000e+00,0.00000000e+00,0.00000000e+00,0.00000000e+00,0.00000000e+00,0.00000000e+00,0.00000000e+00,0.00000000e+00,0.00000000e+00,0.00000000e+00,0.00000000e+00,0.00000000e+00,0.00000000e+00,0.00000000e+00,2.42941214e-04
1.37034239e+02,1.36784239e+02,0.00000000e+00,0.00000000e+00,0.00000000e+00,0.00000000e+00,0.00000000e+00,0.00000000e+00,0.00000000e+00,0.00000000e+00,0.00000000e+00,0.00000000e+00,0.00000000e+00,0.00000000e+00,0.00000000e+00,0.00000000e+00,0.00000000e+00,0.00000000e+00,0.00000000e+00,0.00000000e+00,0.00000000e+00,0.00000000e+00,0.00000000e+00,0.00000000e+00,0.00000000e+00,0.00000000e+00,2.41686659e-04
1.37134264e+02,1.36884264e+02,0.00000000e+00,0.00000000e+00,0.00000000e+00,0.00000000e+00,0.00000000e+00,0.00000000e+00,0.00000000e+00,0.00000000e+00,0.00000000e+00,0.00000000e+00,0.00000000e+00,0.00000000e+00,0.00000000e+00,0.00000000e+00,0.00000000e+00,0.00000000e+00,0.00000000e+00,0.00000000e+00,0.00000000e+00,0.00000000e+00,0.00000000e+00,0.00000000e+00,0.00000000e+00,0.00000000e+00,2.39927753e-04
1.37234289e+02,1.36984289e+02,0.00000000e+00,0.00000000e+00,0.00000000e+00,0.00000000e+00,0.00000000e+00,0.00000000e+00,0.00000000e+00,0.00000000e+00,0.00000000e+00,0.00000000e+00,0.00000000e+00,0.00000000e+00,0.00000000e+00,0.00000000e+00,0.00000000e+00,0.00000000e+00,0.00000000e+00,0.00000000e+00,0.00000000e+00,0.00000000e+00,0.00000000e+00,0.00000000e+00,0.00000000e+00,0.00000000e+00,2.38435128e-04
1.37334314e+02,1.37084314e+02,0.00000000e+00,0.00000000e+00,0.00000000e+00,0.00000000e+00,0.00000000e+00,0.00000000e+00,0.00000000e+00,0.00000000e+00,0.00000000e+00,0.00000000e+00,0.00000000e+00,0.00000000e+00,0.00000000e+00,0.00000000e+00,0.00000000e+00,0.00000000e+00,0.00000000e+00,0.00000000e+00,0.00000000e+00,0.00000000e+00,0.00000000e+00,0.00000000e+00,0.00000000e+00,0.00000000e+00,2.37003395e-04
1.37434339e+02,1.37184339e+02,0.00000000e+00,0.00000000e+00,0.00000000e+00,0.00000000e+00,0.00000000e+00,0.00000000e+00,0.00000000e+00,0.00000000e+00,0.00000000e+00,0.00000000e+00,0.00000000e+00,0.00000000e+00,0.00000000e+00,0.00000000e+00,0.00000000e+00,0.00000000e+00,0.00000000e+00,0.00000000e+00,0.00000000e+00,0.00000000e+00,0.00000000e+00,0.00000000e+00,0.00000000e+00,0.00000000e+00,2.36631629e-04
1.37534364e+02,1.37284364e+02,0.00000000e+00,0.00000000e+00,0.00000000e+00,0.00000000e+00,0.00000000e+00,0.00000000e+00,0.00000000e+00,0.00000000e+00,0.00000000e+00,0.00000000e+00,0.00000000e+00,0.00000000e+00,0.00000000e+00,0.00000000e+00,0.00000000e+00,0.00000000e+00,0.00000000e+00,0.00000000e+00,0.00000000e+00,0.00000000e+00,0.00000000e+00,0.00000000e+00,0.00000000e+00,0.00000000e+00,2.37684830e-04
1.37634389e+02,1.37384389e+02,0.00000000e+00,0.00000000e+00,0.00000000e+00,0.00000000e+00,0.00000000e+00,0.00000000e+00,0.00000000e+00,0.00000000e+00,0.00000000e+00,0.00000000e+00,0.00000000e+00,0.00000000e+00,0.00000000e+00,0.00000000e+00,0.00000000e+00,0.00000000e+00,0.00000000e+00,0.00000000e+00,0.00000000e+00,0.00000000e+00,0.00000000e+00,0.00000000e+00,0.00000000e+00,0.00000000e+00,2.39527673e-04
1.37734414e+02,1.37484414e+02,0.00000000e+00,0.00000000e+00,0.00000000e+00,0.00000000e+00,0.00000000e+00,0.00000000e+00,0.00000000e+00,0.00000000e+00,0.00000000e+00,0.00000000e+00,0.00000000e+00,0.00000000e+00,0.00000000e+00,0.00000000e+00,0.00000000e+00,0.00000000e+00,0.00000000e+00,0.00000000e+00,0.00000000e+00,0.00000000e+00,0.00000000e+00,0.00000000e+00,0.00000000e+00,0.00000000e+00,2.39243774e-04
1.37834439e+02,1.37584439e+02,0.00000000e+00,0.00000000e+00,0.00000000e+00,0.00000000e+00,0.00000000e+00,0.00000000e+00,0.00000000e+00,0.00000000e+00,0.00000000e+00,0.00000000e+00,0.00000000e+00,0.00000000e+00,0.00000000e+00,0.00000000e+00,0.00000000e+00,0.00000000e+00,0.00000000e+00,0.00000000e+00,0.00000000e+00,0.00000000e+00,0.00000000e+00,0.00000000e+00,0.00000000e+00,0.00000000e+00,2.39720039e-04
1.37934464e+02,1.37684464e+02,0.00000000e+00,0.00000000e+00,0.00000000e+00,0.00000000e+00,0.00000000e+00,0.00000000e+00,0.00000000e+00,0.00000000e+00,0.00000000e+00,0.00000000e+00,0.00000000e+00,0.00000000e+00,0.00000000e+00,0.00000000e+00,0.00000000e+00,0.00000000e+00,0.00000000e+00,0.00000000e+00,0.00000000e+00,0.00000000e+00,0.00000000e+00,0.00000000e+00,0.00000000e+00,0.00000000e+00,2.38026604e-04
1.38034489e+02,1.37784489e+02,0.00000000e+00,0.00000000e+00,0.00000000e+00,0.00000000e+00,0.00000000e+00,0.00000000e+00,0.00000000e+00,0.00000000e+00,0.00000000e+00,0.00000000e+00,0.00000000e+00,0.00000000e+00,0.00000000e+00,0.00000000e+00,0.00000000e+00,0.00000000e+00,0.00000000e+00,0.00000000e+00,0.00000000e+00,0.00000000e+00,0.00000000e+00,0.00000000e+00,0.00000000e+00,0.00000000e+00,2.35372818e-04
1.38134514e+02,1.37884514e+02,0.00000000e+00,0.00000000e+00,0.00000000e+00,0.00000000e+00,0.00000000e+00,0.00000000e+00,0.00000000e+00,0.00000000e+00,0.00000000e+00,0.00000000e+00,0.00000000e+00,0.00000000e+00,0.00000000e+00,0.00000000e+00,0.00000000e+00,0.00000000e+00,0.00000000e+00,0.00000000e+00,0.00000000e+00,0.00000000e+00,0.00000000e+00,0.00000000e+00,0.00000000e+00,0.00000000e+00,2.35972801e-04
1.38234539e+02,1.37984539e+02,0.00000000e+00,0.00000000e+00,0.00000000e+00,0.00000000e+00,0.00000000e+00,0.00000000e+00,0.00000000e+00,0.00000000e+00,0.00000000e+00,0.00000000e+00,0.00000000e+00,0.00000000e+00,0.00000000e+00,0.00000000e+00,0.00000000e+00,0.00000000e+00,0.00000000e+00,0.00000000e+00,0.00000000e+00,0.00000000e+00,0.00000000e+00,0.00000000e+00,0.00000000e+00,0.00000000e+00,2.37014481e-04
1.38334564e+02,1.38084564e+02,0.00000000e+00,0.00000000e+00,0.00000000e+00,0.00000000e+00,0.00000000e+00,0.00000000e+00,0.00000000e+00,0.00000000e+00,0.00000000e+00,0.00000000e+00,0.00000000e+00,0.00000000e+00,0.00000000e+00,0.00000000e+00,0.00000000e+00,0.00000000e+00,0.00000000e+00,0.00000000e+00,0.00000000e+00,0.00000000e+00,0.00000000e+00,0.00000000e+00,0.00000000e+00,0.00000000e+00,2.34828519e-04
1.38434589e+02,1.38184589e+02,0.00000000e+00,0.00000000e+00,0.00000000e+00,0.00000000e+00,0.00000000e+00,0.00000000e+00,0.00000000e+00,0.00000000e+00,0.00000000e+00,0.00000000e+00,0.00000000e+00,0.00000000e+00,0.00000000e+00,0.00000000e+00,0.00000000e+00,0.00000000e+00,0.00000000e+00,0.00000000e+00,0.00000000e+00,0.00000000e+00,0.00000000e+00,0.00000000e+00,0.00000000e+00,0.00000000e+00,2.34566781e-04
1.38534614e+02,1.38284614e+02,0.00000000e+00,0.00000000e+00,0.00000000e+00,0.00000000e+00,0.00000000e+00,0.00000000e+00,0.00000000e+00,0.00000000e+00,0.00000000e+00,0.00000000e+00,0.00000000e+00,0.00000000e+00,0.00000000e+00,0.00000000e+00,0.00000000e+00,0.00000000e+00,0.00000000e+00,0.00000000e+00,0.00000000e+00,0.00000000e+00,0.00000000e+00,0.00000000e+00,0.00000000e+00,0.00000000e+00,2.35444074e-04
1.38634639e+02,1.38384639e+02,0.00000000e+00,0.00000000e+00,0.00000000e+00,0.00000000e+00,0.00000000e+00,0.00000000e+00,0.00000000e+00,0.00000000e+00,0.00000000e+00,0.00000000e+00,0.00000000e+00,0.00000000e+00,0.00000000e+00,0.00000000e+00,0.00000000e+00,0.00000000e+00,0.00000000e+00,0.00000000e+00,0.00000000e+00,0.00000000e+00,0.00000000e+00,0.00000000e+00,0.00000000e+00,0.00000000e+00,2.33753467e-04
1.38734664e+02,1.38484664e+02,0.00000000e+00,0.00000000e+00,0.00000000e+00,0.00000000e+00,0.00000000e+00,0.00000000e+00,0.00000000e+00,0.00000000e+00,0.00000000e+00,0.00000000e+00,0.00000000e+00,0.00000000e+00,0.00000000e+00,0.00000000e+00,0.00000000e+00,0.00000000e+00,0.00000000e+00,0.00000000e+00,0.00000000e+00,0.00000000e+00,0.00000000e+00,0.00000000e+00,0.00000000e+00,0.00000000e+00,2.31923201e-04
1.38834690e+02,1.38584690e+02,0.00000000e+00,0.00000000e+00,0.00000000e+00,0.00000000e+00,0.00000000e+00,0.00000000e+00,0.00000000e+00,0.00000000e+00,0.00000000e+00,0.00000000e+00,0.00000000e+00,0.00000000e+00,0.00000000e+00,0.00000000e+00,0.00000000e+00,0.00000000e+00,0.00000000e+00,0.00000000e+00,0.00000000e+00,0.00000000e+00,0.00000000e+00,0.00000000e+00,0.00000000e+00,0.00000000e+00,2.32824885e-04
1.38934715e+02,1.38684715e+02,0.00000000e+00,0.00000000e+00,0.00000000e+00,0.00000000e+00,0.00000000e+00,0.00000000e+00,0.00000000e+00,0.00000000e+00,0.00000000e+00,0.00000000e+00,0.00000000e+00,0.00000000e+00,0.00000000e+00,0.00000000e+00,0.00000000e+00,0.00000000e+00,0.00000000e+00,0.00000000e+00,0.00000000e+00,0.00000000e+00,0.00000000e+00,0.00000000e+00,0.00000000e+00,0.00000000e+00,2.33813271e-04
1.39034740e+02,1.38784740e+02,0.00000000e+00,0.00000000e+00,0.00000000e+00,0.00000000e+00,0.00000000e+00,0.00000000e+00,0.00000000e+00,0.00000000e+00,0.00000000e+00,0.00000000e+00,0.00000000e+00,0.00000000e+00,0.00000000e+00,0.00000000e+00,0.00000000e+00,0.00000000e+00,0.00000000e+00,0.00000000e+00,0.00000000e+00,0.00000000e+00,0.00000000e+00,0.00000000e+00,0.00000000e+00,0.00000000e+00,2.32733633e-04
1.39134765e+02,1.38884765e+02,0.00000000e+00,0.00000000e+00,0.00000000e+00,0.00000000e+00,0.00000000e+00,0.00000000e+00,0.00000000e+00,0.00000000e+00,0.00000000e+00,0.00000000e+00,0.00000000e+00,0.00000000e+00,0.00000000e+00,0.00000000e+00,0.00000000e+00,0.00000000e+00,0.00000000e+00,0.00000000e+00,0.00000000e+00,0.00000000e+00,0.00000000e+00,0.00000000e+00,0.00000000e+00,0.00000000e+00,2.34381153e-04
1.39234790e+02,1.38984790e+02,0.00000000e+00,0.00000000e+00,0.00000000e+00,0.00000000e+00,0.00000000e+00,0.00000000e+00,0.00000000e+00,0.00000000e+00,0.00000000e+00,0.00000000e+00,0.00000000e+00,0.00000000e+00,0.00000000e+00,0.00000000e+00,0.00000000e+00,0.00000000e+00,0.00000000e+00,0.00000000e+00,0.00000000e+00,0.00000000e+00,0.00000000e+00,0.00000000e+00,0.00000000e+00,0.00000000e+00,2.31144281e-04
1.39334815e+02,1.39084815e+02,0.00000000e+00,0.00000000e+00,0.00000000e+00,0.00000000e+00,0.00000000e+00,0.00000000e+00,0.00000000e+00,0.00000000e+00,0.00000000e+00,0.00000000e+00,0.00000000e+00,0.00000000e+00,0.00000000e+00,0.00000000e+00,0.00000000e+00,0.00000000e+00,0.00000000e+00,0.00000000e+00,0.00000000e+00,0.00000000e+00,0.00000000e+00,0.00000000e+00,0.00000000e+00,0.00000000e+00,2.30338448e-04
1.39434840e+02,1.39184840e+02,0.00000000e+00,0.00000000e+00,0.00000000e+00,0.00000000e+00,0.00000000e+00,0.00000000e+00,0.00000000e+00,0.00000000e+00,0.00000000e+00,0.00000000e+00,0.00000000e+00,0.00000000e+00,0.00000000e+00,0.00000000e+00,0.00000000e+00,0.00000000e+00,0.00000000e+00,0.00000000e+00,0.00000000e+00,0.00000000e+00,0.00000000e+00,0.00000000e+00,0.00000000e+00,0.00000000e+00,2.29850126e-04
1.39534865e+02,1.39284865e+02,0.00000000e+00,0.00000000e+00,0.00000000e+00,0.00000000e+00,0.00000000e+00,0.00000000e+00,0.00000000e+00,0.00000000e+00,0.00000000e+00,0.00000000e+00,0.00000000e+00,0.00000000e+00,0.00000000e+00,0.00000000e+00,0.00000000e+00,0.00000000e+00,0.00000000e+00,0.00000000e+00,0.00000000e+00,0.00000000e+00,0.00000000e+00,0.00000000e+00,0.00000000e+00,0.00000000e+00,2.31283938e-04
1.39634890e+02,1.39384890e+02,0.00000000e+00,0.00000000e+00,0.00000000e+00,0.00000000e+00,0.00000000e+00,0.00000000e+00,0.00000000e+00,0.00000000e+00,0.00000000e+00,0.00000000e+00,0.00000000e+00,0.00000000e+00,0.00000000e+00,0.00000000e+00,0.00000000e+00,0.00000000e+00,0.00000000e+00,0.00000000e+00,0.00000000e+00,0.00000000e+00,0.00000000e+00,0.00000000e+00,0.00000000e+00,0.00000000e+00,2.28288322e-04
1.39734915e+02,1.39484915e+02,0.00000000e+00,0.00000000e+00,0.00000000e+00,0.00000000e+00,0.00000000e+00,0.00000000e+00,0.00000000e+00,0.00000000e+00,0.00000000e+00,0.00000000e+00,0.00000000e+00,0.00000000e+00,0.00000000e+00,0.00000000e+00,0.00000000e+00,0.00000000e+00,0.00000000e+00,0.00000000e+00,0.00000000e+00,0.00000000e+00,0.00000000e+00,0.00000000e+00,0.00000000e+00,0.00000000e+00,2.27439863e-04
1.39834940e+02,1.39584940e+02,0.00000000e+00,0.00000000e+00,0.00000000e+00,0.00000000e+00,0.00000000e+00,0.00000000e+00,0.00000000e+00,0.00000000e+00,0.00000000e+00,0.00000000e+00,0.00000000e+00,0.00000000e+00,0.00000000e+00,0.00000000e+00,0.00000000e+00,0.00000000e+00,0.00000000e+00,0.00000000e+00,0.00000000e+00,0.00000000e+00,0.00000000e+00,0.00000000e+00,0.00000000e+00,0.00000000e+00,2.25498094e-04
1.39934965e+02,1.39684965e+02,0.00000000e+00,0.00000000e+00,0.00000000e+00,0.00000000e+00,0.00000000e+00,0.00000000e+00,0.00000000e+00,0.00000000e+00,0.00000000e+00,0.00000000e+00,0.00000000e+00,0.00000000e+00,0.00000000e+00,0.00000000e+00,0.00000000e+00,0.00000000e+00,0.00000000e+00,0.00000000e+00,0.00000000e+00,0.00000000e+00,0.00000000e+00,0.00000000e+00,0.00000000e+00,0.00000000e+00,2.25996885e-04
1.40034990e+02,1.39784990e+02,0.00000000e+00,0.00000000e+00,0.00000000e+00,0.00000000e+00,0.00000000e+00,0.00000000e+00,0.00000000e+00,0.00000000e+00,0.00000000e+00,0.00000000e+00,0.00000000e+00,0.00000000e+00,0.00000000e+00,0.00000000e+00,0.00000000e+00,0.00000000e+00,0.00000000e+00,0.00000000e+00,0.00000000e+00,0.00000000e+00,0.00000000e+00,0.00000000e+00,0.00000000e+00,0.00000000e+00,2.25621603e-04
1.40135015e+02,1.39885015e+02,0.00000000e+00,0.00000000e+00,0.00000000e+00,0.00000000e+00,0.00000000e+00,0.00000000e+00,0.00000000e+00,0.00000000e+00,0.00000000e+00,0.00000000e+00,0.00000000e+00,0.00000000e+00,0.00000000e+00,0.00000000e+00,0.00000000e+00,0.00000000e+00,0.00000000e+00,0.00000000e+00,0.00000000e+00,0.00000000e+00,0.00000000e+00,0.00000000e+00,0.00000000e+00,0.00000000e+00,2.24866159e-04
1.40235040e+02,1.39985040e+02,0.00000000e+00,0.00000000e+00,0.00000000e+00,0.00000000e+00,0.00000000e+00,0.00000000e+00,0.00000000e+00,0.00000000e+00,0.00000000e+00,0.00000000e+00,0.00000000e+00,0.00000000e+00,0.00000000e+00,0.00000000e+00,0.00000000e+00,0.00000000e+00,0.00000000e+00,0.00000000e+00,0.00000000e+00,0.00000000e+00,0.00000000e+00,0.00000000e+00,0.00000000e+00,0.00000000e+00,2.23347139e-04
1.40335065e+02,1.40085065e+02,0.00000000e+00,0.00000000e+00,0.00000000e+00,0.00000000e+00,0.00000000e+00,0.00000000e+00,0.00000000e+00,0.00000000e+00,0.00000000e+00,0.00000000e+00,0.00000000e+00,0.00000000e+00,0.00000000e+00,0.00000000e+00,0.00000000e+00,0.00000000e+00,0.00000000e+00,0.00000000e+00,0.00000000e+00,0.00000000e+00,0.00000000e+00,0.00000000e+00,0.00000000e+00,0.00000000e+00,2.22724572e-04
1.40435090e+02,1.40185090e+02,0.00000000e+00,0.00000000e+00,0.00000000e+00,0.00000000e+00,0.00000000e+00,0.00000000e+00,0.00000000e+00,0.00000000e+00,0.00000000e+00,0.00000000e+00,0.00000000e+00,0.00000000e+00,0.00000000e+00,0.00000000e+00,0.00000000e+00,0.00000000e+00,0.00000000e+00,0.00000000e+00,0.00000000e+00,0.00000000e+00,0.00000000e+00,0.00000000e+00,0.00000000e+00,0.00000000e+00,2.24075655e-04
1.40535115e+02,1.40285115e+02,0.00000000e+00,0.00000000e+00,0.00000000e+00,0.00000000e+00,0.00000000e+00,0.00000000e+00,0.00000000e+00,0.00000000e+00,0.00000000e+00,0.00000000e+00,0.00000000e+00,0.00000000e+00,0.00000000e+00,0.00000000e+00,0.00000000e+00,0.00000000e+00,0.00000000e+00,0.00000000e+00,0.00000000e+00,0.00000000e+00,0.00000000e+00,0.00000000e+00,0.00000000e+00,0.00000000e+00,2.23146674e-04
1.40635140e+02,1.40385140e+02,0.00000000e+00,0.00000000e+00,0.00000000e+00,0.00000000e+00,0.00000000e+00,0.00000000e+00,0.00000000e+00,0.00000000e+00,0.00000000e+00,0.00000000e+00,0.00000000e+00,0.00000000e+00,0.00000000e+00,0.00000000e+00,0.00000000e+00,0.00000000e+00,0.00000000e+00,0.00000000e+00,0.00000000e+00,0.00000000e+00,0.00000000e+00,0.00000000e+00,0.00000000e+00,0.00000000e+00,2.22606695e-04
1.40735165e+02,1.40485165e+02,0.00000000e+00,0.00000000e+00,0.00000000e+00,0.00000000e+00,0.00000000e+00,0.00000000e+00,0.00000000e+00,0.00000000e+00,0.00000000e+00,0.00000000e+00,0.00000000e+00,0.00000000e+00,0.00000000e+00,0.00000000e+00,0.00000000e+00,0.00000000e+00,0.00000000e+00,0.00000000e+00,0.00000000e+00,0.00000000e+00,0.00000000e+00,0.00000000e+00,0.00000000e+00,0.00000000e+00,2.23173952e-04
1.40835190e+02,1.40585190e+02,0.00000000e+00,0.00000000e+00,0.00000000e+00,0.00000000e+00,0.00000000e+00,0.00000000e+00,0.00000000e+00,0.00000000e+00,0.00000000e+00,0.00000000e+00,0.00000000e+00,0.00000000e+00,0.00000000e+00,0.00000000e+00,0.00000000e+00,0.00000000e+00,0.00000000e+00,0.00000000e+00,0.00000000e+00,0.00000000e+00,0.00000000e+00,0.00000000e+00,0.00000000e+00,0.00000000e+00,2.22097309e-04
1.40935215e+02,1.40685215e+02,0.00000000e+00,0.00000000e+00,0.00000000e+00,0.00000000e+00,0.00000000e+00,0.00000000e+00,0.00000000e+00,0.00000000e+00,0.00000000e+00,0.00000000e+00,0.00000000e+00,0.00000000e+00,0.00000000e+00,0.00000000e+00,0.00000000e+00,0.00000000e+00,0.00000000e+00,0.00000000e+00,0.00000000e+00,0.00000000e+00,0.00000000e+00,0.00000000e+00,0.00000000e+00,0.00000000e+00,2.20890149e-04
1.41035240e+02,1.40785240e+02,0.00000000e+00,0.00000000e+00,0.00000000e+00,0.00000000e+00,0.00000000e+00,0.00000000e+00,0.00000000e+00,0.00000000e+00,0.00000000e+00,0.00000000e+00,0.00000000e+00,0.00000000e+00,0.00000000e+00,0.00000000e+00,0.00000000e+00,0.00000000e+00,0.00000000e+00,0.00000000e+00,0.00000000e+00,0.00000000e+00,0.00000000e+00,0.00000000e+00,0.00000000e+00,0.00000000e+00,2.18843480e-04
1.41135265e+02,1.40885265e+02,0.00000000e+00,0.00000000e+00,0.00000000e+00,0.00000000e+00,0.00000000e+00,0.00000000e+00,0.00000000e+00,0.00000000e+00,0.00000000e+00,0.00000000e+00,0.00000000e+00,0.00000000e+00,0.00000000e+00,0.00000000e+00,0.00000000e+00,0.00000000e+00,0.00000000e+00,0.00000000e+00,0.00000000e+00,0.00000000e+00,0.00000000e+00,0.00000000e+00,0.00000000e+00,0.00000000e+00,2.19965168e-04
1.41235290e+02,1.40985290e+02,0.00000000e+00,0.00000000e+00,0.00000000e+00,0.00000000e+00,0.00000000e+00,0.00000000e+00,0.00000000e+00,0.00000000e+00,0.00000000e+00,0.00000000e+00,0.00000000e+00,0.00000000e+00,0.00000000e+00,0.00000000e+00,0.00000000e+00,0.00000000e+00,0.00000000e+00,0.00000000e+00,0.00000000e+00,0.00000000e+00,0.00000000e+00,0.00000000e+00,0.00000000e+00,0.00000000e+00,2.21855862e-04
1.41335315e+02,1.41085315e+02,0.00000000e+00,0.00000000e+00,0.00000000e+00,0.00000000e+00,0.00000000e+00,0.00000000e+00,0.00000000e+00,0.00000000e+00,0.00000000e+00,0.00000000e+00,0.00000000e+00,0.00000000e+00,0.00000000e+00,0.00000000e+00,0.00000000e+00,0.00000000e+00,0.00000000e+00,0.00000000e+00,0.00000000e+00,0.00000000e+00,0.00000000e+00,0.00000000e+00,0.00000000e+00,0.00000000e+00,2.21030470e-04
1.41435341e+02,1.41185341e+02,0.00000000e+00,0.00000000e+00,0.00000000e+00,0.00000000e+00,0.00000000e+00,0.00000000e+00,0.00000000e+00,0.00000000e+00,0.00000000e+00,0.00000000e+00,0.00000000e+00,0.00000000e+00,0.00000000e+00,0.00000000e+00,0.00000000e+00,0.00000000e+00,0.00000000e+00,0.00000000e+00,0.00000000e+00,0.00000000e+00,0.00000000e+00,0.00000000e+00,0.00000000e+00,0.00000000e+00,2.20456192e-04
1.41535366e+02,1.41285366e+02,0.00000000e+00,0.00000000e+00,0.00000000e+00,0.00000000e+00,0.00000000e+00,0.00000000e+00,0.00000000e+00,0.00000000e+00,0.00000000e+00,0.00000000e+00,0.00000000e+00,0.00000000e+00,0.00000000e+00,0.00000000e+00,0.00000000e+00,0.00000000e+00,0.00000000e+00,0.00000000e+00,0.00000000e+00,0.00000000e+00,0.00000000e+00,0.00000000e+00,0.00000000e+00,0.00000000e+00,2.19527839e-04
1.41635391e+02,1.41385391e+02,0.00000000e+00,0.00000000e+00,0.00000000e+00,0.00000000e+00,0.00000000e+00,0.00000000e+00,0.00000000e+00,0.00000000e+00,0.00000000e+00,0.00000000e+00,0.00000000e+00,0.00000000e+00,0.00000000e+00,0.00000000e+00,0.00000000e+00,0.00000000e+00,0.00000000e+00,0.00000000e+00,0.00000000e+00,0.00000000e+00,0.00000000e+00,0.00000000e+00,0.00000000e+00,0.00000000e+00,2.18419342e-04
1.41735416e+02,1.41485416e+02,0.00000000e+00,0.00000000e+00,0.00000000e+00,0.00000000e+00,0.00000000e+00,0.00000000e+00,0.00000000e+00,0.00000000e+00,0.00000000e+00,0.00000000e+00,0.00000000e+00,0.00000000e+00,0.00000000e+00,0.00000000e+00,0.00000000e+00,0.00000000e+00,0.00000000e+00,0.00000000e+00,0.00000000e+00,0.00000000e+00,0.00000000e+00,0.00000000e+00,0.00000000e+00,0.00000000e+00,2.18230464e-04
1.41835441e+02,1.41585441e+02,0.00000000e+00,0.00000000e+00,0.00000000e+00,0.00000000e+00,0.00000000e+00,0.00000000e+00,0.00000000e+00,0.00000000e+00,0.00000000e+00,0.00000000e+00,0.00000000e+00,0.00000000e+00,0.00000000e+00,0.00000000e+00,0.00000000e+00,0.00000000e+00,0.00000000e+00,0.00000000e+00,0.00000000e+00,0.00000000e+00,0.00000000e+00,0.00000000e+00,0.00000000e+00,0.00000000e+00,2.17742456e-04
1.41935466e+02,1.41685466e+02,0.00000000e+00,0.00000000e+00,0.00000000e+00,0.00000000e+00,0.00000000e+00,0.00000000e+00,0.00000000e+00,0.00000000e+00,0.00000000e+00,0.00000000e+00,0.00000000e+00,0.00000000e+00,0.00000000e+00,0.00000000e+00,0.00000000e+00,0.00000000e+00,0.00000000e+00,0.00000000e+00,0.00000000e+00,0.00000000e+00,0.00000000e+00,0.00000000e+00,0.00000000e+00,0.00000000e+00,2.17645927e-04
1.42035491e+02,1.41785491e+02,0.00000000e+00,0.00000000e+00,0.00000000e+00,0.00000000e+00,0.00000000e+00,0.00000000e+00,0.00000000e+00,0.00000000e+00,0.00000000e+00,0.00000000e+00,0.00000000e+00,0.00000000e+00,0.00000000e+00,0.00000000e+00,0.00000000e+00,0.00000000e+00,0.00000000e+00,0.00000000e+00,0.00000000e+00,0.00000000e+00,0.00000000e+00,0.00000000e+00,0.00000000e+00,0.00000000e+00,2.19399189e-04
1.42135516e+02,1.41885516e+02,0.00000000e+00,0.00000000e+00,0.00000000e+00,0.00000000e+00,0.00000000e+00,0.00000000e+00,0.00000000e+00,0.00000000e+00,0.00000000e+00,0.00000000e+00,0.00000000e+00,0.00000000e+00,0.00000000e+00,0.00000000e+00,0.00000000e+00,0.00000000e+00,0.00000000e+00,0.00000000e+00,0.00000000e+00,0.00000000e+00,0.00000000e+00,0.00000000e+00,0.00000000e+00,0.00000000e+00,2.17531364e-04
1.42235541e+02,1.41985541e+02,0.00000000e+00,0.00000000e+00,0.00000000e+00,0.00000000e+00,0.00000000e+00,0.00000000e+00,0.00000000e+00,0.00000000e+00,0.00000000e+00,0.00000000e+00,0.00000000e+00,0.00000000e+00,0.00000000e+00,0.00000000e+00,0.00000000e+00,0.00000000e+00,0.00000000e+00,0.00000000e+00,0.00000000e+00,0.00000000e+00,0.00000000e+00,0.00000000e+00,0.00000000e+00,0.00000000e+00,2.15865912e-04
1.42335566e+02,1.42085566e+02,0.00000000e+00,0.00000000e+00,0.00000000e+00,0.00000000e+00,0.00000000e+00,0.00000000e+00,0.00000000e+00,0.00000000e+00,0.00000000e+00,0.00000000e+00,0.00000000e+00,0.00000000e+00,0.00000000e+00,0.00000000e+00,0.00000000e+00,0.00000000e+00,0.00000000e+00,0.00000000e+00,0.00000000e+00,0.00000000e+00,0.00000000e+00,0.00000000e+00,0.00000000e+00,0.00000000e+00,2.15421306e-04
1.42435591e+02,1.42185591e+02,0.00000000e+00,0.00000000e+00,0.00000000e+00,0.00000000e+00,0.00000000e+00,0.00000000e+00,0.00000000e+00,0.00000000e+00,0.00000000e+00,0.00000000e+00,0.00000000e+00,0.00000000e+00,0.00000000e+00,0.00000000e+00,0.00000000e+00,0.00000000e+00,0.00000000e+00,0.00000000e+00,0.00000000e+00,0.00000000e+00,0.00000000e+00,0.00000000e+00,0.00000000e+00,0.00000000e+00,2.14334689e-04
1.42535616e+02,1.42285616e+02,0.00000000e+00,0.00000000e+00,0.00000000e+00,0.00000000e+00,0.00000000e+00,0.00000000e+00,0.00000000e+00,0.00000000e+00,0.00000000e+00,0.00000000e+00,0.00000000e+00,0.00000000e+00,0.00000000e+00,0.00000000e+00,0.00000000e+00,0.00000000e+00,0.00000000e+00,0.00000000e+00,0.00000000e+00,0.00000000e+00,0.00000000e+00,0.00000000e+00,0.00000000e+00,0.00000000e+00,2.13916291e-04
1.42635641e+02,1.42385641e+02,0.00000000e+00,0.00000000e+00,0.00000000e+00,0.00000000e+00,0.00000000e+00,0.00000000e+00,0.00000000e+00,0.00000000e+00,0.00000000e+00,0.00000000e+00,0.00000000e+00,0.00000000e+00,0.00000000e+00,0.00000000e+00,0.00000000e+00,0.00000000e+00,0.00000000e+00,0.00000000e+00,0.00000000e+00,0.00000000e+00,0.00000000e+00,0.00000000e+00,0.00000000e+00,0.00000000e+00,2.13646009e-04
1.42735666e+02,1.42485666e+02,0.00000000e+00,0.00000000e+00,0.00000000e+00,0.00000000e+00,0.00000000e+00,0.00000000e+00,0.00000000e+00,0.00000000e+00,0.00000000e+00,0.00000000e+00,0.00000000e+00,0.00000000e+00,0.00000000e+00,0.00000000e+00,0.00000000e+00,0.00000000e+00,0.00000000e+00,0.00000000e+00,0.00000000e+00,0.00000000e+00,0.00000000e+00,0.00000000e+00,0.00000000e+00,0.00000000e+00,2.13214710e-04
1.42835691e+02,1.42585691e+02,0.00000000e+00,0.00000000e+00,0.00000000e+00,0.00000000e+00,0.00000000e+00,0.00000000e+00,0.00000000e+00,0.00000000e+00,0.00000000e+00,0.00000000e+00,0.00000000e+00,0.00000000e+00,0.00000000e+00,0.00000000e+00,0.00000000e+00,0.00000000e+00,0.00000000e+00,0.00000000e+00,0.00000000e+00,0.00000000e+00,0.00000000e+00,0.00000000e+00,0.00000000e+00,0.00000000e+00,2.13801948e-04
1.42935716e+02,1.42685716e+02,0.00000000e+00,0.00000000e+00,0.00000000e+00,0.00000000e+00,0.00000000e+00,0.00000000e+00,0.00000000e+00,0.00000000e+00,0.00000000e+00,0.00000000e+00,0.00000000e+00,0.00000000e+00,0.00000000e+00,0.00000000e+00,0.00000000e+00,0.00000000e+00,0.00000000e+00,0.00000000e+00,0.00000000e+00,0.00000000e+00,0.00000000e+00,0.00000000e+00,0.00000000e+00,0.00000000e+00,2.15055379e-04
1.43035741e+02,1.42785741e+02,0.00000000e+00,0.00000000e+00,0.00000000e+00,0.00000000e+00,0.00000000e+00,0.00000000e+00,0.00000000e+00,0.00000000e+00,0.00000000e+00,0.00000000e+00,0.00000000e+00,0.00000000e+00,0.00000000e+00,0.00000000e+00,0.00000000e+00,0.00000000e+00,0.00000000e+00,0.00000000e+00,0.00000000e+00,0.00000000e+00,0.00000000e+00,0.00000000e+00,0.00000000e+00,0.00000000e+00,2.15389735e-04
1.43135766e+02,1.42885766e+02,0.00000000e+00,0.00000000e+00,0.00000000e+00,0.00000000e+00,0.00000000e+00,0.00000000e+00,0.00000000e+00,0.00000000e+00,0.00000000e+00,0.00000000e+00,0.00000000e+00,0.00000000e+00,0.00000000e+00,0.00000000e+00,0.00000000e+00,0.00000000e+00,0.00000000e+00,0.00000000e+00,0.00000000e+00,0.00000000e+00,0.00000000e+00,0.00000000e+00,0.00000000e+00,0.00000000e+00,2.12626268e-04
1.43235791e+02,1.42985791e+02,0.00000000e+00,0.00000000e+00,0.00000000e+00,0.00000000e+00,0.00000000e+00,0.00000000e+00,0.00000000e+00,0.00000000e+00,0.00000000e+00,0.00000000e+00,0.00000000e+00,0.00000000e+00,0.00000000e+00,0.00000000e+00,0.00000000e+00,0.00000000e+00,0.00000000e+00,0.00000000e+00,0.00000000e+00,0.00000000e+00,0.00000000e+00,0.00000000e+00,0.00000000e+00,0.00000000e+00,2.13231496e-04
1.43335816e+02,1.43085816e+02,0.00000000e+00,0.00000000e+00,0.00000000e+00,0.00000000e+00,0.00000000e+00,0.00000000e+00,0.00000000e+00,0.00000000e+00,0.00000000e+00,0.00000000e+00,0.00000000e+00,0.00000000e+00,0.00000000e+00,0.00000000e+00,0.00000000e+00,0.00000000e+00,0.00000000e+00,0.00000000e+00,0.00000000e+00,0.00000000e+00,0.00000000e+00,0.00000000e+00,0.00000000e+00,0.00000000e+00,2.13503948e-04
1.43435841e+02,1.43185841e+02,0.00000000e+00,0.00000000e+00,0.00000000e+00,0.00000000e+00,0.00000000e+00,0.00000000e+00,0.00000000e+00,0.00000000e+00,0.00000000e+00,0.00000000e+00,0.00000000e+00,0.00000000e+00,0.00000000e+00,0.00000000e+00,0.00000000e+00,0.00000000e+00,0.00000000e+00,0.00000000e+00,0.00000000e+00,0.00000000e+00,0.00000000e+00,0.00000000e+00,0.00000000e+00,0.00000000e+00,2.14471017e-04
1.43535866e+02,1.43285866e+02,0.00000000e+00,0.00000000e+00,0.00000000e+00,0.00000000e+00,0.00000000e+00,0.00000000e+00,0.00000000e+00,0.00000000e+00,0.00000000e+00,0.00000000e+00,0.00000000e+00,0.00000000e+00,0.00000000e+00,0.00000000e+00,0.00000000e+00,0.00000000e+00,0.00000000e+00,0.00000000e+00,0.00000000e+00,0.00000000e+00,0.00000000e+00,0.00000000e+00,0.00000000e+00,0.00000000e+00,2.13863583e-04
1.43635891e+02,1.43385891e+02,0.00000000e+00,0.00000000e+00,0.00000000e+00,0.00000000e+00,0.00000000e+00,0.00000000e+00,0.00000000e+00,0.00000000e+00,0.00000000e+00,0.00000000e+00,0.00000000e+00,0.00000000e+00,0.00000000e+00,0.00000000e+00,0.00000000e+00,0.00000000e+00,0.00000000e+00,0.00000000e+00,0.00000000e+00,0.00000000e+00,0.00000000e+00,0.00000000e+00,0.00000000e+00,0.00000000e+00,2.11636910e-04
1.43735916e+02,1.43485916e+02,0.00000000e+00,0.00000000e+00,0.00000000e+00,0.00000000e+00,0.00000000e+00,0.00000000e+00,0.00000000e+00,0.00000000e+00,0.00000000e+00,0.00000000e+00,0.00000000e+00,0.00000000e+00,0.00000000e+00,0.00000000e+00,0.00000000e+00,0.00000000e+00,0.00000000e+00,0.00000000e+00,0.00000000e+00,0.00000000e+00,0.00000000e+00,0.00000000e+00,0.00000000e+00,0.00000000e+00,2.11046204e-04
1.43835941e+02,1.43585941e+02,0.00000000e+00,0.00000000e+00,0.00000000e+00,0.00000000e+00,0.00000000e+00,0.00000000e+00,0.00000000e+00,0.00000000e+00,0.00000000e+00,0.00000000e+00,0.00000000e+00,0.00000000e+00,0.00000000e+00,0.00000000e+00,0.00000000e+00,0.00000000e+00,0.00000000e+00,0.00000000e+00,0.00000000e+00,0.00000000e+00,0.00000000e+00,0.00000000e+00,0.00000000e+00,0.00000000e+00,2.10413083e-04
1.43935966e+02,1.43685966e+02,0.00000000e+00,0.00000000e+00,0.00000000e+00,0.00000000e+00,0.00000000e+00,0.00000000e+00,0.00000000e+00,0.00000000e+00,0.00000000e+00,0.00000000e+00,0.00000000e+00,0.00000000e+00,0.00000000e+00,0.00000000e+00,0.00000000e+00,0.00000000e+00,0.00000000e+00,0.00000000e+00,0.00000000e+00,0.00000000e+00,0.00000000e+00,0.00000000e+00,0.00000000e+00,0.00000000e+00,2.11491780e-04
1.44035991e+02,1.43785991e+02,0.00000000e+00,0.00000000e+00,0.00000000e+00,0.00000000e+00,0.00000000e+00,0.00000000e+00,0.00000000e+00,0.00000000e+00,0.00000000e+00,0.00000000e+00,0.00000000e+00,0.00000000e+00,0.00000000e+00,0.00000000e+00,0.00000000e+00,0.00000000e+00,0.00000000e+00,0.00000000e+00,0.00000000e+00,0.00000000e+00,0.00000000e+00,0.00000000e+00,0.00000000e+00,0.00000000e+00,2.10575666e-04
1.44136017e+02,1.43886017e+02,0.00000000e+00,0.00000000e+00,0.00000000e+00,0.00000000e+00,0.00000000e+00,0.00000000e+00,0.00000000e+00,0.00000000e+00,0.00000000e+00,0.00000000e+00,0.00000000e+00,0.00000000e+00,0.00000000e+00,0.00000000e+00,0.00000000e+00,0.00000000e+00,0.00000000e+00,0.00000000e+00,0.00000000e+00,0.00000000e+00,0.00000000e+00,0.00000000e+00,0.00000000e+00,0.00000000e+00,2.11187763e-04
1.44236042e+02,1.43986042e+02,0.00000000e+00,0.00000000e+00,0.00000000e+00,0.00000000e+00,0.00000000e+00,0.00000000e+00,0.00000000e+00,0.00000000e+00,0.00000000e+00,0.00000000e+00,0.00000000e+00,0.00000000e+00,0.00000000e+00,0.00000000e+00,0.00000000e+00,0.00000000e+00,0.00000000e+00,0.00000000e+00,0.00000000e+00,0.00000000e+00,0.00000000e+00,0.00000000e+00,0.00000000e+00,0.00000000e+00,2.10716567e-04
1.44336067e+02,1.44086067e+02,0.00000000e+00,0.00000000e+00,0.00000000e+00,0.00000000e+00,0.00000000e+00,0.00000000e+00,0.00000000e+00,0.00000000e+00,0.00000000e+00,0.00000000e+00,0.00000000e+00,0.00000000e+00,0.00000000e+00,0.00000000e+00,0.00000000e+00,0.00000000e+00,0.00000000e+00,0.00000000e+00,0.00000000e+00,0.00000000e+00,0.00000000e+00,0.00000000e+00,0.00000000e+00,0.00000000e+00,2.09368121e-04
1.44436092e+02,1.44186092e+02,0.00000000e+00,0.00000000e+00,0.00000000e+00,0.00000000e+00,0.00000000e+00,0.00000000e+00,0.00000000e+00,0.00000000e+00,0.00000000e+00,0.00000000e+00,0.00000000e+00,0.00000000e+00,0.00000000e+00,0.00000000e+00,0.00000000e+00,0.00000000e+00,0.00000000e+00,0.00000000e+00,0.00000000e+00,0.00000000e+00,0.00000000e+00,0.00000000e+00,0.00000000e+00,0.00000000e+00,2.08054818e-04
1.44536117e+02,1.44286117e+02,0.00000000e+00,0.00000000e+00,0.00000000e+00,0.00000000e+00,0.00000000e+00,0.00000000e+00,0.00000000e+00,0.00000000e+00,0.00000000e+00,0.00000000e+00,0.00000000e+00,0.00000000e+00,0.00000000e+00,0.00000000e+00,0.00000000e+00,0.00000000e+00,0.00000000e+00,0.00000000e+00,0.00000000e+00,0.00000000e+00,0.00000000e+00,0.00000000e+00,0.00000000e+00,0.00000000e+00,2.06300503e-04
1.44636142e+02,1.44386142e+02,0.00000000e+00,0.00000000e+00,0.00000000e+00,0.00000000e+00,0.00000000e+00,0.00000000e+00,0.00000000e+00,0.00000000e+00,0.00000000e+00,0.00000000e+00,0.00000000e+00,0.00000000e+00,0.00000000e+00,0.00000000e+00,0.00000000e+00,0.00000000e+00,0.00000000e+00,0.00000000e+00,0.00000000e+00,0.00000000e+00,0.00000000e+00,0.00000000e+00,0.00000000e+00,0.00000000e+00,2.06112882e-04
1.44736167e+02,1.44486167e+02,0.00000000e+00,0.00000000e+00,0.00000000e+00,0.00000000e+00,0.00000000e+00,0.00000000e+00,0.00000000e+00,0.00000000e+00,0.00000000e+00,0.00000000e+00,0.00000000e+00,0.00000000e+00,0.00000000e+00,0.00000000e+00,0.00000000e+00,0.00000000e+00,0.00000000e+00,0.00000000e+00,0.00000000e+00,0.00000000e+00,0.00000000e+00,0.00000000e+00,0.00000000e+00,0.00000000e+00,2.04951549e-04
1.44836192e+02,1.44586192e+02,0.00000000e+00,0.00000000e+00,0.00000000e+00,0.00000000e+00,0.00000000e+00,0.00000000e+00,0.00000000e+00,0.00000000e+00,0.00000000e+00,0.00000000e+00,0.00000000e+00,0.00000000e+00,0.00000000e+00,0.00000000e+00,0.00000000e+00,0.00000000e+00,0.00000000e+00,0.00000000e+00,0.00000000e+00,0.00000000e+00,0.00000000e+00,0.00000000e+00,0.00000000e+00,0.00000000e+00,2.06465484e-04
1.44936217e+02,1.44686217e+02,0.00000000e+00,0.00000000e+00,0.00000000e+00,0.00000000e+00,0.00000000e+00,0.00000000e+00,0.00000000e+00,0.00000000e+00,0.00000000e+00,0.00000000e+00,0.00000000e+00,0.00000000e+00,0.00000000e+00,0.00000000e+00,0.00000000e+00,0.00000000e+00,0.00000000e+00,0.00000000e+00,0.00000000e+00,0.00000000e+00,0.00000000e+00,0.00000000e+00,0.00000000e+00,0.00000000e+00,2.04153373e-04
1.45036242e+02,1.44786242e+02,0.00000000e+00,0.00000000e+00,0.00000000e+00,0.00000000e+00,0.00000000e+00,0.00000000e+00,0.00000000e+00,0.00000000e+00,0.00000000e+00,0.00000000e+00,0.00000000e+00,0.00000000e+00,0.00000000e+00,0.00000000e+00,0.00000000e+00,0.00000000e+00,0.00000000e+00,0.00000000e+00,0.00000000e+00,0.00000000e+00,0.00000000e+00,0.00000000e+00,0.00000000e+00,0.00000000e+00,2.04440441e-04
1.45136267e+02,1.44886267e+02,0.00000000e+00,0.00000000e+00,0.00000000e+00,0.00000000e+00,0.00000000e+00,0.00000000e+00,0.00000000e+00,0.00000000e+00,0.00000000e+00,0.00000000e+00,0.00000000e+00,0.00000000e+00,0.00000000e+00,0.00000000e+00,0.00000000e+00,0.00000000e+00,0.00000000e+00,0.00000000e+00,0.00000000e+00,0.00000000e+00,0.00000000e+00,0.00000000e+00,0.00000000e+00,0.00000000e+00,2.03929930e-04
1.45236292e+02,1.44986292e+02,0.00000000e+00,0.00000000e+00,0.00000000e+00,0.00000000e+00,0.00000000e+00,0.00000000e+00,0.00000000e+00,0.00000000e+00,0.00000000e+00,0.00000000e+00,0.00000000e+00,0.00000000e+00,0.00000000e+00,0.00000000e+00,0.00000000e+00,0.00000000e+00,0.00000000e+00,0.00000000e+00,0.00000000e+00,0.00000000e+00,0.00000000e+00,0.00000000e+00,0.00000000e+00,0.00000000e+00,2.04068767e-04
1.45336317e+02,1.45086317e+02,0.00000000e+00,0.00000000e+00,0.00000000e+00,0.00000000e+00,0.00000000e+00,0.00000000e+00,0.00000000e+00,0.00000000e+00,0.00000000e+00,0.00000000e+00,0.00000000e+00,0.00000000e+00,0.00000000e+00,0.00000000e+00,0.00000000e+00,0.00000000e+00,0.00000000e+00,0.00000000e+00,0.00000000e+00,0.00000000e+00,0.00000000e+00,0.00000000e+00,0.00000000e+00,0.00000000e+00,2.01439704e-04
1.45436342e+02,1.45186342e+02,0.00000000e+00,0.00000000e+00,0.00000000e+00,0.00000000e+00,0.00000000e+00,0.00000000e+00,0.00000000e+00,0.00000000e+00,0.00000000e+00,0.00000000e+00,0.00000000e+00,0.00000000e+00,0.00000000e+00,0.00000000e+00,0.00000000e+00,0.00000000e+00,0.00000000e+00,0.00000000e+00,0.00000000e+00,0.00000000e+00,0.00000000e+00,0.00000000e+00,0.00000000e+00,0.00000000e+00,2.01204084e-04
1.45536367e+02,1.45286367e+02,0.00000000e+00,0.00000000e+00,0.00000000e+00,0.00000000e+00,0.00000000e+00,0.00000000e+00,0.00000000e+00,0.00000000e+00,0.00000000e+00,0.00000000e+00,0.00000000e+00,0.00000000e+00,0.00000000e+00,0.00000000e+00,0.00000000e+00,0.00000000e+00,0.00000000e+00,0.00000000e+00,0.00000000e+00,0.00000000e+00,0.00000000e+00,0.00000000e+00,0.00000000e+00,0.00000000e+00,2.01467195e-04
1.45636392e+02,1.45386392e+02,0.00000000e+00,0.00000000e+00,0.00000000e+00,0.00000000e+00,0.00000000e+00,0.00000000e+00,0.00000000e+00,0.00000000e+00,0.00000000e+00,0.00000000e+00,0.00000000e+00,0.00000000e+00,0.00000000e+00,0.00000000e+00,0.00000000e+00,0.00000000e+00,0.00000000e+00,0.00000000e+00,0.00000000e+00,0.00000000e+00,0.00000000e+00,0.00000000e+00,0.00000000e+00,0.00000000e+00,2.00493561e-04
1.45736417e+02,1.45486417e+02,0.00000000e+00,0.00000000e+00,0.00000000e+00,0.00000000e+00,0.00000000e+00,0.00000000e+00,0.00000000e+00,0.00000000e+00,0.00000000e+00,0.00000000e+00,0.00000000e+00,0.00000000e+00,0.00000000e+00,0.00000000e+00,0.00000000e+00,0.00000000e+00,0.00000000e+00,0.00000000e+00,0.00000000e+00,0.00000000e+00,0.00000000e+00,0.00000000e+00,0.00000000e+00,0.00000000e+00,2.01451952e-04
1.45836442e+02,1.45586442e+02,0.00000000e+00,0.00000000e+00,0.00000000e+00,0.00000000e+00,0.00000000e+00,0.00000000e+00,0.00000000e+00,0.00000000e+00,0.00000000e+00,0.00000000e+00,0.00000000e+00,0.00000000e+00,0.00000000e+00,0.00000000e+00,0.00000000e+00,0.00000000e+00,0.00000000e+00,0.00000000e+00,0.00000000e+00,0.00000000e+00,0.00000000e+00,0.00000000e+00,0.00000000e+00,0.00000000e+00,2.01531311e-04
1.45936467e+02,1.45686467e+02,0.00000000e+00,0.00000000e+00,0.00000000e+00,0.00000000e+00,0.00000000e+00,0.00000000e+00,0.00000000e+00,0.00000000e+00,0.00000000e+00,0.00000000e+00,0.00000000e+00,0.00000000e+00,0.00000000e+00,0.00000000e+00,0.00000000e+00,0.00000000e+00,0.00000000e+00,0.00000000e+00,0.00000000e+00,0.00000000e+00,0.00000000e+00,0.00000000e+00,0.00000000e+00,0.00000000e+00,2.00837792e-04
1.46036492e+02,1.45786492e+02,0.00000000e+00,0.00000000e+00,0.00000000e+00,0.00000000e+00,0.00000000e+00,0.00000000e+00,0.00000000e+00,0.00000000e+00,0.00000000e+00,0.00000000e+00,0.00000000e+00,0.00000000e+00,0.00000000e+00,0.00000000e+00,0.00000000e+00,0.00000000e+00,0.00000000e+00,0.00000000e+00,0.00000000e+00,0.00000000e+00,0.00000000e+00,0.00000000e+00,0.00000000e+00,0.00000000e+00,2.00494746e-04
1.46136517e+02,1.45886517e+02,0.00000000e+00,0.00000000e+00,0.00000000e+00,0.00000000e+00,0.00000000e+00,0.00000000e+00,0.00000000e+00,0.00000000e+00,0.00000000e+00,0.00000000e+00,0.00000000e+00,0.00000000e+00,0.00000000e+00,0.00000000e+00,0.00000000e+00,0.00000000e+00,0.00000000e+00,0.00000000e+00,0.00000000e+00,0.00000000e+00,0.00000000e+00,0.00000000e+00,0.00000000e+00,0.00000000e+00,1.98932814e-04
1.46236542e+02,1.45986542e+02,0.00000000e+00,0.00000000e+00,0.00000000e+00,0.00000000e+00,0.00000000e+00,0.00000000e+00,0.00000000e+00,0.00000000e+00,0.00000000e+00,0.00000000e+00,0.00000000e+00,0.00000000e+00,0.00000000e+00,0.00000000e+00,0.00000000e+00,0.00000000e+00,0.00000000e+00,0.00000000e+00,0.00000000e+00,0.00000000e+00,0.00000000e+00,0.00000000e+00,0.00000000e+00,0.00000000e+00,2.00298927e-04
1.46336567e+02,1.46086567e+02,0.00000000e+00,0.00000000e+00,0.00000000e+00,0.00000000e+00,0.00000000e+00,0.00000000e+00,0.00000000e+00,0.00000000e+00,0.00000000e+00,0.00000000e+00,0.00000000e+00,0.00000000e+00,0.00000000e+00,0.00000000e+00,0.00000000e+00,0.00000000e+00,0.00000000e+00,0.00000000e+00,0.00000000e+00,0.00000000e+00,0.00000000e+00,0.00000000e+00,0.00000000e+00,0.00000000e+00,2.01531316e-04
1.46436592e+02,1.46186592e+02,0.00000000e+00,0.00000000e+00,0.00000000e+00,0.00000000e+00,0.00000000e+00,0.00000000e+00,0.00000000e+00,0.00000000e+00,0.00000000e+00,0.00000000e+00,0.00000000e+00,0.00000000e+00,0.00000000e+00,0.00000000e+00,0.00000000e+00,0.00000000e+00,0.00000000e+00,0.00000000e+00,0.00000000e+00,0.00000000e+00,0.00000000e+00,0.00000000e+00,0.00000000e+00,0.00000000e+00,2.01461435e-04
1.46536617e+02,1.46286617e+02,0.00000000e+00,0.00000000e+00,0.00000000e+00,0.00000000e+00,0.00000000e+00,0.00000000e+00,0.00000000e+00,0.00000000e+00,0.00000000e+00,0.00000000e+00,0.00000000e+00,0.00000000e+00,0.00000000e+00,0.00000000e+00,0.00000000e+00,0.00000000e+00,0.00000000e+00,0.00000000e+00,0.00000000e+00,0.00000000e+00,0.00000000e+00,0.00000000e+00,0.00000000e+00,0.00000000e+00,2.00333321e-04
1.46636642e+02,1.46386642e+02,0.00000000e+00,0.00000000e+00,0.00000000e+00,0.00000000e+00,0.00000000e+00,0.00000000e+00,0.00000000e+00,0.00000000e+00,0.00000000e+00,0.00000000e+00,0.00000000e+00,0.00000000e+00,0.00000000e+00,0.00000000e+00,0.00000000e+00,0.00000000e+00,0.00000000e+00,0.00000000e+00,0.00000000e+00,0.00000000e+00,0.00000000e+00,0.00000000e+00,0.00000000e+00,0.00000000e+00,1.99426128e-04
1.46736668e+02,1.46486668e+02,0.00000000e+00,0.00000000e+00,0.00000000e+00,0.00000000e+00,0.00000000e+00,0.00000000e+00,0.00000000e+00,0.00000000e+00,0.00000000e+00,0.00000000e+00,0.00000000e+00,0.00000000e+00,0.00000000e+00,0.00000000e+00,0.00000000e+00,0.00000000e+00,0.00000000e+00,0.00000000e+00,0.00000000e+00,0.00000000e+00,0.00000000e+00,0.00000000e+00,0.00000000e+00,0.00000000e+00,2.01337315e-04
1.46836693e+02,1.46586693e+02,0.00000000e+00,0.00000000e+00,0.00000000e+00,0.00000000e+00,0.00000000e+00,0.00000000e+00,0.00000000e+00,0.00000000e+00,0.00000000e+00,0.00000000e+00,0.00000000e+00,0.00000000e+00,0.00000000e+00,0.00000000e+00,0.00000000e+00,0.00000000e+00,0.00000000e+00,0.00000000e+00,0.00000000e+00,0.00000000e+00,0.00000000e+00,0.00000000e+00,0.00000000e+00,0.00000000e+00,1.98908460e-04
1.46936718e+02,1.46686718e+02,0.00000000e+00,0.00000000e+00,0.00000000e+00,0.00000000e+00,0.00000000e+00,0.00000000e+00,0.00000000e+00,0.00000000e+00,0.00000000e+00,0.00000000e+00,0.00000000e+00,0.00000000e+00,0.00000000e+00,0.00000000e+00,0.00000000e+00,0.00000000e+00,0.00000000e+00,0.00000000e+00,0.00000000e+00,0.00000000e+00,0.00000000e+00,0.00000000e+00,0.00000000e+00,0.00000000e+00,1.99449785e-04
1.47036743e+02,1.46786743e+02,0.00000000e+00,0.00000000e+00,0.00000000e+00,0.00000000e+00,0.00000000e+00,0.00000000e+00,0.00000000e+00,0.00000000e+00,0.00000000e+00,0.00000000e+00,0.00000000e+00,0.00000000e+00,0.00000000e+00,0.00000000e+00,0.00000000e+00,0.00000000e+00,0.00000000e+00,0.00000000e+00,0.00000000e+00,0.00000000e+00,0.00000000e+00,0.00000000e+00,0.00000000e+00,0.00000000e+00,1.97580001e-04
1.47136768e+02,1.46886768e+02,0.00000000e+00,0.00000000e+00,0.00000000e+00,0.00000000e+00,0.00000000e+00,0.00000000e+00,0.00000000e+00,0.00000000e+00,0.00000000e+00,0.00000000e+00,0.00000000e+00,0.00000000e+00,0.00000000e+00,0.00000000e+00,0.00000000e+00,0.00000000e+00,0.00000000e+00,0.00000000e+00,0.00000000e+00,0.00000000e+00,0.00000000e+00,0.00000000e+00,0.00000000e+00,0.00000000e+00,1.96220176e-04
1.47236793e+02,1.46986793e+02,0.00000000e+00,0.00000000e+00,0.00000000e+00,0.00000000e+00,0.00000000e+00,0.00000000e+00,0.00000000e+00,0.00000000e+00,0.00000000e+00,0.00000000e+00,0.00000000e+00,0.00000000e+00,0.00000000e+00,0.00000000e+00,0.00000000e+00,0.00000000e+00,0.00000000e+00,0.00000000e+00,0.00000000e+00,0.00000000e+00,0.00000000e+00,0.00000000e+00,0.00000000e+00,0.00000000e+00,1.96388176e-04
1.47336818e+02,1.47086818e+02,0.00000000e+00,0.00000000e+00,0.00000000e+00,0.00000000e+00,0.00000000e+00,0.00000000e+00,0.00000000e+00,0.00000000e+00,0.00000000e+00,0.00000000e+00,0.00000000e+00,0.00000000e+00,0.00000000e+00,0.00000000e+00,0.00000000e+00,0.00000000e+00,0.00000000e+00,0.00000000e+00,0.00000000e+00,0.00000000e+00,0.00000000e+00,0.00000000e+00,0.00000000e+00,0.00000000e+00,1.95627741e-04
1.47436843e+02,1.47186843e+02,0.00000000e+00,0.00000000e+00,0.00000000e+00,0.00000000e+00,0.00000000e+00,0.00000000e+00,0.00000000e+00,0.00000000e+00,0.00000000e+00,0.00000000e+00,0.00000000e+00,0.00000000e+00,0.00000000e+00,0.00000000e+00,0.00000000e+00,0.00000000e+00,0.00000000e+00,0.00000000e+00,0.00000000e+00,0.00000000e+00,0.00000000e+00,0.00000000e+00,0.00000000e+00,0.00000000e+00,1.94706795e-04
1.47536868e+02,1.47286868e+02,0.00000000e+00,0.00000000e+00,0.00000000e+00,0.00000000e+00,0.00000000e+00,0.00000000e+00,0.00000000e+00,0.00000000e+00,0.00000000e+00,0.00000000e+00,0.00000000e+00,0.00000000e+00,0.00000000e+00,0.00000000e+00,0.00000000e+00,0.00000000e+00,0.00000000e+00,0.00000000e+00,0.00000000e+00,0.00000000e+00,0.00000000e+00,0.00000000e+00,0.00000000e+00,0.00000000e+00,1.94446406e-04
1.47636893e+02,1.47386893e+02,0.00000000e+00,0.00000000e+00,0.00000000e+00,0.00000000e+00,0.00000000e+00,0.00000000e+00,0.00000000e+00,0.00000000e+00,0.00000000e+00,0.00000000e+00,0.00000000e+00,0.00000000e+00,0.00000000e+00,0.00000000e+00,0.00000000e+00,0.00000000e+00,0.00000000e+00,0.00000000e+00,0.00000000e+00,0.00000000e+00,0.00000000e+00,0.00000000e+00,0.00000000e+00,0.00000000e+00,1.93613465e-04
1.47736918e+02,1.47486918e+02,0.00000000e+00,0.00000000e+00,0.00000000e+00,0.00000000e+00,0.00000000e+00,0.00000000e+00,0.00000000e+00,0.00000000e+00,0.00000000e+00,0.00000000e+00,0.00000000e+00,0.00000000e+00,0.00000000e+00,0.00000000e+00,0.00000000e+00,0.00000000e+00,0.00000000e+00,0.00000000e+00,0.00000000e+00,0.00000000e+00,0.00000000e+00,0.00000000e+00,0.00000000e+00,0.00000000e+00,1.93985313e-04
1.47836943e+02,1.47586943e+02,0.00000000e+00,0.00000000e+00,0.00000000e+00,0.00000000e+00,0.00000000e+00,0.00000000e+00,0.00000000e+00,0.00000000e+00,0.00000000e+00,0.00000000e+00,0.00000000e+00,0.00000000e+00,0.00000000e+00,0.00000000e+00,0.00000000e+00,0.00000000e+00,0.00000000e+00,0.00000000e+00,0.00000000e+00,0.00000000e+00,0.00000000e+00,0.00000000e+00,0.00000000e+00,0.00000000e+00,1.95320301e-04
1.47936968e+02,1.47686968e+02,0.00000000e+00,0.00000000e+00,0.00000000e+00,0.00000000e+00,0.00000000e+00,0.00000000e+00,0.00000000e+00,0.00000000e+00,0.00000000e+00,0.00000000e+00,0.00000000e+00,0.00000000e+00,0.00000000e+00,0.00000000e+00,0.00000000e+00,0.00000000e+00,0.00000000e+00,0.00000000e+00,0.00000000e+00,0.00000000e+00,0.00000000e+00,0.00000000e+00,0.00000000e+00,0.00000000e+00,1.94339131e-04
1.48036993e+02,1.47786993e+02,0.00000000e+00,0.00000000e+00,0.00000000e+00,0.00000000e+00,0.00000000e+00,0.00000000e+00,0.00000000e+00,0.00000000e+00,0.00000000e+00,0.00000000e+00,0.00000000e+00,0.00000000e+00,0.00000000e+00,0.00000000e+00,0.00000000e+00,0.00000000e+00,0.00000000e+00,0.00000000e+00,0.00000000e+00,0.00000000e+00,0.00000000e+00,0.00000000e+00,0.00000000e+00,0.00000000e+00,1.94183728e-04
1.48137018e+02,1.47887018e+02,0.00000000e+00,0.00000000e+00,0.00000000e+00,0.00000000e+00,0.00000000e+00,0.00000000e+00,0.00000000e+00,0.00000000e+00,0.00000000e+00,0.00000000e+00,0.00000000e+00,0.00000000e+00,0.00000000e+00,0.00000000e+00,0.00000000e+00,0.00000000e+00,0.00000000e+00,0.00000000e+00,0.00000000e+00,0.00000000e+00,0.00000000e+00,0.00000000e+00,0.00000000e+00,0.00000000e+00,1.92527957e-04
1.48237043e+02,1.47987043e+02,0.00000000e+00,0.00000000e+00,0.00000000e+00,0.00000000e+00,0.00000000e+00,0.00000000e+00,0.00000000e+00,0.00000000e+00,0.00000000e+00,0.00000000e+00,0.00000000e+00,0.00000000e+00,0.00000000e+00,0.00000000e+00,0.00000000e+00,0.00000000e+00,0.00000000e+00,0.00000000e+00,0.00000000e+00,0.00000000e+00,0.00000000e+00,0.00000000e+00,0.00000000e+00,0.00000000e+00,1.92612930e-04
1.48337068e+02,1.48087068e+02,0.00000000e+00,0.00000000e+00,0.00000000e+00,0.00000000e+00,0.00000000e+00,0.00000000e+00,0.00000000e+00,0.00000000e+00,0.00000000e+00,0.00000000e+00,0.00000000e+00,0.00000000e+00,0.00000000e+00,0.00000000e+00,0.00000000e+00,0.00000000e+00,0.00000000e+00,0.00000000e+00,0.00000000e+00,0.00000000e+00,0.00000000e+00,0.00000000e+00,0.00000000e+00,0.00000000e+00,1.92945262e-04
1.48437093e+02,1.48187093e+02,0.00000000e+00,0.00000000e+00,0.00000000e+00,0.00000000e+00,0.00000000e+00,0.00000000e+00,0.00000000e+00,0.00000000e+00,0.00000000e+00,0.00000000e+00,0.00000000e+00,0.00000000e+00,0.00000000e+00,0.00000000e+00,0.00000000e+00,0.00000000e+00,0.00000000e+00,0.00000000e+00,0.00000000e+00,0.00000000e+00,0.00000000e+00,0.00000000e+00,0.00000000e+00,0.00000000e+00,1.92206755e-04
1.48537118e+02,1.48287118e+02,0.00000000e+00,0.00000000e+00,0.00000000e+00,0.00000000e+00,0.00000000e+00,0.00000000e+00,0.00000000e+00,0.00000000e+00,0.00000000e+00,0.00000000e+00,0.00000000e+00,0.00000000e+00,0.00000000e+00,0.00000000e+00,0.00000000e+00,0.00000000e+00,0.00000000e+00,0.00000000e+00,0.00000000e+00,0.00000000e+00,0.00000000e+00,0.00000000e+00,0.00000000e+00,0.00000000e+00,1.89550709e-04
1.48637143e+02,1.48387143e+02,0.00000000e+00,0.00000000e+00,0.00000000e+00,0.00000000e+00,0.00000000e+00,0.00000000e+00,0.00000000e+00,0.00000000e+00,0.00000000e+00,0.00000000e+00,0.00000000e+00,0.00000000e+00,0.00000000e+00,0.00000000e+00,0.00000000e+00,0.00000000e+00,0.00000000e+00,0.00000000e+00,0.00000000e+00,0.00000000e+00,0.00000000e+00,0.00000000e+00,0.00000000e+00,0.00000000e+00,1.90449298e-04
1.48737168e+02,1.48487168e+02,0.00000000e+00,0.00000000e+00,0.00000000e+00,0.00000000e+00,0.00000000e+00,0.00000000e+00,0.00000000e+00,0.00000000e+00,0.00000000e+00,0.00000000e+00,0.00000000e+00,0.00000000e+00,0.00000000e+00,0.00000000e+00,0.00000000e+00,0.00000000e+00,0.00000000e+00,0.00000000e+00,0.00000000e+00,0.00000000e+00,0.00000000e+00,0.00000000e+00,0.00000000e+00,0.00000000e+00,1.88615710e-04
1.48837193e+02,1.48587193e+02,0.00000000e+00,0.00000000e+00,0.00000000e+00,0.00000000e+00,0.00000000e+00,0.00000000e+00,0.00000000e+00,0.00000000e+00,0.00000000e+00,0.00000000e+00,0.00000000e+00,0.00000000e+00,0.00000000e+00,0.00000000e+00,0.00000000e+00,0.00000000e+00,0.00000000e+00,0.00000000e+00,0.00000000e+00,0.00000000e+00,0.00000000e+00,0.00000000e+00,0.00000000e+00,0.00000000e+00,1.88035621e-04
1.48937218e+02,1.48687218e+02,0.00000000e+00,0.00000000e+00,0.00000000e+00,0.00000000e+00,0.00000000e+00,0.00000000e+00,0.00000000e+00,0.00000000e+00,0.00000000e+00,0.00000000e+00,0.00000000e+00,0.00000000e+00,0.00000000e+00,0.00000000e+00,0.00000000e+00,0.00000000e+00,0.00000000e+00,0.00000000e+00,0.00000000e+00,0.00000000e+00,0.00000000e+00,0.00000000e+00,0.00000000e+00,0.00000000e+00,1.86559317e-04
1.49037243e+02,1.48787243e+02,0.00000000e+00,0.00000000e+00,0.00000000e+00,0.00000000e+00,0.00000000e+00,0.00000000e+00,0.00000000e+00,0.00000000e+00,0.00000000e+00,0.00000000e+00,0.00000000e+00,0.00000000e+00,0.00000000e+00,0.00000000e+00,0.00000000e+00,0.00000000e+00,0.00000000e+00,0.00000000e+00,0.00000000e+00,0.00000000e+00,0.00000000e+00,0.00000000e+00,0.00000000e+00,0.00000000e+00,1.85816662e-04
1.49137268e+02,1.48887268e+02,0.00000000e+00,0.00000000e+00,0.00000000e+00,0.00000000e+00,0.00000000e+00,0.00000000e+00,0.00000000e+00,0.00000000e+00,0.00000000e+00,0.00000000e+00,0.00000000e+00,0.00000000e+00,0.00000000e+00,0.00000000e+00,0.00000000e+00,0.00000000e+00,0.00000000e+00,0.00000000e+00,0.00000000e+00,0.00000000e+00,0.00000000e+00,0.00000000e+00,0.00000000e+00,0.00000000e+00,1.84683282e-04
1.49237293e+02,1.48987293e+02,0.00000000e+00,0.00000000e+00,0.00000000e+00,0.00000000e+00,0.00000000e+00,0.00000000e+00,0.00000000e+00,0.00000000e+00,0.00000000e+00,0.00000000e+00,0.00000000e+00,0.00000000e+00,0.00000000e+00,0.00000000e+00,0.00000000e+00,0.00000000e+00,0.00000000e+00,0.00000000e+00,0.00000000e+00,0.00000000e+00,0.00000000e+00,0.00000000e+00,0.00000000e+00,0.00000000e+00,1.85837648e-04
1.49337318e+02,1.49087318e+02,0.00000000e+00,0.00000000e+00,0.00000000e+00,0.00000000e+00,0.00000000e+00,0.00000000e+00,0.00000000e+00,0.00000000e+00,0.00000000e+00,0.00000000e+00,0.00000000e+00,0.00000000e+00,0.00000000e+00,0.00000000e+00,0.00000000e+00,0.00000000e+00,0.00000000e+00,0.00000000e+00,0.00000000e+00,0.00000000e+00,0.00000000e+00,0.00000000e+00,0.00000000e+00,0.00000000e+00,1.85790753e-04
1.49437344e+02,1.49187344e+02,0.00000000e+00,0.00000000e+00,0.00000000e+00,0.00000000e+00,0.00000000e+00,0.00000000e+00,0.00000000e+00,0.00000000e+00,0.00000000e+00,0.00000000e+00,0.00000000e+00,0.00000000e+00,0.00000000e+00,0.00000000e+00,0.00000000e+00,0.00000000e+00,0.00000000e+00,0.00000000e+00,0.00000000e+00,0.00000000e+00,0.00000000e+00,0.00000000e+00,0.00000000e+00,0.00000000e+00,1.86577426e-04
1.49537369e+02,1.49287369e+02,0.00000000e+00,0.00000000e+00,0.00000000e+00,0.00000000e+00,0.00000000e+00,0.00000000e+00,0.00000000e+00,0.00000000e+00,0.00000000e+00,0.00000000e+00,0.00000000e+00,0.00000000e+00,0.00000000e+00,0.00000000e+00,0.00000000e+00,0.00000000e+00,0.00000000e+00,0.00000000e+00,0.00000000e+00,0.00000000e+00,0.00000000e+00,0.00000000e+00,0.00000000e+00,0.00000000e+00,1.84032660e-04
1.49637394e+02,1.49387394e+02,0.00000000e+00,0.00000000e+00,0.00000000e+00,0.00000000e+00,0.00000000e+00,0.00000000e+00,0.00000000e+00,0.00000000e+00,0.00000000e+00,0.00000000e+00,0.00000000e+00,0.00000000e+00,0.00000000e+00,0.00000000e+00,0.00000000e+00,0.00000000e+00,0.00000000e+00,0.00000000e+00,0.00000000e+00,0.00000000e+00,0.00000000e+00,0.00000000e+00,0.00000000e+00,0.00000000e+00,1.83382999e-04
1.49737419e+02,1.49487419e+02,0.00000000e+00,0.00000000e+00,0.00000000e+00,0.00000000e+00,0.00000000e+00,0.00000000e+00,0.00000000e+00,0.00000000e+00,0.00000000e+00,0.00000000e+00,0.00000000e+00,0.00000000e+00,0.00000000e+00,0.00000000e+00,0.00000000e+00,0.00000000e+00,0.00000000e+00,0.00000000e+00,0.00000000e+00,0.00000000e+00,0.00000000e+00,0.00000000e+00,0.00000000e+00,0.00000000e+00,1.82071609e-04
1.49837444e+02,1.49587444e+02,0.00000000e+00,0.00000000e+00,0.00000000e+00,0.00000000e+00,0.00000000e+00,0.00000000e+00,0.00000000e+00,0.00000000e+00,0.00000000e+00,0.00000000e+00,0.00000000e+00,0.00000000e+00,0.00000000e+00,0.00000000e+00,0.00000000e+00,0.00000000e+00,0.00000000e+00,0.00000000e+00,0.00000000e+00,0.00000000e+00,0.00000000e+00,0.00000000e+00,0.00000000e+00,0.00000000e+00,1.82140490e-04
1.49937469e+02,1.49687469e+02,0.00000000e+00,0.00000000e+00,0.00000000e+00,0.00000000e+00,0.00000000e+00,0.00000000e+00,0.00000000e+00,0.00000000e+00,0.00000000e+00,0.00000000e+00,0.00000000e+00,0.00000000e+00,0.00000000e+00,0.00000000e+00,0.00000000e+00,0.00000000e+00,0.00000000e+00,0.00000000e+00,0.00000000e+00,0.00000000e+00,0.00000000e+00,0.00000000e+00,0.00000000e+00,0.00000000e+00,1.81237512e-04
1.50037494e+02,1.49787494e+02,0.00000000e+00,0.00000000e+00,0.00000000e+00,0.00000000e+00,0.00000000e+00,0.00000000e+00,0.00000000e+00,0.00000000e+00,0.00000000e+00,0.00000000e+00,0.00000000e+00,0.00000000e+00,0.00000000e+00,0.00000000e+00,0.00000000e+00,0.00000000e+00,0.00000000e+00,0.00000000e+00,0.00000000e+00,0.00000000e+00,0.00000000e+00,0.00000000e+00,0.00000000e+00,0.00000000e+00,1.81117450e-04
1.50137519e+02,1.49887519e+02,0.00000000e+00,0.00000000e+00,0.00000000e+00,0.00000000e+00,0.00000000e+00,0.00000000e+00,0.00000000e+00,0.00000000e+00,0.00000000e+00,0.00000000e+00,0.00000000e+00,0.00000000e+00,0.00000000e+00,0.00000000e+00,0.00000000e+00,0.00000000e+00,0.00000000e+00,0.00000000e+00,0.00000000e+00,0.00000000e+00,0.00000000e+00,0.00000000e+00,0.00000000e+00,0.00000000e+00,1.81449217e-04
1.50237544e+02,1.49987544e+02,0.00000000e+00,0.00000000e+00,0.00000000e+00,0.00000000e+00,0.00000000e+00,0.00000000e+00,0.00000000e+00,0.00000000e+00,0.00000000e+00,0.00000000e+00,0.00000000e+00,0.00000000e+00,0.00000000e+00,0.00000000e+00,0.00000000e+00,0.00000000e+00,0.00000000e+00,0.00000000e+00,0.00000000e+00,0.00000000e+00,0.00000000e+00,0.00000000e+00,0.00000000e+00,0.00000000e+00,1.80274244e-04
1.50337569e+02,1.50087569e+02,0.00000000e+00,0.00000000e+00,0.00000000e+00,0.00000000e+00,0.00000000e+00,0.00000000e+00,0.00000000e+00,0.00000000e+00,0.00000000e+00,0.00000000e+00,0.00000000e+00,0.00000000e+00,0.00000000e+00,0.00000000e+00,0.00000000e+00,0.00000000e+00,0.00000000e+00,0.00000000e+00,0.00000000e+00,0.00000000e+00,0.00000000e+00,0.00000000e+00,0.00000000e+00,0.00000000e+00,1.80063367e-04
1.50437594e+02,1.50187594e+02,0.00000000e+00,0.00000000e+00,0.00000000e+00,0.00000000e+00,0.00000000e+00,0.00000000e+00,0.00000000e+00,0.00000000e+00,0.00000000e+00,0.00000000e+00,0.00000000e+00,0.00000000e+00,0.00000000e+00,0.00000000e+00,0.00000000e+00,0.00000000e+00,0.00000000e+00,0.00000000e+00,0.00000000e+00,0.00000000e+00,0.00000000e+00,0.00000000e+00,0.00000000e+00,0.00000000e+00,1.80391043e-04
1.50537619e+02,1.50287619e+02,0.00000000e+00,0.00000000e+00,0.00000000e+00,0.00000000e+00,0.00000000e+00,0.00000000e+00,0.00000000e+00,0.00000000e+00,0.00000000e+00,0.00000000e+00,0.00000000e+00,0.00000000e+00,0.00000000e+00,0.00000000e+00,0.00000000e+00,0.00000000e+00,0.00000000e+00,0.00000000e+00,0.00000000e+00,0.00000000e+00,0.00000000e+00,0.00000000e+00,0.00000000e+00,0.00000000e+00,1.80786035e-04
1.50637644e+02,1.50387644e+02,0.00000000e+00,0.00000000e+00,0.00000000e+00,0.00000000e+00,0.00000000e+00,0.00000000e+00,0.00000000e+00,0.00000000e+00,0.00000000e+00,0.00000000e+00,0.00000000e+00,0.00000000e+00,0.00000000e+00,0.00000000e+00,0.00000000e+00,0.00000000e+00,0.00000000e+00,0.00000000e+00,0.00000000e+00,0.00000000e+00,0.00000000e+00,0.00000000e+00,0.00000000e+00,0.00000000e+00,1.78798364e-04
1.50737669e+02,1.50487669e+02,0.00000000e+00,0.00000000e+00,0.00000000e+00,0.00000000e+00,0.00000000e+00,0.00000000e+00,0.00000000e+00,0.00000000e+00,0.00000000e+00,0.00000000e+00,0.00000000e+00,0.00000000e+00,0.00000000e+00,0.00000000e+00,0.00000000e+00,0.00000000e+00,0.00000000e+00,0.00000000e+00,0.00000000e+00,0.00000000e+00,0.00000000e+00,0.00000000e+00,0.00000000e+00,0.00000000e+00,1.78290180e-04
1.50837694e+02,1.50587694e+02,0.00000000e+00,0.00000000e+00,0.00000000e+00,0.00000000e+00,0.00000000e+00,0.00000000e+00,0.00000000e+00,0.00000000e+00,0.00000000e+00,0.00000000e+00,0.00000000e+00,0.00000000e+00,0.00000000e+00,0.00000000e+00,0.00000000e+00,0.00000000e+00,0.00000000e+00,0.00000000e+00,0.00000000e+00,0.00000000e+00,0.00000000e+00,0.00000000e+00,0.00000000e+00,0.00000000e+00,1.77183108e-04
1.50937719e+02,1.50687719e+02,0.00000000e+00,0.00000000e+00,0.00000000e+00,0.00000000e+00,0.00000000e+00,0.00000000e+00,0.00000000e+00,0.00000000e+00,0.00000000e+00,0.00000000e+00,0.00000000e+00,0.00000000e+00,0.00000000e+00,0.00000000e+00,0.00000000e+00,0.00000000e+00,0.00000000e+00,0.00000000e+00,0.00000000e+00,0.00000000e+00,0.00000000e+00,0.00000000e+00,0.00000000e+00,0.00000000e+00,1.76854279e-04
1.51037744e+02,1.50787744e+02,0.00000000e+00,0.00000000e+00,0.00000000e+00,0.00000000e+00,0.00000000e+00,0.00000000e+00,0.00000000e+00,0.00000000e+00,0.00000000e+00,0.00000000e+00,0.00000000e+00,0.00000000e+00,0.00000000e+00,0.00000000e+00,0.00000000e+00,0.00000000e+00,0.00000000e+00,0.00000000e+00,0.00000000e+00,0.00000000e+00,0.00000000e+00,0.00000000e+00,0.00000000e+00,0.00000000e+00,1.76260378e-04
1.51137769e+02,1.50887769e+02,0.00000000e+00,0.00000000e+00,0.00000000e+00,0.00000000e+00,0.00000000e+00,0.00000000e+00,0.00000000e+00,0.00000000e+00,0.00000000e+00,0.00000000e+00,0.00000000e+00,0.00000000e+00,0.00000000e+00,0.00000000e+00,0.00000000e+00,0.00000000e+00,0.00000000e+00,0.00000000e+00,0.00000000e+00,0.00000000e+00,0.00000000e+00,0.00000000e+00,0.00000000e+00,0.00000000e+00,1.76010531e-04
1.51237794e+02,1.50987794e+02,0.00000000e+00,0.00000000e+00,0.00000000e+00,0.00000000e+00,0.00000000e+00,0.00000000e+00,0.00000000e+00,0.00000000e+00,0.00000000e+00,0.00000000e+00,0.00000000e+00,0.00000000e+00,0.00000000e+00,0.00000000e+00,0.00000000e+00,0.00000000e+00,0.00000000e+00,0.00000000e+00,0.00000000e+00,0.00000000e+00,0.00000000e+00,0.00000000e+00,0.00000000e+00,0.00000000e+00,1.76196724e-04
1.51337819e+02,1.51087819e+02,0.00000000e+00,0.00000000e+00,0.00000000e+00,0.00000000e+00,0.00000000e+00,0.00000000e+00,0.00000000e+00,0.00000000e+00,0.00000000e+00,0.00000000e+00,0.00000000e+00,0.00000000e+00,0.00000000e+00,0.00000000e+00,0.00000000e+00,0.00000000e+00,0.00000000e+00,0.00000000e+00,0.00000000e+00,0.00000000e+00,0.00000000e+00,0.00000000e+00,0.00000000e+00,0.00000000e+00,1.76615986e-04
1.51437844e+02,1.51187844e+02,0.00000000e+00,0.00000000e+00,0.00000000e+00,0.00000000e+00,0.00000000e+00,0.00000000e+00,0.00000000e+00,0.00000000e+00,0.00000000e+00,0.00000000e+00,0.00000000e+00,0.00000000e+00,0.00000000e+00,0.00000000e+00,0.00000000e+00,0.00000000e+00,0.00000000e+00,0.00000000e+00,0.00000000e+00,0.00000000e+00,0.00000000e+00,0.00000000e+00,0.00000000e+00,0.00000000e+00,1.74827384e-04
1.51537869e+02,1.51287869e+02,0.00000000e+00,0.00000000e+00,0.00000000e+00,0.00000000e+00,0.00000000e+00,0.00000000e+00,0.00000000e+00,0.00000000e+00,0.00000000e+00,0.00000000e+00,0.00000000e+00,0.00000000e+00,0.00000000e+00,0.00000000e+00,0.00000000e+00,0.00000000e+00,0.00000000e+00,0.00000000e+00,0.00000000e+00,0.00000000e+00,0.00000000e+00,0.00000000e+00,0.00000000e+00,0.00000000e+00,1.76174265e-04
1.51637894e+02,1.51387894e+02,0.00000000e+00,0.00000000e+00,0.00000000e+00,0.00000000e+00,0.00000000e+00,0.00000000e+00,0.00000000e+00,0.00000000e+00,0.00000000e+00,0.00000000e+00,0.00000000e+00,0.00000000e+00,0.00000000e+00,0.00000000e+00,0.00000000e+00,0.00000000e+00,0.00000000e+00,0.00000000e+00,0.00000000e+00,0.00000000e+00,0.00000000e+00,0.00000000e+00,0.00000000e+00,0.00000000e+00,1.74166633e-04
1.51737919e+02,1.51487919e+02,0.00000000e+00,0.00000000e+00,0.00000000e+00,0.00000000e+00,0.00000000e+00,0.00000000e+00,0.00000000e+00,0.00000000e+00,0.00000000e+00,0.00000000e+00,0.00000000e+00,0.00000000e+00,0.00000000e+00,0.00000000e+00,0.00000000e+00,0.00000000e+00,0.00000000e+00,0.00000000e+00,0.00000000e+00,0.00000000e+00,0.00000000e+00,0.00000000e+00,0.00000000e+00,0.00000000e+00,1.72952689e-04
1.51837944e+02,1.51587944e+02,0.00000000e+00,0.00000000e+00,0.00000000e+00,0.00000000e+00,0.00000000e+00,0.00000000e+00,0.00000000e+00,0.00000000e+00,0.00000000e+00,0.00000000e+00,0.00000000e+00,0.00000000e+00,0.00000000e+00,0.00000000e+00,0.00000000e+00,0.00000000e+00,0.00000000e+00,0.00000000e+00,0.00000000e+00,0.00000000e+00,0.00000000e+00,0.00000000e+00,0.00000000e+00,0.00000000e+00,1.71555774e-04
1.51937969e+02,1.51687969e+02,0.00000000e+00,0.00000000e+00,0.00000000e+00,0.00000000e+00,0.00000000e+00,0.00000000e+00,0.00000000e+00,0.00000000e+00,0.00000000e+00,0.00000000e+00,0.00000000e+00,0.00000000e+00,0.00000000e+00,0.00000000e+00,0.00000000e+00,0.00000000e+00,0.00000000e+00,0.00000000e+00,0.00000000e+00,0.00000000e+00,0.00000000e+00,0.00000000e+00,0.00000000e+00,0.00000000e+00,1.71716032e-04
1.52037994e+02,1.51787994e+02,0.00000000e+00,0.00000000e+00,0.00000000e+00,0.00000000e+00,0.00000000e+00,0.00000000e+00,0.00000000e+00,0.00000000e+00,0.00000000e+00,0.00000000e+00,0.00000000e+00,0.00000000e+00,0.00000000e+00,0.00000000e+00,0.00000000e+00,0.00000000e+00,0.00000000e+00,0.00000000e+00,0.00000000e+00,0.00000000e+00,0.00000000e+00,0.00000000e+00,0.00000000e+00,0.00000000e+00,1.71741705e-04
1.52138020e+02,1.51888020e+02,0.00000000e+00,0.00000000e+00,0.00000000e+00,0.00000000e+00,0.00000000e+00,0.00000000e+00,0.00000000e+00,0.00000000e+00,0.00000000e+00,0.00000000e+00,0.00000000e+00,0.00000000e+00,0.00000000e+00,0.00000000e+00,0.00000000e+00,0.00000000e+00,0.00000000e+00,0.00000000e+00,0.00000000e+00,0.00000000e+00,0.00000000e+00,0.00000000e+00,0.00000000e+00,0.00000000e+00,1.71651278e-04
1.52238045e+02,1.51988045e+02,0.00000000e+00,0.00000000e+00,0.00000000e+00,0.00000000e+00,0.00000000e+00,0.00000000e+00,0.00000000e+00,0.00000000e+00,0.00000000e+00,0.00000000e+00,0.00000000e+00,0.00000000e+00,0.00000000e+00,0.00000000e+00,0.00000000e+00,0.00000000e+00,0.00000000e+00,0.00000000e+00,0.00000000e+00,0.00000000e+00,0.00000000e+00,0.00000000e+00,0.00000000e+00,0.00000000e+00,1.72271710e-04
1.52338070e+02,1.52088070e+02,0.00000000e+00,0.00000000e+00,0.00000000e+00,0.00000000e+00,0.00000000e+00,0.00000000e+00,0.00000000e+00,0.00000000e+00,0.00000000e+00,0.00000000e+00,0.00000000e+00,0.00000000e+00,0.00000000e+00,0.00000000e+00,0.00000000e+00,0.00000000e+00,0.00000000e+00,0.00000000e+00,0.00000000e+00,0.00000000e+00,0.00000000e+00,0.00000000e+00,0.00000000e+00,0.00000000e+00,1.71504841e-04
1.52438095e+02,1.52188095e+02,0.00000000e+00,0.00000000e+00,0.00000000e+00,0.00000000e+00,0.00000000e+00,0.00000000e+00,0.00000000e+00,0.00000000e+00,0.00000000e+00,0.00000000e+00,0.00000000e+00,0.00000000e+00,0.00000000e+00,0.00000000e+00,0.00000000e+00,0.00000000e+00,0.00000000e+00,0.00000000e+00,0.00000000e+00,0.00000000e+00,0.00000000e+00,0.00000000e+00,0.00000000e+00,0.00000000e+00,1.72407292e-04
1.52538120e+02,1.52288120e+02,0.00000000e+00,0.00000000e+00,0.00000000e+00,0.00000000e+00,0.00000000e+00,0.00000000e+00,0.00000000e+00,0.00000000e+00,0.00000000e+00,0.00000000e+00,0.00000000e+00,0.00000000e+00,0.00000000e+00,0.00000000e+00,0.00000000e+00,0.00000000e+00,0.00000000e+00,0.00000000e+00,0.00000000e+00,0.00000000e+00,0.00000000e+00,0.00000000e+00,0.00000000e+00,0.00000000e+00,1.73781576e-04
1.52638145e+02,1.52388145e+02,0.00000000e+00,0.00000000e+00,0.00000000e+00,0.00000000e+00,0.00000000e+00,0.00000000e+00,0.00000000e+00,0.00000000e+00,0.00000000e+00,0.00000000e+00,0.00000000e+00,0.00000000e+00,0.00000000e+00,0.00000000e+00,0.00000000e+00,0.00000000e+00,0.00000000e+00,0.00000000e+00,0.00000000e+00,0.00000000e+00,0.00000000e+00,0.00000000e+00,0.00000000e+00,0.00000000e+00,1.70964346e-04
1.52738170e+02,1.52488170e+02,0.00000000e+00,0.00000000e+00,0.00000000e+00,0.00000000e+00,0.00000000e+00,0.00000000e+00,0.00000000e+00,0.00000000e+00,0.00000000e+00,0.00000000e+00,0.00000000e+00,0.00000000e+00,0.00000000e+00,0.00000000e+00,0.00000000e+00,0.00000000e+00,0.00000000e+00,0.00000000e+00,0.00000000e+00,0.00000000e+00,0.00000000e+00,0.00000000e+00,0.00000000e+00,0.00000000e+00,1.70341128e-04
1.52838195e+02,1.52588195e+02,0.00000000e+00,0.00000000e+00,0.00000000e+00,0.00000000e+00,0.00000000e+00,0.00000000e+00,0.00000000e+00,0.00000000e+00,0.00000000e+00,0.00000000e+00,0.00000000e+00,0.00000000e+00,0.00000000e+00,0.00000000e+00,0.00000000e+00,0.00000000e+00,0.00000000e+00,0.00000000e+00,0.00000000e+00,0.00000000e+00,0.00000000e+00,0.00000000e+00,0.00000000e+00,0.00000000e+00,1.68447106e-04
1.52938220e+02,1.52688220e+02,0.00000000e+00,0.00000000e+00,0.00000000e+00,0.00000000e+00,0.00000000e+00,0.00000000e+00,0.00000000e+00,0.00000000e+00,0.00000000e+00,0.00000000e+00,0.00000000e+00,0.00000000e+00,0.00000000e+00,0.00000000e+00,0.00000000e+00,0.00000000e+00,0.00000000e+00,0.00000000e+00,0.00000000e+00,0.00000000e+00,0.00000000e+00,0.00000000e+00,0.00000000e+00,0.00000000e+00,1.67543972e-04
1.53038245e+02,1.52788245e+02,0.00000000e+00,0.00000000e+00,0.00000000e+00,0.00000000e+00,0.00000000e+00,0.00000000e+00,0.00000000e+00,0.00000000e+00,0.00000000e+00,0.00000000e+00,0.00000000e+00,0.00000000e+00,0.00000000e+00,0.00000000e+00,0.00000000e+00,0.00000000e+00,0.00000000e+00,0.00000000e+00,0.00000000e+00,0.00000000e+00,0.00000000e+00,0.00000000e+00,0.00000000e+00,0.00000000e+00,1.67578675e-04
1.53138270e+02,1.52888270e+02,0.00000000e+00,0.00000000e+00,0.00000000e+00,0.00000000e+00,0.00000000e+00,0.00000000e+00,0.00000000e+00,0.00000000e+00,0.00000000e+00,0.00000000e+00,0.00000000e+00,0.00000000e+00,0.00000000e+00,0.00000000e+00,0.00000000e+00,0.00000000e+00,0.00000000e+00,0.00000000e+00,0.00000000e+00,0.00000000e+00,0.00000000e+00,0.00000000e+00,0.00000000e+00,0.00000000e+00,1.67273623e-04
1.53238295e+02,1.52988295e+02,0.00000000e+00,0.00000000e+00,0.00000000e+00,0.00000000e+00,0.00000000e+00,0.00000000e+00,0.00000000e+00,0.00000000e+00,0.00000000e+00,0.00000000e+00,0.00000000e+00,0.00000000e+00,0.00000000e+00,0.00000000e+00,0.00000000e+00,0.00000000e+00,0.00000000e+00,0.00000000e+00,0.00000000e+00,0.00000000e+00,0.00000000e+00,0.00000000e+00,0.00000000e+00,0.00000000e+00,1.66807284e-04
1.53338320e+02,1.53088320e+02,0.00000000e+00,0.00000000e+00,0.00000000e+00,0.00000000e+00,0.00000000e+00,0.00000000e+00,0.00000000e+00,0.00000000e+00,0.00000000e+00,0.00000000e+00,0.00000000e+00,0.00000000e+00,0.00000000e+00,0.00000000e+00,0.00000000e+00,0.00000000e+00,0.00000000e+00,0.00000000e+00,0.00000000e+00,0.00000000e+00,0.00000000e+00,0.00000000e+00,0.00000000e+00,0.00000000e+00,1.67025647e-04
1.53438345e+02,1.53188345e+02,0.00000000e+00,0.00000000e+00,0.00000000e+00,0.00000000e+00,0.00000000e+00,0.00000000e+00,0.00000000e+00,0.00000000e+00,0.00000000e+00,0.00000000e+00,0.00000000e+00,0.00000000e+00,0.00000000e+00,0.00000000e+00,0.00000000e+00,0.00000000e+00,0.00000000e+00,0.00000000e+00,0.00000000e+00,0.00000000e+00,0.00000000e+00,0.00000000e+00,0.00000000e+00,0.00000000e+00,1.68089749e-04
1.53538370e+02,1.53288370e+02,0.00000000e+00,0.00000000e+00,0.00000000e+00,0.00000000e+00,0.00000000e+00,0.00000000e+00,0.00000000e+00,0.00000000e+00,0.00000000e+00,0.00000000e+00,0.00000000e+00,0.00000000e+00,0.00000000e+00,0.00000000e+00,0.00000000e+00,0.00000000e+00,0.00000000e+00,0.00000000e+00,0.00000000e+00,0.00000000e+00,0.00000000e+00,0.00000000e+00,0.00000000e+00,0.00000000e+00,1.66014856e-04
1.53638395e+02,1.53388395e+02,0.00000000e+00,0.00000000e+00,0.00000000e+00,0.00000000e+00,0.00000000e+00,0.00000000e+00,0.00000000e+00,0.00000000e+00,0.00000000e+00,0.00000000e+00,0.00000000e+00,0.00000000e+00,0.00000000e+00,0.00000000e+00,0.00000000e+00,0.00000000e+00,0.00000000e+00,0.00000000e+00,0.00000000e+00,0.00000000e+00,0.00000000e+00,0.00000000e+00,0.00000000e+00,0.00000000e+00,1.64506977e-04
1.53738420e+02,1.53488420e+02,0.00000000e+00,0.00000000e+00,0.00000000e+00,0.00000000e+00,0.00000000e+00,0.00000000e+00,0.00000000e+00,0.00000000e+00,0.00000000e+00,0.00000000e+00,0.00000000e+00,0.00000000e+00,0.00000000e+00,0.00000000e+00,0.00000000e+00,0.00000000e+00,0.00000000e+00,0.00000000e+00,0.00000000e+00,0.00000000e+00,0.00000000e+00,0.00000000e+00,0.00000000e+00,0.00000000e+00,1.64437050e-04
1.53838445e+02,1.53588445e+02,0.00000000e+00,0.00000000e+00,0.00000000e+00,0.00000000e+00,0.00000000e+00,0.00000000e+00,0.00000000e+00,0.00000000e+00,0.00000000e+00,0.00000000e+00,0.00000000e+00,0.00000000e+00,0.00000000e+00,0.00000000e+00,0.00000000e+00,0.00000000e+00,0.00000000e+00,0.00000000e+00,0.00000000e+00,0.00000000e+00,0.00000000e+00,0.00000000e+00,0.00000000e+00,0.00000000e+00,1.64499094e-04
1.53938470e+02,1.53688470e+02,0.00000000e+00,0.00000000e+00,0.00000000e+00,0.00000000e+00,0.00000000e+00,0.00000000e+00,0.00000000e+00,0.00000000e+00,0.00000000e+00,0.00000000e+00,0.00000000e+00,0.00000000e+00,0.00000000e+00,0.00000000e+00,0.00000000e+00,0.00000000e+00,0.00000000e+00,0.00000000e+00,0.00000000e+00,0.00000000e+00,0.00000000e+00,0.00000000e+00,0.00000000e+00,0.00000000e+00,1.65070104e-04
1.54038495e+02,1.53788495e+02,0.00000000e+00,0.00000000e+00,0.00000000e+00,0.00000000e+00,0.00000000e+00,0.00000000e+00,0.00000000e+00,0.00000000e+00,0.00000000e+00,0.00000000e+00,0.00000000e+00,0.00000000e+00,0.00000000e+00,0.00000000e+00,0.00000000e+00,0.00000000e+00,0.00000000e+00,0.00000000e+00,0.00000000e+00,0.00000000e+00,0.00000000e+00,0.00000000e+00,0.00000000e+00,0.00000000e+00,1.64522970e-04
1.54138520e+02,1.53888520e+02,0.00000000e+00,0.00000000e+00,0.00000000e+00,0.00000000e+00,0.00000000e+00,0.00000000e+00,0.00000000e+00,0.00000000e+00,0.00000000e+00,0.00000000e+00,0.00000000e+00,0.00000000e+00,0.00000000e+00,0.00000000e+00,0.00000000e+00,0.00000000e+00,0.00000000e+00,0.00000000e+00,0.00000000e+00,0.00000000e+00,0.00000000e+00,0.00000000e+00,0.00000000e+00,0.00000000e+00,1.65214375e-04
1.54238545e+02,1.53988545e+02,0.00000000e+00,0.00000000e+00,0.00000000e+00,0.00000000e+00,0.00000000e+00,0.00000000e+00,0.00000000e+00,0.00000000e+00,0.00000000e+00,0.00000000e+00,0.00000000e+00,0.00000000e+00,0.00000000e+00,0.00000000e+00,0.00000000e+00,0.00000000e+00,0.00000000e+00,0.00000000e+00,0.00000000e+00,0.00000000e+00,0.00000000e+00,0.00000000e+00,0.00000000e+00,0.00000000e+00,1.66197092e-04
1.54338570e+02,1.54088570e+02,0.00000000e+00,0.00000000e+00,0.00000000e+00,0.00000000e+00,0.00000000e+00,0.00000000e+00,0.00000000e+00,0.00000000e+00,0.00000000e+00,0.00000000e+00,0.00000000e+00,0.00000000e+00,0.00000000e+00,0.00000000e+00,0.00000000e+00,0.00000000e+00,0.00000000e+00,0.00000000e+00,0.00000000e+00,0.00000000e+00,0.00000000e+00,0.00000000e+00,0.00000000e+00,0.00000000e+00,1.64672134e-04
1.54438595e+02,1.54188595e+02,0.00000000e+00,0.00000000e+00,0.00000000e+00,0.00000000e+00,0.00000000e+00,0.00000000e+00,0.00000000e+00,0.00000000e+00,0.00000000e+00,0.00000000e+00,0.00000000e+00,0.00000000e+00,0.00000000e+00,0.00000000e+00,0.00000000e+00,0.00000000e+00,0.00000000e+00,0.00000000e+00,0.00000000e+00,0.00000000e+00,0.00000000e+00,0.00000000e+00,0.00000000e+00,0.00000000e+00,1.63921986e-04
1.54538620e+02,1.54288620e+02,0.00000000e+00,0.00000000e+00,0.00000000e+00,0.00000000e+00,0.00000000e+00,0.00000000e+00,0.00000000e+00,0.00000000e+00,0.00000000e+00,0.00000000e+00,0.00000000e+00,0.00000000e+00,0.00000000e+00,0.00000000e+00,0.00000000e+00,0.00000000e+00,0.00000000e+00,0.00000000e+00,0.00000000e+00,0.00000000e+00,0.00000000e+00,0.00000000e+00,0.00000000e+00,0.00000000e+00,1.63100178e-04
1.54638645e+02,1.54388645e+02,0.00000000e+00,0.00000000e+00,0.00000000e+00,0.00000000e+00,0.00000000e+00,0.00000000e+00,0.00000000e+00,0.00000000e+00,0.00000000e+00,0.00000000e+00,0.00000000e+00,0.00000000e+00,0.00000000e+00,0.00000000e+00,0.00000000e+00,0.00000000e+00,0.00000000e+00,0.00000000e+00,0.00000000e+00,0.00000000e+00,0.00000000e+00,0.00000000e+00,0.00000000e+00,0.00000000e+00,1.61213042e-04
1.54738671e+02,1.54488671e+02,0.00000000e+00,0.00000000e+00,0.00000000e+00,0.00000000e+00,0.00000000e+00,0.00000000e+00,0.00000000e+00,0.00000000e+00,0.00000000e+00,0.00000000e+00,0.00000000e+00,0.00000000e+00,0.00000000e+00,0.00000000e+00,0.00000000e+00,0.00000000e+00,0.00000000e+00,0.00000000e+00,0.00000000e+00,0.00000000e+00,0.00000000e+00,0.00000000e+00,0.00000000e+00,0.00000000e+00,1.61476088e-04
1.54838696e+02,1.54588696e+02,0.00000000e+00,0.00000000e+00,0.00000000e+00,0.00000000e+00,0.00000000e+00,0.00000000e+00,0.00000000e+00,0.00000000e+00,0.00000000e+00,0.00000000e+00,0.00000000e+00,0.00000000e+00,0.00000000e+00,0.00000000e+00,0.00000000e+00,0.00000000e+00,0.00000000e+00,0.00000000e+00,0.00000000e+00,0.00000000e+00,0.00000000e+00,0.00000000e+00,0.00000000e+00,0.00000000e+00,1.62687392e-04
1.54938721e+02,1.54688721e+02,0.00000000e+00,0.00000000e+00,0.00000000e+00,0.00000000e+00,0.00000000e+00,0.00000000e+00,0.00000000e+00,0.00000000e+00,0.00000000e+00,0.00000000e+00,0.00000000e+00,0.00000000e+00,0.00000000e+00,0.00000000e+00,0.00000000e+00,0.00000000e+00,0.00000000e+00,0.00000000e+00,0.00000000e+00,0.00000000e+00,0.00000000e+00,0.00000000e+00,0.00000000e+00,0.00000000e+00,1.63236393e-04
1.55038746e+02,1.54788746e+02,0.00000000e+00,0.00000000e+00,0.00000000e+00,0.00000000e+00,0.00000000e+00,0.00000000e+00,0.00000000e+00,0.00000000e+00,0.00000000e+00,0.00000000e+00,0.00000000e+00,0.00000000e+00,0.00000000e+00,0.00000000e+00,0.00000000e+00,0.00000000e+00,0.00000000e+00,0.00000000e+00,0.00000000e+00,0.00000000e+00,0.00000000e+00,0.00000000e+00,0.00000000e+00,0.00000000e+00,1.62789956e-04
1.55138771e+02,1.54888771e+02,0.00000000e+00,0.00000000e+00,0.00000000e+00,0.00000000e+00,0.00000000e+00,0.00000000e+00,0.00000000e+00,0.00000000e+00,0.00000000e+00,0.00000000e+00,0.00000000e+00,0.00000000e+00,0.00000000e+00,0.00000000e+00,0.00000000e+00,0.00000000e+00,0.00000000e+00,0.00000000e+00,0.00000000e+00,0.00000000e+00,0.00000000e+00,0.00000000e+00,0.00000000e+00,0.00000000e+00,1.62885330e-04
1.55238796e+02,1.54988796e+02,0.00000000e+00,0.00000000e+00,0.00000000e+00,0.00000000e+00,0.00000000e+00,0.00000000e+00,0.00000000e+00,0.00000000e+00,0.00000000e+00,0.00000000e+00,0.00000000e+00,0.00000000e+00,0.00000000e+00,0.00000000e+00,0.00000000e+00,0.00000000e+00,0.00000000e+00,0.00000000e+00,0.00000000e+00,0.00000000e+00,0.00000000e+00,0.00000000e+00,0.00000000e+00,0.00000000e+00,1.61622351e-04
1.55338821e+02,1.55088821e+02,0.00000000e+00,0.00000000e+00,0.00000000e+00,0.00000000e+00,0.00000000e+00,0.00000000e+00,0.00000000e+00,0.00000000e+00,0.00000000e+00,0.00000000e+00,0.00000000e+00,0.00000000e+00,0.00000000e+00,0.00000000e+00,0.00000000e+00,0.00000000e+00,0.00000000e+00,0.00000000e+00,0.00000000e+00,0.00000000e+00,0.00000000e+00,0.00000000e+00,0.00000000e+00,0.00000000e+00,1.62671922e-04
1.55438846e+02,1.55188846e+02,0.00000000e+00,0.00000000e+00,0.00000000e+00,0.00000000e+00,0.00000000e+00,0.00000000e+00,0.00000000e+00,0.00000000e+00,0.00000000e+00,0.00000000e+00,0.00000000e+00,0.00000000e+00,0.00000000e+00,0.00000000e+00,0.00000000e+00,0.00000000e+00,0.00000000e+00,0.00000000e+00,0.00000000e+00,0.00000000e+00,0.00000000e+00,0.00000000e+00,0.00000000e+00,0.00000000e+00,1.62491301e-04
1.55538871e+02,1.55288871e+02,0.00000000e+00,0.00000000e+00,0.00000000e+00,0.00000000e+00,0.00000000e+00,0.00000000e+00,0.00000000e+00,0.00000000e+00,0.00000000e+00,0.00000000e+00,0.00000000e+00,0.00000000e+00,0.00000000e+00,0.00000000e+00,0.00000000e+00,0.00000000e+00,0.00000000e+00,0.00000000e+00,0.00000000e+00,0.00000000e+00,0.00000000e+00,0.00000000e+00,0.00000000e+00,0.00000000e+00,1.62345048e-04
1.55638896e+02,1.55388896e+02,0.00000000e+00,0.00000000e+00,0.00000000e+00,0.00000000e+00,0.00000000e+00,0.00000000e+00,0.00000000e+00,0.00000000e+00,0.00000000e+00,0.00000000e+00,0.00000000e+00,0.00000000e+00,0.00000000e+00,0.00000000e+00,0.00000000e+00,0.00000000e+00,0.00000000e+00,0.00000000e+00,0.00000000e+00,0.00000000e+00,0.00000000e+00,0.00000000e+00,0.00000000e+00,0.00000000e+00,1.60004079e-04
1.55738921e+02,1.55488921e+02,0.00000000e+00,0.00000000e+00,0.00000000e+00,0.00000000e+00,0.00000000e+00,0.00000000e+00,0.00000000e+00,0.00000000e+00,0.00000000e+00,0.00000000e+00,0.00000000e+00,0.00000000e+00,0.00000000e+00,0.00000000e+00,0.00000000e+00,0.00000000e+00,0.00000000e+00,0.00000000e+00,0.00000000e+00,0.00000000e+00,0.00000000e+00,0.00000000e+00,0.00000000e+00,0.00000000e+00,1.58796229e-04
1.55838946e+02,1.55588946e+02,0.00000000e+00,0.00000000e+00,0.00000000e+00,0.00000000e+00,0.00000000e+00,0.00000000e+00,0.00000000e+00,0.00000000e+00,0.00000000e+00,0.00000000e+00,0.00000000e+00,0.00000000e+00,0.00000000e+00,0.00000000e+00,0.00000000e+00,0.00000000e+00,0.00000000e+00,0.00000000e+00,0.00000000e+00,0.00000000e+00,0.00000000e+00,0.00000000e+00,0.00000000e+00,0.00000000e+00,1.59156489e-04
1.55938971e+02,1.55688971e+02,0.00000000e+00,0.00000000e+00,0.00000000e+00,0.00000000e+00,0.00000000e+00,0.00000000e+00,0.00000000e+00,0.00000000e+00,0.00000000e+00,0.00000000e+00,0.00000000e+00,0.00000000e+00,0.00000000e+00,0.00000000e+00,0.00000000e+00,0.00000000e+00,0.00000000e+00,0.00000000e+00,0.00000000e+00,0.00000000e+00,0.00000000e+00,0.00000000e+00,0.00000000e+00,0.00000000e+00,1.57965118e-04
1.56038996e+02,1.55788996e+02,0.00000000e+00,0.00000000e+00,0.00000000e+00,0.00000000e+00,0.00000000e+00,0.00000000e+00,0.00000000e+00,0.00000000e+00,0.00000000e+00,0.00000000e+00,0.00000000e+00,0.00000000e+00,0.00000000e+00,0.00000000e+00,0.00000000e+00,0.00000000e+00,0.00000000e+00,0.00000000e+00,0.00000000e+00,0.00000000e+00,0.00000000e+00,0.00000000e+00,0.00000000e+00,0.00000000e+00,1.58142384e-04
1.56139021e+02,1.55889021e+02,0.00000000e+00,0.00000000e+00,0.00000000e+00,0.00000000e+00,0.00000000e+00,0.00000000e+00,0.00000000e+00,0.00000000e+00,0.00000000e+00,0.00000000e+00,0.00000000e+00,0.00000000e+00,0.00000000e+00,0.00000000e+00,0.00000000e+00,0.00000000e+00,0.00000000e+00,0.00000000e+00,0.00000000e+00,0.00000000e+00,0.00000000e+00,0.00000000e+00,0.00000000e+00,0.00000000e+00,1.58462065e-04
1.56239046e+02,1.55989046e+02,0.00000000e+00,0.00000000e+00,0.00000000e+00,0.00000000e+00,0.00000000e+00,0.00000000e+00,0.00000000e+00,0.00000000e+00,0.00000000e+00,0.00000000e+00,0.00000000e+00,0.00000000e+00,0.00000000e+00,0.00000000e+00,0.00000000e+00,0.00000000e+00,0.00000000e+00,0.00000000e+00,0.00000000e+00,0.00000000e+00,0.00000000e+00,0.00000000e+00,0.00000000e+00,0.00000000e+00,1.55390573e-04
1.56339071e+02,1.56089071e+02,0.00000000e+00,0.00000000e+00,0.00000000e+00,0.00000000e+00,0.00000000e+00,0.00000000e+00,0.00000000e+00,0.00000000e+00,0.00000000e+00,0.00000000e+00,0.00000000e+00,0.00000000e+00,0.00000000e+00,0.00000000e+00,0.00000000e+00,0.00000000e+00,0.00000000e+00,0.00000000e+00,0.00000000e+00,0.00000000e+00,0.00000000e+00,0.00000000e+00,0.00000000e+00,0.00000000e+00,1.54744615e-04
1.56439096e+02,1.56189096e+02,0.00000000e+00,0.00000000e+00,0.00000000e+00,0.00000000e+00,0.00000000e+00,0.00000000e+00,0.00000000e+00,0.00000000e+00,0.00000000e+00,0.00000000e+00,0.00000000e+00,0.00000000e+00,0.00000000e+00,0.00000000e+00,0.00000000e+00,0.00000000e+00,0.00000000e+00,0.00000000e+00,0.00000000e+00,0.00000000e+00,0.00000000e+00,0.00000000e+00,0.00000000e+00,0.00000000e+00,1.52800639e-04
1.56539121e+02,1.56289121e+02,0.00000000e+00,0.00000000e+00,0.00000000e+00,0.00000000e+00,0.00000000e+00,0.00000000e+00,0.00000000e+00,0.00000000e+00,0.00000000e+00,0.00000000e+00,0.00000000e+00,0.00000000e+00,0.00000000e+00,0.00000000e+00,0.00000000e+00,0.00000000e+00,0.00000000e+00,0.00000000e+00,0.00000000e+00,0.00000000e+00,0.00000000e+00,0.00000000e+00,0.00000000e+00,0.00000000e+00,1.54533729e-04
1.56639146e+02,1.56389146e+02,0.00000000e+00,0.00000000e+00,0.00000000e+00,0.00000000e+00,0.00000000e+00,0.00000000e+00,0.00000000e+00,0.00000000e+00,0.00000000e+00,0.00000000e+00,0.00000000e+00,0.00000000e+00,0.00000000e+00,0.00000000e+00,0.00000000e+00,0.00000000e+00,0.00000000e+00,0.00000000e+00,0.00000000e+00,0.00000000e+00,0.00000000e+00,0.00000000e+00,0.00000000e+00,0.00000000e+00,1.53765762e-04
1.56739171e+02,1.56489171e+02,0.00000000e+00,0.00000000e+00,0.00000000e+00,0.00000000e+00,0.00000000e+00,0.00000000e+00,0.00000000e+00,0.00000000e+00,0.00000000e+00,0.00000000e+00,0.00000000e+00,0.00000000e+00,0.00000000e+00,0.00000000e+00,0.00000000e+00,0.00000000e+00,0.00000000e+00,0.00000000e+00,0.00000000e+00,0.00000000e+00,0.00000000e+00,0.00000000e+00,0.00000000e+00,0.00000000e+00,1.52834336e-04
1.56839196e+02,1.56589196e+02,0.00000000e+00,0.00000000e+00,0.00000000e+00,0.00000000e+00,0.00000000e+00,0.00000000e+00,0.00000000e+00,0.00000000e+00,0.00000000e+00,0.00000000e+00,0.00000000e+00,0.00000000e+00,0.00000000e+00,0.00000000e+00,0.00000000e+00,0.00000000e+00,0.00000000e+00,0.00000000e+00,0.00000000e+00,0.00000000e+00,0.00000000e+00,0.00000000e+00,0.00000000e+00,0.00000000e+00,1.51278301e-04
1.56939221e+02,1.56689221e+02,0.00000000e+00,0.00000000e+00,0.00000000e+00,0.00000000e+00,0.00000000e+00,0.00000000e+00,0.00000000e+00,0.00000000e+00,0.00000000e+00,0.00000000e+00,0.00000000e+00,0.00000000e+00,0.00000000e+00,0.00000000e+00,0.00000000e+00,0.00000000e+00,0.00000000e+00,0.00000000e+00,0.00000000e+00,0.00000000e+00,0.00000000e+00,0.00000000e+00,0.00000000e+00,0.00000000e+00,1.50240947e-04
1.57039246e+02,1.56789246e+02,0.00000000e+00,0.00000000e+00,0.00000000e+00,0.00000000e+00,0.00000000e+00,0.00000000e+00,0.00000000e+00,0.00000000e+00,0.00000000e+00,0.00000000e+00,0.00000000e+00,0.00000000e+00,0.00000000e+00,0.00000000e+00,0.00000000e+00,0.00000000e+00,0.00000000e+00,0.00000000e+00,0.00000000e+00,0.00000000e+00,0.00000000e+00,0.00000000e+00,0.00000000e+00,0.00000000e+00,1.51115709e-04
1.57139271e+02,1.56889271e+02,0.00000000e+00,0.00000000e+00,0.00000000e+00,0.00000000e+00,0.00000000e+00,0.00000000e+00,0.00000000e+00,0.00000000e+00,0.00000000e+00,0.00000000e+00,0.00000000e+00,0.00000000e+00,0.00000000e+00,0.00000000e+00,0.00000000e+00,0.00000000e+00,0.00000000e+00,0.00000000e+00,0.00000000e+00,0.00000000e+00,0.00000000e+00,0.00000000e+00,0.00000000e+00,0.00000000e+00,1.51267479e-04
1.57239296e+02,1.56989296e+02,0.00000000e+00,0.00000000e+00,0.00000000e+00,0.00000000e+00,0.00000000e+00,0.00000000e+00,0.00000000e+00,0.00000000e+00,0.00000000e+00,0.00000000e+00,0.00000000e+00,0.00000000e+00,0.00000000e+00,0.00000000e+00,0.00000000e+00,0.00000000e+00,0.00000000e+00,0.00000000e+00,0.00000000e+00,0.00000000e+00,0.00000000e+00,0.00000000e+00,0.00000000e+00,0.00000000e+00,1.51652705e-04
1.57339321e+02,1.57089321e+02,0.00000000e+00,0.00000000e+00,0.00000000e+00,0.00000000e+00,0.00000000e+00,0.00000000e+00,0.00000000e+00,0.00000000e+00,0.00000000e+00,0.00000000e+00,0.00000000e+00,0.00000000e+00,0.00000000e+00,0.00000000e+00,0.00000000e+00,0.00000000e+00,0.00000000e+00,0.00000000e+00,0.00000000e+00,0.00000000e+00,0.00000000e+00,0.00000000e+00,0.00000000e+00,0.00000000e+00,1.52238337e-04
1.57439347e+02,1.57189347e+02,0.00000000e+00,0.00000000e+00,0.00000000e+00,0.00000000e+00,0.00000000e+00,0.00000000e+00,0.00000000e+00,0.00000000e+00,0.00000000e+00,0.00000000e+00,0.00000000e+00,0.00000000e+00,0.00000000e+00,0.00000000e+00,0.00000000e+00,0.00000000e+00,0.00000000e+00,0.00000000e+00,0.00000000e+00,0.00000000e+00,0.00000000e+00,0.00000000e+00,0.00000000e+00,0.00000000e+00,1.52037497e-04
1.57539372e+02,1.57289372e+02,0.00000000e+00,0.00000000e+00,0.00000000e+00,0.00000000e+00,0.00000000e+00,0.00000000e+00,0.00000000e+00,0.00000000e+00,0.00000000e+00,0.00000000e+00,0.00000000e+00,0.00000000e+00,0.00000000e+00,0.00000000e+00,0.00000000e+00,0.00000000e+00,0.00000000e+00,0.00000000e+00,0.00000000e+00,0.00000000e+00,0.00000000e+00,0.00000000e+00,0.00000000e+00,0.00000000e+00,1.49576388e-04
1.57639397e+02,1.57389397e+02,0.00000000e+00,0.00000000e+00,0.00000000e+00,0.00000000e+00,0.00000000e+00,0.00000000e+00,0.00000000e+00,0.00000000e+00,0.00000000e+00,0.00000000e+00,0.00000000e+00,0.00000000e+00,0.00000000e+00,0.00000000e+00,0.00000000e+00,0.00000000e+00,0.00000000e+00,0.00000000e+00,0.00000000e+00,0.00000000e+00,0.00000000e+00,0.00000000e+00,0.00000000e+00,0.00000000e+00,1.49278237e-04
1.57739422e+02,1.57489422e+02,0.00000000e+00,0.00000000e+00,0.00000000e+00,0.00000000e+00,0.00000000e+00,0.00000000e+00,0.00000000e+00,0.00000000e+00,0.00000000e+00,0.00000000e+00,0.00000000e+00,0.00000000e+00,0.00000000e+00,0.00000000e+00,0.00000000e+00,0.00000000e+00,0.00000000e+00,0.00000000e+00,0.00000000e+00,0.00000000e+00,0.00000000e+00,0.00000000e+00,0.00000000e+00,0.00000000e+00,1.48652753e-04
1.57839447e+02,1.57589447e+02,0.00000000e+00,0.00000000e+00,0.00000000e+00,0.00000000e+00,0.00000000e+00,0.00000000e+00,0.00000000e+00,0.00000000e+00,0.00000000e+00,0.00000000e+00,0.00000000e+00,0.00000000e+00,0.00000000e+00,0.00000000e+00,0.00000000e+00,0.00000000e+00,0.00000000e+00,0.00000000e+00,0.00000000e+00,0.00000000e+00,0.00000000e+00,0.00000000e+00,0.00000000e+00,0.00000000e+00,1.49192771e-04
1.57939472e+02,1.57689472e+02,0.00000000e+00,0.00000000e+00,0.00000000e+00,0.00000000e+00,0.00000000e+00,0.00000000e+00,0.00000000e+00,0.00000000e+00,0.00000000e+00,0.00000000e+00,0.00000000e+00,0.00000000e+00,0.00000000e+00,0.00000000e+00,0.00000000e+00,0.00000000e+00,0.00000000e+00,0.00000000e+00,0.00000000e+00,0.00000000e+00,0.00000000e+00,0.00000000e+00,0.00000000e+00,0.00000000e+00,1.50091554e-04
1.58039497e+02,1.57789497e+02,0.00000000e+00,0.00000000e+00,0.00000000e+00,0.00000000e+00,0.00000000e+00,0.00000000e+00,0.00000000e+00,0.00000000e+00,0.00000000e+00,0.00000000e+00,0.00000000e+00,0.00000000e+00,0.00000000e+00,0.00000000e+00,0.00000000e+00,0.00000000e+00,0.00000000e+00,0.00000000e+00,0.00000000e+00,0.00000000e+00,0.00000000e+00,0.00000000e+00,0.00000000e+00,0.00000000e+00,1.48313255e-04
1.58139522e+02,1.57889522e+02,0.00000000e+00,0.00000000e+00,0.00000000e+00,0.00000000e+00,0.00000000e+00,0.00000000e+00,0.00000000e+00,0.00000000e+00,0.00000000e+00,0.00000000e+00,0.00000000e+00,0.00000000e+00,0.00000000e+00,0.00000000e+00,0.00000000e+00,0.00000000e+00,0.00000000e+00,0.00000000e+00,0.00000000e+00,0.00000000e+00,0.00000000e+00,0.00000000e+00,0.00000000e+00,0.00000000e+00,1.47072368e-04
1.58239547e+02,1.57989547e+02,0.00000000e+00,0.00000000e+00,0.00000000e+00,0.00000000e+00,0.00000000e+00,0.00000000e+00,0.00000000e+00,0.00000000e+00,0.00000000e+00,0.00000000e+00,0.00000000e+00,0.00000000e+00,0.00000000e+00,0.00000000e+00,0.00000000e+00,0.00000000e+00,0.00000000e+00,0.00000000e+00,0.00000000e+00,0.00000000e+00,0.00000000e+00,0.00000000e+00,0.00000000e+00,0.00000000e+00,1.47135480e-04
1.58339572e+02,1.58089572e+02,0.00000000e+00,0.00000000e+00,0.00000000e+00,0.00000000e+00,0.00000000e+00,0.00000000e+00,0.00000000e+00,0.00000000e+00,0.00000000e+00,0.00000000e+00,0.00000000e+00,0.00000000e+00,0.00000000e+00,0.00000000e+00,0.00000000e+00,0.00000000e+00,0.00000000e+00,0.00000000e+00,0.00000000e+00,0.00000000e+00,0.00000000e+00,0.00000000e+00,0.00000000e+00,0.00000000e+00,1.46467544e-04
1.58439597e+02,1.58189597e+02,0.00000000e+00,0.00000000e+00,0.00000000e+00,0.00000000e+00,0.00000000e+00,0.00000000e+00,0.00000000e+00,0.00000000e+00,0.00000000e+00,0.00000000e+00,0.00000000e+00,0.00000000e+00,0.00000000e+00,0.00000000e+00,0.00000000e+00,0.00000000e+00,0.00000000e+00,0.00000000e+00,0.00000000e+00,0.00000000e+00,0.00000000e+00,0.00000000e+00,0.00000000e+00,0.00000000e+00,1.48284728e-04
1.58539622e+02,1.58289622e+02,0.00000000e+00,0.00000000e+00,0.00000000e+00,0.00000000e+00,0.00000000e+00,0.00000000e+00,0.00000000e+00,0.00000000e+00,0.00000000e+00,0.00000000e+00,0.00000000e+00,0.00000000e+00,0.00000000e+00,0.00000000e+00,0.00000000e+00,0.00000000e+00,0.00000000e+00,0.00000000e+00,0.00000000e+00,0.00000000e+00,0.00000000e+00,0.00000000e+00,0.00000000e+00,0.00000000e+00,1.49694209e-04
1.58639647e+02,1.58389647e+02,0.00000000e+00,0.00000000e+00,0.00000000e+00,0.00000000e+00,0.00000000e+00,0.00000000e+00,0.00000000e+00,0.00000000e+00,0.00000000e+00,0.00000000e+00,0.00000000e+00,0.00000000e+00,0.00000000e+00,0.00000000e+00,0.00000000e+00,0.00000000e+00,0.00000000e+00,0.00000000e+00,0.00000000e+00,0.00000000e+00,0.00000000e+00,0.00000000e+00,0.00000000e+00,0.00000000e+00,1.49024633e-04
1.58739672e+02,1.58489672e+02,0.00000000e+00,0.00000000e+00,0.00000000e+00,0.00000000e+00,0.00000000e+00,0.00000000e+00,0.00000000e+00,0.00000000e+00,0.00000000e+00,0.00000000e+00,0.00000000e+00,0.00000000e+00,0.00000000e+00,0.00000000e+00,0.00000000e+00,0.00000000e+00,0.00000000e+00,0.00000000e+00,0.00000000e+00,0.00000000e+00,0.00000000e+00,0.00000000e+00,0.00000000e+00,0.00000000e+00,1.48139814e-04
1.58839697e+02,1.58589697e+02,0.00000000e+00,0.00000000e+00,0.00000000e+00,0.00000000e+00,0.00000000e+00,0.00000000e+00,0.00000000e+00,0.00000000e+00,0.00000000e+00,0.00000000e+00,0.00000000e+00,0.00000000e+00,0.00000000e+00,0.00000000e+00,0.00000000e+00,0.00000000e+00,0.00000000e+00,0.00000000e+00,0.00000000e+00,0.00000000e+00,0.00000000e+00,0.00000000e+00,0.00000000e+00,0.00000000e+00,1.47842311e-04
1.58939722e+02,1.58689722e+02,0.00000000e+00,0.00000000e+00,0.00000000e+00,0.00000000e+00,0.00000000e+00,0.00000000e+00,0.00000000e+00,0.00000000e+00,0.00000000e+00,0.00000000e+00,0.00000000e+00,0.00000000e+00,0.00000000e+00,0.00000000e+00,0.00000000e+00,0.00000000e+00,0.00000000e+00,0.00000000e+00,0.00000000e+00,0.00000000e+00,0.00000000e+00,0.00000000e+00,0.00000000e+00,0.00000000e+00,1.47981844e-04
1.59039747e+02,1.58789747e+02,0.00000000e+00,0.00000000e+00,0.00000000e+00,0.00000000e+00,0.00000000e+00,0.00000000e+00,0.00000000e+00,0.00000000e+00,0.00000000e+00,0.00000000e+00,0.00000000e+00,0.00000000e+00,0.00000000e+00,0.00000000e+00,0.00000000e+00,0.00000000e+00,0.00000000e+00,0.00000000e+00,0.00000000e+00,0.00000000e+00,0.00000000e+00,0.00000000e+00,0.00000000e+00,0.00000000e+00,1.46358631e-04
1.59139772e+02,1.58889772e+02,0.00000000e+00,0.00000000e+00,0.00000000e+00,0.00000000e+00,0.00000000e+00,0.00000000e+00,0.00000000e+00,0.00000000e+00,0.00000000e+00,0.00000000e+00,0.00000000e+00,0.00000000e+00,0.00000000e+00,0.00000000e+00,0.00000000e+00,0.00000000e+00,0.00000000e+00,0.00000000e+00,0.00000000e+00,0.00000000e+00,0.00000000e+00,0.00000000e+00,0.00000000e+00,0.00000000e+00,1.46849138e-04
1.59239797e+02,1.58989797e+02,0.00000000e+00,0.00000000e+00,0.00000000e+00,0.00000000e+00,0.00000000e+00,0.00000000e+00,0.00000000e+00,0.00000000e+00,0.00000000e+00,0.00000000e+00,0.00000000e+00,0.00000000e+00,0.00000000e+00,0.00000000e+00,0.00000000e+00,0.00000000e+00,0.00000000e+00,0.00000000e+00,0.00000000e+00,0.00000000e+00,0.00000000e+00,0.00000000e+00,0.00000000e+00,0.00000000e+00,1.45596473e-04
1.59339822e+02,1.59089822e+02,0.00000000e+00,0.00000000e+00,0.00000000e+00,0.00000000e+00,0.00000000e+00,0.00000000e+00,0.00000000e+00,0.00000000e+00,0.00000000e+00,0.00000000e+00,0.00000000e+00,0.00000000e+00,0.00000000e+00,0.00000000e+00,0.00000000e+00,0.00000000e+00,0.00000000e+00,0.00000000e+00,0.00000000e+00,0.00000000e+00,0.00000000e+00,0.00000000e+00,0.00000000e+00,0.00000000e+00,1.46106738e-04
1.59439847e+02,1.59189847e+02,0.00000000e+00,0.00000000e+00,0.00000000e+00,0.00000000e+00,0.00000000e+00,0.00000000e+00,0.00000000e+00,0.00000000e+00,0.00000000e+00,0.00000000e+00,0.00000000e+00,0.00000000e+00,0.00000000e+00,0.00000000e+00,0.00000000e+00,0.00000000e+00,0.00000000e+00,0.00000000e+00,0.00000000e+00,0.00000000e+00,0.00000000e+00,0.00000000e+00,0.00000000e+00,0.00000000e+00,1.45785796e-04
1.59539872e+02,1.59289872e+02,0.00000000e+00,0.00000000e+00,0.00000000e+00,0.00000000e+00,0.00000000e+00,0.00000000e+00,0.00000000e+00,0.00000000e+00,0.00000000e+00,0.00000000e+00,0.00000000e+00,0.00000000e+00,0.00000000e+00,0.00000000e+00,0.00000000e+00,0.00000000e+00,0.00000000e+00,0.00000000e+00,0.00000000e+00,0.00000000e+00,0.00000000e+00,0.00000000e+00,0.00000000e+00,0.00000000e+00,1.44037412e-04
1.59639897e+02,1.59389897e+02,0.00000000e+00,0.00000000e+00,0.00000000e+00,0.00000000e+00,0.00000000e+00,0.00000000e+00,0.00000000e+00,0.00000000e+00,0.00000000e+00,0.00000000e+00,0.00000000e+00,0.00000000e+00,0.00000000e+00,0.00000000e+00,0.00000000e+00,0.00000000e+00,0.00000000e+00,0.00000000e+00,0.00000000e+00,0.00000000e+00,0.00000000e+00,0.00000000e+00,0.00000000e+00,0.00000000e+00,1.42526375e-04
1.59739922e+02,1.59489922e+02,0.00000000e+00,0.00000000e+00,0.00000000e+00,0.00000000e+00,0.00000000e+00,0.00000000e+00,0.00000000e+00,0.00000000e+00,0.00000000e+00,0.00000000e+00,0.00000000e+00,0.00000000e+00,0.00000000e+00,0.00000000e+00,0.00000000e+00,0.00000000e+00,0.00000000e+00,0.00000000e+00,0.00000000e+00,0.00000000e+00,0.00000000e+00,0.00000000e+00,0.00000000e+00,0.00000000e+00,1.42898902e-04
1.59839947e+02,1.59589947e+02,0.00000000e+00,0.00000000e+00,0.00000000e+00,0.00000000e+00,0.00000000e+00,0.00000000e+00,0.00000000e+00,0.00000000e+00,0.00000000e+00,0.00000000e+00,0.00000000e+00,0.00000000e+00,0.00000000e+00,0.00000000e+00,0.00000000e+00,0.00000000e+00,0.00000000e+00,0.00000000e+00,0.00000000e+00,0.00000000e+00,0.00000000e+00,0.00000000e+00,0.00000000e+00,0.00000000e+00,1.41818640e-04
1.59939972e+02,1.59689972e+02,0.00000000e+00,0.00000000e+00,0.00000000e+00,0.00000000e+00,0.00000000e+00,0.00000000e+00,0.00000000e+00,0.00000000e+00,0.00000000e+00,0.00000000e+00,0.00000000e+00,0.00000000e+00,0.00000000e+00,0.00000000e+00,0.00000000e+00,0.00000000e+00,0.00000000e+00,0.00000000e+00,0.00000000e+00,0.00000000e+00,0.00000000e+00,0.00000000e+00,0.00000000e+00,0.00000000e+00,1.42669808e-04
1.60039997e+02,1.59789997e+02,0.00000000e+00,0.00000000e+00,0.00000000e+00,0.00000000e+00,0.00000000e+00,0.00000000e+00,0.00000000e+00,0.00000000e+00,0.00000000e+00,0.00000000e+00,0.00000000e+00,0.00000000e+00,0.00000000e+00,0.00000000e+00,0.00000000e+00,0.00000000e+00,0.00000000e+00,0.00000000e+00,0.00000000e+00,0.00000000e+00,0.00000000e+00,0.00000000e+00,0.00000000e+00,0.00000000e+00,1.40690911e-04
1.60140023e+02,1.59890023e+02,0.00000000e+00,0.00000000e+00,0.00000000e+00,0.00000000e+00,0.00000000e+00,0.00000000e+00,0.00000000e+00,0.00000000e+00,0.00000000e+00,0.00000000e+00,0.00000000e+00,0.00000000e+00,0.00000000e+00,0.00000000e+00,0.00000000e+00,0.00000000e+00,0.00000000e+00,0.00000000e+00,0.00000000e+00,0.00000000e+00,0.00000000e+00,0.00000000e+00,0.00000000e+00,0.00000000e+00,1.39026601e-04
1.60240048e+02,1.59990048e+02,0.00000000e+00,0.00000000e+00,0.00000000e+00,0.00000000e+00,0.00000000e+00,0.00000000e+00,0.00000000e+00,0.00000000e+00,0.00000000e+00,0.00000000e+00,0.00000000e+00,0.00000000e+00,0.00000000e+00,0.00000000e+00,0.00000000e+00,0.00000000e+00,0.00000000e+00,0.00000000e+00,0.00000000e+00,0.00000000e+00,0.00000000e+00,0.00000000e+00,0.00000000e+00,0.00000000e+00,1.39950129e-04
1.60340073e+02,1.60090073e+02,0.00000000e+00,0.00000000e+00,0.00000000e+00,0.00000000e+00,0.00000000e+00,0.00000000e+00,0.00000000e+00,0.00000000e+00,0.00000000e+00,0.00000000e+00,0.00000000e+00,0.00000000e+00,0.00000000e+00,0.00000000e+00,0.00000000e+00,0.00000000e+00,0.00000000e+00,0.00000000e+00,0.00000000e+00,0.00000000e+00,0.00000000e+00,0.00000000e+00,0.00000000e+00,0.00000000e+00,1.38888961e-04
1.60440098e+02,1.60190098e+02,0.00000000e+00,0.00000000e+00,0.00000000e+00,0.00000000e+00,0.00000000e+00,0.00000000e+00,0.00000000e+00,0.00000000e+00,0.00000000e+00,0.00000000e+00,0.00000000e+00,0.00000000e+00,0.00000000e+00,0.00000000e+00,0.00000000e+00,0.00000000e+00,0.00000000e+00,0.00000000e+00,0.00000000e+00,0.00000000e+00,0.00000000e+00,0.00000000e+00,0.00000000e+00,0.00000000e+00,1.37852707e-04
1.60540123e+02,1.60290123e+02,0.00000000e+00,0.00000000e+00,0.00000000e+00,0.00000000e+00,0.00000000e+00,0.00000000e+00,0.00000000e+00,0.00000000e+00,0.00000000e+00,0.00000000e+00,0.00000000e+00,0.00000000e+00,0.00000000e+00,0.00000000e+00,0.00000000e+00,0.00000000e+00,0.00000000e+00,0.00000000e+00,0.00000000e+00,0.00000000e+00,0.00000000e+00,0.00000000e+00,0.00000000e+00,0.00000000e+00,1.35569701e-04
1.60640148e+02,1.60390148e+02,0.00000000e+00,0.00000000e+00,0.00000000e+00,0.00000000e+00,0.00000000e+00,0.00000000e+00,0.00000000e+00,0.00000000e+00,0.00000000e+00,0.00000000e+00,0.00000000e+00,0.00000000e+00,0.00000000e+00,0.00000000e+00,0.00000000e+00,0.00000000e+00,0.00000000e+00,0.00000000e+00,0.00000000e+00,0.00000000e+00,0.00000000e+00,0.00000000e+00,0.00000000e+00,0.00000000e+00,1.35561294e-04
1.60740173e+02,1.60490173e+02,0.00000000e+00,0.00000000e+00,0.00000000e+00,0.00000000e+00,0.00000000e+00,0.00000000e+00,0.00000000e+00,0.00000000e+00,0.00000000e+00,0.00000000e+00,0.00000000e+00,0.00000000e+00,0.00000000e+00,0.00000000e+00,0.00000000e+00,0.00000000e+00,0.00000000e+00,0.00000000e+00,0.00000000e+00,0.00000000e+00,0.00000000e+00,0.00000000e+00,0.00000000e+00,0.00000000e+00,1.35555731e-04
1.60840198e+02,1.60590198e+02,0.00000000e+00,0.00000000e+00,0.00000000e+00,0.00000000e+00,0.00000000e+00,0.00000000e+00,0.00000000e+00,0.00000000e+00,0.00000000e+00,0.00000000e+00,0.00000000e+00,0.00000000e+00,0.00000000e+00,0.00000000e+00,0.00000000e+00,0.00000000e+00,0.00000000e+00,0.00000000e+00,0.00000000e+00,0.00000000e+00,0.00000000e+00,0.00000000e+00,0.00000000e+00,0.00000000e+00,1.35250959e-04
1.60940223e+02,1.60690223e+02,0.00000000e+00,0.00000000e+00,0.00000000e+00,0.00000000e+00,0.00000000e+00,0.00000000e+00,0.00000000e+00,0.00000000e+00,0.00000000e+00,0.00000000e+00,0.00000000e+00,0.00000000e+00,0.00000000e+00,0.00000000e+00,0.00000000e+00,0.00000000e+00,0.00000000e+00,0.00000000e+00,0.00000000e+00,0.00000000e+00,0.00000000e+00,0.00000000e+00,0.00000000e+00,0.00000000e+00,1.34830153e-04
1.61040248e+02,1.60790248e+02,0.00000000e+00,0.00000000e+00,0.00000000e+00,0.00000000e+00,0.00000000e+00,0.00000000e+00,0.00000000e+00,0.00000000e+00,0.00000000e+00,0.00000000e+00,0.00000000e+00,0.00000000e+00,0.00000000e+00,0.00000000e+00,0.00000000e+00,0.00000000e+00,0.00000000e+00,0.00000000e+00,0.00000000e+00,0.00000000e+00,0.00000000e+00,0.00000000e+00,0.00000000e+00,0.00000000e+00,1.33147898e-04
1.61140273e+02,1.60890273e+02,0.00000000e+00,0.00000000e+00,0.00000000e+00,0.00000000e+00,0.00000000e+00,0.00000000e+00,0.00000000e+00,0.00000000e+00,0.00000000e+00,0.00000000e+00,0.00000000e+00,0.00000000e+00,0.00000000e+00,0.00000000e+00,0.00000000e+00,0.00000000e+00,0.00000000e+00,0.00000000e+00,0.00000000e+00,0.00000000e+00,0.00000000e+00,0.00000000e+00,0.00000000e+00,0.00000000e+00,1.33967215e-04
1.61240298e+02,1.60990298e+02,0.00000000e+00,0.00000000e+00,0.00000000e+00,0.00000000e+00,0.00000000e+00,0.00000000e+00,0.00000000e+00,0.00000000e+00,0.00000000e+00,0.00000000e+00,0.00000000e+00,0.00000000e+00,0.00000000e+00,0.00000000e+00,0.00000000e+00,0.00000000e+00,0.00000000e+00,0.00000000e+00,0.00000000e+00,0.00000000e+00,0.00000000e+00,0.00000000e+00,0.00000000e+00,0.00000000e+00,1.33317628e-04
1.61340323e+02,1.61090323e+02,0.00000000e+00,0.00000000e+00,0.00000000e+00,0.00000000e+00,0.00000000e+00,0.00000000e+00,0.00000000e+00,0.00000000e+00,0.00000000e+00,0.00000000e+00,0.00000000e+00,0.00000000e+00,0.00000000e+00,0.00000000e+00,0.00000000e+00,0.00000000e+00,0.00000000e+00,0.00000000e+00,0.00000000e+00,0.00000000e+00,0.00000000e+00,0.00000000e+00,0.00000000e+00,0.00000000e+00,1.35287194e-04
1.61440348e+02,1.61190348e+02,0.00000000e+00,0.00000000e+00,0.00000000e+00,0.00000000e+00,0.00000000e+00,0.00000000e+00,0.00000000e+00,0.00000000e+00,0.00000000e+00,0.00000000e+00,0.00000000e+00,0.00000000e+00,0.00000000e+00,0.00000000e+00,0.00000000e+00,0.00000000e+00,0.00000000e+00,0.00000000e+00,0.00000000e+00,0.00000000e+00,0.00000000e+00,0.00000000e+00,0.00000000e+00,0.00000000e+00,1.34555341e-04
1.61540373e+02,1.61290373e+02,0.00000000e+00,0.00000000e+00,0.00000000e+00,0.00000000e+00,0.00000000e+00,0.00000000e+00,0.00000000e+00,0.00000000e+00,0.00000000e+00,0.00000000e+00,0.00000000e+00,0.00000000e+00,0.00000000e+00,0.00000000e+00,0.00000000e+00,0.00000000e+00,0.00000000e+00,0.00000000e+00,0.00000000e+00,0.00000000e+00,0.00000000e+00,0.00000000e+00,0.00000000e+00,0.00000000e+00,1.31862078e-04
1.61640398e+02,1.61390398e+02,0.00000000e+00,0.00000000e+00,0.00000000e+00,0.00000000e+00,0.00000000e+00,0.00000000e+00,0.00000000e+00,0.00000000e+00,0.00000000e+00,0.00000000e+00,0.00000000e+00,0.00000000e+00,0.00000000e+00,0.00000000e+00,0.00000000e+00,0.00000000e+00,0.00000000e+00,0.00000000e+00,0.00000000e+00,0.00000000e+00,0.00000000e+00,0.00000000e+00,0.00000000e+00,0.00000000e+00,1.32178359e-04
1.61740423e+02,1.61490423e+02,0.00000000e+00,0.00000000e+00,0.00000000e+00,0.00000000e+00,0.00000000e+00,0.00000000e+00,0.00000000e+00,0.00000000e+00,0.00000000e+00,0.00000000e+00,0.00000000e+00,0.00000000e+00,0.00000000e+00,0.00000000e+00,0.00000000e+00,0.00000000e+00,0.00000000e+00,0.00000000e+00,0.00000000e+00,0.00000000e+00,0.00000000e+00,0.00000000e+00,0.00000000e+00,0.00000000e+00,1.31185829e-04
1.61840448e+02,1.61590448e+02,0.00000000e+00,0.00000000e+00,0.00000000e+00,0.00000000e+00,0.00000000e+00,0.00000000e+00,0.00000000e+00,0.00000000e+00,0.00000000e+00,0.00000000e+00,0.00000000e+00,0.00000000e+00,0.00000000e+00,0.00000000e+00,0.00000000e+00,0.00000000e+00,0.00000000e+00,0.00000000e+00,0.00000000e+00,0.00000000e+00,0.00000000e+00,0.00000000e+00,0.00000000e+00,0.00000000e+00,1.29983106e-04
1.61940473e+02,1.61690473e+02,0.00000000e+00,0.00000000e+00,0.00000000e+00,0.00000000e+00,0.00000000e+00,0.00000000e+00,0.00000000e+00,0.00000000e+00,0.00000000e+00,0.00000000e+00,0.00000000e+00,0.00000000e+00,0.00000000e+00,0.00000000e+00,0.00000000e+00,0.00000000e+00,0.00000000e+00,0.00000000e+00,0.00000000e+00,0.00000000e+00,0.00000000e+00,0.00000000e+00,0.00000000e+00,0.00000000e+00,1.29346497e-04
1.62040498e+02,1.61790498e+02,0.00000000e+00,0.00000000e+00,0.00000000e+00,0.00000000e+00,0.00000000e+00,0.00000000e+00,0.00000000e+00,0.00000000e+00,0.00000000e+00,0.00000000e+00,0.00000000e+00,0.00000000e+00,0.00000000e+00,0.00000000e+00,0.00000000e+00,0.00000000e+00,0.00000000e+00,0.00000000e+00,0.00000000e+00,0.00000000e+00,0.00000000e+00,0.00000000e+00,0.00000000e+00,0.00000000e+00,1.27408080e-04
1.62140523e+02,1.61890523e+02,0.00000000e+00,0.00000000e+00,0.00000000e+00,0.00000000e+00,0.00000000e+00,0.00000000e+00,0.00000000e+00,0.00000000e+00,0.00000000e+00,0.00000000e+00,0.00000000e+00,0.00000000e+00,0.00000000e+00,0.00000000e+00,0.00000000e+00,0.00000000e+00,0.00000000e+00,0.00000000e+00,0.00000000e+00,0.00000000e+00,0.00000000e+00,0.00000000e+00,0.00000000e+00,0.00000000e+00,1.28748670e-04
1.62240548e+02,1.61990548e+02,0.00000000e+00,0.00000000e+00,0.00000000e+00,0.00000000e+00,0.00000000e+00,0.00000000e+00,0.00000000e+00,0.00000000e+00,0.00000000e+00,0.00000000e+00,0.00000000e+00,0.00000000e+00,0.00000000e+00,0.00000000e+00,0.00000000e+00,0.00000000e+00,0.00000000e+00,0.00000000e+00,0.00000000e+00,0.00000000e+00,0.00000000e+00,0.00000000e+00,0.00000000e+00,0.00000000e+00,1.28246747e-04
1.62340573e+02,1.62090573e+02,0.00000000e+00,0.00000000e+00,0.00000000e+00,0.00000000e+00,0.00000000e+00,0.00000000e+00,0.00000000e+00,0.00000000e+00,0.00000000e+00,0.00000000e+00,0.00000000e+00,0.00000000e+00,0.00000000e+00,0.00000000e+00,0.00000000e+00,0.00000000e+00,0.00000000e+00,0.00000000e+00,0.00000000e+00,0.00000000e+00,0.00000000e+00,0.00000000e+00,0.00000000e+00,0.00000000e+00,1.28579487e-04
1.62440598e+02,1.62190598e+02,0.00000000e+00,0.00000000e+00,0.00000000e+00,0.00000000e+00,0.00000000e+00,0.00000000e+00,0.00000000e+00,0.00000000e+00,0.00000000e+00,0.00000000e+00,0.00000000e+00,0.00000000e+00,0.00000000e+00,0.00000000e+00,0.00000000e+00,0.00000000e+00,0.00000000e+00,0.00000000e+00,0.00000000e+00,0.00000000e+00,0.00000000e+00,0.00000000e+00,0.00000000e+00,0.00000000e+00,1.27603026e-04
1.62540623e+02,1.62290623e+02,0.00000000e+00,0.00000000e+00,0.00000000e+00,0.00000000e+00,0.00000000e+00,0.00000000e+00,0.00000000e+00,0.00000000e+00,0.00000000e+00,0.00000000e+00,0.00000000e+00,0.00000000e+00,0.00000000e+00,0.00000000e+00,0.00000000e+00,0.00000000e+00,0.00000000e+00,0.00000000e+00,0.00000000e+00,0.00000000e+00,0.00000000e+00,0.00000000e+00,0.00000000e+00,0.00000000e+00,1.28054741e-04
1.62640648e+02,1.62390648e+02,0.00000000e+00,0.00000000e+00,0.00000000e+00,0.00000000e+00,0.00000000e+00,0.00000000e+00,0.00000000e+00,0.00000000e+00,0.00000000e+00,0.00000000e+00,0.00000000e+00,0.00000000e+00,0.00000000e+00,0.00000000e+00,0.00000000e+00,0.00000000e+00,0.00000000e+00,0.00000000e+00,0.00000000e+00,0.00000000e+00,0.00000000e+00,0.00000000e+00,0.00000000e+00,0.00000000e+00,1.26186587e-04
1.62740674e+02,1.62490674e+02,0.00000000e+00,0.00000000e+00,0.00000000e+00,0.00000000e+00,0.00000000e+00,0.00000000e+00,0.00000000e+00,0.00000000e+00,0.00000000e+00,0.00000000e+00,0.00000000e+00,0.00000000e+00,0.00000000e+00,0.00000000e+00,0.00000000e+00,0.00000000e+00,0.00000000e+00,0.00000000e+00,0.00000000e+00,0.00000000e+00,0.00000000e+00,0.00000000e+00,0.00000000e+00,0.00000000e+00,1.26648424e-04
1.62840699e+02,1.62590699e+02,0.00000000e+00,0.00000000e+00,0.00000000e+00,0.00000000e+00,0.00000000e+00,0.00000000e+00,0.00000000e+00,0.00000000e+00,0.00000000e+00,0.00000000e+00,0.00000000e+00,0.00000000e+00,0.00000000e+00,0.00000000e+00,0.00000000e+00,0.00000000e+00,0.00000000e+00,0.00000000e+00,0.00000000e+00,0.00000000e+00,0.00000000e+00,0.00000000e+00,0.00000000e+00,0.00000000e+00,1.28103299e-04
1.62940724e+02,1.62690724e+02,0.00000000e+00,0.00000000e+00,0.00000000e+00,0.00000000e+00,0.00000000e+00,0.00000000e+00,0.00000000e+00,0.00000000e+00,0.00000000e+00,0.00000000e+00,0.00000000e+00,0.00000000e+00,0.00000000e+00,0.00000000e+00,0.00000000e+00,0.00000000e+00,0.00000000e+00,0.00000000e+00,0.00000000e+00,0.00000000e+00,0.00000000e+00,0.00000000e+00,0.00000000e+00,0.00000000e+00,1.27097963e-04
1.63040749e+02,1.62790749e+02,0.00000000e+00,0.00000000e+00,0.00000000e+00,0.00000000e+00,0.00000000e+00,0.00000000e+00,0.00000000e+00,0.00000000e+00,0.00000000e+00,0.00000000e+00,0.00000000e+00,0.00000000e+00,0.00000000e+00,0.00000000e+00,0.00000000e+00,0.00000000e+00,0.00000000e+00,0.00000000e+00,0.00000000e+00,0.00000000e+00,0.00000000e+00,0.00000000e+00,0.00000000e+00,0.00000000e+00,1.26332536e-04
1.63140774e+02,1.62890774e+02,0.00000000e+00,0.00000000e+00,0.00000000e+00,0.00000000e+00,0.00000000e+00,0.00000000e+00,0.00000000e+00,0.00000000e+00,0.00000000e+00,0.00000000e+00,0.00000000e+00,0.00000000e+00,0.00000000e+00,0.00000000e+00,0.00000000e+00,0.00000000e+00,0.00000000e+00,0.00000000e+00,0.00000000e+00,0.00000000e+00,0.00000000e+00,0.00000000e+00,0.00000000e+00,0.00000000e+00,1.26935729e-04
1.63240799e+02,1.62990799e+02,0.00000000e+00,0.00000000e+00,0.00000000e+00,0.00000000e+00,0.00000000e+00,0.00000000e+00,0.00000000e+00,0.00000000e+00,0.00000000e+00,0.00000000e+00,0.00000000e+00,0.00000000e+00,0.00000000e+00,0.00000000e+00,0.00000000e+00,0.00000000e+00,0.00000000e+00,0.00000000e+00,0.00000000e+00,0.00000000e+00,0.00000000e+00,0.00000000e+00,0.00000000e+00,0.00000000e+00,1.26186603e-04
1.63340824e+02,1.63090824e+02,0.00000000e+00,0.00000000e+00,0.00000000e+00,0.00000000e+00,0.00000000e+00,0.00000000e+00,0.00000000e+00,0.00000000e+00,0.00000000e+00,0.00000000e+00,0.00000000e+00,0.00000000e+00,0.00000000e+00,0.00000000e+00,0.00000000e+00,0.00000000e+00,0.00000000e+00,0.00000000e+00,0.00000000e+00,0.00000000e+00,0.00000000e+00,0.00000000e+00,0.00000000e+00,0.00000000e+00,1.25146614e-04
1.63440849e+02,1.63190849e+02,0.00000000e+00,0.00000000e+00,0.00000000e+00,0.00000000e+00,0.00000000e+00,0.00000000e+00,0.00000000e+00,0.00000000e+00,0.00000000e+00,0.00000000e+00,0.00000000e+00,0.00000000e+00,0.00000000e+00,0.00000000e+00,0.00000000e+00,0.00000000e+00,0.00000000e+00,0.00000000e+00,0.00000000e+00,0.00000000e+00,0.00000000e+00,0.00000000e+00,0.00000000e+00,0.00000000e+00,1.25123934e-04
1.63540874e+02,1.63290874e+02,0.00000000e+00,0.00000000e+00,0.00000000e+00,0.00000000e+00,0.00000000e+00,0.00000000e+00,0.00000000e+00,0.00000000e+00,0.00000000e+00,0.00000000e+00,0.00000000e+00,0.00000000e+00,0.00000000e+00,0.00000000e+00,0.00000000e+00,0.00000000e+00,0.00000000e+00,0.00000000e+00,0.00000000e+00,0.00000000e+00,0.00000000e+00,0.00000000e+00,0.00000000e+00,0.00000000e+00,1.23556120e-04
1.63640899e+02,1.63390899e+02,0.00000000e+00,0.00000000e+00,0.00000000e+00,0.00000000e+00,0.00000000e+00,0.00000000e+00,0.00000000e+00,0.00000000e+00,0.00000000e+00,0.00000000e+00,0.00000000e+00,0.00000000e+00,0.00000000e+00,0.00000000e+00,0.00000000e+00,0.00000000e+00,0.00000000e+00,0.00000000e+00,0.00000000e+00,0.00000000e+00,0.00000000e+00,0.00000000e+00,0.00000000e+00,0.00000000e+00,1.24411494e-04
1.63740924e+02,1.63490924e+02,0.00000000e+00,0.00000000e+00,0.00000000e+00,0.00000000e+00,0.00000000e+00,0.00000000e+00,0.00000000e+00,0.00000000e+00,0.00000000e+00,0.00000000e+00,0.00000000e+00,0.00000000e+00,0.00000000e+00,0.00000000e+00,0.00000000e+00,0.00000000e+00,0.00000000e+00,0.00000000e+00,0.00000000e+00,0.00000000e+00,0.00000000e+00,0.00000000e+00,0.00000000e+00,0.00000000e+00,1.23560878e-04
1.63840949e+02,1.63590949e+02,0.00000000e+00,0.00000000e+00,0.00000000e+00,0.00000000e+00,0.00000000e+00,0.00000000e+00,0.00000000e+00,0.00000000e+00,0.00000000e+00,0.00000000e+00,0.00000000e+00,0.00000000e+00,0.00000000e+00,0.00000000e+00,0.00000000e+00,0.00000000e+00,0.00000000e+00,0.00000000e+00,0.00000000e+00,0.00000000e+00,0.00000000e+00,0.00000000e+00,0.00000000e+00,0.00000000e+00,1.24167194e-04
1.63940974e+02,1.63690974e+02,0.00000000e+00,0.00000000e+00,0.00000000e+00,0.00000000e+00,0.00000000e+00,0.00000000e+00,0.00000000e+00,0.00000000e+00,0.00000000e+00,0.00000000e+00,0.00000000e+00,0.00000000e+00,0.00000000e+00,0.00000000e+00,0.00000000e+00,0.00000000e+00,0.00000000e+00,0.00000000e+00,0.00000000e+00,0.00000000e+00,0.00000000e+00,0.00000000e+00,0.00000000e+00,0.00000000e+00,1.23599229e-04
1.64040999e+02,1.63790999e+02,0.00000000e+00,0.00000000e+00,0.00000000e+00,0.00000000e+00,0.00000000e+00,0.00000000e+00,0.00000000e+00,0.00000000e+00,0.00000000e+00,0.00000000e+00,0.00000000e+00,0.00000000e+00,0.00000000e+00,0.00000000e+00,0.00000000e+00,0.00000000e+00,0.00000000e+00,0.00000000e+00,0.00000000e+00,0.00000000e+00,0.00000000e+00,0.00000000e+00,0.00000000e+00,0.00000000e+00,1.23473560e-04
1.64141024e+02,1.63891024e+02,0.00000000e+00,0.00000000e+00,0.00000000e+00,0.00000000e+00,0.00000000e+00,0.00000000e+00,0.00000000e+00,0.00000000e+00,0.00000000e+00,0.00000000e+00,0.00000000e+00,0.00000000e+00,0.00000000e+00,0.00000000e+00,0.00000000e+00,0.00000000e+00,0.00000000e+00,0.00000000e+00,0.00000000e+00,0.00000000e+00,0.00000000e+00,0.00000000e+00,0.00000000e+00,0.00000000e+00,1.22658775e-04
1.64241049e+02,1.63991049e+02,0.00000000e+00,0.00000000e+00,0.00000000e+00,0.00000000e+00,0.00000000e+00,0.00000000e+00,0.00000000e+00,0.00000000e+00,0.00000000e+00,0.00000000e+00,0.00000000e+00,0.00000000e+00,0.00000000e+00,0.00000000e+00,0.00000000e+00,0.00000000e+00,0.00000000e+00,0.00000000e+00,0.00000000e+00,0.00000000e+00,0.00000000e+00,0.00000000e+00,0.00000000e+00,0.00000000e+00,1.20698458e-04
1.64341074e+02,1.64091074e+02,0.00000000e+00,0.00000000e+00,0.00000000e+00,0.00000000e+00,0.00000000e+00,0.00000000e+00,0.00000000e+00,0.00000000e+00,0.00000000e+00,0.00000000e+00,0.00000000e+00,0.00000000e+00,0.00000000e+00,0.00000000e+00,0.00000000e+00,0.00000000e+00,0.00000000e+00,0.00000000e+00,0.00000000e+00,0.00000000e+00,0.00000000e+00,0.00000000e+00,0.00000000e+00,0.00000000e+00,1.20652762e-04
1.64441099e+02,1.64191099e+02,0.00000000e+00,0.00000000e+00,0.00000000e+00,0.00000000e+00,0.00000000e+00,0.00000000e+00,0.00000000e+00,0.00000000e+00,0.00000000e+00,0.00000000e+00,0.00000000e+00,0.00000000e+00,0.00000000e+00,0.00000000e+00,0.00000000e+00,0.00000000e+00,0.00000000e+00,0.00000000e+00,0.00000000e+00,0.00000000e+00,0.00000000e+00,0.00000000e+00,0.00000000e+00,0.00000000e+00,1.20867695e-04
1.64541124e+02,1.64291124e+02,0.00000000e+00,0.00000000e+00,0.00000000e+00,0.00000000e+00,0.00000000e+00,0.00000000e+00,0.00000000e+00,0.00000000e+00,0.00000000e+00,0.00000000e+00,0.00000000e+00,0.00000000e+00,0.00000000e+00,0.00000000e+00,0.00000000e+00,0.00000000e+00,0.00000000e+00,0.00000000e+00,0.00000000e+00,0.00000000e+00,0.00000000e+00,0.00000000e+00,0.00000000e+00,0.00000000e+00,1.20213649e-04
1.64641149e+02,1.64391149e+02,0.00000000e+00,0.00000000e+00,0.00000000e+00,0.00000000e+00,0.00000000e+00,0.00000000e+00,0.00000000e+00,0.00000000e+00,0.00000000e+00,0.00000000e+00,0.00000000e+00,0.00000000e+00,0.00000000e+00,0.00000000e+00,0.00000000e+00,0.00000000e+00,0.00000000e+00,0.00000000e+00,0.00000000e+00,0.00000000e+00,0.00000000e+00,0.00000000e+00,0.00000000e+00,0.00000000e+00,1.19796142e-04
1.64741174e+02,1.64491174e+02,0.00000000e+00,0.00000000e+00,0.00000000e+00,0.00000000e+00,0.00000000e+00,0.00000000e+00,0.00000000e+00,0.00000000e+00,0.00000000e+00,0.00000000e+00,0.00000000e+00,0.00000000e+00,0.00000000e+00,0.00000000e+00,0.00000000e+00,0.00000000e+00,0.00000000e+00,0.00000000e+00,0.00000000e+00,0.00000000e+00,0.00000000e+00,0.00000000e+00,0.00000000e+00,0.00000000e+00,1.18965946e-04
1.64841199e+02,1.64591199e+02,0.00000000e+00,0.00000000e+00,0.00000000e+00,0.00000000e+00,0.00000000e+00,0.00000000e+00,0.00000000e+00,0.00000000e+00,0.00000000e+00,0.00000000e+00,0.00000000e+00,0.00000000e+00,0.00000000e+00,0.00000000e+00,0.00000000e+00,0.00000000e+00,0.00000000e+00,0.00000000e+00,0.00000000e+00,0.00000000e+00,0.00000000e+00,0.00000000e+00,0.00000000e+00,0.00000000e+00,1.16637266e-04
1.64941224e+02,1.64691224e+02,0.00000000e+00,0.00000000e+00,0.00000000e+00,0.00000000e+00,0.00000000e+00,0.00000000e+00,0.00000000e+00,0.00000000e+00,0.00000000e+00,0.00000000e+00,0.00000000e+00,0.00000000e+00,0.00000000e+00,0.00000000e+00,0.00000000e+00,0.00000000e+00,0.00000000e+00,0.00000000e+00,0.00000000e+00,0.00000000e+00,0.00000000e+00,0.00000000e+00,0.00000000e+00,0.00000000e+00,1.16787755e-04
1.65041249e+02,1.64791249e+02,0.00000000e+00,0.00000000e+00,0.00000000e+00,0.00000000e+00,0.00000000e+00,0.00000000e+00,0.00000000e+00,0.00000000e+00,0.00000000e+00,0.00000000e+00,0.00000000e+00,0.00000000e+00,0.00000000e+00,0.00000000e+00,0.00000000e+00,0.00000000e+00,0.00000000e+00,0.00000000e+00,0.00000000e+00,0.00000000e+00,0.00000000e+00,0.00000000e+00,0.00000000e+00,0.00000000e+00,1.16175402e-04
1.65141274e+02,1.64891274e+02,0.00000000e+00,0.00000000e+00,0.00000000e+00,0.00000000e+00,0.00000000e+00,0.00000000e+00,0.00000000e+00,0.00000000e+00,0.00000000e+00,0.00000000e+00,0.00000000e+00,0.00000000e+00,0.00000000e+00,0.00000000e+00,0.00000000e+00,0.00000000e+00,0.00000000e+00,0.00000000e+00,0.00000000e+00,0.00000000e+00,0.00000000e+00,0.00000000e+00,0.00000000e+00,0.00000000e+00,1.16232132e-04
1.65241299e+02,1.64991299e+02,0.00000000e+00,0.00000000e+00,0.00000000e+00,0.00000000e+00,0.00000000e+00,0.00000000e+00,0.00000000e+00,0.00000000e+00,0.00000000e+00,0.00000000e+00,0.00000000e+00,0.00000000e+00,0.00000000e+00,0.00000000e+00,0.00000000e+00,0.00000000e+00,0.00000000e+00,0.00000000e+00,0.00000000e+00,0.00000000e+00,0.00000000e+00,0.00000000e+00,0.00000000e+00,0.00000000e+00,1.14497772e-04
1.65341324e+02,1.65091324e+02,0.00000000e+00,0.00000000e+00,0.00000000e+00,0.00000000e+00,0.00000000e+00,0.00000000e+00,0.00000000e+00,0.00000000e+00,0.00000000e+00,0.00000000e+00,0.00000000e+00,0.00000000e+00,0.00000000e+00,0.00000000e+00,0.00000000e+00,0.00000000e+00,0.00000000e+00,0.00000000e+00,0.00000000e+00,0.00000000e+00,0.00000000e+00,0.00000000e+00,0.00000000e+00,0.00000000e+00,1.13135877e-04
1.65441350e+02,1.65191350e+02,0.00000000e+00,0.00000000e+00,0.00000000e+00,0.00000000e+00,0.00000000e+00,0.00000000e+00,0.00000000e+00,0.00000000e+00,0.00000000e+00,0.00000000e+00,0.00000000e+00,0.00000000e+00,0.00000000e+00,0.00000000e+00,0.00000000e+00,0.00000000e+00,0.00000000e+00,0.00000000e+00,0.00000000e+00,0.00000000e+00,0.00000000e+00,0.00000000e+00,0.00000000e+00,0.00000000e+00,1.13445315e-04
1.65541375e+02,1.65291375e+02,0.00000000e+00,0.00000000e+00,0.00000000e+00,0.00000000e+00,0.00000000e+00,0.00000000e+00,0.00000000e+00,0.00000000e+00,0.00000000e+00,0.00000000e+00,0.00000000e+00,0.00000000e+00,0.00000000e+00,0.00000000e+00,0.00000000e+00,0.00000000e+00,0.00000000e+00,0.00000000e+00,0.00000000e+00,0.00000000e+00,0.00000000e+00,0.00000000e+00,0.00000000e+00,0.00000000e+00,1.13453053e-04
1.65641400e+02,1.65391400e+02,0.00000000e+00,0.00000000e+00,0.00000000e+00,0.00000000e+00,0.00000000e+00,0.00000000e+00,0.00000000e+00,0.00000000e+00,0.00000000e+00,0.00000000e+00,0.00000000e+00,0.00000000e+00,0.00000000e+00,0.00000000e+00,0.00000000e+00,0.00000000e+00,0.00000000e+00,0.00000000e+00,0.00000000e+00,0.00000000e+00,0.00000000e+00,0.00000000e+00,0.00000000e+00,0.00000000e+00,1.14336808e-04
1.65741425e+02,1.65491425e+02,0.00000000e+00,0.00000000e+00,0.00000000e+00,0.00000000e+00,0.00000000e+00,0.00000000e+00,0.00000000e+00,0.00000000e+00,0.00000000e+00,0.00000000e+00,0.00000000e+00,0.00000000e+00,0.00000000e+00,0.00000000e+00,0.00000000e+00,0.00000000e+00,0.00000000e+00,0.00000000e+00,0.00000000e+00,0.00000000e+00,0.00000000e+00,0.00000000e+00,0.00000000e+00,0.00000000e+00,1.13603554e-04
1.65841450e+02,1.65591450e+02,0.00000000e+00,0.00000000e+00,0.00000000e+00,0.00000000e+00,0.00000000e+00,0.00000000e+00,0.00000000e+00,0.00000000e+00,0.00000000e+00,0.00000000e+00,0.00000000e+00,0.00000000e+00,0.00000000e+00,0.00000000e+00,0.00000000e+00,0.00000000e+00,0.00000000e+00,0.00000000e+00,0.00000000e+00,0.00000000e+00,0.00000000e+00,0.00000000e+00,0.00000000e+00,0.00000000e+00,1.13713534e-04
1.65941475e+02,1.65691475e+02,0.00000000e+00,0.00000000e+00,0.00000000e+00,0.00000000e+00,0.00000000e+00,0.00000000e+00,0.00000000e+00,0.00000000e+00,0.00000000e+00,0.00000000e+00,0.00000000e+00,0.00000000e+00,0.00000000e+00,0.00000000e+00,0.00000000e+00,0.00000000e+00,0.00000000e+00,0.00000000e+00,0.00000000e+00,0.00000000e+00,0.00000000e+00,0.00000000e+00,0.00000000e+00,0.00000000e+00,1.13882138e-04
1.66041500e+02,1.65791500e+02,0.00000000e+00,0.00000000e+00,0.00000000e+00,0.00000000e+00,0.00000000e+00,0.00000000e+00,0.00000000e+00,0.00000000e+00,0.00000000e+00,0.00000000e+00,0.00000000e+00,0.00000000e+00,0.00000000e+00,0.00000000e+00,0.00000000e+00,0.00000000e+00,0.00000000e+00,0.00000000e+00,0.00000000e+00,0.00000000e+00,0.00000000e+00,0.00000000e+00,0.00000000e+00,0.00000000e+00,1.12776042e-04
1.66141525e+02,1.65891525e+02,0.00000000e+00,0.00000000e+00,0.00000000e+00,0.00000000e+00,0.00000000e+00,0.00000000e+00,0.00000000e+00,0.00000000e+00,0.00000000e+00,0.00000000e+00,0.00000000e+00,0.00000000e+00,0.00000000e+00,0.00000000e+00,0.00000000e+00,0.00000000e+00,0.00000000e+00,0.00000000e+00,0.00000000e+00,0.00000000e+00,0.00000000e+00,0.00000000e+00,0.00000000e+00,0.00000000e+00,1.12201204e-04
1.66241550e+02,1.65991550e+02,0.00000000e+00,0.00000000e+00,0.00000000e+00,0.00000000e+00,0.00000000e+00,0.00000000e+00,0.00000000e+00,0.00000000e+00,0.00000000e+00,0.00000000e+00,0.00000000e+00,0.00000000e+00,0.00000000e+00,0.00000000e+00,0.00000000e+00,0.00000000e+00,0.00000000e+00,0.00000000e+00,0.00000000e+00,0.00000000e+00,0.00000000e+00,0.00000000e+00,0.00000000e+00,0.00000000e+00,1.11070318e-04
1.66341575e+02,1.66091575e+02,0.00000000e+00,0.00000000e+00,0.00000000e+00,0.00000000e+00,0.00000000e+00,0.00000000e+00,0.00000000e+00,0.00000000e+00,0.00000000e+00,0.00000000e+00,0.00000000e+00,0.00000000e+00,0.00000000e+00,0.00000000e+00,0.00000000e+00,0.00000000e+00,0.00000000e+00,0.00000000e+00,0.00000000e+00,0.00000000e+00,0.00000000e+00,0.00000000e+00,0.00000000e+00,0.00000000e+00,1.11011952e-04
1.66441600e+02,1.66191600e+02,0.00000000e+00,0.00000000e+00,0.00000000e+00,0.00000000e+00,0.00000000e+00,0.00000000e+00,0.00000000e+00,0.00000000e+00,0.00000000e+00,0.00000000e+00,0.00000000e+00,0.00000000e+00,0.00000000e+00,0.00000000e+00,0.00000000e+00,0.00000000e+00,0.00000000e+00,0.00000000e+00,0.00000000e+00,0.00000000e+00,0.00000000e+00,0.00000000e+00,0.00000000e+00,0.00000000e+00,1.10455595e-04
1.66541625e+02,1.66291625e+02,0.00000000e+00,0.00000000e+00,0.00000000e+00,0.00000000e+00,0.00000000e+00,0.00000000e+00,0.00000000e+00,0.00000000e+00,0.00000000e+00,0.00000000e+00,0.00000000e+00,0.00000000e+00,0.00000000e+00,0.00000000e+00,0.00000000e+00,0.00000000e+00,0.00000000e+00,0.00000000e+00,0.00000000e+00,0.00000000e+00,0.00000000e+00,0.00000000e+00,0.00000000e+00,0.00000000e+00,1.11328041e-04
1.66641650e+02,1.66391650e+02,0.00000000e+00,0.00000000e+00,0.00000000e+00,0.00000000e+00,0.00000000e+00,0.00000000e+00,0.00000000e+00,0.00000000e+00,0.00000000e+00,0.00000000e+00,0.00000000e+00,0.00000000e+00,0.00000000e+00,0.00000000e+00,0.00000000e+00,0.00000000e+00,0.00000000e+00,0.00000000e+00,0.00000000e+00,0.00000000e+00,0.00000000e+00,0.00000000e+00,0.00000000e+00,0.00000000e+00,1.10974994e-04
1.66741675e+02,1.66491675e+02,0.00000000e+00,0.00000000e+00,0.00000000e+00,0.00000000e+00,0.00000000e+00,0.00000000e+00,0.00000000e+00,0.00000000e+00,0.00000000e+00,0.00000000e+00,0.00000000e+00,0.00000000e+00,0.00000000e+00,0.00000000e+00,0.00000000e+00,0.00000000e+00,0.00000000e+00,0.00000000e+00,0.00000000e+00,0.00000000e+00,0.00000000e+00,0.00000000e+00,0.00000000e+00,0.00000000e+00,1.10080170e-04
1.66841700e+02,1.66591700e+02,0.00000000e+00,0.00000000e+00,0.00000000e+00,0.00000000e+00,0.00000000e+00,0.00000000e+00,0.00000000e+00,0.00000000e+00,0.00000000e+00,0.00000000e+00,0.00000000e+00,0.00000000e+00,0.00000000e+00,0.00000000e+00,0.00000000e+00,0.00000000e+00,0.00000000e+00,0.00000000e+00,0.00000000e+00,0.00000000e+00,0.00000000e+00,0.00000000e+00,0.00000000e+00,0.00000000e+00,1.11845674e-04
1.66941725e+02,1.66691725e+02,0.00000000e+00,0.00000000e+00,0.00000000e+00,0.00000000e+00,0.00000000e+00,0.00000000e+00,0.00000000e+00,0.00000000e+00,0.00000000e+00,0.00000000e+00,0.00000000e+00,0.00000000e+00,0.00000000e+00,0.00000000e+00,0.00000000e+00,0.00000000e+00,0.00000000e+00,0.00000000e+00,0.00000000e+00,0.00000000e+00,0.00000000e+00,0.00000000e+00,0.00000000e+00,0.00000000e+00,1.12040883e-04
1.67041750e+02,1.66791750e+02,0.00000000e+00,0.00000000e+00,0.00000000e+00,0.00000000e+00,0.00000000e+00,0.00000000e+00,0.00000000e+00,0.00000000e+00,0.00000000e+00,0.00000000e+00,0.00000000e+00,0.00000000e+00,0.00000000e+00,0.00000000e+00,0.00000000e+00,0.00000000e+00,0.00000000e+00,0.00000000e+00,0.00000000e+00,0.00000000e+00,0.00000000e+00,0.00000000e+00,0.00000000e+00,0.00000000e+00,1.12171879e-04
1.67141775e+02,1.66891775e+02,0.00000000e+00,0.00000000e+00,0.00000000e+00,0.00000000e+00,0.00000000e+00,0.00000000e+00,0.00000000e+00,0.00000000e+00,0.00000000e+00,0.00000000e+00,0.00000000e+00,0.00000000e+00,0.00000000e+00,0.00000000e+00,0.00000000e+00,0.00000000e+00,0.00000000e+00,0.00000000e+00,0.00000000e+00,0.00000000e+00,0.00000000e+00,0.00000000e+00,0.00000000e+00,0.00000000e+00,1.10369772e-04
1.67241800e+02,1.66991800e+02,0.00000000e+00,0.00000000e+00,0.00000000e+00,0.00000000e+00,0.00000000e+00,0.00000000e+00,0.00000000e+00,0.00000000e+00,0.00000000e+00,0.00000000e+00,0.00000000e+00,0.00000000e+00,0.00000000e+00,0.00000000e+00,0.00000000e+00,0.00000000e+00,0.00000000e+00,0.00000000e+00,0.00000000e+00,0.00000000e+00,0.00000000e+00,0.00000000e+00,0.00000000e+00,0.00000000e+00,1.09172421e-04
1.67341825e+02,1.67091825e+02,0.00000000e+00,0.00000000e+00,0.00000000e+00,0.00000000e+00,0.00000000e+00,0.00000000e+00,0.00000000e+00,0.00000000e+00,0.00000000e+00,0.00000000e+00,0.00000000e+00,0.00000000e+00,0.00000000e+00,0.00000000e+00,0.00000000e+00,0.00000000e+00,0.00000000e+00,0.00000000e+00,0.00000000e+00,0.00000000e+00,0.00000000e+00,0.00000000e+00,0.00000000e+00,0.00000000e+00,1.07926593e-04
1.67441850e+02,1.67191850e+02,0.00000000e+00,0.00000000e+00,0.00000000e+00,0.00000000e+00,0.00000000e+00,0.00000000e+00,0.00000000e+00,0.00000000e+00,0.00000000e+00,0.00000000e+00,0.00000000e+00,0.00000000e+00,0.00000000e+00,0.00000000e+00,0.00000000e+00,0.00000000e+00,0.00000000e+00,0.00000000e+00,0.00000000e+00,0.00000000e+00,0.00000000e+00,0.00000000e+00,0.00000000e+00,0.00000000e+00,1.06580154e-04
1.67541875e+02,1.67291875e+02,0.00000000e+00,0.00000000e+00,0.00000000e+00,0.00000000e+00,0.00000000e+00,0.00000000e+00,0.00000000e+00,0.00000000e+00,0.00000000e+00,0.00000000e+00,0.00000000e+00,0.00000000e+00,0.00000000e+00,0.00000000e+00,0.00000000e+00,0.00000000e+00,0.00000000e+00,0.00000000e+00,0.00000000e+00,0.00000000e+00,0.00000000e+00,0.00000000e+00,0.00000000e+00,0.00000000e+00,1.07092755e-04
1.67641900e+02,1.67391900e+02,0.00000000e+00,0.00000000e+00,0.00000000e+00,0.00000000e+00,0.00000000e+00,0.00000000e+00,0.00000000e+00,0.00000000e+00,0.00000000e+00,0.00000000e+00,0.00000000e+00,0.00000000e+00,0.00000000e+00,0.00000000e+00,0.00000000e+00,0.00000000e+00,0.00000000e+00,0.00000000e+00,0.00000000e+00,0.00000000e+00,0.00000000e+00,0.00000000e+00,0.00000000e+00,0.00000000e+00,1.06486218e-04
1.67741925e+02,1.67491925e+02,0.00000000e+00,0.00000000e+00,0.00000000e+00,0.00000000e+00,0.00000000e+00,0.00000000e+00,0.00000000e+00,0.00000000e+00,0.00000000e+00,0.00000000e+00,0.00000000e+00,0.00000000e+00,0.00000000e+00,0.00000000e+00,0.00000000e+00,0.00000000e+00,0.00000000e+00,0.00000000e+00,0.00000000e+00,0.00000000e+00,0.00000000e+00,0.00000000e+00,0.00000000e+00,0.00000000e+00,1.05113929e-04
1.67841950e+02,1.67591950e+02,0.00000000e+00,0.00000000e+00,0.00000000e+00,0.00000000e+00,0.00000000e+00,0.00000000e+00,0.00000000e+00,0.00000000e+00,0.00000000e+00,0.00000000e+00,0.00000000e+00,0.00000000e+00,0.00000000e+00,0.00000000e+00,0.00000000e+00,0.00000000e+00,0.00000000e+00,0.00000000e+00,0.00000000e+00,0.00000000e+00,0.00000000e+00,0.00000000e+00,0.00000000e+00,0.00000000e+00,1.05026183e-04
1.67941975e+02,1.67691975e+02,0.00000000e+00,0.00000000e+00,0.00000000e+00,0.00000000e+00,0.00000000e+00,0.00000000e+00,0.00000000e+00,0.00000000e+00,0.00000000e+00,0.00000000e+00,0.00000000e+00,0.00000000e+00,0.00000000e+00,0.00000000e+00,0.00000000e+00,0.00000000e+00,0.00000000e+00,0.00000000e+00,0.00000000e+00,0.00000000e+00,0.00000000e+00,0.00000000e+00,0.00000000e+00,0.00000000e+00,1.03885277e-04
1.68042001e+02,1.67792001e+02,0.00000000e+00,0.00000000e+00,0.00000000e+00,0.00000000e+00,0.00000000e+00,0.00000000e+00,0.00000000e+00,0.00000000e+00,0.00000000e+00,0.00000000e+00,0.00000000e+00,0.00000000e+00,0.00000000e+00,0.00000000e+00,0.00000000e+00,0.00000000e+00,0.00000000e+00,0.00000000e+00,0.00000000e+00,0.00000000e+00,0.00000000e+00,0.00000000e+00,0.00000000e+00,0.00000000e+00,1.03990355e-04
1.68142026e+02,1.67892026e+02,0.00000000e+00,0.00000000e+00,0.00000000e+00,0.00000000e+00,0.00000000e+00,0.00000000e+00,0.00000000e+00,0.00000000e+00,0.00000000e+00,0.00000000e+00,0.00000000e+00,0.00000000e+00,0.00000000e+00,0.00000000e+00,0.00000000e+00,0.00000000e+00,0.00000000e+00,0.00000000e+00,0.00000000e+00,0.00000000e+00,0.00000000e+00,0.00000000e+00,0.00000000e+00,0.00000000e+00,1.03322585e-04
1.68242051e+02,1.67992051e+02,0.00000000e+00,0.00000000e+00,0.00000000e+00,0.00000000e+00,0.00000000e+00,0.00000000e+00,0.00000000e+00,0.00000000e+00,0.00000000e+00,0.00000000e+00,0.00000000e+00,0.00000000e+00,0.00000000e+00,0.00000000e+00,0.00000000e+00,0.00000000e+00,0.00000000e+00,0.00000000e+00,0.00000000e+00,0.00000000e+00,0.00000000e+00,0.00000000e+00,0.00000000e+00,0.00000000e+00,1.03887145e-04
1.68342076e+02,1.68092076e+02,0.00000000e+00,0.00000000e+00,0.00000000e+00,0.00000000e+00,0.00000000e+00,0.00000000e+00,0.00000000e+00,0.00000000e+00,0.00000000e+00,0.00000000e+00,0.00000000e+00,0.00000000e+00,0.00000000e+00,0.00000000e+00,0.00000000e+00,0.00000000e+00,0.00000000e+00,0.00000000e+00,0.00000000e+00,0.00000000e+00,0.00000000e+00,0.00000000e+00,0.00000000e+00,0.00000000e+00,1.04730086e-04
1.68442101e+02,1.68192101e+02,0.00000000e+00,0.00000000e+00,0.00000000e+00,0.00000000e+00,0.00000000e+00,0.00000000e+00,0.00000000e+00,0.00000000e+00,0.00000000e+00,0.00000000e+00,0.00000000e+00,0.00000000e+00,0.00000000e+00,0.00000000e+00,0.00000000e+00,0.00000000e+00,0.00000000e+00,0.00000000e+00,0.00000000e+00,0.00000000e+00,0.00000000e+00,0.00000000e+00,0.00000000e+00,0.00000000e+00,1.02966081e-04
1.68542126e+02,1.68292126e+02,0.00000000e+00,0.00000000e+00,0.00000000e+00,0.00000000e+00,0.00000000e+00,0.00000000e+00,0.00000000e+00,0.00000000e+00,0.00000000e+00,0.00000000e+00,0.00000000e+00,0.00000000e+00,0.00000000e+00,0.00000000e+00,0.00000000e+00,0.00000000e+00,0.00000000e+00,0.00000000e+00,0.00000000e+00,0.00000000e+00,0.00000000e+00,0.00000000e+00,0.00000000e+00,0.00000000e+00,1.01891176e-04
1.68642151e+02,1.68392151e+02,0.00000000e+00,0.00000000e+00,0.00000000e+00,0.00000000e+00,0.00000000e+00,0.00000000e+00,0.00000000e+00,0.00000000e+00,0.00000000e+00,0.00000000e+00,0.00000000e+00,0.00000000e+00,0.00000000e+00,0.00000000e+00,0.00000000e+00,0.00000000e+00,0.00000000e+00,0.00000000e+00,0.00000000e+00,0.00000000e+00,0.00000000e+00,0.00000000e+00,0.00000000e+00,0.00000000e+00,1.01154959e-04
1.68742176e+02,1.68492176e+02,0.00000000e+00,0.00000000e+00,0.00000000e+00,0.00000000e+00,0.00000000e+00,0.00000000e+00,0.00000000e+00,0.00000000e+00,0.00000000e+00,0.00000000e+00,0.00000000e+00,0.00000000e+00,0.00000000e+00,0.00000000e+00,0.00000000e+00,0.00000000e+00,0.00000000e+00,0.00000000e+00,0.00000000e+00,0.00000000e+00,0.00000000e+00,0.00000000e+00,0.00000000e+00,0.00000000e+00,1.01606540e-04
1.68842201e+02,1.68592201e+02,0.00000000e+00,0.00000000e+00,0.00000000e+00,0.00000000e+00,0.00000000e+00,0.00000000e+00,0.00000000e+00,0.00000000e+00,0.00000000e+00,0.00000000e+00,0.00000000e+00,0.00000000e+00,0.00000000e+00,0.00000000e+00,0.00000000e+00,0.00000000e+00,0.00000000e+00,0.00000000e+00,0.00000000e+00,0.00000000e+00,0.00000000e+00,0.00000000e+00,0.00000000e+00,0.00000000e+00,1.01243542e-04
1.68942226e+02,1.68692226e+02,0.00000000e+00,0.00000000e+00,0.00000000e+00,0.00000000e+00,0.00000000e+00,0.00000000e+00,0.00000000e+00,0.00000000e+00,0.00000000e+00,0.00000000e+00,0.00000000e+00,0.00000000e+00,0.00000000e+00,0.00000000e+00,0.00000000e+00,0.00000000e+00,0.00000000e+00,0.00000000e+00,0.00000000e+00,0.00000000e+00,0.00000000e+00,0.00000000e+00,0.00000000e+00,0.00000000e+00,9.96054234e-05
1.69042251e+02,1.68792251e+02,0.00000000e+00,0.00000000e+00,0.00000000e+00,0.00000000e+00,0.00000000e+00,0.00000000e+00,0.00000000e+00,0.00000000e+00,0.00000000e+00,0.00000000e+00,0.00000000e+00,0.00000000e+00,0.00000000e+00,0.00000000e+00,0.00000000e+00,0.00000000e+00,0.00000000e+00,0.00000000e+00,0.00000000e+00,0.00000000e+00,0.00000000e+00,0.00000000e+00,0.00000000e+00,0.00000000e+00,9.86086727e-05
1.69142276e+02,1.68892276e+02,0.00000000e+00,0.00000000e+00,0.00000000e+00,0.00000000e+00,0.00000000e+00,0.00000000e+00,0.00000000e+00,0.00000000e+00,0.00000000e+00,0.00000000e+00,0.00000000e+00,0.00000000e+00,0.00000000e+00,0.00000000e+00,0.00000000e+00,0.00000000e+00,0.00000000e+00,0.00000000e+00,0.00000000e+00,0.00000000e+00,0.00000000e+00,0.00000000e+00,0.00000000e+00,0.00000000e+00,9.96039594e-05
1.69242301e+02,1.68992301e+02,0.00000000e+00,0.00000000e+00,0.00000000e+00,0.00000000e+00,0.00000000e+00,0.00000000e+00,0.00000000e+00,0.00000000e+00,0.00000000e+00,0.00000000e+00,0.00000000e+00,0.00000000e+00,0.00000000e+00,0.00000000e+00,0.00000000e+00,0.00000000e+00,0.00000000e+00,0.00000000e+00,0.00000000e+00,0.00000000e+00,0.00000000e+00,0.00000000e+00,0.00000000e+00,0.00000000e+00,9.88034836e-05
1.69342326e+02,1.69092326e+02,0.00000000e+00,0.00000000e+00,0.00000000e+00,0.00000000e+00,0.00000000e+00,0.00000000e+00,0.00000000e+00,0.00000000e+00,0.00000000e+00,0.00000000e+00,0.00000000e+00,0.00000000e+00,0.00000000e+00,0.00000000e+00,0.00000000e+00,0.00000000e+00,0.00000000e+00,0.00000000e+00,0.00000000e+00,0.00000000e+00,0.00000000e+00,0.00000000e+00,0.00000000e+00,0.00000000e+00,9.93673523e-05
1.69442351e+02,1.69192351e+02,0.00000000e+00,0.00000000e+00,0.00000000e+00,0.00000000e+00,0.00000000e+00,0.00000000e+00,0.00000000e+00,0.00000000e+00,0.00000000e+00,0.00000000e+00,0.00000000e+00,0.00000000e+00,0.00000000e+00,0.00000000e+00,0.00000000e+00,0.00000000e+00,0.00000000e+00,0.00000000e+00,0.00000000e+00,0.00000000e+00,0.00000000e+00,0.00000000e+00,0.00000000e+00,0.00000000e+00,9.90567295e-05
1.69542376e+02,1.69292376e+02,0.00000000e+00,0.00000000e+00,0.00000000e+00,0.00000000e+00,0.00000000e+00,0.00000000e+00,0.00000000e+00,0.00000000e+00,0.00000000e+00,0.00000000e+00,0.00000000e+00,0.00000000e+00,0.00000000e+00,0.00000000e+00,0.00000000e+00,0.00000000e+00,0.00000000e+00,0.00000000e+00,0.00000000e+00,0.00000000e+00,0.00000000e+00,0.00000000e+00,0.00000000e+00,0.00000000e+00,9.86174051e-05
1.69642401e+02,1.69392401e+02,0.00000000e+00,0.00000000e+00,0.00000000e+00,0.00000000e+00,0.00000000e+00,0.00000000e+00,0.00000000e+00,0.00000000e+00,0.00000000e+00,0.00000000e+00,0.00000000e+00,0.00000000e+00,0.00000000e+00,0.00000000e+00,0.00000000e+00,0.00000000e+00,0.00000000e+00,0.00000000e+00,0.00000000e+00,0.00000000e+00,0.00000000e+00,0.00000000e+00,0.00000000e+00,0.00000000e+00,9.82532360e-05
1.69742426e+02,1.69492426e+02,0.00000000e+00,0.00000000e+00,0.00000000e+00,0.00000000e+00,0.00000000e+00,0.00000000e+00,0.00000000e+00,0.00000000e+00,0.00000000e+00,0.00000000e+00,0.00000000e+00,0.00000000e+00,0.00000000e+00,0.00000000e+00,0.00000000e+00,0.00000000e+00,0.00000000e+00,0.00000000e+00,0.00000000e+00,0.00000000e+00,0.00000000e+00,0.00000000e+00,0.00000000e+00,0.00000000e+00,9.71368702e-05
1.69842451e+02,1.69592451e+02,0.00000000e+00,0.00000000e+00,0.00000000e+00,0.00000000e+00,0.00000000e+00,0.00000000e+00,0.00000000e+00,0.00000000e+00,0.00000000e+00,0.00000000e+00,0.00000000e+00,0.00000000e+00,0.00000000e+00,0.00000000e+00,0.00000000e+00,0.00000000e+00,0.00000000e+00,0.00000000e+00,0.00000000e+00,0.00000000e+00,0.00000000e+00,0.00000000e+00,0.00000000e+00,0.00000000e+00,9.60046999e-05
1.69942476e+02,1.69692476e+02,0.00000000e+00,0.00000000e+00,0.00000000e+00,0.00000000e+00,0.00000000e+00,0.00000000e+00,0.00000000e+00,0.00000000e+00,0.00000000e+00,0.00000000e+00,0.00000000e+00,0.00000000e+00,0.00000000e+00,0.00000000e+00,0.00000000e+00,0.00000000e+00,0.00000000e+00,0.00000000e+00,0.00000000e+00,0.00000000e+00,0.00000000e+00,0.00000000e+00,0.00000000e+00,0.00000000e+00,9.57414433e-05
1.70042501e+02,1.69792501e+02,0.00000000e+00,0.00000000e+00,0.00000000e+00,0.00000000e+00,0.00000000e+00,0.00000000e+00,0.00000000e+00,0.00000000e+00,0.00000000e+00,0.00000000e+00,0.00000000e+00,0.00000000e+00,0.00000000e+00,0.00000000e+00,0.00000000e+00,0.00000000e+00,0.00000000e+00,0.00000000e+00,0.00000000e+00,0.00000000e+00,0.00000000e+00,0.00000000e+00,0.00000000e+00,0.00000000e+00,9.51612315e-05
1.70142526e+02,1.69892526e+02,0.00000000e+00,0.00000000e+00,0.00000000e+00,0.00000000e+00,0.00000000e+00,0.00000000e+00,0.00000000e+00,0.00000000e+00,0.00000000e+00,0.00000000e+00,0.00000000e+00,0.00000000e+00,0.00000000e+00,0.00000000e+00,0.00000000e+00,0.00000000e+00,0.00000000e+00,0.00000000e+00,0.00000000e+00,0.00000000e+00,0.00000000e+00,0.00000000e+00,0.00000000e+00,0.00000000e+00,9.60174649e-05
1.70242551e+02,1.69992551e+02,0.00000000e+00,0.00000000e+00,0.00000000e+00,0.00000000e+00,0.00000000e+00,0.00000000e+00,0.00000000e+00,0.00000000e+00,0.00000000e+00,0.00000000e+00,0.00000000e+00,0.00000000e+00,0.00000000e+00,0.00000000e+00,0.00000000e+00,0.00000000e+00,0.00000000e+00,0.00000000e+00,0.00000000e+00,0.00000000e+00,0.00000000e+00,0.00000000e+00,0.00000000e+00,0.00000000e+00,9.70911184e-05
1.70342576e+02,1.70092576e+02,0.00000000e+00,0.00000000e+00,0.00000000e+00,0.00000000e+00,0.00000000e+00,0.00000000e+00,0.00000000e+00,0.00000000e+00,0.00000000e+00,0.00000000e+00,0.00000000e+00,0.00000000e+00,0.00000000e+00,0.00000000e+00,0.00000000e+00,0.00000000e+00,0.00000000e+00,0.00000000e+00,0.00000000e+00,0.00000000e+00,0.00000000e+00,0.00000000e+00,0.00000000e+00,0.00000000e+00,9.56600252e-05
1.70442601e+02,1.70192601e+02,0.00000000e+00,0.00000000e+00,0.00000000e+00,0.00000000e+00,0.00000000e+00,0.00000000e+00,0.00000000e+00,0.00000000e+00,0.00000000e+00,0.00000000e+00,0.00000000e+00,0.00000000e+00,0.00000000e+00,0.00000000e+00,0.00000000e+00,0.00000000e+00,0.00000000e+00,0.00000000e+00,0.00000000e+00,0.00000000e+00,0.00000000e+00,0.00000000e+00,0.00000000e+00,0.00000000e+00,9.63955929e-05
1.70542626e+02,1.70292626e+02,0.00000000e+00,0.00000000e+00,0.00000000e+00,0.00000000e+00,0.00000000e+00,0.00000000e+00,0.00000000e+00,0.00000000e+00,0.00000000e+00,0.00000000e+00,0.00000000e+00,0.00000000e+00,0.00000000e+00,0.00000000e+00,0.00000000e+00,0.00000000e+00,0.00000000e+00,0.00000000e+00,0.00000000e+00,0.00000000e+00,0.00000000e+00,0.00000000e+00,0.00000000e+00,0.00000000e+00,9.57025595e-05
1.70642651e+02,1.70392651e+02,0.00000000e+00,0.00000000e+00,0.00000000e+00,0.00000000e+00,0.00000000e+00,0.00000000e+00,0.00000000e+00,0.00000000e+00,0.00000000e+00,0.00000000e+00,0.00000000e+00,0.00000000e+00,0.00000000e+00,0.00000000e+00,0.00000000e+00,0.00000000e+00,0.00000000e+00,0.00000000e+00,0.00000000e+00,0.00000000e+00,0.00000000e+00,0.00000000e+00,0.00000000e+00,0.00000000e+00,9.57627702e-05
1.70742677e+02,1.70492677e+02,0.00000000e+00,0.00000000e+00,0.00000000e+00,0.00000000e+00,0.00000000e+00,0.00000000e+00,0.00000000e+00,0.00000000e+00,0.00000000e+00,0.00000000e+00,0.00000000e+00,0.00000000e+00,0.00000000e+00,0.00000000e+00,0.00000000e+00,0.00000000e+00,0.00000000e+00,0.00000000e+00,0.00000000e+00,0.00000000e+00,0.00000000e+00,0.00000000e+00,0.00000000e+00,0.00000000e+00,9.52822997e-05
1.70842702e+02,1.70592702e+02,0.00000000e+00,0.00000000e+00,0.00000000e+00,0.00000000e+00,0.00000000e+00,0.00000000e+00,0.00000000e+00,0.00000000e+00,0.00000000e+00,0.00000000e+00,0.00000000e+00,0.00000000e+00,0.00000000e+00,0.00000000e+00,0.00000000e+00,0.00000000e+00,0.00000000e+00,0.00000000e+00,0.00000000e+00,0.00000000e+00,0.00000000e+00,0.00000000e+00,0.00000000e+00,0.00000000e+00,9.47991036e-05
1.70942727e+02,1.70692727e+02,0.00000000e+00,0.00000000e+00,0.00000000e+00,0.00000000e+00,0.00000000e+00,0.00000000e+00,0.00000000e+00,0.00000000e+00,0.00000000e+00,0.00000000e+00,0.00000000e+00,0.00000000e+00,0.00000000e+00,0.00000000e+00,0.00000000e+00,0.00000000e+00,0.00000000e+00,0.00000000e+00,0.00000000e+00,0.00000000e+00,0.00000000e+00,0.00000000e+00,0.00000000e+00,0.00000000e+00,9.50266636e-05
1.71042752e+02,1.70792752e+02,0.00000000e+00,0.00000000e+00,0.00000000e+00,0.00000000e+00,0.00000000e+00,0.00000000e+00,0.00000000e+00,0.00000000e+00,0.00000000e+00,0.00000000e+00,0.00000000e+00,0.00000000e+00,0.00000000e+00,0.00000000e+00,0.00000000e+00,0.00000000e+00,0.00000000e+00,0.00000000e+00,0.00000000e+00,0.00000000e+00,0.00000000e+00,0.00000000e+00,0.00000000e+00,0.00000000e+00,9.33896278e-05
1.71142777e+02,1.70892777e+02,0.00000000e+00,0.00000000e+00,0.00000000e+00,0.00000000e+00,0.00000000e+00,0.00000000e+00,0.00000000e+00,0.00000000e+00,0.00000000e+00,0.00000000e+00,0.00000000e+00,0.00000000e+00,0.00000000e+00,0.00000000e+00,0.00000000e+00,0.00000000e+00,0.00000000e+00,0.00000000e+00,0.00000000e+00,0.00000000e+00,0.00000000e+00,0.00000000e+00,0.00000000e+00,0.00000000e+00,9.42955874e-05
1.71242802e+02,1.70992802e+02,0.00000000e+00,0.00000000e+00,0.00000000e+00,0.00000000e+00,0.00000000e+00,0.00000000e+00,0.00000000e+00,0.00000000e+00,0.00000000e+00,0.00000000e+00,0.00000000e+00,0.00000000e+00,0.00000000e+00,0.00000000e+00,0.00000000e+00,0.00000000e+00,0.00000000e+00,0.00000000e+00,0.00000000e+00,0.00000000e+00,0.00000000e+00,0.00000000e+00,0.00000000e+00,0.00000000e+00,9.48319000e-05
1.71342827e+02,1.71092827e+02,0.00000000e+00,0.00000000e+00,0.00000000e+00,0.00000000e+00,0.00000000e+00,0.00000000e+00,0.00000000e+00,0.00000000e+00,0.00000000e+00,0.00000000e+00,0.00000000e+00,0.00000000e+00,0.00000000e+00,0.00000000e+00,0.00000000e+00,0.00000000e+00,0.00000000e+00,0.00000000e+00,0.00000000e+00,0.00000000e+00,0.00000000e+00,0.00000000e+00,0.00000000e+00,0.00000000e+00,9.34752791e-05
1.71442852e+02,1.71192852e+02,0.00000000e+00,0.00000000e+00,0.00000000e+00,0.00000000e+00,0.00000000e+00,0.00000000e+00,0.00000000e+00,0.00000000e+00,0.00000000e+00,0.00000000e+00,0.00000000e+00,0.00000000e+00,0.00000000e+00,0.00000000e+00,0.00000000e+00,0.00000000e+00,0.00000000e+00,0.00000000e+00,0.00000000e+00,0.00000000e+00,0.00000000e+00,0.00000000e+00,0.00000000e+00,0.00000000e+00,9.30008251e-05
1.71542877e+02,1.71292877e+02,0.00000000e+00,0.00000000e+00,0.00000000e+00,0.00000000e+00,0.00000000e+00,0.00000000e+00,0.00000000e+00,0.00000000e+00,0.00000000e+00,0.00000000e+00,0.00000000e+00,0.00000000e+00,0.00000000e+00,0.00000000e+00,0.00000000e+00,0.00000000e+00,0.00000000e+00,0.00000000e+00,0.00000000e+00,0.00000000e+00,0.00000000e+00,0.00000000e+00,0.00000000e+00,0.00000000e+00,9.29971237e-05
1.71642902e+02,1.71392902e+02,0.00000000e+00,0.00000000e+00,0.00000000e+00,0.00000000e+00,0.00000000e+00,0.00000000e+00,0.00000000e+00,0.00000000e+00,0.00000000e+00,0.00000000e+00,0.00000000e+00,0.00000000e+00,0.00000000e+00,0.00000000e+00,0.00000000e+00,0.00000000e+00,0.00000000e+00,0.00000000e+00,0.00000000e+00,0.00000000e+00,0.00000000e+00,0.00000000e+00,0.00000000e+00,0.00000000e+00,9.19366058e-05
1.71742927e+02,1.71492927e+02,0.00000000e+00,0.00000000e+00,0.00000000e+00,0.00000000e+00,0.00000000e+00,0.00000000e+00,0.00000000e+00,0.00000000e+00,0.00000000e+00,0.00000000e+00,0.00000000e+00,0.00000000e+00,0.00000000e+00,0.00000000e+00,0.00000000e+00,0.00000000e+00,0.00000000e+00,0.00000000e+00,0.00000000e+00,0.00000000e+00,0.00000000e+00,0.00000000e+00,0.00000000e+00,0.00000000e+00,9.13598021e-05
1.71842952e+02,1.71592952e+02,0.00000000e+00,0.00000000e+00,0.00000000e+00,0.00000000e+00,0.00000000e+00,0.00000000e+00,0.00000000e+00,0.00000000e+00,0.00000000e+00,0.00000000e+00,0.00000000e+00,0.00000000e+00,0.00000000e+00,0.00000000e+00,0.00000000e+00,0.00000000e+00,0.00000000e+00,0.00000000e+00,0.00000000e+00,0.00000000e+00,0.00000000e+00,0.00000000e+00,0.00000000e+00,0.00000000e+00,9.14996620e-05
1.71942977e+02,1.71692977e+02,0.00000000e+00,0.00000000e+00,0.00000000e+00,0.00000000e+00,0.00000000e+00,0.00000000e+00,0.00000000e+00,0.00000000e+00,0.00000000e+00,0.00000000e+00,0.00000000e+00,0.00000000e+00,0.00000000e+00,0.00000000e+00,0.00000000e+00,0.00000000e+00,0.00000000e+00,0.00000000e+00,0.00000000e+00,0.00000000e+00,0.00000000e+00,0.00000000e+00,0.00000000e+00,0.00000000e+00,9.06354458e-05
1.72043002e+02,1.71793002e+02,0.00000000e+00,0.00000000e+00,0.00000000e+00,0.00000000e+00,0.00000000e+00,0.00000000e+00,0.00000000e+00,0.00000000e+00,0.00000000e+00,0.00000000e+00,0.00000000e+00,0.00000000e+00,0.00000000e+00,0.00000000e+00,0.00000000e+00,0.00000000e+00,0.00000000e+00,0.00000000e+00,0.00000000e+00,0.00000000e+00,0.00000000e+00,0.00000000e+00,0.00000000e+00,0.00000000e+00,9.04474628e-05
1.72143027e+02,1.71893027e+02,0.00000000e+00,0.00000000e+00,0.00000000e+00,0.00000000e+00,0.00000000e+00,0.00000000e+00,0.00000000e+00,0.00000000e+00,0.00000000e+00,0.00000000e+00,0.00000000e+00,0.00000000e+00,0.00000000e+00,0.00000000e+00,0.00000000e+00,0.00000000e+00,0.00000000e+00,0.00000000e+00,0.00000000e+00,0.00000000e+00,0.00000000e+00,0.00000000e+00,0.00000000e+00,0.00000000e+00,9.05009596e-05
1.72243052e+02,1.71993052e+02,0.00000000e+00,0.00000000e+00,0.00000000e+00,0.00000000e+00,0.00000000e+00,0.00000000e+00,0.00000000e+00,0.00000000e+00,0.00000000e+00,0.00000000e+00,0.00000000e+00,0.00000000e+00,0.00000000e+00,0.00000000e+00,0.00000000e+00,0.00000000e+00,0.00000000e+00,0.00000000e+00,0.00000000e+00,0.00000000e+00,0.00000000e+00,0.00000000e+00,0.00000000e+00,0.00000000e+00,9.02226160e-05
1.72343077e+02,1.72093077e+02,0.00000000e+00,0.00000000e+00,0.00000000e+00,0.00000000e+00,0.00000000e+00,0.00000000e+00,0.00000000e+00,0.00000000e+00,0.00000000e+00,0.00000000e+00,0.00000000e+00,0.00000000e+00,0.00000000e+00,0.00000000e+00,0.00000000e+00,0.00000000e+00,0.00000000e+00,0.00000000e+00,0.00000000e+00,0.00000000e+00,0.00000000e+00,0.00000000e+00,0.00000000e+00,0.00000000e+00,9.00488754e-05
1.72443102e+02,1.72193102e+02,0.00000000e+00,0.00000000e+00,0.00000000e+00,0.00000000e+00,0.00000000e+00,0.00000000e+00,0.00000000e+00,0.00000000e+00,0.00000000e+00,0.00000000e+00,0.00000000e+00,0.00000000e+00,0.00000000e+00,0.00000000e+00,0.00000000e+00,0.00000000e+00,0.00000000e+00,0.00000000e+00,0.00000000e+00,0.00000000e+00,0.00000000e+00,0.00000000e+00,0.00000000e+00,0.00000000e+00,8.95293142e-05
1.72543127e+02,1.72293127e+02,0.00000000e+00,0.00000000e+00,0.00000000e+00,0.00000000e+00,0.00000000e+00,0.00000000e+00,0.00000000e+00,0.00000000e+00,0.00000000e+00,0.00000000e+00,0.00000000e+00,0.00000000e+00,0.00000000e+00,0.00000000e+00,0.00000000e+00,0.00000000e+00,0.00000000e+00,0.00000000e+00,0.00000000e+00,0.00000000e+00,0.00000000e+00,0.00000000e+00,0.00000000e+00,0.00000000e+00,8.86911170e-05
1.72643152e+02,1.72393152e+02,0.00000000e+00,0.00000000e+00,0.00000000e+00,0.00000000e+00,0.00000000e+00,0.00000000e+00,0.00000000e+00,0.00000000e+00,0.00000000e+00,0.00000000e+00,0.00000000e+00,0.00000000e+00,0.00000000e+00,0.00000000e+00,0.00000000e+00,0.00000000e+00,0.00000000e+00,0.00000000e+00,0.00000000e+00,0.00000000e+00,0.00000000e+00,0.00000000e+00,0.00000000e+00,0.00000000e+00,8.77393705e-05
1.72743177e+02,1.72493177e+02,0.00000000e+00,0.00000000e+00,0.00000000e+00,0.00000000e+00,0.00000000e+00,0.00000000e+00,0.00000000e+00,0.00000000e+00,0.00000000e+00,0.00000000e+00,0.00000000e+00,0.00000000e+00,0.00000000e+00,0.00000000e+00,0.00000000e+00,0.00000000e+00,0.00000000e+00,0.00000000e+00,0.00000000e+00,0.00000000e+00,0.00000000e+00,0.00000000e+00,0.00000000e+00,0.00000000e+00,8.85198951e-05
1.72843202e+02,1.72593202e+02,0.00000000e+00,0.00000000e+00,0.00000000e+00,0.00000000e+00,0.00000000e+00,0.00000000e+00,0.00000000e+00,0.00000000e+00,0.00000000e+00,0.00000000e+00,0.00000000e+00,0.00000000e+00,0.00000000e+00,0.00000000e+00,0.00000000e+00,0.00000000e+00,0.00000000e+00,0.00000000e+00,0.00000000e+00,0.00000000e+00,0.00000000e+00,0.00000000e+00,0.00000000e+00,0.00000000e+00,8.89221371e-05
1.72943227e+02,1.72693227e+02,0.00000000e+00,0.00000000e+00,0.00000000e+00,0.00000000e+00,0.00000000e+00,0.00000000e+00,0.00000000e+00,0.00000000e+00,0.00000000e+00,0.00000000e+00,0.00000000e+00,0.00000000e+00,0.00000000e+00,0.00000000e+00,0.00000000e+00,0.00000000e+00,0.00000000e+00,0.00000000e+00,0.00000000e+00,0.00000000e+00,0.00000000e+00,0.00000000e+00,0.00000000e+00,0.00000000e+00,8.89789284e-05
1.73043252e+02,1.72793252e+02,0.00000000e+00,0.00000000e+00,0.00000000e+00,0.00000000e+00,0.00000000e+00,0.00000000e+00,0.00000000e+00,0.00000000e+00,0.00000000e+00,0.00000000e+00,0.00000000e+00,0.00000000e+00,0.00000000e+00,0.00000000e+00,0.00000000e+00,0.00000000e+00,0.00000000e+00,0.00000000e+00,0.00000000e+00,0.00000000e+00,0.00000000e+00,0.00000000e+00,0.00000000e+00,0.00000000e+00,8.76930381e-05
1.73143277e+02,1.72893277e+02,0.00000000e+00,0.00000000e+00,0.00000000e+00,0.00000000e+00,0.00000000e+00,0.00000000e+00,0.00000000e+00,0.00000000e+00,0.00000000e+00,0.00000000e+00,0.00000000e+00,0.00000000e+00,0.00000000e+00,0.00000000e+00,0.00000000e+00,0.00000000e+00,0.00000000e+00,0.00000000e+00,0.00000000e+00,0.00000000e+00,0.00000000e+00,0.00000000e+00,0.00000000e+00,0.00000000e+00,8.79713890e-05
1.73243302e+02,1.72993302e+02,0.00000000e+00,0.00000000e+00,0.00000000e+00,0.00000000e+00,0.00000000e+00,0.00000000e+00,0.00000000e+00,0.00000000e+00,0.00000000e+00,0.00000000e+00,0.00000000e+00,0.00000000e+00,0.00000000e+00,0.00000000e+00,0.00000000e+00,0.00000000e+00,0.00000000e+00,0.00000000e+00,0.00000000e+00,0.00000000e+00,0.00000000e+00,0.00000000e+00,0.00000000e+00,0.00000000e+00,8.80317835e-05
1.73343327e+02,1.73093327e+02,0.00000000e+00,0.00000000e+00,0.00000000e+00,0.00000000e+00,0.00000000e+00,0.00000000e+00,0.00000000e+00,0.00000000e+00,0.00000000e+00,0.00000000e+00,0.00000000e+00,0.00000000e+00,0.00000000e+00,0.00000000e+00,0.00000000e+00,0.00000000e+00,0.00000000e+00,0.00000000e+00,0.00000000e+00,0.00000000e+00,0.00000000e+00,0.00000000e+00,0.00000000e+00,0.00000000e+00,8.65950564e-05
1.73443353e+02,1.73193353e+02,0.00000000e+00,0.00000000e+00,0.00000000e+00,0.00000000e+00,0.00000000e+00,0.00000000e+00,0.00000000e+00,0.00000000e+00,0.00000000e+00,0.00000000e+00,0.00000000e+00,0.00000000e+00,0.00000000e+00,0.00000000e+00,0.00000000e+00,0.00000000e+00,0.00000000e+00,0.00000000e+00,0.00000000e+00,0.00000000e+00,0.00000000e+00,0.00000000e+00,0.00000000e+00,0.00000000e+00,8.55438491e-05
1.73543378e+02,1.73293378e+02,0.00000000e+00,0.00000000e+00,0.00000000e+00,0.00000000e+00,0.00000000e+00,0.00000000e+00,0.00000000e+00,0.00000000e+00,0.00000000e+00,0.00000000e+00,0.00000000e+00,0.00000000e+00,0.00000000e+00,0.00000000e+00,0.00000000e+00,0.00000000e+00,0.00000000e+00,0.00000000e+00,0.00000000e+00,0.00000000e+00,0.00000000e+00,0.00000000e+00,0.00000000e+00,0.00000000e+00,8.50986172e-05
1.73643403e+02,1.73393403e+02,0.00000000e+00,0.00000000e+00,0.00000000e+00,0.00000000e+00,0.00000000e+00,0.00000000e+00,0.00000000e+00,0.00000000e+00,0.00000000e+00,0.00000000e+00,0.00000000e+00,0.00000000e+00,0.00000000e+00,0.00000000e+00,0.00000000e+00,0.00000000e+00,0.00000000e+00,0.00000000e+00,0.00000000e+00,0.00000000e+00,0.00000000e+00,0.00000000e+00,0.00000000e+00,0.00000000e+00,8.59298942e-05
1.73743428e+02,1.73493428e+02,0.00000000e+00,0.00000000e+00,0.00000000e+00,0.00000000e+00,0.00000000e+00,0.00000000e+00,0.00000000e+00,0.00000000e+00,0.00000000e+00,0.00000000e+00,0.00000000e+00,0.00000000e+00,0.00000000e+00,0.00000000e+00,0.00000000e+00,0.00000000e+00,0.00000000e+00,0.00000000e+00,0.00000000e+00,0.00000000e+00,0.00000000e+00,0.00000000e+00,0.00000000e+00,0.00000000e+00,8.58522693e-05
1.73843453e+02,1.73593453e+02,0.00000000e+00,0.00000000e+00,0.00000000e+00,0.00000000e+00,0.00000000e+00,0.00000000e+00,0.00000000e+00,0.00000000e+00,0.00000000e+00,0.00000000e+00,0.00000000e+00,0.00000000e+00,0.00000000e+00,0.00000000e+00,0.00000000e+00,0.00000000e+00,0.00000000e+00,0.00000000e+00,0.00000000e+00,0.00000000e+00,0.00000000e+00,0.00000000e+00,0.00000000e+00,0.00000000e+00,8.52230931e-05
1.73943478e+02,1.73693478e+02,0.00000000e+00,0.00000000e+00,0.00000000e+00,0.00000000e+00,0.00000000e+00,0.00000000e+00,0.00000000e+00,0.00000000e+00,0.00000000e+00,0.00000000e+00,0.00000000e+00,0.00000000e+00,0.00000000e+00,0.00000000e+00,0.00000000e+00,0.00000000e+00,0.00000000e+00,0.00000000e+00,0.00000000e+00,0.00000000e+00,0.00000000e+00,0.00000000e+00,0.00000000e+00,0.00000000e+00,8.43357993e-05
1.74043503e+02,1.73793503e+02,0.00000000e+00,0.00000000e+00,0.00000000e+00,0.00000000e+00,0.00000000e+00,0.00000000e+00,0.00000000e+00,0.00000000e+00,0.00000000e+00,0.00000000e+00,0.00000000e+00,0.00000000e+00,0.00000000e+00,0.00000000e+00,0.00000000e+00,0.00000000e+00,0.00000000e+00,0.00000000e+00,0.00000000e+00,0.00000000e+00,0.00000000e+00,0.00000000e+00,0.00000000e+00,0.00000000e+00,8.46525738e-05
1.74143528e+02,1.73893528e+02,0.00000000e+00,0.00000000e+00,0.00000000e+00,0.00000000e+00,0.00000000e+00,0.00000000e+00,0.00000000e+00,0.00000000e+00,0.00000000e+00,0.00000000e+00,0.00000000e+00,0.00000000e+00,0.00000000e+00,0.00000000e+00,0.00000000e+00,0.00000000e+00,0.00000000e+00,0.00000000e+00,0.00000000e+00,0.00000000e+00,0.00000000e+00,0.00000000e+00,0.00000000e+00,0.00000000e+00,8.40689861e-05
1.74243553e+02,1.73993553e+02,0.00000000e+00,0.00000000e+00,0.00000000e+00,0.00000000e+00,0.00000000e+00,0.00000000e+00,0.00000000e+00,0.00000000e+00,0.00000000e+00,0.00000000e+00,0.00000000e+00,0.00000000e+00,0.00000000e+00,0.00000000e+00,0.00000000e+00,0.00000000e+00,0.00000000e+00,0.00000000e+00,0.00000000e+00,0.00000000e+00,0.00000000e+00,0.00000000e+00,0.00000000e+00,0.00000000e+00,8.44830207e-05
1.74343578e+02,1.74093578e+02,0.00000000e+00,0.00000000e+00,0.00000000e+00,0.00000000e+00,0.00000000e+00,0.00000000e+00,0.00000000e+00,0.00000000e+00,0.00000000e+00,0.00000000e+00,0.00000000e+00,0.00000000e+00,0.00000000e+00,0.00000000e+00,0.00000000e+00,0.00000000e+00,0.00000000e+00,0.00000000e+00,0.00000000e+00,0.00000000e+00,0.00000000e+00,0.00000000e+00,0.00000000e+00,0.00000000e+00,8.42238179e-05
1.74443603e+02,1.74193603e+02,0.00000000e+00,0.00000000e+00,0.00000000e+00,0.00000000e+00,0.00000000e+00,0.00000000e+00,0.00000000e+00,0.00000000e+00,0.00000000e+00,0.00000000e+00,0.00000000e+00,0.00000000e+00,0.00000000e+00,0.00000000e+00,0.00000000e+00,0.00000000e+00,0.00000000e+00,0.00000000e+00,0.00000000e+00,0.00000000e+00,0.00000000e+00,0.00000000e+00,0.00000000e+00,0.00000000e+00,8.43185464e-05
1.74543628e+02,1.74293628e+02,0.00000000e+00,0.00000000e+00,0.00000000e+00,0.00000000e+00,0.00000000e+00,0.00000000e+00,0.00000000e+00,0.00000000e+00,0.00000000e+00,0.00000000e+00,0.00000000e+00,0.00000000e+00,0.00000000e+00,0.00000000e+00,0.00000000e+00,0.00000000e+00,0.00000000e+00,0.00000000e+00,0.00000000e+00,0.00000000e+00,0.00000000e+00,0.00000000e+00,0.00000000e+00,0.00000000e+00,8.16394737e-05
1.74643653e+02,1.74393653e+02,0.00000000e+00,0.00000000e+00,0.00000000e+00,0.00000000e+00,0.00000000e+00,0.00000000e+00,0.00000000e+00,0.00000000e+00,0.00000000e+00,0.00000000e+00,0.00000000e+00,0.00000000e+00,0.00000000e+00,0.00000000e+00,0.00000000e+00,0.00000000e+00,0.00000000e+00,0.00000000e+00,0.00000000e+00,0.00000000e+00,0.00000000e+00,0.00000000e+00,0.00000000e+00,0.00000000e+00,8.19933801e-05
1.74743678e+02,1.74493678e+02,0.00000000e+00,0.00000000e+00,0.00000000e+00,0.00000000e+00,0.00000000e+00,0.00000000e+00,0.00000000e+00,0.00000000e+00,0.00000000e+00,0.00000000e+00,0.00000000e+00,0.00000000e+00,0.00000000e+00,0.00000000e+00,0.00000000e+00,0.00000000e+00,0.00000000e+00,0.00000000e+00,0.00000000e+00,0.00000000e+00,0.00000000e+00,0.00000000e+00,0.00000000e+00,0.00000000e+00,8.16689736e-05
1.74843703e+02,1.74593703e+02,0.00000000e+00,0.00000000e+00,0.00000000e+00,0.00000000e+00,0.00000000e+00,0.00000000e+00,0.00000000e+00,0.00000000e+00,0.00000000e+00,0.00000000e+00,0.00000000e+00,0.00000000e+00,0.00000000e+00,0.00000000e+00,0.00000000e+00,0.00000000e+00,0.00000000e+00,0.00000000e+00,0.00000000e+00,0.00000000e+00,0.00000000e+00,0.00000000e+00,0.00000000e+00,0.00000000e+00,8.13937482e-05
1.74943728e+02,1.74693728e+02,0.00000000e+00,0.00000000e+00,0.00000000e+00,0.00000000e+00,0.00000000e+00,0.00000000e+00,0.00000000e+00,0.00000000e+00,0.00000000e+00,0.00000000e+00,0.00000000e+00,0.00000000e+00,0.00000000e+00,0.00000000e+00,0.00000000e+00,0.00000000e+00,0.00000000e+00,0.00000000e+00,0.00000000e+00,0.00000000e+00,0.00000000e+00,0.00000000e+00,0.00000000e+00,0.00000000e+00,8.02398117e-05
1.75043753e+02,1.74793753e+02,0.00000000e+00,0.00000000e+00,0.00000000e+00,0.00000000e+00,0.00000000e+00,0.00000000e+00,0.00000000e+00,0.00000000e+00,0.00000000e+00,0.00000000e+00,0.00000000e+00,0.00000000e+00,0.00000000e+00,0.00000000e+00,0.00000000e+00,0.00000000e+00,0.00000000e+00,0.00000000e+00,0.00000000e+00,0.00000000e+00,0.00000000e+00,0.00000000e+00,0.00000000e+00,0.00000000e+00,7.98687540e-05
1.75143778e+02,1.74893778e+02,0.00000000e+00,0.00000000e+00,0.00000000e+00,0.00000000e+00,0.00000000e+00,0.00000000e+00,0.00000000e+00,0.00000000e+00,0.00000000e+00,0.00000000e+00,0.00000000e+00,0.00000000e+00,0.00000000e+00,0.00000000e+00,0.00000000e+00,0.00000000e+00,0.00000000e+00,0.00000000e+00,0.00000000e+00,0.00000000e+00,0.00000000e+00,0.00000000e+00,0.00000000e+00,0.00000000e+00,7.91231631e-05
1.75243803e+02,1.74993803e+02,0.00000000e+00,0.00000000e+00,0.00000000e+00,0.00000000e+00,0.00000000e+00,0.00000000e+00,0.00000000e+00,0.00000000e+00,0.00000000e+00,0.00000000e+00,0.00000000e+00,0.00000000e+00,0.00000000e+00,0.00000000e+00,0.00000000e+00,0.00000000e+00,0.00000000e+00,0.00000000e+00,0.00000000e+00,0.00000000e+00,0.00000000e+00,0.00000000e+00,0.00000000e+00,0.00000000e+00,7.97859580e-05
1.75343828e+02,1.75093828e+02,0.00000000e+00,0.00000000e+00,0.00000000e+00,0.00000000e+00,0.00000000e+00,0.00000000e+00,0.00000000e+00,0.00000000e+00,0.00000000e+00,0.00000000e+00,0.00000000e+00,0.00000000e+00,0.00000000e+00,0.00000000e+00,0.00000000e+00,0.00000000e+00,0.00000000e+00,0.00000000e+00,0.00000000e+00,0.00000000e+00,0.00000000e+00,0.00000000e+00,0.00000000e+00,0.00000000e+00,7.87553381e-05
1.75443853e+02,1.75193853e+02,0.00000000e+00,0.00000000e+00,0.00000000e+00,0.00000000e+00,0.00000000e+00,0.00000000e+00,0.00000000e+00,0.00000000e+00,0.00000000e+00,0.00000000e+00,0.00000000e+00,0.00000000e+00,0.00000000e+00,0.00000000e+00,0.00000000e+00,0.00000000e+00,0.00000000e+00,0.00000000e+00,0.00000000e+00,0.00000000e+00,0.00000000e+00,0.00000000e+00,0.00000000e+00,0.00000000e+00,7.86456382e-05
1.75543878e+02,1.75293878e+02,0.00000000e+00,0.00000000e+00,0.00000000e+00,0.00000000e+00,0.00000000e+00,0.00000000e+00,0.00000000e+00,0.00000000e+00,0.00000000e+00,0.00000000e+00,0.00000000e+00,0.00000000e+00,0.00000000e+00,0.00000000e+00,0.00000000e+00,0.00000000e+00,0.00000000e+00,0.00000000e+00,0.00000000e+00,0.00000000e+00,0.00000000e+00,0.00000000e+00,0.00000000e+00,0.00000000e+00,7.73848715e-05
1.75643903e+02,1.75393903e+02,0.00000000e+00,0.00000000e+00,0.00000000e+00,0.00000000e+00,0.00000000e+00,0.00000000e+00,0.00000000e+00,0.00000000e+00,0.00000000e+00,0.00000000e+00,0.00000000e+00,0.00000000e+00,0.00000000e+00,0.00000000e+00,0.00000000e+00,0.00000000e+00,0.00000000e+00,0.00000000e+00,0.00000000e+00,0.00000000e+00,0.00000000e+00,0.00000000e+00,0.00000000e+00,0.00000000e+00,7.71867621e-05
1.75743928e+02,1.75493928e+02,0.00000000e+00,0.00000000e+00,0.00000000e+00,0.00000000e+00,0.00000000e+00,0.00000000e+00,0.00000000e+00,0.00000000e+00,0.00000000e+00,0.00000000e+00,0.00000000e+00,0.00000000e+00,0.00000000e+00,0.00000000e+00,0.00000000e+00,0.00000000e+00,0.00000000e+00,0.00000000e+00,0.00000000e+00,0.00000000e+00,0.00000000e+00,0.00000000e+00,0.00000000e+00,0.00000000e+00,7.72915323e-05
1.75843953e+02,1.75593953e+02,0.00000000e+00,0.00000000e+00,0.00000000e+00,0.00000000e+00,0.00000000e+00,0.00000000e+00,0.00000000e+00,0.00000000e+00,0.00000000e+00,0.00000000e+00,0.00000000e+00,0.00000000e+00,0.00000000e+00,0.00000000e+00,0.00000000e+00,0.00000000e+00,0.00000000e+00,0.00000000e+00,0.00000000e+00,0.00000000e+00,0.00000000e+00,0.00000000e+00,0.00000000e+00,0.00000000e+00,7.64242160e-05
1.75943978e+02,1.75693978e+02,0.00000000e+00,0.00000000e+00,0.00000000e+00,0.00000000e+00,0.00000000e+00,0.00000000e+00,0.00000000e+00,0.00000000e+00,0.00000000e+00,0.00000000e+00,0.00000000e+00,0.00000000e+00,0.00000000e+00,0.00000000e+00,0.00000000e+00,0.00000000e+00,0.00000000e+00,0.00000000e+00,0.00000000e+00,0.00000000e+00,0.00000000e+00,0.00000000e+00,0.00000000e+00,0.00000000e+00,7.65153447e-05
1.76044004e+02,1.75794004e+02,0.00000000e+00,0.00000000e+00,0.00000000e+00,0.00000000e+00,0.00000000e+00,0.00000000e+00,0.00000000e+00,0.00000000e+00,0.00000000e+00,0.00000000e+00,0.00000000e+00,0.00000000e+00,0.00000000e+00,0.00000000e+00,0.00000000e+00,0.00000000e+00,0.00000000e+00,0.00000000e+00,0.00000000e+00,0.00000000e+00,0.00000000e+00,0.00000000e+00,0.00000000e+00,0.00000000e+00,7.69534822e-05
1.76144029e+02,1.75894029e+02,0.00000000e+00,0.00000000e+00,0.00000000e+00,0.00000000e+00,0.00000000e+00,0.00000000e+00,0.00000000e+00,0.00000000e+00,0.00000000e+00,0.00000000e+00,0.00000000e+00,0.00000000e+00,0.00000000e+00,0.00000000e+00,0.00000000e+00,0.00000000e+00,0.00000000e+00,0.00000000e+00,0.00000000e+00,0.00000000e+00,0.00000000e+00,0.00000000e+00,0.00000000e+00,0.00000000e+00,7.64215873e-05
1.76244054e+02,1.75994054e+02,0.00000000e+00,0.00000000e+00,0.00000000e+00,0.00000000e+00,0.00000000e+00,0.00000000e+00,0.00000000e+00,0.00000000e+00,0.00000000e+00,0.00000000e+00,0.00000000e+00,0.00000000e+00,0.00000000e+00,0.00000000e+00,0.00000000e+00,0.00000000e+00,0.00000000e+00,0.00000000e+00,0.00000000e+00,0.00000000e+00,0.00000000e+00,0.00000000e+00,0.00000000e+00,0.00000000e+00,7.60492912e-05
1.76344079e+02,1.76094079e+02,0.00000000e+00,0.00000000e+00,0.00000000e+00,0.00000000e+00,0.00000000e+00,0.00000000e+00,0.00000000e+00,0.00000000e+00,0.00000000e+00,0.00000000e+00,0.00000000e+00,0.00000000e+00,0.00000000e+00,0.00000000e+00,0.00000000e+00,0.00000000e+00,0.00000000e+00,0.00000000e+00,0.00000000e+00,0.00000000e+00,0.00000000e+00,0.00000000e+00,0.00000000e+00,0.00000000e+00,7.62823304e-05
1.76444104e+02,1.76194104e+02,0.00000000e+00,0.00000000e+00,0.00000000e+00,0.00000000e+00,0.00000000e+00,0.00000000e+00,0.00000000e+00,0.00000000e+00,0.00000000e+00,0.00000000e+00,0.00000000e+00,0.00000000e+00,0.00000000e+00,0.00000000e+00,0.00000000e+00,0.00000000e+00,0.00000000e+00,0.00000000e+00,0.00000000e+00,0.00000000e+00,0.00000000e+00,0.00000000e+00,0.00000000e+00,0.00000000e+00,7.60256727e-05
1.76544129e+02,1.76294129e+02,0.00000000e+00,0.00000000e+00,0.00000000e+00,0.00000000e+00,0.00000000e+00,0.00000000e+00,0.00000000e+00,0.00000000e+00,0.00000000e+00,0.00000000e+00,0.00000000e+00,0.00000000e+00,0.00000000e+00,0.00000000e+00,0.00000000e+00,0.00000000e+00,0.00000000e+00,0.00000000e+00,0.00000000e+00,0.00000000e+00,0.00000000e+00,0.00000000e+00,0.00000000e+00,0.00000000e+00,7.59607351e-05
1.76644154e+02,1.76394154e+02,0.00000000e+00,0.00000000e+00,0.00000000e+00,0.00000000e+00,0.00000000e+00,0.00000000e+00,0.00000000e+00,0.00000000e+00,0.00000000e+00,0.00000000e+00,0.00000000e+00,0.00000000e+00,0.00000000e+00,0.00000000e+00,0.00000000e+00,0.00000000e+00,0.00000000e+00,0.00000000e+00,0.00000000e+00,0.00000000e+00,0.00000000e+00,0.00000000e+00,0.00000000e+00,0.00000000e+00,7.59919060e-05
1.76744179e+02,1.76494179e+02,0.00000000e+00,0.00000000e+00,0.00000000e+00,0.00000000e+00,0.00000000e+00,0.00000000e+00,0.00000000e+00,0.00000000e+00,0.00000000e+00,0.00000000e+00,0.00000000e+00,0.00000000e+00,0.00000000e+00,0.00000000e+00,0.00000000e+00,0.00000000e+00,0.00000000e+00,0.00000000e+00,0.00000000e+00,0.00000000e+00,0.00000000e+00,0.00000000e+00,0.00000000e+00,0.00000000e+00,7.65100761e-05
1.76844204e+02,1.76594204e+02,0.00000000e+00,0.00000000e+00,0.00000000e+00,0.00000000e+00,0.00000000e+00,0.00000000e+00,0.00000000e+00,0.00000000e+00,0.00000000e+00,0.00000000e+00,0.00000000e+00,0.00000000e+00,0.00000000e+00,0.00000000e+00,0.00000000e+00,0.00000000e+00,0.00000000e+00,0.00000000e+00,0.00000000e+00,0.00000000e+00,0.00000000e+00,0.00000000e+00,0.00000000e+00,0.00000000e+00,7.61624316e-05
1.76944229e+02,1.76694229e+02,0.00000000e+00,0.00000000e+00,0.00000000e+00,0.00000000e+00,0.00000000e+00,0.00000000e+00,0.00000000e+00,0.00000000e+00,0.00000000e+00,0.00000000e+00,0.00000000e+00,0.00000000e+00,0.00000000e+00,0.00000000e+00,0.00000000e+00,0.00000000e+00,0.00000000e+00,0.00000000e+00,0.00000000e+00,0.00000000e+00,0.00000000e+00,0.00000000e+00,0.00000000e+00,0.00000000e+00,7.55418869e-05
1.77044254e+02,1.76794254e+02,0.00000000e+00,0.00000000e+00,0.00000000e+00,0.00000000e+00,0.00000000e+00,0.00000000e+00,0.00000000e+00,0.00000000e+00,0.00000000e+00,0.00000000e+00,0.00000000e+00,0.00000000e+00,0.00000000e+00,0.00000000e+00,0.00000000e+00,0.00000000e+00,0.00000000e+00,0.00000000e+00,0.00000000e+00,0.00000000e+00,0.00000000e+00,0.00000000e+00,0.00000000e+00,0.00000000e+00,7.51315241e-05
1.77144279e+02,1.76894279e+02,0.00000000e+00,0.00000000e+00,0.00000000e+00,0.00000000e+00,0.00000000e+00,0.00000000e+00,0.00000000e+00,0.00000000e+00,0.00000000e+00,0.00000000e+00,0.00000000e+00,0.00000000e+00,0.00000000e+00,0.00000000e+00,0.00000000e+00,0.00000000e+00,0.00000000e+00,0.00000000e+00,0.00000000e+00,0.00000000e+00,0.00000000e+00,0.00000000e+00,0.00000000e+00,0.00000000e+00,7.49135122e-05
1.77244304e+02,1.76994304e+02,0.00000000e+00,0.00000000e+00,0.00000000e+00,0.00000000e+00,0.00000000e+00,0.00000000e+00,0.00000000e+00,0.00000000e+00,0.00000000e+00,0.00000000e+00,0.00000000e+00,0.00000000e+00,0.00000000e+00,0.00000000e+00,0.00000000e+00,0.00000000e+00,0.00000000e+00,0.00000000e+00,0.00000000e+00,0.00000000e+00,0.00000000e+00,0.00000000e+00,0.00000000e+00,0.00000000e+00,7.43778521e-05
1.77344329e+02,1.77094329e+02,0.00000000e+00,0.00000000e+00,0.00000000e+00,0.00000000e+00,0.00000000e+00,0.00000000e+00,0.00000000e+00,0.00000000e+00,0.00000000e+00,0.00000000e+00,0.00000000e+00,0.00000000e+00,0.00000000e+00,0.00000000e+00,0.00000000e+00,0.00000000e+00,0.00000000e+00,0.00000000e+00,0.00000000e+00,0.00000000e+00,0.00000000e+00,0.00000000e+00,0.00000000e+00,0.00000000e+00,7.47279368e-05
1.77444354e+02,1.77194354e+02,0.00000000e+00,0.00000000e+00,0.00000000e+00,0.00000000e+00,0.00000000e+00,0.00000000e+00,0.00000000e+00,0.00000000e+00,0.00000000e+00,0.00000000e+00,0.00000000e+00,0.00000000e+00,0.00000000e+00,0.00000000e+00,0.00000000e+00,0.00000000e+00,0.00000000e+00,0.00000000e+00,0.00000000e+00,0.00000000e+00,0.00000000e+00,0.00000000e+00,0.00000000e+00,0.00000000e+00,7.43049667e-05
1.77544379e+02,1.77294379e+02,0.00000000e+00,0.00000000e+00,0.00000000e+00,0.00000000e+00,0.00000000e+00,0.00000000e+00,0.00000000e+00,0.00000000e+00,0.00000000e+00,0.00000000e+00,0.00000000e+00,0.00000000e+00,0.00000000e+00,0.00000000e+00,0.00000000e+00,0.00000000e+00,0.00000000e+00,0.00000000e+00,0.00000000e+00,0.00000000e+00,0.00000000e+00,0.00000000e+00,0.00000000e+00,0.00000000e+00,7.43300249e-05
1.77644404e+02,1.77394404e+02,0.00000000e+00,0.00000000e+00,0.00000000e+00,0.00000000e+00,0.00000000e+00,0.00000000e+00,0.00000000e+00,0.00000000e+00,0.00000000e+00,0.00000000e+00,0.00000000e+00,0.00000000e+00,0.00000000e+00,0.00000000e+00,0.00000000e+00,0.00000000e+00,0.00000000e+00,0.00000000e+00,0.00000000e+00,0.00000000e+00,0.00000000e+00,0.00000000e+00,0.00000000e+00,0.00000000e+00,7.51629744e-05
1.77744429e+02,1.77494429e+02,0.00000000e+00,0.00000000e+00,0.00000000e+00,0.00000000e+00,0.00000000e+00,0.00000000e+00,0.00000000e+00,0.00000000e+00,0.00000000e+00,0.00000000e+00,0.00000000e+00,0.00000000e+00,0.00000000e+00,0.00000000e+00,0.00000000e+00,0.00000000e+00,0.00000000e+00,0.00000000e+00,0.00000000e+00,0.00000000e+00,0.00000000e+00,0.00000000e+00,0.00000000e+00,0.00000000e+00,7.50821101e-05
1.77844454e+02,1.77594454e+02,0.00000000e+00,0.00000000e+00,0.00000000e+00,0.00000000e+00,0.00000000e+00,0.00000000e+00,0.00000000e+00,0.00000000e+00,0.00000000e+00,0.00000000e+00,0.00000000e+00,0.00000000e+00,0.00000000e+00,0.00000000e+00,0.00000000e+00,0.00000000e+00,0.00000000e+00,0.00000000e+00,0.00000000e+00,0.00000000e+00,0.00000000e+00,0.00000000e+00,0.00000000e+00,0.00000000e+00,7.33632382e-05
1.77944479e+02,1.77694479e+02,0.00000000e+00,0.00000000e+00,0.00000000e+00,0.00000000e+00,0.00000000e+00,0.00000000e+00,0.00000000e+00,0.00000000e+00,0.00000000e+00,0.00000000e+00,0.00000000e+00,0.00000000e+00,0.00000000e+00,0.00000000e+00,0.00000000e+00,0.00000000e+00,0.00000000e+00,0.00000000e+00,0.00000000e+00,0.00000000e+00,0.00000000e+00,0.00000000e+00,0.00000000e+00,0.00000000e+00,7.26767370e-05
1.78044504e+02,1.77794504e+02,0.00000000e+00,0.00000000e+00,0.00000000e+00,0.00000000e+00,0.00000000e+00,0.00000000e+00,0.00000000e+00,0.00000000e+00,0.00000000e+00,0.00000000e+00,0.00000000e+00,0.00000000e+00,0.00000000e+00,0.00000000e+00,0.00000000e+00,0.00000000e+00,0.00000000e+00,0.00000000e+00,0.00000000e+00,0.00000000e+00,0.00000000e+00,0.00000000e+00,0.00000000e+00,0.00000000e+00,7.19528720e-05
1.78144529e+02,1.77894529e+02,0.00000000e+00,0.00000000e+00,0.00000000e+00,0.00000000e+00,0.00000000e+00,0.00000000e+00,0.00000000e+00,0.00000000e+00,0.00000000e+00,0.00000000e+00,0.00000000e+00,0.00000000e+00,0.00000000e+00,0.00000000e+00,0.00000000e+00,0.00000000e+00,0.00000000e+00,0.00000000e+00,0.00000000e+00,0.00000000e+00,0.00000000e+00,0.00000000e+00,0.00000000e+00,0.00000000e+00,7.23735584e-05
1.78244554e+02,1.77994554e+02,0.00000000e+00,0.00000000e+00,0.00000000e+00,0.00000000e+00,0.00000000e+00,0.00000000e+00,0.00000000e+00,0.00000000e+00,0.00000000e+00,0.00000000e+00,0.00000000e+00,0.00000000e+00,0.00000000e+00,0.00000000e+00,0.00000000e+00,0.00000000e+00,0.00000000e+00,0.00000000e+00,0.00000000e+00,0.00000000e+00,0.00000000e+00,0.00000000e+00,0.00000000e+00,0.00000000e+00,7.17169838e-05
1.78344579e+02,1.78094579e+02,0.00000000e+00,0.00000000e+00,0.00000000e+00,0.00000000e+00,0.00000000e+00,0.00000000e+00,0.00000000e+00,0.00000000e+00,0.00000000e+00,0.00000000e+00,0.00000000e+00,0.00000000e+00,0.00000000e+00,0.00000000e+00,0.00000000e+00,0.00000000e+00,0.00000000e+00,0.00000000e+00,0.00000000e+00,0.00000000e+00,0.00000000e+00,0.00000000e+00,0.00000000e+00,0.00000000e+00,7.17747278e-05
1.78444604e+02,1.78194604e+02,0.00000000e+00,0.00000000e+00,0.00000000e+00,0.00000000e+00,0.00000000e+00,0.00000000e+00,0.00000000e+00,0.00000000e+00,0.00000000e+00,0.00000000e+00,0.00000000e+00,0.00000000e+00,0.00000000e+00,0.00000000e+00,0.00000000e+00,0.00000000e+00,0.00000000e+00,0.00000000e+00,0.00000000e+00,0.00000000e+00,0.00000000e+00,0.00000000e+00,0.00000000e+00,0.00000000e+00,6.98221948e-05
1.78544629e+02,1.78294629e+02,0.00000000e+00,0.00000000e+00,0.00000000e+00,0.00000000e+00,0.00000000e+00,0.00000000e+00,0.00000000e+00,0.00000000e+00,0.00000000e+00,0.00000000e+00,0.00000000e+00,0.00000000e+00,0.00000000e+00,0.00000000e+00,0.00000000e+00,0.00000000e+00,0.00000000e+00,0.00000000e+00,0.00000000e+00,0.00000000e+00,0.00000000e+00,0.00000000e+00,0.00000000e+00,0.00000000e+00,6.94029394e-05
1.78644654e+02,1.78394654e+02,0.00000000e+00,0.00000000e+00,0.00000000e+00,0.00000000e+00,0.00000000e+00,0.00000000e+00,0.00000000e+00,0.00000000e+00,0.00000000e+00,0.00000000e+00,0.00000000e+00,0.00000000e+00,0.00000000e+00,0.00000000e+00,0.00000000e+00,0.00000000e+00,0.00000000e+00,0.00000000e+00,0.00000000e+00,0.00000000e+00,0.00000000e+00,0.00000000e+00,0.00000000e+00,0.00000000e+00,6.91265432e-05
1.78744680e+02,1.78494680e+02,0.00000000e+00,0.00000000e+00,0.00000000e+00,0.00000000e+00,0.00000000e+00,0.00000000e+00,0.00000000e+00,0.00000000e+00,0.00000000e+00,0.00000000e+00,0.00000000e+00,0.00000000e+00,0.00000000e+00,0.00000000e+00,0.00000000e+00,0.00000000e+00,0.00000000e+00,0.00000000e+00,0.00000000e+00,0.00000000e+00,0.00000000e+00,0.00000000e+00,0.00000000e+00,0.00000000e+00,7.01134823e-05
1.78844705e+02,1.78594705e+02,0.00000000e+00,0.00000000e+00,0.00000000e+00,0.00000000e+00,0.00000000e+00,0.00000000e+00,0.00000000e+00,0.00000000e+00,0.00000000e+00,0.00000000e+00,0.00000000e+00,0.00000000e+00,0.00000000e+00,0.00000000e+00,0.00000000e+00,0.00000000e+00,0.00000000e+00,0.00000000e+00,0.00000000e+00,0.00000000e+00,0.00000000e+00,0.00000000e+00,0.00000000e+00,0.00000000e+00,6.96657166e-05
1.78944730e+02,1.78694730e+02,0.00000000e+00,0.00000000e+00,0.00000000e+00,0.00000000e+00,0.00000000e+00,0.00000000e+00,0.00000000e+00,0.00000000e+00,0.00000000e+00,0.00000000e+00,0.00000000e+00,0.00000000e+00,0.00000000e+00,0.00000000e+00,0.00000000e+00,0.00000000e+00,0.00000000e+00,0.00000000e+00,0.00000000e+00,0.00000000e+00,0.00000000e+00,0.00000000e+00,0.00000000e+00,0.00000000e+00,6.97786931e-05
1.79044755e+02,1.78794755e+02,0.00000000e+00,0.00000000e+00,0.00000000e+00,0.00000000e+00,0.00000000e+00,0.00000000e+00,0.00000000e+00,0.00000000e+00,0.00000000e+00,0.00000000e+00,0.00000000e+00,0.00000000e+00,0.00000000e+00,0.00000000e+00,0.00000000e+00,0.00000000e+00,0.00000000e+00,0.00000000e+00,0.00000000e+00,0.00000000e+00,0.00000000e+00,0.00000000e+00,0.00000000e+00,0.00000000e+00,7.02921659e-05
1.79144780e+02,1.78894780e+02,0.00000000e+00,0.00000000e+00,0.00000000e+00,0.00000000e+00,0.00000000e+00,0.00000000e+00,0.00000000e+00,0.00000000e+00,0.00000000e+00,0.00000000e+00,0.00000000e+00,0.00000000e+00,0.00000000e+00,0.00000000e+00,0.00000000e+00,0.00000000e+00,0.00000000e+00,0.00000000e+00,0.00000000e+00,0.00000000e+00,0.00000000e+00,0.00000000e+00,0.00000000e+00,0.00000000e+00,6.96793943e-05
1.79244805e+02,1.78994805e+02,0.00000000e+00,0.00000000e+00,0.00000000e+00,0.00000000e+00,0.00000000e+00,0.00000000e+00,0.00000000e+00,0.00000000e+00,0.00000000e+00,0.00000000e+00,0.00000000e+00,0.00000000e+00,0.00000000e+00,0.00000000e+00,0.00000000e+00,0.00000000e+00,0.00000000e+00,0.00000000e+00,0.00000000e+00,0.00000000e+00,0.00000000e+00,0.00000000e+00,0.00000000e+00,0.00000000e+00,6.76058740e-05
1.79344830e+02,1.79094830e+02,0.00000000e+00,0.00000000e+00,0.00000000e+00,0.00000000e+00,0.00000000e+00,0.00000000e+00,0.00000000e+00,0.00000000e+00,0.00000000e+00,0.00000000e+00,0.00000000e+00,0.00000000e+00,0.00000000e+00,0.00000000e+00,0.00000000e+00,0.00000000e+00,0.00000000e+00,0.00000000e+00,0.00000000e+00,0.00000000e+00,0.00000000e+00,0.00000000e+00,0.00000000e+00,0.00000000e+00,6.69605437e-05
1.79444855e+02,1.79194855e+02,0.00000000e+00,0.00000000e+00,0.00000000e+00,0.00000000e+00,0.00000000e+00,0.00000000e+00,0.00000000e+00,0.00000000e+00,0.00000000e+00,0.00000000e+00,0.00000000e+00,0.00000000e+00,0.00000000e+00,0.00000000e+00,0.00000000e+00,0.00000000e+00,0.00000000e+00,0.00000000e+00,0.00000000e+00,0.00000000e+00,0.00000000e+00,0.00000000e+00,0.00000000e+00,0.00000000e+00,6.71441793e-05
1.79544880e+02,1.79294880e+02,0.00000000e+00,0.00000000e+00,0.00000000e+00,0.00000000e+00,0.00000000e+00,0.00000000e+00,0.00000000e+00,0.00000000e+00,0.00000000e+00,0.00000000e+00,0.00000000e+00,0.00000000e+00,0.00000000e+00,0.00000000e+00,0.00000000e+00,0.00000000e+00,0.00000000e+00,0.00000000e+00,0.00000000e+00,0.00000000e+00,0.00000000e+00,0.00000000e+00,0.00000000e+00,0.00000000e+00,6.66866495e-05
1.79644905e+02,1.79394905e+02,0.00000000e+00,0.00000000e+00,0.00000000e+00,0.00000000e+00,0.00000000e+00,0.00000000e+00,0.00000000e+00,0.00000000e+00,0.00000000e+00,0.00000000e+00,0.00000000e+00,0.00000000e+00,0.00000000e+00,0.00000000e+00,0.00000000e+00,0.00000000e+00,0.00000000e+00,0.00000000e+00,0.00000000e+00,0.00000000e+00,0.00000000e+00,0.00000000e+00,0.00000000e+00,0.00000000e+00,6.71198224e-05
1.79744930e+02,1.79494930e+02,0.00000000e+00,0.00000000e+00,0.00000000e+00,0.00000000e+00,0.00000000e+00,0.00000000e+00,0.00000000e+00,0.00000000e+00,0.00000000e+00,0.00000000e+00,0.00000000e+00,0.00000000e+00,0.00000000e+00,0.00000000e+00,0.00000000e+00,0.00000000e+00,0.00000000e+00,0.00000000e+00,0.00000000e+00,0.00000000e+00,0.00000000e+00,0.00000000e+00,0.00000000e+00,0.00000000e+00,6.74257483e-05
1.79844955e+02,1.79594955e+02,0.00000000e+00,0.00000000e+00,0.00000000e+00,0.00000000e+00,0.00000000e+00,0.00000000e+00,0.00000000e+00,0.00000000e+00,0.00000000e+00,0.00000000e+00,0.00000000e+00,0.00000000e+00,0.00000000e+00,0.00000000e+00,0.00000000e+00,0.00000000e+00,0.00000000e+00,0.00000000e+00,0.00000000e+00,0.00000000e+00,0.00000000e+00,0.00000000e+00,0.00000000e+00,0.00000000e+00,6.66117891e-05
1.79944980e+02,1.79694980e+02,0.00000000e+00,0.00000000e+00,0.00000000e+00,0.00000000e+00,0.00000000e+00,0.00000000e+00,0.00000000e+00,0.00000000e+00,0.00000000e+00,0.00000000e+00,0.00000000e+00,0.00000000e+00,0.00000000e+00,0.00000000e+00,0.00000000e+00,0.00000000e+00,0.00000000e+00,0.00000000e+00,0.00000000e+00,0.00000000e+00,0.00000000e+00,0.00000000e+00,0.00000000e+00,0.00000000e+00,6.58861173e-05
1.80045005e+02,1.79795005e+02,0.00000000e+00,0.00000000e+00,0.00000000e+00,0.00000000e+00,0.00000000e+00,0.00000000e+00,0.00000000e+00,0.00000000e+00,0.00000000e+00,0.00000000e+00,0.00000000e+00,0.00000000e+00,0.00000000e+00,0.00000000e+00,0.00000000e+00,0.00000000e+00,0.00000000e+00,0.00000000e+00,0.00000000e+00,0.00000000e+00,0.00000000e+00,0.00000000e+00,0.00000000e+00,0.00000000e+00,6.60479922e-05
1.80145030e+02,1.79895030e+02,0.00000000e+00,0.00000000e+00,0.00000000e+00,0.00000000e+00,0.00000000e+00,0.00000000e+00,0.00000000e+00,0.00000000e+00,0.00000000e+00,0.00000000e+00,0.00000000e+00,0.00000000e+00,0.00000000e+00,0.00000000e+00,0.00000000e+00,0.00000000e+00,0.00000000e+00,0.00000000e+00,0.00000000e+00,0.00000000e+00,0.00000000e+00,0.00000000e+00,0.00000000e+00,0.00000000e+00,6.57377516e-05
1.80245055e+02,1.79995055e+02,0.00000000e+00,0.00000000e+00,0.00000000e+00,0.00000000e+00,0.00000000e+00,0.00000000e+00,0.00000000e+00,0.00000000e+00,0.00000000e+00,0.00000000e+00,0.00000000e+00,0.00000000e+00,0.00000000e+00,0.00000000e+00,0.00000000e+00,0.00000000e+00,0.00000000e+00,0.00000000e+00,0.00000000e+00,0.00000000e+00,0.00000000e+00,0.00000000e+00,0.00000000e+00,0.00000000e+00,6.54542274e-05
1.80345080e+02,1.80095080e+02,0.00000000e+00,0.00000000e+00,0.00000000e+00,0.00000000e+00,0.00000000e+00,0.00000000e+00,0.00000000e+00,0.00000000e+00,0.00000000e+00,0.00000000e+00,0.00000000e+00,0.00000000e+00,0.00000000e+00,0.00000000e+00,0.00000000e+00,0.00000000e+00,0.00000000e+00,0.00000000e+00,0.00000000e+00,0.00000000e+00,0.00000000e+00,0.00000000e+00,0.00000000e+00,0.00000000e+00,6.37923277e-05
1.80445105e+02,1.80195105e+02,0.00000000e+00,0.00000000e+00,0.00000000e+00,0.00000000e+00,0.00000000e+00,0.00000000e+00,0.00000000e+00,0.00000000e+00,0.00000000e+00,0.00000000e+00,0.00000000e+00,0.00000000e+00,0.00000000e+00,0.00000000e+00,0.00000000e+00,0.00000000e+00,0.00000000e+00,0.00000000e+00,0.00000000e+00,0.00000000e+00,0.00000000e+00,0.00000000e+00,0.00000000e+00,0.00000000e+00,6.39541986e-05
1.80545130e+02,1.80295130e+02,0.00000000e+00,0.00000000e+00,0.00000000e+00,0.00000000e+00,0.00000000e+00,0.00000000e+00,0.00000000e+00,0.00000000e+00,0.00000000e+00,0.00000000e+00,0.00000000e+00,0.00000000e+00,0.00000000e+00,0.00000000e+00,0.00000000e+00,0.00000000e+00,0.00000000e+00,0.00000000e+00,0.00000000e+00,0.00000000e+00,0.00000000e+00,0.00000000e+00,0.00000000e+00,0.00000000e+00,6.33670431e-05
1.80645155e+02,1.80395155e+02,0.00000000e+00,0.00000000e+00,0.00000000e+00,0.00000000e+00,0.00000000e+00,0.00000000e+00,0.00000000e+00,0.00000000e+00,0.00000000e+00,0.00000000e+00,0.00000000e+00,0.00000000e+00,0.00000000e+00,0.00000000e+00,0.00000000e+00,0.00000000e+00,0.00000000e+00,0.00000000e+00,0.00000000e+00,0.00000000e+00,0.00000000e+00,0.00000000e+00,0.00000000e+00,0.00000000e+00,6.24901840e-05
1.80745180e+02,1.80495180e+02,0.00000000e+00,0.00000000e+00,0.00000000e+00,0.00000000e+00,0.00000000e+00,0.00000000e+00,0.00000000e+00,0.00000000e+00,0.00000000e+00,0.00000000e+00,0.00000000e+00,0.00000000e+00,0.00000000e+00,0.00000000e+00,0.00000000e+00,0.00000000e+00,0.00000000e+00,0.00000000e+00,0.00000000e+00,0.00000000e+00,0.00000000e+00,0.00000000e+00,0.00000000e+00,0.00000000e+00,6.24420526e-05
1.80845205e+02,1.80595205e+02,0.00000000e+00,0.00000000e+00,0.00000000e+00,0.00000000e+00,0.00000000e+00,0.00000000e+00,0.00000000e+00,0.00000000e+00,0.00000000e+00,0.00000000e+00,0.00000000e+00,0.00000000e+00,0.00000000e+00,0.00000000e+00,0.00000000e+00,0.00000000e+00,0.00000000e+00,0.00000000e+00,0.00000000e+00,0.00000000e+00,0.00000000e+00,0.00000000e+00,0.00000000e+00,0.00000000e+00,6.24343568e-05
1.80945230e+02,1.80695230e+02,0.00000000e+00,0.00000000e+00,0.00000000e+00,0.00000000e+00,0.00000000e+00,0.00000000e+00,0.00000000e+00,0.00000000e+00,0.00000000e+00,0.00000000e+00,0.00000000e+00,0.00000000e+00,0.00000000e+00,0.00000000e+00,0.00000000e+00,0.00000000e+00,0.00000000e+00,0.00000000e+00,0.00000000e+00,0.00000000e+00,0.00000000e+00,0.00000000e+00,0.00000000e+00,0.00000000e+00,6.35987807e-05
1.81045255e+02,1.80795255e+02,0.00000000e+00,0.00000000e+00,0.00000000e+00,0.00000000e+00,0.00000000e+00,0.00000000e+00,0.00000000e+00,0.00000000e+00,0.00000000e+00,0.00000000e+00,0.00000000e+00,0.00000000e+00,0.00000000e+00,0.00000000e+00,0.00000000e+00,0.00000000e+00,0.00000000e+00,0.00000000e+00,0.00000000e+00,0.00000000e+00,0.00000000e+00,0.00000000e+00,0.00000000e+00,0.00000000e+00,6.33859815e-05
1.81145280e+02,1.80895280e+02,0.00000000e+00,0.00000000e+00,0.00000000e+00,0.00000000e+00,0.00000000e+00,0.00000000e+00,0.00000000e+00,0.00000000e+00,0.00000000e+00,0.00000000e+00,0.00000000e+00,0.00000000e+00,0.00000000e+00,0.00000000e+00,0.00000000e+00,0.00000000e+00,0.00000000e+00,0.00000000e+00,0.00000000e+00,0.00000000e+00,0.00000000e+00,0.00000000e+00,0.00000000e+00,0.00000000e+00,6.27908387e-05
1.81245305e+02,1.80995305e+02,0.00000000e+00,0.00000000e+00,0.00000000e+00,0.00000000e+00,0.00000000e+00,0.00000000e+00,0.00000000e+00,0.00000000e+00,0.00000000e+00,0.00000000e+00,0.00000000e+00,0.00000000e+00,0.00000000e+00,0.00000000e+00,0.00000000e+00,0.00000000e+00,0.00000000e+00,0.00000000e+00,0.00000000e+00,0.00000000e+00,0.00000000e+00,0.00000000e+00,0.00000000e+00,0.00000000e+00,6.29006051e-05
1.81345330e+02,1.81095330e+02,0.00000000e+00,0.00000000e+00,0.00000000e+00,0.00000000e+00,0.00000000e+00,0.00000000e+00,0.00000000e+00,0.00000000e+00,0.00000000e+00,0.00000000e+00,0.00000000e+00,0.00000000e+00,0.00000000e+00,0.00000000e+00,0.00000000e+00,0.00000000e+00,0.00000000e+00,0.00000000e+00,0.00000000e+00,0.00000000e+00,0.00000000e+00,0.00000000e+00,0.00000000e+00,0.00000000e+00,6.36245679e-05
1.81445356e+02,1.81195356e+02,0.00000000e+00,0.00000000e+00,0.00000000e+00,0.00000000e+00,0.00000000e+00,0.00000000e+00,0.00000000e+00,0.00000000e+00,0.00000000e+00,0.00000000e+00,0.00000000e+00,0.00000000e+00,0.00000000e+00,0.00000000e+00,0.00000000e+00,0.00000000e+00,0.00000000e+00,0.00000000e+00,0.00000000e+00,0.00000000e+00,0.00000000e+00,0.00000000e+00,0.00000000e+00,0.00000000e+00,6.14766461e-05
1.81545381e+02,1.81295381e+02,0.00000000e+00,0.00000000e+00,0.00000000e+00,0.00000000e+00,0.00000000e+00,0.00000000e+00,0.00000000e+00,0.00000000e+00,0.00000000e+00,0.00000000e+00,0.00000000e+00,0.00000000e+00,0.00000000e+00,0.00000000e+00,0.00000000e+00,0.00000000e+00,0.00000000e+00,0.00000000e+00,0.00000000e+00,0.00000000e+00,0.00000000e+00,0.00000000e+00,0.00000000e+00,0.00000000e+00,6.09998189e-05
1.81645406e+02,1.81395406e+02,0.00000000e+00,0.00000000e+00,0.00000000e+00,0.00000000e+00,0.00000000e+00,0.00000000e+00,0.00000000e+00,0.00000000e+00,0.00000000e+00,0.00000000e+00,0.00000000e+00,0.00000000e+00,0.00000000e+00,0.00000000e+00,0.00000000e+00,0.00000000e+00,0.00000000e+00,0.00000000e+00,0.00000000e+00,0.00000000e+00,0.00000000e+00,0.00000000e+00,0.00000000e+00,0.00000000e+00,6.15030054e-05
1.81745431e+02,1.81495431e+02,0.00000000e+00,0.00000000e+00,0.00000000e+00,0.00000000e+00,0.00000000e+00,0.00000000e+00,0.00000000e+00,0.00000000e+00,0.00000000e+00,0.00000000e+00,0.00000000e+00,0.00000000e+00,0.00000000e+00,0.00000000e+00,0.00000000e+00,0.00000000e+00,0.00000000e+00,0.00000000e+00,0.00000000e+00,0.00000000e+00,0.00000000e+00,0.00000000e+00,0.00000000e+00,0.00000000e+00,6.04148291e-05
1.81845456e+02,1.81595456e+02,0.00000000e+00,0.00000000e+00,0.00000000e+00,0.00000000e+00,0.00000000e+00,0.00000000e+00,0.00000000e+00,0.00000000e+00,0.00000000e+00,0.00000000e+00,0.00000000e+00,0.00000000e+00,0.00000000e+00,0.00000000e+00,0.00000000e+00,0.00000000e+00,0.00000000e+00,0.00000000e+00,0.00000000e+00,0.00000000e+00,0.00000000e+00,0.00000000e+00,0.00000000e+00,0.00000000e+00,6.00235245e-05
1.81945481e+02,1.81695481e+02,0.00000000e+00,0.00000000e+00,0.00000000e+00,0.00000000e+00,0.00000000e+00,0.00000000e+00,0.00000000e+00,0.00000000e+00,0.00000000e+00,0.00000000e+00,0.00000000e+00,0.00000000e+00,0.00000000e+00,0.00000000e+00,0.00000000e+00,0.00000000e+00,0.00000000e+00,0.00000000e+00,0.00000000e+00,0.00000000e+00,0.00000000e+00,0.00000000e+00,0.00000000e+00,0.00000000e+00,5.98316999e-05
1.82045506e+02,1.81795506e+02,0.00000000e+00,0.00000000e+00,0.00000000e+00,0.00000000e+00,0.00000000e+00,0.00000000e+00,0.00000000e+00,0.00000000e+00,0.00000000e+00,0.00000000e+00,0.00000000e+00,0.00000000e+00,0.00000000e+00,0.00000000e+00,0.00000000e+00,0.00000000e+00,0.00000000e+00,0.00000000e+00,0.00000000e+00,0.00000000e+00,0.00000000e+00,0.00000000e+00,0.00000000e+00,0.00000000e+00,5.89829590e-05
1.82145531e+02,1.81895531e+02,0.00000000e+00,0.00000000e+00,0.00000000e+00,0.00000000e+00,0.00000000e+00,0.00000000e+00,0.00000000e+00,0.00000000e+00,0.00000000e+00,0.00000000e+00,0.00000000e+00,0.00000000e+00,0.00000000e+00,0.00000000e+00,0.00000000e+00,0.00000000e+00,0.00000000e+00,0.00000000e+00,0.00000000e+00,0.00000000e+00,0.00000000e+00,0.00000000e+00,0.00000000e+00,0.00000000e+00,5.94823943e-05
1.82245556e+02,1.81995556e+02,0.00000000e+00,0.00000000e+00,0.00000000e+00,0.00000000e+00,0.00000000e+00,0.00000000e+00,0.00000000e+00,0.00000000e+00,0.00000000e+00,0.00000000e+00,0.00000000e+00,0.00000000e+00,0.00000000e+00,0.00000000e+00,0.00000000e+00,0.00000000e+00,0.00000000e+00,0.00000000e+00,0.00000000e+00,0.00000000e+00,0.00000000e+00,0.00000000e+00,0.00000000e+00,0.00000000e+00,5.94253301e-05
1.82345581e+02,1.82095581e+02,0.00000000e+00,0.00000000e+00,0.00000000e+00,0.00000000e+00,0.00000000e+00,0.00000000e+00,0.00000000e+00,0.00000000e+00,0.00000000e+00,0.00000000e+00,0.00000000e+00,0.00000000e+00,0.00000000e+00,0.00000000e+00,0.00000000e+00,0.00000000e+00,0.00000000e+00,0.00000000e+00,0.00000000e+00,0.00000000e+00,0.00000000e+00,0.00000000e+00,0.00000000e+00,0.00000000e+00,5.85199328e-05
1.82445606e+02,1.82195606e+02,0.00000000e+00,0.00000000e+00,0.00000000e+00,0.00000000e+00,0.00000000e+00,0.00000000e+00,0.00000000e+00,0.00000000e+00,0.00000000e+00,0.00000000e+00,0.00000000e+00,0.00000000e+00,0.00000000e+00,0.00000000e+00,0.00000000e+00,0.00000000e+00,0.00000000e+00,0.00000000e+00,0.00000000e+00,0.00000000e+00,0.00000000e+00,0.00000000e+00,0.00000000e+00,0.00000000e+00,5.88284395e-05
1.82545631e+02,1.82295631e+02,0.00000000e+00,0.00000000e+00,0.00000000e+00,0.00000000e+00,0.00000000e+00,0.00000000e+00,0.00000000e+00,0.00000000e+00,0.00000000e+00,0.00000000e+00,0.00000000e+00,0.00000000e+00,0.00000000e+00,0.00000000e+00,0.00000000e+00,0.00000000e+00,0.00000000e+00,0.00000000e+00,0.00000000e+00,0.00000000e+00,0.00000000e+00,0.00000000e+00,0.00000000e+00,0.00000000e+00,5.82725515e-05
1.82645656e+02,1.82395656e+02,0.00000000e+00,0.00000000e+00,0.00000000e+00,0.00000000e+00,0.00000000e+00,0.00000000e+00,0.00000000e+00,0.00000000e+00,0.00000000e+00,0.00000000e+00,0.00000000e+00,0.00000000e+00,0.00000000e+00,0.00000000e+00,0.00000000e+00,0.00000000e+00,0.00000000e+00,0.00000000e+00,0.00000000e+00,0.00000000e+00,0.00000000e+00,0.00000000e+00,0.00000000e+00,0.00000000e+00,5.83198762e-05
1.82745681e+02,1.82495681e+02,0.00000000e+00,0.00000000e+00,0.00000000e+00,0.00000000e+00,0.00000000e+00,0.00000000e+00,0.00000000e+00,0.00000000e+00,0.00000000e+00,0.00000000e+00,0.00000000e+00,0.00000000e+00,0.00000000e+00,0.00000000e+00,0.00000000e+00,0.00000000e+00,0.00000000e+00,0.00000000e+00,0.00000000e+00,0.00000000e+00,0.00000000e+00,0.00000000e+00,0.00000000e+00,0.00000000e+00,5.79756949e-05
1.82845706e+02,1.82595706e+02,0.00000000e+00,0.00000000e+00,0.00000000e+00,0.00000000e+00,0.00000000e+00,0.00000000e+00,0.00000000e+00,0.00000000e+00,0.00000000e+00,0.00000000e+00,0.00000000e+00,0.00000000e+00,0.00000000e+00,0.00000000e+00,0.00000000e+00,0.00000000e+00,0.00000000e+00,0.00000000e+00,0.00000000e+00,0.00000000e+00,0.00000000e+00,0.00000000e+00,0.00000000e+00,0.00000000e+00,5.88529167e-05
1.82945731e+02,1.82695731e+02,0.00000000e+00,0.00000000e+00,0.00000000e+00,0.00000000e+00,0.00000000e+00,0.00000000e+00,0.00000000e+00,0.00000000e+00,0.00000000e+00,0.00000000e+00,0.00000000e+00,0.00000000e+00,0.00000000e+00,0.00000000e+00,0.00000000e+00,0.00000000e+00,0.00000000e+00,0.00000000e+00,0.00000000e+00,0.00000000e+00,0.00000000e+00,0.00000000e+00,0.00000000e+00,0.00000000e+00,5.81373840e-05
1.83045756e+02,1.82795756e+02,0.00000000e+00,0.00000000e+00,0.00000000e+00,0.00000000e+00,0.00000000e+00,0.00000000e+00,0.00000000e+00,0.00000000e+00,0.00000000e+00,0.00000000e+00,0.00000000e+00,0.00000000e+00,0.00000000e+00,0.00000000e+00,0.00000000e+00,0.00000000e+00,0.00000000e+00,0.00000000e+00,0.00000000e+00,0.00000000e+00,0.00000000e+00,0.00000000e+00,0.00000000e+00,0.00000000e+00,5.73291539e-05
1.83145781e+02,1.82895781e+02,0.00000000e+00,0.00000000e+00,0.00000000e+00,0.00000000e+00,0.00000000e+00,0.00000000e+00,0.00000000e+00,0.00000000e+00,0.00000000e+00,0.00000000e+00,0.00000000e+00,0.00000000e+00,0.00000000e+00,0.00000000e+00,0.00000000e+00,0.00000000e+00,0.00000000e+00,0.00000000e+00,0.00000000e+00,0.00000000e+00,0.00000000e+00,0.00000000e+00,0.00000000e+00,0.00000000e+00,5.84113539e-05
1.83245806e+02,1.82995806e+02,0.00000000e+00,0.00000000e+00,0.00000000e+00,0.00000000e+00,0.00000000e+00,0.00000000e+00,0.00000000e+00,0.00000000e+00,0.00000000e+00,0.00000000e+00,0.00000000e+00,0.00000000e+00,0.00000000e+00,0.00000000e+00,0.00000000e+00,0.00000000e+00,0.00000000e+00,0.00000000e+00,0.00000000e+00,0.00000000e+00,0.00000000e+00,0.00000000e+00,0.00000000e+00,0.00000000e+00,5.70113485e-05
1.83345831e+02,1.83095831e+02,0.00000000e+00,0.00000000e+00,0.00000000e+00,0.00000000e+00,0.00000000e+00,0.00000000e+00,0.00000000e+00,0.00000000e+00,0.00000000e+00,0.00000000e+00,0.00000000e+00,0.00000000e+00,0.00000000e+00,0.00000000e+00,0.00000000e+00,0.00000000e+00,0.00000000e+00,0.00000000e+00,0.00000000e+00,0.00000000e+00,0.00000000e+00,0.00000000e+00,0.00000000e+00,0.00000000e+00,5.69766861e-05
1.83445856e+02,1.83195856e+02,0.00000000e+00,0.00000000e+00,0.00000000e+00,0.00000000e+00,0.00000000e+00,0.00000000e+00,0.00000000e+00,0.00000000e+00,0.00000000e+00,0.00000000e+00,0.00000000e+00,0.00000000e+00,0.00000000e+00,0.00000000e+00,0.00000000e+00,0.00000000e+00,0.00000000e+00,0.00000000e+00,0.00000000e+00,0.00000000e+00,0.00000000e+00,0.00000000e+00,0.00000000e+00,0.00000000e+00,5.65697556e-05
1.83545881e+02,1.83295881e+02,0.00000000e+00,0.00000000e+00,0.00000000e+00,0.00000000e+00,0.00000000e+00,0.00000000e+00,0.00000000e+00,0.00000000e+00,0.00000000e+00,0.00000000e+00,0.00000000e+00,0.00000000e+00,0.00000000e+00,0.00000000e+00,0.00000000e+00,0.00000000e+00,0.00000000e+00,0.00000000e+00,0.00000000e+00,0.00000000e+00,0.00000000e+00,0.00000000e+00,0.00000000e+00,0.00000000e+00,5.61701568e-05
1.83645906e+02,1.83395906e+02,0.00000000e+00,0.00000000e+00,0.00000000e+00,0.00000000e+00,0.00000000e+00,0.00000000e+00,0.00000000e+00,0.00000000e+00,0.00000000e+00,0.00000000e+00,0.00000000e+00,0.00000000e+00,0.00000000e+00,0.00000000e+00,0.00000000e+00,0.00000000e+00,0.00000000e+00,0.00000000e+00,0.00000000e+00,0.00000000e+00,0.00000000e+00,0.00000000e+00,0.00000000e+00,0.00000000e+00,5.48378216e-05
1.83745931e+02,1.83495931e+02,0.00000000e+00,0.00000000e+00,0.00000000e+00,0.00000000e+00,0.00000000e+00,0.00000000e+00,0.00000000e+00,0.00000000e+00,0.00000000e+00,0.00000000e+00,0.00000000e+00,0.00000000e+00,0.00000000e+00,0.00000000e+00,0.00000000e+00,0.00000000e+00,0.00000000e+00,0.00000000e+00,0.00000000e+00,0.00000000e+00,0.00000000e+00,0.00000000e+00,0.00000000e+00,0.00000000e+00,5.47052432e-05
1.83845956e+02,1.83595956e+02,0.00000000e+00,0.00000000e+00,0.00000000e+00,0.00000000e+00,0.00000000e+00,0.00000000e+00,0.00000000e+00,0.00000000e+00,0.00000000e+00,0.00000000e+00,0.00000000e+00,0.00000000e+00,0.00000000e+00,0.00000000e+00,0.00000000e+00,0.00000000e+00,0.00000000e+00,0.00000000e+00,0.00000000e+00,0.00000000e+00,0.00000000e+00,0.00000000e+00,0.00000000e+00,0.00000000e+00,5.50868884e-05
1.83945981e+02,1.83695981e+02,0.00000000e+00,0.00000000e+00,0.00000000e+00,0.00000000e+00,0.00000000e+00,0.00000000e+00,0.00000000e+00,0.00000000e+00,0.00000000e+00,0.00000000e+00,0.00000000e+00,0.00000000e+00,0.00000000e+00,0.00000000e+00,0.00000000e+00,0.00000000e+00,0.00000000e+00,0.00000000e+00,0.00000000e+00,0.00000000e+00,0.00000000e+00,0.00000000e+00,0.00000000e+00,0.00000000e+00,5.52765056e-05
1.84046007e+02,1.83796007e+02,0.00000000e+00,0.00000000e+00,0.00000000e+00,0.00000000e+00,0.00000000e+00,0.00000000e+00,0.00000000e+00,0.00000000e+00,0.00000000e+00,0.00000000e+00,0.00000000e+00,0.00000000e+00,0.00000000e+00,0.00000000e+00,0.00000000e+00,0.00000000e+00,0.00000000e+00,0.00000000e+00,0.00000000e+00,0.00000000e+00,0.00000000e+00,0.00000000e+00,0.00000000e+00,0.00000000e+00,5.48166601e-05
1.84146032e+02,1.83896032e+02,0.00000000e+00,0.00000000e+00,0.00000000e+00,0.00000000e+00,0.00000000e+00,0.00000000e+00,0.00000000e+00,0.00000000e+00,0.00000000e+00,0.00000000e+00,0.00000000e+00,0.00000000e+00,0.00000000e+00,0.00000000e+00,0.00000000e+00,0.00000000e+00,0.00000000e+00,0.00000000e+00,0.00000000e+00,0.00000000e+00,0.00000000e+00,0.00000000e+00,0.00000000e+00,0.00000000e+00,5.33395431e-05
1.84246057e+02,1.83996057e+02,0.00000000e+00,0.00000000e+00,0.00000000e+00,0.00000000e+00,0.00000000e+00,0.00000000e+00,0.00000000e+00,0.00000000e+00,0.00000000e+00,0.00000000e+00,0.00000000e+00,0.00000000e+00,0.00000000e+00,0.00000000e+00,0.00000000e+00,0.00000000e+00,0.00000000e+00,0.00000000e+00,0.00000000e+00,0.00000000e+00,0.00000000e+00,0.00000000e+00,0.00000000e+00,0.00000000e+00,5.32004781e-05
1.84346082e+02,1.84096082e+02,0.00000000e+00,0.00000000e+00,0.00000000e+00,0.00000000e+00,0.00000000e+00,0.00000000e+00,0.00000000e+00,0.00000000e+00,0.00000000e+00,0.00000000e+00,0.00000000e+00,0.00000000e+00,0.00000000e+00,0.00000000e+00,0.00000000e+00,0.00000000e+00,0.00000000e+00,0.00000000e+00,0.00000000e+00,0.00000000e+00,0.00000000e+00,0.00000000e+00,0.00000000e+00,0.00000000e+00,5.28682121e-05
1.84446107e+02,1.84196107e+02,0.00000000e+00,0.00000000e+00,0.00000000e+00,0.00000000e+00,0.00000000e+00,0.00000000e+00,0.00000000e+00,0.00000000e+00,0.00000000e+00,0.00000000e+00,0.00000000e+00,0.00000000e+00,0.00000000e+00,0.00000000e+00,0.00000000e+00,0.00000000e+00,0.00000000e+00,0.00000000e+00,0.00000000e+00,0.00000000e+00,0.00000000e+00,0.00000000e+00,0.00000000e+00,0.00000000e+00,5.22137849e-05
1.84546132e+02,1.84296132e+02,0.00000000e+00,0.00000000e+00,0.00000000e+00,0.00000000e+00,0.00000000e+00,0.00000000e+00,0.00000000e+00,0.00000000e+00,0.00000000e+00,0.00000000e+00,0.00000000e+00,0.00000000e+00,0.00000000e+00,0.00000000e+00,0.00000000e+00,0.00000000e+00,0.00000000e+00,0.00000000e+00,0.00000000e+00,0.00000000e+00,0.00000000e+00,0.00000000e+00,0.00000000e+00,0.00000000e+00,5.24090587e-05
1.84646157e+02,1.84396157e+02,0.00000000e+00,0.00000000e+00,0.00000000e+00,0.00000000e+00,0.00000000e+00,0.00000000e+00,0.00000000e+00,0.00000000e+00,0.00000000e+00,0.00000000e+00,0.00000000e+00,0.00000000e+00,0.00000000e+00,0.00000000e+00,0.00000000e+00,0.00000000e+00,0.00000000e+00,0.00000000e+00,0.00000000e+00,0.00000000e+00,0.00000000e+00,0.00000000e+00,0.00000000e+00,0.00000000e+00,5.13619593e-05
1.84746182e+02,1.84496182e+02,0.00000000e+00,0.00000000e+00,0.00000000e+00,0.00000000e+00,0.00000000e+00,0.00000000e+00,0.00000000e+00,0.00000000e+00,0.00000000e+00,0.00000000e+00,0.00000000e+00,0.00000000e+00,0.00000000e+00,0.00000000e+00,0.00000000e+00,0.00000000e+00,0.00000000e+00,0.00000000e+00,0.00000000e+00,0.00000000e+00,0.00000000e+00,0.00000000e+00,0.00000000e+00,0.00000000e+00,5.22988249e-05
1.84846207e+02,1.84596207e+02,0.00000000e+00,0.00000000e+00,0.00000000e+00,0.00000000e+00,0.00000000e+00,0.00000000e+00,0.00000000e+00,0.00000000e+00,0.00000000e+00,0.00000000e+00,0.00000000e+00,0.00000000e+00,0.00000000e+00,0.00000000e+00,0.00000000e+00,0.00000000e+00,0.00000000e+00,0.00000000e+00,0.00000000e+00,0.00000000e+00,0.00000000e+00,0.00000000e+00,0.00000000e+00,0.00000000e+00,5.17327553e-05
1.84946232e+02,1.84696232e+02,0.00000000e+00,0.00000000e+00,0.00000000e+00,0.00000000e+00,0.00000000e+00,0.00000000e+00,0.00000000e+00,0.00000000e+00,0.00000000e+00,0.00000000e+00,0.00000000e+00,0.00000000e+00,0.00000000e+00,0.00000000e+00,0.00000000e+00,0.00000000e+00,0.00000000e+00,0.00000000e+00,0.00000000e+00,0.00000000e+00,0.00000000e+00,0.00000000e+00,0.00000000e+00,0.00000000e+00,5.13753944e-05
1.85046257e+02,1.84796257e+02,0.00000000e+00,0.00000000e+00,0.00000000e+00,0.00000000e+00,0.00000000e+00,0.00000000e+00,0.00000000e+00,0.00000000e+00,0.00000000e+00,0.00000000e+00,0.00000000e+00,0.00000000e+00,0.00000000e+00,0.00000000e+00,0.00000000e+00,0.00000000e+00,0.00000000e+00,0.00000000e+00,0.00000000e+00,0.00000000e+00,0.00000000e+00,0.00000000e+00,0.00000000e+00,0.00000000e+00,5.04007131e-05
1.85146282e+02,1.84896282e+02,0.00000000e+00,0.00000000e+00,0.00000000e+00,0.00000000e+00,0.00000000e+00,0.00000000e+00,0.00000000e+00,0.00000000e+00,0.00000000e+00,0.00000000e+00,0.00000000e+00,0.00000000e+00,0.00000000e+00,0.00000000e+00,0.00000000e+00,0.00000000e+00,0.00000000e+00,0.00000000e+00,0.00000000e+00,0.00000000e+00,0.00000000e+00,0.00000000e+00,0.00000000e+00,0.00000000e+00,4.99193369e-05
1.85246307e+02,1.84996307e+02,0.00000000e+00,0.00000000e+00,0.00000000e+00,0.00000000e+00,0.00000000e+00,0.00000000e+00,0.00000000e+00,0.00000000e+00,0.00000000e+00,0.00000000e+00,0.00000000e+00,0.00000000e+00,0.00000000e+00,0.00000000e+00,0.00000000e+00,0.00000000e+00,0.00000000e+00,0.00000000e+00,0.00000000e+00,0.00000000e+00,0.00000000e+00,0.00000000e+00,0.00000000e+00,0.00000000e+00,5.01068217e-05
1.85346332e+02,1.85096332e+02,0.00000000e+00,0.00000000e+00,0.00000000e+00,0.00000000e+00,0.00000000e+00,0.00000000e+00,0.00000000e+00,0.00000000e+00,0.00000000e+00,0.00000000e+00,0.00000000e+00,0.00000000e+00,0.00000000e+00,0.00000000e+00,0.00000000e+00,0.00000000e+00,0.00000000e+00,0.00000000e+00,0.00000000e+00,0.00000000e+00,0.00000000e+00,0.00000000e+00,0.00000000e+00,0.00000000e+00,5.00254190e-05
1.85446357e+02,1.85196357e+02,0.00000000e+00,0.00000000e+00,0.00000000e+00,0.00000000e+00,0.00000000e+00,0.00000000e+00,0.00000000e+00,0.00000000e+00,0.00000000e+00,0.00000000e+00,0.00000000e+00,0.00000000e+00,0.00000000e+00,0.00000000e+00,0.00000000e+00,0.00000000e+00,0.00000000e+00,0.00000000e+00,0.00000000e+00,0.00000000e+00,0.00000000e+00,0.00000000e+00,0.00000000e+00,0.00000000e+00,4.96253893e-05
1.85546382e+02,1.85296382e+02,0.00000000e+00,0.00000000e+00,0.00000000e+00,0.00000000e+00,0.00000000e+00,0.00000000e+00,0.00000000e+00,0.00000000e+00,0.00000000e+00,0.00000000e+00,0.00000000e+00,0.00000000e+00,0.00000000e+00,0.00000000e+00,0.00000000e+00,0.00000000e+00,0.00000000e+00,0.00000000e+00,0.00000000e+00,0.00000000e+00,0.00000000e+00,0.00000000e+00,0.00000000e+00,0.00000000e+00,4.94943697e-05
1.85646407e+02,1.85396407e+02,0.00000000e+00,0.00000000e+00,0.00000000e+00,0.00000000e+00,0.00000000e+00,0.00000000e+00,0.00000000e+00,0.00000000e+00,0.00000000e+00,0.00000000e+00,0.00000000e+00,0.00000000e+00,0.00000000e+00,0.00000000e+00,0.00000000e+00,0.00000000e+00,0.00000000e+00,0.00000000e+00,0.00000000e+00,0.00000000e+00,0.00000000e+00,0.00000000e+00,0.00000000e+00,0.00000000e+00,4.87939322e-05
1.85746432e+02,1.85496432e+02,0.00000000e+00,0.00000000e+00,0.00000000e+00,0.00000000e+00,0.00000000e+00,0.00000000e+00,0.00000000e+00,0.00000000e+00,0.00000000e+00,0.00000000e+00,0.00000000e+00,0.00000000e+00,0.00000000e+00,0.00000000e+00,0.00000000e+00,0.00000000e+00,0.00000000e+00,0.00000000e+00,0.00000000e+00,0.00000000e+00,0.00000000e+00,0.00000000e+00,0.00000000e+00,0.00000000e+00,4.83899834e-05
1.85846457e+02,1.85596457e+02,0.00000000e+00,0.00000000e+00,0.00000000e+00,0.00000000e+00,0.00000000e+00,0.00000000e+00,0.00000000e+00,0.00000000e+00,0.00000000e+00,0.00000000e+00,0.00000000e+00,0.00000000e+00,0.00000000e+00,0.00000000e+00,0.00000000e+00,0.00000000e+00,0.00000000e+00,0.00000000e+00,0.00000000e+00,0.00000000e+00,0.00000000e+00,0.00000000e+00,0.00000000e+00,0.00000000e+00,4.82876636e-05
1.85946482e+02,1.85696482e+02,0.00000000e+00,0.00000000e+00,0.00000000e+00,0.00000000e+00,0.00000000e+00,0.00000000e+00,0.00000000e+00,0.00000000e+00,0.00000000e+00,0.00000000e+00,0.00000000e+00,0.00000000e+00,0.00000000e+00,0.00000000e+00,0.00000000e+00,0.00000000e+00,0.00000000e+00,0.00000000e+00,0.00000000e+00,0.00000000e+00,0.00000000e+00,0.00000000e+00,0.00000000e+00,0.00000000e+00,4.90607221e-05
1.86046507e+02,1.85796507e+02,0.00000000e+00,0.00000000e+00,0.00000000e+00,0.00000000e+00,0.00000000e+00,0.00000000e+00,0.00000000e+00,0.00000000e+00,0.00000000e+00,0.00000000e+00,0.00000000e+00,0.00000000e+00,0.00000000e+00,0.00000000e+00,0.00000000e+00,0.00000000e+00,0.00000000e+00,0.00000000e+00,0.00000000e+00,0.00000000e+00,0.00000000e+00,0.00000000e+00,0.00000000e+00,0.00000000e+00,4.86893819e-05
1.86146532e+02,1.85896532e+02,0.00000000e+00,0.00000000e+00,0.00000000e+00,0.00000000e+00,0.00000000e+00,0.00000000e+00,0.00000000e+00,0.00000000e+00,0.00000000e+00,0.00000000e+00,0.00000000e+00,0.00000000e+00,0.00000000e+00,0.00000000e+00,0.00000000e+00,0.00000000e+00,0.00000000e+00,0.00000000e+00,0.00000000e+00,0.00000000e+00,0.00000000e+00,0.00000000e+00,0.00000000e+00,0.00000000e+00,4.77948673e-05
1.86246557e+02,1.85996557e+02,0.00000000e+00,0.00000000e+00,0.00000000e+00,0.00000000e+00,0.00000000e+00,0.00000000e+00,0.00000000e+00,0.00000000e+00,0.00000000e+00,0.00000000e+00,0.00000000e+00,0.00000000e+00,0.00000000e+00,0.00000000e+00,0.00000000e+00,0.00000000e+00,0.00000000e+00,0.00000000e+00,0.00000000e+00,0.00000000e+00,0.00000000e+00,0.00000000e+00,0.00000000e+00,0.00000000e+00,4.71572902e-05
1.86346582e+02,1.86096582e+02,0.00000000e+00,0.00000000e+00,0.00000000e+00,0.00000000e+00,0.00000000e+00,0.00000000e+00,0.00000000e+00,0.00000000e+00,0.00000000e+00,0.00000000e+00,0.00000000e+00,0.00000000e+00,0.00000000e+00,0.00000000e+00,0.00000000e+00,0.00000000e+00,0.00000000e+00,0.00000000e+00,0.00000000e+00,0.00000000e+00,0.00000000e+00,0.00000000e+00,0.00000000e+00,0.00000000e+00,4.75972352e-05
1.86446607e+02,1.86196607e+02,0.00000000e+00,0.00000000e+00,0.00000000e+00,0.00000000e+00,0.00000000e+00,0.00000000e+00,0.00000000e+00,0.00000000e+00,0.00000000e+00,0.00000000e+00,0.00000000e+00,0.00000000e+00,0.00000000e+00,0.00000000e+00,0.00000000e+00,0.00000000e+00,0.00000000e+00,0.00000000e+00,0.00000000e+00,0.00000000e+00,0.00000000e+00,0.00000000e+00,0.00000000e+00,0.00000000e+00,4.65649709e-05
1.86546632e+02,1.86296632e+02,0.00000000e+00,0.00000000e+00,0.00000000e+00,0.00000000e+00,0.00000000e+00,0.00000000e+00,0.00000000e+00,0.00000000e+00,0.00000000e+00,0.00000000e+00,0.00000000e+00,0.00000000e+00,0.00000000e+00,0.00000000e+00,0.00000000e+00,0.00000000e+00,0.00000000e+00,0.00000000e+00,0.00000000e+00,0.00000000e+00,0.00000000e+00,0.00000000e+00,0.00000000e+00,0.00000000e+00,4.60936327e-05
1.86646657e+02,1.86396657e+02,0.00000000e+00,0.00000000e+00,0.00000000e+00,0.00000000e+00,0.00000000e+00,0.00000000e+00,0.00000000e+00,0.00000000e+00,0.00000000e+00,0.00000000e+00,0.00000000e+00,0.00000000e+00,0.00000000e+00,0.00000000e+00,0.00000000e+00,0.00000000e+00,0.00000000e+00,0.00000000e+00,0.00000000e+00,0.00000000e+00,0.00000000e+00,0.00000000e+00,0.00000000e+00,0.00000000e+00,4.57061753e-05
1.86746683e+02,1.86496683e+02,0.00000000e+00,0.00000000e+00,0.00000000e+00,0.00000000e+00,0.00000000e+00,0.00000000e+00,0.00000000e+00,0.00000000e+00,0.00000000e+00,0.00000000e+00,0.00000000e+00,0.00000000e+00,0.00000000e+00,0.00000000e+00,0.00000000e+00,0.00000000e+00,0.00000000e+00,0.00000000e+00,0.00000000e+00,0.00000000e+00,0.00000000e+00,0.00000000e+00,0.00000000e+00,0.00000000e+00,4.62572510e-05
1.86846708e+02,1.86596708e+02,0.00000000e+00,0.00000000e+00,0.00000000e+00,0.00000000e+00,0.00000000e+00,0.00000000e+00,0.00000000e+00,0.00000000e+00,0.00000000e+00,0.00000000e+00,0.00000000e+00,0.00000000e+00,0.00000000e+00,0.00000000e+00,0.00000000e+00,0.00000000e+00,0.00000000e+00,0.00000000e+00,0.00000000e+00,0.00000000e+00,0.00000000e+00,0.00000000e+00,0.00000000e+00,0.00000000e+00,4.59724081e-05
1.86946733e+02,1.86696733e+02,0.00000000e+00,0.00000000e+00,0.00000000e+00,0.00000000e+00,0.00000000e+00,0.00000000e+00,0.00000000e+00,0.00000000e+00,0.00000000e+00,0.00000000e+00,0.00000000e+00,0.00000000e+00,0.00000000e+00,0.00000000e+00,0.00000000e+00,0.00000000e+00,0.00000000e+00,0.00000000e+00,0.00000000e+00,0.00000000e+00,0.00000000e+00,0.00000000e+00,0.00000000e+00,0.00000000e+00,4.47701786e-05
1.87046758e+02,1.86796758e+02,0.00000000e+00,0.00000000e+00,0.00000000e+00,0.00000000e+00,0.00000000e+00,0.00000000e+00,0.00000000e+00,0.00000000e+00,0.00000000e+00,0.00000000e+00,0.00000000e+00,0.00000000e+00,0.00000000e+00,0.00000000e+00,0.00000000e+00,0.00000000e+00,0.00000000e+00,0.00000000e+00,0.00000000e+00,0.00000000e+00,0.00000000e+00,0.00000000e+00,0.00000000e+00,0.00000000e+00,4.51730133e-05
1.87146783e+02,1.86896783e+02,0.00000000e+00,0.00000000e+00,0.00000000e+00,0.00000000e+00,0.00000000e+00,0.00000000e+00,0.00000000e+00,0.00000000e+00,0.00000000e+00,0.00000000e+00,0.00000000e+00,0.00000000e+00,0.00000000e+00,0.00000000e+00,0.00000000e+00,0.00000000e+00,0.00000000e+00,0.00000000e+00,0.00000000e+00,0.00000000e+00,0.00000000e+00,0.00000000e+00,0.00000000e+00,0.00000000e+00,4.47642510e-05
1.87246808e+02,1.86996808e+02,0.00000000e+00,0.00000000e+00,0.00000000e+00,0.00000000e+00,0.00000000e+00,0.00000000e+00,0.00000000e+00,0.00000000e+00,0.00000000e+00,0.00000000e+00,0.00000000e+00,0.00000000e+00,0.00000000e+00,0.00000000e+00,0.00000000e+00,0.00000000e+00,0.00000000e+00,0.00000000e+00,0.00000000e+00,0.00000000e+00,0.00000000e+00,0.00000000e+00,0.00000000e+00,0.00000000e+00,4.43166761e-05
1.87346833e+02,1.87096833e+02,0.00000000e+00,0.00000000e+00,0.00000000e+00,0.00000000e+00,0.00000000e+00,0.00000000e+00,0.00000000e+00,0.00000000e+00,0.00000000e+00,0.00000000e+00,0.00000000e+00,0.00000000e+00,0.00000000e+00,0.00000000e+00,0.00000000e+00,0.00000000e+00,0.00000000e+00,0.00000000e+00,0.00000000e+00,0.00000000e+00,0.00000000e+00,0.00000000e+00,0.00000000e+00,0.00000000e+00,4.43638959e-05
1.87446858e+02,1.87196858e+02,0.00000000e+00,0.00000000e+00,0.00000000e+00,0.00000000e+00,0.00000000e+00,0.00000000e+00,0.00000000e+00,0.00000000e+00,0.00000000e+00,0.00000000e+00,0.00000000e+00,0.00000000e+00,0.00000000e+00,0.00000000e+00,0.00000000e+00,0.00000000e+00,0.00000000e+00,0.00000000e+00,0.00000000e+00,0.00000000e+00,0.00000000e+00,0.00000000e+00,0.00000000e+00,0.00000000e+00,4.32521385e-05
1.87546883e+02,1.87296883e+02,0.00000000e+00,0.00000000e+00,0.00000000e+00,0.00000000e+00,0.00000000e+00,0.00000000e+00,0.00000000e+00,0.00000000e+00,0.00000000e+00,0.00000000e+00,0.00000000e+00,0.00000000e+00,0.00000000e+00,0.00000000e+00,0.00000000e+00,0.00000000e+00,0.00000000e+00,0.00000000e+00,0.00000000e+00,0.00000000e+00,0.00000000e+00,0.00000000e+00,0.00000000e+00,0.00000000e+00,4.23351382e-05
1.87646908e+02,1.87396908e+02,0.00000000e+00,0.00000000e+00,0.00000000e+00,0.00000000e+00,0.00000000e+00,0.00000000e+00,0.00000000e+00,0.00000000e+00,0.00000000e+00,0.00000000e+00,0.00000000e+00,0.00000000e+00,0.00000000e+00,0.00000000e+00,0.00000000e+00,0.00000000e+00,0.00000000e+00,0.00000000e+00,0.00000000e+00,0.00000000e+00,0.00000000e+00,0.00000000e+00,0.00000000e+00,0.00000000e+00,4.22395692e-05
1.87746933e+02,1.87496933e+02,0.00000000e+00,0.00000000e+00,0.00000000e+00,0.00000000e+00,0.00000000e+00,0.00000000e+00,0.00000000e+00,0.00000000e+00,0.00000000e+00,0.00000000e+00,0.00000000e+00,0.00000000e+00,0.00000000e+00,0.00000000e+00,0.00000000e+00,0.00000000e+00,0.00000000e+00,0.00000000e+00,0.00000000e+00,0.00000000e+00,0.00000000e+00,0.00000000e+00,0.00000000e+00,0.00000000e+00,4.22085146e-05
1.87846958e+02,1.87596958e+02,0.00000000e+00,0.00000000e+00,0.00000000e+00,0.00000000e+00,0.00000000e+00,0.00000000e+00,0.00000000e+00,0.00000000e+00,0.00000000e+00,0.00000000e+00,0.00000000e+00,0.00000000e+00,0.00000000e+00,0.00000000e+00,0.00000000e+00,0.00000000e+00,0.00000000e+00,0.00000000e+00,0.00000000e+00,0.00000000e+00,0.00000000e+00,0.00000000e+00,0.00000000e+00,0.00000000e+00,4.22357860e-05
1.87946983e+02,1.87696983e+02,0.00000000e+00,0.00000000e+00,0.00000000e+00,0.00000000e+00,0.00000000e+00,0.00000000e+00,0.00000000e+00,0.00000000e+00,0.00000000e+00,0.00000000e+00,0.00000000e+00,0.00000000e+00,0.00000000e+00,0.00000000e+00,0.00000000e+00,0.00000000e+00,0.00000000e+00,0.00000000e+00,0.00000000e+00,0.00000000e+00,0.00000000e+00,0.00000000e+00,0.00000000e+00,0.00000000e+00,4.27195107e-05
1.88047008e+02,1.87797008e+02,0.00000000e+00,0.00000000e+00,0.00000000e+00,0.00000000e+00,0.00000000e+00,0.00000000e+00,0.00000000e+00,0.00000000e+00,0.00000000e+00,0.00000000e+00,0.00000000e+00,0.00000000e+00,0.00000000e+00,0.00000000e+00,0.00000000e+00,0.00000000e+00,0.00000000e+00,0.00000000e+00,0.00000000e+00,0.00000000e+00,0.00000000e+00,0.00000000e+00,0.00000000e+00,0.00000000e+00,4.15834803e-05
1.88147033e+02,1.87897033e+02,0.00000000e+00,0.00000000e+00,0.00000000e+00,0.00000000e+00,0.00000000e+00,0.00000000e+00,0.00000000e+00,0.00000000e+00,0.00000000e+00,0.00000000e+00,0.00000000e+00,0.00000000e+00,0.00000000e+00,0.00000000e+00,0.00000000e+00,0.00000000e+00,0.00000000e+00,0.00000000e+00,0.00000000e+00,0.00000000e+00,0.00000000e+00,0.00000000e+00,0.00000000e+00,0.00000000e+00,4.17232427e-05
1.88247058e+02,1.87997058e+02,0.00000000e+00,0.00000000e+00,0.00000000e+00,0.00000000e+00,0.00000000e+00,0.00000000e+00,0.00000000e+00,0.00000000e+00,0.00000000e+00,0.00000000e+00,0.00000000e+00,0.00000000e+00,0.00000000e+00,0.00000000e+00,0.00000000e+00,0.00000000e+00,0.00000000e+00,0.00000000e+00,0.00000000e+00,0.00000000e+00,0.00000000e+00,0.00000000e+00,0.00000000e+00,0.00000000e+00,4.05489525e-05
1.88347083e+02,1.88097083e+02,0.00000000e+00,0.00000000e+00,0.00000000e+00,0.00000000e+00,0.00000000e+00,0.00000000e+00,0.00000000e+00,0.00000000e+00,0.00000000e+00,0.00000000e+00,0.00000000e+00,0.00000000e+00,0.00000000e+00,0.00000000e+00,0.00000000e+00,0.00000000e+00,0.00000000e+00,0.00000000e+00,0.00000000e+00,0.00000000e+00,0.00000000e+00,0.00000000e+00,0.00000000e+00,0.00000000e+00,3.99770951e-05
1.88447108e+02,1.88197108e+02,0.00000000e+00,0.00000000e+00,0.00000000e+00,0.00000000e+00,0.00000000e+00,0.00000000e+00,0.00000000e+00,0.00000000e+00,0.00000000e+00,0.00000000e+00,0.00000000e+00,0.00000000e+00,0.00000000e+00,0.00000000e+00,0.00000000e+00,0.00000000e+00,0.00000000e+00,0.00000000e+00,0.00000000e+00,0.00000000e+00,0.00000000e+00,0.00000000e+00,0.00000000e+00,0.00000000e+00,4.05906017e-05
1.88547133e+02,1.88297133e+02,0.00000000e+00,0.00000000e+00,0.00000000e+00,0.00000000e+00,0.00000000e+00,0.00000000e+00,0.00000000e+00,0.00000000e+00,0.00000000e+00,0.00000000e+00,0.00000000e+00,0.00000000e+00,0.00000000e+00,0.00000000e+00,0.00000000e+00,0.00000000e+00,0.00000000e+00,0.00000000e+00,0.00000000e+00,0.00000000e+00,0.00000000e+00,0.00000000e+00,0.00000000e+00,0.00000000e+00,4.00003885e-05
1.88647158e+02,1.88397158e+02,0.00000000e+00,0.00000000e+00,0.00000000e+00,0.00000000e+00,0.00000000e+00,0.00000000e+00,0.00000000e+00,0.00000000e+00,0.00000000e+00,0.00000000e+00,0.00000000e+00,0.00000000e+00,0.00000000e+00,0.00000000e+00,0.00000000e+00,0.00000000e+00,0.00000000e+00,0.00000000e+00,0.00000000e+00,0.00000000e+00,0.00000000e+00,0.00000000e+00,0.00000000e+00,0.00000000e+00,4.00452806e-05
1.88747183e+02,1.88497183e+02,0.00000000e+00,0.00000000e+00,0.00000000e+00,0.00000000e+00,0.00000000e+00,0.00000000e+00,0.00000000e+00,0.00000000e+00,0.00000000e+00,0.00000000e+00,0.00000000e+00,0.00000000e+00,0.00000000e+00,0.00000000e+00,0.00000000e+00,0.00000000e+00,0.00000000e+00,0.00000000e+00,0.00000000e+00,0.00000000e+00,0.00000000e+00,0.00000000e+00,0.00000000e+00,0.00000000e+00,3.93953980e-05
1.88847208e+02,1.88597208e+02,0.00000000e+00,0.00000000e+00,0.00000000e+00,0.00000000e+00,0.00000000e+00,0.00000000e+00,0.00000000e+00,0.00000000e+00,0.00000000e+00,0.00000000e+00,0.00000000e+00,0.00000000e+00,0.00000000e+00,0.00000000e+00,0.00000000e+00,0.00000000e+00,0.00000000e+00,0.00000000e+00,0.00000000e+00,0.00000000e+00,0.00000000e+00,0.00000000e+00,0.00000000e+00,0.00000000e+00,3.93537474e-05
1.88947233e+02,1.88697233e+02,0.00000000e+00,0.00000000e+00,0.00000000e+00,0.00000000e+00,0.00000000e+00,0.00000000e+00,0.00000000e+00,0.00000000e+00,0.00000000e+00,0.00000000e+00,0.00000000e+00,0.00000000e+00,0.00000000e+00,0.00000000e+00,0.00000000e+00,0.00000000e+00,0.00000000e+00,0.00000000e+00,0.00000000e+00,0.00000000e+00,0.00000000e+00,0.00000000e+00,0.00000000e+00,0.00000000e+00,3.82465934e-05
1.89047258e+02,1.88797258e+02,0.00000000e+00,0.00000000e+00,0.00000000e+00,0.00000000e+00,0.00000000e+00,0.00000000e+00,0.00000000e+00,0.00000000e+00,0.00000000e+00,0.00000000e+00,0.00000000e+00,0.00000000e+00,0.00000000e+00,0.00000000e+00,0.00000000e+00,0.00000000e+00,0.00000000e+00,0.00000000e+00,0.00000000e+00,0.00000000e+00,0.00000000e+00,0.00000000e+00,0.00000000e+00,0.00000000e+00,3.83409362e-05
1.89147283e+02,1.88897283e+02,0.00000000e+00,0.00000000e+00,0.00000000e+00,0.00000000e+00,0.00000000e+00,0.00000000e+00,0.00000000e+00,0.00000000e+00,0.00000000e+00,0.00000000e+00,0.00000000e+00,0.00000000e+00,0.00000000e+00,0.00000000e+00,0.00000000e+00,0.00000000e+00,0.00000000e+00,0.00000000e+00,0.00000000e+00,0.00000000e+00,0.00000000e+00,0.00000000e+00,0.00000000e+00,0.00000000e+00,3.85859615e-05
1.89247308e+02,1.88997308e+02,0.00000000e+00,0.00000000e+00,0.00000000e+00,0.00000000e+00,0.00000000e+00,0.00000000e+00,0.00000000e+00,0.00000000e+00,0.00000000e+00,0.00000000e+00,0.00000000e+00,0.00000000e+00,0.00000000e+00,0.00000000e+00,0.00000000e+00,0.00000000e+00,0.00000000e+00,0.00000000e+00,0.00000000e+00,0.00000000e+00,0.00000000e+00,0.00000000e+00,0.00000000e+00,0.00000000e+00,3.90550696e-05
1.89347334e+02,1.89097334e+02,0.00000000e+00,0.00000000e+00,0.00000000e+00,0.00000000e+00,0.00000000e+00,0.00000000e+00,0.00000000e+00,0.00000000e+00,0.00000000e+00,0.00000000e+00,0.00000000e+00,0.00000000e+00,0.00000000e+00,0.00000000e+00,0.00000000e+00,0.00000000e+00,0.00000000e+00,0.00000000e+00,0.00000000e+00,0.00000000e+00,0.00000000e+00,0.00000000e+00,0.00000000e+00,0.00000000e+00,3.85395510e-05
1.89447359e+02,1.89197359e+02,0.00000000e+00,0.00000000e+00,0.00000000e+00,0.00000000e+00,0.00000000e+00,0.00000000e+00,0.00000000e+00,0.00000000e+00,0.00000000e+00,0.00000000e+00,0.00000000e+00,0.00000000e+00,0.00000000e+00,0.00000000e+00,0.00000000e+00,0.00000000e+00,0.00000000e+00,0.00000000e+00,0.00000000e+00,0.00000000e+00,0.00000000e+00,0.00000000e+00,0.00000000e+00,0.00000000e+00,3.72829774e-05
1.89547384e+02,1.89297384e+02,0.00000000e+00,0.00000000e+00,0.00000000e+00,0.00000000e+00,0.00000000e+00,0.00000000e+00,0.00000000e+00,0.00000000e+00,0.00000000e+00,0.00000000e+00,0.00000000e+00,0.00000000e+00,0.00000000e+00,0.00000000e+00,0.00000000e+00,0.00000000e+00,0.00000000e+00,0.00000000e+00,0.00000000e+00,0.00000000e+00,0.00000000e+00,0.00000000e+00,0.00000000e+00,0.00000000e+00,3.76479807e-05
1.89647409e+02,1.89397409e+02,0.00000000e+00,0.00000000e+00,0.00000000e+00,0.00000000e+00,0.00000000e+00,0.00000000e+00,0.00000000e+00,0.00000000e+00,0.00000000e+00,0.00000000e+00,0.00000000e+00,0.00000000e+00,0.00000000e+00,0.00000000e+00,0.00000000e+00,0.00000000e+00,0.00000000e+00,0.00000000e+00,0.00000000e+00,0.00000000e+00,0.00000000e+00,0.00000000e+00,0.00000000e+00,0.00000000e+00,3.74827279e-05
1.89747434e+02,1.89497434e+02,0.00000000e+00,0.00000000e+00,0.00000000e+00,0.00000000e+00,0.00000000e+00,0.00000000e+00,0.00000000e+00,0.00000000e+00,0.00000000e+00,0.00000000e+00,0.00000000e+00,0.00000000e+00,0.00000000e+00,0.00000000e+00,0.00000000e+00,0.00000000e+00,0.00000000e+00,0.00000000e+00,0.00000000e+00,0.00000000e+00,0.00000000e+00,0.00000000e+00,0.00000000e+00,0.00000000e+00,3.71667117e-05
1.89847459e+02,1.89597459e+02,0.00000000e+00,0.00000000e+00,0.00000000e+00,0.00000000e+00,0.00000000e+00,0.00000000e+00,0.00000000e+00,0.00000000e+00,0.00000000e+00,0.00000000e+00,0.00000000e+00,0.00000000e+00,0.00000000e+00,0.00000000e+00,0.00000000e+00,0.00000000e+00,0.00000000e+00,0.00000000e+00,0.00000000e+00,0.00000000e+00,0.00000000e+00,0.00000000e+00,0.00000000e+00,0.00000000e+00,3.68762788e-05
1.89947484e+02,1.89697484e+02,0.00000000e+00,0.00000000e+00,0.00000000e+00,0.00000000e+00,0.00000000e+00,0.00000000e+00,0.00000000e+00,0.00000000e+00,0.00000000e+00,0.00000000e+00,0.00000000e+00,0.00000000e+00,0.00000000e+00,0.00000000e+00,0.00000000e+00,0.00000000e+00,0.00000000e+00,0.00000000e+00,0.00000000e+00,0.00000000e+00,0.00000000e+00,0.00000000e+00,0.00000000e+00,0.00000000e+00,3.60640259e-05
1.90047509e+02,1.89797509e+02,0.00000000e+00,0.00000000e+00,0.00000000e+00,0.00000000e+00,0.00000000e+00,0.00000000e+00,0.00000000e+00,0.00000000e+00,0.00000000e+00,0.00000000e+00,0.00000000e+00,0.00000000e+00,0.00000000e+00,0.00000000e+00,0.00000000e+00,0.00000000e+00,0.00000000e+00,0.00000000e+00,0.00000000e+00,0.00000000e+00,0.00000000e+00,0.00000000e+00,0.00000000e+00,0.00000000e+00,3.67235554e-05
1.90147534e+02,1.89897534e+02,0.00000000e+00,0.00000000e+00,0.00000000e+00,0.00000000e+00,0.00000000e+00,0.00000000e+00,0.00000000e+00,0.00000000e+00,0.00000000e+00,0.00000000e+00,0.00000000e+00,0.00000000e+00,0.00000000e+00,0.00000000e+00,0.00000000e+00,0.00000000e+00,0.00000000e+00,0.00000000e+00,0.00000000e+00,0.00000000e+00,0.00000000e+00,0.00000000e+00,0.00000000e+00,0.00000000e+00,3.57047097e-05
1.90247559e+02,1.89997559e+02,0.00000000e+00,0.00000000e+00,0.00000000e+00,0.00000000e+00,0.00000000e+00,0.00000000e+00,0.00000000e+00,0.00000000e+00,0.00000000e+00,0.00000000e+00,0.00000000e+00,0.00000000e+00,0.00000000e+00,0.00000000e+00,0.00000000e+00,0.00000000e+00,0.00000000e+00,0.00000000e+00,0.00000000e+00,0.00000000e+00,0.00000000e+00,0.00000000e+00,0.00000000e+00,0.00000000e+00,3.56332007e-05
1.90347584e+02,1.90097584e+02,0.00000000e+00,0.00000000e+00,0.00000000e+00,0.00000000e+00,0.00000000e+00,0.00000000e+00,0.00000000e+00,0.00000000e+00,0.00000000e+00,0.00000000e+00,0.00000000e+00,0.00000000e+00,0.00000000e+00,0.00000000e+00,0.00000000e+00,0.00000000e+00,0.00000000e+00,0.00000000e+00,0.00000000e+00,0.00000000e+00,0.00000000e+00,0.00000000e+00,0.00000000e+00,0.00000000e+00,3.54026535e-05
1.90447609e+02,1.90197609e+02,0.00000000e+00,0.00000000e+00,0.00000000e+00,0.00000000e+00,0.00000000e+00,0.00000000e+00,0.00000000e+00,0.00000000e+00,0.00000000e+00,0.00000000e+00,0.00000000e+00,0.00000000e+00,0.00000000e+00,0.00000000e+00,0.00000000e+00,0.00000000e+00,0.00000000e+00,0.00000000e+00,0.00000000e+00,0.00000000e+00,0.00000000e+00,0.00000000e+00,0.00000000e+00,0.00000000e+00,3.57220243e-05
1.90547634e+02,1.90297634e+02,0.00000000e+00,0.00000000e+00,0.00000000e+00,0.00000000e+00,0.00000000e+00,0.00000000e+00,0.00000000e+00,0.00000000e+00,0.00000000e+00,0.00000000e+00,0.00000000e+00,0.00000000e+00,0.00000000e+00,0.00000000e+00,0.00000000e+00,0.00000000e+00,0.00000000e+00,0.00000000e+00,0.00000000e+00,0.00000000e+00,0.00000000e+00,0.00000000e+00,0.00000000e+00,0.00000000e+00,3.52161755e-05
1.90647659e+02,1.90397659e+02,0.00000000e+00,0.00000000e+00,0.00000000e+00,0.00000000e+00,0.00000000e+00,0.00000000e+00,0.00000000e+00,0.00000000e+00,0.00000000e+00,0.00000000e+00,0.00000000e+00,0.00000000e+00,0.00000000e+00,0.00000000e+00,0.00000000e+00,0.00000000e+00,0.00000000e+00,0.00000000e+00,0.00000000e+00,0.00000000e+00,0.00000000e+00,0.00000000e+00,0.00000000e+00,0.00000000e+00,3.52548938e-05
1.90747684e+02,1.90497684e+02,0.00000000e+00,0.00000000e+00,0.00000000e+00,0.00000000e+00,0.00000000e+00,0.00000000e+00,0.00000000e+00,0.00000000e+00,0.00000000e+00,0.00000000e+00,0.00000000e+00,0.00000000e+00,0.00000000e+00,0.00000000e+00,0.00000000e+00,0.00000000e+00,0.00000000e+00,0.00000000e+00,0.00000000e+00,0.00000000e+00,0.00000000e+00,0.00000000e+00,0.00000000e+00,0.00000000e+00,3.39264786e-05
1.90847709e+02,1.90597709e+02,0.00000000e+00,0.00000000e+00,0.00000000e+00,0.00000000e+00,0.00000000e+00,0.00000000e+00,0.00000000e+00,0.00000000e+00,0.00000000e+00,0.00000000e+00,0.00000000e+00,0.00000000e+00,0.00000000e+00,0.00000000e+00,0.00000000e+00,0.00000000e+00,0.00000000e+00,0.00000000e+00,0.00000000e+00,0.00000000e+00,0.00000000e+00,0.00000000e+00,0.00000000e+00,0.00000000e+00,3.36444569e-05
1.90947734e+02,1.90697734e+02,0.00000000e+00,0.00000000e+00,0.00000000e+00,0.00000000e+00,0.00000000e+00,0.00000000e+00,0.00000000e+00,0.00000000e+00,0.00000000e+00,0.00000000e+00,0.00000000e+00,0.00000000e+00,0.00000000e+00,0.00000000e+00,0.00000000e+00,0.00000000e+00,0.00000000e+00,0.00000000e+00,0.00000000e+00,0.00000000e+00,0.00000000e+00,0.00000000e+00,0.00000000e+00,0.00000000e+00,3.29338986e-05
1.91047759e+02,1.90797759e+02,0.00000000e+00,0.00000000e+00,0.00000000e+00,0.00000000e+00,0.00000000e+00,0.00000000e+00,0.00000000e+00,0.00000000e+00,0.00000000e+00,0.00000000e+00,0.00000000e+00,0.00000000e+00,0.00000000e+00,0.00000000e+00,0.00000000e+00,0.00000000e+00,0.00000000e+00,0.00000000e+00,0.00000000e+00,0.00000000e+00,0.00000000e+00,0.00000000e+00,0.00000000e+00,0.00000000e+00,3.29152516e-05
1.91147784e+02,1.90897784e+02,0.00000000e+00,0.00000000e+00,0.00000000e+00,0.00000000e+00,0.00000000e+00,0.00000000e+00,0.00000000e+00,0.00000000e+00,0.00000000e+00,0.00000000e+00,0.00000000e+00,0.00000000e+00,0.00000000e+00,0.00000000e+00,0.00000000e+00,0.00000000e+00,0.00000000e+00,0.00000000e+00,0.00000000e+00,0.00000000e+00,0.00000000e+00,0.00000000e+00,0.00000000e+00,0.00000000e+00,3.30037757e-05
1.91247809e+02,1.90997809e+02,0.00000000e+00,0.00000000e+00,0.00000000e+00,0.00000000e+00,0.00000000e+00,0.00000000e+00,0.00000000e+00,0.00000000e+00,0.00000000e+00,0.00000000e+00,0.00000000e+00,0.00000000e+00,0.00000000e+00,0.00000000e+00,0.00000000e+00,0.00000000e+00,0.00000000e+00,0.00000000e+00,0.00000000e+00,0.00000000e+00,0.00000000e+00,0.00000000e+00,0.00000000e+00,0.00000000e+00,3.29029550e-05
1.91347834e+02,1.91097834e+02,0.00000000e+00,0.00000000e+00,0.00000000e+00,0.00000000e+00,0.00000000e+00,0.00000000e+00,0.00000000e+00,0.00000000e+00,0.00000000e+00,0.00000000e+00,0.00000000e+00,0.00000000e+00,0.00000000e+00,0.00000000e+00,0.00000000e+00,0.00000000e+00,0.00000000e+00,0.00000000e+00,0.00000000e+00,0.00000000e+00,0.00000000e+00,0.00000000e+00,0.00000000e+00,0.00000000e+00,3.30489046e-05
1.91447859e+02,1.91197859e+02,0.00000000e+00,0.00000000e+00,0.00000000e+00,0.00000000e+00,0.00000000e+00,0.00000000e+00,0.00000000e+00,0.00000000e+00,0.00000000e+00,0.00000000e+00,0.00000000e+00,0.00000000e+00,0.00000000e+00,0.00000000e+00,0.00000000e+00,0.00000000e+00,0.00000000e+00,0.00000000e+00,0.00000000e+00,0.00000000e+00,0.00000000e+00,0.00000000e+00,0.00000000e+00,0.00000000e+00,3.19590896e-05
1.91547884e+02,1.91297884e+02,0.00000000e+00,0.00000000e+00,0.00000000e+00,0.00000000e+00,0.00000000e+00,0.00000000e+00,0.00000000e+00,0.00000000e+00,0.00000000e+00,0.00000000e+00,0.00000000e+00,0.00000000e+00,0.00000000e+00,0.00000000e+00,0.00000000e+00,0.00000000e+00,0.00000000e+00,0.00000000e+00,0.00000000e+00,0.00000000e+00,0.00000000e+00,0.00000000e+00,0.00000000e+00,0.00000000e+00,3.16220995e-05
1.91647909e+02,1.91397909e+02,0.00000000e+00,0.00000000e+00,0.00000000e+00,0.00000000e+00,0.00000000e+00,0.00000000e+00,0.00000000e+00,0.00000000e+00,0.00000000e+00,0.00000000e+00,0.00000000e+00,0.00000000e+00,0.00000000e+00,0.00000000e+00,0.00000000e+00,0.00000000e+00,0.00000000e+00,0.00000000e+00,0.00000000e+00,0.00000000e+00,0.00000000e+00,0.00000000e+00,0.00000000e+00,0.00000000e+00,3.10547770e-05
1.91747934e+02,1.91497934e+02,0.00000000e+00,0.00000000e+00,0.00000000e+00,0.00000000e+00,0.00000000e+00,0.00000000e+00,0.00000000e+00,0.00000000e+00,0.00000000e+00,0.00000000e+00,0.00000000e+00,0.00000000e+00,0.00000000e+00,0.00000000e+00,0.00000000e+00,0.00000000e+00,0.00000000e+00,0.00000000e+00,0.00000000e+00,0.00000000e+00,0.00000000e+00,0.00000000e+00,0.00000000e+00,0.00000000e+00,3.09971531e-05
1.91847959e+02,1.91597959e+02,0.00000000e+00,0.00000000e+00,0.00000000e+00,0.00000000e+00,0.00000000e+00,0.00000000e+00,0.00000000e+00,0.00000000e+00,0.00000000e+00,0.00000000e+00,0.00000000e+00,0.00000000e+00,0.00000000e+00,0.00000000e+00,0.00000000e+00,0.00000000e+00,0.00000000e+00,0.00000000e+00,0.00000000e+00,0.00000000e+00,0.00000000e+00,0.00000000e+00,0.00000000e+00,0.00000000e+00,3.01523954e-05
1.91947984e+02,1.91697984e+02,0.00000000e+00,0.00000000e+00,0.00000000e+00,0.00000000e+00,0.00000000e+00,0.00000000e+00,0.00000000e+00,0.00000000e+00,0.00000000e+00,0.00000000e+00,0.00000000e+00,0.00000000e+00,0.00000000e+00,0.00000000e+00,0.00000000e+00,0.00000000e+00,0.00000000e+00,0.00000000e+00,0.00000000e+00,0.00000000e+00,0.00000000e+00,0.00000000e+00,0.00000000e+00,0.00000000e+00,3.03426972e-05
1.92048010e+02,1.91798010e+02,0.00000000e+00,0.00000000e+00,0.00000000e+00,0.00000000e+00,0.00000000e+00,0.00000000e+00,0.00000000e+00,0.00000000e+00,0.00000000e+00,0.00000000e+00,0.00000000e+00,0.00000000e+00,0.00000000e+00,0.00000000e+00,0.00000000e+00,0.00000000e+00,0.00000000e+00,0.00000000e+00,0.00000000e+00,0.00000000e+00,0.00000000e+00,0.00000000e+00,0.00000000e+00,0.00000000e+00,3.01829219e-05
1.92148035e+02,1.91898035e+02,0.00000000e+00,0.00000000e+00,0.00000000e+00,0.00000000e+00,0.00000000e+00,0.00000000e+00,0.00000000e+00,0.00000000e+00,0.00000000e+00,0.00000000e+00,0.00000000e+00,0.00000000e+00,0.00000000e+00,0.00000000e+00,0.00000000e+00,0.00000000e+00,0.00000000e+00,0.00000000e+00,0.00000000e+00,0.00000000e+00,0.00000000e+00,0.00000000e+00,0.00000000e+00,0.00000000e+00,2.95101359e-05
1.92248060e+02,1.91998060e+02,0.00000000e+00,0.00000000e+00,0.00000000e+00,0.00000000e+00,0.00000000e+00,0.00000000e+00,0.00000000e+00,0.00000000e+00,0.00000000e+00,0.00000000e+00,0.00000000e+00,0.00000000e+00,0.00000000e+00,0.00000000e+00,0.00000000e+00,0.00000000e+00,0.00000000e+00,0.00000000e+00,0.00000000e+00,0.00000000e+00,0.00000000e+00,0.00000000e+00,0.00000000e+00,0.00000000e+00,3.00205582e-05
1.92348085e+02,1.92098085e+02,0.00000000e+00,0.00000000e+00,0.00000000e+00,0.00000000e+00,0.00000000e+00,0.00000000e+00,0.00000000e+00,0.00000000e+00,0.00000000e+00,0.00000000e+00,0.00000000e+00,0.00000000e+00,0.00000000e+00,0.00000000e+00,0.00000000e+00,0.00000000e+00,0.00000000e+00,0.00000000e+00,0.00000000e+00,0.00000000e+00,0.00000000e+00,0.00000000e+00,0.00000000e+00,0.00000000e+00,2.92066011e-05
1.92448110e+02,1.92198110e+02,0.00000000e+00,0.00000000e+00,0.00000000e+00,0.00000000e+00,0.00000000e+00,0.00000000e+00,0.00000000e+00,0.00000000e+00,0.00000000e+00,0.00000000e+00,0.00000000e+00,0.00000000e+00,0.00000000e+00,0.00000000e+00,0.00000000e+00,0.00000000e+00,0.00000000e+00,0.00000000e+00,0.00000000e+00,0.00000000e+00,0.00000000e+00,0.00000000e+00,0.00000000e+00,0.00000000e+00,2.89777701e-05
1.92548135e+02,1.92298135e+02,0.00000000e+00,0.00000000e+00,0.00000000e+00,0.00000000e+00,0.00000000e+00,0.00000000e+00,0.00000000e+00,0.00000000e+00,0.00000000e+00,0.00000000e+00,0.00000000e+00,0.00000000e+00,0.00000000e+00,0.00000000e+00,0.00000000e+00,0.00000000e+00,0.00000000e+00,0.00000000e+00,0.00000000e+00,0.00000000e+00,0.00000000e+00,0.00000000e+00,0.00000000e+00,0.00000000e+00,2.82305849e-05
1.92648160e+02,1.92398160e+02,0.00000000e+00,0.00000000e+00,0.00000000e+00,0.00000000e+00,0.00000000e+00,0.00000000e+00,0.00000000e+00,0.00000000e+00,0.00000000e+00,0.00000000e+00,0.00000000e+00,0.00000000e+00,0.00000000e+00,0.00000000e+00,0.00000000e+00,0.00000000e+00,0.00000000e+00,0.00000000e+00,0.00000000e+00,0.00000000e+00,0.00000000e+00,0.00000000e+00,0.00000000e+00,0.00000000e+00,2.84785538e-05
1.92748185e+02,1.92498185e+02,0.00000000e+00,0.00000000e+00,0.00000000e+00,0.00000000e+00,0.00000000e+00,0.00000000e+00,0.00000000e+00,0.00000000e+00,0.00000000e+00,0.00000000e+00,0.00000000e+00,0.00000000e+00,0.00000000e+00,0.00000000e+00,0.00000000e+00,0.00000000e+00,0.00000000e+00,0.00000000e+00,0.00000000e+00,0.00000000e+00,0.00000000e+00,0.00000000e+00,0.00000000e+00,0.00000000e+00,2.85546619e-05
1.92848210e+02,1.92598210e+02,0.00000000e+00,0.00000000e+00,0.00000000e+00,0.00000000e+00,0.00000000e+00,0.00000000e+00,0.00000000e+00,0.00000000e+00,0.00000000e+00,0.00000000e+00,0.00000000e+00,0.00000000e+00,0.00000000e+00,0.00000000e+00,0.00000000e+00,0.00000000e+00,0.00000000e+00,0.00000000e+00,0.00000000e+00,0.00000000e+00,0.00000000e+00,0.00000000e+00,0.00000000e+00,0.00000000e+00,2.72227922e-05
1.92948235e+02,1.92698235e+02,0.00000000e+00,0.00000000e+00,0.00000000e+00,0.00000000e+00,0.00000000e+00,0.00000000e+00,0.00000000e+00,0.00000000e+00,0.00000000e+00,0.00000000e+00,0.00000000e+00,0.00000000e+00,0.00000000e+00,0.00000000e+00,0.00000000e+00,0.00000000e+00,0.00000000e+00,0.00000000e+00,0.00000000e+00,0.00000000e+00,0.00000000e+00,0.00000000e+00,0.00000000e+00,0.00000000e+00,2.69577510e-05
1.93048260e+02,1.92798260e+02,0.00000000e+00,0.00000000e+00,0.00000000e+00,0.00000000e+00,0.00000000e+00,0.00000000e+00,0.00000000e+00,0.00000000e+00,0.00000000e+00,0.00000000e+00,0.00000000e+00,0.00000000e+00,0.00000000e+00,0.00000000e+00,0.00000000e+00,0.00000000e+00,0.00000000e+00,0.00000000e+00,0.00000000e+00,0.00000000e+00,0.00000000e+00,0.00000000e+00,0.00000000e+00,0.00000000e+00,2.81779973e-05
1.93148285e+02,1.92898285e+02,0.00000000e+00,0.00000000e+00,0.00000000e+00,0.00000000e+00,0.00000000e+00,0.00000000e+00,0.00000000e+00,0.00000000e+00,0.00000000e+00,0.00000000e+00,0.00000000e+00,0.00000000e+00,0.00000000e+00,0.00000000e+00,0.00000000e+00,0.00000000e+00,0.00000000e+00,0.00000000e+00,0.00000000e+00,0.00000000e+00,0.00000000e+00,0.00000000e+00,0.00000000e+00,0.00000000e+00,2.71729319e-05
1.93248310e+02,1.92998310e+02,0.00000000e+00,0.00000000e+00,0.00000000e+00,0.00000000e+00,0.00000000e+00,0.00000000e+00,0.00000000e+00,0.00000000e+00,0.00000000e+00,0.00000000e+00,0.00000000e+00,0.00000000e+00,0.00000000e+00,0.00000000e+00,0.00000000e+00,0.00000000e+00,0.00000000e+00,0.00000000e+00,0.00000000e+00,0.00000000e+00,0.00000000e+00,0.00000000e+00,0.00000000e+00,0.00000000e+00,2.71257057e-05
1.93348335e+02,1.93098335e+02,0.00000000e+00,0.00000000e+00,0.00000000e+00,0.00000000e+00,0.00000000e+00,0.00000000e+00,0.00000000e+00,0.00000000e+00,0.00000000e+00,0.00000000e+00,0.00000000e+00,0.00000000e+00,0.00000000e+00,0.00000000e+00,0.00000000e+00,0.00000000e+00,0.00000000e+00,0.00000000e+00,0.00000000e+00,0.00000000e+00,0.00000000e+00,0.00000000e+00,0.00000000e+00,0.00000000e+00,2.66675695e-05
1.93448360e+02,1.93198360e+02,0.00000000e+00,0.00000000e+00,0.00000000e+00,0.00000000e+00,0.00000000e+00,0.00000000e+00,0.00000000e+00,0.00000000e+00,0.00000000e+00,0.00000000e+00,0.00000000e+00,0.00000000e+00,0.00000000e+00,0.00000000e+00,0.00000000e+00,0.00000000e+00,0.00000000e+00,0.00000000e+00,0.00000000e+00,0.00000000e+00,0.00000000e+00,0.00000000e+00,0.00000000e+00,0.00000000e+00,2.63654633e-05
1.93548385e+02,1.93298385e+02,0.00000000e+00,0.00000000e+00,0.00000000e+00,0.00000000e+00,0.00000000e+00,0.00000000e+00,0.00000000e+00,0.00000000e+00,0.00000000e+00,0.00000000e+00,0.00000000e+00,0.00000000e+00,0.00000000e+00,0.00000000e+00,0.00000000e+00,0.00000000e+00,0.00000000e+00,0.00000000e+00,0.00000000e+00,0.00000000e+00,0.00000000e+00,0.00000000e+00,0.00000000e+00,0.00000000e+00,2.64072495e-05
1.93648410e+02,1.93398410e+02,0.00000000e+00,0.00000000e+00,0.00000000e+00,0.00000000e+00,0.00000000e+00,0.00000000e+00,0.00000000e+00,0.00000000e+00,0.00000000e+00,0.00000000e+00,0.00000000e+00,0.00000000e+00,0.00000000e+00,0.00000000e+00,0.00000000e+00,0.00000000e+00,0.00000000e+00,0.00000000e+00,0.00000000e+00,0.00000000e+00,0.00000000e+00,0.00000000e+00,0.00000000e+00,0.00000000e+00,2.64353650e-05
1.93748435e+02,1.93498435e+02,0.00000000e+00,0.00000000e+00,0.00000000e+00,0.00000000e+00,0.00000000e+00,0.00000000e+00,0.00000000e+00,0.00000000e+00,0.00000000e+00,0.00000000e+00,0.00000000e+00,0.00000000e+00,0.00000000e+00,0.00000000e+00,0.00000000e+00,0.00000000e+00,0.00000000e+00,0.00000000e+00,0.00000000e+00,0.00000000e+00,0.00000000e+00,0.00000000e+00,0.00000000e+00,0.00000000e+00,2.68885129e-05
1.93848460e+02,1.93598460e+02,0.00000000e+00,0.00000000e+00,0.00000000e+00,0.00000000e+00,0.00000000e+00,0.00000000e+00,0.00000000e+00,0.00000000e+00,0.00000000e+00,0.00000000e+00,0.00000000e+00,0.00000000e+00,0.00000000e+00,0.00000000e+00,0.00000000e+00,0.00000000e+00,0.00000000e+00,0.00000000e+00,0.00000000e+00,0.00000000e+00,0.00000000e+00,0.00000000e+00,0.00000000e+00,0.00000000e+00,2.64994879e-05
1.93948485e+02,1.93698485e+02,0.00000000e+00,0.00000000e+00,0.00000000e+00,0.00000000e+00,0.00000000e+00,0.00000000e+00,0.00000000e+00,0.00000000e+00,0.00000000e+00,0.00000000e+00,0.00000000e+00,0.00000000e+00,0.00000000e+00,0.00000000e+00,0.00000000e+00,0.00000000e+00,0.00000000e+00,0.00000000e+00,0.00000000e+00,0.00000000e+00,0.00000000e+00,0.00000000e+00,0.00000000e+00,0.00000000e+00,2.57163629e-05
1.94048510e+02,1.93798510e+02,0.00000000e+00,0.00000000e+00,0.00000000e+00,0.00000000e+00,0.00000000e+00,0.00000000e+00,0.00000000e+00,0.00000000e+00,0.00000000e+00,0.00000000e+00,0.00000000e+00,0.00000000e+00,0.00000000e+00,0.00000000e+00,0.00000000e+00,0.00000000e+00,0.00000000e+00,0.00000000e+00,0.00000000e+00,0.00000000e+00,0.00000000e+00,0.00000000e+00,0.00000000e+00,0.00000000e+00,2.59473176e-05
1.94148535e+02,1.93898535e+02,0.00000000e+00,0.00000000e+00,0.00000000e+00,0.00000000e+00,0.00000000e+00,0.00000000e+00,0.00000000e+00,0.00000000e+00,0.00000000e+00,0.00000000e+00,0.00000000e+00,0.00000000e+00,0.00000000e+00,0.00000000e+00,0.00000000e+00,0.00000000e+00,0.00000000e+00,0.00000000e+00,0.00000000e+00,0.00000000e+00,0.00000000e+00,0.00000000e+00,0.00000000e+00,0.00000000e+00,2.63708354e-05
1.94248560e+02,1.93998560e+02,0.00000000e+00,0.00000000e+00,0.00000000e+00,0.00000000e+00,0.00000000e+00,0.00000000e+00,0.00000000e+00,0.00000000e+00,0.00000000e+00,0.00000000e+00,0.00000000e+00,0.00000000e+00,0.00000000e+00,0.00000000e+00,0.00000000e+00,0.00000000e+00,0.00000000e+00,0.00000000e+00,0.00000000e+00,0.00000000e+00,0.00000000e+00,0.00000000e+00,0.00000000e+00,0.00000000e+00,2.53421959e-05
1.94348585e+02,1.94098585e+02,0.00000000e+00,0.00000000e+00,0.00000000e+00,0.00000000e+00,0.00000000e+00,0.00000000e+00,0.00000000e+00,0.00000000e+00,0.00000000e+00,0.00000000e+00,0.00000000e+00,0.00000000e+00,0.00000000e+00,0.00000000e+00,0.00000000e+00,0.00000000e+00,0.00000000e+00,0.00000000e+00,0.00000000e+00,0.00000000e+00,0.00000000e+00,0.00000000e+00,0.00000000e+00,0.00000000e+00,2.41913095e-05
1.94448610e+02,1.94198610e+02,0.00000000e+00,0.00000000e+00,0.00000000e+00,0.00000000e+00,0.00000000e+00,0.00000000e+00,0.00000000e+00,0.00000000e+00,0.00000000e+00,0.00000000e+00,0.00000000e+00,0.00000000e+00,0.00000000e+00,0.00000000e+00,0.00000000e+00,0.00000000e+00,0.00000000e+00,0.00000000e+00,0.00000000e+00,0.00000000e+00,0.00000000e+00,0.00000000e+00,0.00000000e+00,0.00000000e+00,2.36399070e-05
1.94548635e+02,1.94298635e+02,0.00000000e+00,0.00000000e+00,0.00000000e+00,0.00000000e+00,0.00000000e+00,0.00000000e+00,0.00000000e+00,0.00000000e+00,0.00000000e+00,0.00000000e+00,0.00000000e+00,0.00000000e+00,0.00000000e+00,0.00000000e+00,0.00000000e+00,0.00000000e+00,0.00000000e+00,0.00000000e+00,0.00000000e+00,0.00000000e+00,0.00000000e+00,0.00000000e+00,0.00000000e+00,0.00000000e+00,2.30196203e-05
1.94648660e+02,1.94398660e+02,0.00000000e+00,0.00000000e+00,0.00000000e+00,0.00000000e+00,0.00000000e+00,0.00000000e+00,0.00000000e+00,0.00000000e+00,0.00000000e+00,0.00000000e+00,0.00000000e+00,0.00000000e+00,0.00000000e+00,0.00000000e+00,0.00000000e+00,0.00000000e+00,0.00000000e+00,0.00000000e+00,0.00000000e+00,0.00000000e+00,0.00000000e+00,0.00000000e+00,0.00000000e+00,0.00000000e+00,2.30861294e-05
1.94748686e+02,1.94498686e+02,0.00000000e+00,0.00000000e+00,0.00000000e+00,0.00000000e+00,0.00000000e+00,0.00000000e+00,0.00000000e+00,0.00000000e+00,0.00000000e+00,0.00000000e+00,0.00000000e+00,0.00000000e+00,0.00000000e+00,0.00000000e+00,0.00000000e+00,0.00000000e+00,0.00000000e+00,0.00000000e+00,0.00000000e+00,0.00000000e+00,0.00000000e+00,0.00000000e+00,0.00000000e+00,0.00000000e+00,2.28907597e-05
1.94848711e+02,1.94598711e+02,0.00000000e+00,0.00000000e+00,0.00000000e+00,0.00000000e+00,0.00000000e+00,0.00000000e+00,0.00000000e+00,0.00000000e+00,0.00000000e+00,0.00000000e+00,0.00000000e+00,0.00000000e+00,0.00000000e+00,0.00000000e+00,0.00000000e+00,0.00000000e+00,0.00000000e+00,0.00000000e+00,0.00000000e+00,0.00000000e+00,0.00000000e+00,0.00000000e+00,0.00000000e+00,0.00000000e+00,2.25769921e-05
1.94948736e+02,1.94698736e+02,0.00000000e+00,0.00000000e+00,0.00000000e+00,0.00000000e+00,0.00000000e+00,0.00000000e+00,0.00000000e+00,0.00000000e+00,0.00000000e+00,0.00000000e+00,0.00000000e+00,0.00000000e+00,0.00000000e+00,0.00000000e+00,0.00000000e+00,0.00000000e+00,0.00000000e+00,0.00000000e+00,0.00000000e+00,0.00000000e+00,0.00000000e+00,0.00000000e+00,0.00000000e+00,0.00000000e+00,2.25239840e-05
1.95048761e+02,1.94798761e+02,0.00000000e+00,0.00000000e+00,0.00000000e+00,0.00000000e+00,0.00000000e+00,0.00000000e+00,0.00000000e+00,0.00000000e+00,0.00000000e+00,0.00000000e+00,0.00000000e+00,0.00000000e+00,0.00000000e+00,0.00000000e+00,0.00000000e+00,0.00000000e+00,0.00000000e+00,0.00000000e+00,0.00000000e+00,0.00000000e+00,0.00000000e+00,0.00000000e+00,0.00000000e+00,0.00000000e+00,2.17209079e-05
1.95148786e+02,1.94898786e+02,0.00000000e+00,0.00000000e+00,0.00000000e+00,0.00000000e+00,0.00000000e+00,0.00000000e+00,0.00000000e+00,0.00000000e+00,0.00000000e+00,0.00000000e+00,0.00000000e+00,0.00000000e+00,0.00000000e+00,0.00000000e+00,0.00000000e+00,0.00000000e+00,0.00000000e+00,0.00000000e+00,0.00000000e+00,0.00000000e+00,0.00000000e+00,0.00000000e+00,0.00000000e+00,0.00000000e+00,2.19354640e-05
1.95248811e+02,1.94998811e+02,0.00000000e+00,0.00000000e+00,0.00000000e+00,0.00000000e+00,0.00000000e+00,0.00000000e+00,0.00000000e+00,0.00000000e+00,0.00000000e+00,0.00000000e+00,0.00000000e+00,0.00000000e+00,0.00000000e+00,0.00000000e+00,0.00000000e+00,0.00000000e+00,0.00000000e+00,0.00000000e+00,0.00000000e+00,0.00000000e+00,0.00000000e+00,0.00000000e+00,0.00000000e+00,0.00000000e+00,2.13404953e-05
1.95348836e+02,1.95098836e+02,0.00000000e+00,0.00000000e+00,0.00000000e+00,0.00000000e+00,0.00000000e+00,0.00000000e+00,0.00000000e+00,0.00000000e+00,0.00000000e+00,0.00000000e+00,0.00000000e+00,0.00000000e+00,0.00000000e+00,0.00000000e+00,0.00000000e+00,0.00000000e+00,0.00000000e+00,0.00000000e+00,0.00000000e+00,0.00000000e+00,0.00000000e+00,0.00000000e+00,0.00000000e+00,0.00000000e+00,2.08443799e-05
1.95448861e+02,1.95198861e+02,0.00000000e+00,0.00000000e+00,0.00000000e+00,0.00000000e+00,0.00000000e+00,0.00000000e+00,0.00000000e+00,0.00000000e+00,0.00000000e+00,0.00000000e+00,0.00000000e+00,0.00000000e+00,0.00000000e+00,0.00000000e+00,0.00000000e+00,0.00000000e+00,0.00000000e+00,0.00000000e+00,0.00000000e+00,0.00000000e+00,0.00000000e+00,0.00000000e+00,0.00000000e+00,0.00000000e+00,2.05191152e-05
1.95548886e+02,1.95298886e+02,0.00000000e+00,0.00000000e+00,0.00000000e+00,0.00000000e+00,0.00000000e+00,0.00000000e+00,0.00000000e+00,0.00000000e+00,0.00000000e+00,0.00000000e+00,0.00000000e+00,0.00000000e+00,0.00000000e+00,0.00000000e+00,0.00000000e+00,0.00000000e+00,0.00000000e+00,0.00000000e+00,0.00000000e+00,0.00000000e+00,0.00000000e+00,0.00000000e+00,0.00000000e+00,0.00000000e+00,1.98312902e-05
1.95648911e+02,1.95398911e+02,0.00000000e+00,0.00000000e+00,0.00000000e+00,0.00000000e+00,0.00000000e+00,0.00000000e+00,0.00000000e+00,0.00000000e+00,0.00000000e+00,0.00000000e+00,0.00000000e+00,0.00000000e+00,0.00000000e+00,0.00000000e+00,0.00000000e+00,0.00000000e+00,0.00000000e+00,0.00000000e+00,0.00000000e+00,0.00000000e+00,0.00000000e+00,0.00000000e+00,0.00000000e+00,0.00000000e+00,1.92967453e-05
1.95748936e+02,1.95498936e+02,0.00000000e+00,0.00000000e+00,0.00000000e+00,0.00000000e+00,0.00000000e+00,0.00000000e+00,0.00000000e+00,0.00000000e+00,0.00000000e+00,0.00000000e+00,0.00000000e+00,0.00000000e+00,0.00000000e+00,0.00000000e+00,0.00000000e+00,0.00000000e+00,0.00000000e+00,0.00000000e+00,0.00000000e+00,0.00000000e+00,0.00000000e+00,0.00000000e+00,0.00000000e+00,0.00000000e+00,1.89157298e-05
1.95848961e+02,1.95598961e+02,0.00000000e+00,0.00000000e+00,0.00000000e+00,0.00000000e+00,0.00000000e+00,0.00000000e+00,0.00000000e+00,0.00000000e+00,0.00000000e+00,0.00000000e+00,0.00000000e+00,0.00000000e+00,0.00000000e+00,0.00000000e+00,0.00000000e+00,0.00000000e+00,0.00000000e+00,0.00000000e+00,0.00000000e+00,0.00000000e+00,0.00000000e+00,0.00000000e+00,0.00000000e+00,0.00000000e+00,1.88233450e-05
1.95948986e+02,1.95698986e+02,0.00000000e+00,0.00000000e+00,0.00000000e+00,0.00000000e+00,0.00000000e+00,0.00000000e+00,0.00000000e+00,0.00000000e+00,0.00000000e+00,0.00000000e+00,0.00000000e+00,0.00000000e+00,0.00000000e+00,0.00000000e+00,0.00000000e+00,0.00000000e+00,0.00000000e+00,0.00000000e+00,0.00000000e+00,0.00000000e+00,0.00000000e+00,0.00000000e+00,0.00000000e+00,0.00000000e+00,1.90591355e-05
1.96049011e+02,1.95799011e+02,0.00000000e+00,0.00000000e+00,0.00000000e+00,0.00000000e+00,0.00000000e+00,0.00000000e+00,0.00000000e+00,0.00000000e+00,0.00000000e+00,0.00000000e+00,0.00000000e+00,0.00000000e+00,0.00000000e+00,0.00000000e+00,0.00000000e+00,0.00000000e+00,0.00000000e+00,0.00000000e+00,0.00000000e+00,0.00000000e+00,0.00000000e+00,0.00000000e+00,0.00000000e+00,0.00000000e+00,1.88627947e-05
1.96149036e+02,1.95899036e+02,0.00000000e+00,0.00000000e+00,0.00000000e+00,0.00000000e+00,0.00000000e+00,0.00000000e+00,0.00000000e+00,0.00000000e+00,0.00000000e+00,0.00000000e+00,0.00000000e+00,0.00000000e+00,0.00000000e+00,0.00000000e+00,0.00000000e+00,0.00000000e+00,0.00000000e+00,0.00000000e+00,0.00000000e+00,0.00000000e+00,0.00000000e+00,0.00000000e+00,0.00000000e+00,0.00000000e+00,1.86796520e-05
1.96249061e+02,1.95999061e+02,0.00000000e+00,0.00000000e+00,0.00000000e+00,0.00000000e+00,0.00000000e+00,0.00000000e+00,0.00000000e+00,0.00000000e+00,0.00000000e+00,0.00000000e+00,0.00000000e+00,0.00000000e+00,0.00000000e+00,0.00000000e+00,0.00000000e+00,0.00000000e+00,0.00000000e+00,0.00000000e+00,0.00000000e+00,0.00000000e+00,0.00000000e+00,0.00000000e+00,0.00000000e+00,0.00000000e+00,1.83327341e-05
1.96349086e+02,1.96099086e+02,0.00000000e+00,0.00000000e+00,0.00000000e+00,0.00000000e+00,0.00000000e+00,0.00000000e+00,0.00000000e+00,0.00000000e+00,0.00000000e+00,0.00000000e+00,0.00000000e+00,0.00000000e+00,0.00000000e+00,0.00000000e+00,0.00000000e+00,0.00000000e+00,0.00000000e+00,0.00000000e+00,0.00000000e+00,0.00000000e+00,0.00000000e+00,0.00000000e+00,0.00000000e+00,0.00000000e+00,1.86918865e-05
1.96449111e+02,1.96199111e+02,0.00000000e+00,0.00000000e+00,0.00000000e+00,0.00000000e+00,0.00000000e+00,0.00000000e+00,0.00000000e+00,0.00000000e+00,0.00000000e+00,0.00000000e+00,0.00000000e+00,0.00000000e+00,0.00000000e+00,0.00000000e+00,0.00000000e+00,0.00000000e+00,0.00000000e+00,0.00000000e+00,0.00000000e+00,0.00000000e+00,0.00000000e+00,0.00000000e+00,0.00000000e+00,0.00000000e+00,1.80721854e-05
1.96549136e+02,1.96299136e+02,0.00000000e+00,0.00000000e+00,0.00000000e+00,0.00000000e+00,0.00000000e+00,0.00000000e+00,0.00000000e+00,0.00000000e+00,0.00000000e+00,0.00000000e+00,0.00000000e+00,0.00000000e+00,0.00000000e+00,0.00000000e+00,0.00000000e+00,0.00000000e+00,0.00000000e+00,0.00000000e+00,0.00000000e+00,0.00000000e+00,0.00000000e+00,0.00000000e+00,0.00000000e+00,0.00000000e+00,1.77660732e-05
1.96649161e+02,1.96399161e+02,0.00000000e+00,0.00000000e+00,0.00000000e+00,0.00000000e+00,0.00000000e+00,0.00000000e+00,0.00000000e+00,0.00000000e+00,0.00000000e+00,0.00000000e+00,0.00000000e+00,0.00000000e+00,0.00000000e+00,0.00000000e+00,0.00000000e+00,0.00000000e+00,0.00000000e+00,0.00000000e+00,0.00000000e+00,0.00000000e+00,0.00000000e+00,0.00000000e+00,0.00000000e+00,0.00000000e+00,1.70503338e-05
1.96749186e+02,1.96499186e+02,0.00000000e+00,0.00000000e+00,0.00000000e+00,0.00000000e+00,0.00000000e+00,0.00000000e+00,0.00000000e+00,0.00000000e+00,0.00000000e+00,0.00000000e+00,0.00000000e+00,0.00000000e+00,0.00000000e+00,0.00000000e+00,0.00000000e+00,0.00000000e+00,0.00000000e+00,0.00000000e+00,0.00000000e+00,0.00000000e+00,0.00000000e+00,0.00000000e+00,0.00000000e+00,0.00000000e+00,1.68597582e-05
1.96849211e+02,1.96599211e+02,0.00000000e+00,0.00000000e+00,0.00000000e+00,0.00000000e+00,0.00000000e+00,0.00000000e+00,0.00000000e+00,0.00000000e+00,0.00000000e+00,0.00000000e+00,0.00000000e+00,0.00000000e+00,0.00000000e+00,0.00000000e+00,0.00000000e+00,0.00000000e+00,0.00000000e+00,0.00000000e+00,0.00000000e+00,0.00000000e+00,0.00000000e+00,0.00000000e+00,0.00000000e+00,0.00000000e+00,1.62591326e-05
1.96949236e+02,1.96699236e+02,0.00000000e+00,0.00000000e+00,0.00000000e+00,0.00000000e+00,0.00000000e+00,0.00000000e+00,0.00000000e+00,0.00000000e+00,0.00000000e+00,0.00000000e+00,0.00000000e+00,0.00000000e+00,0.00000000e+00,0.00000000e+00,0.00000000e+00,0.00000000e+00,0.00000000e+00,0.00000000e+00,0.00000000e+00,0.00000000e+00,0.00000000e+00,0.00000000e+00,0.00000000e+00,0.00000000e+00,1.55947354e-05
1.97049261e+02,1.96799261e+02,0.00000000e+00,0.00000000e+00,0.00000000e+00,0.00000000e+00,0.00000000e+00,0.00000000e+00,0.00000000e+00,0.00000000e+00,0.00000000e+00,0.00000000e+00,0.00000000e+00,0.00000000e+00,0.00000000e+00,0.00000000e+00,0.00000000e+00,0.00000000e+00,0.00000000e+00,0.00000000e+00,0.00000000e+00,0.00000000e+00,0.00000000e+00,0.00000000e+00,0.00000000e+00,0.00000000e+00,1.59875331e-05
1.97149286e+02,1.96899286e+02,0.00000000e+00,0.00000000e+00,0.00000000e+00,0.00000000e+00,0.00000000e+00,0.00000000e+00,0.00000000e+00,0.00000000e+00,0.00000000e+00,0.00000000e+00,0.00000000e+00,0.00000000e+00,0.00000000e+00,0.00000000e+00,0.00000000e+00,0.00000000e+00,0.00000000e+00,0.00000000e+00,0.00000000e+00,0.00000000e+00,0.00000000e+00,0.00000000e+00,0.00000000e+00,0.00000000e+00,1.55739063e-05
1.97249311e+02,1.96999311e+02,0.00000000e+00,0.00000000e+00,0.00000000e+00,0.00000000e+00,0.00000000e+00,0.00000000e+00,0.00000000e+00,0.00000000e+00,0.00000000e+00,0.00000000e+00,0.00000000e+00,0.00000000e+00,0.00000000e+00,0.00000000e+00,0.00000000e+00,0.00000000e+00,0.00000000e+00,0.00000000e+00,0.00000000e+00,0.00000000e+00,0.00000000e+00,0.00000000e+00,0.00000000e+00,0.00000000e+00,1.52593106e-05
1.97349337e+02,1.97099337e+02,0.00000000e+00,0.00000000e+00,0.00000000e+00,0.00000000e+00,0.00000000e+00,0.00000000e+00,0.00000000e+00,0.00000000e+00,0.00000000e+00,0.00000000e+00,0.00000000e+00,0.00000000e+00,0.00000000e+00,0.00000000e+00,0.00000000e+00,0.00000000e+00,0.00000000e+00,0.00000000e+00,0.00000000e+00,0.00000000e+00,0.00000000e+00,0.00000000e+00,0.00000000e+00,0.00000000e+00,1.48982353e-05
1.97449362e+02,1.97199362e+02,0.00000000e+00,0.00000000e+00,0.00000000e+00,0.00000000e+00,0.00000000e+00,0.00000000e+00,0.00000000e+00,0.00000000e+00,0.00000000e+00,0.00000000e+00,0.00000000e+00,0.00000000e+00,0.00000000e+00,0.00000000e+00,0.00000000e+00,0.00000000e+00,0.00000000e+00,0.00000000e+00,0.00000000e+00,0.00000000e+00,0.00000000e+00,0.00000000e+00,0.00000000e+00,0.00000000e+00,1.42955538e-05
1.97549387e+02,1.97299387e+02,0.00000000e+00,0.00000000e+00,0.00000000e+00,0.00000000e+00,0.00000000e+00,0.00000000e+00,0.00000000e+00,0.00000000e+00,0.00000000e+00,0.00000000e+00,0.00000000e+00,0.00000000e+00,0.00000000e+00,0.00000000e+00,0.00000000e+00,0.00000000e+00,0.00000000e+00,0.00000000e+00,0.00000000e+00,0.00000000e+00,0.00000000e+00,0.00000000e+00,0.00000000e+00,0.00000000e+00,1.34839860e-05
1.97649412e+02,1.97399412e+02,0.00000000e+00,0.00000000e+00,0.00000000e+00,0.00000000e+00,0.00000000e+00,0.00000000e+00,0.00000000e+00,0.00000000e+00,0.00000000e+00,0.00000000e+00,0.00000000e+00,0.00000000e+00,0.00000000e+00,0.00000000e+00,0.00000000e+00,0.00000000e+00,0.00000000e+00,0.00000000e+00,0.00000000e+00,0.00000000e+00,0.00000000e+00,0.00000000e+00,0.00000000e+00,0.00000000e+00,1.34782202e-05
1.97749437e+02,1.97499437e+02,0.00000000e+00,0.00000000e+00,0.00000000e+00,0.00000000e+00,0.00000000e+00,0.00000000e+00,0.00000000e+00,0.00000000e+00,0.00000000e+00,0.00000000e+00,0.00000000e+00,0.00000000e+00,0.00000000e+00,0.00000000e+00,0.00000000e+00,0.00000000e+00,0.00000000e+00,0.00000000e+00,0.00000000e+00,0.00000000e+00,0.00000000e+00,0.00000000e+00,0.00000000e+00,0.00000000e+00,1.25597304e-05
1.97849462e+02,1.97599462e+02,0.00000000e+00,0.00000000e+00,0.00000000e+00,0.00000000e+00,0.00000000e+00,0.00000000e+00,0.00000000e+00,0.00000000e+00,0.00000000e+00,0.00000000e+00,0.00000000e+00,0.00000000e+00,0.00000000e+00,0.00000000e+00,0.00000000e+00,0.00000000e+00,0.00000000e+00,0.00000000e+00,0.00000000e+00,0.00000000e+00,0.00000000e+00,0.00000000e+00,0.00000000e+00,0.00000000e+00,1.21777239e-05
1.97949487e+02,1.97699487e+02,0.00000000e+00,0.00000000e+00,0.00000000e+00,0.00000000e+00,0.00000000e+00,0.00000000e+00,0.00000000e+00,0.00000000e+00,0.00000000e+00,0.00000000e+00,0.00000000e+00,0.00000000e+00,0.00000000e+00,0.00000000e+00,0.00000000e+00,0.00000000e+00,0.00000000e+00,0.00000000e+00,0.00000000e+00,0.00000000e+00,0.00000000e+00,0.00000000e+00,0.00000000e+00,0.00000000e+00,1.28908278e-05
1.98049512e+02,1.97799512e+02,0.00000000e+00,0.00000000e+00,0.00000000e+00,0.00000000e+00,0.00000000e+00,0.00000000e+00,0.00000000e+00,0.00000000e+00,0.00000000e+00,0.00000000e+00,0.00000000e+00,0.00000000e+00,0.00000000e+00,0.00000000e+00,0.00000000e+00,0.00000000e+00,0.00000000e+00,0.00000000e+00,0.00000000e+00,0.00000000e+00,0.00000000e+00,0.00000000e+00,0.00000000e+00,0.00000000e+00,1.21353939e-05
1.98149537e+02,1.97899537e+02,0.00000000e+00,0.00000000e+00,0.00000000e+00,0.00000000e+00,0.00000000e+00,0.00000000e+00,0.00000000e+00,0.00000000e+00,0.00000000e+00,0.00000000e+00,0.00000000e+00,0.00000000e+00,0.00000000e+00,0.00000000e+00,0.00000000e+00,0.00000000e+00,0.00000000e+00,0.00000000e+00,0.00000000e+00,0.00000000e+00,0.00000000e+00,0.00000000e+00,0.00000000e+00,0.00000000e+00,1.23186424e-05
1.98249562e+02,1.97999562e+02,0.00000000e+00,0.00000000e+00,0.00000000e+00,0.00000000e+00,0.00000000e+00,0.00000000e+00,0.00000000e+00,0.00000000e+00,0.00000000e+00,0.00000000e+00,0.00000000e+00,0.00000000e+00,0.00000000e+00,0.00000000e+00,0.00000000e+00,0.00000000e+00,0.00000000e+00,0.00000000e+00,0.00000000e+00,0.00000000e+00,0.00000000e+00,0.00000000e+00,0.00000000e+00,0.00000000e+00,1.16041851e-05
1.98349587e+02,1.98099587e+02,0.00000000e+00,0.00000000e+00,0.00000000e+00,0.00000000e+00,0.00000000e+00,0.00000000e+00,0.00000000e+00,0.00000000e+00,0.00000000e+00,0.00000000e+00,0.00000000e+00,0.00000000e+00,0.00000000e+00,0.00000000e+00,0.00000000e+00,0.00000000e+00,0.00000000e+00,0.00000000e+00,0.00000000e+00,0.00000000e+00,0.00000000e+00,0.00000000e+00,0.00000000e+00,0.00000000e+00,1.09842353e-05
1.98449612e+02,1.98199612e+02,0.00000000e+00,0.00000000e+00,0.00000000e+00,0.00000000e+00,0.00000000e+00,0.00000000e+00,0.00000000e+00,0.00000000e+00,0.00000000e+00,0.00000000e+00,0.00000000e+00,0.00000000e+00,0.00000000e+00,0.00000000e+00,0.00000000e+00,0.00000000e+00,0.00000000e+00,0.00000000e+00,0.00000000e+00,0.00000000e+00,0.00000000e+00,0.00000000e+00,0.00000000e+00,0.00000000e+00,1.10279748e-05
1.98549637e+02,1.98299637e+02,0.00000000e+00,0.00000000e+00,0.00000000e+00,0.00000000e+00,0.00000000e+00,0.00000000e+00,0.00000000e+00,0.00000000e+00,0.00000000e+00,0.00000000e+00,0.00000000e+00,0.00000000e+00,0.00000000e+00,0.00000000e+00,0.00000000e+00,0.00000000e+00,0.00000000e+00,0.00000000e+00,0.00000000e+00,0.00000000e+00,0.00000000e+00,0.00000000e+00,0.00000000e+00,0.00000000e+00,1.09311563e-05
1.98649662e+02,1.98399662e+02,0.00000000e+00,0.00000000e+00,0.00000000e+00,0.00000000e+00,0.00000000e+00,0.00000000e+00,0.00000000e+00,0.00000000e+00,0.00000000e+00,0.00000000e+00,0.00000000e+00,0.00000000e+00,0.00000000e+00,0.00000000e+00,0.00000000e+00,0.00000000e+00,0.00000000e+00,0.00000000e+00,0.00000000e+00,0.00000000e+00,0.00000000e+00,0.00000000e+00,0.00000000e+00,0.00000000e+00,1.04770443e-05
1.98749687e+02,1.98499687e+02,0.00000000e+00,0.00000000e+00,0.00000000e+00,0.00000000e+00,0.00000000e+00,0.00000000e+00,0.00000000e+00,0.00000000e+00,0.00000000e+00,0.00000000e+00,0.00000000e+00,0.00000000e+00,0.00000000e+00,0.00000000e+00,0.00000000e+00,0.00000000e+00,0.00000000e+00,0.00000000e+00,0.00000000e+00,0.00000000e+00,0.00000000e+00,0.00000000e+00,0.00000000e+00,0.00000000e+00,1.00324015e-05
1.98849712e+02,1.98599712e+02,0.00000000e+00,0.00000000e+00,0.00000000e+00,0.00000000e+00,0.00000000e+00,0.00000000e+00,0.00000000e+00,0.00000000e+00,0.00000000e+00,0.00000000e+00,0.00000000e+00,0.00000000e+00,0.00000000e+00,0.00000000e+00,0.00000000e+00,0.00000000e+00,0.00000000e+00,0.00000000e+00,0.00000000e+00,0.00000000e+00,0.00000000e+00,0.00000000e+00,0.00000000e+00,0.00000000e+00,9.98428685e-06
1.98949737e+02,1.98699737e+02,0.00000000e+00,0.00000000e+00,0.00000000e+00,0.00000000e+00,0.00000000e+00,0.00000000e+00,0.00000000e+00,0.00000000e+00,0.00000000e+00,0.00000000e+00,0.00000000e+00,0.00000000e+00,0.00000000e+00,0.00000000e+00,0.00000000e+00,0.00000000e+00,0.00000000e+00,0.00000000e+00,0.00000000e+00,0.00000000e+00,0.00000000e+00,0.00000000e+00,0.00000000e+00,0.00000000e+00,9.44223445e-06
1.99049762e+02,1.98799762e+02,0.00000000e+00,0.00000000e+00,0.00000000e+00,0.00000000e+00,0.00000000e+00,0.00000000e+00,0.00000000e+00,0.00000000e+00,0.00000000e+00,0.00000000e+00,0.00000000e+00,0.00000000e+00,0.00000000e+00,0.00000000e+00,0.00000000e+00,0.00000000e+00,0.00000000e+00,0.00000000e+00,0.00000000e+00,0.00000000e+00,0.00000000e+00,0.00000000e+00,0.00000000e+00,0.00000000e+00,9.22782440e-06
1.99149787e+02,1.98899787e+02,0.00000000e+00,0.00000000e+00,0.00000000e+00,0.00000000e+00,0.00000000e+00,0.00000000e+00,0.00000000e+00,0.00000000e+00,0.00000000e+00,0.00000000e+00,0.00000000e+00,0.00000000e+00,0.00000000e+00,0.00000000e+00,0.00000000e+00,0.00000000e+00,0.00000000e+00,0.00000000e+00,0.00000000e+00,0.00000000e+00,0.00000000e+00,0.00000000e+00,0.00000000e+00,0.00000000e+00,9.03219221e-06
1.99249812e+02,1.98999812e+02,0.00000000e+00,0.00000000e+00,0.00000000e+00,0.00000000e+00,0.00000000e+00,0.00000000e+00,0.00000000e+00,0.00000000e+00,0.00000000e+00,0.00000000e+00,0.00000000e+00,0.00000000e+00,0.00000000e+00,0.00000000e+00,0.00000000e+00,0.00000000e+00,0.00000000e+00,0.00000000e+00,0.00000000e+00,0.00000000e+00,0.00000000e+00,0.00000000e+00,0.00000000e+00,0.00000000e+00,8.78225186e-06
1.99349837e+02,1.99099837e+02,0.00000000e+00,0.00000000e+00,0.00000000e+00,0.00000000e+00,0.00000000e+00,0.00000000e+00,0.00000000e+00,0.00000000e+00,0.00000000e+00,0.00000000e+00,0.00000000e+00,0.00000000e+00,0.00000000e+00,0.00000000e+00,0.00000000e+00,0.00000000e+00,0.00000000e+00,0.00000000e+00,0.00000000e+00,0.00000000e+00,0.00000000e+00,0.00000000e+00,0.00000000e+00,0.00000000e+00,8.35231965e-06
1.99449862e+02,1.99199862e+02,0.00000000e+00,0.00000000e+00,0.00000000e+00,0.00000000e+00,0.00000000e+00,0.00000000e+00,0.00000000e+00,0.00000000e+00,0.00000000e+00,0.00000000e+00,0.00000000e+00,0.00000000e+00,0.00000000e+00,0.00000000e+00,0.00000000e+00,0.00000000e+00,0.00000000e+00,0.00000000e+00,0.00000000e+00,0.00000000e+00,0.00000000e+00,0.00000000e+00,0.00000000e+00,0.00000000e+00,7.96701658e-06
1.99549887e+02,1.99299887e+02,0.00000000e+00,0.00000000e+00,0.00000000e+00,0.00000000e+00,0.00000000e+00,0.00000000e+00,0.00000000e+00,0.00000000e+00,0.00000000e+00,0.00000000e+00,0.00000000e+00,0.00000000e+00,0.00000000e+00,0.00000000e+00,0.00000000e+00,0.00000000e+00,0.00000000e+00,0.00000000e+00,0.00000000e+00,0.00000000e+00,0.00000000e+00,0.00000000e+00,0.00000000e+00,0.00000000e+00,7.54278829e-06
1.99649912e+02,1.99399912e+02,0.00000000e+00,0.00000000e+00,0.00000000e+00,0.00000000e+00,0.00000000e+00,0.00000000e+00,0.00000000e+00,0.00000000e+00,0.00000000e+00,0.00000000e+00,0.00000000e+00,0.00000000e+00,0.00000000e+00,0.00000000e+00,0.00000000e+00,0.00000000e+00,0.00000000e+00,0.00000000e+00,0.00000000e+00,0.00000000e+00,0.00000000e+00,0.00000000e+00,0.00000000e+00,0.00000000e+00,7.09218467e-06
1.99749937e+02,1.99499937e+02,0.00000000e+00,0.00000000e+00,0.00000000e+00,0.00000000e+00,0.00000000e+00,0.00000000e+00,0.00000000e+00,0.00000000e+00,0.00000000e+00,0.00000000e+00,0.00000000e+00,0.00000000e+00,0.00000000e+00,0.00000000e+00,0.00000000e+00,0.00000000e+00,0.00000000e+00,0.00000000e+00,0.00000000e+00,0.00000000e+00,0.00000000e+00,0.00000000e+00,0.00000000e+00,0.00000000e+00,6.97983736e-06
1.99849962e+02,1.99599962e+02,0.00000000e+00,0.00000000e+00,0.00000000e+00,0.00000000e+00,0.00000000e+00,0.00000000e+00,0.00000000e+00,0.00000000e+00,0.00000000e+00,0.00000000e+00,0.00000000e+00,0.00000000e+00,0.00000000e+00,0.00000000e+00,0.00000000e+00,0.00000000e+00,0.00000000e+00,0.00000000e+00,0.00000000e+00,0.00000000e+00,0.00000000e+00,0.00000000e+00,0.00000000e+00,0.00000000e+00,6.69060436e-06
1.99949987e+02,1.99699987e+02,0.00000000e+00,0.00000000e+00,0.00000000e+00,0.00000000e+00,0.00000000e+00,0.00000000e+00,0.00000000e+00,0.00000000e+00,0.00000000e+00,0.00000000e+00,0.00000000e+00,0.00000000e+00,0.00000000e+00,0.00000000e+00,0.00000000e+00,0.00000000e+00,0.00000000e+00,0.00000000e+00,0.00000000e+00,0.00000000e+00,0.00000000e+00,0.00000000e+00,0.00000000e+00,0.00000000e+00,6.05619625e-06
