z_cm,nXt_mean,nXt_std,fission_mean,fission_std,ngamma_mean,ngamma_std,n2n_mean,n2n_std,flux_mean,flux_std,heating_mean,heating_std,absorption_mean,absorption_std,nu_fission_mean,nu_fission_std,current_z_mean,current_z_std
5.00000000e-02,2.55601176e-03,5.35511441e-05,0.00000000e+00,0.00000000e+00,5.08664897e-04,3.13869717e-05,6.43674138e-03,7.26182959e-05,4.03243071e+00,5.01233970e-02,1.86198836e+04,2.69214108e+02,2.89488769e-03,5.76056728e-05,0.00000000e+00,0.00000000e+00,0.00000000e+00,0.00000000e+00
1.50000000e-01,2.55369257e-03,4.83478324e-05,0.00000000e+00,0.00000000e+00,4.81336036e-04,2.66468328e-05,6.40836074e-03,6.85054841e-05,4.02812085e+00,4.74186779e-02,1.85978968e+04,2.42242960e+02,2.86581011e-03,5.63578502e-05,0.00000000e+00,0.00000000e+00,9.75720000e+00,1.22115382e-01
2.50000000e-01,2.55112099e-03,5.03721743e-05,0.00000000e+00,0.00000000e+00,5.00447568e-04,3.09107238e-05,6.37112714e-03,6.36967602e-05,4.04383748e+00,5.06883014e-02,1.86492924e+04,2.50934990e+02,2.88062413e-03,6.39021716e-05,0.00000000e+00,0.00000000e+00,0.00000000e+00,0.00000000e+00
3.50000000e-01,2.57119171e-03,5.12634478e-05,0.00000000e+00,0.00000000e+00,5.23334376e-04,4.56379256e-05,6.34276456e-03,7.79376414e-05,4.04923123e+00,5.07264704e-02,1.87476979e+04,2.42461115e+02,2.92228750e-03,7.60316408e-05,0.00000000e+00,0.00000000e+00,9.74620000e+00,1.21564593e-01
4.50000000e-01,2.55006468e-03,5.16644830e-05,0.00000000e+00,0.00000000e+00,5.31924113e-04,3.32097562e-05,6.25348423e-03,3.53361515e-05,4.03867250e+00,5.17602486e-02,1.86386478e+04,2.62994008e+02,2.91256130e-03,6.57961357e-05,0.00000000e+00,0.00000000e+00,0.00000000e+00,0.00000000e+00
5.50000000e-01,2.54556108e-03,5.16153670e-05,0.00000000e+00,0.00000000e+00,5.37638854e-04,3.47850482e-05,6.22325312e-03,3.66542251e-05,4.03571150e+00,4.88977457e-02,1.85793978e+04,2.67608630e+02,2.91472469e-03,6.51849213e-05,0.00000000e+00,0.00000000e+00,9.74740000e+00,1.23035024e-01
6.50000000e-01,2.52823083e-03,5.00554765e-05,0.00000000e+00,0.00000000e+00,5.45693087e-04,3.41859664e-05,6.19894947e-03,3.78068508e-05,4.03698734e+00,4.95469582e-02,1.84801278e+04,2.69897907e+02,2.90682959e-03,6.47120745e-05,0.00000000e+00,0.00000000e+00,0.00000000e+00,0.00000000e+00
7.50000000e-01,2.54818827e-03,4.88109330e-05,0.00000000e+00,0.00000000e+00,5.30230574e-04,3.04428027e-05,6.17220805e-03,3.84247875e-05,4.04686023e+00,5.06649335e-02,1.85782931e+04,2.59650904e+02,2.91164227e-03,6.26742511e-05,0.00000000e+00,0.00000000e+00,9.74900000e+00,1.22552529e-01
8.50000000e-01,2.55578503e-03,5.12019544e-05,0.00000000e+00,0.00000000e+00,5.69432490e-04,4.78340800e-05,6.13553862e-03,3.84980583e-05,4.04834815e+00,5.05821561e-02,1.86236448e+04,2.63238133e+02,2.95890689e-03,7.56887492e-05,0.00000000e+00,0.00000000e+00,0.00000000e+00,0.00000000e+00
9.50000000e-01,2.54175419e-03,5.23684663e-05,0.00000000e+00,0.00000000e+00,5.42068106e-04,3.47317003e-05,6.10350211e-03,4.02166097e-05,4.04386789e+00,5.17753253e-02,1.85733463e+04,2.73300837e+02,2.91771546e-03,6.54729634e-05,0.00000000e+00,0.00000000e+00,9.74580000e+00,1.21011077e-01
1.05000000e+00,2.54948700e-03,5.33471794e-05,0.00000000e+00,0.00000000e+00,5.54788735e-04,3.82691406e-05,6.06724607e-03,3.95787559e-05,4.04345724e+00,5.33347879e-02,1.85940031e+04,2.86522851e+02,2.93876132e-03,6.94831155e-05,0.00000000e+00,0.00000000e+00,0.00000000e+00,0.00000000e+00
1.15000000e+00,2.56266740e-03,5.47920102e-05,0.00000000e+00,0.00000000e+00,5.30324898e-04,3.20085937e-05,6.03256827e-03,3.99879353e-05,4.05297741e+00,5.51584177e-02,1.86479863e+04,2.93808571e+02,2.92989603e-03,6.28301341e-05,0.00000000e+00,0.00000000e+00,9.75360000e+00,1.21218898e-01
1.25000000e+00,2.55098607e-03,5.15210413e-05,0.00000000e+00,0.00000000e+00,4.96911585e-04,2.60856318e-05,6.00735105e-03,4.10203921e-05,4.03908194e+00,5.33076648e-02,1.85815871e+04,2.81368412e+02,2.88592266e-03,6.18997757e-05,0.00000000e+00,0.00000000e+00,0.00000000e+00,0.00000000e+00
1.35000000e+00,2.53544734e-03,4.91750364e-05,0.00000000e+00,0.00000000e+00,4.91985871e-04,2.21424420e-05,5.97092067e-03,4.21252550e-05,4.03346001e+00,5.08667363e-02,1.84796132e+04,2.64619972e+02,2.86643065e-03,5.77895741e-05,0.00000000e+00,0.00000000e+00,9.75640000e+00,1.21031202e-01
1.45000000e+00,2.55188599e-03,5.48424466e-05,0.00000000e+00,0.00000000e+00,5.14657117e-04,2.34811532e-05,5.95937099e-03,4.45904487e-05,4.03066864e+00,5.44602132e-02,1.85285833e+04,2.93264887e+02,2.90560682e-03,6.52851732e-05,0.00000000e+00,0.00000000e+00,0.00000000e+00,0.00000000e+00
1.55000000e+00,2.56661146e-03,5.14981460e-05,0.00000000e+00,0.00000000e+00,5.05704358e-04,2.19115666e-05,5.94404918e-03,5.20441804e-05,4.03906911e+00,5.10850897e-02,1.86088552e+04,2.80599437e+02,2.91119106e-03,6.08874685e-05,0.00000000e+00,0.00000000e+00,9.75920000e+00,1.19248271e-01
1.65000000e+00,2.58638706e-03,5.03680881e-05,0.00000000e+00,0.00000000e+00,5.01184900e-04,2.31204047e-05,5.94723728e-03,6.76923680e-05,4.05671144e+00,5.04917490e-02,1.86942284e+04,2.66929243e+02,2.92497635e-03,5.95127175e-05,0.00000000e+00,0.00000000e+00,0.00000000e+00,0.00000000e+00
1.75000000e+00,2.56473650e-03,4.92940828e-05,0.00000000e+00,0.00000000e+00,4.94966998e-04,2.34065919e-05,5.89978723e-03,5.31106533e-05,4.02927378e+00,4.89902735e-02,1.85443042e+04,2.57287232e+02,2.89852174e-03,5.94097380e-05,0.00000000e+00,0.00000000e+00,9.77720000e+00,1.20289460e-01
1.85000000e+00,2.57976881e-03,5.53304923e-05,0.00000000e+00,0.00000000e+00,5.34542099e-04,3.40993113e-05,5.85243999e-03,4.71364419e-05,4.02348260e+00,4.88650881e-02,1.86321690e+04,2.90618974e+02,2.95249439e-03,7.22316395e-05,0.00000000e+00,0.00000000e+00,0.00000000e+00,0.00000000e+00
1.95000000e+00,2.56066659e-03,5.18203719e-05,0.00000000e+00,0.00000000e+00,5.60404855e-04,6.42351259e-05,5.83672511e-03,4.98753460e-05,4.03161785e+00,5.04662243e-02,1.85364632e+04,2.69754194e+02,2.95941121e-03,8.46209203e-05,0.00000000e+00,0.00000000e+00,9.78200000e+00,1.21268129e-01
2.05000000e+00,2.57967014e-03,5.37584769e-05,0.00000000e+00,0.00000000e+00,5.08151735e-04,2.59350290e-05,5.82932455e-03,5.69022423e-05,4.04409099e+00,5.13455867e-02,1.86024489e+04,2.78549437e+02,2.92752541e-03,6.38578303e-05,0.00000000e+00,0.00000000e+00,0.00000000e+00,0.00000000e+00
2.15000000e+00,2.56952679e-03,5.12701465e-05,0.00000000e+00,0.00000000e+00,4.90292766e-04,2.16131605e-05,5.82384958e-03,6.81709972e-05,4.03479418e+00,4.81888032e-02,1.85927077e+04,2.69015344e+02,2.90088226e-03,6.08819281e-05,0.00000000e+00,0.00000000e+00,9.76080000e+00,1.20425721e-01
2.25000000e+00,2.56822513e-03,4.76450181e-05,0.00000000e+00,0.00000000e+00,5.11604690e-04,2.03446194e-05,5.81118806e-03,8.49215320e-05,4.04360314e+00,5.03499500e-02,1.85114538e+04,2.61124439e+02,2.92317257e-03,5.43249871e-05,0.00000000e+00,0.00000000e+00,0.00000000e+00,0.00000000e+00
2.35000000e+00,2.58201387e-03,4.97006292e-05,0.00000000e+00,0.00000000e+00,5.57556153e-04,4.54539396e-05,5.72122636e-03,6.89414822e-05,4.03644152e+00,5.16710236e-02,1.85052758e+04,2.64030972e+02,2.98588534e-03,7.38863244e-05,0.00000000e+00,0.00000000e+00,9.76200000e+00,1.19843435e-01
2.45000000e+00,2.57784098e-03,4.97371246e-05,0.00000000e+00,0.00000000e+00,5.32166350e-04,3.03030913e-05,5.67076809e-03,6.81514879e-05,4.01552172e+00,4.77741157e-02,1.84599983e+04,2.57591591e+02,2.95805341e-03,6.68746496e-05,0.00000000e+00,0.00000000e+00,0.00000000e+00,0.00000000e+00
2.55000000e+00,2.60114068e-03,4.89530392e-05,0.00000000e+00,0.00000000e+00,5.24659553e-04,2.80567377e-05,5.66836595e-03,7.80913899e-05,4.03080076e+00,4.85844585e-02,1.85708218e+04,2.56692330e+02,2.97465205e-03,6.46634948e-05,0.00000000e+00,0.00000000e+00,9.75300000e+00,1.17970335e-01
2.65000000e+00,2.55717116e-03,4.74804183e-05,0.00000000e+00,0.00000000e+00,5.15723599e-04,2.65477312e-05,5.54690625e-03,5.96023561e-05,4.01557832e+00,4.73038179e-02,1.83221874e+04,2.53689918e+02,2.92506778e-03,6.01054009e-05,0.00000000e+00,0.00000000e+00,0.00000000e+00,0.00000000e+00
2.75000000e+00,2.54871842e-03,4.90583229e-05,0.00000000e+00,0.00000000e+00,5.36385091e-04,2.95348632e-05,5.51137132e-03,6.17562940e-05,4.01498643e+00,5.01787061e-02,1.82969065e+04,2.56227060e+02,2.93796259e-03,6.43693925e-05,0.00000000e+00,0.00000000e+00,9.74160000e+00,1.17591600e-01
2.85000000e+00,2.54518083e-03,5.08492673e-05,0.00000000e+00,0.00000000e+00,5.31923867e-04,3.00816761e-05,5.49172341e-03,6.38625713e-05,4.00056251e+00,5.27929054e-02,1.82529279e+04,2.68740188e+02,2.93038768e-03,6.68348896e-05,0.00000000e+00,0.00000000e+00,0.00000000e+00,0.00000000e+00
2.95000000e+00,2.54422754e-03,5.06509426e-05,0.00000000e+00,0.00000000e+00,5.23648893e-04,3.05077759e-05,5.48722773e-03,7.26253696e-05,4.00758444e+00,5.58844773e-02,1.82532426e+04,2.68330213e+02,2.92063814e-03,6.82092253e-05,0.00000000e+00,0.00000000e+00,9.74080000e+00,1.17915515e-01
3.05000000e+00,2.55568775e-03,4.84030446e-05,0.00000000e+00,0.00000000e+00,5.44705570e-04,3.21805060e-05,5.46508235e-03,7.13862128e-05,4.01927670e+00,5.04138380e-02,1.83201862e+04,2.58516757e+02,2.95269618e-03,6.68561585e-05,0.00000000e+00,0.00000000e+00,0.00000000e+00,0.00000000e+00
3.15000000e+00,2.54879703e-03,4.64977937e-05,0.00000000e+00,0.00000000e+00,5.46439723e-04,2.87658680e-05,5.41556477e-03,8.34461229e-05,3.99880663e+00,5.38493052e-02,1.82093093e+04,2.55845079e+02,2.94848031e-03,6.08294544e-05,0.00000000e+00,0.00000000e+00,9.74160000e+00,1.19615834e-01
3.25000000e+00,2.54328150e-03,4.90424591e-05,0.00000000e+00,0.00000000e+00,5.37278150e-04,2.48387697e-05,5.36924775e-03,9.30683003e-05,4.00941598e+00,5.40350861e-02,1.82215207e+04,2.79903788e+02,2.93418602e-03,5.86238509e-05,0.00000000e+00,0.00000000e+00,0.00000000e+00,0.00000000e+00
3.35000000e+00,2.56099116e-03,4.93581075e-05,0.00000000e+00,0.00000000e+00,5.43206994e-04,2.58001199e-05,5.30474119e-03,8.81350761e-05,4.02079715e+00,5.11150759e-02,1.82676137e+04,2.70875702e+02,2.95910253e-03,5.94790232e-05,0.00000000e+00,0.00000000e+00,9.74340000e+00,1.16976052e-01
3.45000000e+00,2.55734404e-03,4.58212507e-05,0.00000000e+00,0.00000000e+00,5.68282671e-04,3.54623550e-05,5.22721500e-03,5.35797026e-05,4.02210009e+00,5.13923933e-02,1.82107270e+04,2.45719163e+02,2.98330256e-03,6.63138537e-05,0.00000000e+00,0.00000000e+00,0.00000000e+00,0.00000000e+00
3.55000000e+00,2.52170783e-03,4.55538721e-05,0.00000000e+00,0.00000000e+00,5.37595967e-04,2.70470712e-05,5.19466157e-03,5.29023524e-05,3.99089916e+00,5.15754222e-02,1.80115263e+04,2.46041274e+02,2.91767002e-03,5.89540404e-05,0.00000000e+00,0.00000000e+00,9.72500000e+00,1.17060337e-01
3.65000000e+00,2.52468186e-03,4.67741507e-05,0.00000000e+00,0.00000000e+00,5.87198505e-04,4.75533808e-05,5.16865983e-03,5.48190192e-05,3.99483843e+00,5.01499487e-02,1.80822372e+04,2.47414912e+02,2.96939582e-03,6.49992645e-05,0.00000000e+00,0.00000000e+00,0.00000000e+00,0.00000000e+00
3.75000000e+00,2.54407854e-03,4.62694735e-05,0.00000000e+00,0.00000000e+00,6.14516282e-04,6.67790187e-05,5.11302020e-03,5.34836829e-05,4.00993311e+00,4.82526049e-02,1.81325091e+04,2.38542925e+02,3.01769201e-03,8.16193425e-05,0.00000000e+00,0.00000000e+00,9.70800000e+00,1.18403668e-01
3.85000000e+00,2.54051341e-03,4.90931889e-05,0.00000000e+00,0.00000000e+00,5.44607007e-04,2.92597100e-05,5.07419887e-03,5.08185978e-05,3.97972571e+00,5.11917387e-02,1.80630783e+04,2.58801303e+02,2.94528523e-03,6.16148317e-05,0.00000000e+00,0.00000000e+00,0.00000000e+00,0.00000000e+00
3.95000000e+00,2.54606047e-03,4.82437708e-05,0.00000000e+00,0.00000000e+00,5.38017935e-04,3.27094390e-05,5.04030028e-03,5.16438380e-05,4.00224416e+00,5.35650300e-02,1.81076185e+04,2.65087513e+02,2.94509069e-03,6.28865522e-05,0.00000000e+00,0.00000000e+00,9.71020000e+00,1.18964062e-01
4.05000000e+00,2.53889061e-03,4.92582696e-05,0.00000000e+00,0.00000000e+00,5.12862928e-04,2.47038524e-05,5.00274422e-03,5.18267796e-05,4.00684755e+00,5.24453623e-02,1.80577497e+04,2.69413158e+02,2.91303346e-03,5.82397997e-05,0.00000000e+00,0.00000000e+00,0.00000000e+00,0.00000000e+00
4.15000000e+00,2.52483327e-03,4.68919482e-05,0.00000000e+00,0.00000000e+00,5.01689268e-04,2.26999119e-05,4.96851380e-03,5.16200750e-05,4.00575522e+00,5.22088977e-02,1.79913240e+04,2.57222671e+02,2.89014926e-03,5.50061840e-05,0.00000000e+00,0.00000000e+00,9.68760000e+00,1.16800741e-01
4.25000000e+00,2.53137302e-03,4.49093206e-05,0.00000000e+00,0.00000000e+00,4.95887562e-04,2.08555842e-05,4.97067611e-03,6.32266283e-05,4.00785260e+00,5.26803051e-02,1.79886392e+04,2.43476810e+02,2.89048247e-03,5.45926294e-05,0.00000000e+00,0.00000000e+00,0.00000000e+00,0.00000000e+00
4.35000000e+00,2.52965482e-03,4.49372724e-05,0.00000000e+00,0.00000000e+00,4.94814843e-04,2.06065101e-05,4.91789656e-03,5.93123444e-05,3.99881223e+00,5.10455198e-02,1.79303798e+04,2.44364633e+02,2.88984981e-03,5.65617439e-05,0.00000000e+00,0.00000000e+00,9.68740000e+00,1.15798139e-01
4.45000000e+00,2.50867827e-03,4.58373997e-05,0.00000000e+00,0.00000000e+00,5.07190820e-04,2.74976558e-05,4.89614397e-03,6.32072215e-05,3.97744222e+00,5.25195406e-02,1.78495233e+04,2.51792940e+02,2.88187600e-03,6.15051157e-05,0.00000000e+00,0.00000000e+00,0.00000000e+00,0.00000000e+00
4.55000000e+00,2.52618086e-03,4.53041187e-05,0.00000000e+00,0.00000000e+00,5.34272815e-04,3.33098838e-05,4.92026823e-03,8.37680271e-05,3.99422466e+00,5.35904190e-02,1.79239140e+04,2.44704827e+02,2.92615835e-03,6.11575541e-05,0.00000000e+00,0.00000000e+00,9.68760000e+00,1.16612934e-01
4.65000000e+00,2.51430290e-03,4.80272527e-05,0.00000000e+00,0.00000000e+00,5.30907884e-04,2.69446736e-05,4.89200218e-03,7.85515880e-05,3.99402658e+00,5.06041349e-02,1.78774671e+04,2.54561477e+02,2.91169085e-03,5.73651319e-05,0.00000000e+00,0.00000000e+00,0.00000000e+00,0.00000000e+00
4.75000000e+00,2.54593900e-03,5.23070187e-05,0.00000000e+00,0.00000000e+00,5.71882781e-04,3.36017136e-05,4.84610399e-03,7.28332875e-05,4.00732800e+00,4.88940946e-02,1.80116600e+04,2.78399280e+02,2.98493316e-03,6.52926455e-05,0.00000000e+00,0.00000000e+00,9.66160000e+00,1.16289351e-01
4.85000000e+00,2.53542508e-03,5.10570658e-05,0.00000000e+00,0.00000000e+00,5.56382251e-04,3.53933664e-05,4.81564406e-03,7.05223923e-05,3.98865932e+00,5.01379263e-02,1.79062197e+04,2.71140148e+02,2.95784208e-03,6.80317395e-05,0.00000000e+00,0.00000000e+00,0.00000000e+00,0.00000000e+00
4.95000000e+00,2.54176521e-03,5.34257605e-05,0.00000000e+00,0.00000000e+00,5.67113806e-04,3.76755005e-05,4.81305799e-03,7.51239788e-05,4.00272893e+00,5.44727908e-02,1.80103449e+04,2.88738923e+02,2.97210632e-03,7.30848410e-05,0.00000000e+00,0.00000000e+00,9.65960000e+00,1.15492542e-01
5.05000000e+00,2.54090308e-03,5.30498367e-05,0.00000000e+00,0.00000000e+00,5.20395471e-04,2.67515251e-05,4.76062539e-03,7.15502571e-05,3.98253305e+00,5.13805333e-02,1.79876965e+04,2.76441241e+02,2.92704093e-03,6.33491119e-05,0.00000000e+00,0.00000000e+00,0.00000000e+00,0.00000000e+00
5.15000000e+00,2.51007204e-03,4.48801784e-05,0.00000000e+00,0.00000000e+00,5.23082909e-04,2.93912068e-05,4.70971982e-03,6.54961764e-05,3.96703987e+00,4.91361567e-02,1.77600870e+04,2.41227651e+02,2.90293696e-03,5.75781720e-05,0.00000000e+00,0.00000000e+00,9.66240000e+00,1.16258179e-01
5.25000000e+00,2.49605000e-03,4.53149265e-05,0.00000000e+00,0.00000000e+00,5.10079572e-04,2.93011008e-05,4.67817813e-03,6.57422234e-05,3.94634581e+00,4.98661011e-02,1.76321241e+04,2.45628345e+02,2.87819407e-03,5.78420300e-05,0.00000000e+00,0.00000000e+00,0.00000000e+00,0.00000000e+00
5.35000000e+00,2.50161666e-03,4.37066826e-05,0.00000000e+00,0.00000000e+00,5.21062169e-04,2.93569389e-05,4.65476480e-03,6.92407821e-05,3.95887290e+00,4.79481701e-02,1.76859154e+04,2.34767913e+02,2.89458355e-03,5.28652134e-05,0.00000000e+00,0.00000000e+00,9.64180000e+00,1.17415255e-01
5.45000000e+00,2.53075695e-03,4.38454037e-05,0.00000000e+00,0.00000000e+00,5.15654563e-04,2.76632248e-05,4.61364482e-03,6.53937240e-05,3.97532542e+00,4.37531817e-02,1.78226199e+04,2.29386020e+02,2.91934994e-03,5.01274199e-05,0.00000000e+00,0.00000000e+00,0.00000000e+00,0.00000000e+00
5.55000000e+00,2.50575754e-03,4.32829665e-05,0.00000000e+00,0.00000000e+00,5.43738866e-04,3.93297925e-05,4.59805944e-03,6.38113550e-05,3.94411426e+00,4.83214607e-02,1.77152058e+04,2.36520753e+02,2.92036076e-03,6.26869844e-05,0.00000000e+00,0.00000000e+00,9.63260000e+00,1.17736756e-01
5.65000000e+00,2.52320942e-03,4.38949310e-05,0.00000000e+00,0.00000000e+00,5.18462813e-04,2.79532016e-05,4.74847370e-03,2.00448435e-04,3.94917707e+00,4.86288689e-02,1.78419582e+04,2.61495067e+02,2.90972245e-03,5.36012820e-05,0.00000000e+00,0.00000000e+00,0.00000000e+00,0.00000000e+00
5.75000000e+00,2.53003852e-03,4.58685370e-05,0.00000000e+00,0.00000000e+00,5.66056248e-04,4.10637145e-05,4.55118828e-03,6.83457550e-05,3.94794974e+00,4.76278087e-02,1.77608879e+04,2.45855770e+02,2.96911936e-03,6.48971382e-05,0.00000000e+00,0.00000000e+00,9.63540000e+00,1.20400763e-01
5.85000000e+00,2.50114343e-03,4.69474871e-05,0.00000000e+00,0.00000000e+00,5.26664460e-04,2.73706249e-05,4.57563456e-03,8.44255006e-05,3.92997594e+00,4.76109082e-02,1.76328875e+04,2.54179960e+02,2.90005241e-03,6.06509504e-05,0.00000000e+00,0.00000000e+00,0.00000000e+00,0.00000000e+00
5.95000000e+00,2.49901538e-03,4.59408137e-05,0.00000000e+00,0.00000000e+00,4.98901880e-04,2.12197213e-05,4.58020914e-03,1.00888830e-04,3.94666815e+00,4.97667175e-02,1.76353580e+04,2.56279777e+02,2.86943149e-03,5.61354055e-05,0.00000000e+00,0.00000000e+00,9.62860000e+00,1.19460355e-01
6.05000000e+00,2.48987529e-03,4.29006537e-05,0.00000000e+00,0.00000000e+00,4.90126999e-04,1.96971740e-05,4.53513207e-03,7.68672285e-05,3.91600307e+00,4.57475630e-02,1.75293324e+04,2.37546958e+02,2.84983183e-03,5.08789343e-05,0.00000000e+00,0.00000000e+00,0.00000000e+00,0.00000000e+00
6.15000000e+00,2.46828683e-03,4.45449026e-05,0.00000000e+00,0.00000000e+00,5.37817697e-04,3.50428465e-05,4.46918640e-03,7.22935784e-05,3.90724398e+00,4.65011671e-02,1.74159771e+04,2.43259599e+02,2.87891011e-03,6.39607129e-05,0.00000000e+00,0.00000000e+00,9.62160000e+00,1.23562877e-01
6.25000000e+00,2.48086831e-03,4.80971130e-05,0.00000000e+00,0.00000000e+00,5.90040588e-04,6.52503934e-05,4.40551550e-03,6.73837913e-05,3.91467048e+00,4.99365288e-02,1.74554943e+04,2.63318709e+02,2.94669571e-03,7.99117729e-05,0.00000000e+00,0.00000000e+00,0.00000000e+00,0.00000000e+00
6.35000000e+00,2.48632051e-03,5.00197512e-05,0.00000000e+00,0.00000000e+00,5.14198431e-04,3.00532246e-05,4.36317407e-03,6.56174696e-05,3.92012666e+00,5.16525068e-02,1.74784471e+04,2.73925789e+02,2.87664452e-03,6.72587410e-05,0.00000000e+00,0.00000000e+00,9.60700000e+00,1.23646715e-01
6.45000000e+00,2.48734345e-03,4.90352828e-05,0.00000000e+00,0.00000000e+00,5.13749232e-04,2.68395072e-05,4.39890670e-03,9.54874789e-05,3.93688601e+00,5.16560614e-02,1.75241091e+04,2.71308252e+02,2.87658159e-03,5.56826607e-05,0.00000000e+00,0.00000000e+00,0.00000000e+00,0.00000000e+00
6.55000000e+00,2.50556110e-03,4.98080277e-05,0.00000000e+00,0.00000000e+00,5.07033582e-04,2.21045173e-05,4.37161577e-03,9.69177052e-05,3.93815051e+00,5.12463014e-02,1.75899453e+04,2.70954570e+02,2.88984203e-03,5.60904418e-05,0.00000000e+00,0.00000000e+00,9.60780000e+00,1.21324423e-01
6.65000000e+00,2.50057605e-03,4.95419695e-05,0.00000000e+00,0.00000000e+00,5.12224811e-04,2.42957945e-05,4.38639050e-03,1.19327196e-04,3.92319843e+00,4.80145656e-02,1.75543756e+04,2.62010628e+02,2.88981640e-03,5.92828365e-05,0.00000000e+00,0.00000000e+00,0.00000000e+00,0.00000000e+00
6.75000000e+00,2.48924640e-03,4.85291136e-05,0.00000000e+00,0.00000000e+00,5.47054879e-04,2.95556269e-05,4.30697094e-03,7.41961465e-05,3.91078017e+00,4.58878234e-02,1.74712134e+04,2.54687632e+02,2.91251445e-03,6.13495244e-05,0.00000000e+00,0.00000000e+00,9.60940000e+00,1.22852296e-01
6.85000000e+00,2.47950786e-03,5.27883651e-05,0.00000000e+00,0.00000000e+00,5.67343519e-04,4.23041170e-05,4.29690381e-03,8.70043648e-05,3.88988360e+00,4.85349336e-02,1.73422322e+04,2.76778688e+02,2.92633926e-03,7.17887989e-05,0.00000000e+00,0.00000000e+00,0.00000000e+00,0.00000000e+00
6.95000000e+00,2.46790819e-03,4.87088285e-05,0.00000000e+00,0.00000000e+00,5.91644630e-04,5.29882921e-05,4.20094510e-03,6.64212124e-05,3.86803446e+00,4.65942244e-02,1.72549537e+04,2.56396426e+02,2.94151419e-03,8.76135987e-05,0.00000000e+00,0.00000000e+00,9.59140000e+00,1.23615933e-01
7.05000000e+00,2.48564646e-03,4.94510259e-05,0.00000000e+00,0.00000000e+00,5.93669466e-04,4.95464303e-05,4.16756007e-03,6.87254562e-05,3.88048131e+00,4.60339286e-02,1.73427042e+04,2.56528661e+02,2.96098665e-03,8.16008873e-05,0.00000000e+00,0.00000000e+00,0.00000000e+00,0.00000000e+00
7.15000000e+00,2.45418551e-03,4.74718838e-05,0.00000000e+00,0.00000000e+00,6.11322653e-04,9.72836013e-05,4.09555508e-03,6.17042243e-05,3.88044180e+00,4.44548612e-02,1.71067680e+04,2.51909930e+02,2.94973234e-03,1.12122700e-04,0.00000000e+00,0.00000000e+00,9.57200000e+00,1.21954826e-01
7.25000000e+00,2.45551317e-03,4.78671664e-05,0.00000000e+00,0.00000000e+00,4.98661586e-04,1.78485312e-05,4.03922789e-03,6.03228941e-05,3.87360275e+00,4.43049667e-02,1.71002405e+04,2.53275673e+02,2.84014229e-03,5.40600895e-05,0.00000000e+00,0.00000000e+00,0.00000000e+00,0.00000000e+00
7.35000000e+00,2.42435546e-03,4.45838334e-05,0.00000000e+00,0.00000000e+00,4.95932535e-04,2.01825696e-05,4.00915723e-03,6.00979033e-05,3.86235802e+00,4.60002747e-02,1.69270046e+04,2.47656190e+02,2.80713292e-03,5.39290467e-05,0.00000000e+00,0.00000000e+00,9.56900000e+00,1.21605334e-01
7.45000000e+00,2.46722996e-03,4.90021385e-05,0.00000000e+00,0.00000000e+00,5.02139581e-04,2.27474248e-05,4.04372913e-03,9.14665350e-05,3.88756725e+00,4.83724052e-02,1.71699465e+04,2.74136598e+02,2.85560004e-03,6.11479917e-05,0.00000000e+00,0.00000000e+00,0.00000000e+00,0.00000000e+00
7.55000000e+00,2.46038668e-03,4.66828123e-05,0.00000000e+00,0.00000000e+00,4.86690718e-04,2.15864929e-05,4.02023394e-03,9.97849497e-05,3.85504982e+00,4.59570007e-02,1.70961566e+04,2.62250802e+02,2.83372507e-03,5.57757338e-05,0.00000000e+00,0.00000000e+00,9.56860000e+00,1.21720660e-01
7.65000000e+00,2.44289270e-03,4.55069364e-05,0.00000000e+00,0.00000000e+00,5.07668487e-04,3.19523775e-05,4.03212933e-03,1.00474556e-04,3.85483750e+00,4.49642538e-02,1.70464821e+04,2.63256569e+02,2.83192896e-03,5.05834257e-05,0.00000000e+00,0.00000000e+00,0.00000000e+00,0.00000000e+00
7.75000000e+00,2.44157993e-03,4.41384053e-05,0.00000000e+00,0.00000000e+00,5.20308199e-04,3.22928666e-05,4.04324356e-03,1.07901423e-04,3.87011682e+00,4.27951881e-02,1.70172279e+04,2.54267564e+02,2.84825627e-03,5.14633653e-05,0.00000000e+00,0.00000000e+00,9.54520000e+00,1.23200265e-01
7.85000000e+00,2.42989679e-03,4.37511697e-05,0.00000000e+00,0.00000000e+00,5.30420896e-04,2.78688348e-05,3.99621410e-03,9.38758781e-05,3.87140098e+00,4.48890992e-02,1.69610210e+04,2.51585785e+02,2.84786930e-03,5.25513172e-05,0.00000000e+00,0.00000000e+00,0.00000000e+00,0.00000000e+00
7.95000000e+00,2.44981064e-03,4.72741830e-05,0.00000000e+00,0.00000000e+00,4.89993525e-04,2.39188042e-05,3.95430815e-03,9.26492591e-05,3.88338977e+00,4.22965313e-02,1.70254289e+04,2.57823485e+02,2.82869598e-03,5.62037588e-05,0.00000000e+00,0.00000000e+00,9.55360000e+00,1.21015688e-01
8.05000000e+00,2.44966652e-03,4.61917755e-05,0.00000000e+00,0.00000000e+00,5.26438564e-04,3.44587949e-05,3.93659920e-03,9.11925478e-05,3.87019510e+00,4.15456755e-02,1.69682506e+04,2.43074758e+02,2.86548899e-03,5.28481895e-05,0.00000000e+00,0.00000000e+00,0.00000000e+00,0.00000000e+00
8.15000000e+00,2.42987125e-03,4.25322015e-05,0.00000000e+00,0.00000000e+00,5.81495779e-04,5.61545255e-05,3.93155019e-03,1.19998891e-04,3.88256385e+00,4.05813369e-02,1.68869407e+04,2.17228602e+02,2.90155765e-03,6.23400543e-05,0.00000000e+00,0.00000000e+00,9.55660000e+00,1.20255378e-01
8.25000000e+00,2.43133311e-03,4.05270980e-05,0.00000000e+00,0.00000000e+00,5.44598437e-04,4.74995458e-05,3.90616428e-03,1.19445911e-04,3.87187477e+00,4.09535670e-02,1.68563589e+04,2.06075223e+02,2.86521860e-03,5.48501365e-05,0.00000000e+00,0.00000000e+00,0.00000000e+00,0.00000000e+00
8.35000000e+00,2.44281643e-03,4.43171852e-05,0.00000000e+00,0.00000000e+00,4.96348545e-04,2.66778966e-05,3.92541473e-03,1.32135567e-04,3.86036151e+00,4.24309583e-02,1.69119021e+04,2.28812147e+02,2.83034283e-03,4.98594587e-05,0.00000000e+00,0.00000000e+00,9.55360000e+00,1.18759149e-01
8.45000000e+00,2.43907409e-03,4.56316797e-05,0.00000000e+00,0.00000000e+00,4.87890111e-04,2.02111599e-05,3.77619739e-03,8.61642783e-05,3.83484041e+00,4.38728478e-02,1.68112281e+04,2.31771059e+02,2.82216356e-03,5.48867323e-05,0.00000000e+00,0.00000000e+00,0.00000000e+00,0.00000000e+00
8.55000000e+00,2.44395706e-03,4.23467727e-05,0.00000000e+00,0.00000000e+00,4.78440985e-04,1.63422982e-05,3.86974837e-03,1.42984847e-04,3.85459165e+00,4.30960098e-02,1.68878039e+04,2.22059317e+02,2.81565669e-03,4.76941025e-05,0.00000000e+00,0.00000000e+00,9.54420000e+00,1.20088433e-01
8.65000000e+00,2.43867883e-03,4.82822742e-05,0.00000000e+00,0.00000000e+00,4.79299402e-04,1.65288665e-05,3.72693501e-03,8.53077982e-05,3.83238326e+00,4.04154228e-02,1.67917285e+04,2.40197289e+02,2.81533823e-03,5.51686011e-05,0.00000000e+00,0.00000000e+00,0.00000000e+00,0.00000000e+00
8.75000000e+00,2.42239518e-03,4.69023780e-05,0.00000000e+00,0.00000000e+00,5.08018982e-04,2.55340366e-05,3.69679732e-03,8.52834410e-05,3.84074303e+00,4.20641674e-02,1.67140483e+04,2.36911462e+02,2.82806460e-03,5.71455699e-05,0.00000000e+00,0.00000000e+00,9.52920000e+00,1.17845572e-01
8.85000000e+00,2.43817546e-03,5.23235677e-05,0.00000000e+00,0.00000000e+00,5.04658071e-04,2.36283640e-05,3.68444892e-03,8.61508546e-05,3.84295246e+00,4.23876876e-02,1.67663054e+04,2.73112870e+02,2.84045212e-03,5.97756676e-05,0.00000000e+00,0.00000000e+00,0.00000000e+00,0.00000000e+00
8.95000000e+00,2.41176451e-03,4.51913333e-05,0.00000000e+00,0.00000000e+00,5.25815641e-04,2.54001697e-05,3.63759171e-03,8.67963938e-05,3.82852898e+00,4.21120090e-02,1.65964082e+04,2.36704141e+02,2.83657127e-03,5.24799010e-05,0.00000000e+00,0.00000000e+00,9.51900000e+00,1.18285110e-01
9.05000000e+00,2.40622205e-03,4.57798168e-05,0.00000000e+00,0.00000000e+00,5.23189075e-04,2.22441825e-05,3.58758497e-03,8.05966440e-05,3.83543788e+00,4.17950993e-02,1.65307755e+04,2.35044439e+02,2.82991760e-03,5.19391918e-05,0.00000000e+00,0.00000000e+00,0.00000000e+00,0.00000000e+00
9.15000000e+00,2.39686903e-03,4.46251605e-05,0.00000000e+00,0.00000000e+00,4.96562901e-04,2.01985756e-05,3.56018018e-03,8.14907472e-05,3.83080515e+00,4.34807868e-02,1.64714320e+04,2.33105763e+02,2.79359325e-03,5.08376978e-05,0.00000000e+00,0.00000000e+00,9.50600000e+00,1.15178300e-01
9.25000000e+00,2.40813897e-03,4.80680336e-05,0.00000000e+00,0.00000000e+00,4.92048992e-04,2.17303079e-05,3.53155181e-03,8.12844746e-05,3.81955419e+00,4.72824492e-02,1.64768648e+04,2.43882396e+02,2.80187483e-03,5.58999312e-05,0.00000000e+00,0.00000000e+00,0.00000000e+00,0.00000000e+00
9.35000000e+00,2.40831941e-03,5.05173862e-05,0.00000000e+00,0.00000000e+00,4.79306537e-04,1.85687350e-05,3.49639251e-03,7.56646664e-05,3.80857351e+00,4.58637368e-02,1.64449924e+04,2.54871722e+02,2.79131680e-03,5.52715494e-05,0.00000000e+00,0.00000000e+00,9.51360000e+00,1.13335248e-01
9.45000000e+00,2.41808676e-03,4.76792454e-05,0.00000000e+00,0.00000000e+00,4.58324776e-04,1.98339211e-05,3.46063704e-03,7.13145301e-05,3.79917344e+00,4.40180126e-02,1.64451705e+04,2.40932106e+02,2.78188453e-03,5.23897844e-05,0.00000000e+00,0.00000000e+00,0.00000000e+00,0.00000000e+00
9.55000000e+00,2.41592967e-03,4.67636349e-05,0.00000000e+00,0.00000000e+00,4.89023480e-04,3.22499217e-05,3.44686707e-03,7.23453650e-05,3.78732460e+00,4.03508712e-02,1.64338337e+04,2.36281340e+02,2.81084258e-03,5.88466247e-05,0.00000000e+00,0.00000000e+00,9.50240000e+00,1.12993610e-01
9.65000000e+00,2.39665622e-03,4.46011261e-05,0.00000000e+00,0.00000000e+00,4.82847318e-04,2.15335818e-05,3.41221937e-03,7.15193346e-05,3.78974205e+00,4.04069684e-02,1.63125127e+04,2.27569119e+02,2.78639689e-03,5.21430156e-05,0.00000000e+00,0.00000000e+00,0.00000000e+00,0.00000000e+00
9.75000000e+00,2.41148258e-03,4.37176939e-05,0.00000000e+00,0.00000000e+00,4.80431994e-04,2.09359727e-05,3.38926477e-03,7.16212242e-05,3.80319462e+00,4.09852763e-02,1.63661243e+04,2.29569998e+02,2.79924687e-03,4.93712205e-05,0.00000000e+00,0.00000000e+00,9.50820000e+00,1.15300031e-01
9.85000000e+00,2.40910894e-03,4.35409242e-05,0.00000000e+00,0.00000000e+00,4.91798572e-04,2.23789200e-05,3.33104658e-03,6.60435359e-05,3.83172886e+00,4.26868626e-02,1.64434390e+04,2.32438440e+02,2.80951563e-03,4.72716088e-05,0.00000000e+00,0.00000000e+00,0.00000000e+00,0.00000000e+00
9.95000000e+00,2.40154400e-03,4.24189797e-05,0.00000000e+00,0.00000000e+00,4.77741227e-04,2.04967185e-05,3.28813893e-03,6.81541864e-05,3.81727186e+00,3.77610079e-02,1.63455433e+04,2.09305436e+02,2.78903253e-03,4.57570068e-05,0.00000000e+00,0.00000000e+00,9.49340000e+00,1.18727130e-01
1.00500000e+01,2.37584043e-03,4.34268794e-05,0.00000000e+00,0.00000000e+00,4.77605223e-04,2.34951107e-05,3.31715144e-03,1.00338165e-04,3.79057283e+00,4.01632618e-02,1.61978091e+04,2.26990236e+02,2.76254370e-03,4.99272512e-05,0.00000000e+00,0.00000000e+00,0.00000000e+00,0.00000000e+00
1.01500000e+01,2.36790555e-03,4.60566289e-05,0.00000000e+00,0.00000000e+00,4.80111090e-04,2.22950929e-05,3.29524272e-03,9.89100730e-05,3.77754995e+00,4.22455237e-02,1.61660484e+04,2.44145486e+02,2.75784436e-03,5.16708553e-05,0.00000000e+00,0.00000000e+00,9.47060000e+00,1.14699042e-01
1.02500000e+01,2.37428016e-03,4.54897757e-05,0.00000000e+00,0.00000000e+00,4.80968693e-04,2.01062493e-05,3.35974831e-03,1.84397859e-04,3.75831171e+00,4.06667811e-02,1.62099238e+04,2.51454385e+02,2.76281831e-03,5.07106323e-05,0.00000000e+00,0.00000000e+00,0.00000000e+00,0.00000000e+00
1.03500000e+01,2.35898537e-03,4.54373887e-05,0.00000000e+00,0.00000000e+00,5.05517287e-04,3.39560698e-05,3.18494999e-03,7.38084533e-05,3.74525998e+00,4.35602596e-02,1.60423035e+04,2.40826435e+02,2.77678182e-03,5.93278652e-05,0.00000000e+00,0.00000000e+00,9.45840000e+00,1.15551335e-01
1.04500000e+01,2.38079237e-03,4.58491527e-05,0.00000000e+00,0.00000000e+00,5.33168050e-04,6.28087095e-05,3.12961746e-03,6.46902736e-05,3.76837338e+00,4.23278956e-02,1.61166886e+04,2.42798413e+02,2.82665291e-03,7.94377998e-05,0.00000000e+00,0.00000000e+00,0.00000000e+00,0.00000000e+00
1.05500000e+01,2.38277391e-03,5.03510064e-05,0.00000000e+00,0.00000000e+00,5.12215175e-04,4.31028876e-05,3.10041408e-03,6.49627928e-05,3.74042324e+00,4.00429019e-02,1.60878052e+04,2.59651949e+02,2.80793796e-03,6.62054281e-05,0.00000000e+00,0.00000000e+00,9.44080000e+00,1.13600388e-01
1.06500000e+01,2.35399718e-03,4.67814401e-05,0.00000000e+00,0.00000000e+00,5.07346448e-04,4.11059809e-05,3.08356588e-03,6.60789893e-05,3.73117549e+00,4.02398419e-02,1.59434489e+04,2.45692500e+02,2.77521757e-03,6.49060472e-05,0.00000000e+00,0.00000000e+00,0.00000000e+00,0.00000000e+00
1.07500000e+01,2.35483785e-03,4.61587897e-05,0.00000000e+00,0.00000000e+00,5.12057045e-04,4.02676354e-05,3.04954136e-03,6.54647025e-05,3.72187398e+00,3.89986528e-02,1.59549741e+04,2.47887900e+02,2.78100385e-03,5.90733460e-05,0.00000000e+00,0.00000000e+00,9.43760000e+00,1.11643587e-01
1.08500000e+01,2.37484028e-03,4.85891844e-05,0.00000000e+00,0.00000000e+00,4.96848592e-04,3.14260798e-05,3.04546145e-03,6.80025736e-05,3.74436886e+00,4.27919335e-02,1.60246029e+04,2.58127832e+02,2.78691000e-03,6.35418053e-05,0.00000000e+00,0.00000000e+00,0.00000000e+00,0.00000000e+00
1.09500000e+01,2.37091727e-03,4.80970773e-05,0.00000000e+00,0.00000000e+00,4.72477911e-04,2.94160862e-05,3.01078349e-03,7.05550999e-05,3.72842892e+00,4.17747903e-02,1.59717851e+04,2.51768796e+02,2.75932874e-03,5.71892489e-05,0.00000000e+00,0.00000000e+00,9.40860000e+00,1.13344341e-01
1.10500000e+01,2.36126986e-03,4.57192338e-05,0.00000000e+00,0.00000000e+00,4.96440877e-04,3.84761184e-05,3.00619206e-03,7.40308650e-05,3.74184176e+00,4.16209572e-02,1.59526137e+04,2.46090954e+02,2.77226363e-03,6.23366432e-05,0.00000000e+00,0.00000000e+00,0.00000000e+00,0.00000000e+00
1.11500000e+01,2.34992501e-03,4.53429741e-05,0.00000000e+00,0.00000000e+00,5.04520832e-04,3.51821426e-05,2.99651664e-03,7.15413328e-05,3.72863334e+00,4.12005638e-02,1.58713841e+04,2.39480913e+02,2.77053901e-03,5.96872825e-05,0.00000000e+00,0.00000000e+00,9.39780000e+00,1.12393728e-01
1.12500000e+01,2.34560632e-03,4.56581312e-05,0.00000000e+00,0.00000000e+00,5.21166164e-04,4.22332583e-05,2.98391335e-03,6.53260468e-05,3.72526013e+00,4.17069438e-02,1.58595229e+04,2.39217092e+02,2.78267089e-03,5.73890465e-05,0.00000000e+00,0.00000000e+00,0.00000000e+00,0.00000000e+00
1.13500000e+01,2.35222942e-03,4.26677186e-05,0.00000000e+00,0.00000000e+00,5.04280745e-04,3.52061608e-05,3.00025605e-03,8.27110572e-05,3.72595177e+00,4.03746319e-02,1.58641617e+04,2.29124181e+02,2.77196235e-03,5.47736696e-05,0.00000000e+00,0.00000000e+00,9.39660000e+00,1.12336088e-01
1.14500000e+01,2.35374536e-03,4.11210878e-05,0.00000000e+00,0.00000000e+00,5.00956348e-04,3.27808886e-05,2.98078788e-03,8.17725518e-05,3.72005402e+00,4.05734313e-02,1.58826041e+04,2.20096821e+02,2.77011331e-03,5.49356807e-05,0.00000000e+00,0.00000000e+00,0.00000000e+00,0.00000000e+00
1.15500000e+01,2.35264559e-03,4.12755405e-05,0.00000000e+00,0.00000000e+00,4.88930502e-04,2.59067435e-05,2.91363236e-03,6.16747455e-05,3.72146244e+00,3.99404176e-02,1.58325367e+04,2.14813906e+02,2.75782137e-03,5.17575990e-05,0.00000000e+00,0.00000000e+00,9.35920000e+00,1.11150143e-01
1.16500000e+01,2.35577083e-03,4.56223014e-05,0.00000000e+00,0.00000000e+00,4.53817568e-04,1.72777610e-05,2.84506269e-03,5.74543227e-05,3.72963415e+00,4.13619825e-02,1.58516839e+04,2.41197395e+02,2.72917296e-03,4.92280340e-05,0.00000000e+00,0.00000000e+00,0.00000000e+00,0.00000000e+00
1.17500000e+01,2.36591793e-03,4.73737938e-05,0.00000000e+00,0.00000000e+00,4.68731735e-04,1.94223199e-05,2.81868865e-03,5.47341915e-05,3.73192198e+00,4.20724904e-02,1.58804302e+04,2.53054280e+02,2.75485291e-03,5.41022338e-05,0.00000000e+00,0.00000000e+00,9.35640000e+00,1.13181725e-01
1.18500000e+01,2.36090527e-03,5.39516919e-05,0.00000000e+00,0.00000000e+00,4.88896930e-04,2.60533851e-05,2.80953273e-03,5.51395216e-05,3.71520982e+00,4.37200623e-02,1.58183926e+04,2.76872244e+02,2.77134363e-03,6.07728306e-05,0.00000000e+00,0.00000000e+00,0.00000000e+00,0.00000000e+00
1.19500000e+01,2.35583876e-03,5.24417309e-05,0.00000000e+00,0.00000000e+00,5.30989481e-04,3.41256249e-05,2.77697717e-03,5.80629757e-05,3.69532984e+00,4.29320036e-02,1.57436837e+04,2.70159018e+02,2.80935501e-03,6.09889641e-05,0.00000000e+00,0.00000000e+00,9.34760000e+00,1.12474418e-01
1.20500000e+01,2.37186727e-03,5.59790503e-05,0.00000000e+00,0.00000000e+00,5.43897456e-04,4.39665406e-05,2.76529589e-03,5.99630180e-05,3.69768652e+00,4.34974167e-02,1.58187411e+04,2.85677388e+02,2.83934723e-03,6.65267242e-05,0.00000000e+00,0.00000000e+00,0.00000000e+00,0.00000000e+00
1.21500000e+01,2.36411252e-03,5.37203694e-05,0.00000000e+00,0.00000000e+00,5.26938113e-04,3.22828599e-05,2.76122903e-03,6.23846365e-05,3.66890672e+00,4.04651128e-02,1.57483475e+04,2.66133944e+02,2.81437685e-03,5.90227924e-05,0.00000000e+00,0.00000000e+00,9.33060000e+00,1.13137954e-01
1.22500000e+01,2.34053515e-03,4.29210677e-05,0.00000000e+00,0.00000000e+00,5.20178105e-04,3.05662818e-05,2.76168014e-03,6.13330078e-05,3.67854477e+00,3.83657604e-02,1.56556081e+04,2.30675300e+02,2.78331658e-03,5.38559954e-05,0.00000000e+00,0.00000000e+00,0.00000000e+00,0.00000000e+00
1.23500000e+01,2.34217829e-03,4.66507657e-05,0.00000000e+00,0.00000000e+00,5.13582223e-04,4.16153156e-05,2.76491860e-03,6.71025561e-05,3.66225986e+00,3.82510882e-02,1.56203147e+04,2.44864017e+02,2.77820855e-03,6.46170697e-05,0.00000000e+00,0.00000000e+00,9.31260000e+00,1.12678271e-01
1.24500000e+01,2.30254201e-03,3.93314578e-05,0.00000000e+00,0.00000000e+00,4.76207415e-04,2.28328033e-05,2.75127765e-03,6.94357508e-05,3.64972373e+00,3.82826739e-02,1.55160406e+04,2.14522930e+02,2.69776328e-03,4.71833216e-05,0.00000000e+00,0.00000000e+00,0.00000000e+00,0.00000000e+00
1.25500000e+01,2.30700233e-03,4.25650862e-05,0.00000000e+00,0.00000000e+00,4.92524534e-04,2.46157371e-05,2.74632604e-03,7.68050916e-05,3.64011441e+00,3.72737416e-02,1.54884004e+04,2.29789410e+02,2.72120437e-03,4.89360742e-05,0.00000000e+00,0.00000000e+00,9.30460000e+00,1.12076945e-01
1.26500000e+01,2.33665315e-03,4.74734069e-05,0.00000000e+00,0.00000000e+00,4.94808880e-04,2.49583911e-05,2.69463553e-03,6.71401964e-05,3.65266585e+00,4.00695205e-02,1.56582767e+04,2.53137755e+02,2.75462976e-03,5.38769933e-05,0.00000000e+00,0.00000000e+00,0.00000000e+00,0.00000000e+00
1.27500000e+01,2.31985100e-03,4.34087120e-05,0.00000000e+00,0.00000000e+00,5.18962872e-04,2.94254503e-05,2.66892308e-03,6.10455858e-05,3.64685621e+00,4.26718533e-02,1.54822769e+04,2.31010484e+02,2.76411822e-03,5.12995986e-05,0.00000000e+00,0.00000000e+00,9.30280000e+00,1.12328977e-01
1.28500000e+01,2.30993019e-03,4.41840592e-05,0.00000000e+00,0.00000000e+00,5.01382933e-04,2.42299275e-05,2.65008617e-03,5.79652022e-05,3.66646327e+00,4.28983930e-02,1.54317210e+04,2.37226594e+02,2.73700026e-03,5.11937796e-05,0.00000000e+00,0.00000000e+00,0.00000000e+00,0.00000000e+00
1.29500000e+01,2.31452645e-03,4.44811545e-05,0.00000000e+00,0.00000000e+00,4.98501307e-04,2.76871486e-05,2.61903305e-03,5.81265174e-05,3.64096575e+00,4.50560607e-02,1.53934071e+04,2.37805136e+02,2.73945239e-03,5.48689868e-05,0.00000000e+00,0.00000000e+00,9.29500000e+00,1.12185433e-01
1.30500000e+01,2.32329624e-03,4.51264717e-05,0.00000000e+00,0.00000000e+00,5.06175417e-04,3.45128158e-05,2.61632905e-03,6.24576803e-05,3.66117867e+00,4.63451324e-02,1.54679330e+04,2.36604271e+02,2.75566946e-03,6.17944363e-05,0.00000000e+00,0.00000000e+00,0.00000000e+00,0.00000000e+00
1.31500000e+01,2.33375775e-03,4.53218193e-05,0.00000000e+00,0.00000000e+00,4.91283827e-04,3.54137168e-05,2.59701171e-03,6.45242052e-05,3.63266203e+00,4.39082792e-02,1.54558725e+04,2.39241182e+02,2.75169288e-03,6.01819026e-05,0.00000000e+00,0.00000000e+00,9.30080000e+00,1.10161974e-01
1.32500000e+01,2.31655207e-03,4.14824320e-05,0.00000000e+00,0.00000000e+00,4.70076262e-04,3.17755936e-05,2.56595080e-03,6.15249101e-05,3.61130122e+00,4.42032329e-02,1.53208172e+04,2.25075208e+02,2.71410101e-03,5.19517667e-05,0.00000000e+00,0.00000000e+00,0.00000000e+00,0.00000000e+00
1.33500000e+01,2.30796926e-03,4.27380452e-05,0.00000000e+00,0.00000000e+00,4.53956570e-04,3.07742314e-05,2.54320343e-03,6.01385601e-05,3.61352137e+00,4.14601974e-02,1.52832753e+04,2.29288537e+02,2.69006867e-03,5.39183182e-05,0.00000000e+00,0.00000000e+00,9.28600000e+00,1.08492829e-01
1.34500000e+01,2.30332116e-03,4.09657877e-05,0.00000000e+00,0.00000000e+00,4.55600882e-04,2.57124391e-05,2.51060975e-03,5.75434728e-05,3.61275220e+00,4.11617413e-02,1.52486327e+04,2.21362144e+02,2.68813178e-03,5.04785023e-05,0.00000000e+00,0.00000000e+00,0.00000000e+00,0.00000000e+00
1.35500000e+01,2.30546564e-03,4.40514617e-05,0.00000000e+00,0.00000000e+00,4.50553423e-04,2.19210297e-05,2.47527681e-03,5.71067337e-05,3.60907618e+00,4.48807001e-02,1.52546574e+04,2.36265884e+02,2.68624700e-03,5.31497745e-05,0.00000000e+00,0.00000000e+00,9.26800000e+00,1.09468475e-01
1.36500000e+01,2.31334092e-03,5.10665853e-05,0.00000000e+00,0.00000000e+00,4.69883470e-04,2.52996222e-05,2.44570258e-03,5.48748769e-05,3.62741710e+00,4.72904189e-02,1.53393137e+04,2.63732936e+02,2.71409376e-03,6.53089449e-05,0.00000000e+00,0.00000000e+00,0.00000000e+00,0.00000000e+00
1.37500000e+01,2.29250907e-03,4.18484780e-05,0.00000000e+00,0.00000000e+00,5.07837867e-04,3.14335647e-05,2.42175605e-03,5.04235393e-05,3.62392245e+00,4.30680941e-02,1.52177458e+04,2.23219971e+02,2.73206934e-03,5.52417328e-05,0.00000000e+00,0.00000000e+00,9.24980000e+00,1.08978369e-01
1.38500000e+01,2.28659803e-03,4.20665622e-05,0.00000000e+00,0.00000000e+00,4.72749138e-04,2.25801582e-05,2.38610673e-03,4.65316245e-05,3.62180450e+00,4.46559468e-02,1.51500129e+04,2.26082483e+02,2.69223674e-03,5.02560400e-05,0.00000000e+00,0.00000000e+00,0.00000000e+00,0.00000000e+00
1.39500000e+01,2.30478589e-03,4.43632261e-05,0.00000000e+00,0.00000000e+00,4.57803042e-04,2.26296085e-05,2.38734443e-03,4.61279969e-05,3.61187759e+00,4.47516481e-02,1.52272107e+04,2.39826712e+02,2.69547129e-03,5.35989942e-05,0.00000000e+00,0.00000000e+00,9.24260000e+00,1.08716373e-01
1.40500000e+01,2.30509131e-03,4.06511437e-05,0.00000000e+00,0.00000000e+00,4.87199656e-04,3.47908260e-05,2.38664628e-03,5.02021888e-05,3.60169794e+00,3.99171267e-02,1.51953389e+04,2.08968339e+02,2.72465155e-03,5.96248460e-05,0.00000000e+00,0.00000000e+00,0.00000000e+00,0.00000000e+00
1.41500000e+01,2.28731740e-03,4.33973129e-05,0.00000000e+00,0.00000000e+00,4.66958233e-04,2.60488719e-05,2.39200163e-03,5.16310647e-05,3.58209159e+00,3.92848882e-02,1.51180697e+04,2.22394560e+02,2.68517085e-03,5.48883471e-05,0.00000000e+00,0.00000000e+00,9.22040000e+00,1.06757004e-01
1.42500000e+01,2.26132583e-03,4.16489134e-05,0.00000000e+00,0.00000000e+00,4.49539936e-04,2.03653216e-05,2.36859854e-03,5.19577409e-05,3.56031431e+00,3.77316196e-02,1.49835272e+04,2.13916408e+02,2.64337903e-03,4.89679900e-05,0.00000000e+00,0.00000000e+00,0.00000000e+00,0.00000000e+00
1.43500000e+01,2.26103221e-03,4.04863382e-05,0.00000000e+00,0.00000000e+00,4.68437323e-04,2.73155472e-05,2.34024186e-03,4.90240915e-05,3.56583489e+00,3.89968712e-02,1.49788029e+04,2.06715088e+02,2.66284128e-03,5.43344914e-05,0.00000000e+00,0.00000000e+00,9.22360000e+00,1.05792542e-01
1.44500000e+01,2.28466085e-03,4.20238828e-05,0.00000000e+00,0.00000000e+00,4.54055188e-04,2.15674816e-05,2.30644116e-03,4.79521866e-05,3.56453381e+00,3.82430962e-02,1.50503321e+04,2.13064435e+02,2.67305813e-03,5.06159044e-05,0.00000000e+00,0.00000000e+00,0.00000000e+00,0.00000000e+00
1.45500000e+01,2.28163207e-03,4.33619518e-05,0.00000000e+00,0.00000000e+00,4.87143378e-04,4.06384882e-05,2.30493961e-03,5.78899753e-05,3.57032663e+00,3.78504280e-02,1.50183136e+04,2.18927975e+02,2.70285676e-03,7.06522920e-05,0.00000000e+00,0.00000000e+00,9.18680000e+00,1.05748041e-01
1.46500000e+01,2.27148544e-03,4.13442586e-05,0.00000000e+00,0.00000000e+00,4.43847896e-04,1.78205899e-05,2.28259667e-03,5.67321802e-05,3.55283483e+00,3.72591940e-02,1.49444595e+04,2.09652403e+02,2.65022467e-03,4.56759628e-05,0.00000000e+00,0.00000000e+00,0.00000000e+00,0.00000000e+00
1.47500000e+01,2.25887190e-03,4.03152444e-05,0.00000000e+00,0.00000000e+00,4.40652844e-04,1.60033100e-05,2.24419114e-03,5.19563900e-05,3.54947410e+00,3.84255576e-02,1.48981742e+04,2.09569808e+02,2.63538353e-03,4.43984770e-05,0.00000000e+00,0.00000000e+00,9.19380000e+00,1.05548476e-01
1.48500000e+01,2.23991444e-03,4.22056832e-05,0.00000000e+00,0.00000000e+00,4.44208685e-04,1.58089514e-05,2.22810326e-03,4.95929748e-05,3.53907506e+00,4.22192003e-02,1.47713157e+04,2.17521921e+02,2.62033636e-03,4.59028284e-05,0.00000000e+00,0.00000000e+00,0.00000000e+00,0.00000000e+00
1.49500000e+01,2.23947313e-03,4.25471092e-05,0.00000000e+00,0.00000000e+00,4.36750402e-04,1.62763090e-05,2.22552056e-03,5.36481308e-05,3.53560349e+00,4.17321853e-02,1.47387633e+04,2.21812599e+02,2.61289524e-03,4.63143612e-05,0.00000000e+00,0.00000000e+00,9.17380000e+00,1.04365484e-01
1.50500000e+01,2.24942608e-03,4.14289059e-05,0.00000000e+00,0.00000000e+00,4.29062159e-04,1.46749346e-05,2.23592646e-03,5.90123847e-05,3.53969873e+00,4.10995196e-02,1.48318330e+04,2.18152675e+02,2.61478365e-03,4.61806187e-05,0.00000000e+00,0.00000000e+00,0.00000000e+00,0.00000000e+00
1.51500000e+01,2.24537221e-03,3.72615081e-05,0.00000000e+00,0.00000000e+00,4.38459310e-04,1.62846232e-05,2.20975734e-03,5.70761550e-05,3.54142347e+00,3.67592353e-02,1.48435092e+04,1.94035690e+02,2.62066511e-03,4.24614481e-05,0.00000000e+00,0.00000000e+00,9.16300000e+00,1.02858433e-01
1.52500000e+01,2.24392117e-03,3.80192251e-05,0.00000000e+00,0.00000000e+00,4.39465572e-04,1.67920422e-05,2.19153326e-03,5.70105254e-05,3.53732767e+00,3.52855059e-02,1.47679569e+04,1.89542433e+02,2.61937066e-03,4.30034269e-05,0.00000000e+00,0.00000000e+00,0.00000000e+00,0.00000000e+00
1.53500000e+01,2.23612131e-03,4.18363190e-05,0.00000000e+00,0.00000000e+00,4.48898080e-04,1.70769832e-05,2.18348038e-03,5.48518287e-05,3.53176902e+00,4.17558361e-02,1.47296048e+04,2.14446832e+02,2.62116004e-03,4.58583214e-05,0.00000000e+00,0.00000000e+00,9.15760000e+00,9.92739191e-02
1.54500000e+01,2.24095310e-03,4.49258632e-05,0.00000000e+00,0.00000000e+00,4.71429190e-04,2.59072388e-05,2.17447511e-03,5.40325640e-05,3.53230724e+00,4.01967857e-02,1.47644109e+04,2.29438605e+02,2.65061225e-03,5.52617060e-05,0.00000000e+00,0.00000000e+00,0.00000000e+00,0.00000000e+00
1.55500000e+01,2.23264972e-03,4.29744848e-05,0.00000000e+00,0.00000000e+00,4.75322181e-04,3.15876674e-05,2.16180851e-03,5.55687437e-05,3.52591539e+00,4.08394096e-02,1.47061853e+04,2.21436371e+02,2.64644051e-03,5.52035528e-05,0.00000000e+00,0.00000000e+00,9.13760000e+00,1.00272510e-01
1.56500000e+01,2.22463859e-03,4.36200104e-05,0.00000000e+00,0.00000000e+00,4.61304397e-04,2.01392933e-05,2.18294774e-03,7.41744954e-05,3.51343372e+00,3.99959511e-02,1.46670704e+04,2.28183746e+02,2.62361194e-03,5.13521747e-05,0.00000000e+00,0.00000000e+00,0.00000000e+00,0.00000000e+00
1.57500000e+01,2.23715406e-03,4.21183376e-05,0.00000000e+00,0.00000000e+00,5.03837410e-04,4.17400367e-05,2.15225891e-03,6.61200797e-05,3.52197893e+00,4.07117161e-02,1.46876304e+04,2.23654811e+02,2.67989675e-03,6.12083143e-05,0.00000000e+00,0.00000000e+00,9.14200000e+00,9.91543839e-02
1.58500000e+01,2.23596084e-03,4.37771897e-05,0.00000000e+00,0.00000000e+00,4.77986780e-04,2.74729779e-05,2.08658422e-03,5.63270631e-05,3.51179142e+00,4.28370017e-02,1.46260800e+04,2.31192657e+02,2.65466961e-03,5.64815257e-05,0.00000000e+00,0.00000000e+00,0.00000000e+00,0.00000000e+00
1.59500000e+01,2.23830715e-03,4.31782554e-05,0.00000000e+00,0.00000000e+00,4.58268458e-04,2.59500293e-05,2.07155562e-03,5.63812154e-05,3.49687654e+00,3.99942293e-02,1.46008109e+04,2.26221050e+02,2.63782836e-03,5.10396282e-05,0.00000000e+00,0.00000000e+00,9.14200000e+00,9.95397572e-02
1.60500000e+01,2.21217965e-03,4.12658679e-05,0.00000000e+00,0.00000000e+00,4.55483060e-04,2.43217728e-05,2.05917621e-03,5.46887629e-05,3.46374801e+00,3.92600690e-02,1.44621807e+04,2.19231835e+02,2.60902934e-03,4.95927184e-05,0.00000000e+00,0.00000000e+00,0.00000000e+00,0.00000000e+00
1.61500000e+01,2.20954826e-03,4.17297327e-05,0.00000000e+00,0.00000000e+00,4.71328137e-04,2.70992751e-05,2.03452009e-03,5.26714773e-05,3.43984929e+00,3.95252613e-02,1.44001404e+04,2.19175779e+02,2.62307705e-03,5.20826346e-05,0.00000000e+00,0.00000000e+00,9.13940000e+00,1.02217619e-01
1.62500000e+01,2.21066160e-03,4.17920586e-05,0.00000000e+00,0.00000000e+00,4.48435528e-04,1.90636022e-05,2.01866460e-03,5.29675511e-05,3.45716980e+00,4.17628884e-02,1.44239843e+04,2.25379589e+02,2.60196568e-03,4.64581066e-05,0.00000000e+00,0.00000000e+00,0.00000000e+00,0.00000000e+00
1.63500000e+01,2.22715905e-03,4.24885011e-05,0.00000000e+00,0.00000000e+00,4.96465432e-04,3.03925924e-05,2.01196778e-03,5.56261066e-05,3.48449929e+00,3.91978780e-02,1.44998685e+04,2.24812220e+02,2.66673437e-03,4.93564010e-05,0.00000000e+00,0.00000000e+00,9.11180000e+00,1.01745457e-01
1.64500000e+01,2.21773767e-03,4.30099844e-05,0.00000000e+00,0.00000000e+00,5.03964898e-04,3.09244764e-05,2.00482052e-03,5.55170595e-05,3.47571170e+00,3.88202271e-02,1.44445670e+04,2.25958401e+02,2.66508319e-03,5.43483529e-05,0.00000000e+00,0.00000000e+00,0.00000000e+00,0.00000000e+00
1.65500000e+01,2.21145108e-03,3.87686176e-05,0.00000000e+00,0.00000000e+00,4.91764623e-04,2.59185381e-05,1.99198574e-03,5.67990492e-05,3.47163656e+00,3.58078526e-02,1.43863347e+04,2.05629800e+02,2.64696731e-03,5.03500785e-05,0.00000000e+00,0.00000000e+00,9.10540000e+00,1.01675839e-01
1.66500000e+01,2.21078531e-03,3.92054829e-05,0.00000000e+00,0.00000000e+00,4.84413211e-04,2.62829629e-05,2.00245768e-03,6.11470989e-05,3.44641205e+00,3.86409687e-02,1.43322410e+04,2.09525923e+02,2.63891200e-03,4.97862172e-05,0.00000000e+00,0.00000000e+00,0.00000000e+00,0.00000000e+00
1.67500000e+01,2.21236482e-03,3.99296722e-05,0.00000000e+00,0.00000000e+00,4.88079087e-04,2.63661119e-05,2.02365521e-03,6.43098239e-05,3.45228339e+00,3.85132590e-02,1.43656874e+04,2.13693817e+02,2.64359210e-03,5.06861798e-05,0.00000000e+00,0.00000000e+00,9.09220000e+00,1.02497502e-01
1.68500000e+01,2.21965671e-03,3.95180632e-05,0.00000000e+00,0.00000000e+00,4.78181030e-04,2.56846221e-05,1.97834757e-03,5.87711442e-05,3.44116328e+00,3.60145209e-02,1.43561306e+04,2.09337048e+02,2.64236056e-03,4.42319491e-05,0.00000000e+00,0.00000000e+00,0.00000000e+00,0.00000000e+00
1.69500000e+01,2.21812573e-03,4.17435318e-05,0.00000000e+00,0.00000000e+00,4.61705724e-04,2.02611573e-05,1.97279220e-03,6.12610238e-05,3.43609668e+00,3.65710667e-02,1.43439865e+04,2.20968476e+02,2.62420642e-03,4.42157393e-05,0.00000000e+00,0.00000000e+00,9.08680000e+00,1.03076132e-01
1.70500000e+01,2.22121387e-03,4.29076024e-05,0.00000000e+00,0.00000000e+00,4.63281612e-04,2.08742631e-05,1.98186438e-03,6.58005381e-05,3.42967181e+00,3.54499321e-02,1.43549051e+04,2.26905491e+02,2.62818176e-03,4.51469955e-05,0.00000000e+00,0.00000000e+00,0.00000000e+00,0.00000000e+00
1.71500000e+01,2.18570080e-03,4.11089186e-05,0.00000000e+00,0.00000000e+00,4.67779976e-04,1.99805426e-05,1.95813293e-03,6.35866922e-05,3.39412359e+00,3.47383685e-02,1.41758722e+04,2.17568121e+02,2.59760649e-03,4.46567868e-05,0.00000000e+00,0.00000000e+00,9.08440000e+00,1.00791221e-01
1.72500000e+01,2.19190239e-03,4.09474435e-05,0.00000000e+00,0.00000000e+00,4.94504269e-04,2.58103731e-05,1.90556374e-03,5.69043664e-05,3.38638643e+00,2.97951890e-02,1.41817722e+04,2.03077506e+02,2.63205178e-03,4.62518821e-05,0.00000000e+00,0.00000000e+00,0.00000000e+00,0.00000000e+00
1.73500000e+01,2.16419315e-03,3.81981214e-05,0.00000000e+00,0.00000000e+00,5.18186842e-04,3.18304499e-05,1.86942845e-03,5.69863059e-05,3.37142070e+00,3.16136040e-02,1.40370260e+04,1.91925224e+02,2.62900011e-03,4.94439938e-05,0.00000000e+00,0.00000000e+00,9.07560000e+00,1.00009044e-01
1.74500000e+01,2.15956607e-03,4.01503760e-05,0.00000000e+00,0.00000000e+00,4.97530829e-04,3.12102868e-05,1.82642750e-03,5.28157393e-05,3.35609618e+00,3.42110515e-02,1.39691685e+04,2.05002211e+02,2.60451577e-03,4.85960993e-05,0.00000000e+00,0.00000000e+00,0.00000000e+00,0.00000000e+00
1.75500000e+01,2.15898417e-03,3.86587175e-05,0.00000000e+00,0.00000000e+00,5.28182679e-04,6.87386614e-05,1.79766209e-03,5.34332300e-05,3.34283278e+00,3.14467669e-02,1.39513448e+04,1.94518152e+02,2.63554438e-03,8.04701518e-05,0.00000000e+00,0.00000000e+00,9.07860000e+00,9.93045244e-02
1.76500000e+01,2.17805570e-03,4.05429161e-05,0.00000000e+00,0.00000000e+00,4.88314440e-04,2.89212403e-05,1.79146582e-03,5.36704937e-05,3.36624025e+00,3.28693909e-02,1.40480694e+04,2.02340809e+02,2.61513742e-03,5.01518366e-05,0.00000000e+00,0.00000000e+00,0.00000000e+00,0.00000000e+00
1.77500000e+01,2.16751682e-03,4.09515923e-05,0.00000000e+00,0.00000000e+00,5.07356397e-04,2.95529175e-05,1.77917023e-03,5.32808075e-05,3.36743222e+00,3.28721526e-02,1.40014553e+04,2.01464463e+02,2.62387886e-03,5.41842699e-05,0.00000000e+00,0.00000000e+00,9.05920000e+00,9.85469286e-02
1.78500000e+01,2.15412136e-03,4.20907005e-05,0.00000000e+00,0.00000000e+00,4.86496168e-04,2.66552626e-05,1.76328340e-03,5.20754702e-05,3.32940559e+00,3.27054281e-02,1.38687678e+04,2.12431016e+02,2.59003443e-03,4.99090020e-05,0.00000000e+00,0.00000000e+00,0.00000000e+00,0.00000000e+00
1.79500000e+01,2.16876591e-03,4.17471113e-05,0.00000000e+00,0.00000000e+00,4.66790813e-04,2.61951288e-05,1.76460247e-03,5.46278350e-05,3.33260633e+00,3.30511373e-02,1.39648178e+04,2.14826271e+02,2.58492087e-03,4.95782029e-05,0.00000000e+00,0.00000000e+00,9.04580000e+00,9.94101338e-02
1.80500000e+01,2.19079804e-03,4.31663611e-05,0.00000000e+00,0.00000000e+00,5.05450530e-04,4.08879695e-05,1.81463504e-03,7.76991526e-05,3.34774295e+00,3.45410127e-02,1.40524040e+04,2.17970835e+02,2.64423954e-03,6.07170555e-05,0.00000000e+00,0.00000000e+00,0.00000000e+00,0.00000000e+00
1.81500000e+01,2.15115532e-03,3.61935543e-05,0.00000000e+00,0.00000000e+00,4.74863222e-04,2.89704389e-05,1.76630676e-03,5.64687643e-05,3.34080273e+00,3.53347853e-02,1.38560629e+04,1.86396737e+02,2.57517882e-03,4.81022602e-05,0.00000000e+00,0.00000000e+00,9.04620000e+00,1.00619262e-01
1.82500000e+01,2.17870338e-03,4.64081687e-05,0.00000000e+00,0.00000000e+00,4.65482994e-04,3.14378755e-05,1.74313528e-03,5.60135609e-05,3.33570980e+00,3.55381031e-02,1.39667274e+04,2.32511906e+02,2.59396762e-03,5.75395899e-05,0.00000000e+00,0.00000000e+00,0.00000000e+00,0.00000000e+00
1.83500000e+01,2.17872765e-03,3.97568054e-05,0.00000000e+00,0.00000000e+00,4.80452799e-04,3.66570775e-05,1.73710756e-03,5.50468244e-05,3.34260176e+00,3.47975037e-02,1.39443262e+04,2.05991210e+02,2.60913793e-03,5.59805595e-05,0.00000000e+00,0.00000000e+00,9.02800000e+00,1.00709726e-01
1.84500000e+01,2.16162342e-03,3.85500786e-05,0.00000000e+00,0.00000000e+00,5.44436704e-04,9.89802977e-05,1.73349692e-03,5.54097166e-05,3.33122375e+00,3.46475669e-02,1.38454969e+04,1.93583295e+02,2.65590864e-03,1.03217611e-04,0.00000000e+00,0.00000000e+00,0.00000000e+00,0.00000000e+00
1.85500000e+01,2.15505247e-03,3.91539452e-05,0.00000000e+00,0.00000000e+00,4.76721222e-04,3.64159789e-05,1.72396752e-03,5.33679018e-05,3.31226831e+00,3.54204433e-02,1.37704815e+04,1.94809549e+02,2.58195746e-03,5.29931892e-05,0.00000000e+00,0.00000000e+00,9.02240000e+00,9.92677517e-02
1.86500000e+01,2.15886997e-03,3.63170314e-05,0.00000000e+00,0.00000000e+00,4.65204045e-04,2.67587815e-05,1.71151900e-03,4.97760546e-05,3.30581830e+00,3.51112696e-02,1.37975893e+04,1.79283831e+02,2.57426483e-03,4.87392179e-05,0.00000000e+00,0.00000000e+00,0.00000000e+00,0.00000000e+00
1.87500000e+01,2.16236053e-03,3.68313162e-05,0.00000000e+00,0.00000000e+00,4.74285081e-04,2.75685534e-05,1.68942501e-03,4.72462056e-05,3.30851240e+00,3.48467491e-02,1.38248253e+04,1.77754260e+02,2.58756477e-03,5.01051517e-05,0.00000000e+00,0.00000000e+00,9.00780000e+00,9.79167868e-02
1.88500000e+01,2.18095401e-03,4.32287006e-05,0.00000000e+00,0.00000000e+00,4.59626459e-04,2.29876098e-05,1.66533702e-03,4.62725227e-05,3.31558908e+00,3.73603812e-02,1.38947911e+04,2.13574087e+02,2.59221069e-03,5.50848749e-05,0.00000000e+00,0.00000000e+00,0.00000000e+00,0.00000000e+00
1.89500000e+01,2.18263841e-03,3.99078462e-05,0.00000000e+00,0.00000000e+00,4.55539880e-04,2.73497877e-05,1.65679859e-03,4.78007489e-05,3.32693604e+00,3.65920683e-02,1.39034405e+04,1.98696158e+02,2.59040123e-03,5.55578004e-05,0.00000000e+00,0.00000000e+00,8.99600000e+00,9.72566560e-02
1.90500000e+01,2.16164900e-03,3.95826018e-05,0.00000000e+00,0.00000000e+00,4.45877094e-04,2.66355802e-05,1.64750177e-03,4.83270204e-05,3.30885542e+00,3.42878028e-02,1.37835532e+04,1.95086867e+02,2.56062697e-03,5.37289718e-05,0.00000000e+00,0.00000000e+00,0.00000000e+00,0.00000000e+00
1.91500000e+01,2.17050262e-03,3.90204230e-05,0.00000000e+00,0.00000000e+00,4.62261235e-04,3.35079444e-05,1.64258227e-03,4.92095867e-05,3.29888576e+00,3.25898182e-02,1.38162927e+04,1.89178210e+02,2.58557752e-03,5.66609625e-05,0.00000000e+00,0.00000000e+00,8.98060000e+00,9.66159703e-02
1.92500000e+01,2.15305373e-03,4.07264233e-05,0.00000000e+00,0.00000000e+00,4.49924394e-04,2.68760243e-05,1.74673547e-03,1.45149401e-04,3.28497390e+00,3.33152383e-02,1.37774540e+04,2.29366684e+02,2.55339412e-03,4.94964489e-05,0.00000000e+00,0.00000000e+00,0.00000000e+00,0.00000000e+00
1.93500000e+01,2.14126072e-03,3.58853765e-05,0.00000000e+00,0.00000000e+00,4.56579019e-04,2.79995155e-05,1.57871450e-03,4.82607804e-05,3.26985895e+00,3.26973490e-02,1.36998403e+04,1.87302459e+02,2.55225430e-03,4.98981408e-05,0.00000000e+00,0.00000000e+00,8.96060000e+00,9.58176031e-02
1.94500000e+01,2.14026691e-03,3.44275512e-05,0.00000000e+00,0.00000000e+00,4.56607524e-04,2.78208203e-05,1.55921549e-03,5.12027221e-05,3.26295469e+00,3.18153998e-02,1.36389194e+04,1.70417840e+02,2.55179692e-03,4.87120744e-05,0.00000000e+00,0.00000000e+00,0.00000000e+00,0.00000000e+00
1.95500000e+01,2.16269991e-03,3.71305524e-05,0.00000000e+00,0.00000000e+00,4.48198979e-04,2.71095220e-05,1.55387538e-03,4.82429427e-05,3.27411833e+00,3.25501295e-02,1.37136314e+04,1.81780097e+02,2.56604533e-03,4.97657505e-05,0.00000000e+00,0.00000000e+00,8.96840000e+00,9.54069094e-02
1.96500000e+01,2.13162878e-03,3.57280742e-05,0.00000000e+00,0.00000000e+00,4.69204874e-04,3.05007030e-05,1.56059764e-03,5.00487186e-05,3.25763710e+00,3.26228061e-02,1.35644105e+04,1.77645368e+02,2.55580985e-03,5.28585897e-05,0.00000000e+00,0.00000000e+00,0.00000000e+00,0.00000000e+00
1.97500000e+01,2.10528173e-03,3.41762936e-05,0.00000000e+00,0.00000000e+00,5.42839065e-04,9.67839859e-05,1.52902092e-03,4.53911669e-05,3.25253667e+00,3.54733386e-02,1.34198882e+04,1.73187023e+02,2.60393976e-03,1.07613237e-04,0.00000000e+00,0.00000000e+00,8.95880000e+00,9.76552202e-02
1.98500000e+01,2.10646852e-03,3.47088585e-05,0.00000000e+00,0.00000000e+00,4.29634420e-04,2.02535582e-05,1.50949245e-03,4.52809529e-05,3.25033168e+00,3.30363564e-02,1.34281915e+04,1.77908776e+02,2.49192226e-03,4.13100779e-05,0.00000000e+00,0.00000000e+00,0.00000000e+00,0.00000000e+00
1.99500000e+01,2.12915761e-03,3.78673655e-05,0.00000000e+00,0.00000000e+00,4.58264480e-04,3.27014395e-05,1.50862436e-03,5.06637413e-05,3.24872933e+00,3.23528016e-02,1.35486795e+04,2.01604108e+02,2.54247443e-03,4.87627105e-05,0.00000000e+00,0.00000000e+00,8.93900000e+00,9.80396629e-02
2.00500000e+01,2.12204813e-03,3.83166065e-05,0.00000000e+00,0.00000000e+00,4.49856415e-04,3.10766725e-05,1.50470391e-03,5.07397788e-05,3.23746151e+00,3.41803860e-02,1.34378223e+04,1.87543558e+02,2.52865818e-03,4.89266452e-05,0.00000000e+00,0.00000000e+00,0.00000000e+00,0.00000000e+00
2.01500000e+01,2.13809353e-03,4.22509451e-05,0.00000000e+00,0.00000000e+00,4.64053916e-04,3.06836847e-05,1.48253254e-03,4.83907686e-05,3.22729230e+00,3.12766801e-02,1.34753515e+04,2.02901901e+02,2.55950285e-03,4.93828544e-05,0.00000000e+00,0.00000000e+00,8.91640000e+00,9.78519331e-02
2.02500000e+01,2.13106705e-03,4.06751276e-05,0.00000000e+00,0.00000000e+00,4.56596127e-04,3.24724455e-05,1.47052661e-03,4.82298387e-05,3.22657268e+00,3.12247627e-02,1.34646932e+04,2.00726817e+02,2.54521415e-03,4.91305432e-05,0.00000000e+00,0.00000000e+00,0.00000000e+00,0.00000000e+00
2.03500000e+01,2.12041027e-03,4.18836786e-05,0.00000000e+00,0.00000000e+00,4.34556694e-04,2.80136411e-05,1.44592458e-03,4.98347143e-05,3.20331383e+00,3.13384547e-02,1.33848138e+04,2.05959116e+02,2.51322039e-03,4.79771597e-05,0.00000000e+00,0.00000000e+00,8.89220000e+00,9.74994673e-02
2.04500000e+01,2.11497516e-03,4.06259473e-05,0.00000000e+00,0.00000000e+00,4.47081677e-04,3.33570006e-05,1.43436298e-03,4.97307278e-05,3.19292487e+00,3.07119658e-02,1.33165384e+04,2.00554246e+02,2.52068702e-03,5.63034785e-05,0.00000000e+00,0.00000000e+00,0.00000000e+00,0.00000000e+00
2.05500000e+01,2.12177910e-03,4.04544279e-05,0.00000000e+00,0.00000000e+00,4.26750150e-04,2.71337372e-05,1.43220054e-03,5.01948724e-05,3.19910515e+00,3.11305167e-02,1.33523583e+04,2.01961752e+02,2.50677197e-03,5.01881755e-05,0.00000000e+00,0.00000000e+00,8.88820000e+00,9.98891998e-02
2.06500000e+01,2.13389661e-03,4.14933975e-05,0.00000000e+00,0.00000000e+00,4.24842893e-04,2.29510948e-05,1.42292256e-03,5.07679758e-05,3.23167491e+00,2.87321650e-02,1.34604475e+04,2.11094819e+02,2.51730243e-03,4.82724817e-05,0.00000000e+00,0.00000000e+00,0.00000000e+00,0.00000000e+00
2.07500000e+01,2.12863801e-03,4.14848671e-05,0.00000000e+00,0.00000000e+00,4.41628891e-04,2.29489943e-05,1.39644641e-03,4.61212640e-05,3.21947734e+00,2.68381778e-02,1.34145086e+04,2.09302845e+02,2.52936241e-03,5.02785687e-05,0.00000000e+00,0.00000000e+00,8.87480000e+00,1.00371652e-01
2.08500000e+01,2.11360216e-03,4.14761602e-05,0.00000000e+00,0.00000000e+00,4.23651846e-04,2.36778425e-05,1.37531681e-03,4.64525272e-05,3.19248623e+00,2.83003617e-02,1.32712142e+04,2.06142701e+02,2.49684411e-03,4.89431698e-05,0.00000000e+00,0.00000000e+00,0.00000000e+00,0.00000000e+00
2.09500000e+01,2.12784271e-03,4.48322353e-05,0.00000000e+00,0.00000000e+00,4.66036440e-04,4.77491491e-05,1.36785365e-03,4.53546723e-05,3.18745711e+00,3.04333115e-02,1.33394055e+04,2.27577895e+02,2.55378062e-03,7.45138121e-05,0.00000000e+00,0.00000000e+00,8.86080000e+00,9.73606131e-02
2.10500000e+01,2.09842713e-03,5.29184956e-05,0.00000000e+00,0.00000000e+00,4.33001838e-04,2.48492264e-05,1.36275894e-03,4.35621291e-05,3.15097349e+00,2.86906610e-02,1.31623449e+04,2.62087668e+02,2.49144571e-03,6.02695631e-05,0.00000000e+00,0.00000000e+00,0.00000000e+00,0.00000000e+00
2.11500000e+01,2.12321045e-03,5.44357989e-05,0.00000000e+00,0.00000000e+00,4.38199512e-04,2.70139734e-05,1.33948534e-03,4.15071833e-05,3.16884593e+00,2.89393368e-02,1.32838758e+04,2.70060573e+02,2.52217931e-03,6.06690627e-05,0.00000000e+00,0.00000000e+00,8.85280000e+00,9.79583585e-02
2.12500000e+01,2.08635013e-03,4.06493979e-05,0.00000000e+00,0.00000000e+00,4.28859182e-04,2.21266791e-05,1.33767699e-03,4.13513785e-05,3.15140953e+00,2.69965312e-02,1.30568869e+04,2.05529833e+02,2.47616485e-03,4.81028230e-05,0.00000000e+00,0.00000000e+00,0.00000000e+00,0.00000000e+00
2.13500000e+01,2.07119208e-03,3.72240460e-05,0.00000000e+00,0.00000000e+00,4.47978088e-04,2.53385647e-05,1.34089411e-03,4.16229487e-05,3.13982198e+00,2.62302592e-02,1.29759757e+04,1.87178816e+02,2.47993876e-03,4.38835101e-05,0.00000000e+00,0.00000000e+00,8.83520000e+00,9.60519587e-02
2.14500000e+01,2.08020448e-03,3.86353276e-05,0.00000000e+00,0.00000000e+00,4.24275861e-04,1.86927550e-05,1.33524279e-03,4.13524653e-05,3.14110762e+00,2.84205823e-02,1.30209750e+04,1.93779078e+02,2.46530354e-03,4.03529834e-05,0.00000000e+00,0.00000000e+00,0.00000000e+00,0.00000000e+00
2.15500000e+01,2.07669325e-03,3.75503435e-05,0.00000000e+00,0.00000000e+00,4.20270101e-04,1.84188006e-05,1.33299742e-03,4.21992185e-05,3.13898648e+00,3.02114356e-02,1.30035226e+04,1.90260640e+02,2.45778308e-03,4.11255966e-05,0.00000000e+00,0.00000000e+00,8.82120000e+00,9.66164899e-02
2.16500000e+01,2.07316395e-03,3.87952231e-05,0.00000000e+00,0.00000000e+00,4.15523137e-04,1.54939268e-05,1.34840101e-03,4.98976263e-05,3.13667723e+00,2.80906571e-02,1.29947785e+04,1.98191400e+02,2.44927907e-03,3.96287756e-05,0.00000000e+00,0.00000000e+00,0.00000000e+00,0.00000000e+00
2.17500000e+01,2.06262860e-03,4.03683612e-05,0.00000000e+00,0.00000000e+00,4.27539109e-04,1.74085854e-05,1.29420167e-03,3.99274432e-05,3.11559565e+00,2.91241282e-02,1.29155320e+04,2.03095242e+02,2.45227814e-03,4.32564509e-05,0.00000000e+00,0.00000000e+00,8.81660000e+00,9.74150011e-02
2.18500000e+01,2.03608310e-03,3.46766375e-05,0.00000000e+00,0.00000000e+00,4.42783051e-04,2.14094049e-05,1.26922683e-03,4.09922969e-05,3.12404733e+00,2.72961819e-02,1.28302425e+04,1.72131557e+02,2.44192785e-03,3.77586714e-05,0.00000000e+00,0.00000000e+00,0.00000000e+00,0.00000000e+00
2.19500000e+01,2.05379834e-03,4.28533668e-05,0.00000000e+00,0.00000000e+00,4.24527760e-04,1.96154590e-05,1.25784826e-03,4.03346988e-05,3.12673529e+00,2.84853800e-02,1.28911316e+04,2.16201511e+02,2.44188018e-03,4.65129793e-05,0.00000000e+00,0.00000000e+00,8.79040000e+00,9.86496418e-02
2.20500000e+01,2.03489710e-03,3.78136372e-05,0.00000000e+00,0.00000000e+00,4.43276783e-04,2.63543928e-05,1.24990117e-03,4.12279476e-05,3.10491233e+00,2.76942015e-02,1.27927791e+04,1.90774058e+02,2.44151415e-03,4.64247162e-05,0.00000000e+00,0.00000000e+00,0.00000000e+00,0.00000000e+00
2.21500000e+01,2.02469669e-03,3.52247792e-05,0.00000000e+00,0.00000000e+00,4.24336065e-04,1.83788940e-05,1.23690477e-03,4.12876654e-05,3.09334627e+00,3.10106804e-02,1.27363937e+04,1.84755847e+02,2.41237899e-03,4.02364259e-05,0.00000000e+00,0.00000000e+00,8.77820000e+00,9.71532305e-02
2.22500000e+01,2.03291158e-03,3.50260311e-05,0.00000000e+00,0.00000000e+00,4.07451876e-04,1.65502664e-05,1.23429738e-03,4.10322727e-05,3.09364441e+00,3.16126388e-02,1.27561417e+04,1.83975130e+02,2.40421346e-03,3.90914964e-05,0.00000000e+00,0.00000000e+00,0.00000000e+00,0.00000000e+00
2.23500000e+01,2.02176374e-03,3.49548298e-05,0.00000000e+00,0.00000000e+00,4.72037811e-04,3.68227871e-05,1.23260916e-03,4.00262967e-05,3.07845394e+00,3.11315633e-02,1.26656534e+04,1.84419946e+02,2.45775916e-03,4.70634561e-05,0.00000000e+00,0.00000000e+00,8.77620000e+00,9.65371410e-02
2.24500000e+01,2.02187586e-03,3.36334658e-05,0.00000000e+00,0.00000000e+00,4.79577548e-04,4.11617270e-05,1.22909730e-03,3.96511216e-05,3.07512627e+00,2.96082945e-02,1.26443129e+04,1.77442263e+02,2.46511598e-03,5.02023998e-05,0.00000000e+00,0.00000000e+00,0.00000000e+00,0.00000000e+00
2.25500000e+01,2.04304674e-03,3.33263479e-05,0.00000000e+00,0.00000000e+00,4.71476873e-04,4.00867619e-05,1.22205182e-03,3.91450805e-05,3.08888449e+00,3.05986322e-02,1.27766298e+04,1.73337389e+02,2.47834705e-03,5.02328083e-05,0.00000000e+00,0.00000000e+00,8.77640000e+00,9.33318678e-02
2.26500000e+01,2.04615236e-03,3.47891445e-05,0.00000000e+00,0.00000000e+00,4.32714492e-04,2.30689028e-05,1.26312056e-03,5.57117776e-05,3.07110179e+00,3.17467147e-02,1.27699273e+04,1.88103233e+02,2.44171913e-03,4.03199517e-05,0.00000000e+00,0.00000000e+00,0.00000000e+00,0.00000000e+00
2.27500000e+01,2.03791974e-03,3.66462274e-05,0.00000000e+00,0.00000000e+00,4.63490063e-04,5.21345202e-05,1.36760942e-03,1.18531455e-04,3.07606773e+00,3.41121723e-02,1.27924435e+04,2.11266193e+02,2.46119236e-03,6.76704421e-05,0.00000000e+00,0.00000000e+00,8.75700000e+00,9.64112154e-02
2.28500000e+01,2.03806250e-03,3.65718439e-05,0.00000000e+00,0.00000000e+00,4.70989736e-04,5.83506035e-05,1.26327767e-03,6.96388612e-05,3.05970236e+00,3.19612056e-02,1.27157446e+04,1.93093827e+02,2.47143693e-03,7.30158935e-05,0.00000000e+00,0.00000000e+00,0.00000000e+00,0.00000000e+00
2.29500000e+01,2.05049812e-03,4.01015440e-05,0.00000000e+00,0.00000000e+00,4.75891827e-04,7.30821522e-05,1.24973214e-03,7.00871018e-05,3.07476089e+00,3.47044869e-02,1.27679558e+04,2.08214698e+02,2.48912013e-03,8.65309093e-05,0.00000000e+00,0.00000000e+00,8.73960000e+00,9.54725989e-02
2.30500000e+01,2.04804395e-03,3.73970346e-05,0.00000000e+00,0.00000000e+00,4.70351340e-04,6.60501270e-05,1.21699076e-03,6.36686999e-05,3.08041365e+00,3.18034905e-02,1.27557895e+04,1.93531266e+02,2.48213102e-03,7.67737725e-05,0.00000000e+00,0.00000000e+00,0.00000000e+00,0.00000000e+00
2.31500000e+01,2.05042346e-03,4.05615137e-05,0.00000000e+00,0.00000000e+00,4.19737170e-04,3.79917796e-05,1.16251708e-03,4.16936060e-05,3.07022142e+00,3.34864239e-02,1.27038824e+04,2.04612619e+02,2.43534694e-03,5.41534232e-05,0.00000000e+00,0.00000000e+00,8.73640000e+00,9.66693333e-02
2.32500000e+01,2.03951084e-03,4.23127132e-05,0.00000000e+00,0.00000000e+00,3.86233756e-04,1.51855911e-05,1.14607943e-03,3.92175760e-05,3.05732965e+00,3.42332174e-02,1.26599828e+04,2.12935385e+02,2.39150159e-03,4.37059506e-05,0.00000000e+00,0.00000000e+00,0.00000000e+00,0.00000000e+00
2.33500000e+01,2.01702113e-03,4.07309291e-05,0.00000000e+00,0.00000000e+00,4.16939846e-04,3.28820744e-05,1.13953295e-03,3.84784837e-05,3.04436071e+00,3.13452584e-02,1.25739517e+04,2.05356426e+02,2.39955123e-03,5.74296322e-05,0.00000000e+00,0.00000000e+00,8.73780000e+00,9.63362691e-02
2.34500000e+01,2.00341488e-03,3.96520048e-05,0.00000000e+00,0.00000000e+00,4.53706188e-04,5.30827650e-05,1.13165346e-03,4.08583609e-05,3.03225048e+00,2.99797169e-02,1.24448070e+04,1.97104688e+02,2.42343510e-03,6.76086329e-05,0.00000000e+00,0.00000000e+00,0.00000000e+00,0.00000000e+00
2.35500000e+01,2.00638909e-03,3.90401602e-05,0.00000000e+00,0.00000000e+00,4.30571731e-04,3.08467193e-05,1.11932657e-03,4.06754150e-05,3.02371136e+00,3.01794572e-02,1.24334919e+04,1.92223714e+02,2.40360391e-03,5.42528584e-05,0.00000000e+00,0.00000000e+00,8.72600000e+00,9.64369309e-02
2.36500000e+01,1.98941400e-03,4.00140281e-05,0.00000000e+00,0.00000000e+00,4.09616425e-04,2.34644932e-05,1.11342826e-03,3.96019356e-05,3.01276271e+00,3.23213058e-02,1.23429956e+04,1.99936862e+02,2.36563513e-03,5.37615850e-05,0.00000000e+00,0.00000000e+00,0.00000000e+00,0.00000000e+00
2.37500000e+01,1.98364576e-03,3.89294236e-05,0.00000000e+00,0.00000000e+00,4.17795891e-04,2.58983280e-05,1.10932916e-03,3.97723695e-05,3.00517122e+00,3.14221708e-02,1.22977736e+04,1.99585140e+02,2.36823506e-03,4.52306728e-05,0.00000000e+00,0.00000000e+00,8.70260000e+00,9.75620410e-02
2.38500000e+01,1.97019012e-03,3.55800357e-05,0.00000000e+00,0.00000000e+00,4.00060872e-04,2.81495227e-05,1.10601613e-03,3.98024406e-05,2.98287080e+00,2.98980811e-02,1.22365207e+04,1.84604482e+02,2.33700307e-03,4.15144539e-05,0.00000000e+00,0.00000000e+00,0.00000000e+00,0.00000000e+00
2.39500000e+01,1.95579513e-03,3.67688704e-05,0.00000000e+00,0.00000000e+00,4.28525504e-04,3.08494131e-05,1.09736570e-03,3.92841359e-05,2.98272088e+00,3.26287993e-02,1.21858524e+04,1.95205841e+02,2.35126388e-03,4.24814063e-05,0.00000000e+00,0.00000000e+00,8.69060000e+00,9.69474547e-02
2.40500000e+01,1.96478851e-03,3.42515466e-05,0.00000000e+00,0.00000000e+00,4.19552292e-04,3.02901078e-05,1.08288242e-03,3.85293825e-05,2.98096159e+00,3.12127971e-02,1.21983469e+04,1.80561536e+02,2.35167487e-03,4.18532624e-05,0.00000000e+00,0.00000000e+00,0.00000000e+00,0.00000000e+00
2.41500000e+01,1.96218408e-03,3.44261104e-05,0.00000000e+00,0.00000000e+00,4.20069418e-04,2.95860515e-05,1.07870337e-03,3.84275108e-05,2.97508237e+00,3.11888419e-02,1.21686499e+04,1.79438299e+02,2.35015455e-03,4.25827004e-05,0.00000000e+00,0.00000000e+00,8.67740000e+00,9.53942667e-02
2.42500000e+01,1.96666755e-03,3.21148093e-05,0.00000000e+00,0.00000000e+00,4.00132981e-04,2.98094494e-05,1.10370941e-03,5.06780159e-05,2.99703086e+00,3.16104489e-02,1.22014464e+04,1.70274267e+02,2.33278275e-03,4.67117628e-05,0.00000000e+00,0.00000000e+00,0.00000000e+00,0.00000000e+00
2.43500000e+01,2.00042223e-03,3.96327670e-05,0.00000000e+00,0.00000000e+00,3.55512142e-04,1.32484055e-05,1.12481566e-03,6.20060129e-05,2.99655573e+00,3.01348963e-02,1.23504912e+04,2.06550187e+02,2.32062698e-03,4.03149289e-05,0.00000000e+00,0.00000000e+00,8.64440000e+00,9.46418210e-02
2.44500000e+01,2.01175393e-03,4.09383507e-05,0.00000000e+00,0.00000000e+00,3.60169659e-04,1.27162227e-05,1.13054456e-03,7.02460497e-05,3.01009102e+00,3.27686029e-02,1.24211744e+04,2.21363053e+02,2.33931693e-03,4.05025501e-05,0.00000000e+00,0.00000000e+00,0.00000000e+00,0.00000000e+00
2.45500000e+01,1.99326240e-03,3.49081979e-05,0.00000000e+00,0.00000000e+00,3.70886375e-04,1.36818125e-05,1.08350936e-03,4.35003814e-05,2.99345359e+00,2.96801733e-02,1.22530875e+04,1.80076728e+02,2.33279954e-03,3.41028137e-05,0.00000000e+00,0.00000000e+00,8.63880000e+00,9.40332724e-02
2.46500000e+01,1.99721601e-03,3.55751996e-05,0.00000000e+00,0.00000000e+00,3.70882454e-04,1.40756832e-05,1.09780991e-03,4.64141132e-05,2.97228232e+00,3.06449154e-02,1.22742133e+04,1.82456056e+02,2.33654361e-03,3.66565554e-05,0.00000000e+00,0.00000000e+00,0.00000000e+00,0.00000000e+00
2.47500000e+01,1.98829230e-03,3.29155616e-05,0.00000000e+00,0.00000000e+00,3.77058282e-04,1.56417551e-05,1.07752085e-03,4.46425929e-05,2.97986249e+00,3.04433535e-02,1.22505994e+04,1.72572261e+02,2.33314518e-03,3.70392492e-05,0.00000000e+00,0.00000000e+00,8.62700000e+00,9.34448435e-02
2.48500000e+01,1.98771386e-03,3.21295227e-05,0.00000000e+00,0.00000000e+00,3.92162586e-04,2.32759386e-05,1.10080176e-03,5.52095409e-05,2.98806746e+00,2.94866423e-02,1.22672765e+04,1.71041352e+02,2.34441383e-03,3.81289440e-05,0.00000000e+00,0.00000000e+00,0.00000000e+00,0.00000000e+00
2.49500000e+01,1.96747377e-03,3.06159463e-05,0.00000000e+00,0.00000000e+00,4.01943537e-04,2.11056151e-05,1.06188099e-03,4.57326277e-05,2.95686947e+00,2.84165677e-02,1.21412123e+04,1.58274333e+02,2.33866145e-03,4.08783435e-05,0.00000000e+00,0.00000000e+00,8.60240000e+00,9.12925595e-02
2.50500000e+01,1.98237779e-03,3.02670146e-05,0.00000000e+00,0.00000000e+00,3.98882907e-04,2.15159186e-05,1.02318938e-03,4.08740072e-05,2.97403753e+00,2.63985881e-02,1.21865732e+04,1.49827699e+02,2.35173925e-03,3.53727596e-05,0.00000000e+00,0.00000000e+00,0.00000000e+00,0.00000000e+00
2.51500000e+01,1.99215602e-03,3.15835933e-05,0.00000000e+00,0.00000000e+00,4.08376175e-04,2.63194634e-05,9.97400669e-04,4.04525017e-05,2.97389356e+00,2.75154499e-02,1.21956028e+04,1.63422432e+02,2.37175474e-03,3.82166147e-05,0.00000000e+00,0.00000000e+00,8.59400000e+00,9.27370652e-02
2.52500000e+01,1.97706326e-03,3.31140898e-05,0.00000000e+00,0.00000000e+00,4.28927080e-04,3.24081156e-05,9.69662832e-04,3.68085009e-05,2.98028167e+00,3.18037307e-02,1.21302953e+04,1.72839613e+02,2.37793081e-03,4.83952823e-05,0.00000000e+00,0.00000000e+00,0.00000000e+00,0.00000000e+00
2.53500000e+01,1.96938545e-03,3.62138435e-05,0.00000000e+00,0.00000000e+00,3.98888487e-04,2.37363836e-05,9.66072940e-04,3.72639323e-05,2.95817594e+00,2.98995530e-02,1.20656341e+04,1.83134245e+02,2.34029156e-03,4.78072670e-05,0.00000000e+00,0.00000000e+00,8.57120000e+00,9.44507819e-02
2.54500000e+01,1.99656150e-03,3.78076089e-05,0.00000000e+00,0.00000000e+00,3.82462740e-04,1.77950746e-05,9.63634982e-04,3.69923124e-05,2.97088658e+00,3.12706384e-02,1.22125785e+04,1.89669568e+02,2.35112577e-03,4.39635987e-05,0.00000000e+00,0.00000000e+00,0.00000000e+00,0.00000000e+00
2.55500000e+01,1.99629980e-03,3.72518472e-05,0.00000000e+00,0.00000000e+00,4.25121420e-04,4.27635811e-05,9.39107696e-04,3.50240016e-05,2.95788387e+00,2.87173148e-02,1.21721520e+04,1.84178928e+02,2.39420143e-03,5.92804351e-05,0.00000000e+00,0.00000000e+00,8.56200000e+00,9.69443350e-02
2.56500000e+01,1.96827219e-03,3.59872021e-05,0.00000000e+00,0.00000000e+00,3.73218473e-04,1.88221868e-05,9.25062040e-04,3.50435868e-05,2.93815501e+00,2.94519347e-02,1.20098446e+04,1.77435936e+02,2.31467202e-03,4.14001606e-05,0.00000000e+00,0.00000000e+00,0.00000000e+00,0.00000000e+00
2.57500000e+01,1.95915070e-03,3.50580779e-05,0.00000000e+00,0.00000000e+00,3.83576298e-04,2.40252708e-05,9.16230231e-04,3.50407071e-05,2.91787227e+00,2.92876970e-02,1.19723992e+04,1.77042436e+02,2.31617336e-03,4.08374638e-05,0.00000000e+00,0.00000000e+00,8.55960000e+00,9.74013200e-02
2.58500000e+01,1.95810991e-03,3.51889270e-05,0.00000000e+00,0.00000000e+00,3.97946267e-04,2.80783741e-05,9.05305267e-04,3.46619311e-05,2.91096568e+00,2.85192476e-02,1.19651397e+04,1.78701516e+02,2.32979749e-03,4.36132034e-05,0.00000000e+00,0.00000000e+00,0.00000000e+00,0.00000000e+00
2.59500000e+01,1.96570954e-03,3.66532986e-05,0.00000000e+00,0.00000000e+00,3.79957329e-04,2.21242488e-05,9.25681158e-04,4.85111155e-05,2.91047057e+00,3.05185689e-02,1.19697925e+04,1.82971400e+02,2.31872950e-03,4.48251002e-05,0.00000000e+00,0.00000000e+00,8.54540000e+00,9.82450954e-02
2.60500000e+01,1.97837109e-03,4.12184430e-05,0.00000000e+00,0.00000000e+00,3.93605730e-04,2.21959728e-05,9.15876350e-04,4.47507554e-05,2.90671179e+00,2.98988688e-02,1.20267540e+04,2.05667326e+02,2.34530801e-03,4.67674724e-05,0.00000000e+00,0.00000000e+00,0.00000000e+00,0.00000000e+00
2.61500000e+01,1.96109995e-03,3.92031135e-05,0.00000000e+00,0.00000000e+00,4.16462633e-04,2.47774610e-05,8.85427464e-04,3.49980963e-05,2.89667630e+00,3.10923778e-02,1.19759750e+04,1.97396093e+02,2.35176115e-03,4.52669991e-05,0.00000000e+00,0.00000000e+00,8.53500000e+00,9.73083674e-02
2.62500000e+01,1.96717678e-03,3.72449466e-05,0.00000000e+00,0.00000000e+00,3.91298670e-04,2.06020010e-05,8.78596700e-04,3.43608941e-05,2.89466347e+00,3.10201852e-02,1.19542419e+04,1.87904449e+02,2.33285049e-03,4.74235175e-05,0.00000000e+00,0.00000000e+00,0.00000000e+00,0.00000000e+00
2.63500000e+01,1.95371115e-03,3.51271812e-05,0.00000000e+00,0.00000000e+00,3.79625949e-04,1.86274490e-05,8.69183396e-04,3.32530899e-05,2.89284752e+00,2.88179433e-02,1.18788703e+04,1.75978057e+02,2.30790674e-03,4.08839336e-05,0.00000000e+00,0.00000000e+00,8.53520000e+00,9.92865324e-02
2.64500000e+01,1.95671444e-03,3.53999110e-05,0.00000000e+00,0.00000000e+00,3.72753324e-04,1.89170920e-05,8.67412852e-04,3.23243990e-05,2.88212781e+00,3.05041684e-02,1.18599941e+04,1.72537648e+02,2.30377291e-03,4.03369039e-05,0.00000000e+00,0.00000000e+00,0.00000000e+00,0.00000000e+00
2.65500000e+01,1.97149894e-03,3.31856932e-05,0.00000000e+00,0.00000000e+00,4.23724034e-04,5.15301761e-05,8.57803340e-04,3.17665978e-05,2.90670364e+00,3.27753562e-02,1.19304554e+04,1.69683151e+02,2.36988037e-03,6.13027984e-05,0.00000000e+00,0.00000000e+00,8.52160000e+00,9.78684498e-02
2.66500000e+01,1.94865198e-03,3.68624836e-05,0.00000000e+00,0.00000000e+00,4.94553682e-04,8.12746093e-05,8.45225925e-04,3.16411041e-05,2.87666645e+00,3.31950163e-02,1.17961969e+04,1.87781446e+02,2.41848958e-03,8.77152663e-05,0.00000000e+00,0.00000000e+00,0.00000000e+00,0.00000000e+00
2.67500000e+01,1.96269788e-03,3.66691408e-05,0.00000000e+00,0.00000000e+00,4.02794715e-04,2.93194666e-05,8.38071304e-04,3.13670692e-05,2.86689166e+00,3.17744212e-02,1.18584150e+04,1.87821607e+02,2.34099243e-03,4.53356029e-05,0.00000000e+00,0.00000000e+00,8.51080000e+00,9.66896318e-02
2.68500000e+01,1.96175122e-03,4.00724973e-05,0.00000000e+00,0.00000000e+00,3.50478797e-04,1.54781347e-05,8.26407864e-04,3.13664499e-05,2.86535845e+00,3.09185354e-02,1.18508797e+04,2.03806269e+02,2.28804597e-03,4.34788364e-05,0.00000000e+00,0.00000000e+00,0.00000000e+00,0.00000000e+00
2.69500000e+01,1.95144564e-03,3.79463050e-05,0.00000000e+00,0.00000000e+00,3.53299679e-04,1.51987016e-05,8.24050396e-04,3.07223241e-05,2.85348894e+00,3.20685842e-02,1.17881996e+04,1.93432195e+02,2.28060552e-03,4.17846323e-05,0.00000000e+00,0.00000000e+00,8.49360000e+00,9.55455912e-02
2.70500000e+01,1.96019975e-03,4.06718921e-05,0.00000000e+00,0.00000000e+00,3.70826268e-04,1.73155233e-05,8.20204943e-04,3.17346527e-05,2.85224097e+00,3.33907757e-02,1.18172036e+04,2.10080564e+02,2.30703146e-03,4.71070296e-05,0.00000000e+00,0.00000000e+00,0.00000000e+00,0.00000000e+00
2.71500000e+01,1.96391478e-03,4.19067931e-05,0.00000000e+00,0.00000000e+00,3.66941179e-04,1.57603727e-05,8.13175247e-04,3.26436549e-05,2.85049125e+00,3.50739953e-02,1.18451194e+04,2.17167405e+02,2.30653085e-03,4.56592655e-05,0.00000000e+00,0.00000000e+00,8.49640000e+00,9.55682297e-02
2.72500000e+01,1.98375088e-03,3.94258386e-05,0.00000000e+00,0.00000000e+00,3.87623202e-04,1.88355079e-05,8.05228520e-04,3.30271644e-05,2.85434194e+00,3.61902067e-02,1.19169645e+04,1.98740689e+02,2.34789919e-03,4.49212989e-05,0.00000000e+00,0.00000000e+00,0.00000000e+00,0.00000000e+00
2.73500000e+01,1.98172538e-03,4.03430758e-05,0.00000000e+00,0.00000000e+00,3.97063009e-04,2.03111885e-05,8.00275769e-04,3.39601878e-05,2.85747626e+00,3.67012032e-02,1.18940194e+04,2.02819916e+02,2.35555214e-03,4.53579359e-05,0.00000000e+00,0.00000000e+00,8.49240000e+00,9.41165409e-02
2.74500000e+01,1.94442088e-03,3.63600229e-05,0.00000000e+00,0.00000000e+00,4.12467019e-04,3.43526161e-05,8.01383500e-04,3.55642900e-05,2.83100165e+00,3.66245203e-02,1.17190208e+04,1.83290494e+02,2.33329951e-03,5.17117704e-05,0.00000000e+00,0.00000000e+00,0.00000000e+00,0.00000000e+00
2.75500000e+01,1.93512842e-03,3.77528234e-05,0.00000000e+00,0.00000000e+00,4.14621454e-04,2.78291624e-05,7.99676181e-04,3.63685416e-05,2.81670890e+00,3.65360883e-02,1.16699624e+04,1.89634709e+02,2.32611254e-03,5.06688782e-05,0.00000000e+00,0.00000000e+00,8.47600000e+00,9.33979854e-02
2.76500000e+01,1.95282603e-03,3.82407103e-05,0.00000000e+00,0.00000000e+00,4.37392313e-04,4.57531132e-05,7.94301201e-04,3.57918272e-05,2.83572957e+00,3.47651719e-02,1.17693537e+04,1.94712584e+02,2.36684683e-03,6.55156503e-05,0.00000000e+00,0.00000000e+00,0.00000000e+00,0.00000000e+00
2.77500000e+01,1.95868414e-03,3.98013902e-05,0.00000000e+00,0.00000000e+00,4.09294888e-04,2.73523952e-05,7.71017421e-04,3.43599517e-05,2.82836181e+00,3.27948370e-02,1.17721153e+04,2.00350770e+02,2.34516116e-03,5.22994287e-05,0.00000000e+00,0.00000000e+00,8.47620000e+00,9.37016063e-02
2.78500000e+01,1.94465971e-03,3.77131141e-05,0.00000000e+00,0.00000000e+00,4.07446272e-04,2.69066194e-05,7.58742461e-04,3.34994800e-05,2.81465485e+00,3.20241936e-02,1.16979920e+04,1.89471308e+02,2.32946273e-03,4.56269398e-05,0.00000000e+00,0.00000000e+00,0.00000000e+00,0.00000000e+00
2.79500000e+01,1.95296501e-03,3.69432968e-05,0.00000000e+00,0.00000000e+00,4.06397348e-04,2.76726182e-05,7.56872004e-04,3.41954290e-05,2.84278218e+00,3.46892400e-02,1.17598328e+04,1.88786926e+02,2.33684269e-03,4.76290668e-05,0.00000000e+00,0.00000000e+00,8.45560000e+00,9.16747400e-02
2.80500000e+01,1.97193286e-03,3.99161478e-05,0.00000000e+00,0.00000000e+00,3.90074646e-04,2.18422154e-05,7.46146830e-04,3.54896226e-05,2.85313391e+00,3.54992619e-02,1.18494820e+04,2.00312375e+02,2.33970654e-03,4.66850013e-05,0.00000000e+00,0.00000000e+00,0.00000000e+00,0.00000000e+00
2.81500000e+01,1.95541652e-03,4.13169567e-05,0.00000000e+00,0.00000000e+00,3.72474482e-04,1.68782050e-05,7.35872369e-04,3.42416830e-05,2.84194677e+00,3.77020370e-02,1.17552971e+04,2.09985820e+02,2.30646339e-03,4.77593310e-05,0.00000000e+00,0.00000000e+00,8.43100000e+00,9.07889457e-02
2.82500000e+01,1.95311821e-03,4.20609316e-05,0.00000000e+00,0.00000000e+00,4.58082576e-04,6.03793461e-05,7.34275048e-04,3.42751266e-05,2.83700536e+00,3.69257855e-02,1.17210795e+04,2.09599890e+02,2.38977633e-03,7.81602548e-05,0.00000000e+00,0.00000000e+00,0.00000000e+00,0.00000000e+00
2.83500000e+01,1.96017316e-03,3.92119490e-05,0.00000000e+00,0.00000000e+00,4.28053826e-04,2.73892447e-05,7.16823545e-04,3.24469068e-05,2.82726516e+00,3.52494132e-02,1.17399933e+04,1.92723489e+02,2.36712750e-03,5.12856141e-05,0.00000000e+00,0.00000000e+00,8.39260000e+00,8.87343249e-02
2.84500000e+01,1.97271581e-03,3.93662769e-05,0.00000000e+00,0.00000000e+00,4.21015952e-04,2.99784638e-05,7.11342901e-04,3.21667402e-05,2.81396785e+00,3.34776869e-02,1.17788837e+04,1.91327337e+02,2.37281177e-03,5.74019893e-05,0.00000000e+00,0.00000000e+00,0.00000000e+00,0.00000000e+00
2.85500000e+01,1.96693069e-03,3.98060045e-05,0.00000000e+00,0.00000000e+00,4.36901989e-04,3.86317181e-05,7.64602860e-04,6.18739851e-05,2.80782117e+00,3.40629833e-02,1.17498042e+04,1.94784357e+02,2.38157987e-03,6.23421327e-05,0.00000000e+00,0.00000000e+00,8.37240000e+00,8.71660672e-02
2.86500000e+01,1.96344409e-03,3.84162398e-05,0.00000000e+00,0.00000000e+00,4.13446291e-04,2.95382262e-05,7.36605574e-04,3.92728518e-05,2.81325589e+00,3.32362795e-02,1.17114404e+04,1.87363454e+02,2.35512196e-03,5.37878055e-05,0.00000000e+00,0.00000000e+00,0.00000000e+00,0.00000000e+00
2.87500000e+01,1.93879881e-03,3.91810480e-05,0.00000000e+00,0.00000000e+00,4.37302498e-04,5.36662947e-05,6.92800645e-04,3.30386343e-05,2.78618931e+00,3.37412094e-02,1.15589574e+04,1.93054145e+02,2.35519066e-03,6.80644127e-05,0.00000000e+00,0.00000000e+00,8.37560000e+00,8.67081240e-02
2.88500000e+01,1.92708721e-03,3.75843585e-05,0.00000000e+00,0.00000000e+00,3.87061163e-04,2.62075476e-05,6.86078539e-04,3.30407386e-05,2.78010900e+00,3.33229539e-02,1.15292888e+04,1.87521593e+02,2.29345531e-03,4.84245311e-05,0.00000000e+00,0.00000000e+00,0.00000000e+00,0.00000000e+00
2.89500000e+01,1.92496178e-03,3.71111963e-05,0.00000000e+00,0.00000000e+00,3.76317414e-04,2.31823265e-05,7.00349941e-04,3.51491952e-05,2.75783022e+00,3.03470740e-02,1.15037651e+04,1.85515064e+02,2.28030012e-03,4.73940312e-05,0.00000000e+00,0.00000000e+00,8.35920000e+00,8.54891520e-02
2.90500000e+01,1.93237806e-03,3.82897524e-05,0.00000000e+00,0.00000000e+00,3.80268702e-04,2.28414589e-05,6.93206170e-04,3.69044259e-05,2.77114690e+00,3.25858312e-02,1.15550616e+04,1.96425771e+02,2.28984537e-03,4.65677454e-05,0.00000000e+00,0.00000000e+00,0.00000000e+00,0.00000000e+00
2.91500000e+01,1.91149471e-03,4.00599514e-05,0.00000000e+00,0.00000000e+00,4.00738322e-04,2.67967103e-05,6.72307035e-04,3.67142291e-05,2.76701758e+00,3.69442275e-02,1.14610903e+04,2.09065804e+02,2.29181620e-03,5.30817280e-05,0.00000000e+00,0.00000000e+00,8.33180000e+00,8.58516471e-02
2.92500000e+01,1.90914655e-03,3.76698485e-05,0.00000000e+00,0.00000000e+00,4.13281735e-04,3.20609585e-05,6.66436554e-04,3.71405447e-05,2.75835326e+00,3.33623151e-02,1.14209388e+04,1.91559051e+02,2.30225588e-03,5.03834096e-05,0.00000000e+00,0.00000000e+00,0.00000000e+00,0.00000000e+00
2.93500000e+01,1.89863302e-03,3.90671166e-05,0.00000000e+00,0.00000000e+00,3.77646933e-04,2.62364607e-05,6.64723564e-04,3.81960107e-05,2.74167879e+00,3.26213023e-02,1.13708724e+04,2.01223189e+02,2.25602364e-03,4.93205140e-05,0.00000000e+00,0.00000000e+00,8.31600000e+00,8.56390146e-02
2.94500000e+01,1.88678336e-03,3.58297843e-05,0.00000000e+00,0.00000000e+00,3.55702620e-04,1.55674546e-05,6.44534453e-04,3.44345082e-05,2.72861512e+00,3.17307231e-02,1.12939221e+04,1.85934176e+02,2.22255053e-03,3.98076227e-05,0.00000000e+00,0.00000000e+00,0.00000000e+00,0.00000000e+00
2.95500000e+01,1.87976950e-03,3.65410179e-05,0.00000000e+00,0.00000000e+00,3.39114260e-04,1.23695794e-05,6.14671875e-04,2.71342617e-05,2.72854792e+00,3.37442238e-02,1.12641184e+04,1.89130800e+02,2.19967517e-03,3.96457013e-05,0.00000000e+00,0.00000000e+00,8.29460000e+00,8.60195564e-02
2.96500000e+01,1.86919499e-03,3.59578904e-05,0.00000000e+00,0.00000000e+00,3.26776900e-04,1.29346460e-05,6.07547619e-04,2.59339122e-05,2.71604238e+00,3.29597366e-02,1.12006115e+04,1.84431638e+02,2.17677638e-03,4.02773701e-05,0.00000000e+00,0.00000000e+00,0.00000000e+00,0.00000000e+00
2.97500000e+01,1.87003825e-03,3.37184478e-05,0.00000000e+00,0.00000000e+00,3.33201376e-04,1.31466160e-05,6.06671423e-04,2.71614152e-05,2.70943493e+00,3.55668528e-02,1.11760423e+04,1.78164625e+02,2.18391087e-03,3.95179238e-05,0.00000000e+00,0.00000000e+00,8.28140000e+00,8.75340214e-02
2.98500000e+01,1.88174875e-03,3.54180519e-05,0.00000000e+00,0.00000000e+00,3.58544615e-04,1.90405442e-05,5.93865408e-04,2.68856516e-05,2.71206485e+00,3.45361365e-02,1.12031996e+04,1.82660144e+02,2.22139562e-03,4.41210770e-05,0.00000000e+00,0.00000000e+00,0.00000000e+00,0.00000000e+00
2.99500000e+01,1.89022138e-03,4.01184710e-05,0.00000000e+00,0.00000000e+00,3.52317227e-04,1.84628225e-05,5.85736040e-04,2.76861982e-05,2.70122584e+00,3.66495099e-02,1.12241232e+04,2.02446881e+02,2.22399277e-03,4.80520675e-05,0.00000000e+00,0.00000000e+00,8.26800000e+00,8.59487270e-02
3.00500000e+01,1.88283017e-03,3.83111148e-05,0.00000000e+00,0.00000000e+00,3.50882818e-04,1.75216109e-05,5.82560815e-04,2.80595847e-05,2.70028701e+00,3.48449303e-02,1.11710437e+04,1.90151477e+02,2.21535546e-03,4.52936616e-05,0.00000000e+00,0.00000000e+00,0.00000000e+00,0.00000000e+00
3.01500000e+01,1.86075439e-03,3.85909566e-05,0.00000000e+00,0.00000000e+00,3.49345761e-04,2.00561499e-05,5.79088654e-04,2.80516954e-05,2.67770296e+00,3.48021927e-02,1.10675519e+04,1.97702339e+02,2.19196831e-03,4.74153680e-05,0.00000000e+00,0.00000000e+00,8.26840000e+00,8.46241920e-02
3.02500000e+01,1.86270521e-03,3.47629473e-05,0.00000000e+00,0.00000000e+00,3.40044974e-04,1.85013350e-05,5.67701948e-04,2.66941239e-05,2.68800976e+00,3.51901122e-02,1.10787094e+04,1.75633188e+02,2.18518148e-03,4.24451730e-05,0.00000000e+00,0.00000000e+00,0.00000000e+00,0.00000000e+00
3.03500000e+01,1.85574659e-03,3.59827633e-05,0.00000000e+00,0.00000000e+00,3.49253554e-04,1.98526869e-05,5.63800681e-04,2.71010394e-05,2.67271932e+00,3.50680389e-02,1.10336273e+04,1.81561038e+02,2.18741593e-03,4.41382369e-05,0.00000000e+00,0.00000000e+00,8.25460000e+00,8.25660947e-02
3.04500000e+01,1.86638032e-03,3.82379197e-05,0.00000000e+00,0.00000000e+00,3.67865232e-04,3.28606436e-05,5.58847773e-04,2.72068301e-05,2.68226065e+00,3.49891169e-02,1.10749089e+04,1.92187961e+02,2.21655537e-03,5.61333578e-05,0.00000000e+00,0.00000000e+00,0.00000000e+00,0.00000000e+00
3.05500000e+01,1.88252789e-03,3.66674275e-05,0.00000000e+00,0.00000000e+00,3.99229273e-04,3.88118520e-05,5.57029110e-04,2.70970400e-05,2.70004380e+00,3.32280108e-02,1.11619084e+04,1.83622466e+02,2.26399290e-03,6.32420618e-05,0.00000000e+00,0.00000000e+00,8.24260000e+00,8.15556953e-02
3.06500000e+01,1.87831571e-03,3.61071644e-05,0.00000000e+00,0.00000000e+00,3.90441429e-04,3.64265865e-05,5.52996213e-04,2.78178346e-05,2.69627187e+00,3.44851544e-02,1.11412429e+04,1.82850217e+02,2.25111122e-03,5.88665738e-05,0.00000000e+00,0.00000000e+00,0.00000000e+00,0.00000000e+00
3.07500000e+01,1.87367348e-03,3.53861767e-05,0.00000000e+00,0.00000000e+00,3.88425423e-04,3.42931819e-05,5.46382782e-04,2.93839328e-05,2.68628154e+00,3.24500917e-02,1.11113140e+04,1.77824135e+02,2.24493203e-03,5.67455470e-05,0.00000000e+00,0.00000000e+00,8.21340000e+00,8.31451202e-02
3.08500000e+01,1.85735620e-03,3.33227608e-05,0.00000000e+00,0.00000000e+00,4.36362158e-04,5.18857504e-05,5.36880104e-04,2.88763523e-05,2.68247946e+00,3.37021299e-02,1.10064943e+04,1.67491888e+02,2.27712198e-03,6.77457842e-05,0.00000000e+00,0.00000000e+00,0.00000000e+00,0.00000000e+00
3.09500000e+01,1.85376738e-03,3.19736727e-05,0.00000000e+00,0.00000000e+00,3.94646187e-04,2.78904759e-05,5.28206211e-04,2.90821971e-05,2.67456902e+00,3.19510213e-02,1.09788326e+04,1.58726435e+02,2.23205090e-03,4.47075188e-05,0.00000000e+00,0.00000000e+00,8.21080000e+00,8.49575356e-02
3.10500000e+01,1.86097722e-03,3.25276717e-05,0.00000000e+00,0.00000000e+00,3.42172512e-04,1.68683786e-05,5.20141841e-04,2.94992629e-05,2.67530359e+00,3.30145754e-02,1.10208532e+04,1.61764437e+02,2.18698320e-03,3.84946000e-05,0.00000000e+00,0.00000000e+00,0.00000000e+00,0.00000000e+00
3.11500000e+01,1.85803514e-03,3.31609108e-05,0.00000000e+00,0.00000000e+00,3.54250441e-04,1.99403150e-05,5.14286233e-04,2.95590925e-05,2.67680948e+00,3.42420375e-02,1.10178353e+04,1.68702802e+02,2.19612686e-03,4.02070065e-05,0.00000000e+00,0.00000000e+00,8.21640000e+00,8.63636167e-02
3.12500000e+01,1.84863076e-03,3.27551762e-05,0.00000000e+00,0.00000000e+00,3.72542218e-04,3.04757532e-05,5.12087107e-04,2.96201675e-05,2.67443137e+00,3.22337179e-02,1.09565008e+04,1.68961721e+02,2.20518997e-03,4.76275532e-05,0.00000000e+00,0.00000000e+00,0.00000000e+00,0.00000000e+00
3.13500000e+01,1.85713624e-03,3.21347360e-05,0.00000000e+00,0.00000000e+00,3.48815165e-04,2.22600809e-05,5.11524825e-04,2.96603729e-05,2.66780326e+00,3.15494914e-02,1.09677110e+04,1.63765859e+02,2.19011132e-03,4.02872349e-05,0.00000000e+00,0.00000000e+00,8.18880000e+00,8.63266885e-02
3.14500000e+01,1.85946688e-03,3.25121828e-05,0.00000000e+00,0.00000000e+00,3.48433700e-04,1.99400220e-05,5.06216205e-04,2.94215473e-05,2.66305359e+00,3.42575324e-02,1.09705262e+04,1.69222366e+02,2.19222698e-03,4.11982882e-05,0.00000000e+00,0.00000000e+00,0.00000000e+00,0.00000000e+00
3.15500000e+01,1.86471633e-03,3.25141511e-05,0.00000000e+00,0.00000000e+00,3.80033558e-04,2.44340505e-05,4.90858569e-04,2.92878894e-05,2.65937719e+00,3.41404544e-02,1.09788645e+04,1.69009130e+02,2.22953669e-03,4.46612524e-05,0.00000000e+00,0.00000000e+00,8.18540000e+00,8.57372398e-02
3.16500000e+01,1.85027237e-03,3.37649161e-05,0.00000000e+00,0.00000000e+00,3.59885125e-04,1.79679321e-05,4.84090573e-04,2.94240803e-05,2.64196982e+00,3.27904787e-02,1.08844811e+04,1.72005318e+02,2.19519418e-03,4.15620171e-05,0.00000000e+00,0.00000000e+00,0.00000000e+00,0.00000000e+00
3.17500000e+01,1.83530476e-03,3.44824003e-05,0.00000000e+00,0.00000000e+00,3.53176831e-04,1.76482366e-05,4.85723899e-04,2.97426056e-05,2.63398779e+00,3.31266698e-02,1.08080241e+04,1.74154685e+02,2.17348641e-03,4.23386816e-05,0.00000000e+00,0.00000000e+00,8.16820000e+00,8.55573277e-02
3.18500000e+01,1.83554031e-03,3.50153915e-05,0.00000000e+00,0.00000000e+00,3.63963545e-04,2.26914373e-05,4.87728401e-04,3.24791102e-05,2.62647164e+00,3.40170161e-02,1.08042715e+04,1.74522540e+02,2.18448651e-03,4.93068194e-05,0.00000000e+00,0.00000000e+00,0.00000000e+00,0.00000000e+00
3.19500000e+01,1.84301022e-03,4.04860829e-05,0.00000000e+00,0.00000000e+00,4.16962765e-04,3.71342438e-05,4.88266352e-04,3.25855659e-05,2.62200053e+00,3.59045359e-02,1.08378272e+04,2.02873425e+02,2.24494283e-03,6.30414110e-05,0.00000000e+00,0.00000000e+00,8.14720000e+00,8.54839954e-02
3.20500000e+01,1.82734050e-03,3.80062295e-05,0.00000000e+00,0.00000000e+00,4.22262218e-04,3.04115335e-05,4.86682440e-04,3.27575346e-05,2.62084120e+00,3.41545846e-02,1.07649578e+04,1.92386246e+02,2.23463986e-03,5.93247970e-05,0.00000000e+00,0.00000000e+00,0.00000000e+00,0.00000000e+00
3.21500000e+01,1.84206193e-03,3.89509173e-05,0.00000000e+00,0.00000000e+00,4.39689840e-04,2.88721543e-05,4.97356363e-04,3.47499952e-05,2.64225608e+00,3.20739686e-02,1.08406752e+04,1.96962822e+02,2.26648234e-03,5.74464501e-05,0.00000000e+00,0.00000000e+00,8.11280000e+00,8.68115670e-02
3.22500000e+01,1.82566924e-03,3.68368110e-05,0.00000000e+00,0.00000000e+00,4.38516470e-04,3.27432284e-05,4.88020931e-04,3.33576111e-05,2.62329757e+00,3.13558877e-02,1.07475762e+04,1.88726503e+02,2.24899308e-03,5.69553199e-05,0.00000000e+00,0.00000000e+00,0.00000000e+00,0.00000000e+00
3.23500000e+01,1.83146104e-03,3.56498563e-05,0.00000000e+00,0.00000000e+00,4.31341644e-04,3.20410716e-05,4.79021042e-04,3.24654585e-05,2.61591909e+00,3.40142308e-02,1.07807765e+04,1.87679608e+02,2.24767272e-03,5.42693561e-05,0.00000000e+00,0.00000000e+00,8.09920000e+00,8.51283976e-02
3.24500000e+01,1.83083832e-03,3.78242510e-05,0.00000000e+00,0.00000000e+00,4.56625318e-04,4.13048887e-05,4.72944101e-04,3.22514942e-05,2.60276811e+00,3.58694576e-02,1.07670786e+04,1.99995505e+02,2.27257821e-03,5.92016671e-05,0.00000000e+00,0.00000000e+00,0.00000000e+00,0.00000000e+00
3.25500000e+01,1.82656563e-03,3.81629426e-05,0.00000000e+00,0.00000000e+00,4.29312505e-04,3.51972611e-05,4.67871332e-04,3.14472551e-05,2.59090610e+00,3.42257006e-02,1.07294701e+04,1.92844518e+02,2.24113270e-03,5.76704817e-05,0.00000000e+00,0.00000000e+00,8.07980000e+00,8.53159745e-02
3.26500000e+01,1.80382029e-03,3.64663286e-05,0.00000000e+00,0.00000000e+00,3.78744794e-04,2.55191496e-05,4.64653786e-04,3.04008172e-05,2.57993266e+00,3.50939824e-02,1.06034228e+04,1.85192903e+02,2.16795235e-03,5.09982953e-05,0.00000000e+00,0.00000000e+00,0.00000000e+00,0.00000000e+00
3.27500000e+01,1.82330542e-03,3.87793741e-05,0.00000000e+00,0.00000000e+00,3.76629598e-04,2.85064263e-05,4.57707015e-04,2.99718398e-05,2.58616242e+00,3.50931506e-02,1.06884138e+04,1.96002110e+02,2.18548682e-03,5.40380836e-05,0.00000000e+00,0.00000000e+00,8.07020000e+00,8.48992152e-02
3.28500000e+01,1.82405406e-03,4.05407538e-05,0.00000000e+00,0.00000000e+00,3.82289116e-04,2.78310571e-05,4.53722557e-04,3.02147596e-05,2.56985719e+00,3.68482494e-02,1.06888881e+04,2.05870733e+02,2.19195577e-03,5.60366174e-05,0.00000000e+00,0.00000000e+00,0.00000000e+00,0.00000000e+00
3.29500000e+01,1.83878535e-03,4.05227177e-05,0.00000000e+00,0.00000000e+00,3.83443888e-04,2.80126730e-05,4.49604880e-04,3.05058340e-05,2.58422907e+00,3.32623116e-02,1.07639891e+04,2.02255847e+02,2.20801134e-03,4.76941785e-05,0.00000000e+00,0.00000000e+00,8.07420000e+00,8.49956013e-02
3.30500000e+01,1.83941152e-03,4.45336766e-05,0.00000000e+00,0.00000000e+00,3.88978288e-04,3.18319629e-05,4.42826028e-04,3.04885686e-05,2.57095768e+00,3.41871785e-02,1.07214409e+04,2.20348753e+02,2.21428398e-03,4.91391396e-05,0.00000000e+00,0.00000000e+00,0.00000000e+00,0.00000000e+00
3.31500000e+01,1.81693857e-03,3.86282084e-05,0.00000000e+00,0.00000000e+00,3.62988369e-04,2.36867845e-05,4.37913508e-04,3.08560170e-05,2.56217356e+00,3.20838315e-02,1.06152803e+04,1.95141369e+02,2.16593935e-03,4.34158064e-05,0.00000000e+00,0.00000000e+00,8.05940000e+00,8.54206446e-02
3.32500000e+01,1.82204778e-03,3.96083688e-05,0.00000000e+00,0.00000000e+00,3.69109303e-04,2.49698137e-05,4.33732445e-04,3.11408689e-05,2.55473067e+00,3.36051351e-02,1.06385822e+04,2.00181637e+02,2.17727560e-03,4.58995612e-05,0.00000000e+00,0.00000000e+00,0.00000000e+00,0.00000000e+00
3.33500000e+01,1.79796089e-03,3.72766857e-05,0.00000000e+00,0.00000000e+00,3.60030075e-04,2.34655356e-05,4.22669174e-04,2.66044259e-05,2.54777525e+00,3.22628275e-02,1.05284561e+04,1.86649179e+02,2.14471823e-03,4.11879202e-05,0.00000000e+00,0.00000000e+00,8.04100000e+00,8.31429799e-02
3.34500000e+01,1.79369017e-03,3.89557439e-05,0.00000000e+00,0.00000000e+00,3.61369658e-04,2.44345304e-05,4.13420705e-04,2.54877023e-05,2.53119003e+00,3.15498354e-02,1.04799821e+04,1.94785266e+02,2.14202085e-03,4.27796628e-05,0.00000000e+00,0.00000000e+00,0.00000000e+00,0.00000000e+00
3.35500000e+01,1.80001389e-03,3.78756581e-05,0.00000000e+00,0.00000000e+00,3.74266578e-04,2.59950678e-05,4.17880775e-04,2.81502548e-05,2.53105931e+00,3.31844374e-02,1.05095489e+04,1.90024025e+02,2.16102073e-03,4.33689454e-05,0.00000000e+00,0.00000000e+00,8.02260000e+00,8.04592989e-02
3.36500000e+01,1.80861642e-03,3.92663045e-05,0.00000000e+00,0.00000000e+00,3.66744891e-04,2.39291217e-05,4.14562195e-04,2.75443195e-05,2.53276699e+00,3.42943185e-02,1.05508829e+04,1.97611009e+02,2.16221861e-03,4.52609912e-05,0.00000000e+00,0.00000000e+00,0.00000000e+00,0.00000000e+00
3.37500000e+01,1.81583512e-03,4.05007255e-05,0.00000000e+00,0.00000000e+00,3.51239184e-04,2.45490634e-05,4.11843804e-04,2.70866658e-05,2.53222982e+00,3.59549383e-02,1.05942286e+04,2.05995456e+02,2.15406408e-03,4.74772623e-05,0.00000000e+00,0.00000000e+00,7.98680000e+00,7.82097859e-02
3.38500000e+01,1.80165568e-03,3.74818678e-05,0.00000000e+00,0.00000000e+00,3.74830032e-04,3.51208284e-05,4.12377021e-04,2.76046181e-05,2.51181773e+00,3.54511675e-02,1.05024115e+04,1.90567878e+02,2.16337311e-03,5.42729939e-05,0.00000000e+00,0.00000000e+00,0.00000000e+00,0.00000000e+00
3.39500000e+01,1.79434224e-03,3.75445640e-05,0.00000000e+00,0.00000000e+00,3.46448740e-04,2.67423689e-05,4.14588989e-04,2.87014726e-05,2.49989721e+00,3.60721924e-02,1.04455823e+04,1.89461751e+02,2.12749566e-03,5.00415778e-05,0.00000000e+00,0.00000000e+00,7.98340000e+00,7.73064984e-02
3.40500000e+01,1.79494932e-03,3.57437387e-05,0.00000000e+00,0.00000000e+00,3.40308755e-04,2.35388584e-05,4.22564404e-04,3.04168637e-05,2.50506959e+00,3.52479955e-02,1.04460252e+04,1.81243075e+02,2.12198673e-03,4.53311679e-05,0.00000000e+00,0.00000000e+00,0.00000000e+00,0.00000000e+00
3.41500000e+01,1.79924084e-03,3.76371609e-05,0.00000000e+00,0.00000000e+00,3.80488304e-04,2.84490392e-05,4.22214845e-04,3.06818692e-05,2.50407440e+00,3.24964561e-02,1.04764676e+04,1.87681188e+02,2.16675155e-03,4.63997115e-05,0.00000000e+00,0.00000000e+00,7.95720000e+00,7.52969848e-02
3.42500000e+01,1.79805904e-03,4.02007749e-05,0.00000000e+00,0.00000000e+00,3.93872622e-04,4.29274412e-05,4.22152364e-04,3.08557996e-05,2.51011458e+00,3.38551584e-02,1.04737229e+04,1.99641297e+02,2.17897699e-03,5.85432456e-05,0.00000000e+00,0.00000000e+00,0.00000000e+00,0.00000000e+00
3.43500000e+01,1.78910192e-03,3.60136405e-05,0.00000000e+00,0.00000000e+00,3.78274551e-04,4.26613929e-05,4.20183729e-04,3.12019079e-05,2.51268819e+00,3.36099030e-02,1.04474549e+04,1.84401856e+02,2.15445444e-03,5.55039175e-05,0.00000000e+00,0.00000000e+00,7.93060000e+00,7.57123504e-02
3.44500000e+01,1.77992502e-03,3.59229557e-05,0.00000000e+00,0.00000000e+00,3.73647711e-04,2.91936790e-05,4.09116583e-04,3.06238237e-05,2.51391459e+00,3.25221133e-02,1.03957987e+04,1.87256888e+02,2.14100624e-03,4.56434719e-05,0.00000000e+00,0.00000000e+00,0.00000000e+00,0.00000000e+00
3.45500000e+01,1.76174115e-03,3.83124944e-05,0.00000000e+00,0.00000000e+00,3.49706835e-04,2.30690033e-05,3.96163891e-04,2.89916211e-05,2.49113950e+00,3.44404806e-02,1.02776982e+04,1.96728481e+02,2.09918955e-03,4.55753337e-05,0.00000000e+00,0.00000000e+00,7.91120000e+00,7.46620358e-02
3.46500000e+01,1.77505190e-03,3.87425414e-05,0.00000000e+00,0.00000000e+00,3.60328384e-04,2.53150409e-05,3.87959753e-04,2.68228272e-05,2.50929329e+00,3.66298232e-02,1.03547238e+04,2.01377556e+02,2.12332043e-03,4.86296218e-05,0.00000000e+00,0.00000000e+00,0.00000000e+00,0.00000000e+00
3.47500000e+01,1.77193018e-03,3.80912195e-05,0.00000000e+00,0.00000000e+00,3.65110540e-04,3.47497634e-05,3.87924488e-04,2.63902256e-05,2.48402298e+00,3.60553837e-02,1.03202438e+04,1.95759639e+02,2.12489844e-03,5.50835966e-05,0.00000000e+00,0.00000000e+00,7.89280000e+00,7.53592972e-02
3.48500000e+01,1.75565797e-03,3.84919809e-05,0.00000000e+00,0.00000000e+00,3.35557288e-04,2.19790579e-05,3.86368042e-04,2.63301835e-05,2.48076780e+00,3.76620692e-02,1.02347506e+04,1.99660461e+02,2.07906052e-03,4.60927011e-05,0.00000000e+00,0.00000000e+00,0.00000000e+00,0.00000000e+00
3.49500000e+01,1.76233220e-03,3.54089182e-05,0.00000000e+00,0.00000000e+00,3.42968702e-04,2.22881615e-05,3.83022262e-04,2.61863707e-05,2.48969588e+00,3.43188879e-02,1.02663104e+04,1.81317910e+02,2.09325230e-03,4.48573547e-05,0.00000000e+00,0.00000000e+00,7.87160000e+00,7.64878862e-02
3.50500000e+01,1.76761176e-03,4.02270748e-05,0.00000000e+00,0.00000000e+00,3.45873620e-04,2.37743929e-05,3.80612448e-04,2.61310312e-05,2.47464786e+00,3.48258162e-02,1.02692513e+04,1.99905185e+02,2.10152506e-03,5.04635039e-05,0.00000000e+00,0.00000000e+00,0.00000000e+00,0.00000000e+00
3.51500000e+01,1.76687116e-03,3.77688675e-05,0.00000000e+00,0.00000000e+00,4.04999204e-04,5.36278013e-05,3.71350008e-04,2.56985174e-05,2.47404823e+00,3.58141161e-02,1.02496119e+04,1.90519907e+02,2.16018523e-03,7.04647102e-05,0.00000000e+00,0.00000000e+00,7.84780000e+00,7.64665006e-02
3.52500000e+01,1.75582095e-03,3.98763279e-05,0.00000000e+00,0.00000000e+00,3.97133890e-04,4.26526717e-05,3.66729472e-04,2.60708344e-05,2.45288070e+00,3.65534749e-02,1.02006392e+04,2.03164124e+02,2.14139704e-03,6.35389167e-05,0.00000000e+00,0.00000000e+00,0.00000000e+00,0.00000000e+00
3.53500000e+01,1.73326460e-03,3.58578692e-05,0.00000000e+00,0.00000000e+00,3.80411300e-04,3.10764320e-05,3.63391046e-04,2.62757696e-05,2.43467395e+00,3.48607843e-02,1.01073649e+04,1.84093818e+02,2.10219838e-03,5.05791364e-05,0.00000000e+00,0.00000000e+00,7.84000000e+00,7.59983888e-02
3.54500000e+01,1.71274754e-03,3.39483462e-05,0.00000000e+00,0.00000000e+00,3.97121212e-04,3.41312846e-05,3.56761708e-04,2.64647488e-05,2.41418501e+00,3.43826763e-02,9.97707599e+03,1.72298977e+02,2.09855890e-03,5.02119951e-05,0.00000000e+00,0.00000000e+00,0.00000000e+00,0.00000000e+00
3.55500000e+01,1.71930735e-03,3.70777655e-05,0.00000000e+00,0.00000000e+00,3.85106314e-04,2.99405707e-05,3.60859723e-04,2.71006640e-05,2.41521536e+00,3.29751820e-02,9.99507555e+03,1.84963524e+02,2.09302732e-03,4.95327017e-05,0.00000000e+00,0.00000000e+00,7.82920000e+00,7.55090696e-02
3.56500000e+01,1.72326532e-03,3.83709850e-05,0.00000000e+00,0.00000000e+00,3.85031463e-04,2.83292568e-05,3.57501503e-04,2.65448758e-05,2.41822208e+00,3.39739811e-02,1.00262804e+04,1.93980213e+02,2.09717941e-03,5.00264263e-05,0.00000000e+00,0.00000000e+00,0.00000000e+00,0.00000000e+00
3.57500000e+01,1.70601829e-03,3.68945065e-05,0.00000000e+00,0.00000000e+00,3.78942908e-04,2.63149484e-05,3.48409650e-04,2.58710303e-05,2.40439364e+00,3.45620141e-02,9.91396613e+03,1.85641754e+02,2.07392985e-03,4.79515887e-05,0.00000000e+00,0.00000000e+00,7.82320000e+00,7.55834125e-02
3.58500000e+01,1.72238566e-03,3.34960188e-05,0.00000000e+00,0.00000000e+00,3.94223776e-04,2.95887299e-05,3.46275739e-04,2.56661880e-05,2.41962272e+00,3.51322047e-02,9.98793645e+03,1.72582158e+02,2.10566229e-03,4.91487872e-05,0.00000000e+00,0.00000000e+00,0.00000000e+00,0.00000000e+00
3.59500000e+01,1.71911735e-03,3.19933463e-05,0.00000000e+00,0.00000000e+00,3.82477695e-04,2.63884512e-05,3.49334991e-04,2.73774176e-05,2.43231794e+00,3.32318674e-02,9.98828373e+03,1.63180070e+02,2.09061163e-03,4.42487884e-05,0.00000000e+00,0.00000000e+00,7.82280000e+00,7.52639112e-02
3.60500000e+01,1.73172120e-03,3.35718901e-05,0.00000000e+00,0.00000000e+00,3.99982000e-04,2.81108021e-05,3.51159833e-04,2.85592781e-05,2.43062637e+00,3.38024187e-02,1.00323166e+04,1.65103660e+02,2.12101480e-03,4.65814516e-05,0.00000000e+00,0.00000000e+00,0.00000000e+00,0.00000000e+00
3.61500000e+01,1.73618741e-03,3.71723178e-05,0.00000000e+00,0.00000000e+00,4.07796972e-04,2.98621075e-05,3.50071968e-04,2.68704893e-05,2.41727463e+00,3.28161926e-02,1.00349929e+04,1.80974675e+02,2.13337099e-03,4.84188798e-05,0.00000000e+00,0.00000000e+00,7.81460000e+00,7.61899935e-02
3.62500000e+01,1.71693401e-03,3.32970408e-05,0.00000000e+00,0.00000000e+00,4.41877070e-04,4.98066316e-05,3.55908681e-04,3.49294325e-05,2.41906456e+00,3.30692176e-02,9.94714888e+03,1.64430417e+02,2.14812841e-03,5.84950346e-05,0.00000000e+00,0.00000000e+00,0.00000000e+00,0.00000000e+00
3.63500000e+01,1.70217517e-03,3.18625769e-05,0.00000000e+00,0.00000000e+00,4.07749904e-04,2.97894056e-05,3.42529019e-04,3.02105417e-05,2.39785608e+00,3.24761881e-02,9.85408946e+03,1.57700324e+02,2.09890879e-03,4.47223983e-05,0.00000000e+00,0.00000000e+00,7.79300000e+00,7.78435113e-02
3.64500000e+01,1.71361882e-03,3.23281287e-05,0.00000000e+00,0.00000000e+00,3.80750982e-04,2.16004802e-05,3.35871778e-04,2.99031320e-05,2.39052498e+00,2.96988184e-02,9.88568682e+03,1.58574316e+02,2.08414405e-03,4.31529736e-05,0.00000000e+00,0.00000000e+00,0.00000000e+00,0.00000000e+00
3.65500000e+01,1.70282827e-03,3.33823989e-05,0.00000000e+00,0.00000000e+00,3.94580282e-04,2.80499118e-05,3.29596968e-04,2.96197625e-05,2.36432603e+00,3.30115951e-02,9.81900524e+03,1.69116894e+02,2.08745915e-03,4.88918742e-05,0.00000000e+00,0.00000000e+00,7.77840000e+00,7.89845555e-02
3.66500000e+01,1.68859822e-03,3.19440156e-05,0.00000000e+00,0.00000000e+00,3.82910914e-04,2.62391050e-05,3.27051818e-04,2.94366551e-05,2.35458812e+00,3.26088521e-02,9.74296882e+03,1.64780881e+02,2.06167557e-03,4.43652882e-05,0.00000000e+00,0.00000000e+00,0.00000000e+00,0.00000000e+00
3.67500000e+01,1.67972183e-03,3.04413863e-05,0.00000000e+00,0.00000000e+00,3.68146053e-04,2.46527120e-05,3.25888756e-04,2.95207669e-05,2.35490964e+00,3.28341892e-02,9.69501509e+03,1.57186408e+02,2.03812486e-03,4.22397254e-05,0.00000000e+00,0.00000000e+00,7.78400000e+00,7.73457649e-02
3.68500000e+01,1.69726839e-03,3.24611003e-05,0.00000000e+00,0.00000000e+00,3.47184658e-04,2.34828931e-05,3.25674435e-04,2.95098370e-05,2.34930597e+00,3.30473089e-02,9.76745359e+03,1.65151365e+02,2.03474487e-03,4.49897717e-05,0.00000000e+00,0.00000000e+00,0.00000000e+00,0.00000000e+00
3.69500000e+01,1.70518602e-03,3.23862335e-05,0.00000000e+00,0.00000000e+00,3.40926532e-04,2.17993779e-05,3.24626074e-04,2.95618682e-05,2.34795838e+00,3.36693974e-02,9.80088397e+03,1.66567355e+02,2.03645871e-03,4.32826649e-05,0.00000000e+00,0.00000000e+00,7.77460000e+00,7.84087719e-02
3.70500000e+01,1.68979820e-03,3.32018908e-05,0.00000000e+00,0.00000000e+00,3.47125650e-04,2.16918070e-05,3.20557721e-04,2.98389421e-05,2.34482135e+00,3.35538729e-02,9.72731608e+03,1.73286509e+02,2.02733626e-03,4.44877548e-05,0.00000000e+00,0.00000000e+00,0.00000000e+00,0.00000000e+00
3.71500000e+01,1.68027363e-03,3.43321863e-05,0.00000000e+00,0.00000000e+00,3.43016354e-04,2.24175944e-05,3.12916866e-04,3.02582293e-05,2.33683408e+00,3.56230937e-02,9.67878639e+03,1.78634531e+02,2.01388645e-03,4.51281727e-05,0.00000000e+00,0.00000000e+00,7.74840000e+00,7.82452241e-02
3.72500000e+01,1.67015403e-03,3.17228656e-05,0.00000000e+00,0.00000000e+00,3.28088659e-04,1.99633265e-05,3.02900515e-04,2.63991709e-05,2.32674238e+00,3.14551507e-02,9.62143365e+03,1.65882229e+02,1.98909298e-03,4.00461576e-05,0.00000000e+00,0.00000000e+00,0.00000000e+00,0.00000000e+00
3.73500000e+01,1.70432377e-03,3.27478143e-05,0.00000000e+00,0.00000000e+00,3.34906750e-04,2.07428908e-05,3.01077826e-04,2.59807921e-05,2.34637881e+00,3.37406885e-02,9.77266485e+03,1.68689764e+02,2.03013459e-03,4.25862284e-05,0.00000000e+00,0.00000000e+00,7.73780000e+00,7.86536142e-02
3.74500000e+01,1.69495274e-03,3.58291068e-05,0.00000000e+00,0.00000000e+00,3.37222158e-04,2.18935403e-05,3.01085718e-04,2.59762601e-05,2.33536725e+00,3.49825142e-02,9.71636720e+03,1.85668331e+02,2.02314185e-03,4.69452910e-05,0.00000000e+00,0.00000000e+00,0.00000000e+00,0.00000000e+00
3.75500000e+01,1.70362968e-03,3.67638554e-05,0.00000000e+00,0.00000000e+00,3.46516680e-04,2.70275108e-05,2.95902391e-04,2.57210151e-05,2.35163991e+00,3.49855180e-02,9.76290360e+03,1.92432034e+02,2.04126618e-03,5.56316203e-05,0.00000000e+00,0.00000000e+00,7.72040000e+00,7.87903237e-02
3.76500000e+01,1.68279519e-03,3.66515205e-05,0.00000000e+00,0.00000000e+00,3.68984572e-04,3.73549886e-05,2.96543705e-04,2.56404374e-05,2.33362446e+00,3.22533324e-02,9.65383185e+03,1.89059293e+02,2.04291047e-03,6.03837878e-05,0.00000000e+00,0.00000000e+00,0.00000000e+00,0.00000000e+00
3.77500000e+01,1.65349166e-03,3.27534484e-05,0.00000000e+00,0.00000000e+00,3.13762082e-04,2.12109442e-05,2.90074704e-04,2.54986001e-05,2.32526804e+00,3.36213069e-02,9.50522535e+03,1.73425238e+02,1.95854930e-03,4.48129677e-05,0.00000000e+00,0.00000000e+00,7.70440000e+00,7.96411134e-02
3.78500000e+01,1.66287590e-03,3.38464732e-05,0.00000000e+00,0.00000000e+00,3.14422953e-04,2.29463654e-05,2.73586285e-04,2.23981029e-05,2.34351945e+00,3.38562792e-02,9.57379608e+03,1.77544472e+02,1.96906478e-03,4.51501885e-05,0.00000000e+00,0.00000000e+00,0.00000000e+00,0.00000000e+00
3.79500000e+01,1.65964418e-03,3.31176549e-05,0.00000000e+00,0.00000000e+00,3.01381018e-04,2.04304135e-05,2.69493058e-04,2.13640444e-05,2.33564127e+00,3.15764210e-02,9.55092982e+03,1.72362190e+02,1.95290570e-03,4.34372045e-05,0.00000000e+00,0.00000000e+00,7.69720000e+00,7.90546388e-02
3.80500000e+01,1.66733343e-03,3.16496777e-05,0.00000000e+00,0.00000000e+00,3.06121565e-04,2.04860452e-05,2.68034767e-04,2.11682212e-05,2.32185670e+00,2.92032897e-02,9.58058959e+03,1.64370303e+02,1.96535464e-03,4.28366219e-05,0.00000000e+00,0.00000000e+00,0.00000000e+00,0.00000000e+00
3.81500000e+01,1.64557378e-03,3.32128028e-05,0.00000000e+00,0.00000000e+00,3.12361504e-04,2.04482399e-05,2.67811732e-04,2.11448181e-05,2.30275402e+00,3.00111001e-02,9.46155639e+03,1.70349244e+02,1.94983576e-03,4.50073230e-05,0.00000000e+00,0.00000000e+00,7.67380000e+00,7.79947094e-02
3.82500000e+01,1.63840415e-03,3.45541958e-05,0.00000000e+00,0.00000000e+00,3.25499889e-04,2.85480930e-05,2.67820800e-04,2.11815664e-05,2.30319324e+00,3.35004159e-02,9.40074076e+03,1.79111683e+02,1.95581219e-03,5.19835596e-05,0.00000000e+00,0.00000000e+00,0.00000000e+00,0.00000000e+00
3.83500000e+01,1.63251342e-03,3.49799666e-05,0.00000000e+00,0.00000000e+00,3.35344759e-04,2.89083112e-05,2.62917994e-04,2.05636445e-05,2.30361666e+00,3.44114109e-02,9.38028470e+03,1.81101701e+02,1.95997415e-03,5.00112743e-05,0.00000000e+00,0.00000000e+00,7.64600000e+00,7.64476612e-02
3.84500000e+01,1.63443567e-03,3.26946860e-05,0.00000000e+00,0.00000000e+00,3.13641569e-04,2.04040403e-05,2.59796349e-04,2.04831090e-05,2.30032215e+00,3.17630750e-02,9.37916786e+03,1.67855520e+02,1.94029427e-03,4.08815723e-05,0.00000000e+00,0.00000000e+00,0.00000000e+00,0.00000000e+00
3.85500000e+01,1.64011227e-03,3.22360465e-05,0.00000000e+00,0.00000000e+00,3.13589663e-04,1.97638573e-05,2.59185228e-04,2.05999175e-05,2.30148710e+00,3.03525910e-02,9.41920790e+03,1.67807129e+02,1.94593305e-03,4.19729695e-05,0.00000000e+00,0.00000000e+00,7.62640000e+00,7.46418715e-02
3.86500000e+01,1.62825516e-03,3.26734482e-05,0.00000000e+00,0.00000000e+00,3.22572321e-04,2.24680254e-05,2.58452487e-04,2.05804887e-05,2.28732311e+00,3.01803896e-02,9.35638839e+03,1.69203578e+02,1.94310442e-03,4.33416145e-05,0.00000000e+00,0.00000000e+00,0.00000000e+00,0.00000000e+00
3.87500000e+01,1.60982049e-03,3.41334901e-05,0.00000000e+00,0.00000000e+00,3.07578074e-04,1.70810984e-05,2.61273471e-04,2.11566876e-05,2.27745284e+00,3.23815195e-02,9.24166761e+03,1.76599268e+02,1.90953279e-03,4.12525507e-05,0.00000000e+00,0.00000000e+00,7.61780000e+00,7.58022616e-02
3.88500000e+01,1.58971303e-03,3.29198641e-05,0.00000000e+00,0.00000000e+00,2.89315011e-04,1.18736684e-05,2.62936470e-04,2.12642919e-05,2.24973612e+00,3.09431629e-02,9.14234170e+03,1.71575294e+02,1.87111391e-03,3.66213511e-05,0.00000000e+00,0.00000000e+00,0.00000000e+00,0.00000000e+00
3.89500000e+01,1.58045645e-03,3.12480424e-05,0.00000000e+00,0.00000000e+00,2.92207389e-04,1.26245795e-05,2.64117796e-04,2.14170565e-05,2.22978781e+00,3.02882204e-02,9.06252920e+03,1.64291976e+02,1.86472148e-03,3.66724654e-05,0.00000000e+00,0.00000000e+00,7.61180000e+00,7.48667878e-02
3.90500000e+01,1.58468032e-03,3.30461167e-05,0.00000000e+00,0.00000000e+00,3.05652886e-04,1.66989499e-05,2.61427845e-04,2.11716969e-05,2.23863760e+00,3.12515277e-02,9.09629446e+03,1.71917298e+02,1.88245584e-03,3.65781602e-05,0.00000000e+00,0.00000000e+00,0.00000000e+00,0.00000000e+00
3.91500000e+01,1.59899065e-03,3.63250399e-05,0.00000000e+00,0.00000000e+00,3.34814911e-04,3.97754105e-05,2.53844150e-04,2.02898806e-05,2.24425921e+00,3.23802097e-02,9.16879550e+03,1.86491696e+02,1.92618479e-03,5.67470335e-05,0.00000000e+00,0.00000000e+00,7.59400000e+00,7.60091294e-02
3.92500000e+01,1.59913143e-03,3.62897585e-05,0.00000000e+00,0.00000000e+00,3.57116590e-04,5.64082367e-05,2.50546118e-04,2.01071884e-05,2.25460668e+00,3.32013053e-02,9.17828628e+03,1.86750419e+02,1.94873249e-03,6.53591339e-05,0.00000000e+00,0.00000000e+00,0.00000000e+00,0.00000000e+00
3.93500000e+01,1.60272005e-03,3.47447888e-05,0.00000000e+00,0.00000000e+00,3.12516591e-04,1.78149016e-05,2.47963724e-04,2.00575507e-05,2.23569079e+00,3.25333577e-02,9.17098124e+03,1.76958334e+02,1.90766863e-03,4.09906461e-05,0.00000000e+00,0.00000000e+00,7.57500000e+00,7.61374965e-02
3.94500000e+01,1.61466771e-03,3.67005980e-05,0.00000000e+00,0.00000000e+00,2.90318833e-04,1.49803690e-05,2.42044805e-04,2.01898566e-05,2.23936269e+00,3.58134772e-02,9.23922080e+03,1.92810795e+02,1.89721153e-03,4.29161741e-05,0.00000000e+00,0.00000000e+00,0.00000000e+00,0.00000000e+00
3.95500000e+01,1.61262743e-03,4.10402472e-05,0.00000000e+00,0.00000000e+00,3.03955252e-04,1.73196238e-05,2.39461774e-04,2.01550514e-05,2.23025717e+00,3.58022828e-02,9.21340866e+03,2.08430667e+02,1.90878583e-03,4.73187428e-05,0.00000000e+00,0.00000000e+00,7.55240000e+00,7.56363804e-02
3.96500000e+01,1.62221098e-03,3.83239048e-05,0.00000000e+00,0.00000000e+00,2.94084485e-04,1.37282809e-05,2.33707123e-04,1.99595760e-05,2.23327785e+00,3.51516609e-02,9.26574178e+03,1.94698260e+02,1.90852558e-03,4.29420664e-05,0.00000000e+00,0.00000000e+00,0.00000000e+00,0.00000000e+00
3.97500000e+01,1.61513066e-03,3.60735225e-05,0.00000000e+00,0.00000000e+00,2.92753980e-04,1.56501468e-05,2.32629399e-04,1.99687253e-05,2.22738907e+00,3.64828821e-02,9.22518360e+03,1.90987043e+02,1.90009014e-03,4.29513518e-05,0.00000000e+00,0.00000000e+00,7.54620000e+00,7.44141143e-02
3.98500000e+01,1.60317039e-03,3.68974910e-05,0.00000000e+00,0.00000000e+00,2.87232980e-04,1.64892432e-05,2.32445062e-04,1.99909080e-05,2.21081121e+00,3.45546780e-02,9.15294883e+03,1.91968165e+02,1.88284840e-03,4.30637406e-05,0.00000000e+00,0.00000000e+00,0.00000000e+00,0.00000000e+00
3.99500000e+01,1.58636395e-03,3.26093243e-05,0.00000000e+00,0.00000000e+00,2.78651210e-04,1.30543406e-05,2.31656150e-04,2.01272389e-05,2.21043104e+00,3.45366599e-02,9.05813289e+03,1.69562282e+02,1.85795479e-03,3.63860160e-05,0.00000000e+00,0.00000000e+00,7.55100000e+00,7.34181482e-02
4.00500000e+01,1.58311644e-03,3.55615769e-05,0.00000000e+00,0.00000000e+00,2.81482017e-04,1.67938918e-05,2.31466232e-04,2.01718918e-05,2.19670543e+00,3.54640231e-02,9.02610341e+03,1.85784297e+02,1.85753992e-03,3.96321612e-05,0.00000000e+00,0.00000000e+00,0.00000000e+00,0.00000000e+00
4.01500000e+01,1.60049728e-03,3.78739594e-05,0.00000000e+00,0.00000000e+00,2.94970765e-04,1.78342859e-05,2.30367128e-04,2.01627217e-05,2.20358141e+00,3.58586107e-02,9.10915955e+03,1.93913322e+02,1.88844018e-03,4.15624521e-05,0.00000000e+00,0.00000000e+00,7.53460000e+00,7.33452612e-02
4.02500000e+01,1.58432014e-03,3.48469094e-05,0.00000000e+00,0.00000000e+00,3.10975076e-04,2.00583074e-05,2.27291174e-04,2.01423014e-05,2.19609702e+00,3.44937571e-02,9.01815817e+03,1.83024358e+02,1.88834964e-03,4.05324653e-05,0.00000000e+00,0.00000000e+00,0.00000000e+00,0.00000000e+00
4.03500000e+01,1.59280929e-03,3.43456238e-05,0.00000000e+00,0.00000000e+00,3.21927708e-04,2.88629456e-05,2.24911049e-04,1.95849728e-05,2.19898584e+00,3.42680930e-02,9.06596643e+03,1.80766261e+02,1.90787595e-03,4.31083300e-05,0.00000000e+00,0.00000000e+00,7.51800000e+00,7.11520361e-02
4.04500000e+01,1.57054102e-03,3.41700666e-05,0.00000000e+00,0.00000000e+00,3.05253043e-04,2.70796792e-05,2.25041829e-04,1.98180920e-05,2.18329832e+00,3.53483447e-02,8.94966747e+03,1.79766421e+02,1.86894590e-03,4.18990256e-05,0.00000000e+00,0.00000000e+00,0.00000000e+00,0.00000000e+00
4.05500000e+01,1.56659305e-03,3.25740833e-05,0.00000000e+00,0.00000000e+00,3.04771170e-04,2.45583725e-05,2.17829773e-04,1.87299858e-05,2.19090302e+00,3.51555043e-02,8.92610176e+03,1.74318125e+02,1.86469632e-03,3.96614872e-05,0.00000000e+00,0.00000000e+00,7.50200000e+00,7.14005659e-02
4.06500000e+01,1.57721120e-03,3.40195325e-05,0.00000000e+00,0.00000000e+00,2.96961239e-04,2.30447702e-05,2.16313272e-04,1.86339105e-05,2.17979191e+00,3.43890714e-02,8.96322222e+03,1.81653556e+02,1.86749532e-03,4.35207326e-05,0.00000000e+00,0.00000000e+00,0.00000000e+00,0.00000000e+00
4.07500000e+01,1.60276332e-03,3.58786242e-05,0.00000000e+00,0.00000000e+00,2.93622388e-04,2.08420879e-05,2.15753526e-04,1.98225989e-05,2.17902293e+00,3.42159109e-02,9.06833732e+03,1.86038553e+02,1.88975821e-03,4.28939320e-05,0.00000000e+00,0.00000000e+00,7.48600000e+00,6.95149375e-02
4.08500000e+01,1.60636026e-03,3.73004975e-05,0.00000000e+00,0.00000000e+00,2.93525743e-04,1.97082369e-05,2.11497688e-04,2.00412635e-05,2.17139736e+00,3.62156128e-02,9.07413787e+03,1.94160367e+02,1.89335577e-03,4.30642317e-05,0.00000000e+00,0.00000000e+00,0.00000000e+00,0.00000000e+00
4.09500000e+01,1.60040793e-03,3.65789088e-05,0.00000000e+00,0.00000000e+00,3.07632008e-04,2.28880415e-05,2.10206126e-04,2.03435080e-05,2.17207584e+00,3.52587566e-02,9.03926413e+03,1.87232887e+02,1.90146773e-03,4.38296923e-05,0.00000000e+00,0.00000000e+00,7.46880000e+00,7.08966710e-02
4.10500000e+01,1.60023701e-03,3.49158402e-05,0.00000000e+00,0.00000000e+00,3.07830670e-04,2.05996479e-05,2.09323254e-04,2.03923119e-05,2.16955747e+00,3.52399562e-02,9.03582522e+03,1.78816006e+02,1.90147116e-03,4.06550918e-05,0.00000000e+00,0.00000000e+00,0.00000000e+00,0.00000000e+00
4.11500000e+01,1.60139947e-03,3.91737039e-05,0.00000000e+00,0.00000000e+00,2.95804659e-04,1.47488435e-05,2.08532347e-04,2.04294776e-05,2.17400519e+00,3.78578663e-02,9.02621648e+03,1.99956256e+02,1.89062600e-03,4.04459711e-05,0.00000000e+00,0.00000000e+00,7.45840000e+00,7.02708230e-02
4.12500000e+01,1.55520848e-03,3.35849765e-05,0.00000000e+00,0.00000000e+00,2.84715136e-04,1.29692113e-05,2.03433495e-04,1.90187435e-05,2.14612737e+00,3.70036431e-02,8.79327532e+03,1.74244838e+02,1.83344615e-03,3.54483984e-05,0.00000000e+00,0.00000000e+00,0.00000000e+00,0.00000000e+00
4.13500000e+01,1.55574927e-03,3.23835824e-05,0.00000000e+00,0.00000000e+00,3.00969314e-04,2.05616108e-05,1.96668538e-04,1.78861645e-05,2.14869597e+00,3.50789450e-02,8.78948785e+03,1.68306217e+02,1.85047822e-03,3.84614594e-05,0.00000000e+00,0.00000000e+00,7.44840000e+00,6.95445005e-02
4.14500000e+01,1.56333730e-03,3.54434158e-05,0.00000000e+00,0.00000000e+00,2.90387279e-04,1.34832553e-05,1.94364095e-04,1.75118690e-05,2.13959552e+00,3.39510065e-02,8.81334558e+03,1.82495195e+02,1.84758201e-03,3.56198326e-05,0.00000000e+00,0.00000000e+00,0.00000000e+00,0.00000000e+00
4.15500000e+01,1.56557567e-03,3.72504348e-05,0.00000000e+00,0.00000000e+00,2.77081910e-04,1.16581863e-05,1.90857100e-04,1.62702203e-05,2.12630699e+00,3.34851887e-02,8.82755634e+03,1.91371116e+02,1.83663174e-03,3.73891486e-05,0.00000000e+00,0.00000000e+00,7.42640000e+00,6.82311557e-02
4.16500000e+01,1.54038486e-03,3.18921261e-05,0.00000000e+00,0.00000000e+00,2.87307651e-04,2.24801012e-05,1.87718043e-04,1.57177729e-05,2.11575903e+00,3.11308486e-02,8.68407351e+03,1.63311385e+02,1.82177966e-03,3.93083533e-05,0.00000000e+00,0.00000000e+00,0.00000000e+00,0.00000000e+00
4.17500000e+01,1.54665577e-03,3.37267966e-05,0.00000000e+00,0.00000000e+00,2.95221996e-04,2.26712919e-05,1.88032824e-04,1.57740211e-05,2.11321306e+00,3.09914349e-02,8.73105592e+03,1.70864770e+02,1.83595734e-03,3.99064611e-05,0.00000000e+00,0.00000000e+00,7.41880000e+00,6.78525653e-02
4.18500000e+01,1.55759111e-03,3.37040953e-05,0.00000000e+00,0.00000000e+00,2.87261990e-04,1.51321985e-05,1.86714100e-04,1.55561974e-05,2.10714732e+00,3.15848197e-02,8.77792447e+03,1.70990317e+02,1.83889810e-03,3.70440143e-05,0.00000000e+00,0.00000000e+00,0.00000000e+00,0.00000000e+00
4.19500000e+01,1.55723819e-03,3.24209238e-05,0.00000000e+00,0.00000000e+00,2.80336781e-04,1.36656978e-05,1.86542115e-04,1.55468473e-05,2.10181809e+00,3.19893091e-02,8.76867332e+03,1.67585800e+02,1.83162105e-03,3.57937411e-05,0.00000000e+00,0.00000000e+00,7.39440000e+00,6.66958739e-02
4.20500000e+01,1.54628051e-03,3.30905958e-05,0.00000000e+00,0.00000000e+00,2.84347090e-04,1.25820888e-05,1.86542115e-04,1.55468473e-05,2.08856621e+00,3.34378730e-02,8.69507750e+03,1.68312597e+02,1.82467299e-03,3.57477447e-05,0.00000000e+00,0.00000000e+00,0.00000000e+00,0.00000000e+00
4.21500000e+01,1.55437104e-03,3.32251614e-05,0.00000000e+00,0.00000000e+00,2.88326493e-04,1.32501361e-05,1.84069528e-04,1.55855334e-05,2.09857888e+00,3.26572297e-02,8.73962302e+03,1.65862722e+02,1.83681448e-03,3.67614422e-05,0.00000000e+00,0.00000000e+00,7.36960000e+00,6.50079807e-02
4.22500000e+01,1.53854678e-03,3.33005770e-05,0.00000000e+00,0.00000000e+00,2.96639938e-04,2.07502714e-05,1.82189616e-04,1.57154694e-05,2.10547351e+00,3.22198628e-02,8.67441418e+03,1.67005030e+02,1.82934751e-03,4.14104667e-05,0.00000000e+00,0.00000000e+00,0.00000000e+00,0.00000000e+00
4.23500000e+01,1.54120920e-03,3.15288687e-05,0.00000000e+00,0.00000000e+00,2.92608156e-04,1.93982238e-05,1.79966705e-04,1.55989819e-05,2.09700939e+00,3.19113828e-02,8.67607086e+03,1.60459891e+02,1.82803812e-03,3.78579444e-05,0.00000000e+00,0.00000000e+00,7.34780000e+00,6.36407583e-02
4.24500000e+01,1.54114053e-03,3.19478308e-05,0.00000000e+00,0.00000000e+00,2.92568393e-04,2.01796806e-05,1.85688613e-04,1.66108282e-05,2.09935074e+00,3.09462933e-02,8.68098230e+03,1.59107925e+02,1.82771778e-03,3.79527965e-05,0.00000000e+00,0.00000000e+00,0.00000000e+00,0.00000000e+00
4.25500000e+01,1.53893813e-03,3.02774733e-05,0.00000000e+00,0.00000000e+00,3.16379334e-04,3.27420424e-05,1.87235549e-04,1.73606437e-05,2.09397850e+00,3.13824080e-02,8.65547418e+03,1.54859213e+02,1.84928213e-03,4.49045353e-05,0.00000000e+00,0.00000000e+00,7.34240000e+00,6.33825831e-02
4.26500000e+01,1.55203921e-03,3.10880933e-05,0.00000000e+00,0.00000000e+00,2.98921021e-04,2.00876801e-05,1.84181847e-04,1.74233487e-05,2.08947876e+00,3.27153363e-02,8.69915434e+03,1.58958788e+02,1.84500878e-03,3.73257540e-05,0.00000000e+00,0.00000000e+00,0.00000000e+00,0.00000000e+00
4.27500000e+01,1.54576669e-03,3.32578290e-05,0.00000000e+00,0.00000000e+00,3.15013095e-04,2.26242666e-05,1.83846887e-04,1.79432427e-05,2.08854157e+00,3.30926133e-02,8.67374471e+03,1.69584928e+02,1.85483994e-03,3.98990140e-05,0.00000000e+00,0.00000000e+00,7.31920000e+00,6.34722115e-02
4.28500000e+01,1.55240409e-03,3.33347248e-05,0.00000000e+00,0.00000000e+00,2.83947942e-04,1.33827827e-05,1.83224058e-04,1.81683979e-05,2.08920673e+00,3.13425530e-02,8.71887515e+03,1.69731527e+02,1.83035760e-03,3.44429651e-05,0.00000000e+00,0.00000000e+00,0.00000000e+00,0.00000000e+00
4.29500000e+01,1.54019789e-03,3.62151946e-05,0.00000000e+00,0.00000000e+00,2.72274827e-04,1.21544290e-05,1.85365432e-04,1.96144667e-05,2.06777054e+00,3.11370568e-02,8.63179726e+03,1.82517297e+02,1.80641459e-03,3.71539788e-05,0.00000000e+00,0.00000000e+00,7.31520000e+00,6.40180077e-02
4.30500000e+01,1.53601017e-03,3.60810073e-05,0.00000000e+00,0.00000000e+00,2.97777731e-04,2.05147913e-05,1.83748546e-04,1.99674008e-05,2.05961305e+00,2.98010166e-02,8.60944056e+03,1.80524672e+02,1.82779629e-03,4.70355204e-05,0.00000000e+00,0.00000000e+00,0.00000000e+00,0.00000000e+00
4.31500000e+01,1.51227153e-03,3.34834000e-05,0.00000000e+00,0.00000000e+00,2.98810897e-04,2.56623516e-05,1.85018802e-04,2.03815786e-05,2.03474364e+00,3.01800070e-02,8.48293390e+03,1.69274122e+02,1.80505020e-03,4.90501752e-05,0.00000000e+00,0.00000000e+00,7.30800000e+00,6.41420617e-02
4.32500000e+01,1.50349828e-03,3.13541501e-05,0.00000000e+00,0.00000000e+00,2.90823865e-04,1.49884545e-05,1.83324385e-04,2.01520008e-05,2.03132594e+00,2.86215497e-02,8.44687817e+03,1.58891691e+02,1.78807425e-03,3.59501637e-05,0.00000000e+00,0.00000000e+00,0.00000000e+00,0.00000000e+00
4.33500000e+01,1.51204075e-03,3.16752154e-05,0.00000000e+00,0.00000000e+00,2.77725406e-04,1.22935946e-05,1.80487969e-04,2.00584238e-05,2.03793383e+00,2.55714900e-02,8.50354651e+03,1.61148899e+02,1.78327478e-03,3.23612236e-05,0.00000000e+00,0.00000000e+00,7.29040000e+00,6.48218658e-02
4.34500000e+01,1.51220440e-03,2.98698317e-05,0.00000000e+00,0.00000000e+00,2.78870522e-04,1.13826609e-05,1.80553648e-04,2.00651624e-05,2.04482319e+00,2.56104092e-02,8.50227556e+03,1.51685988e+02,1.78446541e-03,3.13248828e-05,0.00000000e+00,0.00000000e+00,0.00000000e+00,0.00000000e+00
4.35500000e+01,1.52195922e-03,3.51581933e-05,0.00000000e+00,0.00000000e+00,2.92645036e-04,1.23448998e-05,1.77574235e-04,2.01907455e-05,2.04594434e+00,2.90705124e-02,8.54214662e+03,1.72703593e+02,1.80830473e-03,3.96732561e-05,0.00000000e+00,0.00000000e+00,7.26660000e+00,6.45092052e-02
4.36500000e+01,1.49704716e-03,3.43545432e-05,0.00000000e+00,0.00000000e+00,2.84713888e-04,1.27520822e-05,1.77135551e-04,2.02930365e-05,2.01840076e+00,2.85794240e-02,8.40213502e+03,1.70869716e+02,1.77569169e-03,3.84205106e-05,0.00000000e+00,0.00000000e+00,0.00000000e+00,0.00000000e+00
4.37500000e+01,1.50884887e-03,3.22129649e-05,0.00000000e+00,0.00000000e+00,2.98208105e-04,1.45238672e-05,1.75018569e-04,2.00657496e-05,2.01290254e+00,2.92981712e-02,8.44360433e+03,1.62942049e+02,1.80105611e-03,3.52567975e-05,0.00000000e+00,0.00000000e+00,7.25760000e+00,6.78091921e-02
4.38500000e+01,1.53689832e-03,3.56325144e-05,0.00000000e+00,0.00000000e+00,3.25472425e-04,1.91770858e-05,1.71402438e-04,1.91904706e-05,2.02158363e+00,3.00211105e-02,8.56996514e+03,1.78695463e+02,1.85648262e-03,3.89326373e-05,0.00000000e+00,0.00000000e+00,0.00000000e+00,0.00000000e+00
4.39500000e+01,1.51845926e-03,3.25868480e-05,0.00000000e+00,0.00000000e+00,3.41116535e-04,2.22662041e-05,1.65502846e-04,1.77178635e-05,2.02516199e+00,3.18996081e-02,8.49041940e+03,1.64504547e+02,1.85387567e-03,4.06168518e-05,0.00000000e+00,0.00000000e+00,7.24520000e+00,6.71150337e-02
4.40500000e+01,1.53643219e-03,3.52819006e-05,0.00000000e+00,0.00000000e+00,3.38093664e-04,2.46000142e-05,1.64397799e-04,1.74944849e-05,2.02408662e+00,3.10495445e-02,8.56509766e+03,1.74737358e+02,1.86895532e-03,4.67311526e-05,0.00000000e+00,0.00000000e+00,0.00000000e+00,0.00000000e+00
4.41500000e+01,1.53743114e-03,3.68781896e-05,0.00000000e+00,0.00000000e+00,3.13852693e-04,1.79608515e-05,1.64823908e-04,1.76141885e-05,2.03636238e+00,3.16298194e-02,8.57257792e+03,1.82458209e+02,1.84570557e-03,4.19660266e-05,0.00000000e+00,0.00000000e+00,7.22600000e+00,6.94079922e-02
4.42500000e+01,1.53000623e-03,3.64454709e-05,0.00000000e+00,0.00000000e+00,2.91211344e-04,1.73982223e-05,1.63256882e-04,1.73507553e-05,2.02042628e+00,3.05609655e-02,8.51383639e+03,1.81654628e+02,1.81564233e-03,3.78541055e-05,0.00000000e+00,0.00000000e+00,0.00000000e+00,0.00000000e+00
4.43500000e+01,1.52663871e-03,3.44834837e-05,0.00000000e+00,0.00000000e+00,3.03523597e-04,2.00445535e-05,1.62279149e-04,1.72016583e-05,2.00315792e+00,2.73257146e-02,8.47623785e+03,1.69346326e+02,1.82480385e-03,3.72998083e-05,0.00000000e+00,0.00000000e+00,7.20380000e+00,7.18802235e-02
4.44500000e+01,1.52753015e-03,3.59230798e-05,0.00000000e+00,0.00000000e+00,3.30245990e-04,2.40745559e-05,2.31066928e-04,7.88173870e-05,2.00024164e+00,2.84687066e-02,8.50387434e+03,1.80903180e+02,1.85081856e-03,3.97140037e-05,0.00000000e+00,0.00000000e+00,0.00000000e+00,0.00000000e+00
4.45500000e+01,1.52789618e-03,3.89705481e-05,0.00000000e+00,0.00000000e+00,2.95328983e-04,1.54164192e-05,1.93307911e-04,4.63922811e-05,1.99708531e+00,2.76998282e-02,8.50483172e+03,1.91154908e+02,1.81708659e-03,4.06478513e-05,0.00000000e+00,0.00000000e+00,7.18760000e+00,7.16969586e-02
4.46500000e+01,1.51905595e-03,3.85052256e-05,0.00000000e+00,0.00000000e+00,2.94185716e-04,1.68973753e-05,1.44690559e-04,1.50285277e-05,1.99341050e+00,2.78886740e-02,8.44717909e+03,1.87884548e+02,1.80837215e-03,4.20391261e-05,0.00000000e+00,0.00000000e+00,0.00000000e+00,0.00000000e+00
4.47500000e+01,1.49023707e-03,3.41594730e-05,0.00000000e+00,0.00000000e+00,3.11046344e-04,2.13700359e-05,1.39575269e-04,1.53125291e-05,1.97687229e+00,2.65396808e-02,8.30848435e+03,1.67450822e+02,1.79648122e-03,3.96499115e-05,0.00000000e+00,0.00000000e+00,7.19200000e+00,7.33974364e-02
4.48500000e+01,1.48691966e-03,3.09298603e-05,0.00000000e+00,0.00000000e+00,2.95503163e-04,2.11867735e-05,1.39016180e-04,1.51829126e-05,1.97844221e+00,2.69202466e-02,8.29660046e+03,1.51234247e+02,1.77744170e-03,3.43081127e-05,0.00000000e+00,0.00000000e+00,0.00000000e+00,0.00000000e+00
4.49500000e+01,1.48989484e-03,3.31799873e-05,0.00000000e+00,0.00000000e+00,3.04769531e-04,2.76334092e-05,1.33190888e-04,1.42919378e-05,1.97101771e+00,2.67833873e-02,8.30348550e+03,1.60319251e+02,1.79003149e-03,4.39998389e-05,0.00000000e+00,0.00000000e+00,7.18080000e+00,7.36698870e-02
4.50500000e+01,1.48900418e-03,4.07042470e-05,0.00000000e+00,0.00000000e+00,2.77535020e-04,1.85926418e-05,1.32201534e-04,1.42450852e-05,1.96426309e+00,2.78015341e-02,8.28856175e+03,1.95455768e+02,1.76188653e-03,4.54814085e-05,0.00000000e+00,0.00000000e+00,0.00000000e+00,0.00000000e+00
4.51500000e+01,1.46909947e-03,3.20433526e-05,0.00000000e+00,0.00000000e+00,2.83040033e-04,1.99141514e-05,1.29924953e-04,1.41562084e-05,1.96630195e+00,2.72042672e-02,8.19542375e+03,1.52910809e+02,1.74767513e-03,3.90767396e-05,0.00000000e+00,0.00000000e+00,7.16600000e+00,7.26574294e-02
4.52500000e+01,1.47557288e-03,3.19340258e-05,0.00000000e+00,0.00000000e+00,2.78407843e-04,1.93525603e-05,1.27859981e-04,1.38871807e-05,1.96836541e+00,2.76876271e-02,8.21381216e+03,1.53593762e+02,1.74961425e-03,3.70233412e-05,0.00000000e+00,0.00000000e+00,0.00000000e+00,0.00000000e+00
4.53500000e+01,1.46022880e-03,3.07315399e-05,0.00000000e+00,0.00000000e+00,2.45418087e-04,1.05020304e-05,1.25789768e-04,1.37156346e-05,1.94842504e+00,2.52440311e-02,8.13660011e+03,1.48726639e+02,1.70133401e-03,3.16163941e-05,0.00000000e+00,0.00000000e+00,7.16320000e+00,7.31503568e-02
4.54500000e+01,1.49182526e-03,3.23424118e-05,0.00000000e+00,0.00000000e+00,2.37949196e-04,8.53136622e-06,1.24044391e-04,1.35284042e-05,1.96430309e+00,2.53317032e-02,8.28231780e+03,1.56025236e+02,1.72550399e-03,3.52659433e-05,0.00000000e+00,0.00000000e+00,0.00000000e+00,0.00000000e+00
4.55500000e+01,1.49352843e-03,3.57221377e-05,0.00000000e+00,0.00000000e+00,2.51571826e-04,2.09270613e-05,1.20244177e-04,1.26030507e-05,1.96665293e+00,2.81255017e-02,8.29193006e+03,1.75000864e+02,1.74092626e-03,4.41101913e-05,0.00000000e+00,0.00000000e+00,7.14200000e+00,7.16550695e-02
4.56500000e+01,1.47799602e-03,3.47356560e-05,0.00000000e+00,0.00000000e+00,2.45835596e-04,1.35048061e-05,1.18869159e-04,1.29460239e-05,1.94691236e+00,2.64081901e-02,8.20264850e+03,1.72413013e+02,1.71977746e-03,4.05515877e-05,0.00000000e+00,0.00000000e+00,0.00000000e+00,0.00000000e+00
4.57500000e+01,1.47836715e-03,3.46155649e-05,0.00000000e+00,0.00000000e+00,2.52062171e-04,1.27408483e-05,1.18408001e-04,1.30165124e-05,1.94480424e+00,2.67557637e-02,8.20205295e+03,1.71988725e+02,1.72651178e-03,3.79883430e-05,0.00000000e+00,0.00000000e+00,7.13800000e+00,7.11789925e-02
4.58500000e+01,1.48904247e-03,3.67373711e-05,0.00000000e+00,0.00000000e+00,2.57676961e-04,1.50903115e-05,1.16063869e-04,1.29834918e-05,1.95786883e+00,2.85437537e-02,8.25082689e+03,1.80258245e+02,1.74296181e-03,4.09889285e-05,0.00000000e+00,0.00000000e+00,0.00000000e+00,0.00000000e+00
4.59500000e+01,1.46096858e-03,3.37057608e-05,0.00000000e+00,0.00000000e+00,2.53644807e-04,1.53141391e-05,1.14720093e-04,1.28767436e-05,1.92590126e+00,2.64221086e-02,8.09777176e+03,1.65565619e+02,1.71093032e-03,3.96273011e-05,0.00000000e+00,0.00000000e+00,7.12680000e+00,7.30649362e-02
4.60500000e+01,1.46986175e-03,3.20030816e-05,0.00000000e+00,0.00000000e+00,2.56344138e-04,1.58672575e-05,1.13028516e-04,1.24312729e-05,1.94179044e+00,2.52266385e-02,8.14346738e+03,1.57295030e+02,1.72262495e-03,3.86200774e-05,0.00000000e+00,0.00000000e+00,0.00000000e+00,0.00000000e+00
4.61500000e+01,1.44893683e-03,3.29190843e-05,0.00000000e+00,0.00000000e+00,2.54183580e-04,1.31551513e-05,1.10881203e-04,1.22406129e-05,1.91972295e+00,2.63564009e-02,8.05215703e+03,1.62647254e+02,1.69960268e-03,3.83655857e-05,0.00000000e+00,0.00000000e+00,7.10740000e+00,7.45017792e-02
4.62500000e+01,1.44513546e-03,3.24749138e-05,0.00000000e+00,0.00000000e+00,2.59172371e-04,1.61212030e-05,1.09674907e-04,1.22772688e-05,1.90328872e+00,2.55687667e-02,8.00675601e+03,1.60421055e+02,1.70081929e-03,3.91003188e-05,0.00000000e+00,0.00000000e+00,0.00000000e+00,0.00000000e+00
4.63500000e+01,1.46332401e-03,3.36475089e-05,0.00000000e+00,0.00000000e+00,2.53785732e-04,1.47414458e-05,1.09674907e-04,1.22772688e-05,1.89948516e+00,2.56472225e-02,8.07694961e+03,1.66958560e+02,1.71362120e-03,3.95572685e-05,0.00000000e+00,0.00000000e+00,7.09620000e+00,7.67688766e-02
4.64500000e+01,1.45827995e-03,3.26713776e-05,0.00000000e+00,0.00000000e+00,2.44347913e-04,1.50040875e-05,1.07951519e-04,1.23478404e-05,1.90157622e+00,2.61422557e-02,8.05666158e+03,1.61722143e+02,1.69918124e-03,3.84619069e-05,0.00000000e+00,0.00000000e+00,0.00000000e+00,0.00000000e+00
4.65500000e+01,1.43267618e-03,3.23626169e-05,0.00000000e+00,0.00000000e+00,2.41178900e-04,1.44016659e-05,1.06582271e-04,1.21861781e-05,1.88251506e+00,2.63306452e-02,7.92799562e+03,1.59597580e+02,1.67044518e-03,3.87817481e-05,0.00000000e+00,0.00000000e+00,7.07700000e+00,7.51739479e-02
4.66500000e+01,1.43902105e-03,3.37596974e-05,0.00000000e+00,0.00000000e+00,2.38866183e-04,1.46733587e-05,1.04514527e-04,1.19278452e-05,1.87997208e+00,2.70834759e-02,7.95720148e+03,1.66344990e+02,1.67452706e-03,3.99557519e-05,0.00000000e+00,0.00000000e+00,0.00000000e+00,0.00000000e+00
4.67500000e+01,1.45433261e-03,3.69809615e-05,0.00000000e+00,0.00000000e+00,2.26555782e-04,1.09202450e-05,1.04508020e-04,1.19276307e-05,1.88533547e+00,2.77625721e-02,8.03026865e+03,1.83791494e+02,1.67754558e-03,4.34221978e-05,0.00000000e+00,0.00000000e+00,7.05920000e+00,7.49981442e-02
4.68500000e+01,1.44237262e-03,3.31749635e-05,0.00000000e+00,0.00000000e+00,2.37459106e-04,1.15389844e-05,1.04507865e-04,1.19276232e-05,1.88793470e+00,2.81159593e-02,7.97709916e+03,1.66480172e+02,1.67648814e-03,4.10712863e-05,0.00000000e+00,0.00000000e+00,0.00000000e+00,0.00000000e+00
4.69500000e+01,1.41731444e-03,2.90989555e-05,0.00000000e+00,0.00000000e+00,2.44948493e-04,1.53532502e-05,1.04507865e-04,1.19276232e-05,1.87559775e+00,2.83903043e-02,7.84290941e+03,1.45447913e+02,1.65892171e-03,3.75769751e-05,0.00000000e+00,0.00000000e+00,7.04440000e+00,7.42357854e-02
4.70500000e+01,1.41918710e-03,2.93434903e-05,0.00000000e+00,0.00000000e+00,2.31513478e-04,1.29935830e-05,1.04034705e-04,1.19657439e-05,1.86717279e+00,2.57322849e-02,7.84517777e+03,1.44774823e+02,1.64737103e-03,3.84480270e-05,0.00000000e+00,0.00000000e+00,0.00000000e+00,0.00000000e+00
4.71500000e+01,1.40864324e-03,2.92835473e-05,0.00000000e+00,0.00000000e+00,2.23145117e-04,1.08256512e-05,1.02906676e-04,1.20225237e-05,1.85187636e+00,2.56260854e-02,7.78871996e+03,1.44434949e+02,1.62848602e-03,3.40337175e-05,0.00000000e+00,0.00000000e+00,7.02620000e+00,7.39248874e-02
4.72500000e+01,1.40700282e-03,3.09849819e-05,0.00000000e+00,0.00000000e+00,2.24856509e-04,1.07180461e-05,1.01768390e-04,1.18265532e-05,1.85335164e+00,2.80099134e-02,7.79775312e+03,1.52796541e+02,1.62858446e-03,3.62546530e-05,0.00000000e+00,0.00000000e+00,0.00000000e+00,0.00000000e+00
4.73500000e+01,1.42373423e-03,3.05020435e-05,0.00000000e+00,0.00000000e+00,2.44628450e-04,1.31341262e-05,9.97410076e-05,1.16173728e-05,1.84289865e+00,2.54682974e-02,7.85563153e+03,1.49089856e+02,1.66513509e-03,3.57074583e-05,0.00000000e+00,0.00000000e+00,7.01060000e+00,7.38312527e-02
4.74500000e+01,1.42189823e-03,3.04468740e-05,0.00000000e+00,0.00000000e+00,2.38653060e-04,1.37836239e-05,9.87203202e-05,1.16207012e-05,1.84021695e+00,2.59486547e-02,7.84698878e+03,1.48780175e+02,1.65734606e-03,3.55254262e-05,0.00000000e+00,0.00000000e+00,0.00000000e+00,0.00000000e+00
4.75500000e+01,1.39900695e-03,2.90337677e-05,0.00000000e+00,0.00000000e+00,2.43978845e-04,1.23716901e-05,9.85326566e-05,1.16299742e-05,1.84174389e+00,2.77175506e-02,7.72387085e+03,1.46437277e+02,1.63978515e-03,3.34884888e-05,0.00000000e+00,0.00000000e+00,6.99840000e+00,7.28579048e-02
4.76500000e+01,1.40566673e-03,2.93968609e-05,0.00000000e+00,0.00000000e+00,2.55475388e-04,1.85660464e-05,9.85326566e-05,1.16299742e-05,1.84745216e+00,2.68868728e-02,7.75343113e+03,1.45996331e+02,1.65791081e-03,3.69701719e-05,0.00000000e+00,0.00000000e+00,0.00000000e+00,0.00000000e+00
4.77500000e+01,1.40100944e-03,2.83539988e-05,0.00000000e+00,0.00000000e+00,2.57871516e-04,1.97018098e-05,9.81946923e-05,1.16275243e-05,1.83489862e+00,2.56838984e-02,7.72855658e+03,1.42060158e+02,1.65560230e-03,3.80863945e-05,0.00000000e+00,0.00000000e+00,6.97560000e+00,7.35208758e-02
4.78500000e+01,1.38487336e-03,2.99892635e-05,0.00000000e+00,0.00000000e+00,2.76159527e-04,3.21536175e-05,9.63633572e-05,1.17909287e-05,1.81969706e+00,2.48367578e-02,7.64526941e+03,1.45940810e+02,1.65780726e-03,4.97021533e-05,0.00000000e+00,0.00000000e+00,0.00000000e+00,0.00000000e+00
4.79500000e+01,1.39016132e-03,2.90364101e-05,0.00000000e+00,0.00000000e+00,2.89759078e-04,3.57599382e-05,9.66878952e-05,1.18355597e-05,1.82216024e+00,2.27759542e-02,7.67323295e+03,1.39534708e+02,1.67668688e-03,5.02773825e-05,0.00000000e+00,0.00000000e+00,6.98160000e+00,7.25896265e-02
4.80500000e+01,1.39865551e-03,3.04694612e-05,0.00000000e+00,0.00000000e+00,3.00149888e-04,3.89847014e-05,9.60046904e-05,1.19098878e-05,1.82067434e+00,2.36088391e-02,7.70901828e+03,1.47041866e+02,1.69558835e-03,5.21540135e-05,0.00000000e+00,0.00000000e+00,0.00000000e+00,0.00000000e+00
4.81500000e+01,1.39658552e-03,3.06890290e-05,0.00000000e+00,0.00000000e+00,2.64099916e-04,2.46051261e-05,9.55321478e-05,1.19872394e-05,1.83285942e+00,2.51328704e-02,7.70853831e+03,1.49862135e+02,1.65745472e-03,4.36358657e-05,0.00000000e+00,0.00000000e+00,6.97080000e+00,7.32214087e-02
4.82500000e+01,1.39251675e-03,3.16905488e-05,0.00000000e+00,0.00000000e+00,2.56487378e-04,1.65961490e-05,9.56273320e-05,1.20037708e-05,1.82841182e+00,2.51433449e-02,7.69253277e+03,1.55405677e+02,1.64574382e-03,3.76153215e-05,0.00000000e+00,0.00000000e+00,0.00000000e+00,0.00000000e+00
4.83500000e+01,1.37707197e-03,3.23411450e-05,0.00000000e+00,0.00000000e+00,2.52963672e-04,1.52889848e-05,9.56273320e-05,1.20037708e-05,1.82592678e+00,2.70506891e-02,7.61177270e+03,1.57218177e+02,1.62674817e-03,3.90039284e-05,0.00000000e+00,0.00000000e+00,6.95380000e+00,7.33055612e-02
4.84500000e+01,1.38567042e-03,2.97636035e-05,0.00000000e+00,0.00000000e+00,2.49231933e-04,1.51391006e-05,9.52622411e-05,1.19483840e-05,1.82961266e+00,2.65676543e-02,7.65330817e+03,1.44745178e+02,1.63139960e-03,3.68107282e-05,0.00000000e+00,0.00000000e+00,0.00000000e+00,0.00000000e+00
4.85500000e+01,1.35333905e-03,2.95824463e-05,0.00000000e+00,0.00000000e+00,2.72290666e-04,2.06103124e-05,9.65481970e-05,1.20457311e-05,1.79941648e+00,2.69253689e-02,7.48446540e+03,1.44616019e+02,1.62240498e-03,4.28270697e-05,0.00000000e+00,0.00000000e+00,6.94760000e+00,7.17805954e-02
4.86500000e+01,1.36151683e-03,3.22367920e-05,0.00000000e+00,0.00000000e+00,2.94111058e-04,2.64186067e-05,9.66006703e-05,1.20506399e-05,1.80247365e+00,2.68832260e-02,7.52094288e+03,1.59238454e+02,1.65241868e-03,4.67651352e-05,0.00000000e+00,0.00000000e+00,0.00000000e+00,0.00000000e+00
4.87500000e+01,1.36696868e-03,3.04482137e-05,0.00000000e+00,0.00000000e+00,2.69589434e-04,1.98492227e-05,9.66024999e-05,1.20508151e-05,1.80011115e+00,2.62554310e-02,7.55294271e+03,1.49150908e+02,1.63333033e-03,4.06990149e-05,0.00000000e+00,0.00000000e+00,6.93040000e+00,7.26697646e-02
4.88500000e+01,1.38021150e-03,3.22902812e-05,0.00000000e+00,0.00000000e+00,2.73247029e-04,1.95721844e-05,9.58550874e-05,1.16977688e-05,1.79786247e+00,2.66428833e-02,7.62305717e+03,1.57252522e+02,1.65026200e-03,4.09336947e-05,0.00000000e+00,0.00000000e+00,0.00000000e+00,0.00000000e+00
4.89500000e+01,1.38115263e-03,3.36535232e-05,0.00000000e+00,0.00000000e+00,2.82565069e-04,2.12843720e-05,1.03107626e-04,1.38603545e-05,1.78911153e+00,2.62939151e-02,7.60347149e+03,1.61926781e+02,1.66035465e-03,4.49461424e-05,0.00000000e+00,0.00000000e+00,6.92960000e+00,7.35335325e-02
4.90500000e+01,1.39337867e-03,3.86079401e-05,0.00000000e+00,0.00000000e+00,2.94118244e-04,2.60007674e-05,1.02421554e-04,1.37074274e-05,1.78110159e+00,2.95524836e-02,7.63486476e+03,1.87595624e+02,1.68416682e-03,5.08701556e-05,0.00000000e+00,0.00000000e+00,0.00000000e+00,0.00000000e+00
4.91500000e+01,1.35783487e-03,3.35872755e-05,0.00000000e+00,0.00000000e+00,2.90000873e-04,2.67115677e-05,9.52977209e-05,1.15325146e-05,1.76552609e+00,2.66757387e-02,7.47098754e+03,1.62399661e+02,1.64473945e-03,4.70388451e-05,0.00000000e+00,0.00000000e+00,6.91840000e+00,7.25350640e-02
4.92500000e+01,1.35337075e-03,3.43656575e-05,0.00000000e+00,0.00000000e+00,2.85152876e-04,2.61667677e-05,9.12096014e-05,1.06270272e-05,1.75538937e+00,2.48799538e-02,7.43426392e+03,1.66513621e+02,1.63547519e-03,4.75205279e-05,0.00000000e+00,0.00000000e+00,0.00000000e+00,0.00000000e+00
4.93500000e+01,1.36073531e-03,3.33981032e-05,0.00000000e+00,0.00000000e+00,2.99248854e-04,3.11541016e-05,8.61169474e-05,9.88202627e-06,1.75799770e+00,2.65099962e-02,7.47368140e+03,1.63249710e+02,1.65714719e-03,4.68611286e-05,0.00000000e+00,0.00000000e+00,6.89860000e+00,7.20725315e-02
4.94500000e+01,1.35398075e-03,3.16054376e-05,0.00000000e+00,0.00000000e+00,2.76409224e-04,2.44952608e-05,9.88963740e-05,1.94012692e-05,1.75352459e+00,2.72511339e-02,7.44021369e+03,1.54964830e+02,1.62725598e-03,4.38537357e-05,0.00000000e+00,0.00000000e+00,0.00000000e+00,0.00000000e+00
4.95500000e+01,1.34644955e-03,3.29453419e-05,0.00000000e+00,0.00000000e+00,2.61322507e-04,1.92254467e-05,1.10060113e-04,3.06879189e-05,1.74789991e+00,2.54622808e-02,7.40084600e+03,1.60360910e+02,1.60436447e-03,4.19585140e-05,0.00000000e+00,0.00000000e+00,6.89240000e+00,7.01936447e-02
4.96500000e+01,1.34742752e-03,3.01599388e-05,0.00000000e+00,0.00000000e+00,2.76420414e-04,2.56907659e-05,1.09969268e-04,3.06907359e-05,1.75481533e+00,2.53929416e-02,7.41813936e+03,1.48716059e+02,1.62044875e-03,4.32722086e-05,0.00000000e+00,0.00000000e+00,0.00000000e+00,0.00000000e+00
4.97500000e+01,1.34834900e-03,3.04090462e-05,0.00000000e+00,0.00000000e+00,2.77077925e-04,2.03727155e-05,1.09644808e-04,3.06912843e-05,1.76594256e+00,2.70021667e-02,7.42803471e+03,1.49514756e+02,1.62203567e-03,3.89899526e-05,0.00000000e+00,0.00000000e+00,6.88080000e+00,6.92288957e-02
4.98500000e+01,1.32226122e-03,2.68338053e-05,0.00000000e+00,0.00000000e+00,2.88828892e-04,2.47333619e-05,1.07467514e-04,3.07687619e-05,1.75022339e+00,2.51966146e-02,7.29049792e+03,1.32071444e+02,1.60775138e-03,3.71932657e-05,0.00000000e+00,0.00000000e+00,0.00000000e+00,0.00000000e+00
4.99500000e+01,1.32001797e-03,2.82995183e-05,0.00000000e+00,0.00000000e+00,2.88646096e-04,2.53548226e-05,1.07541610e-04,3.07674524e-05,1.73578406e+00,2.62381796e-02,7.26350110e+03,1.39661665e+02,1.60532724e-03,3.96695196e-05,0.00000000e+00,0.00000000e+00,6.86940000e+00,6.82458999e-02
5.00500000e+01,1.29232437e-03,2.66327718e-05,0.00000000e+00,0.00000000e+00,2.88432089e-04,2.56713335e-05,1.07735495e-04,3.08000236e-05,1.72462900e+00,2.51536834e-02,7.15628966e+03,1.31026211e+02,1.57740491e-03,3.72047115e-05,0.00000000e+00,0.00000000e+00,0.00000000e+00,0.00000000e+00
5.01500000e+01,1.29941294e-03,2.87214709e-05,0.00000000e+00,0.00000000e+00,2.95040419e-04,2.63468145e-05,1.10928943e-04,3.13927807e-05,1.72172568e+00,2.65451184e-02,7.17140028e+03,1.42240388e+02,1.59103181e-03,3.84503827e-05,0.00000000e+00,0.00000000e+00,6.86300000e+00,6.91742845e-02
5.02500000e+01,1.33169786e-03,3.28197102e-05,0.00000000e+00,0.00000000e+00,3.18458295e-04,3.89665962e-05,9.92259532e-05,2.08517040e-05,1.73430093e+00,2.65076112e-02,7.33283462e+03,1.59616998e+02,1.64702279e-03,4.92353307e-05,0.00000000e+00,0.00000000e+00,0.00000000e+00,0.00000000e+00
5.03500000e+01,1.33028575e-03,2.94554426e-05,0.00000000e+00,0.00000000e+00,3.10215194e-04,3.50932000e-05,8.05972269e-05,1.21741755e-05,1.74114415e+00,2.54788701e-02,7.32328986e+03,1.45154510e+02,1.63782383e-03,4.60405525e-05,0.00000000e+00,0.00000000e+00,6.86300000e+00,7.04065454e-02
5.04500000e+01,1.32522537e-03,2.82641254e-05,0.00000000e+00,0.00000000e+00,3.18492586e-04,3.36179713e-05,8.07342243e-05,1.21872277e-05,1.72732319e+00,2.45264842e-02,7.29674947e+03,1.36804202e+02,1.64103882e-03,4.28840741e-05,0.00000000e+00,0.00000000e+00,0.00000000e+00,0.00000000e+00
5.05500000e+01,1.31857719e-03,3.12705864e-05,0.00000000e+00,0.00000000e+00,3.21471078e-04,3.35956326e-05,8.07119300e-05,1.21827459e-05,1.70770722e+00,2.74863987e-02,7.25704574e+03,1.51652132e+02,1.63740682e-03,4.47257314e-05,0.00000000e+00,0.00000000e+00,6.85420000e+00,6.88992699e-02
5.06500000e+01,1.32072249e-03,3.02367143e-05,0.00000000e+00,0.00000000e+00,2.93558000e-04,2.26933604e-05,8.19418637e-05,1.22062397e-05,1.71491935e+00,2.56279915e-02,7.28560469e+03,1.53194170e+02,1.61161791e-03,3.92754404e-05,0.00000000e+00,0.00000000e+00,0.00000000e+00,0.00000000e+00
5.07500000e+01,1.28488952e-03,2.79309110e-05,0.00000000e+00,0.00000000e+00,2.79833956e-04,2.24500572e-05,8.02475069e-05,1.21961511e-05,1.69896196e+00,2.49911317e-02,7.09303517e+03,1.35703546e+02,1.56210148e-03,3.77931632e-05,0.00000000e+00,0.00000000e+00,6.84340000e+00,6.95006152e-02
5.08500000e+01,1.28375707e-03,2.88762597e-05,0.00000000e+00,0.00000000e+00,2.81541931e-04,2.19725930e-05,7.93825991e-05,1.22734350e-05,1.68702830e+00,2.50522846e-02,7.07826442e+03,1.40742539e+02,1.56269822e-03,3.86017980e-05,0.00000000e+00,0.00000000e+00,0.00000000e+00,0.00000000e+00
5.09500000e+01,1.29126489e-03,3.22411519e-05,0.00000000e+00,0.00000000e+00,2.57751306e-04,1.83101638e-05,8.03206440e-05,1.29126067e-05,1.68101961e+00,2.71217854e-02,7.10640269e+03,1.59962583e+02,1.54639160e-03,4.12900789e-05,0.00000000e+00,0.00000000e+00,6.83840000e+00,7.16096904e-02
5.10500000e+01,1.29105559e-03,2.99321598e-05,0.00000000e+00,0.00000000e+00,2.57783359e-04,1.92492295e-05,7.86772273e-05,1.28062022e-05,1.67888522e+00,2.57529601e-02,7.08717898e+03,1.45878426e+02,1.54624298e-03,3.95050543e-05,0.00000000e+00,0.00000000e+00,0.00000000e+00,0.00000000e+00
5.11500000e+01,1.29190040e-03,3.02886355e-05,0.00000000e+00,0.00000000e+00,2.43907179e-04,1.72190580e-05,7.53628239e-05,1.26249410e-05,1.66827549e+00,2.67382087e-02,7.07032282e+03,1.48718352e+02,1.53325217e-03,3.83695814e-05,0.00000000e+00,0.00000000e+00,6.81120000e+00,6.98579550e-02
5.12500000e+01,1.29140692e-03,2.88451108e-05,0.00000000e+00,0.00000000e+00,2.41419316e-04,1.44275978e-05,9.72540162e-05,2.73872599e-05,1.66656875e+00,2.51820116e-02,7.07616522e+03,1.43724605e+02,1.52950240e-03,3.54212119e-05,0.00000000e+00,0.00000000e+00,0.00000000e+00,0.00000000e+00
5.13500000e+01,1.28109575e-03,2.55533653e-05,0.00000000e+00,0.00000000e+00,2.38144258e-04,1.30426346e-05,8.21439296e-05,1.57675252e-05,1.67144981e+00,2.38333572e-02,7.01648355e+03,1.28339976e+02,1.51641085e-03,3.12892457e-05,0.00000000e+00,0.00000000e+00,6.78040000e+00,6.83137779e-02
5.14500000e+01,1.27126838e-03,2.70621931e-05,0.00000000e+00,0.00000000e+00,2.39976566e-04,1.55470916e-05,7.98885902e-05,1.58413866e-05,1.65873032e+00,2.61614923e-02,6.96381998e+03,1.35935926e+02,1.50834385e-03,3.46386201e-05,0.00000000e+00,0.00000000e+00,0.00000000e+00,0.00000000e+00
5.15500000e+01,1.25627851e-03,2.54092033e-05,0.00000000e+00,0.00000000e+00,2.44313557e-04,1.48807271e-05,7.98745916e-05,1.58400859e-05,1.66839366e+00,2.59326529e-02,6.90577434e+03,1.25771751e+02,1.49737225e-03,3.19914189e-05,0.00000000e+00,0.00000000e+00,6.77340000e+00,6.91833471e-02
5.16500000e+01,1.26820739e-03,2.74630822e-05,0.00000000e+00,0.00000000e+00,2.38932716e-04,1.21687941e-05,7.98745916e-05,1.58400859e-05,1.65481050e+00,2.60845130e-02,6.95758889e+03,1.37981324e+02,1.50419109e-03,3.22391906e-05,0.00000000e+00,0.00000000e+00,0.00000000e+00,0.00000000e+00
5.17500000e+01,1.26186455e-03,2.56475101e-05,0.00000000e+00,0.00000000e+00,2.72285957e-04,3.53584215e-05,7.90645498e-05,1.57489539e-05,1.65523267e+00,2.45852739e-02,6.92504183e+03,1.30844730e+02,1.53147208e-03,4.26671595e-05,0.00000000e+00,0.00000000e+00,6.75640000e+00,7.12716906e-02
5.18500000e+01,1.27527661e-03,2.98848891e-05,0.00000000e+00,0.00000000e+00,2.39664473e-04,1.19626683e-05,7.83009764e-05,1.57017714e-05,1.65247337e+00,2.45163610e-02,6.99131470e+03,1.49517675e+02,1.51229657e-03,3.34873787e-05,0.00000000e+00,0.00000000e+00,0.00000000e+00,0.00000000e+00
5.19500000e+01,1.25768727e-03,2.76519773e-05,0.00000000e+00,0.00000000e+00,2.39366781e-04,1.31223739e-05,7.80757614e-05,1.56927437e-05,1.64557196e+00,2.58552636e-02,6.89987792e+03,1.38962023e+02,1.49442160e-03,3.17223239e-05,0.00000000e+00,0.00000000e+00,6.74620000e+00,7.04677608e-02
5.20500000e+01,1.25267064e-03,2.72139604e-05,0.00000000e+00,0.00000000e+00,2.31334510e-04,1.20263130e-05,7.59399142e-05,1.57587193e-05,1.64017011e+00,2.65921979e-02,6.87157266e+03,1.37609566e+02,1.48149433e-03,3.10402229e-05,0.00000000e+00,0.00000000e+00,0.00000000e+00,0.00000000e+00
5.21500000e+01,1.23979921e-03,2.73127481e-05,0.00000000e+00,0.00000000e+00,2.38160354e-04,1.35662665e-05,7.49617167e-05,1.51034882e-05,1.63063883e+00,2.62888182e-02,6.80800562e+03,1.36794860e+02,1.47547648e-03,3.36099588e-05,0.00000000e+00,0.00000000e+00,6.73660000e+00,7.11759017e-02
5.22500000e+01,1.23971556e-03,2.62694799e-05,0.00000000e+00,0.00000000e+00,2.46556589e-04,1.47424999e-05,7.42321878e-05,1.45637246e-05,1.63269212e+00,2.59560974e-02,6.79480501e+03,1.29038746e+02,1.48380743e-03,3.42954226e-05,0.00000000e+00,0.00000000e+00,0.00000000e+00,0.00000000e+00
5.23500000e+01,1.23945422e-03,2.75073288e-05,0.00000000e+00,0.00000000e+00,2.25786370e-04,1.33675354e-05,6.88096915e-05,1.22502196e-05,1.61214579e+00,2.53718608e-02,6.77568893e+03,1.35044585e+02,1.46290921e-03,3.57556087e-05,0.00000000e+00,0.00000000e+00,6.72180000e+00,7.15722498e-02
5.24500000e+01,1.23416574e-03,3.03066710e-05,0.00000000e+00,0.00000000e+00,2.36147352e-04,1.50336238e-05,6.10479343e-05,8.77851687e-06,1.60939976e+00,2.65155958e-02,6.74656734e+03,1.51862264e+02,1.46821579e-03,3.75773249e-05,0.00000000e+00,0.00000000e+00,0.00000000e+00,0.00000000e+00
5.25500000e+01,1.23527726e-03,3.13467800e-05,0.00000000e+00,0.00000000e+00,2.34256089e-04,1.53750374e-05,7.42876030e-05,1.96163757e-05,1.61114396e+00,2.82191501e-02,6.74407054e+03,1.54771594e+02,1.46716967e-03,3.85183718e-05,0.00000000e+00,0.00000000e+00,6.71300000e+00,7.06496097e-02
5.26500000e+01,1.22410038e-03,2.99531047e-05,0.00000000e+00,0.00000000e+00,2.25873437e-04,1.48137820e-05,7.45420111e-05,2.09160110e-05,1.60711684e+00,2.75490060e-02,6.68959076e+03,1.47027084e+02,1.44763978e-03,3.50400130e-05,0.00000000e+00,0.00000000e+00,0.00000000e+00,0.00000000e+00
5.27500000e+01,1.23147620e-03,2.89017490e-05,0.00000000e+00,0.00000000e+00,2.26752259e-04,1.30198261e-05,5.55845357e-05,8.57758812e-06,1.61104659e+00,2.65430201e-02,6.71546606e+03,1.43002748e+02,1.45635952e-03,3.53706025e-05,0.00000000e+00,0.00000000e+00,6.71260000e+00,7.14427472e-02
5.28500000e+01,1.22193635e-03,2.81956558e-05,0.00000000e+00,0.00000000e+00,2.27626081e-04,1.45568107e-05,5.55845357e-05,8.57758812e-06,1.60460111e+00,2.52865486e-02,6.67933806e+03,1.39290296e+02,1.44769349e-03,3.64117699e-05,0.00000000e+00,0.00000000e+00,0.00000000e+00,0.00000000e+00
5.29500000e+01,1.23925603e-03,2.88964292e-05,0.00000000e+00,0.00000000e+00,2.36533149e-04,1.64723289e-05,5.53612803e-05,8.50350588e-06,1.61708243e+00,2.51945215e-02,6.76087202e+03,1.41855237e+02,1.47392563e-03,3.73469423e-05,0.00000000e+00,0.00000000e+00,6.69660000e+00,7.12395270e-02
5.30500000e+01,1.21880240e-03,3.07670334e-05,0.00000000e+00,0.00000000e+00,2.23831258e-04,1.61698983e-05,5.47872090e-05,8.41057095e-06,1.59260629e+00,2.52582325e-02,6.64675819e+03,1.48879302e+02,1.44077928e-03,3.80670979e-05,0.00000000e+00,0.00000000e+00,0.00000000e+00,0.00000000e+00
5.31500000e+01,1.21326669e-03,2.87804044e-05,0.00000000e+00,0.00000000e+00,2.25514944e-04,1.64457720e-05,5.51988231e-05,8.58274441e-06,1.58014376e+00,2.48428994e-02,6.61007406e+03,1.42091472e+02,1.43691427e-03,3.56815763e-05,0.00000000e+00,0.00000000e+00,6.68720000e+00,7.26512722e-02
5.32500000e+01,1.23484591e-03,3.05974670e-05,0.00000000e+00,0.00000000e+00,2.25744808e-04,1.43765679e-05,5.36309924e-05,8.65458236e-06,1.60278576e+00,2.60264745e-02,6.73306067e+03,1.51668513e+02,1.45876115e-03,3.62307074e-05,0.00000000e+00,0.00000000e+00,0.00000000e+00,0.00000000e+00
5.33500000e+01,1.21717101e-03,3.00195334e-05,0.00000000e+00,0.00000000e+00,2.26944564e-04,1.54401999e-05,5.27837890e-05,8.71833077e-06,1.58156485e+00,2.37744353e-02,6.63566552e+03,1.46412343e+02,1.44230490e-03,3.81635599e-05,0.00000000e+00,0.00000000e+00,6.67260000e+00,7.22099038e-02
5.34500000e+01,1.21478088e-03,2.90220535e-05,0.00000000e+00,0.00000000e+00,2.16142462e-04,1.41418030e-05,5.25079372e-05,8.57627079e-06,1.57433620e+00,2.53823801e-02,6.61638553e+03,1.43376407e+02,1.42911898e-03,3.72419717e-05,0.00000000e+00,0.00000000e+00,0.00000000e+00,0.00000000e+00
5.35500000e+01,1.21594817e-03,2.94348055e-05,0.00000000e+00,0.00000000e+00,2.24499394e-04,1.62437335e-05,5.24507764e-05,8.52022729e-06,1.58072653e+00,2.76143291e-02,6.62809326e+03,1.46657337e+02,1.43865153e-03,3.94052477e-05,0.00000000e+00,0.00000000e+00,6.67380000e+00,7.27404612e-02
5.36500000e+01,1.22191961e-03,3.18541412e-05,0.00000000e+00,0.00000000e+00,2.19380145e-04,1.55311182e-05,5.24994601e-05,8.53525788e-06,1.57397434e+00,2.80294331e-02,6.64753844e+03,1.59177123e+02,1.43952033e-03,3.94825412e-05,0.00000000e+00,0.00000000e+00,0.00000000e+00,0.00000000e+00
5.37500000e+01,1.22183366e-03,3.02896039e-05,0.00000000e+00,0.00000000e+00,2.18627778e-04,1.29663789e-05,5.24789688e-05,8.54290250e-06,1.57275814e+00,2.83582177e-02,6.64906220e+03,1.50668666e+02,1.43871577e-03,3.61723826e-05,0.00000000e+00,0.00000000e+00,6.66460000e+00,7.25659222e-02
5.38500000e+01,1.23941472e-03,3.35540838e-05,0.00000000e+00,0.00000000e+00,2.10574856e-04,1.26683631e-05,5.25129006e-05,8.55181244e-06,1.56971637e+00,2.63441268e-02,6.75657939e+03,1.63690494e+02,1.44824353e-03,3.82155423e-05,0.00000000e+00,0.00000000e+00,0.00000000e+00,0.00000000e+00
5.39500000e+01,1.23164130e-03,3.22046888e-05,0.00000000e+00,0.00000000e+00,2.18657069e-04,1.49847983e-05,5.33083309e-05,8.79556583e-06,1.56250302e+00,2.63236220e-02,6.69119929e+03,1.58254797e+02,1.44851463e-03,3.82094268e-05,0.00000000e+00,0.00000000e+00,6.66020000e+00,7.58265959e-02
5.40500000e+01,1.21813797e-03,2.90166710e-05,0.00000000e+00,0.00000000e+00,2.27195412e-04,1.44845782e-05,5.10501347e-05,8.67468948e-06,1.56330007e+00,2.48114986e-02,6.63605903e+03,1.44310628e+02,1.44353889e-03,3.59164734e-05,0.00000000e+00,0.00000000e+00,0.00000000e+00,0.00000000e+00
5.41500000e+01,1.19968080e-03,2.83952594e-05,0.00000000e+00,0.00000000e+00,2.33963540e-04,1.81238313e-05,4.96627908e-05,8.49325222e-06,1.55078909e+00,2.55034313e-02,6.52668417e+03,1.41409351e+02,1.43188345e-03,3.83834527e-05,0.00000000e+00,0.00000000e+00,6.64760000e+00,7.73872109e-02
5.42500000e+01,1.20176921e-03,2.84585033e-05,0.00000000e+00,0.00000000e+00,2.56009303e-04,2.17874241e-05,4.84845200e-05,8.36671172e-06,1.55839435e+00,2.55880666e-02,6.54717098e+03,1.41872282e+02,1.45604614e-03,4.05823556e-05,0.00000000e+00,0.00000000e+00,0.00000000e+00,0.00000000e+00
5.43500000e+01,1.19161036e-03,2.76493729e-05,0.00000000e+00,0.00000000e+00,2.56191269e-04,2.28950806e-05,4.84929989e-05,8.36774557e-06,1.55030559e+00,2.56600411e-02,6.48755127e+03,1.38002145e+02,1.44603908e-03,3.75910016e-05,0.00000000e+00,0.00000000e+00,6.63600000e+00,7.62171977e-02
5.44500000e+01,1.19230010e-03,2.90259565e-05,0.00000000e+00,0.00000000e+00,2.50367001e-04,2.38007387e-05,4.79813480e-05,8.30797006e-06,1.55032876e+00,2.63404054e-02,6.48781078e+03,1.43487128e+02,1.44090831e-03,3.80072386e-05,0.00000000e+00,0.00000000e+00,0.00000000e+00,0.00000000e+00
5.45500000e+01,1.20346420e-03,2.95954329e-05,0.00000000e+00,0.00000000e+00,2.67947591e-04,2.64886013e-05,4.77728859e-05,8.29247099e-06,1.54571942e+00,2.76384520e-02,6.54591238e+03,1.47380309e+02,1.46966445e-03,4.30484737e-05,0.00000000e+00,0.00000000e+00,6.64080000e+00,7.70713107e-02
5.46500000e+01,1.19020622e-03,2.87541511e-05,0.00000000e+00,0.00000000e+00,2.77364410e-04,2.95500742e-05,4.75923247e-05,8.28600019e-06,1.54147376e+00,2.73057163e-02,6.49123179e+03,1.46041933e+02,1.46577549e-03,4.33702177e-05,0.00000000e+00,0.00000000e+00,0.00000000e+00,0.00000000e+00
5.47500000e+01,1.18403503e-03,3.19155593e-05,0.00000000e+00,0.00000000e+00,2.61954246e-04,3.16599836e-05,4.64378318e-05,8.33745741e-06,1.52970827e+00,2.75879708e-02,6.45227912e+03,1.61080384e+02,1.44388803e-03,4.71815678e-05,0.00000000e+00,0.00000000e+00,6.63120000e+00,7.79333258e-02
5.48500000e+01,1.17829328e-03,3.02919431e-05,0.00000000e+00,0.00000000e+00,2.66624638e-04,3.29629198e-05,4.64378318e-05,8.33745741e-06,1.52539600e+00,2.72716526e-02,6.41510051e+03,1.54092689e+02,1.44265308e-03,4.79038804e-05,0.00000000e+00,0.00000000e+00,0.00000000e+00,0.00000000e+00
5.49500000e+01,1.18999556e-03,2.93539766e-05,0.00000000e+00,0.00000000e+00,2.80139456e-04,3.39877584e-05,4.64378318e-05,8.33745741e-06,1.53317568e+00,2.61602611e-02,6.47316251e+03,1.48851290e+02,1.46772253e-03,4.82043659e-05,0.00000000e+00,0.00000000e+00,6.62020000e+00,7.83625744e-02
5.50500000e+01,1.17206335e-03,2.95158004e-05,0.00000000e+00,0.00000000e+00,2.37741933e-04,1.83922338e-05,4.65575282e-05,8.38408091e-06,1.52367606e+00,2.62052326e-02,6.38313585e+03,1.49323200e+02,1.40738952e-03,4.02401609e-05,0.00000000e+00,0.00000000e+00,0.00000000e+00,0.00000000e+00
5.51500000e+01,1.16399100e-03,3.04817459e-05,0.00000000e+00,0.00000000e+00,2.26342081e-04,1.65180798e-05,4.85459128e-05,9.04830623e-06,1.51338742e+00,2.78389562e-02,6.34960696e+03,1.56471016e+02,1.38786840e-03,4.11101431e-05,0.00000000e+00,0.00000000e+00,6.59940000e+00,7.94575538e-02
5.52500000e+01,1.16685354e-03,2.94082834e-05,0.00000000e+00,0.00000000e+00,2.23772567e-04,1.66448157e-05,4.90002031e-05,9.24484342e-06,1.51050766e+00,2.50179863e-02,6.36060735e+03,1.47277934e+02,1.38815025e-03,3.95471908e-05,0.00000000e+00,0.00000000e+00,0.00000000e+00,0.00000000e+00
5.53500000e+01,1.16761885e-03,3.03878742e-05,0.00000000e+00,0.00000000e+00,2.15307036e-04,1.46044328e-05,4.90002031e-05,9.24484342e-06,1.50332104e+00,2.50575012e-02,6.35634073e+03,1.51092241e+02,1.38044970e-03,3.82087592e-05,0.00000000e+00,0.00000000e+00,6.59280000e+00,7.69155593e-02
5.54500000e+01,1.16265514e-03,3.00600536e-05,0.00000000e+00,0.00000000e+00,2.04858015e-04,1.24193337e-05,4.90002031e-05,9.24484342e-06,1.50705650e+00,2.71155326e-02,6.33848292e+03,1.51952107e+02,1.36503696e-03,3.28843989e-05,0.00000000e+00,0.00000000e+00,0.00000000e+00,0.00000000e+00
5.55500000e+01,1.17783516e-03,2.88922948e-05,0.00000000e+00,0.00000000e+00,2.13086210e-04,1.37643344e-05,4.90002031e-05,9.24484342e-06,1.51851539e+00,2.54614138e-02,6.40524025e+03,1.45304361e+02,1.38844519e-03,3.32433945e-05,0.00000000e+00,0.00000000e+00,6.58580000e+00,7.50058991e-02
5.56500000e+01,1.18896255e-03,2.85560050e-05,0.00000000e+00,0.00000000e+00,2.26849220e-04,1.72504441e-05,4.90002031e-05,9.24484342e-06,1.51692816e+00,2.68176898e-02,6.45243138e+03,1.42488835e+02,1.41333562e-03,3.66640739e-05,0.00000000e+00,0.00000000e+00,0.00000000e+00,0.00000000e+00
5.57500000e+01,1.20369080e-03,3.49477918e-05,0.00000000e+00,0.00000000e+00,2.10533955e-04,1.35330599e-05,4.87116018e-05,9.23300468e-06,1.51534223e+00,2.77808564e-02,6.52556604e+03,1.71200099e+02,1.41175475e-03,4.27269044e-05,0.00000000e+00,0.00000000e+00,6.58060000e+00,7.44281108e-02
5.58500000e+01,1.17469297e-03,2.80220119e-05,0.00000000e+00,0.00000000e+00,2.19849345e-04,1.56967533e-05,4.62272629e-05,9.32204927e-06,1.49993613e+00,2.67680481e-02,6.38552271e+03,1.40006180e+02,1.39222419e-03,3.39173739e-05,0.00000000e+00,0.00000000e+00,0.00000000e+00,0.00000000e+00
5.59500000e+01,1.17491957e-03,2.79446448e-05,0.00000000e+00,0.00000000e+00,2.27811320e-04,1.95070171e-05,4.62264913e-05,9.32212706e-06,1.49469956e+00,2.73174681e-02,6.37092691e+03,1.40478563e+02,1.40085915e-03,3.52659220e-05,0.00000000e+00,0.00000000e+00,6.56620000e+00,7.62128545e-02
5.60500000e+01,1.17045826e-03,2.66374764e-05,0.00000000e+00,0.00000000e+00,2.29673677e-04,2.39600330e-05,4.62232915e-05,9.32245029e-06,1.49720174e+00,2.57466674e-02,6.34933801e+03,1.34116280e+02,1.39856009e-03,3.60216472e-05,0.00000000e+00,0.00000000e+00,0.00000000e+00,0.00000000e+00
5.61500000e+01,1.17644027e-03,2.64055478e-05,0.00000000e+00,0.00000000e+00,2.22326869e-04,2.09911539e-05,4.62232915e-05,9.32245029e-06,1.50160111e+00,2.56194318e-02,6.38060006e+03,1.33921783e+02,1.39719529e-03,3.52904893e-05,0.00000000e+00,0.00000000e+00,6.57300000e+00,7.79404535e-02
5.62500000e+01,1.17487211e-03,2.57119405e-05,0.00000000e+00,0.00000000e+00,2.17045425e-04,1.61584175e-05,4.44078457e-05,8.88521435e-06,1.49150189e+00,2.56604834e-02,6.37485444e+03,1.29317211e+02,1.39052723e-03,3.16923933e-05,0.00000000e+00,0.00000000e+00,0.00000000e+00,0.00000000e+00
5.63500000e+01,1.16192096e-03,2.48235703e-05,0.00000000e+00,0.00000000e+00,2.18430580e-04,1.54043553e-05,4.43646878e-05,8.87785669e-06,1.49223255e+00,2.43231866e-02,6.31614238e+03,1.24821465e+02,1.37902532e-03,3.17828332e-05,0.00000000e+00,0.00000000e+00,6.57600000e+00,7.88286698e-02
5.64500000e+01,1.15273435e-03,2.47279725e-05,0.00000000e+00,0.00000000e+00,2.21752846e-04,1.74340361e-05,4.46575848e-05,8.93220094e-06,1.47707991e+00,2.35235354e-02,6.25827084e+03,1.23171059e+02,1.37315336e-03,3.37453267e-05,0.00000000e+00,0.00000000e+00,0.00000000e+00,0.00000000e+00
5.65500000e+01,1.16408235e-03,2.39917313e-05,0.00000000e+00,0.00000000e+00,2.37530279e-04,2.33449027e-05,4.46575848e-05,8.93220094e-06,1.47796927e+00,2.45472816e-02,6.31370758e+03,1.20194437e+02,1.40027588e-03,3.77119319e-05,0.00000000e+00,0.00000000e+00,6.56840000e+00,7.89333793e-02
5.66500000e+01,1.15198618e-03,2.45235416e-05,0.00000000e+00,0.00000000e+00,2.39151630e-04,2.39947134e-05,4.36388880e-05,8.48834074e-06,1.47024165e+00,2.68444615e-02,6.25173901e+03,1.24024836e+02,1.38982626e-03,3.84897984e-05,0.00000000e+00,0.00000000e+00,0.00000000e+00,0.00000000e+00
5.67500000e+01,1.15960249e-03,2.73805946e-05,0.00000000e+00,0.00000000e+00,2.34103871e-04,2.35018819e-05,4.29561325e-05,8.24810512e-06,1.47237182e+00,2.81276652e-02,6.27974631e+03,1.37775196e+02,1.39241730e-03,4.11637356e-05,0.00000000e+00,0.00000000e+00,6.54360000e+00,7.86834319e-02
5.68500000e+01,1.15016752e-03,2.72738657e-05,0.00000000e+00,0.00000000e+00,2.50108365e-04,2.93379769e-05,4.29561325e-05,8.24810512e-06,1.48467010e+00,2.77616634e-02,6.24418297e+03,1.39236219e+02,1.39898701e-03,4.42271016e-05,0.00000000e+00,0.00000000e+00,0.00000000e+00,0.00000000e+00
5.69500000e+01,1.14830209e-03,2.67211662e-05,0.00000000e+00,0.00000000e+00,2.21190830e-04,2.01111231e-05,4.29561325e-05,8.24810512e-06,1.46568282e+00,2.72799048e-02,6.21344495e+03,1.35436854e+02,1.36820404e-03,3.81364517e-05,0.00000000e+00,0.00000000e+00,6.53620000e+00,7.84096464e-02
5.70500000e+01,1.14486856e-03,2.80675093e-05,0.00000000e+00,0.00000000e+00,2.11264657e-04,1.70121265e-05,4.29561325e-05,8.24810512e-06,1.46250694e+00,2.90946319e-02,6.20798289e+03,1.40730999e+02,1.35484433e-03,3.58727621e-05,0.00000000e+00,0.00000000e+00,0.00000000e+00,0.00000000e+00
5.71500000e+01,1.13711522e-03,2.63924943e-05,0.00000000e+00,0.00000000e+00,2.03413874e-04,1.42263969e-05,4.29561325e-05,8.24810512e-06,1.45326313e+00,2.82501490e-02,6.18037451e+03,1.34796871e+02,1.33923890e-03,3.38358342e-05,0.00000000e+00,0.00000000e+00,6.50860000e+00,7.84185578e-02
5.72500000e+01,1.14830032e-03,2.86934163e-05,0.00000000e+00,0.00000000e+00,2.02085092e-04,1.28823282e-05,4.29561325e-05,8.24810512e-06,1.43313796e+00,2.63264380e-02,6.22438283e+03,1.41963855e+02,1.34909403e-03,3.28901140e-05,0.00000000e+00,0.00000000e+00,0.00000000e+00,0.00000000e+00
5.73500000e+01,1.14112382e-03,3.20037672e-05,0.00000000e+00,0.00000000e+00,2.15697888e-04,1.46607933e-05,4.29561325e-05,8.24810512e-06,1.44143576e+00,2.80974979e-02,6.17815891e+03,1.57043734e+02,1.35553077e-03,3.83590289e-05,0.00000000e+00,0.00000000e+00,6.50080000e+00,7.85131420e-02
5.74500000e+01,1.13270169e-03,2.87218127e-05,0.00000000e+00,0.00000000e+00,2.21735862e-04,1.55660245e-05,4.29561325e-05,8.24810512e-06,1.43525725e+00,2.86385865e-02,6.12947633e+03,1.44675934e+02,1.35314715e-03,3.50290613e-05,0.00000000e+00,0.00000000e+00,0.00000000e+00,0.00000000e+00
5.75500000e+01,1.14715983e-03,3.33984767e-05,0.00000000e+00,0.00000000e+00,2.27153638e-04,1.76379513e-05,4.24062667e-05,8.15477168e-06,1.44767474e+00,3.10107771e-02,6.20419685e+03,1.67769270e+02,1.37303716e-03,3.97386064e-05,0.00000000e+00,0.00000000e+00,6.46380000e+00,7.89196905e-02
5.76500000e+01,1.13985983e-03,3.27047372e-05,0.00000000e+00,0.00000000e+00,2.49729913e-04,2.20460057e-05,4.07778037e-05,8.09405096e-06,1.43764600e+00,3.06199366e-02,6.17602109e+03,1.67477272e+02,1.38835637e-03,4.20034414e-05,0.00000000e+00,0.00000000e+00,0.00000000e+00,0.00000000e+00
5.77500000e+01,1.13293629e-03,3.04931839e-05,0.00000000e+00,0.00000000e+00,2.40933646e-04,2.24359775e-05,4.00246947e-05,7.95075672e-06,1.42941060e+00,3.02084292e-02,6.12857177e+03,1.56198477e+02,1.37265531e-03,4.01445816e-05,0.00000000e+00,0.00000000e+00,6.45660000e+00,7.97320052e-02
5.78500000e+01,1.12329069e-03,2.96985263e-05,0.00000000e+00,0.00000000e+00,2.32291833e-04,1.96350902e-05,3.94516513e-05,7.88828625e-06,1.42520634e+00,3.05215932e-02,6.08459329e+03,1.52509751e+02,1.35438151e-03,3.63371395e-05,0.00000000e+00,0.00000000e+00,0.00000000e+00,0.00000000e+00
5.79500000e+01,1.12460753e-03,3.07047578e-05,0.00000000e+00,0.00000000e+00,2.35101068e-04,2.04563274e-05,3.94516513e-05,7.88828625e-06,1.42655677e+00,3.06713002e-02,6.09610719e+03,1.57127751e+02,1.35850753e-03,3.86220388e-05,0.00000000e+00,0.00000000e+00,6.43000000e+00,7.93869367e-02
5.80500000e+01,1.10272722e-03,3.11911053e-05,0.00000000e+00,0.00000000e+00,2.35656171e-04,2.13661993e-05,3.91073665e-05,7.87060395e-06,1.40081591e+00,2.81179429e-02,5.96977098e+03,1.57933758e+02,1.33719061e-03,3.69973501e-05,0.00000000e+00,0.00000000e+00,0.00000000e+00,0.00000000e+00
5.81500000e+01,1.11600647e-03,3.14535228e-05,0.00000000e+00,0.00000000e+00,2.40377788e-04,2.32249738e-05,3.80973279e-05,7.90549375e-06,1.40959864e+00,2.88872392e-02,6.03656592e+03,1.58826890e+02,1.35521159e-03,3.82383858e-05,0.00000000e+00,0.00000000e+00,6.41020000e+00,8.13997393e-02
5.82500000e+01,1.11249640e-03,3.17080417e-05,0.00000000e+00,0.00000000e+00,2.17341222e-04,1.70732343e-05,3.80986488e-05,7.90558829e-06,1.39492307e+00,2.80902183e-02,6.00933175e+03,1.58418982e+02,1.32866380e-03,3.56932707e-05,0.00000000e+00,0.00000000e+00,0.00000000e+00,0.00000000e+00
5.83500000e+01,1.13046937e-03,3.36740659e-05,0.00000000e+00,0.00000000e+00,1.99497374e-04,1.31795309e-05,3.82001759e-05,7.91351046e-06,1.40431386e+00,2.92197600e-02,6.09638853e+03,1.68590247e+02,1.32879363e-03,3.64207857e-05,0.00000000e+00,0.00000000e+00,6.39580000e+00,8.10160428e-02
5.84500000e+01,1.13554443e-03,3.41715777e-05,0.00000000e+00,0.00000000e+00,2.03779030e-04,1.45264589e-05,3.82001759e-05,7.91351046e-06,1.41113168e+00,2.95292422e-02,6.11598205e+03,1.70794368e+02,1.33815204e-03,3.82188820e-05,0.00000000e+00,0.00000000e+00,0.00000000e+00,0.00000000e+00
5.85500000e+01,1.13328154e-03,3.31341121e-05,0.00000000e+00,0.00000000e+00,2.11377756e-04,1.57385755e-05,3.82001759e-05,7.91351046e-06,1.40496296e+00,2.96984380e-02,6.10571035e+03,1.65609897e+02,1.34348831e-03,3.71521102e-05,0.00000000e+00,0.00000000e+00,6.38760000e+00,7.99752819e-02
5.86500000e+01,1.14384978e-03,3.28782226e-05,0.00000000e+00,0.00000000e+00,2.08645427e-04,1.57614739e-05,3.78490545e-05,7.90729636e-06,1.41192533e+00,2.80338715e-02,6.15882894e+03,1.66097548e+02,1.35133218e-03,3.52099687e-05,0.00000000e+00,0.00000000e+00,0.00000000e+00,0.00000000e+00
5.87500000e+01,1.13847164e-03,3.37991644e-05,0.00000000e+00,0.00000000e+00,1.97010738e-04,1.47581438e-05,3.68709804e-05,7.93157290e-06,1.40716709e+00,2.72391008e-02,6.13275060e+03,1.68436565e+02,1.33434240e-03,3.54043115e-05,0.00000000e+00,0.00000000e+00,6.35980000e+00,8.06850718e-02
5.88500000e+01,1.11079591e-03,3.12736072e-05,0.00000000e+00,0.00000000e+00,1.88112873e-04,1.38366433e-05,3.58984407e-05,7.96172228e-06,1.38859993e+00,2.48418033e-02,5.97821111e+03,1.55172696e+02,1.29779306e-03,3.34996265e-05,0.00000000e+00,0.00000000e+00,0.00000000e+00,0.00000000e+00
5.89500000e+01,1.11260539e-03,3.21837351e-05,0.00000000e+00,0.00000000e+00,2.18840749e-04,3.23429024e-05,3.58984407e-05,7.96172228e-06,1.38930738e+00,2.57302169e-02,6.00718331e+03,1.60428496e+02,1.33033040e-03,4.59860621e-05,0.00000000e+00,0.00000000e+00,6.34680000e+00,8.19753273e-02
5.90500000e+01,1.12589537e-03,3.46507607e-05,0.00000000e+00,0.00000000e+00,2.16477266e-04,2.73727324e-05,3.50127920e-05,7.94742985e-06,1.39003441e+00,2.75615614e-02,6.05976435e+03,1.71625282e+02,1.34127834e-03,4.48840392e-05,0.00000000e+00,0.00000000e+00,0.00000000e+00,0.00000000e+00
5.91500000e+01,1.13617458e-03,3.73019013e-05,0.00000000e+00,0.00000000e+00,2.01779214e-04,1.21701571e-05,3.47217573e-05,7.98194488e-06,1.37723841e+00,2.81433912e-02,6.10533747e+03,1.84720997e+02,1.33686328e-03,4.05511837e-05,0.00000000e+00,0.00000000e+00,6.32300000e+00,8.07648388e-02
5.92500000e+01,1.10470752e-03,3.23418230e-05,0.00000000e+00,0.00000000e+00,2.55898985e-04,4.95712577e-05,3.47954548e-05,7.98957662e-06,1.36267063e+00,2.77169065e-02,5.94661524e+03,1.61828532e+02,1.35951497e-03,5.23152962e-05,0.00000000e+00,0.00000000e+00,0.00000000e+00,0.00000000e+00
5.93500000e+01,1.08142237e-03,2.95540459e-05,0.00000000e+00,0.00000000e+00,2.02766647e-04,1.63273637e-05,3.47847074e-05,7.98771243e-06,1.35141489e+00,2.92029279e-02,5.83128845e+03,1.50206357e+02,1.28309813e-03,3.62132374e-05,0.00000000e+00,0.00000000e+00,6.32440000e+00,8.24414003e-02
5.94500000e+01,1.09307228e-03,3.27030828e-05,0.00000000e+00,0.00000000e+00,2.10451131e-04,2.00192888e-05,3.47572949e-05,7.98302114e-06,1.34938068e+00,2.78613697e-02,5.88083900e+03,1.62645578e+02,1.30243442e-03,4.05707716e-05,0.00000000e+00,0.00000000e+00,0.00000000e+00,0.00000000e+00
5.95500000e+01,1.08873167e-03,2.90880884e-05,0.00000000e+00,0.00000000e+00,2.22749958e-04,2.34364512e-05,3.47572949e-05,7.98302114e-06,1.35982336e+00,2.74491635e-02,5.85995156e+03,1.44781456e+02,1.31039263e-03,3.89677306e-05,0.00000000e+00,0.00000000e+00,6.30760000e+00,8.02956577e-02
5.96500000e+01,1.08628656e-03,2.79282047e-05,0.00000000e+00,0.00000000e+00,2.10169867e-04,2.22568957e-05,3.47572949e-05,7.98302114e-06,1.34769792e+00,2.49353122e-02,5.84108961e+03,1.38004716e+02,1.29536743e-03,3.74261701e-05,0.00000000e+00,0.00000000e+00,0.00000000e+00,0.00000000e+00
5.97500000e+01,1.09432343e-03,2.73395143e-05,0.00000000e+00,0.00000000e+00,1.85321486e-04,1.28231378e-05,3.47572949e-05,7.98302114e-06,1.34459692e+00,2.43207107e-02,5.87548293e+03,1.35436689e+02,1.27855592e-03,3.22236484e-05,0.00000000e+00,0.00000000e+00,6.29880000e+00,7.93656688e-02
5.98500000e+01,1.08017580e-03,2.57487764e-05,0.00000000e+00,0.00000000e+00,1.82428933e-04,1.14644059e-05,3.47572949e-05,7.98302114e-06,1.33327486e+00,2.44223444e-02,5.79816799e+03,1.30012051e+02,1.26151574e-03,3.09103087e-05,0.00000000e+00,0.00000000e+00,0.00000000e+00,0.00000000e+00
5.99500000e+01,1.09280810e-03,2.75280011e-05,0.00000000e+00,0.00000000e+00,1.84001907e-04,1.85158421e-05,3.64402884e-05,8.58606126e-06,1.33194440e+00,2.58456925e-02,5.85287788e+03,1.38297444e+02,1.27568017e-03,3.52279153e-05,0.00000000e+00,0.00000000e+00,6.29560000e+00,7.67748683e-02
6.00500000e+01,1.08661811e-03,2.57595264e-05,0.00000000e+00,0.00000000e+00,1.96777612e-04,2.07593645e-05,3.67298742e-05,8.68465122e-06,1.33054279e+00,2.44904024e-02,5.82253294e+03,1.27976039e+02,1.28225883e-03,3.35620200e-05,0.00000000e+00,0.00000000e+00,0.00000000e+00,0.00000000e+00
6.01500000e+01,1.08004063e-03,2.63591771e-05,0.00000000e+00,0.00000000e+00,2.14055199e-04,2.93472294e-05,3.67897472e-05,8.69017655e-06,1.32214640e+00,2.37075144e-02,5.78678260e+03,1.32286645e+02,1.29296772e-03,3.95407439e-05,0.00000000e+00,0.00000000e+00,6.27480000e+00,7.77018057e-02
6.02500000e+01,1.08189746e-03,2.74330037e-05,0.00000000e+00,0.00000000e+00,2.38801289e-04,4.64997314e-05,3.67897472e-05,8.69017655e-06,1.32448948e+00,2.39126730e-02,5.79860503e+03,1.37307647e+02,1.31957280e-03,5.02407256e-05,0.00000000e+00,0.00000000e+00,0.00000000e+00,0.00000000e+00
6.03500000e+01,1.08205026e-03,2.84709980e-05,0.00000000e+00,0.00000000e+00,3.03905279e-04,1.09881331e-04,3.67897472e-05,8.69017655e-06,1.32366006e+00,2.48970038e-02,5.79852973e+03,1.39721573e+02,1.38482958e-03,1.08858406e-04,0.00000000e+00,0.00000000e+00,6.26140000e+00,7.68380274e-02
6.04500000e+01,1.09498798e-03,2.85351036e-05,0.00000000e+00,0.00000000e+00,1.94070795e-04,1.40250572e-05,3.48288354e-05,8.32259301e-06,1.33140082e+00,2.73541649e-02,5.85951295e+03,1.40896082e+02,1.28798248e-03,3.45701699e-05,0.00000000e+00,0.00000000e+00,0.00000000e+00,0.00000000e+00
6.05500000e+01,1.09035698e-03,2.92011287e-05,0.00000000e+00,0.00000000e+00,1.85053055e-04,1.27718786e-05,3.25731063e-05,7.90029951e-06,1.33230884e+00,2.70112361e-02,5.83518261e+03,1.44479343e+02,1.27439424e-03,3.54167537e-05,0.00000000e+00,0.00000000e+00,6.24720000e+00,7.68810584e-02
6.06500000e+01,1.09392731e-03,2.90914930e-05,0.00000000e+00,0.00000000e+00,1.97225462e-04,1.73249831e-05,3.25719431e-05,7.90021108e-06,1.32533979e+00,2.46666844e-02,5.84403377e+03,1.44396870e+02,1.29013698e-03,3.68069390e-05,0.00000000e+00,0.00000000e+00,0.00000000e+00,0.00000000e+00
6.07500000e+01,1.09798576e-03,3.01315595e-05,0.00000000e+00,0.00000000e+00,2.02058183e-04,1.62911594e-05,3.25709598e-05,7.90013647e-06,1.31940412e+00,2.53954180e-02,5.85687470e+03,1.49255775e+02,1.29902858e-03,3.87428561e-05,0.00000000e+00,0.00000000e+00,6.24640000e+00,7.68049531e-02
6.08500000e+01,1.09633961e-03,3.01012784e-05,0.00000000e+00,0.00000000e+00,2.02234386e-04,1.61080013e-05,3.25709598e-05,7.90013647e-06,1.32247200e+00,2.56552057e-02,5.84443039e+03,1.48840163e+02,1.29756104e-03,3.97185630e-05,0.00000000e+00,0.00000000e+00,0.00000000e+00,0.00000000e+00
6.09500000e+01,1.10614761e-03,3.11904866e-05,0.00000000e+00,0.00000000e+00,2.07458320e-04,1.57017698e-05,3.25709598e-05,7.90013647e-06,1.33472295e+00,2.89376313e-02,5.91194106e+03,1.55449691e+02,1.31253739e-03,3.89398047e-05,0.00000000e+00,0.00000000e+00,6.25280000e+00,7.82007046e-02
6.10500000e+01,1.07854628e-03,3.05943085e-05,0.00000000e+00,0.00000000e+00,2.10226471e-04,1.66891349e-05,3.25709598e-05,7.90013647e-06,1.31854945e+00,2.47002543e-02,5.76828911e+03,1.50099687e+02,1.28775488e-03,3.91705374e-05,0.00000000e+00,0.00000000e+00,0.00000000e+00,0.00000000e+00
6.11500000e+01,1.07101913e-03,3.06236321e-05,0.00000000e+00,0.00000000e+00,2.35795579e-04,2.21104033e-05,3.26004267e-05,7.90729489e-06,1.31003182e+00,2.59585215e-02,5.72170541e+03,1.49440727e+02,1.30579608e-03,4.31456514e-05,0.00000000e+00,0.00000000e+00,6.24460000e+00,7.81423139e-02
6.12500000e+01,1.07420827e-03,3.15204936e-05,0.00000000e+00,0.00000000e+00,2.39333256e-04,3.24603431e-05,3.26178064e-05,7.91156536e-06,1.31488945e+00,2.45985406e-02,5.74694787e+03,1.54431987e+02,1.31252319e-03,5.15807994e-05,0.00000000e+00,0.00000000e+00,0.00000000e+00,0.00000000e+00
6.13500000e+01,1.07126329e-03,3.09426206e-05,0.00000000e+00,0.00000000e+00,2.35015701e-04,2.98454288e-05,3.15653086e-05,7.39668009e-06,1.30818170e+00,2.50165596e-02,5.72931296e+03,1.53327228e+02,1.30528572e-03,4.84405821e-05,0.00000000e+00,0.00000000e+00,6.23080000e+00,7.76721735e-02
6.14500000e+01,1.07541265e-03,3.26312351e-05,0.00000000e+00,0.00000000e+00,2.43915183e-04,4.27703068e-05,2.94387899e-05,6.84308163e-06,1.31042253e+00,2.39112135e-02,5.74282036e+03,1.58123438e+02,1.31838616e-03,5.45097027e-05,0.00000000e+00,0.00000000e+00,0.00000000e+00,0.00000000e+00
6.15500000e+01,1.07816911e-03,3.25193476e-05,0.00000000e+00,0.00000000e+00,1.94601947e-04,1.56142377e-05,2.94343053e-05,6.84176234e-06,1.30588142e+00,2.39940782e-02,5.75170921e+03,1.59706427e+02,1.27182947e-03,4.21139590e-05,0.00000000e+00,0.00000000e+00,6.20680000e+00,7.74398727e-02
6.16500000e+01,1.07285980e-03,3.05820447e-05,0.00000000e+00,0.00000000e+00,1.94032116e-04,1.55692594e-05,2.94343053e-05,6.84176234e-06,1.29466326e+00,2.53551058e-02,5.72384546e+03,1.51112530e+02,1.26595033e-03,4.05988782e-05,0.00000000e+00,0.00000000e+00,0.00000000e+00,0.00000000e+00
6.17500000e+01,1.07437481e-03,3.11645650e-05,0.00000000e+00,0.00000000e+00,1.89492675e-04,1.54274931e-05,2.94343053e-05,6.84176234e-06,1.29348293e+00,2.53988413e-02,5.73333816e+03,1.54890919e+02,1.26292590e-03,4.06517705e-05,0.00000000e+00,0.00000000e+00,6.19940000e+00,7.67441602e-02
6.18500000e+01,1.06829172e-03,3.15878097e-05,0.00000000e+00,0.00000000e+00,1.94317719e-04,1.75555936e-05,2.94343053e-05,6.84176234e-06,1.29512182e+00,2.56835247e-02,5.70434977e+03,1.56352910e+02,1.26166785e-03,4.14374884e-05,0.00000000e+00,0.00000000e+00,0.00000000e+00,0.00000000e+00
6.19500000e+01,1.06299290e-03,3.07392254e-05,0.00000000e+00,0.00000000e+00,2.10916220e-04,2.05126965e-05,3.06961270e-05,7.32027729e-06,1.30000370e+00,2.37988942e-02,5.68824701e+03,1.52106510e+02,1.27290629e-03,4.35254734e-05,0.00000000e+00,0.00000000e+00,6.18420000e+00,7.65250873e-02
6.20500000e+01,1.05749043e-03,3.16145682e-05,0.00000000e+00,0.00000000e+00,2.31032700e-04,2.71973643e-05,3.00099208e-05,7.52734852e-06,1.29579345e+00,2.46572807e-02,5.66941784e+03,1.61805241e+02,1.28754850e-03,4.64108339e-05,0.00000000e+00,0.00000000e+00,0.00000000e+00,0.00000000e+00
6.21500000e+01,1.04712375e-03,3.08282024e-05,0.00000000e+00,0.00000000e+00,2.23499082e-04,2.15075468e-05,3.00099208e-05,7.52734852e-06,1.28185065e+00,2.46177025e-02,5.60170299e+03,1.53070037e+02,1.26968578e-03,4.10724534e-05,0.00000000e+00,0.00000000e+00,6.18200000e+00,7.74043188e-02
6.22500000e+01,1.04850029e-03,3.06142425e-05,0.00000000e+00,0.00000000e+00,2.12763235e-04,1.85396001e-05,3.00099208e-05,7.52734852e-06,1.28389506e+00,2.55609716e-02,5.60866232e+03,1.52596975e+02,1.26032647e-03,3.78986966e-05,0.00000000e+00,0.00000000e+00,0.00000000e+00,0.00000000e+00
6.23500000e+01,1.05929152e-03,3.38011007e-05,0.00000000e+00,0.00000000e+00,1.90220642e-04,1.35834663e-05,3.01388642e-05,7.52345779e-06,1.29581419e+00,2.64770312e-02,5.68240043e+03,1.67976898e+02,1.24854029e-03,3.85689678e-05,0.00000000e+00,0.00000000e+00,6.17560000e+00,7.70132032e-02
6.24500000e+01,1.05586595e-03,3.14258293e-05,0.00000000e+00,0.00000000e+00,1.81049791e-04,1.32476811e-05,3.02094443e-05,7.47136480e-06,1.29141721e+00,2.60815507e-02,5.65454773e+03,1.57394493e+02,1.23583934e-03,3.63175120e-05,0.00000000e+00,0.00000000e+00,0.00000000e+00,0.00000000e+00
6.25500000e+01,1.07849693e-03,3.56545851e-05,0.00000000e+00,0.00000000e+00,2.08445063e-04,2.65486364e-05,2.76358054e-05,7.03557582e-06,1.29411553e+00,2.60137252e-02,5.74320989e+03,1.77427100e+02,1.28592829e-03,4.64182478e-05,0.00000000e+00,0.00000000e+00,6.16280000e+00,7.63819831e-02
6.26500000e+01,1.07311487e-03,3.59635317e-05,0.00000000e+00,0.00000000e+00,2.05299311e-04,1.91096674e-05,2.74524003e-05,6.96776006e-06,1.28148069e+00,2.65549953e-02,5.70424817e+03,1.79564079e+02,1.27740674e-03,4.41871774e-05,0.00000000e+00,0.00000000e+00,0.00000000e+00,0.00000000e+00
6.27500000e+01,1.05008003e-03,3.33969175e-05,0.00000000e+00,0.00000000e+00,2.23126313e-04,2.66342620e-05,2.66585152e-05,6.98062706e-06,1.27601997e+00,2.63596266e-02,5.59513829e+03,1.66604631e+02,1.27240052e-03,4.79171528e-05,0.00000000e+00,0.00000000e+00,6.15700000e+00,7.62772869e-02
6.28500000e+01,1.04887837e-03,3.23940921e-05,0.00000000e+00,0.00000000e+00,2.06305827e-04,2.06422409e-05,2.66251231e-05,6.98314598e-06,1.27693565e+00,2.54622779e-02,5.60168595e+03,1.61713695e+02,1.25438707e-03,4.33834582e-05,0.00000000e+00,0.00000000e+00,0.00000000e+00,0.00000000e+00
6.29500000e+01,1.05300213e-03,3.52828554e-05,0.00000000e+00,0.00000000e+00,2.03779858e-04,1.87242589e-05,2.66251231e-05,6.98314598e-06,1.27855925e+00,2.62293881e-02,5.61682709e+03,1.78323846e+02,1.25600435e-03,4.30654096e-05,0.00000000e+00,0.00000000e+00,6.13740000e+00,7.50525313e-02
6.30500000e+01,1.02706892e-03,3.00274170e-05,0.00000000e+00,0.00000000e+00,2.19337391e-04,2.58302876e-05,2.66251231e-05,6.98314598e-06,1.25590073e+00,2.59475947e-02,5.48430789e+03,1.49730736e+02,1.24562868e-03,4.24355133e-05,0.00000000e+00,0.00000000e+00,0.00000000e+00,0.00000000e+00
6.31500000e+01,1.01882999e-03,2.91513307e-05,0.00000000e+00,0.00000000e+00,2.23232573e-04,2.61543408e-05,2.66251231e-05,6.98314598e-06,1.25612137e+00,2.64262047e-02,5.44272064e+03,1.45330563e+02,1.24128493e-03,4.16239955e-05,0.00000000e+00,0.00000000e+00,6.11980000e+00,7.54223428e-02
6.32500000e+01,1.03236458e-03,2.99789359e-05,0.00000000e+00,0.00000000e+00,2.00331417e-04,2.41232918e-05,2.66251231e-05,6.98314598e-06,1.25504144e+00,2.58300121e-02,5.50761156e+03,1.48932093e+02,1.23191837e-03,3.93116101e-05,0.00000000e+00,0.00000000e+00,0.00000000e+00,0.00000000e+00
6.33500000e+01,1.05274217e-03,3.40523491e-05,0.00000000e+00,0.00000000e+00,2.02371573e-04,2.43025601e-05,2.66342096e-05,6.98432519e-06,1.25732785e+00,2.65487122e-02,5.60331517e+03,1.66205639e+02,1.25433589e-03,4.26796107e-05,0.00000000e+00,0.00000000e+00,6.11600000e+00,7.63659289e-02
6.34500000e+01,1.05887074e-03,3.57379218e-05,0.00000000e+00,0.00000000e+00,2.15556459e-04,2.63809048e-05,2.65425222e-05,6.94453419e-06,1.26038387e+00,2.78027871e-02,5.62640290e+03,1.75829061e+02,1.27365281e-03,4.70000274e-05,0.00000000e+00,0.00000000e+00,0.00000000e+00,0.00000000e+00
6.35500000e+01,1.04442924e-03,3.52835416e-05,0.00000000e+00,0.00000000e+00,2.11779544e-04,2.76898962e-05,2.60178802e-05,6.78211631e-06,1.25588009e+00,3.04172169e-02,5.55288245e+03,1.75402288e+02,1.25545230e-03,5.04218458e-05,0.00000000e+00,0.00000000e+00,6.09640000e+00,7.69000199e-02
6.36500000e+01,1.03195058e-03,3.36991061e-05,0.00000000e+00,0.00000000e+00,2.15487097e-04,2.78335870e-05,2.60178802e-05,6.78211631e-06,1.25124058e+00,2.95518580e-02,5.49241547e+03,1.67044947e+02,1.24668119e-03,4.80340369e-05,0.00000000e+00,0.00000000e+00,0.00000000e+00,0.00000000e+00
6.37500000e+01,1.02772060e-03,3.57075677e-05,0.00000000e+00,0.00000000e+00,2.56447889e-04,4.97078985e-05,2.60178802e-05,6.78211631e-06,1.24036676e+00,2.88798080e-02,5.47108169e+03,1.75060523e+02,1.28341200e-03,6.27735568e-05,0.00000000e+00,0.00000000e+00,6.08440000e+00,7.78712490e-02
6.38500000e+01,1.03366579e-03,3.59769289e-05,0.00000000e+00,0.00000000e+00,2.05145800e-04,2.45802818e-05,2.60178802e-05,6.78211631e-06,1.24496950e+00,2.80770493e-02,5.49893109e+03,1.76399797e+02,1.23805510e-03,4.77114198e-05,0.00000000e+00,0.00000000e+00,0.00000000e+00,0.00000000e+00
6.39500000e+01,1.03525543e-03,3.32360228e-05,0.00000000e+00,0.00000000e+00,1.94133083e-04,2.07117305e-05,2.60178802e-05,6.78211631e-06,1.24775318e+00,2.79155963e-02,5.50725953e+03,1.64609036e+02,1.22863202e-03,4.50531735e-05,0.00000000e+00,0.00000000e+00,6.06580000e+00,8.08309347e-02
6.40500000e+01,1.04831965e-03,3.72860105e-05,0.00000000e+00,0.00000000e+00,2.01432381e-04,2.09301412e-05,2.60178802e-05,6.78211631e-06,1.23490186e+00,2.71155894e-02,5.55273002e+03,1.82541614e+02,1.24899555e-03,4.77213817e-05,0.00000000e+00,0.00000000e+00,0.00000000e+00,0.00000000e+00
6.41500000e+01,1.02102104e-03,3.17766916e-05,0.00000000e+00,0.00000000e+00,2.16709945e-04,2.45237631e-05,2.58752642e-05,6.74434726e-06,1.23076286e+00,2.68613167e-02,5.42713291e+03,1.57118370e+02,1.23697937e-03,4.57309239e-05,0.00000000e+00,0.00000000e+00,6.05600000e+00,7.86778500e-02
6.42500000e+01,1.03339438e-03,3.19666565e-05,0.00000000e+00,0.00000000e+00,2.04732914e-04,1.99156115e-05,2.46187663e-05,6.66804958e-06,1.22723934e+00,2.66753022e-02,5.48540356e+03,1.58941721e+02,1.23740722e-03,4.30662617e-05,0.00000000e+00,0.00000000e+00,0.00000000e+00,0.00000000e+00
6.43500000e+01,1.05051512e-03,3.34282212e-05,0.00000000e+00,0.00000000e+00,1.98221003e-04,2.34434542e-05,2.44374453e-05,6.68969925e-06,1.23888940e+00,2.70131896e-02,5.56797653e+03,1.64818751e+02,1.24802051e-03,4.71846247e-05,0.00000000e+00,0.00000000e+00,6.05380000e+00,7.86565202e-02
6.44500000e+01,1.04035753e-03,3.38083084e-05,0.00000000e+00,0.00000000e+00,1.88960063e-04,2.25844222e-05,2.27478622e-05,6.36916977e-06,1.22997010e+00,2.75502431e-02,5.51071946e+03,1.65345950e+02,1.22864316e-03,4.72270847e-05,0.00000000e+00,0.00000000e+00,0.00000000e+00,0.00000000e+00
6.45500000e+01,1.04435937e-03,3.42728350e-05,0.00000000e+00,0.00000000e+00,2.02521793e-04,2.07228878e-05,2.17889109e-05,6.00194204e-06,1.23202043e+00,2.78254484e-02,5.52360484e+03,1.69313829e+02,1.24623097e-03,4.61328885e-05,0.00000000e+00,0.00000000e+00,6.02860000e+00,7.84747509e-02
6.46500000e+01,1.04873152e-03,3.70344392e-05,0.00000000e+00,0.00000000e+00,2.06661297e-04,2.21265220e-05,2.08624956e-05,5.80392756e-06,1.22457417e+00,2.88241027e-02,5.53973858e+03,1.80616022e+02,1.25476970e-03,4.93190346e-05,0.00000000e+00,0.00000000e+00,0.00000000e+00,0.00000000e+00
6.47500000e+01,1.02135084e-03,3.25132225e-05,0.00000000e+00,0.00000000e+00,2.12917651e-04,3.35527368e-05,2.07587839e-05,5.79057021e-06,1.21000926e+00,2.78991553e-02,5.40612957e+03,1.60586984e+02,1.23364805e-03,5.51340606e-05,0.00000000e+00,0.00000000e+00,6.02880000e+00,7.78987517e-02
6.48500000e+01,1.03755298e-03,3.31603738e-05,0.00000000e+00,0.00000000e+00,1.90682580e-04,1.65260093e-05,1.92276678e-05,5.45534285e-06,1.21757246e+00,2.56628414e-02,5.48231596e+03,1.62774488e+02,1.22766233e-03,4.18195186e-05,0.00000000e+00,0.00000000e+00,0.00000000e+00,0.00000000e+00
6.49500000e+01,1.03184736e-03,3.33636336e-05,0.00000000e+00,0.00000000e+00,2.06186090e-04,2.09131197e-05,1.83841684e-05,5.40297692e-06,1.21688866e+00,2.87791532e-02,5.45830268e+03,1.64273964e+02,1.23749003e-03,4.65443110e-05,0.00000000e+00,0.00000000e+00,6.01040000e+00,7.76806440e-02
6.50500000e+01,1.02907850e-03,3.13012141e-05,0.00000000e+00,0.00000000e+00,2.11996476e-04,2.77019695e-05,1.83841684e-05,5.40297692e-06,1.20612767e+00,2.64745034e-02,5.43674915e+03,1.54391497e+02,1.24053156e-03,4.82653924e-05,0.00000000e+00,0.00000000e+00,0.00000000e+00,0.00000000e+00
6.51500000e+01,1.04756384e-03,3.41205817e-05,0.00000000e+00,0.00000000e+00,2.22335141e-04,2.85585661e-05,1.83841684e-05,5.40297692e-06,1.20977416e+00,2.65301126e-02,5.52863282e+03,1.67575139e+02,1.26935556e-03,5.02690574e-05,0.00000000e+00,0.00000000e+00,5.99360000e+00,7.62309916e-02
6.52500000e+01,1.03488585e-03,3.33990525e-05,0.00000000e+00,0.00000000e+00,2.33625698e-04,3.60084370e-05,1.83841684e-05,5.40297692e-06,1.20321367e+00,2.75774556e-02,5.46167646e+03,1.65193532e+02,1.26796813e-03,5.75670396e-05,0.00000000e+00,0.00000000e+00,0.00000000e+00,0.00000000e+00
6.53500000e+01,1.03138624e-03,3.20789030e-05,0.00000000e+00,0.00000000e+00,2.12917598e-04,2.44265944e-05,1.83841684e-05,5.40297692e-06,1.20750072e+00,2.65153333e-02,5.44315022e+03,1.57954775e+02,1.24376042e-03,4.35299516e-05,0.00000000e+00,0.00000000e+00,5.98840000e+00,7.49820985e-02
6.54500000e+01,1.03814520e-03,3.13430007e-05,0.00000000e+00,0.00000000e+00,1.99917126e-04,2.02851491e-05,1.83841684e-05,5.40297692e-06,1.20479756e+00,2.58332266e-02,5.47693622e+03,1.54470870e+02,1.23751891e-03,3.94255273e-05,0.00000000e+00,0.00000000e+00,0.00000000e+00,0.00000000e+00
6.55500000e+01,1.03670963e-03,3.24182689e-05,0.00000000e+00,0.00000000e+00,1.91822974e-04,1.74877992e-05,1.83841684e-05,5.40297692e-06,1.20501196e+00,2.74201094e-02,5.47125367e+03,1.61231460e+02,1.22798918e-03,3.91679212e-05,0.00000000e+00,0.00000000e+00,5.96600000e+00,7.56641343e-02
6.56500000e+01,1.03730088e-03,3.33017304e-05,0.00000000e+00,0.00000000e+00,2.24190212e-04,4.57464702e-05,1.83841684e-05,5.40297692e-06,1.21035636e+00,2.74657578e-02,5.47228397e+03,1.64595033e+02,1.26094767e-03,5.78589775e-05,0.00000000e+00,0.00000000e+00,0.00000000e+00,0.00000000e+00
6.57500000e+01,1.02743527e-03,3.37470716e-05,0.00000000e+00,0.00000000e+00,1.95118080e-04,1.97270619e-05,1.83892751e-05,5.40424287e-06,1.19893819e+00,2.60453926e-02,5.42462592e+03,1.65092517e+02,1.22200980e-03,4.25279800e-05,0.00000000e+00,0.00000000e+00,5.95800000e+00,7.55804747e-02
6.58500000e+01,1.02278193e-03,3.39634204e-05,0.00000000e+00,0.00000000e+00,1.90561835e-04,1.79882334e-05,1.84348773e-05,5.41574806e-06,1.19422231e+00,2.76951881e-02,5.39741160e+03,1.66689168e+02,1.21279912e-03,4.40689103e-05,0.00000000e+00,0.00000000e+00,0.00000000e+00,0.00000000e+00
6.59500000e+01,1.03702664e-03,3.60803171e-05,0.00000000e+00,0.00000000e+00,1.65403326e-04,1.44486547e-05,1.82469980e-05,5.38026597e-06,1.19831253e+00,2.74011756e-02,5.45993261e+03,1.76608120e+02,1.20187885e-03,4.33670980e-05,0.00000000e+00,0.00000000e+00,5.93620000e+00,7.55685336e-02
6.60500000e+01,1.04665076e-03,3.77673633e-05,0.00000000e+00,0.00000000e+00,1.58630654e-04,1.30479668e-05,1.69750631e-05,5.31137609e-06,1.20082980e+00,2.73872542e-02,5.50789109e+03,1.84982424e+02,1.20468653e-03,4.36057165e-05,0.00000000e+00,0.00000000e+00,0.00000000e+00,0.00000000e+00
6.61500000e+01,1.03535567e-03,3.51854250e-05,0.00000000e+00,0.00000000e+00,1.56564702e-04,1.27925436e-05,1.69750631e-05,5.31137609e-06,1.18739931e+00,2.72903976e-02,5.45263543e+03,1.73456858e+02,1.19132549e-03,4.05081317e-05,0.00000000e+00,0.00000000e+00,5.92460000e+00,7.46361022e-02
6.62500000e+01,1.02647778e-03,3.34711806e-05,0.00000000e+00,0.00000000e+00,1.58369341e-04,1.07159152e-05,1.69750631e-05,5.31137609e-06,1.17920283e+00,2.71040980e-02,5.40938984e+03,1.64173236e+02,1.18425019e-03,3.83961661e-05,0.00000000e+00,0.00000000e+00,0.00000000e+00,0.00000000e+00
6.63500000e+01,1.00562897e-03,3.61074310e-05,0.00000000e+00,0.00000000e+00,1.71744543e-04,1.56254835e-05,1.69750631e-05,5.31137609e-06,1.16802411e+00,2.76128252e-02,5.30445522e+03,1.77365499e+02,1.17677562e-03,4.32674375e-05,0.00000000e+00,0.00000000e+00,5.90540000e+00,7.68599097e-02
6.64500000e+01,9.89050183e-04,3.22174420e-05,0.00000000e+00,0.00000000e+00,1.64648092e-04,1.46851929e-05,1.69750631e-05,5.31137609e-06,1.15862473e+00,2.67822478e-02,5.21906687e+03,1.59498678e+02,1.15310038e-03,3.76600164e-05,0.00000000e+00,0.00000000e+00,0.00000000e+00,0.00000000e+00
6.65500000e+01,9.85222837e-04,3.38873223e-05,0.00000000e+00,0.00000000e+00,1.78503420e-04,1.77869526e-05,1.69750631e-05,5.31137609e-06,1.15191120e+00,2.86044896e-02,5.19908757e+03,1.67325191e+02,1.16312836e-03,3.96682000e-05,0.00000000e+00,0.00000000e+00,5.89900000e+00,7.68147786e-02
6.66500000e+01,9.82907908e-04,3.36724503e-05,0.00000000e+00,0.00000000e+00,2.02527881e-04,2.30587410e-05,1.69750631e-05,5.31137609e-06,1.15136648e+00,2.81477230e-02,5.18739488e+03,1.65086453e+02,1.18483789e-03,4.24951108e-05,0.00000000e+00,0.00000000e+00,0.00000000e+00,0.00000000e+00
6.67500000e+01,9.74533903e-04,3.36174239e-05,0.00000000e+00,0.00000000e+00,1.86455598e-04,2.04235627e-05,1.69750631e-05,5.31137609e-06,1.14247509e+00,2.85594800e-02,5.14944276e+03,1.66063915e+02,1.16039343e-03,4.37303962e-05,0.00000000e+00,0.00000000e+00,5.89060000e+00,7.67090501e-02
6.68500000e+01,9.80004732e-04,3.47515770e-05,0.00000000e+00,0.00000000e+00,1.98534801e-04,2.57640878e-05,1.69750631e-05,5.31137609e-06,1.13587177e+00,2.71726516e-02,5.16397498e+03,1.72098583e+02,1.17794416e-03,4.77158776e-05,0.00000000e+00,0.00000000e+00,0.00000000e+00,0.00000000e+00
6.69500000e+01,9.84486857e-04,3.60830000e-05,0.00000000e+00,0.00000000e+00,2.38768195e-04,4.47430974e-05,1.69557848e-05,5.30792426e-06,1.14412087e+00,2.72797349e-02,5.18852829e+03,1.78506997e+02,1.22266015e-03,6.17986098e-05,0.00000000e+00,0.00000000e+00,5.87940000e+00,7.76072845e-02
6.70500000e+01,1.00309861e-03,4.06675715e-05,0.00000000e+00,0.00000000e+00,1.97884987e-04,2.13664465e-05,1.69222671e-05,5.30208436e-06,1.13568576e+00,2.56191104e-02,5.27988838e+03,1.97098303e+02,1.20038950e-03,4.85377630e-05,0.00000000e+00,0.00000000e+00,0.00000000e+00,0.00000000e+00
6.71500000e+01,9.64466463e-04,3.16439523e-05,0.00000000e+00,0.00000000e+00,1.91144967e-04,1.67351861e-05,1.69222671e-05,5.30208436e-06,1.13309623e+00,2.65002202e-02,5.09207389e+03,1.58039651e+02,1.15501711e-03,3.82255989e-05,0.00000000e+00,0.00000000e+00,5.87500000e+00,7.91300918e-02
6.72500000e+01,9.71235374e-04,3.42780891e-05,0.00000000e+00,0.00000000e+00,1.76883313e-04,1.47641365e-05,1.69222671e-05,5.30208436e-06,1.13183680e+00,2.72055475e-02,5.11997554e+03,1.70265259e+02,1.14752433e-03,4.14291740e-05,0.00000000e+00,0.00000000e+00,0.00000000e+00,0.00000000e+00
6.73500000e+01,9.77723822e-04,3.56263432e-05,0.00000000e+00,0.00000000e+00,1.68646497e-04,1.62473148e-05,1.69222671e-05,5.30208436e-06,1.13784614e+00,2.94063506e-02,5.15554963e+03,1.78143254e+02,1.14577596e-03,4.41284728e-05,0.00000000e+00,0.00000000e+00,5.86340000e+00,7.78300661e-02
6.74500000e+01,9.84017435e-04,3.90940780e-05,0.00000000e+00,0.00000000e+00,1.58195297e-04,1.31636944e-05,1.69304531e-05,5.30551496e-06,1.12458772e+00,3.05028109e-02,5.17460491e+03,1.93460507e+02,1.14161817e-03,4.47029171e-05,0.00000000e+00,0.00000000e+00,0.00000000e+00,0.00000000e+00
6.75500000e+01,9.61797674e-04,3.62858169e-05,0.00000000e+00,0.00000000e+00,1.63072351e-04,1.32668395e-05,1.69307712e-05,5.30564851e-06,1.12081188e+00,3.00879585e-02,5.06479832e+03,1.80122807e+02,1.12427546e-03,4.09889496e-05,0.00000000e+00,0.00000000e+00,5.85080000e+00,7.80082884e-02
6.76500000e+01,9.56451267e-04,3.59388778e-05,0.00000000e+00,0.00000000e+00,1.68077878e-04,1.66453288e-05,1.69307712e-05,5.30564851e-06,1.11561752e+00,3.02696480e-02,5.04729485e+03,1.79045960e+02,1.12393454e-03,4.15655782e-05,0.00000000e+00,0.00000000e+00,0.00000000e+00,0.00000000e+00
6.77500000e+01,9.53252858e-04,3.58356661e-05,0.00000000e+00,0.00000000e+00,1.60518570e-04,1.52920439e-05,1.69307712e-05,5.30564851e-06,1.11720414e+00,2.95390467e-02,5.02789401e+03,1.77931779e+02,1.11317682e-03,4.13393827e-05,0.00000000e+00,0.00000000e+00,5.82400000e+00,7.98989157e-02
6.78500000e+01,9.49745497e-04,3.59025366e-05,0.00000000e+00,0.00000000e+00,1.50524075e-04,1.20771866e-05,1.69307712e-05,5.30564851e-06,1.11492892e+00,2.93281760e-02,5.00886538e+03,1.80270099e+02,1.09967501e-03,4.11502339e-05,0.00000000e+00,0.00000000e+00,0.00000000e+00,0.00000000e+00
6.79500000e+01,9.39863867e-04,3.43097261e-05,0.00000000e+00,0.00000000e+00,1.59505981e-04,1.84998601e-05,1.69307712e-05,5.30564851e-06,1.10437616e+00,2.66018748e-02,4.94510584e+03,1.69702130e+02,1.09877528e-03,4.34758181e-05,0.00000000e+00,0.00000000e+00,5.81380000e+00,7.84122491e-02
6.80500000e+01,9.49232772e-04,3.39464097e-05,0.00000000e+00,0.00000000e+00,1.63556255e-04,1.83807263e-05,1.69307712e-05,5.30564851e-06,1.10022393e+00,2.66733689e-02,4.99048356e+03,1.67627988e+02,1.11219446e-03,4.22461125e-05,0.00000000e+00,0.00000000e+00,0.00000000e+00,0.00000000e+00
6.81500000e+01,9.48190673e-04,3.60996425e-05,0.00000000e+00,0.00000000e+00,1.86529811e-04,2.19376334e-05,1.69307712e-05,5.30564851e-06,1.09423883e+00,2.74251421e-02,4.98536308e+03,1.77945117e+02,1.13412592e-03,4.54139024e-05,0.00000000e+00,0.00000000e+00,5.80160000e+00,7.79321316e-02
6.82500000e+01,9.56021089e-04,3.76310729e-05,0.00000000e+00,0.00000000e+00,1.94398253e-04,2.39924272e-05,1.69307712e-05,5.30564851e-06,1.09167411e+00,2.66719684e-02,5.01250038e+03,1.84958564e+02,1.14982478e-03,4.73348664e-05,0.00000000e+00,0.00000000e+00,0.00000000e+00,0.00000000e+00
6.83500000e+01,9.53863286e-04,3.44529136e-05,0.00000000e+00,0.00000000e+00,1.79971000e-04,2.02534093e-05,1.69307712e-05,5.30564851e-06,1.09069073e+00,2.57487135e-02,5.00968193e+03,1.69879280e+02,1.13323973e-03,4.24791734e-05,0.00000000e+00,0.00000000e+00,5.79280000e+00,7.92845766e-02
6.84500000e+01,9.52725551e-04,3.44856572e-05,0.00000000e+00,0.00000000e+00,1.64836868e-04,1.42148278e-05,1.69307712e-05,5.30564851e-06,1.08523739e+00,2.56759951e-02,4.99816816e+03,1.70163252e+02,1.11696786e-03,3.98021290e-05,0.00000000e+00,0.00000000e+00,0.00000000e+00,0.00000000e+00
6.85500000e+01,9.44313056e-04,3.53326779e-05,0.00000000e+00,0.00000000e+00,1.86644717e-04,3.37270218e-05,1.69307712e-05,5.30564851e-06,1.07491642e+00,2.72038877e-02,4.95222761e+03,1.76090901e+02,1.13036321e-03,5.28785044e-05,0.00000000e+00,0.00000000e+00,5.77980000e+00,7.75547154e-02
6.86500000e+01,9.67120490e-04,4.23344105e-05,0.00000000e+00,0.00000000e+00,1.82692311e-04,3.25676786e-05,1.69307712e-05,5.30564851e-06,1.08837067e+00,3.12443166e-02,5.06442182e+03,2.10792820e+02,1.14922780e-03,5.83528097e-05,0.00000000e+00,0.00000000e+00,0.00000000e+00,0.00000000e+00
6.87500000e+01,9.60113658e-04,3.80879092e-05,0.00000000e+00,0.00000000e+00,1.72824492e-04,2.04760236e-05,1.69307712e-05,5.30564851e-06,1.08784594e+00,2.97865604e-02,5.02686921e+03,1.89029739e+02,1.13235611e-03,4.53011726e-05,0.00000000e+00,0.00000000e+00,5.77640000e+00,7.63599211e-02
6.88500000e+01,9.39312730e-04,3.74969533e-05,0.00000000e+00,0.00000000e+00,1.45428032e-04,1.00417791e-05,1.69307712e-05,5.30564851e-06,1.06336476e+00,2.73574770e-02,4.91976986e+03,1.86044186e+02,1.08415873e-03,4.05730677e-05,0.00000000e+00,0.00000000e+00,0.00000000e+00,0.00000000e+00
6.89500000e+01,9.38846427e-04,3.58394795e-05,0.00000000e+00,0.00000000e+00,1.55824007e-04,1.21924580e-05,2.15938941e-05,7.94500157e-06,1.07003084e+00,2.68268964e-02,4.91877636e+03,1.77626756e+02,1.09397419e-03,4.05563565e-05,0.00000000e+00,0.00000000e+00,5.75600000e+00,7.59871095e-02
6.90500000e+01,9.41755073e-04,3.70856064e-05,0.00000000e+00,0.00000000e+00,1.60104028e-04,1.38739834e-05,2.23030598e-05,8.50009376e-06,1.06892507e+00,2.76402918e-02,4.93338770e+03,1.83994276e+02,1.10114549e-03,4.32923511e-05,0.00000000e+00,0.00000000e+00,0.00000000e+00,0.00000000e+00
6.91500000e+01,9.43348189e-04,3.67361173e-05,0.00000000e+00,0.00000000e+00,1.59192222e-04,1.42632040e-05,2.23030598e-05,8.50009376e-06,1.07533284e+00,2.78575641e-02,4.95159987e+03,1.81815417e+02,1.10182659e-03,4.39513116e-05,0.00000000e+00,0.00000000e+00,5.75260000e+00,7.86336429e-02
6.92500000e+01,9.56311843e-04,3.76911120e-05,0.00000000e+00,0.00000000e+00,1.49701824e-04,1.30461470e-05,2.23030598e-05,8.50009376e-06,1.06422058e+00,2.79411138e-02,5.00457116e+03,1.84727423e+02,1.10529998e-03,4.40532757e-05,0.00000000e+00,0.00000000e+00,0.00000000e+00,0.00000000e+00
6.93500000e+01,9.48874258e-04,3.81797794e-05,0.00000000e+00,0.00000000e+00,1.42795714e-04,1.02465081e-05,2.23030598e-05,8.50009376e-06,1.05037556e+00,2.64880296e-02,4.96215887e+03,1.86894422e+02,1.09095628e-03,4.24460659e-05,0.00000000e+00,0.00000000e+00,5.73720000e+00,7.82283627e-02
6.94500000e+01,9.18248216e-04,3.68033740e-05,0.00000000e+00,0.00000000e+00,1.38893195e-04,9.56773023e-06,2.19798032e-05,8.39051028e-06,1.02664738e+00,2.56274978e-02,4.80433710e+03,1.80692384e+02,1.05643553e-03,4.11864024e-05,0.00000000e+00,0.00000000e+00,0.00000000e+00,0.00000000e+00
6.95500000e+01,9.27280530e-04,3.92958742e-05,0.00000000e+00,0.00000000e+00,2.66728342e-04,1.09013265e-04,2.09991712e-05,8.12799540e-06,1.03750010e+00,2.74803213e-02,4.85103749e+03,1.93124123e+02,1.19332667e-03,1.11805896e-04,0.00000000e+00,0.00000000e+00,5.71380000e+00,7.90736624e-02
6.96500000e+01,9.14678372e-04,3.65537856e-05,0.00000000e+00,0.00000000e+00,1.79491980e-04,2.29920228e-05,2.09991712e-05,8.12799540e-06,1.03434993e+00,2.65873388e-02,4.78936493e+03,1.81467059e+02,1.09348815e-03,4.68503566e-05,0.00000000e+00,0.00000000e+00,0.00000000e+00,0.00000000e+00
6.97500000e+01,9.35908071e-04,3.73651703e-05,0.00000000e+00,0.00000000e+00,1.58246618e-04,1.65281515e-05,2.07813670e-05,8.10880110e-06,1.02734991e+00,2.43616338e-02,4.88051889e+03,1.84116370e+02,1.09347459e-03,4.43688798e-05,0.00000000e+00,0.00000000e+00,5.70200000e+00,7.69123540e-02
6.98500000e+01,9.53782176e-04,4.29285741e-05,0.00000000e+00,0.00000000e+00,1.62395480e-04,1.66942809e-05,1.97713274e-05,8.09614538e-06,1.02952663e+00,2.49704437e-02,4.96712197e+03,2.10734868e+02,1.11550733e-03,4.84420992e-05,0.00000000e+00,0.00000000e+00,0.00000000e+00,0.00000000e+00
6.99500000e+01,9.32395470e-04,3.99265220e-05,0.00000000e+00,0.00000000e+00,1.61335050e-04,1.97614239e-05,1.97713274e-05,8.09614538e-06,1.01917977e+00,2.34849549e-02,4.85925254e+03,1.95385608e+02,1.09306019e-03,4.68097847e-05,0.00000000e+00,0.00000000e+00,5.68580000e+00,7.57666073e-02
7.00500000e+01,9.35609023e-04,3.73126103e-05,0.00000000e+00,0.00000000e+00,1.80391838e-04,2.25791605e-05,2.84436635e-05,1.61070038e-05,1.02594891e+00,2.38775112e-02,4.88194085e+03,1.82636695e+02,1.11511855e-03,4.71010622e-05,0.00000000e+00,0.00000000e+00,0.00000000e+00,0.00000000e+00
7.01500000e+01,9.41437815e-04,3.66228851e-05,0.00000000e+00,0.00000000e+00,2.15265892e-04,4.47087000e-05,3.61687092e-05,2.36436571e-05,1.03872358e+00,2.57489138e-02,4.91933383e+03,1.80216404e+02,1.15563256e-03,6.30067488e-05,0.00000000e+00,0.00000000e+00,5.67520000e+00,7.54546708e-02
7.02500000e+01,9.27665105e-04,3.70067646e-05,0.00000000e+00,0.00000000e+00,1.64365760e-04,2.14117382e-05,3.93216362e-05,2.68609905e-05,1.02692134e+00,2.58886940e-02,4.85624726e+03,1.82824308e+02,1.09088260e-03,4.38933804e-05,0.00000000e+00,0.00000000e+00,0.00000000e+00,0.00000000e+00
7.03500000e+01,9.24080135e-04,3.81614062e-05,0.00000000e+00,0.00000000e+00,1.47073954e-04,1.64328360e-05,1.25502969e-05,4.30372042e-06,1.01711087e+00,2.54279815e-02,4.82620164e+03,1.87088065e+02,1.07066015e-03,4.13607216e-05,0.00000000e+00,0.00000000e+00,5.66160000e+00,7.61338027e-02
7.04500000e+01,9.31741594e-04,3.64561012e-05,0.00000000e+00,0.00000000e+00,1.52031630e-04,1.54762307e-05,1.25502969e-05,4.30372042e-06,1.01991660e+00,2.37859371e-02,4.86385477e+03,1.78319885e+02,1.08328960e-03,3.92548242e-05,0.00000000e+00,0.00000000e+00,0.00000000e+00,0.00000000e+00
7.05500000e+01,9.12631334e-04,3.30807022e-05,0.00000000e+00,0.00000000e+00,1.43767933e-04,1.01598556e-05,1.25502969e-05,4.30372042e-06,1.01181919e+00,2.38521428e-02,4.76832124e+03,1.63367261e+02,1.05592091e-03,3.41906637e-05,0.00000000e+00,0.00000000e+00,5.64520000e+00,7.61203344e-02
7.06500000e+01,9.04885756e-04,3.45144211e-05,0.00000000e+00,0.00000000e+00,1.48127347e-04,1.21204547e-05,1.25502969e-05,4.30372042e-06,9.96758137e-01,2.60811802e-02,4.72273489e+03,1.70739178e+02,1.05253475e-03,3.69328468e-05,0.00000000e+00,0.00000000e+00,0.00000000e+00,0.00000000e+00
7.07500000e+01,9.08770299e-04,3.45061296e-05,0.00000000e+00,0.00000000e+00,1.68188567e-04,1.77397052e-05,1.25502969e-05,4.30372042e-06,1.00055151e+00,2.58261861e-02,4.73350494e+03,1.70031047e+02,1.07652496e-03,3.96285727e-05,0.00000000e+00,0.00000000e+00,5.63420000e+00,7.66945120e-02
7.08500000e+01,9.23263975e-04,3.52944566e-05,0.00000000e+00,0.00000000e+00,1.59111302e-04,1.79200430e-05,1.25502969e-05,4.30372042e-06,1.00763853e+00,2.61229144e-02,4.80668182e+03,1.73481914e+02,1.08195431e-03,4.06689805e-05,0.00000000e+00,0.00000000e+00,0.00000000e+00,0.00000000e+00
7.09500000e+01,9.28694968e-04,3.37795529e-05,0.00000000e+00,0.00000000e+00,1.55624361e-04,1.47602838e-05,1.25502969e-05,4.30372042e-06,1.00378471e+00,2.41249726e-02,4.83595559e+03,1.65923414e+02,1.08389809e-03,3.81749343e-05,0.00000000e+00,0.00000000e+00,5.62300000e+00,7.55276676e-02
7.10500000e+01,9.18379030e-04,3.31339647e-05,0.00000000e+00,0.00000000e+00,1.60444199e-04,1.34175822e-05,1.25502969e-05,4.30372042e-06,9.97183180e-01,2.43722853e-02,4.77446271e+03,1.63171260e+02,1.07840199e-03,3.61844844e-05,0.00000000e+00,0.00000000e+00,0.00000000e+00,0.00000000e+00
7.11500000e+01,9.22827849e-04,3.38766667e-05,0.00000000e+00,0.00000000e+00,1.64566003e-04,1.40530595e-05,1.25502969e-05,4.30372042e-06,9.95762350e-01,2.49123369e-02,4.79623795e+03,1.66757354e+02,1.08692851e-03,3.66879605e-05,0.00000000e+00,0.00000000e+00,5.62480000e+00,7.38726096e-02
7.12500000e+01,9.20072730e-04,3.33866546e-05,0.00000000e+00,0.00000000e+00,1.63351618e-04,1.40909899e-05,1.25505311e-05,4.30377525e-06,9.98917455e-01,2.38985961e-02,4.78477501e+03,1.64049844e+02,1.08295896e-03,3.59120720e-05,0.00000000e+00,0.00000000e+00,0.00000000e+00,0.00000000e+00
7.13500000e+01,9.15036760e-04,3.25765581e-05,0.00000000e+00,0.00000000e+00,1.74169315e-04,1.95767902e-05,1.25526919e-05,4.30428166e-06,1.00057954e+00,2.42668434e-02,4.76247407e+03,1.60133611e+02,1.08874063e-03,3.89245631e-05,0.00000000e+00,0.00000000e+00,5.60920000e+00,7.41437324e-02
7.14500000e+01,9.14897768e-04,3.32119012e-05,0.00000000e+00,0.00000000e+00,1.70212871e-04,2.07184724e-05,1.25526919e-05,4.30428166e-06,9.90205414e-01,2.45097188e-02,4.75365477e+03,1.62718065e+02,1.08464519e-03,4.05613696e-05,0.00000000e+00,0.00000000e+00,0.00000000e+00,0.00000000e+00
7.15500000e+01,9.00036357e-04,3.33690523e-05,0.00000000e+00,0.00000000e+00,1.54758006e-04,1.15300415e-05,1.25526919e-05,4.30428166e-06,9.91646151e-01,2.47615728e-02,4.68658900e+03,1.63650385e+02,1.05431408e-03,3.73925300e-05,0.00000000e+00,0.00000000e+00,5.59560000e+00,7.50891497e-02
7.16500000e+01,8.96534014e-04,3.27236283e-05,0.00000000e+00,0.00000000e+00,1.57515084e-04,1.07646283e-05,1.25526919e-05,4.30428166e-06,9.87553954e-01,2.47455906e-02,4.66789856e+03,1.61293861e+02,1.05356856e-03,3.55195534e-05,0.00000000e+00,0.00000000e+00,0.00000000e+00,0.00000000e+00
7.17500000e+01,9.04780227e-04,3.23053794e-05,0.00000000e+00,0.00000000e+00,1.73608762e-04,1.65226155e-05,1.25526919e-05,4.30428166e-06,9.86024878e-01,2.55522479e-02,4.70104782e+03,1.59418608e+02,1.07790845e-03,3.66931398e-05,0.00000000e+00,0.00000000e+00,5.59700000e+00,7.51929491e-02
7.18500000e+01,9.03059920e-04,3.28017119e-05,0.00000000e+00,0.00000000e+00,1.71380049e-04,2.03586467e-05,1.25526919e-05,4.30428166e-06,9.78359931e-01,2.69348452e-02,4.68932387e+03,1.62260844e+02,1.07395943e-03,3.82284149e-05,0.00000000e+00,0.00000000e+00,0.00000000e+00,0.00000000e+00
7.19500000e+01,9.21983588e-04,3.31681632e-05,0.00000000e+00,0.00000000e+00,1.55849009e-04,1.21506416e-05,1.25526919e-05,4.30428166e-06,9.82924654e-01,2.62362634e-02,4.77476267e+03,1.63762108e+02,1.07732233e-03,3.44803804e-05,0.00000000e+00,0.00000000e+00,5.60000000e+00,7.59419757e-02
7.20500000e+01,9.05154635e-04,3.46081602e-05,0.00000000e+00,0.00000000e+00,1.51643211e-04,1.26920390e-05,1.24423713e-05,4.27402093e-06,9.78309998e-01,2.76018561e-02,4.69451930e+03,1.71855231e+02,1.05626290e-03,3.64353797e-05,0.00000000e+00,0.00000000e+00,0.00000000e+00,0.00000000e+00
7.21500000e+01,8.98482799e-04,3.50279443e-05,0.00000000e+00,0.00000000e+00,1.44363583e-04,1.10293182e-05,1.10946048e-05,4.13050897e-06,9.62758997e-01,2.59021460e-02,4.66125173e+03,1.72885248e+02,1.04242354e-03,3.67627289e-05,0.00000000e+00,0.00000000e+00,5.59240000e+00,7.47979919e-02
7.22500000e+01,9.02336508e-04,3.33364402e-05,0.00000000e+00,0.00000000e+00,1.52916621e-04,1.08832671e-05,1.10946048e-05,4.13050897e-06,9.68686350e-01,2.43873133e-02,4.68070870e+03,1.65093664e+02,1.05483028e-03,3.57176554e-05,0.00000000e+00,0.00000000e+00,0.00000000e+00,0.00000000e+00
7.23500000e+01,8.96985385e-04,3.04112519e-05,0.00000000e+00,0.00000000e+00,1.58905517e-04,1.15501774e-05,1.10946048e-05,4.13050897e-06,9.78238426e-01,2.46161562e-02,4.65489798e+03,1.51007217e+02,1.05546806e-03,3.31989437e-05,0.00000000e+00,0.00000000e+00,5.57360000e+00,7.56731748e-02
7.24500000e+01,8.90937246e-04,3.10623500e-05,0.00000000e+00,0.00000000e+00,2.41923781e-04,7.17464307e-05,1.10946048e-05,4.13050897e-06,9.79079379e-01,2.62686114e-02,4.62216963e+03,1.55365995e+02,1.13243818e-03,7.53664164e-05,0.00000000e+00,0.00000000e+00,0.00000000e+00,0.00000000e+00
7.25500000e+01,8.86547967e-04,3.33366031e-05,0.00000000e+00,0.00000000e+00,2.95855799e-04,8.44421302e-05,1.10946048e-05,4.13050897e-06,9.68388263e-01,2.39103104e-02,4.60053957e+03,1.65288147e+02,1.18197522e-03,8.80943530e-05,0.00000000e+00,0.00000000e+00,5.54980000e+00,7.53530412e-02
7.26500000e+01,8.87516509e-04,3.32296272e-05,0.00000000e+00,0.00000000e+00,2.82451430e-04,8.01459793e-05,1.10946048e-05,4.13050897e-06,9.68522859e-01,2.36777266e-02,4.60671653e+03,1.64566699e+02,1.16953452e-03,8.23404434e-05,0.00000000e+00,0.00000000e+00,0.00000000e+00,0.00000000e+00
7.27500000e+01,8.67611801e-04,3.33085979e-05,0.00000000e+00,0.00000000e+00,2.59377856e-04,6.35755790e-05,1.10946048e-05,4.13050897e-06,9.52902556e-01,2.42101756e-02,4.50592001e+03,1.65820632e+02,1.12655624e-03,7.01009126e-05,0.00000000e+00,0.00000000e+00,5.53140000e+00,7.41074840e-02
7.28500000e+01,8.55069031e-04,3.11900766e-05,0.00000000e+00,0.00000000e+00,1.76912421e-04,1.75344113e-05,1.10946048e-05,4.13050897e-06,9.48111249e-01,2.21746760e-02,4.44783959e+03,1.54708414e+02,1.03154509e-03,3.65570858e-05,0.00000000e+00,0.00000000e+00,0.00000000e+00,0.00000000e+00
7.29500000e+01,8.79345084e-04,3.22182424e-05,0.00000000e+00,0.00000000e+00,1.76885452e-04,2.12907057e-05,1.10946048e-05,4.13050897e-06,9.53435124e-01,2.20654738e-02,4.56577029e+03,1.58740262e+02,1.05578020e-03,4.27368784e-05,0.00000000e+00,0.00000000e+00,5.50380000e+00,7.52323693e-02
7.30500000e+01,8.75818290e-04,3.26482533e-05,0.00000000e+00,0.00000000e+00,1.61828633e-04,1.65727364e-05,1.10946048e-05,4.13050897e-06,9.48590996e-01,2.30549430e-02,4.54610478e+03,1.61572745e+02,1.03721355e-03,3.67601906e-05,0.00000000e+00,0.00000000e+00,0.00000000e+00,0.00000000e+00
7.31500000e+01,8.77294510e-04,3.19632584e-05,0.00000000e+00,0.00000000e+00,1.62577964e-04,1.50601997e-05,1.03254616e-05,3.97768381e-06,9.44421390e-01,2.35866463e-02,4.55320794e+03,1.58568013e+02,1.03946504e-03,3.52416019e-05,0.00000000e+00,0.00000000e+00,5.48960000e+00,7.35651648e-02
7.32500000e+01,9.00896121e-04,3.17313771e-05,0.00000000e+00,0.00000000e+00,1.65275919e-04,1.53929635e-05,9.71461196e-06,3.96143103e-06,9.58705593e-01,2.16175495e-02,4.66864942e+03,1.56510422e+02,1.06578387e-03,3.63927017e-05,0.00000000e+00,0.00000000e+00,0.00000000e+00,0.00000000e+00
7.33500000e+01,8.86049796e-04,3.25749903e-05,0.00000000e+00,0.00000000e+00,1.36289424e-04,1.09800858e-05,9.71461196e-06,3.96143103e-06,9.54102030e-01,2.18923488e-02,4.59406898e+03,1.60286453e+02,1.02198188e-03,3.52801763e-05,0.00000000e+00,0.00000000e+00,5.47460000e+00,7.27176311e-02
7.34500000e+01,8.78883044e-04,3.28813820e-05,0.00000000e+00,0.00000000e+00,1.34750094e-04,1.11440049e-05,9.71461196e-06,3.96143103e-06,9.47142162e-01,2.22153674e-02,4.55615377e+03,1.62630644e+02,1.01329125e-03,3.59802897e-05,0.00000000e+00,0.00000000e+00,0.00000000e+00,0.00000000e+00
7.35500000e+01,8.97085329e-04,3.75750529e-05,0.00000000e+00,0.00000000e+00,1.27617030e-04,1.02328543e-05,9.71461196e-06,3.96143103e-06,9.44451803e-01,2.40479131e-02,4.63939388e+03,1.84470074e+02,1.02436047e-03,4.02903367e-05,0.00000000e+00,0.00000000e+00,5.46780000e+00,7.12250185e-02
7.36500000e+01,8.84414385e-04,3.41560285e-05,0.00000000e+00,0.00000000e+00,1.41322444e-04,1.30925564e-05,9.71461196e-06,3.96143103e-06,9.41719108e-01,2.22473351e-02,4.57633219e+03,1.67033827e+02,1.02539972e-03,3.72756129e-05,0.00000000e+00,0.00000000e+00,0.00000000e+00,0.00000000e+00
7.37500000e+01,8.70364510e-04,3.26482596e-05,0.00000000e+00,0.00000000e+00,1.29794406e-04,1.05437583e-05,9.71461196e-06,3.96143103e-06,9.38234136e-01,2.30800706e-02,4.51165214e+03,1.60015248e+02,9.99823298e-04,3.55548275e-05,0.00000000e+00,0.00000000e+00,5.44820000e+00,6.98322714e-02
7.38500000e+01,8.71499828e-04,3.16611006e-05,0.00000000e+00,0.00000000e+00,1.26067308e-04,1.19404833e-05,9.71461196e-06,3.96143103e-06,9.40778490e-01,2.22011980e-02,4.51789675e+03,1.55599994e+02,9.97231517e-04,3.49519874e-05,0.00000000e+00,0.00000000e+00,0.00000000e+00,0.00000000e+00
7.39500000e+01,8.79913415e-04,3.29025045e-05,0.00000000e+00,0.00000000e+00,1.12544572e-04,6.98726862e-06,9.71461196e-06,3.96143103e-06,9.43985797e-01,2.40446851e-02,4.56468874e+03,1.61582492e+02,9.92122369e-04,3.48546002e-05,0.00000000e+00,0.00000000e+00,5.43460000e+00,6.94163481e-02
7.40500000e+01,8.95051585e-04,3.58572331e-05,0.00000000e+00,0.00000000e+00,1.29208278e-04,1.36675905e-05,9.71461196e-06,3.96143103e-06,9.45412286e-01,2.37857439e-02,4.63263214e+03,1.76042293e+02,1.02392425e-03,3.92668037e-05,0.00000000e+00,0.00000000e+00,0.00000000e+00,0.00000000e+00
7.41500000e+01,8.90060105e-04,3.40101937e-05,0.00000000e+00,0.00000000e+00,1.50915747e-04,1.98814727e-05,9.71461196e-06,3.96143103e-06,9.50773674e-01,2.23816621e-02,4.61537306e+03,1.68235259e+02,1.04064023e-03,3.96124558e-05,0.00000000e+00,0.00000000e+00,5.41880000e+00,7.11501086e-02
7.42500000e+01,8.84988511e-04,3.17976822e-05,0.00000000e+00,0.00000000e+00,1.51296134e-04,1.79890378e-05,9.71461196e-06,3.96143103e-06,9.46232838e-01,2.17733226e-02,4.59100223e+03,1.56269137e+02,1.03593868e-03,3.75636958e-05,0.00000000e+00,0.00000000e+00,0.00000000e+00,0.00000000e+00
7.43500000e+01,8.76918635e-04,3.16552681e-05,0.00000000e+00,0.00000000e+00,1.46745469e-04,1.64470235e-05,9.71461196e-06,3.96143103e-06,9.34225861e-01,2.18664244e-02,4.53748990e+03,1.55464342e+02,1.02329409e-03,3.70340344e-05,0.00000000e+00,0.00000000e+00,5.41000000e+00,7.20889473e-02
7.44500000e+01,8.70383159e-04,3.25829071e-05,0.00000000e+00,0.00000000e+00,1.45638333e-04,1.67833551e-05,9.71461196e-06,3.96143103e-06,9.20410939e-01,2.24665709e-02,4.49637712e+03,1.60236511e+02,1.01572950e-03,3.80941758e-05,0.00000000e+00,0.00000000e+00,0.00000000e+00,0.00000000e+00
7.45500000e+01,8.65716885e-04,3.07395712e-05,0.00000000e+00,0.00000000e+00,1.41733899e-04,1.64747459e-05,9.71461196e-06,3.96143103e-06,9.16229554e-01,2.26500422e-02,4.47203784e+03,1.51811842e+02,1.00715879e-03,3.67015103e-05,0.00000000e+00,0.00000000e+00,5.39780000e+00,7.01225109e-02
7.46500000e+01,8.68477944e-04,3.41451961e-05,0.00000000e+00,0.00000000e+00,1.32052641e-04,1.07798785e-05,9.71461196e-06,3.96143103e-06,9.15582207e-01,2.21343381e-02,4.48363053e+03,1.67752555e+02,1.00023859e-03,3.73199104e-05,0.00000000e+00,0.00000000e+00,0.00000000e+00,0.00000000e+00
7.47500000e+01,8.64590697e-04,3.36869569e-05,0.00000000e+00,0.00000000e+00,1.40108795e-04,1.10107708e-05,9.71461196e-06,3.96143103e-06,9.16527153e-01,2.29101494e-02,4.46676235e+03,1.65403665e+02,1.00440750e-03,3.79954907e-05,0.00000000e+00,0.00000000e+00,5.38640000e+00,7.20276364e-02
7.48500000e+01,8.54022190e-04,3.39953120e-05,0.00000000e+00,0.00000000e+00,1.38056615e-04,1.28234062e-05,9.71461196e-06,3.96143103e-06,9.14066361e-01,2.28416657e-02,4.41893199e+03,1.66400850e+02,9.91786814e-04,3.80444791e-05,0.00000000e+00,0.00000000e+00,0.00000000e+00,0.00000000e+00
7.49500000e+01,8.53842149e-04,3.30716618e-05,0.00000000e+00,0.00000000e+00,1.35582576e-04,1.08631749e-05,8.99992836e-06,3.81751034e-06,9.10414634e-01,2.39089174e-02,4.42184628e+03,1.61286498e+02,9.89150019e-04,3.53456193e-05,0.00000000e+00,0.00000000e+00,5.39480000e+00,7.24099666e-02
7.50500000e+01,8.49787863e-04,3.25291255e-05,0.00000000e+00,0.00000000e+00,1.33322192e-04,1.02236340e-05,8.40254062e-06,3.79755101e-06,9.08297615e-01,2.42761225e-02,4.39333443e+03,1.59316597e+02,9.82849798e-04,3.50271256e-05,0.00000000e+00,0.00000000e+00,0.00000000e+00,0.00000000e+00
7.51500000e+01,8.51544581e-04,3.21790553e-05,0.00000000e+00,0.00000000e+00,1.30007442e-04,1.02730436e-05,8.40254062e-06,3.79755101e-06,9.00766491e-01,2.37539829e-02,4.39292387e+03,1.56915857e+02,9.81292244e-04,3.69262071e-05,0.00000000e+00,0.00000000e+00,5.39660000e+00,7.24017195e-02
7.52500000e+01,8.45792415e-04,3.34145927e-05,0.00000000e+00,0.00000000e+00,1.65250381e-04,3.67446700e-05,8.40254062e-06,3.79755101e-06,8.97224977e-01,2.40723409e-02,4.36892151e+03,1.63737281e+02,1.01078500e-03,4.95208294e-05,0.00000000e+00,0.00000000e+00,0.00000000e+00,0.00000000e+00
7.53500000e+01,8.49961247e-04,3.27116522e-05,0.00000000e+00,0.00000000e+00,1.28641576e-04,9.69947042e-06,8.40254062e-06,3.79755101e-06,8.91154601e-01,2.25807112e-02,4.38856333e+03,1.59879786e+02,9.78347918e-04,3.73054812e-05,0.00000000e+00,0.00000000e+00,5.38540000e+00,7.08877872e-02
7.54500000e+01,8.53284825e-04,3.31146549e-05,0.00000000e+00,0.00000000e+00,1.28802885e-04,1.03422877e-05,8.40254062e-06,3.79755101e-06,8.88722230e-01,2.35399137e-02,4.40404099e+03,1.63204723e+02,9.81832805e-04,3.92618031e-05,0.00000000e+00,0.00000000e+00,0.00000000e+00,0.00000000e+00
7.55500000e+01,8.49664909e-04,3.12856408e-05,0.00000000e+00,0.00000000e+00,1.27989479e-04,1.01116453e-05,8.40254062e-06,3.79755101e-06,8.83504770e-01,2.21398162e-02,4.38267090e+03,1.54636359e+02,9.77399484e-04,3.67656424e-05,0.00000000e+00,0.00000000e+00,5.37980000e+00,7.03365031e-02
7.56500000e+01,8.57955952e-04,3.35239820e-05,0.00000000e+00,0.00000000e+00,1.25402590e-04,9.97175116e-06,8.40254062e-06,3.79755101e-06,8.87555668e-01,2.27556945e-02,4.42236081e+03,1.65796130e+02,9.83103637e-04,3.74528035e-05,0.00000000e+00,0.00000000e+00,0.00000000e+00,0.00000000e+00
7.57500000e+01,8.49144942e-04,3.17571856e-05,0.00000000e+00,0.00000000e+00,1.29121267e-04,1.01720856e-05,8.40254062e-06,3.79755101e-06,8.91407680e-01,2.28277002e-02,4.38100576e+03,1.58513534e+02,9.78011305e-04,3.51515448e-05,0.00000000e+00,0.00000000e+00,5.37120000e+00,7.07046978e-02
7.58500000e+01,8.37333037e-04,2.96044599e-05,0.00000000e+00,0.00000000e+00,1.38028021e-04,1.10387021e-05,7.64337327e-06,3.36926265e-06,8.85173624e-01,2.13778022e-02,4.33196304e+03,1.47576944e+02,9.75124484e-04,3.17581790e-05,0.00000000e+00,0.00000000e+00,0.00000000e+00,0.00000000e+00
7.59500000e+01,8.27797185e-04,2.77644326e-05,0.00000000e+00,0.00000000e+00,1.34826410e-04,1.09083913e-05,7.14187665e-06,3.15539222e-06,8.71993932e-01,2.01072402e-02,4.27156194e+03,1.37106692e+02,9.62399191e-04,3.04409136e-05,0.00000000e+00,0.00000000e+00,5.35880000e+00,6.90179746e-02
7.60500000e+01,8.40979811e-04,3.14982552e-05,0.00000000e+00,0.00000000e+00,1.35845764e-04,1.04529680e-05,7.14187665e-06,3.15539222e-06,8.79065478e-01,2.03607678e-02,4.33713770e+03,1.53992992e+02,9.76601424e-04,3.35372229e-05,0.00000000e+00,0.00000000e+00,0.00000000e+00,0.00000000e+00
7.61500000e+01,8.28993740e-04,3.13635953e-05,0.00000000e+00,0.00000000e+00,1.32373771e-04,8.71676519e-06,7.14187665e-06,3.15539222e-06,8.71420531e-01,2.11811225e-02,4.27678228e+03,1.52798593e+02,9.61143359e-04,3.26153864e-05,0.00000000e+00,0.00000000e+00,5.33740000e+00,7.00709902e-02
7.62500000e+01,8.30275050e-04,3.28521452e-05,0.00000000e+00,0.00000000e+00,1.29970908e-04,1.00445380e-05,7.14187665e-06,3.15539222e-06,8.69321632e-01,2.13357493e-02,4.28883816e+03,1.60129732e+02,9.60021807e-04,3.49752611e-05,0.00000000e+00,0.00000000e+00,0.00000000e+00,0.00000000e+00
7.63500000e+01,8.27495543e-04,3.44453772e-05,0.00000000e+00,0.00000000e+00,1.38020546e-04,1.36181024e-05,7.14187665e-06,3.15539222e-06,8.65782409e-01,2.21883230e-02,4.27251305e+03,1.67244771e+02,9.65291938e-04,3.90903146e-05,0.00000000e+00,0.00000000e+00,5.32600000e+00,7.10412355e-02
7.64500000e+01,8.10635783e-04,3.22676527e-05,0.00000000e+00,0.00000000e+00,1.27327276e-04,8.93900475e-06,7.14187665e-06,3.15539222e-06,8.65761042e-01,2.33422914e-02,4.18981588e+03,1.56700342e+02,9.37738907e-04,3.41688868e-05,0.00000000e+00,0.00000000e+00,0.00000000e+00,0.00000000e+00
7.65500000e+01,7.96355835e-04,3.15598364e-05,0.00000000e+00,0.00000000e+00,1.27452931e-04,8.65119782e-06,7.14187665e-06,3.15539222e-06,8.56190019e-01,2.21200439e-02,4.11784108e+03,1.53107249e+02,9.23585267e-04,3.26458398e-05,0.00000000e+00,0.00000000e+00,5.32020000e+00,7.11351057e-02
7.66500000e+01,7.97731197e-04,3.02032528e-05,0.00000000e+00,0.00000000e+00,1.26277420e-04,8.81534149e-06,7.14187665e-06,3.15539222e-06,8.55067348e-01,2.05393305e-02,4.12643905e+03,1.46417978e+02,9.23785834e-04,3.14936883e-05,0.00000000e+00,0.00000000e+00,0.00000000e+00,0.00000000e+00
7.67500000e+01,7.86902677e-04,3.08367607e-05,0.00000000e+00,0.00000000e+00,1.84667447e-04,5.97299394e-05,6.77884614e-06,3.04305858e-06,8.47598970e-01,2.11882986e-02,4.07667409e+03,1.49846506e+02,9.71356092e-04,6.35528428e-05,0.00000000e+00,0.00000000e+00,5.30260000e+00,7.08564574e-02
7.68500000e+01,7.83637396e-04,3.03748175e-05,0.00000000e+00,0.00000000e+00,1.76771288e-04,4.58817650e-05,5.88133145e-06,2.94450764e-06,8.40376389e-01,1.96199948e-02,4.05868804e+03,1.46580808e+02,9.60216303e-04,5.25339019e-05,0.00000000e+00,0.00000000e+00,0.00000000e+00,0.00000000e+00
7.69500000e+01,7.79002468e-04,3.07276738e-05,0.00000000e+00,0.00000000e+00,1.19958943e-04,9.12071666e-06,5.88133145e-06,2.94450764e-06,8.37306720e-01,2.00352479e-02,4.03619623e+03,1.48734318e+02,8.98769031e-04,3.04587545e-05,0.00000000e+00,0.00000000e+00,5.29220000e+00,6.92456674e-02
7.70500000e+01,7.88040396e-04,3.09557705e-05,0.00000000e+00,0.00000000e+00,1.24360959e-04,9.98390345e-06,5.88133145e-06,2.94450764e-06,8.41931866e-01,2.18808349e-02,4.07688345e+03,1.49707584e+02,9.12208974e-04,3.20473693e-05,0.00000000e+00,0.00000000e+00,0.00000000e+00,0.00000000e+00
7.71500000e+01,7.86755671e-04,3.10572896e-05,0.00000000e+00,0.00000000e+00,1.25188212e-04,1.30741299e-05,5.88133145e-06,2.94450764e-06,8.42734165e-01,2.21085683e-02,4.06990578e+03,1.50459292e+02,9.11751502e-04,3.42730529e-05,0.00000000e+00,0.00000000e+00,5.27200000e+00,6.98832846e-02
7.72500000e+01,7.82440020e-04,3.02984970e-05,0.00000000e+00,0.00000000e+00,1.34064425e-04,1.80454828e-05,5.88133145e-06,2.94450764e-06,8.43377233e-01,2.12812154e-02,4.05518667e+03,1.47279140e+02,9.16312064e-04,3.64812800e-05,0.00000000e+00,0.00000000e+00,0.00000000e+00,0.00000000e+00
7.73500000e+01,7.82220372e-04,3.16923154e-05,0.00000000e+00,0.00000000e+00,1.27104768e-04,1.25479567e-05,5.88133145e-06,2.94450764e-06,8.43354423e-01,2.16244442e-02,4.05071505e+03,1.54124462e+02,9.09132760e-04,3.67268920e-05,0.00000000e+00,0.00000000e+00,5.26140000e+00,7.19035692e-02
7.74500000e+01,7.73593412e-04,3.22748111e-05,0.00000000e+00,0.00000000e+00,1.24854823e-04,1.24991872e-05,5.88133145e-06,2.94450764e-06,8.30511401e-01,2.27999507e-02,4.00580589e+03,1.57401354e+02,8.98255854e-04,3.72820832e-05,0.00000000e+00,0.00000000e+00,0.00000000e+00,0.00000000e+00
7.75500000e+01,7.77178870e-04,3.08820052e-05,0.00000000e+00,0.00000000e+00,1.21581809e-04,1.03575169e-05,5.88133145e-06,2.94450764e-06,8.38069117e-01,2.18115707e-02,4.02416538e+03,1.50862338e+02,8.98568299e-04,3.21098949e-05,0.00000000e+00,0.00000000e+00,5.24840000e+00,7.12525603e-02
7.76500000e+01,7.87730973e-04,3.06902015e-05,0.00000000e+00,0.00000000e+00,1.18425131e-04,1.05692330e-05,5.88133145e-06,2.94450764e-06,8.47083673e-01,2.24969664e-02,4.07589388e+03,1.49721796e+02,9.05963723e-04,3.20026433e-05,0.00000000e+00,0.00000000e+00,0.00000000e+00,0.00000000e+00
7.77500000e+01,7.81210414e-04,3.04816611e-05,0.00000000e+00,0.00000000e+00,1.21283487e-04,1.07884691e-05,5.88133145e-06,2.94450764e-06,8.38971150e-01,2.30534692e-02,4.03696047e+03,1.49573730e+02,9.02301519e-04,3.18617919e-05,0.00000000e+00,0.00000000e+00,5.22440000e+00,7.08894857e-02
7.78500000e+01,7.84179813e-04,2.92838244e-05,0.00000000e+00,0.00000000e+00,1.22150446e-04,1.05775689e-05,5.88133145e-06,2.94450764e-06,8.40082988e-01,2.13000093e-02,4.04622192e+03,1.43284551e+02,9.06137878e-04,3.06703899e-05,0.00000000e+00,0.00000000e+00,0.00000000e+00,0.00000000e+00
7.79500000e+01,7.75261250e-04,2.85969160e-05,0.00000000e+00,0.00000000e+00,1.27164060e-04,1.15788056e-05,5.88133145e-06,2.94450764e-06,8.28202281e-01,2.09883040e-02,3.99940957e+03,1.40397922e+02,9.02232930e-04,3.20182924e-05,0.00000000e+00,0.00000000e+00,5.20700000e+00,7.01480941e-02
7.80500000e+01,7.80650893e-04,2.94915272e-05,0.00000000e+00,0.00000000e+00,1.39280697e-04,1.40312552e-05,5.88133145e-06,2.94450764e-06,8.33959461e-01,2.14414421e-02,4.02838480e+03,1.44089290e+02,9.19739210e-04,3.42862321e-05,0.00000000e+00,0.00000000e+00,0.00000000e+00,0.00000000e+00
7.81500000e+01,7.64309618e-04,2.76760108e-05,0.00000000e+00,0.00000000e+00,1.42616011e-04,1.56625251e-05,5.88133145e-06,2.94450764e-06,8.17715466e-01,2.13168924e-02,3.94277354e+03,1.35393480e+02,9.06733247e-04,3.16788583e-05,0.00000000e+00,0.00000000e+00,5.20240000e+00,7.08684092e-02
7.82500000e+01,7.68022704e-04,2.94315155e-05,0.00000000e+00,0.00000000e+00,1.74922789e-04,2.75579623e-05,5.88133145e-06,2.94450764e-06,8.17147501e-01,2.40555467e-02,3.95943678e+03,1.45535455e+02,9.42753112e-04,4.14077878e-05,0.00000000e+00,0.00000000e+00,0.00000000e+00,0.00000000e+00
7.83500000e+01,7.59312579e-04,2.79452853e-05,0.00000000e+00,0.00000000e+00,1.56355720e-04,2.41221211e-05,5.88133145e-06,2.94450764e-06,8.16100720e-01,2.34298773e-02,3.91857408e+03,1.38956197e+02,9.15475918e-04,3.83135144e-05,0.00000000e+00,0.00000000e+00,5.19380000e+00,7.11336139e-02
7.84500000e+01,7.54672217e-04,2.58539571e-05,0.00000000e+00,0.00000000e+00,1.51571929e-04,1.98339899e-05,5.88133145e-06,2.94450764e-06,8.10567049e-01,2.18672326e-02,3.89442962e+03,1.28577491e+02,9.06051765e-04,3.21832401e-05,0.00000000e+00,0.00000000e+00,0.00000000e+00,0.00000000e+00
7.85500000e+01,7.54358526e-04,2.65963647e-05,0.00000000e+00,0.00000000e+00,1.48294653e-04,1.84583078e-05,5.88133145e-06,2.94450764e-06,8.00832028e-01,2.26079771e-02,3.88951605e+03,1.32199873e+02,9.02460797e-04,3.15326063e-05,0.00000000e+00,0.00000000e+00,5.18760000e+00,7.09340366e-02
7.86500000e+01,7.68088577e-04,2.85888115e-05,0.00000000e+00,0.00000000e+00,1.41643499e-04,1.69514381e-05,5.88133145e-06,2.94450764e-06,8.07179940e-01,2.24166472e-02,3.95137295e+03,1.40653982e+02,9.09533042e-04,3.37127902e-05,0.00000000e+00,0.00000000e+00,0.00000000e+00,0.00000000e+00
7.87500000e+01,7.71487289e-04,2.69661658e-05,0.00000000e+00,0.00000000e+00,1.34261702e-04,1.62735730e-05,5.88133145e-06,2.94450764e-06,8.20470897e-01,2.27551372e-02,3.97534287e+03,1.31937832e+02,9.05539645e-04,3.15392218e-05,0.00000000e+00,0.00000000e+00,5.16120000e+00,7.20309684e-02
7.88500000e+01,7.67232370e-04,2.96997072e-05,0.00000000e+00,0.00000000e+00,1.37327092e-04,1.65810016e-05,5.88133145e-06,2.94450764e-06,8.15179374e-01,2.22414522e-02,3.95213852e+03,1.45515842e+02,9.04350116e-04,3.58294897e-05,0.00000000e+00,0.00000000e+00,0.00000000e+00,0.00000000e+00
7.89500000e+01,7.55523027e-04,2.70408236e-05,0.00000000e+00,0.00000000e+00,1.42189623e-04,1.65460478e-05,5.88133145e-06,2.94450764e-06,8.07120347e-01,2.13573024e-02,3.89680950e+03,1.34937530e+02,8.97503453e-04,3.27594523e-05,0.00000000e+00,0.00000000e+00,5.15820000e+00,7.30801573e-02
7.90500000e+01,7.65141057e-04,2.78682842e-05,0.00000000e+00,0.00000000e+00,1.40418165e-04,1.60498708e-05,5.88133145e-06,2.94450764e-06,8.08026421e-01,2.19446153e-02,3.93739842e+03,1.37443102e+02,9.05350194e-04,3.29382909e-05,0.00000000e+00,0.00000000e+00,0.00000000e+00,0.00000000e+00
7.91500000e+01,7.61495072e-04,2.86829660e-05,0.00000000e+00,0.00000000e+00,1.41411555e-04,1.89376594e-05,5.88133145e-06,2.94450764e-06,8.04958959e-01,2.20252799e-02,3.90958305e+03,1.40579427e+02,9.02697599e-04,3.65942070e-05,0.00000000e+00,0.00000000e+00,5.14720000e+00,7.26776725e-02
7.92500000e+01,7.71636431e-04,2.89973086e-05,0.00000000e+00,0.00000000e+00,1.42247105e-04,1.88589805e-05,5.88133145e-06,2.94450764e-06,8.03084703e-01,2.14046888e-02,3.95825338e+03,1.41935571e+02,9.13674508e-04,3.83331082e-05,0.00000000e+00,0.00000000e+00,0.00000000e+00,0.00000000e+00
7.93500000e+01,7.78418512e-04,2.87975416e-05,0.00000000e+00,0.00000000e+00,1.28317774e-04,1.23750246e-05,5.88133145e-06,2.94450764e-06,8.02034463e-01,2.05956872e-02,3.98773073e+03,1.40046080e+02,9.06527258e-04,3.66855463e-05,0.00000000e+00,0.00000000e+00,5.12720000e+00,7.21936398e-02
7.94500000e+01,7.89916941e-04,3.03084155e-05,0.00000000e+00,0.00000000e+00,1.28136650e-04,1.28649463e-05,5.88133145e-06,2.94450764e-06,8.10506943e-01,2.29356774e-02,4.04146399e+03,1.48639866e+02,9.17844562e-04,3.88818766e-05,0.00000000e+00,0.00000000e+00,0.00000000e+00,0.00000000e+00
7.95500000e+01,7.79931807e-04,2.67840526e-05,0.00000000e+00,0.00000000e+00,1.26510825e-04,1.45866452e-05,5.88133145e-06,2.94450764e-06,7.99122050e-01,2.09570634e-02,3.99066333e+03,1.31311978e+02,9.06233603e-04,3.55795256e-05,0.00000000e+00,0.00000000e+00,5.11880000e+00,7.24287912e-02
7.96500000e+01,7.82870860e-04,2.60296443e-05,0.00000000e+00,0.00000000e+00,1.36985470e-04,2.49595431e-05,5.88133145e-06,2.94450764e-06,7.99248320e-01,1.97917942e-02,4.00568279e+03,1.26158164e+02,9.19647301e-04,4.19674289e-05,0.00000000e+00,0.00000000e+00,0.00000000e+00,0.00000000e+00
7.97500000e+01,7.84014573e-04,2.70237585e-05,0.00000000e+00,0.00000000e+00,1.25805823e-04,1.35534636e-05,5.88133145e-06,2.94450764e-06,8.03148794e-01,1.98539166e-02,4.01764146e+03,1.29875579e+02,9.09611367e-04,3.21829945e-05,0.00000000e+00,0.00000000e+00,5.11600000e+00,7.40292275e-02
7.98500000e+01,7.89328719e-04,2.77905935e-05,0.00000000e+00,0.00000000e+00,1.12054633e-04,1.03815245e-05,5.88133145e-06,2.94450764e-06,8.03874602e-01,2.10054472e-02,4.04371400e+03,1.33646640e+02,9.01174324e-04,3.19151006e-05,0.00000000e+00,0.00000000e+00,0.00000000e+00,0.00000000e+00
7.99500000e+01,7.77464039e-04,2.89240917e-05,0.00000000e+00,0.00000000e+00,1.14146687e-04,1.02407793e-05,5.88133145e-06,2.94450764e-06,7.99141562e-01,2.09020435e-02,3.99300589e+03,1.39396756e+02,8.91401697e-04,3.34067366e-05,0.00000000e+00,0.00000000e+00,5.10660000e+00,7.45279622e-02
8.00500000e+01,7.61963397e-04,2.71539730e-05,0.00000000e+00,0.00000000e+00,1.07606934e-04,9.08742935e-06,5.88133145e-06,2.94450764e-06,7.88425828e-01,1.94587175e-02,3.90999345e+03,1.30564735e+02,8.69383579e-04,3.07152479e-05,0.00000000e+00,0.00000000e+00,0.00000000e+00,0.00000000e+00
8.01500000e+01,7.59635499e-04,2.76393954e-05,0.00000000e+00,0.00000000e+00,1.09380691e-04,9.39563858e-06,5.88133145e-06,2.94450764e-06,7.77649379e-01,1.98675253e-02,3.89242503e+03,1.33801702e+02,8.68833039e-04,3.14459374e-05,0.00000000e+00,0.00000000e+00,5.09700000e+00,7.59759629e-02
8.02500000e+01,7.52739868e-04,2.74460083e-05,0.00000000e+00,0.00000000e+00,1.10601341e-04,9.22738108e-06,5.88133145e-06,2.94450764e-06,7.69841135e-01,1.96400395e-02,3.85622912e+03,1.33801183e+02,8.63158057e-04,3.19294224e-05,0.00000000e+00,0.00000000e+00,0.00000000e+00,0.00000000e+00
8.03500000e+01,7.42062469e-04,2.74994476e-05,0.00000000e+00,0.00000000e+00,1.32520748e-04,2.77187527e-05,5.88133145e-06,2.94450764e-06,7.62695748e-01,1.87266011e-02,3.80043459e+03,1.33943688e+02,8.74400065e-04,4.73389664e-05,0.00000000e+00,0.00000000e+00,5.09200000e+00,7.56878660e-02
8.04500000e+01,7.41391755e-04,2.76782208e-05,0.00000000e+00,0.00000000e+00,1.35314373e-04,2.69115780e-05,5.88133145e-06,2.94450764e-06,7.61538124e-01,1.96882598e-02,3.79576155e+03,1.34981269e+02,8.76522976e-04,3.64400433e-05,0.00000000e+00,0.00000000e+00,0.00000000e+00,0.00000000e+00
8.05500000e+01,7.37244509e-04,2.67390366e-05,0.00000000e+00,0.00000000e+00,1.31713408e-04,2.76581880e-05,5.82780336e-06,2.90787739e-06,7.56062275e-01,1.82211245e-02,3.77786674e+03,1.30677100e+02,8.68776051e-04,3.55381102e-05,0.00000000e+00,0.00000000e+00,5.08300000e+00,7.57154986e-02
8.06500000e+01,7.54223501e-04,2.61986977e-05,0.00000000e+00,0.00000000e+00,1.14406293e-04,1.12002664e-05,5.32450269e-06,2.59236140e-06,7.60670255e-01,1.85112138e-02,3.85475124e+03,1.28038422e+02,8.68460025e-04,2.87942337e-05,0.00000000e+00,0.00000000e+00,0.00000000e+00,0.00000000e+00
8.07500000e+01,7.53891107e-04,2.72521641e-05,0.00000000e+00,0.00000000e+00,1.18309113e-04,1.24615006e-05,5.32450269e-06,2.59236140e-06,7.61161932e-01,1.79568703e-02,3.85271460e+03,1.34070407e+02,8.72030450e-04,2.99376739e-05,0.00000000e+00,0.00000000e+00,5.06580000e+00,7.57983846e-02
8.08500000e+01,7.42221224e-04,2.42521545e-05,0.00000000e+00,0.00000000e+00,1.18281133e-04,1.57242869e-05,5.32450269e-06,2.59236140e-06,7.67138892e-01,1.80043920e-02,3.80149042e+03,1.19358843e+02,8.60332587e-04,2.97929216e-05,0.00000000e+00,0.00000000e+00,0.00000000e+00,0.00000000e+00
8.09500000e+01,7.28723326e-04,2.50636913e-05,0.00000000e+00,0.00000000e+00,1.20960528e-04,1.59980009e-05,5.32450269e-06,2.59236140e-06,7.62925123e-01,1.83387106e-02,3.73726102e+03,1.23557465e+02,8.49514085e-04,2.95914570e-05,0.00000000e+00,0.00000000e+00,5.06240000e+00,7.64217941e-02
8.10500000e+01,7.36373442e-04,2.55318099e-05,0.00000000e+00,0.00000000e+00,1.29394332e-04,1.59206348e-05,5.32450269e-06,2.59236140e-06,7.56719697e-01,1.82272759e-02,3.76638527e+03,1.26127546e+02,8.65598005e-04,2.91544257e-05,0.00000000e+00,0.00000000e+00,0.00000000e+00,0.00000000e+00
8.11500000e+01,7.38536605e-04,2.59728544e-05,0.00000000e+00,0.00000000e+00,1.31495506e-04,1.66047421e-05,5.32450269e-06,2.59236140e-06,7.59742232e-01,1.85577508e-02,3.78193596e+03,1.27067390e+02,8.69862341e-04,2.85079889e-05,0.00000000e+00,0.00000000e+00,5.05660000e+00,7.68919783e-02
8.12500000e+01,7.33174543e-04,2.67415198e-05,0.00000000e+00,0.00000000e+00,1.32497575e-04,1.74688607e-05,5.32450269e-06,2.59236140e-06,7.44993741e-01,1.78692589e-02,3.74825099e+03,1.30038889e+02,8.65502349e-04,3.02402645e-05,0.00000000e+00,0.00000000e+00,0.00000000e+00,0.00000000e+00
8.13500000e+01,7.30152673e-04,2.51254257e-05,0.00000000e+00,0.00000000e+00,1.75567178e-04,5.40034103e-05,5.32450269e-06,2.59236140e-06,7.47845671e-01,1.81937508e-02,3.73046556e+03,1.22583618e+02,9.05550082e-04,5.51838188e-05,0.00000000e+00,0.00000000e+00,5.04940000e+00,7.49853918e-02
8.14500000e+01,7.33047239e-04,2.62201240e-05,0.00000000e+00,0.00000000e+00,1.29374226e-04,1.57798632e-05,5.32450269e-06,2.59236140e-06,7.51702028e-01,1.92341245e-02,3.74121405e+03,1.27952719e+02,8.62251695e-04,2.80458242e-05,0.00000000e+00,0.00000000e+00,0.00000000e+00,0.00000000e+00
8.15500000e+01,7.42124983e-04,2.69889688e-05,0.00000000e+00,0.00000000e+00,1.02550297e-04,8.86574047e-06,5.32450269e-06,2.59236140e-06,7.59721611e-01,1.99045496e-02,3.78873165e+03,1.32197485e+02,8.44505511e-04,2.85104577e-05,0.00000000e+00,0.00000000e+00,5.03480000e+00,7.60151650e-02
8.16500000e+01,7.30663675e-04,2.60042532e-05,0.00000000e+00,0.00000000e+00,9.88215807e-05,7.95424003e-06,4.64880221e-06,2.37697757e-06,7.55746314e-01,1.78686694e-02,3.73797484e+03,1.26558764e+02,8.29331802e-04,2.72913871e-05,0.00000000e+00,0.00000000e+00,0.00000000e+00,0.00000000e+00
8.17500000e+01,7.29616650e-04,2.69937261e-05,0.00000000e+00,0.00000000e+00,9.51665237e-05,7.00586854e-06,4.12671743e-06,2.34344363e-06,7.51129372e-01,1.76040395e-02,3.73267251e+03,1.30822056e+02,8.24642324e-04,2.81937128e-05,0.00000000e+00,0.00000000e+00,5.03020000e+00,7.63693977e-02
8.18500000e+01,7.40462019e-04,2.80239507e-05,0.00000000e+00,0.00000000e+00,9.52390920e-05,8.09548850e-06,4.12671743e-06,2.34344363e-06,7.50415208e-01,1.81450888e-02,3.78612362e+03,1.36427255e+02,8.35560261e-04,3.05009845e-05,0.00000000e+00,0.00000000e+00,0.00000000e+00,0.00000000e+00
8.19500000e+01,7.32845476e-04,2.56098463e-05,0.00000000e+00,0.00000000e+00,8.91732924e-05,6.39520123e-06,4.12671743e-06,2.34344363e-06,7.41348653e-01,1.75075983e-02,3.74667609e+03,1.24177991e+02,8.21877919e-04,2.77928895e-05,0.00000000e+00,0.00000000e+00,5.02080000e+00,7.69165145e-02
8.20500000e+01,7.32687378e-04,2.73007207e-05,0.00000000e+00,0.00000000e+00,9.00701916e-05,7.85409600e-06,4.12671743e-06,2.34344363e-06,7.37568322e-01,1.70385203e-02,3.74325742e+03,1.32151405e+02,8.22616719e-04,3.11090228e-05,0.00000000e+00,0.00000000e+00,0.00000000e+00,0.00000000e+00
8.21500000e+01,7.41548398e-04,2.66734581e-05,0.00000000e+00,0.00000000e+00,1.06984449e-04,2.22074737e-05,4.12671743e-06,2.34344363e-06,7.38886135e-01,1.79035361e-02,3.77996976e+03,1.29127708e+02,8.48391998e-04,3.36882182e-05,0.00000000e+00,0.00000000e+00,5.00040000e+00,7.73082671e-02
8.22500000e+01,7.54780474e-04,2.92845324e-05,0.00000000e+00,0.00000000e+00,9.21962123e-05,7.80685021e-06,4.12671743e-06,2.34344363e-06,7.47004146e-01,1.78685151e-02,3.84770263e+03,1.42236201e+02,8.46835837e-04,3.12757652e-05,0.00000000e+00,0.00000000e+00,0.00000000e+00,0.00000000e+00
8.23500000e+01,7.52640242e-04,2.86297629e-05,0.00000000e+00,0.00000000e+00,9.64682867e-05,8.80273003e-06,4.12671743e-06,2.34344363e-06,7.40727669e-01,1.86845277e-02,3.83302325e+03,1.39496006e+02,8.48967679e-04,3.11404452e-05,0.00000000e+00,0.00000000e+00,4.98360000e+00,7.80406801e-02
8.24500000e+01,7.41948281e-04,2.82419354e-05,0.00000000e+00,0.00000000e+00,1.02437899e-04,9.84693577e-06,4.12671743e-06,2.34344363e-06,7.31502245e-01,1.84068531e-02,3.78097019e+03,1.37066387e+02,8.44245330e-04,3.03909053e-05,0.00000000e+00,0.00000000e+00,0.00000000e+00,0.00000000e+00
8.25500000e+01,7.34309885e-04,2.82576577e-05,0.00000000e+00,0.00000000e+00,1.06014890e-04,9.89381233e-06,4.12671743e-06,2.34344363e-06,7.30808725e-01,1.88707320e-02,3.74473176e+03,1.37007813e+02,8.40183925e-04,3.02312241e-05,0.00000000e+00,0.00000000e+00,4.97460000e+00,7.70020991e-02
8.26500000e+01,7.17380037e-04,2.86542185e-05,0.00000000e+00,0.00000000e+00,1.15764687e-04,1.26705102e-05,4.12671743e-06,2.34344363e-06,7.22584664e-01,1.94930824e-02,3.66167255e+03,1.39824640e+02,8.33003874e-04,3.12164743e-05,0.00000000e+00,0.00000000e+00,0.00000000e+00,0.00000000e+00
8.27500000e+01,7.09470278e-04,2.55567210e-05,0.00000000e+00,0.00000000e+00,9.85865597e-05,9.08406517e-06,4.12671743e-06,2.34344363e-06,7.21681400e-01,1.90896946e-02,3.62471193e+03,1.25058247e+02,8.07915988e-04,2.75336204e-05,0.00000000e+00,0.00000000e+00,4.96580000e+00,7.60413904e-02
8.28500000e+01,7.17848603e-04,2.42989480e-05,0.00000000e+00,0.00000000e+00,9.52998119e-05,8.50652774e-06,4.12671743e-06,2.34344363e-06,7.25995644e-01,1.82153235e-02,3.66528770e+03,1.18942805e+02,8.13007565e-04,2.70317436e-05,0.00000000e+00,0.00000000e+00,0.00000000e+00,0.00000000e+00
8.29500000e+01,7.23612560e-04,2.68561380e-05,0.00000000e+00,0.00000000e+00,1.01840657e-04,1.03625246e-05,4.10857540e-06,2.33189756e-06,7.23382586e-01,1.79941796e-02,3.68802588e+03,1.30944667e+02,8.25312808e-04,3.10812878e-05,0.00000000e+00,0.00000000e+00,4.95500000e+00,7.51473383e-02
8.30500000e+01,7.11467198e-04,2.78720478e-05,0.00000000e+00,0.00000000e+00,1.05525618e-04,1.19154384e-05,3.92000594e-06,2.21712317e-06,7.22916053e-01,2.03059842e-02,3.63362996e+03,1.37165925e+02,8.16856995e-04,3.33624847e-05,0.00000000e+00,0.00000000e+00,0.00000000e+00,0.00000000e+00
8.31500000e+01,7.04076323e-04,2.63672382e-05,0.00000000e+00,0.00000000e+00,9.84151318e-05,9.08281675e-06,3.92000594e-06,2.21712317e-06,7.23001580e-01,1.89177159e-02,3.59916906e+03,1.29395009e+02,8.02355633e-04,2.90470883e-05,0.00000000e+00,0.00000000e+00,4.93940000e+00,7.55553102e-02
8.32500000e+01,7.05069732e-04,2.53147531e-05,0.00000000e+00,0.00000000e+00,1.50415800e-04,5.35065356e-05,3.92000594e-06,2.21712317e-06,7.22295028e-01,1.79849641e-02,3.60328940e+03,1.23369589e+02,8.55349711e-04,6.15040119e-05,0.00000000e+00,0.00000000e+00,0.00000000e+00,0.00000000e+00
8.33500000e+01,6.98831372e-04,2.57485146e-05,0.00000000e+00,0.00000000e+00,1.47124763e-04,4.85347960e-05,3.92000594e-06,2.21712317e-06,7.11822551e-01,1.72403943e-02,3.56947573e+03,1.25020904e+02,8.45820314e-04,5.81416089e-05,0.00000000e+00,0.00000000e+00,4.92220000e+00,7.59861910e-02
8.34500000e+01,7.04239071e-04,2.75790168e-05,0.00000000e+00,0.00000000e+00,1.35155214e-04,2.28979516e-05,3.92000594e-06,2.21712317e-06,7.16649309e-01,1.71621381e-02,3.60177213e+03,1.34093494e+02,8.39258464e-04,4.07870083e-05,0.00000000e+00,0.00000000e+00,0.00000000e+00,0.00000000e+00
8.35500000e+01,6.96055916e-04,2.45285350e-05,0.00000000e+00,0.00000000e+00,1.32893210e-04,2.27031469e-05,3.92000594e-06,2.21712317e-06,7.09777501e-01,1.68120782e-02,3.56473191e+03,1.19761439e+02,8.28813305e-04,3.63178019e-05,0.00000000e+00,0.00000000e+00,4.91660000e+00,7.45509605e-02
8.36500000e+01,6.93476637e-04,2.33970489e-05,0.00000000e+00,0.00000000e+00,1.42211121e-04,2.46488863e-05,3.92000594e-06,2.21712317e-06,7.10247544e-01,1.58389311e-02,3.55080555e+03,1.14379042e+02,8.35551937e-04,3.66170631e-05,0.00000000e+00,0.00000000e+00,0.00000000e+00,0.00000000e+00
8.37500000e+01,6.86478215e-04,2.55115470e-05,0.00000000e+00,0.00000000e+00,1.34927001e-04,2.00274335e-05,3.92000594e-06,2.21712317e-06,7.05284334e-01,1.70712585e-02,3.51523941e+03,1.26158171e+02,8.21269394e-04,3.38290860e-05,0.00000000e+00,0.00000000e+00,4.90840000e+00,7.54606858e-02
8.38500000e+01,6.94284011e-04,2.42571288e-05,0.00000000e+00,0.00000000e+00,1.21365930e-04,1.50449042e-05,3.92000594e-06,2.21712317e-06,7.07515710e-01,1.70321647e-02,3.54943052e+03,1.19549529e+02,8.15514119e-04,3.13514812e-05,0.00000000e+00,0.00000000e+00,0.00000000e+00,0.00000000e+00
8.39500000e+01,6.82612040e-04,2.45264580e-05,0.00000000e+00,0.00000000e+00,1.12713280e-04,1.23684708e-05,3.92000594e-06,2.21712317e-06,6.97918894e-01,1.69011453e-02,3.49148986e+03,1.20375941e+02,7.95189499e-04,2.79350447e-05,0.00000000e+00,0.00000000e+00,4.90660000e+00,7.51154812e-02
8.40500000e+01,6.86339742e-04,2.50198943e-05,0.00000000e+00,0.00000000e+00,1.24992018e-04,1.60006780e-05,3.92000594e-06,2.21712317e-06,6.98127125e-01,1.79521428e-02,3.50553023e+03,1.22121848e+02,8.11195939e-04,2.96697112e-05,0.00000000e+00,0.00000000e+00,0.00000000e+00,0.00000000e+00
8.41500000e+01,6.79760630e-04,2.37289863e-05,0.00000000e+00,0.00000000e+00,1.08534999e-04,1.12097961e-05,3.92000594e-06,2.21712317e-06,6.89958617e-01,1.63878862e-02,3.46726276e+03,1.15992833e+02,7.88159809e-04,2.53948466e-05,0.00000000e+00,0.00000000e+00,4.89060000e+00,7.53383714e-02
8.42500000e+01,6.71057069e-04,2.44605631e-05,0.00000000e+00,0.00000000e+00,1.11779332e-04,1.12239979e-05,3.92000594e-06,2.21712317e-06,6.88025179e-01,1.68802590e-02,3.43044932e+03,1.19454521e+02,7.82700579e-04,2.61222801e-05,0.00000000e+00,0.00000000e+00,0.00000000e+00,0.00000000e+00
8.43500000e+01,6.89601638e-04,2.53403601e-05,0.00000000e+00,0.00000000e+00,1.15339904e-04,1.29014357e-05,3.92000594e-06,2.21712317e-06,6.97182549e-01,1.67928898e-02,3.51956598e+03,1.22708985e+02,8.04805721e-04,2.78795851e-05,0.00000000e+00,0.00000000e+00,4.88580000e+00,7.36112735e-02
8.44500000e+01,7.00196524e-04,2.75554816e-05,0.00000000e+00,0.00000000e+00,1.50338670e-04,2.50016950e-05,3.92000594e-06,2.21712317e-06,6.99055679e-01,1.75992941e-02,3.56895135e+03,1.34188958e+02,8.50399373e-04,3.82225360e-05,0.00000000e+00,0.00000000e+00,0.00000000e+00,0.00000000e+00
8.45500000e+01,6.92218343e-04,2.59058996e-05,0.00000000e+00,0.00000000e+00,1.34736581e-04,2.00068198e-05,3.92000594e-06,2.21712317e-06,6.97401134e-01,1.80184443e-02,3.53146164e+03,1.27295604e+02,8.26819103e-04,3.11400716e-05,0.00000000e+00,0.00000000e+00,4.88280000e+00,7.25191263e-02
8.46500000e+01,6.84723238e-04,2.53455431e-05,0.00000000e+00,0.00000000e+00,1.31556291e-04,1.99107292e-05,3.92000594e-06,2.21712317e-06,6.91072234e-01,1.77615956e-02,3.49109923e+03,1.24523558e+02,8.16143708e-04,3.02452623e-05,0.00000000e+00,0.00000000e+00,0.00000000e+00,0.00000000e+00
8.47500000e+01,7.00192256e-04,2.98130991e-05,0.00000000e+00,0.00000000e+00,1.28881630e-04,1.73559740e-05,3.92000594e-06,2.21712317e-06,6.85255819e-01,1.91630183e-02,3.55712947e+03,1.46134181e+02,8.28938065e-04,3.39922964e-05,0.00000000e+00,0.00000000e+00,4.87360000e+00,7.20729562e-02
8.48500000e+01,7.12558361e-04,2.86337486e-05,0.00000000e+00,0.00000000e+00,1.35012896e-04,1.58528907e-05,3.92000594e-06,2.21712317e-06,6.92481850e-01,2.00619188e-02,3.61663632e+03,1.40656549e+02,8.47435436e-04,3.35264587e-05,0.00000000e+00,0.00000000e+00,0.00000000e+00,0.00000000e+00
8.49500000e+01,6.92960248e-04,2.67421927e-05,0.00000000e+00,0.00000000e+00,1.30726201e-04,1.46054186e-05,3.87453485e-06,2.19097624e-06,6.87786396e-01,1.92471348e-02,3.52205723e+03,1.30598882e+02,8.23551738e-04,3.07431395e-05,0.00000000e+00,0.00000000e+00,4.87180000e+00,7.27016211e-02
8.50500000e+01,6.91116920e-04,2.54838360e-05,0.00000000e+00,0.00000000e+00,1.41980396e-04,1.63046124e-05,2.57729298e-06,1.80388597e-06,6.88591635e-01,1.63915903e-02,3.51869149e+03,1.24198079e+02,8.32994265e-04,2.92435123e-05,0.00000000e+00,0.00000000e+00,0.00000000e+00,0.00000000e+00
8.51500000e+01,6.81137068e-04,2.58441335e-05,0.00000000e+00,0.00000000e+00,1.23560994e-04,1.36971959e-05,2.57729298e-06,1.80388597e-06,6.81292550e-01,1.62317959e-02,3.46935442e+03,1.25499825e+02,8.04595012e-04,2.92399581e-05,0.00000000e+00,0.00000000e+00,4.85600000e+00,7.19347777e-02
8.52500000e+01,6.72588776e-04,2.61041369e-05,0.00000000e+00,0.00000000e+00,1.19364198e-04,1.23722851e-05,2.57729298e-06,1.80388597e-06,6.80032176e-01,1.61787001e-02,3.42603864e+03,1.26556153e+02,7.91849924e-04,3.04539511e-05,0.00000000e+00,0.00000000e+00,0.00000000e+00,0.00000000e+00
8.53500000e+01,6.71054288e-04,2.59269399e-05,0.00000000e+00,0.00000000e+00,1.13079932e-04,9.20926918e-06,2.57729298e-06,1.80388597e-06,6.83099784e-01,1.71810255e-02,3.42056197e+03,1.25408907e+02,7.84031170e-04,2.99052763e-05,0.00000000e+00,0.00000000e+00,4.83200000e+00,7.18069976e-02
8.54500000e+01,6.65569267e-04,2.62301046e-05,0.00000000e+00,0.00000000e+00,1.05212702e-04,8.97376318e-06,2.57729298e-06,1.80388597e-06,6.74217567e-01,1.70550948e-02,3.39000843e+03,1.27420727e+02,7.70678919e-04,2.89881169e-05,0.00000000e+00,0.00000000e+00,0.00000000e+00,0.00000000e+00
8.55500000e+01,6.64615361e-04,2.56753243e-05,0.00000000e+00,0.00000000e+00,1.11073204e-04,1.16160310e-05,2.57729298e-06,1.80388597e-06,6.85952425e-01,1.71972874e-02,3.38873317e+03,1.24587861e+02,7.75585515e-04,2.88532047e-05,0.00000000e+00,0.00000000e+00,4.82360000e+00,7.05134290e-02
8.56500000e+01,6.67163378e-04,2.71445728e-05,0.00000000e+00,0.00000000e+00,1.09527870e-04,1.26420137e-05,2.57729298e-06,1.80388597e-06,6.85392478e-01,1.83951797e-02,3.39567184e+03,1.31498478e+02,7.76588198e-04,3.08017658e-05,0.00000000e+00,0.00000000e+00,0.00000000e+00,0.00000000e+00
8.57500000e+01,6.56775627e-04,2.77932512e-05,0.00000000e+00,0.00000000e+00,1.04598252e-04,1.03817169e-05,2.57729298e-06,1.80388597e-06,6.78242702e-01,1.87599718e-02,3.34735338e+03,1.35499508e+02,7.61270828e-04,3.12271456e-05,0.00000000e+00,0.00000000e+00,4.80440000e+00,6.90141423e-02
8.58500000e+01,6.52449558e-04,2.67443056e-05,0.00000000e+00,0.00000000e+00,1.33896484e-04,2.90052038e-05,2.57729298e-06,1.80388597e-06,6.74979698e-01,1.76429404e-02,3.32346265e+03,1.30437855e+02,7.86242992e-04,4.08191732e-05,0.00000000e+00,0.00000000e+00,0.00000000e+00,0.00000000e+00
8.59500000e+01,6.56472787e-04,2.57590824e-05,0.00000000e+00,0.00000000e+00,1.05468413e-04,1.20694646e-05,2.57729298e-06,1.80388597e-06,6.82422301e-01,1.83583894e-02,3.34208863e+03,1.25616845e+02,7.61838150e-04,2.99356364e-05,0.00000000e+00,0.00000000e+00,4.78280000e+00,6.87070326e-02
8.60500000e+01,6.54017093e-04,2.48708207e-05,0.00000000e+00,0.00000000e+00,1.03275241e-04,1.18119986e-05,2.57729298e-06,1.80388597e-06,6.81377696e-01,1.89943273e-02,3.32971888e+03,1.21638931e+02,7.57189284e-04,2.89151277e-05,0.00000000e+00,0.00000000e+00,0.00000000e+00,0.00000000e+00
8.61500000e+01,6.59348584e-04,2.45871368e-05,0.00000000e+00,0.00000000e+00,9.88129941e-05,9.84815474e-06,2.57729298e-06,1.80388597e-06,6.79474917e-01,1.82394846e-02,3.35772472e+03,1.20977842e+02,7.58058527e-04,2.85260274e-05,0.00000000e+00,0.00000000e+00,4.76880000e+00,6.80039855e-02
8.62500000e+01,6.48903011e-04,2.40986444e-05,0.00000000e+00,0.00000000e+00,9.75851330e-05,1.00315319e-05,2.57729298e-06,1.80388597e-06,6.68703322e-01,1.73650171e-02,3.30560274e+03,1.17837633e+02,7.46385093e-04,2.94141582e-05,0.00000000e+00,0.00000000e+00,0.00000000e+00,0.00000000e+00
8.63500000e+01,6.61121303e-04,2.37674105e-05,0.00000000e+00,0.00000000e+00,1.01340925e-04,1.10717891e-05,2.57729298e-06,1.80388597e-06,6.76113849e-01,1.68210118e-02,3.36928305e+03,1.15733120e+02,7.62359178e-04,2.86764145e-05,0.00000000e+00,0.00000000e+00,4.74880000e+00,6.72295125e-02
8.64500000e+01,6.69939333e-04,2.46028270e-05,0.00000000e+00,0.00000000e+00,1.35605275e-04,3.68781863e-05,2.57729298e-06,1.80388597e-06,6.77730284e-01,1.69288773e-02,3.41050862e+03,1.20071414e+02,8.05441558e-04,4.65551714e-05,0.00000000e+00,0.00000000e+00,0.00000000e+00,0.00000000e+00
8.65500000e+01,6.65221685e-04,2.50678586e-05,0.00000000e+00,0.00000000e+00,1.33767856e-04,4.02199980e-05,2.57729298e-06,1.80388597e-06,6.75052505e-01,1.74861182e-02,3.38293536e+03,1.23033308e+02,7.98886491e-04,4.86552992e-05,0.00000000e+00,0.00000000e+00,4.74660000e+00,6.47605385e-02
8.66500000e+01,6.62239113e-04,2.53368673e-05,0.00000000e+00,0.00000000e+00,1.22336052e-04,3.35585998e-05,2.57729298e-06,1.80388597e-06,6.69247791e-01,1.75782964e-02,3.37167484e+03,1.24716658e+02,7.84472114e-04,4.22228866e-05,0.00000000e+00,0.00000000e+00,0.00000000e+00,0.00000000e+00
8.67500000e+01,6.58850679e-04,2.62606658e-05,0.00000000e+00,0.00000000e+00,9.79671908e-05,9.58835664e-06,2.57729298e-06,1.80388597e-06,6.64744048e-01,1.84184383e-02,3.34956507e+03,1.28611197e+02,7.56714819e-04,2.91807743e-05,0.00000000e+00,0.00000000e+00,4.74040000e+00,6.41083012e-02
8.68500000e+01,6.56298381e-04,2.57437890e-05,0.00000000e+00,0.00000000e+00,1.03693108e-04,1.01889402e-05,2.57729298e-06,1.80388597e-06,6.63946804e-01,1.79896343e-02,3.33313466e+03,1.25540631e+02,7.59888439e-04,2.95574081e-05,0.00000000e+00,0.00000000e+00,0.00000000e+00,0.00000000e+00
8.69500000e+01,6.41173693e-04,2.73720483e-05,0.00000000e+00,0.00000000e+00,1.08285586e-04,1.17619747e-05,2.57729298e-06,1.80388597e-06,6.54640739e-01,1.89871126e-02,3.25735222e+03,1.32713750e+02,7.49356228e-04,3.24462310e-05,0.00000000e+00,0.00000000e+00,4.74320000e+00,6.50697836e-02
8.70500000e+01,6.33975847e-04,2.72619583e-05,0.00000000e+00,0.00000000e+00,1.14845246e-04,1.41073759e-05,2.57729298e-06,1.80388597e-06,6.50138056e-01,1.90131819e-02,3.22302151e+03,1.32292114e+02,7.48718043e-04,3.33875280e-05,0.00000000e+00,0.00000000e+00,0.00000000e+00,0.00000000e+00
8.71500000e+01,6.40050331e-04,2.97222648e-05,0.00000000e+00,0.00000000e+00,1.10759661e-04,1.27885247e-05,2.57729298e-06,1.80388597e-06,6.46845944e-01,1.80444733e-02,3.25129946e+03,1.44952106e+02,7.50706940e-04,3.40645251e-05,0.00000000e+00,0.00000000e+00,4.72240000e+00,6.59861210e-02
8.72500000e+01,6.34502348e-04,2.53255024e-05,0.00000000e+00,0.00000000e+00,1.03152939e-04,1.10859969e-05,2.57729298e-06,1.80388597e-06,6.40761447e-01,1.72828351e-02,3.22434152e+03,1.23768860e+02,7.37552236e-04,3.04439496e-05,0.00000000e+00,0.00000000e+00,0.00000000e+00,0.00000000e+00
8.73500000e+01,6.29515116e-04,2.55262964e-05,0.00000000e+00,0.00000000e+00,1.07764945e-04,1.48393992e-05,2.57729298e-06,1.80388597e-06,6.40282764e-01,1.72452918e-02,3.19469138e+03,1.24169808e+02,7.37177009e-04,3.36826137e-05,0.00000000e+00,0.00000000e+00,4.71140000e+00,6.71562357e-02
8.74500000e+01,6.23696886e-04,2.51760451e-05,0.00000000e+00,0.00000000e+00,1.03616066e-04,1.33073000e-05,2.57729298e-06,1.80388597e-06,6.35656179e-01,1.72244872e-02,3.16752814e+03,1.22675493e+02,7.27209901e-04,3.15248490e-05,0.00000000e+00,0.00000000e+00,0.00000000e+00,0.00000000e+00
8.75500000e+01,6.15289861e-04,2.27891903e-05,0.00000000e+00,0.00000000e+00,1.17031737e-04,1.97330070e-05,2.57729298e-06,1.80388597e-06,6.35968966e-01,1.72514354e-02,3.13055247e+03,1.11134968e+02,7.32218547e-04,3.30906105e-05,0.00000000e+00,0.00000000e+00,4.69820000e+00,6.68709937e-02
8.76500000e+01,6.23677080e-04,2.31710338e-05,0.00000000e+00,0.00000000e+00,1.11612571e-04,1.76772079e-05,2.57729298e-06,1.80388597e-06,6.35715534e-01,1.80228572e-02,3.16571606e+03,1.13962581e+02,7.35186600e-04,3.13143080e-05,0.00000000e+00,0.00000000e+00,0.00000000e+00,0.00000000e+00
8.77500000e+01,6.28690647e-04,2.30650297e-05,0.00000000e+00,0.00000000e+00,1.06368813e-04,1.17730326e-05,2.58068594e-06,1.80629386e-06,6.32435635e-01,1.73048459e-02,3.18743457e+03,1.12927977e+02,7.34956327e-04,2.69845511e-05,0.00000000e+00,0.00000000e+00,4.69200000e+00,6.79375464e-02
8.78500000e+01,6.11442833e-04,2.26035688e-05,0.00000000e+00,0.00000000e+00,9.72206629e-05,9.76063132e-06,2.66783080e-06,1.86918606e-06,6.26036403e-01,1.77728836e-02,3.10292112e+03,1.11494670e+02,7.08558254e-04,2.79336578e-05,0.00000000e+00,0.00000000e+00,0.00000000e+00,0.00000000e+00
8.79500000e+01,6.06360179e-04,2.45383465e-05,0.00000000e+00,0.00000000e+00,9.41246285e-05,9.87941022e-06,2.66193999e-06,1.86527223e-06,6.17800873e-01,1.85038918e-02,3.07429539e+03,1.20210699e+02,7.00379705e-04,2.97131318e-05,0.00000000e+00,0.00000000e+00,4.68300000e+00,6.74069275e-02
8.80500000e+01,6.10639745e-04,2.55777767e-05,0.00000000e+00,0.00000000e+00,9.17008564e-05,9.79627810e-06,2.61728049e-06,1.83594419e-06,6.16184203e-01,1.81872459e-02,3.09461444e+03,1.24794563e+02,7.02236560e-04,3.00840226e-05,0.00000000e+00,0.00000000e+00,0.00000000e+00,0.00000000e+00
8.81500000e+01,6.00125873e-04,2.22097427e-05,0.00000000e+00,0.00000000e+00,9.97366417e-05,1.11669239e-05,2.61728049e-06,1.83594419e-06,6.12801033e-01,1.73166416e-02,3.04545157e+03,1.09219234e+02,6.99758473e-04,2.68600158e-05,0.00000000e+00,0.00000000e+00,4.66040000e+00,6.60834105e-02
8.82500000e+01,6.09362983e-04,2.23891554e-05,0.00000000e+00,0.00000000e+00,1.12147453e-04,1.48181647e-05,2.61728049e-06,1.83594419e-06,6.18354707e-01,1.71374129e-02,3.09185296e+03,1.09711219e+02,7.21406394e-04,2.87226185e-05,0.00000000e+00,0.00000000e+00,0.00000000e+00,0.00000000e+00
8.83500000e+01,6.21657982e-04,2.37419983e-05,0.00000000e+00,0.00000000e+00,1.11291291e-04,1.44631646e-05,2.61728049e-06,1.83594419e-06,6.36777367e-01,1.75753071e-02,3.15626381e+03,1.16207426e+02,7.32845231e-04,2.91910176e-05,0.00000000e+00,0.00000000e+00,4.65480000e+00,6.53013360e-02
8.84500000e+01,6.09183081e-04,2.47819211e-05,0.00000000e+00,0.00000000e+00,1.13774470e-04,1.49102623e-05,2.61728049e-06,1.83594419e-06,6.29569548e-01,1.81100269e-02,3.09771875e+03,1.20653914e+02,7.22853510e-04,2.91718558e-05,0.00000000e+00,0.00000000e+00,0.00000000e+00,0.00000000e+00
8.85500000e+01,6.03735837e-04,2.36750329e-05,0.00000000e+00,0.00000000e+00,1.18330969e-04,1.59495708e-05,2.61728049e-06,1.83594419e-06,6.15936225e-01,1.73463523e-02,3.06417604e+03,1.15141134e+02,7.21962764e-04,2.90789994e-05,0.00000000e+00,0.00000000e+00,4.64780000e+00,6.47880626e-02
8.86500000e+01,5.87966297e-04,2.08599475e-05,0.00000000e+00,0.00000000e+00,1.15874537e-04,1.86720389e-05,2.61728049e-06,1.83594419e-06,6.11035155e-01,1.62303285e-02,2.99037682e+03,1.01707718e+02,7.03736792e-04,2.79898519e-05,0.00000000e+00,0.00000000e+00,0.00000000e+00,0.00000000e+00
8.87500000e+01,5.90795088e-04,2.10418942e-05,0.00000000e+00,0.00000000e+00,1.04640267e-04,1.62081934e-05,2.61728049e-06,1.83594419e-06,6.13835853e-01,1.60886891e-02,3.00123489e+03,1.02661487e+02,6.95331313e-04,2.56357151e-05,0.00000000e+00,0.00000000e+00,4.63500000e+00,6.32992569e-02
8.88500000e+01,5.85010875e-04,2.13770529e-05,0.00000000e+00,0.00000000e+00,1.05764230e-04,1.65183233e-05,2.61728049e-06,1.83594419e-06,5.97729152e-01,1.54725653e-02,2.96959097e+03,1.04473041e+02,6.90671064e-04,2.54854640e-05,0.00000000e+00,0.00000000e+00,0.00000000e+00,0.00000000e+00
8.89500000e+01,5.92142719e-04,2.21177769e-05,0.00000000e+00,0.00000000e+00,1.08885181e-04,1.64701670e-05,2.61728049e-06,1.83594419e-06,6.05803984e-01,1.79430353e-02,3.00333448e+03,1.09081271e+02,7.00923859e-04,2.64808726e-05,0.00000000e+00,0.00000000e+00,4.62320000e+00,6.32606787e-02
8.90500000e+01,5.96243077e-04,2.21672169e-05,0.00000000e+00,0.00000000e+00,1.08333301e-04,1.66596456e-05,2.61728049e-06,1.83594419e-06,6.00979148e-01,1.79659416e-02,3.01896780e+03,1.08763197e+02,7.04472336e-04,3.05704856e-05,0.00000000e+00,0.00000000e+00,0.00000000e+00,0.00000000e+00
8.91500000e+01,5.87528722e-04,2.20927863e-05,0.00000000e+00,0.00000000e+00,9.92042397e-05,1.03538136e-05,2.61728049e-06,1.83594419e-06,6.03413710e-01,1.88755802e-02,2.97602628e+03,1.08259748e+02,6.86628920e-04,2.59649377e-05,0.00000000e+00,0.00000000e+00,4.61160000e+00,6.25063980e-02
8.92500000e+01,5.89270340e-04,2.37150795e-05,0.00000000e+00,0.00000000e+00,9.73181169e-05,9.91196374e-06,2.61728049e-06,1.83594419e-06,6.05289713e-01,1.80829028e-02,2.98713015e+03,1.15452355e+02,6.86484415e-04,2.73700556e-05,0.00000000e+00,0.00000000e+00,0.00000000e+00,0.00000000e+00
8.93500000e+01,5.95705083e-04,2.32586980e-05,0.00000000e+00,0.00000000e+00,9.97272271e-05,9.70501872e-06,2.61728049e-06,1.83594419e-06,6.15001699e-01,1.80525014e-02,3.02171598e+03,1.12723259e+02,6.95328268e-04,2.67990522e-05,0.00000000e+00,0.00000000e+00,4.59780000e+00,6.29086088e-02
8.94500000e+01,5.86578762e-04,2.31389191e-05,0.00000000e+00,0.00000000e+00,9.83728484e-05,9.00542743e-06,2.61728049e-06,1.83594419e-06,6.05192998e-01,1.76001376e-02,2.97478970e+03,1.12612394e+02,6.84847569e-04,2.66523168e-05,0.00000000e+00,0.00000000e+00,0.00000000e+00,0.00000000e+00
8.95500000e+01,5.94128450e-04,2.28027923e-05,0.00000000e+00,0.00000000e+00,1.03762609e-04,1.55836612e-05,2.61728049e-06,1.83594419e-06,6.07762063e-01,1.80365328e-02,3.01213798e+03,1.10659630e+02,6.97787018e-04,2.96109030e-05,0.00000000e+00,0.00000000e+00,4.58820000e+00,6.20662516e-02
8.96500000e+01,5.90164210e-04,2.38217033e-05,0.00000000e+00,0.00000000e+00,8.65123293e-05,6.11421196e-06,2.61728049e-06,1.83594419e-06,6.00450416e-01,1.74336586e-02,2.99554738e+03,1.15533480e+02,6.76572498e-04,2.61351966e-05,0.00000000e+00,0.00000000e+00,0.00000000e+00,0.00000000e+00
8.97500000e+01,5.87312936e-04,2.16977900e-05,0.00000000e+00,0.00000000e+00,8.64842797e-05,7.05943855e-06,2.61728049e-06,1.83594419e-06,6.01935419e-01,1.76223857e-02,2.98177301e+03,1.05587600e+02,6.73693173e-04,2.44764981e-05,0.00000000e+00,0.00000000e+00,4.57340000e+00,6.37563026e-02
8.98500000e+01,5.58060445e-04,2.02702804e-05,0.00000000e+00,0.00000000e+00,8.34854690e-05,5.94187286e-06,2.74777829e-06,1.93533421e-06,5.89861455e-01,1.69556430e-02,2.83942502e+03,9.84845695e+01,6.41436305e-04,2.22459372e-05,0.00000000e+00,0.00000000e+00,0.00000000e+00,0.00000000e+00
8.99500000e+01,5.57179346e-04,2.23049181e-05,0.00000000e+00,0.00000000e+00,9.20404365e-05,1.30286335e-05,3.00839927e-06,2.14383561e-06,5.86646473e-01,1.78037859e-02,2.83751925e+03,1.08835755e+02,6.49099056e-04,2.72355512e-05,0.00000000e+00,0.00000000e+00,4.56260000e+00,6.32402675e-02
9.00500000e+01,5.63649409e-04,2.10323202e-05,0.00000000e+00,0.00000000e+00,8.86239067e-05,1.23951735e-05,3.00839927e-06,2.14383561e-06,5.87212338e-01,1.71999706e-02,2.86878322e+03,1.02099054e+02,6.52152589e-04,2.61944725e-05,0.00000000e+00,0.00000000e+00,0.00000000e+00,0.00000000e+00
9.01500000e+01,5.62966573e-04,2.23925139e-05,0.00000000e+00,0.00000000e+00,8.67733665e-05,1.20475979e-05,3.00839927e-06,2.14383561e-06,5.83473454e-01,1.74319695e-02,2.86126909e+03,1.08588955e+02,6.49619213e-04,2.75504333e-05,0.00000000e+00,0.00000000e+00,4.55500000e+00,6.44304719e-02
9.02500000e+01,5.73014983e-04,2.50337207e-05,0.00000000e+00,0.00000000e+00,7.41952737e-05,5.27083988e-06,3.00839927e-06,2.14383561e-06,5.90055083e-01,1.74396626e-02,2.90967915e+03,1.21733024e+02,6.47089530e-04,2.65560222e-05,0.00000000e+00,0.00000000e+00,0.00000000e+00,0.00000000e+00
9.03500000e+01,5.66837058e-04,2.44891657e-05,0.00000000e+00,0.00000000e+00,8.28503961e-05,1.19079344e-05,3.00839927e-06,2.14383561e-06,5.82071763e-01,1.75469370e-02,2.87925467e+03,1.19535521e+02,6.49566727e-04,2.80141138e-05,0.00000000e+00,0.00000000e+00,4.53880000e+00,6.15690354e-02
9.04500000e+01,5.66571476e-04,2.17793817e-05,0.00000000e+00,0.00000000e+00,9.40622752e-05,2.26896394e-05,3.00839927e-06,2.14383561e-06,5.81255557e-01,1.74277479e-02,2.87634264e+03,1.07047701e+02,6.60513025e-04,3.21417007e-05,0.00000000e+00,0.00000000e+00,0.00000000e+00,0.00000000e+00
9.05500000e+01,5.64038793e-04,2.13926140e-05,0.00000000e+00,0.00000000e+00,9.46151844e-05,2.25176304e-05,3.00839927e-06,2.14383561e-06,5.81912505e-01,1.77405680e-02,2.86534548e+03,1.04902878e+02,6.58533250e-04,3.18057542e-05,0.00000000e+00,0.00000000e+00,4.53980000e+00,6.10329386e-02
9.06500000e+01,5.71652768e-04,2.30008610e-05,0.00000000e+00,0.00000000e+00,9.03401311e-05,1.80243757e-05,3.00839927e-06,2.14383561e-06,5.79966192e-01,1.81411084e-02,2.90188895e+03,1.13349944e+02,6.61872172e-04,3.13671426e-05,0.00000000e+00,0.00000000e+00,0.00000000e+00,0.00000000e+00
9.07500000e+01,5.61951188e-04,2.22173491e-05,0.00000000e+00,0.00000000e+00,7.67910042e-05,7.44337509e-06,3.00839927e-06,2.14383561e-06,5.75409568e-01,1.77467816e-02,2.85137901e+03,1.09085350e+02,6.38621465e-04,2.56098913e-05,0.00000000e+00,0.00000000e+00,4.54620000e+00,5.97565742e-02
9.08500000e+01,5.64033874e-04,2.24036170e-05,0.00000000e+00,0.00000000e+00,7.01973524e-05,5.84573640e-06,3.00839927e-06,2.14383561e-06,5.71520960e-01,1.67744576e-02,2.85891519e+03,1.09227976e+02,6.34110499e-04,2.47018266e-05,0.00000000e+00,0.00000000e+00,0.00000000e+00,0.00000000e+00
9.09500000e+01,5.62136895e-04,2.22954962e-05,0.00000000e+00,0.00000000e+00,7.26370724e-05,6.14474698e-06,3.00839927e-06,2.14383561e-06,5.73414367e-01,1.64348910e-02,2.85207533e+03,1.08610642e+02,6.34653240e-04,2.44111581e-05,0.00000000e+00,0.00000000e+00,4.54780000e+00,6.15051284e-02
9.10500000e+01,5.66155555e-04,2.18688121e-05,0.00000000e+00,0.00000000e+00,7.44532422e-05,6.21759676e-06,3.00839927e-06,2.14383561e-06,5.78347055e-01,1.57047908e-02,2.86797880e+03,1.06043763e+02,6.40488070e-04,2.37350002e-05,0.00000000e+00,0.00000000e+00,0.00000000e+00,0.00000000e+00
9.11500000e+01,5.60216795e-04,2.17541379e-05,0.00000000e+00,0.00000000e+00,7.71488131e-05,7.72753342e-06,3.00839927e-06,2.14383561e-06,5.69319270e-01,1.55443689e-02,2.83797866e+03,1.05124844e+02,6.37244881e-04,2.41068441e-05,0.00000000e+00,0.00000000e+00,4.52240000e+00,6.05933653e-02
9.12500000e+01,5.49452605e-04,2.13892943e-05,0.00000000e+00,0.00000000e+00,7.80199199e-05,7.90796086e-06,3.00839927e-06,2.14383561e-06,5.67785297e-01,1.67745187e-02,2.78580363e+03,1.03718282e+02,6.27351798e-04,2.41967113e-05,0.00000000e+00,0.00000000e+00,0.00000000e+00,0.00000000e+00
9.13500000e+01,5.46529527e-04,2.19854852e-05,0.00000000e+00,0.00000000e+00,7.38033315e-05,6.86436720e-06,3.00839927e-06,2.14383561e-06,5.61215495e-01,1.65751582e-02,2.76806410e+03,1.06799071e+02,6.20212132e-04,2.45895463e-05,0.00000000e+00,0.00000000e+00,4.50380000e+00,5.87258522e-02
9.14500000e+01,5.45555891e-04,2.20464644e-05,0.00000000e+00,0.00000000e+00,7.17102994e-05,5.40038319e-06,3.00839927e-06,2.14383561e-06,5.66699515e-01,1.78537881e-02,2.76772782e+03,1.08583900e+02,6.17145464e-04,2.40083374e-05,0.00000000e+00,0.00000000e+00,0.00000000e+00,0.00000000e+00
9.15500000e+01,5.40735974e-04,2.13125006e-05,0.00000000e+00,0.00000000e+00,7.32228491e-05,5.82471057e-06,3.00839927e-06,2.14383561e-06,5.60892123e-01,1.67764428e-02,2.74172914e+03,1.04443546e+02,6.13838096e-04,2.32843976e-05,0.00000000e+00,0.00000000e+00,4.48680000e+00,5.90575230e-02
9.16500000e+01,5.38833279e-04,2.17175528e-05,0.00000000e+00,0.00000000e+00,7.38280284e-05,5.83920261e-06,3.00839927e-06,2.14383561e-06,5.57493146e-01,1.69812730e-02,2.73263087e+03,1.06726824e+02,6.12540580e-04,2.41908550e-05,0.00000000e+00,0.00000000e+00,0.00000000e+00,0.00000000e+00
9.17500000e+01,5.37823315e-04,2.15684161e-05,0.00000000e+00,0.00000000e+00,8.14223580e-05,8.92544830e-06,3.00839927e-06,2.14383561e-06,5.59218772e-01,1.72157311e-02,2.72713540e+03,1.06719903e+02,6.19124946e-04,2.45966187e-05,0.00000000e+00,0.00000000e+00,4.48280000e+00,5.88745051e-02
9.18500000e+01,5.35353088e-04,2.15026986e-05,0.00000000e+00,0.00000000e+00,7.19957329e-05,5.15511725e-06,3.00839927e-06,2.14383561e-06,5.54798186e-01,1.68395464e-02,2.71281897e+03,1.05505729e+02,6.07228094e-04,2.36639066e-05,0.00000000e+00,0.00000000e+00,0.00000000e+00,0.00000000e+00
9.19500000e+01,5.36910072e-04,2.09680803e-05,0.00000000e+00,0.00000000e+00,7.19219156e-05,5.27928057e-06,3.00839927e-06,2.14383561e-06,5.56669821e-01,1.72258117e-02,2.72058705e+03,1.02434079e+02,6.08711261e-04,2.32696314e-05,0.00000000e+00,0.00000000e+00,4.48340000e+00,5.83512307e-02
9.20500000e+01,5.49152065e-04,2.23976514e-05,0.00000000e+00,0.00000000e+00,7.31843994e-05,5.28645328e-06,3.00839927e-06,2.14383561e-06,5.54769940e-01,1.63052871e-02,2.77876956e+03,1.08242817e+02,6.22215737e-04,2.45797704e-05,0.00000000e+00,0.00000000e+00,0.00000000e+00,0.00000000e+00
9.21500000e+01,5.46054728e-04,2.17497878e-05,0.00000000e+00,0.00000000e+00,7.68943637e-05,5.87719534e-06,3.00839927e-06,2.14383561e-06,5.48410872e-01,1.63172422e-02,2.76805460e+03,1.05355343e+02,6.22828364e-04,2.49529470e-05,0.00000000e+00,0.00000000e+00,4.46580000e+00,5.60961929e-02
9.22500000e+01,5.47655590e-04,2.37187710e-05,0.00000000e+00,0.00000000e+00,7.72745097e-05,6.08463869e-06,3.00839927e-06,2.14383561e-06,5.46356316e-01,1.62301327e-02,2.76982677e+03,1.14294598e+02,6.24809372e-04,2.67065591e-05,0.00000000e+00,0.00000000e+00,0.00000000e+00,0.00000000e+00
9.23500000e+01,5.39289202e-04,2.37416765e-05,0.00000000e+00,0.00000000e+00,8.71972155e-05,8.29774179e-06,3.00839927e-06,2.14383561e-06,5.44973009e-01,1.63204982e-02,2.73016926e+03,1.14557529e+02,6.26365690e-04,2.79728076e-05,0.00000000e+00,0.00000000e+00,4.44000000e+00,5.83158186e-02
9.24500000e+01,5.38796626e-04,2.22292432e-05,0.00000000e+00,0.00000000e+00,1.04819042e-04,2.23685980e-05,3.00839927e-06,2.14383561e-06,5.45114090e-01,1.68547668e-02,2.72579331e+03,1.07247635e+02,6.43494941e-04,3.48691978e-05,0.00000000e+00,0.00000000e+00,0.00000000e+00,0.00000000e+00
9.25500000e+01,5.33864691e-04,2.19111367e-05,0.00000000e+00,0.00000000e+00,1.10184285e-04,3.36003315e-05,3.00839927e-06,2.14383561e-06,5.42166507e-01,1.63726085e-02,2.70162421e+03,1.05682509e+02,6.43928249e-04,4.08000155e-05,0.00000000e+00,0.00000000e+00,4.43180000e+00,5.77423482e-02
9.26500000e+01,5.36392110e-04,2.25884424e-05,0.00000000e+00,0.00000000e+00,1.09612534e-04,2.81484244e-05,3.00839927e-06,2.14383561e-06,5.40354028e-01,1.60814900e-02,2.71122406e+03,1.09378443e+02,6.45883916e-04,3.64970904e-05,0.00000000e+00,0.00000000e+00,0.00000000e+00,0.00000000e+00
9.27500000e+01,5.28459370e-04,2.12853509e-05,0.00000000e+00,0.00000000e+00,8.22274544e-05,1.18834515e-05,3.00839927e-06,2.14383561e-06,5.36976608e-01,1.63686180e-02,2.67286191e+03,1.03575434e+02,6.10566097e-04,2.44199480e-05,0.00000000e+00,0.00000000e+00,4.43160000e+00,5.87352135e-02
9.28500000e+01,5.27019800e-04,2.17972444e-05,0.00000000e+00,0.00000000e+00,7.20215431e-05,5.13379229e-06,3.00839927e-06,2.14383561e-06,5.32211263e-01,1.65582487e-02,2.66313987e+03,1.05574839e+02,5.98920616e-04,2.24815867e-05,0.00000000e+00,0.00000000e+00,0.00000000e+00,0.00000000e+00
9.29500000e+01,5.30040995e-04,2.16870758e-05,0.00000000e+00,0.00000000e+00,7.53475743e-05,6.22569643e-06,3.00839927e-06,2.14383561e-06,5.36307140e-01,1.62785205e-02,2.67866434e+03,1.05063850e+02,6.05267842e-04,2.24676232e-05,0.00000000e+00,0.00000000e+00,4.42000000e+00,5.95609789e-02
9.30500000e+01,5.23243743e-04,2.14952443e-05,0.00000000e+00,0.00000000e+00,8.16925745e-05,1.20417483e-05,3.00839927e-06,2.14383561e-06,5.32620429e-01,1.61342342e-02,2.64583465e+03,1.04155934e+02,6.04815591e-04,2.36390809e-05,0.00000000e+00,0.00000000e+00,0.00000000e+00,0.00000000e+00
9.31500000e+01,5.24023653e-04,2.00853360e-05,0.00000000e+00,0.00000000e+00,1.13259356e-04,2.60323249e-05,3.00839927e-06,2.14383561e-06,5.40628427e-01,1.53959365e-02,2.65732756e+03,9.82514202e+01,6.37162282e-04,3.21730640e-05,0.00000000e+00,0.00000000e+00,4.40780000e+00,6.13230256e-02
9.32500000e+01,5.27864547e-04,2.27297857e-05,0.00000000e+00,0.00000000e+00,1.08006860e-04,2.84597205e-05,3.00839927e-06,2.14383561e-06,5.31600192e-01,1.63837634e-02,2.67130985e+03,1.10805384e+02,6.35750680e-04,3.66311977e-05,0.00000000e+00,0.00000000e+00,0.00000000e+00,0.00000000e+00
9.33500000e+01,5.22601153e-04,2.16445233e-05,0.00000000e+00,0.00000000e+00,1.28311929e-04,3.75975523e-05,3.00839927e-06,2.14383561e-06,5.29424539e-01,1.59028121e-02,2.64611837e+03,1.05736319e+02,6.50792354e-04,4.50815365e-05,0.00000000e+00,0.00000000e+00,4.39440000e+00,6.23270898e-02
9.34500000e+01,5.26490559e-04,2.38692627e-05,0.00000000e+00,0.00000000e+00,1.19501185e-04,3.34451742e-05,3.00839927e-06,2.14383561e-06,5.38704526e-01,1.85789789e-02,2.66712061e+03,1.15994780e+02,6.45871017e-04,4.20980952e-05,0.00000000e+00,0.00000000e+00,0.00000000e+00,0.00000000e+00
9.35500000e+01,5.17178247e-04,2.24419951e-05,0.00000000e+00,0.00000000e+00,8.36814095e-05,6.47549559e-06,3.00839927e-06,2.14383561e-06,5.26387990e-01,1.61371825e-02,2.62016297e+03,1.08682593e+02,6.00738929e-04,2.39387193e-05,0.00000000e+00,0.00000000e+00,4.38120000e+00,6.30967123e-02
9.36500000e+01,5.16231879e-04,2.17259522e-05,0.00000000e+00,0.00000000e+00,8.18716460e-05,6.19549650e-06,3.00839927e-06,2.14383561e-06,5.23738147e-01,1.63014904e-02,2.61464697e+03,1.05672078e+02,5.97982798e-04,2.37851902e-05,0.00000000e+00,0.00000000e+00,0.00000000e+00,0.00000000e+00
9.37500000e+01,5.19629901e-04,2.13375461e-05,0.00000000e+00,0.00000000e+00,8.00651373e-05,6.12490251e-06,3.00839927e-06,2.14383561e-06,5.26535308e-01,1.54777240e-02,2.63083162e+03,1.03785012e+02,5.99574311e-04,2.31737341e-05,0.00000000e+00,0.00000000e+00,4.35920000e+00,6.38383418e-02
9.38500000e+01,5.32148420e-04,2.35945241e-05,0.00000000e+00,0.00000000e+00,8.33524440e-05,7.64211116e-06,3.00839927e-06,2.14383561e-06,5.37940524e-01,1.66529600e-02,2.69133263e+03,1.14710487e+02,6.15380137e-04,2.56622209e-05,0.00000000e+00,0.00000000e+00,0.00000000e+00,0.00000000e+00
9.39500000e+01,5.32972991e-04,2.40028505e-05,0.00000000e+00,0.00000000e+00,9.86367681e-05,1.39540577e-05,3.00839927e-06,2.14383561e-06,5.35925536e-01,1.69928751e-02,2.69390473e+03,1.16521435e+02,6.31489032e-04,2.80363440e-05,0.00000000e+00,0.00000000e+00,4.34860000e+00,6.24107591e-02
9.40500000e+01,5.21973146e-04,2.29769559e-05,0.00000000e+00,0.00000000e+00,1.00867313e-04,1.36447605e-05,3.00839927e-06,2.14383561e-06,5.23516146e-01,1.57577311e-02,2.63881781e+03,1.11190987e+02,6.22719732e-04,2.66664661e-05,0.00000000e+00,0.00000000e+00,0.00000000e+00,0.00000000e+00
9.41500000e+01,5.20546927e-04,2.32200160e-05,0.00000000e+00,0.00000000e+00,9.44883936e-05,1.19863533e-05,3.00839927e-06,2.14383561e-06,5.21213825e-01,1.70226517e-02,2.63439575e+03,1.13220404e+02,6.14914594e-04,2.76301713e-05,0.00000000e+00,0.00000000e+00,4.33220000e+00,6.32709044e-02
9.42500000e+01,5.19700562e-04,2.21406892e-05,0.00000000e+00,0.00000000e+00,9.63606042e-05,1.24605234e-05,3.00839927e-06,2.14383561e-06,5.19306339e-01,1.61242250e-02,2.63098967e+03,1.07476942e+02,6.15940438e-04,2.79402667e-05,0.00000000e+00,0.00000000e+00,0.00000000e+00,0.00000000e+00
9.43500000e+01,5.17450381e-04,2.15162333e-05,0.00000000e+00,0.00000000e+00,9.50127011e-05,1.20194662e-05,3.00839927e-06,2.14383561e-06,5.17879940e-01,1.50225031e-02,2.62190292e+03,1.03942626e+02,6.12342355e-04,2.56645060e-05,0.00000000e+00,0.00000000e+00,4.31940000e+00,6.12258515e-02
9.44500000e+01,5.13935574e-04,2.15163459e-05,0.00000000e+00,0.00000000e+00,9.16684497e-05,1.16259041e-05,3.00839927e-06,2.14383561e-06,5.12823384e-01,1.36501170e-02,2.60640403e+03,1.03559302e+02,6.05483296e-04,2.53019473e-05,0.00000000e+00,0.00000000e+00,0.00000000e+00,0.00000000e+00
9.45500000e+01,5.10326143e-04,2.05722411e-05,0.00000000e+00,0.00000000e+00,8.68186549e-05,1.05649699e-05,3.00839927e-06,2.14383561e-06,5.07387593e-01,1.44424406e-02,2.58409221e+03,9.92576506e+01,5.97024071e-04,2.43530964e-05,0.00000000e+00,0.00000000e+00,4.30460000e+00,6.16091764e-02
9.46500000e+01,4.97826133e-04,2.13524264e-05,0.00000000e+00,0.00000000e+00,9.05584235e-05,9.48145151e-06,3.00839927e-06,2.14383561e-06,5.01800280e-01,1.51246882e-02,2.52177013e+03,1.03850681e+02,5.88263829e-04,2.61934665e-05,0.00000000e+00,0.00000000e+00,0.00000000e+00,0.00000000e+00
9.47500000e+01,5.09665294e-04,2.31425945e-05,0.00000000e+00,0.00000000e+00,9.21869441e-05,1.24707719e-05,3.00839927e-06,2.14383561e-06,5.12244763e-01,1.60163889e-02,2.57948717e+03,1.12922930e+02,6.01731511e-04,2.84021762e-05,0.00000000e+00,0.00000000e+00,4.29980000e+00,6.21193650e-02
9.48500000e+01,5.07659188e-04,2.38602784e-05,0.00000000e+00,0.00000000e+00,8.20363174e-05,1.05658887e-05,3.00839927e-06,2.14383561e-06,5.10344983e-01,1.63133510e-02,2.57054409e+03,1.16994603e+02,5.88839331e-04,2.71088823e-05,0.00000000e+00,0.00000000e+00,0.00000000e+00,0.00000000e+00
9.49500000e+01,4.88445249e-04,2.02526331e-05,0.00000000e+00,0.00000000e+00,8.16539302e-05,9.71724305e-06,3.00839927e-06,2.14383561e-06,5.02359965e-01,1.43879879e-02,2.47669036e+03,9.88483946e+01,5.69487535e-04,2.36034439e-05,0.00000000e+00,0.00000000e+00,4.27880000e+00,6.02847935e-02
9.50500000e+01,4.97994588e-04,2.12705530e-05,0.00000000e+00,0.00000000e+00,9.47459117e-05,2.00695757e-05,3.00839927e-06,2.14383561e-06,5.09762011e-01,1.53427348e-02,2.52175834e+03,1.03085158e+02,5.92485017e-04,3.06060193e-05,0.00000000e+00,0.00000000e+00,0.00000000e+00,0.00000000e+00
9.51500000e+01,4.93996355e-04,2.10382171e-05,0.00000000e+00,0.00000000e+00,7.95652558e-05,7.73604665e-06,3.00839927e-06,2.14383561e-06,5.04304480e-01,1.45687401e-02,2.50330879e+03,1.02285291e+02,5.73306128e-04,2.39136205e-05,0.00000000e+00,0.00000000e+00,4.27240000e+00,6.11886077e-02
9.52500000e+01,4.90989668e-04,2.19868858e-05,0.00000000e+00,0.00000000e+00,9.11285976e-05,1.44395695e-05,3.00839927e-06,2.14383561e-06,4.92748747e-01,1.47885463e-02,2.49184215e+03,1.07888625e+02,5.81862782e-04,2.73139611e-05,0.00000000e+00,0.00000000e+00,0.00000000e+00,0.00000000e+00
9.53500000e+01,5.02412215e-04,2.52746898e-05,0.00000000e+00,0.00000000e+00,8.11707215e-05,7.54528024e-06,3.00839927e-06,2.14383561e-06,4.92445049e-01,1.49772738e-02,2.54523404e+03,1.22856714e+02,5.83327453e-04,2.75226180e-05,0.00000000e+00,0.00000000e+00,4.26200000e+00,6.18807279e-02
9.54500000e+01,4.95972575e-04,2.48421248e-05,0.00000000e+00,0.00000000e+00,8.12427119e-05,7.59017939e-06,3.00839927e-06,2.14383561e-06,4.96599575e-01,1.56310409e-02,2.51730051e+03,1.20858522e+02,5.76959804e-04,2.65197226e-05,0.00000000e+00,0.00000000e+00,0.00000000e+00,0.00000000e+00
9.55500000e+01,5.02898781e-04,2.50048069e-05,0.00000000e+00,0.00000000e+00,8.16324510e-05,7.28353856e-06,3.00839927e-06,2.14383561e-06,5.02363483e-01,1.52538851e-02,2.55460521e+03,1.21861483e+02,5.84275748e-04,2.63021549e-05,0.00000000e+00,0.00000000e+00,4.25780000e+00,6.10735856e-02
9.56500000e+01,4.92284292e-04,2.34894141e-05,0.00000000e+00,0.00000000e+00,8.93921877e-05,9.59963595e-06,3.00839927e-06,2.14383561e-06,4.96758855e-01,1.51225600e-02,2.50417387e+03,1.15056576e+02,5.81420996e-04,2.58496520e-05,0.00000000e+00,0.00000000e+00,0.00000000e+00,0.00000000e+00
9.57500000e+01,4.79887810e-04,2.18041572e-05,0.00000000e+00,0.00000000e+00,8.68531508e-05,9.33420442e-06,3.00839927e-06,2.14383561e-06,4.87388549e-01,1.53592919e-02,2.43817988e+03,1.06284449e+02,5.66584623e-04,2.45075492e-05,0.00000000e+00,0.00000000e+00,4.24820000e+00,6.03484372e-02
9.58500000e+01,4.71220261e-04,1.92894452e-05,0.00000000e+00,0.00000000e+00,8.66182395e-05,9.94596381e-06,3.00839927e-06,2.14383561e-06,4.78479549e-01,1.42876891e-02,2.39401293e+03,9.38123407e+01,5.57758599e-04,2.12734618e-05,0.00000000e+00,0.00000000e+00,0.00000000e+00,0.00000000e+00
9.59500000e+01,4.68084968e-04,1.85449077e-05,0.00000000e+00,0.00000000e+00,8.37401544e-05,9.69365684e-06,3.00839927e-06,2.14383561e-06,4.76145379e-01,1.33721019e-02,2.37537083e+03,8.96956091e+01,5.51745221e-04,2.04621134e-05,0.00000000e+00,0.00000000e+00,4.24040000e+00,5.88786091e-02
9.60500000e+01,4.65321145e-04,1.81093512e-05,0.00000000e+00,0.00000000e+00,8.70073229e-05,1.04054724e-05,3.00839927e-06,2.14383561e-06,4.74064614e-01,1.33199637e-02,2.35941483e+03,8.73352085e+01,5.52248567e-04,2.04601505e-05,0.00000000e+00,0.00000000e+00,0.00000000e+00,0.00000000e+00
9.61500000e+01,4.77132425e-04,2.06600517e-05,0.00000000e+00,0.00000000e+00,8.14890898e-05,9.07139552e-06,3.00839927e-06,2.14383561e-06,4.80546245e-01,1.33926129e-02,2.41782868e+03,9.83822324e+01,5.58541613e-04,2.16267740e-05,0.00000000e+00,0.00000000e+00,4.24140000e+00,5.92848606e-02
9.62500000e+01,4.79769633e-04,1.77892073e-05,0.00000000e+00,0.00000000e+00,7.88917770e-05,9.33902882e-06,3.00839927e-06,2.14383561e-06,4.76035140e-01,1.33142256e-02,2.42466514e+03,8.55696857e+01,5.58581509e-04,1.92838140e-05,0.00000000e+00,0.00000000e+00,0.00000000e+00,0.00000000e+00
9.63500000e+01,4.71766346e-04,1.84688445e-05,0.00000000e+00,0.00000000e+00,1.06573407e-04,2.49596431e-05,3.00839927e-06,2.14383561e-06,4.73681137e-01,1.29538743e-02,2.38867659e+03,8.92676247e+01,5.78259852e-04,3.01922291e-05,0.00000000e+00,0.00000000e+00,4.23820000e+00,5.91150314e-02
9.64500000e+01,4.65557277e-04,1.95938822e-05,0.00000000e+00,0.00000000e+00,1.20523282e-04,3.47267803e-05,3.00839927e-06,2.14383561e-06,4.63432986e-01,1.27287395e-02,2.35826364e+03,9.49266307e+01,5.86000658e-04,3.97901065e-05,0.00000000e+00,0.00000000e+00,0.00000000e+00,0.00000000e+00
9.65500000e+01,4.58413009e-04,1.85854939e-05,0.00000000e+00,0.00000000e+00,1.25202708e-04,3.38765485e-05,3.00839927e-06,2.14383561e-06,4.62509626e-01,1.26435843e-02,2.32639814e+03,9.03744576e+01,5.83535816e-04,3.90256625e-05,0.00000000e+00,0.00000000e+00,4.21740000e+00,5.74781662e-02
9.66500000e+01,4.54802287e-04,1.87733872e-05,0.00000000e+00,0.00000000e+00,1.24648559e-04,3.39323560e-05,3.00839927e-06,2.14383561e-06,4.68548754e-01,1.47104012e-02,2.31654455e+03,9.22577059e+01,5.79370944e-04,4.04668316e-05,0.00000000e+00,0.00000000e+00,0.00000000e+00,0.00000000e+00
9.67500000e+01,4.49705845e-04,1.85093142e-05,0.00000000e+00,0.00000000e+00,7.66023277e-05,7.87346279e-06,3.00839927e-06,2.14383561e-06,4.62733494e-01,1.37799254e-02,2.28686394e+03,9.02717935e+01,5.26228271e-04,2.16013655e-05,0.00000000e+00,0.00000000e+00,4.20880000e+00,5.82854622e-02
9.68500000e+01,4.64008258e-04,1.99205489e-05,0.00000000e+00,0.00000000e+00,7.48589814e-05,7.33950533e-06,3.00839927e-06,2.14383561e-06,4.70140965e-01,1.53318220e-02,2.35265126e+03,9.71652122e+01,5.38787338e-04,2.41329510e-05,0.00000000e+00,0.00000000e+00,0.00000000e+00,0.00000000e+00
9.69500000e+01,4.67007210e-04,1.93846515e-05,0.00000000e+00,0.00000000e+00,6.95064639e-05,7.45736105e-06,3.00839927e-06,2.14383561e-06,4.74097444e-01,1.54843468e-02,2.36981553e+03,9.44622643e+01,5.36433773e-04,2.29015753e-05,0.00000000e+00,0.00000000e+00,4.19300000e+00,5.79325787e-02
9.70500000e+01,4.58443305e-04,1.88380374e-05,0.00000000e+00,0.00000000e+00,7.01182947e-05,8.08985338e-06,3.00839927e-06,2.14383561e-06,4.65749426e-01,1.45857285e-02,2.32638896e+03,9.17140434e+01,5.28481698e-04,2.24499098e-05,0.00000000e+00,0.00000000e+00,0.00000000e+00,0.00000000e+00
9.71500000e+01,4.52859147e-04,1.91853276e-05,0.00000000e+00,0.00000000e+00,6.20116940e-05,6.00150590e-06,3.00839927e-06,2.14383561e-06,4.59102677e-01,1.45022424e-02,2.29647687e+03,9.33317167e+01,5.14790940e-04,2.08678065e-05,0.00000000e+00,0.00000000e+00,4.17660000e+00,5.73735415e-02
9.72500000e+01,4.59106792e-04,2.15068573e-05,0.00000000e+00,0.00000000e+00,5.72070114e-05,5.25834663e-06,3.00839927e-06,2.14383561e-06,4.60249459e-01,1.48712237e-02,2.32465461e+03,1.04444072e+02,5.16233902e-04,2.26637243e-05,0.00000000e+00,0.00000000e+00,0.00000000e+00,0.00000000e+00
9.73500000e+01,4.60643280e-04,2.27587242e-05,0.00000000e+00,0.00000000e+00,6.36752937e-05,7.06625310e-06,3.00839927e-06,2.14383561e-06,4.60990389e-01,1.51409864e-02,2.33167107e+03,1.10144679e+02,5.24238673e-04,2.40818664e-05,0.00000000e+00,0.00000000e+00,4.16580000e+00,5.72820376e-02
9.74500000e+01,4.57114532e-04,2.17649776e-05,0.00000000e+00,0.00000000e+00,5.48953807e-05,5.21815568e-06,3.00839927e-06,2.14383561e-06,4.54851421e-01,1.49324818e-02,2.31453271e+03,1.05694346e+02,5.11930011e-04,2.26763030e-05,0.00000000e+00,0.00000000e+00,0.00000000e+00,0.00000000e+00
9.75500000e+01,4.58600642e-04,2.13739992e-05,0.00000000e+00,0.00000000e+00,5.76899934e-05,5.77187529e-06,3.00839927e-06,2.14383561e-06,4.57518802e-01,1.46743060e-02,2.32204993e+03,1.04207676e+02,5.16210734e-04,2.30930639e-05,0.00000000e+00,0.00000000e+00,4.15180000e+00,5.79561340e-02
9.76500000e+01,4.50870544e-04,1.95427960e-05,0.00000000e+00,0.00000000e+00,6.27491516e-05,6.91118329e-06,3.00839927e-06,2.14383561e-06,4.57890865e-01,1.47934539e-02,2.28717603e+03,9.53655433e+01,5.13539794e-04,2.13659672e-05,0.00000000e+00,0.00000000e+00,0.00000000e+00,0.00000000e+00
9.77500000e+01,4.68135949e-04,2.14498691e-05,0.00000000e+00,0.00000000e+00,6.35683518e-05,6.71417424e-06,3.00839927e-06,2.14383561e-06,4.64506121e-01,1.55028984e-02,2.37051395e+03,1.03845829e+02,5.31624399e-04,2.30548596e-05,0.00000000e+00,0.00000000e+00,4.14420000e+00,5.66630499e-02
9.78500000e+01,4.69723611e-04,1.96797208e-05,0.00000000e+00,0.00000000e+00,5.77791318e-05,5.54902770e-06,3.00839927e-06,2.14383561e-06,4.64671034e-01,1.50791955e-02,2.37906088e+03,9.63999966e+01,5.27422841e-04,2.04204623e-05,0.00000000e+00,0.00000000e+00,0.00000000e+00,0.00000000e+00
9.79500000e+01,4.61537738e-04,1.90548525e-05,0.00000000e+00,0.00000000e+00,5.71404240e-05,5.62610509e-06,3.00839927e-06,2.14383561e-06,4.56177752e-01,1.40798994e-02,2.33782880e+03,9.28800858e+01,5.18598261e-04,1.97929368e-05,0.00000000e+00,0.00000000e+00,4.13400000e+00,5.71906943e-02
9.80500000e+01,4.56043993e-04,1.84779827e-05,0.00000000e+00,0.00000000e+00,6.68739520e-05,1.01765592e-05,3.00839927e-06,2.14383561e-06,4.52794464e-01,1.37299732e-02,2.31496330e+03,9.03104292e+01,5.22838044e-04,1.99478247e-05,0.00000000e+00,0.00000000e+00,0.00000000e+00,0.00000000e+00
9.81500000e+01,4.48251487e-04,1.80229703e-05,0.00000000e+00,0.00000000e+00,7.07394289e-05,1.11063685e-05,3.00839927e-06,2.14383561e-06,4.48007348e-01,1.42027520e-02,2.27130003e+03,8.75417919e+01,5.18911014e-04,2.04872064e-05,0.00000000e+00,0.00000000e+00,4.11020000e+00,5.75765613e-02
9.82500000e+01,4.47472937e-04,1.94507129e-05,0.00000000e+00,0.00000000e+00,7.26181219e-05,1.28523839e-05,3.00839927e-06,2.14383561e-06,4.49681439e-01,1.45183369e-02,2.26734333e+03,9.47414302e+01,5.20011157e-04,2.22003029e-05,0.00000000e+00,0.00000000e+00,0.00000000e+00,0.00000000e+00
9.83500000e+01,4.46151839e-04,1.95159103e-05,0.00000000e+00,0.00000000e+00,8.48523621e-05,1.64742492e-05,2.87148119e-06,2.03279964e-06,4.50242369e-01,1.34534305e-02,2.26091373e+03,9.48133011e+01,5.30928161e-04,2.29057419e-05,0.00000000e+00,0.00000000e+00,4.10320000e+00,5.79770820e-02
9.84500000e+01,4.45777243e-04,2.01296824e-05,0.00000000e+00,0.00000000e+00,9.68437991e-05,2.06721581e-05,1.22145707e-06,1.22145707e-06,4.47843798e-01,1.41828220e-02,2.25639258e+03,9.81199166e+01,5.42591537e-04,2.91782882e-05,0.00000000e+00,0.00000000e+00,0.00000000e+00,0.00000000e+00
9.85500000e+01,4.38461414e-04,1.99195912e-05,0.00000000e+00,0.00000000e+00,9.52658704e-05,2.41790129e-05,1.22145707e-06,1.22145707e-06,4.40493609e-01,1.37094577e-02,2.22238581e+03,9.74595284e+01,5.33697778e-04,3.30935967e-05,0.00000000e+00,0.00000000e+00,4.09140000e+00,5.72049734e-02
9.86500000e+01,4.37836319e-04,1.90199421e-05,0.00000000e+00,0.00000000e+00,7.63548636e-05,1.63463102e-05,1.22145707e-06,1.22145707e-06,4.39370059e-01,1.37568980e-02,2.21877163e+03,9.30496029e+01,5.14161677e-04,2.30314050e-05,0.00000000e+00,0.00000000e+00,0.00000000e+00,0.00000000e+00
9.87500000e+01,4.42672336e-04,2.03849133e-05,0.00000000e+00,0.00000000e+00,7.48085843e-05,1.30217654e-05,1.22145707e-06,1.22145707e-06,4.43155246e-01,1.44273634e-02,2.24362910e+03,9.99095995e+01,5.17451415e-04,2.35398533e-05,0.00000000e+00,0.00000000e+00,4.08840000e+00,5.73263910e-02
9.88500000e+01,4.43912247e-04,2.18107842e-05,0.00000000e+00,0.00000000e+00,6.69729393e-05,1.00248390e-05,1.22145707e-06,1.22145707e-06,4.43352806e-01,1.50654032e-02,2.24635458e+03,1.06458774e+02,5.10855681e-04,2.44338822e-05,0.00000000e+00,0.00000000e+00,0.00000000e+00,0.00000000e+00
9.89500000e+01,4.44051111e-04,2.08406882e-05,0.00000000e+00,0.00000000e+00,6.70784156e-05,9.68908830e-06,1.22145707e-06,1.22145707e-06,4.39151099e-01,1.52318245e-02,2.24514145e+03,1.01494871e+02,5.11100021e-04,2.47724680e-05,0.00000000e+00,0.00000000e+00,4.07600000e+00,5.69331868e-02
9.90500000e+01,4.33282348e-04,1.94433413e-05,0.00000000e+00,0.00000000e+00,5.96702833e-05,7.93967720e-06,1.22145707e-06,1.22145707e-06,4.32513948e-01,1.36112503e-02,2.19238248e+03,9.42975310e+01,4.92923126e-04,2.13253791e-05,0.00000000e+00,0.00000000e+00,0.00000000e+00,0.00000000e+00
9.91500000e+01,4.43695345e-04,2.15690397e-05,0.00000000e+00,0.00000000e+00,6.04973839e-05,8.04331225e-06,1.22145707e-06,1.22145707e-06,4.37853059e-01,1.37780380e-02,2.24243123e+03,1.04379758e+02,5.04163223e-04,2.33017931e-05,0.00000000e+00,0.00000000e+00,4.06120000e+00,5.68252890e-02
9.92500000e+01,4.29350153e-04,1.97752371e-05,0.00000000e+00,0.00000000e+00,5.92331873e-05,7.14648756e-06,1.22145707e-06,1.22145707e-06,4.33917372e-01,1.32554862e-02,2.17567259e+03,9.57900841e+01,4.88553834e-04,2.09412286e-05,0.00000000e+00,0.00000000e+00,0.00000000e+00,0.00000000e+00
9.93500000e+01,4.24200549e-04,2.00220391e-05,0.00000000e+00,0.00000000e+00,6.11250632e-05,7.50418650e-06,1.22145707e-06,1.22145707e-06,4.33003279e-01,1.43280603e-02,2.15648186e+03,9.76465374e+01,4.85296106e-04,2.14451959e-05,0.00000000e+00,0.00000000e+00,4.05500000e+00,5.56030024e-02
9.94500000e+01,4.18878704e-04,1.90746172e-05,0.00000000e+00,0.00000000e+00,5.99252796e-05,7.48694530e-06,1.22145707e-06,1.22145707e-06,4.24611987e-01,1.35646965e-02,2.12396853e+03,9.27045820e+01,4.78774477e-04,2.04510824e-05,0.00000000e+00,0.00000000e+00,0.00000000e+00,0.00000000e+00
9.95500000e+01,4.15743022e-04,1.85382114e-05,0.00000000e+00,0.00000000e+00,7.66234109e-05,1.62921678e-05,1.22145707e-06,1.22145707e-06,4.24323729e-01,1.32188876e-02,2.10647021e+03,8.96886722e+01,4.92336927e-04,2.33512738e-05,0.00000000e+00,0.00000000e+00,4.04220000e+00,5.61290714e-02
9.96500000e+01,4.19469421e-04,2.01774038e-05,0.00000000e+00,0.00000000e+00,6.59846332e-05,1.36793533e-05,1.22145707e-06,1.22145707e-06,4.17870406e-01,1.26302351e-02,2.12125914e+03,9.75358199e+01,4.85424549e-04,2.42592142e-05,0.00000000e+00,0.00000000e+00,0.00000000e+00,0.00000000e+00
9.97500000e+01,4.20970824e-04,1.87252203e-05,0.00000000e+00,0.00000000e+00,7.20819508e-05,1.47027590e-05,1.22145707e-06,1.22145707e-06,4.27379471e-01,1.29541326e-02,2.12856557e+03,9.01197903e+01,4.93023269e-04,2.32970751e-05,0.00000000e+00,0.00000000e+00,4.02920000e+00,5.79097398e-02
9.98500000e+01,4.21722813e-04,1.92479661e-05,0.00000000e+00,0.00000000e+00,6.84858905e-05,1.06149881e-05,1.22145707e-06,1.22145707e-06,4.27088383e-01,1.32406597e-02,2.13352061e+03,9.26836272e+01,4.90179197e-04,2.23061399e-05,0.00000000e+00,0.00000000e+00,0.00000000e+00,0.00000000e+00
9.99500000e+01,4.26208218e-04,1.98550844e-05,0.00000000e+00,0.00000000e+00,6.49497554e-05,9.61515938e-06,1.22145707e-06,1.22145707e-06,4.26612256e-01,1.30781277e-02,2.15533351e+03,9.56479276e+01,4.91128467e-04,2.34694548e-05,0.00000000e+00,0.00000000e+00,4.01080000e+00,5.81769574e-02
1.00050000e+02,4.32170763e-04,1.97831827e-05,0.00000000e+00,0.00000000e+00,6.43244556e-05,9.46389234e-06,9.39173552e-07,9.39173552e-07,4.34944883e-01,1.34005251e-02,2.18649139e+03,9.59954767e+01,4.96472532e-04,2.40846990e-05,0.00000000e+00,0.00000000e+00,0.00000000e+00,0.00000000e+00
1.00150000e+02,4.30774564e-04,1.95342545e-05,0.00000000e+00,0.00000000e+00,6.11599586e-05,9.11531271e-06,0.00000000e+00,0.00000000e+00,4.31388703e-01,1.31644365e-02,2.17838724e+03,9.42404466e+01,4.91934526e-04,2.28790398e-05,0.00000000e+00,0.00000000e+00,3.99680000e+00,5.81317575e-02
1.00250000e+02,4.26175706e-04,1.94417016e-05,0.00000000e+00,0.00000000e+00,5.80695922e-05,8.68072285e-06,0.00000000e+00,0.00000000e+00,4.23160224e-01,1.32081853e-02,2.15607437e+03,9.45083851e+01,4.84245301e-04,2.26272716e-05,0.00000000e+00,0.00000000e+00,0.00000000e+00,0.00000000e+00
1.00350000e+02,4.26132957e-04,1.87297435e-05,0.00000000e+00,0.00000000e+00,5.53836805e-05,8.05813663e-06,0.00000000e+00,0.00000000e+00,4.20512772e-01,1.30399468e-02,2.15618867e+03,9.16991591e+01,4.81516641e-04,2.18070698e-05,0.00000000e+00,0.00000000e+00,3.98740000e+00,5.78038979e-02
1.00450000e+02,4.26996812e-04,2.04357159e-05,0.00000000e+00,0.00000000e+00,5.57498055e-05,8.30599152e-06,0.00000000e+00,0.00000000e+00,4.21827701e-01,1.30532405e-02,2.16268618e+03,9.97737524e+01,4.82746621e-04,2.38302255e-05,0.00000000e+00,0.00000000e+00,0.00000000e+00,0.00000000e+00
1.00550000e+02,4.16779121e-04,1.84888296e-05,0.00000000e+00,0.00000000e+00,5.32368091e-05,6.79260697e-06,0.00000000e+00,0.00000000e+00,4.12076323e-01,1.30042127e-02,2.10932662e+03,8.96533558e+01,4.70015933e-04,2.13283321e-05,0.00000000e+00,0.00000000e+00,3.99100000e+00,5.75763911e-02
1.00650000e+02,4.12358458e-04,1.88194134e-05,0.00000000e+00,0.00000000e+00,5.27718858e-05,6.94849514e-06,0.00000000e+00,0.00000000e+00,4.09924677e-01,1.39080505e-02,2.08866174e+03,9.17964328e+01,4.65130348e-04,2.12793758e-05,0.00000000e+00,0.00000000e+00,0.00000000e+00,0.00000000e+00
1.00750000e+02,4.11889974e-04,1.97795401e-05,0.00000000e+00,0.00000000e+00,5.24078761e-05,7.13803209e-06,0.00000000e+00,0.00000000e+00,4.07924477e-01,1.43941522e-02,2.08552429e+03,9.69411386e+01,4.64297853e-04,2.20784065e-05,0.00000000e+00,0.00000000e+00,3.97840000e+00,5.74863675e-02
1.00850000e+02,4.13428042e-04,1.95402614e-05,0.00000000e+00,0.00000000e+00,7.88925285e-05,2.37503790e-05,0.00000000e+00,0.00000000e+00,4.11832242e-01,1.55158920e-02,2.09242109e+03,9.61312151e+01,4.92320574e-04,3.57730573e-05,0.00000000e+00,0.00000000e+00,0.00000000e+00,0.00000000e+00
1.00950000e+02,4.12052264e-04,2.01962167e-05,0.00000000e+00,0.00000000e+00,5.78274984e-05,8.01074098e-06,0.00000000e+00,0.00000000e+00,4.06680570e-01,1.56986241e-02,2.08413840e+03,9.87714113e+01,4.69879766e-04,2.36079510e-05,0.00000000e+00,0.00000000e+00,3.95580000e+00,5.62284625e-02
1.01050000e+02,4.14339773e-04,2.14764047e-05,0.00000000e+00,0.00000000e+00,6.05089016e-05,8.33943302e-06,0.00000000e+00,0.00000000e+00,4.12234568e-01,1.64649920e-02,2.09507279e+03,1.04257861e+02,4.74848678e-04,2.47494389e-05,0.00000000e+00,0.00000000e+00,0.00000000e+00,0.00000000e+00
1.01150000e+02,4.24523993e-04,2.27096759e-05,0.00000000e+00,0.00000000e+00,5.64585591e-05,7.39969577e-06,0.00000000e+00,0.00000000e+00,4.17198079e-01,1.65116024e-02,2.14887045e+03,1.11065860e+02,4.80982556e-04,2.49306652e-05,0.00000000e+00,0.00000000e+00,3.94060000e+00,5.53647718e-02
1.01250000e+02,4.33725777e-04,2.21749908e-05,0.00000000e+00,0.00000000e+00,5.53613797e-05,5.76114252e-06,0.00000000e+00,0.00000000e+00,4.19071193e-01,1.52424260e-02,2.19319487e+03,1.06827147e+02,4.89087160e-04,2.30209889e-05,0.00000000e+00,0.00000000e+00,0.00000000e+00,0.00000000e+00
1.01350000e+02,4.27479184e-04,1.97700052e-05,0.00000000e+00,0.00000000e+00,5.46094462e-05,7.04151437e-06,0.00000000e+00,0.00000000e+00,4.12120438e-01,1.36008839e-02,2.16111780e+03,9.47227804e+01,4.82088633e-04,2.05777750e-05,0.00000000e+00,0.00000000e+00,3.93320000e+00,5.61102704e-02
1.01450000e+02,4.26285720e-04,1.98568387e-05,0.00000000e+00,0.00000000e+00,4.87599652e-05,5.08192920e-06,0.00000000e+00,0.00000000e+00,4.08185511e-01,1.39299792e-02,2.15209510e+03,9.56081738e+01,4.75045688e-04,2.09466352e-05,0.00000000e+00,0.00000000e+00,0.00000000e+00,0.00000000e+00
1.01550000e+02,4.11519182e-04,1.88025273e-05,0.00000000e+00,0.00000000e+00,5.41057842e-05,8.22214764e-06,0.00000000e+00,0.00000000e+00,3.94603259e-01,1.31256965e-02,2.07950909e+03,9.07173396e+01,4.65624970e-04,2.25391445e-05,0.00000000e+00,0.00000000e+00,3.91020000e+00,5.67324476e-02
1.01650000e+02,4.07411820e-04,1.86851852e-05,0.00000000e+00,0.00000000e+00,4.74630566e-05,4.39969868e-06,0.00000000e+00,0.00000000e+00,4.02701754e-01,1.44158154e-02,2.06164684e+03,9.03058171e+01,4.54874880e-04,1.93879303e-05,0.00000000e+00,0.00000000e+00,0.00000000e+00,0.00000000e+00
1.01750000e+02,4.00665790e-04,1.84630041e-05,0.00000000e+00,0.00000000e+00,4.75940719e-05,4.15503233e-06,0.00000000e+00,0.00000000e+00,3.92836513e-01,1.34718315e-02,2.02636171e+03,8.92272518e+01,4.48259865e-04,1.83875836e-05,0.00000000e+00,0.00000000e+00,3.91040000e+00,5.83024906e-02
1.01850000e+02,4.04223207e-04,1.93519738e-05,0.00000000e+00,0.00000000e+00,5.20330535e-05,6.83420742e-06,0.00000000e+00,0.00000000e+00,3.93334361e-01,1.28317389e-02,2.04030268e+03,9.34212723e+01,4.56256263e-04,2.13542951e-05,0.00000000e+00,0.00000000e+00,0.00000000e+00,0.00000000e+00
1.01950000e+02,3.99339483e-04,1.76355818e-05,0.00000000e+00,0.00000000e+00,5.16269212e-05,6.91332907e-06,0.00000000e+00,0.00000000e+00,3.97011846e-01,1.25699386e-02,2.02291926e+03,8.52108359e+01,4.50966408e-04,2.01258093e-05,0.00000000e+00,0.00000000e+00,3.89660000e+00,5.65639317e-02
1.02050000e+02,3.89167036e-04,1.81844656e-05,0.00000000e+00,0.00000000e+00,5.36517314e-05,7.14559720e-06,0.00000000e+00,0.00000000e+00,3.88916294e-01,1.31725760e-02,1.96930067e+03,8.85757432e+01,4.42818770e-04,2.10949660e-05,0.00000000e+00,0.00000000e+00,0.00000000e+00,0.00000000e+00
1.02150000e+02,4.10504731e-04,2.24036902e-05,0.00000000e+00,0.00000000e+00,5.64051663e-05,7.43054294e-06,0.00000000e+00,0.00000000e+00,3.91553174e-01,1.34191925e-02,2.07104146e+03,1.08266057e+02,4.66909901e-04,2.46937387e-05,0.00000000e+00,0.00000000e+00,3.88640000e+00,5.66599308e-02
1.02250000e+02,3.97830316e-04,2.13370202e-05,0.00000000e+00,0.00000000e+00,5.57758053e-05,7.39010587e-06,0.00000000e+00,0.00000000e+00,3.85387757e-01,1.32883970e-02,2.01074038e+03,1.03342384e+02,4.53606125e-04,2.39866887e-05,0.00000000e+00,0.00000000e+00,0.00000000e+00,0.00000000e+00
1.02350000e+02,4.07198523e-04,2.18880347e-05,0.00000000e+00,0.00000000e+00,5.67236278e-05,7.20160107e-06,0.00000000e+00,0.00000000e+00,3.93844517e-01,1.29599900e-02,2.05477625e+03,1.05825019e+02,4.63922154e-04,2.38222756e-05,0.00000000e+00,0.00000000e+00,3.87300000e+00,5.72372435e-02
1.02450000e+02,4.08924628e-04,2.19590968e-05,0.00000000e+00,0.00000000e+00,5.77194845e-05,7.12167071e-06,0.00000000e+00,0.00000000e+00,3.94451200e-01,1.28861360e-02,2.06443363e+03,1.06898417e+02,4.66644116e-04,2.38890519e-05,0.00000000e+00,0.00000000e+00,0.00000000e+00,0.00000000e+00
1.02550000e+02,4.10542240e-04,2.16228491e-05,0.00000000e+00,0.00000000e+00,5.79905821e-05,6.74390982e-06,0.00000000e+00,0.00000000e+00,4.00159386e-01,1.23570713e-02,2.07545179e+03,1.05271674e+02,4.68532826e-04,2.36867929e-05,0.00000000e+00,0.00000000e+00,3.86680000e+00,5.66841878e-02
1.02650000e+02,4.01570168e-04,2.03089074e-05,0.00000000e+00,0.00000000e+00,5.93528933e-05,7.04115382e-06,0.00000000e+00,0.00000000e+00,3.92969561e-01,1.17757605e-02,2.02736868e+03,9.80803115e+01,4.60923065e-04,2.29535205e-05,0.00000000e+00,0.00000000e+00,0.00000000e+00,0.00000000e+00
1.02750000e+02,4.04489133e-04,2.14496681e-05,0.00000000e+00,0.00000000e+00,5.69583874e-05,7.66015480e-06,0.00000000e+00,0.00000000e+00,3.92443756e-01,1.24736442e-02,2.04020755e+03,1.03244777e+02,4.61447524e-04,2.47975383e-05,0.00000000e+00,0.00000000e+00,3.85320000e+00,5.74160896e-02
1.02850000e+02,3.97704195e-04,1.96698405e-05,0.00000000e+00,0.00000000e+00,5.59646518e-05,7.72580851e-06,0.00000000e+00,0.00000000e+00,3.89667577e-01,1.14692816e-02,2.00969469e+03,9.45622535e+01,4.53668850e-04,2.26679915e-05,0.00000000e+00,0.00000000e+00,0.00000000e+00,0.00000000e+00
1.02950000e+02,4.06006920e-04,2.04499212e-05,0.00000000e+00,0.00000000e+00,5.34974587e-05,7.12296114e-06,0.00000000e+00,0.00000000e+00,3.90973167e-01,1.28023340e-02,2.04861269e+03,9.88555862e+01,4.59504382e-04,2.30109007e-05,0.00000000e+00,0.00000000e+00,3.84920000e+00,5.80695150e-02
1.03050000e+02,4.05440061e-04,2.01373842e-05,0.00000000e+00,0.00000000e+00,5.16152352e-05,5.69390342e-06,0.00000000e+00,0.00000000e+00,3.93922836e-01,1.22767019e-02,2.05016503e+03,9.76658002e+01,4.57055300e-04,2.20180120e-05,0.00000000e+00,0.00000000e+00,0.00000000e+00,0.00000000e+00
1.03150000e+02,4.07990302e-04,1.98714831e-05,0.00000000e+00,0.00000000e+00,5.70467407e-05,7.23450496e-06,0.00000000e+00,0.00000000e+00,3.90429532e-01,1.27198429e-02,2.05679563e+03,9.62501586e+01,4.65037046e-04,2.09995019e-05,0.00000000e+00,0.00000000e+00,3.83980000e+00,5.76467002e-02
1.03250000e+02,4.11712849e-04,2.11396822e-05,0.00000000e+00,0.00000000e+00,4.98419877e-05,4.09233437e-06,0.00000000e+00,0.00000000e+00,3.88643644e-01,1.31303210e-02,2.07380078e+03,1.02472928e+02,4.61554840e-04,2.23991941e-05,0.00000000e+00,0.00000000e+00,0.00000000e+00,0.00000000e+00
1.03350000e+02,4.18778680e-04,2.26568612e-05,0.00000000e+00,0.00000000e+00,5.15785430e-05,4.57804385e-06,0.00000000e+00,0.00000000e+00,3.91553334e-01,1.34032161e-02,2.10715193e+03,1.09730200e+02,4.70357227e-04,2.44246693e-05,0.00000000e+00,0.00000000e+00,3.82980000e+00,5.70538521e-02
1.03450000e+02,4.26394968e-04,2.25354247e-05,0.00000000e+00,0.00000000e+00,5.95480547e-05,1.23139799e-05,0.00000000e+00,0.00000000e+00,3.91795000e-01,1.32019654e-02,2.14203165e+03,1.08984812e+02,4.85943026e-04,2.79347199e-05,0.00000000e+00,0.00000000e+00,0.00000000e+00,0.00000000e+00
1.03550000e+02,4.18912992e-04,2.01405894e-05,0.00000000e+00,0.00000000e+00,4.54747624e-05,3.46132839e-06,0.00000000e+00,0.00000000e+00,3.85914866e-01,1.18728289e-02,2.10774243e+03,9.71980005e+01,4.64387758e-04,2.10031213e-05,0.00000000e+00,0.00000000e+00,3.82460000e+00,5.60962802e-02
1.03650000e+02,4.05848069e-04,1.94014268e-05,0.00000000e+00,0.00000000e+00,4.21051825e-05,3.09405668e-06,0.00000000e+00,0.00000000e+00,3.78302681e-01,1.20097086e-02,2.04345191e+03,9.34913513e+01,4.47953254e-04,2.02315835e-05,0.00000000e+00,0.00000000e+00,0.00000000e+00,0.00000000e+00
1.03750000e+02,4.03289146e-04,1.98341843e-05,0.00000000e+00,0.00000000e+00,8.30315351e-05,4.15264387e-05,0.00000000e+00,0.00000000e+00,3.80974383e-01,1.27570232e-02,2.03126704e+03,9.54541313e+01,4.86320684e-04,4.43247633e-05,0.00000000e+00,0.00000000e+00,3.81380000e+00,5.69460110e-02
1.03850000e+02,4.05255663e-04,2.01489018e-05,0.00000000e+00,0.00000000e+00,4.06955428e-05,3.07050832e-06,0.00000000e+00,0.00000000e+00,3.80617876e-01,1.24781075e-02,2.04130577e+03,9.69341507e+01,4.45951209e-04,2.10772951e-05,0.00000000e+00,0.00000000e+00,0.00000000e+00,0.00000000e+00
1.03950000e+02,4.04353950e-04,2.02611103e-05,0.00000000e+00,0.00000000e+00,4.12429856e-05,3.19892516e-06,0.00000000e+00,0.00000000e+00,3.80332240e-01,1.25356350e-02,2.03447292e+03,9.75220484e+01,4.45596939e-04,2.11986278e-05,0.00000000e+00,0.00000000e+00,3.80160000e+00,5.81485501e-02
1.04050000e+02,4.09269649e-04,2.32843384e-05,0.00000000e+00,0.00000000e+00,4.03478443e-05,2.73304723e-06,0.00000000e+00,0.00000000e+00,3.80624330e-01,1.26489431e-02,2.05992048e+03,1.11985197e+02,4.49617497e-04,2.38242948e-05,0.00000000e+00,0.00000000e+00,0.00000000e+00,0.00000000e+00
1.04150000e+02,4.19302239e-04,2.51146536e-05,0.00000000e+00,0.00000000e+00,4.10020778e-05,2.89393944e-06,0.00000000e+00,0.00000000e+00,3.83134123e-01,1.24126205e-02,2.10610656e+03,1.20457142e+02,4.60304319e-04,2.56328497e-05,0.00000000e+00,0.00000000e+00,3.77980000e+00,5.67892560e-02
1.04250000e+02,4.02949613e-04,1.91331472e-05,0.00000000e+00,0.00000000e+00,4.17551630e-05,3.10715862e-06,0.00000000e+00,0.00000000e+00,3.80746044e-01,1.11624871e-02,2.02570908e+03,9.18328256e+01,4.44704779e-04,1.96914827e-05,0.00000000e+00,0.00000000e+00,0.00000000e+00,0.00000000e+00
1.04350000e+02,4.06211615e-04,1.90966381e-05,0.00000000e+00,0.00000000e+00,4.31965676e-05,3.71438177e-06,0.00000000e+00,0.00000000e+00,3.79836806e-01,1.18790415e-02,2.04207148e+03,9.17355809e+01,4.49408186e-04,2.00294018e-05,0.00000000e+00,0.00000000e+00,3.77360000e+00,5.71548273e-02
1.04450000e+02,4.04053089e-04,2.07552209e-05,0.00000000e+00,0.00000000e+00,4.50879904e-05,3.43842422e-06,0.00000000e+00,0.00000000e+00,3.73842184e-01,1.17295208e-02,2.03003109e+03,9.95635702e+01,4.49141082e-04,2.13394200e-05,0.00000000e+00,0.00000000e+00,0.00000000e+00,0.00000000e+00
1.04550000e+02,3.98609056e-04,2.15819488e-05,0.00000000e+00,0.00000000e+00,4.59733074e-05,3.83491004e-06,0.00000000e+00,0.00000000e+00,3.71247506e-01,1.16690139e-02,2.00240475e+03,1.03625176e+02,4.44582366e-04,2.25054980e-05,0.00000000e+00,0.00000000e+00,3.76220000e+00,5.72215815e-02
1.04650000e+02,4.01294951e-04,2.31355621e-05,0.00000000e+00,0.00000000e+00,4.56195042e-05,4.38917391e-06,0.00000000e+00,0.00000000e+00,3.68638533e-01,1.29714273e-02,2.01224332e+03,1.11568871e+02,4.46914458e-04,2.48639844e-05,0.00000000e+00,0.00000000e+00,0.00000000e+00,0.00000000e+00
1.04750000e+02,4.18584683e-04,2.55429790e-05,0.00000000e+00,0.00000000e+00,5.24951962e-05,7.81285239e-06,0.00000000e+00,0.00000000e+00,3.73402558e-01,1.30778158e-02,2.09776435e+03,1.23611416e+02,4.71079882e-04,2.73103251e-05,0.00000000e+00,0.00000000e+00,3.75100000e+00,5.65391322e-02
1.04850000e+02,4.09140420e-04,2.31390935e-05,0.00000000e+00,0.00000000e+00,4.44868563e-05,3.91244666e-06,0.00000000e+00,0.00000000e+00,3.69691957e-01,1.19431976e-02,2.05030239e+03,1.11454119e+02,4.53627279e-04,2.40953107e-05,0.00000000e+00,0.00000000e+00,0.00000000e+00,0.00000000e+00
1.04950000e+02,4.21342723e-04,2.29126917e-05,0.00000000e+00,0.00000000e+00,5.18209801e-05,4.70911724e-06,0.00000000e+00,0.00000000e+00,3.81372819e-01,1.24057425e-02,2.11176318e+03,1.11023300e+02,4.73163706e-04,2.40364310e-05,0.00000000e+00,0.00000000e+00,3.73620000e+00,5.72405522e-02
1.05050000e+02,4.10672148e-04,2.31189909e-05,0.00000000e+00,0.00000000e+00,4.75450914e-05,4.24040674e-06,0.00000000e+00,0.00000000e+00,3.76197642e-01,1.28425318e-02,2.06305002e+03,1.12982826e+02,4.58217243e-04,2.44567562e-05,0.00000000e+00,0.00000000e+00,0.00000000e+00,0.00000000e+00
1.05150000e+02,4.05328531e-04,2.24882852e-05,0.00000000e+00,0.00000000e+00,4.49149890e-05,4.04517384e-06,0.00000000e+00,0.00000000e+00,3.68178500e-01,1.15472190e-02,2.03492414e+03,1.09196171e+02,4.50243523e-04,2.33727873e-05,0.00000000e+00,0.00000000e+00,3.72620000e+00,5.77311786e-02
1.05250000e+02,4.14906210e-04,2.32638850e-05,0.00000000e+00,0.00000000e+00,4.39414778e-05,3.91092534e-06,0.00000000e+00,0.00000000e+00,3.70944335e-01,1.17965733e-02,2.08648980e+03,1.12388667e+02,4.58847690e-04,2.39333654e-05,0.00000000e+00,0.00000000e+00,0.00000000e+00,0.00000000e+00
1.05350000e+02,4.19277147e-04,2.75271063e-05,0.00000000e+00,0.00000000e+00,4.54100285e-05,3.98692283e-06,0.00000000e+00,0.00000000e+00,3.63161821e-01,1.15646378e-02,2.09631561e+03,1.32323419e+02,4.64687179e-04,2.84189494e-05,0.00000000e+00,0.00000000e+00,3.72380000e+00,5.61040506e-02
1.05450000e+02,4.17686944e-04,2.59808525e-05,0.00000000e+00,0.00000000e+00,4.86488522e-05,4.30152531e-06,0.00000000e+00,0.00000000e+00,3.66950591e-01,1.19518525e-02,2.09162027e+03,1.24742924e+02,4.66335799e-04,2.65255202e-05,0.00000000e+00,0.00000000e+00,0.00000000e+00,0.00000000e+00
1.05550000e+02,4.29298373e-04,2.87988013e-05,0.00000000e+00,0.00000000e+00,5.39383509e-05,6.41545377e-06,0.00000000e+00,0.00000000e+00,3.70385949e-01,1.23870449e-02,2.14682672e+03,1.38453085e+02,4.83236727e-04,2.98708871e-05,0.00000000e+00,0.00000000e+00,3.71380000e+00,5.61331435e-02
1.05650000e+02,4.43194952e-04,3.35721836e-05,0.00000000e+00,0.00000000e+00,5.15502046e-05,4.81010841e-06,0.00000000e+00,0.00000000e+00,3.72269157e-01,1.37544444e-02,2.21411109e+03,1.61297525e+02,4.94745159e-04,3.44708687e-05,0.00000000e+00,0.00000000e+00,0.00000000e+00,0.00000000e+00
1.05750000e+02,4.18925718e-04,2.55311705e-05,0.00000000e+00,0.00000000e+00,6.21038381e-05,1.23205464e-05,0.00000000e+00,0.00000000e+00,3.67603284e-01,1.39374410e-02,2.09501408e+03,1.22870212e+02,4.81029559e-04,2.91325461e-05,0.00000000e+00,0.00000000e+00,3.70840000e+00,5.59616195e-02
1.05850000e+02,4.05541334e-04,2.55589728e-05,0.00000000e+00,0.00000000e+00,5.26602827e-05,6.08916751e-06,0.00000000e+00,0.00000000e+00,3.57452280e-01,1.36660895e-02,2.03006481e+03,1.23302899e+02,4.58201619e-04,2.66239964e-05,0.00000000e+00,0.00000000e+00,0.00000000e+00,0.00000000e+00
1.05950000e+02,4.14377710e-04,2.48804149e-05,0.00000000e+00,0.00000000e+00,5.43749092e-05,6.97331513e-06,0.00000000e+00,0.00000000e+00,3.62557970e-01,1.30018935e-02,2.07016984e+03,1.20212003e+02,4.68752622e-04,2.70490666e-05,0.00000000e+00,0.00000000e+00,3.68980000e+00,5.58609717e-02
1.06050000e+02,4.05456433e-04,2.28120396e-05,0.00000000e+00,0.00000000e+00,5.66849463e-05,8.08167153e-06,0.00000000e+00,0.00000000e+00,3.58073464e-01,1.18215950e-02,2.02788034e+03,1.10069888e+02,4.62141382e-04,2.41531941e-05,0.00000000e+00,0.00000000e+00,0.00000000e+00,0.00000000e+00
1.06150000e+02,4.04423747e-04,2.37023535e-05,0.00000000e+00,0.00000000e+00,5.45469055e-05,7.31331540e-06,0.00000000e+00,0.00000000e+00,3.58875698e-01,1.14674635e-02,2.02222009e+03,1.13857809e+02,4.58970656e-04,2.39192167e-05,0.00000000e+00,0.00000000e+00,3.67940000e+00,5.44099406e-02
1.06250000e+02,4.10119844e-04,2.53114664e-05,0.00000000e+00,0.00000000e+00,5.55346081e-05,7.27290177e-06,0.00000000e+00,0.00000000e+00,3.63833970e-01,1.25212392e-02,2.04960062e+03,1.21717194e+02,4.65654455e-04,2.59037104e-05,0.00000000e+00,0.00000000e+00,0.00000000e+00,0.00000000e+00
1.06350000e+02,4.09573944e-04,2.58296105e-05,0.00000000e+00,0.00000000e+00,5.38280362e-05,6.39733399e-06,0.00000000e+00,0.00000000e+00,3.62678003e-01,1.29077651e-02,2.04699315e+03,1.24420598e+02,4.63401984e-04,2.67197056e-05,0.00000000e+00,0.00000000e+00,3.66760000e+00,5.49088744e-02
1.06450000e+02,3.95500404e-04,2.36778465e-05,0.00000000e+00,0.00000000e+00,4.84254015e-05,5.92555007e-06,0.00000000e+00,0.00000000e+00,3.55735888e-01,1.20318681e-02,1.97924108e+03,1.14019505e+02,4.43925809e-04,2.50535738e-05,0.00000000e+00,0.00000000e+00,0.00000000e+00,0.00000000e+00
1.06550000e+02,4.05618614e-04,2.45703963e-05,0.00000000e+00,0.00000000e+00,4.67834567e-05,4.79427377e-06,0.00000000e+00,0.00000000e+00,3.59718085e-01,1.32003562e-02,2.02722001e+03,1.18332966e+02,4.52402073e-04,2.56758262e-05,0.00000000e+00,0.00000000e+00,3.66680000e+00,5.55921298e-02
1.06650000e+02,3.98906199e-04,2.23475745e-05,0.00000000e+00,0.00000000e+00,4.78147516e-05,5.23518764e-06,0.00000000e+00,0.00000000e+00,3.55318192e-01,1.17724645e-02,1.99563353e+03,1.07992708e+02,4.46720953e-04,2.36595841e-05,0.00000000e+00,0.00000000e+00,0.00000000e+00,0.00000000e+00
1.06750000e+02,4.03975473e-04,2.51847283e-05,0.00000000e+00,0.00000000e+00,4.67895796e-05,5.41079097e-06,0.00000000e+00,0.00000000e+00,3.58320766e-01,1.17747523e-02,2.02087931e+03,1.21365221e+02,4.50765055e-04,2.64285285e-05,0.00000000e+00,0.00000000e+00,3.66800000e+00,5.49656665e-02
1.06850000e+02,3.99022798e-04,2.21237668e-05,0.00000000e+00,0.00000000e+00,4.70065425e-05,5.35809576e-06,0.00000000e+00,0.00000000e+00,3.58875670e-01,1.21087135e-02,1.99506598e+03,1.06729955e+02,4.46029343e-04,2.39765129e-05,0.00000000e+00,0.00000000e+00,0.00000000e+00,0.00000000e+00
1.06950000e+02,4.00864699e-04,2.15618923e-05,0.00000000e+00,0.00000000e+00,4.76187967e-05,5.65264700e-06,0.00000000e+00,0.00000000e+00,3.56954836e-01,1.23790644e-02,2.00216921e+03,1.04191343e+02,4.48483499e-04,2.39370848e-05,0.00000000e+00,0.00000000e+00,3.64620000e+00,5.60050216e-02
1.07050000e+02,3.99269231e-04,2.19855695e-05,0.00000000e+00,0.00000000e+00,5.00322805e-05,6.71514654e-06,0.00000000e+00,0.00000000e+00,3.56628239e-01,1.20764080e-02,1.99398967e+03,1.06198808e+02,4.49301514e-04,2.45220011e-05,0.00000000e+00,0.00000000e+00,0.00000000e+00,0.00000000e+00
1.07150000e+02,4.04973005e-04,2.24180028e-05,0.00000000e+00,0.00000000e+00,5.06585140e-05,6.84842521e-06,0.00000000e+00,0.00000000e+00,3.61658277e-01,1.32688201e-02,2.02106565e+03,1.07994701e+02,4.55631522e-04,2.53215996e-05,0.00000000e+00,0.00000000e+00,3.63460000e+00,5.58936381e-02
1.07250000e+02,3.96972200e-04,2.33270430e-05,0.00000000e+00,0.00000000e+00,5.15622557e-05,7.38236518e-06,0.00000000e+00,0.00000000e+00,3.51674962e-01,1.33233474e-02,1.98432243e+03,1.12798102e+02,4.48534459e-04,2.63800468e-05,0.00000000e+00,0.00000000e+00,0.00000000e+00,0.00000000e+00
1.07350000e+02,4.05223328e-04,2.58000717e-05,0.00000000e+00,0.00000000e+00,5.29138492e-05,8.01961832e-06,0.00000000e+00,0.00000000e+00,3.49257403e-01,1.36803463e-02,2.02299643e+03,1.24428119e+02,4.58137180e-04,2.92587591e-05,0.00000000e+00,0.00000000e+00,3.62780000e+00,5.64784879e-02
1.07450000e+02,3.88166895e-04,2.23549011e-05,0.00000000e+00,0.00000000e+00,4.85114375e-05,6.40899059e-06,0.00000000e+00,0.00000000e+00,3.46348236e-01,1.21395452e-02,1.94290155e+03,1.07575954e+02,4.36678335e-04,2.51641225e-05,0.00000000e+00,0.00000000e+00,0.00000000e+00,0.00000000e+00
1.07550000e+02,3.87355268e-04,2.23299616e-05,0.00000000e+00,0.00000000e+00,4.95614528e-05,7.63068817e-06,0.00000000e+00,0.00000000e+00,3.44558907e-01,1.28728198e-02,1.93483924e+03,1.07792380e+02,4.36916723e-04,2.49213177e-05,0.00000000e+00,0.00000000e+00,3.61560000e+00,5.58899502e-02
1.07650000e+02,3.88941166e-04,2.22026596e-05,0.00000000e+00,0.00000000e+00,5.02111958e-05,8.90585579e-06,0.00000000e+00,0.00000000e+00,3.45529095e-01,1.31008439e-02,1.94201299e+03,1.07537958e+02,4.39152364e-04,2.55385096e-05,0.00000000e+00,0.00000000e+00,0.00000000e+00,0.00000000e+00
1.07750000e+02,3.87420574e-04,2.17549833e-05,0.00000000e+00,0.00000000e+00,4.32278477e-05,7.74273901e-06,0.00000000e+00,0.00000000e+00,3.38800339e-01,1.23389920e-02,1.93215862e+03,1.05035546e+02,4.30648425e-04,2.59378190e-05,0.00000000e+00,0.00000000e+00,3.60800000e+00,5.61026756e-02
1.07850000e+02,4.00388356e-04,2.33580341e-05,0.00000000e+00,0.00000000e+00,3.94577930e-05,5.07369973e-06,0.00000000e+00,0.00000000e+00,3.41121422e-01,1.29267828e-02,1.99567327e+03,1.12416731e+02,4.39846152e-04,2.61873267e-05,0.00000000e+00,0.00000000e+00,0.00000000e+00,0.00000000e+00
1.07950000e+02,3.92894669e-04,2.25515053e-05,0.00000000e+00,0.00000000e+00,3.86093514e-05,4.81887214e-06,0.00000000e+00,0.00000000e+00,3.43028254e-01,1.29785224e-02,1.96251534e+03,1.08654899e+02,4.31504024e-04,2.58159714e-05,0.00000000e+00,0.00000000e+00,3.60140000e+00,5.58423510e-02
1.08050000e+02,3.96814763e-04,2.28876449e-05,0.00000000e+00,0.00000000e+00,3.76623608e-05,4.16131483e-06,0.00000000e+00,0.00000000e+00,3.46758348e-01,1.21653930e-02,1.98132054e+03,1.10607403e+02,4.34477127e-04,2.59724173e-05,0.00000000e+00,0.00000000e+00,0.00000000e+00,0.00000000e+00
1.08150000e+02,4.02911474e-04,2.68528780e-05,0.00000000e+00,0.00000000e+00,3.64321843e-05,3.80627481e-06,0.00000000e+00,0.00000000e+00,3.42007180e-01,1.16969547e-02,2.00981363e+03,1.28978357e+02,4.39343661e-04,2.97186106e-05,0.00000000e+00,0.00000000e+00,3.59180000e+00,5.76057608e-02
1.08250000e+02,3.83097642e-04,2.17946547e-05,0.00000000e+00,0.00000000e+00,3.71979419e-05,3.95166505e-06,0.00000000e+00,0.00000000e+00,3.39065647e-01,1.14473980e-02,1.91422285e+03,1.04825506e+02,4.20295586e-04,2.46126137e-05,0.00000000e+00,0.00000000e+00,0.00000000e+00,0.00000000e+00
1.08350000e+02,3.87800847e-04,2.24998887e-05,0.00000000e+00,0.00000000e+00,4.07491842e-05,4.08383088e-06,0.00000000e+00,0.00000000e+00,3.43457456e-01,1.24051608e-02,1.93527014e+03,1.08463055e+02,4.28550034e-04,2.53451891e-05,0.00000000e+00,0.00000000e+00,3.57600000e+00,5.82647021e-02
1.08450000e+02,3.82930200e-04,2.25011197e-05,0.00000000e+00,0.00000000e+00,8.07459002e-05,4.26677811e-05,0.00000000e+00,0.00000000e+00,3.36164551e-01,1.22826435e-02,1.91245828e+03,1.08700194e+02,4.63676103e-04,4.90595119e-05,0.00000000e+00,0.00000000e+00,0.00000000e+00,0.00000000e+00
1.08550000e+02,3.81835972e-04,2.38984272e-05,0.00000000e+00,0.00000000e+00,9.35326591e-05,5.58910856e-05,0.00000000e+00,0.00000000e+00,3.35158505e-01,1.22850099e-02,1.90683034e+03,1.15036194e+02,4.75368634e-04,6.14672952e-05,0.00000000e+00,0.00000000e+00,3.57260000e+00,5.73580306e-02
1.08650000e+02,3.92476743e-04,2.75246667e-05,0.00000000e+00,0.00000000e+00,5.21540472e-05,1.12680825e-05,0.00000000e+00,0.00000000e+00,3.33695714e-01,1.24648519e-02,1.95633503e+03,1.32995613e+02,4.44630793e-04,3.25701616e-05,0.00000000e+00,0.00000000e+00,0.00000000e+00,0.00000000e+00
1.08750000e+02,3.80297268e-04,2.24363298e-05,0.00000000e+00,0.00000000e+00,5.97763031e-05,1.79032988e-05,0.00000000e+00,0.00000000e+00,3.25012350e-01,1.17557894e-02,1.89452500e+03,1.08560223e+02,4.40073574e-04,3.18591135e-05,0.00000000e+00,0.00000000e+00,3.56180000e+00,5.67512942e-02
1.08850000e+02,3.78556649e-04,2.03736569e-05,0.00000000e+00,0.00000000e+00,5.25117841e-05,1.40380533e-05,0.00000000e+00,0.00000000e+00,3.26774948e-01,1.15209481e-02,1.88670429e+03,9.86092502e+01,4.31068435e-04,2.67860196e-05,0.00000000e+00,0.00000000e+00,0.00000000e+00,0.00000000e+00
1.08950000e+02,3.81453874e-04,1.92780763e-05,0.00000000e+00,0.00000000e+00,3.98327444e-05,4.19358799e-06,0.00000000e+00,0.00000000e+00,3.26753843e-01,1.18315797e-02,1.89960493e+03,9.33758602e+01,4.21286621e-04,2.24132868e-05,0.00000000e+00,0.00000000e+00,3.56500000e+00,5.70114561e-02
1.09050000e+02,3.84974938e-04,2.02838083e-05,0.00000000e+00,0.00000000e+00,4.25270267e-05,4.60525810e-06,0.00000000e+00,0.00000000e+00,3.29961215e-01,1.28849149e-02,1.91641143e+03,9.86418386e+01,4.27501968e-04,2.36172483e-05,0.00000000e+00,0.00000000e+00,0.00000000e+00,0.00000000e+00
1.09150000e+02,3.82744377e-04,2.11414930e-05,0.00000000e+00,0.00000000e+00,4.17738261e-05,4.33144495e-06,0.00000000e+00,0.00000000e+00,3.32864351e-01,1.34292839e-02,1.90564903e+03,1.02685424e+02,4.24518206e-04,2.42672624e-05,0.00000000e+00,0.00000000e+00,3.56080000e+00,5.80702179e-02
1.09250000e+02,3.71751487e-04,2.10495135e-05,0.00000000e+00,0.00000000e+00,5.80787722e-05,1.54259732e-05,0.00000000e+00,0.00000000e+00,3.31280151e-01,1.29681979e-02,1.85527255e+03,1.01794740e+02,4.29830262e-04,2.98547564e-05,0.00000000e+00,0.00000000e+00,0.00000000e+00,0.00000000e+00
1.09350000e+02,3.70559930e-04,2.11146234e-05,0.00000000e+00,0.00000000e+00,5.18233949e-05,6.21604630e-06,0.00000000e+00,0.00000000e+00,3.31914425e-01,1.24990651e-02,1.85099669e+03,1.02428512e+02,4.22383327e-04,2.41070942e-05,0.00000000e+00,0.00000000e+00,3.54720000e+00,5.80717642e-02
1.09450000e+02,3.81303378e-04,2.37200049e-05,0.00000000e+00,0.00000000e+00,6.53345789e-05,1.42221603e-05,0.00000000e+00,0.00000000e+00,3.34277784e-01,1.31742274e-02,1.90279733e+03,1.14834651e+02,4.46637959e-04,3.05339216e-05,0.00000000e+00,0.00000000e+00,0.00000000e+00,0.00000000e+00
1.09550000e+02,3.73136431e-04,2.13301174e-05,0.00000000e+00,0.00000000e+00,4.84440469e-05,8.16416702e-06,0.00000000e+00,0.00000000e+00,3.33227351e-01,1.18754009e-02,1.86611864e+03,1.03041621e+02,4.21580480e-04,2.51171463e-05,0.00000000e+00,0.00000000e+00,3.54040000e+00,5.69940634e-02
1.09650000e+02,3.69975713e-04,2.29257772e-05,0.00000000e+00,0.00000000e+00,4.66273986e-05,6.73178169e-06,0.00000000e+00,0.00000000e+00,3.24400679e-01,1.22395308e-02,1.84655318e+03,1.10819658e+02,4.16603114e-04,2.38957164e-05,0.00000000e+00,0.00000000e+00,0.00000000e+00,0.00000000e+00
1.09750000e+02,3.83141187e-04,2.78057070e-05,0.00000000e+00,0.00000000e+00,4.42389854e-05,5.79340456e-06,0.00000000e+00,0.00000000e+00,3.20865571e-01,1.38226452e-02,1.90685186e+03,1.34216135e+02,4.27380175e-04,2.90373848e-05,0.00000000e+00,0.00000000e+00,3.53580000e+00,5.73873982e-02
1.09850000e+02,3.70398644e-04,2.48037929e-05,0.00000000e+00,0.00000000e+00,6.06551567e-05,1.21462197e-05,0.00000000e+00,0.00000000e+00,3.19427971e-01,1.29768359e-02,1.84658603e+03,1.20029772e+02,4.31053803e-04,2.88899342e-05,0.00000000e+00,0.00000000e+00,0.00000000e+00,0.00000000e+00
1.09950000e+02,3.67148249e-04,2.16673691e-05,0.00000000e+00,0.00000000e+00,5.61447175e-05,1.06449825e-05,0.00000000e+00,0.00000000e+00,3.21328053e-01,1.18636584e-02,1.83057156e+03,1.04761570e+02,4.23292969e-04,2.52012026e-05,0.00000000e+00,0.00000000e+00,3.52300000e+00,5.66689275e-02
1.10050000e+02,3.64026067e-04,2.03291393e-05,0.00000000e+00,0.00000000e+00,5.84463859e-05,1.12392550e-05,0.00000000e+00,0.00000000e+00,3.19985047e-01,1.21921459e-02,1.81477596e+03,9.84862944e+01,4.22472456e-04,2.49308325e-05,0.00000000e+00,0.00000000e+00,0.00000000e+00,0.00000000e+00
1.10150000e+02,3.49133715e-04,1.94795417e-05,0.00000000e+00,0.00000000e+00,6.38461244e-05,1.56698574e-05,0.00000000e+00,0.00000000e+00,3.11249075e-01,1.16475035e-02,1.74323162e+03,9.44721489e+01,4.12979842e-04,2.70271389e-05,0.00000000e+00,0.00000000e+00,3.51120000e+00,5.66555219e-02
1.10250000e+02,3.58451581e-04,2.19141809e-05,0.00000000e+00,0.00000000e+00,6.21290857e-05,1.56117562e-05,0.00000000e+00,0.00000000e+00,3.07526435e-01,1.16094990e-02,1.78516946e+03,1.06375292e+02,4.20580669e-04,2.99371339e-05,0.00000000e+00,0.00000000e+00,0.00000000e+00,0.00000000e+00
1.10350000e+02,3.49304130e-04,2.01196134e-05,0.00000000e+00,0.00000000e+00,7.19992512e-05,2.10541153e-05,0.00000000e+00,0.00000000e+00,3.03626832e-01,1.07423086e-02,1.74131975e+03,9.77176740e+01,4.21303384e-04,3.09101388e-05,0.00000000e+00,0.00000000e+00,3.49900000e+00,5.60278721e-02
1.10450000e+02,3.49064981e-04,1.89326118e-05,0.00000000e+00,0.00000000e+00,7.43727950e-05,2.24353062e-05,0.00000000e+00,0.00000000e+00,3.07519637e-01,1.11202968e-02,1.74072572e+03,9.20055009e+01,4.23437778e-04,3.04993177e-05,0.00000000e+00,0.00000000e+00,0.00000000e+00,0.00000000e+00
1.10550000e+02,3.47833681e-04,1.93505454e-05,0.00000000e+00,0.00000000e+00,6.80181551e-05,2.16897135e-05,0.00000000e+00,0.00000000e+00,3.04018364e-01,1.12643279e-02,1.73478815e+03,9.43164962e+01,4.15851838e-04,3.00499440e-05,0.00000000e+00,0.00000000e+00,3.49440000e+00,5.39002556e-02
1.10650000e+02,3.50500210e-04,1.99572324e-05,0.00000000e+00,0.00000000e+00,5.93614387e-05,1.90553224e-05,0.00000000e+00,0.00000000e+00,3.06588657e-01,1.10851314e-02,1.74859355e+03,9.74344843e+01,4.09861652e-04,2.89301879e-05,0.00000000e+00,0.00000000e+00,0.00000000e+00,0.00000000e+00
1.10750000e+02,3.55024085e-04,2.03286554e-05,0.00000000e+00,0.00000000e+00,4.94309770e-05,1.19142925e-05,0.00000000e+00,0.00000000e+00,3.09013264e-01,1.14565258e-02,1.77103782e+03,9.92245161e+01,4.04455065e-04,2.49195521e-05,0.00000000e+00,0.00000000e+00,3.48600000e+00,5.39016489e-02
1.10850000e+02,3.55511619e-04,2.10105061e-05,0.00000000e+00,0.00000000e+00,5.15044504e-05,1.14900800e-05,0.00000000e+00,0.00000000e+00,3.04050748e-01,1.08437155e-02,1.77222742e+03,1.02179877e+02,4.07016072e-04,2.53202538e-05,0.00000000e+00,0.00000000e+00,0.00000000e+00,0.00000000e+00
1.10950000e+02,3.63653227e-04,2.38226874e-05,0.00000000e+00,0.00000000e+00,4.47966947e-05,9.31768378e-06,0.00000000e+00,0.00000000e+00,3.06876849e-01,1.09089950e-02,1.81326223e+03,1.15595908e+02,4.08449924e-04,2.63086826e-05,0.00000000e+00,0.00000000e+00,3.47320000e+00,5.40403780e-02
1.11050000e+02,3.58810607e-04,2.35356422e-05,0.00000000e+00,0.00000000e+00,4.25687434e-05,6.85523083e-06,0.00000000e+00,0.00000000e+00,2.99670774e-01,1.07774636e-02,1.78817564e+03,1.13865583e+02,4.01379353e-04,2.49038979e-05,0.00000000e+00,0.00000000e+00,0.00000000e+00,0.00000000e+00
1.11150000e+02,3.60484945e-04,2.32991582e-05,0.00000000e+00,0.00000000e+00,3.61294025e-05,4.87347692e-06,0.00000000e+00,0.00000000e+00,3.05997714e-01,1.18104677e-02,1.79841289e+03,1.12859756e+02,3.96614350e-04,2.43447102e-05,0.00000000e+00,0.00000000e+00,3.47340000e+00,5.43049665e-02
1.11250000e+02,3.52529487e-04,2.31360489e-05,0.00000000e+00,0.00000000e+00,3.74760180e-05,4.99384677e-06,0.00000000e+00,0.00000000e+00,3.02780029e-01,1.19352636e-02,1.75947003e+03,1.11851631e+02,3.90005507e-04,2.38531104e-05,0.00000000e+00,0.00000000e+00,0.00000000e+00,0.00000000e+00
1.11350000e+02,3.54183223e-04,2.40370124e-05,0.00000000e+00,0.00000000e+00,3.70666361e-05,4.06620550e-06,0.00000000e+00,0.00000000e+00,3.02494308e-01,1.19634829e-02,1.76608124e+03,1.15942079e+02,3.91249862e-04,2.49230372e-05,0.00000000e+00,0.00000000e+00,3.46620000e+00,5.51864299e-02
1.11450000e+02,3.52936830e-04,2.59613360e-05,0.00000000e+00,0.00000000e+00,8.15283295e-05,4.62959129e-05,0.00000000e+00,0.00000000e+00,2.95042435e-01,1.21110668e-02,1.75675013e+03,1.25205472e+02,4.34465162e-04,6.02075860e-05,0.00000000e+00,0.00000000e+00,0.00000000e+00,0.00000000e+00
1.11550000e+02,3.71345612e-04,3.47485738e-05,0.00000000e+00,0.00000000e+00,3.59286798e-05,3.47297384e-06,0.00000000e+00,0.00000000e+00,2.98088556e-01,1.23515216e-02,1.84574185e+03,1.67313548e+02,4.07274294e-04,3.60239846e-05,0.00000000e+00,0.00000000e+00,3.46000000e+00,5.58956754e-02
1.11650000e+02,3.46261028e-04,2.31875115e-05,0.00000000e+00,0.00000000e+00,3.46504016e-05,2.99513729e-06,0.00000000e+00,0.00000000e+00,2.93186895e-01,1.17786227e-02,1.72735685e+03,1.12568833e+02,3.80911432e-04,2.41824426e-05,0.00000000e+00,0.00000000e+00,0.00000000e+00,0.00000000e+00
1.11750000e+02,3.36015535e-04,2.06125856e-05,0.00000000e+00,0.00000000e+00,5.35766022e-05,1.86411290e-05,0.00000000e+00,0.00000000e+00,2.93278341e-01,1.20960584e-02,1.68228107e+03,1.00784295e+02,3.89592139e-04,2.62030938e-05,0.00000000e+00,0.00000000e+00,3.44860000e+00,5.56571209e-02
1.11850000e+02,3.40139963e-04,2.28248134e-05,0.00000000e+00,0.00000000e+00,3.51055983e-05,3.89352875e-06,0.00000000e+00,0.00000000e+00,2.93297401e-01,1.21071759e-02,1.70330787e+03,1.10407170e+02,3.75245563e-04,2.36852261e-05,0.00000000e+00,0.00000000e+00,0.00000000e+00,0.00000000e+00
1.11950000e+02,3.48828691e-04,2.35586681e-05,0.00000000e+00,0.00000000e+00,3.33690846e-05,3.78939553e-06,0.00000000e+00,0.00000000e+00,2.95822009e-01,1.30975607e-02,1.74299018e+03,1.14589533e+02,3.82197778e-04,2.48626820e-05,0.00000000e+00,0.00000000e+00,3.44260000e+00,5.60843461e-02
1.12050000e+02,3.45319204e-04,2.16227657e-05,0.00000000e+00,0.00000000e+00,3.87920794e-05,5.01922370e-06,0.00000000e+00,0.00000000e+00,2.98713255e-01,1.25518279e-02,1.72615907e+03,1.05110977e+02,3.84111286e-04,2.28659719e-05,0.00000000e+00,0.00000000e+00,0.00000000e+00,0.00000000e+00
1.12150000e+02,3.54782899e-04,2.38236105e-05,0.00000000e+00,0.00000000e+00,3.47913430e-05,5.11566840e-06,0.00000000e+00,0.00000000e+00,3.01477566e-01,1.30094909e-02,1.77135244e+03,1.15756202e+02,3.89574245e-04,2.54440972e-05,0.00000000e+00,0.00000000e+00,3.43160000e+00,5.52267016e-02
1.12250000e+02,3.49503383e-04,2.46789341e-05,0.00000000e+00,0.00000000e+00,3.65111752e-05,5.63782559e-06,0.00000000e+00,0.00000000e+00,2.95939383e-01,1.32298969e-02,1.74549305e+03,1.19807950e+02,3.86014561e-04,2.65141290e-05,0.00000000e+00,0.00000000e+00,0.00000000e+00,0.00000000e+00
1.12350000e+02,3.37196575e-04,2.36500764e-05,0.00000000e+00,0.00000000e+00,4.97099334e-05,9.71380558e-06,0.00000000e+00,0.00000000e+00,2.95237927e-01,1.37197807e-02,1.68695000e+03,1.15191155e+02,3.86906511e-04,2.53328795e-05,0.00000000e+00,0.00000000e+00,3.42040000e+00,5.56460828e-02
1.12450000e+02,3.39643249e-04,2.34609912e-05,0.00000000e+00,0.00000000e+00,4.54026076e-05,8.62330809e-06,0.00000000e+00,0.00000000e+00,2.90078597e-01,1.19496459e-02,1.69554126e+03,1.13426074e+02,3.85045859e-04,2.53761608e-05,0.00000000e+00,0.00000000e+00,0.00000000e+00,0.00000000e+00
1.12550000e+02,3.15834668e-04,1.80487551e-05,0.00000000e+00,0.00000000e+00,3.78960263e-05,6.15027498e-06,0.00000000e+00,0.00000000e+00,2.80862890e-01,1.08792902e-02,1.58139135e+03,8.78265955e+01,3.53730697e-04,2.03948417e-05,0.00000000e+00,0.00000000e+00,3.41040000e+00,5.70434564e-02
1.12650000e+02,3.11965853e-04,1.71250229e-05,0.00000000e+00,0.00000000e+00,3.61215017e-05,4.87207236e-06,0.00000000e+00,0.00000000e+00,2.76794437e-01,1.07270853e-02,1.56159713e+03,8.34086499e+01,3.48087357e-04,1.91105322e-05,0.00000000e+00,0.00000000e+00,0.00000000e+00,0.00000000e+00
1.12750000e+02,3.08725014e-04,1.74533986e-05,0.00000000e+00,0.00000000e+00,3.16572982e-05,3.90384155e-06,0.00000000e+00,0.00000000e+00,2.76839405e-01,1.06822947e-02,1.54574377e+03,8.50868390e+01,3.40382315e-04,1.87771110e-05,0.00000000e+00,0.00000000e+00,3.39760000e+00,5.71482569e-02
1.12850000e+02,3.14746477e-04,1.91740468e-05,0.00000000e+00,0.00000000e+00,3.74352756e-05,4.91300105e-06,0.00000000e+00,0.00000000e+00,2.79685891e-01,1.12963330e-02,1.57352474e+03,9.28553002e+01,3.52181755e-04,2.11177320e-05,0.00000000e+00,0.00000000e+00,0.00000000e+00,0.00000000e+00
1.12950000e+02,3.05723064e-04,1.68237835e-05,0.00000000e+00,0.00000000e+00,4.07431557e-05,6.07015638e-06,0.00000000e+00,0.00000000e+00,2.77640066e-01,1.05223925e-02,1.53012441e+03,8.16896694e+01,3.46466222e-04,1.92477595e-05,0.00000000e+00,0.00000000e+00,3.38320000e+00,5.72380921e-02
1.13050000e+02,3.05028174e-04,1.68079954e-05,0.00000000e+00,0.00000000e+00,3.90058261e-05,5.84862942e-06,0.00000000e+00,0.00000000e+00,2.81169772e-01,1.10719231e-02,1.53233288e+03,8.24215678e+01,3.44034002e-04,1.89427473e-05,0.00000000e+00,0.00000000e+00,0.00000000e+00,0.00000000e+00
1.13150000e+02,3.11965507e-04,1.69774623e-05,0.00000000e+00,0.00000000e+00,4.09081363e-05,6.33121653e-06,0.00000000e+00,0.00000000e+00,2.78063689e-01,1.05405734e-02,1.56238644e+03,8.30271146e+01,3.52873645e-04,1.90815717e-05,0.00000000e+00,0.00000000e+00,3.38000000e+00,5.96226227e-02
1.13250000e+02,3.13101509e-04,1.70041992e-05,0.00000000e+00,0.00000000e+00,4.27440210e-05,7.78279859e-06,0.00000000e+00,0.00000000e+00,2.78838824e-01,1.03641742e-02,1.56573819e+03,8.28541856e+01,3.55845532e-04,1.94176575e-05,0.00000000e+00,0.00000000e+00,0.00000000e+00,0.00000000e+00
1.13350000e+02,3.07313222e-04,1.68800194e-05,0.00000000e+00,0.00000000e+00,4.34439712e-05,7.88874099e-06,0.00000000e+00,0.00000000e+00,2.79225543e-01,9.91888108e-03,1.53808393e+03,8.19540001e+01,3.50757195e-04,1.95905480e-05,0.00000000e+00,0.00000000e+00,3.37560000e+00,5.97451458e-02
1.13450000e+02,2.97882665e-04,1.70440691e-05,0.00000000e+00,0.00000000e+00,4.86328895e-05,8.70501259e-06,0.00000000e+00,0.00000000e+00,2.74292228e-01,1.05765235e-02,1.49214549e+03,8.31347494e+01,3.46515557e-04,2.12093137e-05,0.00000000e+00,0.00000000e+00,0.00000000e+00,0.00000000e+00
1.13550000e+02,3.06248065e-04,1.99406920e-05,0.00000000e+00,0.00000000e+00,4.67211497e-05,8.47268838e-06,0.00000000e+00,0.00000000e+00,2.70975807e-01,1.04773648e-02,1.53132456e+03,9.72192712e+01,3.52969217e-04,2.24347075e-05,0.00000000e+00,0.00000000e+00,3.38020000e+00,5.93636252e-02
1.13650000e+02,3.04092173e-04,1.96113912e-05,0.00000000e+00,0.00000000e+00,4.64697972e-05,8.30849322e-06,0.00000000e+00,0.00000000e+00,2.70900033e-01,1.07458515e-02,1.52062244e+03,9.57407094e+01,3.50561972e-04,2.20741832e-05,0.00000000e+00,0.00000000e+00,0.00000000e+00,0.00000000e+00
1.13750000e+02,3.04166718e-04,1.71845799e-05,0.00000000e+00,0.00000000e+00,4.60877611e-05,6.63317022e-06,0.00000000e+00,0.00000000e+00,2.78936900e-01,1.10878120e-02,1.52325552e+03,8.39287370e+01,3.50254482e-04,1.95597226e-05,0.00000000e+00,0.00000000e+00,3.36960000e+00,6.04574129e-02
1.13850000e+02,3.00790335e-04,1.73604477e-05,0.00000000e+00,0.00000000e+00,3.97279673e-05,5.13171437e-06,0.00000000e+00,0.00000000e+00,2.76584859e-01,1.08129653e-02,1.50989599e+03,8.50032455e+01,3.40518305e-04,1.85305986e-05,0.00000000e+00,0.00000000e+00,0.00000000e+00,0.00000000e+00
1.13950000e+02,2.95383868e-04,1.56680443e-05,0.00000000e+00,0.00000000e+00,4.01016563e-05,5.10825270e-06,0.00000000e+00,0.00000000e+00,2.77095800e-01,1.04021967e-02,1.48667420e+03,7.71525018e+01,3.35485527e-04,1.69583481e-05,0.00000000e+00,0.00000000e+00,3.36280000e+00,6.01996949e-02
1.14050000e+02,2.93642505e-04,1.59895379e-05,0.00000000e+00,0.00000000e+00,3.73801225e-05,4.51640519e-06,0.00000000e+00,0.00000000e+00,2.71636908e-01,1.05646254e-02,1.47111116e+03,7.83693464e+01,3.31022629e-04,1.65191924e-05,0.00000000e+00,0.00000000e+00,0.00000000e+00,0.00000000e+00
1.14150000e+02,2.91281540e-04,1.57812013e-05,0.00000000e+00,0.00000000e+00,4.13683970e-05,5.00148528e-06,0.00000000e+00,0.00000000e+00,2.71001516e-01,1.04294055e-02,1.45940177e+03,7.73771891e+01,3.32649939e-04,1.70007289e-05,0.00000000e+00,0.00000000e+00,3.34900000e+00,6.06618261e-02
1.14250000e+02,2.96874823e-04,1.72048319e-05,0.00000000e+00,0.00000000e+00,4.00231297e-05,5.25271232e-06,0.00000000e+00,0.00000000e+00,2.71923910e-01,1.10770181e-02,1.48752970e+03,8.41694677e+01,3.36897955e-04,1.88560892e-05,0.00000000e+00,0.00000000e+00,0.00000000e+00,0.00000000e+00
1.14350000e+02,2.96374492e-04,1.64042705e-05,0.00000000e+00,0.00000000e+00,4.15491938e-05,5.54441055e-06,0.00000000e+00,0.00000000e+00,2.79420313e-01,1.25568829e-02,1.49033907e+03,8.12164203e+01,3.37923688e-04,1.88070736e-05,0.00000000e+00,0.00000000e+00,3.33420000e+00,6.04021151e-02
1.14450000e+02,2.98620734e-04,1.65507639e-05,0.00000000e+00,0.00000000e+00,4.25718372e-05,5.54767684e-06,0.00000000e+00,0.00000000e+00,2.79975479e-01,1.18225335e-02,1.50104204e+03,8.15696039e+01,3.41192574e-04,1.83728610e-05,0.00000000e+00,0.00000000e+00,0.00000000e+00,0.00000000e+00
1.14550000e+02,2.91934833e-04,1.65138691e-05,0.00000000e+00,0.00000000e+00,4.34640725e-05,5.79838025e-06,0.00000000e+00,0.00000000e+00,2.68715319e-01,1.25807460e-02,1.46331245e+03,8.15014326e+01,3.35398907e-04,1.79149770e-05,0.00000000e+00,0.00000000e+00,3.32720000e+00,6.10226054e-02
1.14650000e+02,2.91299547e-04,1.74566200e-05,0.00000000e+00,0.00000000e+00,5.27756348e-05,1.24023382e-05,0.00000000e+00,0.00000000e+00,2.65740359e-01,1.18306789e-02,1.45731991e+03,8.52122450e+01,3.44075184e-04,2.08301876e-05,0.00000000e+00,0.00000000e+00,0.00000000e+00,0.00000000e+00
1.14750000e+02,2.99946043e-04,1.90401094e-05,0.00000000e+00,0.00000000e+00,3.80941539e-05,4.46169213e-06,0.00000000e+00,0.00000000e+00,2.69321887e-01,1.01645089e-02,1.50106462e+03,9.21975384e+01,3.38040200e-04,2.04621242e-05,0.00000000e+00,0.00000000e+00,3.32320000e+00,6.12765161e-02
1.14850000e+02,2.93351393e-04,1.69519139e-05,0.00000000e+00,0.00000000e+00,3.73513651e-05,4.74037941e-06,0.00000000e+00,0.00000000e+00,2.65267350e-01,1.01439635e-02,1.46810474e+03,8.22216432e+01,3.30702761e-04,1.81979348e-05,0.00000000e+00,0.00000000e+00,0.00000000e+00,0.00000000e+00
1.14950000e+02,2.95230351e-04,1.68756934e-05,0.00000000e+00,0.00000000e+00,3.87799747e-05,6.66289010e-06,0.00000000e+00,0.00000000e+00,2.62560962e-01,9.84755659e-03,1.47684347e+03,8.19837899e+01,3.34010328e-04,1.86223685e-05,0.00000000e+00,0.00000000e+00,3.32340000e+00,6.14243254e-02
1.15050000e+02,2.94723238e-04,1.63978270e-05,0.00000000e+00,0.00000000e+00,3.78443154e-05,4.91839285e-06,0.00000000e+00,0.00000000e+00,2.62972104e-01,9.67330842e-03,1.47440491e+03,7.97932676e+01,3.32567556e-04,1.80773555e-05,0.00000000e+00,0.00000000e+00,0.00000000e+00,0.00000000e+00
1.15150000e+02,2.91184665e-04,1.63192041e-05,0.00000000e+00,0.00000000e+00,4.10182156e-05,6.25424811e-06,0.00000000e+00,0.00000000e+00,2.61879005e-01,1.00802676e-02,1.45704794e+03,7.95360814e+01,3.32202883e-04,1.87788579e-05,0.00000000e+00,0.00000000e+00,3.32060000e+00,6.19390154e-02
1.15250000e+02,2.85018580e-04,1.66543177e-05,0.00000000e+00,0.00000000e+00,3.66208914e-05,5.37777593e-06,0.00000000e+00,0.00000000e+00,2.53893825e-01,1.02537110e-02,1.42734478e+03,8.13298347e+01,3.21639473e-04,1.91647898e-05,0.00000000e+00,0.00000000e+00,0.00000000e+00,0.00000000e+00
1.15350000e+02,2.93061864e-04,1.76622917e-05,0.00000000e+00,0.00000000e+00,3.29367774e-05,4.02031028e-06,0.00000000e+00,0.00000000e+00,2.58462063e-01,1.16912732e-02,1.46586705e+03,8.67128715e+01,3.25998644e-04,1.99108183e-05,0.00000000e+00,0.00000000e+00,3.30740000e+00,6.20347566e-02
1.15450000e+02,2.91979178e-04,1.62401399e-05,0.00000000e+00,0.00000000e+00,3.03958738e-05,3.53144173e-06,0.00000000e+00,0.00000000e+00,2.57032881e-01,1.09144827e-02,1.45989915e+03,7.95570693e+01,3.22375054e-04,1.80757816e-05,0.00000000e+00,0.00000000e+00,0.00000000e+00,0.00000000e+00
1.15550000e+02,2.88717391e-04,1.63034417e-05,0.00000000e+00,0.00000000e+00,3.45521935e-05,5.50565142e-06,0.00000000e+00,0.00000000e+00,2.53385220e-01,1.01718931e-02,1.44404209e+03,7.99141093e+01,3.23269587e-04,1.94976599e-05,0.00000000e+00,0.00000000e+00,3.28380000e+00,6.11934971e-02
1.15650000e+02,2.94985619e-04,1.72302658e-05,0.00000000e+00,0.00000000e+00,3.21524422e-05,3.54678612e-06,0.00000000e+00,0.00000000e+00,2.59607186e-01,1.12703818e-02,1.47415750e+03,8.42066600e+01,3.27138063e-04,1.85674135e-05,0.00000000e+00,0.00000000e+00,0.00000000e+00,0.00000000e+00
1.15750000e+02,2.91766001e-04,1.63210051e-05,0.00000000e+00,0.00000000e+00,3.37337263e-05,4.49161351e-06,0.00000000e+00,0.00000000e+00,2.53735607e-01,9.28836047e-03,1.45652480e+03,7.89267043e+01,3.25499729e-04,1.71731451e-05,0.00000000e+00,0.00000000e+00,3.28340000e+00,6.13671520e-02
1.15850000e+02,2.93788310e-04,1.72712525e-05,0.00000000e+00,0.00000000e+00,3.18853271e-05,4.39050844e-06,0.00000000e+00,0.00000000e+00,2.56133804e-01,9.59269755e-03,1.46683406e+03,8.34098181e+01,3.25673640e-04,1.80138745e-05,0.00000000e+00,0.00000000e+00,0.00000000e+00,0.00000000e+00
1.15950000e+02,2.91671296e-04,1.72072252e-05,0.00000000e+00,0.00000000e+00,3.32690387e-05,4.74469141e-06,0.00000000e+00,0.00000000e+00,2.53107381e-01,8.98329681e-03,1.45550781e+03,8.27602427e+01,3.24940337e-04,1.90004137e-05,0.00000000e+00,0.00000000e+00,3.27600000e+00,6.14783851e-02
1.16050000e+02,2.85951902e-04,1.50766235e-05,0.00000000e+00,0.00000000e+00,3.70311233e-05,5.89047329e-06,0.00000000e+00,0.00000000e+00,2.58379510e-01,9.18923669e-03,1.43090231e+03,7.24263820e+01,3.22983028e-04,1.68543570e-05,0.00000000e+00,0.00000000e+00,0.00000000e+00,0.00000000e+00
1.16150000e+02,2.85380696e-04,1.41489505e-05,0.00000000e+00,0.00000000e+00,3.48316349e-05,5.06772254e-06,0.00000000e+00,0.00000000e+00,2.53822663e-01,9.00523810e-03,1.42838262e+03,6.77359974e+01,3.20212333e-04,1.57921580e-05,0.00000000e+00,0.00000000e+00,3.25840000e+00,6.01015196e-02
1.16250000e+02,2.90253767e-04,1.61379596e-05,0.00000000e+00,0.00000000e+00,3.32747120e-05,4.82740787e-06,0.00000000e+00,0.00000000e+00,2.53751744e-01,9.62462716e-03,1.44970449e+03,7.71998039e+01,3.23528481e-04,1.82378273e-05,0.00000000e+00,0.00000000e+00,0.00000000e+00,0.00000000e+00
1.16350000e+02,2.91736780e-04,1.82386998e-05,0.00000000e+00,0.00000000e+00,3.13721210e-05,4.29339721e-06,0.00000000e+00,0.00000000e+00,2.54119842e-01,1.04836521e-02,1.45472081e+03,8.74674648e+01,3.23108903e-04,2.00978105e-05,0.00000000e+00,0.00000000e+00,3.25460000e+00,6.09417320e-02
1.16450000e+02,2.84985968e-04,1.59227946e-05,0.00000000e+00,0.00000000e+00,3.36453885e-05,5.10562005e-06,0.00000000e+00,0.00000000e+00,2.49903917e-01,9.94500610e-03,1.42292072e+03,7.65447425e+01,3.18631358e-04,1.84664723e-05,0.00000000e+00,0.00000000e+00,0.00000000e+00,0.00000000e+00
1.16550000e+02,2.82632517e-04,1.53271966e-05,0.00000000e+00,0.00000000e+00,3.36335335e-05,4.87233287e-06,0.00000000e+00,0.00000000e+00,2.47335929e-01,9.93082356e-03,1.40974383e+03,7.36495388e+01,3.16266053e-04,1.81560794e-05,0.00000000e+00,0.00000000e+00,3.24560000e+00,6.09986015e-02
1.16650000e+02,2.80862196e-04,1.47870301e-05,0.00000000e+00,0.00000000e+00,3.39526915e-05,4.61771986e-06,0.00000000e+00,0.00000000e+00,2.45309054e-01,8.95788192e-03,1.40271147e+03,7.14310746e+01,3.14814890e-04,1.73838171e-05,0.00000000e+00,0.00000000e+00,0.00000000e+00,0.00000000e+00
1.16750000e+02,2.89768199e-04,1.78732735e-05,0.00000000e+00,0.00000000e+00,3.68823495e-05,5.31688583e-06,0.00000000e+00,0.00000000e+00,2.48578990e-01,9.48199361e-03,1.44636757e+03,8.69849723e+01,3.26650550e-04,2.09480844e-05,0.00000000e+00,0.00000000e+00,3.25020000e+00,6.20634895e-02
1.16850000e+02,2.73912357e-04,1.44324049e-05,0.00000000e+00,0.00000000e+00,3.62241305e-05,5.54125626e-06,0.00000000e+00,0.00000000e+00,2.45355355e-01,9.21120905e-03,1.36921416e+03,7.01121121e+01,3.10136489e-04,1.77386294e-05,0.00000000e+00,0.00000000e+00,0.00000000e+00,0.00000000e+00
1.16950000e+02,2.75684326e-04,1.49360499e-05,0.00000000e+00,0.00000000e+00,3.88891817e-05,6.52553062e-06,0.00000000e+00,0.00000000e+00,2.49450353e-01,9.33696691e-03,1.37804179e+03,7.21460672e+01,3.14573510e-04,1.90190941e-05,0.00000000e+00,0.00000000e+00,3.24080000e+00,6.07879150e-02
1.17050000e+02,2.83951980e-04,1.67351235e-05,0.00000000e+00,0.00000000e+00,3.51993594e-05,5.30970159e-06,0.00000000e+00,0.00000000e+00,2.50705195e-01,9.77003305e-03,1.41789605e+03,8.04427985e+01,3.19151341e-04,1.95265585e-05,0.00000000e+00,0.00000000e+00,0.00000000e+00,0.00000000e+00
1.17150000e+02,2.78262782e-04,1.52420711e-05,0.00000000e+00,0.00000000e+00,3.46744447e-05,5.53229672e-06,0.00000000e+00,0.00000000e+00,2.44878905e-01,9.22498419e-03,1.38891623e+03,7.30838185e+01,3.12937229e-04,1.82101157e-05,0.00000000e+00,0.00000000e+00,3.23200000e+00,6.19730027e-02
1.17250000e+02,2.90654603e-04,2.17647576e-05,0.00000000e+00,0.00000000e+00,3.44272588e-05,4.98461022e-06,0.00000000e+00,0.00000000e+00,2.49945588e-01,1.04046932e-02,1.44885414e+03,1.04463713e+02,3.25081864e-04,2.48531864e-05,0.00000000e+00,0.00000000e+00,0.00000000e+00,0.00000000e+00
1.17350000e+02,2.76823883e-04,1.79981532e-05,0.00000000e+00,0.00000000e+00,2.91076694e-05,3.91605993e-06,0.00000000e+00,0.00000000e+00,2.41408802e-01,9.60053760e-03,1.38258273e+03,8.63057416e+01,3.05931555e-04,2.07164275e-05,0.00000000e+00,0.00000000e+00,3.22220000e+00,6.10461786e-02
1.17450000e+02,2.74574405e-04,1.56859779e-05,0.00000000e+00,0.00000000e+00,2.75168551e-05,3.64045236e-06,0.00000000e+00,0.00000000e+00,2.44550491e-01,1.00295510e-02,1.37320506e+03,7.57185996e+01,3.02091262e-04,1.76206947e-05,0.00000000e+00,0.00000000e+00,0.00000000e+00,0.00000000e+00
1.17550000e+02,2.86316604e-04,2.09487957e-05,0.00000000e+00,0.00000000e+00,2.77947634e-05,3.77015906e-06,0.00000000e+00,0.00000000e+00,2.45048723e-01,1.04608059e-02,1.42921171e+03,1.00958689e+02,3.14111370e-04,2.24306026e-05,0.00000000e+00,0.00000000e+00,3.20280000e+00,6.16362205e-02
1.17650000e+02,2.82415312e-04,1.94902029e-05,0.00000000e+00,0.00000000e+00,2.96868990e-05,4.04268144e-06,0.00000000e+00,0.00000000e+00,2.46181974e-01,1.09423569e-02,1.41156508e+03,9.46105408e+01,3.12102213e-04,2.14732725e-05,0.00000000e+00,0.00000000e+00,0.00000000e+00,0.00000000e+00
1.17750000e+02,2.81502172e-04,1.85065770e-05,0.00000000e+00,0.00000000e+00,2.85516274e-05,3.94946517e-06,0.00000000e+00,0.00000000e+00,2.43364941e-01,1.04362849e-02,1.40493070e+03,8.96375571e+01,3.10053801e-04,2.05090990e-05,0.00000000e+00,0.00000000e+00,3.19620000e+00,5.98575793e-02
1.17850000e+02,2.71622000e-04,1.72411267e-05,0.00000000e+00,0.00000000e+00,2.75331251e-05,3.83277352e-06,0.00000000e+00,0.00000000e+00,2.38505088e-01,9.95830089e-03,1.35744281e+03,8.37445524e+01,2.99155127e-04,1.92203704e-05,0.00000000e+00,0.00000000e+00,0.00000000e+00,0.00000000e+00
1.17950000e+02,2.75995445e-04,1.75919829e-05,0.00000000e+00,0.00000000e+00,3.13823146e-05,5.20259164e-06,0.00000000e+00,0.00000000e+00,2.44474893e-01,1.03831217e-02,1.38333034e+03,8.57048096e+01,3.07377762e-04,1.98737460e-05,0.00000000e+00,0.00000000e+00,3.19060000e+00,6.05683355e-02
1.18050000e+02,2.75858045e-04,1.76446537e-05,0.00000000e+00,0.00000000e+00,2.95404193e-05,4.39600486e-06,0.00000000e+00,0.00000000e+00,2.45030814e-01,1.12094149e-02,1.38024413e+03,8.58108576e+01,3.05398466e-04,1.96974827e-05,0.00000000e+00,0.00000000e+00,0.00000000e+00,0.00000000e+00
1.18150000e+02,2.70355654e-04,1.68816502e-05,0.00000000e+00,0.00000000e+00,3.07906367e-05,4.51954771e-06,0.00000000e+00,0.00000000e+00,2.39936663e-01,1.04563411e-02,1.35226270e+03,8.19016760e+01,3.01146293e-04,1.92147661e-05,0.00000000e+00,0.00000000e+00,3.17780000e+00,6.17977544e-02
1.18250000e+02,2.71297802e-04,1.69319694e-05,0.00000000e+00,0.00000000e+00,3.09706465e-05,4.49301317e-06,0.00000000e+00,0.00000000e+00,2.42105357e-01,1.02049579e-02,1.35584458e+03,8.17708344e+01,3.02268450e-04,1.91014040e-05,0.00000000e+00,0.00000000e+00,0.00000000e+00,0.00000000e+00
1.18350000e+02,2.87142049e-04,1.76630201e-05,0.00000000e+00,0.00000000e+00,3.06415202e-05,4.13057549e-06,0.00000000e+00,0.00000000e+00,2.46870677e-01,1.01112938e-02,1.43027498e+03,8.51285261e+01,3.17783572e-04,1.95825056e-05,0.00000000e+00,0.00000000e+00,3.16120000e+00,6.25137634e-02
1.18450000e+02,2.76995529e-04,1.68160665e-05,0.00000000e+00,0.00000000e+00,3.01427966e-05,4.20965845e-06,0.00000000e+00,0.00000000e+00,2.42856394e-01,1.02471345e-02,1.38151483e+03,8.14080022e+01,3.07138328e-04,1.90533302e-05,0.00000000e+00,0.00000000e+00,0.00000000e+00,0.00000000e+00
1.18550000e+02,2.84941795e-04,1.85458233e-05,0.00000000e+00,0.00000000e+00,2.74332475e-05,3.08247886e-06,0.00000000e+00,0.00000000e+00,2.41765979e-01,1.00658432e-02,1.41913983e+03,8.99791130e+01,3.12375045e-04,2.00300932e-05,0.00000000e+00,0.00000000e+00,3.15440000e+00,6.19507112e-02
1.18650000e+02,2.80710672e-04,1.78994675e-05,0.00000000e+00,0.00000000e+00,3.44584708e-05,6.83346327e-06,0.00000000e+00,0.00000000e+00,2.36802482e-01,9.65496654e-03,1.39884853e+03,8.67362696e+01,3.15169145e-04,1.96912711e-05,0.00000000e+00,0.00000000e+00,0.00000000e+00,0.00000000e+00
1.18750000e+02,2.80123651e-04,1.74960027e-05,0.00000000e+00,0.00000000e+00,2.88805280e-05,3.34783208e-06,0.00000000e+00,0.00000000e+00,2.37231725e-01,9.44976721e-03,1.39634810e+03,8.50336946e+01,3.09004181e-04,1.89258996e-05,0.00000000e+00,0.00000000e+00,3.14200000e+00,6.24395218e-02
1.18850000e+02,2.73627812e-04,1.59666124e-05,0.00000000e+00,0.00000000e+00,2.94141290e-05,3.75769287e-06,0.00000000e+00,0.00000000e+00,2.38131662e-01,9.58538783e-03,1.36539351e+03,7.75554609e+01,3.03041943e-04,1.77123722e-05,0.00000000e+00,0.00000000e+00,0.00000000e+00,0.00000000e+00
1.18950000e+02,2.71125797e-04,1.50903135e-05,0.00000000e+00,0.00000000e+00,3.70378425e-05,5.84568911e-06,0.00000000e+00,0.00000000e+00,2.39704687e-01,9.57534650e-03,1.35655626e+03,7.30630208e+01,3.08163642e-04,1.68544394e-05,0.00000000e+00,0.00000000e+00,3.13420000e+00,6.02248101e-02
1.19050000e+02,2.74613686e-04,1.50796330e-05,0.00000000e+00,0.00000000e+00,4.00763833e-05,7.89755313e-06,0.00000000e+00,0.00000000e+00,2.38240330e-01,9.91635660e-03,1.36915390e+03,7.31970892e+01,3.14690071e-04,1.75446078e-05,0.00000000e+00,0.00000000e+00,0.00000000e+00,0.00000000e+00
1.19150000e+02,2.73156411e-04,1.63339205e-05,0.00000000e+00,0.00000000e+00,3.80787076e-05,7.71232236e-06,0.00000000e+00,0.00000000e+00,2.35945485e-01,1.00511887e-02,1.36166054e+03,7.89682512e+01,3.11235121e-04,1.87277512e-05,0.00000000e+00,0.00000000e+00,3.13000000e+00,5.95438442e-02
1.19250000e+02,2.74832518e-04,1.87083310e-05,0.00000000e+00,0.00000000e+00,3.62592914e-05,7.45885459e-06,0.00000000e+00,0.00000000e+00,2.35439433e-01,1.06281537e-02,1.36858869e+03,9.01083977e+01,3.11091812e-04,2.11147970e-05,0.00000000e+00,0.00000000e+00,0.00000000e+00,0.00000000e+00
1.19350000e+02,2.74102285e-04,1.71086217e-05,0.00000000e+00,0.00000000e+00,4.32339750e-05,1.02249074e-05,0.00000000e+00,0.00000000e+00,2.35780218e-01,1.06400293e-02,1.36342572e+03,8.23842696e+01,3.17336262e-04,2.07356750e-05,0.00000000e+00,0.00000000e+00,3.11760000e+00,5.75007081e-02
1.19450000e+02,2.75453063e-04,1.66364501e-05,0.00000000e+00,0.00000000e+00,5.75171389e-05,1.88903489e-05,0.00000000e+00,0.00000000e+00,2.34192325e-01,9.92256011e-03,1.36916932e+03,8.01333028e+01,3.32970204e-04,2.33759509e-05,0.00000000e+00,0.00000000e+00,0.00000000e+00,0.00000000e+00
1.19550000e+02,2.66598257e-04,1.53569876e-05,0.00000000e+00,0.00000000e+00,3.83433584e-05,8.02243582e-06,0.00000000e+00,0.00000000e+00,2.30131749e-01,9.69458958e-03,1.32652786e+03,7.38000758e+01,3.04941617e-04,1.76681053e-05,0.00000000e+00,0.00000000e+00,3.10860000e+00,5.65505084e-02
1.19650000e+02,2.62343547e-04,1.52867597e-05,0.00000000e+00,0.00000000e+00,2.79922064e-05,2.94882176e-06,0.00000000e+00,0.00000000e+00,2.29274255e-01,9.47306515e-03,1.30883789e+03,7.36407494e+01,2.90335755e-04,1.63338610e-05,0.00000000e+00,0.00000000e+00,0.00000000e+00,0.00000000e+00
1.19750000e+02,2.59203170e-04,1.63535101e-05,0.00000000e+00,0.00000000e+00,3.01427021e-05,4.16928136e-06,0.00000000e+00,0.00000000e+00,2.25861641e-01,9.49000886e-03,1.29173604e+03,7.86753845e+01,2.89345874e-04,1.74015424e-05,0.00000000e+00,0.00000000e+00,3.10300000e+00,5.84711685e-02
1.19850000e+02,2.54075529e-04,1.61469945e-05,0.00000000e+00,0.00000000e+00,3.50367543e-05,7.72670605e-06,0.00000000e+00,0.00000000e+00,2.23910513e-01,9.15097979e-03,1.26546806e+03,7.77016729e+01,2.89112285e-04,1.81411382e-05,0.00000000e+00,0.00000000e+00,0.00000000e+00,0.00000000e+00
1.19950000e+02,2.53058509e-04,1.62605455e-05,0.00000000e+00,0.00000000e+00,4.04682447e-05,8.63808972e-06,0.00000000e+00,0.00000000e+00,2.25402692e-01,1.01547946e-02,1.26013446e+03,7.84688590e+01,2.93526755e-04,2.01444389e-05,0.00000000e+00,0.00000000e+00,3.09660000e+00,5.85579148e-02
1.20050000e+02,2.52189552e-04,1.63822675e-05,0.00000000e+00,0.00000000e+00,4.61912797e-05,8.44332704e-06,0.00000000e+00,0.00000000e+00,2.26231709e-01,1.02734385e-02,1.25665980e+03,7.90682030e+01,2.98380834e-04,1.91242256e-05,0.00000000e+00,0.00000000e+00,0.00000000e+00,0.00000000e+00
1.20150000e+02,2.50011906e-04,1.58187351e-05,0.00000000e+00,0.00000000e+00,3.97560636e-05,6.50005949e-06,0.00000000e+00,0.00000000e+00,2.29244038e-01,1.14405027e-02,1.24842776e+03,7.63625670e+01,2.89767971e-04,1.73562371e-05,0.00000000e+00,0.00000000e+00,3.08560000e+00,5.93695861e-02
1.20250000e+02,2.47655648e-04,1.49961529e-05,0.00000000e+00,0.00000000e+00,3.92837816e-05,6.37129477e-06,0.00000000e+00,0.00000000e+00,2.28095104e-01,1.02954432e-02,1.23708584e+03,7.22993106e+01,2.86939432e-04,1.68554296e-05,0.00000000e+00,0.00000000e+00,0.00000000e+00,0.00000000e+00
1.20350000e+02,2.53955762e-04,1.61610795e-05,0.00000000e+00,0.00000000e+00,4.04532713e-05,6.87271644e-06,0.00000000e+00,0.00000000e+00,2.29755875e-01,1.13544279e-02,1.26707176e+03,7.82543974e+01,2.94409035e-04,1.85503643e-05,0.00000000e+00,0.00000000e+00,3.07900000e+00,5.80149523e-02
1.20450000e+02,2.67088507e-04,1.85914299e-05,0.00000000e+00,0.00000000e+00,4.10356710e-05,7.35172120e-06,0.00000000e+00,0.00000000e+00,2.33798336e-01,1.18364801e-02,1.33052530e+03,8.98056111e+01,3.08124180e-04,2.11637332e-05,0.00000000e+00,0.00000000e+00,0.00000000e+00,0.00000000e+00
1.20550000e+02,2.60433401e-04,1.74439240e-05,0.00000000e+00,0.00000000e+00,4.07978352e-05,7.54293361e-06,0.00000000e+00,0.00000000e+00,2.27676573e-01,1.14494958e-02,1.29529040e+03,8.42146265e+01,3.01231239e-04,1.97364211e-05,0.00000000e+00,0.00000000e+00,3.07880000e+00,5.81796233e-02
1.20650000e+02,2.50516595e-04,1.62334914e-05,0.00000000e+00,0.00000000e+00,3.99589761e-05,7.40288510e-06,0.00000000e+00,0.00000000e+00,2.22395245e-01,1.06222810e-02,1.24578197e+03,7.80981495e+01,2.90475573e-04,1.86892468e-05,0.00000000e+00,0.00000000e+00,0.00000000e+00,0.00000000e+00
1.20750000e+02,2.57685844e-04,1.77047971e-05,0.00000000e+00,0.00000000e+00,3.92983173e-05,7.40448651e-06,0.00000000e+00,0.00000000e+00,2.25499062e-01,1.17986453e-02,1.28280013e+03,8.49844889e+01,2.96984163e-04,2.00452672e-05,0.00000000e+00,0.00000000e+00,3.07560000e+00,5.90421226e-02
1.20850000e+02,2.52562118e-04,1.72607467e-05,0.00000000e+00,0.00000000e+00,3.97176285e-05,7.52600747e-06,0.00000000e+00,0.00000000e+00,2.22670758e-01,1.01236827e-02,1.25811468e+03,8.25744005e+01,2.92279748e-04,1.93925686e-05,0.00000000e+00,0.00000000e+00,0.00000000e+00,0.00000000e+00
1.20950000e+02,2.51105031e-04,1.63537318e-05,0.00000000e+00,0.00000000e+00,3.79841596e-05,8.64525030e-06,0.00000000e+00,0.00000000e+00,2.19751066e-01,9.65817152e-03,1.24832878e+03,7.82822423e+01,2.89089193e-04,1.89602905e-05,0.00000000e+00,0.00000000e+00,3.07340000e+00,5.92997298e-02
1.21050000e+02,2.50671992e-04,1.59008039e-05,0.00000000e+00,0.00000000e+00,3.92887322e-05,1.12591195e-05,0.00000000e+00,0.00000000e+00,2.18087662e-01,9.55935906e-03,1.24503330e+03,7.62804145e+01,2.89960727e-04,1.91785528e-05,0.00000000e+00,0.00000000e+00,0.00000000e+00,0.00000000e+00
1.21150000e+02,2.55971255e-04,1.71182727e-05,0.00000000e+00,0.00000000e+00,4.15777914e-05,1.11683480e-05,0.00000000e+00,0.00000000e+00,2.20016454e-01,9.35475389e-03,1.27177535e+03,8.21700203e+01,2.97549049e-04,1.95742944e-05,0.00000000e+00,0.00000000e+00,3.07620000e+00,5.76675129e-02
1.21250000e+02,2.66780202e-04,1.98882055e-05,0.00000000e+00,0.00000000e+00,4.11497993e-05,1.09898420e-05,0.00000000e+00,0.00000000e+00,2.24091549e-01,9.99087941e-03,1.32561145e+03,9.62711374e+01,3.07930003e-04,2.19980001e-05,0.00000000e+00,0.00000000e+00,0.00000000e+00,0.00000000e+00
1.21350000e+02,2.76246856e-04,2.06013051e-05,0.00000000e+00,0.00000000e+00,4.25925416e-05,1.12693148e-05,0.00000000e+00,0.00000000e+00,2.25054713e-01,1.03977998e-02,1.36894454e+03,9.91557633e+01,3.18839400e-04,2.35933456e-05,0.00000000e+00,0.00000000e+00,3.06820000e+00,5.67275551e-02
1.21450000e+02,2.73581671e-04,2.08623055e-05,0.00000000e+00,0.00000000e+00,4.36523836e-05,1.20983397e-05,0.00000000e+00,0.00000000e+00,2.24870415e-01,1.10739758e-02,1.35525892e+03,1.00581432e+02,3.17234056e-04,2.43112180e-05,0.00000000e+00,0.00000000e+00,0.00000000e+00,0.00000000e+00
1.21550000e+02,2.68554835e-04,1.99955534e-05,0.00000000e+00,0.00000000e+00,3.93306246e-05,1.09808102e-05,0.00000000e+00,0.00000000e+00,2.20197799e-01,1.08565718e-02,1.33130718e+03,9.63126021e+01,3.07885461e-04,2.29239386e-05,0.00000000e+00,0.00000000e+00,3.05880000e+00,5.85286534e-02
1.21650000e+02,2.60697506e-04,1.88509283e-05,0.00000000e+00,0.00000000e+00,3.97299101e-05,1.10824686e-05,0.00000000e+00,0.00000000e+00,2.20032580e-01,1.08911347e-02,1.29487996e+03,9.08336685e+01,3.00427417e-04,2.19535697e-05,0.00000000e+00,0.00000000e+00,0.00000000e+00,0.00000000e+00
1.21750000e+02,2.59311706e-04,1.87022041e-05,0.00000000e+00,0.00000000e+00,4.08256085e-05,1.14168612e-05,0.00000000e+00,0.00000000e+00,2.18960458e-01,1.05948653e-02,1.28718864e+03,9.00408299e+01,3.00137316e-04,2.21667764e-05,0.00000000e+00,0.00000000e+00,3.05440000e+00,6.04406675e-02
1.21850000e+02,2.61017283e-04,1.90021526e-05,0.00000000e+00,0.00000000e+00,3.60433645e-05,6.65581109e-06,0.00000000e+00,0.00000000e+00,2.21108178e-01,1.04298624e-02,1.29607030e+03,9.14271662e+01,2.97060649e-04,2.08361573e-05,0.00000000e+00,0.00000000e+00,0.00000000e+00,0.00000000e+00
1.21950000e+02,2.60009242e-04,1.83257924e-05,0.00000000e+00,0.00000000e+00,3.07606451e-05,4.98052442e-06,0.00000000e+00,0.00000000e+00,2.18150133e-01,1.08874424e-02,1.28951361e+03,8.82324721e+01,2.90769889e-04,2.07785946e-05,0.00000000e+00,0.00000000e+00,3.03500000e+00,6.12610673e-02
1.22050000e+02,2.52806599e-04,1.76755264e-05,0.00000000e+00,0.00000000e+00,3.09009636e-05,4.92881602e-06,0.00000000e+00,0.00000000e+00,2.15357649e-01,1.03737462e-02,1.25416930e+03,8.50520113e+01,2.83707565e-04,1.98441632e-05,0.00000000e+00,0.00000000e+00,0.00000000e+00,0.00000000e+00
1.22150000e+02,2.58094625e-04,1.84660400e-05,0.00000000e+00,0.00000000e+00,3.28708291e-05,4.91904104e-06,0.00000000e+00,0.00000000e+00,2.14115758e-01,9.89221083e-03,1.28003011e+03,8.88159913e+01,2.90965456e-04,2.03448856e-05,0.00000000e+00,0.00000000e+00,3.01820000e+00,5.95991302e-02
1.22250000e+02,2.60514353e-04,2.07066497e-05,0.00000000e+00,0.00000000e+00,3.44298835e-05,5.32666129e-06,0.00000000e+00,0.00000000e+00,2.14394251e-01,1.08188934e-02,1.29148874e+03,9.97149219e+01,2.94944238e-04,2.27347471e-05,0.00000000e+00,0.00000000e+00,0.00000000e+00,0.00000000e+00
1.22350000e+02,2.61506480e-04,2.00640308e-05,0.00000000e+00,0.00000000e+00,3.97403385e-05,1.04931597e-05,0.00000000e+00,0.00000000e+00,2.13126105e-01,1.07025132e-02,1.29631365e+03,9.67769390e+01,3.01246820e-04,2.37632322e-05,0.00000000e+00,0.00000000e+00,3.02340000e+00,5.98539788e-02
1.22450000e+02,2.59800166e-04,1.94972610e-05,0.00000000e+00,0.00000000e+00,3.21366086e-05,5.50610897e-06,0.00000000e+00,0.00000000e+00,2.14707620e-01,1.07344320e-02,1.28933543e+03,9.41800314e+01,2.91936777e-04,2.14950320e-05,0.00000000e+00,0.00000000e+00,0.00000000e+00,0.00000000e+00
1.22550000e+02,2.57096660e-04,1.86366022e-05,0.00000000e+00,0.00000000e+00,2.75081571e-05,4.12948009e-06,0.00000000e+00,0.00000000e+00,2.10250645e-01,9.63816400e-03,1.27539864e+03,8.97207773e+01,2.84604818e-04,2.01326326e-05,0.00000000e+00,0.00000000e+00,3.00820000e+00,5.82252417e-02
1.22650000e+02,2.57291382e-04,2.02330994e-05,0.00000000e+00,0.00000000e+00,2.70117485e-05,3.91922164e-06,0.00000000e+00,0.00000000e+00,2.12951794e-01,9.76760869e-03,1.27779292e+03,9.75028593e+01,2.84303132e-04,2.14474688e-05,0.00000000e+00,0.00000000e+00,0.00000000e+00,0.00000000e+00
1.22750000e+02,2.48956540e-04,1.89281263e-05,0.00000000e+00,0.00000000e+00,2.77272433e-05,4.05570862e-06,0.00000000e+00,0.00000000e+00,2.10738677e-01,9.91939821e-03,1.24022188e+03,9.15437355e+01,2.76683785e-04,2.01111076e-05,0.00000000e+00,0.00000000e+00,3.00640000e+00,5.93287348e-02
1.22850000e+02,2.40207314e-04,1.71284508e-05,0.00000000e+00,0.00000000e+00,2.90753703e-05,4.15775627e-06,0.00000000e+00,0.00000000e+00,2.07141273e-01,9.72197009e-03,1.19456443e+03,8.28425512e+01,2.69282686e-04,1.87920268e-05,0.00000000e+00,0.00000000e+00,0.00000000e+00,0.00000000e+00
1.22950000e+02,2.44466403e-04,1.72537490e-05,0.00000000e+00,0.00000000e+00,3.26322401e-05,4.50375253e-06,0.00000000e+00,0.00000000e+00,2.11721821e-01,9.85116212e-03,1.21598075e+03,8.34446434e+01,2.77098645e-04,1.87217603e-05,0.00000000e+00,0.00000000e+00,2.99900000e+00,5.81302198e-02
1.23050000e+02,2.47257853e-04,1.75153781e-05,0.00000000e+00,0.00000000e+00,3.67965458e-05,5.80331304e-06,0.00000000e+00,0.00000000e+00,2.12552201e-01,1.03985129e-02,1.22734196e+03,8.48130457e+01,2.84054400e-04,1.90424902e-05,0.00000000e+00,0.00000000e+00,0.00000000e+00,0.00000000e+00
1.23150000e+02,2.44952250e-04,1.69456825e-05,0.00000000e+00,0.00000000e+00,3.60635076e-05,5.49926895e-06,0.00000000e+00,0.00000000e+00,2.05979739e-01,9.64814872e-03,1.21399402e+03,8.20231917e+01,2.81015760e-04,1.85516966e-05,0.00000000e+00,0.00000000e+00,2.99160000e+00,5.81085262e-02
1.23250000e+02,2.39032407e-04,1.66947746e-05,0.00000000e+00,0.00000000e+00,3.40066694e-05,5.38604446e-06,0.00000000e+00,0.00000000e+00,2.04406123e-01,1.03183473e-02,1.18619366e+03,8.08519612e+01,2.73039078e-04,1.83896253e-05,0.00000000e+00,0.00000000e+00,0.00000000e+00,0.00000000e+00
1.23350000e+02,2.32946446e-04,1.61021610e-05,0.00000000e+00,0.00000000e+00,3.27247832e-05,5.27813627e-06,0.00000000e+00,0.00000000e+00,1.99428444e-01,9.96406711e-03,1.15869745e+03,7.80496179e+01,2.65671231e-04,1.75540003e-05,0.00000000e+00,0.00000000e+00,2.97760000e+00,5.99030237e-02
1.23450000e+02,2.33375748e-04,1.64359085e-05,0.00000000e+00,0.00000000e+00,3.15254369e-05,5.11115563e-06,0.00000000e+00,0.00000000e+00,1.96450773e-01,9.65315723e-03,1.15865690e+03,7.95752761e+01,2.64901186e-04,1.77870631e-05,0.00000000e+00,0.00000000e+00,0.00000000e+00,0.00000000e+00
1.23550000e+02,2.47738211e-04,2.02879791e-05,0.00000000e+00,0.00000000e+00,3.06963084e-05,5.61604486e-06,0.00000000e+00,0.00000000e+00,2.00189258e-01,1.03852518e-02,1.22906321e+03,9.79420317e+01,2.78434521e-04,2.15572438e-05,0.00000000e+00,0.00000000e+00,2.96920000e+00,5.89789585e-02
1.23650000e+02,2.48328373e-04,2.02598226e-05,0.00000000e+00,0.00000000e+00,3.09452613e-05,5.66966375e-06,0.00000000e+00,0.00000000e+00,2.02909158e-01,1.11679249e-02,1.23126599e+03,9.83630658e+01,2.79273636e-04,2.13887954e-05,0.00000000e+00,0.00000000e+00,0.00000000e+00,0.00000000e+00
1.23750000e+02,2.42102795e-04,1.84846146e-05,0.00000000e+00,0.00000000e+00,3.19200297e-05,5.73877855e-06,0.00000000e+00,0.00000000e+00,2.01340931e-01,9.73534889e-03,1.20376093e+03,8.98018803e+01,2.74022826e-04,1.92672476e-05,0.00000000e+00,0.00000000e+00,2.96220000e+00,5.81983168e-02
1.23850000e+02,2.32900664e-04,1.70187553e-05,0.00000000e+00,0.00000000e+00,3.12919098e-05,5.84783003e-06,0.00000000e+00,0.00000000e+00,1.94643321e-01,9.04922088e-03,1.15526041e+03,8.20649582e+01,2.64192575e-04,1.76950067e-05,0.00000000e+00,0.00000000e+00,0.00000000e+00,0.00000000e+00
1.23950000e+02,2.35082162e-04,1.74554990e-05,0.00000000e+00,0.00000000e+00,3.30781867e-05,5.79388854e-06,0.00000000e+00,0.00000000e+00,1.95193413e-01,9.33080840e-03,1.16673711e+03,8.42959447e+01,2.68160350e-04,1.83130783e-05,0.00000000e+00,0.00000000e+00,2.95820000e+00,5.85976875e-02
1.24050000e+02,2.27904352e-04,1.49914491e-05,0.00000000e+00,0.00000000e+00,2.81868037e-05,5.02324566e-06,0.00000000e+00,0.00000000e+00,1.92431144e-01,9.26260164e-03,1.13193122e+03,7.24077264e+01,2.56091157e-04,1.63040550e-05,0.00000000e+00,0.00000000e+00,0.00000000e+00,0.00000000e+00
1.24150000e+02,2.41167950e-04,2.08189398e-05,0.00000000e+00,0.00000000e+00,2.89267041e-05,5.27647126e-06,0.00000000e+00,0.00000000e+00,1.98175548e-01,9.90687922e-03,1.20086184e+03,1.00881045e+02,2.70094656e-04,2.14369655e-05,0.00000000e+00,0.00000000e+00,2.95040000e+00,5.96047937e-02
1.24250000e+02,2.32976460e-04,1.75238663e-05,0.00000000e+00,0.00000000e+00,4.84178602e-05,2.18502901e-05,0.00000000e+00,0.00000000e+00,1.93298179e-01,9.58699320e-03,1.15695501e+03,8.47050842e+01,2.81394321e-04,2.82457713e-05,0.00000000e+00,0.00000000e+00,0.00000000e+00,0.00000000e+00
1.24350000e+02,2.33243436e-04,2.01513015e-05,0.00000000e+00,0.00000000e+00,2.77089597e-05,4.87643481e-06,0.00000000e+00,0.00000000e+00,1.87791534e-01,9.44653782e-03,1.15735924e+03,9.77924718e+01,2.60952397e-04,2.08692072e-05,0.00000000e+00,0.00000000e+00,2.94420000e+00,5.95123654e-02
1.24450000e+02,2.37505765e-04,1.82123814e-05,0.00000000e+00,0.00000000e+00,3.06205245e-05,5.88470178e-06,0.00000000e+00,0.00000000e+00,1.91458499e-01,9.92709336e-03,1.17883116e+03,8.87203437e+01,2.68126291e-04,1.87142173e-05,0.00000000e+00,0.00000000e+00,0.00000000e+00,0.00000000e+00
1.24550000e+02,2.32577560e-04,1.70023115e-05,0.00000000e+00,0.00000000e+00,2.97579101e-05,5.62487585e-06,0.00000000e+00,0.00000000e+00,1.91553498e-01,1.07140004e-02,1.15516412e+03,8.24480493e+01,2.62335471e-04,1.74620245e-05,0.00000000e+00,0.00000000e+00,2.94740000e+00,5.90135301e-02
1.24650000e+02,2.21221222e-04,1.59329314e-05,0.00000000e+00,0.00000000e+00,2.43931678e-05,3.56993373e-06,0.00000000e+00,0.00000000e+00,1.83948856e-01,9.52507023e-03,1.09789511e+03,7.72380016e+01,2.45614391e-04,1.66927380e-05,0.00000000e+00,0.00000000e+00,0.00000000e+00,0.00000000e+00
1.24750000e+02,2.14141914e-04,1.54067201e-05,0.00000000e+00,0.00000000e+00,2.24890961e-05,2.51839960e-06,0.00000000e+00,0.00000000e+00,1.78603130e-01,8.90616810e-03,1.06337867e+03,7.46717977e+01,2.36631012e-04,1.57381025e-05,0.00000000e+00,0.00000000e+00,2.94640000e+00,5.98711269e-02
1.24850000e+02,2.12107057e-04,1.57751003e-05,0.00000000e+00,0.00000000e+00,2.70277123e-05,4.74015766e-06,0.00000000e+00,0.00000000e+00,1.77785404e-01,9.10173743e-03,1.05583775e+03,7.63990765e+01,2.39134770e-04,1.62940699e-05,0.00000000e+00,0.00000000e+00,0.00000000e+00,0.00000000e+00
1.24950000e+02,2.12709115e-04,1.67348887e-05,0.00000000e+00,0.00000000e+00,3.25762268e-05,8.04291060e-06,0.00000000e+00,0.00000000e+00,1.76095190e-01,9.24890714e-03,1.05912922e+03,8.10846089e+01,2.45285343e-04,1.82922954e-05,0.00000000e+00,0.00000000e+00,2.93920000e+00,5.96019723e-02
1.25050000e+02,2.17460237e-04,1.72989471e-05,0.00000000e+00,0.00000000e+00,2.97994604e-05,7.48943216e-06,0.00000000e+00,0.00000000e+00,1.80126879e-01,9.41080470e-03,1.08178580e+03,8.39086213e+01,2.47259699e-04,1.84429924e-05,0.00000000e+00,0.00000000e+00,0.00000000e+00,0.00000000e+00
1.25150000e+02,2.17634697e-04,1.67947498e-05,0.00000000e+00,0.00000000e+00,5.32190740e-05,2.43255041e-05,0.00000000e+00,0.00000000e+00,1.82734163e-01,9.62948855e-03,1.08189816e+03,8.14253633e+01,2.70853772e-04,2.84363414e-05,0.00000000e+00,0.00000000e+00,2.93420000e+00,6.02864523e-02
1.25250000e+02,2.09666137e-04,1.54850880e-05,0.00000000e+00,0.00000000e+00,3.59182566e-05,1.01506219e-05,0.00000000e+00,0.00000000e+00,1.78811135e-01,9.25942830e-03,1.04440251e+03,7.47856267e+01,2.45584395e-04,1.79486144e-05,0.00000000e+00,0.00000000e+00,0.00000000e+00,0.00000000e+00
1.25350000e+02,2.23296305e-04,1.80932733e-05,0.00000000e+00,0.00000000e+00,3.02647003e-05,7.54373713e-06,0.00000000e+00,0.00000000e+00,1.83812482e-01,1.00269308e-02,1.10941179e+03,8.70662628e+01,2.53561006e-04,1.94881319e-05,0.00000000e+00,0.00000000e+00,2.92340000e+00,6.04402961e-02
1.25450000e+02,2.20126945e-04,1.77876257e-05,0.00000000e+00,0.00000000e+00,3.53605300e-05,1.03905588e-05,0.00000000e+00,0.00000000e+00,1.85840907e-01,1.07879317e-02,1.09541523e+03,8.57581279e+01,2.55487477e-04,2.06499636e-05,0.00000000e+00,0.00000000e+00,0.00000000e+00,0.00000000e+00
1.25550000e+02,2.19133785e-04,1.79600610e-05,0.00000000e+00,0.00000000e+00,5.14216079e-05,2.33869307e-05,0.00000000e+00,0.00000000e+00,1.83409638e-01,9.50901269e-03,1.09092482e+03,8.67268694e+01,2.70555394e-04,2.92120424e-05,0.00000000e+00,0.00000000e+00,2.91000000e+00,5.97559663e-02
1.25650000e+02,2.18117128e-04,1.63467961e-05,0.00000000e+00,0.00000000e+00,4.76789952e-05,1.92434532e-05,0.00000000e+00,0.00000000e+00,1.84531470e-01,9.22400569e-03,1.08771945e+03,7.83161603e+01,2.65796125e-04,2.98550206e-05,0.00000000e+00,0.00000000e+00,0.00000000e+00,0.00000000e+00
1.25750000e+02,2.13783116e-04,1.46914892e-05,0.00000000e+00,0.00000000e+00,4.35400816e-05,1.86958514e-05,0.00000000e+00,0.00000000e+00,1.80817003e-01,9.46612129e-03,1.06490319e+03,7.08618208e+01,2.57323199e-04,2.76402125e-05,0.00000000e+00,0.00000000e+00,2.90420000e+00,6.01990508e-02
1.25850000e+02,2.11140969e-04,1.48312945e-05,0.00000000e+00,0.00000000e+00,3.41738353e-05,1.03310300e-05,0.00000000e+00,0.00000000e+00,1.80866376e-01,9.68817777e-03,1.05301183e+03,7.19791962e+01,2.45314806e-04,2.07269239e-05,0.00000000e+00,0.00000000e+00,0.00000000e+00,0.00000000e+00
1.25950000e+02,2.04132373e-04,1.47512518e-05,0.00000000e+00,0.00000000e+00,3.75122389e-05,1.06930654e-05,0.00000000e+00,0.00000000e+00,1.77347193e-01,9.08262631e-03,1.01741653e+03,7.12304522e+01,2.41644613e-04,2.06368714e-05,0.00000000e+00,0.00000000e+00,2.89700000e+00,6.05884410e-02
1.26050000e+02,1.99980917e-04,1.46811606e-05,0.00000000e+00,0.00000000e+00,4.56598204e-05,1.37366008e-05,0.00000000e+00,0.00000000e+00,1.74600145e-01,9.10273805e-03,9.96067048e+02,7.08820338e+01,2.45640739e-04,2.26751371e-05,0.00000000e+00,0.00000000e+00,0.00000000e+00,0.00000000e+00
1.26150000e+02,1.91949830e-04,1.31191622e-05,0.00000000e+00,0.00000000e+00,4.00499185e-05,1.11277992e-05,0.00000000e+00,0.00000000e+00,1.71313628e-01,8.36751642e-03,9.57040393e+02,6.35129838e+01,2.31999750e-04,1.97869901e-05,0.00000000e+00,0.00000000e+00,2.88140000e+00,6.02884292e-02
1.26250000e+02,1.93667717e-04,1.27603930e-05,0.00000000e+00,0.00000000e+00,3.58466579e-05,7.71172122e-06,0.00000000e+00,0.00000000e+00,1.74416854e-01,9.00934223e-03,9.66154868e+02,6.22137817e+01,2.29514377e-04,1.65457198e-05,0.00000000e+00,0.00000000e+00,0.00000000e+00,0.00000000e+00
1.26350000e+02,1.97541656e-04,1.37073881e-05,0.00000000e+00,0.00000000e+00,3.36823308e-05,7.04396547e-06,0.00000000e+00,0.00000000e+00,1.76643779e-01,9.23769924e-03,9.84623951e+02,6.64819391e+01,2.31223989e-04,1.57868126e-05,0.00000000e+00,0.00000000e+00,2.88100000e+00,5.98775962e-02
1.26450000e+02,2.04409640e-04,1.54671903e-05,0.00000000e+00,0.00000000e+00,3.32281594e-05,7.00509621e-06,0.00000000e+00,0.00000000e+00,1.79103548e-01,9.68943371e-03,1.01949161e+03,7.49871389e+01,2.37637801e-04,1.72655175e-05,0.00000000e+00,0.00000000e+00,0.00000000e+00,0.00000000e+00
1.26550000e+02,2.11768917e-04,1.76791014e-05,0.00000000e+00,0.00000000e+00,2.83455357e-05,5.15677768e-06,0.00000000e+00,0.00000000e+00,1.79052782e-01,9.82715442e-03,1.05270293e+03,8.50309992e+01,2.40114455e-04,1.84218594e-05,0.00000000e+00,0.00000000e+00,2.88060000e+00,6.02250270e-02
1.26650000e+02,2.11257927e-04,1.81632996e-05,0.00000000e+00,0.00000000e+00,2.91257374e-05,5.16401387e-06,0.00000000e+00,0.00000000e+00,1.78594078e-01,1.00979869e-02,1.04894727e+03,8.73859984e+01,2.40383666e-04,1.93885837e-05,0.00000000e+00,0.00000000e+00,0.00000000e+00,0.00000000e+00
1.26750000e+02,2.01940853e-04,1.38781605e-05,0.00000000e+00,0.00000000e+00,3.15272068e-05,5.97136596e-06,0.00000000e+00,0.00000000e+00,1.75472906e-01,9.00153526e-03,1.00469260e+03,6.71706574e+01,2.33468061e-04,1.51917414e-05,0.00000000e+00,0.00000000e+00,2.88500000e+00,6.18742965e-02
1.26850000e+02,2.06348312e-04,1.35849846e-05,0.00000000e+00,0.00000000e+00,3.19166211e-05,5.94631189e-06,0.00000000e+00,0.00000000e+00,1.73990970e-01,8.31613140e-03,1.02496958e+03,6.55958850e+01,2.38264934e-04,1.48099834e-05,0.00000000e+00,0.00000000e+00,0.00000000e+00,0.00000000e+00
1.26950000e+02,2.14344314e-04,1.43645082e-05,0.00000000e+00,0.00000000e+00,3.23050840e-05,5.86956850e-06,0.00000000e+00,0.00000000e+00,1.75320222e-01,8.39168130e-03,1.06326137e+03,6.92736401e+01,2.46649400e-04,1.52847917e-05,0.00000000e+00,0.00000000e+00,2.88460000e+00,6.23264677e-02
1.27050000e+02,2.08273941e-04,1.43052357e-05,0.00000000e+00,0.00000000e+00,3.10415784e-05,5.31476430e-06,0.00000000e+00,0.00000000e+00,1.71708955e-01,8.13294672e-03,1.03352140e+03,6.87636944e+01,2.39315520e-04,1.47773530e-05,0.00000000e+00,0.00000000e+00,0.00000000e+00,0.00000000e+00
1.27150000e+02,2.11198644e-04,1.73496227e-05,0.00000000e+00,0.00000000e+00,3.27651008e-05,6.66429424e-06,0.00000000e+00,0.00000000e+00,1.71792832e-01,8.81132290e-03,1.04659346e+03,8.32206378e+01,2.43963746e-04,1.76942805e-05,0.00000000e+00,0.00000000e+00,2.87380000e+00,6.27244639e-02
1.27250000e+02,1.99277842e-04,1.33622382e-05,0.00000000e+00,0.00000000e+00,3.49513263e-05,7.30912912e-06,0.00000000e+00,0.00000000e+00,1.66001278e-01,7.95075594e-03,9.89042426e+02,6.46114233e+01,2.34229169e-04,1.41551115e-05,0.00000000e+00,0.00000000e+00,0.00000000e+00,0.00000000e+00
1.27350000e+02,1.93768354e-04,1.28110503e-05,0.00000000e+00,0.00000000e+00,3.08466211e-05,5.84040709e-06,0.00000000e+00,0.00000000e+00,1.64881807e-01,7.75245135e-03,9.63020467e+02,6.21064841e+01,2.24614977e-04,1.35831476e-05,0.00000000e+00,0.00000000e+00,2.86760000e+00,6.28925614e-02
1.27450000e+02,1.97098810e-04,1.39161505e-05,0.00000000e+00,0.00000000e+00,2.85708265e-05,5.84883926e-06,0.00000000e+00,0.00000000e+00,1.65455457e-01,7.81171521e-03,9.78796604e+02,6.73371337e+01,2.25669638e-04,1.53581057e-05,0.00000000e+00,0.00000000e+00,0.00000000e+00,0.00000000e+00
1.27550000e+02,1.99708298e-04,1.33398087e-05,0.00000000e+00,0.00000000e+00,2.86112062e-05,5.93321249e-06,0.00000000e+00,0.00000000e+00,1.66730355e-01,7.77242344e-03,9.91004227e+02,6.45229621e+01,2.28319506e-04,1.49619407e-05,0.00000000e+00,0.00000000e+00,2.86420000e+00,6.13887512e-02
1.27650000e+02,2.04738628e-04,1.29848136e-05,0.00000000e+00,0.00000000e+00,3.71157034e-05,1.40848615e-05,0.00000000e+00,0.00000000e+00,1.71366638e-01,7.67711383e-03,1.01528146e+03,6.26326833e+01,2.41854332e-04,2.04568229e-05,0.00000000e+00,0.00000000e+00,0.00000000e+00,0.00000000e+00
1.27750000e+02,2.03456481e-04,1.30098061e-05,0.00000000e+00,0.00000000e+00,3.09937361e-05,7.70546186e-06,0.00000000e+00,0.00000000e+00,1.67012460e-01,7.03997187e-03,1.00859496e+03,6.30321979e+01,2.34450219e-04,1.54656648e-05,0.00000000e+00,0.00000000e+00,2.86300000e+00,6.15269976e-02
1.27850000e+02,1.99843191e-04,1.31358643e-05,0.00000000e+00,0.00000000e+00,4.15024073e-05,1.97837830e-05,0.00000000e+00,0.00000000e+00,1.65508736e-01,7.68090752e-03,9.90855074e+02,6.38044024e+01,2.41345599e-04,2.41017083e-05,0.00000000e+00,0.00000000e+00,0.00000000e+00,0.00000000e+00
1.27950000e+02,2.10369949e-04,1.54454396e-05,0.00000000e+00,0.00000000e+00,4.18916028e-05,1.88901187e-05,0.00000000e+00,0.00000000e+00,1.71242859e-01,9.16523053e-03,1.04091568e+03,7.47622600e+01,2.52261553e-04,2.52415434e-05,0.00000000e+00,0.00000000e+00,2.85860000e+00,6.06455140e-02
1.28050000e+02,2.06345141e-04,1.55457465e-05,0.00000000e+00,0.00000000e+00,3.29854054e-05,7.72447774e-06,0.00000000e+00,0.00000000e+00,1.66823658e-01,8.70351219e-03,1.02216872e+03,7.52248008e+01,2.39330548e-04,1.79512699e-05,0.00000000e+00,0.00000000e+00,0.00000000e+00,0.00000000e+00
1.28150000e+02,2.05048709e-04,1.50457599e-05,0.00000000e+00,0.00000000e+00,2.94874400e-05,7.39891841e-06,0.00000000e+00,0.00000000e+00,1.64802529e-01,8.38577824e-03,1.01487471e+03,7.26094550e+01,2.34536150e-04,1.86000042e-05,0.00000000e+00,0.00000000e+00,2.84400000e+00,6.03662292e-02
1.28250000e+02,2.04587473e-04,1.50158221e-05,0.00000000e+00,0.00000000e+00,3.05462916e-05,7.22887511e-06,0.00000000e+00,0.00000000e+00,1.65913859e-01,8.03351307e-03,1.01248338e+03,7.22414736e+01,2.35133766e-04,1.80203853e-05,0.00000000e+00,0.00000000e+00,0.00000000e+00,0.00000000e+00
1.28350000e+02,2.05875182e-04,1.52123451e-05,0.00000000e+00,0.00000000e+00,3.05425411e-05,7.19189361e-06,0.00000000e+00,0.00000000e+00,1.66248248e-01,8.49432025e-03,1.01932714e+03,7.32530138e+01,2.36417725e-04,1.80858259e-05,0.00000000e+00,0.00000000e+00,2.84000000e+00,6.01738977e-02
1.28450000e+02,2.08449273e-04,1.69727022e-05,0.00000000e+00,0.00000000e+00,2.86891743e-05,6.34951024e-06,0.00000000e+00,0.00000000e+00,1.66011134e-01,8.48305638e-03,1.03183313e+03,8.15838832e+01,2.37138448e-04,1.93423670e-05,0.00000000e+00,0.00000000e+00,0.00000000e+00,0.00000000e+00
1.28550000e+02,2.04400993e-04,1.49760840e-05,0.00000000e+00,0.00000000e+00,3.18428340e-05,7.50426829e-06,0.00000000e+00,0.00000000e+00,1.65257059e-01,8.72731156e-03,1.01205103e+03,7.21068166e+01,2.36243828e-04,1.78846538e-05,0.00000000e+00,0.00000000e+00,2.83980000e+00,6.04901679e-02
1.28650000e+02,1.99480476e-04,1.46700958e-05,0.00000000e+00,0.00000000e+00,2.72926773e-05,6.68904832e-06,0.00000000e+00,0.00000000e+00,1.61094734e-01,7.61605122e-03,9.87572531e+02,7.04645035e+01,2.26773155e-04,1.71033433e-05,0.00000000e+00,0.00000000e+00,0.00000000e+00,0.00000000e+00
1.28750000e+02,2.06468600e-04,2.32452343e-05,0.00000000e+00,0.00000000e+00,2.53860440e-05,6.30625616e-06,0.00000000e+00,0.00000000e+00,1.59114548e-01,7.75988341e-03,1.02102128e+03,1.11472017e+02,2.31854646e-04,2.48706899e-05,0.00000000e+00,0.00000000e+00,2.84000000e+00,5.95705721e-02
1.28850000e+02,2.06731536e-04,2.30382939e-05,0.00000000e+00,0.00000000e+00,2.72184528e-05,7.29021426e-06,0.00000000e+00,0.00000000e+00,1.59030582e-01,8.14279639e-03,1.02134944e+03,1.10650189e+02,2.33949990e-04,2.50738362e-05,0.00000000e+00,0.00000000e+00,0.00000000e+00,0.00000000e+00
1.28950000e+02,2.11258711e-04,2.24854696e-05,0.00000000e+00,0.00000000e+00,3.03982884e-05,7.62515215e-06,0.00000000e+00,0.00000000e+00,1.61936835e-01,7.95871938e-03,1.04610781e+03,1.08122910e+02,2.41657000e-04,2.43121913e-05,0.00000000e+00,0.00000000e+00,2.83300000e+00,6.09350608e-02
1.29050000e+02,2.17297127e-04,2.29606754e-05,0.00000000e+00,0.00000000e+00,3.04397321e-05,7.99195212e-06,0.00000000e+00,0.00000000e+00,1.61275280e-01,8.04686013e-03,1.07204280e+03,1.10105683e+02,2.47736861e-04,2.47479701e-05,0.00000000e+00,0.00000000e+00,0.00000000e+00,0.00000000e+00
1.29150000e+02,2.09352212e-04,2.24277688e-05,0.00000000e+00,0.00000000e+00,2.64334282e-05,5.96090000e-06,0.00000000e+00,0.00000000e+00,1.59612894e-01,8.19064298e-03,1.03381575e+03,1.07516455e+02,2.35785641e-04,2.40646751e-05,0.00000000e+00,0.00000000e+00,2.83220000e+00,6.12850749e-02
1.29250000e+02,2.12538738e-04,2.24930467e-05,0.00000000e+00,0.00000000e+00,2.41257679e-05,5.22654421e-06,0.00000000e+00,0.00000000e+00,1.63169596e-01,9.13541926e-03,1.04944577e+03,1.07985450e+02,2.36664507e-04,2.38998824e-05,0.00000000e+00,0.00000000e+00,0.00000000e+00,0.00000000e+00
1.29350000e+02,2.08528139e-04,1.83729544e-05,0.00000000e+00,0.00000000e+00,3.49118170e-05,8.38307018e-06,0.00000000e+00,0.00000000e+00,1.61593486e-01,8.64462744e-03,1.03174369e+03,8.84651056e+01,2.43439957e-04,2.08853302e-05,0.00000000e+00,0.00000000e+00,2.82160000e+00,6.05345980e-02
1.29450000e+02,2.08445198e-04,1.88379731e-05,0.00000000e+00,0.00000000e+00,3.60962102e-05,9.40791179e-06,0.00000000e+00,0.00000000e+00,1.61520902e-01,9.00549075e-03,1.03099150e+03,9.07124294e+01,2.44541409e-04,2.17333859e-05,0.00000000e+00,0.00000000e+00,0.00000000e+00,0.00000000e+00
1.29550000e+02,2.05411052e-04,1.54652467e-05,0.00000000e+00,0.00000000e+00,2.94954197e-05,5.95064019e-06,0.00000000e+00,0.00000000e+00,1.63024851e-01,8.94942567e-03,1.01473615e+03,7.43679977e+01,2.34906473e-04,1.72153195e-05,0.00000000e+00,0.00000000e+00,2.81820000e+00,5.88312634e-02
1.29650000e+02,1.97389242e-04,1.33649701e-05,0.00000000e+00,0.00000000e+00,2.32926445e-05,5.08211623e-06,0.00000000e+00,0.00000000e+00,1.59669149e-01,7.10760372e-03,9.76453104e+02,6.42888352e+01,2.20681888e-04,1.51514427e-05,0.00000000e+00,0.00000000e+00,0.00000000e+00,0.00000000e+00
1.29750000e+02,1.92934410e-04,1.37219608e-05,0.00000000e+00,0.00000000e+00,2.41451628e-05,5.64954210e-06,0.00000000e+00,0.00000000e+00,1.58619489e-01,6.95683060e-03,9.56888604e+02,6.60285178e+01,2.17079574e-04,1.53327321e-05,0.00000000e+00,0.00000000e+00,2.80980000e+00,5.88352872e-02
1.29850000e+02,1.91861774e-04,1.42509452e-05,0.00000000e+00,0.00000000e+00,2.10570393e-05,5.07327405e-06,0.00000000e+00,0.00000000e+00,1.57772920e-01,7.15351731e-03,9.52644345e+02,6.83021234e+01,2.12918815e-04,1.57556567e-05,0.00000000e+00,0.00000000e+00,0.00000000e+00,0.00000000e+00
1.29950000e+02,1.92685996e-04,1.49884006e-05,0.00000000e+00,0.00000000e+00,2.07383527e-05,5.11180510e-06,0.00000000e+00,0.00000000e+00,1.54832794e-01,7.32668591e-03,9.54826841e+02,7.18750569e+01,2.13424350e-04,1.67121865e-05,0.00000000e+00,0.00000000e+00,2.80180000e+00,5.88964432e-02
1.30050000e+02,1.88697367e-04,1.60476125e-05,0.00000000e+00,0.00000000e+00,2.08461365e-05,4.57770102e-06,0.00000000e+00,0.00000000e+00,1.51398262e-01,7.76650371e-03,9.34449709e+02,7.70996795e+01,2.09543505e-04,1.83541335e-05,0.00000000e+00,0.00000000e+00,0.00000000e+00,0.00000000e+00
1.30150000e+02,1.88984351e-04,1.58975178e-05,0.00000000e+00,0.00000000e+00,2.11841297e-05,4.66854477e-06,0.00000000e+00,0.00000000e+00,1.55851331e-01,8.66876591e-03,9.36503115e+02,7.64965321e+01,2.10168482e-04,1.85048051e-05,0.00000000e+00,0.00000000e+00,2.78960000e+00,5.91345474e-02
1.30250000e+02,1.87070914e-04,1.54625978e-05,0.00000000e+00,0.00000000e+00,1.90126609e-05,4.27422803e-06,0.00000000e+00,0.00000000e+00,1.52732611e-01,7.78650452e-03,9.27927466e+02,7.43642297e+01,2.06083576e-04,1.74013546e-05,0.00000000e+00,0.00000000e+00,0.00000000e+00,0.00000000e+00
1.30350000e+02,1.92415172e-04,1.56275677e-05,0.00000000e+00,0.00000000e+00,1.99139769e-05,4.26883830e-06,0.00000000e+00,0.00000000e+00,1.55721965e-01,7.26250667e-03,9.53612160e+02,7.47979986e+01,2.12329150e-04,1.75819581e-05,0.00000000e+00,0.00000000e+00,2.78580000e+00,5.86807968e-02
1.30450000e+02,1.91191148e-04,1.49709316e-05,0.00000000e+00,0.00000000e+00,2.01741341e-05,4.29442343e-06,0.00000000e+00,0.00000000e+00,1.55889202e-01,7.28587870e-03,9.47669269e+02,7.17018401e+01,2.11365283e-04,1.66738681e-05,0.00000000e+00,0.00000000e+00,0.00000000e+00,0.00000000e+00
1.30550000e+02,1.81393848e-04,1.43353762e-05,0.00000000e+00,0.00000000e+00,1.94827997e-05,4.24427574e-06,0.00000000e+00,0.00000000e+00,1.49410460e-01,6.97052185e-03,9.00679190e+02,6.86488419e+01,2.00876649e-04,1.58915856e-05,0.00000000e+00,0.00000000e+00,2.77980000e+00,5.80685661e-02
1.30650000e+02,1.86382615e-04,1.40442583e-05,0.00000000e+00,0.00000000e+00,2.09077359e-05,4.36313789e-06,0.00000000e+00,0.00000000e+00,1.55539742e-01,7.48570415e-03,9.27370214e+02,6.74609108e+01,2.07290353e-04,1.54266231e-05,0.00000000e+00,0.00000000e+00,0.00000000e+00,0.00000000e+00
1.30750000e+02,1.89438642e-04,1.44678351e-05,0.00000000e+00,0.00000000e+00,1.72831547e-05,2.77113654e-06,0.00000000e+00,0.00000000e+00,1.54855468e-01,7.72924913e-03,9.39410558e+02,6.96218597e+01,2.06721798e-04,1.51382406e-05,0.00000000e+00,0.00000000e+00,2.77920000e+00,5.80012948e-02
1.30850000e+02,1.94513539e-04,1.68829498e-05,0.00000000e+00,0.00000000e+00,1.89781914e-05,4.61852385e-06,0.00000000e+00,0.00000000e+00,1.53088464e-01,7.58810825e-03,9.62663099e+02,8.11263114e+01,2.13491731e-04,1.70405258e-05,0.00000000e+00,0.00000000e+00,0.00000000e+00,0.00000000e+00
1.30950000e+02,1.85102197e-04,1.58613616e-05,0.00000000e+00,0.00000000e+00,3.61801048e-05,1.23330160e-05,0.00000000e+00,0.00000000e+00,1.49864794e-01,7.71955241e-03,9.17773950e+02,7.63308636e+01,2.21282303e-04,1.99582374e-05,0.00000000e+00,0.00000000e+00,2.76640000e+00,5.88215981e-02
1.31050000e+02,1.85223292e-04,1.62373872e-05,0.00000000e+00,0.00000000e+00,4.02666872e-05,1.62084024e-05,0.00000000e+00,0.00000000e+00,1.50085722e-01,7.82632429e-03,9.16757244e+02,7.79755329e+01,2.25489980e-04,2.40806144e-05,0.00000000e+00,0.00000000e+00,0.00000000e+00,0.00000000e+00
1.31150000e+02,1.87970543e-04,1.56027286e-05,0.00000000e+00,0.00000000e+00,2.56103233e-05,9.61362239e-06,0.00000000e+00,0.00000000e+00,1.50719408e-01,7.64346052e-03,9.30056706e+02,7.46729622e+01,2.13580867e-04,1.88906900e-05,0.00000000e+00,0.00000000e+00,2.76720000e+00,5.94457667e-02
1.31250000e+02,1.93563775e-04,1.85306482e-05,0.00000000e+00,0.00000000e+00,2.79250715e-05,9.84076366e-06,0.00000000e+00,0.00000000e+00,1.53201865e-01,8.02162154e-03,9.56364901e+02,8.87401319e+01,2.21488848e-04,2.10841793e-05,0.00000000e+00,0.00000000e+00,0.00000000e+00,0.00000000e+00
1.31350000e+02,1.78616196e-04,1.52406103e-05,0.00000000e+00,0.00000000e+00,3.00303386e-05,9.87138009e-06,0.00000000e+00,0.00000000e+00,1.46187545e-01,7.44823347e-03,8.86748865e+02,7.41987541e+01,2.08646536e-04,1.83414302e-05,0.00000000e+00,0.00000000e+00,2.75740000e+00,5.91544571e-02
1.31450000e+02,1.79502782e-04,1.63848854e-05,0.00000000e+00,0.00000000e+00,3.11037730e-05,9.92213740e-06,0.00000000e+00,0.00000000e+00,1.50246245e-01,8.62615857e-03,8.92349693e+02,8.02530144e+01,2.10606556e-04,1.92386704e-05,0.00000000e+00,0.00000000e+00,0.00000000e+00,0.00000000e+00
1.31550000e+02,1.79393679e-04,1.65188072e-05,0.00000000e+00,0.00000000e+00,3.12334774e-05,1.03537931e-05,0.00000000e+00,0.00000000e+00,1.46868489e-01,7.73566439e-03,8.87623355e+02,7.92497442e+01,2.10627157e-04,2.01248902e-05,0.00000000e+00,0.00000000e+00,2.74920000e+00,6.11280623e-02
1.31650000e+02,1.81221696e-04,1.49880330e-05,0.00000000e+00,0.00000000e+00,3.22536593e-05,1.02818777e-05,0.00000000e+00,0.00000000e+00,1.47526834e-01,7.38673312e-03,8.96000757e+02,7.16425978e+01,2.13475357e-04,1.85322048e-05,0.00000000e+00,0.00000000e+00,0.00000000e+00,0.00000000e+00
1.31750000e+02,1.76293122e-04,1.36915263e-05,0.00000000e+00,0.00000000e+00,3.75873415e-05,1.17359546e-05,0.00000000e+00,0.00000000e+00,1.49657284e-01,8.14072112e-03,8.73266761e+02,6.57368345e+01,2.13880464e-04,1.86477880e-05,0.00000000e+00,0.00000000e+00,2.73880000e+00,6.03747751e-02
1.31850000e+02,1.83733976e-04,1.60648574e-05,0.00000000e+00,0.00000000e+00,3.85515492e-05,1.19121842e-05,0.00000000e+00,0.00000000e+00,1.50724376e-01,8.25014853e-03,9.08556295e+02,7.71503551e+01,2.22285526e-04,2.08906983e-05,0.00000000e+00,0.00000000e+00,0.00000000e+00,0.00000000e+00
1.31950000e+02,1.71236199e-04,1.40359112e-05,0.00000000e+00,0.00000000e+00,3.93105479e-05,1.19441993e-05,0.00000000e+00,0.00000000e+00,1.42932711e-01,7.84418438e-03,8.49038761e+02,6.71356120e+01,2.10546748e-04,1.91781665e-05,0.00000000e+00,0.00000000e+00,2.73140000e+00,6.09536525e-02
1.32050000e+02,1.73192328e-04,1.59363778e-05,0.00000000e+00,0.00000000e+00,3.80687781e-05,1.20631149e-05,0.00000000e+00,0.00000000e+00,1.47135626e-01,8.76946751e-03,8.58041613e+02,7.60561131e+01,2.11261108e-04,1.99386569e-05,0.00000000e+00,0.00000000e+00,0.00000000e+00,0.00000000e+00
1.32150000e+02,1.63292772e-04,1.24401590e-05,0.00000000e+00,0.00000000e+00,5.24334796e-05,2.59830249e-05,0.00000000e+00,0.00000000e+00,1.42278348e-01,7.66988050e-03,8.10425277e+02,5.94063366e+01,2.15726253e-04,2.87808418e-05,0.00000000e+00,0.00000000e+00,2.72160000e+00,6.15403369e-02
1.32250000e+02,1.63766422e-04,1.27375596e-05,0.00000000e+00,0.00000000e+00,7.15374823e-05,3.62973952e-05,0.00000000e+00,0.00000000e+00,1.42952689e-01,7.96353379e-03,8.12736653e+02,6.08025630e+01,2.35303906e-04,3.83160755e-05,0.00000000e+00,0.00000000e+00,0.00000000e+00,0.00000000e+00
1.32350000e+02,1.61892465e-04,1.25172321e-05,0.00000000e+00,0.00000000e+00,6.06109335e-05,3.41738908e-05,0.00000000e+00,0.00000000e+00,1.39716087e-01,7.41713938e-03,8.03794117e+02,5.97618811e+01,2.22503400e-04,3.62362838e-05,0.00000000e+00,0.00000000e+00,2.70860000e+00,6.14544862e-02
1.32450000e+02,1.62868072e-04,1.15158010e-05,0.00000000e+00,0.00000000e+00,4.77311211e-05,2.08423690e-05,0.00000000e+00,0.00000000e+00,1.41622127e-01,7.78527883e-03,8.08577021e+02,5.50538404e+01,2.10599195e-04,2.36145309e-05,0.00000000e+00,0.00000000e+00,0.00000000e+00,0.00000000e+00
1.32550000e+02,1.57136664e-04,1.13182761e-05,0.00000000e+00,0.00000000e+00,2.09709510e-05,4.53341427e-06,0.00000000e+00,0.00000000e+00,1.37630246e-01,7.74901085e-03,7.81120044e+02,5.41743946e+01,1.78107616e-04,1.27423782e-05,0.00000000e+00,0.00000000e+00,2.69060000e+00,6.22414063e-02
1.32650000e+02,1.57665314e-04,1.13750059e-05,0.00000000e+00,0.00000000e+00,1.90381945e-05,4.07558350e-06,0.00000000e+00,0.00000000e+00,1.37309820e-01,7.82551811e-03,7.83439400e+02,5.45173748e+01,1.76703509e-04,1.29108758e-05,0.00000000e+00,0.00000000e+00,0.00000000e+00,0.00000000e+00
1.32750000e+02,1.57709124e-04,1.14037055e-05,0.00000000e+00,0.00000000e+00,1.93679834e-05,4.18431161e-06,0.00000000e+00,0.00000000e+00,1.42385726e-01,8.68326677e-03,7.83912449e+02,5.47114677e+01,1.77077109e-04,1.30849933e-05,0.00000000e+00,0.00000000e+00,2.67560000e+00,6.09791935e-02
1.32850000e+02,1.59588724e-04,1.37821051e-05,0.00000000e+00,0.00000000e+00,1.93638919e-05,4.19652977e-06,0.00000000e+00,0.00000000e+00,1.33806216e-01,8.02206965e-03,7.90674879e+02,6.57767797e+01,1.78952617e-04,1.50845368e-05,0.00000000e+00,0.00000000e+00,0.00000000e+00,0.00000000e+00
1.32950000e+02,1.58568661e-04,1.31439230e-05,0.00000000e+00,0.00000000e+00,1.94243744e-05,4.20364537e-06,0.00000000e+00,0.00000000e+00,1.34296766e-01,7.76929671e-03,7.86416263e+02,6.26818536e+01,1.77993037e-04,1.44329564e-05,0.00000000e+00,0.00000000e+00,2.66080000e+00,6.11273946e-02
1.33050000e+02,1.58270761e-04,1.49147414e-05,0.00000000e+00,0.00000000e+00,1.84663128e-05,4.10866275e-06,0.00000000e+00,0.00000000e+00,1.33210344e-01,9.08303653e-03,7.85524600e+02,7.12980868e+01,1.76737075e-04,1.61401932e-05,0.00000000e+00,0.00000000e+00,0.00000000e+00,0.00000000e+00
1.33150000e+02,1.54325026e-04,1.27186555e-05,0.00000000e+00,0.00000000e+00,1.76627046e-05,4.05535276e-06,0.00000000e+00,0.00000000e+00,1.31253752e-01,8.03464757e-03,7.66330312e+02,6.08982413e+01,1.71987732e-04,1.39283800e-05,0.00000000e+00,0.00000000e+00,2.66020000e+00,6.11785543e-02
1.33250000e+02,1.54910621e-04,1.31242275e-05,0.00000000e+00,0.00000000e+00,1.94574444e-05,4.10611412e-06,0.00000000e+00,0.00000000e+00,1.31001071e-01,7.83073859e-03,7.68655524e+02,6.26535512e+01,1.74368067e-04,1.44698529e-05,0.00000000e+00,0.00000000e+00,0.00000000e+00,0.00000000e+00
1.33350000e+02,1.49204595e-04,1.17262252e-05,0.00000000e+00,0.00000000e+00,1.96812882e-05,3.99084408e-06,0.00000000e+00,0.00000000e+00,1.28475204e-01,7.67728220e-03,7.41444183e+02,5.60595181e+01,1.68885885e-04,1.29052596e-05,0.00000000e+00,0.00000000e+00,2.64480000e+00,6.19336314e-02
1.33450000e+02,1.43558089e-04,1.11131958e-05,0.00000000e+00,0.00000000e+00,2.07512303e-05,4.14705083e-06,0.00000000e+00,0.00000000e+00,1.26219098e-01,7.22686724e-03,7.13895327e+02,5.31546663e+01,1.64309321e-04,1.20289178e-05,0.00000000e+00,0.00000000e+00,0.00000000e+00,0.00000000e+00
1.33550000e+02,1.41685257e-04,1.06558644e-05,0.00000000e+00,0.00000000e+00,2.10428515e-05,4.27684824e-06,0.00000000e+00,0.00000000e+00,1.25382603e-01,7.44317681e-03,7.04573868e+02,5.08132837e+01,1.62728110e-04,1.15336394e-05,0.00000000e+00,0.00000000e+00,2.63500000e+00,6.17911228e-02
1.33650000e+02,1.42820203e-04,1.13967284e-05,0.00000000e+00,0.00000000e+00,2.28727427e-05,5.58600037e-06,0.00000000e+00,0.00000000e+00,1.24390092e-01,7.23837295e-03,7.09875554e+02,5.45033172e+01,1.65692947e-04,1.28511975e-05,0.00000000e+00,0.00000000e+00,0.00000000e+00,0.00000000e+00
1.33750000e+02,1.44958711e-04,1.14738782e-05,0.00000000e+00,0.00000000e+00,2.32513949e-05,5.61755704e-06,0.00000000e+00,0.00000000e+00,1.25930407e-01,7.54845688e-03,7.19674421e+02,5.47819130e+01,1.68210107e-04,1.28339821e-05,0.00000000e+00,0.00000000e+00,2.62840000e+00,6.10896698e-02
1.33850000e+02,1.42359712e-04,1.07317375e-05,0.00000000e+00,0.00000000e+00,2.31806366e-05,5.64576619e-06,0.00000000e+00,0.00000000e+00,1.25154575e-01,7.07474399e-03,7.06394416e+02,5.11299716e+01,1.65540350e-04,1.20505891e-05,0.00000000e+00,0.00000000e+00,0.00000000e+00,0.00000000e+00
1.33950000e+02,1.45534292e-04,1.18713216e-05,0.00000000e+00,0.00000000e+00,2.33225157e-05,5.65083076e-06,0.00000000e+00,0.00000000e+00,1.25394899e-01,7.65039756e-03,7.20984416e+02,5.66277379e+01,1.68856809e-04,1.27510467e-05,0.00000000e+00,0.00000000e+00,2.61800000e+00,6.10165585e-02
1.34050000e+02,1.54124504e-04,1.81074861e-05,0.00000000e+00,0.00000000e+00,2.15861880e-05,5.20681176e-06,0.00000000e+00,0.00000000e+00,1.25417006e-01,8.32838260e-03,7.60853674e+02,8.64425352e+01,1.75710693e-04,1.86903399e-05,0.00000000e+00,0.00000000e+00,0.00000000e+00,0.00000000e+00
1.34150000e+02,1.45414786e-04,1.48021175e-05,0.00000000e+00,0.00000000e+00,3.28683394e-05,1.28438025e-05,0.00000000e+00,0.00000000e+00,1.23396799e-01,8.04088272e-03,7.18364830e+02,7.08593410e+01,1.78283127e-04,2.00416465e-05,0.00000000e+00,0.00000000e+00,2.61780000e+00,6.01150530e-02
1.34250000e+02,1.41263544e-04,1.08175287e-05,0.00000000e+00,0.00000000e+00,4.03891681e-05,1.71378809e-05,0.00000000e+00,0.00000000e+00,1.25253160e-01,7.37542617e-03,7.00463785e+02,5.17800358e+01,1.81652713e-04,2.12289047e-05,0.00000000e+00,0.00000000e+00,0.00000000e+00,0.00000000e+00
1.34350000e+02,1.42550836e-04,1.05862380e-05,0.00000000e+00,0.00000000e+00,3.98275683e-05,1.71567231e-05,0.00000000e+00,0.00000000e+00,1.23868178e-01,7.16316336e-03,7.07527705e+02,5.07267086e+01,1.82378405e-04,2.12052691e-05,0.00000000e+00,0.00000000e+00,2.61600000e+00,6.00666297e-02
1.34450000e+02,1.39863374e-04,1.10409242e-05,0.00000000e+00,0.00000000e+00,2.67360020e-05,8.15374007e-06,0.00000000e+00,0.00000000e+00,1.20360427e-01,7.24235403e-03,6.92423552e+02,5.28474599e+01,1.66599377e-04,1.43836465e-05,0.00000000e+00,0.00000000e+00,0.00000000e+00,0.00000000e+00
1.34550000e+02,1.39909524e-04,1.11786276e-05,0.00000000e+00,0.00000000e+00,2.36727215e-05,6.18095450e-06,0.00000000e+00,0.00000000e+00,1.20004029e-01,6.92048202e-03,6.92483054e+02,5.33945681e+01,1.63582246e-04,1.23766489e-05,0.00000000e+00,0.00000000e+00,2.60160000e+00,6.16026504e-02
1.34650000e+02,1.41081038e-04,1.13905732e-05,0.00000000e+00,0.00000000e+00,2.38617214e-05,6.31349536e-06,0.00000000e+00,0.00000000e+00,1.22003347e-01,6.89642409e-03,6.97988808e+02,5.44489821e+01,1.64942761e-04,1.27403485e-05,0.00000000e+00,0.00000000e+00,0.00000000e+00,0.00000000e+00
1.34750000e+02,1.41516993e-04,1.20110670e-05,0.00000000e+00,0.00000000e+00,2.66649737e-05,7.14038110e-06,0.00000000e+00,0.00000000e+00,1.20450963e-01,7.24025842e-03,6.98944474e+02,5.73112383e+01,1.68181967e-04,1.41204163e-05,0.00000000e+00,0.00000000e+00,2.59980000e+00,6.29126314e-02
1.34850000e+02,1.39058443e-04,1.16287600e-05,0.00000000e+00,0.00000000e+00,3.02224599e-05,9.57223782e-06,0.00000000e+00,0.00000000e+00,1.20181682e-01,7.67996438e-03,6.87034343e+02,5.55796031e+01,1.69280904e-04,1.45785039e-05,0.00000000e+00,0.00000000e+00,0.00000000e+00,0.00000000e+00
1.34950000e+02,1.33683004e-04,1.12464329e-05,0.00000000e+00,0.00000000e+00,3.06054236e-05,8.95566871e-06,0.00000000e+00,0.00000000e+00,1.16601548e-01,6.55079091e-03,6.62236482e+02,5.37297346e+01,1.64288429e-04,1.41634465e-05,0.00000000e+00,0.00000000e+00,2.59120000e+00,6.40150748e-02
1.35050000e+02,1.36684572e-04,1.17207720e-05,0.00000000e+00,0.00000000e+00,2.96301629e-05,6.87037731e-06,0.00000000e+00,0.00000000e+00,1.17126988e-01,7.11913720e-03,6.76792528e+02,5.60860914e+01,1.66314736e-04,1.35019787e-05,0.00000000e+00,0.00000000e+00,0.00000000e+00,0.00000000e+00
1.35150000e+02,1.33876565e-04,1.09180475e-05,0.00000000e+00,0.00000000e+00,2.84243442e-05,6.70338094e-06,0.00000000e+00,0.00000000e+00,1.16508829e-01,6.31657186e-03,6.63227584e+02,5.21845512e+01,1.62300910e-04,1.22230619e-05,0.00000000e+00,0.00000000e+00,2.57560000e+00,6.35443987e-02
1.35250000e+02,1.33794425e-04,1.01485460e-05,0.00000000e+00,0.00000000e+00,2.84071100e-05,6.47522532e-06,0.00000000e+00,0.00000000e+00,1.14819840e-01,5.85468984e-03,6.62074195e+02,4.83596320e+01,1.62201536e-04,1.17587253e-05,0.00000000e+00,0.00000000e+00,0.00000000e+00,0.00000000e+00
1.35350000e+02,1.33626315e-04,1.04075890e-05,0.00000000e+00,0.00000000e+00,3.60061167e-05,1.03044242e-05,0.00000000e+00,0.00000000e+00,1.14534940e-01,6.03759863e-03,6.60713389e+02,4.94584833e+01,1.69632433e-04,1.48889247e-05,0.00000000e+00,0.00000000e+00,2.57020000e+00,6.27150927e-02
1.35450000e+02,1.29571186e-04,9.37861990e-06,0.00000000e+00,0.00000000e+00,4.38974042e-05,1.57502064e-05,0.00000000e+00,0.00000000e+00,1.11812617e-01,5.61562771e-03,6.41331826e+02,4.45805548e+01,1.73468591e-04,1.81542653e-05,0.00000000e+00,0.00000000e+00,0.00000000e+00,0.00000000e+00
1.35550000e+02,1.43655017e-04,1.31846563e-05,0.00000000e+00,0.00000000e+00,4.17160362e-05,1.51047301e-05,0.00000000e+00,0.00000000e+00,1.16425895e-01,6.55202932e-03,7.09415387e+02,6.30482816e+01,1.85371054e-04,1.93906738e-05,0.00000000e+00,0.00000000e+00,2.55340000e+00,6.22539959e-02
1.35650000e+02,1.29679686e-04,1.13464841e-05,0.00000000e+00,0.00000000e+00,3.40027886e-05,1.34901776e-05,0.00000000e+00,0.00000000e+00,1.08469969e-01,5.83509884e-03,6.41812577e+02,5.40778661e+01,1.63682476e-04,1.66728128e-05,0.00000000e+00,0.00000000e+00,0.00000000e+00,0.00000000e+00
1.35750000e+02,1.23704547e-04,9.22758592e-06,0.00000000e+00,0.00000000e+00,3.24179112e-05,1.34982101e-05,0.00000000e+00,0.00000000e+00,1.06480633e-01,5.70042825e-03,6.12136042e+02,4.39005167e+01,1.56122459e-04,1.52003013e-05,0.00000000e+00,0.00000000e+00,2.53840000e+00,6.17693934e-02
1.35850000e+02,1.31370222e-04,1.08877705e-05,0.00000000e+00,0.00000000e+00,2.43243862e-05,6.57721794e-06,0.00000000e+00,0.00000000e+00,1.07658975e-01,5.82842552e-03,6.48203578e+02,5.18527765e+01,1.55694609e-04,1.17850336e-05,0.00000000e+00,0.00000000e+00,0.00000000e+00,0.00000000e+00
1.35950000e+02,1.28687174e-04,1.12684837e-05,0.00000000e+00,0.00000000e+00,2.25091919e-05,5.39193555e-06,0.00000000e+00,0.00000000e+00,1.05268502e-01,5.75945042e-03,6.34985471e+02,5.37559744e+01,1.51196367e-04,1.22234714e-05,0.00000000e+00,0.00000000e+00,2.53360000e+00,6.14191089e-02
1.36050000e+02,1.26224636e-04,1.20874036e-05,0.00000000e+00,0.00000000e+00,2.36530588e-05,6.69377828e-06,0.00000000e+00,0.00000000e+00,1.03838790e-01,6.18058759e-03,6.23622967e+02,5.76502691e+01,1.49877696e-04,1.37191083e-05,0.00000000e+00,0.00000000e+00,0.00000000e+00,0.00000000e+00
1.36150000e+02,1.30045076e-04,1.26199637e-05,0.00000000e+00,0.00000000e+00,2.20146367e-05,5.88251264e-06,0.00000000e+00,0.00000000e+00,1.05054326e-01,6.51540434e-03,6.41713475e+02,6.02001220e+01,1.52059713e-04,1.38719125e-05,0.00000000e+00,0.00000000e+00,2.52800000e+00,6.00822565e-02
1.36250000e+02,1.29533698e-04,1.29594536e-05,0.00000000e+00,0.00000000e+00,1.66794481e-05,3.49965078e-06,0.00000000e+00,0.00000000e+00,1.04828042e-01,6.33923415e-03,6.39927954e+02,6.19565224e+01,1.46213147e-04,1.34209589e-05,0.00000000e+00,0.00000000e+00,0.00000000e+00,0.00000000e+00
1.36350000e+02,1.26577064e-04,1.17928985e-05,0.00000000e+00,0.00000000e+00,1.40107184e-05,2.51398937e-06,0.00000000e+00,0.00000000e+00,1.06105607e-01,6.31079082e-03,6.26845711e+02,5.64246883e+01,1.40587783e-04,1.21844929e-05,0.00000000e+00,0.00000000e+00,2.51080000e+00,6.00705979e-02
1.36450000e+02,1.23406978e-04,1.09483727e-05,0.00000000e+00,0.00000000e+00,1.28216245e-05,2.00222251e-06,0.00000000e+00,0.00000000e+00,1.05928473e-01,6.04368122e-03,6.13052645e+02,5.23783310e+01,1.36228603e-04,1.13604508e-05,0.00000000e+00,0.00000000e+00,0.00000000e+00,0.00000000e+00
1.36550000e+02,1.25420359e-04,1.14534255e-05,0.00000000e+00,0.00000000e+00,1.28863125e-05,2.16530113e-06,0.00000000e+00,0.00000000e+00,1.07034956e-01,6.55589129e-03,6.22827757e+02,5.50985253e+01,1.38306672e-04,1.18416451e-05,0.00000000e+00,0.00000000e+00,2.50880000e+00,5.88707613e-02
1.36650000e+02,1.30432989e-04,1.21694397e-05,0.00000000e+00,0.00000000e+00,1.28346971e-05,2.18139930e-06,0.00000000e+00,0.00000000e+00,1.08320770e-01,6.45262860e-03,6.47371614e+02,5.86390785e+01,1.43267687e-04,1.27147305e-05,0.00000000e+00,0.00000000e+00,0.00000000e+00,0.00000000e+00
1.36750000e+02,1.31521980e-04,1.35584903e-05,0.00000000e+00,0.00000000e+00,1.27105935e-05,2.21401497e-06,0.00000000e+00,0.00000000e+00,1.07153790e-01,5.98716082e-03,6.52589066e+02,6.51641790e+01,1.44232575e-04,1.42085526e-05,0.00000000e+00,0.00000000e+00,2.49480000e+00,5.80719048e-02
1.36850000e+02,1.28316730e-04,1.15274155e-05,0.00000000e+00,0.00000000e+00,1.30947354e-05,2.38368904e-06,0.00000000e+00,0.00000000e+00,1.09503663e-01,6.23661219e-03,6.37169415e+02,5.53050424e+01,1.41411467e-04,1.22547158e-05,0.00000000e+00,0.00000000e+00,0.00000000e+00,0.00000000e+00
1.36950000e+02,1.19291609e-04,1.06001209e-05,0.00000000e+00,0.00000000e+00,1.40512318e-05,2.63840444e-06,0.00000000e+00,0.00000000e+00,1.04491496e-01,5.63102323e-03,5.91121660e+02,5.06902937e+01,1.33342842e-04,1.12675821e-05,0.00000000e+00,0.00000000e+00,2.49200000e+00,5.76760835e-02
1.37050000e+02,1.15083979e-04,9.93627415e-06,0.00000000e+00,0.00000000e+00,1.77098501e-05,4.76017078e-06,0.00000000e+00,0.00000000e+00,1.00778369e-01,5.44185556e-03,5.70811084e+02,4.75330989e+01,1.32793830e-04,1.13847267e-05,0.00000000e+00,0.00000000e+00,0.00000000e+00,0.00000000e+00
1.37150000e+02,1.20546974e-04,1.21503064e-05,0.00000000e+00,0.00000000e+00,1.80480579e-05,4.84750726e-06,0.00000000e+00,0.00000000e+00,1.00202917e-01,5.51414714e-03,5.97570131e+02,5.82981806e+01,1.38595033e-04,1.34115772e-05,0.00000000e+00,0.00000000e+00,2.47900000e+00,5.91644198e-02
1.37250000e+02,1.15470912e-04,1.19381921e-05,0.00000000e+00,0.00000000e+00,1.54692169e-05,3.09417951e-06,0.00000000e+00,0.00000000e+00,1.00715898e-01,5.89965357e-03,5.79093936e+02,5.84362796e+01,1.30940129e-04,1.27190208e-05,0.00000000e+00,0.00000000e+00,0.00000000e+00,0.00000000e+00
1.37350000e+02,1.11062309e-04,1.01068894e-05,0.00000000e+00,0.00000000e+00,1.75775994e-05,4.19439159e-06,0.00000000e+00,0.00000000e+00,1.00871978e-01,5.73470080e-03,5.55536731e+02,4.85728484e+01,1.28639910e-04,1.17683150e-05,0.00000000e+00,0.00000000e+00,2.47620000e+00,5.98643978e-02
1.37450000e+02,1.04997329e-04,8.03027662e-06,0.00000000e+00,0.00000000e+00,2.70959052e-05,1.04272295e-05,0.00000000e+00,0.00000000e+00,9.43855095e-02,4.72676092e-03,5.23768225e+02,3.84005987e+01,1.32093235e-04,1.41807442e-05,0.00000000e+00,0.00000000e+00,0.00000000e+00,0.00000000e+00
1.37550000e+02,1.10113422e-04,8.30849164e-06,0.00000000e+00,0.00000000e+00,2.80318168e-05,9.60436349e-06,0.00000000e+00,0.00000000e+00,9.54534818e-02,4.77982611e-03,5.48498593e+02,3.96950256e+01,1.38145240e-04,1.40220512e-05,0.00000000e+00,0.00000000e+00,2.45800000e+00,5.97156528e-02
1.37650000e+02,1.09048276e-04,8.48984808e-06,0.00000000e+00,0.00000000e+00,2.30267967e-05,8.62701694e-06,0.00000000e+00,0.00000000e+00,9.53095938e-02,4.90080232e-03,5.42526050e+02,4.05564417e+01,1.32075073e-04,1.37868249e-05,0.00000000e+00,0.00000000e+00,0.00000000e+00,0.00000000e+00
1.37750000e+02,1.09838758e-04,8.97255512e-06,0.00000000e+00,0.00000000e+00,1.53504567e-05,4.37817405e-06,0.00000000e+00,0.00000000e+00,9.72362960e-02,5.91785535e-03,5.47091891e+02,4.30413668e+01,1.25189216e-04,1.10488490e-05,0.00000000e+00,0.00000000e+00,2.44840000e+00,5.89993843e-02
1.37850000e+02,1.09543656e-04,9.58138948e-06,0.00000000e+00,0.00000000e+00,1.35179475e-05,3.04315418e-06,0.00000000e+00,0.00000000e+00,9.62604437e-02,6.45332840e-03,5.46086921e+02,4.57875183e+01,1.23061605e-04,1.09649544e-05,0.00000000e+00,0.00000000e+00,0.00000000e+00,0.00000000e+00
1.37950000e+02,1.06488610e-04,8.82599580e-06,0.00000000e+00,0.00000000e+00,1.19526366e-05,2.99287917e-06,0.00000000e+00,0.00000000e+00,9.40826404e-02,5.85110096e-03,5.31125867e+02,4.20830489e+01,1.18441247e-04,1.03179462e-05,0.00000000e+00,0.00000000e+00,2.45220000e+00,5.84285994e-02
1.38050000e+02,1.04901655e-04,8.50949151e-06,0.00000000e+00,0.00000000e+00,1.16060083e-05,2.88471835e-06,0.00000000e+00,0.00000000e+00,9.17978871e-02,5.14471127e-03,5.22160053e+02,4.04154999e+01,1.16507664e-04,9.90542984e-06,0.00000000e+00,0.00000000e+00,0.00000000e+00,0.00000000e+00
1.38150000e+02,1.04216661e-04,8.69162991e-06,0.00000000e+00,0.00000000e+00,1.03036677e-05,2.44715052e-06,0.00000000e+00,0.00000000e+00,9.07627840e-02,5.25283295e-03,5.17898526e+02,4.12498222e+01,1.14520330e-04,1.00354037e-05,0.00000000e+00,0.00000000e+00,2.45260000e+00,5.75640265e-02
1.38250000e+02,1.02001976e-04,7.97923209e-06,0.00000000e+00,0.00000000e+00,1.17132738e-05,3.39785273e-06,0.00000000e+00,0.00000000e+00,9.06845477e-02,5.13092801e-03,5.07570453e+02,3.79495522e+01,1.13715251e-04,1.00628109e-05,0.00000000e+00,0.00000000e+00,0.00000000e+00,0.00000000e+00
1.38350000e+02,1.03357006e-04,8.66334205e-06,0.00000000e+00,0.00000000e+00,1.20290303e-05,3.53633025e-06,0.00000000e+00,0.00000000e+00,9.22089865e-02,5.83674197e-03,5.14965554e+02,4.14086673e+01,1.15386037e-04,1.09014763e-05,0.00000000e+00,0.00000000e+00,2.44060000e+00,5.72673002e-02
1.38450000e+02,9.94042398e-05,8.20737380e-06,0.00000000e+00,0.00000000e+00,1.17370917e-05,3.53821545e-06,0.00000000e+00,0.00000000e+00,8.99575915e-02,5.46562995e-03,4.95978583e+02,3.91646929e+01,1.11141332e-04,1.07944078e-05,0.00000000e+00,0.00000000e+00,0.00000000e+00,0.00000000e+00
1.38550000e+02,1.02048630e-04,8.17069275e-06,0.00000000e+00,0.00000000e+00,2.34609190e-05,1.37036485e-05,0.00000000e+00,0.00000000e+00,9.10467912e-02,5.05188854e-03,5.09293503e+02,3.89810194e+01,1.25509550e-04,1.62319738e-05,0.00000000e+00,0.00000000e+00,2.42840000e+00,5.61756429e-02
1.38650000e+02,1.03751341e-04,8.35194066e-06,0.00000000e+00,0.00000000e+00,2.98068649e-05,2.00879876e-05,0.00000000e+00,0.00000000e+00,9.40251710e-02,5.31810165e-03,5.19678160e+02,3.99254487e+01,1.33558207e-04,2.17560662e-05,0.00000000e+00,0.00000000e+00,0.00000000e+00,0.00000000e+00
1.38750000e+02,1.00935075e-04,7.37749131e-06,0.00000000e+00,0.00000000e+00,2.16932349e-05,1.18205533e-05,0.00000000e+00,0.00000000e+00,9.24092914e-02,5.65760842e-03,5.03709448e+02,3.53519793e+01,1.22628310e-04,1.39940192e-05,0.00000000e+00,0.00000000e+00,2.40760000e+00,5.52238931e-02
1.38850000e+02,1.01297344e-04,8.00485313e-06,0.00000000e+00,0.00000000e+00,1.02429055e-05,1.91818727e-06,0.00000000e+00,0.00000000e+00,8.86894779e-02,5.28420599e-03,5.03063646e+02,3.85323577e+01,1.11540251e-04,8.84115906e-06,0.00000000e+00,0.00000000e+00,0.00000000e+00,0.00000000e+00
1.38950000e+02,9.39925270e-05,7.36689534e-06,0.00000000e+00,0.00000000e+00,1.06861733e-05,1.92679512e-06,0.00000000e+00,0.00000000e+00,8.41248731e-02,5.13569314e-03,4.67720774e+02,3.54415245e+01,1.04678701e-04,8.31075323e-06,0.00000000e+00,0.00000000e+00,2.39600000e+00,5.63110893e-02
1.39050000e+02,8.98498135e-05,6.23179264e-06,0.00000000e+00,0.00000000e+00,1.09921997e-05,2.09565564e-06,0.00000000e+00,0.00000000e+00,8.28185268e-02,5.05723557e-03,4.48297576e+02,2.98301696e+01,1.00842014e-04,7.15237542e-06,0.00000000e+00,0.00000000e+00,0.00000000e+00,0.00000000e+00
1.39150000e+02,8.63287579e-05,5.92310469e-06,0.00000000e+00,0.00000000e+00,1.07356919e-05,2.00128147e-06,0.00000000e+00,0.00000000e+00,8.00092255e-02,4.59601298e-03,4.31769944e+02,2.85419371e+01,9.70644504e-05,6.76012635e-06,0.00000000e+00,0.00000000e+00,2.39140000e+00,5.54175320e-02
1.39250000e+02,8.91440710e-05,7.65426260e-06,0.00000000e+00,0.00000000e+00,1.04348693e-05,1.83488164e-06,0.00000000e+00,0.00000000e+00,7.95547346e-02,5.66252480e-03,4.45380042e+02,3.67799754e+01,9.95789410e-05,8.50498047e-06,0.00000000e+00,0.00000000e+00,0.00000000e+00,0.00000000e+00
1.39350000e+02,8.79693106e-05,6.49116037e-06,0.00000000e+00,0.00000000e+00,1.02258760e-05,1.88876481e-06,0.00000000e+00,0.00000000e+00,7.74846392e-02,4.58031490e-03,4.38837485e+02,3.09048587e+01,9.81951873e-05,7.09623753e-06,0.00000000e+00,0.00000000e+00,2.38680000e+00,5.37533596e-02
1.39450000e+02,8.89382759e-05,6.36125452e-06,0.00000000e+00,0.00000000e+00,1.00069631e-05,1.82056501e-06,0.00000000e+00,0.00000000e+00,7.71388429e-02,4.30645351e-03,4.43455580e+02,3.02991905e+01,9.89452397e-05,6.81399274e-06,0.00000000e+00,0.00000000e+00,0.00000000e+00,0.00000000e+00
1.39550000e+02,9.10204250e-05,6.00403458e-06,0.00000000e+00,0.00000000e+00,1.16268437e-05,2.24909147e-06,0.00000000e+00,0.00000000e+00,7.95191598e-02,4.08957918e-03,4.53318733e+02,2.84670995e+01,1.02647269e-04,6.52772887e-06,0.00000000e+00,0.00000000e+00,2.38360000e+00,5.31825965e-02
1.39650000e+02,9.25620947e-05,6.65163434e-06,0.00000000e+00,0.00000000e+00,1.29791013e-05,2.49316363e-06,0.00000000e+00,0.00000000e+00,7.98158514e-02,3.90173478e-03,4.60422286e+02,3.16561195e+01,1.05541197e-04,7.47853303e-06,0.00000000e+00,0.00000000e+00,0.00000000e+00,0.00000000e+00
1.39750000e+02,9.11971318e-05,7.19199079e-06,0.00000000e+00,0.00000000e+00,1.59723830e-05,4.97764072e-06,0.00000000e+00,0.00000000e+00,7.60451542e-02,3.82029777e-03,4.52938623e+02,3.42077379e+01,1.07169515e-04,9.28789039e-06,0.00000000e+00,0.00000000e+00,2.37580000e+00,5.20557707e-02
1.39850000e+02,9.06086754e-05,6.71074787e-06,0.00000000e+00,0.00000000e+00,3.83634462e-05,2.82027502e-05,0.00000000e+00,0.00000000e+00,7.54260333e-02,3.62836774e-03,4.50218561e+02,3.20079862e+01,1.28972122e-04,2.93411272e-05,0.00000000e+00,0.00000000e+00,0.00000000e+00,0.00000000e+00
1.39950000e+02,9.39534513e-05,7.18324683e-06,0.00000000e+00,0.00000000e+00,3.75537459e-05,2.82096152e-05,0.00000000e+00,0.00000000e+00,7.80930798e-02,3.99034652e-03,4.66499549e+02,3.42168273e+01,1.31507198e-04,2.93016214e-05,0.00000000e+00,0.00000000e+00,2.37420000e+00,5.06835641e-02
1.40050000e+02,9.14918987e-05,7.51794031e-06,0.00000000e+00,0.00000000e+00,3.76485806e-05,2.82107222e-05,0.00000000e+00,0.00000000e+00,7.48509421e-02,3.86833024e-03,4.54346833e+02,3.58494152e+01,1.29140480e-04,2.93750146e-05,0.00000000e+00,0.00000000e+00,0.00000000e+00,0.00000000e+00
1.40150000e+02,9.30977334e-05,9.89842310e-06,0.00000000e+00,0.00000000e+00,3.74854545e-05,2.81473377e-05,0.00000000e+00,0.00000000e+00,7.50072299e-02,3.87935062e-03,4.62180067e+02,4.74652152e+01,1.30583188e-04,2.98922431e-05,0.00000000e+00,0.00000000e+00,2.37820000e+00,5.22511127e-02
1.40250000e+02,8.83799320e-05,7.34221076e-06,0.00000000e+00,0.00000000e+00,3.68644509e-05,2.81375981e-05,0.00000000e+00,0.00000000e+00,7.34028407e-02,3.49853842e-03,4.40550813e+02,3.52717253e+01,1.25244383e-04,2.96654501e-05,0.00000000e+00,0.00000000e+00,0.00000000e+00,0.00000000e+00
1.40350000e+02,9.59819505e-05,1.03595444e-05,0.00000000e+00,0.00000000e+00,2.31648676e-05,1.33193414e-05,0.00000000e+00,0.00000000e+00,7.47257238e-02,3.46006171e-03,4.78254087e+02,4.94713689e+01,1.19146819e-04,1.70262744e-05,0.00000000e+00,0.00000000e+00,2.37420000e+00,5.32434455e-02
1.40450000e+02,8.44085246e-05,6.20142830e-06,0.00000000e+00,0.00000000e+00,1.23255368e-05,3.14477138e-06,0.00000000e+00,0.00000000e+00,7.27764444e-02,3.59888681e-03,4.24148444e+02,2.98271104e+01,9.67340620e-05,7.22550267e-06,0.00000000e+00,0.00000000e+00,0.00000000e+00,0.00000000e+00
1.40550000e+02,8.37031724e-05,6.39118415e-06,0.00000000e+00,0.00000000e+00,1.36058047e-05,4.19107554e-06,0.00000000e+00,0.00000000e+00,7.40059721e-02,4.03319576e-03,4.18485113e+02,3.11635475e+01,9.73089777e-05,8.07798683e-06,0.00000000e+00,0.00000000e+00,2.36060000e+00,5.31155152e-02
1.40650000e+02,9.01998231e-05,1.01608965e-05,0.00000000e+00,0.00000000e+00,1.38237917e-05,4.17573659e-06,0.00000000e+00,0.00000000e+00,7.66657424e-02,4.04365511e-03,4.49579353e+02,4.87920266e+01,1.04023615e-04,1.12067282e-05,0.00000000e+00,0.00000000e+00,0.00000000e+00,0.00000000e+00
1.40750000e+02,8.15607878e-05,6.45401611e-06,0.00000000e+00,0.00000000e+00,1.07528019e-05,2.76738214e-06,0.00000000e+00,0.00000000e+00,7.35791271e-02,3.70149769e-03,4.07756594e+02,3.12959230e+01,9.23135903e-05,7.11035999e-06,0.00000000e+00,0.00000000e+00,2.35340000e+00,5.30918419e-02
1.40850000e+02,8.33027680e-05,6.54335981e-06,0.00000000e+00,0.00000000e+00,8.28594854e-06,1.74483831e-06,0.00000000e+00,0.00000000e+00,7.54684832e-02,4.32959457e-03,4.17015360e+02,3.15583295e+01,9.15887172e-05,6.74633322e-06,0.00000000e+00,0.00000000e+00,0.00000000e+00,0.00000000e+00
1.40950000e+02,8.94944979e-05,7.28662400e-06,0.00000000e+00,0.00000000e+00,9.44870735e-06,1.80914772e-06,0.00000000e+00,0.00000000e+00,7.90327139e-02,5.15308380e-03,4.47036258e+02,3.54592221e+01,9.89432059e-05,7.29855670e-06,0.00000000e+00,0.00000000e+00,2.34860000e+00,5.42511243e-02
1.41050000e+02,8.62110091e-05,6.76122310e-06,0.00000000e+00,0.00000000e+00,9.92412754e-06,1.95493915e-06,0.00000000e+00,0.00000000e+00,7.70237176e-02,4.64121394e-03,4.29576697e+02,3.25750672e+01,9.61351373e-05,6.98044190e-06,0.00000000e+00,0.00000000e+00,0.00000000e+00,0.00000000e+00
1.41150000e+02,8.48714847e-05,6.66707233e-06,0.00000000e+00,0.00000000e+00,9.06348555e-06,1.71921802e-06,0.00000000e+00,0.00000000e+00,7.33124053e-02,3.90217455e-03,4.21619430e+02,3.20524279e+01,9.39349709e-05,6.66288248e-06,0.00000000e+00,0.00000000e+00,2.33560000e+00,5.38979838e-02
1.41250000e+02,8.17885203e-05,6.17383032e-06,0.00000000e+00,0.00000000e+00,8.60577515e-06,1.60486484e-06,0.00000000e+00,0.00000000e+00,7.08133067e-02,4.01057831e-03,4.05954095e+02,2.97536870e+01,9.03942960e-05,6.44521974e-06,0.00000000e+00,0.00000000e+00,0.00000000e+00,0.00000000e+00
1.41350000e+02,8.18093077e-05,6.21231602e-06,0.00000000e+00,0.00000000e+00,8.60594172e-06,1.55650029e-06,0.00000000e+00,0.00000000e+00,7.14670310e-02,4.45675438e-03,4.06329331e+02,2.99913422e+01,9.04152500e-05,6.27781301e-06,0.00000000e+00,0.00000000e+00,2.32800000e+00,5.47595859e-02
1.41450000e+02,8.40572328e-05,6.49785082e-06,0.00000000e+00,0.00000000e+00,8.97198342e-06,1.61155194e-06,0.00000000e+00,0.00000000e+00,7.16704454e-02,4.24725380e-03,4.17404893e+02,3.14097207e+01,9.30292168e-05,6.55038952e-06,0.00000000e+00,0.00000000e+00,0.00000000e+00,0.00000000e+00
1.41550000e+02,8.45570823e-05,6.63733989e-06,0.00000000e+00,0.00000000e+00,9.67329574e-06,1.73714752e-06,0.00000000e+00,0.00000000e+00,7.32883052e-02,4.30059892e-03,4.20106019e+02,3.19825938e+01,9.42303787e-05,6.75570695e-06,0.00000000e+00,0.00000000e+00,2.31920000e+00,5.34735029e-02
1.41650000e+02,8.70251744e-05,6.74612777e-06,0.00000000e+00,0.00000000e+00,2.01410152e-05,1.13106476e-05,0.00000000e+00,0.00000000e+00,7.56913188e-02,4.59910542e-03,4.32258970e+02,3.24179755e+01,1.07166190e-04,1.37011250e-05,0.00000000e+00,0.00000000e+00,0.00000000e+00,0.00000000e+00
1.41750000e+02,8.52447652e-05,6.77001407e-06,0.00000000e+00,0.00000000e+00,1.99078358e-05,9.98802483e-06,0.00000000e+00,0.00000000e+00,7.43303321e-02,4.68737378e-03,4.23764428e+02,3.27600296e+01,1.05152602e-04,1.30100458e-05,0.00000000e+00,0.00000000e+00,2.32460000e+00,5.39086226e-02
1.41850000e+02,8.22694859e-05,6.36982797e-06,0.00000000e+00,0.00000000e+00,1.55000398e-05,6.10548560e-06,0.00000000e+00,0.00000000e+00,7.41901891e-02,4.80725893e-03,4.11016066e+02,3.10080295e+01,9.77695263e-05,1.05106612e-05,0.00000000e+00,0.00000000e+00,0.00000000e+00,0.00000000e+00
1.41950000e+02,8.18157034e-05,6.82431549e-06,0.00000000e+00,0.00000000e+00,1.31055682e-05,4.53524431e-06,0.00000000e+00,0.00000000e+00,7.14683189e-02,4.22090929e-03,4.07817775e+02,3.31566646e+01,9.49212723e-05,9.66838658e-06,0.00000000e+00,0.00000000e+00,2.32160000e+00,5.31830570e-02
1.42050000e+02,7.82062329e-05,6.03240472e-06,0.00000000e+00,0.00000000e+00,9.55362108e-06,2.17483401e-06,0.00000000e+00,0.00000000e+00,7.05303051e-02,4.32521670e-03,3.90673346e+02,2.92684210e+01,8.77598545e-05,6.84345659e-06,0.00000000e+00,0.00000000e+00,0.00000000e+00,0.00000000e+00
1.42150000e+02,7.80150052e-05,5.84608687e-06,0.00000000e+00,0.00000000e+00,8.16948236e-06,1.52016226e-06,0.00000000e+00,0.00000000e+00,6.98795342e-02,4.12441894e-03,3.89422830e+02,2.83763358e+01,8.61844882e-05,6.44765297e-06,0.00000000e+00,0.00000000e+00,2.31940000e+00,5.43190950e-02
1.42250000e+02,8.05438769e-05,6.99214739e-06,0.00000000e+00,0.00000000e+00,8.14242579e-06,1.61981495e-06,0.00000000e+00,0.00000000e+00,7.17586064e-02,4.76240974e-03,4.01464158e+02,3.36175834e+01,8.86863033e-05,7.90470769e-06,0.00000000e+00,0.00000000e+00,0.00000000e+00,0.00000000e+00
1.42350000e+02,8.55598602e-05,8.64665834e-06,0.00000000e+00,0.00000000e+00,8.10486758e-06,1.54108174e-06,0.00000000e+00,0.00000000e+00,7.18609147e-02,4.62193045e-03,4.25614597e+02,4.15972338e+01,9.36647283e-05,9.30487475e-06,0.00000000e+00,0.00000000e+00,2.31280000e+00,5.49701515e-02
1.42450000e+02,8.29073896e-05,7.63417746e-06,0.00000000e+00,0.00000000e+00,7.98159681e-06,1.50745738e-06,0.00000000e+00,0.00000000e+00,6.97149277e-02,4.07215133e-03,4.13534090e+02,3.66068257e+01,9.08889870e-05,8.56058740e-06,0.00000000e+00,0.00000000e+00,0.00000000e+00,0.00000000e+00
1.42550000e+02,8.10975211e-05,6.30939169e-06,0.00000000e+00,0.00000000e+00,3.29173129e-05,2.48782273e-05,0.00000000e+00,0.00000000e+00,7.16377504e-02,4.06275201e-03,4.04143635e+02,3.00677734e+01,1.14014835e-04,2.54948524e-05,0.00000000e+00,0.00000000e+00,2.30660000e+00,5.52933623e-02
1.42650000e+02,8.43592756e-05,7.41823221e-06,0.00000000e+00,0.00000000e+00,9.91371128e-06,1.89958563e-06,0.00000000e+00,0.00000000e+00,7.34057442e-02,4.67001010e-03,4.20503750e+02,3.53869476e+01,9.42729875e-05,7.90798472e-06,0.00000000e+00,0.00000000e+00,0.00000000e+00,0.00000000e+00
1.42750000e+02,7.91693089e-05,7.45258972e-06,0.00000000e+00,0.00000000e+00,8.83627841e-06,1.49558952e-06,0.00000000e+00,0.00000000e+00,6.82772502e-02,3.90632850e-03,3.94545212e+02,3.55979096e+01,8.80055879e-05,7.77178505e-06,0.00000000e+00,0.00000000e+00,2.29520000e+00,5.53550617e-02
1.42850000e+02,7.32920090e-05,6.90051079e-06,0.00000000e+00,0.00000000e+00,7.41047306e-06,1.28360341e-06,0.00000000e+00,0.00000000e+00,6.41230769e-02,3.82940744e-03,3.64812941e+02,3.29336163e+01,8.07024826e-05,7.14431310e-06,0.00000000e+00,0.00000000e+00,0.00000000e+00,0.00000000e+00
1.42950000e+02,7.31103823e-05,6.49242918e-06,0.00000000e+00,0.00000000e+00,7.25856948e-06,1.19422355e-06,0.00000000e+00,0.00000000e+00,6.33458531e-02,3.83621913e-03,3.63308503e+02,3.08817229e+01,8.03689523e-05,6.74476914e-06,0.00000000e+00,0.00000000e+00,2.28140000e+00,5.49329907e-02
1.43050000e+02,6.98012092e-05,5.28502788e-06,0.00000000e+00,0.00000000e+00,7.34261546e-06,1.20771628e-06,0.00000000e+00,0.00000000e+00,6.25126746e-02,3.87871400e-03,3.47257893e+02,2.50909467e+01,7.71438252e-05,5.65825995e-06,0.00000000e+00,0.00000000e+00,0.00000000e+00,0.00000000e+00
1.43150000e+02,6.72352945e-05,5.18381509e-06,0.00000000e+00,0.00000000e+00,7.23979485e-06,1.18384359e-06,0.00000000e+00,0.00000000e+00,6.06491225e-02,3.71901195e-03,3.34298724e+02,2.44893762e+01,7.44750898e-05,5.68486607e-06,0.00000000e+00,0.00000000e+00,2.27640000e+00,5.48182600e-02
1.43250000e+02,6.57849297e-05,5.25360890e-06,0.00000000e+00,0.00000000e+00,7.31922913e-06,1.21226175e-06,0.00000000e+00,0.00000000e+00,5.98054149e-02,3.86792230e-03,3.27441357e+02,2.48993322e+01,7.31041593e-05,5.62394382e-06,0.00000000e+00,0.00000000e+00,0.00000000e+00,0.00000000e+00
1.43350000e+02,6.78362317e-05,6.78365077e-06,0.00000000e+00,0.00000000e+00,8.00143801e-06,1.36605797e-06,0.00000000e+00,0.00000000e+00,5.86804478e-02,3.75526020e-03,3.36817250e+02,3.21956951e+01,7.58376702e-05,7.06758216e-06,0.00000000e+00,0.00000000e+00,2.26580000e+00,5.39970445e-02
1.43450000e+02,6.99459478e-05,8.23411084e-06,0.00000000e+00,0.00000000e+00,8.97993735e-06,1.85154876e-06,0.00000000e+00,0.00000000e+00,5.86227004e-02,3.72366926e-03,3.46973201e+02,3.90664420e+01,7.89258856e-05,8.50035262e-06,0.00000000e+00,0.00000000e+00,0.00000000e+00,0.00000000e+00
1.43550000e+02,6.32570210e-05,5.57651566e-06,0.00000000e+00,0.00000000e+00,8.34278786e-06,1.73583830e-06,0.00000000e+00,0.00000000e+00,5.71857785e-02,3.76192203e-03,3.14906500e+02,2.63151199e+01,7.15998093e-05,5.99189579e-06,0.00000000e+00,0.00000000e+00,2.26080000e+00,5.49655477e-02
1.43650000e+02,6.34858165e-05,5.70587574e-06,0.00000000e+00,0.00000000e+00,8.53281087e-06,1.70896546e-06,0.00000000e+00,0.00000000e+00,5.75108426e-02,3.74752371e-03,3.16027046e+02,2.69687695e+01,7.20186278e-05,5.97845196e-06,0.00000000e+00,0.00000000e+00,0.00000000e+00,0.00000000e+00
1.43750000e+02,6.68905129e-05,6.48247634e-06,0.00000000e+00,0.00000000e+00,7.56803612e-06,1.51455030e-06,0.00000000e+00,0.00000000e+00,5.88896661e-02,4.02569425e-03,3.32826886e+02,3.07974867e+01,7.44585495e-05,6.58382948e-06,0.00000000e+00,0.00000000e+00,2.25620000e+00,5.49841461e-02
1.43850000e+02,6.68976600e-05,6.51634118e-06,0.00000000e+00,0.00000000e+00,8.13866726e-06,1.82641426e-06,0.00000000e+00,0.00000000e+00,6.00331532e-02,4.34485909e-03,3.33049434e+02,3.10101317e+01,7.50363278e-05,6.78118079e-06,0.00000000e+00,0.00000000e+00,0.00000000e+00,0.00000000e+00
1.43950000e+02,6.77764168e-05,7.38367296e-06,0.00000000e+00,0.00000000e+00,8.35689675e-06,1.88689379e-06,0.00000000e+00,0.00000000e+00,5.80655740e-02,3.94223556e-03,3.36645994e+02,3.50842427e+01,7.61333141e-05,7.57652225e-06,0.00000000e+00,0.00000000e+00,2.24800000e+00,5.44238843e-02
1.44050000e+02,6.61807403e-05,6.97394526e-06,0.00000000e+00,0.00000000e+00,7.72539317e-06,1.84599210e-06,0.00000000e+00,0.00000000e+00,5.51012941e-02,3.32464531e-03,3.28539725e+02,3.32160422e+01,7.39061340e-05,7.35328596e-06,0.00000000e+00,0.00000000e+00,0.00000000e+00,0.00000000e+00
1.44150000e+02,6.51969898e-05,7.00936593e-06,0.00000000e+00,0.00000000e+00,7.66952539e-06,1.77444927e-06,0.00000000e+00,0.00000000e+00,5.51664529e-02,3.59910198e-03,3.24473727e+02,3.37452138e+01,7.28665156e-05,7.26773249e-06,0.00000000e+00,0.00000000e+00,2.24100000e+00,5.44030686e-02
1.44250000e+02,6.07476409e-05,6.33653716e-06,0.00000000e+00,0.00000000e+00,6.07229825e-06,1.27715172e-06,0.00000000e+00,0.00000000e+00,5.30080865e-02,3.39384890e-03,3.03047819e+02,3.02766694e+01,6.68199396e-05,6.34817465e-06,0.00000000e+00,0.00000000e+00,0.00000000e+00,0.00000000e+00
1.44350000e+02,5.86196938e-05,5.81640185e-06,0.00000000e+00,0.00000000e+00,6.10226559e-06,1.25780522e-06,0.00000000e+00,0.00000000e+00,5.37729086e-02,3.36055746e-03,2.94069100e+02,2.75815147e+01,6.47219598e-05,5.85152417e-06,0.00000000e+00,0.00000000e+00,2.23120000e+00,5.36577514e-02
1.44450000e+02,5.75864622e-05,5.31091909e-06,0.00000000e+00,0.00000000e+00,5.40796136e-06,1.11906978e-06,0.00000000e+00,0.00000000e+00,5.20515825e-02,2.85513703e-03,2.88627137e+02,2.50524291e+01,6.29944240e-05,5.36536757e-06,0.00000000e+00,0.00000000e+00,0.00000000e+00,0.00000000e+00
1.44550000e+02,5.88101179e-05,5.06169025e-06,0.00000000e+00,0.00000000e+00,5.69080502e-06,1.11774910e-06,0.00000000e+00,0.00000000e+00,5.24931139e-02,2.78223478e-03,2.94423028e+02,2.38662166e+01,6.45009233e-05,5.05301941e-06,0.00000000e+00,0.00000000e+00,2.23280000e+00,5.34843406e-02
1.44650000e+02,5.71228376e-05,5.11097902e-06,0.00000000e+00,0.00000000e+00,5.96320003e-06,1.17887632e-06,0.00000000e+00,0.00000000e+00,5.06787850e-02,2.82709502e-03,2.84506884e+02,2.40524084e+01,6.30860380e-05,5.15246193e-06,0.00000000e+00,0.00000000e+00,0.00000000e+00,0.00000000e+00
1.44750000e+02,5.98347551e-05,5.83774484e-06,0.00000000e+00,0.00000000e+00,5.52241797e-06,1.14061642e-06,0.00000000e+00,0.00000000e+00,5.22782589e-02,2.96484096e-03,2.96269331e+02,2.76349424e+01,6.53571735e-05,5.97163821e-06,0.00000000e+00,0.00000000e+00,2.23680000e+00,5.39746274e-02
1.44850000e+02,6.20786538e-05,6.26466094e-06,0.00000000e+00,0.00000000e+00,5.36052572e-06,1.13247170e-06,0.00000000e+00,0.00000000e+00,5.67262102e-02,4.38727647e-03,3.09812339e+02,2.96085169e+01,6.74391800e-05,6.37351419e-06,0.00000000e+00,0.00000000e+00,0.00000000e+00,0.00000000e+00
1.44950000e+02,5.82198754e-05,5.85850962e-06,0.00000000e+00,0.00000000e+00,4.97128745e-06,1.06591316e-06,0.00000000e+00,0.00000000e+00,5.25843272e-02,2.99436845e-03,2.89648917e+02,2.76909191e+01,6.31911633e-05,5.96202516e-06,0.00000000e+00,0.00000000e+00,2.23160000e+00,5.40206763e-02
1.45050000e+02,5.43587806e-05,4.92358238e-06,0.00000000e+00,0.00000000e+00,4.73859886e-06,1.06092065e-06,0.00000000e+00,0.00000000e+00,4.99113040e-02,2.53041797e-03,2.70196209e+02,2.32471482e+01,5.90973798e-05,4.99536859e-06,0.00000000e+00,0.00000000e+00,0.00000000e+00,0.00000000e+00
1.45150000e+02,5.46519479e-05,4.72656346e-06,0.00000000e+00,0.00000000e+00,4.86993260e-06,1.06343520e-06,0.00000000e+00,0.00000000e+00,5.00278478e-02,2.60780525e-03,2.71604682e+02,2.23084013e+01,5.95218809e-05,4.77287467e-06,0.00000000e+00,0.00000000e+00,2.22680000e+00,5.48485410e-02
1.45250000e+02,5.38981485e-05,4.44335742e-06,0.00000000e+00,0.00000000e+00,5.20290417e-06,1.10485640e-06,0.00000000e+00,0.00000000e+00,4.89257507e-02,2.80771373e-03,2.67544652e+02,2.10611079e+01,5.91010531e-05,4.47884724e-06,0.00000000e+00,0.00000000e+00,0.00000000e+00,0.00000000e+00
1.45350000e+02,5.54614704e-05,4.85880108e-06,0.00000000e+00,0.00000000e+00,5.57791193e-06,1.20917637e-06,0.00000000e+00,0.00000000e+00,4.86941307e-02,2.74321713e-03,2.74701122e+02,2.30239346e+01,6.10393828e-05,4.87516553e-06,0.00000000e+00,0.00000000e+00,2.21500000e+00,5.41270237e-02
1.45450000e+02,5.29242882e-05,4.78801390e-06,0.00000000e+00,0.00000000e+00,5.81770523e-06,1.26502002e-06,0.00000000e+00,0.00000000e+00,4.74526358e-02,2.96272920e-03,2.62800100e+02,2.27715912e+01,5.87419938e-05,4.84194949e-06,0.00000000e+00,0.00000000e+00,0.00000000e+00,0.00000000e+00
1.45550000e+02,5.02339423e-05,4.72366958e-06,0.00000000e+00,0.00000000e+00,5.47880431e-06,1.20071114e-06,0.00000000e+00,0.00000000e+00,4.51786585e-02,2.79244396e-03,2.49962381e+02,2.25117571e+01,5.57127470e-05,4.78138668e-06,0.00000000e+00,0.00000000e+00,2.20220000e+00,5.33263269e-02
1.45650000e+02,5.01089393e-05,4.70348448e-06,0.00000000e+00,0.00000000e+00,5.55250166e-06,1.18418520e-06,0.00000000e+00,0.00000000e+00,4.65372644e-02,3.44102954e-03,2.50387969e+02,2.26789006e+01,5.56614414e-05,4.75227102e-06,0.00000000e+00,0.00000000e+00,0.00000000e+00,0.00000000e+00
1.45750000e+02,4.79421740e-05,4.44624028e-06,0.00000000e+00,0.00000000e+00,4.91843057e-06,1.14119452e-06,0.00000000e+00,0.00000000e+00,4.35219077e-02,2.82374428e-03,2.38721043e+02,2.12133124e+01,5.28606050e-05,4.48303271e-06,0.00000000e+00,0.00000000e+00,2.20340000e+00,5.29340059e-02
1.45850000e+02,5.02536336e-05,5.43360630e-06,0.00000000e+00,0.00000000e+00,4.35442001e-06,1.07515604e-06,0.00000000e+00,0.00000000e+00,4.40378581e-02,3.02588451e-03,2.49322157e+02,2.58647180e+01,5.46080540e-05,5.44779207e-06,0.00000000e+00,0.00000000e+00,0.00000000e+00,0.00000000e+00
1.45950000e+02,4.66665479e-05,5.33912613e-06,0.00000000e+00,0.00000000e+00,4.07596279e-06,1.06736978e-06,0.00000000e+00,0.00000000e+00,4.17914188e-02,2.69958347e-03,2.32160729e+02,2.54012119e+01,5.07425110e-05,5.37526690e-06,0.00000000e+00,0.00000000e+00,2.19380000e+00,5.27743676e-02
1.46050000e+02,4.58384310e-05,4.46838899e-06,0.00000000e+00,0.00000000e+00,4.08876994e-06,1.08152685e-06,0.00000000e+00,0.00000000e+00,4.20593028e-02,3.15670127e-03,2.28229673e+02,2.12972039e+01,4.99272013e-05,4.55707850e-06,0.00000000e+00,0.00000000e+00,0.00000000e+00,0.00000000e+00
1.46150000e+02,4.36390363e-05,3.91115151e-06,0.00000000e+00,0.00000000e+00,4.30600320e-06,1.11973173e-06,0.00000000e+00,0.00000000e+00,3.96495556e-02,2.73210530e-03,2.18470825e+02,1.85939406e+01,4.79450398e-05,3.98799656e-06,0.00000000e+00,0.00000000e+00,2.18660000e+00,5.35374063e-02
1.46250000e+02,4.35017949e-05,4.42227790e-06,0.00000000e+00,0.00000000e+00,4.12907685e-06,1.09291665e-06,0.00000000e+00,0.00000000e+00,3.96292348e-02,2.90577669e-03,2.17529103e+02,2.10981687e+01,4.76308721e-05,4.46174714e-06,0.00000000e+00,0.00000000e+00,0.00000000e+00,0.00000000e+00
1.46350000e+02,4.22966019e-05,4.18269018e-06,0.00000000e+00,0.00000000e+00,3.73325470e-06,7.86764482e-07,0.00000000e+00,0.00000000e+00,3.79019241e-02,2.62160922e-03,2.11261642e+02,1.99090044e+01,4.60298569e-05,4.15462304e-06,0.00000000e+00,0.00000000e+00,2.18420000e+00,5.23466390e-02
1.46450000e+02,3.93797967e-05,3.58721179e-06,0.00000000e+00,0.00000000e+00,2.94526500e-06,4.24870662e-07,0.00000000e+00,0.00000000e+00,3.65897061e-02,2.64455331e-03,1.97923999e+02,1.72809125e+01,4.23250621e-05,3.58282649e-06,0.00000000e+00,0.00000000e+00,0.00000000e+00,0.00000000e+00
1.46550000e+02,4.01892785e-05,3.69418955e-06,0.00000000e+00,0.00000000e+00,3.25408092e-06,5.14956749e-07,0.00000000e+00,0.00000000e+00,3.88551520e-02,3.27414163e-03,2.02522366e+02,1.80405282e+01,4.34433597e-05,3.74767132e-06,0.00000000e+00,0.00000000e+00,2.18380000e+00,5.11092388e-02
1.46650000e+02,3.83744545e-05,3.53501232e-06,0.00000000e+00,0.00000000e+00,3.27565024e-06,5.11806159e-07,0.00000000e+00,0.00000000e+00,3.66734767e-02,2.90280769e-03,1.92012631e+02,1.68869184e+01,4.16501050e-05,3.52946365e-06,0.00000000e+00,0.00000000e+00,0.00000000e+00,0.00000000e+00
1.46750000e+02,3.70739772e-05,3.51003124e-06,0.00000000e+00,0.00000000e+00,3.50719873e-06,6.53361910e-07,0.00000000e+00,0.00000000e+00,3.50114970e-02,2.64654008e-03,1.85317970e+02,1.67378524e+01,4.05811762e-05,3.55379095e-06,0.00000000e+00,0.00000000e+00,2.17880000e+00,5.15994305e-02
1.46850000e+02,3.76066790e-05,3.63008985e-06,0.00000000e+00,0.00000000e+00,3.61062561e-06,9.54207081e-07,0.00000000e+00,0.00000000e+00,3.57479438e-02,2.73456201e-03,1.87790037e+02,1.73072776e+01,4.12173049e-05,3.79110585e-06,0.00000000e+00,0.00000000e+00,0.00000000e+00,0.00000000e+00
1.46950000e+02,3.86301010e-05,3.80627015e-06,0.00000000e+00,0.00000000e+00,3.68738271e-06,9.60085498e-07,0.00000000e+00,0.00000000e+00,3.62789630e-02,3.20005156e-03,1.92618608e+02,1.81922647e+01,4.23174840e-05,3.99772391e-06,0.00000000e+00,0.00000000e+00,2.16860000e+00,5.19607466e-02
1.47050000e+02,3.67437810e-05,3.81024801e-06,0.00000000e+00,0.00000000e+00,3.88978088e-06,9.83240368e-07,0.00000000e+00,0.00000000e+00,3.60331290e-02,3.11287511e-03,1.83722834e+02,1.82513756e+01,4.06335623e-05,4.11046710e-06,0.00000000e+00,0.00000000e+00,0.00000000e+00,0.00000000e+00
1.47150000e+02,3.60409514e-05,3.82809271e-06,0.00000000e+00,0.00000000e+00,6.44132744e-06,2.63342556e-06,0.00000000e+00,0.00000000e+00,3.57955912e-02,2.94374132e-03,1.80769708e+02,1.83621768e+01,4.24822791e-05,4.48529341e-06,0.00000000e+00,0.00000000e+00,2.16100000e+00,5.19475795e-02
1.47250000e+02,3.57121039e-05,3.86703646e-06,0.00000000e+00,0.00000000e+00,3.83685451e-06,9.54532612e-07,0.00000000e+00,0.00000000e+00,3.66997372e-02,3.29532653e-03,1.80326454e+02,1.86757819e+01,3.95489587e-05,4.07346410e-06,0.00000000e+00,0.00000000e+00,0.00000000e+00,0.00000000e+00
1.47350000e+02,3.37281204e-05,3.52516933e-06,0.00000000e+00,0.00000000e+00,3.57757165e-06,9.34084746e-07,0.00000000e+00,0.00000000e+00,3.49507017e-02,2.96162945e-03,1.70713483e+02,1.69887300e+01,3.73056923e-05,3.71686531e-06,0.00000000e+00,0.00000000e+00,2.16240000e+00,5.18235310e-02
1.47450000e+02,3.55399628e-05,4.01812138e-06,0.00000000e+00,0.00000000e+00,3.22623317e-06,9.12725831e-07,0.00000000e+00,0.00000000e+00,3.39555537e-02,2.70067151e-03,1.78112103e+02,1.92732724e+01,3.87661962e-05,4.17235484e-06,0.00000000e+00,0.00000000e+00,0.00000000e+00,0.00000000e+00
1.47550000e+02,3.31252325e-05,3.20051312e-06,0.00000000e+00,0.00000000e+00,4.06859410e-06,1.34505406e-06,0.00000000e+00,0.00000000e+00,3.20639406e-02,2.32856832e-03,1.66168669e+02,1.53540638e+01,3.71938269e-05,3.47652495e-06,0.00000000e+00,0.00000000e+00,2.15260000e+00,5.15576238e-02
1.47650000e+02,3.44282447e-05,3.41414644e-06,0.00000000e+00,0.00000000e+00,4.32165778e-06,1.48652873e-06,0.00000000e+00,0.00000000e+00,3.25311701e-02,2.62256537e-03,1.72566956e+02,1.63338832e+01,3.87499027e-05,3.67717249e-06,0.00000000e+00,0.00000000e+00,0.00000000e+00,0.00000000e+00
1.47750000e+02,3.52905375e-05,3.83539742e-06,0.00000000e+00,0.00000000e+00,4.33644175e-06,1.48207273e-06,0.00000000e+00,0.00000000e+00,3.24345447e-02,2.30193112e-03,1.76823248e+02,1.83880927e+01,3.96269795e-05,4.07835195e-06,0.00000000e+00,0.00000000e+00,2.15280000e+00,5.22420114e-02
1.47850000e+02,3.59679645e-05,4.45275634e-06,0.00000000e+00,0.00000000e+00,4.00978354e-06,1.22504181e-06,0.00000000e+00,0.00000000e+00,3.24127939e-02,2.40412215e-03,1.79623204e+02,2.12974948e+01,3.99777483e-05,4.72060490e-06,0.00000000e+00,0.00000000e+00,0.00000000e+00,0.00000000e+00
1.47950000e+02,3.44675016e-05,4.54606086e-06,0.00000000e+00,0.00000000e+00,7.18024901e-06,5.16638379e-06,0.00000000e+00,0.00000000e+00,3.05118590e-02,2.29017509e-03,1.71557707e+02,2.16568140e+01,4.16477508e-05,8.23613005e-06,0.00000000e+00,0.00000000e+00,2.14740000e+00,5.25992240e-02
1.48050000e+02,3.16544659e-05,4.15116356e-06,0.00000000e+00,0.00000000e+00,7.42238767e-06,5.34151623e-06,0.00000000e+00,0.00000000e+00,2.81264283e-02,2.11409408e-03,1.57615021e+02,1.98069011e+01,3.90768538e-05,7.59948536e-06,0.00000000e+00,0.00000000e+00,0.00000000e+00,0.00000000e+00
1.48150000e+02,2.97786162e-05,3.69501740e-06,0.00000000e+00,0.00000000e+00,4.20036065e-06,1.83963197e-06,0.00000000e+00,0.00000000e+00,2.65933324e-02,1.96637156e-03,1.48347735e+02,1.76920895e+01,3.39789771e-05,4.25903378e-06,0.00000000e+00,0.00000000e+00,2.14680000e+00,5.06314736e-02
1.48250000e+02,2.98608668e-05,3.87067057e-06,0.00000000e+00,0.00000000e+00,4.09337740e-06,1.92030838e-06,0.00000000e+00,0.00000000e+00,2.75419393e-02,2.56337849e-03,1.49048319e+02,1.87684391e+01,3.39542445e-05,4.37531754e-06,0.00000000e+00,0.00000000e+00,0.00000000e+00,0.00000000e+00
1.48350000e+02,3.03294857e-05,4.09175754e-06,0.00000000e+00,0.00000000e+00,4.07914447e-06,1.91992921e-06,0.00000000e+00,0.00000000e+00,2.77566231e-02,2.62546523e-03,1.50993647e+02,1.97349031e+01,3.44086304e-05,4.57165890e-06,0.00000000e+00,0.00000000e+00,2.14120000e+00,5.01187488e-02
1.48450000e+02,2.80435567e-05,3.06228199e-06,0.00000000e+00,0.00000000e+00,2.82527662e-06,9.68600153e-07,0.00000000e+00,0.00000000e+00,2.60861775e-02,2.00746540e-03,1.39819602e+02,1.46353833e+01,3.08688335e-05,3.20864932e-06,0.00000000e+00,0.00000000e+00,0.00000000e+00,0.00000000e+00
1.48550000e+02,2.72258826e-05,2.88775047e-06,0.00000000e+00,0.00000000e+00,2.20121361e-06,7.51253641e-07,0.00000000e+00,0.00000000e+00,2.56068350e-02,1.94557215e-03,1.35902061e+02,1.38540294e+01,2.94270965e-05,3.01217723e-06,0.00000000e+00,0.00000000e+00,2.13240000e+00,5.16839374e-02
1.48650000e+02,2.65192771e-05,2.72333024e-06,0.00000000e+00,0.00000000e+00,2.28449833e-06,7.57042968e-07,0.00000000e+00,0.00000000e+00,2.62254564e-02,2.16426568e-03,1.32681422e+02,1.30965089e+01,2.88037756e-05,2.86142339e-06,0.00000000e+00,0.00000000e+00,0.00000000e+00,0.00000000e+00
1.48750000e+02,2.34444686e-05,2.51444658e-06,0.00000000e+00,0.00000000e+00,2.18427989e-06,7.65075466e-07,0.00000000e+00,0.00000000e+00,2.48368431e-02,2.24608861e-03,1.17991057e+02,1.21190182e+01,2.56287487e-05,2.71994812e-06,0.00000000e+00,0.00000000e+00,2.12200000e+00,5.08009320e-02
1.48850000e+02,2.29871782e-05,2.57782748e-06,0.00000000e+00,0.00000000e+00,2.16008423e-06,7.48051095e-07,0.00000000e+00,0.00000000e+00,2.36454597e-02,1.97072778e-03,1.16499947e+02,1.25272272e+01,2.51472626e-05,2.74889680e-06,0.00000000e+00,0.00000000e+00,0.00000000e+00,0.00000000e+00
1.48950000e+02,2.33716504e-05,2.84938360e-06,0.00000000e+00,0.00000000e+00,2.07487046e-06,7.47329374e-07,0.00000000e+00,0.00000000e+00,2.27141201e-02,1.93921306e-03,1.17952152e+02,1.38635947e+01,2.54465210e-05,2.97954033e-06,0.00000000e+00,0.00000000e+00,2.11160000e+00,5.10448862e-02
1.49050000e+02,2.31260126e-05,3.02304610e-06,0.00000000e+00,0.00000000e+00,2.00470044e-06,7.46500083e-07,0.00000000e+00,0.00000000e+00,2.15382132e-02,1.90343075e-03,1.16471648e+02,1.46038300e+01,2.51307132e-05,3.12448372e-06,0.00000000e+00,0.00000000e+00,0.00000000e+00,0.00000000e+00
1.49150000e+02,2.15257477e-05,2.81350630e-06,0.00000000e+00,0.00000000e+00,1.98981758e-06,7.48123944e-07,0.00000000e+00,0.00000000e+00,2.00921808e-02,1.73175694e-03,1.08746455e+02,1.37140272e+01,2.35155655e-05,2.92849150e-06,0.00000000e+00,0.00000000e+00,2.10900000e+00,4.98653288e-02
1.49250000e+02,3.20048909e-05,1.41625047e-05,0.00000000e+00,0.00000000e+00,2.11164818e-06,7.61295594e-07,0.00000000e+00,0.00000000e+00,2.16175195e-02,3.06883394e-03,1.58748223e+02,6.77009914e+01,3.41165392e-05,1.43347855e-05,0.00000000e+00,0.00000000e+00,0.00000000e+00,0.00000000e+00
1.49350000e+02,1.97979874e-05,2.63403957e-06,0.00000000e+00,0.00000000e+00,1.88271334e-06,7.47677630e-07,0.00000000e+00,0.00000000e+00,1.86246689e-02,1.42240370e-03,1.00146432e+02,1.26790370e+01,2.16807009e-05,2.75892686e-06,0.00000000e+00,0.00000000e+00,2.10320000e+00,5.05047502e-02
1.49450000e+02,1.80024393e-05,1.65076477e-06,0.00000000e+00,0.00000000e+00,1.85046529e-06,7.49460273e-07,0.00000000e+00,0.00000000e+00,1.84525046e-02,1.65836289e-03,9.21243794e+01,8.11393686e+00,1.98529048e-05,1.82634557e-06,0.00000000e+00,0.00000000e+00,0.00000000e+00,0.00000000e+00
1.49550000e+02,1.70701832e-05,1.46391141e-06,0.00000000e+00,0.00000000e+00,1.76579563e-06,7.44881980e-07,0.00000000e+00,0.00000000e+00,1.72967945e-02,1.30155025e-03,8.67457262e+01,7.11467199e+00,1.88359789e-05,1.66476567e-06,0.00000000e+00,0.00000000e+00,2.09260000e+00,5.07091024e-02
1.49650000e+02,1.68508317e-05,1.43408529e-06,0.00000000e+00,0.00000000e+00,1.90358667e-06,8.72875917e-07,0.00000000e+00,0.00000000e+00,1.70118329e-02,1.27793013e-03,8.51443177e+01,7.06028999e+00,1.87544185e-05,1.71691272e-06,0.00000000e+00,0.00000000e+00,0.00000000e+00,0.00000000e+00
1.49750000e+02,1.52452840e-05,1.29669434e-06,0.00000000e+00,0.00000000e+00,2.32730800e-06,1.41198899e-06,0.00000000e+00,0.00000000e+00,1.48164072e-02,1.17957289e-03,7.71536655e+01,6.42632446e+00,1.75725922e-05,2.02772622e-06,0.00000000e+00,0.00000000e+00,2.08680000e+00,5.12341085e-02
1.49850000e+02,1.51684659e-05,1.42842226e-06,0.00000000e+00,0.00000000e+00,1.96873660e-06,1.08953219e-06,0.00000000e+00,0.00000000e+00,1.37426169e-02,9.19210604e-04,7.64970761e+01,6.93045707e+00,1.71372027e-05,1.83855417e-06,0.00000000e+00,0.00000000e+00,0.00000000e+00,0.00000000e+00
1.49950000e+02,1.48344204e-05,1.32409177e-06,0.00000000e+00,0.00000000e+00,1.72829781e-06,8.59131547e-07,0.00000000e+00,0.00000000e+00,1.36008966e-02,1.02525659e-03,7.49170828e+01,6.46497900e+00,1.65627183e-05,1.59422022e-06,0.00000000e+00,0.00000000e+00,2.08200000e+00,5.15411466e-02
