z_cm,pb_n2n,U235_fission,U235_nu_fission,U235_ngamma,U235_n2n,U235_n3n,U238_fission,U238_nu_fission,U238_ngamma,U238_n2n,U238_n3n,Pu239_fission,Pu239_nu_fission,Pu239_ngamma,Pu239_n2n,Pu239_n3n,Am241_fission,Am241_nu_fission,Am241_ngamma,Am241_n2n,Am241_n3n,other_act_fission,other_act_nu_fission,other_act_ngamma,nXt
5.00000000e-02,6.41957715e-03,0.00000000e+00,0.00000000e+00,0.00000000e+00,0.00000000e+00,0.00000000e+00,0.00000000e+00,0.00000000e+00,0.00000000e+00,0.00000000e+00,0.00000000e+00,0.00000000e+00,0.00000000e+00,0.00000000e+00,0.00000000e+00,0.00000000e+00,0.00000000e+00,0.00000000e+00,0.00000000e+00,0.00000000e+00,0.00000000e+00,0.00000000e+00,0.00000000e+00,0.00000000e+00,2.45563999e-03
1.50000000e-01,6.39126666e-03,0.00000000e+00,0.00000000e+00,0.00000000e+00,0.00000000e+00,0.00000000e+00,0.00000000e+00,0.00000000e+00,0.00000000e+00,0.00000000e+00,0.00000000e+00,0.00000000e+00,0.00000000e+00,0.00000000e+00,0.00000000e+00,0.00000000e+00,0.00000000e+00,0.00000000e+00,0.00000000e+00,0.00000000e+00,0.00000000e+00,0.00000000e+00,0.00000000e+00,0.00000000e+00,2.46525581e-03
2.50000000e-01,6.35413417e-03,0.00000000e+00,0.00000000e+00,0.00000000e+00,0.00000000e+00,0.00000000e+00,0.00000000e+00,0.00000000e+00,0.00000000e+00,0.00000000e+00,0.00000000e+00,0.00000000e+00,0.00000000e+00,0.00000000e+00,0.00000000e+00,0.00000000e+00,0.00000000e+00,0.00000000e+00,0.00000000e+00,0.00000000e+00,0.00000000e+00,0.00000000e+00,0.00000000e+00,0.00000000e+00,2.45914924e-03
3.50000000e-01,6.32584305e-03,0.00000000e+00,0.00000000e+00,0.00000000e+00,0.00000000e+00,0.00000000e+00,0.00000000e+00,0.00000000e+00,0.00000000e+00,0.00000000e+00,0.00000000e+00,0.00000000e+00,0.00000000e+00,0.00000000e+00,0.00000000e+00,0.00000000e+00,0.00000000e+00,0.00000000e+00,0.00000000e+00,0.00000000e+00,0.00000000e+00,0.00000000e+00,0.00000000e+00,0.00000000e+00,2.48745700e-03
4.50000000e-01,6.23680089e-03,0.00000000e+00,0.00000000e+00,0.00000000e+00,0.00000000e+00,0.00000000e+00,0.00000000e+00,0.00000000e+00,0.00000000e+00,0.00000000e+00,0.00000000e+00,0.00000000e+00,0.00000000e+00,0.00000000e+00,0.00000000e+00,0.00000000e+00,0.00000000e+00,0.00000000e+00,0.00000000e+00,0.00000000e+00,0.00000000e+00,0.00000000e+00,0.00000000e+00,0.00000000e+00,2.47100881e-03
5.50000000e-01,6.20665499e-03,0.00000000e+00,0.00000000e+00,0.00000000e+00,0.00000000e+00,0.00000000e+00,0.00000000e+00,0.00000000e+00,0.00000000e+00,0.00000000e+00,0.00000000e+00,0.00000000e+00,0.00000000e+00,0.00000000e+00,0.00000000e+00,0.00000000e+00,0.00000000e+00,0.00000000e+00,0.00000000e+00,0.00000000e+00,0.00000000e+00,0.00000000e+00,0.00000000e+00,0.00000000e+00,2.47624070e-03
6.50000000e-01,6.18240693e-03,0.00000000e+00,0.00000000e+00,0.00000000e+00,0.00000000e+00,0.00000000e+00,0.00000000e+00,0.00000000e+00,0.00000000e+00,0.00000000e+00,0.00000000e+00,0.00000000e+00,0.00000000e+00,0.00000000e+00,0.00000000e+00,0.00000000e+00,0.00000000e+00,0.00000000e+00,0.00000000e+00,0.00000000e+00,0.00000000e+00,0.00000000e+00,0.00000000e+00,0.00000000e+00,2.46446629e-03
7.50000000e-01,6.15573639e-03,0.00000000e+00,0.00000000e+00,0.00000000e+00,0.00000000e+00,0.00000000e+00,0.00000000e+00,0.00000000e+00,0.00000000e+00,0.00000000e+00,0.00000000e+00,0.00000000e+00,0.00000000e+00,0.00000000e+00,0.00000000e+00,0.00000000e+00,0.00000000e+00,0.00000000e+00,0.00000000e+00,0.00000000e+00,0.00000000e+00,0.00000000e+00,0.00000000e+00,0.00000000e+00,2.46109612e-03
8.50000000e-01,6.11915760e-03,0.00000000e+00,0.00000000e+00,0.00000000e+00,0.00000000e+00,0.00000000e+00,0.00000000e+00,0.00000000e+00,0.00000000e+00,0.00000000e+00,0.00000000e+00,0.00000000e+00,0.00000000e+00,0.00000000e+00,0.00000000e+00,0.00000000e+00,0.00000000e+00,0.00000000e+00,0.00000000e+00,0.00000000e+00,0.00000000e+00,0.00000000e+00,0.00000000e+00,0.00000000e+00,2.47907586e-03
9.50000000e-01,6.08720760e-03,0.00000000e+00,0.00000000e+00,0.00000000e+00,0.00000000e+00,0.00000000e+00,0.00000000e+00,0.00000000e+00,0.00000000e+00,0.00000000e+00,0.00000000e+00,0.00000000e+00,0.00000000e+00,0.00000000e+00,0.00000000e+00,0.00000000e+00,0.00000000e+00,0.00000000e+00,0.00000000e+00,0.00000000e+00,0.00000000e+00,0.00000000e+00,0.00000000e+00,0.00000000e+00,2.47938903e-03
1.05000000e+00,6.05104991e-03,0.00000000e+00,0.00000000e+00,0.00000000e+00,0.00000000e+00,0.00000000e+00,0.00000000e+00,0.00000000e+00,0.00000000e+00,0.00000000e+00,0.00000000e+00,0.00000000e+00,0.00000000e+00,0.00000000e+00,0.00000000e+00,0.00000000e+00,0.00000000e+00,0.00000000e+00,0.00000000e+00,0.00000000e+00,0.00000000e+00,0.00000000e+00,0.00000000e+00,0.00000000e+00,2.46466445e-03
1.15000000e+00,6.01646311e-03,0.00000000e+00,0.00000000e+00,0.00000000e+00,0.00000000e+00,0.00000000e+00,0.00000000e+00,0.00000000e+00,0.00000000e+00,0.00000000e+00,0.00000000e+00,0.00000000e+00,0.00000000e+00,0.00000000e+00,0.00000000e+00,0.00000000e+00,0.00000000e+00,0.00000000e+00,0.00000000e+00,0.00000000e+00,0.00000000e+00,0.00000000e+00,0.00000000e+00,0.00000000e+00,2.46863271e-03
1.25000000e+00,5.99131965e-03,0.00000000e+00,0.00000000e+00,0.00000000e+00,0.00000000e+00,0.00000000e+00,0.00000000e+00,0.00000000e+00,0.00000000e+00,0.00000000e+00,0.00000000e+00,0.00000000e+00,0.00000000e+00,0.00000000e+00,0.00000000e+00,0.00000000e+00,0.00000000e+00,0.00000000e+00,0.00000000e+00,0.00000000e+00,0.00000000e+00,0.00000000e+00,0.00000000e+00,0.00000000e+00,2.45365055e-03
1.35000000e+00,5.95498656e-03,0.00000000e+00,0.00000000e+00,0.00000000e+00,0.00000000e+00,0.00000000e+00,0.00000000e+00,0.00000000e+00,0.00000000e+00,0.00000000e+00,0.00000000e+00,0.00000000e+00,0.00000000e+00,0.00000000e+00,0.00000000e+00,0.00000000e+00,0.00000000e+00,0.00000000e+00,0.00000000e+00,0.00000000e+00,0.00000000e+00,0.00000000e+00,0.00000000e+00,0.00000000e+00,2.43873404e-03
1.45000000e+00,5.94347612e-03,0.00000000e+00,0.00000000e+00,0.00000000e+00,0.00000000e+00,0.00000000e+00,0.00000000e+00,0.00000000e+00,0.00000000e+00,0.00000000e+00,0.00000000e+00,0.00000000e+00,0.00000000e+00,0.00000000e+00,0.00000000e+00,0.00000000e+00,0.00000000e+00,0.00000000e+00,0.00000000e+00,0.00000000e+00,0.00000000e+00,0.00000000e+00,0.00000000e+00,0.00000000e+00,2.45116057e-03
1.55000000e+00,5.92819324e-03,0.00000000e+00,0.00000000e+00,0.00000000e+00,0.00000000e+00,0.00000000e+00,0.00000000e+00,0.00000000e+00,0.00000000e+00,0.00000000e+00,0.00000000e+00,0.00000000e+00,0.00000000e+00,0.00000000e+00,0.00000000e+00,0.00000000e+00,0.00000000e+00,0.00000000e+00,0.00000000e+00,0.00000000e+00,0.00000000e+00,0.00000000e+00,0.00000000e+00,0.00000000e+00,2.47033040e-03
1.65000000e+00,5.93136553e-03,0.00000000e+00,0.00000000e+00,0.00000000e+00,0.00000000e+00,0.00000000e+00,0.00000000e+00,0.00000000e+00,0.00000000e+00,0.00000000e+00,0.00000000e+00,0.00000000e+00,0.00000000e+00,0.00000000e+00,0.00000000e+00,0.00000000e+00,0.00000000e+00,0.00000000e+00,0.00000000e+00,0.00000000e+00,0.00000000e+00,0.00000000e+00,0.00000000e+00,0.00000000e+00,2.48582293e-03
1.75000000e+00,5.88405255e-03,0.00000000e+00,0.00000000e+00,0.00000000e+00,0.00000000e+00,0.00000000e+00,0.00000000e+00,0.00000000e+00,0.00000000e+00,0.00000000e+00,0.00000000e+00,0.00000000e+00,0.00000000e+00,0.00000000e+00,0.00000000e+00,0.00000000e+00,0.00000000e+00,0.00000000e+00,0.00000000e+00,0.00000000e+00,0.00000000e+00,0.00000000e+00,0.00000000e+00,0.00000000e+00,2.47791426e-03
1.85000000e+00,5.83684705e-03,0.00000000e+00,0.00000000e+00,0.00000000e+00,0.00000000e+00,0.00000000e+00,0.00000000e+00,0.00000000e+00,0.00000000e+00,0.00000000e+00,0.00000000e+00,0.00000000e+00,0.00000000e+00,0.00000000e+00,0.00000000e+00,0.00000000e+00,0.00000000e+00,0.00000000e+00,0.00000000e+00,0.00000000e+00,0.00000000e+00,0.00000000e+00,0.00000000e+00,0.00000000e+00,2.49748300e-03
1.95000000e+00,5.82118414e-03,0.00000000e+00,0.00000000e+00,0.00000000e+00,0.00000000e+00,0.00000000e+00,0.00000000e+00,0.00000000e+00,0.00000000e+00,0.00000000e+00,0.00000000e+00,0.00000000e+00,0.00000000e+00,0.00000000e+00,0.00000000e+00,0.00000000e+00,0.00000000e+00,0.00000000e+00,0.00000000e+00,0.00000000e+00,0.00000000e+00,0.00000000e+00,0.00000000e+00,0.00000000e+00,2.47583534e-03
2.05000000e+00,5.81379819e-03,0.00000000e+00,0.00000000e+00,0.00000000e+00,0.00000000e+00,0.00000000e+00,0.00000000e+00,0.00000000e+00,0.00000000e+00,0.00000000e+00,0.00000000e+00,0.00000000e+00,0.00000000e+00,0.00000000e+00,0.00000000e+00,0.00000000e+00,0.00000000e+00,0.00000000e+00,0.00000000e+00,0.00000000e+00,0.00000000e+00,0.00000000e+00,0.00000000e+00,0.00000000e+00,2.49004335e-03
2.15000000e+00,5.80833049e-03,0.00000000e+00,0.00000000e+00,0.00000000e+00,0.00000000e+00,0.00000000e+00,0.00000000e+00,0.00000000e+00,0.00000000e+00,0.00000000e+00,0.00000000e+00,0.00000000e+00,0.00000000e+00,0.00000000e+00,0.00000000e+00,0.00000000e+00,0.00000000e+00,0.00000000e+00,0.00000000e+00,0.00000000e+00,0.00000000e+00,0.00000000e+00,0.00000000e+00,0.00000000e+00,2.46594472e-03
2.25000000e+00,5.79569422e-03,0.00000000e+00,0.00000000e+00,0.00000000e+00,0.00000000e+00,0.00000000e+00,0.00000000e+00,0.00000000e+00,0.00000000e+00,0.00000000e+00,0.00000000e+00,0.00000000e+00,0.00000000e+00,0.00000000e+00,0.00000000e+00,0.00000000e+00,0.00000000e+00,0.00000000e+00,0.00000000e+00,0.00000000e+00,0.00000000e+00,0.00000000e+00,0.00000000e+00,0.00000000e+00,2.46658843e-03
2.35000000e+00,5.70596043e-03,0.00000000e+00,0.00000000e+00,0.00000000e+00,0.00000000e+00,0.00000000e+00,0.00000000e+00,0.00000000e+00,0.00000000e+00,0.00000000e+00,0.00000000e+00,0.00000000e+00,0.00000000e+00,0.00000000e+00,0.00000000e+00,0.00000000e+00,0.00000000e+00,0.00000000e+00,0.00000000e+00,0.00000000e+00,0.00000000e+00,0.00000000e+00,0.00000000e+00,0.00000000e+00,2.47119551e-03
2.45000000e+00,5.65562421e-03,0.00000000e+00,0.00000000e+00,0.00000000e+00,0.00000000e+00,0.00000000e+00,0.00000000e+00,0.00000000e+00,0.00000000e+00,0.00000000e+00,0.00000000e+00,0.00000000e+00,0.00000000e+00,0.00000000e+00,0.00000000e+00,0.00000000e+00,0.00000000e+00,0.00000000e+00,0.00000000e+00,0.00000000e+00,0.00000000e+00,0.00000000e+00,0.00000000e+00,0.00000000e+00,2.46926401e-03
2.55000000e+00,5.65321129e-03,0.00000000e+00,0.00000000e+00,0.00000000e+00,0.00000000e+00,0.00000000e+00,0.00000000e+00,0.00000000e+00,0.00000000e+00,0.00000000e+00,0.00000000e+00,0.00000000e+00,0.00000000e+00,0.00000000e+00,0.00000000e+00,0.00000000e+00,0.00000000e+00,0.00000000e+00,0.00000000e+00,0.00000000e+00,0.00000000e+00,0.00000000e+00,0.00000000e+00,0.00000000e+00,2.48416090e-03
2.65000000e+00,5.53208203e-03,0.00000000e+00,0.00000000e+00,0.00000000e+00,0.00000000e+00,0.00000000e+00,0.00000000e+00,0.00000000e+00,0.00000000e+00,0.00000000e+00,0.00000000e+00,0.00000000e+00,0.00000000e+00,0.00000000e+00,0.00000000e+00,0.00000000e+00,0.00000000e+00,0.00000000e+00,0.00000000e+00,0.00000000e+00,0.00000000e+00,0.00000000e+00,0.00000000e+00,0.00000000e+00,2.45136999e-03
2.75000000e+00,5.49664693e-03,0.00000000e+00,0.00000000e+00,0.00000000e+00,0.00000000e+00,0.00000000e+00,0.00000000e+00,0.00000000e+00,0.00000000e+00,0.00000000e+00,0.00000000e+00,0.00000000e+00,0.00000000e+00,0.00000000e+00,0.00000000e+00,0.00000000e+00,0.00000000e+00,0.00000000e+00,0.00000000e+00,0.00000000e+00,0.00000000e+00,0.00000000e+00,0.00000000e+00,0.00000000e+00,2.45543049e-03
2.85000000e+00,5.47705175e-03,0.00000000e+00,0.00000000e+00,0.00000000e+00,0.00000000e+00,0.00000000e+00,0.00000000e+00,0.00000000e+00,0.00000000e+00,0.00000000e+00,0.00000000e+00,0.00000000e+00,0.00000000e+00,0.00000000e+00,0.00000000e+00,0.00000000e+00,0.00000000e+00,0.00000000e+00,0.00000000e+00,0.00000000e+00,0.00000000e+00,0.00000000e+00,0.00000000e+00,0.00000000e+00,2.46509355e-03
2.95000000e+00,5.47257818e-03,0.00000000e+00,0.00000000e+00,0.00000000e+00,0.00000000e+00,0.00000000e+00,0.00000000e+00,0.00000000e+00,0.00000000e+00,0.00000000e+00,0.00000000e+00,0.00000000e+00,0.00000000e+00,0.00000000e+00,0.00000000e+00,0.00000000e+00,0.00000000e+00,0.00000000e+00,0.00000000e+00,0.00000000e+00,0.00000000e+00,0.00000000e+00,0.00000000e+00,0.00000000e+00,2.46035731e-03
3.05000000e+00,5.45051296e-03,0.00000000e+00,0.00000000e+00,0.00000000e+00,0.00000000e+00,0.00000000e+00,0.00000000e+00,0.00000000e+00,0.00000000e+00,0.00000000e+00,0.00000000e+00,0.00000000e+00,0.00000000e+00,0.00000000e+00,0.00000000e+00,0.00000000e+00,0.00000000e+00,0.00000000e+00,0.00000000e+00,0.00000000e+00,0.00000000e+00,0.00000000e+00,0.00000000e+00,0.00000000e+00,2.46505975e-03
3.15000000e+00,5.40112240e-03,0.00000000e+00,0.00000000e+00,0.00000000e+00,0.00000000e+00,0.00000000e+00,0.00000000e+00,0.00000000e+00,0.00000000e+00,0.00000000e+00,0.00000000e+00,0.00000000e+00,0.00000000e+00,0.00000000e+00,0.00000000e+00,0.00000000e+00,0.00000000e+00,0.00000000e+00,0.00000000e+00,0.00000000e+00,0.00000000e+00,0.00000000e+00,0.00000000e+00,0.00000000e+00,2.46135608e-03
3.25000000e+00,5.35493787e-03,0.00000000e+00,0.00000000e+00,0.00000000e+00,0.00000000e+00,0.00000000e+00,0.00000000e+00,0.00000000e+00,0.00000000e+00,0.00000000e+00,0.00000000e+00,0.00000000e+00,0.00000000e+00,0.00000000e+00,0.00000000e+00,0.00000000e+00,0.00000000e+00,0.00000000e+00,0.00000000e+00,0.00000000e+00,0.00000000e+00,0.00000000e+00,0.00000000e+00,0.00000000e+00,2.48958419e-03
3.35000000e+00,5.29060176e-03,0.00000000e+00,0.00000000e+00,0.00000000e+00,0.00000000e+00,0.00000000e+00,0.00000000e+00,0.00000000e+00,0.00000000e+00,0.00000000e+00,0.00000000e+00,0.00000000e+00,0.00000000e+00,0.00000000e+00,0.00000000e+00,0.00000000e+00,0.00000000e+00,0.00000000e+00,0.00000000e+00,0.00000000e+00,0.00000000e+00,0.00000000e+00,0.00000000e+00,0.00000000e+00,2.49818285e-03
3.45000000e+00,5.21327911e-03,0.00000000e+00,0.00000000e+00,0.00000000e+00,0.00000000e+00,0.00000000e+00,0.00000000e+00,0.00000000e+00,0.00000000e+00,0.00000000e+00,0.00000000e+00,0.00000000e+00,0.00000000e+00,0.00000000e+00,0.00000000e+00,0.00000000e+00,0.00000000e+00,0.00000000e+00,0.00000000e+00,0.00000000e+00,0.00000000e+00,0.00000000e+00,0.00000000e+00,0.00000000e+00,2.48663346e-03
3.55000000e+00,5.18081078e-03,0.00000000e+00,0.00000000e+00,0.00000000e+00,0.00000000e+00,0.00000000e+00,0.00000000e+00,0.00000000e+00,0.00000000e+00,0.00000000e+00,0.00000000e+00,0.00000000e+00,0.00000000e+00,0.00000000e+00,0.00000000e+00,0.00000000e+00,0.00000000e+00,0.00000000e+00,0.00000000e+00,0.00000000e+00,0.00000000e+00,0.00000000e+00,0.00000000e+00,0.00000000e+00,2.46513141e-03
3.65000000e+00,5.15487840e-03,0.00000000e+00,0.00000000e+00,0.00000000e+00,0.00000000e+00,0.00000000e+00,0.00000000e+00,0.00000000e+00,0.00000000e+00,0.00000000e+00,0.00000000e+00,0.00000000e+00,0.00000000e+00,0.00000000e+00,0.00000000e+00,0.00000000e+00,0.00000000e+00,0.00000000e+00,0.00000000e+00,0.00000000e+00,0.00000000e+00,0.00000000e+00,0.00000000e+00,0.00000000e+00,2.44080209e-03
3.75000000e+00,5.09938655e-03,0.00000000e+00,0.00000000e+00,0.00000000e+00,0.00000000e+00,0.00000000e+00,0.00000000e+00,0.00000000e+00,0.00000000e+00,0.00000000e+00,0.00000000e+00,0.00000000e+00,0.00000000e+00,0.00000000e+00,0.00000000e+00,0.00000000e+00,0.00000000e+00,0.00000000e+00,0.00000000e+00,0.00000000e+00,0.00000000e+00,0.00000000e+00,0.00000000e+00,0.00000000e+00,2.46591055e-03
3.85000000e+00,5.06067015e-03,0.00000000e+00,0.00000000e+00,0.00000000e+00,0.00000000e+00,0.00000000e+00,0.00000000e+00,0.00000000e+00,0.00000000e+00,0.00000000e+00,0.00000000e+00,0.00000000e+00,0.00000000e+00,0.00000000e+00,0.00000000e+00,0.00000000e+00,0.00000000e+00,0.00000000e+00,0.00000000e+00,0.00000000e+00,0.00000000e+00,0.00000000e+00,0.00000000e+00,0.00000000e+00,2.45372098e-03
3.95000000e+00,5.02685890e-03,0.00000000e+00,0.00000000e+00,0.00000000e+00,0.00000000e+00,0.00000000e+00,0.00000000e+00,0.00000000e+00,0.00000000e+00,0.00000000e+00,0.00000000e+00,0.00000000e+00,0.00000000e+00,0.00000000e+00,0.00000000e+00,0.00000000e+00,0.00000000e+00,0.00000000e+00,0.00000000e+00,0.00000000e+00,0.00000000e+00,0.00000000e+00,0.00000000e+00,0.00000000e+00,2.45862160e-03
4.05000000e+00,4.98940773e-03,0.00000000e+00,0.00000000e+00,0.00000000e+00,0.00000000e+00,0.00000000e+00,0.00000000e+00,0.00000000e+00,0.00000000e+00,0.00000000e+00,0.00000000e+00,0.00000000e+00,0.00000000e+00,0.00000000e+00,0.00000000e+00,0.00000000e+00,0.00000000e+00,0.00000000e+00,0.00000000e+00,0.00000000e+00,0.00000000e+00,0.00000000e+00,0.00000000e+00,0.00000000e+00,2.45439672e-03
4.15000000e+00,4.95526725e-03,0.00000000e+00,0.00000000e+00,0.00000000e+00,0.00000000e+00,0.00000000e+00,0.00000000e+00,0.00000000e+00,0.00000000e+00,0.00000000e+00,0.00000000e+00,0.00000000e+00,0.00000000e+00,0.00000000e+00,0.00000000e+00,0.00000000e+00,0.00000000e+00,0.00000000e+00,0.00000000e+00,0.00000000e+00,0.00000000e+00,0.00000000e+00,0.00000000e+00,0.00000000e+00,2.43196074e-03
4.25000000e+00,4.95742341e-03,0.00000000e+00,0.00000000e+00,0.00000000e+00,0.00000000e+00,0.00000000e+00,0.00000000e+00,0.00000000e+00,0.00000000e+00,0.00000000e+00,0.00000000e+00,0.00000000e+00,0.00000000e+00,0.00000000e+00,0.00000000e+00,0.00000000e+00,0.00000000e+00,0.00000000e+00,0.00000000e+00,0.00000000e+00,0.00000000e+00,0.00000000e+00,0.00000000e+00,0.00000000e+00,2.44738382e-03
4.35000000e+00,4.90478023e-03,0.00000000e+00,0.00000000e+00,0.00000000e+00,0.00000000e+00,0.00000000e+00,0.00000000e+00,0.00000000e+00,0.00000000e+00,0.00000000e+00,0.00000000e+00,0.00000000e+00,0.00000000e+00,0.00000000e+00,0.00000000e+00,0.00000000e+00,0.00000000e+00,0.00000000e+00,0.00000000e+00,0.00000000e+00,0.00000000e+00,0.00000000e+00,0.00000000e+00,0.00000000e+00,2.44232153e-03
4.45000000e+00,4.88308342e-03,0.00000000e+00,0.00000000e+00,0.00000000e+00,0.00000000e+00,0.00000000e+00,0.00000000e+00,0.00000000e+00,0.00000000e+00,0.00000000e+00,0.00000000e+00,0.00000000e+00,0.00000000e+00,0.00000000e+00,0.00000000e+00,0.00000000e+00,0.00000000e+00,0.00000000e+00,0.00000000e+00,0.00000000e+00,0.00000000e+00,0.00000000e+00,0.00000000e+00,0.00000000e+00,2.41866952e-03
4.55000000e+00,4.90715055e-03,0.00000000e+00,0.00000000e+00,0.00000000e+00,0.00000000e+00,0.00000000e+00,0.00000000e+00,0.00000000e+00,0.00000000e+00,0.00000000e+00,0.00000000e+00,0.00000000e+00,0.00000000e+00,0.00000000e+00,0.00000000e+00,0.00000000e+00,0.00000000e+00,0.00000000e+00,0.00000000e+00,0.00000000e+00,0.00000000e+00,0.00000000e+00,0.00000000e+00,0.00000000e+00,2.42332012e-03
4.65000000e+00,4.87896491e-03,0.00000000e+00,0.00000000e+00,0.00000000e+00,0.00000000e+00,0.00000000e+00,0.00000000e+00,0.00000000e+00,0.00000000e+00,0.00000000e+00,0.00000000e+00,0.00000000e+00,0.00000000e+00,0.00000000e+00,0.00000000e+00,0.00000000e+00,0.00000000e+00,0.00000000e+00,0.00000000e+00,0.00000000e+00,0.00000000e+00,0.00000000e+00,0.00000000e+00,0.00000000e+00,2.42590379e-03
4.75000000e+00,4.83319821e-03,0.00000000e+00,0.00000000e+00,0.00000000e+00,0.00000000e+00,0.00000000e+00,0.00000000e+00,0.00000000e+00,0.00000000e+00,0.00000000e+00,0.00000000e+00,0.00000000e+00,0.00000000e+00,0.00000000e+00,0.00000000e+00,0.00000000e+00,0.00000000e+00,0.00000000e+00,0.00000000e+00,0.00000000e+00,0.00000000e+00,0.00000000e+00,0.00000000e+00,0.00000000e+00,2.43948940e-03
4.85000000e+00,4.80282768e-03,0.00000000e+00,0.00000000e+00,0.00000000e+00,0.00000000e+00,0.00000000e+00,0.00000000e+00,0.00000000e+00,0.00000000e+00,0.00000000e+00,0.00000000e+00,0.00000000e+00,0.00000000e+00,0.00000000e+00,0.00000000e+00,0.00000000e+00,0.00000000e+00,0.00000000e+00,0.00000000e+00,0.00000000e+00,0.00000000e+00,0.00000000e+00,0.00000000e+00,0.00000000e+00,2.43533192e-03
4.95000000e+00,4.80026081e-03,0.00000000e+00,0.00000000e+00,0.00000000e+00,0.00000000e+00,0.00000000e+00,0.00000000e+00,0.00000000e+00,0.00000000e+00,0.00000000e+00,0.00000000e+00,0.00000000e+00,0.00000000e+00,0.00000000e+00,0.00000000e+00,0.00000000e+00,0.00000000e+00,0.00000000e+00,0.00000000e+00,0.00000000e+00,0.00000000e+00,0.00000000e+00,0.00000000e+00,0.00000000e+00,2.44174199e-03
5.05000000e+00,4.74795828e-03,0.00000000e+00,0.00000000e+00,0.00000000e+00,0.00000000e+00,0.00000000e+00,0.00000000e+00,0.00000000e+00,0.00000000e+00,0.00000000e+00,0.00000000e+00,0.00000000e+00,0.00000000e+00,0.00000000e+00,0.00000000e+00,0.00000000e+00,0.00000000e+00,0.00000000e+00,0.00000000e+00,0.00000000e+00,0.00000000e+00,0.00000000e+00,0.00000000e+00,0.00000000e+00,2.44507309e-03
5.15000000e+00,4.69717961e-03,0.00000000e+00,0.00000000e+00,0.00000000e+00,0.00000000e+00,0.00000000e+00,0.00000000e+00,0.00000000e+00,0.00000000e+00,0.00000000e+00,0.00000000e+00,0.00000000e+00,0.00000000e+00,0.00000000e+00,0.00000000e+00,0.00000000e+00,0.00000000e+00,0.00000000e+00,0.00000000e+00,0.00000000e+00,0.00000000e+00,0.00000000e+00,0.00000000e+00,0.00000000e+00,2.41208575e-03
5.25000000e+00,4.66571794e-03,0.00000000e+00,0.00000000e+00,0.00000000e+00,0.00000000e+00,0.00000000e+00,0.00000000e+00,0.00000000e+00,0.00000000e+00,0.00000000e+00,0.00000000e+00,0.00000000e+00,0.00000000e+00,0.00000000e+00,0.00000000e+00,0.00000000e+00,0.00000000e+00,0.00000000e+00,0.00000000e+00,0.00000000e+00,0.00000000e+00,0.00000000e+00,0.00000000e+00,0.00000000e+00,2.41823935e-03
5.35000000e+00,4.64236863e-03,0.00000000e+00,0.00000000e+00,0.00000000e+00,0.00000000e+00,0.00000000e+00,0.00000000e+00,0.00000000e+00,0.00000000e+00,0.00000000e+00,0.00000000e+00,0.00000000e+00,0.00000000e+00,0.00000000e+00,0.00000000e+00,0.00000000e+00,0.00000000e+00,0.00000000e+00,0.00000000e+00,0.00000000e+00,0.00000000e+00,0.00000000e+00,0.00000000e+00,0.00000000e+00,2.41573869e-03
5.45000000e+00,4.60135017e-03,0.00000000e+00,0.00000000e+00,0.00000000e+00,0.00000000e+00,0.00000000e+00,0.00000000e+00,0.00000000e+00,0.00000000e+00,0.00000000e+00,0.00000000e+00,0.00000000e+00,0.00000000e+00,0.00000000e+00,0.00000000e+00,0.00000000e+00,0.00000000e+00,0.00000000e+00,0.00000000e+00,0.00000000e+00,0.00000000e+00,0.00000000e+00,0.00000000e+00,0.00000000e+00,2.43581111e-03
5.55000000e+00,4.58580694e-03,0.00000000e+00,0.00000000e+00,0.00000000e+00,0.00000000e+00,0.00000000e+00,0.00000000e+00,0.00000000e+00,0.00000000e+00,0.00000000e+00,0.00000000e+00,0.00000000e+00,0.00000000e+00,0.00000000e+00,0.00000000e+00,0.00000000e+00,0.00000000e+00,0.00000000e+00,0.00000000e+00,0.00000000e+00,0.00000000e+00,0.00000000e+00,0.00000000e+00,0.00000000e+00,2.42852900e-03
5.65000000e+00,4.73580933e-03,0.00000000e+00,0.00000000e+00,0.00000000e+00,0.00000000e+00,0.00000000e+00,0.00000000e+00,0.00000000e+00,0.00000000e+00,0.00000000e+00,0.00000000e+00,0.00000000e+00,0.00000000e+00,0.00000000e+00,0.00000000e+00,0.00000000e+00,0.00000000e+00,0.00000000e+00,0.00000000e+00,0.00000000e+00,0.00000000e+00,0.00000000e+00,0.00000000e+00,0.00000000e+00,2.45185085e-03
5.75000000e+00,4.53906888e-03,0.00000000e+00,0.00000000e+00,0.00000000e+00,0.00000000e+00,0.00000000e+00,0.00000000e+00,0.00000000e+00,0.00000000e+00,0.00000000e+00,0.00000000e+00,0.00000000e+00,0.00000000e+00,0.00000000e+00,0.00000000e+00,0.00000000e+00,0.00000000e+00,0.00000000e+00,0.00000000e+00,0.00000000e+00,0.00000000e+00,0.00000000e+00,0.00000000e+00,0.00000000e+00,2.43681668e-03
5.85000000e+00,4.56344415e-03,0.00000000e+00,0.00000000e+00,0.00000000e+00,0.00000000e+00,0.00000000e+00,0.00000000e+00,0.00000000e+00,0.00000000e+00,0.00000000e+00,0.00000000e+00,0.00000000e+00,0.00000000e+00,0.00000000e+00,0.00000000e+00,0.00000000e+00,0.00000000e+00,0.00000000e+00,0.00000000e+00,0.00000000e+00,0.00000000e+00,0.00000000e+00,0.00000000e+00,0.00000000e+00,2.43395528e-03
5.95000000e+00,4.56801137e-03,0.00000000e+00,0.00000000e+00,0.00000000e+00,0.00000000e+00,0.00000000e+00,0.00000000e+00,0.00000000e+00,0.00000000e+00,0.00000000e+00,0.00000000e+00,0.00000000e+00,0.00000000e+00,0.00000000e+00,0.00000000e+00,0.00000000e+00,0.00000000e+00,0.00000000e+00,0.00000000e+00,0.00000000e+00,0.00000000e+00,0.00000000e+00,0.00000000e+00,0.00000000e+00,2.44356259e-03
6.05000000e+00,4.52311567e-03,0.00000000e+00,0.00000000e+00,0.00000000e+00,0.00000000e+00,0.00000000e+00,0.00000000e+00,0.00000000e+00,0.00000000e+00,0.00000000e+00,0.00000000e+00,0.00000000e+00,0.00000000e+00,0.00000000e+00,0.00000000e+00,0.00000000e+00,0.00000000e+00,0.00000000e+00,0.00000000e+00,0.00000000e+00,0.00000000e+00,0.00000000e+00,0.00000000e+00,0.00000000e+00,2.43365758e-03
6.15000000e+00,4.45732631e-03,0.00000000e+00,0.00000000e+00,0.00000000e+00,0.00000000e+00,0.00000000e+00,0.00000000e+00,0.00000000e+00,0.00000000e+00,0.00000000e+00,0.00000000e+00,0.00000000e+00,0.00000000e+00,0.00000000e+00,0.00000000e+00,0.00000000e+00,0.00000000e+00,0.00000000e+00,0.00000000e+00,0.00000000e+00,0.00000000e+00,0.00000000e+00,0.00000000e+00,0.00000000e+00,2.40724406e-03
6.25000000e+00,4.39377783e-03,0.00000000e+00,0.00000000e+00,0.00000000e+00,0.00000000e+00,0.00000000e+00,0.00000000e+00,0.00000000e+00,0.00000000e+00,0.00000000e+00,0.00000000e+00,0.00000000e+00,0.00000000e+00,0.00000000e+00,0.00000000e+00,0.00000000e+00,0.00000000e+00,0.00000000e+00,0.00000000e+00,0.00000000e+00,0.00000000e+00,0.00000000e+00,0.00000000e+00,0.00000000e+00,2.42320043e-03
6.35000000e+00,4.35155063e-03,0.00000000e+00,0.00000000e+00,0.00000000e+00,0.00000000e+00,0.00000000e+00,0.00000000e+00,0.00000000e+00,0.00000000e+00,0.00000000e+00,0.00000000e+00,0.00000000e+00,0.00000000e+00,0.00000000e+00,0.00000000e+00,0.00000000e+00,0.00000000e+00,0.00000000e+00,0.00000000e+00,0.00000000e+00,0.00000000e+00,0.00000000e+00,0.00000000e+00,0.00000000e+00,2.42500052e-03
6.45000000e+00,4.38718478e-03,0.00000000e+00,0.00000000e+00,0.00000000e+00,0.00000000e+00,0.00000000e+00,0.00000000e+00,0.00000000e+00,0.00000000e+00,0.00000000e+00,0.00000000e+00,0.00000000e+00,0.00000000e+00,0.00000000e+00,0.00000000e+00,0.00000000e+00,0.00000000e+00,0.00000000e+00,0.00000000e+00,0.00000000e+00,0.00000000e+00,0.00000000e+00,0.00000000e+00,0.00000000e+00,2.44022568e-03
6.55000000e+00,4.35995938e-03,0.00000000e+00,0.00000000e+00,0.00000000e+00,0.00000000e+00,0.00000000e+00,0.00000000e+00,0.00000000e+00,0.00000000e+00,0.00000000e+00,0.00000000e+00,0.00000000e+00,0.00000000e+00,0.00000000e+00,0.00000000e+00,0.00000000e+00,0.00000000e+00,0.00000000e+00,0.00000000e+00,0.00000000e+00,0.00000000e+00,0.00000000e+00,0.00000000e+00,0.00000000e+00,2.45006464e-03
6.65000000e+00,4.37468579e-03,0.00000000e+00,0.00000000e+00,0.00000000e+00,0.00000000e+00,0.00000000e+00,0.00000000e+00,0.00000000e+00,0.00000000e+00,0.00000000e+00,0.00000000e+00,0.00000000e+00,0.00000000e+00,0.00000000e+00,0.00000000e+00,0.00000000e+00,0.00000000e+00,0.00000000e+00,0.00000000e+00,0.00000000e+00,0.00000000e+00,0.00000000e+00,0.00000000e+00,0.00000000e+00,2.44754301e-03
6.75000000e+00,4.29548360e-03,0.00000000e+00,0.00000000e+00,0.00000000e+00,0.00000000e+00,0.00000000e+00,0.00000000e+00,0.00000000e+00,0.00000000e+00,0.00000000e+00,0.00000000e+00,0.00000000e+00,0.00000000e+00,0.00000000e+00,0.00000000e+00,0.00000000e+00,0.00000000e+00,0.00000000e+00,0.00000000e+00,0.00000000e+00,0.00000000e+00,0.00000000e+00,0.00000000e+00,0.00000000e+00,2.45237381e-03
6.85000000e+00,4.28543548e-03,0.00000000e+00,0.00000000e+00,0.00000000e+00,0.00000000e+00,0.00000000e+00,0.00000000e+00,0.00000000e+00,0.00000000e+00,0.00000000e+00,0.00000000e+00,0.00000000e+00,0.00000000e+00,0.00000000e+00,0.00000000e+00,0.00000000e+00,0.00000000e+00,0.00000000e+00,0.00000000e+00,0.00000000e+00,0.00000000e+00,0.00000000e+00,0.00000000e+00,0.00000000e+00,2.42551435e-03
6.95000000e+00,4.18972724e-03,0.00000000e+00,0.00000000e+00,0.00000000e+00,0.00000000e+00,0.00000000e+00,0.00000000e+00,0.00000000e+00,0.00000000e+00,0.00000000e+00,0.00000000e+00,0.00000000e+00,0.00000000e+00,0.00000000e+00,0.00000000e+00,0.00000000e+00,0.00000000e+00,0.00000000e+00,0.00000000e+00,0.00000000e+00,0.00000000e+00,0.00000000e+00,0.00000000e+00,0.00000000e+00,2.40370884e-03
7.05000000e+00,4.15643224e-03,0.00000000e+00,0.00000000e+00,0.00000000e+00,0.00000000e+00,0.00000000e+00,0.00000000e+00,0.00000000e+00,0.00000000e+00,0.00000000e+00,0.00000000e+00,0.00000000e+00,0.00000000e+00,0.00000000e+00,0.00000000e+00,0.00000000e+00,0.00000000e+00,0.00000000e+00,0.00000000e+00,0.00000000e+00,0.00000000e+00,0.00000000e+00,0.00000000e+00,0.00000000e+00,2.41083323e-03
7.15000000e+00,4.08461422e-03,0.00000000e+00,0.00000000e+00,0.00000000e+00,0.00000000e+00,0.00000000e+00,0.00000000e+00,0.00000000e+00,0.00000000e+00,0.00000000e+00,0.00000000e+00,0.00000000e+00,0.00000000e+00,0.00000000e+00,0.00000000e+00,0.00000000e+00,0.00000000e+00,0.00000000e+00,0.00000000e+00,0.00000000e+00,0.00000000e+00,0.00000000e+00,0.00000000e+00,0.00000000e+00,2.37730297e-03
7.25000000e+00,4.02843756e-03,0.00000000e+00,0.00000000e+00,0.00000000e+00,0.00000000e+00,0.00000000e+00,0.00000000e+00,0.00000000e+00,0.00000000e+00,0.00000000e+00,0.00000000e+00,0.00000000e+00,0.00000000e+00,0.00000000e+00,0.00000000e+00,0.00000000e+00,0.00000000e+00,0.00000000e+00,0.00000000e+00,0.00000000e+00,0.00000000e+00,0.00000000e+00,0.00000000e+00,0.00000000e+00,2.38116413e-03
7.35000000e+00,3.99844728e-03,0.00000000e+00,0.00000000e+00,0.00000000e+00,0.00000000e+00,0.00000000e+00,0.00000000e+00,0.00000000e+00,0.00000000e+00,0.00000000e+00,0.00000000e+00,0.00000000e+00,0.00000000e+00,0.00000000e+00,0.00000000e+00,0.00000000e+00,0.00000000e+00,0.00000000e+00,0.00000000e+00,0.00000000e+00,0.00000000e+00,0.00000000e+00,0.00000000e+00,0.00000000e+00,2.38509138e-03
7.45000000e+00,4.03292652e-03,0.00000000e+00,0.00000000e+00,0.00000000e+00,0.00000000e+00,0.00000000e+00,0.00000000e+00,0.00000000e+00,0.00000000e+00,0.00000000e+00,0.00000000e+00,0.00000000e+00,0.00000000e+00,0.00000000e+00,0.00000000e+00,0.00000000e+00,0.00000000e+00,0.00000000e+00,0.00000000e+00,0.00000000e+00,0.00000000e+00,0.00000000e+00,0.00000000e+00,0.00000000e+00,2.39940118e-03
7.55000000e+00,4.00949492e-03,0.00000000e+00,0.00000000e+00,0.00000000e+00,0.00000000e+00,0.00000000e+00,0.00000000e+00,0.00000000e+00,0.00000000e+00,0.00000000e+00,0.00000000e+00,0.00000000e+00,0.00000000e+00,0.00000000e+00,0.00000000e+00,0.00000000e+00,0.00000000e+00,0.00000000e+00,0.00000000e+00,0.00000000e+00,0.00000000e+00,0.00000000e+00,0.00000000e+00,0.00000000e+00,2.38798421e-03
7.65000000e+00,4.02136037e-03,0.00000000e+00,0.00000000e+00,0.00000000e+00,0.00000000e+00,0.00000000e+00,0.00000000e+00,0.00000000e+00,0.00000000e+00,0.00000000e+00,0.00000000e+00,0.00000000e+00,0.00000000e+00,0.00000000e+00,0.00000000e+00,0.00000000e+00,0.00000000e+00,0.00000000e+00,0.00000000e+00,0.00000000e+00,0.00000000e+00,0.00000000e+00,0.00000000e+00,0.00000000e+00,2.39663368e-03
7.75000000e+00,4.03245689e-03,0.00000000e+00,0.00000000e+00,0.00000000e+00,0.00000000e+00,0.00000000e+00,0.00000000e+00,0.00000000e+00,0.00000000e+00,0.00000000e+00,0.00000000e+00,0.00000000e+00,0.00000000e+00,0.00000000e+00,0.00000000e+00,0.00000000e+00,0.00000000e+00,0.00000000e+00,0.00000000e+00,0.00000000e+00,0.00000000e+00,0.00000000e+00,0.00000000e+00,0.00000000e+00,2.41015562e-03
7.85000000e+00,3.98555495e-03,0.00000000e+00,0.00000000e+00,0.00000000e+00,0.00000000e+00,0.00000000e+00,0.00000000e+00,0.00000000e+00,0.00000000e+00,0.00000000e+00,0.00000000e+00,0.00000000e+00,0.00000000e+00,0.00000000e+00,0.00000000e+00,0.00000000e+00,0.00000000e+00,0.00000000e+00,0.00000000e+00,0.00000000e+00,0.00000000e+00,0.00000000e+00,0.00000000e+00,0.00000000e+00,2.40421808e-03
7.95000000e+00,3.94376056e-03,0.00000000e+00,0.00000000e+00,0.00000000e+00,0.00000000e+00,0.00000000e+00,0.00000000e+00,0.00000000e+00,0.00000000e+00,0.00000000e+00,0.00000000e+00,0.00000000e+00,0.00000000e+00,0.00000000e+00,0.00000000e+00,0.00000000e+00,0.00000000e+00,0.00000000e+00,0.00000000e+00,0.00000000e+00,0.00000000e+00,0.00000000e+00,0.00000000e+00,0.00000000e+00,2.38160887e-03
8.05000000e+00,3.92610783e-03,0.00000000e+00,0.00000000e+00,0.00000000e+00,0.00000000e+00,0.00000000e+00,0.00000000e+00,0.00000000e+00,0.00000000e+00,0.00000000e+00,0.00000000e+00,0.00000000e+00,0.00000000e+00,0.00000000e+00,0.00000000e+00,0.00000000e+00,0.00000000e+00,0.00000000e+00,0.00000000e+00,0.00000000e+00,0.00000000e+00,0.00000000e+00,0.00000000e+00,0.00000000e+00,2.36264892e-03
8.15000000e+00,3.92105753e-03,0.00000000e+00,0.00000000e+00,0.00000000e+00,0.00000000e+00,0.00000000e+00,0.00000000e+00,0.00000000e+00,0.00000000e+00,0.00000000e+00,0.00000000e+00,0.00000000e+00,0.00000000e+00,0.00000000e+00,0.00000000e+00,0.00000000e+00,0.00000000e+00,0.00000000e+00,0.00000000e+00,0.00000000e+00,0.00000000e+00,0.00000000e+00,0.00000000e+00,0.00000000e+00,2.36792043e-03
8.25000000e+00,3.89573000e-03,0.00000000e+00,0.00000000e+00,0.00000000e+00,0.00000000e+00,0.00000000e+00,0.00000000e+00,0.00000000e+00,0.00000000e+00,0.00000000e+00,0.00000000e+00,0.00000000e+00,0.00000000e+00,0.00000000e+00,0.00000000e+00,0.00000000e+00,0.00000000e+00,0.00000000e+00,0.00000000e+00,0.00000000e+00,0.00000000e+00,0.00000000e+00,0.00000000e+00,0.00000000e+00,2.37587790e-03
8.35000000e+00,3.91492721e-03,0.00000000e+00,0.00000000e+00,0.00000000e+00,0.00000000e+00,0.00000000e+00,0.00000000e+00,0.00000000e+00,0.00000000e+00,0.00000000e+00,0.00000000e+00,0.00000000e+00,0.00000000e+00,0.00000000e+00,0.00000000e+00,0.00000000e+00,0.00000000e+00,0.00000000e+00,0.00000000e+00,0.00000000e+00,0.00000000e+00,0.00000000e+00,0.00000000e+00,0.00000000e+00,2.36494906e-03
8.45000000e+00,3.76611091e-03,0.00000000e+00,0.00000000e+00,0.00000000e+00,0.00000000e+00,0.00000000e+00,0.00000000e+00,0.00000000e+00,0.00000000e+00,0.00000000e+00,0.00000000e+00,0.00000000e+00,0.00000000e+00,0.00000000e+00,0.00000000e+00,0.00000000e+00,0.00000000e+00,0.00000000e+00,0.00000000e+00,0.00000000e+00,0.00000000e+00,0.00000000e+00,0.00000000e+00,0.00000000e+00,2.35826719e-03
8.55000000e+00,3.85943064e-03,0.00000000e+00,0.00000000e+00,0.00000000e+00,0.00000000e+00,0.00000000e+00,0.00000000e+00,0.00000000e+00,0.00000000e+00,0.00000000e+00,0.00000000e+00,0.00000000e+00,0.00000000e+00,0.00000000e+00,0.00000000e+00,0.00000000e+00,0.00000000e+00,0.00000000e+00,0.00000000e+00,0.00000000e+00,0.00000000e+00,0.00000000e+00,0.00000000e+00,0.00000000e+00,2.36926217e-03
8.65000000e+00,3.71699071e-03,0.00000000e+00,0.00000000e+00,0.00000000e+00,0.00000000e+00,0.00000000e+00,0.00000000e+00,0.00000000e+00,0.00000000e+00,0.00000000e+00,0.00000000e+00,0.00000000e+00,0.00000000e+00,0.00000000e+00,0.00000000e+00,0.00000000e+00,0.00000000e+00,0.00000000e+00,0.00000000e+00,0.00000000e+00,0.00000000e+00,0.00000000e+00,0.00000000e+00,0.00000000e+00,2.35032778e-03
8.75000000e+00,3.68693531e-03,0.00000000e+00,0.00000000e+00,0.00000000e+00,0.00000000e+00,0.00000000e+00,0.00000000e+00,0.00000000e+00,0.00000000e+00,0.00000000e+00,0.00000000e+00,0.00000000e+00,0.00000000e+00,0.00000000e+00,0.00000000e+00,0.00000000e+00,0.00000000e+00,0.00000000e+00,0.00000000e+00,0.00000000e+00,0.00000000e+00,0.00000000e+00,0.00000000e+00,0.00000000e+00,2.33489844e-03
8.85000000e+00,3.67461616e-03,0.00000000e+00,0.00000000e+00,0.00000000e+00,0.00000000e+00,0.00000000e+00,0.00000000e+00,0.00000000e+00,0.00000000e+00,0.00000000e+00,0.00000000e+00,0.00000000e+00,0.00000000e+00,0.00000000e+00,0.00000000e+00,0.00000000e+00,0.00000000e+00,0.00000000e+00,0.00000000e+00,0.00000000e+00,0.00000000e+00,0.00000000e+00,0.00000000e+00,0.00000000e+00,2.35686572e-03
8.95000000e+00,3.62788521e-03,0.00000000e+00,0.00000000e+00,0.00000000e+00,0.00000000e+00,0.00000000e+00,0.00000000e+00,0.00000000e+00,0.00000000e+00,0.00000000e+00,0.00000000e+00,0.00000000e+00,0.00000000e+00,0.00000000e+00,0.00000000e+00,0.00000000e+00,0.00000000e+00,0.00000000e+00,0.00000000e+00,0.00000000e+00,0.00000000e+00,0.00000000e+00,0.00000000e+00,0.00000000e+00,2.33988928e-03
9.05000000e+00,3.57801510e-03,0.00000000e+00,0.00000000e+00,0.00000000e+00,0.00000000e+00,0.00000000e+00,0.00000000e+00,0.00000000e+00,0.00000000e+00,0.00000000e+00,0.00000000e+00,0.00000000e+00,0.00000000e+00,0.00000000e+00,0.00000000e+00,0.00000000e+00,0.00000000e+00,0.00000000e+00,0.00000000e+00,0.00000000e+00,0.00000000e+00,0.00000000e+00,0.00000000e+00,0.00000000e+00,2.33740161e-03
9.15000000e+00,3.55068271e-03,0.00000000e+00,0.00000000e+00,0.00000000e+00,0.00000000e+00,0.00000000e+00,0.00000000e+00,0.00000000e+00,0.00000000e+00,0.00000000e+00,0.00000000e+00,0.00000000e+00,0.00000000e+00,0.00000000e+00,0.00000000e+00,0.00000000e+00,0.00000000e+00,0.00000000e+00,0.00000000e+00,0.00000000e+00,0.00000000e+00,0.00000000e+00,0.00000000e+00,0.00000000e+00,2.33448836e-03
9.25000000e+00,3.52213195e-03,0.00000000e+00,0.00000000e+00,0.00000000e+00,0.00000000e+00,0.00000000e+00,0.00000000e+00,0.00000000e+00,0.00000000e+00,0.00000000e+00,0.00000000e+00,0.00000000e+00,0.00000000e+00,0.00000000e+00,0.00000000e+00,0.00000000e+00,0.00000000e+00,0.00000000e+00,0.00000000e+00,0.00000000e+00,0.00000000e+00,0.00000000e+00,0.00000000e+00,0.00000000e+00,2.33594029e-03
9.35000000e+00,3.48706741e-03,0.00000000e+00,0.00000000e+00,0.00000000e+00,0.00000000e+00,0.00000000e+00,0.00000000e+00,0.00000000e+00,0.00000000e+00,0.00000000e+00,0.00000000e+00,0.00000000e+00,0.00000000e+00,0.00000000e+00,0.00000000e+00,0.00000000e+00,0.00000000e+00,0.00000000e+00,0.00000000e+00,0.00000000e+00,0.00000000e+00,0.00000000e+00,0.00000000e+00,0.00000000e+00,2.35188275e-03
9.45000000e+00,3.45140663e-03,0.00000000e+00,0.00000000e+00,0.00000000e+00,0.00000000e+00,0.00000000e+00,0.00000000e+00,0.00000000e+00,0.00000000e+00,0.00000000e+00,0.00000000e+00,0.00000000e+00,0.00000000e+00,0.00000000e+00,0.00000000e+00,0.00000000e+00,0.00000000e+00,0.00000000e+00,0.00000000e+00,0.00000000e+00,0.00000000e+00,0.00000000e+00,0.00000000e+00,0.00000000e+00,2.35601482e-03
9.55000000e+00,3.43766855e-03,0.00000000e+00,0.00000000e+00,0.00000000e+00,0.00000000e+00,0.00000000e+00,0.00000000e+00,0.00000000e+00,0.00000000e+00,0.00000000e+00,0.00000000e+00,0.00000000e+00,0.00000000e+00,0.00000000e+00,0.00000000e+00,0.00000000e+00,0.00000000e+00,0.00000000e+00,0.00000000e+00,0.00000000e+00,0.00000000e+00,0.00000000e+00,0.00000000e+00,0.00000000e+00,2.34324429e-03
9.65000000e+00,3.40311305e-03,0.00000000e+00,0.00000000e+00,0.00000000e+00,0.00000000e+00,0.00000000e+00,0.00000000e+00,0.00000000e+00,0.00000000e+00,0.00000000e+00,0.00000000e+00,0.00000000e+00,0.00000000e+00,0.00000000e+00,0.00000000e+00,0.00000000e+00,0.00000000e+00,0.00000000e+00,0.00000000e+00,0.00000000e+00,0.00000000e+00,0.00000000e+00,0.00000000e+00,0.00000000e+00,2.32336014e-03
9.75000000e+00,3.38021954e-03,0.00000000e+00,0.00000000e+00,0.00000000e+00,0.00000000e+00,0.00000000e+00,0.00000000e+00,0.00000000e+00,0.00000000e+00,0.00000000e+00,0.00000000e+00,0.00000000e+00,0.00000000e+00,0.00000000e+00,0.00000000e+00,0.00000000e+00,0.00000000e+00,0.00000000e+00,0.00000000e+00,0.00000000e+00,0.00000000e+00,0.00000000e+00,0.00000000e+00,0.00000000e+00,2.33839606e-03
9.85000000e+00,3.32216179e-03,0.00000000e+00,0.00000000e+00,0.00000000e+00,0.00000000e+00,0.00000000e+00,0.00000000e+00,0.00000000e+00,0.00000000e+00,0.00000000e+00,0.00000000e+00,0.00000000e+00,0.00000000e+00,0.00000000e+00,0.00000000e+00,0.00000000e+00,0.00000000e+00,0.00000000e+00,0.00000000e+00,0.00000000e+00,0.00000000e+00,0.00000000e+00,0.00000000e+00,0.00000000e+00,2.34226617e-03
9.95000000e+00,3.27936892e-03,0.00000000e+00,0.00000000e+00,0.00000000e+00,0.00000000e+00,0.00000000e+00,0.00000000e+00,0.00000000e+00,0.00000000e+00,0.00000000e+00,0.00000000e+00,0.00000000e+00,0.00000000e+00,0.00000000e+00,0.00000000e+00,0.00000000e+00,0.00000000e+00,0.00000000e+00,0.00000000e+00,0.00000000e+00,0.00000000e+00,0.00000000e+00,0.00000000e+00,0.00000000e+00,2.34717758e-03
1.00500000e+01,3.30830202e-03,0.00000000e+00,0.00000000e+00,0.00000000e+00,0.00000000e+00,0.00000000e+00,0.00000000e+00,0.00000000e+00,0.00000000e+00,0.00000000e+00,0.00000000e+00,0.00000000e+00,0.00000000e+00,0.00000000e+00,0.00000000e+00,0.00000000e+00,0.00000000e+00,0.00000000e+00,0.00000000e+00,0.00000000e+00,0.00000000e+00,0.00000000e+00,0.00000000e+00,0.00000000e+00,2.33318058e-03
1.01500000e+01,3.28645000e-03,0.00000000e+00,0.00000000e+00,0.00000000e+00,0.00000000e+00,0.00000000e+00,0.00000000e+00,0.00000000e+00,0.00000000e+00,0.00000000e+00,0.00000000e+00,0.00000000e+00,0.00000000e+00,0.00000000e+00,0.00000000e+00,0.00000000e+00,0.00000000e+00,0.00000000e+00,0.00000000e+00,0.00000000e+00,0.00000000e+00,0.00000000e+00,0.00000000e+00,0.00000000e+00,2.34316136e-03
1.02500000e+01,3.35077648e-03,0.00000000e+00,0.00000000e+00,0.00000000e+00,0.00000000e+00,0.00000000e+00,0.00000000e+00,0.00000000e+00,0.00000000e+00,0.00000000e+00,0.00000000e+00,0.00000000e+00,0.00000000e+00,0.00000000e+00,0.00000000e+00,0.00000000e+00,0.00000000e+00,0.00000000e+00,0.00000000e+00,0.00000000e+00,0.00000000e+00,0.00000000e+00,0.00000000e+00,0.00000000e+00,2.34726523e-03
1.03500000e+01,3.17644761e-03,0.00000000e+00,0.00000000e+00,0.00000000e+00,0.00000000e+00,0.00000000e+00,0.00000000e+00,0.00000000e+00,0.00000000e+00,0.00000000e+00,0.00000000e+00,0.00000000e+00,0.00000000e+00,0.00000000e+00,0.00000000e+00,0.00000000e+00,0.00000000e+00,0.00000000e+00,0.00000000e+00,0.00000000e+00,0.00000000e+00,0.00000000e+00,0.00000000e+00,0.00000000e+00,2.33713655e-03
1.04500000e+01,3.12126379e-03,0.00000000e+00,0.00000000e+00,0.00000000e+00,0.00000000e+00,0.00000000e+00,0.00000000e+00,0.00000000e+00,0.00000000e+00,0.00000000e+00,0.00000000e+00,0.00000000e+00,0.00000000e+00,0.00000000e+00,0.00000000e+00,0.00000000e+00,0.00000000e+00,0.00000000e+00,0.00000000e+00,0.00000000e+00,0.00000000e+00,0.00000000e+00,0.00000000e+00,0.00000000e+00,2.33899543e-03
1.05500000e+01,3.09214196e-03,0.00000000e+00,0.00000000e+00,0.00000000e+00,0.00000000e+00,0.00000000e+00,0.00000000e+00,0.00000000e+00,0.00000000e+00,0.00000000e+00,0.00000000e+00,0.00000000e+00,0.00000000e+00,0.00000000e+00,0.00000000e+00,0.00000000e+00,0.00000000e+00,0.00000000e+00,0.00000000e+00,0.00000000e+00,0.00000000e+00,0.00000000e+00,0.00000000e+00,0.00000000e+00,2.32245521e-03
1.06500000e+01,3.07533819e-03,0.00000000e+00,0.00000000e+00,0.00000000e+00,0.00000000e+00,0.00000000e+00,0.00000000e+00,0.00000000e+00,0.00000000e+00,0.00000000e+00,0.00000000e+00,0.00000000e+00,0.00000000e+00,0.00000000e+00,0.00000000e+00,0.00000000e+00,0.00000000e+00,0.00000000e+00,0.00000000e+00,0.00000000e+00,0.00000000e+00,0.00000000e+00,0.00000000e+00,0.00000000e+00,2.30548775e-03
1.07500000e+01,3.04140199e-03,0.00000000e+00,0.00000000e+00,0.00000000e+00,0.00000000e+00,0.00000000e+00,0.00000000e+00,0.00000000e+00,0.00000000e+00,0.00000000e+00,0.00000000e+00,0.00000000e+00,0.00000000e+00,0.00000000e+00,0.00000000e+00,0.00000000e+00,0.00000000e+00,0.00000000e+00,0.00000000e+00,0.00000000e+00,0.00000000e+00,0.00000000e+00,0.00000000e+00,0.00000000e+00,2.30792741e-03
1.08500000e+01,3.03733393e-03,0.00000000e+00,0.00000000e+00,0.00000000e+00,0.00000000e+00,0.00000000e+00,0.00000000e+00,0.00000000e+00,0.00000000e+00,0.00000000e+00,0.00000000e+00,0.00000000e+00,0.00000000e+00,0.00000000e+00,0.00000000e+00,0.00000000e+00,0.00000000e+00,0.00000000e+00,0.00000000e+00,0.00000000e+00,0.00000000e+00,0.00000000e+00,0.00000000e+00,0.00000000e+00,2.31566322e-03
1.09500000e+01,3.00274922e-03,0.00000000e+00,0.00000000e+00,0.00000000e+00,0.00000000e+00,0.00000000e+00,0.00000000e+00,0.00000000e+00,0.00000000e+00,0.00000000e+00,0.00000000e+00,0.00000000e+00,0.00000000e+00,0.00000000e+00,0.00000000e+00,0.00000000e+00,0.00000000e+00,0.00000000e+00,0.00000000e+00,0.00000000e+00,0.00000000e+00,0.00000000e+00,0.00000000e+00,0.00000000e+00,2.33379092e-03
1.10500000e+01,2.99817379e-03,0.00000000e+00,0.00000000e+00,0.00000000e+00,0.00000000e+00,0.00000000e+00,0.00000000e+00,0.00000000e+00,0.00000000e+00,0.00000000e+00,0.00000000e+00,0.00000000e+00,0.00000000e+00,0.00000000e+00,0.00000000e+00,0.00000000e+00,0.00000000e+00,0.00000000e+00,0.00000000e+00,0.00000000e+00,0.00000000e+00,0.00000000e+00,0.00000000e+00,0.00000000e+00,2.31245848e-03
1.11500000e+01,2.98852244e-03,0.00000000e+00,0.00000000e+00,0.00000000e+00,0.00000000e+00,0.00000000e+00,0.00000000e+00,0.00000000e+00,0.00000000e+00,0.00000000e+00,0.00000000e+00,0.00000000e+00,0.00000000e+00,0.00000000e+00,0.00000000e+00,0.00000000e+00,0.00000000e+00,0.00000000e+00,0.00000000e+00,0.00000000e+00,0.00000000e+00,0.00000000e+00,0.00000000e+00,0.00000000e+00,2.31754835e-03
1.12500000e+01,2.97595048e-03,0.00000000e+00,0.00000000e+00,0.00000000e+00,0.00000000e+00,0.00000000e+00,0.00000000e+00,0.00000000e+00,0.00000000e+00,0.00000000e+00,0.00000000e+00,0.00000000e+00,0.00000000e+00,0.00000000e+00,0.00000000e+00,0.00000000e+00,0.00000000e+00,0.00000000e+00,0.00000000e+00,0.00000000e+00,0.00000000e+00,0.00000000e+00,0.00000000e+00,0.00000000e+00,2.30921693e-03
1.13500000e+01,2.99224911e-03,0.00000000e+00,0.00000000e+00,0.00000000e+00,0.00000000e+00,0.00000000e+00,0.00000000e+00,0.00000000e+00,0.00000000e+00,0.00000000e+00,0.00000000e+00,0.00000000e+00,0.00000000e+00,0.00000000e+00,0.00000000e+00,0.00000000e+00,0.00000000e+00,0.00000000e+00,0.00000000e+00,0.00000000e+00,0.00000000e+00,0.00000000e+00,0.00000000e+00,0.00000000e+00,2.31835900e-03
1.14500000e+01,2.97284181e-03,0.00000000e+00,0.00000000e+00,0.00000000e+00,0.00000000e+00,0.00000000e+00,0.00000000e+00,0.00000000e+00,0.00000000e+00,0.00000000e+00,0.00000000e+00,0.00000000e+00,0.00000000e+00,0.00000000e+00,0.00000000e+00,0.00000000e+00,0.00000000e+00,0.00000000e+00,0.00000000e+00,0.00000000e+00,0.00000000e+00,0.00000000e+00,0.00000000e+00,0.00000000e+00,2.32145117e-03
1.15500000e+01,2.90586709e-03,0.00000000e+00,0.00000000e+00,0.00000000e+00,0.00000000e+00,0.00000000e+00,0.00000000e+00,0.00000000e+00,0.00000000e+00,0.00000000e+00,0.00000000e+00,0.00000000e+00,0.00000000e+00,0.00000000e+00,0.00000000e+00,0.00000000e+00,0.00000000e+00,0.00000000e+00,0.00000000e+00,0.00000000e+00,0.00000000e+00,0.00000000e+00,0.00000000e+00,0.00000000e+00,2.30096545e-03
1.16500000e+01,2.83746844e-03,0.00000000e+00,0.00000000e+00,0.00000000e+00,0.00000000e+00,0.00000000e+00,0.00000000e+00,0.00000000e+00,0.00000000e+00,0.00000000e+00,0.00000000e+00,0.00000000e+00,0.00000000e+00,0.00000000e+00,0.00000000e+00,0.00000000e+00,0.00000000e+00,0.00000000e+00,0.00000000e+00,0.00000000e+00,0.00000000e+00,0.00000000e+00,0.00000000e+00,0.00000000e+00,2.28830339e-03
1.17500000e+01,2.81117102e-03,0.00000000e+00,0.00000000e+00,0.00000000e+00,0.00000000e+00,0.00000000e+00,0.00000000e+00,0.00000000e+00,0.00000000e+00,0.00000000e+00,0.00000000e+00,0.00000000e+00,0.00000000e+00,0.00000000e+00,0.00000000e+00,0.00000000e+00,0.00000000e+00,0.00000000e+00,0.00000000e+00,0.00000000e+00,0.00000000e+00,0.00000000e+00,0.00000000e+00,0.00000000e+00,2.29446272e-03
1.18500000e+01,2.80204082e-03,0.00000000e+00,0.00000000e+00,0.00000000e+00,0.00000000e+00,0.00000000e+00,0.00000000e+00,0.00000000e+00,0.00000000e+00,0.00000000e+00,0.00000000e+00,0.00000000e+00,0.00000000e+00,0.00000000e+00,0.00000000e+00,0.00000000e+00,0.00000000e+00,0.00000000e+00,0.00000000e+00,0.00000000e+00,0.00000000e+00,0.00000000e+00,0.00000000e+00,0.00000000e+00,2.30290637e-03
1.19500000e+01,2.76957024e-03,0.00000000e+00,0.00000000e+00,0.00000000e+00,0.00000000e+00,0.00000000e+00,0.00000000e+00,0.00000000e+00,0.00000000e+00,0.00000000e+00,0.00000000e+00,0.00000000e+00,0.00000000e+00,0.00000000e+00,0.00000000e+00,0.00000000e+00,0.00000000e+00,0.00000000e+00,0.00000000e+00,0.00000000e+00,0.00000000e+00,0.00000000e+00,0.00000000e+00,0.00000000e+00,2.30850658e-03
1.20500000e+01,2.75791263e-03,0.00000000e+00,0.00000000e+00,0.00000000e+00,0.00000000e+00,0.00000000e+00,0.00000000e+00,0.00000000e+00,0.00000000e+00,0.00000000e+00,0.00000000e+00,0.00000000e+00,0.00000000e+00,0.00000000e+00,0.00000000e+00,0.00000000e+00,0.00000000e+00,0.00000000e+00,0.00000000e+00,0.00000000e+00,0.00000000e+00,0.00000000e+00,0.00000000e+00,0.00000000e+00,2.29275938e-03
1.21500000e+01,2.75386266e-03,0.00000000e+00,0.00000000e+00,0.00000000e+00,0.00000000e+00,0.00000000e+00,0.00000000e+00,0.00000000e+00,0.00000000e+00,0.00000000e+00,0.00000000e+00,0.00000000e+00,0.00000000e+00,0.00000000e+00,0.00000000e+00,0.00000000e+00,0.00000000e+00,0.00000000e+00,0.00000000e+00,0.00000000e+00,0.00000000e+00,0.00000000e+00,0.00000000e+00,0.00000000e+00,2.29914369e-03
1.22500000e+01,2.75433189e-03,0.00000000e+00,0.00000000e+00,0.00000000e+00,0.00000000e+00,0.00000000e+00,0.00000000e+00,0.00000000e+00,0.00000000e+00,0.00000000e+00,0.00000000e+00,0.00000000e+00,0.00000000e+00,0.00000000e+00,0.00000000e+00,0.00000000e+00,0.00000000e+00,0.00000000e+00,0.00000000e+00,0.00000000e+00,0.00000000e+00,0.00000000e+00,0.00000000e+00,0.00000000e+00,2.26614606e-03
1.23500000e+01,2.75755968e-03,0.00000000e+00,0.00000000e+00,0.00000000e+00,0.00000000e+00,0.00000000e+00,0.00000000e+00,0.00000000e+00,0.00000000e+00,0.00000000e+00,0.00000000e+00,0.00000000e+00,0.00000000e+00,0.00000000e+00,0.00000000e+00,0.00000000e+00,0.00000000e+00,0.00000000e+00,0.00000000e+00,0.00000000e+00,0.00000000e+00,0.00000000e+00,0.00000000e+00,0.00000000e+00,2.24599406e-03
1.24500000e+01,2.74393384e-03,0.00000000e+00,0.00000000e+00,0.00000000e+00,0.00000000e+00,0.00000000e+00,0.00000000e+00,0.00000000e+00,0.00000000e+00,0.00000000e+00,0.00000000e+00,0.00000000e+00,0.00000000e+00,0.00000000e+00,0.00000000e+00,0.00000000e+00,0.00000000e+00,0.00000000e+00,0.00000000e+00,0.00000000e+00,0.00000000e+00,0.00000000e+00,0.00000000e+00,0.00000000e+00,2.23274978e-03
1.25500000e+01,2.73899305e-03,0.00000000e+00,0.00000000e+00,0.00000000e+00,0.00000000e+00,0.00000000e+00,0.00000000e+00,0.00000000e+00,0.00000000e+00,0.00000000e+00,0.00000000e+00,0.00000000e+00,0.00000000e+00,0.00000000e+00,0.00000000e+00,0.00000000e+00,0.00000000e+00,0.00000000e+00,0.00000000e+00,0.00000000e+00,0.00000000e+00,0.00000000e+00,0.00000000e+00,0.00000000e+00,2.23519772e-03
1.26500000e+01,2.68744234e-03,0.00000000e+00,0.00000000e+00,0.00000000e+00,0.00000000e+00,0.00000000e+00,0.00000000e+00,0.00000000e+00,0.00000000e+00,0.00000000e+00,0.00000000e+00,0.00000000e+00,0.00000000e+00,0.00000000e+00,0.00000000e+00,0.00000000e+00,0.00000000e+00,0.00000000e+00,0.00000000e+00,0.00000000e+00,0.00000000e+00,0.00000000e+00,0.00000000e+00,0.00000000e+00,2.23313471e-03
1.27500000e+01,2.66179651e-03,0.00000000e+00,0.00000000e+00,0.00000000e+00,0.00000000e+00,0.00000000e+00,0.00000000e+00,0.00000000e+00,0.00000000e+00,0.00000000e+00,0.00000000e+00,0.00000000e+00,0.00000000e+00,0.00000000e+00,0.00000000e+00,0.00000000e+00,0.00000000e+00,0.00000000e+00,0.00000000e+00,0.00000000e+00,0.00000000e+00,0.00000000e+00,0.00000000e+00,0.00000000e+00,2.23148173e-03
1.28500000e+01,2.64301089e-03,0.00000000e+00,0.00000000e+00,0.00000000e+00,0.00000000e+00,0.00000000e+00,0.00000000e+00,0.00000000e+00,0.00000000e+00,0.00000000e+00,0.00000000e+00,0.00000000e+00,0.00000000e+00,0.00000000e+00,0.00000000e+00,0.00000000e+00,0.00000000e+00,0.00000000e+00,0.00000000e+00,0.00000000e+00,0.00000000e+00,0.00000000e+00,0.00000000e+00,0.00000000e+00,2.22081966e-03
1.29500000e+01,2.61204134e-03,0.00000000e+00,0.00000000e+00,0.00000000e+00,0.00000000e+00,0.00000000e+00,0.00000000e+00,0.00000000e+00,0.00000000e+00,0.00000000e+00,0.00000000e+00,0.00000000e+00,0.00000000e+00,0.00000000e+00,0.00000000e+00,0.00000000e+00,0.00000000e+00,0.00000000e+00,0.00000000e+00,0.00000000e+00,0.00000000e+00,0.00000000e+00,0.00000000e+00,0.00000000e+00,2.22728686e-03
1.30500000e+01,2.60934546e-03,0.00000000e+00,0.00000000e+00,0.00000000e+00,0.00000000e+00,0.00000000e+00,0.00000000e+00,0.00000000e+00,0.00000000e+00,0.00000000e+00,0.00000000e+00,0.00000000e+00,0.00000000e+00,0.00000000e+00,0.00000000e+00,0.00000000e+00,0.00000000e+00,0.00000000e+00,0.00000000e+00,0.00000000e+00,0.00000000e+00,0.00000000e+00,0.00000000e+00,0.00000000e+00,2.23107877e-03
1.31500000e+01,2.59008444e-03,0.00000000e+00,0.00000000e+00,0.00000000e+00,0.00000000e+00,0.00000000e+00,0.00000000e+00,0.00000000e+00,0.00000000e+00,0.00000000e+00,0.00000000e+00,0.00000000e+00,0.00000000e+00,0.00000000e+00,0.00000000e+00,0.00000000e+00,0.00000000e+00,0.00000000e+00,0.00000000e+00,0.00000000e+00,0.00000000e+00,0.00000000e+00,0.00000000e+00,0.00000000e+00,2.25398927e-03
1.32500000e+01,2.55910701e-03,0.00000000e+00,0.00000000e+00,0.00000000e+00,0.00000000e+00,0.00000000e+00,0.00000000e+00,0.00000000e+00,0.00000000e+00,0.00000000e+00,0.00000000e+00,0.00000000e+00,0.00000000e+00,0.00000000e+00,0.00000000e+00,0.00000000e+00,0.00000000e+00,0.00000000e+00,0.00000000e+00,0.00000000e+00,0.00000000e+00,0.00000000e+00,0.00000000e+00,0.00000000e+00,2.23618045e-03
1.33500000e+01,2.53642204e-03,0.00000000e+00,0.00000000e+00,0.00000000e+00,0.00000000e+00,0.00000000e+00,0.00000000e+00,0.00000000e+00,0.00000000e+00,0.00000000e+00,0.00000000e+00,0.00000000e+00,0.00000000e+00,0.00000000e+00,0.00000000e+00,0.00000000e+00,0.00000000e+00,0.00000000e+00,0.00000000e+00,0.00000000e+00,0.00000000e+00,0.00000000e+00,0.00000000e+00,0.00000000e+00,2.25376451e-03
1.34500000e+01,2.50391291e-03,0.00000000e+00,0.00000000e+00,0.00000000e+00,0.00000000e+00,0.00000000e+00,0.00000000e+00,0.00000000e+00,0.00000000e+00,0.00000000e+00,0.00000000e+00,0.00000000e+00,0.00000000e+00,0.00000000e+00,0.00000000e+00,0.00000000e+00,0.00000000e+00,0.00000000e+00,0.00000000e+00,0.00000000e+00,0.00000000e+00,0.00000000e+00,0.00000000e+00,0.00000000e+00,2.22990926e-03
1.35500000e+01,2.46867008e-03,0.00000000e+00,0.00000000e+00,0.00000000e+00,0.00000000e+00,0.00000000e+00,0.00000000e+00,0.00000000e+00,0.00000000e+00,0.00000000e+00,0.00000000e+00,0.00000000e+00,0.00000000e+00,0.00000000e+00,0.00000000e+00,0.00000000e+00,0.00000000e+00,0.00000000e+00,0.00000000e+00,0.00000000e+00,0.00000000e+00,0.00000000e+00,0.00000000e+00,0.00000000e+00,2.22202905e-03
1.36500000e+01,2.43918151e-03,0.00000000e+00,0.00000000e+00,0.00000000e+00,0.00000000e+00,0.00000000e+00,0.00000000e+00,0.00000000e+00,0.00000000e+00,0.00000000e+00,0.00000000e+00,0.00000000e+00,0.00000000e+00,0.00000000e+00,0.00000000e+00,0.00000000e+00,0.00000000e+00,0.00000000e+00,0.00000000e+00,0.00000000e+00,0.00000000e+00,0.00000000e+00,0.00000000e+00,0.00000000e+00,2.23220140e-03
1.37500000e+01,2.41529966e-03,0.00000000e+00,0.00000000e+00,0.00000000e+00,0.00000000e+00,0.00000000e+00,0.00000000e+00,0.00000000e+00,0.00000000e+00,0.00000000e+00,0.00000000e+00,0.00000000e+00,0.00000000e+00,0.00000000e+00,0.00000000e+00,0.00000000e+00,0.00000000e+00,0.00000000e+00,0.00000000e+00,0.00000000e+00,0.00000000e+00,0.00000000e+00,0.00000000e+00,0.00000000e+00,2.22517136e-03
1.38500000e+01,2.37974511e-03,0.00000000e+00,0.00000000e+00,0.00000000e+00,0.00000000e+00,0.00000000e+00,0.00000000e+00,0.00000000e+00,0.00000000e+00,0.00000000e+00,0.00000000e+00,0.00000000e+00,0.00000000e+00,0.00000000e+00,0.00000000e+00,0.00000000e+00,0.00000000e+00,0.00000000e+00,0.00000000e+00,0.00000000e+00,0.00000000e+00,0.00000000e+00,0.00000000e+00,0.00000000e+00,2.21591968e-03
1.39500000e+01,2.38098643e-03,0.00000000e+00,0.00000000e+00,0.00000000e+00,0.00000000e+00,0.00000000e+00,0.00000000e+00,0.00000000e+00,0.00000000e+00,0.00000000e+00,0.00000000e+00,0.00000000e+00,0.00000000e+00,0.00000000e+00,0.00000000e+00,0.00000000e+00,0.00000000e+00,0.00000000e+00,0.00000000e+00,0.00000000e+00,0.00000000e+00,0.00000000e+00,0.00000000e+00,0.00000000e+00,2.21795872e-03
1.40500000e+01,2.38030184e-03,0.00000000e+00,0.00000000e+00,0.00000000e+00,0.00000000e+00,0.00000000e+00,0.00000000e+00,0.00000000e+00,0.00000000e+00,0.00000000e+00,0.00000000e+00,0.00000000e+00,0.00000000e+00,0.00000000e+00,0.00000000e+00,0.00000000e+00,0.00000000e+00,0.00000000e+00,0.00000000e+00,0.00000000e+00,0.00000000e+00,0.00000000e+00,0.00000000e+00,0.00000000e+00,2.22750866e-03
1.41500000e+01,2.38564227e-03,0.00000000e+00,0.00000000e+00,0.00000000e+00,0.00000000e+00,0.00000000e+00,0.00000000e+00,0.00000000e+00,0.00000000e+00,0.00000000e+00,0.00000000e+00,0.00000000e+00,0.00000000e+00,0.00000000e+00,0.00000000e+00,0.00000000e+00,0.00000000e+00,0.00000000e+00,0.00000000e+00,0.00000000e+00,0.00000000e+00,0.00000000e+00,0.00000000e+00,0.00000000e+00,2.20656047e-03
1.42500000e+01,2.36229597e-03,0.00000000e+00,0.00000000e+00,0.00000000e+00,0.00000000e+00,0.00000000e+00,0.00000000e+00,0.00000000e+00,0.00000000e+00,0.00000000e+00,0.00000000e+00,0.00000000e+00,0.00000000e+00,0.00000000e+00,0.00000000e+00,0.00000000e+00,0.00000000e+00,0.00000000e+00,0.00000000e+00,0.00000000e+00,0.00000000e+00,0.00000000e+00,0.00000000e+00,0.00000000e+00,2.18357257e-03
1.43500000e+01,2.33401354e-03,0.00000000e+00,0.00000000e+00,0.00000000e+00,0.00000000e+00,0.00000000e+00,0.00000000e+00,0.00000000e+00,0.00000000e+00,0.00000000e+00,0.00000000e+00,0.00000000e+00,0.00000000e+00,0.00000000e+00,0.00000000e+00,0.00000000e+00,0.00000000e+00,0.00000000e+00,0.00000000e+00,0.00000000e+00,0.00000000e+00,0.00000000e+00,0.00000000e+00,0.00000000e+00,2.17121974e-03
1.44500000e+01,2.30028954e-03,0.00000000e+00,0.00000000e+00,0.00000000e+00,0.00000000e+00,0.00000000e+00,0.00000000e+00,0.00000000e+00,0.00000000e+00,0.00000000e+00,0.00000000e+00,0.00000000e+00,0.00000000e+00,0.00000000e+00,0.00000000e+00,0.00000000e+00,0.00000000e+00,0.00000000e+00,0.00000000e+00,0.00000000e+00,0.00000000e+00,0.00000000e+00,0.00000000e+00,0.00000000e+00,2.18065102e-03
1.45500000e+01,2.29879505e-03,0.00000000e+00,0.00000000e+00,0.00000000e+00,0.00000000e+00,0.00000000e+00,0.00000000e+00,0.00000000e+00,0.00000000e+00,0.00000000e+00,0.00000000e+00,0.00000000e+00,0.00000000e+00,0.00000000e+00,0.00000000e+00,0.00000000e+00,0.00000000e+00,0.00000000e+00,0.00000000e+00,0.00000000e+00,0.00000000e+00,0.00000000e+00,0.00000000e+00,0.00000000e+00,2.18882723e-03
1.46500000e+01,2.27651203e-03,0.00000000e+00,0.00000000e+00,0.00000000e+00,0.00000000e+00,0.00000000e+00,0.00000000e+00,0.00000000e+00,0.00000000e+00,0.00000000e+00,0.00000000e+00,0.00000000e+00,0.00000000e+00,0.00000000e+00,0.00000000e+00,0.00000000e+00,0.00000000e+00,0.00000000e+00,0.00000000e+00,0.00000000e+00,0.00000000e+00,0.00000000e+00,0.00000000e+00,0.00000000e+00,2.17675772e-03
1.47500000e+01,2.23820772e-03,0.00000000e+00,0.00000000e+00,0.00000000e+00,0.00000000e+00,0.00000000e+00,0.00000000e+00,0.00000000e+00,0.00000000e+00,0.00000000e+00,0.00000000e+00,0.00000000e+00,0.00000000e+00,0.00000000e+00,0.00000000e+00,0.00000000e+00,0.00000000e+00,0.00000000e+00,0.00000000e+00,0.00000000e+00,0.00000000e+00,0.00000000e+00,0.00000000e+00,0.00000000e+00,2.19218159e-03
1.48500000e+01,2.22215814e-03,0.00000000e+00,0.00000000e+00,0.00000000e+00,0.00000000e+00,0.00000000e+00,0.00000000e+00,0.00000000e+00,0.00000000e+00,0.00000000e+00,0.00000000e+00,0.00000000e+00,0.00000000e+00,0.00000000e+00,0.00000000e+00,0.00000000e+00,0.00000000e+00,0.00000000e+00,0.00000000e+00,0.00000000e+00,0.00000000e+00,0.00000000e+00,0.00000000e+00,0.00000000e+00,2.18395486e-03
1.49500000e+01,2.21958424e-03,0.00000000e+00,0.00000000e+00,0.00000000e+00,0.00000000e+00,0.00000000e+00,0.00000000e+00,0.00000000e+00,0.00000000e+00,0.00000000e+00,0.00000000e+00,0.00000000e+00,0.00000000e+00,0.00000000e+00,0.00000000e+00,0.00000000e+00,0.00000000e+00,0.00000000e+00,0.00000000e+00,0.00000000e+00,0.00000000e+00,0.00000000e+00,0.00000000e+00,0.00000000e+00,2.17382101e-03
1.50500000e+01,2.22997380e-03,0.00000000e+00,0.00000000e+00,0.00000000e+00,0.00000000e+00,0.00000000e+00,0.00000000e+00,0.00000000e+00,0.00000000e+00,0.00000000e+00,0.00000000e+00,0.00000000e+00,0.00000000e+00,0.00000000e+00,0.00000000e+00,0.00000000e+00,0.00000000e+00,0.00000000e+00,0.00000000e+00,0.00000000e+00,0.00000000e+00,0.00000000e+00,0.00000000e+00,0.00000000e+00,2.18209711e-03
1.51500000e+01,2.20387542e-03,0.00000000e+00,0.00000000e+00,0.00000000e+00,0.00000000e+00,0.00000000e+00,0.00000000e+00,0.00000000e+00,0.00000000e+00,0.00000000e+00,0.00000000e+00,0.00000000e+00,0.00000000e+00,0.00000000e+00,0.00000000e+00,0.00000000e+00,0.00000000e+00,0.00000000e+00,0.00000000e+00,0.00000000e+00,0.00000000e+00,0.00000000e+00,0.00000000e+00,0.00000000e+00,2.17845071e-03
1.52500000e+01,2.18569786e-03,0.00000000e+00,0.00000000e+00,0.00000000e+00,0.00000000e+00,0.00000000e+00,0.00000000e+00,0.00000000e+00,0.00000000e+00,0.00000000e+00,0.00000000e+00,0.00000000e+00,0.00000000e+00,0.00000000e+00,0.00000000e+00,0.00000000e+00,0.00000000e+00,0.00000000e+00,0.00000000e+00,0.00000000e+00,0.00000000e+00,0.00000000e+00,0.00000000e+00,0.00000000e+00,2.18255930e-03
1.53500000e+01,2.17765271e-03,0.00000000e+00,0.00000000e+00,0.00000000e+00,0.00000000e+00,0.00000000e+00,0.00000000e+00,0.00000000e+00,0.00000000e+00,0.00000000e+00,0.00000000e+00,0.00000000e+00,0.00000000e+00,0.00000000e+00,0.00000000e+00,0.00000000e+00,0.00000000e+00,0.00000000e+00,0.00000000e+00,0.00000000e+00,0.00000000e+00,0.00000000e+00,0.00000000e+00,0.00000000e+00,2.18438817e-03
1.54500000e+01,2.16866199e-03,0.00000000e+00,0.00000000e+00,0.00000000e+00,0.00000000e+00,0.00000000e+00,0.00000000e+00,0.00000000e+00,0.00000000e+00,0.00000000e+00,0.00000000e+00,0.00000000e+00,0.00000000e+00,0.00000000e+00,0.00000000e+00,0.00000000e+00,0.00000000e+00,0.00000000e+00,0.00000000e+00,0.00000000e+00,0.00000000e+00,0.00000000e+00,0.00000000e+00,0.00000000e+00,2.19502982e-03
1.55500000e+01,2.15603099e-03,0.00000000e+00,0.00000000e+00,0.00000000e+00,0.00000000e+00,0.00000000e+00,0.00000000e+00,0.00000000e+00,0.00000000e+00,0.00000000e+00,0.00000000e+00,0.00000000e+00,0.00000000e+00,0.00000000e+00,0.00000000e+00,0.00000000e+00,0.00000000e+00,0.00000000e+00,0.00000000e+00,0.00000000e+00,0.00000000e+00,0.00000000e+00,0.00000000e+00,0.00000000e+00,2.18917997e-03
1.56500000e+01,2.17711081e-03,0.00000000e+00,0.00000000e+00,0.00000000e+00,0.00000000e+00,0.00000000e+00,0.00000000e+00,0.00000000e+00,0.00000000e+00,0.00000000e+00,0.00000000e+00,0.00000000e+00,0.00000000e+00,0.00000000e+00,0.00000000e+00,0.00000000e+00,0.00000000e+00,0.00000000e+00,0.00000000e+00,0.00000000e+00,0.00000000e+00,0.00000000e+00,0.00000000e+00,0.00000000e+00,2.18358813e-03
1.57500000e+01,2.14650633e-03,0.00000000e+00,0.00000000e+00,0.00000000e+00,0.00000000e+00,0.00000000e+00,0.00000000e+00,0.00000000e+00,0.00000000e+00,0.00000000e+00,0.00000000e+00,0.00000000e+00,0.00000000e+00,0.00000000e+00,0.00000000e+00,0.00000000e+00,0.00000000e+00,0.00000000e+00,0.00000000e+00,0.00000000e+00,0.00000000e+00,0.00000000e+00,0.00000000e+00,0.00000000e+00,2.19475840e-03
1.58500000e+01,2.08101191e-03,0.00000000e+00,0.00000000e+00,0.00000000e+00,0.00000000e+00,0.00000000e+00,0.00000000e+00,0.00000000e+00,0.00000000e+00,0.00000000e+00,0.00000000e+00,0.00000000e+00,0.00000000e+00,0.00000000e+00,0.00000000e+00,0.00000000e+00,0.00000000e+00,0.00000000e+00,0.00000000e+00,0.00000000e+00,0.00000000e+00,0.00000000e+00,0.00000000e+00,0.00000000e+00,2.19823399e-03
1.59500000e+01,2.06602305e-03,0.00000000e+00,0.00000000e+00,0.00000000e+00,0.00000000e+00,0.00000000e+00,0.00000000e+00,0.00000000e+00,0.00000000e+00,0.00000000e+00,0.00000000e+00,0.00000000e+00,0.00000000e+00,0.00000000e+00,0.00000000e+00,0.00000000e+00,0.00000000e+00,0.00000000e+00,0.00000000e+00,0.00000000e+00,0.00000000e+00,0.00000000e+00,0.00000000e+00,0.00000000e+00,2.19816479e-03
1.60500000e+01,2.05367673e-03,0.00000000e+00,0.00000000e+00,0.00000000e+00,0.00000000e+00,0.00000000e+00,0.00000000e+00,0.00000000e+00,0.00000000e+00,0.00000000e+00,0.00000000e+00,0.00000000e+00,0.00000000e+00,0.00000000e+00,0.00000000e+00,0.00000000e+00,0.00000000e+00,0.00000000e+00,0.00000000e+00,0.00000000e+00,0.00000000e+00,0.00000000e+00,0.00000000e+00,0.00000000e+00,2.14872231e-03
1.61500000e+01,2.02908710e-03,0.00000000e+00,0.00000000e+00,0.00000000e+00,0.00000000e+00,0.00000000e+00,0.00000000e+00,0.00000000e+00,0.00000000e+00,0.00000000e+00,0.00000000e+00,0.00000000e+00,0.00000000e+00,0.00000000e+00,0.00000000e+00,0.00000000e+00,0.00000000e+00,0.00000000e+00,0.00000000e+00,0.00000000e+00,0.00000000e+00,0.00000000e+00,0.00000000e+00,0.00000000e+00,2.14708364e-03
1.62500000e+01,2.01327481e-03,0.00000000e+00,0.00000000e+00,0.00000000e+00,0.00000000e+00,0.00000000e+00,0.00000000e+00,0.00000000e+00,0.00000000e+00,0.00000000e+00,0.00000000e+00,0.00000000e+00,0.00000000e+00,0.00000000e+00,0.00000000e+00,0.00000000e+00,0.00000000e+00,0.00000000e+00,0.00000000e+00,0.00000000e+00,0.00000000e+00,0.00000000e+00,0.00000000e+00,0.00000000e+00,2.14816829e-03
1.63500000e+01,2.00659537e-03,0.00000000e+00,0.00000000e+00,0.00000000e+00,0.00000000e+00,0.00000000e+00,0.00000000e+00,0.00000000e+00,0.00000000e+00,0.00000000e+00,0.00000000e+00,0.00000000e+00,0.00000000e+00,0.00000000e+00,0.00000000e+00,0.00000000e+00,0.00000000e+00,0.00000000e+00,0.00000000e+00,0.00000000e+00,0.00000000e+00,0.00000000e+00,0.00000000e+00,0.00000000e+00,2.15393508e-03
1.64500000e+01,1.99946561e-03,0.00000000e+00,0.00000000e+00,0.00000000e+00,0.00000000e+00,0.00000000e+00,0.00000000e+00,0.00000000e+00,0.00000000e+00,0.00000000e+00,0.00000000e+00,0.00000000e+00,0.00000000e+00,0.00000000e+00,0.00000000e+00,0.00000000e+00,0.00000000e+00,0.00000000e+00,0.00000000e+00,0.00000000e+00,0.00000000e+00,0.00000000e+00,0.00000000e+00,0.00000000e+00,2.13643918e-03
1.65500000e+01,1.98666568e-03,0.00000000e+00,0.00000000e+00,0.00000000e+00,0.00000000e+00,0.00000000e+00,0.00000000e+00,0.00000000e+00,0.00000000e+00,0.00000000e+00,0.00000000e+00,0.00000000e+00,0.00000000e+00,0.00000000e+00,0.00000000e+00,0.00000000e+00,0.00000000e+00,0.00000000e+00,0.00000000e+00,0.00000000e+00,0.00000000e+00,0.00000000e+00,0.00000000e+00,0.00000000e+00,2.12495689e-03
1.66500000e+01,1.99710559e-03,0.00000000e+00,0.00000000e+00,0.00000000e+00,0.00000000e+00,0.00000000e+00,0.00000000e+00,0.00000000e+00,0.00000000e+00,0.00000000e+00,0.00000000e+00,0.00000000e+00,0.00000000e+00,0.00000000e+00,0.00000000e+00,0.00000000e+00,0.00000000e+00,0.00000000e+00,0.00000000e+00,0.00000000e+00,0.00000000e+00,0.00000000e+00,0.00000000e+00,0.00000000e+00,2.12578072e-03
1.67500000e+01,2.01823586e-03,0.00000000e+00,0.00000000e+00,0.00000000e+00,0.00000000e+00,0.00000000e+00,0.00000000e+00,0.00000000e+00,0.00000000e+00,0.00000000e+00,0.00000000e+00,0.00000000e+00,0.00000000e+00,0.00000000e+00,0.00000000e+00,0.00000000e+00,0.00000000e+00,0.00000000e+00,0.00000000e+00,0.00000000e+00,0.00000000e+00,0.00000000e+00,0.00000000e+00,0.00000000e+00,2.13247683e-03
1.68500000e+01,1.97305212e-03,0.00000000e+00,0.00000000e+00,0.00000000e+00,0.00000000e+00,0.00000000e+00,0.00000000e+00,0.00000000e+00,0.00000000e+00,0.00000000e+00,0.00000000e+00,0.00000000e+00,0.00000000e+00,0.00000000e+00,0.00000000e+00,0.00000000e+00,0.00000000e+00,0.00000000e+00,0.00000000e+00,0.00000000e+00,0.00000000e+00,0.00000000e+00,0.00000000e+00,0.00000000e+00,2.14456868e-03
1.69500000e+01,1.96752226e-03,0.00000000e+00,0.00000000e+00,0.00000000e+00,0.00000000e+00,0.00000000e+00,0.00000000e+00,0.00000000e+00,0.00000000e+00,0.00000000e+00,0.00000000e+00,0.00000000e+00,0.00000000e+00,0.00000000e+00,0.00000000e+00,0.00000000e+00,0.00000000e+00,0.00000000e+00,0.00000000e+00,0.00000000e+00,0.00000000e+00,0.00000000e+00,0.00000000e+00,0.00000000e+00,2.13583147e-03
1.70500000e+01,1.97657145e-03,0.00000000e+00,0.00000000e+00,0.00000000e+00,0.00000000e+00,0.00000000e+00,0.00000000e+00,0.00000000e+00,0.00000000e+00,0.00000000e+00,0.00000000e+00,0.00000000e+00,0.00000000e+00,0.00000000e+00,0.00000000e+00,0.00000000e+00,0.00000000e+00,0.00000000e+00,0.00000000e+00,0.00000000e+00,0.00000000e+00,0.00000000e+00,0.00000000e+00,0.00000000e+00,2.15016982e-03
1.71500000e+01,1.95290481e-03,0.00000000e+00,0.00000000e+00,0.00000000e+00,0.00000000e+00,0.00000000e+00,0.00000000e+00,0.00000000e+00,0.00000000e+00,0.00000000e+00,0.00000000e+00,0.00000000e+00,0.00000000e+00,0.00000000e+00,0.00000000e+00,0.00000000e+00,0.00000000e+00,0.00000000e+00,0.00000000e+00,0.00000000e+00,0.00000000e+00,0.00000000e+00,0.00000000e+00,0.00000000e+00,2.12735300e-03
1.72500000e+01,1.90047590e-03,0.00000000e+00,0.00000000e+00,0.00000000e+00,0.00000000e+00,0.00000000e+00,0.00000000e+00,0.00000000e+00,0.00000000e+00,0.00000000e+00,0.00000000e+00,0.00000000e+00,0.00000000e+00,0.00000000e+00,0.00000000e+00,0.00000000e+00,0.00000000e+00,0.00000000e+00,0.00000000e+00,0.00000000e+00,0.00000000e+00,0.00000000e+00,0.00000000e+00,0.00000000e+00,2.12383877e-03
1.73500000e+01,1.86443694e-03,0.00000000e+00,0.00000000e+00,0.00000000e+00,0.00000000e+00,0.00000000e+00,0.00000000e+00,0.00000000e+00,0.00000000e+00,0.00000000e+00,0.00000000e+00,0.00000000e+00,0.00000000e+00,0.00000000e+00,0.00000000e+00,0.00000000e+00,0.00000000e+00,0.00000000e+00,0.00000000e+00,0.00000000e+00,0.00000000e+00,0.00000000e+00,0.00000000e+00,0.00000000e+00,2.10838489e-03
1.74500000e+01,1.82155338e-03,0.00000000e+00,0.00000000e+00,0.00000000e+00,0.00000000e+00,0.00000000e+00,0.00000000e+00,0.00000000e+00,0.00000000e+00,0.00000000e+00,0.00000000e+00,0.00000000e+00,0.00000000e+00,0.00000000e+00,0.00000000e+00,0.00000000e+00,0.00000000e+00,0.00000000e+00,0.00000000e+00,0.00000000e+00,0.00000000e+00,0.00000000e+00,0.00000000e+00,0.00000000e+00,2.08519784e-03
1.75500000e+01,1.79286613e-03,0.00000000e+00,0.00000000e+00,0.00000000e+00,0.00000000e+00,0.00000000e+00,0.00000000e+00,0.00000000e+00,0.00000000e+00,0.00000000e+00,0.00000000e+00,0.00000000e+00,0.00000000e+00,0.00000000e+00,0.00000000e+00,0.00000000e+00,0.00000000e+00,0.00000000e+00,0.00000000e+00,0.00000000e+00,0.00000000e+00,0.00000000e+00,0.00000000e+00,0.00000000e+00,2.09596077e-03
1.76500000e+01,1.78668681e-03,0.00000000e+00,0.00000000e+00,0.00000000e+00,0.00000000e+00,0.00000000e+00,0.00000000e+00,0.00000000e+00,0.00000000e+00,0.00000000e+00,0.00000000e+00,0.00000000e+00,0.00000000e+00,0.00000000e+00,0.00000000e+00,0.00000000e+00,0.00000000e+00,0.00000000e+00,0.00000000e+00,0.00000000e+00,0.00000000e+00,0.00000000e+00,0.00000000e+00,0.00000000e+00,2.09905221e-03
1.77500000e+01,1.77442307e-03,0.00000000e+00,0.00000000e+00,0.00000000e+00,0.00000000e+00,0.00000000e+00,0.00000000e+00,0.00000000e+00,0.00000000e+00,0.00000000e+00,0.00000000e+00,0.00000000e+00,0.00000000e+00,0.00000000e+00,0.00000000e+00,0.00000000e+00,0.00000000e+00,0.00000000e+00,0.00000000e+00,0.00000000e+00,0.00000000e+00,0.00000000e+00,0.00000000e+00,0.00000000e+00,2.09080141e-03
1.78500000e+01,1.75857911e-03,0.00000000e+00,0.00000000e+00,0.00000000e+00,0.00000000e+00,0.00000000e+00,0.00000000e+00,0.00000000e+00,0.00000000e+00,0.00000000e+00,0.00000000e+00,0.00000000e+00,0.00000000e+00,0.00000000e+00,0.00000000e+00,0.00000000e+00,0.00000000e+00,0.00000000e+00,0.00000000e+00,0.00000000e+00,0.00000000e+00,0.00000000e+00,0.00000000e+00,0.00000000e+00,2.06582970e-03
1.79500000e+01,1.75989493e-03,0.00000000e+00,0.00000000e+00,0.00000000e+00,0.00000000e+00,0.00000000e+00,0.00000000e+00,0.00000000e+00,0.00000000e+00,0.00000000e+00,0.00000000e+00,0.00000000e+00,0.00000000e+00,0.00000000e+00,0.00000000e+00,0.00000000e+00,0.00000000e+00,0.00000000e+00,0.00000000e+00,0.00000000e+00,0.00000000e+00,0.00000000e+00,0.00000000e+00,0.00000000e+00,2.06550716e-03
1.80500000e+01,1.80979016e-03,0.00000000e+00,0.00000000e+00,0.00000000e+00,0.00000000e+00,0.00000000e+00,0.00000000e+00,0.00000000e+00,0.00000000e+00,0.00000000e+00,0.00000000e+00,0.00000000e+00,0.00000000e+00,0.00000000e+00,0.00000000e+00,0.00000000e+00,0.00000000e+00,0.00000000e+00,0.00000000e+00,0.00000000e+00,0.00000000e+00,0.00000000e+00,0.00000000e+00,0.00000000e+00,2.07573585e-03
1.81500000e+01,1.76159217e-03,0.00000000e+00,0.00000000e+00,0.00000000e+00,0.00000000e+00,0.00000000e+00,0.00000000e+00,0.00000000e+00,0.00000000e+00,0.00000000e+00,0.00000000e+00,0.00000000e+00,0.00000000e+00,0.00000000e+00,0.00000000e+00,0.00000000e+00,0.00000000e+00,0.00000000e+00,0.00000000e+00,0.00000000e+00,0.00000000e+00,0.00000000e+00,0.00000000e+00,0.00000000e+00,2.06607624e-03
1.82500000e+01,1.73848361e-03,0.00000000e+00,0.00000000e+00,0.00000000e+00,0.00000000e+00,0.00000000e+00,0.00000000e+00,0.00000000e+00,0.00000000e+00,0.00000000e+00,0.00000000e+00,0.00000000e+00,0.00000000e+00,0.00000000e+00,0.00000000e+00,0.00000000e+00,0.00000000e+00,0.00000000e+00,0.00000000e+00,0.00000000e+00,0.00000000e+00,0.00000000e+00,0.00000000e+00,0.00000000e+00,2.08789147e-03
1.83500000e+01,1.73247779e-03,0.00000000e+00,0.00000000e+00,0.00000000e+00,0.00000000e+00,0.00000000e+00,0.00000000e+00,0.00000000e+00,0.00000000e+00,0.00000000e+00,0.00000000e+00,0.00000000e+00,0.00000000e+00,0.00000000e+00,0.00000000e+00,0.00000000e+00,0.00000000e+00,0.00000000e+00,0.00000000e+00,0.00000000e+00,0.00000000e+00,0.00000000e+00,0.00000000e+00,0.00000000e+00,2.10170135e-03
1.84500000e+01,1.72888375e-03,0.00000000e+00,0.00000000e+00,0.00000000e+00,0.00000000e+00,0.00000000e+00,0.00000000e+00,0.00000000e+00,0.00000000e+00,0.00000000e+00,0.00000000e+00,0.00000000e+00,0.00000000e+00,0.00000000e+00,0.00000000e+00,0.00000000e+00,0.00000000e+00,0.00000000e+00,0.00000000e+00,0.00000000e+00,0.00000000e+00,0.00000000e+00,0.00000000e+00,0.00000000e+00,2.09367555e-03
1.85500000e+01,1.71937306e-03,0.00000000e+00,0.00000000e+00,0.00000000e+00,0.00000000e+00,0.00000000e+00,0.00000000e+00,0.00000000e+00,0.00000000e+00,0.00000000e+00,0.00000000e+00,0.00000000e+00,0.00000000e+00,0.00000000e+00,0.00000000e+00,0.00000000e+00,0.00000000e+00,0.00000000e+00,0.00000000e+00,0.00000000e+00,0.00000000e+00,0.00000000e+00,0.00000000e+00,0.00000000e+00,2.08546622e-03
1.86500000e+01,1.70694778e-03,0.00000000e+00,0.00000000e+00,0.00000000e+00,0.00000000e+00,0.00000000e+00,0.00000000e+00,0.00000000e+00,0.00000000e+00,0.00000000e+00,0.00000000e+00,0.00000000e+00,0.00000000e+00,0.00000000e+00,0.00000000e+00,0.00000000e+00,0.00000000e+00,0.00000000e+00,0.00000000e+00,0.00000000e+00,0.00000000e+00,0.00000000e+00,0.00000000e+00,0.00000000e+00,2.09429314e-03
1.87500000e+01,1.68491328e-03,0.00000000e+00,0.00000000e+00,0.00000000e+00,0.00000000e+00,0.00000000e+00,0.00000000e+00,0.00000000e+00,0.00000000e+00,0.00000000e+00,0.00000000e+00,0.00000000e+00,0.00000000e+00,0.00000000e+00,0.00000000e+00,0.00000000e+00,0.00000000e+00,0.00000000e+00,0.00000000e+00,0.00000000e+00,0.00000000e+00,0.00000000e+00,0.00000000e+00,0.00000000e+00,2.09985121e-03
1.88500000e+01,1.66088918e-03,0.00000000e+00,0.00000000e+00,0.00000000e+00,0.00000000e+00,0.00000000e+00,0.00000000e+00,0.00000000e+00,0.00000000e+00,0.00000000e+00,0.00000000e+00,0.00000000e+00,0.00000000e+00,0.00000000e+00,0.00000000e+00,0.00000000e+00,0.00000000e+00,0.00000000e+00,0.00000000e+00,0.00000000e+00,0.00000000e+00,0.00000000e+00,0.00000000e+00,0.00000000e+00,2.12579043e-03
1.89500000e+01,1.65237183e-03,0.00000000e+00,0.00000000e+00,0.00000000e+00,0.00000000e+00,0.00000000e+00,0.00000000e+00,0.00000000e+00,0.00000000e+00,0.00000000e+00,0.00000000e+00,0.00000000e+00,0.00000000e+00,0.00000000e+00,0.00000000e+00,0.00000000e+00,0.00000000e+00,0.00000000e+00,0.00000000e+00,0.00000000e+00,0.00000000e+00,0.00000000e+00,0.00000000e+00,0.00000000e+00,2.11831012e-03
1.90500000e+01,1.64309930e-03,0.00000000e+00,0.00000000e+00,0.00000000e+00,0.00000000e+00,0.00000000e+00,0.00000000e+00,0.00000000e+00,0.00000000e+00,0.00000000e+00,0.00000000e+00,0.00000000e+00,0.00000000e+00,0.00000000e+00,0.00000000e+00,0.00000000e+00,0.00000000e+00,0.00000000e+00,0.00000000e+00,0.00000000e+00,0.00000000e+00,0.00000000e+00,0.00000000e+00,0.00000000e+00,2.10536630e-03
1.91500000e+01,1.63819087e-03,0.00000000e+00,0.00000000e+00,0.00000000e+00,0.00000000e+00,0.00000000e+00,0.00000000e+00,0.00000000e+00,0.00000000e+00,0.00000000e+00,0.00000000e+00,0.00000000e+00,0.00000000e+00,0.00000000e+00,0.00000000e+00,0.00000000e+00,0.00000000e+00,0.00000000e+00,0.00000000e+00,0.00000000e+00,0.00000000e+00,0.00000000e+00,0.00000000e+00,0.00000000e+00,2.10282986e-03
1.92500000e+01,1.74205987e-03,0.00000000e+00,0.00000000e+00,0.00000000e+00,0.00000000e+00,0.00000000e+00,0.00000000e+00,0.00000000e+00,0.00000000e+00,0.00000000e+00,0.00000000e+00,0.00000000e+00,0.00000000e+00,0.00000000e+00,0.00000000e+00,0.00000000e+00,0.00000000e+00,0.00000000e+00,0.00000000e+00,0.00000000e+00,0.00000000e+00,0.00000000e+00,0.00000000e+00,0.00000000e+00,2.07736853e-03
1.93500000e+01,1.57449325e-03,0.00000000e+00,0.00000000e+00,0.00000000e+00,0.00000000e+00,0.00000000e+00,0.00000000e+00,0.00000000e+00,0.00000000e+00,0.00000000e+00,0.00000000e+00,0.00000000e+00,0.00000000e+00,0.00000000e+00,0.00000000e+00,0.00000000e+00,0.00000000e+00,0.00000000e+00,0.00000000e+00,0.00000000e+00,0.00000000e+00,0.00000000e+00,0.00000000e+00,0.00000000e+00,2.05364668e-03
1.94500000e+01,1.55504670e-03,0.00000000e+00,0.00000000e+00,0.00000000e+00,0.00000000e+00,0.00000000e+00,0.00000000e+00,0.00000000e+00,0.00000000e+00,0.00000000e+00,0.00000000e+00,0.00000000e+00,0.00000000e+00,0.00000000e+00,0.00000000e+00,0.00000000e+00,0.00000000e+00,0.00000000e+00,0.00000000e+00,0.00000000e+00,0.00000000e+00,0.00000000e+00,0.00000000e+00,0.00000000e+00,2.05087000e-03
1.95500000e+01,1.54972158e-03,0.00000000e+00,0.00000000e+00,0.00000000e+00,0.00000000e+00,0.00000000e+00,0.00000000e+00,0.00000000e+00,0.00000000e+00,0.00000000e+00,0.00000000e+00,0.00000000e+00,0.00000000e+00,0.00000000e+00,0.00000000e+00,0.00000000e+00,0.00000000e+00,0.00000000e+00,0.00000000e+00,0.00000000e+00,0.00000000e+00,0.00000000e+00,0.00000000e+00,0.00000000e+00,2.05826605e-03
1.96500000e+01,1.55642477e-03,0.00000000e+00,0.00000000e+00,0.00000000e+00,0.00000000e+00,0.00000000e+00,0.00000000e+00,0.00000000e+00,0.00000000e+00,0.00000000e+00,0.00000000e+00,0.00000000e+00,0.00000000e+00,0.00000000e+00,0.00000000e+00,0.00000000e+00,0.00000000e+00,0.00000000e+00,0.00000000e+00,0.00000000e+00,0.00000000e+00,0.00000000e+00,0.00000000e+00,0.00000000e+00,2.01410227e-03
1.97500000e+01,1.52493407e-03,0.00000000e+00,0.00000000e+00,0.00000000e+00,0.00000000e+00,0.00000000e+00,0.00000000e+00,0.00000000e+00,0.00000000e+00,0.00000000e+00,0.00000000e+00,0.00000000e+00,0.00000000e+00,0.00000000e+00,0.00000000e+00,0.00000000e+00,0.00000000e+00,0.00000000e+00,0.00000000e+00,0.00000000e+00,0.00000000e+00,0.00000000e+00,0.00000000e+00,0.00000000e+00,2.00739253e-03
1.98500000e+01,1.50545874e-03,0.00000000e+00,0.00000000e+00,0.00000000e+00,0.00000000e+00,0.00000000e+00,0.00000000e+00,0.00000000e+00,0.00000000e+00,0.00000000e+00,0.00000000e+00,0.00000000e+00,0.00000000e+00,0.00000000e+00,0.00000000e+00,0.00000000e+00,0.00000000e+00,0.00000000e+00,0.00000000e+00,0.00000000e+00,0.00000000e+00,0.00000000e+00,0.00000000e+00,0.00000000e+00,2.02089710e-03
1.99500000e+01,1.50459229e-03,0.00000000e+00,0.00000000e+00,0.00000000e+00,0.00000000e+00,0.00000000e+00,0.00000000e+00,0.00000000e+00,0.00000000e+00,0.00000000e+00,0.00000000e+00,0.00000000e+00,0.00000000e+00,0.00000000e+00,0.00000000e+00,0.00000000e+00,0.00000000e+00,0.00000000e+00,0.00000000e+00,0.00000000e+00,0.00000000e+00,0.00000000e+00,0.00000000e+00,0.00000000e+00,2.03687695e-03
2.00500000e+01,1.50068232e-03,0.00000000e+00,0.00000000e+00,0.00000000e+00,0.00000000e+00,0.00000000e+00,0.00000000e+00,0.00000000e+00,0.00000000e+00,0.00000000e+00,0.00000000e+00,0.00000000e+00,0.00000000e+00,0.00000000e+00,0.00000000e+00,0.00000000e+00,0.00000000e+00,0.00000000e+00,0.00000000e+00,0.00000000e+00,0.00000000e+00,0.00000000e+00,0.00000000e+00,0.00000000e+00,2.03517252e-03
2.01500000e+01,1.47857259e-03,0.00000000e+00,0.00000000e+00,0.00000000e+00,0.00000000e+00,0.00000000e+00,0.00000000e+00,0.00000000e+00,0.00000000e+00,0.00000000e+00,0.00000000e+00,0.00000000e+00,0.00000000e+00,0.00000000e+00,0.00000000e+00,0.00000000e+00,0.00000000e+00,0.00000000e+00,0.00000000e+00,0.00000000e+00,0.00000000e+00,0.00000000e+00,0.00000000e+00,0.00000000e+00,2.04152713e-03
2.02500000e+01,1.46659932e-03,0.00000000e+00,0.00000000e+00,0.00000000e+00,0.00000000e+00,0.00000000e+00,0.00000000e+00,0.00000000e+00,0.00000000e+00,0.00000000e+00,0.00000000e+00,0.00000000e+00,0.00000000e+00,0.00000000e+00,0.00000000e+00,0.00000000e+00,0.00000000e+00,0.00000000e+00,0.00000000e+00,0.00000000e+00,0.00000000e+00,0.00000000e+00,0.00000000e+00,0.00000000e+00,2.03498213e-03
2.03500000e+01,1.44206283e-03,0.00000000e+00,0.00000000e+00,0.00000000e+00,0.00000000e+00,0.00000000e+00,0.00000000e+00,0.00000000e+00,0.00000000e+00,0.00000000e+00,0.00000000e+00,0.00000000e+00,0.00000000e+00,0.00000000e+00,0.00000000e+00,0.00000000e+00,0.00000000e+00,0.00000000e+00,0.00000000e+00,0.00000000e+00,0.00000000e+00,0.00000000e+00,0.00000000e+00,0.00000000e+00,2.03275119e-03
2.04500000e+01,1.43053345e-03,0.00000000e+00,0.00000000e+00,0.00000000e+00,0.00000000e+00,0.00000000e+00,0.00000000e+00,0.00000000e+00,0.00000000e+00,0.00000000e+00,0.00000000e+00,0.00000000e+00,0.00000000e+00,0.00000000e+00,0.00000000e+00,0.00000000e+00,0.00000000e+00,0.00000000e+00,0.00000000e+00,0.00000000e+00,0.00000000e+00,0.00000000e+00,0.00000000e+00,0.00000000e+00,2.03356847e-03
2.05500000e+01,1.42838127e-03,0.00000000e+00,0.00000000e+00,0.00000000e+00,0.00000000e+00,0.00000000e+00,0.00000000e+00,0.00000000e+00,0.00000000e+00,0.00000000e+00,0.00000000e+00,0.00000000e+00,0.00000000e+00,0.00000000e+00,0.00000000e+00,0.00000000e+00,0.00000000e+00,0.00000000e+00,0.00000000e+00,0.00000000e+00,0.00000000e+00,0.00000000e+00,0.00000000e+00,0.00000000e+00,2.03284835e-03
2.06500000e+01,1.41912806e-03,0.00000000e+00,0.00000000e+00,0.00000000e+00,0.00000000e+00,0.00000000e+00,0.00000000e+00,0.00000000e+00,0.00000000e+00,0.00000000e+00,0.00000000e+00,0.00000000e+00,0.00000000e+00,0.00000000e+00,0.00000000e+00,0.00000000e+00,0.00000000e+00,0.00000000e+00,0.00000000e+00,0.00000000e+00,0.00000000e+00,0.00000000e+00,0.00000000e+00,0.00000000e+00,2.06402198e-03
2.07500000e+01,1.39272737e-03,0.00000000e+00,0.00000000e+00,0.00000000e+00,0.00000000e+00,0.00000000e+00,0.00000000e+00,0.00000000e+00,0.00000000e+00,0.00000000e+00,0.00000000e+00,0.00000000e+00,0.00000000e+00,0.00000000e+00,0.00000000e+00,0.00000000e+00,0.00000000e+00,0.00000000e+00,0.00000000e+00,0.00000000e+00,0.00000000e+00,0.00000000e+00,0.00000000e+00,0.00000000e+00,2.05922956e-03
2.08500000e+01,1.37165650e-03,0.00000000e+00,0.00000000e+00,0.00000000e+00,0.00000000e+00,0.00000000e+00,0.00000000e+00,0.00000000e+00,0.00000000e+00,0.00000000e+00,0.00000000e+00,0.00000000e+00,0.00000000e+00,0.00000000e+00,0.00000000e+00,0.00000000e+00,0.00000000e+00,0.00000000e+00,0.00000000e+00,0.00000000e+00,0.00000000e+00,0.00000000e+00,0.00000000e+00,0.00000000e+00,2.02327962e-03
2.09500000e+01,1.36420896e-03,0.00000000e+00,0.00000000e+00,0.00000000e+00,0.00000000e+00,0.00000000e+00,0.00000000e+00,0.00000000e+00,0.00000000e+00,0.00000000e+00,0.00000000e+00,0.00000000e+00,0.00000000e+00,0.00000000e+00,0.00000000e+00,0.00000000e+00,0.00000000e+00,0.00000000e+00,0.00000000e+00,0.00000000e+00,0.00000000e+00,0.00000000e+00,0.00000000e+00,0.00000000e+00,2.02160151e-03
2.10500000e+01,1.35912543e-03,0.00000000e+00,0.00000000e+00,0.00000000e+00,0.00000000e+00,0.00000000e+00,0.00000000e+00,0.00000000e+00,0.00000000e+00,0.00000000e+00,0.00000000e+00,0.00000000e+00,0.00000000e+00,0.00000000e+00,0.00000000e+00,0.00000000e+00,0.00000000e+00,0.00000000e+00,0.00000000e+00,0.00000000e+00,0.00000000e+00,0.00000000e+00,0.00000000e+00,0.00000000e+00,2.00308099e-03
2.11500000e+01,1.33591084e-03,0.00000000e+00,0.00000000e+00,0.00000000e+00,0.00000000e+00,0.00000000e+00,0.00000000e+00,0.00000000e+00,0.00000000e+00,0.00000000e+00,0.00000000e+00,0.00000000e+00,0.00000000e+00,0.00000000e+00,0.00000000e+00,0.00000000e+00,0.00000000e+00,0.00000000e+00,0.00000000e+00,0.00000000e+00,0.00000000e+00,0.00000000e+00,0.00000000e+00,0.00000000e+00,2.00524444e-03
2.12500000e+01,1.33410739e-03,0.00000000e+00,0.00000000e+00,0.00000000e+00,0.00000000e+00,0.00000000e+00,0.00000000e+00,0.00000000e+00,0.00000000e+00,0.00000000e+00,0.00000000e+00,0.00000000e+00,0.00000000e+00,0.00000000e+00,0.00000000e+00,0.00000000e+00,0.00000000e+00,0.00000000e+00,0.00000000e+00,0.00000000e+00,0.00000000e+00,0.00000000e+00,0.00000000e+00,0.00000000e+00,1.96820083e-03
2.13500000e+01,1.33731645e-03,0.00000000e+00,0.00000000e+00,0.00000000e+00,0.00000000e+00,0.00000000e+00,0.00000000e+00,0.00000000e+00,0.00000000e+00,0.00000000e+00,0.00000000e+00,0.00000000e+00,0.00000000e+00,0.00000000e+00,0.00000000e+00,0.00000000e+00,0.00000000e+00,0.00000000e+00,0.00000000e+00,0.00000000e+00,0.00000000e+00,0.00000000e+00,0.00000000e+00,0.00000000e+00,1.99899016e-03
2.14500000e+01,1.33168047e-03,0.00000000e+00,0.00000000e+00,0.00000000e+00,0.00000000e+00,0.00000000e+00,0.00000000e+00,0.00000000e+00,0.00000000e+00,0.00000000e+00,0.00000000e+00,0.00000000e+00,0.00000000e+00,0.00000000e+00,0.00000000e+00,0.00000000e+00,0.00000000e+00,0.00000000e+00,0.00000000e+00,0.00000000e+00,0.00000000e+00,0.00000000e+00,0.00000000e+00,0.00000000e+00,2.00041178e-03
2.15500000e+01,1.32944318e-03,0.00000000e+00,0.00000000e+00,0.00000000e+00,0.00000000e+00,0.00000000e+00,0.00000000e+00,0.00000000e+00,0.00000000e+00,0.00000000e+00,0.00000000e+00,0.00000000e+00,0.00000000e+00,0.00000000e+00,0.00000000e+00,0.00000000e+00,0.00000000e+00,0.00000000e+00,0.00000000e+00,0.00000000e+00,0.00000000e+00,0.00000000e+00,0.00000000e+00,0.00000000e+00,2.00950529e-03
2.16500000e+01,1.34480351e-03,0.00000000e+00,0.00000000e+00,0.00000000e+00,0.00000000e+00,0.00000000e+00,0.00000000e+00,0.00000000e+00,0.00000000e+00,0.00000000e+00,0.00000000e+00,0.00000000e+00,0.00000000e+00,0.00000000e+00,0.00000000e+00,0.00000000e+00,0.00000000e+00,0.00000000e+00,0.00000000e+00,0.00000000e+00,0.00000000e+00,0.00000000e+00,0.00000000e+00,0.00000000e+00,1.99438448e-03
2.17500000e+01,1.29074932e-03,0.00000000e+00,0.00000000e+00,0.00000000e+00,0.00000000e+00,0.00000000e+00,0.00000000e+00,0.00000000e+00,0.00000000e+00,0.00000000e+00,0.00000000e+00,0.00000000e+00,0.00000000e+00,0.00000000e+00,0.00000000e+00,0.00000000e+00,0.00000000e+00,0.00000000e+00,0.00000000e+00,0.00000000e+00,0.00000000e+00,0.00000000e+00,0.00000000e+00,0.00000000e+00,1.96554609e-03
2.18500000e+01,1.26584198e-03,0.00000000e+00,0.00000000e+00,0.00000000e+00,0.00000000e+00,0.00000000e+00,0.00000000e+00,0.00000000e+00,0.00000000e+00,0.00000000e+00,0.00000000e+00,0.00000000e+00,0.00000000e+00,0.00000000e+00,0.00000000e+00,0.00000000e+00,0.00000000e+00,0.00000000e+00,0.00000000e+00,0.00000000e+00,0.00000000e+00,0.00000000e+00,0.00000000e+00,0.00000000e+00,1.94640150e-03
2.19500000e+01,1.25449400e-03,0.00000000e+00,0.00000000e+00,0.00000000e+00,0.00000000e+00,0.00000000e+00,0.00000000e+00,0.00000000e+00,0.00000000e+00,0.00000000e+00,0.00000000e+00,0.00000000e+00,0.00000000e+00,0.00000000e+00,0.00000000e+00,0.00000000e+00,0.00000000e+00,0.00000000e+00,0.00000000e+00,0.00000000e+00,0.00000000e+00,0.00000000e+00,0.00000000e+00,0.00000000e+00,1.95053255e-03
2.20500000e+01,1.24656865e-03,0.00000000e+00,0.00000000e+00,0.00000000e+00,0.00000000e+00,0.00000000e+00,0.00000000e+00,0.00000000e+00,0.00000000e+00,0.00000000e+00,0.00000000e+00,0.00000000e+00,0.00000000e+00,0.00000000e+00,0.00000000e+00,0.00000000e+00,0.00000000e+00,0.00000000e+00,0.00000000e+00,0.00000000e+00,0.00000000e+00,0.00000000e+00,0.00000000e+00,0.00000000e+00,1.94637701e-03
2.21500000e+01,1.23360773e-03,0.00000000e+00,0.00000000e+00,0.00000000e+00,0.00000000e+00,0.00000000e+00,0.00000000e+00,0.00000000e+00,0.00000000e+00,0.00000000e+00,0.00000000e+00,0.00000000e+00,0.00000000e+00,0.00000000e+00,0.00000000e+00,0.00000000e+00,0.00000000e+00,0.00000000e+00,0.00000000e+00,0.00000000e+00,0.00000000e+00,0.00000000e+00,0.00000000e+00,0.00000000e+00,1.93557517e-03
2.22500000e+01,1.23100662e-03,0.00000000e+00,0.00000000e+00,0.00000000e+00,0.00000000e+00,0.00000000e+00,0.00000000e+00,0.00000000e+00,0.00000000e+00,0.00000000e+00,0.00000000e+00,0.00000000e+00,0.00000000e+00,0.00000000e+00,0.00000000e+00,0.00000000e+00,0.00000000e+00,0.00000000e+00,0.00000000e+00,0.00000000e+00,0.00000000e+00,0.00000000e+00,0.00000000e+00,0.00000000e+00,1.95205196e-03
2.23500000e+01,1.22932207e-03,0.00000000e+00,0.00000000e+00,0.00000000e+00,0.00000000e+00,0.00000000e+00,0.00000000e+00,0.00000000e+00,0.00000000e+00,0.00000000e+00,0.00000000e+00,0.00000000e+00,0.00000000e+00,0.00000000e+00,0.00000000e+00,0.00000000e+00,0.00000000e+00,0.00000000e+00,0.00000000e+00,0.00000000e+00,0.00000000e+00,0.00000000e+00,0.00000000e+00,0.00000000e+00,1.94316049e-03
2.24500000e+01,1.22581933e-03,0.00000000e+00,0.00000000e+00,0.00000000e+00,0.00000000e+00,0.00000000e+00,0.00000000e+00,0.00000000e+00,0.00000000e+00,0.00000000e+00,0.00000000e+00,0.00000000e+00,0.00000000e+00,0.00000000e+00,0.00000000e+00,0.00000000e+00,0.00000000e+00,0.00000000e+00,0.00000000e+00,0.00000000e+00,0.00000000e+00,0.00000000e+00,0.00000000e+00,0.00000000e+00,1.93693975e-03
2.25500000e+01,1.21879156e-03,0.00000000e+00,0.00000000e+00,0.00000000e+00,0.00000000e+00,0.00000000e+00,0.00000000e+00,0.00000000e+00,0.00000000e+00,0.00000000e+00,0.00000000e+00,0.00000000e+00,0.00000000e+00,0.00000000e+00,0.00000000e+00,0.00000000e+00,0.00000000e+00,0.00000000e+00,0.00000000e+00,0.00000000e+00,0.00000000e+00,0.00000000e+00,0.00000000e+00,0.00000000e+00,1.94050053e-03
2.26500000e+01,1.25974871e-03,0.00000000e+00,0.00000000e+00,0.00000000e+00,0.00000000e+00,0.00000000e+00,0.00000000e+00,0.00000000e+00,0.00000000e+00,0.00000000e+00,0.00000000e+00,0.00000000e+00,0.00000000e+00,0.00000000e+00,0.00000000e+00,0.00000000e+00,0.00000000e+00,0.00000000e+00,0.00000000e+00,0.00000000e+00,0.00000000e+00,0.00000000e+00,0.00000000e+00,0.00000000e+00,1.93182206e-03
2.27500000e+01,1.36394397e-03,0.00000000e+00,0.00000000e+00,0.00000000e+00,0.00000000e+00,0.00000000e+00,0.00000000e+00,0.00000000e+00,0.00000000e+00,0.00000000e+00,0.00000000e+00,0.00000000e+00,0.00000000e+00,0.00000000e+00,0.00000000e+00,0.00000000e+00,0.00000000e+00,0.00000000e+00,0.00000000e+00,0.00000000e+00,0.00000000e+00,0.00000000e+00,0.00000000e+00,0.00000000e+00,1.94468842e-03
2.28500000e+01,1.25990501e-03,0.00000000e+00,0.00000000e+00,0.00000000e+00,0.00000000e+00,0.00000000e+00,0.00000000e+00,0.00000000e+00,0.00000000e+00,0.00000000e+00,0.00000000e+00,0.00000000e+00,0.00000000e+00,0.00000000e+00,0.00000000e+00,0.00000000e+00,0.00000000e+00,0.00000000e+00,0.00000000e+00,0.00000000e+00,0.00000000e+00,0.00000000e+00,0.00000000e+00,0.00000000e+00,1.93998366e-03
2.29500000e+01,1.24639505e-03,0.00000000e+00,0.00000000e+00,0.00000000e+00,0.00000000e+00,0.00000000e+00,0.00000000e+00,0.00000000e+00,0.00000000e+00,0.00000000e+00,0.00000000e+00,0.00000000e+00,0.00000000e+00,0.00000000e+00,0.00000000e+00,0.00000000e+00,0.00000000e+00,0.00000000e+00,0.00000000e+00,0.00000000e+00,0.00000000e+00,0.00000000e+00,0.00000000e+00,0.00000000e+00,1.95468175e-03
2.30500000e+01,1.21373975e-03,0.00000000e+00,0.00000000e+00,0.00000000e+00,0.00000000e+00,0.00000000e+00,0.00000000e+00,0.00000000e+00,0.00000000e+00,0.00000000e+00,0.00000000e+00,0.00000000e+00,0.00000000e+00,0.00000000e+00,0.00000000e+00,0.00000000e+00,0.00000000e+00,0.00000000e+00,0.00000000e+00,0.00000000e+00,0.00000000e+00,0.00000000e+00,0.00000000e+00,0.00000000e+00,1.94687719e-03
2.31500000e+01,1.15941213e-03,0.00000000e+00,0.00000000e+00,0.00000000e+00,0.00000000e+00,0.00000000e+00,0.00000000e+00,0.00000000e+00,0.00000000e+00,0.00000000e+00,0.00000000e+00,0.00000000e+00,0.00000000e+00,0.00000000e+00,0.00000000e+00,0.00000000e+00,0.00000000e+00,0.00000000e+00,0.00000000e+00,0.00000000e+00,0.00000000e+00,0.00000000e+00,0.00000000e+00,0.00000000e+00,1.94471150e-03
2.32500000e+01,1.14301836e-03,0.00000000e+00,0.00000000e+00,0.00000000e+00,0.00000000e+00,0.00000000e+00,0.00000000e+00,0.00000000e+00,0.00000000e+00,0.00000000e+00,0.00000000e+00,0.00000000e+00,0.00000000e+00,0.00000000e+00,0.00000000e+00,0.00000000e+00,0.00000000e+00,0.00000000e+00,0.00000000e+00,0.00000000e+00,0.00000000e+00,0.00000000e+00,0.00000000e+00,0.00000000e+00,1.91473968e-03
2.33500000e+01,1.13648790e-03,0.00000000e+00,0.00000000e+00,0.00000000e+00,0.00000000e+00,0.00000000e+00,0.00000000e+00,0.00000000e+00,0.00000000e+00,0.00000000e+00,0.00000000e+00,0.00000000e+00,0.00000000e+00,0.00000000e+00,0.00000000e+00,0.00000000e+00,0.00000000e+00,0.00000000e+00,0.00000000e+00,0.00000000e+00,0.00000000e+00,0.00000000e+00,0.00000000e+00,0.00000000e+00,1.90942434e-03
2.34500000e+01,1.12862767e-03,0.00000000e+00,0.00000000e+00,0.00000000e+00,0.00000000e+00,0.00000000e+00,0.00000000e+00,0.00000000e+00,0.00000000e+00,0.00000000e+00,0.00000000e+00,0.00000000e+00,0.00000000e+00,0.00000000e+00,0.00000000e+00,0.00000000e+00,0.00000000e+00,0.00000000e+00,0.00000000e+00,0.00000000e+00,0.00000000e+00,0.00000000e+00,0.00000000e+00,0.00000000e+00,1.91383805e-03
2.35500000e+01,1.11633370e-03,0.00000000e+00,0.00000000e+00,0.00000000e+00,0.00000000e+00,0.00000000e+00,0.00000000e+00,0.00000000e+00,0.00000000e+00,0.00000000e+00,0.00000000e+00,0.00000000e+00,0.00000000e+00,0.00000000e+00,0.00000000e+00,0.00000000e+00,0.00000000e+00,0.00000000e+00,0.00000000e+00,0.00000000e+00,0.00000000e+00,0.00000000e+00,0.00000000e+00,0.00000000e+00,1.90466669e-03
2.36500000e+01,1.11045230e-03,0.00000000e+00,0.00000000e+00,0.00000000e+00,0.00000000e+00,0.00000000e+00,0.00000000e+00,0.00000000e+00,0.00000000e+00,0.00000000e+00,0.00000000e+00,0.00000000e+00,0.00000000e+00,0.00000000e+00,0.00000000e+00,0.00000000e+00,0.00000000e+00,0.00000000e+00,0.00000000e+00,0.00000000e+00,0.00000000e+00,0.00000000e+00,0.00000000e+00,0.00000000e+00,1.88848818e-03
2.37500000e+01,1.10636558e-03,0.00000000e+00,0.00000000e+00,0.00000000e+00,0.00000000e+00,0.00000000e+00,0.00000000e+00,0.00000000e+00,0.00000000e+00,0.00000000e+00,0.00000000e+00,0.00000000e+00,0.00000000e+00,0.00000000e+00,0.00000000e+00,0.00000000e+00,0.00000000e+00,0.00000000e+00,0.00000000e+00,0.00000000e+00,0.00000000e+00,0.00000000e+00,0.00000000e+00,0.00000000e+00,1.89832331e-03
2.38500000e+01,1.10306241e-03,0.00000000e+00,0.00000000e+00,0.00000000e+00,0.00000000e+00,0.00000000e+00,0.00000000e+00,0.00000000e+00,0.00000000e+00,0.00000000e+00,0.00000000e+00,0.00000000e+00,0.00000000e+00,0.00000000e+00,0.00000000e+00,0.00000000e+00,0.00000000e+00,0.00000000e+00,0.00000000e+00,0.00000000e+00,0.00000000e+00,0.00000000e+00,0.00000000e+00,0.00000000e+00,1.88092576e-03
2.39500000e+01,1.09443331e-03,0.00000000e+00,0.00000000e+00,0.00000000e+00,0.00000000e+00,0.00000000e+00,0.00000000e+00,0.00000000e+00,0.00000000e+00,0.00000000e+00,0.00000000e+00,0.00000000e+00,0.00000000e+00,0.00000000e+00,0.00000000e+00,0.00000000e+00,0.00000000e+00,0.00000000e+00,0.00000000e+00,0.00000000e+00,0.00000000e+00,0.00000000e+00,0.00000000e+00,0.00000000e+00,1.86630421e-03
2.40500000e+01,1.07998837e-03,0.00000000e+00,0.00000000e+00,0.00000000e+00,0.00000000e+00,0.00000000e+00,0.00000000e+00,0.00000000e+00,0.00000000e+00,0.00000000e+00,0.00000000e+00,0.00000000e+00,0.00000000e+00,0.00000000e+00,0.00000000e+00,0.00000000e+00,0.00000000e+00,0.00000000e+00,0.00000000e+00,0.00000000e+00,0.00000000e+00,0.00000000e+00,0.00000000e+00,0.00000000e+00,1.87286782e-03
2.41500000e+01,1.07582182e-03,0.00000000e+00,0.00000000e+00,0.00000000e+00,0.00000000e+00,0.00000000e+00,0.00000000e+00,0.00000000e+00,0.00000000e+00,0.00000000e+00,0.00000000e+00,0.00000000e+00,0.00000000e+00,0.00000000e+00,0.00000000e+00,0.00000000e+00,0.00000000e+00,0.00000000e+00,0.00000000e+00,0.00000000e+00,0.00000000e+00,0.00000000e+00,0.00000000e+00,0.00000000e+00,1.86789681e-03
2.42500000e+01,1.10079569e-03,0.00000000e+00,0.00000000e+00,0.00000000e+00,0.00000000e+00,0.00000000e+00,0.00000000e+00,0.00000000e+00,0.00000000e+00,0.00000000e+00,0.00000000e+00,0.00000000e+00,0.00000000e+00,0.00000000e+00,0.00000000e+00,0.00000000e+00,0.00000000e+00,0.00000000e+00,0.00000000e+00,0.00000000e+00,0.00000000e+00,0.00000000e+00,0.00000000e+00,0.00000000e+00,1.87354128e-03
2.43500000e+01,1.12187208e-03,0.00000000e+00,0.00000000e+00,0.00000000e+00,0.00000000e+00,0.00000000e+00,0.00000000e+00,0.00000000e+00,0.00000000e+00,0.00000000e+00,0.00000000e+00,0.00000000e+00,0.00000000e+00,0.00000000e+00,0.00000000e+00,0.00000000e+00,0.00000000e+00,0.00000000e+00,0.00000000e+00,0.00000000e+00,0.00000000e+00,0.00000000e+00,0.00000000e+00,0.00000000e+00,1.87300123e-03
2.44500000e+01,1.12750550e-03,0.00000000e+00,0.00000000e+00,0.00000000e+00,0.00000000e+00,0.00000000e+00,0.00000000e+00,0.00000000e+00,0.00000000e+00,0.00000000e+00,0.00000000e+00,0.00000000e+00,0.00000000e+00,0.00000000e+00,0.00000000e+00,0.00000000e+00,0.00000000e+00,0.00000000e+00,0.00000000e+00,0.00000000e+00,0.00000000e+00,0.00000000e+00,0.00000000e+00,0.00000000e+00,1.88366525e-03
2.45500000e+01,1.08060326e-03,0.00000000e+00,0.00000000e+00,0.00000000e+00,0.00000000e+00,0.00000000e+00,0.00000000e+00,0.00000000e+00,0.00000000e+00,0.00000000e+00,0.00000000e+00,0.00000000e+00,0.00000000e+00,0.00000000e+00,0.00000000e+00,0.00000000e+00,0.00000000e+00,0.00000000e+00,0.00000000e+00,0.00000000e+00,0.00000000e+00,0.00000000e+00,0.00000000e+00,0.00000000e+00,1.87114095e-03
2.46500000e+01,1.09486430e-03,0.00000000e+00,0.00000000e+00,0.00000000e+00,0.00000000e+00,0.00000000e+00,0.00000000e+00,0.00000000e+00,0.00000000e+00,0.00000000e+00,0.00000000e+00,0.00000000e+00,0.00000000e+00,0.00000000e+00,0.00000000e+00,0.00000000e+00,0.00000000e+00,0.00000000e+00,0.00000000e+00,0.00000000e+00,0.00000000e+00,0.00000000e+00,0.00000000e+00,0.00000000e+00,1.88673451e-03
2.47500000e+01,1.07463121e-03,0.00000000e+00,0.00000000e+00,0.00000000e+00,0.00000000e+00,0.00000000e+00,0.00000000e+00,0.00000000e+00,0.00000000e+00,0.00000000e+00,0.00000000e+00,0.00000000e+00,0.00000000e+00,0.00000000e+00,0.00000000e+00,0.00000000e+00,0.00000000e+00,0.00000000e+00,0.00000000e+00,0.00000000e+00,0.00000000e+00,0.00000000e+00,0.00000000e+00,0.00000000e+00,1.87270969e-03
2.48500000e+01,1.09784953e-03,0.00000000e+00,0.00000000e+00,0.00000000e+00,0.00000000e+00,0.00000000e+00,0.00000000e+00,0.00000000e+00,0.00000000e+00,0.00000000e+00,0.00000000e+00,0.00000000e+00,0.00000000e+00,0.00000000e+00,0.00000000e+00,0.00000000e+00,0.00000000e+00,0.00000000e+00,0.00000000e+00,0.00000000e+00,0.00000000e+00,0.00000000e+00,0.00000000e+00,0.00000000e+00,1.86075789e-03
2.49500000e+01,1.05903447e-03,0.00000000e+00,0.00000000e+00,0.00000000e+00,0.00000000e+00,0.00000000e+00,0.00000000e+00,0.00000000e+00,0.00000000e+00,0.00000000e+00,0.00000000e+00,0.00000000e+00,0.00000000e+00,0.00000000e+00,0.00000000e+00,0.00000000e+00,0.00000000e+00,0.00000000e+00,0.00000000e+00,0.00000000e+00,0.00000000e+00,0.00000000e+00,0.00000000e+00,0.00000000e+00,1.85018927e-03
2.50500000e+01,1.02045276e-03,0.00000000e+00,0.00000000e+00,0.00000000e+00,0.00000000e+00,0.00000000e+00,0.00000000e+00,0.00000000e+00,0.00000000e+00,0.00000000e+00,0.00000000e+00,0.00000000e+00,0.00000000e+00,0.00000000e+00,0.00000000e+00,0.00000000e+00,0.00000000e+00,0.00000000e+00,0.00000000e+00,0.00000000e+00,0.00000000e+00,0.00000000e+00,0.00000000e+00,0.00000000e+00,1.85252832e-03
2.51500000e+01,9.94735338e-04,0.00000000e+00,0.00000000e+00,0.00000000e+00,0.00000000e+00,0.00000000e+00,0.00000000e+00,0.00000000e+00,0.00000000e+00,0.00000000e+00,0.00000000e+00,0.00000000e+00,0.00000000e+00,0.00000000e+00,0.00000000e+00,0.00000000e+00,0.00000000e+00,0.00000000e+00,0.00000000e+00,0.00000000e+00,0.00000000e+00,0.00000000e+00,0.00000000e+00,0.00000000e+00,1.86930993e-03
2.52500000e+01,9.67073268e-04,0.00000000e+00,0.00000000e+00,0.00000000e+00,0.00000000e+00,0.00000000e+00,0.00000000e+00,0.00000000e+00,0.00000000e+00,0.00000000e+00,0.00000000e+00,0.00000000e+00,0.00000000e+00,0.00000000e+00,0.00000000e+00,0.00000000e+00,0.00000000e+00,0.00000000e+00,0.00000000e+00,0.00000000e+00,0.00000000e+00,0.00000000e+00,0.00000000e+00,0.00000000e+00,1.86964921e-03
2.53500000e+01,9.63493199e-04,0.00000000e+00,0.00000000e+00,0.00000000e+00,0.00000000e+00,0.00000000e+00,0.00000000e+00,0.00000000e+00,0.00000000e+00,0.00000000e+00,0.00000000e+00,0.00000000e+00,0.00000000e+00,0.00000000e+00,0.00000000e+00,0.00000000e+00,0.00000000e+00,0.00000000e+00,0.00000000e+00,0.00000000e+00,0.00000000e+00,0.00000000e+00,0.00000000e+00,0.00000000e+00,1.87830826e-03
2.54500000e+01,9.61061760e-04,0.00000000e+00,0.00000000e+00,0.00000000e+00,0.00000000e+00,0.00000000e+00,0.00000000e+00,0.00000000e+00,0.00000000e+00,0.00000000e+00,0.00000000e+00,0.00000000e+00,0.00000000e+00,0.00000000e+00,0.00000000e+00,0.00000000e+00,0.00000000e+00,0.00000000e+00,0.00000000e+00,0.00000000e+00,0.00000000e+00,0.00000000e+00,0.00000000e+00,0.00000000e+00,1.89704629e-03
2.55500000e+01,9.36598890e-04,0.00000000e+00,0.00000000e+00,0.00000000e+00,0.00000000e+00,0.00000000e+00,0.00000000e+00,0.00000000e+00,0.00000000e+00,0.00000000e+00,0.00000000e+00,0.00000000e+00,0.00000000e+00,0.00000000e+00,0.00000000e+00,0.00000000e+00,0.00000000e+00,0.00000000e+00,0.00000000e+00,0.00000000e+00,0.00000000e+00,0.00000000e+00,0.00000000e+00,0.00000000e+00,1.90100855e-03
2.56500000e+01,9.22589896e-04,0.00000000e+00,0.00000000e+00,0.00000000e+00,0.00000000e+00,0.00000000e+00,0.00000000e+00,0.00000000e+00,0.00000000e+00,0.00000000e+00,0.00000000e+00,0.00000000e+00,0.00000000e+00,0.00000000e+00,0.00000000e+00,0.00000000e+00,0.00000000e+00,0.00000000e+00,0.00000000e+00,0.00000000e+00,0.00000000e+00,0.00000000e+00,0.00000000e+00,0.00000000e+00,1.87234313e-03
2.57500000e+01,9.13781870e-04,0.00000000e+00,0.00000000e+00,0.00000000e+00,0.00000000e+00,0.00000000e+00,0.00000000e+00,0.00000000e+00,0.00000000e+00,0.00000000e+00,0.00000000e+00,0.00000000e+00,0.00000000e+00,0.00000000e+00,0.00000000e+00,0.00000000e+00,0.00000000e+00,0.00000000e+00,0.00000000e+00,0.00000000e+00,0.00000000e+00,0.00000000e+00,0.00000000e+00,0.00000000e+00,1.86763703e-03
2.58500000e+01,9.02886354e-04,0.00000000e+00,0.00000000e+00,0.00000000e+00,0.00000000e+00,0.00000000e+00,0.00000000e+00,0.00000000e+00,0.00000000e+00,0.00000000e+00,0.00000000e+00,0.00000000e+00,0.00000000e+00,0.00000000e+00,0.00000000e+00,0.00000000e+00,0.00000000e+00,0.00000000e+00,0.00000000e+00,0.00000000e+00,0.00000000e+00,0.00000000e+00,0.00000000e+00,0.00000000e+00,1.86259515e-03
2.59500000e+01,9.23205321e-04,0.00000000e+00,0.00000000e+00,0.00000000e+00,0.00000000e+00,0.00000000e+00,0.00000000e+00,0.00000000e+00,0.00000000e+00,0.00000000e+00,0.00000000e+00,0.00000000e+00,0.00000000e+00,0.00000000e+00,0.00000000e+00,0.00000000e+00,0.00000000e+00,0.00000000e+00,0.00000000e+00,0.00000000e+00,0.00000000e+00,0.00000000e+00,0.00000000e+00,0.00000000e+00,1.85638176e-03
2.60500000e+01,9.13427267e-04,0.00000000e+00,0.00000000e+00,0.00000000e+00,0.00000000e+00,0.00000000e+00,0.00000000e+00,0.00000000e+00,0.00000000e+00,0.00000000e+00,0.00000000e+00,0.00000000e+00,0.00000000e+00,0.00000000e+00,0.00000000e+00,0.00000000e+00,0.00000000e+00,0.00000000e+00,0.00000000e+00,0.00000000e+00,0.00000000e+00,0.00000000e+00,0.00000000e+00,0.00000000e+00,1.85047304e-03
2.61500000e+01,8.83062566e-04,0.00000000e+00,0.00000000e+00,0.00000000e+00,0.00000000e+00,0.00000000e+00,0.00000000e+00,0.00000000e+00,0.00000000e+00,0.00000000e+00,0.00000000e+00,0.00000000e+00,0.00000000e+00,0.00000000e+00,0.00000000e+00,0.00000000e+00,0.00000000e+00,0.00000000e+00,0.00000000e+00,0.00000000e+00,0.00000000e+00,0.00000000e+00,0.00000000e+00,0.00000000e+00,1.83848956e-03
2.62500000e+01,8.76250043e-04,0.00000000e+00,0.00000000e+00,0.00000000e+00,0.00000000e+00,0.00000000e+00,0.00000000e+00,0.00000000e+00,0.00000000e+00,0.00000000e+00,0.00000000e+00,0.00000000e+00,0.00000000e+00,0.00000000e+00,0.00000000e+00,0.00000000e+00,0.00000000e+00,0.00000000e+00,0.00000000e+00,0.00000000e+00,0.00000000e+00,0.00000000e+00,0.00000000e+00,0.00000000e+00,1.83455370e-03
2.63500000e+01,8.66862245e-04,0.00000000e+00,0.00000000e+00,0.00000000e+00,0.00000000e+00,0.00000000e+00,0.00000000e+00,0.00000000e+00,0.00000000e+00,0.00000000e+00,0.00000000e+00,0.00000000e+00,0.00000000e+00,0.00000000e+00,0.00000000e+00,0.00000000e+00,0.00000000e+00,0.00000000e+00,0.00000000e+00,0.00000000e+00,0.00000000e+00,0.00000000e+00,0.00000000e+00,0.00000000e+00,1.81795837e-03
2.64500000e+01,8.65105230e-04,0.00000000e+00,0.00000000e+00,0.00000000e+00,0.00000000e+00,0.00000000e+00,0.00000000e+00,0.00000000e+00,0.00000000e+00,0.00000000e+00,0.00000000e+00,0.00000000e+00,0.00000000e+00,0.00000000e+00,0.00000000e+00,0.00000000e+00,0.00000000e+00,0.00000000e+00,0.00000000e+00,0.00000000e+00,0.00000000e+00,0.00000000e+00,0.00000000e+00,0.00000000e+00,1.82652093e-03
2.65500000e+01,8.55518056e-04,0.00000000e+00,0.00000000e+00,0.00000000e+00,0.00000000e+00,0.00000000e+00,0.00000000e+00,0.00000000e+00,0.00000000e+00,0.00000000e+00,0.00000000e+00,0.00000000e+00,0.00000000e+00,0.00000000e+00,0.00000000e+00,0.00000000e+00,0.00000000e+00,0.00000000e+00,0.00000000e+00,0.00000000e+00,0.00000000e+00,0.00000000e+00,0.00000000e+00,0.00000000e+00,1.83159299e-03
2.66500000e+01,8.42966872e-04,0.00000000e+00,0.00000000e+00,0.00000000e+00,0.00000000e+00,0.00000000e+00,0.00000000e+00,0.00000000e+00,0.00000000e+00,0.00000000e+00,0.00000000e+00,0.00000000e+00,0.00000000e+00,0.00000000e+00,0.00000000e+00,0.00000000e+00,0.00000000e+00,0.00000000e+00,0.00000000e+00,0.00000000e+00,0.00000000e+00,0.00000000e+00,0.00000000e+00,0.00000000e+00,1.82071035e-03
2.67500000e+01,8.35830680e-04,0.00000000e+00,0.00000000e+00,0.00000000e+00,0.00000000e+00,0.00000000e+00,0.00000000e+00,0.00000000e+00,0.00000000e+00,0.00000000e+00,0.00000000e+00,0.00000000e+00,0.00000000e+00,0.00000000e+00,0.00000000e+00,0.00000000e+00,0.00000000e+00,0.00000000e+00,0.00000000e+00,0.00000000e+00,0.00000000e+00,0.00000000e+00,0.00000000e+00,0.00000000e+00,1.84148677e-03
2.68500000e+01,8.24199484e-04,0.00000000e+00,0.00000000e+00,0.00000000e+00,0.00000000e+00,0.00000000e+00,0.00000000e+00,0.00000000e+00,0.00000000e+00,0.00000000e+00,0.00000000e+00,0.00000000e+00,0.00000000e+00,0.00000000e+00,0.00000000e+00,0.00000000e+00,0.00000000e+00,0.00000000e+00,0.00000000e+00,0.00000000e+00,0.00000000e+00,0.00000000e+00,0.00000000e+00,0.00000000e+00,1.81556432e-03
2.69500000e+01,8.21848937e-04,0.00000000e+00,0.00000000e+00,0.00000000e+00,0.00000000e+00,0.00000000e+00,0.00000000e+00,0.00000000e+00,0.00000000e+00,0.00000000e+00,0.00000000e+00,0.00000000e+00,0.00000000e+00,0.00000000e+00,0.00000000e+00,0.00000000e+00,0.00000000e+00,0.00000000e+00,0.00000000e+00,0.00000000e+00,0.00000000e+00,0.00000000e+00,0.00000000e+00,0.00000000e+00,1.81478795e-03
2.70500000e+01,8.18014044e-04,0.00000000e+00,0.00000000e+00,0.00000000e+00,0.00000000e+00,0.00000000e+00,0.00000000e+00,0.00000000e+00,0.00000000e+00,0.00000000e+00,0.00000000e+00,0.00000000e+00,0.00000000e+00,0.00000000e+00,0.00000000e+00,0.00000000e+00,0.00000000e+00,0.00000000e+00,0.00000000e+00,0.00000000e+00,0.00000000e+00,0.00000000e+00,0.00000000e+00,0.00000000e+00,1.81823920e-03
2.71500000e+01,8.11003090e-04,0.00000000e+00,0.00000000e+00,0.00000000e+00,0.00000000e+00,0.00000000e+00,0.00000000e+00,0.00000000e+00,0.00000000e+00,0.00000000e+00,0.00000000e+00,0.00000000e+00,0.00000000e+00,0.00000000e+00,0.00000000e+00,0.00000000e+00,0.00000000e+00,0.00000000e+00,0.00000000e+00,0.00000000e+00,0.00000000e+00,0.00000000e+00,0.00000000e+00,0.00000000e+00,1.80670166e-03
2.72500000e+01,8.03077992e-04,0.00000000e+00,0.00000000e+00,0.00000000e+00,0.00000000e+00,0.00000000e+00,0.00000000e+00,0.00000000e+00,0.00000000e+00,0.00000000e+00,0.00000000e+00,0.00000000e+00,0.00000000e+00,0.00000000e+00,0.00000000e+00,0.00000000e+00,0.00000000e+00,0.00000000e+00,0.00000000e+00,0.00000000e+00,0.00000000e+00,0.00000000e+00,0.00000000e+00,0.00000000e+00,1.83170946e-03
2.73500000e+01,7.98138790e-04,0.00000000e+00,0.00000000e+00,0.00000000e+00,0.00000000e+00,0.00000000e+00,0.00000000e+00,0.00000000e+00,0.00000000e+00,0.00000000e+00,0.00000000e+00,0.00000000e+00,0.00000000e+00,0.00000000e+00,0.00000000e+00,0.00000000e+00,0.00000000e+00,0.00000000e+00,0.00000000e+00,0.00000000e+00,0.00000000e+00,0.00000000e+00,0.00000000e+00,0.00000000e+00,1.81912383e-03
2.74500000e+01,7.99244875e-04,0.00000000e+00,0.00000000e+00,0.00000000e+00,0.00000000e+00,0.00000000e+00,0.00000000e+00,0.00000000e+00,0.00000000e+00,0.00000000e+00,0.00000000e+00,0.00000000e+00,0.00000000e+00,0.00000000e+00,0.00000000e+00,0.00000000e+00,0.00000000e+00,0.00000000e+00,0.00000000e+00,0.00000000e+00,0.00000000e+00,0.00000000e+00,0.00000000e+00,0.00000000e+00,1.79675030e-03
2.75500000e+01,7.97541336e-04,0.00000000e+00,0.00000000e+00,0.00000000e+00,0.00000000e+00,0.00000000e+00,0.00000000e+00,0.00000000e+00,0.00000000e+00,0.00000000e+00,0.00000000e+00,0.00000000e+00,0.00000000e+00,0.00000000e+00,0.00000000e+00,0.00000000e+00,0.00000000e+00,0.00000000e+00,0.00000000e+00,0.00000000e+00,0.00000000e+00,0.00000000e+00,0.00000000e+00,0.00000000e+00,1.80048954e-03
2.76500000e+01,7.92179361e-04,0.00000000e+00,0.00000000e+00,0.00000000e+00,0.00000000e+00,0.00000000e+00,0.00000000e+00,0.00000000e+00,0.00000000e+00,0.00000000e+00,0.00000000e+00,0.00000000e+00,0.00000000e+00,0.00000000e+00,0.00000000e+00,0.00000000e+00,0.00000000e+00,0.00000000e+00,0.00000000e+00,0.00000000e+00,0.00000000e+00,0.00000000e+00,0.00000000e+00,0.00000000e+00,1.83802226e-03
2.77500000e+01,7.68959968e-04,0.00000000e+00,0.00000000e+00,0.00000000e+00,0.00000000e+00,0.00000000e+00,0.00000000e+00,0.00000000e+00,0.00000000e+00,0.00000000e+00,0.00000000e+00,0.00000000e+00,0.00000000e+00,0.00000000e+00,0.00000000e+00,0.00000000e+00,0.00000000e+00,0.00000000e+00,0.00000000e+00,0.00000000e+00,0.00000000e+00,0.00000000e+00,0.00000000e+00,0.00000000e+00,1.83189046e-03
2.78500000e+01,7.56718099e-04,0.00000000e+00,0.00000000e+00,0.00000000e+00,0.00000000e+00,0.00000000e+00,0.00000000e+00,0.00000000e+00,0.00000000e+00,0.00000000e+00,0.00000000e+00,0.00000000e+00,0.00000000e+00,0.00000000e+00,0.00000000e+00,0.00000000e+00,0.00000000e+00,0.00000000e+00,0.00000000e+00,0.00000000e+00,0.00000000e+00,0.00000000e+00,0.00000000e+00,0.00000000e+00,1.81225563e-03
2.79500000e+01,7.54851634e-04,0.00000000e+00,0.00000000e+00,0.00000000e+00,0.00000000e+00,0.00000000e+00,0.00000000e+00,0.00000000e+00,0.00000000e+00,0.00000000e+00,0.00000000e+00,0.00000000e+00,0.00000000e+00,0.00000000e+00,0.00000000e+00,0.00000000e+00,0.00000000e+00,0.00000000e+00,0.00000000e+00,0.00000000e+00,0.00000000e+00,0.00000000e+00,0.00000000e+00,0.00000000e+00,1.79824605e-03
2.80500000e+01,7.44158035e-04,0.00000000e+00,0.00000000e+00,0.00000000e+00,0.00000000e+00,0.00000000e+00,0.00000000e+00,0.00000000e+00,0.00000000e+00,0.00000000e+00,0.00000000e+00,0.00000000e+00,0.00000000e+00,0.00000000e+00,0.00000000e+00,0.00000000e+00,0.00000000e+00,0.00000000e+00,0.00000000e+00,0.00000000e+00,0.00000000e+00,0.00000000e+00,0.00000000e+00,0.00000000e+00,1.80848390e-03
2.81500000e+01,7.33906866e-04,0.00000000e+00,0.00000000e+00,0.00000000e+00,0.00000000e+00,0.00000000e+00,0.00000000e+00,0.00000000e+00,0.00000000e+00,0.00000000e+00,0.00000000e+00,0.00000000e+00,0.00000000e+00,0.00000000e+00,0.00000000e+00,0.00000000e+00,0.00000000e+00,0.00000000e+00,0.00000000e+00,0.00000000e+00,0.00000000e+00,0.00000000e+00,0.00000000e+00,0.00000000e+00,1.80401437e-03
2.82500000e+01,7.32312089e-04,0.00000000e+00,0.00000000e+00,0.00000000e+00,0.00000000e+00,0.00000000e+00,0.00000000e+00,0.00000000e+00,0.00000000e+00,0.00000000e+00,0.00000000e+00,0.00000000e+00,0.00000000e+00,0.00000000e+00,0.00000000e+00,0.00000000e+00,0.00000000e+00,0.00000000e+00,0.00000000e+00,0.00000000e+00,0.00000000e+00,0.00000000e+00,0.00000000e+00,0.00000000e+00,1.78858507e-03
2.83500000e+01,7.14906378e-04,0.00000000e+00,0.00000000e+00,0.00000000e+00,0.00000000e+00,0.00000000e+00,0.00000000e+00,0.00000000e+00,0.00000000e+00,0.00000000e+00,0.00000000e+00,0.00000000e+00,0.00000000e+00,0.00000000e+00,0.00000000e+00,0.00000000e+00,0.00000000e+00,0.00000000e+00,0.00000000e+00,0.00000000e+00,0.00000000e+00,0.00000000e+00,0.00000000e+00,0.00000000e+00,1.78669871e-03
2.84500000e+01,7.09439830e-04,0.00000000e+00,0.00000000e+00,0.00000000e+00,0.00000000e+00,0.00000000e+00,0.00000000e+00,0.00000000e+00,0.00000000e+00,0.00000000e+00,0.00000000e+00,0.00000000e+00,0.00000000e+00,0.00000000e+00,0.00000000e+00,0.00000000e+00,0.00000000e+00,0.00000000e+00,0.00000000e+00,0.00000000e+00,0.00000000e+00,0.00000000e+00,0.00000000e+00,0.00000000e+00,1.79485565e-03
2.85500000e+01,7.62555311e-04,0.00000000e+00,0.00000000e+00,0.00000000e+00,0.00000000e+00,0.00000000e+00,0.00000000e+00,0.00000000e+00,0.00000000e+00,0.00000000e+00,0.00000000e+00,0.00000000e+00,0.00000000e+00,0.00000000e+00,0.00000000e+00,0.00000000e+00,0.00000000e+00,0.00000000e+00,0.00000000e+00,0.00000000e+00,0.00000000e+00,0.00000000e+00,0.00000000e+00,0.00000000e+00,1.80038272e-03
2.86500000e+01,7.34633075e-04,0.00000000e+00,0.00000000e+00,0.00000000e+00,0.00000000e+00,0.00000000e+00,0.00000000e+00,0.00000000e+00,0.00000000e+00,0.00000000e+00,0.00000000e+00,0.00000000e+00,0.00000000e+00,0.00000000e+00,0.00000000e+00,0.00000000e+00,0.00000000e+00,0.00000000e+00,0.00000000e+00,0.00000000e+00,0.00000000e+00,0.00000000e+00,0.00000000e+00,0.00000000e+00,1.79051611e-03
2.87500000e+01,6.90948002e-04,0.00000000e+00,0.00000000e+00,0.00000000e+00,0.00000000e+00,0.00000000e+00,0.00000000e+00,0.00000000e+00,0.00000000e+00,0.00000000e+00,0.00000000e+00,0.00000000e+00,0.00000000e+00,0.00000000e+00,0.00000000e+00,0.00000000e+00,0.00000000e+00,0.00000000e+00,0.00000000e+00,0.00000000e+00,0.00000000e+00,0.00000000e+00,0.00000000e+00,0.00000000e+00,1.76443316e-03
2.88500000e+01,6.84243864e-04,0.00000000e+00,0.00000000e+00,0.00000000e+00,0.00000000e+00,0.00000000e+00,0.00000000e+00,0.00000000e+00,0.00000000e+00,0.00000000e+00,0.00000000e+00,0.00000000e+00,0.00000000e+00,0.00000000e+00,0.00000000e+00,0.00000000e+00,0.00000000e+00,0.00000000e+00,0.00000000e+00,0.00000000e+00,0.00000000e+00,0.00000000e+00,0.00000000e+00,0.00000000e+00,1.77640091e-03
2.89500000e+01,6.98476570e-04,0.00000000e+00,0.00000000e+00,0.00000000e+00,0.00000000e+00,0.00000000e+00,0.00000000e+00,0.00000000e+00,0.00000000e+00,0.00000000e+00,0.00000000e+00,0.00000000e+00,0.00000000e+00,0.00000000e+00,0.00000000e+00,0.00000000e+00,0.00000000e+00,0.00000000e+00,0.00000000e+00,0.00000000e+00,0.00000000e+00,0.00000000e+00,0.00000000e+00,0.00000000e+00,1.76505599e-03
2.90500000e+01,6.91360132e-04,0.00000000e+00,0.00000000e+00,0.00000000e+00,0.00000000e+00,0.00000000e+00,0.00000000e+00,0.00000000e+00,0.00000000e+00,0.00000000e+00,0.00000000e+00,0.00000000e+00,0.00000000e+00,0.00000000e+00,0.00000000e+00,0.00000000e+00,0.00000000e+00,0.00000000e+00,0.00000000e+00,0.00000000e+00,0.00000000e+00,0.00000000e+00,0.00000000e+00,0.00000000e+00,1.77059975e-03
2.91500000e+01,6.70510384e-04,0.00000000e+00,0.00000000e+00,0.00000000e+00,0.00000000e+00,0.00000000e+00,0.00000000e+00,0.00000000e+00,0.00000000e+00,0.00000000e+00,0.00000000e+00,0.00000000e+00,0.00000000e+00,0.00000000e+00,0.00000000e+00,0.00000000e+00,0.00000000e+00,0.00000000e+00,0.00000000e+00,0.00000000e+00,0.00000000e+00,0.00000000e+00,0.00000000e+00,0.00000000e+00,1.75497888e-03
2.92500000e+01,6.64653990e-04,0.00000000e+00,0.00000000e+00,0.00000000e+00,0.00000000e+00,0.00000000e+00,0.00000000e+00,0.00000000e+00,0.00000000e+00,0.00000000e+00,0.00000000e+00,0.00000000e+00,0.00000000e+00,0.00000000e+00,0.00000000e+00,0.00000000e+00,0.00000000e+00,0.00000000e+00,0.00000000e+00,0.00000000e+00,0.00000000e+00,0.00000000e+00,0.00000000e+00,0.00000000e+00,1.75630514e-03
2.93500000e+01,6.62946205e-04,0.00000000e+00,0.00000000e+00,0.00000000e+00,0.00000000e+00,0.00000000e+00,0.00000000e+00,0.00000000e+00,0.00000000e+00,0.00000000e+00,0.00000000e+00,0.00000000e+00,0.00000000e+00,0.00000000e+00,0.00000000e+00,0.00000000e+00,0.00000000e+00,0.00000000e+00,0.00000000e+00,0.00000000e+00,0.00000000e+00,0.00000000e+00,0.00000000e+00,0.00000000e+00,1.72466503e-03
2.94500000e+01,6.42811995e-04,0.00000000e+00,0.00000000e+00,0.00000000e+00,0.00000000e+00,0.00000000e+00,0.00000000e+00,0.00000000e+00,0.00000000e+00,0.00000000e+00,0.00000000e+00,0.00000000e+00,0.00000000e+00,0.00000000e+00,0.00000000e+00,0.00000000e+00,0.00000000e+00,0.00000000e+00,0.00000000e+00,0.00000000e+00,0.00000000e+00,0.00000000e+00,0.00000000e+00,0.00000000e+00,1.72481050e-03
2.95500000e+01,6.13034462e-04,0.00000000e+00,0.00000000e+00,0.00000000e+00,0.00000000e+00,0.00000000e+00,0.00000000e+00,0.00000000e+00,0.00000000e+00,0.00000000e+00,0.00000000e+00,0.00000000e+00,0.00000000e+00,0.00000000e+00,0.00000000e+00,0.00000000e+00,0.00000000e+00,0.00000000e+00,0.00000000e+00,0.00000000e+00,0.00000000e+00,0.00000000e+00,0.00000000e+00,0.00000000e+00,1.72815227e-03
2.96500000e+01,6.05935881e-04,0.00000000e+00,0.00000000e+00,0.00000000e+00,0.00000000e+00,0.00000000e+00,0.00000000e+00,0.00000000e+00,0.00000000e+00,0.00000000e+00,0.00000000e+00,0.00000000e+00,0.00000000e+00,0.00000000e+00,0.00000000e+00,0.00000000e+00,0.00000000e+00,0.00000000e+00,0.00000000e+00,0.00000000e+00,0.00000000e+00,0.00000000e+00,0.00000000e+00,0.00000000e+00,1.71452879e-03
2.97500000e+01,6.05070665e-04,0.00000000e+00,0.00000000e+00,0.00000000e+00,0.00000000e+00,0.00000000e+00,0.00000000e+00,0.00000000e+00,0.00000000e+00,0.00000000e+00,0.00000000e+00,0.00000000e+00,0.00000000e+00,0.00000000e+00,0.00000000e+00,0.00000000e+00,0.00000000e+00,0.00000000e+00,0.00000000e+00,0.00000000e+00,0.00000000e+00,0.00000000e+00,0.00000000e+00,0.00000000e+00,1.71384938e-03
2.98500000e+01,5.92297260e-04,0.00000000e+00,0.00000000e+00,0.00000000e+00,0.00000000e+00,0.00000000e+00,0.00000000e+00,0.00000000e+00,0.00000000e+00,0.00000000e+00,0.00000000e+00,0.00000000e+00,0.00000000e+00,0.00000000e+00,0.00000000e+00,0.00000000e+00,0.00000000e+00,0.00000000e+00,0.00000000e+00,0.00000000e+00,0.00000000e+00,0.00000000e+00,0.00000000e+00,0.00000000e+00,1.70908040e-03
2.99500000e+01,5.84185253e-04,0.00000000e+00,0.00000000e+00,0.00000000e+00,0.00000000e+00,0.00000000e+00,0.00000000e+00,0.00000000e+00,0.00000000e+00,0.00000000e+00,0.00000000e+00,0.00000000e+00,0.00000000e+00,0.00000000e+00,0.00000000e+00,0.00000000e+00,0.00000000e+00,0.00000000e+00,0.00000000e+00,0.00000000e+00,0.00000000e+00,0.00000000e+00,0.00000000e+00,0.00000000e+00,1.70342070e-03
3.00500000e+01,5.81018811e-04,0.00000000e+00,0.00000000e+00,0.00000000e+00,0.00000000e+00,0.00000000e+00,0.00000000e+00,0.00000000e+00,0.00000000e+00,0.00000000e+00,0.00000000e+00,0.00000000e+00,0.00000000e+00,0.00000000e+00,0.00000000e+00,0.00000000e+00,0.00000000e+00,0.00000000e+00,0.00000000e+00,0.00000000e+00,0.00000000e+00,0.00000000e+00,0.00000000e+00,0.00000000e+00,1.71267868e-03
3.01500000e+01,5.77553843e-04,0.00000000e+00,0.00000000e+00,0.00000000e+00,0.00000000e+00,0.00000000e+00,0.00000000e+00,0.00000000e+00,0.00000000e+00,0.00000000e+00,0.00000000e+00,0.00000000e+00,0.00000000e+00,0.00000000e+00,0.00000000e+00,0.00000000e+00,0.00000000e+00,0.00000000e+00,0.00000000e+00,0.00000000e+00,0.00000000e+00,0.00000000e+00,0.00000000e+00,0.00000000e+00,1.70569401e-03
3.02500000e+01,5.66188923e-04,0.00000000e+00,0.00000000e+00,0.00000000e+00,0.00000000e+00,0.00000000e+00,0.00000000e+00,0.00000000e+00,0.00000000e+00,0.00000000e+00,0.00000000e+00,0.00000000e+00,0.00000000e+00,0.00000000e+00,0.00000000e+00,0.00000000e+00,0.00000000e+00,0.00000000e+00,0.00000000e+00,0.00000000e+00,0.00000000e+00,0.00000000e+00,0.00000000e+00,0.00000000e+00,1.69666593e-03
3.03500000e+01,5.62298998e-04,0.00000000e+00,0.00000000e+00,0.00000000e+00,0.00000000e+00,0.00000000e+00,0.00000000e+00,0.00000000e+00,0.00000000e+00,0.00000000e+00,0.00000000e+00,0.00000000e+00,0.00000000e+00,0.00000000e+00,0.00000000e+00,0.00000000e+00,0.00000000e+00,0.00000000e+00,0.00000000e+00,0.00000000e+00,0.00000000e+00,0.00000000e+00,0.00000000e+00,0.00000000e+00,1.67649660e-03
3.04500000e+01,5.57359354e-04,0.00000000e+00,0.00000000e+00,0.00000000e+00,0.00000000e+00,0.00000000e+00,0.00000000e+00,0.00000000e+00,0.00000000e+00,0.00000000e+00,0.00000000e+00,0.00000000e+00,0.00000000e+00,0.00000000e+00,0.00000000e+00,0.00000000e+00,0.00000000e+00,0.00000000e+00,0.00000000e+00,0.00000000e+00,0.00000000e+00,0.00000000e+00,0.00000000e+00,0.00000000e+00,1.67734838e-03
3.05500000e+01,5.55545827e-04,0.00000000e+00,0.00000000e+00,0.00000000e+00,0.00000000e+00,0.00000000e+00,0.00000000e+00,0.00000000e+00,0.00000000e+00,0.00000000e+00,0.00000000e+00,0.00000000e+00,0.00000000e+00,0.00000000e+00,0.00000000e+00,0.00000000e+00,0.00000000e+00,0.00000000e+00,0.00000000e+00,0.00000000e+00,0.00000000e+00,0.00000000e+00,0.00000000e+00,0.00000000e+00,1.69234141e-03
3.06500000e+01,5.51524786e-04,0.00000000e+00,0.00000000e+00,0.00000000e+00,0.00000000e+00,0.00000000e+00,0.00000000e+00,0.00000000e+00,0.00000000e+00,0.00000000e+00,0.00000000e+00,0.00000000e+00,0.00000000e+00,0.00000000e+00,0.00000000e+00,0.00000000e+00,0.00000000e+00,0.00000000e+00,0.00000000e+00,0.00000000e+00,0.00000000e+00,0.00000000e+00,0.00000000e+00,0.00000000e+00,1.69769447e-03
3.07500000e+01,5.44927308e-04,0.00000000e+00,0.00000000e+00,0.00000000e+00,0.00000000e+00,0.00000000e+00,0.00000000e+00,0.00000000e+00,0.00000000e+00,0.00000000e+00,0.00000000e+00,0.00000000e+00,0.00000000e+00,0.00000000e+00,0.00000000e+00,0.00000000e+00,0.00000000e+00,0.00000000e+00,0.00000000e+00,0.00000000e+00,0.00000000e+00,0.00000000e+00,0.00000000e+00,0.00000000e+00,1.67681594e-03
3.08500000e+01,5.35450653e-04,0.00000000e+00,0.00000000e+00,0.00000000e+00,0.00000000e+00,0.00000000e+00,0.00000000e+00,0.00000000e+00,0.00000000e+00,0.00000000e+00,0.00000000e+00,0.00000000e+00,0.00000000e+00,0.00000000e+00,0.00000000e+00,0.00000000e+00,0.00000000e+00,0.00000000e+00,0.00000000e+00,0.00000000e+00,0.00000000e+00,0.00000000e+00,0.00000000e+00,0.00000000e+00,1.68205326e-03
3.09500000e+01,5.26800455e-04,0.00000000e+00,0.00000000e+00,0.00000000e+00,0.00000000e+00,0.00000000e+00,0.00000000e+00,0.00000000e+00,0.00000000e+00,0.00000000e+00,0.00000000e+00,0.00000000e+00,0.00000000e+00,0.00000000e+00,0.00000000e+00,0.00000000e+00,0.00000000e+00,0.00000000e+00,0.00000000e+00,0.00000000e+00,0.00000000e+00,0.00000000e+00,0.00000000e+00,0.00000000e+00,1.67126854e-03
3.10500000e+01,5.18758103e-04,0.00000000e+00,0.00000000e+00,0.00000000e+00,0.00000000e+00,0.00000000e+00,0.00000000e+00,0.00000000e+00,0.00000000e+00,0.00000000e+00,0.00000000e+00,0.00000000e+00,0.00000000e+00,0.00000000e+00,0.00000000e+00,0.00000000e+00,0.00000000e+00,0.00000000e+00,0.00000000e+00,0.00000000e+00,0.00000000e+00,0.00000000e+00,0.00000000e+00,0.00000000e+00,1.67853409e-03
3.11500000e+01,5.12918325e-04,0.00000000e+00,0.00000000e+00,0.00000000e+00,0.00000000e+00,0.00000000e+00,0.00000000e+00,0.00000000e+00,0.00000000e+00,0.00000000e+00,0.00000000e+00,0.00000000e+00,0.00000000e+00,0.00000000e+00,0.00000000e+00,0.00000000e+00,0.00000000e+00,0.00000000e+00,0.00000000e+00,0.00000000e+00,0.00000000e+00,0.00000000e+00,0.00000000e+00,0.00000000e+00,1.66300930e-03
3.12500000e+01,5.10725271e-04,0.00000000e+00,0.00000000e+00,0.00000000e+00,0.00000000e+00,0.00000000e+00,0.00000000e+00,0.00000000e+00,0.00000000e+00,0.00000000e+00,0.00000000e+00,0.00000000e+00,0.00000000e+00,0.00000000e+00,0.00000000e+00,0.00000000e+00,0.00000000e+00,0.00000000e+00,0.00000000e+00,0.00000000e+00,0.00000000e+00,0.00000000e+00,0.00000000e+00,0.00000000e+00,1.64877390e-03
3.13500000e+01,5.10163617e-04,0.00000000e+00,0.00000000e+00,0.00000000e+00,0.00000000e+00,0.00000000e+00,0.00000000e+00,0.00000000e+00,0.00000000e+00,0.00000000e+00,0.00000000e+00,0.00000000e+00,0.00000000e+00,0.00000000e+00,0.00000000e+00,0.00000000e+00,0.00000000e+00,0.00000000e+00,0.00000000e+00,0.00000000e+00,0.00000000e+00,0.00000000e+00,0.00000000e+00,0.00000000e+00,1.66237054e-03
3.14500000e+01,5.04867984e-04,0.00000000e+00,0.00000000e+00,0.00000000e+00,0.00000000e+00,0.00000000e+00,0.00000000e+00,0.00000000e+00,0.00000000e+00,0.00000000e+00,0.00000000e+00,0.00000000e+00,0.00000000e+00,0.00000000e+00,0.00000000e+00,0.00000000e+00,0.00000000e+00,0.00000000e+00,0.00000000e+00,0.00000000e+00,0.00000000e+00,0.00000000e+00,0.00000000e+00,0.00000000e+00,1.65729367e-03
3.15500000e+01,4.89549468e-04,0.00000000e+00,0.00000000e+00,0.00000000e+00,0.00000000e+00,0.00000000e+00,0.00000000e+00,0.00000000e+00,0.00000000e+00,0.00000000e+00,0.00000000e+00,0.00000000e+00,0.00000000e+00,0.00000000e+00,0.00000000e+00,0.00000000e+00,0.00000000e+00,0.00000000e+00,0.00000000e+00,0.00000000e+00,0.00000000e+00,0.00000000e+00,0.00000000e+00,0.00000000e+00,1.65439117e-03
3.16500000e+01,4.82799030e-04,0.00000000e+00,0.00000000e+00,0.00000000e+00,0.00000000e+00,0.00000000e+00,0.00000000e+00,0.00000000e+00,0.00000000e+00,0.00000000e+00,0.00000000e+00,0.00000000e+00,0.00000000e+00,0.00000000e+00,0.00000000e+00,0.00000000e+00,0.00000000e+00,0.00000000e+00,0.00000000e+00,0.00000000e+00,0.00000000e+00,0.00000000e+00,0.00000000e+00,0.00000000e+00,1.64313742e-03
3.17500000e+01,4.84428889e-04,0.00000000e+00,0.00000000e+00,0.00000000e+00,0.00000000e+00,0.00000000e+00,0.00000000e+00,0.00000000e+00,0.00000000e+00,0.00000000e+00,0.00000000e+00,0.00000000e+00,0.00000000e+00,0.00000000e+00,0.00000000e+00,0.00000000e+00,0.00000000e+00,0.00000000e+00,0.00000000e+00,0.00000000e+00,0.00000000e+00,0.00000000e+00,0.00000000e+00,0.00000000e+00,1.63237186e-03
3.18500000e+01,4.86428691e-04,0.00000000e+00,0.00000000e+00,0.00000000e+00,0.00000000e+00,0.00000000e+00,0.00000000e+00,0.00000000e+00,0.00000000e+00,0.00000000e+00,0.00000000e+00,0.00000000e+00,0.00000000e+00,0.00000000e+00,0.00000000e+00,0.00000000e+00,0.00000000e+00,0.00000000e+00,0.00000000e+00,0.00000000e+00,0.00000000e+00,0.00000000e+00,0.00000000e+00,0.00000000e+00,1.62915006e-03
3.19500000e+01,4.86965181e-04,0.00000000e+00,0.00000000e+00,0.00000000e+00,0.00000000e+00,0.00000000e+00,0.00000000e+00,0.00000000e+00,0.00000000e+00,0.00000000e+00,0.00000000e+00,0.00000000e+00,0.00000000e+00,0.00000000e+00,0.00000000e+00,0.00000000e+00,0.00000000e+00,0.00000000e+00,0.00000000e+00,0.00000000e+00,0.00000000e+00,0.00000000e+00,0.00000000e+00,0.00000000e+00,1.64026964e-03
3.20500000e+01,4.85385707e-04,0.00000000e+00,0.00000000e+00,0.00000000e+00,0.00000000e+00,0.00000000e+00,0.00000000e+00,0.00000000e+00,0.00000000e+00,0.00000000e+00,0.00000000e+00,0.00000000e+00,0.00000000e+00,0.00000000e+00,0.00000000e+00,0.00000000e+00,0.00000000e+00,0.00000000e+00,0.00000000e+00,0.00000000e+00,0.00000000e+00,0.00000000e+00,0.00000000e+00,0.00000000e+00,1.62663116e-03
3.21500000e+01,4.96029454e-04,0.00000000e+00,0.00000000e+00,0.00000000e+00,0.00000000e+00,0.00000000e+00,0.00000000e+00,0.00000000e+00,0.00000000e+00,0.00000000e+00,0.00000000e+00,0.00000000e+00,0.00000000e+00,0.00000000e+00,0.00000000e+00,0.00000000e+00,0.00000000e+00,0.00000000e+00,0.00000000e+00,0.00000000e+00,0.00000000e+00,0.00000000e+00,0.00000000e+00,0.00000000e+00,1.62041927e-03
3.22500000e+01,4.86718815e-04,0.00000000e+00,0.00000000e+00,0.00000000e+00,0.00000000e+00,0.00000000e+00,0.00000000e+00,0.00000000e+00,0.00000000e+00,0.00000000e+00,0.00000000e+00,0.00000000e+00,0.00000000e+00,0.00000000e+00,0.00000000e+00,0.00000000e+00,0.00000000e+00,0.00000000e+00,0.00000000e+00,0.00000000e+00,0.00000000e+00,0.00000000e+00,0.00000000e+00,0.00000000e+00,1.62370181e-03
3.23500000e+01,4.77739520e-04,0.00000000e+00,0.00000000e+00,0.00000000e+00,0.00000000e+00,0.00000000e+00,0.00000000e+00,0.00000000e+00,0.00000000e+00,0.00000000e+00,0.00000000e+00,0.00000000e+00,0.00000000e+00,0.00000000e+00,0.00000000e+00,0.00000000e+00,0.00000000e+00,0.00000000e+00,0.00000000e+00,0.00000000e+00,0.00000000e+00,0.00000000e+00,0.00000000e+00,0.00000000e+00,1.61249606e-03
3.24500000e+01,4.71677001e-04,0.00000000e+00,0.00000000e+00,0.00000000e+00,0.00000000e+00,0.00000000e+00,0.00000000e+00,0.00000000e+00,0.00000000e+00,0.00000000e+00,0.00000000e+00,0.00000000e+00,0.00000000e+00,0.00000000e+00,0.00000000e+00,0.00000000e+00,0.00000000e+00,0.00000000e+00,0.00000000e+00,0.00000000e+00,0.00000000e+00,0.00000000e+00,0.00000000e+00,0.00000000e+00,1.62946026e-03
3.25500000e+01,4.66618026e-04,0.00000000e+00,0.00000000e+00,0.00000000e+00,0.00000000e+00,0.00000000e+00,0.00000000e+00,0.00000000e+00,0.00000000e+00,0.00000000e+00,0.00000000e+00,0.00000000e+00,0.00000000e+00,0.00000000e+00,0.00000000e+00,0.00000000e+00,0.00000000e+00,0.00000000e+00,0.00000000e+00,0.00000000e+00,0.00000000e+00,0.00000000e+00,0.00000000e+00,0.00000000e+00,1.61838144e-03
3.26500000e+01,4.63407980e-04,0.00000000e+00,0.00000000e+00,0.00000000e+00,0.00000000e+00,0.00000000e+00,0.00000000e+00,0.00000000e+00,0.00000000e+00,0.00000000e+00,0.00000000e+00,0.00000000e+00,0.00000000e+00,0.00000000e+00,0.00000000e+00,0.00000000e+00,0.00000000e+00,0.00000000e+00,0.00000000e+00,0.00000000e+00,0.00000000e+00,0.00000000e+00,0.00000000e+00,0.00000000e+00,1.60122888e-03
3.27500000e+01,4.56479509e-04,0.00000000e+00,0.00000000e+00,0.00000000e+00,0.00000000e+00,0.00000000e+00,0.00000000e+00,0.00000000e+00,0.00000000e+00,0.00000000e+00,0.00000000e+00,0.00000000e+00,0.00000000e+00,0.00000000e+00,0.00000000e+00,0.00000000e+00,0.00000000e+00,0.00000000e+00,0.00000000e+00,0.00000000e+00,0.00000000e+00,0.00000000e+00,0.00000000e+00,0.00000000e+00,1.60395446e-03
3.28500000e+01,4.52505231e-04,0.00000000e+00,0.00000000e+00,0.00000000e+00,0.00000000e+00,0.00000000e+00,0.00000000e+00,0.00000000e+00,0.00000000e+00,0.00000000e+00,0.00000000e+00,0.00000000e+00,0.00000000e+00,0.00000000e+00,0.00000000e+00,0.00000000e+00,0.00000000e+00,0.00000000e+00,0.00000000e+00,0.00000000e+00,0.00000000e+00,0.00000000e+00,0.00000000e+00,0.00000000e+00,1.58946753e-03
3.29500000e+01,4.48398174e-04,0.00000000e+00,0.00000000e+00,0.00000000e+00,0.00000000e+00,0.00000000e+00,0.00000000e+00,0.00000000e+00,0.00000000e+00,0.00000000e+00,0.00000000e+00,0.00000000e+00,0.00000000e+00,0.00000000e+00,0.00000000e+00,0.00000000e+00,0.00000000e+00,0.00000000e+00,0.00000000e+00,0.00000000e+00,0.00000000e+00,0.00000000e+00,0.00000000e+00,0.00000000e+00,1.60348493e-03
3.30500000e+01,4.41637559e-04,0.00000000e+00,0.00000000e+00,0.00000000e+00,0.00000000e+00,0.00000000e+00,0.00000000e+00,0.00000000e+00,0.00000000e+00,0.00000000e+00,0.00000000e+00,0.00000000e+00,0.00000000e+00,0.00000000e+00,0.00000000e+00,0.00000000e+00,0.00000000e+00,0.00000000e+00,0.00000000e+00,0.00000000e+00,0.00000000e+00,0.00000000e+00,0.00000000e+00,0.00000000e+00,1.62640026e-03
3.31500000e+01,4.36738325e-04,0.00000000e+00,0.00000000e+00,0.00000000e+00,0.00000000e+00,0.00000000e+00,0.00000000e+00,0.00000000e+00,0.00000000e+00,0.00000000e+00,0.00000000e+00,0.00000000e+00,0.00000000e+00,0.00000000e+00,0.00000000e+00,0.00000000e+00,0.00000000e+00,0.00000000e+00,0.00000000e+00,0.00000000e+00,0.00000000e+00,0.00000000e+00,0.00000000e+00,0.00000000e+00,1.61286177e-03
3.32500000e+01,4.32568531e-04,0.00000000e+00,0.00000000e+00,0.00000000e+00,0.00000000e+00,0.00000000e+00,0.00000000e+00,0.00000000e+00,0.00000000e+00,0.00000000e+00,0.00000000e+00,0.00000000e+00,0.00000000e+00,0.00000000e+00,0.00000000e+00,0.00000000e+00,0.00000000e+00,0.00000000e+00,0.00000000e+00,0.00000000e+00,0.00000000e+00,0.00000000e+00,0.00000000e+00,0.00000000e+00,1.61597998e-03
3.33500000e+01,4.21535928e-04,0.00000000e+00,0.00000000e+00,0.00000000e+00,0.00000000e+00,0.00000000e+00,0.00000000e+00,0.00000000e+00,0.00000000e+00,0.00000000e+00,0.00000000e+00,0.00000000e+00,0.00000000e+00,0.00000000e+00,0.00000000e+00,0.00000000e+00,0.00000000e+00,0.00000000e+00,0.00000000e+00,0.00000000e+00,0.00000000e+00,0.00000000e+00,0.00000000e+00,0.00000000e+00,1.57431287e-03
3.34500000e+01,4.12313173e-04,0.00000000e+00,0.00000000e+00,0.00000000e+00,0.00000000e+00,0.00000000e+00,0.00000000e+00,0.00000000e+00,0.00000000e+00,0.00000000e+00,0.00000000e+00,0.00000000e+00,0.00000000e+00,0.00000000e+00,0.00000000e+00,0.00000000e+00,0.00000000e+00,0.00000000e+00,0.00000000e+00,0.00000000e+00,0.00000000e+00,0.00000000e+00,0.00000000e+00,0.00000000e+00,1.56622885e-03
3.35500000e+01,4.16763401e-04,0.00000000e+00,0.00000000e+00,0.00000000e+00,0.00000000e+00,0.00000000e+00,0.00000000e+00,0.00000000e+00,0.00000000e+00,0.00000000e+00,0.00000000e+00,0.00000000e+00,0.00000000e+00,0.00000000e+00,0.00000000e+00,0.00000000e+00,0.00000000e+00,0.00000000e+00,0.00000000e+00,0.00000000e+00,0.00000000e+00,0.00000000e+00,0.00000000e+00,0.00000000e+00,1.56446397e-03
3.36500000e+01,4.13453664e-04,0.00000000e+00,0.00000000e+00,0.00000000e+00,0.00000000e+00,0.00000000e+00,0.00000000e+00,0.00000000e+00,0.00000000e+00,0.00000000e+00,0.00000000e+00,0.00000000e+00,0.00000000e+00,0.00000000e+00,0.00000000e+00,0.00000000e+00,0.00000000e+00,0.00000000e+00,0.00000000e+00,0.00000000e+00,0.00000000e+00,0.00000000e+00,0.00000000e+00,0.00000000e+00,1.56482628e-03
3.37500000e+01,4.10742547e-04,0.00000000e+00,0.00000000e+00,0.00000000e+00,0.00000000e+00,0.00000000e+00,0.00000000e+00,0.00000000e+00,0.00000000e+00,0.00000000e+00,0.00000000e+00,0.00000000e+00,0.00000000e+00,0.00000000e+00,0.00000000e+00,0.00000000e+00,0.00000000e+00,0.00000000e+00,0.00000000e+00,0.00000000e+00,0.00000000e+00,0.00000000e+00,0.00000000e+00,0.00000000e+00,1.57210103e-03
3.38500000e+01,4.11274275e-04,0.00000000e+00,0.00000000e+00,0.00000000e+00,0.00000000e+00,0.00000000e+00,0.00000000e+00,0.00000000e+00,0.00000000e+00,0.00000000e+00,0.00000000e+00,0.00000000e+00,0.00000000e+00,0.00000000e+00,0.00000000e+00,0.00000000e+00,0.00000000e+00,0.00000000e+00,0.00000000e+00,0.00000000e+00,0.00000000e+00,0.00000000e+00,0.00000000e+00,0.00000000e+00,1.55665866e-03
3.39500000e+01,4.13479979e-04,0.00000000e+00,0.00000000e+00,0.00000000e+00,0.00000000e+00,0.00000000e+00,0.00000000e+00,0.00000000e+00,0.00000000e+00,0.00000000e+00,0.00000000e+00,0.00000000e+00,0.00000000e+00,0.00000000e+00,0.00000000e+00,0.00000000e+00,0.00000000e+00,0.00000000e+00,0.00000000e+00,0.00000000e+00,0.00000000e+00,0.00000000e+00,0.00000000e+00,0.00000000e+00,1.57149249e-03
3.40500000e+01,4.21433779e-04,0.00000000e+00,0.00000000e+00,0.00000000e+00,0.00000000e+00,0.00000000e+00,0.00000000e+00,0.00000000e+00,0.00000000e+00,0.00000000e+00,0.00000000e+00,0.00000000e+00,0.00000000e+00,0.00000000e+00,0.00000000e+00,0.00000000e+00,0.00000000e+00,0.00000000e+00,0.00000000e+00,0.00000000e+00,0.00000000e+00,0.00000000e+00,0.00000000e+00,0.00000000e+00,1.58442799e-03
3.41500000e+01,4.21084506e-04,0.00000000e+00,0.00000000e+00,0.00000000e+00,0.00000000e+00,0.00000000e+00,0.00000000e+00,0.00000000e+00,0.00000000e+00,0.00000000e+00,0.00000000e+00,0.00000000e+00,0.00000000e+00,0.00000000e+00,0.00000000e+00,0.00000000e+00,0.00000000e+00,0.00000000e+00,0.00000000e+00,0.00000000e+00,0.00000000e+00,0.00000000e+00,0.00000000e+00,0.00000000e+00,1.58866657e-03
3.42500000e+01,4.21021987e-04,0.00000000e+00,0.00000000e+00,0.00000000e+00,0.00000000e+00,0.00000000e+00,0.00000000e+00,0.00000000e+00,0.00000000e+00,0.00000000e+00,0.00000000e+00,0.00000000e+00,0.00000000e+00,0.00000000e+00,0.00000000e+00,0.00000000e+00,0.00000000e+00,0.00000000e+00,0.00000000e+00,0.00000000e+00,0.00000000e+00,0.00000000e+00,0.00000000e+00,0.00000000e+00,1.59713667e-03
3.43500000e+01,4.19058818e-04,0.00000000e+00,0.00000000e+00,0.00000000e+00,0.00000000e+00,0.00000000e+00,0.00000000e+00,0.00000000e+00,0.00000000e+00,0.00000000e+00,0.00000000e+00,0.00000000e+00,0.00000000e+00,0.00000000e+00,0.00000000e+00,0.00000000e+00,0.00000000e+00,0.00000000e+00,0.00000000e+00,0.00000000e+00,0.00000000e+00,0.00000000e+00,0.00000000e+00,0.00000000e+00,1.61498535e-03
3.44500000e+01,4.08021761e-04,0.00000000e+00,0.00000000e+00,0.00000000e+00,0.00000000e+00,0.00000000e+00,0.00000000e+00,0.00000000e+00,0.00000000e+00,0.00000000e+00,0.00000000e+00,0.00000000e+00,0.00000000e+00,0.00000000e+00,0.00000000e+00,0.00000000e+00,0.00000000e+00,0.00000000e+00,0.00000000e+00,0.00000000e+00,0.00000000e+00,0.00000000e+00,0.00000000e+00,0.00000000e+00,1.58081483e-03
3.45500000e+01,3.95104946e-04,0.00000000e+00,0.00000000e+00,0.00000000e+00,0.00000000e+00,0.00000000e+00,0.00000000e+00,0.00000000e+00,0.00000000e+00,0.00000000e+00,0.00000000e+00,0.00000000e+00,0.00000000e+00,0.00000000e+00,0.00000000e+00,0.00000000e+00,0.00000000e+00,0.00000000e+00,0.00000000e+00,0.00000000e+00,0.00000000e+00,0.00000000e+00,0.00000000e+00,0.00000000e+00,1.58027726e-03
3.46500000e+01,3.86923073e-04,0.00000000e+00,0.00000000e+00,0.00000000e+00,0.00000000e+00,0.00000000e+00,0.00000000e+00,0.00000000e+00,0.00000000e+00,0.00000000e+00,0.00000000e+00,0.00000000e+00,0.00000000e+00,0.00000000e+00,0.00000000e+00,0.00000000e+00,0.00000000e+00,0.00000000e+00,0.00000000e+00,0.00000000e+00,0.00000000e+00,0.00000000e+00,0.00000000e+00,0.00000000e+00,1.58715749e-03
3.47500000e+01,3.86891787e-04,0.00000000e+00,0.00000000e+00,0.00000000e+00,0.00000000e+00,0.00000000e+00,0.00000000e+00,0.00000000e+00,0.00000000e+00,0.00000000e+00,0.00000000e+00,0.00000000e+00,0.00000000e+00,0.00000000e+00,0.00000000e+00,0.00000000e+00,0.00000000e+00,0.00000000e+00,0.00000000e+00,0.00000000e+00,0.00000000e+00,0.00000000e+00,0.00000000e+00,0.00000000e+00,1.58008611e-03
3.48500000e+01,3.85342559e-04,0.00000000e+00,0.00000000e+00,0.00000000e+00,0.00000000e+00,0.00000000e+00,0.00000000e+00,0.00000000e+00,0.00000000e+00,0.00000000e+00,0.00000000e+00,0.00000000e+00,0.00000000e+00,0.00000000e+00,0.00000000e+00,0.00000000e+00,0.00000000e+00,0.00000000e+00,0.00000000e+00,0.00000000e+00,0.00000000e+00,0.00000000e+00,0.00000000e+00,0.00000000e+00,1.58274316e-03
3.49500000e+01,3.82005816e-04,0.00000000e+00,0.00000000e+00,0.00000000e+00,0.00000000e+00,0.00000000e+00,0.00000000e+00,0.00000000e+00,0.00000000e+00,0.00000000e+00,0.00000000e+00,0.00000000e+00,0.00000000e+00,0.00000000e+00,0.00000000e+00,0.00000000e+00,0.00000000e+00,0.00000000e+00,0.00000000e+00,0.00000000e+00,0.00000000e+00,0.00000000e+00,0.00000000e+00,0.00000000e+00,1.57238057e-03
3.50500000e+01,3.79602651e-04,0.00000000e+00,0.00000000e+00,0.00000000e+00,0.00000000e+00,0.00000000e+00,0.00000000e+00,0.00000000e+00,0.00000000e+00,0.00000000e+00,0.00000000e+00,0.00000000e+00,0.00000000e+00,0.00000000e+00,0.00000000e+00,0.00000000e+00,0.00000000e+00,0.00000000e+00,0.00000000e+00,0.00000000e+00,0.00000000e+00,0.00000000e+00,0.00000000e+00,0.00000000e+00,1.56761921e-03
3.51500000e+01,3.70365686e-04,0.00000000e+00,0.00000000e+00,0.00000000e+00,0.00000000e+00,0.00000000e+00,0.00000000e+00,0.00000000e+00,0.00000000e+00,0.00000000e+00,0.00000000e+00,0.00000000e+00,0.00000000e+00,0.00000000e+00,0.00000000e+00,0.00000000e+00,0.00000000e+00,0.00000000e+00,0.00000000e+00,0.00000000e+00,0.00000000e+00,0.00000000e+00,0.00000000e+00,0.00000000e+00,1.57312594e-03
3.52500000e+01,3.65757774e-04,0.00000000e+00,0.00000000e+00,0.00000000e+00,0.00000000e+00,0.00000000e+00,0.00000000e+00,0.00000000e+00,0.00000000e+00,0.00000000e+00,0.00000000e+00,0.00000000e+00,0.00000000e+00,0.00000000e+00,0.00000000e+00,0.00000000e+00,0.00000000e+00,0.00000000e+00,0.00000000e+00,0.00000000e+00,0.00000000e+00,0.00000000e+00,0.00000000e+00,0.00000000e+00,1.56195312e-03
3.53500000e+01,3.62425788e-04,0.00000000e+00,0.00000000e+00,0.00000000e+00,0.00000000e+00,0.00000000e+00,0.00000000e+00,0.00000000e+00,0.00000000e+00,0.00000000e+00,0.00000000e+00,0.00000000e+00,0.00000000e+00,0.00000000e+00,0.00000000e+00,0.00000000e+00,0.00000000e+00,0.00000000e+00,0.00000000e+00,0.00000000e+00,0.00000000e+00,0.00000000e+00,0.00000000e+00,0.00000000e+00,1.54344554e-03
3.54500000e+01,3.55812636e-04,0.00000000e+00,0.00000000e+00,0.00000000e+00,0.00000000e+00,0.00000000e+00,0.00000000e+00,0.00000000e+00,0.00000000e+00,0.00000000e+00,0.00000000e+00,0.00000000e+00,0.00000000e+00,0.00000000e+00,0.00000000e+00,0.00000000e+00,0.00000000e+00,0.00000000e+00,0.00000000e+00,0.00000000e+00,0.00000000e+00,0.00000000e+00,0.00000000e+00,0.00000000e+00,1.53015186e-03
3.55500000e+01,3.59898124e-04,0.00000000e+00,0.00000000e+00,0.00000000e+00,0.00000000e+00,0.00000000e+00,0.00000000e+00,0.00000000e+00,0.00000000e+00,0.00000000e+00,0.00000000e+00,0.00000000e+00,0.00000000e+00,0.00000000e+00,0.00000000e+00,0.00000000e+00,0.00000000e+00,0.00000000e+00,0.00000000e+00,0.00000000e+00,0.00000000e+00,0.00000000e+00,0.00000000e+00,0.00000000e+00,1.52496154e-03
3.56500000e+01,3.56547537e-04,0.00000000e+00,0.00000000e+00,0.00000000e+00,0.00000000e+00,0.00000000e+00,0.00000000e+00,0.00000000e+00,0.00000000e+00,0.00000000e+00,0.00000000e+00,0.00000000e+00,0.00000000e+00,0.00000000e+00,0.00000000e+00,0.00000000e+00,0.00000000e+00,0.00000000e+00,0.00000000e+00,0.00000000e+00,0.00000000e+00,0.00000000e+00,0.00000000e+00,0.00000000e+00,1.52191808e-03
3.57500000e+01,3.47480362e-04,0.00000000e+00,0.00000000e+00,0.00000000e+00,0.00000000e+00,0.00000000e+00,0.00000000e+00,0.00000000e+00,0.00000000e+00,0.00000000e+00,0.00000000e+00,0.00000000e+00,0.00000000e+00,0.00000000e+00,0.00000000e+00,0.00000000e+00,0.00000000e+00,0.00000000e+00,0.00000000e+00,0.00000000e+00,0.00000000e+00,0.00000000e+00,0.00000000e+00,0.00000000e+00,1.49967693e-03
3.58500000e+01,3.45352038e-04,0.00000000e+00,0.00000000e+00,0.00000000e+00,0.00000000e+00,0.00000000e+00,0.00000000e+00,0.00000000e+00,0.00000000e+00,0.00000000e+00,0.00000000e+00,0.00000000e+00,0.00000000e+00,0.00000000e+00,0.00000000e+00,0.00000000e+00,0.00000000e+00,0.00000000e+00,0.00000000e+00,0.00000000e+00,0.00000000e+00,0.00000000e+00,0.00000000e+00,0.00000000e+00,1.49257043e-03
3.59500000e+01,3.48403001e-04,0.00000000e+00,0.00000000e+00,0.00000000e+00,0.00000000e+00,0.00000000e+00,0.00000000e+00,0.00000000e+00,0.00000000e+00,0.00000000e+00,0.00000000e+00,0.00000000e+00,0.00000000e+00,0.00000000e+00,0.00000000e+00,0.00000000e+00,0.00000000e+00,0.00000000e+00,0.00000000e+00,0.00000000e+00,0.00000000e+00,0.00000000e+00,0.00000000e+00,0.00000000e+00,1.50000335e-03
3.60500000e+01,3.50222975e-04,0.00000000e+00,0.00000000e+00,0.00000000e+00,0.00000000e+00,0.00000000e+00,0.00000000e+00,0.00000000e+00,0.00000000e+00,0.00000000e+00,0.00000000e+00,0.00000000e+00,0.00000000e+00,0.00000000e+00,0.00000000e+00,0.00000000e+00,0.00000000e+00,0.00000000e+00,0.00000000e+00,0.00000000e+00,0.00000000e+00,0.00000000e+00,0.00000000e+00,0.00000000e+00,1.50243526e-03
3.61500000e+01,3.49138106e-04,0.00000000e+00,0.00000000e+00,0.00000000e+00,0.00000000e+00,0.00000000e+00,0.00000000e+00,0.00000000e+00,0.00000000e+00,0.00000000e+00,0.00000000e+00,0.00000000e+00,0.00000000e+00,0.00000000e+00,0.00000000e+00,0.00000000e+00,0.00000000e+00,0.00000000e+00,0.00000000e+00,0.00000000e+00,0.00000000e+00,0.00000000e+00,0.00000000e+00,0.00000000e+00,1.50736712e-03
3.62500000e+01,3.54956185e-04,0.00000000e+00,0.00000000e+00,0.00000000e+00,0.00000000e+00,0.00000000e+00,0.00000000e+00,0.00000000e+00,0.00000000e+00,0.00000000e+00,0.00000000e+00,0.00000000e+00,0.00000000e+00,0.00000000e+00,0.00000000e+00,0.00000000e+00,0.00000000e+00,0.00000000e+00,0.00000000e+00,0.00000000e+00,0.00000000e+00,0.00000000e+00,0.00000000e+00,0.00000000e+00,1.49086710e-03
3.63500000e+01,3.41609752e-04,0.00000000e+00,0.00000000e+00,0.00000000e+00,0.00000000e+00,0.00000000e+00,0.00000000e+00,0.00000000e+00,0.00000000e+00,0.00000000e+00,0.00000000e+00,0.00000000e+00,0.00000000e+00,0.00000000e+00,0.00000000e+00,0.00000000e+00,0.00000000e+00,0.00000000e+00,0.00000000e+00,0.00000000e+00,0.00000000e+00,0.00000000e+00,0.00000000e+00,0.00000000e+00,1.46481747e-03
3.64500000e+01,3.34969716e-04,0.00000000e+00,0.00000000e+00,0.00000000e+00,0.00000000e+00,0.00000000e+00,0.00000000e+00,0.00000000e+00,0.00000000e+00,0.00000000e+00,0.00000000e+00,0.00000000e+00,0.00000000e+00,0.00000000e+00,0.00000000e+00,0.00000000e+00,0.00000000e+00,0.00000000e+00,0.00000000e+00,0.00000000e+00,0.00000000e+00,0.00000000e+00,0.00000000e+00,0.00000000e+00,1.47657633e-03
3.65500000e+01,3.28711678e-04,0.00000000e+00,0.00000000e+00,0.00000000e+00,0.00000000e+00,0.00000000e+00,0.00000000e+00,0.00000000e+00,0.00000000e+00,0.00000000e+00,0.00000000e+00,0.00000000e+00,0.00000000e+00,0.00000000e+00,0.00000000e+00,0.00000000e+00,0.00000000e+00,0.00000000e+00,0.00000000e+00,0.00000000e+00,0.00000000e+00,0.00000000e+00,0.00000000e+00,0.00000000e+00,1.47202685e-03
3.66500000e+01,3.26173360e-04,0.00000000e+00,0.00000000e+00,0.00000000e+00,0.00000000e+00,0.00000000e+00,0.00000000e+00,0.00000000e+00,0.00000000e+00,0.00000000e+00,0.00000000e+00,0.00000000e+00,0.00000000e+00,0.00000000e+00,0.00000000e+00,0.00000000e+00,0.00000000e+00,0.00000000e+00,0.00000000e+00,0.00000000e+00,0.00000000e+00,0.00000000e+00,0.00000000e+00,0.00000000e+00,1.45622458e-03
3.67500000e+01,3.25013378e-04,0.00000000e+00,0.00000000e+00,0.00000000e+00,0.00000000e+00,0.00000000e+00,0.00000000e+00,0.00000000e+00,0.00000000e+00,0.00000000e+00,0.00000000e+00,0.00000000e+00,0.00000000e+00,0.00000000e+00,0.00000000e+00,0.00000000e+00,0.00000000e+00,0.00000000e+00,0.00000000e+00,0.00000000e+00,0.00000000e+00,0.00000000e+00,0.00000000e+00,0.00000000e+00,1.45276412e-03
3.68500000e+01,3.24799608e-04,0.00000000e+00,0.00000000e+00,0.00000000e+00,0.00000000e+00,0.00000000e+00,0.00000000e+00,0.00000000e+00,0.00000000e+00,0.00000000e+00,0.00000000e+00,0.00000000e+00,0.00000000e+00,0.00000000e+00,0.00000000e+00,0.00000000e+00,0.00000000e+00,0.00000000e+00,0.00000000e+00,0.00000000e+00,0.00000000e+00,0.00000000e+00,0.00000000e+00,0.00000000e+00,1.44137748e-03
3.69500000e+01,3.23754040e-04,0.00000000e+00,0.00000000e+00,0.00000000e+00,0.00000000e+00,0.00000000e+00,0.00000000e+00,0.00000000e+00,0.00000000e+00,0.00000000e+00,0.00000000e+00,0.00000000e+00,0.00000000e+00,0.00000000e+00,0.00000000e+00,0.00000000e+00,0.00000000e+00,0.00000000e+00,0.00000000e+00,0.00000000e+00,0.00000000e+00,0.00000000e+00,0.00000000e+00,0.00000000e+00,1.44011885e-03
3.70500000e+01,3.19696709e-04,0.00000000e+00,0.00000000e+00,0.00000000e+00,0.00000000e+00,0.00000000e+00,0.00000000e+00,0.00000000e+00,0.00000000e+00,0.00000000e+00,0.00000000e+00,0.00000000e+00,0.00000000e+00,0.00000000e+00,0.00000000e+00,0.00000000e+00,0.00000000e+00,0.00000000e+00,0.00000000e+00,0.00000000e+00,0.00000000e+00,0.00000000e+00,0.00000000e+00,0.00000000e+00,1.44660633e-03
3.71500000e+01,3.12076804e-04,0.00000000e+00,0.00000000e+00,0.00000000e+00,0.00000000e+00,0.00000000e+00,0.00000000e+00,0.00000000e+00,0.00000000e+00,0.00000000e+00,0.00000000e+00,0.00000000e+00,0.00000000e+00,0.00000000e+00,0.00000000e+00,0.00000000e+00,0.00000000e+00,0.00000000e+00,0.00000000e+00,0.00000000e+00,0.00000000e+00,0.00000000e+00,0.00000000e+00,0.00000000e+00,1.45466855e-03
3.72500000e+01,3.02087524e-04,0.00000000e+00,0.00000000e+00,0.00000000e+00,0.00000000e+00,0.00000000e+00,0.00000000e+00,0.00000000e+00,0.00000000e+00,0.00000000e+00,0.00000000e+00,0.00000000e+00,0.00000000e+00,0.00000000e+00,0.00000000e+00,0.00000000e+00,0.00000000e+00,0.00000000e+00,0.00000000e+00,0.00000000e+00,0.00000000e+00,0.00000000e+00,0.00000000e+00,0.00000000e+00,1.45046140e-03
3.73500000e+01,3.00269758e-04,0.00000000e+00,0.00000000e+00,0.00000000e+00,0.00000000e+00,0.00000000e+00,0.00000000e+00,0.00000000e+00,0.00000000e+00,0.00000000e+00,0.00000000e+00,0.00000000e+00,0.00000000e+00,0.00000000e+00,0.00000000e+00,0.00000000e+00,0.00000000e+00,0.00000000e+00,0.00000000e+00,0.00000000e+00,0.00000000e+00,0.00000000e+00,0.00000000e+00,0.00000000e+00,1.46899743e-03
3.74500000e+01,3.00277608e-04,0.00000000e+00,0.00000000e+00,0.00000000e+00,0.00000000e+00,0.00000000e+00,0.00000000e+00,0.00000000e+00,0.00000000e+00,0.00000000e+00,0.00000000e+00,0.00000000e+00,0.00000000e+00,0.00000000e+00,0.00000000e+00,0.00000000e+00,0.00000000e+00,0.00000000e+00,0.00000000e+00,0.00000000e+00,0.00000000e+00,0.00000000e+00,0.00000000e+00,0.00000000e+00,1.46697223e-03
3.75500000e+01,2.95108650e-04,0.00000000e+00,0.00000000e+00,0.00000000e+00,0.00000000e+00,0.00000000e+00,0.00000000e+00,0.00000000e+00,0.00000000e+00,0.00000000e+00,0.00000000e+00,0.00000000e+00,0.00000000e+00,0.00000000e+00,0.00000000e+00,0.00000000e+00,0.00000000e+00,0.00000000e+00,0.00000000e+00,0.00000000e+00,0.00000000e+00,0.00000000e+00,0.00000000e+00,0.00000000e+00,1.46524811e-03
3.76500000e+01,2.95748227e-04,0.00000000e+00,0.00000000e+00,0.00000000e+00,0.00000000e+00,0.00000000e+00,0.00000000e+00,0.00000000e+00,0.00000000e+00,0.00000000e+00,0.00000000e+00,0.00000000e+00,0.00000000e+00,0.00000000e+00,0.00000000e+00,0.00000000e+00,0.00000000e+00,0.00000000e+00,0.00000000e+00,0.00000000e+00,0.00000000e+00,0.00000000e+00,0.00000000e+00,0.00000000e+00,1.46777359e-03
3.77500000e+01,2.89296931e-04,0.00000000e+00,0.00000000e+00,0.00000000e+00,0.00000000e+00,0.00000000e+00,0.00000000e+00,0.00000000e+00,0.00000000e+00,0.00000000e+00,0.00000000e+00,0.00000000e+00,0.00000000e+00,0.00000000e+00,0.00000000e+00,0.00000000e+00,0.00000000e+00,0.00000000e+00,0.00000000e+00,0.00000000e+00,0.00000000e+00,0.00000000e+00,0.00000000e+00,0.00000000e+00,1.44085146e-03
3.78500000e+01,2.72851448e-04,0.00000000e+00,0.00000000e+00,0.00000000e+00,0.00000000e+00,0.00000000e+00,0.00000000e+00,0.00000000e+00,0.00000000e+00,0.00000000e+00,0.00000000e+00,0.00000000e+00,0.00000000e+00,0.00000000e+00,0.00000000e+00,0.00000000e+00,0.00000000e+00,0.00000000e+00,0.00000000e+00,0.00000000e+00,0.00000000e+00,0.00000000e+00,0.00000000e+00,0.00000000e+00,1.43030310e-03
3.79500000e+01,2.68769280e-04,0.00000000e+00,0.00000000e+00,0.00000000e+00,0.00000000e+00,0.00000000e+00,0.00000000e+00,0.00000000e+00,0.00000000e+00,0.00000000e+00,0.00000000e+00,0.00000000e+00,0.00000000e+00,0.00000000e+00,0.00000000e+00,0.00000000e+00,0.00000000e+00,0.00000000e+00,0.00000000e+00,0.00000000e+00,0.00000000e+00,0.00000000e+00,0.00000000e+00,0.00000000e+00,1.43420281e-03
3.80500000e+01,2.67315002e-04,0.00000000e+00,0.00000000e+00,0.00000000e+00,0.00000000e+00,0.00000000e+00,0.00000000e+00,0.00000000e+00,0.00000000e+00,0.00000000e+00,0.00000000e+00,0.00000000e+00,0.00000000e+00,0.00000000e+00,0.00000000e+00,0.00000000e+00,0.00000000e+00,0.00000000e+00,0.00000000e+00,0.00000000e+00,0.00000000e+00,0.00000000e+00,0.00000000e+00,0.00000000e+00,1.43944963e-03
3.81500000e+01,2.67092559e-04,0.00000000e+00,0.00000000e+00,0.00000000e+00,0.00000000e+00,0.00000000e+00,0.00000000e+00,0.00000000e+00,0.00000000e+00,0.00000000e+00,0.00000000e+00,0.00000000e+00,0.00000000e+00,0.00000000e+00,0.00000000e+00,0.00000000e+00,0.00000000e+00,0.00000000e+00,0.00000000e+00,0.00000000e+00,0.00000000e+00,0.00000000e+00,0.00000000e+00,0.00000000e+00,1.42028414e-03
3.82500000e+01,2.67101600e-04,0.00000000e+00,0.00000000e+00,0.00000000e+00,0.00000000e+00,0.00000000e+00,0.00000000e+00,0.00000000e+00,0.00000000e+00,0.00000000e+00,0.00000000e+00,0.00000000e+00,0.00000000e+00,0.00000000e+00,0.00000000e+00,0.00000000e+00,0.00000000e+00,0.00000000e+00,0.00000000e+00,0.00000000e+00,0.00000000e+00,0.00000000e+00,0.00000000e+00,0.00000000e+00,1.42534283e-03
3.83500000e+01,2.62212347e-04,0.00000000e+00,0.00000000e+00,0.00000000e+00,0.00000000e+00,0.00000000e+00,0.00000000e+00,0.00000000e+00,0.00000000e+00,0.00000000e+00,0.00000000e+00,0.00000000e+00,0.00000000e+00,0.00000000e+00,0.00000000e+00,0.00000000e+00,0.00000000e+00,0.00000000e+00,0.00000000e+00,0.00000000e+00,0.00000000e+00,0.00000000e+00,0.00000000e+00,0.00000000e+00,1.41657738e-03
3.84500000e+01,2.59099204e-04,0.00000000e+00,0.00000000e+00,0.00000000e+00,0.00000000e+00,0.00000000e+00,0.00000000e+00,0.00000000e+00,0.00000000e+00,0.00000000e+00,0.00000000e+00,0.00000000e+00,0.00000000e+00,0.00000000e+00,0.00000000e+00,0.00000000e+00,0.00000000e+00,0.00000000e+00,0.00000000e+00,0.00000000e+00,0.00000000e+00,0.00000000e+00,0.00000000e+00,0.00000000e+00,1.42122400e-03
3.85500000e+01,2.58489661e-04,0.00000000e+00,0.00000000e+00,0.00000000e+00,0.00000000e+00,0.00000000e+00,0.00000000e+00,0.00000000e+00,0.00000000e+00,0.00000000e+00,0.00000000e+00,0.00000000e+00,0.00000000e+00,0.00000000e+00,0.00000000e+00,0.00000000e+00,0.00000000e+00,0.00000000e+00,0.00000000e+00,0.00000000e+00,0.00000000e+00,0.00000000e+00,0.00000000e+00,0.00000000e+00,1.41317765e-03
3.86500000e+01,2.57758636e-04,0.00000000e+00,0.00000000e+00,0.00000000e+00,0.00000000e+00,0.00000000e+00,0.00000000e+00,0.00000000e+00,0.00000000e+00,0.00000000e+00,0.00000000e+00,0.00000000e+00,0.00000000e+00,0.00000000e+00,0.00000000e+00,0.00000000e+00,0.00000000e+00,0.00000000e+00,0.00000000e+00,0.00000000e+00,0.00000000e+00,0.00000000e+00,0.00000000e+00,0.00000000e+00,1.40173296e-03
3.87500000e+01,2.60570897e-04,0.00000000e+00,0.00000000e+00,0.00000000e+00,0.00000000e+00,0.00000000e+00,0.00000000e+00,0.00000000e+00,0.00000000e+00,0.00000000e+00,0.00000000e+00,0.00000000e+00,0.00000000e+00,0.00000000e+00,0.00000000e+00,0.00000000e+00,0.00000000e+00,0.00000000e+00,0.00000000e+00,0.00000000e+00,0.00000000e+00,0.00000000e+00,0.00000000e+00,0.00000000e+00,1.39400917e-03
3.88500000e+01,2.62229299e-04,0.00000000e+00,0.00000000e+00,0.00000000e+00,0.00000000e+00,0.00000000e+00,0.00000000e+00,0.00000000e+00,0.00000000e+00,0.00000000e+00,0.00000000e+00,0.00000000e+00,0.00000000e+00,0.00000000e+00,0.00000000e+00,0.00000000e+00,0.00000000e+00,0.00000000e+00,0.00000000e+00,0.00000000e+00,0.00000000e+00,0.00000000e+00,0.00000000e+00,0.00000000e+00,1.38457990e-03
3.89500000e+01,2.63407424e-04,0.00000000e+00,0.00000000e+00,0.00000000e+00,0.00000000e+00,0.00000000e+00,0.00000000e+00,0.00000000e+00,0.00000000e+00,0.00000000e+00,0.00000000e+00,0.00000000e+00,0.00000000e+00,0.00000000e+00,0.00000000e+00,0.00000000e+00,0.00000000e+00,0.00000000e+00,0.00000000e+00,0.00000000e+00,0.00000000e+00,0.00000000e+00,0.00000000e+00,0.00000000e+00,1.38510233e-03
3.90500000e+01,2.60724700e-04,0.00000000e+00,0.00000000e+00,0.00000000e+00,0.00000000e+00,0.00000000e+00,0.00000000e+00,0.00000000e+00,0.00000000e+00,0.00000000e+00,0.00000000e+00,0.00000000e+00,0.00000000e+00,0.00000000e+00,0.00000000e+00,0.00000000e+00,0.00000000e+00,0.00000000e+00,0.00000000e+00,0.00000000e+00,0.00000000e+00,0.00000000e+00,0.00000000e+00,0.00000000e+00,1.39456888e-03
3.91500000e+01,2.53162165e-04,0.00000000e+00,0.00000000e+00,0.00000000e+00,0.00000000e+00,0.00000000e+00,0.00000000e+00,0.00000000e+00,0.00000000e+00,0.00000000e+00,0.00000000e+00,0.00000000e+00,0.00000000e+00,0.00000000e+00,0.00000000e+00,0.00000000e+00,0.00000000e+00,0.00000000e+00,0.00000000e+00,0.00000000e+00,0.00000000e+00,0.00000000e+00,0.00000000e+00,0.00000000e+00,1.38265433e-03
3.92500000e+01,2.49873265e-04,0.00000000e+00,0.00000000e+00,0.00000000e+00,0.00000000e+00,0.00000000e+00,0.00000000e+00,0.00000000e+00,0.00000000e+00,0.00000000e+00,0.00000000e+00,0.00000000e+00,0.00000000e+00,0.00000000e+00,0.00000000e+00,0.00000000e+00,0.00000000e+00,0.00000000e+00,0.00000000e+00,0.00000000e+00,0.00000000e+00,0.00000000e+00,0.00000000e+00,0.00000000e+00,1.39406696e-03
3.93500000e+01,2.47297816e-04,0.00000000e+00,0.00000000e+00,0.00000000e+00,0.00000000e+00,0.00000000e+00,0.00000000e+00,0.00000000e+00,0.00000000e+00,0.00000000e+00,0.00000000e+00,0.00000000e+00,0.00000000e+00,0.00000000e+00,0.00000000e+00,0.00000000e+00,0.00000000e+00,0.00000000e+00,0.00000000e+00,0.00000000e+00,0.00000000e+00,0.00000000e+00,0.00000000e+00,0.00000000e+00,1.37736605e-03
3.94500000e+01,2.41394716e-04,0.00000000e+00,0.00000000e+00,0.00000000e+00,0.00000000e+00,0.00000000e+00,0.00000000e+00,0.00000000e+00,0.00000000e+00,0.00000000e+00,0.00000000e+00,0.00000000e+00,0.00000000e+00,0.00000000e+00,0.00000000e+00,0.00000000e+00,0.00000000e+00,0.00000000e+00,0.00000000e+00,0.00000000e+00,0.00000000e+00,0.00000000e+00,0.00000000e+00,0.00000000e+00,1.38752288e-03
3.95500000e+01,2.38818196e-04,0.00000000e+00,0.00000000e+00,0.00000000e+00,0.00000000e+00,0.00000000e+00,0.00000000e+00,0.00000000e+00,0.00000000e+00,0.00000000e+00,0.00000000e+00,0.00000000e+00,0.00000000e+00,0.00000000e+00,0.00000000e+00,0.00000000e+00,0.00000000e+00,0.00000000e+00,0.00000000e+00,0.00000000e+00,0.00000000e+00,0.00000000e+00,0.00000000e+00,0.00000000e+00,1.38284205e-03
3.96500000e+01,2.33078162e-04,0.00000000e+00,0.00000000e+00,0.00000000e+00,0.00000000e+00,0.00000000e+00,0.00000000e+00,0.00000000e+00,0.00000000e+00,0.00000000e+00,0.00000000e+00,0.00000000e+00,0.00000000e+00,0.00000000e+00,0.00000000e+00,0.00000000e+00,0.00000000e+00,0.00000000e+00,0.00000000e+00,0.00000000e+00,0.00000000e+00,0.00000000e+00,0.00000000e+00,0.00000000e+00,1.37524881e-03
3.97500000e+01,2.32004494e-04,0.00000000e+00,0.00000000e+00,0.00000000e+00,0.00000000e+00,0.00000000e+00,0.00000000e+00,0.00000000e+00,0.00000000e+00,0.00000000e+00,0.00000000e+00,0.00000000e+00,0.00000000e+00,0.00000000e+00,0.00000000e+00,0.00000000e+00,0.00000000e+00,0.00000000e+00,0.00000000e+00,0.00000000e+00,0.00000000e+00,0.00000000e+00,0.00000000e+00,0.00000000e+00,1.39438999e-03
3.98500000e+01,2.31825126e-04,0.00000000e+00,0.00000000e+00,0.00000000e+00,0.00000000e+00,0.00000000e+00,0.00000000e+00,0.00000000e+00,0.00000000e+00,0.00000000e+00,0.00000000e+00,0.00000000e+00,0.00000000e+00,0.00000000e+00,0.00000000e+00,0.00000000e+00,0.00000000e+00,0.00000000e+00,0.00000000e+00,0.00000000e+00,0.00000000e+00,0.00000000e+00,0.00000000e+00,0.00000000e+00,1.39859131e-03
3.99500000e+01,2.31037601e-04,0.00000000e+00,0.00000000e+00,0.00000000e+00,0.00000000e+00,0.00000000e+00,0.00000000e+00,0.00000000e+00,0.00000000e+00,0.00000000e+00,0.00000000e+00,0.00000000e+00,0.00000000e+00,0.00000000e+00,0.00000000e+00,0.00000000e+00,0.00000000e+00,0.00000000e+00,0.00000000e+00,0.00000000e+00,0.00000000e+00,0.00000000e+00,0.00000000e+00,0.00000000e+00,1.38537356e-03
4.00500000e+01,2.30847997e-04,0.00000000e+00,0.00000000e+00,0.00000000e+00,0.00000000e+00,0.00000000e+00,0.00000000e+00,0.00000000e+00,0.00000000e+00,0.00000000e+00,0.00000000e+00,0.00000000e+00,0.00000000e+00,0.00000000e+00,0.00000000e+00,0.00000000e+00,0.00000000e+00,0.00000000e+00,0.00000000e+00,0.00000000e+00,0.00000000e+00,0.00000000e+00,0.00000000e+00,0.00000000e+00,1.37782693e-03
4.01500000e+01,2.29751972e-04,0.00000000e+00,0.00000000e+00,0.00000000e+00,0.00000000e+00,0.00000000e+00,0.00000000e+00,0.00000000e+00,0.00000000e+00,0.00000000e+00,0.00000000e+00,0.00000000e+00,0.00000000e+00,0.00000000e+00,0.00000000e+00,0.00000000e+00,0.00000000e+00,0.00000000e+00,0.00000000e+00,0.00000000e+00,0.00000000e+00,0.00000000e+00,0.00000000e+00,0.00000000e+00,1.37359240e-03
4.02500000e+01,2.26684491e-04,0.00000000e+00,0.00000000e+00,0.00000000e+00,0.00000000e+00,0.00000000e+00,0.00000000e+00,0.00000000e+00,0.00000000e+00,0.00000000e+00,0.00000000e+00,0.00000000e+00,0.00000000e+00,0.00000000e+00,0.00000000e+00,0.00000000e+00,0.00000000e+00,0.00000000e+00,0.00000000e+00,0.00000000e+00,0.00000000e+00,0.00000000e+00,0.00000000e+00,0.00000000e+00,1.37165093e-03
4.03500000e+01,2.24310764e-04,0.00000000e+00,0.00000000e+00,0.00000000e+00,0.00000000e+00,0.00000000e+00,0.00000000e+00,0.00000000e+00,0.00000000e+00,0.00000000e+00,0.00000000e+00,0.00000000e+00,0.00000000e+00,0.00000000e+00,0.00000000e+00,0.00000000e+00,0.00000000e+00,0.00000000e+00,0.00000000e+00,0.00000000e+00,0.00000000e+00,0.00000000e+00,0.00000000e+00,0.00000000e+00,1.37137652e-03
4.04500000e+01,2.24441139e-04,0.00000000e+00,0.00000000e+00,0.00000000e+00,0.00000000e+00,0.00000000e+00,0.00000000e+00,0.00000000e+00,0.00000000e+00,0.00000000e+00,0.00000000e+00,0.00000000e+00,0.00000000e+00,0.00000000e+00,0.00000000e+00,0.00000000e+00,0.00000000e+00,0.00000000e+00,0.00000000e+00,0.00000000e+00,0.00000000e+00,0.00000000e+00,0.00000000e+00,0.00000000e+00,1.34945788e-03
4.05500000e+01,2.17248696e-04,0.00000000e+00,0.00000000e+00,0.00000000e+00,0.00000000e+00,0.00000000e+00,0.00000000e+00,0.00000000e+00,0.00000000e+00,0.00000000e+00,0.00000000e+00,0.00000000e+00,0.00000000e+00,0.00000000e+00,0.00000000e+00,0.00000000e+00,0.00000000e+00,0.00000000e+00,0.00000000e+00,0.00000000e+00,0.00000000e+00,0.00000000e+00,0.00000000e+00,0.00000000e+00,1.34932460e-03
4.06500000e+01,2.15736454e-04,0.00000000e+00,0.00000000e+00,0.00000000e+00,0.00000000e+00,0.00000000e+00,0.00000000e+00,0.00000000e+00,0.00000000e+00,0.00000000e+00,0.00000000e+00,0.00000000e+00,0.00000000e+00,0.00000000e+00,0.00000000e+00,0.00000000e+00,0.00000000e+00,0.00000000e+00,0.00000000e+00,0.00000000e+00,0.00000000e+00,0.00000000e+00,0.00000000e+00,0.00000000e+00,1.36190276e-03
4.07500000e+01,2.15178367e-04,0.00000000e+00,0.00000000e+00,0.00000000e+00,0.00000000e+00,0.00000000e+00,0.00000000e+00,0.00000000e+00,0.00000000e+00,0.00000000e+00,0.00000000e+00,0.00000000e+00,0.00000000e+00,0.00000000e+00,0.00000000e+00,0.00000000e+00,0.00000000e+00,0.00000000e+00,0.00000000e+00,0.00000000e+00,0.00000000e+00,0.00000000e+00,0.00000000e+00,0.00000000e+00,1.36892893e-03
4.08500000e+01,2.10934859e-04,0.00000000e+00,0.00000000e+00,0.00000000e+00,0.00000000e+00,0.00000000e+00,0.00000000e+00,0.00000000e+00,0.00000000e+00,0.00000000e+00,0.00000000e+00,0.00000000e+00,0.00000000e+00,0.00000000e+00,0.00000000e+00,0.00000000e+00,0.00000000e+00,0.00000000e+00,0.00000000e+00,0.00000000e+00,0.00000000e+00,0.00000000e+00,0.00000000e+00,0.00000000e+00,1.35265283e-03
4.09500000e+01,2.09648767e-04,0.00000000e+00,0.00000000e+00,0.00000000e+00,0.00000000e+00,0.00000000e+00,0.00000000e+00,0.00000000e+00,0.00000000e+00,0.00000000e+00,0.00000000e+00,0.00000000e+00,0.00000000e+00,0.00000000e+00,0.00000000e+00,0.00000000e+00,0.00000000e+00,0.00000000e+00,0.00000000e+00,0.00000000e+00,0.00000000e+00,0.00000000e+00,0.00000000e+00,0.00000000e+00,1.36862327e-03
4.10500000e+01,2.08768963e-04,0.00000000e+00,0.00000000e+00,0.00000000e+00,0.00000000e+00,0.00000000e+00,0.00000000e+00,0.00000000e+00,0.00000000e+00,0.00000000e+00,0.00000000e+00,0.00000000e+00,0.00000000e+00,0.00000000e+00,0.00000000e+00,0.00000000e+00,0.00000000e+00,0.00000000e+00,0.00000000e+00,0.00000000e+00,0.00000000e+00,0.00000000e+00,0.00000000e+00,0.00000000e+00,1.36839649e-03
4.11500000e+01,2.07980180e-04,0.00000000e+00,0.00000000e+00,0.00000000e+00,0.00000000e+00,0.00000000e+00,0.00000000e+00,0.00000000e+00,0.00000000e+00,0.00000000e+00,0.00000000e+00,0.00000000e+00,0.00000000e+00,0.00000000e+00,0.00000000e+00,0.00000000e+00,0.00000000e+00,0.00000000e+00,0.00000000e+00,0.00000000e+00,0.00000000e+00,0.00000000e+00,0.00000000e+00,0.00000000e+00,1.35498811e-03
4.12500000e+01,2.02895076e-04,0.00000000e+00,0.00000000e+00,0.00000000e+00,0.00000000e+00,0.00000000e+00,0.00000000e+00,0.00000000e+00,0.00000000e+00,0.00000000e+00,0.00000000e+00,0.00000000e+00,0.00000000e+00,0.00000000e+00,0.00000000e+00,0.00000000e+00,0.00000000e+00,0.00000000e+00,0.00000000e+00,0.00000000e+00,0.00000000e+00,0.00000000e+00,0.00000000e+00,0.00000000e+00,1.34136305e-03
4.13500000e+01,1.96148521e-04,0.00000000e+00,0.00000000e+00,0.00000000e+00,0.00000000e+00,0.00000000e+00,0.00000000e+00,0.00000000e+00,0.00000000e+00,0.00000000e+00,0.00000000e+00,0.00000000e+00,0.00000000e+00,0.00000000e+00,0.00000000e+00,0.00000000e+00,0.00000000e+00,0.00000000e+00,0.00000000e+00,0.00000000e+00,0.00000000e+00,0.00000000e+00,0.00000000e+00,0.00000000e+00,1.33060353e-03
4.14500000e+01,1.93850268e-04,0.00000000e+00,0.00000000e+00,0.00000000e+00,0.00000000e+00,0.00000000e+00,0.00000000e+00,0.00000000e+00,0.00000000e+00,0.00000000e+00,0.00000000e+00,0.00000000e+00,0.00000000e+00,0.00000000e+00,0.00000000e+00,0.00000000e+00,0.00000000e+00,0.00000000e+00,0.00000000e+00,0.00000000e+00,0.00000000e+00,0.00000000e+00,0.00000000e+00,0.00000000e+00,1.33865844e-03
4.15500000e+01,1.90353726e-04,0.00000000e+00,0.00000000e+00,0.00000000e+00,0.00000000e+00,0.00000000e+00,0.00000000e+00,0.00000000e+00,0.00000000e+00,0.00000000e+00,0.00000000e+00,0.00000000e+00,0.00000000e+00,0.00000000e+00,0.00000000e+00,0.00000000e+00,0.00000000e+00,0.00000000e+00,0.00000000e+00,0.00000000e+00,0.00000000e+00,0.00000000e+00,0.00000000e+00,0.00000000e+00,1.34591243e-03
4.16500000e+01,1.87224042e-04,0.00000000e+00,0.00000000e+00,0.00000000e+00,0.00000000e+00,0.00000000e+00,0.00000000e+00,0.00000000e+00,0.00000000e+00,0.00000000e+00,0.00000000e+00,0.00000000e+00,0.00000000e+00,0.00000000e+00,0.00000000e+00,0.00000000e+00,0.00000000e+00,0.00000000e+00,0.00000000e+00,0.00000000e+00,0.00000000e+00,0.00000000e+00,0.00000000e+00,0.00000000e+00,1.34286732e-03
4.17500000e+01,1.87537946e-04,0.00000000e+00,0.00000000e+00,0.00000000e+00,0.00000000e+00,0.00000000e+00,0.00000000e+00,0.00000000e+00,0.00000000e+00,0.00000000e+00,0.00000000e+00,0.00000000e+00,0.00000000e+00,0.00000000e+00,0.00000000e+00,0.00000000e+00,0.00000000e+00,0.00000000e+00,0.00000000e+00,0.00000000e+00,0.00000000e+00,0.00000000e+00,0.00000000e+00,0.00000000e+00,1.33677814e-03
4.18500000e+01,1.86222739e-04,0.00000000e+00,0.00000000e+00,0.00000000e+00,0.00000000e+00,0.00000000e+00,0.00000000e+00,0.00000000e+00,0.00000000e+00,0.00000000e+00,0.00000000e+00,0.00000000e+00,0.00000000e+00,0.00000000e+00,0.00000000e+00,0.00000000e+00,0.00000000e+00,0.00000000e+00,0.00000000e+00,0.00000000e+00,0.00000000e+00,0.00000000e+00,0.00000000e+00,0.00000000e+00,1.33095338e-03
4.19500000e+01,1.86051235e-04,0.00000000e+00,0.00000000e+00,0.00000000e+00,0.00000000e+00,0.00000000e+00,0.00000000e+00,0.00000000e+00,0.00000000e+00,0.00000000e+00,0.00000000e+00,0.00000000e+00,0.00000000e+00,0.00000000e+00,0.00000000e+00,0.00000000e+00,0.00000000e+00,0.00000000e+00,0.00000000e+00,0.00000000e+00,0.00000000e+00,0.00000000e+00,0.00000000e+00,0.00000000e+00,1.32157093e-03
4.20500000e+01,1.86051235e-04,0.00000000e+00,0.00000000e+00,0.00000000e+00,0.00000000e+00,0.00000000e+00,0.00000000e+00,0.00000000e+00,0.00000000e+00,0.00000000e+00,0.00000000e+00,0.00000000e+00,0.00000000e+00,0.00000000e+00,0.00000000e+00,0.00000000e+00,0.00000000e+00,0.00000000e+00,0.00000000e+00,0.00000000e+00,0.00000000e+00,0.00000000e+00,0.00000000e+00,0.00000000e+00,1.30587622e-03
4.21500000e+01,1.83585504e-04,0.00000000e+00,0.00000000e+00,0.00000000e+00,0.00000000e+00,0.00000000e+00,0.00000000e+00,0.00000000e+00,0.00000000e+00,0.00000000e+00,0.00000000e+00,0.00000000e+00,0.00000000e+00,0.00000000e+00,0.00000000e+00,0.00000000e+00,0.00000000e+00,0.00000000e+00,0.00000000e+00,0.00000000e+00,0.00000000e+00,0.00000000e+00,0.00000000e+00,0.00000000e+00,1.31321772e-03
4.22500000e+01,1.81710711e-04,0.00000000e+00,0.00000000e+00,0.00000000e+00,0.00000000e+00,0.00000000e+00,0.00000000e+00,0.00000000e+00,0.00000000e+00,0.00000000e+00,0.00000000e+00,0.00000000e+00,0.00000000e+00,0.00000000e+00,0.00000000e+00,0.00000000e+00,0.00000000e+00,0.00000000e+00,0.00000000e+00,0.00000000e+00,0.00000000e+00,0.00000000e+00,0.00000000e+00,0.00000000e+00,1.29475200e-03
4.23500000e+01,1.79494043e-04,0.00000000e+00,0.00000000e+00,0.00000000e+00,0.00000000e+00,0.00000000e+00,0.00000000e+00,0.00000000e+00,0.00000000e+00,0.00000000e+00,0.00000000e+00,0.00000000e+00,0.00000000e+00,0.00000000e+00,0.00000000e+00,0.00000000e+00,0.00000000e+00,0.00000000e+00,0.00000000e+00,0.00000000e+00,0.00000000e+00,0.00000000e+00,0.00000000e+00,0.00000000e+00,1.29907372e-03
4.24500000e+01,1.85200900e-04,0.00000000e+00,0.00000000e+00,0.00000000e+00,0.00000000e+00,0.00000000e+00,0.00000000e+00,0.00000000e+00,0.00000000e+00,0.00000000e+00,0.00000000e+00,0.00000000e+00,0.00000000e+00,0.00000000e+00,0.00000000e+00,0.00000000e+00,0.00000000e+00,0.00000000e+00,0.00000000e+00,0.00000000e+00,0.00000000e+00,0.00000000e+00,0.00000000e+00,0.00000000e+00,1.29385207e-03
4.25500000e+01,1.86743414e-04,0.00000000e+00,0.00000000e+00,0.00000000e+00,0.00000000e+00,0.00000000e+00,0.00000000e+00,0.00000000e+00,0.00000000e+00,0.00000000e+00,0.00000000e+00,0.00000000e+00,0.00000000e+00,0.00000000e+00,0.00000000e+00,0.00000000e+00,0.00000000e+00,0.00000000e+00,0.00000000e+00,0.00000000e+00,0.00000000e+00,0.00000000e+00,0.00000000e+00,0.00000000e+00,1.29788629e-03
4.26500000e+01,1.83697941e-04,0.00000000e+00,0.00000000e+00,0.00000000e+00,0.00000000e+00,0.00000000e+00,0.00000000e+00,0.00000000e+00,0.00000000e+00,0.00000000e+00,0.00000000e+00,0.00000000e+00,0.00000000e+00,0.00000000e+00,0.00000000e+00,0.00000000e+00,0.00000000e+00,0.00000000e+00,0.00000000e+00,0.00000000e+00,0.00000000e+00,0.00000000e+00,0.00000000e+00,0.00000000e+00,1.29940905e-03
4.27500000e+01,1.83364744e-04,0.00000000e+00,0.00000000e+00,0.00000000e+00,0.00000000e+00,0.00000000e+00,0.00000000e+00,0.00000000e+00,0.00000000e+00,0.00000000e+00,0.00000000e+00,0.00000000e+00,0.00000000e+00,0.00000000e+00,0.00000000e+00,0.00000000e+00,0.00000000e+00,0.00000000e+00,0.00000000e+00,0.00000000e+00,0.00000000e+00,0.00000000e+00,0.00000000e+00,0.00000000e+00,1.28461884e-03
4.28500000e+01,1.82744816e-04,0.00000000e+00,0.00000000e+00,0.00000000e+00,0.00000000e+00,0.00000000e+00,0.00000000e+00,0.00000000e+00,0.00000000e+00,0.00000000e+00,0.00000000e+00,0.00000000e+00,0.00000000e+00,0.00000000e+00,0.00000000e+00,0.00000000e+00,0.00000000e+00,0.00000000e+00,0.00000000e+00,0.00000000e+00,0.00000000e+00,0.00000000e+00,0.00000000e+00,0.00000000e+00,1.29959851e-03
4.29500000e+01,1.84880432e-04,0.00000000e+00,0.00000000e+00,0.00000000e+00,0.00000000e+00,0.00000000e+00,0.00000000e+00,0.00000000e+00,0.00000000e+00,0.00000000e+00,0.00000000e+00,0.00000000e+00,0.00000000e+00,0.00000000e+00,0.00000000e+00,0.00000000e+00,0.00000000e+00,0.00000000e+00,0.00000000e+00,0.00000000e+00,0.00000000e+00,0.00000000e+00,0.00000000e+00,0.00000000e+00,1.28296130e-03
4.30500000e+01,1.83268629e-04,0.00000000e+00,0.00000000e+00,0.00000000e+00,0.00000000e+00,0.00000000e+00,0.00000000e+00,0.00000000e+00,0.00000000e+00,0.00000000e+00,0.00000000e+00,0.00000000e+00,0.00000000e+00,0.00000000e+00,0.00000000e+00,0.00000000e+00,0.00000000e+00,0.00000000e+00,0.00000000e+00,0.00000000e+00,0.00000000e+00,0.00000000e+00,0.00000000e+00,0.00000000e+00,1.26875341e-03
4.31500000e+01,1.84536666e-04,0.00000000e+00,0.00000000e+00,0.00000000e+00,0.00000000e+00,0.00000000e+00,0.00000000e+00,0.00000000e+00,0.00000000e+00,0.00000000e+00,0.00000000e+00,0.00000000e+00,0.00000000e+00,0.00000000e+00,0.00000000e+00,0.00000000e+00,0.00000000e+00,0.00000000e+00,0.00000000e+00,0.00000000e+00,0.00000000e+00,0.00000000e+00,0.00000000e+00,0.00000000e+00,1.27720157e-03
4.32500000e+01,1.82847330e-04,0.00000000e+00,0.00000000e+00,0.00000000e+00,0.00000000e+00,0.00000000e+00,0.00000000e+00,0.00000000e+00,0.00000000e+00,0.00000000e+00,0.00000000e+00,0.00000000e+00,0.00000000e+00,0.00000000e+00,0.00000000e+00,0.00000000e+00,0.00000000e+00,0.00000000e+00,0.00000000e+00,0.00000000e+00,0.00000000e+00,0.00000000e+00,0.00000000e+00,0.00000000e+00,1.26700979e-03
4.33500000e+01,1.80018554e-04,0.00000000e+00,0.00000000e+00,0.00000000e+00,0.00000000e+00,0.00000000e+00,0.00000000e+00,0.00000000e+00,0.00000000e+00,0.00000000e+00,0.00000000e+00,0.00000000e+00,0.00000000e+00,0.00000000e+00,0.00000000e+00,0.00000000e+00,0.00000000e+00,0.00000000e+00,0.00000000e+00,0.00000000e+00,0.00000000e+00,0.00000000e+00,0.00000000e+00,0.00000000e+00,1.27221092e-03
4.34500000e+01,1.80084045e-04,0.00000000e+00,0.00000000e+00,0.00000000e+00,0.00000000e+00,0.00000000e+00,0.00000000e+00,0.00000000e+00,0.00000000e+00,0.00000000e+00,0.00000000e+00,0.00000000e+00,0.00000000e+00,0.00000000e+00,0.00000000e+00,0.00000000e+00,0.00000000e+00,0.00000000e+00,0.00000000e+00,0.00000000e+00,0.00000000e+00,0.00000000e+00,0.00000000e+00,0.00000000e+00,1.25488107e-03
4.35500000e+01,1.77112818e-04,0.00000000e+00,0.00000000e+00,0.00000000e+00,0.00000000e+00,0.00000000e+00,0.00000000e+00,0.00000000e+00,0.00000000e+00,0.00000000e+00,0.00000000e+00,0.00000000e+00,0.00000000e+00,0.00000000e+00,0.00000000e+00,0.00000000e+00,0.00000000e+00,0.00000000e+00,0.00000000e+00,0.00000000e+00,0.00000000e+00,0.00000000e+00,0.00000000e+00,0.00000000e+00,1.26605436e-03
4.36500000e+01,1.76675634e-04,0.00000000e+00,0.00000000e+00,0.00000000e+00,0.00000000e+00,0.00000000e+00,0.00000000e+00,0.00000000e+00,0.00000000e+00,0.00000000e+00,0.00000000e+00,0.00000000e+00,0.00000000e+00,0.00000000e+00,0.00000000e+00,0.00000000e+00,0.00000000e+00,0.00000000e+00,0.00000000e+00,0.00000000e+00,0.00000000e+00,0.00000000e+00,0.00000000e+00,0.00000000e+00,1.23628826e-03
4.37500000e+01,1.74564463e-04,0.00000000e+00,0.00000000e+00,0.00000000e+00,0.00000000e+00,0.00000000e+00,0.00000000e+00,0.00000000e+00,0.00000000e+00,0.00000000e+00,0.00000000e+00,0.00000000e+00,0.00000000e+00,0.00000000e+00,0.00000000e+00,0.00000000e+00,0.00000000e+00,0.00000000e+00,0.00000000e+00,0.00000000e+00,0.00000000e+00,0.00000000e+00,0.00000000e+00,0.00000000e+00,1.24961072e-03
4.38500000e+01,1.70957666e-04,0.00000000e+00,0.00000000e+00,0.00000000e+00,0.00000000e+00,0.00000000e+00,0.00000000e+00,0.00000000e+00,0.00000000e+00,0.00000000e+00,0.00000000e+00,0.00000000e+00,0.00000000e+00,0.00000000e+00,0.00000000e+00,0.00000000e+00,0.00000000e+00,0.00000000e+00,0.00000000e+00,0.00000000e+00,0.00000000e+00,0.00000000e+00,0.00000000e+00,0.00000000e+00,1.24301834e-03
4.39500000e+01,1.65073689e-04,0.00000000e+00,0.00000000e+00,0.00000000e+00,0.00000000e+00,0.00000000e+00,0.00000000e+00,0.00000000e+00,0.00000000e+00,0.00000000e+00,0.00000000e+00,0.00000000e+00,0.00000000e+00,0.00000000e+00,0.00000000e+00,0.00000000e+00,0.00000000e+00,0.00000000e+00,0.00000000e+00,0.00000000e+00,0.00000000e+00,0.00000000e+00,0.00000000e+00,0.00000000e+00,1.24481732e-03
4.40500000e+01,1.63971285e-04,0.00000000e+00,0.00000000e+00,0.00000000e+00,0.00000000e+00,0.00000000e+00,0.00000000e+00,0.00000000e+00,0.00000000e+00,0.00000000e+00,0.00000000e+00,0.00000000e+00,0.00000000e+00,0.00000000e+00,0.00000000e+00,0.00000000e+00,0.00000000e+00,0.00000000e+00,0.00000000e+00,0.00000000e+00,0.00000000e+00,0.00000000e+00,0.00000000e+00,0.00000000e+00,1.24514898e-03
4.41500000e+01,1.64396262e-04,0.00000000e+00,0.00000000e+00,0.00000000e+00,0.00000000e+00,0.00000000e+00,0.00000000e+00,0.00000000e+00,0.00000000e+00,0.00000000e+00,0.00000000e+00,0.00000000e+00,0.00000000e+00,0.00000000e+00,0.00000000e+00,0.00000000e+00,0.00000000e+00,0.00000000e+00,0.00000000e+00,0.00000000e+00,0.00000000e+00,0.00000000e+00,0.00000000e+00,0.00000000e+00,1.22948610e-03
4.42500000e+01,1.62833472e-04,0.00000000e+00,0.00000000e+00,0.00000000e+00,0.00000000e+00,0.00000000e+00,0.00000000e+00,0.00000000e+00,0.00000000e+00,0.00000000e+00,0.00000000e+00,0.00000000e+00,0.00000000e+00,0.00000000e+00,0.00000000e+00,0.00000000e+00,0.00000000e+00,0.00000000e+00,0.00000000e+00,0.00000000e+00,0.00000000e+00,0.00000000e+00,0.00000000e+00,0.00000000e+00,1.21075656e-03
4.43500000e+01,1.61858274e-04,0.00000000e+00,0.00000000e+00,0.00000000e+00,0.00000000e+00,0.00000000e+00,0.00000000e+00,0.00000000e+00,0.00000000e+00,0.00000000e+00,0.00000000e+00,0.00000000e+00,0.00000000e+00,0.00000000e+00,0.00000000e+00,0.00000000e+00,0.00000000e+00,0.00000000e+00,0.00000000e+00,0.00000000e+00,0.00000000e+00,0.00000000e+00,0.00000000e+00,0.00000000e+00,1.22032014e-03
4.44500000e+01,2.30460860e-04,0.00000000e+00,0.00000000e+00,0.00000000e+00,0.00000000e+00,0.00000000e+00,0.00000000e+00,0.00000000e+00,0.00000000e+00,0.00000000e+00,0.00000000e+00,0.00000000e+00,0.00000000e+00,0.00000000e+00,0.00000000e+00,0.00000000e+00,0.00000000e+00,0.00000000e+00,0.00000000e+00,0.00000000e+00,0.00000000e+00,0.00000000e+00,0.00000000e+00,0.00000000e+00,1.23207337e-03
4.45500000e+01,1.92803713e-04,0.00000000e+00,0.00000000e+00,0.00000000e+00,0.00000000e+00,0.00000000e+00,0.00000000e+00,0.00000000e+00,0.00000000e+00,0.00000000e+00,0.00000000e+00,0.00000000e+00,0.00000000e+00,0.00000000e+00,0.00000000e+00,0.00000000e+00,0.00000000e+00,0.00000000e+00,0.00000000e+00,0.00000000e+00,0.00000000e+00,0.00000000e+00,0.00000000e+00,0.00000000e+00,1.21078840e-03
4.46500000e+01,1.44316590e-04,0.00000000e+00,0.00000000e+00,0.00000000e+00,0.00000000e+00,0.00000000e+00,0.00000000e+00,0.00000000e+00,0.00000000e+00,0.00000000e+00,0.00000000e+00,0.00000000e+00,0.00000000e+00,0.00000000e+00,0.00000000e+00,0.00000000e+00,0.00000000e+00,0.00000000e+00,0.00000000e+00,0.00000000e+00,0.00000000e+00,0.00000000e+00,0.00000000e+00,0.00000000e+00,1.21309512e-03
4.47500000e+01,1.39214810e-04,0.00000000e+00,0.00000000e+00,0.00000000e+00,0.00000000e+00,0.00000000e+00,0.00000000e+00,0.00000000e+00,0.00000000e+00,0.00000000e+00,0.00000000e+00,0.00000000e+00,0.00000000e+00,0.00000000e+00,0.00000000e+00,0.00000000e+00,0.00000000e+00,0.00000000e+00,0.00000000e+00,0.00000000e+00,0.00000000e+00,0.00000000e+00,0.00000000e+00,0.00000000e+00,1.18601509e-03
4.48500000e+01,1.38657239e-04,0.00000000e+00,0.00000000e+00,0.00000000e+00,0.00000000e+00,0.00000000e+00,0.00000000e+00,0.00000000e+00,0.00000000e+00,0.00000000e+00,0.00000000e+00,0.00000000e+00,0.00000000e+00,0.00000000e+00,0.00000000e+00,0.00000000e+00,0.00000000e+00,0.00000000e+00,0.00000000e+00,0.00000000e+00,0.00000000e+00,0.00000000e+00,0.00000000e+00,0.00000000e+00,1.18086877e-03
4.49500000e+01,1.32847665e-04,0.00000000e+00,0.00000000e+00,0.00000000e+00,0.00000000e+00,0.00000000e+00,0.00000000e+00,0.00000000e+00,0.00000000e+00,0.00000000e+00,0.00000000e+00,0.00000000e+00,0.00000000e+00,0.00000000e+00,0.00000000e+00,0.00000000e+00,0.00000000e+00,0.00000000e+00,0.00000000e+00,0.00000000e+00,0.00000000e+00,0.00000000e+00,0.00000000e+00,0.00000000e+00,1.18709556e-03
4.50500000e+01,1.31861158e-04,0.00000000e+00,0.00000000e+00,0.00000000e+00,0.00000000e+00,0.00000000e+00,0.00000000e+00,0.00000000e+00,0.00000000e+00,0.00000000e+00,0.00000000e+00,0.00000000e+00,0.00000000e+00,0.00000000e+00,0.00000000e+00,0.00000000e+00,0.00000000e+00,0.00000000e+00,0.00000000e+00,0.00000000e+00,0.00000000e+00,0.00000000e+00,0.00000000e+00,0.00000000e+00,1.19678894e-03
4.51500000e+01,1.29591338e-04,0.00000000e+00,0.00000000e+00,0.00000000e+00,0.00000000e+00,0.00000000e+00,0.00000000e+00,0.00000000e+00,0.00000000e+00,0.00000000e+00,0.00000000e+00,0.00000000e+00,0.00000000e+00,0.00000000e+00,0.00000000e+00,0.00000000e+00,0.00000000e+00,0.00000000e+00,0.00000000e+00,0.00000000e+00,0.00000000e+00,0.00000000e+00,0.00000000e+00,0.00000000e+00,1.17324167e-03
4.52500000e+01,1.27532048e-04,0.00000000e+00,0.00000000e+00,0.00000000e+00,0.00000000e+00,0.00000000e+00,0.00000000e+00,0.00000000e+00,0.00000000e+00,0.00000000e+00,0.00000000e+00,0.00000000e+00,0.00000000e+00,0.00000000e+00,0.00000000e+00,0.00000000e+00,0.00000000e+00,0.00000000e+00,0.00000000e+00,0.00000000e+00,0.00000000e+00,0.00000000e+00,0.00000000e+00,0.00000000e+00,1.17160139e-03
4.53500000e+01,1.25467598e-04,0.00000000e+00,0.00000000e+00,0.00000000e+00,0.00000000e+00,0.00000000e+00,0.00000000e+00,0.00000000e+00,0.00000000e+00,0.00000000e+00,0.00000000e+00,0.00000000e+00,0.00000000e+00,0.00000000e+00,0.00000000e+00,0.00000000e+00,0.00000000e+00,0.00000000e+00,0.00000000e+00,0.00000000e+00,0.00000000e+00,0.00000000e+00,0.00000000e+00,0.00000000e+00,1.16329564e-03
4.54500000e+01,1.23726937e-04,0.00000000e+00,0.00000000e+00,0.00000000e+00,0.00000000e+00,0.00000000e+00,0.00000000e+00,0.00000000e+00,0.00000000e+00,0.00000000e+00,0.00000000e+00,0.00000000e+00,0.00000000e+00,0.00000000e+00,0.00000000e+00,0.00000000e+00,0.00000000e+00,0.00000000e+00,0.00000000e+00,0.00000000e+00,0.00000000e+00,0.00000000e+00,0.00000000e+00,0.00000000e+00,1.18638836e-03
4.55500000e+01,1.19937271e-04,0.00000000e+00,0.00000000e+00,0.00000000e+00,0.00000000e+00,0.00000000e+00,0.00000000e+00,0.00000000e+00,0.00000000e+00,0.00000000e+00,0.00000000e+00,0.00000000e+00,0.00000000e+00,0.00000000e+00,0.00000000e+00,0.00000000e+00,0.00000000e+00,0.00000000e+00,0.00000000e+00,0.00000000e+00,0.00000000e+00,0.00000000e+00,0.00000000e+00,0.00000000e+00,1.17405280e-03
4.56500000e+01,1.18566104e-04,0.00000000e+00,0.00000000e+00,0.00000000e+00,0.00000000e+00,0.00000000e+00,0.00000000e+00,0.00000000e+00,0.00000000e+00,0.00000000e+00,0.00000000e+00,0.00000000e+00,0.00000000e+00,0.00000000e+00,0.00000000e+00,0.00000000e+00,0.00000000e+00,0.00000000e+00,0.00000000e+00,0.00000000e+00,0.00000000e+00,0.00000000e+00,0.00000000e+00,0.00000000e+00,1.16742809e-03
4.57500000e+01,1.18106183e-04,0.00000000e+00,0.00000000e+00,0.00000000e+00,0.00000000e+00,0.00000000e+00,0.00000000e+00,0.00000000e+00,0.00000000e+00,0.00000000e+00,0.00000000e+00,0.00000000e+00,0.00000000e+00,0.00000000e+00,0.00000000e+00,0.00000000e+00,0.00000000e+00,0.00000000e+00,0.00000000e+00,0.00000000e+00,0.00000000e+00,0.00000000e+00,0.00000000e+00,0.00000000e+00,1.17534972e-03
4.58500000e+01,1.15766457e-04,0.00000000e+00,0.00000000e+00,0.00000000e+00,0.00000000e+00,0.00000000e+00,0.00000000e+00,0.00000000e+00,0.00000000e+00,0.00000000e+00,0.00000000e+00,0.00000000e+00,0.00000000e+00,0.00000000e+00,0.00000000e+00,0.00000000e+00,0.00000000e+00,0.00000000e+00,0.00000000e+00,0.00000000e+00,0.00000000e+00,0.00000000e+00,0.00000000e+00,0.00000000e+00,1.15727660e-03
4.59500000e+01,1.14425300e-04,0.00000000e+00,0.00000000e+00,0.00000000e+00,0.00000000e+00,0.00000000e+00,0.00000000e+00,0.00000000e+00,0.00000000e+00,0.00000000e+00,0.00000000e+00,0.00000000e+00,0.00000000e+00,0.00000000e+00,0.00000000e+00,0.00000000e+00,0.00000000e+00,0.00000000e+00,0.00000000e+00,0.00000000e+00,0.00000000e+00,0.00000000e+00,0.00000000e+00,0.00000000e+00,1.16011813e-03
4.60500000e+01,1.12737375e-04,0.00000000e+00,0.00000000e+00,0.00000000e+00,0.00000000e+00,0.00000000e+00,0.00000000e+00,0.00000000e+00,0.00000000e+00,0.00000000e+00,0.00000000e+00,0.00000000e+00,0.00000000e+00,0.00000000e+00,0.00000000e+00,0.00000000e+00,0.00000000e+00,0.00000000e+00,0.00000000e+00,0.00000000e+00,0.00000000e+00,0.00000000e+00,0.00000000e+00,0.00000000e+00,1.15495452e-03
4.61500000e+01,1.10595667e-04,0.00000000e+00,0.00000000e+00,0.00000000e+00,0.00000000e+00,0.00000000e+00,0.00000000e+00,0.00000000e+00,0.00000000e+00,0.00000000e+00,0.00000000e+00,0.00000000e+00,0.00000000e+00,0.00000000e+00,0.00000000e+00,0.00000000e+00,0.00000000e+00,0.00000000e+00,0.00000000e+00,0.00000000e+00,0.00000000e+00,0.00000000e+00,0.00000000e+00,0.00000000e+00,1.14167982e-03
4.62500000e+01,1.09392614e-04,0.00000000e+00,0.00000000e+00,0.00000000e+00,0.00000000e+00,0.00000000e+00,0.00000000e+00,0.00000000e+00,0.00000000e+00,0.00000000e+00,0.00000000e+00,0.00000000e+00,0.00000000e+00,0.00000000e+00,0.00000000e+00,0.00000000e+00,0.00000000e+00,0.00000000e+00,0.00000000e+00,0.00000000e+00,0.00000000e+00,0.00000000e+00,0.00000000e+00,0.00000000e+00,1.14089091e-03
4.63500000e+01,1.09392614e-04,0.00000000e+00,0.00000000e+00,0.00000000e+00,0.00000000e+00,0.00000000e+00,0.00000000e+00,0.00000000e+00,0.00000000e+00,0.00000000e+00,0.00000000e+00,0.00000000e+00,0.00000000e+00,0.00000000e+00,0.00000000e+00,0.00000000e+00,0.00000000e+00,0.00000000e+00,0.00000000e+00,0.00000000e+00,0.00000000e+00,0.00000000e+00,0.00000000e+00,0.00000000e+00,1.14829658e-03
4.64500000e+01,1.07673851e-04,0.00000000e+00,0.00000000e+00,0.00000000e+00,0.00000000e+00,0.00000000e+00,0.00000000e+00,0.00000000e+00,0.00000000e+00,0.00000000e+00,0.00000000e+00,0.00000000e+00,0.00000000e+00,0.00000000e+00,0.00000000e+00,0.00000000e+00,0.00000000e+00,0.00000000e+00,0.00000000e+00,0.00000000e+00,0.00000000e+00,0.00000000e+00,0.00000000e+00,0.00000000e+00,1.13062731e-03
4.65500000e+01,1.06308425e-04,0.00000000e+00,0.00000000e+00,0.00000000e+00,0.00000000e+00,0.00000000e+00,0.00000000e+00,0.00000000e+00,0.00000000e+00,0.00000000e+00,0.00000000e+00,0.00000000e+00,0.00000000e+00,0.00000000e+00,0.00000000e+00,0.00000000e+00,0.00000000e+00,0.00000000e+00,0.00000000e+00,0.00000000e+00,0.00000000e+00,0.00000000e+00,0.00000000e+00,0.00000000e+00,1.11884400e-03
4.66500000e+01,1.04246415e-04,0.00000000e+00,0.00000000e+00,0.00000000e+00,0.00000000e+00,0.00000000e+00,0.00000000e+00,0.00000000e+00,0.00000000e+00,0.00000000e+00,0.00000000e+00,0.00000000e+00,0.00000000e+00,0.00000000e+00,0.00000000e+00,0.00000000e+00,0.00000000e+00,0.00000000e+00,0.00000000e+00,0.00000000e+00,0.00000000e+00,0.00000000e+00,0.00000000e+00,0.00000000e+00,1.12167226e-03
4.67500000e+01,1.04239924e-04,0.00000000e+00,0.00000000e+00,0.00000000e+00,0.00000000e+00,0.00000000e+00,0.00000000e+00,0.00000000e+00,0.00000000e+00,0.00000000e+00,0.00000000e+00,0.00000000e+00,0.00000000e+00,0.00000000e+00,0.00000000e+00,0.00000000e+00,0.00000000e+00,0.00000000e+00,0.00000000e+00,0.00000000e+00,0.00000000e+00,0.00000000e+00,0.00000000e+00,0.00000000e+00,1.13110203e-03
4.68500000e+01,1.04239769e-04,0.00000000e+00,0.00000000e+00,0.00000000e+00,0.00000000e+00,0.00000000e+00,0.00000000e+00,0.00000000e+00,0.00000000e+00,0.00000000e+00,0.00000000e+00,0.00000000e+00,0.00000000e+00,0.00000000e+00,0.00000000e+00,0.00000000e+00,0.00000000e+00,0.00000000e+00,0.00000000e+00,0.00000000e+00,0.00000000e+00,0.00000000e+00,0.00000000e+00,0.00000000e+00,1.13556833e-03
4.69500000e+01,1.04239769e-04,0.00000000e+00,0.00000000e+00,0.00000000e+00,0.00000000e+00,0.00000000e+00,0.00000000e+00,0.00000000e+00,0.00000000e+00,0.00000000e+00,0.00000000e+00,0.00000000e+00,0.00000000e+00,0.00000000e+00,0.00000000e+00,0.00000000e+00,0.00000000e+00,0.00000000e+00,0.00000000e+00,0.00000000e+00,0.00000000e+00,0.00000000e+00,0.00000000e+00,0.00000000e+00,1.12435974e-03
4.70500000e+01,1.03767878e-04,0.00000000e+00,0.00000000e+00,0.00000000e+00,0.00000000e+00,0.00000000e+00,0.00000000e+00,0.00000000e+00,0.00000000e+00,0.00000000e+00,0.00000000e+00,0.00000000e+00,0.00000000e+00,0.00000000e+00,0.00000000e+00,0.00000000e+00,0.00000000e+00,0.00000000e+00,0.00000000e+00,0.00000000e+00,0.00000000e+00,0.00000000e+00,0.00000000e+00,0.00000000e+00,1.12073251e-03
4.71500000e+01,1.02642878e-04,0.00000000e+00,0.00000000e+00,0.00000000e+00,0.00000000e+00,0.00000000e+00,0.00000000e+00,0.00000000e+00,0.00000000e+00,0.00000000e+00,0.00000000e+00,0.00000000e+00,0.00000000e+00,0.00000000e+00,0.00000000e+00,0.00000000e+00,0.00000000e+00,0.00000000e+00,0.00000000e+00,0.00000000e+00,0.00000000e+00,0.00000000e+00,0.00000000e+00,0.00000000e+00,1.12861217e-03
4.72500000e+01,1.01507673e-04,0.00000000e+00,0.00000000e+00,0.00000000e+00,0.00000000e+00,0.00000000e+00,0.00000000e+00,0.00000000e+00,0.00000000e+00,0.00000000e+00,0.00000000e+00,0.00000000e+00,0.00000000e+00,0.00000000e+00,0.00000000e+00,0.00000000e+00,0.00000000e+00,0.00000000e+00,0.00000000e+00,0.00000000e+00,0.00000000e+00,0.00000000e+00,0.00000000e+00,0.00000000e+00,1.11897105e-03
4.73500000e+01,9.94857269e-05,0.00000000e+00,0.00000000e+00,0.00000000e+00,0.00000000e+00,0.00000000e+00,0.00000000e+00,0.00000000e+00,0.00000000e+00,0.00000000e+00,0.00000000e+00,0.00000000e+00,0.00000000e+00,0.00000000e+00,0.00000000e+00,0.00000000e+00,0.00000000e+00,0.00000000e+00,0.00000000e+00,0.00000000e+00,0.00000000e+00,0.00000000e+00,0.00000000e+00,0.00000000e+00,1.12318176e-03
4.74500000e+01,9.84677179e-05,0.00000000e+00,0.00000000e+00,0.00000000e+00,0.00000000e+00,0.00000000e+00,0.00000000e+00,0.00000000e+00,0.00000000e+00,0.00000000e+00,0.00000000e+00,0.00000000e+00,0.00000000e+00,0.00000000e+00,0.00000000e+00,0.00000000e+00,0.00000000e+00,0.00000000e+00,0.00000000e+00,0.00000000e+00,0.00000000e+00,0.00000000e+00,0.00000000e+00,0.00000000e+00,1.12310836e-03
4.75500000e+01,9.82805580e-05,0.00000000e+00,0.00000000e+00,0.00000000e+00,0.00000000e+00,0.00000000e+00,0.00000000e+00,0.00000000e+00,0.00000000e+00,0.00000000e+00,0.00000000e+00,0.00000000e+00,0.00000000e+00,0.00000000e+00,0.00000000e+00,0.00000000e+00,0.00000000e+00,0.00000000e+00,0.00000000e+00,0.00000000e+00,0.00000000e+00,0.00000000e+00,0.00000000e+00,0.00000000e+00,1.11077893e-03
4.76500000e+01,9.82805580e-05,0.00000000e+00,0.00000000e+00,0.00000000e+00,0.00000000e+00,0.00000000e+00,0.00000000e+00,0.00000000e+00,0.00000000e+00,0.00000000e+00,0.00000000e+00,0.00000000e+00,0.00000000e+00,0.00000000e+00,0.00000000e+00,0.00000000e+00,0.00000000e+00,0.00000000e+00,0.00000000e+00,0.00000000e+00,0.00000000e+00,0.00000000e+00,0.00000000e+00,0.00000000e+00,1.11307094e-03
4.77500000e+01,9.79435467e-05,0.00000000e+00,0.00000000e+00,0.00000000e+00,0.00000000e+00,0.00000000e+00,0.00000000e+00,0.00000000e+00,0.00000000e+00,0.00000000e+00,0.00000000e+00,0.00000000e+00,0.00000000e+00,0.00000000e+00,0.00000000e+00,0.00000000e+00,0.00000000e+00,0.00000000e+00,0.00000000e+00,0.00000000e+00,0.00000000e+00,0.00000000e+00,0.00000000e+00,0.00000000e+00,1.10402248e-03
4.78500000e+01,9.61173712e-05,0.00000000e+00,0.00000000e+00,0.00000000e+00,0.00000000e+00,0.00000000e+00,0.00000000e+00,0.00000000e+00,0.00000000e+00,0.00000000e+00,0.00000000e+00,0.00000000e+00,0.00000000e+00,0.00000000e+00,0.00000000e+00,0.00000000e+00,0.00000000e+00,0.00000000e+00,0.00000000e+00,0.00000000e+00,0.00000000e+00,0.00000000e+00,0.00000000e+00,0.00000000e+00,1.09293801e-03
4.79500000e+01,9.64410339e-05,0.00000000e+00,0.00000000e+00,0.00000000e+00,0.00000000e+00,0.00000000e+00,0.00000000e+00,0.00000000e+00,0.00000000e+00,0.00000000e+00,0.00000000e+00,0.00000000e+00,0.00000000e+00,0.00000000e+00,0.00000000e+00,0.00000000e+00,0.00000000e+00,0.00000000e+00,0.00000000e+00,0.00000000e+00,0.00000000e+00,0.00000000e+00,0.00000000e+00,0.00000000e+00,1.09346803e-03
4.80500000e+01,9.57596620e-05,0.00000000e+00,0.00000000e+00,0.00000000e+00,0.00000000e+00,0.00000000e+00,0.00000000e+00,0.00000000e+00,0.00000000e+00,0.00000000e+00,0.00000000e+00,0.00000000e+00,0.00000000e+00,0.00000000e+00,0.00000000e+00,0.00000000e+00,0.00000000e+00,0.00000000e+00,0.00000000e+00,0.00000000e+00,0.00000000e+00,0.00000000e+00,0.00000000e+00,0.00000000e+00,1.09439610e-03
4.81500000e+01,9.52883868e-05,0.00000000e+00,0.00000000e+00,0.00000000e+00,0.00000000e+00,0.00000000e+00,0.00000000e+00,0.00000000e+00,0.00000000e+00,0.00000000e+00,0.00000000e+00,0.00000000e+00,0.00000000e+00,0.00000000e+00,0.00000000e+00,0.00000000e+00,0.00000000e+00,0.00000000e+00,0.00000000e+00,0.00000000e+00,0.00000000e+00,0.00000000e+00,0.00000000e+00,0.00000000e+00,1.10417295e-03
4.82500000e+01,9.53833130e-05,0.00000000e+00,0.00000000e+00,0.00000000e+00,0.00000000e+00,0.00000000e+00,0.00000000e+00,0.00000000e+00,0.00000000e+00,0.00000000e+00,0.00000000e+00,0.00000000e+00,0.00000000e+00,0.00000000e+00,0.00000000e+00,0.00000000e+00,0.00000000e+00,0.00000000e+00,0.00000000e+00,0.00000000e+00,0.00000000e+00,0.00000000e+00,0.00000000e+00,0.00000000e+00,1.09266002e-03
4.83500000e+01,9.53833130e-05,0.00000000e+00,0.00000000e+00,0.00000000e+00,0.00000000e+00,0.00000000e+00,0.00000000e+00,0.00000000e+00,0.00000000e+00,0.00000000e+00,0.00000000e+00,0.00000000e+00,0.00000000e+00,0.00000000e+00,0.00000000e+00,0.00000000e+00,0.00000000e+00,0.00000000e+00,0.00000000e+00,0.00000000e+00,0.00000000e+00,0.00000000e+00,0.00000000e+00,0.00000000e+00,1.10791572e-03
4.84500000e+01,9.50192688e-05,0.00000000e+00,0.00000000e+00,0.00000000e+00,0.00000000e+00,0.00000000e+00,0.00000000e+00,0.00000000e+00,0.00000000e+00,0.00000000e+00,0.00000000e+00,0.00000000e+00,0.00000000e+00,0.00000000e+00,0.00000000e+00,0.00000000e+00,0.00000000e+00,0.00000000e+00,0.00000000e+00,0.00000000e+00,0.00000000e+00,0.00000000e+00,0.00000000e+00,0.00000000e+00,1.10976328e-03
4.85500000e+01,9.63017491e-05,0.00000000e+00,0.00000000e+00,0.00000000e+00,0.00000000e+00,0.00000000e+00,0.00000000e+00,0.00000000e+00,0.00000000e+00,0.00000000e+00,0.00000000e+00,0.00000000e+00,0.00000000e+00,0.00000000e+00,0.00000000e+00,0.00000000e+00,0.00000000e+00,0.00000000e+00,0.00000000e+00,0.00000000e+00,0.00000000e+00,0.00000000e+00,0.00000000e+00,0.00000000e+00,1.10478444e-03
4.86500000e+01,9.63540803e-05,0.00000000e+00,0.00000000e+00,0.00000000e+00,0.00000000e+00,0.00000000e+00,0.00000000e+00,0.00000000e+00,0.00000000e+00,0.00000000e+00,0.00000000e+00,0.00000000e+00,0.00000000e+00,0.00000000e+00,0.00000000e+00,0.00000000e+00,0.00000000e+00,0.00000000e+00,0.00000000e+00,0.00000000e+00,0.00000000e+00,0.00000000e+00,0.00000000e+00,0.00000000e+00,1.08326869e-03
4.87500000e+01,9.63559048e-05,0.00000000e+00,0.00000000e+00,0.00000000e+00,0.00000000e+00,0.00000000e+00,0.00000000e+00,0.00000000e+00,0.00000000e+00,0.00000000e+00,0.00000000e+00,0.00000000e+00,0.00000000e+00,0.00000000e+00,0.00000000e+00,0.00000000e+00,0.00000000e+00,0.00000000e+00,0.00000000e+00,0.00000000e+00,0.00000000e+00,0.00000000e+00,0.00000000e+00,0.00000000e+00,1.08013322e-03
4.88500000e+01,9.56104994e-05,0.00000000e+00,0.00000000e+00,0.00000000e+00,0.00000000e+00,0.00000000e+00,0.00000000e+00,0.00000000e+00,0.00000000e+00,0.00000000e+00,0.00000000e+00,0.00000000e+00,0.00000000e+00,0.00000000e+00,0.00000000e+00,0.00000000e+00,0.00000000e+00,0.00000000e+00,0.00000000e+00,0.00000000e+00,0.00000000e+00,0.00000000e+00,0.00000000e+00,0.00000000e+00,1.08467222e-03
4.89500000e+01,1.02843468e-04,0.00000000e+00,0.00000000e+00,0.00000000e+00,0.00000000e+00,0.00000000e+00,0.00000000e+00,0.00000000e+00,0.00000000e+00,0.00000000e+00,0.00000000e+00,0.00000000e+00,0.00000000e+00,0.00000000e+00,0.00000000e+00,0.00000000e+00,0.00000000e+00,0.00000000e+00,0.00000000e+00,0.00000000e+00,0.00000000e+00,0.00000000e+00,0.00000000e+00,0.00000000e+00,1.09037860e-03
4.90500000e+01,1.02158959e-04,0.00000000e+00,0.00000000e+00,0.00000000e+00,0.00000000e+00,0.00000000e+00,0.00000000e+00,0.00000000e+00,0.00000000e+00,0.00000000e+00,0.00000000e+00,0.00000000e+00,0.00000000e+00,0.00000000e+00,0.00000000e+00,0.00000000e+00,0.00000000e+00,0.00000000e+00,0.00000000e+00,0.00000000e+00,0.00000000e+00,0.00000000e+00,0.00000000e+00,0.00000000e+00,1.09424431e-03
4.91500000e+01,9.50519669e-05,0.00000000e+00,0.00000000e+00,0.00000000e+00,0.00000000e+00,0.00000000e+00,0.00000000e+00,0.00000000e+00,0.00000000e+00,0.00000000e+00,0.00000000e+00,0.00000000e+00,0.00000000e+00,0.00000000e+00,0.00000000e+00,0.00000000e+00,0.00000000e+00,0.00000000e+00,0.00000000e+00,0.00000000e+00,0.00000000e+00,0.00000000e+00,0.00000000e+00,0.00000000e+00,1.06876192e-03
4.92500000e+01,9.09748739e-05,0.00000000e+00,0.00000000e+00,0.00000000e+00,0.00000000e+00,0.00000000e+00,0.00000000e+00,0.00000000e+00,0.00000000e+00,0.00000000e+00,0.00000000e+00,0.00000000e+00,0.00000000e+00,0.00000000e+00,0.00000000e+00,0.00000000e+00,0.00000000e+00,0.00000000e+00,0.00000000e+00,0.00000000e+00,0.00000000e+00,0.00000000e+00,0.00000000e+00,0.00000000e+00,1.05709930e-03
4.93500000e+01,8.58948100e-05,0.00000000e+00,0.00000000e+00,0.00000000e+00,0.00000000e+00,0.00000000e+00,0.00000000e+00,0.00000000e+00,0.00000000e+00,0.00000000e+00,0.00000000e+00,0.00000000e+00,0.00000000e+00,0.00000000e+00,0.00000000e+00,0.00000000e+00,0.00000000e+00,0.00000000e+00,0.00000000e+00,0.00000000e+00,0.00000000e+00,0.00000000e+00,0.00000000e+00,0.00000000e+00,1.04670485e-03
4.94500000e+01,9.86390169e-05,0.00000000e+00,0.00000000e+00,0.00000000e+00,0.00000000e+00,0.00000000e+00,0.00000000e+00,0.00000000e+00,0.00000000e+00,0.00000000e+00,0.00000000e+00,0.00000000e+00,0.00000000e+00,0.00000000e+00,0.00000000e+00,0.00000000e+00,0.00000000e+00,0.00000000e+00,0.00000000e+00,0.00000000e+00,0.00000000e+00,0.00000000e+00,0.00000000e+00,0.00000000e+00,1.03526182e-03
4.95500000e+01,1.09772478e-04,0.00000000e+00,0.00000000e+00,0.00000000e+00,0.00000000e+00,0.00000000e+00,0.00000000e+00,0.00000000e+00,0.00000000e+00,0.00000000e+00,0.00000000e+00,0.00000000e+00,0.00000000e+00,0.00000000e+00,0.00000000e+00,0.00000000e+00,0.00000000e+00,0.00000000e+00,0.00000000e+00,0.00000000e+00,0.00000000e+00,0.00000000e+00,0.00000000e+00,0.00000000e+00,1.03582796e-03
4.96500000e+01,1.09681877e-04,0.00000000e+00,0.00000000e+00,0.00000000e+00,0.00000000e+00,0.00000000e+00,0.00000000e+00,0.00000000e+00,0.00000000e+00,0.00000000e+00,0.00000000e+00,0.00000000e+00,0.00000000e+00,0.00000000e+00,0.00000000e+00,0.00000000e+00,0.00000000e+00,0.00000000e+00,0.00000000e+00,0.00000000e+00,0.00000000e+00,0.00000000e+00,0.00000000e+00,0.00000000e+00,1.04544966e-03
4.97500000e+01,1.09358287e-04,0.00000000e+00,0.00000000e+00,0.00000000e+00,0.00000000e+00,0.00000000e+00,0.00000000e+00,0.00000000e+00,0.00000000e+00,0.00000000e+00,0.00000000e+00,0.00000000e+00,0.00000000e+00,0.00000000e+00,0.00000000e+00,0.00000000e+00,0.00000000e+00,0.00000000e+00,0.00000000e+00,0.00000000e+00,0.00000000e+00,0.00000000e+00,0.00000000e+00,0.00000000e+00,1.03995854e-03
4.98500000e+01,1.07186837e-04,0.00000000e+00,0.00000000e+00,0.00000000e+00,0.00000000e+00,0.00000000e+00,0.00000000e+00,0.00000000e+00,0.00000000e+00,0.00000000e+00,0.00000000e+00,0.00000000e+00,0.00000000e+00,0.00000000e+00,0.00000000e+00,0.00000000e+00,0.00000000e+00,0.00000000e+00,0.00000000e+00,0.00000000e+00,0.00000000e+00,0.00000000e+00,0.00000000e+00,0.00000000e+00,1.03160417e-03
4.99500000e+01,1.07260733e-04,0.00000000e+00,0.00000000e+00,0.00000000e+00,0.00000000e+00,0.00000000e+00,0.00000000e+00,0.00000000e+00,0.00000000e+00,0.00000000e+00,0.00000000e+00,0.00000000e+00,0.00000000e+00,0.00000000e+00,0.00000000e+00,0.00000000e+00,0.00000000e+00,0.00000000e+00,0.00000000e+00,0.00000000e+00,0.00000000e+00,0.00000000e+00,0.00000000e+00,0.00000000e+00,1.01992706e-03
5.00500000e+01,1.07454084e-04,0.00000000e+00,0.00000000e+00,0.00000000e+00,0.00000000e+00,0.00000000e+00,0.00000000e+00,0.00000000e+00,0.00000000e+00,0.00000000e+00,0.00000000e+00,0.00000000e+00,0.00000000e+00,0.00000000e+00,0.00000000e+00,0.00000000e+00,0.00000000e+00,0.00000000e+00,0.00000000e+00,0.00000000e+00,0.00000000e+00,0.00000000e+00,0.00000000e+00,0.00000000e+00,1.01036374e-03
5.01500000e+01,1.10638897e-04,0.00000000e+00,0.00000000e+00,0.00000000e+00,0.00000000e+00,0.00000000e+00,0.00000000e+00,0.00000000e+00,0.00000000e+00,0.00000000e+00,0.00000000e+00,0.00000000e+00,0.00000000e+00,0.00000000e+00,0.00000000e+00,0.00000000e+00,0.00000000e+00,0.00000000e+00,0.00000000e+00,0.00000000e+00,0.00000000e+00,0.00000000e+00,0.00000000e+00,0.00000000e+00,1.01501717e-03
5.02500000e+01,9.89676156e-05,0.00000000e+00,0.00000000e+00,0.00000000e+00,0.00000000e+00,0.00000000e+00,0.00000000e+00,0.00000000e+00,0.00000000e+00,0.00000000e+00,0.00000000e+00,0.00000000e+00,0.00000000e+00,0.00000000e+00,0.00000000e+00,0.00000000e+00,0.00000000e+00,0.00000000e+00,0.00000000e+00,0.00000000e+00,0.00000000e+00,0.00000000e+00,0.00000000e+00,0.00000000e+00,1.01938707e-03
5.03500000e+01,8.03893581e-05,0.00000000e+00,0.00000000e+00,0.00000000e+00,0.00000000e+00,0.00000000e+00,0.00000000e+00,0.00000000e+00,0.00000000e+00,0.00000000e+00,0.00000000e+00,0.00000000e+00,0.00000000e+00,0.00000000e+00,0.00000000e+00,0.00000000e+00,0.00000000e+00,0.00000000e+00,0.00000000e+00,0.00000000e+00,0.00000000e+00,0.00000000e+00,0.00000000e+00,0.00000000e+00,1.02120821e-03
5.04500000e+01,8.05259784e-05,0.00000000e+00,0.00000000e+00,0.00000000e+00,0.00000000e+00,0.00000000e+00,0.00000000e+00,0.00000000e+00,0.00000000e+00,0.00000000e+00,0.00000000e+00,0.00000000e+00,0.00000000e+00,0.00000000e+00,0.00000000e+00,0.00000000e+00,0.00000000e+00,0.00000000e+00,0.00000000e+00,0.00000000e+00,0.00000000e+00,0.00000000e+00,0.00000000e+00,0.00000000e+00,1.01543608e-03
5.05500000e+01,8.05036841e-05,0.00000000e+00,0.00000000e+00,0.00000000e+00,0.00000000e+00,0.00000000e+00,0.00000000e+00,0.00000000e+00,0.00000000e+00,0.00000000e+00,0.00000000e+00,0.00000000e+00,0.00000000e+00,0.00000000e+00,0.00000000e+00,0.00000000e+00,0.00000000e+00,0.00000000e+00,0.00000000e+00,0.00000000e+00,0.00000000e+00,0.00000000e+00,0.00000000e+00,0.00000000e+00,1.00925283e-03
5.06500000e+01,8.17302720e-05,0.00000000e+00,0.00000000e+00,0.00000000e+00,0.00000000e+00,0.00000000e+00,0.00000000e+00,0.00000000e+00,0.00000000e+00,0.00000000e+00,0.00000000e+00,0.00000000e+00,0.00000000e+00,0.00000000e+00,0.00000000e+00,0.00000000e+00,0.00000000e+00,0.00000000e+00,0.00000000e+00,0.00000000e+00,0.00000000e+00,0.00000000e+00,0.00000000e+00,0.00000000e+00,1.01273819e-03
5.07500000e+01,8.00404761e-05,0.00000000e+00,0.00000000e+00,0.00000000e+00,0.00000000e+00,0.00000000e+00,0.00000000e+00,0.00000000e+00,0.00000000e+00,0.00000000e+00,0.00000000e+00,0.00000000e+00,0.00000000e+00,0.00000000e+00,0.00000000e+00,0.00000000e+00,0.00000000e+00,0.00000000e+00,0.00000000e+00,0.00000000e+00,0.00000000e+00,0.00000000e+00,0.00000000e+00,0.00000000e+00,1.01141189e-03
5.08500000e+01,7.91778917e-05,0.00000000e+00,0.00000000e+00,0.00000000e+00,0.00000000e+00,0.00000000e+00,0.00000000e+00,0.00000000e+00,0.00000000e+00,0.00000000e+00,0.00000000e+00,0.00000000e+00,0.00000000e+00,0.00000000e+00,0.00000000e+00,0.00000000e+00,0.00000000e+00,0.00000000e+00,0.00000000e+00,0.00000000e+00,0.00000000e+00,0.00000000e+00,0.00000000e+00,0.00000000e+00,1.01509155e-03
5.09500000e+01,8.01145782e-05,0.00000000e+00,0.00000000e+00,0.00000000e+00,0.00000000e+00,0.00000000e+00,0.00000000e+00,0.00000000e+00,0.00000000e+00,0.00000000e+00,0.00000000e+00,0.00000000e+00,0.00000000e+00,0.00000000e+00,0.00000000e+00,0.00000000e+00,0.00000000e+00,0.00000000e+00,0.00000000e+00,0.00000000e+00,0.00000000e+00,0.00000000e+00,0.00000000e+00,0.00000000e+00,1.00037566e-03
5.10500000e+01,7.84757218e-05,0.00000000e+00,0.00000000e+00,0.00000000e+00,0.00000000e+00,0.00000000e+00,0.00000000e+00,0.00000000e+00,0.00000000e+00,0.00000000e+00,0.00000000e+00,0.00000000e+00,0.00000000e+00,0.00000000e+00,0.00000000e+00,0.00000000e+00,0.00000000e+00,0.00000000e+00,0.00000000e+00,0.00000000e+00,0.00000000e+00,0.00000000e+00,0.00000000e+00,0.00000000e+00,9.98366443e-04
5.11500000e+01,7.51703970e-05,0.00000000e+00,0.00000000e+00,0.00000000e+00,0.00000000e+00,0.00000000e+00,0.00000000e+00,0.00000000e+00,0.00000000e+00,0.00000000e+00,0.00000000e+00,0.00000000e+00,0.00000000e+00,0.00000000e+00,0.00000000e+00,0.00000000e+00,0.00000000e+00,0.00000000e+00,0.00000000e+00,0.00000000e+00,0.00000000e+00,0.00000000e+00,0.00000000e+00,0.00000000e+00,9.94626725e-04
5.12500000e+01,9.70005464e-05,0.00000000e+00,0.00000000e+00,0.00000000e+00,0.00000000e+00,0.00000000e+00,0.00000000e+00,0.00000000e+00,0.00000000e+00,0.00000000e+00,0.00000000e+00,0.00000000e+00,0.00000000e+00,0.00000000e+00,0.00000000e+00,0.00000000e+00,0.00000000e+00,0.00000000e+00,0.00000000e+00,0.00000000e+00,0.00000000e+00,0.00000000e+00,0.00000000e+00,0.00000000e+00,9.85400174e-04
5.13500000e+01,8.19319580e-05,0.00000000e+00,0.00000000e+00,0.00000000e+00,0.00000000e+00,0.00000000e+00,0.00000000e+00,0.00000000e+00,0.00000000e+00,0.00000000e+00,0.00000000e+00,0.00000000e+00,0.00000000e+00,0.00000000e+00,0.00000000e+00,0.00000000e+00,0.00000000e+00,0.00000000e+00,0.00000000e+00,0.00000000e+00,0.00000000e+00,0.00000000e+00,0.00000000e+00,0.00000000e+00,9.88822826e-04
5.14500000e+01,7.96827067e-05,0.00000000e+00,0.00000000e+00,0.00000000e+00,0.00000000e+00,0.00000000e+00,0.00000000e+00,0.00000000e+00,0.00000000e+00,0.00000000e+00,0.00000000e+00,0.00000000e+00,0.00000000e+00,0.00000000e+00,0.00000000e+00,0.00000000e+00,0.00000000e+00,0.00000000e+00,0.00000000e+00,0.00000000e+00,0.00000000e+00,0.00000000e+00,0.00000000e+00,0.00000000e+00,9.88112100e-04
5.15500000e+01,7.96687454e-05,0.00000000e+00,0.00000000e+00,0.00000000e+00,0.00000000e+00,0.00000000e+00,0.00000000e+00,0.00000000e+00,0.00000000e+00,0.00000000e+00,0.00000000e+00,0.00000000e+00,0.00000000e+00,0.00000000e+00,0.00000000e+00,0.00000000e+00,0.00000000e+00,0.00000000e+00,0.00000000e+00,0.00000000e+00,0.00000000e+00,0.00000000e+00,0.00000000e+00,0.00000000e+00,9.80398744e-04
5.16500000e+01,7.96687454e-05,0.00000000e+00,0.00000000e+00,0.00000000e+00,0.00000000e+00,0.00000000e+00,0.00000000e+00,0.00000000e+00,0.00000000e+00,0.00000000e+00,0.00000000e+00,0.00000000e+00,0.00000000e+00,0.00000000e+00,0.00000000e+00,0.00000000e+00,0.00000000e+00,0.00000000e+00,0.00000000e+00,0.00000000e+00,0.00000000e+00,0.00000000e+00,0.00000000e+00,0.00000000e+00,9.82781555e-04
5.17500000e+01,7.88608815e-05,0.00000000e+00,0.00000000e+00,0.00000000e+00,0.00000000e+00,0.00000000e+00,0.00000000e+00,0.00000000e+00,0.00000000e+00,0.00000000e+00,0.00000000e+00,0.00000000e+00,0.00000000e+00,0.00000000e+00,0.00000000e+00,0.00000000e+00,0.00000000e+00,0.00000000e+00,0.00000000e+00,0.00000000e+00,0.00000000e+00,0.00000000e+00,0.00000000e+00,0.00000000e+00,9.94680513e-04
5.18500000e+01,7.80993615e-05,0.00000000e+00,0.00000000e+00,0.00000000e+00,0.00000000e+00,0.00000000e+00,0.00000000e+00,0.00000000e+00,0.00000000e+00,0.00000000e+00,0.00000000e+00,0.00000000e+00,0.00000000e+00,0.00000000e+00,0.00000000e+00,0.00000000e+00,0.00000000e+00,0.00000000e+00,0.00000000e+00,0.00000000e+00,0.00000000e+00,0.00000000e+00,0.00000000e+00,0.00000000e+00,9.76513223e-04
5.19500000e+01,7.78744799e-05,0.00000000e+00,0.00000000e+00,0.00000000e+00,0.00000000e+00,0.00000000e+00,0.00000000e+00,0.00000000e+00,0.00000000e+00,0.00000000e+00,0.00000000e+00,0.00000000e+00,0.00000000e+00,0.00000000e+00,0.00000000e+00,0.00000000e+00,0.00000000e+00,0.00000000e+00,0.00000000e+00,0.00000000e+00,0.00000000e+00,0.00000000e+00,0.00000000e+00,0.00000000e+00,9.67585950e-04
5.20500000e+01,7.57416468e-05,0.00000000e+00,0.00000000e+00,0.00000000e+00,0.00000000e+00,0.00000000e+00,0.00000000e+00,0.00000000e+00,0.00000000e+00,0.00000000e+00,0.00000000e+00,0.00000000e+00,0.00000000e+00,0.00000000e+00,0.00000000e+00,0.00000000e+00,0.00000000e+00,0.00000000e+00,0.00000000e+00,0.00000000e+00,0.00000000e+00,0.00000000e+00,0.00000000e+00,0.00000000e+00,9.59884998e-04
5.21500000e+01,7.47660734e-05,0.00000000e+00,0.00000000e+00,0.00000000e+00,0.00000000e+00,0.00000000e+00,0.00000000e+00,0.00000000e+00,0.00000000e+00,0.00000000e+00,0.00000000e+00,0.00000000e+00,0.00000000e+00,0.00000000e+00,0.00000000e+00,0.00000000e+00,0.00000000e+00,0.00000000e+00,0.00000000e+00,0.00000000e+00,0.00000000e+00,0.00000000e+00,0.00000000e+00,0.00000000e+00,9.66522441e-04
5.22500000e+01,7.40385133e-05,0.00000000e+00,0.00000000e+00,0.00000000e+00,0.00000000e+00,0.00000000e+00,0.00000000e+00,0.00000000e+00,0.00000000e+00,0.00000000e+00,0.00000000e+00,0.00000000e+00,0.00000000e+00,0.00000000e+00,0.00000000e+00,0.00000000e+00,0.00000000e+00,0.00000000e+00,0.00000000e+00,0.00000000e+00,0.00000000e+00,0.00000000e+00,0.00000000e+00,0.00000000e+00,9.48585328e-04
5.23500000e+01,6.86306657e-05,0.00000000e+00,0.00000000e+00,0.00000000e+00,0.00000000e+00,0.00000000e+00,0.00000000e+00,0.00000000e+00,0.00000000e+00,0.00000000e+00,0.00000000e+00,0.00000000e+00,0.00000000e+00,0.00000000e+00,0.00000000e+00,0.00000000e+00,0.00000000e+00,0.00000000e+00,0.00000000e+00,0.00000000e+00,0.00000000e+00,0.00000000e+00,0.00000000e+00,0.00000000e+00,9.39148881e-04
5.24500000e+01,6.08902865e-05,0.00000000e+00,0.00000000e+00,0.00000000e+00,0.00000000e+00,0.00000000e+00,0.00000000e+00,0.00000000e+00,0.00000000e+00,0.00000000e+00,0.00000000e+00,0.00000000e+00,0.00000000e+00,0.00000000e+00,0.00000000e+00,0.00000000e+00,0.00000000e+00,0.00000000e+00,0.00000000e+00,0.00000000e+00,0.00000000e+00,0.00000000e+00,0.00000000e+00,0.00000000e+00,9.36237052e-04
5.25500000e+01,7.40941103e-05,0.00000000e+00,0.00000000e+00,0.00000000e+00,0.00000000e+00,0.00000000e+00,0.00000000e+00,0.00000000e+00,0.00000000e+00,0.00000000e+00,0.00000000e+00,0.00000000e+00,0.00000000e+00,0.00000000e+00,0.00000000e+00,0.00000000e+00,0.00000000e+00,0.00000000e+00,0.00000000e+00,0.00000000e+00,0.00000000e+00,0.00000000e+00,0.00000000e+00,0.00000000e+00,9.39825057e-04
5.26500000e+01,7.43477988e-05,0.00000000e+00,0.00000000e+00,0.00000000e+00,0.00000000e+00,0.00000000e+00,0.00000000e+00,0.00000000e+00,0.00000000e+00,0.00000000e+00,0.00000000e+00,0.00000000e+00,0.00000000e+00,0.00000000e+00,0.00000000e+00,0.00000000e+00,0.00000000e+00,0.00000000e+00,0.00000000e+00,0.00000000e+00,0.00000000e+00,0.00000000e+00,0.00000000e+00,0.00000000e+00,9.33717390e-04
5.27500000e+01,5.54417331e-05,0.00000000e+00,0.00000000e+00,0.00000000e+00,0.00000000e+00,0.00000000e+00,0.00000000e+00,0.00000000e+00,0.00000000e+00,0.00000000e+00,0.00000000e+00,0.00000000e+00,0.00000000e+00,0.00000000e+00,0.00000000e+00,0.00000000e+00,0.00000000e+00,0.00000000e+00,0.00000000e+00,0.00000000e+00,0.00000000e+00,0.00000000e+00,0.00000000e+00,0.00000000e+00,9.38268647e-04
5.28500000e+01,5.54417331e-05,0.00000000e+00,0.00000000e+00,0.00000000e+00,0.00000000e+00,0.00000000e+00,0.00000000e+00,0.00000000e+00,0.00000000e+00,0.00000000e+00,0.00000000e+00,0.00000000e+00,0.00000000e+00,0.00000000e+00,0.00000000e+00,0.00000000e+00,0.00000000e+00,0.00000000e+00,0.00000000e+00,0.00000000e+00,0.00000000e+00,0.00000000e+00,0.00000000e+00,0.00000000e+00,9.32169804e-04
5.29500000e+01,5.52190775e-05,0.00000000e+00,0.00000000e+00,0.00000000e+00,0.00000000e+00,0.00000000e+00,0.00000000e+00,0.00000000e+00,0.00000000e+00,0.00000000e+00,0.00000000e+00,0.00000000e+00,0.00000000e+00,0.00000000e+00,0.00000000e+00,0.00000000e+00,0.00000000e+00,0.00000000e+00,0.00000000e+00,0.00000000e+00,0.00000000e+00,0.00000000e+00,0.00000000e+00,0.00000000e+00,9.29367294e-04
5.30500000e+01,5.46464203e-05,0.00000000e+00,0.00000000e+00,0.00000000e+00,0.00000000e+00,0.00000000e+00,0.00000000e+00,0.00000000e+00,0.00000000e+00,0.00000000e+00,0.00000000e+00,0.00000000e+00,0.00000000e+00,0.00000000e+00,0.00000000e+00,0.00000000e+00,0.00000000e+00,0.00000000e+00,0.00000000e+00,0.00000000e+00,0.00000000e+00,0.00000000e+00,0.00000000e+00,0.00000000e+00,9.35386325e-04
5.31500000e+01,5.50568457e-05,0.00000000e+00,0.00000000e+00,0.00000000e+00,0.00000000e+00,0.00000000e+00,0.00000000e+00,0.00000000e+00,0.00000000e+00,0.00000000e+00,0.00000000e+00,0.00000000e+00,0.00000000e+00,0.00000000e+00,0.00000000e+00,0.00000000e+00,0.00000000e+00,0.00000000e+00,0.00000000e+00,0.00000000e+00,0.00000000e+00,0.00000000e+00,0.00000000e+00,0.00000000e+00,9.37942981e-04
5.32500000e+01,5.34932229e-05,0.00000000e+00,0.00000000e+00,0.00000000e+00,0.00000000e+00,0.00000000e+00,0.00000000e+00,0.00000000e+00,0.00000000e+00,0.00000000e+00,0.00000000e+00,0.00000000e+00,0.00000000e+00,0.00000000e+00,0.00000000e+00,0.00000000e+00,0.00000000e+00,0.00000000e+00,0.00000000e+00,0.00000000e+00,0.00000000e+00,0.00000000e+00,0.00000000e+00,0.00000000e+00,9.45825699e-04
5.33500000e+01,5.26482930e-05,0.00000000e+00,0.00000000e+00,0.00000000e+00,0.00000000e+00,0.00000000e+00,0.00000000e+00,0.00000000e+00,0.00000000e+00,0.00000000e+00,0.00000000e+00,0.00000000e+00,0.00000000e+00,0.00000000e+00,0.00000000e+00,0.00000000e+00,0.00000000e+00,0.00000000e+00,0.00000000e+00,0.00000000e+00,0.00000000e+00,0.00000000e+00,0.00000000e+00,0.00000000e+00,9.34731819e-04
5.34500000e+01,5.23732289e-05,0.00000000e+00,0.00000000e+00,0.00000000e+00,0.00000000e+00,0.00000000e+00,0.00000000e+00,0.00000000e+00,0.00000000e+00,0.00000000e+00,0.00000000e+00,0.00000000e+00,0.00000000e+00,0.00000000e+00,0.00000000e+00,0.00000000e+00,0.00000000e+00,0.00000000e+00,0.00000000e+00,0.00000000e+00,0.00000000e+00,0.00000000e+00,0.00000000e+00,0.00000000e+00,9.33487252e-04
5.35500000e+01,5.23162413e-05,0.00000000e+00,0.00000000e+00,0.00000000e+00,0.00000000e+00,0.00000000e+00,0.00000000e+00,0.00000000e+00,0.00000000e+00,0.00000000e+00,0.00000000e+00,0.00000000e+00,0.00000000e+00,0.00000000e+00,0.00000000e+00,0.00000000e+00,0.00000000e+00,0.00000000e+00,0.00000000e+00,0.00000000e+00,0.00000000e+00,0.00000000e+00,0.00000000e+00,0.00000000e+00,9.13483881e-04
5.36500000e+01,5.23647689e-05,0.00000000e+00,0.00000000e+00,0.00000000e+00,0.00000000e+00,0.00000000e+00,0.00000000e+00,0.00000000e+00,0.00000000e+00,0.00000000e+00,0.00000000e+00,0.00000000e+00,0.00000000e+00,0.00000000e+00,0.00000000e+00,0.00000000e+00,0.00000000e+00,0.00000000e+00,0.00000000e+00,0.00000000e+00,0.00000000e+00,0.00000000e+00,0.00000000e+00,0.00000000e+00,9.13895026e-04
5.37500000e+01,5.23442402e-05,0.00000000e+00,0.00000000e+00,0.00000000e+00,0.00000000e+00,0.00000000e+00,0.00000000e+00,0.00000000e+00,0.00000000e+00,0.00000000e+00,0.00000000e+00,0.00000000e+00,0.00000000e+00,0.00000000e+00,0.00000000e+00,0.00000000e+00,0.00000000e+00,0.00000000e+00,0.00000000e+00,0.00000000e+00,0.00000000e+00,0.00000000e+00,0.00000000e+00,0.00000000e+00,9.13177478e-04
5.38500000e+01,5.23780758e-05,0.00000000e+00,0.00000000e+00,0.00000000e+00,0.00000000e+00,0.00000000e+00,0.00000000e+00,0.00000000e+00,0.00000000e+00,0.00000000e+00,0.00000000e+00,0.00000000e+00,0.00000000e+00,0.00000000e+00,0.00000000e+00,0.00000000e+00,0.00000000e+00,0.00000000e+00,0.00000000e+00,0.00000000e+00,0.00000000e+00,0.00000000e+00,0.00000000e+00,0.00000000e+00,9.08081674e-04
5.39500000e+01,5.31772014e-05,0.00000000e+00,0.00000000e+00,0.00000000e+00,0.00000000e+00,0.00000000e+00,0.00000000e+00,0.00000000e+00,0.00000000e+00,0.00000000e+00,0.00000000e+00,0.00000000e+00,0.00000000e+00,0.00000000e+00,0.00000000e+00,0.00000000e+00,0.00000000e+00,0.00000000e+00,0.00000000e+00,0.00000000e+00,0.00000000e+00,0.00000000e+00,0.00000000e+00,0.00000000e+00,8.94165604e-04
5.40500000e+01,5.09267300e-05,0.00000000e+00,0.00000000e+00,0.00000000e+00,0.00000000e+00,0.00000000e+00,0.00000000e+00,0.00000000e+00,0.00000000e+00,0.00000000e+00,0.00000000e+00,0.00000000e+00,0.00000000e+00,0.00000000e+00,0.00000000e+00,0.00000000e+00,0.00000000e+00,0.00000000e+00,0.00000000e+00,0.00000000e+00,0.00000000e+00,0.00000000e+00,0.00000000e+00,0.00000000e+00,8.95465477e-04
5.41500000e+01,4.95431193e-05,0.00000000e+00,0.00000000e+00,0.00000000e+00,0.00000000e+00,0.00000000e+00,0.00000000e+00,0.00000000e+00,0.00000000e+00,0.00000000e+00,0.00000000e+00,0.00000000e+00,0.00000000e+00,0.00000000e+00,0.00000000e+00,0.00000000e+00,0.00000000e+00,0.00000000e+00,0.00000000e+00,0.00000000e+00,0.00000000e+00,0.00000000e+00,0.00000000e+00,0.00000000e+00,8.91609843e-04
5.42500000e+01,4.83680175e-05,0.00000000e+00,0.00000000e+00,0.00000000e+00,0.00000000e+00,0.00000000e+00,0.00000000e+00,0.00000000e+00,0.00000000e+00,0.00000000e+00,0.00000000e+00,0.00000000e+00,0.00000000e+00,0.00000000e+00,0.00000000e+00,0.00000000e+00,0.00000000e+00,0.00000000e+00,0.00000000e+00,0.00000000e+00,0.00000000e+00,0.00000000e+00,0.00000000e+00,0.00000000e+00,8.86410660e-04
5.43500000e+01,4.83764747e-05,0.00000000e+00,0.00000000e+00,0.00000000e+00,0.00000000e+00,0.00000000e+00,0.00000000e+00,0.00000000e+00,0.00000000e+00,0.00000000e+00,0.00000000e+00,0.00000000e+00,0.00000000e+00,0.00000000e+00,0.00000000e+00,0.00000000e+00,0.00000000e+00,0.00000000e+00,0.00000000e+00,0.00000000e+00,0.00000000e+00,0.00000000e+00,0.00000000e+00,0.00000000e+00,8.79034083e-04
5.44500000e+01,4.78661835e-05,0.00000000e+00,0.00000000e+00,0.00000000e+00,0.00000000e+00,0.00000000e+00,0.00000000e+00,0.00000000e+00,0.00000000e+00,0.00000000e+00,0.00000000e+00,0.00000000e+00,0.00000000e+00,0.00000000e+00,0.00000000e+00,0.00000000e+00,0.00000000e+00,0.00000000e+00,0.00000000e+00,0.00000000e+00,0.00000000e+00,0.00000000e+00,0.00000000e+00,0.00000000e+00,8.78050450e-04
5.45500000e+01,4.76582752e-05,0.00000000e+00,0.00000000e+00,0.00000000e+00,0.00000000e+00,0.00000000e+00,0.00000000e+00,0.00000000e+00,0.00000000e+00,0.00000000e+00,0.00000000e+00,0.00000000e+00,0.00000000e+00,0.00000000e+00,0.00000000e+00,0.00000000e+00,0.00000000e+00,0.00000000e+00,0.00000000e+00,0.00000000e+00,0.00000000e+00,0.00000000e+00,0.00000000e+00,0.00000000e+00,8.69466804e-04
5.46500000e+01,4.74782008e-05,0.00000000e+00,0.00000000e+00,0.00000000e+00,0.00000000e+00,0.00000000e+00,0.00000000e+00,0.00000000e+00,0.00000000e+00,0.00000000e+00,0.00000000e+00,0.00000000e+00,0.00000000e+00,0.00000000e+00,0.00000000e+00,0.00000000e+00,0.00000000e+00,0.00000000e+00,0.00000000e+00,0.00000000e+00,0.00000000e+00,0.00000000e+00,0.00000000e+00,0.00000000e+00,8.61599251e-04
5.47500000e+01,4.63268199e-05,0.00000000e+00,0.00000000e+00,0.00000000e+00,0.00000000e+00,0.00000000e+00,0.00000000e+00,0.00000000e+00,0.00000000e+00,0.00000000e+00,0.00000000e+00,0.00000000e+00,0.00000000e+00,0.00000000e+00,0.00000000e+00,0.00000000e+00,0.00000000e+00,0.00000000e+00,0.00000000e+00,0.00000000e+00,0.00000000e+00,0.00000000e+00,0.00000000e+00,0.00000000e+00,8.54686449e-04
5.48500000e+01,4.63268199e-05,0.00000000e+00,0.00000000e+00,0.00000000e+00,0.00000000e+00,0.00000000e+00,0.00000000e+00,0.00000000e+00,0.00000000e+00,0.00000000e+00,0.00000000e+00,0.00000000e+00,0.00000000e+00,0.00000000e+00,0.00000000e+00,0.00000000e+00,0.00000000e+00,0.00000000e+00,0.00000000e+00,0.00000000e+00,0.00000000e+00,0.00000000e+00,0.00000000e+00,0.00000000e+00,8.50704400e-04
5.49500000e+01,4.63268199e-05,0.00000000e+00,0.00000000e+00,0.00000000e+00,0.00000000e+00,0.00000000e+00,0.00000000e+00,0.00000000e+00,0.00000000e+00,0.00000000e+00,0.00000000e+00,0.00000000e+00,0.00000000e+00,0.00000000e+00,0.00000000e+00,0.00000000e+00,0.00000000e+00,0.00000000e+00,0.00000000e+00,0.00000000e+00,0.00000000e+00,0.00000000e+00,0.00000000e+00,0.00000000e+00,8.77616114e-04
5.50500000e+01,4.64461791e-05,0.00000000e+00,0.00000000e+00,0.00000000e+00,0.00000000e+00,0.00000000e+00,0.00000000e+00,0.00000000e+00,0.00000000e+00,0.00000000e+00,0.00000000e+00,0.00000000e+00,0.00000000e+00,0.00000000e+00,0.00000000e+00,0.00000000e+00,0.00000000e+00,0.00000000e+00,0.00000000e+00,0.00000000e+00,0.00000000e+00,0.00000000e+00,0.00000000e+00,0.00000000e+00,8.60835353e-04
5.51500000e+01,4.84291758e-05,0.00000000e+00,0.00000000e+00,0.00000000e+00,0.00000000e+00,0.00000000e+00,0.00000000e+00,0.00000000e+00,0.00000000e+00,0.00000000e+00,0.00000000e+00,0.00000000e+00,0.00000000e+00,0.00000000e+00,0.00000000e+00,0.00000000e+00,0.00000000e+00,0.00000000e+00,0.00000000e+00,0.00000000e+00,0.00000000e+00,0.00000000e+00,0.00000000e+00,0.00000000e+00,8.44440418e-04
5.52500000e+01,4.88822394e-05,0.00000000e+00,0.00000000e+00,0.00000000e+00,0.00000000e+00,0.00000000e+00,0.00000000e+00,0.00000000e+00,0.00000000e+00,0.00000000e+00,0.00000000e+00,0.00000000e+00,0.00000000e+00,0.00000000e+00,0.00000000e+00,0.00000000e+00,0.00000000e+00,0.00000000e+00,0.00000000e+00,0.00000000e+00,0.00000000e+00,0.00000000e+00,0.00000000e+00,0.00000000e+00,8.32256709e-04
5.53500000e+01,4.88822394e-05,0.00000000e+00,0.00000000e+00,0.00000000e+00,0.00000000e+00,0.00000000e+00,0.00000000e+00,0.00000000e+00,0.00000000e+00,0.00000000e+00,0.00000000e+00,0.00000000e+00,0.00000000e+00,0.00000000e+00,0.00000000e+00,0.00000000e+00,0.00000000e+00,0.00000000e+00,0.00000000e+00,0.00000000e+00,0.00000000e+00,0.00000000e+00,0.00000000e+00,0.00000000e+00,8.43490796e-04
5.54500000e+01,4.88822394e-05,0.00000000e+00,0.00000000e+00,0.00000000e+00,0.00000000e+00,0.00000000e+00,0.00000000e+00,0.00000000e+00,0.00000000e+00,0.00000000e+00,0.00000000e+00,0.00000000e+00,0.00000000e+00,0.00000000e+00,0.00000000e+00,0.00000000e+00,0.00000000e+00,0.00000000e+00,0.00000000e+00,0.00000000e+00,0.00000000e+00,0.00000000e+00,0.00000000e+00,0.00000000e+00,8.35821531e-04
5.55500000e+01,4.88822394e-05,0.00000000e+00,0.00000000e+00,0.00000000e+00,0.00000000e+00,0.00000000e+00,0.00000000e+00,0.00000000e+00,0.00000000e+00,0.00000000e+00,0.00000000e+00,0.00000000e+00,0.00000000e+00,0.00000000e+00,0.00000000e+00,0.00000000e+00,0.00000000e+00,0.00000000e+00,0.00000000e+00,0.00000000e+00,0.00000000e+00,0.00000000e+00,0.00000000e+00,0.00000000e+00,8.19052619e-04
5.56500000e+01,4.88822394e-05,0.00000000e+00,0.00000000e+00,0.00000000e+00,0.00000000e+00,0.00000000e+00,0.00000000e+00,0.00000000e+00,0.00000000e+00,0.00000000e+00,0.00000000e+00,0.00000000e+00,0.00000000e+00,0.00000000e+00,0.00000000e+00,0.00000000e+00,0.00000000e+00,0.00000000e+00,0.00000000e+00,0.00000000e+00,0.00000000e+00,0.00000000e+00,0.00000000e+00,0.00000000e+00,8.26328983e-04
5.57500000e+01,4.85944202e-05,0.00000000e+00,0.00000000e+00,0.00000000e+00,0.00000000e+00,0.00000000e+00,0.00000000e+00,0.00000000e+00,0.00000000e+00,0.00000000e+00,0.00000000e+00,0.00000000e+00,0.00000000e+00,0.00000000e+00,0.00000000e+00,0.00000000e+00,0.00000000e+00,0.00000000e+00,0.00000000e+00,0.00000000e+00,0.00000000e+00,0.00000000e+00,0.00000000e+00,0.00000000e+00,8.26388577e-04
5.58500000e+01,4.61168437e-05,0.00000000e+00,0.00000000e+00,0.00000000e+00,0.00000000e+00,0.00000000e+00,0.00000000e+00,0.00000000e+00,0.00000000e+00,0.00000000e+00,0.00000000e+00,0.00000000e+00,0.00000000e+00,0.00000000e+00,0.00000000e+00,0.00000000e+00,0.00000000e+00,0.00000000e+00,0.00000000e+00,0.00000000e+00,0.00000000e+00,0.00000000e+00,0.00000000e+00,0.00000000e+00,8.11951070e-04
5.59500000e+01,4.61160720e-05,0.00000000e+00,0.00000000e+00,0.00000000e+00,0.00000000e+00,0.00000000e+00,0.00000000e+00,0.00000000e+00,0.00000000e+00,0.00000000e+00,0.00000000e+00,0.00000000e+00,0.00000000e+00,0.00000000e+00,0.00000000e+00,0.00000000e+00,0.00000000e+00,0.00000000e+00,0.00000000e+00,0.00000000e+00,0.00000000e+00,0.00000000e+00,0.00000000e+00,0.00000000e+00,8.19281340e-04
5.60500000e+01,4.61128723e-05,0.00000000e+00,0.00000000e+00,0.00000000e+00,0.00000000e+00,0.00000000e+00,0.00000000e+00,0.00000000e+00,0.00000000e+00,0.00000000e+00,0.00000000e+00,0.00000000e+00,0.00000000e+00,0.00000000e+00,0.00000000e+00,0.00000000e+00,0.00000000e+00,0.00000000e+00,0.00000000e+00,0.00000000e+00,0.00000000e+00,0.00000000e+00,0.00000000e+00,0.00000000e+00,8.10153278e-04
5.61500000e+01,4.61128723e-05,0.00000000e+00,0.00000000e+00,0.00000000e+00,0.00000000e+00,0.00000000e+00,0.00000000e+00,0.00000000e+00,0.00000000e+00,0.00000000e+00,0.00000000e+00,0.00000000e+00,0.00000000e+00,0.00000000e+00,0.00000000e+00,0.00000000e+00,0.00000000e+00,0.00000000e+00,0.00000000e+00,0.00000000e+00,0.00000000e+00,0.00000000e+00,0.00000000e+00,0.00000000e+00,8.07016148e-04
5.62500000e+01,4.43025396e-05,0.00000000e+00,0.00000000e+00,0.00000000e+00,0.00000000e+00,0.00000000e+00,0.00000000e+00,0.00000000e+00,0.00000000e+00,0.00000000e+00,0.00000000e+00,0.00000000e+00,0.00000000e+00,0.00000000e+00,0.00000000e+00,0.00000000e+00,0.00000000e+00,0.00000000e+00,0.00000000e+00,0.00000000e+00,0.00000000e+00,0.00000000e+00,0.00000000e+00,0.00000000e+00,8.27850281e-04
5.63500000e+01,4.42595076e-05,0.00000000e+00,0.00000000e+00,0.00000000e+00,0.00000000e+00,0.00000000e+00,0.00000000e+00,0.00000000e+00,0.00000000e+00,0.00000000e+00,0.00000000e+00,0.00000000e+00,0.00000000e+00,0.00000000e+00,0.00000000e+00,0.00000000e+00,0.00000000e+00,0.00000000e+00,0.00000000e+00,0.00000000e+00,0.00000000e+00,0.00000000e+00,0.00000000e+00,0.00000000e+00,8.15891002e-04
5.64500000e+01,4.45516089e-05,0.00000000e+00,0.00000000e+00,0.00000000e+00,0.00000000e+00,0.00000000e+00,0.00000000e+00,0.00000000e+00,0.00000000e+00,0.00000000e+00,0.00000000e+00,0.00000000e+00,0.00000000e+00,0.00000000e+00,0.00000000e+00,0.00000000e+00,0.00000000e+00,0.00000000e+00,0.00000000e+00,0.00000000e+00,0.00000000e+00,0.00000000e+00,0.00000000e+00,0.00000000e+00,7.98671164e-04
5.65500000e+01,4.45516089e-05,0.00000000e+00,0.00000000e+00,0.00000000e+00,0.00000000e+00,0.00000000e+00,0.00000000e+00,0.00000000e+00,0.00000000e+00,0.00000000e+00,0.00000000e+00,0.00000000e+00,0.00000000e+00,0.00000000e+00,0.00000000e+00,0.00000000e+00,0.00000000e+00,0.00000000e+00,0.00000000e+00,0.00000000e+00,0.00000000e+00,0.00000000e+00,0.00000000e+00,0.00000000e+00,8.12216088e-04
5.66500000e+01,4.35356561e-05,0.00000000e+00,0.00000000e+00,0.00000000e+00,0.00000000e+00,0.00000000e+00,0.00000000e+00,0.00000000e+00,0.00000000e+00,0.00000000e+00,0.00000000e+00,0.00000000e+00,0.00000000e+00,0.00000000e+00,0.00000000e+00,0.00000000e+00,0.00000000e+00,0.00000000e+00,0.00000000e+00,0.00000000e+00,0.00000000e+00,0.00000000e+00,0.00000000e+00,0.00000000e+00,7.97088097e-04
5.67500000e+01,4.28547397e-05,0.00000000e+00,0.00000000e+00,0.00000000e+00,0.00000000e+00,0.00000000e+00,0.00000000e+00,0.00000000e+00,0.00000000e+00,0.00000000e+00,0.00000000e+00,0.00000000e+00,0.00000000e+00,0.00000000e+00,0.00000000e+00,0.00000000e+00,0.00000000e+00,0.00000000e+00,0.00000000e+00,0.00000000e+00,0.00000000e+00,0.00000000e+00,0.00000000e+00,0.00000000e+00,7.94511528e-04
5.68500000e+01,4.28547397e-05,0.00000000e+00,0.00000000e+00,0.00000000e+00,0.00000000e+00,0.00000000e+00,0.00000000e+00,0.00000000e+00,0.00000000e+00,0.00000000e+00,0.00000000e+00,0.00000000e+00,0.00000000e+00,0.00000000e+00,0.00000000e+00,0.00000000e+00,0.00000000e+00,0.00000000e+00,0.00000000e+00,0.00000000e+00,0.00000000e+00,0.00000000e+00,0.00000000e+00,0.00000000e+00,7.91036051e-04
5.69500000e+01,4.28547397e-05,0.00000000e+00,0.00000000e+00,0.00000000e+00,0.00000000e+00,0.00000000e+00,0.00000000e+00,0.00000000e+00,0.00000000e+00,0.00000000e+00,0.00000000e+00,0.00000000e+00,0.00000000e+00,0.00000000e+00,0.00000000e+00,0.00000000e+00,0.00000000e+00,0.00000000e+00,0.00000000e+00,0.00000000e+00,0.00000000e+00,0.00000000e+00,0.00000000e+00,0.00000000e+00,7.89053523e-04
5.70500000e+01,4.28547397e-05,0.00000000e+00,0.00000000e+00,0.00000000e+00,0.00000000e+00,0.00000000e+00,0.00000000e+00,0.00000000e+00,0.00000000e+00,0.00000000e+00,0.00000000e+00,0.00000000e+00,0.00000000e+00,0.00000000e+00,0.00000000e+00,0.00000000e+00,0.00000000e+00,0.00000000e+00,0.00000000e+00,0.00000000e+00,0.00000000e+00,0.00000000e+00,0.00000000e+00,0.00000000e+00,7.99625686e-04
5.71500000e+01,4.28547397e-05,0.00000000e+00,0.00000000e+00,0.00000000e+00,0.00000000e+00,0.00000000e+00,0.00000000e+00,0.00000000e+00,0.00000000e+00,0.00000000e+00,0.00000000e+00,0.00000000e+00,0.00000000e+00,0.00000000e+00,0.00000000e+00,0.00000000e+00,0.00000000e+00,0.00000000e+00,0.00000000e+00,0.00000000e+00,0.00000000e+00,0.00000000e+00,0.00000000e+00,0.00000000e+00,8.06513681e-04
5.72500000e+01,4.28547397e-05,0.00000000e+00,0.00000000e+00,0.00000000e+00,0.00000000e+00,0.00000000e+00,0.00000000e+00,0.00000000e+00,0.00000000e+00,0.00000000e+00,0.00000000e+00,0.00000000e+00,0.00000000e+00,0.00000000e+00,0.00000000e+00,0.00000000e+00,0.00000000e+00,0.00000000e+00,0.00000000e+00,0.00000000e+00,0.00000000e+00,0.00000000e+00,0.00000000e+00,0.00000000e+00,7.84591740e-04
5.73500000e+01,4.28547397e-05,0.00000000e+00,0.00000000e+00,0.00000000e+00,0.00000000e+00,0.00000000e+00,0.00000000e+00,0.00000000e+00,0.00000000e+00,0.00000000e+00,0.00000000e+00,0.00000000e+00,0.00000000e+00,0.00000000e+00,0.00000000e+00,0.00000000e+00,0.00000000e+00,0.00000000e+00,0.00000000e+00,0.00000000e+00,0.00000000e+00,0.00000000e+00,0.00000000e+00,0.00000000e+00,7.73050225e-04
5.74500000e+01,4.28547397e-05,0.00000000e+00,0.00000000e+00,0.00000000e+00,0.00000000e+00,0.00000000e+00,0.00000000e+00,0.00000000e+00,0.00000000e+00,0.00000000e+00,0.00000000e+00,0.00000000e+00,0.00000000e+00,0.00000000e+00,0.00000000e+00,0.00000000e+00,0.00000000e+00,0.00000000e+00,0.00000000e+00,0.00000000e+00,0.00000000e+00,0.00000000e+00,0.00000000e+00,0.00000000e+00,7.64576993e-04
5.75500000e+01,4.23064024e-05,0.00000000e+00,0.00000000e+00,0.00000000e+00,0.00000000e+00,0.00000000e+00,0.00000000e+00,0.00000000e+00,0.00000000e+00,0.00000000e+00,0.00000000e+00,0.00000000e+00,0.00000000e+00,0.00000000e+00,0.00000000e+00,0.00000000e+00,0.00000000e+00,0.00000000e+00,0.00000000e+00,0.00000000e+00,0.00000000e+00,0.00000000e+00,0.00000000e+00,0.00000000e+00,7.57810577e-04
5.76500000e+01,4.06824663e-05,0.00000000e+00,0.00000000e+00,0.00000000e+00,0.00000000e+00,0.00000000e+00,0.00000000e+00,0.00000000e+00,0.00000000e+00,0.00000000e+00,0.00000000e+00,0.00000000e+00,0.00000000e+00,0.00000000e+00,0.00000000e+00,0.00000000e+00,0.00000000e+00,0.00000000e+00,0.00000000e+00,0.00000000e+00,0.00000000e+00,0.00000000e+00,0.00000000e+00,0.00000000e+00,7.55279657e-04
5.77500000e+01,3.99313839e-05,0.00000000e+00,0.00000000e+00,0.00000000e+00,0.00000000e+00,0.00000000e+00,0.00000000e+00,0.00000000e+00,0.00000000e+00,0.00000000e+00,0.00000000e+00,0.00000000e+00,0.00000000e+00,0.00000000e+00,0.00000000e+00,0.00000000e+00,0.00000000e+00,0.00000000e+00,0.00000000e+00,0.00000000e+00,0.00000000e+00,0.00000000e+00,0.00000000e+00,0.00000000e+00,7.53314394e-04
5.78500000e+01,3.93598825e-05,0.00000000e+00,0.00000000e+00,0.00000000e+00,0.00000000e+00,0.00000000e+00,0.00000000e+00,0.00000000e+00,0.00000000e+00,0.00000000e+00,0.00000000e+00,0.00000000e+00,0.00000000e+00,0.00000000e+00,0.00000000e+00,0.00000000e+00,0.00000000e+00,0.00000000e+00,0.00000000e+00,0.00000000e+00,0.00000000e+00,0.00000000e+00,0.00000000e+00,0.00000000e+00,7.46311836e-04
5.79500000e+01,3.93598825e-05,0.00000000e+00,0.00000000e+00,0.00000000e+00,0.00000000e+00,0.00000000e+00,0.00000000e+00,0.00000000e+00,0.00000000e+00,0.00000000e+00,0.00000000e+00,0.00000000e+00,0.00000000e+00,0.00000000e+00,0.00000000e+00,0.00000000e+00,0.00000000e+00,0.00000000e+00,0.00000000e+00,0.00000000e+00,0.00000000e+00,0.00000000e+00,0.00000000e+00,0.00000000e+00,7.49841517e-04
5.80500000e+01,3.90165232e-05,0.00000000e+00,0.00000000e+00,0.00000000e+00,0.00000000e+00,0.00000000e+00,0.00000000e+00,0.00000000e+00,0.00000000e+00,0.00000000e+00,0.00000000e+00,0.00000000e+00,0.00000000e+00,0.00000000e+00,0.00000000e+00,0.00000000e+00,0.00000000e+00,0.00000000e+00,0.00000000e+00,0.00000000e+00,0.00000000e+00,0.00000000e+00,0.00000000e+00,0.00000000e+00,7.37727753e-04
5.81500000e+01,3.80091994e-05,0.00000000e+00,0.00000000e+00,0.00000000e+00,0.00000000e+00,0.00000000e+00,0.00000000e+00,0.00000000e+00,0.00000000e+00,0.00000000e+00,0.00000000e+00,0.00000000e+00,0.00000000e+00,0.00000000e+00,0.00000000e+00,0.00000000e+00,0.00000000e+00,0.00000000e+00,0.00000000e+00,0.00000000e+00,0.00000000e+00,0.00000000e+00,0.00000000e+00,0.00000000e+00,7.30875331e-04
5.82500000e+01,3.80105168e-05,0.00000000e+00,0.00000000e+00,0.00000000e+00,0.00000000e+00,0.00000000e+00,0.00000000e+00,0.00000000e+00,0.00000000e+00,0.00000000e+00,0.00000000e+00,0.00000000e+00,0.00000000e+00,0.00000000e+00,0.00000000e+00,0.00000000e+00,0.00000000e+00,0.00000000e+00,0.00000000e+00,0.00000000e+00,0.00000000e+00,0.00000000e+00,0.00000000e+00,0.00000000e+00,7.38977794e-04
5.83500000e+01,3.81117670e-05,0.00000000e+00,0.00000000e+00,0.00000000e+00,0.00000000e+00,0.00000000e+00,0.00000000e+00,0.00000000e+00,0.00000000e+00,0.00000000e+00,0.00000000e+00,0.00000000e+00,0.00000000e+00,0.00000000e+00,0.00000000e+00,0.00000000e+00,0.00000000e+00,0.00000000e+00,0.00000000e+00,0.00000000e+00,0.00000000e+00,0.00000000e+00,0.00000000e+00,0.00000000e+00,7.29858556e-04
5.84500000e+01,3.81117670e-05,0.00000000e+00,0.00000000e+00,0.00000000e+00,0.00000000e+00,0.00000000e+00,0.00000000e+00,0.00000000e+00,0.00000000e+00,0.00000000e+00,0.00000000e+00,0.00000000e+00,0.00000000e+00,0.00000000e+00,0.00000000e+00,0.00000000e+00,0.00000000e+00,0.00000000e+00,0.00000000e+00,0.00000000e+00,0.00000000e+00,0.00000000e+00,0.00000000e+00,0.00000000e+00,7.30708170e-04
5.85500000e+01,3.81117670e-05,0.00000000e+00,0.00000000e+00,0.00000000e+00,0.00000000e+00,0.00000000e+00,0.00000000e+00,0.00000000e+00,0.00000000e+00,0.00000000e+00,0.00000000e+00,0.00000000e+00,0.00000000e+00,0.00000000e+00,0.00000000e+00,0.00000000e+00,0.00000000e+00,0.00000000e+00,0.00000000e+00,0.00000000e+00,0.00000000e+00,0.00000000e+00,0.00000000e+00,0.00000000e+00,7.26256296e-04
5.86500000e+01,3.77616873e-05,0.00000000e+00,0.00000000e+00,0.00000000e+00,0.00000000e+00,0.00000000e+00,0.00000000e+00,0.00000000e+00,0.00000000e+00,0.00000000e+00,0.00000000e+00,0.00000000e+00,0.00000000e+00,0.00000000e+00,0.00000000e+00,0.00000000e+00,0.00000000e+00,0.00000000e+00,0.00000000e+00,0.00000000e+00,0.00000000e+00,0.00000000e+00,0.00000000e+00,0.00000000e+00,7.24151089e-04
5.87500000e+01,3.67864362e-05,0.00000000e+00,0.00000000e+00,0.00000000e+00,0.00000000e+00,0.00000000e+00,0.00000000e+00,0.00000000e+00,0.00000000e+00,0.00000000e+00,0.00000000e+00,0.00000000e+00,0.00000000e+00,0.00000000e+00,0.00000000e+00,0.00000000e+00,0.00000000e+00,0.00000000e+00,0.00000000e+00,0.00000000e+00,0.00000000e+00,0.00000000e+00,0.00000000e+00,0.00000000e+00,7.17120331e-04
5.88500000e+01,3.58165064e-05,0.00000000e+00,0.00000000e+00,0.00000000e+00,0.00000000e+00,0.00000000e+00,0.00000000e+00,0.00000000e+00,0.00000000e+00,0.00000000e+00,0.00000000e+00,0.00000000e+00,0.00000000e+00,0.00000000e+00,0.00000000e+00,0.00000000e+00,0.00000000e+00,0.00000000e+00,0.00000000e+00,0.00000000e+00,0.00000000e+00,0.00000000e+00,0.00000000e+00,0.00000000e+00,7.11502332e-04
5.89500000e+01,3.58165064e-05,0.00000000e+00,0.00000000e+00,0.00000000e+00,0.00000000e+00,0.00000000e+00,0.00000000e+00,0.00000000e+00,0.00000000e+00,0.00000000e+00,0.00000000e+00,0.00000000e+00,0.00000000e+00,0.00000000e+00,0.00000000e+00,0.00000000e+00,0.00000000e+00,0.00000000e+00,0.00000000e+00,0.00000000e+00,0.00000000e+00,0.00000000e+00,0.00000000e+00,0.00000000e+00,6.95628276e-04
5.90500000e+01,3.50410191e-05,0.00000000e+00,0.00000000e+00,0.00000000e+00,0.00000000e+00,0.00000000e+00,0.00000000e+00,0.00000000e+00,0.00000000e+00,0.00000000e+00,0.00000000e+00,0.00000000e+00,0.00000000e+00,0.00000000e+00,0.00000000e+00,0.00000000e+00,0.00000000e+00,0.00000000e+00,0.00000000e+00,0.00000000e+00,0.00000000e+00,0.00000000e+00,0.00000000e+00,0.00000000e+00,6.98432770e-04
5.91500000e+01,3.52754309e-05,0.00000000e+00,0.00000000e+00,0.00000000e+00,0.00000000e+00,0.00000000e+00,0.00000000e+00,0.00000000e+00,0.00000000e+00,0.00000000e+00,0.00000000e+00,0.00000000e+00,0.00000000e+00,0.00000000e+00,0.00000000e+00,0.00000000e+00,0.00000000e+00,0.00000000e+00,0.00000000e+00,0.00000000e+00,0.00000000e+00,0.00000000e+00,0.00000000e+00,0.00000000e+00,6.85309901e-04
5.92500000e+01,3.53489299e-05,0.00000000e+00,0.00000000e+00,0.00000000e+00,0.00000000e+00,0.00000000e+00,0.00000000e+00,0.00000000e+00,0.00000000e+00,0.00000000e+00,0.00000000e+00,0.00000000e+00,0.00000000e+00,0.00000000e+00,0.00000000e+00,0.00000000e+00,0.00000000e+00,0.00000000e+00,0.00000000e+00,0.00000000e+00,0.00000000e+00,0.00000000e+00,0.00000000e+00,0.00000000e+00,6.85240983e-04
5.93500000e+01,3.53382116e-05,0.00000000e+00,0.00000000e+00,0.00000000e+00,0.00000000e+00,0.00000000e+00,0.00000000e+00,0.00000000e+00,0.00000000e+00,0.00000000e+00,0.00000000e+00,0.00000000e+00,0.00000000e+00,0.00000000e+00,0.00000000e+00,0.00000000e+00,0.00000000e+00,0.00000000e+00,0.00000000e+00,0.00000000e+00,0.00000000e+00,0.00000000e+00,0.00000000e+00,0.00000000e+00,6.82660288e-04
5.94500000e+01,3.53108732e-05,0.00000000e+00,0.00000000e+00,0.00000000e+00,0.00000000e+00,0.00000000e+00,0.00000000e+00,0.00000000e+00,0.00000000e+00,0.00000000e+00,0.00000000e+00,0.00000000e+00,0.00000000e+00,0.00000000e+00,0.00000000e+00,0.00000000e+00,0.00000000e+00,0.00000000e+00,0.00000000e+00,0.00000000e+00,0.00000000e+00,0.00000000e+00,0.00000000e+00,0.00000000e+00,6.75652536e-04
5.95500000e+01,3.53108732e-05,0.00000000e+00,0.00000000e+00,0.00000000e+00,0.00000000e+00,0.00000000e+00,0.00000000e+00,0.00000000e+00,0.00000000e+00,0.00000000e+00,0.00000000e+00,0.00000000e+00,0.00000000e+00,0.00000000e+00,0.00000000e+00,0.00000000e+00,0.00000000e+00,0.00000000e+00,0.00000000e+00,0.00000000e+00,0.00000000e+00,0.00000000e+00,0.00000000e+00,0.00000000e+00,6.81866376e-04
5.96500000e+01,3.53108732e-05,0.00000000e+00,0.00000000e+00,0.00000000e+00,0.00000000e+00,0.00000000e+00,0.00000000e+00,0.00000000e+00,0.00000000e+00,0.00000000e+00,0.00000000e+00,0.00000000e+00,0.00000000e+00,0.00000000e+00,0.00000000e+00,0.00000000e+00,0.00000000e+00,0.00000000e+00,0.00000000e+00,0.00000000e+00,0.00000000e+00,0.00000000e+00,0.00000000e+00,0.00000000e+00,6.66353096e-04
5.97500000e+01,3.53108732e-05,0.00000000e+00,0.00000000e+00,0.00000000e+00,0.00000000e+00,0.00000000e+00,0.00000000e+00,0.00000000e+00,0.00000000e+00,0.00000000e+00,0.00000000e+00,0.00000000e+00,0.00000000e+00,0.00000000e+00,0.00000000e+00,0.00000000e+00,0.00000000e+00,0.00000000e+00,0.00000000e+00,0.00000000e+00,0.00000000e+00,0.00000000e+00,0.00000000e+00,0.00000000e+00,6.68088848e-04
5.98500000e+01,3.53108732e-05,0.00000000e+00,0.00000000e+00,0.00000000e+00,0.00000000e+00,0.00000000e+00,0.00000000e+00,0.00000000e+00,0.00000000e+00,0.00000000e+00,0.00000000e+00,0.00000000e+00,0.00000000e+00,0.00000000e+00,0.00000000e+00,0.00000000e+00,0.00000000e+00,0.00000000e+00,0.00000000e+00,0.00000000e+00,0.00000000e+00,0.00000000e+00,0.00000000e+00,0.00000000e+00,6.83918050e-04
5.99500000e+01,3.69893277e-05,6.90216970e-21,1.68165684e-20,2.37262286e-21,2.88598503e-28,0.00000000e+00,3.14392744e-21,8.36786790e-21,1.93468068e-19,0.00000000e+00,0.00000000e+00,8.41907445e-21,2.44474300e-20,4.53972405e-21,0.00000000e+00,0.00000000e+00,9.78050859e-23,3.16429136e-22,3.46935091e-21,0.00000000e+00,0.00000000e+00,1.02069887e-21,2.94968679e-21,7.97727013e-21,6.79200330e-04
6.00500000e+01,1.85949191e-05,1.02730475e-04,2.50297216e-04,3.68042882e-05,1.59747320e-08,6.62293727e-10,4.95261231e-05,1.41144386e-04,3.77189410e-03,5.43592108e-06,1.85998966e-06,1.38191008e-04,4.01443087e-04,6.35160788e-05,9.94691208e-09,3.18750004e-10,1.60599811e-06,5.23060090e-06,5.66231651e-05,2.82927495e-09,1.01491300e-10,1.59394845e-05,4.62355008e-05,1.20283510e-04,3.33443668e-04
6.01500000e+01,1.82321393e-05,1.03440873e-04,2.52050799e-04,3.70645690e-05,1.83133628e-08,6.59986473e-10,5.84360572e-05,1.64914583e-04,3.64008190e-03,6.53423462e-06,1.82442524e-06,1.38508213e-04,4.02462509e-04,6.29887651e-05,1.14057774e-08,3.18709711e-10,1.69547582e-06,5.53200928e-06,5.70131777e-05,2.97243600e-09,1.01455402e-10,1.63883274e-05,4.75256972e-05,1.24233463e-04,3.35293238e-04
6.02500000e+01,1.76839609e-05,1.02376104e-04,2.49453928e-04,3.65205244e-05,1.98963706e-08,6.58704815e-10,5.96801290e-05,1.69694695e-04,3.44714183e-03,6.61893363e-06,1.79758779e-06,1.35364902e-04,3.93418343e-04,6.07464537e-05,1.20394058e-08,3.18815519e-10,1.64890083e-06,5.39459273e-06,5.60906277e-05,2.93096735e-09,1.01501781e-10,1.60392086e-05,4.65749348e-05,1.22952584e-04,3.30107430e-04
6.03500000e+01,1.78317986e-05,1.02647071e-04,2.50079104e-04,3.64716696e-05,2.12661947e-08,6.59163007e-10,4.99954517e-05,1.44444840e-04,3.35915503e-03,6.96206181e-06,1.79956046e-06,1.34847990e-04,3.91831287e-04,6.21401194e-05,1.27428852e-08,3.18915657e-10,1.55192220e-06,5.06834640e-06,5.62350729e-05,3.00130685e-09,1.01556577e-10,1.56451385e-05,4.54096113e-05,1.28518219e-04,3.28606397e-04
6.04500000e+01,1.83228944e-05,1.05433359e-04,2.56890124e-04,3.67888726e-05,2.19620267e-08,6.72194836e-10,5.11413833e-05,1.47841433e-04,3.33771088e-03,7.24321790e-06,1.84175951e-06,1.38375878e-04,4.01750712e-04,7.87992255e-05,1.31818444e-08,3.24466024e-10,1.56246648e-06,5.10569714e-06,5.69553500e-05,3.09864913e-09,1.03452502e-10,1.57029068e-05,4.55857224e-05,1.36676458e-04,3.37313556e-04
6.05500000e+01,1.85917729e-05,9.96747287e-05,2.42882818e-04,3.47040649e-05,2.21390908e-08,6.80343723e-10,5.24006463e-05,1.51331477e-04,3.16539408e-03,7.30692467e-06,1.86845664e-06,1.34280802e-04,3.90053983e-04,6.62907620e-05,1.32986701e-08,3.27919145e-10,1.55581318e-06,5.08936343e-06,5.51494729e-05,3.13747800e-09,1.04634429e-10,1.54111069e-05,4.47605673e-05,1.24292320e-04,3.24929078e-04
6.06500000e+01,1.87522782e-05,9.67814588e-05,2.35861251e-04,3.34992298e-05,2.30348392e-08,6.80772206e-10,5.23531995e-05,1.51461676e-04,3.15083133e-03,7.69431303e-06,1.86994276e-06,1.32695708e-04,3.85475799e-04,6.15711934e-05,1.38466160e-08,3.28096049e-10,1.62869497e-06,5.32747372e-06,5.32234703e-05,3.21656801e-09,1.04695618e-10,1.57616389e-05,4.57890579e-05,1.20272848e-04,3.18094018e-04
6.07500000e+01,1.91718015e-05,9.67293113e-05,2.35732286e-04,3.34333304e-05,2.23862042e-08,6.69637406e-10,4.93983037e-05,1.43414252e-04,2.98830245e-03,8.00280563e-06,1.84048892e-06,1.34127007e-04,3.89508756e-04,6.58696356e-05,1.37599676e-08,3.22601653e-10,1.55320684e-06,5.07738974e-06,5.27409963e-05,3.30225614e-09,1.02964182e-10,1.55801546e-05,4.52604270e-05,1.17457826e-04,3.16654321e-04
6.08500000e+01,1.98586870e-05,9.43379906e-05,2.29899109e-04,3.23817920e-05,2.16460591e-08,6.46255796e-10,4.80418646e-05,1.39403209e-04,2.85067351e-03,7.94570254e-06,1.77863975e-06,1.27023324e-04,3.69136817e-04,5.89350222e-05,1.34821187e-08,3.11064147e-10,1.49251630e-06,4.88022667e-06,5.16368262e-05,3.35222191e-09,9.93283965e-11,1.50465221e-05,4.36984184e-05,1.15728388e-04,3.09483441e-04
6.09500000e+01,1.97480592e-05,9.56743329e-05,2.33102066e-04,3.25140243e-05,2.02563542e-08,6.46255796e-10,4.75529455e-05,1.37630513e-04,2.85073009e-03,7.49667036e-06,1.77863975e-06,1.27104296e-04,3.69354871e-04,5.69407142e-05,1.27366916e-08,3.11064147e-10,1.46698884e-06,4.79453195e-06,5.15538611e-05,3.27284167e-09,9.93283965e-11,1.50208049e-05,4.35949514e-05,1.18716138e-04,3.18902866e-04
6.10500000e+01,1.97480592e-05,9.50353381e-05,2.31592917e-04,3.23311737e-05,2.01462740e-08,6.46255796e-10,5.00842000e-05,1.44212790e-04,2.87341458e-03,7.49667036e-06,1.77863975e-06,1.26207140e-04,3.66804486e-04,5.55571748e-05,1.27016043e-08,3.11064147e-10,1.49051171e-06,4.87232349e-06,5.16537772e-05,3.27284167e-09,9.93283965e-11,1.51191985e-05,4.39083117e-05,1.15861562e-04,3.09852309e-04
6.11500000e+01,1.91700783e-05,9.43541709e-05,2.29906416e-04,3.23101085e-05,1.98315941e-08,6.21847272e-10,5.15695924e-05,1.47822110e-04,2.95006320e-03,7.38802337e-06,1.71422630e-06,1.26246275e-04,3.66905997e-04,5.59180335e-05,1.24882668e-08,2.98994224e-10,1.50831312e-06,4.92956133e-06,5.26326509e-05,3.19386325e-09,9.55295720e-11,1.53019622e-05,4.44250045e-05,1.18674356e-04,3.08033599e-04
6.12500000e+01,1.91640017e-05,9.27513721e-05,2.26006586e-04,3.18671832e-05,2.01573414e-08,6.18525373e-10,5.51283362e-05,1.57065003e-04,2.93177031e-03,7.53301808e-06,1.70545989e-06,1.23561237e-04,3.59154396e-04,5.43157696e-05,1.26847517e-08,2.97351558e-10,1.52592045e-06,4.99380227e-06,5.05138596e-05,3.21729552e-09,9.50125677e-11,1.51354082e-05,4.39508043e-05,1.16172236e-04,3.02549044e-04
6.13500000e+01,1.82862442e-05,9.19543824e-05,2.24076291e-04,3.16590343e-05,2.01678451e-08,5.77245654e-10,5.08312372e-05,1.45634281e-04,2.95545289e-03,7.58253935e-06,1.59162262e-06,1.23062213e-04,3.57692152e-04,5.43531293e-05,1.26609354e-08,2.77750178e-10,1.52588039e-06,4.98987345e-06,5.02109321e-05,3.13189882e-09,8.86939586e-11,1.50579477e-05,4.37207684e-05,1.13186311e-04,2.97975762e-04
6.14500000e+01,1.76450116e-05,9.32427122e-05,2.27207549e-04,3.21723249e-05,1.98044065e-08,5.49972390e-10,5.06809545e-05,1.44889338e-04,3.03833740e-03,7.45374888e-06,1.51664825e-06,1.22885019e-04,3.57139945e-04,5.67289948e-05,1.24202982e-08,2.64760308e-10,1.54637792e-06,5.05469829e-06,5.00811709e-05,3.04200657e-09,8.45141507e-11,1.51613918e-05,4.40192186e-05,1.12319058e-04,2.98691128e-04
6.15500000e+01,1.75581682e-05,9.22456874e-05,2.24756930e-04,3.20429838e-05,1.91198503e-08,5.52169736e-10,4.95767737e-05,1.41863499e-04,2.79578965e-03,7.15460929e-06,1.52260467e-06,1.20516526e-04,3.50207777e-04,5.62325032e-05,1.20036873e-08,2.65820776e-10,1.49744530e-06,4.89419879e-06,4.93885164e-05,2.98317220e-09,8.48527244e-11,1.48223493e-05,4.30363583e-05,1.11010251e-04,2.94765514e-04
6.16500000e+01,1.71742797e-05,9.16967350e-05,2.23412926e-04,3.17135479e-05,1.57774767e-08,5.59383880e-10,4.95709956e-05,1.40671956e-04,2.73320829e-03,5.69064689e-06,1.55133094e-06,1.19242564e-04,3.46449985e-04,5.60929705e-05,9.96889544e-09,2.68589177e-10,1.47799567e-06,4.82561027e-06,4.89852506e-05,2.69914970e-09,8.58397931e-11,1.50318686e-05,4.36223720e-05,1.09523710e-04,2.88843108e-04
6.17500000e+01,1.72442396e-05,9.57695918e-05,2.33162294e-04,3.40592203e-05,1.59218476e-08,5.60483968e-10,5.23460060e-05,1.48096824e-04,2.69848051e-03,5.70920804e-06,1.55705840e-06,1.20056734e-04,3.48843849e-04,5.55621429e-05,1.00105902e-08,2.68934976e-10,1.48722347e-06,4.85953816e-06,4.83591662e-05,2.70946062e-09,8.59746283e-11,1.45528684e-05,4.22387182e-05,1.08297156e-04,2.88728368e-04
6.18500000e+01,1.72442396e-05,9.07794720e-05,2.21221879e-04,3.10230452e-05,1.60073010e-08,5.60483968e-10,5.51484673e-05,1.55521196e-04,2.68479834e-03,5.70921802e-06,1.55705840e-06,1.20419267e-04,3.49890102e-04,5.55829667e-05,1.00186945e-08,2.68934976e-10,1.53712546e-06,5.02379601e-06,4.91931999e-05,2.70946062e-09,8.59746283e-11,1.46988173e-05,4.26850817e-05,1.08983329e-04,2.87071848e-04
6.19500000e+01,1.72442396e-05,9.04506051e-05,2.20430510e-04,3.18679644e-05,1.60116197e-08,5.60483968e-10,5.33890816e-05,1.50871595e-04,2.70914082e-03,5.70933781e-06,1.55705840e-06,1.20243143e-04,3.49432387e-04,5.36040335e-05,1.00205075e-08,2.68934976e-10,1.52446874e-06,4.98122443e-06,4.89763747e-05,2.70946062e-09,8.59746283e-11,1.47770777e-05,4.29122342e-05,1.06811364e-04,2.86683955e-04
6.20500000e+01,1.61449576e-05,9.06810273e-05,2.20974900e-04,3.19617979e-05,1.52961785e-08,5.25540205e-10,4.88591725e-05,1.38135278e-04,2.62423099e-03,5.45204685e-06,1.44596498e-06,1.17886582e-04,3.42621059e-04,5.21090462e-05,9.54700989e-09,2.53935364e-10,1.47720408e-06,4.81824546e-06,4.87318520e-05,2.55104461e-09,8.08668815e-11,1.45834503e-05,4.23190095e-05,1.06934660e-04,2.86164224e-04
6.21500000e+01,1.58746607e-05,8.72006003e-05,2.12501392e-04,3.10230487e-05,1.49135734e-08,5.16948060e-10,4.92885549e-05,1.39008795e-04,2.57818880e-03,5.38878288e-06,1.41864878e-06,1.17313545e-04,3.40952979e-04,5.14260602e-05,9.41396640e-09,2.50247186e-10,1.45645241e-06,4.75244804e-06,4.75374516e-05,2.51209251e-09,7.96109635e-11,1.44708490e-05,4.19983907e-05,1.03544729e-04,2.80936185e-04
6.22500000e+01,1.63928457e-05,8.59964278e-05,2.09584377e-04,2.99936089e-05,1.80563859e-08,5.16948060e-10,5.01830000e-05,1.42598900e-04,2.62859861e-03,6.75084546e-06,1.41864878e-06,1.16193088e-04,3.37726745e-04,5.06370287e-05,1.13351293e-08,2.50247186e-10,1.46831367e-06,4.79822702e-06,4.73922112e-05,2.78550353e-09,7.96109635e-11,1.44164797e-05,4.18708717e-05,1.01784715e-04,2.78125525e-04
6.23500000e+01,1.87484093e-05,8.52668521e-05,2.07804504e-04,2.97729293e-05,1.85087353e-08,5.16948060e-10,5.22174268e-05,1.48434723e-04,2.59211215e-03,6.70695379e-06,1.41864835e-06,1.15750498e-04,3.36432773e-04,5.09646453e-05,1.16701479e-08,2.50247186e-10,1.43886953e-06,4.71089696e-06,4.66757349e-05,2.98799034e-09,7.96109635e-11,1.41260181e-05,4.10538397e-05,1.01769729e-04,2.76940198e-04
6.24500000e+01,1.84654189e-05,8.37971820e-05,2.04204389e-04,2.90389760e-05,1.58116264e-08,5.16948060e-10,5.14011904e-05,1.45375144e-04,2.54348908e-03,5.52162636e-06,1.41864832e-06,1.12933695e-04,3.28268621e-04,5.05600918e-05,1.00257689e-08,2.50247186e-10,1.42321742e-06,4.65557276e-06,4.63554182e-05,2.76534091e-09,7.96109635e-11,1.38063163e-05,4.01120109e-05,1.00750472e-04,2.71470902e-04
6.25500000e+01,1.84654189e-05,8.38332367e-05,2.04300675e-04,2.86723868e-05,1.58116264e-08,5.16948060e-10,4.93931151e-05,1.39927741e-04,2.55584637e-03,5.52162636e-06,1.41864832e-06,1.11960283e-04,3.25417397e-04,5.08949920e-05,1.00257689e-08,2.50247186e-10,1.40494209e-06,4.59228594e-06,4.58965475e-05,2.76534091e-09,7.96109635e-11,1.37504006e-05,3.99412995e-05,9.78466009e-05,2.69746717e-04
6.26500000e+01,1.71736576e-05,8.28335409e-05,2.01867365e-04,2.83446622e-05,1.46458553e-08,4.88260919e-10,4.96362885e-05,1.40042335e-04,2.71314934e-03,5.10203010e-06,1.34583321e-06,1.10579711e-04,3.21425099e-04,4.91896226e-05,9.27426642e-09,2.36600830e-10,1.41660069e-06,4.62852580e-06,4.59226614e-05,2.56946571e-09,7.51729896e-11,1.36673459e-05,3.96895477e-05,9.99953193e-05,2.69025031e-04
6.27500000e+01,1.28052318e-05,8.37812753e-05,2.04153161e-04,2.84996189e-05,9.51069407e-09,4.70423487e-10,5.18884016e-05,1.44256456e-04,2.73377879e-03,3.24627762e-06,1.32672073e-06,1.10303679e-04,3.20627324e-04,4.92420124e-05,6.04844953e-09,2.26156279e-10,1.43834678e-06,4.69376536e-06,4.60546202e-05,1.86956794e-09,7.20585094e-11,1.38226769e-05,4.01069509e-05,9.89536838e-05,2.67725280e-04
6.28500000e+01,1.25809983e-05,8.24185029e-05,2.00799146e-04,2.80766516e-05,9.26952146e-09,4.63857607e-10,4.57962417e-05,1.28124857e-04,2.62611393e-03,3.15702408e-06,1.30484376e-06,1.09684559e-04,3.18756158e-04,4.88948595e-05,5.89702854e-09,2.23394714e-10,1.35952931e-06,4.43073492e-06,4.57121098e-05,1.83405758e-09,7.11104461e-11,1.34720650e-05,3.90346471e-05,1.00250767e-04,2.63611156e-04
6.29500000e+01,1.20270086e-05,8.27253236e-05,2.01544074e-04,2.78576721e-05,8.63704190e-09,4.47657114e-10,4.43731849e-05,1.23938376e-04,2.65518702e-03,2.92229435e-06,1.25086505e-06,1.09495390e-04,3.18222698e-04,4.91645647e-05,5.50173413e-09,2.16580893e-10,1.34861204e-06,4.39099196e-06,4.60651071e-05,1.74508218e-09,6.87712175e-11,1.34198580e-05,3.88877934e-05,9.83664422e-05,2.66524608e-04
6.30500000e+01,1.20270086e-05,8.34729654e-05,2.03397095e-04,2.82202961e-05,8.63704190e-09,4.47657114e-10,4.72779480e-05,1.31875678e-04,2.50424025e-03,2.92229435e-06,1.25086505e-06,1.10544850e-04,3.21308774e-04,5.04926981e-05,5.50173413e-09,2.16580893e-10,1.38397610e-06,4.51115542e-06,4.57340161e-05,1.74508218e-09,6.87712175e-11,1.36691425e-05,3.96168998e-05,1.00432276e-04,2.68699275e-04
6.31500000e+01,1.12989755e-05,8.14553672e-05,1.98486789e-04,2.74500826e-05,8.19131737e-09,4.16148406e-10,4.78167711e-05,1.32958228e-04,2.45473476e-03,2.76341372e-06,1.17018639e-06,1.08869898e-04,3.16380686e-04,5.32270335e-05,5.20292038e-09,2.00590603e-10,1.38404381e-06,4.51112615e-06,4.49315792e-05,1.64201022e-09,6.38138870e-11,1.36598973e-05,3.95782099e-05,9.93067879e-05,2.62182647e-04
6.32500000e+01,1.03877538e-05,8.28665842e-05,2.01923589e-04,2.79469013e-05,7.63221085e-09,3.77211889e-10,4.76595171e-05,1.32095274e-04,2.47014103e-03,2.56401905e-06,1.06953943e-06,1.09769798e-04,3.18943176e-04,5.51929746e-05,4.82824220e-09,1.80987982e-10,1.38703538e-06,4.51870545e-06,4.49363289e-05,1.51288842e-09,5.77084555e-11,1.38672904e-05,4.01800810e-05,9.96037194e-05,2.65321099e-04
6.33500000e+01,1.00484136e-05,8.24843151e-05,2.01005302e-04,2.78593703e-05,7.42367403e-09,3.62844219e-10,4.77023748e-05,1.32003764e-04,2.53035208e-03,2.48962239e-06,1.03214620e-06,1.10072599e-04,3.19759930e-04,5.63768772e-05,4.68853264e-09,1.73796671e-10,1.38268720e-06,4.50471283e-06,4.41510376e-05,1.46477295e-09,5.54610358e-11,1.39063129e-05,4.02909024e-05,1.01282089e-04,2.63200964e-04
6.34500000e+01,1.00484136e-05,8.20642672e-05,1.99975780e-04,2.76303929e-05,7.42367403e-09,3.62844219e-10,4.79318679e-05,1.32600610e-04,2.49296819e-03,2.48962239e-06,1.03214620e-06,1.10234719e-04,3.20193451e-04,5.64356599e-05,4.68853264e-09,1.73796671e-10,1.37286147e-06,4.47423568e-06,4.36594430e-05,1.46477295e-09,5.54610358e-11,1.36998201e-05,3.96798044e-05,1.03394273e-04,2.60509576e-04
6.35500000e+01,1.00484136e-05,8.21274044e-05,2.00155893e-04,2.77520617e-05,7.42367403e-09,3.62844219e-10,5.73846068e-05,1.59752712e-04,2.43910086e-03,2.48962239e-06,1.03214620e-06,1.11419861e-04,3.23738493e-04,5.64449666e-05,4.68853264e-09,1.73796671e-10,1.42463601e-06,4.67041803e-06,4.40664456e-05,1.46477295e-09,5.54610358e-11,1.39257230e-05,4.04203866e-05,1.03996525e-04,2.62215266e-04
6.36500000e+01,9.90006107e-06,8.15693182e-05,1.98742988e-04,2.78663237e-05,7.32454037e-09,3.58640192e-10,4.37536627e-05,1.21732112e-04,2.45314835e-03,2.45390408e-06,1.01776516e-06,1.15501101e-04,3.35187793e-04,5.88574926e-05,4.62333314e-09,1.72049661e-10,1.30379192e-06,4.24517960e-06,4.43810283e-05,1.44328975e-09,5.48583556e-11,1.33203692e-05,3.85710279e-05,1.04881830e-04,2.62289451e-04
6.37500000e+01,9.30307499e-06,7.97796070e-05,1.94390960e-04,2.70913536e-05,6.92561616e-09,3.41722746e-10,4.17798966e-05,1.15822794e-04,2.38087909e-03,2.31016989e-06,9.59894350e-07,1.06870933e-04,3.10373793e-04,5.44287582e-05,4.36096353e-09,1.65019510e-10,1.28218442e-06,4.16972609e-06,4.31220949e-05,1.35683908e-09,5.24331077e-11,1.30520318e-05,3.77812025e-05,1.00456196e-04,2.56082542e-04
6.38500000e+01,9.30307499e-06,7.92781516e-05,1.93160093e-04,2.69988960e-05,6.92561616e-09,3.41722746e-10,4.24073191e-05,1.17474914e-04,2.40896451e-03,2.31016989e-06,9.59894350e-07,1.05685733e-04,3.06982974e-04,5.37243588e-05,4.36096353e-09,1.65019510e-10,1.30667016e-06,4.25034286e-06,4.29429879e-05,1.35683908e-09,5.24331077e-11,1.31823799e-05,3.81711740e-05,9.98466122e-05,2.56769637e-04
6.39500000e+01,9.30307499e-06,7.82463649e-05,1.90656690e-04,2.70350694e-05,6.92561616e-09,3.41722746e-10,4.27881278e-05,1.18524390e-04,2.62505065e-03,2.31016989e-06,9.59894350e-07,1.04296866e-04,3.03032872e-04,5.10050581e-05,4.36096353e-09,1.65019510e-10,1.29734400e-06,4.22216075e-06,4.22401783e-05,1.35683908e-09,5.24331077e-11,1.30122693e-05,3.76957345e-05,9.62598722e-05,2.53606551e-04
6.40500000e+01,9.30307499e-06,7.98618857e-05,1.94591495e-04,2.79829681e-05,6.92561616e-09,3.41722746e-10,4.15934436e-05,1.15327387e-04,2.54294940e-03,2.31016989e-06,9.59894350e-07,1.05853054e-04,3.07549943e-04,5.11565236e-05,4.36096353e-09,1.65019510e-10,1.29713045e-06,4.21902319e-06,4.26765367e-05,1.35683908e-09,5.24331077e-11,1.31015449e-05,3.79470801e-05,9.47223104e-05,2.56986523e-04
6.41500000e+01,9.30307499e-06,7.97258516e-05,1.94252212e-04,2.77285919e-05,6.92561616e-09,3.41722746e-10,4.07485838e-05,1.13105667e-04,2.44927356e-03,2.31016989e-06,9.59894350e-07,1.05924893e-04,3.07804923e-04,5.07079476e-05,4.36096353e-09,1.65019510e-10,1.27850563e-06,4.15807807e-06,4.24781331e-05,1.35683908e-09,5.24331077e-11,1.30321682e-05,3.77557007e-05,9.31961747e-05,2.55452184e-04
6.42500000e+01,9.30307499e-06,8.03739900e-05,1.95816513e-04,2.76716056e-05,6.92561616e-09,3.41722746e-10,4.08035059e-05,1.13164600e-04,2.55588808e-03,2.31016989e-06,9.59894350e-07,1.06021337e-04,3.08002297e-04,5.17466373e-05,4.36096353e-09,1.65019510e-10,1.27194221e-06,4.13711785e-06,4.25350813e-05,1.35683908e-09,5.24331077e-11,1.28410219e-05,3.72058632e-05,9.26910019e-05,2.55176947e-04
6.43500000e+01,9.30307499e-06,8.00585536e-05,1.95058289e-04,2.72586312e-05,6.92561616e-09,3.41722746e-10,4.08479072e-05,1.13211018e-04,2.65272466e-03,2.31016989e-06,9.59894350e-07,1.04394829e-04,3.03331436e-04,5.09633265e-05,4.36096353e-09,1.65019510e-10,1.28251915e-06,4.17124916e-06,4.23024193e-05,1.35683908e-09,5.24331077e-11,1.28474852e-05,3.72248284e-05,9.17791962e-05,2.53970260e-04
6.44500000e+01,9.30307499e-06,7.89027506e-05,1.92261264e-04,2.65562698e-05,6.92561616e-09,3.41722746e-10,3.93442133e-05,1.09252699e-04,2.34737937e-03,2.31016989e-06,9.59894350e-07,1.02686104e-04,2.98337886e-04,5.03249533e-05,4.36096353e-09,1.65019510e-10,1.23907345e-06,4.02978299e-06,4.16254707e-05,1.35683908e-09,5.24331077e-11,1.24523930e-05,3.60779973e-05,9.06238924e-05,2.50327733e-04
6.45500000e+01,9.30307499e-06,7.69546753e-05,1.87505684e-04,2.57635552e-05,6.92561616e-09,3.41722746e-10,3.83873883e-05,1.06724910e-04,2.26473320e-03,2.31016989e-06,9.59894350e-07,1.01683832e-04,2.95424163e-04,4.96658245e-05,4.36096353e-09,1.65019510e-10,1.20012761e-06,3.90353626e-06,4.10357918e-05,1.35683908e-09,5.24331077e-11,1.21571447e-05,3.52220920e-05,8.84246726e-05,2.45978654e-04
6.46500000e+01,9.30307499e-06,7.68582947e-05,1.87277660e-04,2.61034812e-05,6.92561616e-09,3.41722746e-10,4.00940723e-05,1.11168321e-04,2.37543217e-03,2.31016989e-06,9.59894350e-07,1.02115518e-04,2.96687549e-04,4.96445875e-05,4.36096353e-09,1.65019510e-10,1.21006866e-06,3.93689257e-06,4.12209405e-05,1.35683908e-09,5.24331077e-11,1.21615497e-05,3.52288551e-05,8.87866096e-05,2.45138788e-04
6.47500000e+01,9.30307499e-06,7.66459023e-05,1.86760890e-04,2.59478120e-05,6.92561616e-09,3.41722746e-10,3.93735502e-05,1.09247601e-04,2.37105522e-03,2.31016989e-06,9.59894350e-07,1.02065835e-04,2.96560856e-04,4.86804418e-05,4.36096353e-09,1.65019510e-10,1.21906347e-06,3.96525381e-06,4.09673857e-05,1.35683908e-09,5.24331077e-11,1.23017343e-05,3.56182160e-05,9.23067115e-05,2.45476590e-04
6.48500000e+01,9.30480255e-06,7.62674146e-05,1.85836144e-04,2.56773556e-05,7.14974540e-09,3.41794031e-10,3.78512793e-05,1.05372099e-04,2.27945067e-03,2.31055063e-06,9.60083482e-07,9.96043675e-05,2.89509495e-04,4.28455195e-05,4.41572680e-09,1.65054592e-10,1.20885434e-06,3.93189433e-06,4.04853639e-05,1.35708446e-09,5.24441801e-11,1.22188894e-05,3.53764405e-05,9.26311487e-05,2.44190584e-04
6.49500000e+01,9.61800163e-06,7.46225328e-05,1.81812835e-04,2.50598019e-05,7.56478565e-09,3.44522100e-10,3.79967854e-05,1.05878849e-04,2.35478058e-03,2.40240087e-06,9.80038003e-07,9.65376264e-05,2.80688046e-04,4.11386737e-05,4.61128464e-09,1.65716764e-10,1.22708017e-06,3.99234952e-06,3.98035221e-05,1.40368613e-09,5.27181371e-11,1.22409438e-05,3.54444780e-05,8.90043244e-05,2.39678094e-04
6.50500000e+01,1.05918346e-05,7.44545969e-05,1.81410725e-04,2.51313239e-05,8.35801199e-09,3.51346821e-10,3.71214990e-05,1.04109491e-04,2.34286932e-03,2.69170257e-06,1.03975218e-06,9.48595614e-05,2.75820226e-04,4.14819288e-05,5.10086523e-09,1.66849217e-10,1.17551062e-06,3.82620965e-06,4.01850691e-05,1.54892911e-09,5.32881153e-11,1.20100674e-05,3.47965693e-05,8.87816019e-05,2.40371090e-04
6.51500000e+01,1.02914790e-05,7.29187021e-05,1.77659074e-04,2.50844756e-05,8.11603631e-09,3.49007102e-10,3.73569350e-05,1.04627913e-04,2.30884877e-03,2.60351620e-06,1.02064542e-06,9.52495680e-05,2.76848899e-04,4.45350017e-05,4.95074145e-09,1.66382350e-10,1.15549337e-06,3.76281743e-06,3.91209066e-05,1.50418268e-09,5.30752357e-11,1.17690949e-05,3.41142745e-05,8.53371142e-05,2.35397414e-04
6.52500000e+01,1.02103716e-05,7.30524888e-05,1.77980033e-04,2.53219901e-05,8.05069778e-09,3.48381786e-10,3.81167371e-05,1.06642612e-04,2.39660914e-03,2.57970260e-06,1.01548573e-06,9.42062003e-05,2.73883180e-04,4.38430146e-05,4.91020135e-09,1.66263262e-10,1.18924551e-06,3.87483170e-06,3.88589999e-05,1.49209782e-09,5.30192156e-11,1.20008155e-05,3.47793880e-05,8.54908790e-05,2.34419991e-04
6.53500000e+01,1.02103716e-05,7.30554962e-05,1.77982863e-04,2.54373859e-05,8.05069778e-09,3.48381786e-10,3.65332490e-05,1.02569096e-04,2.30985659e-03,2.57970260e-06,1.01548573e-06,9.42169998e-05,2.73908306e-04,4.33181777e-05,4.91020135e-09,1.66263262e-10,1.13457141e-06,3.69575893e-06,3.89575951e-05,1.49209782e-09,5.30192156e-11,1.18710781e-05,3.44055318e-05,8.60347762e-05,2.34050938e-04
6.54500000e+01,1.02103716e-05,7.23321938e-05,1.76231819e-04,2.50675477e-05,8.05069778e-09,3.48381786e-10,3.64140983e-05,1.02222862e-04,2.20576150e-03,2.57970260e-06,1.01548573e-06,9.32608889e-05,2.71154465e-04,4.23529524e-05,4.91020135e-09,1.66263262e-10,1.14665082e-06,3.73366514e-06,3.90938399e-05,1.49209782e-09,5.30192156e-11,1.17057480e-05,3.39250643e-05,8.47814932e-05,2.31504493e-04
6.55500000e+01,1.02103716e-05,7.32391412e-05,1.78431213e-04,2.51678693e-05,8.05069778e-09,3.48381786e-10,3.57211918e-05,1.00394221e-04,2.26915948e-03,2.57970260e-06,1.01548573e-06,9.40026616e-05,2.73289635e-04,4.29590139e-05,4.91020135e-09,1.66263262e-10,1.15200223e-06,3.74952772e-06,3.99513440e-05,1.49209782e-09,5.30192156e-11,1.17771249e-05,3.41340436e-05,8.60671997e-05,2.35135826e-04
6.56500000e+01,1.02103716e-05,7.34836628e-05,1.79016070e-04,2.52811130e-05,8.05069778e-09,3.48381786e-10,3.52366081e-05,9.91241639e-05,2.26422922e-03,2.57970260e-06,1.01548573e-06,9.36801810e-05,2.72324207e-04,4.36338631e-05,4.91020135e-09,1.66263262e-10,1.13474234e-06,3.69358827e-06,3.96100901e-05,1.49209782e-09,5.30192156e-11,1.15873983e-05,3.35882439e-05,8.43142874e-05,2.33354122e-04
6.57500000e+01,1.02103716e-05,7.32861775e-05,1.78549043e-04,2.51851241e-05,8.05069778e-09,3.48381786e-10,3.46025888e-05,9.73723448e-05,2.28570551e-03,2.57970260e-06,1.01548573e-06,9.36848217e-05,2.72317469e-04,4.34175340e-05,4.91020135e-09,1.66263262e-10,1.11820585e-06,3.63842660e-06,3.98421236e-05,1.49209782e-09,5.30192156e-11,1.15149966e-05,3.33718941e-05,8.52653294e-05,2.34800503e-04
6.58500000e+01,1.02103716e-05,7.27281956e-05,1.77182003e-04,2.45484794e-05,8.05069778e-09,3.48381786e-10,3.39960472e-05,9.56996234e-05,2.32320300e-03,2.57970260e-06,1.01548573e-06,9.28599802e-05,2.70028739e-04,3.98507353e-05,4.91020135e-09,1.66263262e-10,1.11803669e-06,3.63770043e-06,3.89070472e-05,1.49209782e-09,5.30192156e-11,1.14411602e-05,3.31573329e-05,8.50972515e-05,2.32104227e-04
6.59500000e+01,1.02103716e-05,7.25637682e-05,1.76784686e-04,2.45303792e-05,8.05069778e-09,3.48381786e-10,3.35314620e-05,9.44516428e-05,2.22686075e-03,2.57970260e-06,1.01548573e-06,9.31516829e-05,2.70875726e-04,4.00313256e-05,4.91020135e-09,1.66263262e-10,1.12189662e-06,3.64984216e-06,3.85583586e-05,1.49209782e-09,5.30192156e-11,1.14240439e-05,3.31104473e-05,8.58596577e-05,2.32141476e-04
6.60500000e+01,1.02103716e-05,7.28771783e-05,1.77574062e-04,2.45829036e-05,8.05069778e-09,3.48381786e-10,3.31618025e-05,9.35452403e-05,2.14317870e-03,2.57970260e-06,1.01548573e-06,9.31421249e-05,2.70839076e-04,4.02190261e-05,4.91020135e-09,1.66263262e-10,1.12084791e-06,3.64501538e-06,3.97502575e-05,1.49209782e-09,5.30192156e-11,1.14801099e-05,3.32120582e-05,9.03010767e-05,2.32429076e-04
6.61500000e+01,1.02103716e-05,7.50385203e-05,1.82856674e-04,2.56756621e-05,8.05069778e-09,3.48381786e-10,3.97888826e-05,1.10608326e-04,2.18263516e-03,2.57970260e-06,1.01548573e-06,9.43919622e-05,2.74508751e-04,4.03187666e-05,4.91020135e-09,1.66263262e-10,1.17577684e-06,3.82881557e-06,4.02304688e-05,1.49209782e-09,5.30192156e-11,1.16398571e-05,3.36734745e-05,9.00659039e-05,2.36599393e-04
6.62500000e+01,1.02103716e-05,7.24087668e-05,1.76412996e-04,2.47479401e-05,8.19497553e-09,3.48381786e-10,3.48941160e-05,9.80175404e-05,2.08431247e-03,2.57974755e-06,1.01548573e-06,9.37267268e-05,2.72315855e-04,4.71229184e-05,4.95964546e-09,1.66263262e-10,1.10342327e-06,3.59183786e-06,3.93563563e-05,1.49209782e-09,5.30192156e-11,1.11180782e-05,3.21817217e-05,8.59813992e-05,2.32438428e-04
6.63500000e+01,9.21540039e-06,7.15243047e-05,1.74246909e-04,2.45713440e-05,8.22766620e-09,3.41179605e-10,3.28172097e-05,9.25957615e-05,2.16627168e-03,2.28585724e-06,9.53528168e-07,9.79792195e-05,2.84279535e-04,6.31116594e-05,4.74829030e-09,1.65044578e-10,1.08930770e-06,3.54370672e-06,3.93313388e-05,1.34374795e-09,5.24069119e-11,1.10614182e-05,3.20152203e-05,8.65203199e-05,2.36337376e-04
6.64500000e+01,8.41242201e-06,7.02697465e-05,1.71184905e-04,2.40808105e-05,7.57661606e-09,3.35367180e-10,3.32431712e-05,9.36171621e-05,2.09040298e-03,2.04846593e-06,9.03526138e-07,9.37582440e-05,2.72428690e-04,4.37139824e-05,4.34556210e-09,1.64061054e-10,1.10756172e-06,3.60436261e-06,3.87181493e-05,1.22402414e-09,5.19127604e-11,1.11079573e-05,3.21685072e-05,8.39175201e-05,2.25878064e-04
6.65500000e+01,8.21220366e-06,7.19151372e-05,1.75182131e-04,2.46301626e-05,7.45391916e-09,3.26749554e-10,3.30813330e-05,9.34509901e-05,2.15474057e-03,2.00472066e-06,8.81370119e-07,9.56526468e-05,2.77917777e-04,4.58015032e-05,4.26332008e-09,1.59702686e-10,1.09756239e-06,3.57301768e-06,3.90271823e-05,1.19566712e-09,5.05588870e-11,1.12308507e-05,3.25298741e-05,8.60728391e-05,2.30354069e-04
6.66500000e+01,7.76222830e-06,7.00060791e-05,1.70527839e-04,2.42580986e-05,6.51577335e-09,3.07382102e-10,3.29104133e-05,9.26505739e-05,2.06473864e-03,1.90640651e-06,8.31576171e-07,9.37481793e-05,2.72380641e-04,4.43320877e-05,3.86997195e-09,1.49907587e-10,1.06110433e-06,3.45433826e-06,3.89219301e-05,1.13193688e-09,4.75161607e-11,1.08760486e-05,3.15069668e-05,8.34669993e-05,2.24619861e-04
6.67500000e+01,7.76222830e-06,6.88409764e-05,1.67711276e-04,2.38258651e-05,6.49999810e-09,3.07382102e-10,4.10379084e-05,1.14636889e-04,2.09797116e-03,1.90640651e-06,8.31576171e-07,9.19601303e-05,2.67302747e-04,4.44171447e-05,3.86500604e-09,1.49907587e-10,1.14036945e-06,3.72939314e-06,3.82033192e-05,1.13193688e-09,4.75161607e-11,1.11926653e-05,3.24539744e-05,8.50355786e-05,2.23525283e-04
6.68500000e+01,7.76222830e-06,6.86573294e-05,1.67275609e-04,2.34634999e-05,6.49999810e-09,3.07382102e-10,3.96265140e-05,1.10601298e-04,2.09187159e-03,1.90640651e-06,8.31576171e-07,9.15465658e-05,2.66118242e-04,4.40412841e-05,3.86500604e-09,1.49907587e-10,1.14111870e-06,3.72631172e-06,3.80231979e-05,1.13193688e-09,4.75161607e-11,1.13010436e-05,3.27371011e-05,8.55661977e-05,2.22986180e-04
6.69500000e+01,7.76222830e-06,6.84056963e-05,1.66646772e-04,2.33510745e-05,7.42520030e-09,3.07382102e-10,3.19371036e-05,8.97438764e-05,2.10154560e-03,1.90640651e-06,8.31576171e-07,9.18972654e-05,2.67105128e-04,3.95441832e-05,4.00700466e-09,1.49907587e-10,1.06954165e-06,3.47731240e-06,3.75427998e-05,1.13193688e-09,4.75161607e-11,1.10668316e-05,3.20119985e-05,8.46783068e-05,2.22224850e-04
6.70500000e+01,7.76222830e-06,6.87398785e-05,1.67477625e-04,2.36984238e-05,7.49279313e-09,3.07382102e-10,3.21686656e-05,9.03389652e-05,2.11628062e-03,1.90640651e-06,8.31576171e-07,9.62166007e-05,2.79404281e-04,4.09099035e-05,4.01737870e-09,1.49907587e-10,1.06134129e-06,3.45140130e-06,3.75674641e-05,1.13193688e-09,4.75161607e-11,1.10492215e-05,3.19625957e-05,8.52003267e-05,2.22708669e-04
6.71500000e+01,7.76222830e-06,6.92941838e-05,1.68831851e-04,2.38300288e-05,7.49279313e-09,3.07382102e-10,3.21414561e-05,9.03866261e-05,2.16371745e-03,1.90640651e-06,8.31576171e-07,9.40311430e-05,2.73164546e-04,4.24463099e-05,4.01737870e-09,1.49907587e-10,1.06749840e-06,3.47263430e-06,3.76775011e-05,1.13193688e-09,4.75161607e-11,1.10657686e-05,3.20161240e-05,8.46247552e-05,2.21965057e-04
6.72500000e+01,7.76222830e-06,6.85260578e-05,1.66962058e-04,2.34851942e-05,7.49279313e-09,3.07382102e-10,3.23903373e-05,9.14059561e-05,2.23999005e-03,1.90640651e-06,8.31576171e-07,9.50426601e-05,2.76118489e-04,4.07258916e-05,4.01737870e-09,1.49907587e-10,1.07051998e-06,3.48448009e-06,3.87063938e-05,1.13193688e-09,4.75161607e-11,1.09604710e-05,3.17272078e-05,8.58589095e-05,2.26260032e-04
6.73500000e+01,7.76222830e-06,6.73612042e-05,1.64119410e-04,2.31527821e-05,6.77191796e-09,3.07382102e-10,3.15638190e-05,8.88757768e-05,2.05501624e-03,1.90640651e-06,8.31576171e-07,9.41465978e-05,2.73466596e-04,4.28231113e-05,3.88657129e-09,1.49907587e-10,1.07063420e-06,3.48186465e-06,3.86149768e-05,1.13193688e-09,4.75161607e-11,1.08595617e-05,3.14589031e-05,8.15895562e-05,2.22569864e-04
6.74500000e+01,7.76222830e-06,6.66780859e-05,1.62447017e-04,2.26910797e-05,6.58359330e-09,3.07382102e-10,3.15389651e-05,8.82076651e-05,2.02899472e-03,1.90640651e-06,8.31576171e-07,8.97763587e-05,2.60863475e-04,3.92622088e-05,3.85317450e-09,1.49907587e-10,1.07265687e-06,3.48491709e-06,3.75759857e-05,1.13193688e-09,4.75161607e-11,1.07566839e-05,3.11609786e-05,7.90434883e-05,2.19235196e-04
6.75500000e+01,7.76222830e-06,6.69814039e-05,1.63207750e-04,2.26432034e-05,6.11393644e-09,3.07382102e-10,3.04813477e-05,8.52943568e-05,2.15168242e-03,1.90640651e-06,8.31576171e-07,9.02180340e-05,2.62185865e-04,4.19989838e-05,3.77146099e-09,1.49907587e-10,1.08137482e-06,3.51114376e-06,3.70474038e-05,1.13193688e-09,4.75161607e-11,1.08255997e-05,3.13502837e-05,7.95561043e-05,2.19568740e-04
6.76500000e+01,7.76222830e-06,6.72915826e-05,1.63961078e-04,2.33260312e-05,6.11393644e-09,3.07382102e-10,3.20450780e-05,8.95350894e-05,2.05114641e-03,1.90640651e-06,8.31576171e-07,9.06525642e-05,2.63416084e-04,4.35470899e-05,3.77146099e-09,1.49907587e-10,1.09208205e-06,3.54931609e-06,3.70498208e-05,1.13193688e-09,4.75161607e-11,1.07905065e-05,3.12545218e-05,7.99321328e-05,2.20383631e-04
6.77500000e+01,7.76222830e-06,6.65274418e-05,1.62090435e-04,2.29523852e-05,6.11393644e-09,3.07382102e-10,3.15023220e-05,8.80886628e-05,2.07855812e-03,1.90640651e-06,8.31576171e-07,8.61157290e-05,2.50417555e-04,3.77302972e-05,3.77146099e-09,1.49907587e-10,1.09181251e-06,3.54816136e-06,3.70320447e-05,1.13193688e-09,4.75161607e-11,1.06830901e-05,3.09491527e-05,7.78070999e-05,2.15591406e-04
6.78500000e+01,7.58673754e-06,6.60645815e-05,1.60939205e-04,2.27578555e-05,6.00569884e-09,3.00111619e-10,3.07324259e-05,8.59366929e-05,2.03660440e-03,1.86776083e-06,8.12344224e-07,8.53885755e-05,2.48303510e-04,3.82957346e-05,3.69899377e-09,1.46319869e-10,1.06019141e-06,3.44367591e-06,3.71833940e-05,1.10701719e-09,4.63855987e-11,1.05367437e-05,3.05191179e-05,7.90604681e-05,2.16079840e-04
6.79500000e+01,6.97578695e-06,6.49853309e-05,1.58291665e-04,2.23916900e-05,5.62888228e-09,2.74800283e-10,2.99569174e-05,8.35883592e-05,1.98714451e-03,1.73322038e-06,7.45390440e-07,8.41893483e-05,2.44765335e-04,3.62753235e-05,3.44670760e-09,1.33829647e-10,1.00862227e-06,3.27587107e-06,3.67248608e-05,1.02026219e-09,4.24496788e-11,1.00707711e-05,2.91902705e-05,7.46397876e-05,2.12558291e-04
6.80500000e+01,6.97578695e-06,6.54642843e-05,1.59464505e-04,2.24296858e-05,5.62888228e-09,2.74800283e-10,3.08100684e-05,8.58508073e-05,1.98370328e-03,1.73322038e-06,7.45390440e-07,8.50457166e-05,2.47252253e-04,3.59838407e-05,3.44670760e-09,1.33829647e-10,1.02957157e-06,3.34482787e-06,3.68412521e-05,1.02026219e-09,4.24496788e-11,1.02273257e-05,2.96514580e-05,7.39922406e-05,2.15631711e-04
6.81500000e+01,6.97578695e-06,6.52431769e-05,1.58949850e-04,2.24597541e-05,5.62888228e-09,2.74800283e-10,3.02437287e-05,8.41294583e-05,1.99132445e-03,1.73322038e-06,7.45390440e-07,8.66976687e-05,2.52061435e-04,3.58913398e-05,3.44670760e-09,1.33829647e-10,1.06365737e-06,3.45237055e-06,3.66275173e-05,1.02026219e-09,4.24496788e-11,1.04594500e-05,3.03048894e-05,7.48813788e-05,2.15795024e-04
6.82500000e+01,6.97578695e-06,6.54728685e-05,1.59504029e-04,2.21863987e-05,5.62888228e-09,2.74800283e-10,3.08745992e-05,8.57455427e-05,1.96406955e-03,1.73322038e-06,7.45390440e-07,8.52827104e-05,2.47897548e-04,3.67513895e-05,3.44670760e-09,1.33829647e-10,1.02584735e-06,3.33126133e-06,3.60417714e-05,1.02026219e-09,4.24496788e-11,1.03346198e-05,2.99347559e-05,7.62209620e-05,2.13800629e-04
6.83500000e+01,6.97578695e-06,6.61622912e-05,1.61168207e-04,2.22434955e-05,5.62888228e-09,2.74800283e-10,3.01929148e-05,8.39065729e-05,2.06595460e-03,1.73322038e-06,7.45390440e-07,8.76120936e-05,2.54579800e-04,3.77490925e-05,3.44670760e-09,1.33829647e-10,1.02474118e-06,3.32717372e-06,3.55709455e-05,1.02026219e-09,4.24496788e-11,1.05273555e-05,3.04677238e-05,7.92138350e-05,2.15350957e-04
6.84500000e+01,6.97578695e-06,6.52309572e-05,1.58908170e-04,2.18190603e-05,5.62888228e-09,2.74800283e-10,2.98086732e-05,8.29134201e-05,2.13305187e-03,1.73322038e-06,7.45390440e-07,8.42442829e-05,2.44919430e-04,3.61580356e-05,3.44670760e-09,1.33829647e-10,1.01954214e-06,3.31003602e-06,3.54567113e-05,1.02026219e-09,4.24496788e-11,1.04694153e-05,3.02883827e-05,7.93938036e-05,2.13329650e-04
6.85500000e+01,6.63724252e-06,6.27109010e-05,1.52779758e-04,2.11357591e-05,5.57485771e-09,2.60243435e-10,3.03098449e-05,8.42721559e-05,1.85544218e-03,1.69904965e-06,7.07911273e-07,8.18527322e-05,2.38035828e-04,3.52764353e-05,3.38764214e-09,1.26476346e-10,1.00222958e-06,3.25638658e-06,3.44651605e-05,9.72839808e-10,4.01638768e-11,1.02335780e-05,2.96440443e-05,7.40194750e-05,2.06309236e-04
6.86500000e+01,6.36622814e-06,6.33078492e-05,1.54231458e-04,2.12916626e-05,5.60148921e-09,2.48584144e-10,3.08904085e-05,8.58514124e-05,1.90620525e-03,1.68982488e-06,6.77892378e-07,8.14474751e-05,2.36883205e-04,3.54035222e-05,3.37679095e-09,1.20586729e-10,1.00514966e-06,3.26646654e-06,3.48201698e-05,9.35119138e-10,3.83330665e-11,1.02515034e-05,2.96977643e-05,7.33613909e-05,2.06306817e-04
6.87500000e+01,6.36857552e-06,6.37283075e-05,1.55260986e-04,2.12999689e-05,6.69028476e-09,2.48584144e-10,3.25405668e-05,9.04854630e-05,1.94623791e-03,1.97751132e-06,6.77892378e-07,8.21268935e-05,2.38868560e-04,3.54861159e-05,3.94668633e-09,1.20586729e-10,1.02941541e-06,3.34777121e-06,3.48629625e-05,9.39416759e-10,3.83330665e-11,1.03662342e-05,3.00307230e-05,7.51551450e-05,2.07017061e-04
6.88500000e+01,6.32215788e-06,6.29665754e-05,1.53385075e-04,2.10273951e-05,7.02244977e-09,2.46337024e-10,3.12994440e-05,8.72816046e-05,1.95677011e-03,2.06269908e-06,6.72526584e-07,8.23664318e-05,2.39528180e-04,3.51190741e-05,4.11631436e-09,1.19382091e-10,1.00950474e-06,3.28336596e-06,3.47273890e-05,9.34205151e-10,3.79711300e-11,1.01869555e-05,2.95055261e-05,7.40409068e-05,2.05138049e-04
6.89500000e+01,6.30564146e-06,6.11995699e-05,1.49086681e-04,2.05532406e-05,7.01251359e-09,2.45550618e-10,2.93537692e-05,8.21602949e-05,1.90277620e-03,2.05917137e-06,6.70648763e-07,8.08733717e-05,2.35172778e-04,3.51495163e-05,4.10963214e-09,1.18960514e-10,1.00603976e-06,3.27039913e-06,3.39573010e-05,9.31883235e-10,3.78444662e-11,1.01788285e-05,2.94906882e-05,7.16199801e-05,2.01099091e-04
6.90500000e+01,6.30564146e-06,6.13779402e-05,1.49507247e-04,2.06762477e-05,7.01251359e-09,2.45550618e-10,2.87279513e-05,8.05083307e-05,1.91908254e-03,2.05917137e-06,6.70648763e-07,8.11427045e-05,2.35867182e-04,3.55569361e-05,4.10963214e-09,1.18960514e-10,9.84148944e-07,3.19962421e-06,3.47444445e-05,9.31883235e-10,3.78444662e-11,9.90492279e-06,2.86976391e-05,7.22839408e-05,2.02187146e-04
6.91500000e+01,6.30564146e-06,6.21514920e-05,1.51383554e-04,2.08824078e-05,7.01251359e-09,2.45550618e-10,2.92156469e-05,8.17039085e-05,1.92041897e-03,2.05917137e-06,6.70648763e-07,8.16912195e-05,2.37451981e-04,3.45440059e-05,4.10963214e-09,1.18960514e-10,9.51747499e-07,3.09348618e-06,3.54281097e-05,9.31883235e-10,3.78444662e-11,9.76775451e-06,2.82990391e-05,7.31793095e-05,2.05020552e-04
6.92500000e+01,6.30564146e-06,6.05670766e-05,1.47535280e-04,2.02305579e-05,7.01251359e-09,2.45550618e-10,2.89627034e-05,8.11244074e-05,1.86543991e-03,2.05917137e-06,6.70648763e-07,8.02853060e-05,2.33389942e-04,3.45446240e-05,4.10963214e-09,1.18960514e-10,9.34698679e-07,3.03953213e-06,3.41724989e-05,9.31883235e-10,3.78444662e-11,9.62971754e-06,2.78995085e-05,7.20348536e-05,2.00637975e-04
6.93500000e+01,6.30873430e-06,5.99197990e-05,1.45960145e-04,2.01886306e-05,7.01443543e-09,2.45672941e-10,2.94873308e-05,8.25488721e-05,1.87714807e-03,2.05985869e-06,6.70983849e-07,7.90697932e-05,2.29897925e-04,3.43042960e-05,4.11091716e-09,1.19018969e-10,9.24728995e-07,3.00860998e-06,3.30300795e-05,9.32323751e-10,3.78632384e-11,9.53058223e-06,2.76263934e-05,7.00379248e-05,1.97460685e-04
6.94500000e+01,6.34144608e-06,5.81851070e-05,1.41754995e-04,1.94944265e-05,7.03476196e-09,2.46966702e-10,3.20775852e-05,8.93064342e-05,1.76987456e-03,2.06712818e-06,6.74527917e-07,7.66449068e-05,2.22947680e-04,3.26562607e-05,4.12450827e-09,1.19637223e-10,9.22571948e-07,3.00479242e-06,3.19765047e-05,9.36982917e-10,3.80617841e-11,9.48079433e-06,2.74794274e-05,7.02209062e-05,1.92248428e-04
6.95500000e+01,6.34144608e-06,5.91244977e-05,1.44026595e-04,1.98023688e-05,7.03476196e-09,2.46966702e-10,3.46872075e-05,9.60249333e-05,1.81515356e-03,2.06712818e-06,6.74527917e-07,7.79855512e-05,2.26815128e-04,3.35832965e-05,4.12450827e-09,1.19637223e-10,9.42293242e-07,3.07060340e-06,3.22890695e-05,9.36982917e-10,3.80617841e-11,9.50706698e-06,2.75662057e-05,6.94623358e-05,1.95156805e-04
6.96500000e+01,6.34138057e-06,5.86404677e-05,1.42852977e-04,1.99533513e-05,7.13405222e-09,2.46920382e-10,3.10336314e-05,8.64577362e-05,1.81628945e-03,2.06716048e-06,6.74491795e-07,7.68031720e-05,2.23380985e-04,3.25973693e-05,4.13753571e-09,1.19600058e-10,9.05921664e-07,2.94820812e-06,3.23392422e-05,9.36983611e-10,3.80527125e-11,9.35444550e-06,2.71242982e-05,6.79900045e-05,1.95886136e-04
6.97500000e+01,6.34136698e-06,5.90494671e-05,1.43852180e-04,2.00401147e-05,7.14129231e-09,2.46910779e-10,2.95398711e-05,8.25501351e-05,1.76961121e-03,2.06716718e-06,6.74484306e-07,7.69875588e-05,2.23942419e-04,3.19003808e-05,4.13848877e-09,1.19592352e-10,9.16428140e-07,2.98073267e-06,3.23286850e-05,9.36983755e-10,3.80508318e-11,9.50710277e-06,2.75582149e-05,6.87427941e-05,1.94586743e-04
6.98500000e+01,6.34138575e-06,5.89601973e-05,1.43616492e-04,2.00684894e-05,7.15584019e-09,2.46910779e-10,2.89942240e-05,8.17262595e-05,1.84888728e-03,2.07051747e-06,6.74484306e-07,7.60773770e-05,2.21297366e-04,3.17369265e-05,4.14590490e-09,1.19592352e-10,8.83118345e-07,2.87709704e-06,3.24888049e-05,9.37020441e-10,3.80508318e-11,9.40870166e-06,2.72951824e-05,6.89155566e-05,1.95067755e-04
6.99500000e+01,6.34173657e-06,5.82358117e-05,1.41873602e-04,2.00708219e-05,7.42778839e-09,2.46910779e-10,3.02344251e-05,8.52787682e-05,1.73858845e-03,2.13314563e-06,6.74484306e-07,7.54672951e-05,2.19579469e-04,3.10704599e-05,4.28453698e-09,1.19592352e-10,9.06862232e-07,2.95768398e-06,3.20397187e-05,9.37706216e-10,3.80508318e-11,9.43160179e-06,2.73745717e-05,6.87844219e-05,1.92770147e-04
7.00500000e+01,5.70390681e-06,5.86810480e-05,1.42978297e-04,2.02609634e-05,7.01012587e-09,2.27140294e-10,3.12137057e-05,8.75729868e-05,1.74095145e-03,1.98287712e-06,6.10628283e-07,7.62543497e-05,2.21872997e-04,3.16354170e-05,4.00852112e-09,1.11162647e-10,9.50793993e-07,3.10030908e-06,3.21248337e-05,8.45686566e-10,3.51726320e-11,9.57917456e-06,2.77974578e-05,7.01666350e-05,1.93988223e-04
7.01500000e+01,4.94527314e-06,5.76462914e-05,1.40438367e-04,1.98524514e-05,6.51335875e-09,2.03625311e-10,3.31241560e-05,9.24737515e-05,1.74887652e-03,1.80414800e-06,5.34678032e-07,7.52858545e-05,2.19061930e-04,3.00907410e-05,3.68022831e-09,1.01136368e-10,9.25098526e-07,3.02051350e-06,3.18172642e-05,7.36238544e-10,3.17493059e-11,9.43170524e-06,2.73763734e-05,6.92715263e-05,1.91185835e-04
7.02500000e+01,4.94527314e-06,5.73480987e-05,1.39692977e-04,1.96428716e-05,6.51335875e-09,2.03625311e-10,3.50413100e-05,9.77827164e-05,1.74312778e-03,1.80414800e-06,5.34678032e-07,7.54674834e-05,2.19572663e-04,3.21071965e-05,3.68022831e-09,1.01136368e-10,9.24966302e-07,3.02518908e-06,3.19752894e-05,7.36238544e-10,3.17493059e-11,9.34851600e-06,2.71499729e-05,6.94149884e-05,1.90851286e-04
7.03500000e+01,4.34499139e-06,5.86365963e-05,1.42829292e-04,2.04051049e-05,6.14521287e-09,1.77904199e-10,3.28010890e-05,9.08541574e-05,1.76781302e-03,1.67286976e-06,4.68328081e-07,7.64927327e-05,2.22513005e-04,3.39580475e-05,3.43349919e-09,8.81644450e-11,9.20817846e-07,2.99973637e-06,3.24361578e-05,6.51193807e-10,2.77131599e-11,9.49870563e-06,2.75339045e-05,7.11010531e-05,1.92834817e-04
7.04500000e+01,4.32389980e-06,5.89193509e-05,1.43511159e-04,2.05305203e-05,4.80023445e-09,1.77128755e-10,3.15715337e-05,8.68686762e-05,1.79079183e-03,1.30244696e-06,4.66327754e-07,7.75173552e-05,2.25427877e-04,3.50828722e-05,2.71868017e-09,8.77733657e-11,9.06180961e-07,2.94626151e-06,3.24487400e-05,6.43149037e-10,2.75914776e-11,9.44264341e-06,2.73677321e-05,6.89822261e-05,1.92040895e-04
7.05500000e+01,4.32378279e-06,5.74932371e-05,1.40026953e-04,1.97796146e-05,4.78837150e-09,1.77128755e-10,2.86114235e-05,7.89719007e-05,1.81120066e-03,1.28935490e-06,4.66327754e-07,7.49963265e-05,2.18149289e-04,3.28512612e-05,2.70604366e-09,8.77733657e-11,8.70735816e-07,2.82695260e-06,3.22146554e-05,6.42937520e-10,2.75914776e-11,9.24381946e-06,2.67840595e-05,6.76507565e-05,1.88197516e-04
7.06500000e+01,4.32378168e-06,5.79091849e-05,1.41048593e-04,1.97679048e-05,4.78925635e-09,1.77128755e-10,2.75580480e-05,7.62743453e-05,1.86969102e-03,1.28947049e-06,4.66327754e-07,7.44665690e-05,2.16598263e-04,3.13973118e-05,2.70645927e-09,8.77733657e-11,8.48735827e-07,2.75470970e-06,3.23603165e-05,6.42936047e-10,2.75914776e-11,9.18895553e-06,2.66257687e-05,6.79698084e-05,1.91186778e-04
7.07500000e+01,4.32378168e-06,5.69357194e-05,1.38676239e-04,1.95830773e-05,4.78925635e-09,1.77128755e-10,2.65506655e-05,7.36867105e-05,1.80095001e-03,1.28947049e-06,4.66327754e-07,7.36583851e-05,2.14209105e-04,3.16091149e-05,2.70645927e-09,8.77733657e-11,8.28413602e-07,2.68967476e-06,3.14000053e-05,6.42936047e-10,2.75914776e-11,8.92813577e-06,2.58710945e-05,6.59270960e-05,1.86650235e-04
7.08500000e+01,4.32378168e-06,5.63647705e-05,1.37273611e-04,1.95324668e-05,4.78925635e-09,1.77128755e-10,2.55448851e-05,7.10471198e-05,1.82924613e-03,1.28947049e-06,4.66327754e-07,7.33038309e-05,2.13133645e-04,3.19657258e-05,2.70645927e-09,8.77733657e-11,8.13508920e-07,2.64062953e-06,3.13068640e-05,6.42936047e-10,2.75914776e-11,8.76953729e-06,2.54117699e-05,6.58410629e-05,1.84875664e-04
7.09500000e+01,4.32378168e-06,5.77874281e-05,1.40722040e-04,2.16126375e-05,4.78925635e-09,1.77128755e-10,2.50952488e-05,6.98862673e-05,1.89180011e-03,1.28947049e-06,4.66327754e-07,7.38438807e-05,2.14664020e-04,3.22547182e-05,2.70645927e-09,8.77733657e-11,7.98009580e-07,2.59024821e-06,3.14481596e-05,6.42936047e-10,2.75914776e-11,8.69419779e-06,2.51948142e-05,6.86430367e-05,1.88478296e-04
7.10500000e+01,4.32378168e-06,5.69188236e-05,1.38597390e-04,1.95941742e-05,4.78925635e-09,1.77128755e-10,2.44626599e-05,6.80825171e-05,1.83227608e-03,1.28947049e-06,4.66327754e-07,7.37344550e-05,2.14382267e-04,3.24940636e-05,2.70645927e-09,8.77733657e-11,8.18535839e-07,2.65517744e-06,3.12609626e-05,6.42936047e-10,2.75914776e-11,8.76287838e-06,2.53741409e-05,6.71268092e-05,1.87108457e-04
7.11500000e+01,4.32378168e-06,5.60297584e-05,1.36442040e-04,1.92553564e-05,4.78925635e-09,1.77128755e-10,2.45750281e-05,6.83449073e-05,1.82851105e-03,1.28947049e-06,4.66327754e-07,7.37210849e-05,2.14350132e-04,3.22806673e-05,2.70645927e-09,8.77733657e-11,8.10127880e-07,2.62788486e-06,3.07646963e-05,6.42936047e-10,2.75914776e-11,8.77704743e-06,2.54059121e-05,6.71070099e-05,1.85914795e-04
7.12500000e+01,4.32378168e-06,5.51330562e-05,1.34255480e-04,1.87350181e-05,6.35288510e-09,1.77128755e-10,2.57817933e-05,7.24735715e-05,1.80027419e-03,1.28947049e-06,4.66327754e-07,7.09002672e-05,2.06219931e-04,2.99447372e-05,2.87542827e-09,8.77733657e-11,7.96827419e-07,2.59263563e-06,3.05350003e-05,6.42936047e-10,2.75914776e-11,8.68915389e-06,2.51839663e-05,6.60347880e-05,1.82424257e-04
7.13500000e+01,4.32378168e-06,5.48857291e-05,1.33666583e-04,1.85652139e-05,6.05766109e-09,1.77128755e-10,2.56591572e-05,7.21043503e-05,1.81221318e-03,1.28921773e-06,4.66327754e-07,7.12265327e-05,2.07171183e-04,3.00917303e-05,2.75358513e-09,8.77733657e-11,7.94996506e-07,2.58633315e-06,3.04633076e-05,6.42936047e-10,2.75914776e-11,8.72556110e-06,2.52846555e-05,6.62040174e-05,1.80948936e-04
7.14500000e+01,4.32378168e-06,5.50881135e-05,1.34164730e-04,1.86778019e-05,6.00702417e-09,1.77128755e-10,2.67441123e-05,7.49504561e-05,1.78475650e-03,1.28910052e-06,4.66327754e-07,7.09605008e-05,2.06406936e-04,3.02902026e-05,2.74046001e-09,8.77733657e-11,7.96897194e-07,2.59406859e-06,3.04466407e-05,6.42936047e-10,2.75914776e-11,8.73127466e-06,2.52866188e-05,6.91056290e-05,1.81096873e-04
7.15500000e+01,4.32378168e-06,5.50401201e-05,1.34049949e-04,1.86248947e-05,6.14308429e-09,1.77128755e-10,2.86615690e-05,8.00253953e-05,2.01121241e-03,1.28910052e-06,4.66327754e-07,7.12433998e-05,2.07236717e-04,3.01412904e-05,2.76494453e-09,8.77733657e-11,8.11768319e-07,2.64483639e-06,3.05959711e-05,6.42936047e-10,2.75914776e-11,8.77492379e-06,2.54168049e-05,6.96686740e-05,1.81321991e-04
7.16500000e+01,4.32378168e-06,5.53663457e-05,1.34839549e-04,1.88916469e-05,6.14308429e-09,1.77128755e-10,3.00344357e-05,8.36246742e-05,1.80895788e-03,1.28910052e-06,4.66327754e-07,7.11578383e-05,2.06969028e-04,3.00980776e-05,2.76494453e-09,8.77733657e-11,8.22285818e-07,2.68086093e-06,3.04563971e-05,6.42936047e-10,2.75914776e-11,8.77962155e-06,2.54412445e-05,6.90988776e-05,1.80434274e-04
7.17500000e+01,4.14636625e-06,5.55335347e-05,1.35266620e-04,1.89308599e-05,6.03440451e-09,1.69475015e-10,3.99316110e-05,1.09323167e-04,1.74983488e-03,1.25035625e-06,4.46683423e-07,7.08117523e-05,2.06063090e-04,2.95335655e-05,2.69209284e-09,8.38969310e-11,9.19220648e-07,3.00274025e-06,3.11228276e-05,6.17812638e-10,2.63883105e-11,9.27696158e-06,2.68936078e-05,6.89105474e-05,1.81502155e-04
7.18500000e+01,3.69514213e-06,5.54567063e-05,1.35034120e-04,1.90590043e-05,5.31664904e-09,1.50009108e-10,2.88973143e-05,8.01134923e-05,1.74614831e-03,1.15181717e-06,3.96721615e-07,7.17628784e-05,2.08748198e-04,2.97736656e-05,2.42738548e-09,7.40379197e-11,8.21517963e-07,2.67401109e-06,3.05144595e-05,5.53915785e-10,2.33282724e-11,8.71396866e-06,2.52552328e-05,6.61082731e-05,1.82411236e-04
7.19500000e+01,3.69514213e-06,5.44120682e-05,1.32491224e-04,1.88199399e-05,5.20543092e-09,1.50009108e-10,2.66407000e-05,7.40628853e-05,1.70435986e-03,1.16135764e-06,3.96721615e-07,7.16972324e-05,2.08524801e-04,2.98320354e-05,2.42888985e-09,7.40379197e-11,7.87045225e-07,2.55946795e-06,3.00472749e-05,5.53915785e-10,2.33282724e-11,8.38475504e-06,2.43055501e-05,6.31029673e-05,1.80533569e-04
7.20500000e+01,3.69514213e-06,5.45394997e-05,1.32801347e-04,1.89075796e-05,5.48552365e-09,1.50009108e-10,2.54138033e-05,7.08301839e-05,1.66391124e-03,1.19720662e-06,3.96721615e-07,7.07412607e-05,2.05757510e-04,2.97435286e-05,2.56015079e-09,7.40379197e-11,7.70583071e-07,2.50421285e-06,3.00757547e-05,5.53915785e-10,2.33282724e-11,8.39604225e-06,2.43359168e-05,6.37994729e-05,1.81440646e-04
7.21500000e+01,3.69514213e-06,5.50293427e-05,1.33987289e-04,1.89999086e-05,5.48299517e-09,1.50009108e-10,2.71147624e-05,7.51674431e-05,1.76403336e-03,1.19711746e-06,3.96721615e-07,7.08858280e-05,2.06178082e-04,3.10022554e-05,2.55907500e-09,7.40379197e-11,7.91462171e-07,2.57205655e-06,3.10444987e-05,5.53915785e-10,2.33282724e-11,8.46418727e-06,2.45360259e-05,6.32749415e-05,1.83824271e-04
7.22500000e+01,3.69514213e-06,5.46168275e-05,1.33006396e-04,1.88334391e-05,5.44463288e-09,1.50009108e-10,3.41534956e-05,9.40395420e-05,1.74481464e-03,1.19576468e-06,3.96721615e-07,7.25596840e-05,2.11045182e-04,3.06965818e-05,2.54275302e-09,7.40379197e-11,8.45505967e-07,2.75947210e-06,3.11614965e-05,5.53915785e-10,2.33282724e-11,8.68146619e-06,2.51951901e-05,6.24029541e-05,1.81230660e-04
7.23500000e+01,3.69514213e-06,5.35335583e-05,1.30354479e-04,1.83523796e-05,5.44463288e-09,1.50009108e-10,2.76711177e-05,7.69116497e-05,1.63373663e-03,1.19576468e-06,3.96721615e-07,7.11310135e-05,2.06859550e-04,2.95021635e-05,2.54275302e-09,7.40379197e-11,7.90379332e-07,2.57340093e-06,2.98749594e-05,5.53915785e-10,2.33282724e-11,8.31131638e-06,2.41020081e-05,6.14898726e-05,1.76421632e-04
7.24500000e+01,3.69514213e-06,5.28434240e-05,1.28681141e-04,1.78916185e-05,5.51864984e-09,1.50009108e-10,2.48019902e-05,6.92408953e-05,1.61628019e-03,1.19576468e-06,3.96721615e-07,6.94555305e-05,2.01992933e-04,2.86913233e-05,2.55457869e-09,7.40379197e-11,7.57012495e-07,2.46161769e-06,2.88682160e-05,5.53915785e-10,2.33282724e-11,8.14725660e-06,2.36188154e-05,6.02358625e-05,1.73819486e-04
7.25500000e+01,3.69514213e-06,5.19146573e-05,1.26439721e-04,1.74064294e-05,5.19527645e-09,1.50009108e-10,3.40174883e-05,9.28707665e-05,1.60386385e-03,1.19576468e-06,3.96721615e-07,6.88696406e-05,2.00345829e-04,2.87364163e-05,2.50316408e-09,7.40379197e-11,8.65311538e-07,2.82107122e-06,2.82923707e-05,5.53915785e-10,2.33282724e-11,8.53144066e-06,2.47335819e-05,6.00767398e-05,1.69225512e-04
7.26500000e+01,3.69514213e-06,5.19813989e-05,1.26571877e-04,1.73186518e-05,5.19527645e-09,1.50009108e-10,2.61430140e-05,7.27132890e-05,1.57991238e-03,1.19576468e-06,3.96721615e-07,6.87113798e-05,1.99819620e-04,2.87806280e-05,2.50316408e-09,7.40379197e-11,7.74516011e-07,2.52041568e-06,2.87596005e-05,5.53915785e-10,2.33282724e-11,8.16667623e-06,2.36688120e-05,6.62513550e-05,1.71393019e-04
7.27500000e+01,3.69514213e-06,5.17776695e-05,1.26085336e-04,1.71465238e-05,5.19527645e-09,1.50009108e-10,2.64135632e-05,7.34827715e-05,1.58605493e-03,1.19576468e-06,3.96721615e-07,6.85185115e-05,1.99283022e-04,2.86334362e-05,2.50316408e-09,7.40379197e-11,7.66607282e-07,2.49584431e-06,2.83227161e-05,5.53915785e-10,2.33282724e-11,8.25005165e-06,2.39052896e-05,6.31754423e-05,1.69075331e-04
7.28500000e+01,3.69514213e-06,5.13039585e-05,1.24928190e-04,1.71059011e-05,5.19527645e-09,1.50009108e-10,2.72127870e-05,7.56960644e-05,1.62648898e-03,1.19576468e-06,3.96721615e-07,6.80581981e-05,1.97951476e-04,2.80269007e-05,2.50316408e-09,7.40379197e-11,7.73095914e-07,2.51968486e-06,2.78437341e-05,5.53915785e-10,2.33282724e-11,8.25030436e-06,2.39191769e-05,5.88344390e-05,1.66592727e-04
7.29500000e+01,3.69514213e-06,5.22264176e-05,1.27199066e-04,1.72677416e-05,5.19527645e-09,1.50009108e-10,3.72380460e-05,1.02375468e-04,1.64120045e-03,1.19576468e-06,3.96721615e-07,6.90514263e-05,2.00919753e-04,2.79755077e-05,2.50316408e-09,7.40379197e-11,8.60621554e-07,2.81771230e-06,2.84271205e-05,5.53915785e-10,2.33282724e-11,8.63324883e-06,2.50625851e-05,5.93867969e-05,1.69614672e-04
7.30500000e+01,3.69514213e-06,5.18853393e-05,1.26341993e-04,1.72651011e-05,5.19527645e-09,1.50009108e-10,2.74761946e-05,7.64357090e-05,1.60514926e-03,1.19576468e-06,3.96721615e-07,6.91804264e-05,2.01214711e-04,2.81977029e-05,2.50316408e-09,7.40379197e-11,7.93490807e-07,2.58662523e-06,2.80011155e-05,5.53915785e-10,2.33282724e-11,8.27820678e-06,2.39975034e-05,6.21486885e-05,1.68383085e-04
7.31500000e+01,3.69514213e-06,5.26731083e-05,1.28262099e-04,1.78373832e-05,4.57884411e-09,1.50009108e-10,2.65532390e-05,7.36531342e-05,1.64373090e-03,1.19576468e-06,3.96721615e-07,6.99605969e-05,2.03484342e-04,2.85049120e-05,2.43907663e-09,7.40379197e-11,7.86777371e-07,2.56063538e-06,2.87558225e-05,5.53915785e-10,2.33282724e-11,8.43068746e-06,2.44298980e-05,6.38862852e-05,1.72384203e-04
7.32500000e+01,3.69527437e-06,5.29133149e-05,1.28845042e-04,1.77659584e-05,4.52632150e-09,1.50009108e-10,2.60185646e-05,7.21316786e-05,1.67046648e-03,1.21312249e-06,3.96721615e-07,6.94102813e-05,2.01949308e-04,2.81194803e-05,2.46181285e-09,7.40379197e-11,8.00567145e-07,2.60326274e-06,2.87056011e-05,5.54160436e-10,2.33282724e-11,8.46647375e-06,2.45301933e-05,6.37546094e-05,1.72130526e-04
7.33500000e+01,3.68927616e-06,5.29072007e-05,1.28814281e-04,1.79146750e-05,4.55372245e-09,1.49739097e-10,2.53570806e-05,7.03411805e-05,1.64562862e-03,1.21977529e-06,3.96045016e-07,6.79702828e-05,1.97772376e-04,2.68292441e-05,2.47551043e-09,7.38984459e-11,7.72051104e-07,2.50952575e-06,2.85749187e-05,5.53416715e-10,2.32854714e-11,8.25382484e-06,2.39157470e-05,6.28180450e-05,1.69633293e-04
7.34500000e+01,3.67319853e-06,5.16053810e-05,1.25657013e-04,1.73337320e-05,4.54392994e-09,1.49022605e-10,2.61431024e-05,7.23608680e-05,1.61700003e-03,1.21628877e-06,3.94249620e-07,6.70247546e-05,1.95016851e-04,2.58892477e-05,2.46893947e-09,7.35283442e-11,7.54830008e-07,2.45486147e-06,2.80353410e-05,5.51145247e-10,2.31718964e-11,8.06862150e-06,2.33822792e-05,6.20336505e-05,1.67894930e-04
7.35500000e+01,3.67319853e-06,5.06024044e-05,1.23231481e-04,1.70010785e-05,4.54392994e-09,1.49022605e-10,2.30723648e-05,6.42988710e-05,1.55225329e-03,1.21628877e-06,3.94249620e-07,6.63712026e-05,1.93117758e-04,2.57924630e-05,2.46893947e-09,7.35283442e-11,7.69818320e-07,2.49990815e-06,2.79048234e-05,5.51145247e-10,2.31718964e-11,8.09031964e-06,2.34435210e-05,5.92869032e-05,1.65515372e-04
7.36500000e+01,3.67319853e-06,4.95953328e-05,1.20754573e-04,1.67470010e-05,4.54392994e-09,1.49022605e-10,2.23204014e-05,6.23238752e-05,1.57854967e-03,1.21628877e-06,3.94249620e-07,6.51318120e-05,1.89462240e-04,2.58959511e-05,2.46893947e-09,7.35283442e-11,7.12919445e-07,2.31549834e-06,2.78673120e-05,5.51145247e-10,2.31718964e-11,7.70805508e-06,2.23350844e-05,5.68984770e-05,1.63274332e-04
7.37500000e+01,3.67319853e-06,5.00237848e-05,1.21795899e-04,1.68188886e-05,4.54392994e-09,1.49022605e-10,2.17405337e-05,6.07839847e-05,1.60695034e-03,1.21628877e-06,3.94249620e-07,6.59343623e-05,1.91780270e-04,2.62924803e-05,2.46893947e-09,7.35283442e-11,7.02736969e-07,2.28140436e-06,2.78761812e-05,5.51145247e-10,2.31718964e-11,7.74931374e-06,2.24542102e-05,5.75780750e-05,1.64781400e-04
7.38500000e+01,3.67319853e-06,4.98260891e-05,1.21327076e-04,1.67518794e-05,4.83946632e-09,1.49022605e-10,2.17122920e-05,6.08247745e-05,1.62584941e-03,1.21628877e-06,3.94249620e-07,6.56013960e-05,1.90834839e-04,2.70706677e-05,2.50205591e-09,7.35283442e-11,7.03382838e-07,2.28356705e-06,2.80785412e-05,5.51145247e-10,2.31718964e-11,7.75065075e-06,2.24582743e-05,5.80957805e-05,1.66450084e-04
7.39500000e+01,3.67319853e-06,5.07282429e-05,1.23529383e-04,1.71873684e-05,4.25933075e-09,1.49022605e-10,2.17185808e-05,6.04468752e-05,1.60637660e-03,1.21628877e-06,3.94249620e-07,6.71059772e-05,1.95163905e-04,2.74206054e-05,2.43826711e-09,7.35283442e-11,7.41447759e-07,2.40516083e-06,2.82574848e-05,5.51145247e-10,2.31718964e-11,7.89530153e-06,2.28572871e-05,5.83486449e-05,1.68078148e-04
7.40500000e+01,3.67319853e-06,5.03068927e-05,1.22500054e-04,1.71067535e-05,4.01225155e-09,1.49022605e-10,2.15556020e-05,5.98518205e-05,1.60473692e-03,1.21628877e-06,3.94249620e-07,6.66355690e-05,1.93778136e-04,2.81423789e-05,2.41095796e-09,7.35283442e-11,7.37425492e-07,2.39160072e-06,2.77148135e-05,5.51145247e-10,2.31718964e-11,7.84829063e-06,2.27175152e-05,5.75259576e-05,1.65685917e-04
7.41500000e+01,3.67319853e-06,4.98967281e-05,1.21496903e-04,1.70025978e-05,4.01225155e-09,1.49022605e-10,2.09198486e-05,5.81590512e-05,1.62784163e-03,1.21628877e-06,3.94249620e-07,6.55946988e-05,1.90753631e-04,2.65345784e-05,2.41095796e-09,7.35283442e-11,7.01225077e-07,2.27322062e-06,2.74624892e-05,5.51145247e-10,2.31718964e-11,7.69233643e-06,2.22630542e-05,5.74961498e-05,1.63539308e-04
7.42500000e+01,3.67319853e-06,4.94089351e-05,1.20302484e-04,1.67099662e-05,4.01225155e-09,1.49022605e-10,2.06298927e-05,5.72810231e-05,1.57149152e-03,1.21628877e-06,3.94249620e-07,6.52988704e-05,1.89866034e-04,2.65052019e-05,2.41095796e-09,7.35283442e-11,6.83750658e-07,2.21516637e-06,2.71325251e-05,5.51145247e-10,2.31718964e-11,7.58661545e-06,2.19615050e-05,5.66360497e-05,1.61916938e-04
7.43500000e+01,3.67319853e-06,4.98157902e-05,1.21300140e-04,1.68865812e-05,4.01225155e-09,1.49022605e-10,2.08691868e-05,5.79145521e-05,1.60393861e-03,1.21628877e-06,3.94249620e-07,6.57019792e-05,1.91023320e-04,2.69350579e-05,2.41095796e-09,7.35283442e-11,6.88574611e-07,2.23061489e-06,2.73866430e-05,5.51145247e-10,2.31718964e-11,7.63312260e-06,2.21011869e-05,5.68174253e-05,1.62304099e-04
7.44500000e+01,3.67496367e-06,5.00458947e-05,1.21864418e-04,1.70134829e-05,4.01334490e-09,1.49093831e-10,2.10416017e-05,5.84019868e-05,1.55031057e-03,1.21667952e-06,3.94441798e-07,6.66493785e-05,1.93736043e-04,2.78228811e-05,2.41168943e-09,7.35628675e-11,6.99061001e-07,2.26448452e-06,2.76517769e-05,5.51396333e-10,2.31828906e-11,7.69972455e-06,2.23006271e-05,5.68481986e-05,1.62902696e-04
7.45500000e+01,3.68618821e-06,5.02299494e-05,1.22307859e-04,1.69170955e-05,4.02029756e-09,1.49546759e-10,2.15341974e-05,5.97015920e-05,1.57744367e-03,1.21916430e-06,3.95663859e-07,6.60466992e-05,1.91969963e-04,2.73428944e-05,2.41634085e-09,7.37824009e-11,7.06039632e-07,2.29007925e-06,2.73414909e-05,5.52992991e-10,2.32528024e-11,7.56711155e-06,2.19127607e-05,5.67473113e-05,1.61830639e-04
7.46500000e+01,3.68618821e-06,5.09338285e-05,1.24017910e-04,1.72382829e-05,4.02029756e-09,1.49546759e-10,2.08397138e-05,5.78543221e-05,1.68526870e-03,1.21916430e-06,3.95663859e-07,6.67129275e-05,1.93900218e-04,2.78892135e-05,2.41634085e-09,7.37824009e-11,7.02214184e-07,2.27686018e-06,2.77572722e-05,5.52992991e-10,2.32528024e-11,7.52228460e-06,2.17770156e-05,5.67590356e-05,1.64278639e-04
7.47500000e+01,3.68618821e-06,4.99795669e-05,1.21694002e-04,1.69052227e-05,4.02029756e-09,1.49546759e-10,2.07767711e-05,5.76594824e-05,1.60202424e-03,1.21916430e-06,3.95663859e-07,6.59245074e-05,1.91614843e-04,2.72749895e-05,2.41634085e-09,7.37824009e-11,7.00666881e-07,2.27180915e-06,2.73706826e-05,5.52992991e-10,2.32528024e-11,7.47313395e-06,2.16309357e-05,5.62347422e-05,1.61744528e-04
7.48500000e+01,3.58111517e-06,5.04501535e-05,1.22845405e-04,1.72194439e-05,3.95590331e-09,1.45025872e-10,2.30290331e-05,6.35421484e-05,1.60840152e-03,1.19620542e-06,3.84037600e-07,6.65057282e-05,1.93343495e-04,2.67781885e-05,2.37317874e-09,7.14964587e-11,7.34959618e-07,2.38463093e-06,2.75742928e-05,5.38111081e-10,2.25426130e-11,7.67835982e-06,2.22310879e-05,5.63656457e-05,1.62893162e-04
7.49500000e+01,3.01608745e-06,5.17454460e-05,1.25994268e-04,1.78467287e-05,3.62537673e-09,1.20714917e-10,2.32011627e-05,6.37320393e-05,1.75643590e-03,1.07311448e-06,3.21517670e-07,6.64003334e-05,1.93052937e-04,2.75874429e-05,2.14763769e-09,5.92038600e-11,7.39788208e-07,2.39685621e-06,2.93301482e-05,4.58083972e-10,1.87235869e-11,7.64514966e-06,2.21285914e-05,5.83593579e-05,1.69193304e-04
7.50500000e+01,3.01608745e-06,5.13801889e-05,1.25104624e-04,1.76617192e-05,3.67095386e-09,1.20714917e-10,2.29917191e-05,6.31884973e-05,1.60034386e-03,1.07418455e-06,3.21517670e-07,6.56106361e-05,1.90693900e-04,2.82172188e-05,2.16662473e-09,5.92038600e-11,7.24683037e-07,2.34856249e-06,2.90476616e-05,4.58083972e-10,1.87235869e-11,7.43317298e-06,2.15190208e-05,5.72048639e-05,1.65063186e-04
7.51500000e+01,3.01608745e-06,5.02530975e-05,1.22351927e-04,1.70966342e-05,3.67095386e-09,1.20714917e-10,2.51335735e-05,6.87977082e-05,1.61012014e-03,1.07418455e-06,3.21517670e-07,6.34035298e-05,1.84380179e-04,2.56437144e-05,2.16662473e-09,5.92038600e-11,7.22816133e-07,2.34585537e-06,2.76476022e-05,4.58083972e-10,1.87235869e-11,7.37224520e-06,2.13459042e-05,5.61447333e-05,1.60867348e-04
7.52500000e+01,3.01608745e-06,4.97619985e-05,1.21154497e-04,1.68603879e-05,3.67095386e-09,1.20714917e-10,2.56643142e-05,7.01384162e-05,1.58430934e-03,1.07418455e-06,3.21517670e-07,6.27400175e-05,1.82484667e-04,2.49746951e-05,2.16662473e-09,5.92038600e-11,7.19183171e-07,2.33493152e-06,2.70911825e-05,4.58083972e-10,1.87235869e-11,7.32989447e-06,2.12241346e-05,5.55954885e-05,1.59157925e-04
7.53500000e+01,3.01608745e-06,5.04423825e-05,1.22825575e-04,1.74883451e-05,3.67095386e-09,1.20714917e-10,2.68937482e-05,7.35286738e-05,1.63502015e-03,1.07418455e-06,3.21517670e-07,6.37503259e-05,1.85433256e-04,2.53368372e-05,2.16662473e-09,5.92038600e-11,7.32394738e-07,2.38013874e-06,2.76379240e-05,4.58083972e-10,1.87235869e-11,7.49432082e-06,2.17074830e-05,5.67380853e-05,1.62438976e-04
7.54500000e+01,3.01608745e-06,4.85467688e-05,1.18220059e-04,1.64110775e-05,3.67095386e-09,1.20714917e-10,2.57332881e-05,7.05339297e-05,1.54358019e-03,1.07418455e-06,3.21517670e-07,6.33712121e-05,1.84300388e-04,2.51412749e-05,2.16662473e-09,5.92038600e-11,6.99671713e-07,2.27436315e-06,2.66901318e-05,4.58083972e-10,1.87235869e-11,7.25249762e-06,2.10059508e-05,5.47848037e-05,1.57812129e-04
7.55500000e+01,3.01608745e-06,4.77077521e-05,1.16172930e-04,1.60999782e-05,3.67095386e-09,1.20714917e-10,2.52290368e-05,6.92217962e-05,1.49306527e-03,1.07418455e-06,3.21517670e-07,6.30942030e-05,1.83443327e-04,2.63957838e-05,2.16662473e-09,5.92038600e-11,6.87676113e-07,2.23535426e-06,2.64389864e-05,4.58083972e-10,1.87235869e-11,7.16013559e-06,2.07364875e-05,5.45798464e-05,1.55285845e-04
7.56500000e+01,3.01608745e-06,4.78414975e-05,1.16508972e-04,1.62303985e-05,3.67095386e-09,1.20714917e-10,2.90041927e-05,7.96699037e-05,1.49498545e-03,1.07418455e-06,3.21517670e-07,6.24082673e-05,1.81466879e-04,2.60077757e-05,2.16662473e-09,5.92038600e-11,7.30350182e-07,2.38320533e-06,2.62728513e-05,4.58083972e-10,1.87235869e-11,7.35221278e-06,2.13207315e-05,5.50474699e-05,1.54892416e-04
7.57500000e+01,3.01608745e-06,4.74921281e-05,1.15644155e-04,1.61350170e-05,3.67095386e-09,1.20714917e-10,2.75120296e-05,7.52002963e-05,1.53632136e-03,1.07418455e-06,3.21517670e-07,6.14715752e-05,1.78754244e-04,2.52525777e-05,2.16662473e-09,5.92038600e-11,7.17038200e-07,2.33392749e-06,2.62078512e-05,4.58083972e-10,1.87235869e-11,7.17331626e-06,2.07818949e-05,5.39633917e-05,1.53124381e-04
7.58500000e+01,3.25265853e-06,4.83749299e-05,1.17785349e-04,1.64553886e-05,3.82043715e-09,1.29060013e-10,2.66097685e-05,7.28045231e-05,1.56067317e-03,1.12784119e-06,3.46477036e-07,6.26165127e-05,1.82048141e-04,2.59969164e-05,2.26628262e-09,6.28441393e-11,7.15191554e-07,2.32538257e-06,2.66987591e-05,4.92010857e-10,1.99588539e-11,7.21146804e-06,2.08869598e-05,5.44169683e-05,1.55988116e-04
7.59500000e+01,2.69965023e-06,4.85578401e-05,1.18236098e-04,1.62985917e-05,3.48051070e-09,1.05906332e-10,2.36794665e-05,6.49821494e-05,1.63793609e-03,1.00632075e-06,2.85711925e-07,6.22754876e-05,1.81077135e-04,2.59944845e-05,2.03825146e-09,5.13389527e-11,6.83358529e-07,2.21890704e-06,2.66135385e-05,4.13539347e-10,1.63480415e-11,7.13562800e-06,2.06608640e-05,5.44400202e-05,1.56407550e-04
7.60500000e+01,2.69965023e-06,4.91231214e-05,1.19617450e-04,1.62460613e-05,3.48421799e-09,1.05906332e-10,2.13152438e-05,5.86059107e-05,1.64079973e-03,1.00632075e-06,2.85711925e-07,6.17757302e-05,1.79616426e-04,2.56248567e-05,2.03825146e-09,5.13389527e-11,6.81725988e-07,2.20812946e-06,2.69105844e-05,4.13539347e-10,1.63480415e-11,7.24839649e-06,2.09776270e-05,5.46945957e-05,1.57209736e-04
7.61500000e+01,2.69965023e-06,4.90406288e-05,1.19392497e-04,1.64631450e-05,3.48421799e-09,1.05906332e-10,2.01956247e-05,5.55766860e-05,1.61570411e-03,1.00632075e-06,2.85711925e-07,6.18551852e-05,1.79828987e-04,2.52795104e-05,2.03825146e-09,5.13389527e-11,6.56066906e-07,2.12394010e-06,2.67290887e-05,4.13539347e-10,1.63480415e-11,7.08189016e-06,2.04639420e-05,5.84160934e-05,1.57027669e-04
7.62500000e+01,2.69965023e-06,4.87512480e-05,1.18686057e-04,1.65692083e-05,3.48421799e-09,1.05906332e-10,1.98015721e-05,5.45353182e-05,1.55306198e-03,1.00632075e-06,2.85711925e-07,6.15027029e-05,1.78815731e-04,2.51056428e-05,2.03825146e-09,5.13389527e-11,6.59862217e-07,2.13587915e-06,2.67941490e-05,4.13539347e-10,1.63480415e-11,7.03445361e-06,2.03401128e-05,6.16035930e-05,1.56713772e-04
7.63500000e+01,2.69965023e-06,4.85608252e-05,1.18221650e-04,1.62476267e-05,3.48421799e-09,1.05906332e-10,2.00294941e-05,5.51196399e-05,1.50653404e-03,1.00632075e-06,2.85711925e-07,6.17504132e-05,1.79550978e-04,2.48194169e-05,2.03825146e-09,5.13389527e-11,6.81502482e-07,2.20593047e-06,2.66126063e-05,4.13539347e-10,1.63480415e-11,7.20706429e-06,2.08420233e-05,5.58575161e-05,1.57403201e-04
7.64500000e+01,2.69965023e-06,4.87218347e-05,1.18605978e-04,1.63861770e-05,3.59715586e-09,1.05906332e-10,2.08083625e-05,5.72842858e-05,1.49956619e-03,1.00893502e-06,2.85711925e-07,6.21436391e-05,1.80679860e-04,2.52528643e-05,2.08527230e-09,5.13389527e-11,6.84652725e-07,2.21781526e-06,2.68931791e-05,4.13539347e-10,1.63480415e-11,7.14224492e-06,2.06527104e-05,5.68678750e-05,1.58652065e-04
7.65500000e+01,2.69965023e-06,4.85133888e-05,1.18100955e-04,1.63423124e-05,3.61000574e-09,1.05906332e-10,2.09559749e-05,5.77222211e-05,1.54005867e-03,1.00923246e-06,2.85711925e-07,6.16367738e-05,1.79204523e-04,2.58121308e-05,2.09062225e-09,5.13389527e-11,6.87531862e-07,2.22793061e-06,2.67302083e-05,4.13539347e-10,1.63480415e-11,7.17534775e-06,2.07500731e-05,5.66229988e-05,1.57206934e-04
7.66500000e+01,2.69965023e-06,4.88513381e-05,1.18928561e-04,1.65202717e-05,3.61000574e-09,1.05906332e-10,2.12889820e-05,5.86491312e-05,1.62272154e-03,1.00923246e-06,2.85711925e-07,6.23296668e-05,1.81187984e-04,2.69433935e-05,2.09062225e-09,5.13389527e-11,6.83609831e-07,2.21609420e-06,2.68921346e-05,4.13539347e-10,1.63480415e-11,7.15903049e-06,2.07032034e-05,5.75530601e-05,1.59022079e-04
7.67500000e+01,2.69964942e-06,4.85014036e-05,1.18083140e-04,1.63455454e-05,3.60960398e-09,1.05906332e-10,2.21925105e-05,6.14532917e-05,1.46493585e-03,1.00912848e-06,2.85711925e-07,6.21681583e-05,1.80682444e-04,2.69633949e-05,2.09041283e-09,5.13389527e-11,6.79437024e-07,2.20705415e-06,2.70546840e-05,4.13537853e-10,1.63480415e-11,7.13094464e-06,2.06412299e-05,5.74810182e-05,1.58474441e-04
7.68500000e+01,2.69875104e-06,4.88516674e-05,1.18917543e-04,1.68115159e-05,3.16446263e-09,1.05906332e-10,2.19604543e-05,6.04337969e-05,1.49776046e-03,8.93913974e-07,2.85711925e-07,6.60091135e-05,1.91612353e-04,3.05962213e-05,1.85838397e-09,5.13389527e-11,6.78231512e-07,2.20006431e-06,2.74923466e-05,4.11881761e-10,1.63480415e-11,7.15161453e-06,2.06790119e-05,5.93563542e-05,1.60980847e-04
7.69500000e+01,3.26289125e-06,4.83709807e-05,1.17776994e-04,1.64725795e-05,3.52037113e-09,1.26033639e-10,2.24430607e-05,6.20373988e-05,1.55215410e-03,1.02162309e-06,3.45382140e-07,6.35126057e-05,1.84618413e-04,2.67062209e-05,2.09572653e-09,6.02063744e-11,6.91864191e-07,2.24530798e-06,2.73536249e-05,4.92733573e-10,1.93387808e-11,7.33583287e-06,2.12192397e-05,6.42350594e-05,1.59167140e-04
7.70500000e+01,4.24995800e-06,4.80719617e-05,1.17038579e-04,1.65084323e-05,4.14309831e-09,1.61250053e-10,2.20030407e-05,6.14653346e-05,1.59872063e-03,1.24507362e-06,4.49786125e-07,6.11313471e-05,1.77711462e-04,2.61428053e-05,2.51100085e-09,7.57215546e-11,6.45023689e-07,2.09773347e-06,2.69945016e-05,6.34198644e-10,2.45716278e-11,7.01772600e-06,2.03170532e-05,6.60733291e-05,1.58736704e-04
7.71500000e+01,4.24995800e-06,4.85479200e-05,1.18192805e-04,1.66756781e-05,4.14309831e-09,1.61250053e-10,2.01312669e-05,5.63380614e-05,1.62723684e-03,1.24507362e-06,4.49786125e-07,6.24748305e-05,1.81588154e-04,2.60746459e-05,2.51100085e-09,7.57215546e-11,6.34559393e-07,2.05962970e-06,2.71667115e-05,6.34198644e-10,2.45716278e-11,6.92102651e-06,2.00279877e-05,5.99681152e-05,1.58248306e-04
7.72500000e+01,4.24995800e-06,4.89734598e-05,1.19215978e-04,1.69609277e-05,4.14309831e-09,1.61250053e-10,1.91990303e-05,5.36615396e-05,1.68009098e-03,1.24507362e-06,4.49786125e-07,6.68769368e-05,1.94298366e-04,2.67098376e-05,2.51100085e-09,7.57215546e-11,6.31271861e-07,2.04496384e-06,2.79428709e-05,6.34198644e-10,2.45716278e-11,6.94872138e-06,2.00998979e-05,5.97900997e-05,1.62106704e-04
7.73500000e+01,4.24995800e-06,4.81992942e-05,1.17340927e-04,1.66248295e-05,4.14309831e-09,1.61250053e-10,1.89002841e-05,5.28640937e-05,1.55200010e-03,1.24507362e-06,4.49786125e-07,6.33698880e-05,1.84152180e-04,2.55370332e-05,2.51100085e-09,7.57215546e-11,6.09900952e-07,1.97661067e-06,2.70844456e-05,6.34198644e-10,2.45716278e-11,6.82929698e-06,1.97516863e-05,5.81660443e-05,1.59378469e-04
7.74500000e+01,4.24995800e-06,4.78888923e-05,1.16595355e-04,1.64622444e-05,4.14309831e-09,1.61250053e-10,2.19284473e-05,6.12712042e-05,1.58310140e-03,1.24507362e-06,4.49786125e-07,6.05058316e-05,1.75870304e-04,2.51011772e-05,2.51100085e-09,7.57215546e-11,6.32269570e-07,2.05690384e-06,2.72741773e-05,6.34198644e-10,2.45716278e-11,6.88650262e-06,1.99415908e-05,5.78310217e-05,1.58138350e-04
7.75500000e+01,4.25635165e-06,4.76401939e-05,1.15981612e-04,1.63516238e-05,4.15242764e-09,1.61250053e-10,1.89220452e-05,5.28588978e-05,1.53326912e-03,1.24966303e-06,4.49786125e-07,6.05271926e-05,1.75887748e-04,2.51634941e-05,2.51817066e-09,7.57215546e-11,6.06120321e-07,1.96437340e-06,2.68423514e-05,6.35631473e-10,2.45716278e-11,6.81446109e-06,1.97033994e-05,5.91201435e-05,1.57371915e-04
7.76500000e+01,4.59432339e-06,4.74579109e-05,1.15550399e-04,1.61932920e-05,4.75766704e-09,1.61250053e-10,2.04931225e-05,5.73581125e-05,1.52063670e-03,1.49226186e-06,4.49786125e-07,6.05318792e-05,1.75927492e-04,2.50620000e-05,2.89717070e-09,7.57215546e-11,6.18715943e-07,2.00931674e-06,2.68652090e-05,7.11371592e-10,2.45716278e-11,6.87577457e-06,1.98958092e-05,5.84870532e-05,1.56957730e-04
7.77500000e+01,4.00253663e-06,4.78243537e-05,1.16442235e-04,1.64437676e-05,4.38714540e-09,1.38792457e-10,2.05818543e-05,5.72300343e-05,1.54748364e-03,1.35973431e-06,3.86299666e-07,6.03835330e-05,1.75477000e-04,2.53117359e-05,2.65001356e-09,6.53154210e-11,6.23620356e-07,2.02308757e-06,2.72135090e-05,6.26865626e-10,2.11677446e-11,6.86411542e-06,1.98564806e-05,5.85317786e-05,1.57726157e-04
7.78500000e+01,2.41383723e-06,4.74096156e-05,1.15431281e-04,1.62094996e-05,3.39370462e-09,7.85032251e-11,1.87093097e-05,5.14337934e-05,1.57678532e-03,1.00395336e-06,2.15865132e-07,5.98783818e-05,1.73977168e-04,2.59375929e-05,1.98650023e-09,3.73793138e-11,6.10245545e-07,1.97313635e-06,2.72437909e-05,4.00002528e-10,1.20297451e-11,6.73425935e-06,1.94627927e-05,5.85279688e-05,1.58930438e-04
7.79500000e+01,2.45670558e-06,4.79102876e-05,1.16630543e-04,1.63109149e-05,3.49964765e-09,7.85032251e-11,1.75725964e-05,4.84554222e-05,1.58176424e-03,1.04806577e-06,2.15865132e-07,6.04887952e-05,1.75705894e-04,2.56583542e-05,2.05183104e-09,3.73793138e-11,5.96593325e-07,1.92757511e-06,2.74494658e-05,4.12329380e-10,1.20297451e-11,6.64474603e-06,1.92045848e-05,5.82719295e-05,1.58056719e-04
7.80500000e+01,2.67492400e-06,4.88770162e-05,1.18994727e-04,1.64635304e-05,4.08718042e-09,7.85032251e-11,1.77590816e-05,4.91462608e-05,1.58309074e-03,1.27290621e-06,2.15865132e-07,6.09039127e-05,1.76911675e-04,2.69677479e-05,2.40299778e-09,3.73793138e-11,6.28101826e-07,2.03060603e-06,2.71960133e-05,4.75078384e-10,1.20297451e-11,6.79268485e-06,1.96392468e-05,5.81187658e-05,1.57906281e-04
7.81500000e+01,2.67492400e-06,4.83936144e-05,1.17820590e-04,1.62380209e-05,4.30628194e-09,7.85032251e-11,1.80540084e-05,5.01605776e-05,1.56463158e-03,1.27422002e-06,2.15865132e-07,5.97048455e-05,1.73434117e-04,2.67050767e-05,2.48750388e-09,3.73793138e-11,6.04224194e-07,1.95629855e-06,2.67190720e-05,4.75078384e-10,1.20297451e-11,6.66063602e-06,1.92643374e-05,5.87241807e-05,1.56498853e-04
7.82500000e+01,2.67492400e-06,4.85621357e-05,1.18235505e-04,1.63659659e-05,4.30628194e-09,7.85032251e-11,1.91583108e-05,5.32218088e-05,1.75653996e-03,1.27422002e-06,2.15865132e-07,6.05175475e-05,1.75812348e-04,2.76959504e-05,2.48750388e-09,3.73793138e-11,6.13103923e-07,1.98781971e-06,2.66462655e-05,4.75078384e-10,1.20297451e-11,6.65474111e-06,1.92570305e-05,5.83728714e-05,1.58516106e-04
7.83500000e+01,2.67492400e-06,4.95289460e-05,1.20571074e-04,1.65939290e-05,4.26748942e-09,7.85032251e-11,1.92537289e-05,5.34823884e-05,1.57952934e-03,1.27398740e-06,2.15865132e-07,6.06384274e-05,1.76198181e-04,2.72925649e-05,2.47254185e-09,3.73793138e-11,6.26595001e-07,2.03153460e-06,2.62834361e-05,4.75078384e-10,1.20297451e-11,6.78233916e-06,1.96332058e-05,5.64159585e-05,1.57819450e-04
7.84500000e+01,2.67492400e-06,4.79843453e-05,1.16842585e-04,1.62411956e-05,4.03894348e-09,7.85032251e-11,1.82822787e-05,5.07751974e-05,1.49858859e-03,1.27261696e-06,2.15865132e-07,5.89486300e-05,1.71323662e-04,2.64099117e-05,2.38439309e-09,3.73793138e-11,6.14264959e-07,1.99009819e-06,2.57031933e-05,4.75078384e-10,1.20297451e-11,6.67827562e-06,1.93265907e-05,5.53611190e-05,1.52458762e-04
7.85500000e+01,2.67492400e-06,4.74986042e-05,1.15660350e-04,1.62015405e-05,4.03894348e-09,7.85032251e-11,1.75745659e-05,4.88515531e-05,1.47055810e-03,1.27261696e-06,2.15865132e-07,5.83811592e-05,1.69664367e-04,2.59195027e-05,2.38439309e-09,3.73793138e-11,5.90274753e-07,1.91126629e-06,2.57250516e-05,4.75078384e-10,1.20297451e-11,6.61945005e-06,1.91564288e-05,5.51715356e-05,1.52817596e-04
7.86500000e+01,2.67492400e-06,4.90463625e-05,1.19431885e-04,1.72959291e-05,4.03894348e-09,7.85032251e-11,1.75659940e-05,4.88021546e-05,1.56800901e-03,1.27261696e-06,2.15865132e-07,5.96066553e-05,1.73230981e-04,2.70649432e-05,2.38439309e-09,3.73793138e-11,6.09936257e-07,1.97337488e-06,2.62357033e-05,4.75078384e-10,1.20297451e-11,6.86746529e-06,1.98707228e-05,5.63951959e-05,1.56623038e-04
7.87500000e+01,2.67492400e-06,4.76263850e-05,1.15971090e-04,1.61716011e-05,4.03894348e-09,7.85032251e-11,1.77220046e-05,4.92073640e-05,1.56038372e-03,1.27261696e-06,2.15865132e-07,5.94810105e-05,1.72821160e-04,2.74768161e-05,2.38439309e-09,3.73793138e-11,6.04361294e-07,1.95597737e-06,2.58568661e-05,4.75078384e-10,1.20297451e-11,6.72262233e-06,1.94431059e-05,5.59691678e-05,1.53590564e-04
7.88500000e+01,2.63377158e-06,4.79910719e-05,1.16850073e-04,1.64576849e-05,3.93724112e-09,7.85032251e-11,1.75684759e-05,4.87814530e-05,1.55758989e-03,1.23027029e-06,2.15865132e-07,6.00903111e-05,1.74504189e-04,2.82768246e-05,2.32167734e-09,3.73793138e-11,5.78106096e-07,1.87165742e-06,2.59596264e-05,4.63244951e-10,1.20297451e-11,6.73793663e-06,1.94597134e-05,5.95526198e-05,1.54014030e-04
7.89500000e+01,2.41383723e-06,4.80047247e-05,1.16872748e-04,1.64576027e-05,3.39370462e-09,7.85032251e-11,1.70228238e-05,4.71800228e-05,1.46071634e-03,1.00395336e-06,2.15865132e-07,5.97823536e-05,1.73576145e-04,2.91876252e-05,1.98650023e-09,3.73793138e-11,5.69405226e-07,1.84245873e-06,2.56579059e-05,4.00002528e-10,1.20297451e-11,6.75680228e-06,1.95039043e-05,5.99148344e-05,1.52457893e-04
7.90500000e+01,2.25353131e-06,4.76349822e-05,1.15955252e-04,1.63618335e-05,3.29359910e-09,7.23644442e-11,1.72772711e-05,4.77979630e-05,1.45710526e-03,9.68113017e-07,1.98630881e-07,5.96496543e-05,1.73195108e-04,2.92625005e-05,1.91962401e-09,3.45149659e-11,5.71839153e-07,1.85071479e-06,2.57631979e-05,3.77123857e-10,1.10967036e-11,6.70426252e-06,1.93822224e-05,5.71460981e-05,1.51788196e-04
7.91500000e+01,2.00101896e-06,4.72594568e-05,1.15040144e-04,1.62837902e-05,3.13591383e-09,6.26946950e-11,1.68868475e-05,4.66120212e-05,1.60219664e-03,9.11657647e-07,1.71483652e-07,6.01374303e-05,1.74638109e-04,2.78071140e-05,1.81428123e-09,3.00030724e-11,5.66665446e-07,1.83233675e-06,2.58286221e-05,3.41085592e-10,9.62698563e-12,6.70954771e-06,1.93920327e-05,5.71802757e-05,1.52532927e-04
7.92500000e+01,2.00101896e-06,4.69960212e-05,1.14404993e-04,1.60545663e-05,3.13591383e-09,6.26946950e-11,1.70115657e-05,4.68292073e-05,1.53428138e-03,9.11657647e-07,1.71483652e-07,6.05959456e-05,1.75959485e-04,2.79892072e-05,1.81428123e-09,3.00030724e-11,5.68058709e-07,1.83611463e-06,2.57856272e-05,3.41085592e-10,9.62698563e-12,6.36953249e-06,1.84042087e-05,5.62945937e-05,1.52265012e-04
7.93500000e+01,2.00101896e-06,4.62156566e-05,1.12510966e-04,1.58484712e-05,3.13591383e-09,6.26946950e-11,1.71785594e-05,4.72604807e-05,1.49085894e-03,9.11657647e-07,1.71483652e-07,6.01045287e-05,1.74497666e-04,2.85863265e-05,1.81428123e-09,3.00030724e-11,5.65344462e-07,1.82816460e-06,2.52361950e-05,3.41085592e-10,9.62698563e-12,6.35097336e-06,1.83467768e-05,5.58849644e-05,1.50667594e-04
7.94500000e+01,2.00101896e-06,4.55393101e-05,1.10868454e-04,1.55998279e-05,3.13591383e-09,6.26946950e-11,1.76938674e-05,4.86104762e-05,1.49694325e-03,9.11657647e-07,1.71483652e-07,5.84948036e-05,1.69886263e-04,2.72927525e-05,1.81428123e-09,3.00030724e-11,5.64951900e-07,1.82782420e-06,2.49452435e-05,3.41085592e-10,9.62698563e-12,6.28231348e-06,1.81616687e-05,5.38876642e-05,1.49104948e-04
7.95500000e+01,2.00101896e-06,4.64205961e-05,1.13012034e-04,1.57956111e-05,3.13591383e-09,6.26946950e-11,1.73519539e-05,4.76930930e-05,1.51444756e-03,9.11657647e-07,1.71483652e-07,5.86762391e-05,1.70467633e-04,2.72513094e-05,1.81428123e-09,3.00030724e-11,5.77436954e-07,1.86678499e-06,2.51722823e-05,3.41085592e-10,9.62698563e-12,6.42158905e-06,1.85678709e-05,5.38145992e-05,1.51095987e-04
7.96500000e+01,2.00101896e-06,4.65176721e-05,1.13252835e-04,1.58972173e-05,3.13435962e-09,6.26946950e-11,1.71963742e-05,4.72348534e-05,1.56445213e-03,9.11657647e-07,1.71483652e-07,5.86895668e-05,1.70471845e-04,2.86336615e-05,1.81428123e-09,3.00030724e-11,5.93193797e-07,1.91641350e-06,2.57651508e-05,3.41085592e-10,9.62698563e-12,6.49576316e-06,1.87757724e-05,5.51065434e-05,1.51049910e-04
7.97500000e+01,2.00101896e-06,4.64661578e-05,1.13118602e-04,1.58179202e-05,3.13424697e-09,6.26946950e-11,1.78796349e-05,4.91917576e-05,1.52441113e-03,9.11657647e-07,1.71483652e-07,5.82483360e-05,1.69237051e-04,2.66236955e-05,1.81428123e-09,3.00030724e-11,5.70843064e-07,1.84802142e-06,2.50577580e-05,3.41085592e-10,9.62698563e-12,6.34266454e-06,1.83433004e-05,5.41912697e-05,1.49024151e-04
7.98500000e+01,2.00101896e-06,4.72008676e-05,1.14902943e-04,1.60145862e-05,3.13424697e-09,6.26946950e-11,1.75353868e-05,4.82949044e-05,1.69576802e-03,9.11657647e-07,1.71483652e-07,5.94510438e-05,1.72728165e-04,2.73094963e-05,1.81428123e-09,3.00030724e-11,5.75173891e-07,1.86094944e-06,2.56881643e-05,3.41085592e-10,9.62698563e-12,6.40209036e-06,1.85128143e-05,5.54891549e-05,1.51450380e-04
7.99500000e+01,2.00101896e-06,4.68889388e-05,1.14132566e-04,1.61558677e-05,2.94273482e-09,6.26946950e-11,1.82688616e-05,5.01324718e-05,1.75536299e-03,9.06147104e-07,1.71483652e-07,5.85780047e-05,1.70218286e-04,2.63781769e-05,1.73373491e-09,3.00030724e-11,5.77949348e-07,1.87034174e-06,2.57803395e-05,3.41085592e-10,9.62698563e-12,6.42595547e-06,1.85736067e-05,5.62763411e-05,1.51219616e-04
8.00500000e+01,4.00203789e-06,3.49615840e-21,8.51667244e-21,1.13517333e-21,5.78967267e-25,0.00000000e+00,1.88878364e-21,5.16878821e-21,1.09271171e-19,2.32090625e-22,0.00000000e+00,4.49954936e-21,1.31006056e-20,2.27076985e-21,3.62583589e-25,0.00000000e+00,5.73918612e-23,1.86237335e-22,1.93211097e-21,7.24594236e-26,0.00000000e+00,5.80843619e-22,1.67960390e-21,4.29667961e-21,3.04754478e-04
8.01500000e+01,4.00203789e-06,0.00000000e+00,0.00000000e+00,0.00000000e+00,0.00000000e+00,0.00000000e+00,0.00000000e+00,0.00000000e+00,0.00000000e+00,0.00000000e+00,0.00000000e+00,0.00000000e+00,0.00000000e+00,0.00000000e+00,0.00000000e+00,0.00000000e+00,0.00000000e+00,0.00000000e+00,0.00000000e+00,0.00000000e+00,0.00000000e+00,0.00000000e+00,0.00000000e+00,0.00000000e+00,3.01740764e-04
8.02500000e+01,4.00203789e-06,0.00000000e+00,0.00000000e+00,0.00000000e+00,0.00000000e+00,0.00000000e+00,0.00000000e+00,0.00000000e+00,0.00000000e+00,0.00000000e+00,0.00000000e+00,0.00000000e+00,0.00000000e+00,0.00000000e+00,0.00000000e+00,0.00000000e+00,0.00000000e+00,0.00000000e+00,0.00000000e+00,0.00000000e+00,0.00000000e+00,0.00000000e+00,0.00000000e+00,0.00000000e+00,3.04093841e-04
8.03500000e+01,4.01945905e-06,0.00000000e+00,0.00000000e+00,0.00000000e+00,0.00000000e+00,0.00000000e+00,0.00000000e+00,0.00000000e+00,0.00000000e+00,0.00000000e+00,0.00000000e+00,0.00000000e+00,0.00000000e+00,0.00000000e+00,0.00000000e+00,0.00000000e+00,0.00000000e+00,0.00000000e+00,0.00000000e+00,0.00000000e+00,0.00000000e+00,0.00000000e+00,0.00000000e+00,0.00000000e+00,3.02590139e-04
8.04500000e+01,4.03389838e-06,0.00000000e+00,0.00000000e+00,0.00000000e+00,0.00000000e+00,0.00000000e+00,0.00000000e+00,0.00000000e+00,0.00000000e+00,0.00000000e+00,0.00000000e+00,0.00000000e+00,0.00000000e+00,0.00000000e+00,0.00000000e+00,0.00000000e+00,0.00000000e+00,0.00000000e+00,0.00000000e+00,0.00000000e+00,0.00000000e+00,0.00000000e+00,0.00000000e+00,0.00000000e+00,2.96262716e-04
8.05500000e+01,4.03389838e-06,0.00000000e+00,0.00000000e+00,0.00000000e+00,0.00000000e+00,0.00000000e+00,0.00000000e+00,0.00000000e+00,0.00000000e+00,0.00000000e+00,0.00000000e+00,0.00000000e+00,0.00000000e+00,0.00000000e+00,0.00000000e+00,0.00000000e+00,0.00000000e+00,0.00000000e+00,0.00000000e+00,0.00000000e+00,0.00000000e+00,0.00000000e+00,0.00000000e+00,0.00000000e+00,2.98980478e-04
8.06500000e+01,4.03389838e-06,0.00000000e+00,0.00000000e+00,0.00000000e+00,0.00000000e+00,0.00000000e+00,0.00000000e+00,0.00000000e+00,0.00000000e+00,0.00000000e+00,0.00000000e+00,0.00000000e+00,0.00000000e+00,0.00000000e+00,0.00000000e+00,0.00000000e+00,0.00000000e+00,0.00000000e+00,0.00000000e+00,0.00000000e+00,0.00000000e+00,0.00000000e+00,0.00000000e+00,0.00000000e+00,2.99568268e-04
8.07500000e+01,4.03389838e-06,0.00000000e+00,0.00000000e+00,0.00000000e+00,0.00000000e+00,0.00000000e+00,0.00000000e+00,0.00000000e+00,0.00000000e+00,0.00000000e+00,0.00000000e+00,0.00000000e+00,0.00000000e+00,0.00000000e+00,0.00000000e+00,0.00000000e+00,0.00000000e+00,0.00000000e+00,0.00000000e+00,0.00000000e+00,0.00000000e+00,0.00000000e+00,0.00000000e+00,0.00000000e+00,3.01410129e-04
8.08500000e+01,4.03389838e-06,0.00000000e+00,0.00000000e+00,0.00000000e+00,0.00000000e+00,0.00000000e+00,0.00000000e+00,0.00000000e+00,0.00000000e+00,0.00000000e+00,0.00000000e+00,0.00000000e+00,0.00000000e+00,0.00000000e+00,0.00000000e+00,0.00000000e+00,0.00000000e+00,0.00000000e+00,0.00000000e+00,0.00000000e+00,0.00000000e+00,0.00000000e+00,0.00000000e+00,0.00000000e+00,3.01339283e-04
8.09500000e+01,4.03389838e-06,0.00000000e+00,0.00000000e+00,0.00000000e+00,0.00000000e+00,0.00000000e+00,0.00000000e+00,0.00000000e+00,0.00000000e+00,0.00000000e+00,0.00000000e+00,0.00000000e+00,0.00000000e+00,0.00000000e+00,0.00000000e+00,0.00000000e+00,0.00000000e+00,0.00000000e+00,0.00000000e+00,0.00000000e+00,0.00000000e+00,0.00000000e+00,0.00000000e+00,0.00000000e+00,2.99429586e-04
8.10500000e+01,4.03389838e-06,0.00000000e+00,0.00000000e+00,0.00000000e+00,0.00000000e+00,0.00000000e+00,0.00000000e+00,0.00000000e+00,0.00000000e+00,0.00000000e+00,0.00000000e+00,0.00000000e+00,0.00000000e+00,0.00000000e+00,0.00000000e+00,0.00000000e+00,0.00000000e+00,0.00000000e+00,0.00000000e+00,0.00000000e+00,0.00000000e+00,0.00000000e+00,0.00000000e+00,0.00000000e+00,3.04129428e-04
8.11500000e+01,4.03389838e-06,0.00000000e+00,0.00000000e+00,0.00000000e+00,0.00000000e+00,0.00000000e+00,0.00000000e+00,0.00000000e+00,0.00000000e+00,0.00000000e+00,0.00000000e+00,0.00000000e+00,0.00000000e+00,0.00000000e+00,0.00000000e+00,0.00000000e+00,0.00000000e+00,0.00000000e+00,0.00000000e+00,0.00000000e+00,0.00000000e+00,0.00000000e+00,0.00000000e+00,0.00000000e+00,3.01435643e-04
8.12500000e+01,4.12134198e-06,0.00000000e+00,0.00000000e+00,0.00000000e+00,0.00000000e+00,0.00000000e+00,0.00000000e+00,0.00000000e+00,0.00000000e+00,0.00000000e+00,0.00000000e+00,0.00000000e+00,0.00000000e+00,0.00000000e+00,0.00000000e+00,0.00000000e+00,0.00000000e+00,0.00000000e+00,0.00000000e+00,0.00000000e+00,0.00000000e+00,0.00000000e+00,0.00000000e+00,0.00000000e+00,3.00620034e-04
8.13500000e+01,4.26394365e-06,0.00000000e+00,0.00000000e+00,0.00000000e+00,0.00000000e+00,0.00000000e+00,0.00000000e+00,0.00000000e+00,0.00000000e+00,0.00000000e+00,0.00000000e+00,0.00000000e+00,0.00000000e+00,0.00000000e+00,0.00000000e+00,0.00000000e+00,0.00000000e+00,0.00000000e+00,0.00000000e+00,0.00000000e+00,0.00000000e+00,0.00000000e+00,0.00000000e+00,0.00000000e+00,2.98662767e-04
8.14500000e+01,4.26394365e-06,0.00000000e+00,0.00000000e+00,0.00000000e+00,0.00000000e+00,0.00000000e+00,0.00000000e+00,0.00000000e+00,0.00000000e+00,0.00000000e+00,0.00000000e+00,0.00000000e+00,0.00000000e+00,0.00000000e+00,0.00000000e+00,0.00000000e+00,0.00000000e+00,0.00000000e+00,0.00000000e+00,0.00000000e+00,0.00000000e+00,0.00000000e+00,0.00000000e+00,0.00000000e+00,2.95541390e-04
8.15500000e+01,4.26394365e-06,0.00000000e+00,0.00000000e+00,0.00000000e+00,0.00000000e+00,0.00000000e+00,0.00000000e+00,0.00000000e+00,0.00000000e+00,0.00000000e+00,0.00000000e+00,0.00000000e+00,0.00000000e+00,0.00000000e+00,0.00000000e+00,0.00000000e+00,0.00000000e+00,0.00000000e+00,0.00000000e+00,0.00000000e+00,0.00000000e+00,0.00000000e+00,0.00000000e+00,0.00000000e+00,3.00061784e-04
8.16500000e+01,4.26394365e-06,0.00000000e+00,0.00000000e+00,0.00000000e+00,0.00000000e+00,0.00000000e+00,0.00000000e+00,0.00000000e+00,0.00000000e+00,0.00000000e+00,0.00000000e+00,0.00000000e+00,0.00000000e+00,0.00000000e+00,0.00000000e+00,0.00000000e+00,0.00000000e+00,0.00000000e+00,0.00000000e+00,0.00000000e+00,0.00000000e+00,0.00000000e+00,0.00000000e+00,0.00000000e+00,2.97654556e-04
8.17500000e+01,4.26394365e-06,0.00000000e+00,0.00000000e+00,0.00000000e+00,0.00000000e+00,0.00000000e+00,0.00000000e+00,0.00000000e+00,0.00000000e+00,0.00000000e+00,0.00000000e+00,0.00000000e+00,0.00000000e+00,0.00000000e+00,0.00000000e+00,0.00000000e+00,0.00000000e+00,0.00000000e+00,0.00000000e+00,0.00000000e+00,0.00000000e+00,0.00000000e+00,0.00000000e+00,0.00000000e+00,2.91834117e-04
8.18500000e+01,4.26394365e-06,0.00000000e+00,0.00000000e+00,0.00000000e+00,0.00000000e+00,0.00000000e+00,0.00000000e+00,0.00000000e+00,0.00000000e+00,0.00000000e+00,0.00000000e+00,0.00000000e+00,0.00000000e+00,0.00000000e+00,0.00000000e+00,0.00000000e+00,0.00000000e+00,0.00000000e+00,0.00000000e+00,0.00000000e+00,0.00000000e+00,0.00000000e+00,0.00000000e+00,0.00000000e+00,2.90695393e-04
8.19500000e+01,4.26394365e-06,0.00000000e+00,0.00000000e+00,0.00000000e+00,0.00000000e+00,0.00000000e+00,0.00000000e+00,0.00000000e+00,0.00000000e+00,0.00000000e+00,0.00000000e+00,0.00000000e+00,0.00000000e+00,0.00000000e+00,0.00000000e+00,0.00000000e+00,0.00000000e+00,0.00000000e+00,0.00000000e+00,0.00000000e+00,0.00000000e+00,0.00000000e+00,0.00000000e+00,0.00000000e+00,2.83467616e-04
8.20500000e+01,4.26394365e-06,0.00000000e+00,0.00000000e+00,0.00000000e+00,0.00000000e+00,0.00000000e+00,0.00000000e+00,0.00000000e+00,0.00000000e+00,0.00000000e+00,0.00000000e+00,0.00000000e+00,0.00000000e+00,0.00000000e+00,0.00000000e+00,0.00000000e+00,0.00000000e+00,0.00000000e+00,0.00000000e+00,0.00000000e+00,0.00000000e+00,0.00000000e+00,0.00000000e+00,0.00000000e+00,2.87879961e-04
8.21500000e+01,4.26394365e-06,0.00000000e+00,0.00000000e+00,0.00000000e+00,0.00000000e+00,0.00000000e+00,0.00000000e+00,0.00000000e+00,0.00000000e+00,0.00000000e+00,0.00000000e+00,0.00000000e+00,0.00000000e+00,0.00000000e+00,0.00000000e+00,0.00000000e+00,0.00000000e+00,0.00000000e+00,0.00000000e+00,0.00000000e+00,0.00000000e+00,0.00000000e+00,0.00000000e+00,0.00000000e+00,2.84120061e-04
8.22500000e+01,4.26394365e-06,0.00000000e+00,0.00000000e+00,0.00000000e+00,0.00000000e+00,0.00000000e+00,0.00000000e+00,0.00000000e+00,0.00000000e+00,0.00000000e+00,0.00000000e+00,0.00000000e+00,0.00000000e+00,0.00000000e+00,0.00000000e+00,0.00000000e+00,0.00000000e+00,0.00000000e+00,0.00000000e+00,0.00000000e+00,0.00000000e+00,0.00000000e+00,0.00000000e+00,0.00000000e+00,2.85481052e-04
8.23500000e+01,4.26394365e-06,0.00000000e+00,0.00000000e+00,0.00000000e+00,0.00000000e+00,0.00000000e+00,0.00000000e+00,0.00000000e+00,0.00000000e+00,0.00000000e+00,0.00000000e+00,0.00000000e+00,0.00000000e+00,0.00000000e+00,0.00000000e+00,0.00000000e+00,0.00000000e+00,0.00000000e+00,0.00000000e+00,0.00000000e+00,0.00000000e+00,0.00000000e+00,0.00000000e+00,0.00000000e+00,2.88989461e-04
8.24500000e+01,4.26394365e-06,0.00000000e+00,0.00000000e+00,0.00000000e+00,0.00000000e+00,0.00000000e+00,0.00000000e+00,0.00000000e+00,0.00000000e+00,0.00000000e+00,0.00000000e+00,0.00000000e+00,0.00000000e+00,0.00000000e+00,0.00000000e+00,0.00000000e+00,0.00000000e+00,0.00000000e+00,0.00000000e+00,0.00000000e+00,0.00000000e+00,0.00000000e+00,0.00000000e+00,0.00000000e+00,2.90391335e-04
8.25500000e+01,4.26394365e-06,0.00000000e+00,0.00000000e+00,0.00000000e+00,0.00000000e+00,0.00000000e+00,0.00000000e+00,0.00000000e+00,0.00000000e+00,0.00000000e+00,0.00000000e+00,0.00000000e+00,0.00000000e+00,0.00000000e+00,0.00000000e+00,0.00000000e+00,0.00000000e+00,0.00000000e+00,0.00000000e+00,0.00000000e+00,0.00000000e+00,0.00000000e+00,0.00000000e+00,0.00000000e+00,2.88445433e-04
8.26500000e+01,4.26394365e-06,0.00000000e+00,0.00000000e+00,0.00000000e+00,0.00000000e+00,0.00000000e+00,0.00000000e+00,0.00000000e+00,0.00000000e+00,0.00000000e+00,0.00000000e+00,0.00000000e+00,0.00000000e+00,0.00000000e+00,0.00000000e+00,0.00000000e+00,0.00000000e+00,0.00000000e+00,0.00000000e+00,0.00000000e+00,0.00000000e+00,0.00000000e+00,0.00000000e+00,0.00000000e+00,2.86307259e-04
8.27500000e+01,4.26394365e-06,0.00000000e+00,0.00000000e+00,0.00000000e+00,0.00000000e+00,0.00000000e+00,0.00000000e+00,0.00000000e+00,0.00000000e+00,0.00000000e+00,0.00000000e+00,0.00000000e+00,0.00000000e+00,0.00000000e+00,0.00000000e+00,0.00000000e+00,0.00000000e+00,0.00000000e+00,0.00000000e+00,0.00000000e+00,0.00000000e+00,0.00000000e+00,0.00000000e+00,0.00000000e+00,2.81523606e-04
8.28500000e+01,4.26394365e-06,0.00000000e+00,0.00000000e+00,0.00000000e+00,0.00000000e+00,0.00000000e+00,0.00000000e+00,0.00000000e+00,0.00000000e+00,0.00000000e+00,0.00000000e+00,0.00000000e+00,0.00000000e+00,0.00000000e+00,0.00000000e+00,0.00000000e+00,0.00000000e+00,0.00000000e+00,0.00000000e+00,0.00000000e+00,0.00000000e+00,0.00000000e+00,0.00000000e+00,0.00000000e+00,2.80224378e-04
8.29500000e+01,1.83519227e-06,0.00000000e+00,0.00000000e+00,0.00000000e+00,0.00000000e+00,0.00000000e+00,0.00000000e+00,0.00000000e+00,0.00000000e+00,0.00000000e+00,0.00000000e+00,0.00000000e+00,0.00000000e+00,0.00000000e+00,0.00000000e+00,0.00000000e+00,0.00000000e+00,0.00000000e+00,0.00000000e+00,0.00000000e+00,0.00000000e+00,0.00000000e+00,0.00000000e+00,0.00000000e+00,2.85412732e-04
8.30500000e+01,1.12023152e-06,0.00000000e+00,0.00000000e+00,0.00000000e+00,0.00000000e+00,0.00000000e+00,0.00000000e+00,0.00000000e+00,0.00000000e+00,0.00000000e+00,0.00000000e+00,0.00000000e+00,0.00000000e+00,0.00000000e+00,0.00000000e+00,0.00000000e+00,0.00000000e+00,0.00000000e+00,0.00000000e+00,0.00000000e+00,0.00000000e+00,0.00000000e+00,0.00000000e+00,0.00000000e+00,2.85769946e-04
8.31500000e+01,1.03384242e-06,0.00000000e+00,0.00000000e+00,0.00000000e+00,0.00000000e+00,0.00000000e+00,0.00000000e+00,0.00000000e+00,0.00000000e+00,0.00000000e+00,0.00000000e+00,0.00000000e+00,0.00000000e+00,0.00000000e+00,0.00000000e+00,0.00000000e+00,0.00000000e+00,0.00000000e+00,0.00000000e+00,0.00000000e+00,0.00000000e+00,0.00000000e+00,0.00000000e+00,0.00000000e+00,2.81456185e-04
8.32500000e+01,9.98270135e-07,0.00000000e+00,0.00000000e+00,0.00000000e+00,0.00000000e+00,0.00000000e+00,0.00000000e+00,0.00000000e+00,0.00000000e+00,0.00000000e+00,0.00000000e+00,0.00000000e+00,0.00000000e+00,0.00000000e+00,0.00000000e+00,0.00000000e+00,0.00000000e+00,0.00000000e+00,0.00000000e+00,0.00000000e+00,0.00000000e+00,0.00000000e+00,0.00000000e+00,0.00000000e+00,2.77935317e-04
8.33500000e+01,9.98270135e-07,0.00000000e+00,0.00000000e+00,0.00000000e+00,0.00000000e+00,0.00000000e+00,0.00000000e+00,0.00000000e+00,0.00000000e+00,0.00000000e+00,0.00000000e+00,0.00000000e+00,0.00000000e+00,0.00000000e+00,0.00000000e+00,0.00000000e+00,0.00000000e+00,0.00000000e+00,0.00000000e+00,0.00000000e+00,0.00000000e+00,0.00000000e+00,0.00000000e+00,0.00000000e+00,2.78862058e-04
8.34500000e+01,9.98270135e-07,0.00000000e+00,0.00000000e+00,0.00000000e+00,0.00000000e+00,0.00000000e+00,0.00000000e+00,0.00000000e+00,0.00000000e+00,0.00000000e+00,0.00000000e+00,0.00000000e+00,0.00000000e+00,0.00000000e+00,0.00000000e+00,0.00000000e+00,0.00000000e+00,0.00000000e+00,0.00000000e+00,0.00000000e+00,0.00000000e+00,0.00000000e+00,0.00000000e+00,0.00000000e+00,2.78661149e-04
8.35500000e+01,9.98270135e-07,0.00000000e+00,0.00000000e+00,0.00000000e+00,0.00000000e+00,0.00000000e+00,0.00000000e+00,0.00000000e+00,0.00000000e+00,0.00000000e+00,0.00000000e+00,0.00000000e+00,0.00000000e+00,0.00000000e+00,0.00000000e+00,0.00000000e+00,0.00000000e+00,0.00000000e+00,0.00000000e+00,0.00000000e+00,0.00000000e+00,0.00000000e+00,0.00000000e+00,0.00000000e+00,2.73430396e-04
8.36500000e+01,9.98270135e-07,0.00000000e+00,0.00000000e+00,0.00000000e+00,0.00000000e+00,0.00000000e+00,0.00000000e+00,0.00000000e+00,0.00000000e+00,0.00000000e+00,0.00000000e+00,0.00000000e+00,0.00000000e+00,0.00000000e+00,0.00000000e+00,0.00000000e+00,0.00000000e+00,0.00000000e+00,0.00000000e+00,0.00000000e+00,0.00000000e+00,0.00000000e+00,0.00000000e+00,0.00000000e+00,2.71912191e-04
8.37500000e+01,9.98270135e-07,0.00000000e+00,0.00000000e+00,0.00000000e+00,0.00000000e+00,0.00000000e+00,0.00000000e+00,0.00000000e+00,0.00000000e+00,0.00000000e+00,0.00000000e+00,0.00000000e+00,0.00000000e+00,0.00000000e+00,0.00000000e+00,0.00000000e+00,0.00000000e+00,0.00000000e+00,0.00000000e+00,0.00000000e+00,0.00000000e+00,0.00000000e+00,0.00000000e+00,0.00000000e+00,2.70379727e-04
8.38500000e+01,9.98270135e-07,0.00000000e+00,0.00000000e+00,0.00000000e+00,0.00000000e+00,0.00000000e+00,0.00000000e+00,0.00000000e+00,0.00000000e+00,0.00000000e+00,0.00000000e+00,0.00000000e+00,0.00000000e+00,0.00000000e+00,0.00000000e+00,0.00000000e+00,0.00000000e+00,0.00000000e+00,0.00000000e+00,0.00000000e+00,0.00000000e+00,0.00000000e+00,0.00000000e+00,0.00000000e+00,2.73095806e-04
8.39500000e+01,9.98270135e-07,0.00000000e+00,0.00000000e+00,0.00000000e+00,0.00000000e+00,0.00000000e+00,0.00000000e+00,0.00000000e+00,0.00000000e+00,0.00000000e+00,0.00000000e+00,0.00000000e+00,0.00000000e+00,0.00000000e+00,0.00000000e+00,0.00000000e+00,0.00000000e+00,0.00000000e+00,0.00000000e+00,0.00000000e+00,0.00000000e+00,0.00000000e+00,0.00000000e+00,0.00000000e+00,2.73707601e-04
8.40500000e+01,9.98270135e-07,0.00000000e+00,0.00000000e+00,0.00000000e+00,0.00000000e+00,0.00000000e+00,0.00000000e+00,0.00000000e+00,0.00000000e+00,0.00000000e+00,0.00000000e+00,0.00000000e+00,0.00000000e+00,0.00000000e+00,0.00000000e+00,0.00000000e+00,0.00000000e+00,0.00000000e+00,0.00000000e+00,0.00000000e+00,0.00000000e+00,0.00000000e+00,0.00000000e+00,0.00000000e+00,2.81312532e-04
8.41500000e+01,9.98270135e-07,0.00000000e+00,0.00000000e+00,0.00000000e+00,0.00000000e+00,0.00000000e+00,0.00000000e+00,0.00000000e+00,0.00000000e+00,0.00000000e+00,0.00000000e+00,0.00000000e+00,0.00000000e+00,0.00000000e+00,0.00000000e+00,0.00000000e+00,0.00000000e+00,0.00000000e+00,0.00000000e+00,0.00000000e+00,0.00000000e+00,0.00000000e+00,0.00000000e+00,0.00000000e+00,2.84330984e-04
8.42500000e+01,9.98270135e-07,0.00000000e+00,0.00000000e+00,0.00000000e+00,0.00000000e+00,0.00000000e+00,0.00000000e+00,0.00000000e+00,0.00000000e+00,0.00000000e+00,0.00000000e+00,0.00000000e+00,0.00000000e+00,0.00000000e+00,0.00000000e+00,0.00000000e+00,0.00000000e+00,0.00000000e+00,0.00000000e+00,0.00000000e+00,0.00000000e+00,0.00000000e+00,0.00000000e+00,0.00000000e+00,2.76768279e-04
8.43500000e+01,9.98270135e-07,0.00000000e+00,0.00000000e+00,0.00000000e+00,0.00000000e+00,0.00000000e+00,0.00000000e+00,0.00000000e+00,0.00000000e+00,0.00000000e+00,0.00000000e+00,0.00000000e+00,0.00000000e+00,0.00000000e+00,0.00000000e+00,0.00000000e+00,0.00000000e+00,0.00000000e+00,0.00000000e+00,0.00000000e+00,0.00000000e+00,0.00000000e+00,0.00000000e+00,0.00000000e+00,2.87363957e-04
8.44500000e+01,9.98270135e-07,0.00000000e+00,0.00000000e+00,0.00000000e+00,0.00000000e+00,0.00000000e+00,0.00000000e+00,0.00000000e+00,0.00000000e+00,0.00000000e+00,0.00000000e+00,0.00000000e+00,0.00000000e+00,0.00000000e+00,0.00000000e+00,0.00000000e+00,0.00000000e+00,0.00000000e+00,0.00000000e+00,0.00000000e+00,0.00000000e+00,0.00000000e+00,0.00000000e+00,0.00000000e+00,2.77737133e-04
8.45500000e+01,9.98270135e-07,0.00000000e+00,0.00000000e+00,0.00000000e+00,0.00000000e+00,0.00000000e+00,0.00000000e+00,0.00000000e+00,0.00000000e+00,0.00000000e+00,0.00000000e+00,0.00000000e+00,0.00000000e+00,0.00000000e+00,0.00000000e+00,0.00000000e+00,0.00000000e+00,0.00000000e+00,0.00000000e+00,0.00000000e+00,0.00000000e+00,0.00000000e+00,0.00000000e+00,0.00000000e+00,2.68457064e-04
8.46500000e+01,9.98270135e-07,0.00000000e+00,0.00000000e+00,0.00000000e+00,0.00000000e+00,0.00000000e+00,0.00000000e+00,0.00000000e+00,0.00000000e+00,0.00000000e+00,0.00000000e+00,0.00000000e+00,0.00000000e+00,0.00000000e+00,0.00000000e+00,0.00000000e+00,0.00000000e+00,0.00000000e+00,0.00000000e+00,0.00000000e+00,0.00000000e+00,0.00000000e+00,0.00000000e+00,0.00000000e+00,2.68526073e-04
8.47500000e+01,9.98270135e-07,0.00000000e+00,0.00000000e+00,0.00000000e+00,0.00000000e+00,0.00000000e+00,0.00000000e+00,0.00000000e+00,0.00000000e+00,0.00000000e+00,0.00000000e+00,0.00000000e+00,0.00000000e+00,0.00000000e+00,0.00000000e+00,0.00000000e+00,0.00000000e+00,0.00000000e+00,0.00000000e+00,0.00000000e+00,0.00000000e+00,0.00000000e+00,0.00000000e+00,0.00000000e+00,2.68641651e-04
8.48500000e+01,9.98270135e-07,0.00000000e+00,0.00000000e+00,0.00000000e+00,0.00000000e+00,0.00000000e+00,0.00000000e+00,0.00000000e+00,0.00000000e+00,0.00000000e+00,0.00000000e+00,0.00000000e+00,0.00000000e+00,0.00000000e+00,0.00000000e+00,0.00000000e+00,0.00000000e+00,0.00000000e+00,0.00000000e+00,0.00000000e+00,0.00000000e+00,0.00000000e+00,0.00000000e+00,0.00000000e+00,2.71174848e-04
8.49500000e+01,9.98270135e-07,0.00000000e+00,0.00000000e+00,0.00000000e+00,0.00000000e+00,0.00000000e+00,0.00000000e+00,0.00000000e+00,0.00000000e+00,0.00000000e+00,0.00000000e+00,0.00000000e+00,0.00000000e+00,0.00000000e+00,0.00000000e+00,0.00000000e+00,0.00000000e+00,0.00000000e+00,0.00000000e+00,0.00000000e+00,0.00000000e+00,0.00000000e+00,0.00000000e+00,0.00000000e+00,2.79109480e-04
8.50500000e+01,9.98270135e-07,0.00000000e+00,0.00000000e+00,0.00000000e+00,0.00000000e+00,0.00000000e+00,0.00000000e+00,0.00000000e+00,0.00000000e+00,0.00000000e+00,0.00000000e+00,0.00000000e+00,0.00000000e+00,0.00000000e+00,0.00000000e+00,0.00000000e+00,0.00000000e+00,0.00000000e+00,0.00000000e+00,0.00000000e+00,0.00000000e+00,0.00000000e+00,0.00000000e+00,0.00000000e+00,2.75688779e-04
8.51500000e+01,9.98270135e-07,0.00000000e+00,0.00000000e+00,0.00000000e+00,0.00000000e+00,0.00000000e+00,0.00000000e+00,0.00000000e+00,0.00000000e+00,0.00000000e+00,0.00000000e+00,0.00000000e+00,0.00000000e+00,0.00000000e+00,0.00000000e+00,0.00000000e+00,0.00000000e+00,0.00000000e+00,0.00000000e+00,0.00000000e+00,0.00000000e+00,0.00000000e+00,0.00000000e+00,0.00000000e+00,2.79014244e-04
8.52500000e+01,9.98270135e-07,0.00000000e+00,0.00000000e+00,0.00000000e+00,0.00000000e+00,0.00000000e+00,0.00000000e+00,0.00000000e+00,0.00000000e+00,0.00000000e+00,0.00000000e+00,0.00000000e+00,0.00000000e+00,0.00000000e+00,0.00000000e+00,0.00000000e+00,0.00000000e+00,0.00000000e+00,0.00000000e+00,0.00000000e+00,0.00000000e+00,0.00000000e+00,0.00000000e+00,0.00000000e+00,2.74936352e-04
8.53500000e+01,9.98270135e-07,0.00000000e+00,0.00000000e+00,0.00000000e+00,0.00000000e+00,0.00000000e+00,0.00000000e+00,0.00000000e+00,0.00000000e+00,0.00000000e+00,0.00000000e+00,0.00000000e+00,0.00000000e+00,0.00000000e+00,0.00000000e+00,0.00000000e+00,0.00000000e+00,0.00000000e+00,0.00000000e+00,0.00000000e+00,0.00000000e+00,0.00000000e+00,0.00000000e+00,0.00000000e+00,2.73921603e-04
8.54500000e+01,9.97868630e-07,0.00000000e+00,0.00000000e+00,0.00000000e+00,0.00000000e+00,0.00000000e+00,0.00000000e+00,0.00000000e+00,0.00000000e+00,0.00000000e+00,0.00000000e+00,0.00000000e+00,0.00000000e+00,0.00000000e+00,0.00000000e+00,0.00000000e+00,0.00000000e+00,0.00000000e+00,0.00000000e+00,0.00000000e+00,0.00000000e+00,0.00000000e+00,0.00000000e+00,0.00000000e+00,2.74007441e-04
8.55500000e+01,9.95420022e-07,0.00000000e+00,0.00000000e+00,0.00000000e+00,0.00000000e+00,0.00000000e+00,0.00000000e+00,0.00000000e+00,0.00000000e+00,0.00000000e+00,0.00000000e+00,0.00000000e+00,0.00000000e+00,0.00000000e+00,0.00000000e+00,0.00000000e+00,0.00000000e+00,0.00000000e+00,0.00000000e+00,0.00000000e+00,0.00000000e+00,0.00000000e+00,0.00000000e+00,0.00000000e+00,2.71761172e-04
8.56500000e+01,9.95420022e-07,0.00000000e+00,0.00000000e+00,0.00000000e+00,0.00000000e+00,0.00000000e+00,0.00000000e+00,0.00000000e+00,0.00000000e+00,0.00000000e+00,0.00000000e+00,0.00000000e+00,0.00000000e+00,0.00000000e+00,0.00000000e+00,0.00000000e+00,0.00000000e+00,0.00000000e+00,0.00000000e+00,0.00000000e+00,0.00000000e+00,0.00000000e+00,0.00000000e+00,0.00000000e+00,2.75759249e-04
8.57500000e+01,9.95420022e-07,0.00000000e+00,0.00000000e+00,0.00000000e+00,0.00000000e+00,0.00000000e+00,0.00000000e+00,0.00000000e+00,0.00000000e+00,0.00000000e+00,0.00000000e+00,0.00000000e+00,0.00000000e+00,0.00000000e+00,0.00000000e+00,0.00000000e+00,0.00000000e+00,0.00000000e+00,0.00000000e+00,0.00000000e+00,0.00000000e+00,0.00000000e+00,0.00000000e+00,0.00000000e+00,2.73162669e-04
8.58500000e+01,9.95420022e-07,0.00000000e+00,0.00000000e+00,0.00000000e+00,0.00000000e+00,0.00000000e+00,0.00000000e+00,0.00000000e+00,0.00000000e+00,0.00000000e+00,0.00000000e+00,0.00000000e+00,0.00000000e+00,0.00000000e+00,0.00000000e+00,0.00000000e+00,0.00000000e+00,0.00000000e+00,0.00000000e+00,0.00000000e+00,0.00000000e+00,0.00000000e+00,0.00000000e+00,0.00000000e+00,2.72501099e-04
8.59500000e+01,9.95420022e-07,0.00000000e+00,0.00000000e+00,0.00000000e+00,0.00000000e+00,0.00000000e+00,0.00000000e+00,0.00000000e+00,0.00000000e+00,0.00000000e+00,0.00000000e+00,0.00000000e+00,0.00000000e+00,0.00000000e+00,0.00000000e+00,0.00000000e+00,0.00000000e+00,0.00000000e+00,0.00000000e+00,0.00000000e+00,0.00000000e+00,0.00000000e+00,0.00000000e+00,0.00000000e+00,2.70861620e-04
8.60500000e+01,9.95420022e-07,0.00000000e+00,0.00000000e+00,0.00000000e+00,0.00000000e+00,0.00000000e+00,0.00000000e+00,0.00000000e+00,0.00000000e+00,0.00000000e+00,0.00000000e+00,0.00000000e+00,0.00000000e+00,0.00000000e+00,0.00000000e+00,0.00000000e+00,0.00000000e+00,0.00000000e+00,0.00000000e+00,0.00000000e+00,0.00000000e+00,0.00000000e+00,0.00000000e+00,0.00000000e+00,2.71504036e-04
8.61500000e+01,9.95420022e-07,0.00000000e+00,0.00000000e+00,0.00000000e+00,0.00000000e+00,0.00000000e+00,0.00000000e+00,0.00000000e+00,0.00000000e+00,0.00000000e+00,0.00000000e+00,0.00000000e+00,0.00000000e+00,0.00000000e+00,0.00000000e+00,0.00000000e+00,0.00000000e+00,0.00000000e+00,0.00000000e+00,0.00000000e+00,0.00000000e+00,0.00000000e+00,0.00000000e+00,0.00000000e+00,2.67564451e-04
8.62500000e+01,9.95420022e-07,0.00000000e+00,0.00000000e+00,0.00000000e+00,0.00000000e+00,0.00000000e+00,0.00000000e+00,0.00000000e+00,0.00000000e+00,0.00000000e+00,0.00000000e+00,0.00000000e+00,0.00000000e+00,0.00000000e+00,0.00000000e+00,0.00000000e+00,0.00000000e+00,0.00000000e+00,0.00000000e+00,0.00000000e+00,0.00000000e+00,0.00000000e+00,0.00000000e+00,0.00000000e+00,2.67763855e-04
8.63500000e+01,9.95420022e-07,0.00000000e+00,0.00000000e+00,0.00000000e+00,0.00000000e+00,0.00000000e+00,0.00000000e+00,0.00000000e+00,0.00000000e+00,0.00000000e+00,0.00000000e+00,0.00000000e+00,0.00000000e+00,0.00000000e+00,0.00000000e+00,0.00000000e+00,0.00000000e+00,0.00000000e+00,0.00000000e+00,0.00000000e+00,0.00000000e+00,0.00000000e+00,0.00000000e+00,0.00000000e+00,2.75462865e-04
8.64500000e+01,9.95420022e-07,0.00000000e+00,0.00000000e+00,0.00000000e+00,0.00000000e+00,0.00000000e+00,0.00000000e+00,0.00000000e+00,0.00000000e+00,0.00000000e+00,0.00000000e+00,0.00000000e+00,0.00000000e+00,0.00000000e+00,0.00000000e+00,0.00000000e+00,0.00000000e+00,0.00000000e+00,0.00000000e+00,0.00000000e+00,0.00000000e+00,0.00000000e+00,0.00000000e+00,0.00000000e+00,2.69051013e-04
8.65500000e+01,9.95420022e-07,0.00000000e+00,0.00000000e+00,0.00000000e+00,0.00000000e+00,0.00000000e+00,0.00000000e+00,0.00000000e+00,0.00000000e+00,0.00000000e+00,0.00000000e+00,0.00000000e+00,0.00000000e+00,0.00000000e+00,0.00000000e+00,0.00000000e+00,0.00000000e+00,0.00000000e+00,0.00000000e+00,0.00000000e+00,0.00000000e+00,0.00000000e+00,0.00000000e+00,0.00000000e+00,2.64328721e-04
8.66500000e+01,9.95420022e-07,0.00000000e+00,0.00000000e+00,0.00000000e+00,0.00000000e+00,0.00000000e+00,0.00000000e+00,0.00000000e+00,0.00000000e+00,0.00000000e+00,0.00000000e+00,0.00000000e+00,0.00000000e+00,0.00000000e+00,0.00000000e+00,0.00000000e+00,0.00000000e+00,0.00000000e+00,0.00000000e+00,0.00000000e+00,0.00000000e+00,0.00000000e+00,0.00000000e+00,0.00000000e+00,2.63478741e-04
8.67500000e+01,9.95420022e-07,0.00000000e+00,0.00000000e+00,0.00000000e+00,0.00000000e+00,0.00000000e+00,0.00000000e+00,0.00000000e+00,0.00000000e+00,0.00000000e+00,0.00000000e+00,0.00000000e+00,0.00000000e+00,0.00000000e+00,0.00000000e+00,0.00000000e+00,0.00000000e+00,0.00000000e+00,0.00000000e+00,0.00000000e+00,0.00000000e+00,0.00000000e+00,0.00000000e+00,0.00000000e+00,2.64400750e-04
8.68500000e+01,9.95420022e-07,0.00000000e+00,0.00000000e+00,0.00000000e+00,0.00000000e+00,0.00000000e+00,0.00000000e+00,0.00000000e+00,0.00000000e+00,0.00000000e+00,0.00000000e+00,0.00000000e+00,0.00000000e+00,0.00000000e+00,0.00000000e+00,0.00000000e+00,0.00000000e+00,0.00000000e+00,0.00000000e+00,0.00000000e+00,0.00000000e+00,0.00000000e+00,0.00000000e+00,0.00000000e+00,2.67068810e-04
8.69500000e+01,9.95420022e-07,0.00000000e+00,0.00000000e+00,0.00000000e+00,0.00000000e+00,0.00000000e+00,0.00000000e+00,0.00000000e+00,0.00000000e+00,0.00000000e+00,0.00000000e+00,0.00000000e+00,0.00000000e+00,0.00000000e+00,0.00000000e+00,0.00000000e+00,0.00000000e+00,0.00000000e+00,0.00000000e+00,0.00000000e+00,0.00000000e+00,0.00000000e+00,0.00000000e+00,0.00000000e+00,2.69520228e-04
8.70500000e+01,9.95420022e-07,0.00000000e+00,0.00000000e+00,0.00000000e+00,0.00000000e+00,0.00000000e+00,0.00000000e+00,0.00000000e+00,0.00000000e+00,0.00000000e+00,0.00000000e+00,0.00000000e+00,0.00000000e+00,0.00000000e+00,0.00000000e+00,0.00000000e+00,0.00000000e+00,0.00000000e+00,0.00000000e+00,0.00000000e+00,0.00000000e+00,0.00000000e+00,0.00000000e+00,0.00000000e+00,2.67115490e-04
8.71500000e+01,9.95420022e-07,0.00000000e+00,0.00000000e+00,0.00000000e+00,0.00000000e+00,0.00000000e+00,0.00000000e+00,0.00000000e+00,0.00000000e+00,0.00000000e+00,0.00000000e+00,0.00000000e+00,0.00000000e+00,0.00000000e+00,0.00000000e+00,0.00000000e+00,0.00000000e+00,0.00000000e+00,0.00000000e+00,0.00000000e+00,0.00000000e+00,0.00000000e+00,0.00000000e+00,0.00000000e+00,2.65735040e-04
8.72500000e+01,9.95420022e-07,0.00000000e+00,0.00000000e+00,0.00000000e+00,0.00000000e+00,0.00000000e+00,0.00000000e+00,0.00000000e+00,0.00000000e+00,0.00000000e+00,0.00000000e+00,0.00000000e+00,0.00000000e+00,0.00000000e+00,0.00000000e+00,0.00000000e+00,0.00000000e+00,0.00000000e+00,0.00000000e+00,0.00000000e+00,0.00000000e+00,0.00000000e+00,0.00000000e+00,0.00000000e+00,2.65315743e-04
8.73500000e+01,9.95420022e-07,0.00000000e+00,0.00000000e+00,0.00000000e+00,0.00000000e+00,0.00000000e+00,0.00000000e+00,0.00000000e+00,0.00000000e+00,0.00000000e+00,0.00000000e+00,0.00000000e+00,0.00000000e+00,0.00000000e+00,0.00000000e+00,0.00000000e+00,0.00000000e+00,0.00000000e+00,0.00000000e+00,0.00000000e+00,0.00000000e+00,0.00000000e+00,0.00000000e+00,0.00000000e+00,2.72279239e-04
8.74500000e+01,9.95420022e-07,0.00000000e+00,0.00000000e+00,0.00000000e+00,0.00000000e+00,0.00000000e+00,0.00000000e+00,0.00000000e+00,0.00000000e+00,0.00000000e+00,0.00000000e+00,0.00000000e+00,0.00000000e+00,0.00000000e+00,0.00000000e+00,0.00000000e+00,0.00000000e+00,0.00000000e+00,0.00000000e+00,0.00000000e+00,0.00000000e+00,0.00000000e+00,0.00000000e+00,0.00000000e+00,2.77802637e-04
8.75500000e+01,9.95418193e-07,0.00000000e+00,0.00000000e+00,0.00000000e+00,0.00000000e+00,0.00000000e+00,0.00000000e+00,0.00000000e+00,0.00000000e+00,0.00000000e+00,0.00000000e+00,0.00000000e+00,0.00000000e+00,0.00000000e+00,0.00000000e+00,0.00000000e+00,0.00000000e+00,0.00000000e+00,0.00000000e+00,0.00000000e+00,0.00000000e+00,0.00000000e+00,0.00000000e+00,0.00000000e+00,2.80415613e-04
8.76500000e+01,9.95416773e-07,0.00000000e+00,0.00000000e+00,0.00000000e+00,0.00000000e+00,0.00000000e+00,0.00000000e+00,0.00000000e+00,0.00000000e+00,0.00000000e+00,0.00000000e+00,0.00000000e+00,0.00000000e+00,0.00000000e+00,0.00000000e+00,0.00000000e+00,0.00000000e+00,0.00000000e+00,0.00000000e+00,0.00000000e+00,0.00000000e+00,0.00000000e+00,0.00000000e+00,0.00000000e+00,2.77329946e-04
8.77500000e+01,9.95416773e-07,0.00000000e+00,0.00000000e+00,0.00000000e+00,0.00000000e+00,0.00000000e+00,0.00000000e+00,0.00000000e+00,0.00000000e+00,0.00000000e+00,0.00000000e+00,0.00000000e+00,0.00000000e+00,0.00000000e+00,0.00000000e+00,0.00000000e+00,0.00000000e+00,0.00000000e+00,0.00000000e+00,0.00000000e+00,0.00000000e+00,0.00000000e+00,0.00000000e+00,0.00000000e+00,2.73439963e-04
8.78500000e+01,9.95416773e-07,0.00000000e+00,0.00000000e+00,0.00000000e+00,0.00000000e+00,0.00000000e+00,0.00000000e+00,0.00000000e+00,0.00000000e+00,0.00000000e+00,0.00000000e+00,0.00000000e+00,0.00000000e+00,0.00000000e+00,0.00000000e+00,0.00000000e+00,0.00000000e+00,0.00000000e+00,0.00000000e+00,0.00000000e+00,0.00000000e+00,0.00000000e+00,0.00000000e+00,0.00000000e+00,2.83230204e-04
8.79500000e+01,9.95416773e-07,0.00000000e+00,0.00000000e+00,0.00000000e+00,0.00000000e+00,0.00000000e+00,0.00000000e+00,0.00000000e+00,0.00000000e+00,0.00000000e+00,0.00000000e+00,0.00000000e+00,0.00000000e+00,0.00000000e+00,0.00000000e+00,0.00000000e+00,0.00000000e+00,0.00000000e+00,0.00000000e+00,0.00000000e+00,0.00000000e+00,0.00000000e+00,0.00000000e+00,0.00000000e+00,2.79507478e-04
8.80500000e+01,9.95416773e-07,0.00000000e+00,0.00000000e+00,0.00000000e+00,0.00000000e+00,0.00000000e+00,0.00000000e+00,0.00000000e+00,0.00000000e+00,0.00000000e+00,0.00000000e+00,0.00000000e+00,0.00000000e+00,0.00000000e+00,0.00000000e+00,0.00000000e+00,0.00000000e+00,0.00000000e+00,0.00000000e+00,0.00000000e+00,0.00000000e+00,0.00000000e+00,0.00000000e+00,0.00000000e+00,2.81177476e-04
8.81500000e+01,9.95416773e-07,0.00000000e+00,0.00000000e+00,0.00000000e+00,0.00000000e+00,0.00000000e+00,0.00000000e+00,0.00000000e+00,0.00000000e+00,0.00000000e+00,0.00000000e+00,0.00000000e+00,0.00000000e+00,0.00000000e+00,0.00000000e+00,0.00000000e+00,0.00000000e+00,0.00000000e+00,0.00000000e+00,0.00000000e+00,0.00000000e+00,0.00000000e+00,0.00000000e+00,0.00000000e+00,2.73889743e-04
8.82500000e+01,9.95416773e-07,0.00000000e+00,0.00000000e+00,0.00000000e+00,0.00000000e+00,0.00000000e+00,0.00000000e+00,0.00000000e+00,0.00000000e+00,0.00000000e+00,0.00000000e+00,0.00000000e+00,0.00000000e+00,0.00000000e+00,0.00000000e+00,0.00000000e+00,0.00000000e+00,0.00000000e+00,0.00000000e+00,0.00000000e+00,0.00000000e+00,0.00000000e+00,0.00000000e+00,0.00000000e+00,2.65023627e-04
8.83500000e+01,9.95416773e-07,0.00000000e+00,0.00000000e+00,0.00000000e+00,0.00000000e+00,0.00000000e+00,0.00000000e+00,0.00000000e+00,0.00000000e+00,0.00000000e+00,0.00000000e+00,0.00000000e+00,0.00000000e+00,0.00000000e+00,0.00000000e+00,0.00000000e+00,0.00000000e+00,0.00000000e+00,0.00000000e+00,0.00000000e+00,0.00000000e+00,0.00000000e+00,0.00000000e+00,0.00000000e+00,2.70402938e-04
8.84500000e+01,9.95416773e-07,0.00000000e+00,0.00000000e+00,0.00000000e+00,0.00000000e+00,0.00000000e+00,0.00000000e+00,0.00000000e+00,0.00000000e+00,0.00000000e+00,0.00000000e+00,0.00000000e+00,0.00000000e+00,0.00000000e+00,0.00000000e+00,0.00000000e+00,0.00000000e+00,0.00000000e+00,0.00000000e+00,0.00000000e+00,0.00000000e+00,0.00000000e+00,0.00000000e+00,0.00000000e+00,2.68482449e-04
8.85500000e+01,9.95416773e-07,0.00000000e+00,0.00000000e+00,0.00000000e+00,0.00000000e+00,0.00000000e+00,0.00000000e+00,0.00000000e+00,0.00000000e+00,0.00000000e+00,0.00000000e+00,0.00000000e+00,0.00000000e+00,0.00000000e+00,0.00000000e+00,0.00000000e+00,0.00000000e+00,0.00000000e+00,0.00000000e+00,0.00000000e+00,0.00000000e+00,0.00000000e+00,0.00000000e+00,0.00000000e+00,2.67090583e-04
8.86500000e+01,9.95416773e-07,0.00000000e+00,0.00000000e+00,0.00000000e+00,0.00000000e+00,0.00000000e+00,0.00000000e+00,0.00000000e+00,0.00000000e+00,0.00000000e+00,0.00000000e+00,0.00000000e+00,0.00000000e+00,0.00000000e+00,0.00000000e+00,0.00000000e+00,0.00000000e+00,0.00000000e+00,0.00000000e+00,0.00000000e+00,0.00000000e+00,0.00000000e+00,0.00000000e+00,0.00000000e+00,2.65645578e-04
8.87500000e+01,9.95416773e-07,0.00000000e+00,0.00000000e+00,0.00000000e+00,0.00000000e+00,0.00000000e+00,0.00000000e+00,0.00000000e+00,0.00000000e+00,0.00000000e+00,0.00000000e+00,0.00000000e+00,0.00000000e+00,0.00000000e+00,0.00000000e+00,0.00000000e+00,0.00000000e+00,0.00000000e+00,0.00000000e+00,0.00000000e+00,0.00000000e+00,0.00000000e+00,0.00000000e+00,0.00000000e+00,2.73612496e-04
8.88500000e+01,9.95416773e-07,0.00000000e+00,0.00000000e+00,0.00000000e+00,0.00000000e+00,0.00000000e+00,0.00000000e+00,0.00000000e+00,0.00000000e+00,0.00000000e+00,0.00000000e+00,0.00000000e+00,0.00000000e+00,0.00000000e+00,0.00000000e+00,0.00000000e+00,0.00000000e+00,0.00000000e+00,0.00000000e+00,0.00000000e+00,0.00000000e+00,0.00000000e+00,0.00000000e+00,0.00000000e+00,2.69795172e-04
8.89500000e+01,9.95416773e-07,0.00000000e+00,0.00000000e+00,0.00000000e+00,0.00000000e+00,0.00000000e+00,0.00000000e+00,0.00000000e+00,0.00000000e+00,0.00000000e+00,0.00000000e+00,0.00000000e+00,0.00000000e+00,0.00000000e+00,0.00000000e+00,0.00000000e+00,0.00000000e+00,0.00000000e+00,0.00000000e+00,0.00000000e+00,0.00000000e+00,0.00000000e+00,0.00000000e+00,0.00000000e+00,2.65134159e-04
8.90500000e+01,9.95416773e-07,0.00000000e+00,0.00000000e+00,0.00000000e+00,0.00000000e+00,0.00000000e+00,0.00000000e+00,0.00000000e+00,0.00000000e+00,0.00000000e+00,0.00000000e+00,0.00000000e+00,0.00000000e+00,0.00000000e+00,0.00000000e+00,0.00000000e+00,0.00000000e+00,0.00000000e+00,0.00000000e+00,0.00000000e+00,0.00000000e+00,0.00000000e+00,0.00000000e+00,0.00000000e+00,2.68959544e-04
8.91500000e+01,9.95416773e-07,0.00000000e+00,0.00000000e+00,0.00000000e+00,0.00000000e+00,0.00000000e+00,0.00000000e+00,0.00000000e+00,0.00000000e+00,0.00000000e+00,0.00000000e+00,0.00000000e+00,0.00000000e+00,0.00000000e+00,0.00000000e+00,0.00000000e+00,0.00000000e+00,0.00000000e+00,0.00000000e+00,0.00000000e+00,0.00000000e+00,0.00000000e+00,0.00000000e+00,0.00000000e+00,2.62721625e-04
8.92500000e+01,9.95416773e-07,0.00000000e+00,0.00000000e+00,0.00000000e+00,0.00000000e+00,0.00000000e+00,0.00000000e+00,0.00000000e+00,0.00000000e+00,0.00000000e+00,0.00000000e+00,0.00000000e+00,0.00000000e+00,0.00000000e+00,0.00000000e+00,0.00000000e+00,0.00000000e+00,0.00000000e+00,0.00000000e+00,0.00000000e+00,0.00000000e+00,0.00000000e+00,0.00000000e+00,0.00000000e+00,2.62394643e-04
8.93500000e+01,1.01951570e-06,0.00000000e+00,0.00000000e+00,0.00000000e+00,0.00000000e+00,0.00000000e+00,0.00000000e+00,0.00000000e+00,0.00000000e+00,0.00000000e+00,0.00000000e+00,0.00000000e+00,0.00000000e+00,0.00000000e+00,0.00000000e+00,0.00000000e+00,0.00000000e+00,0.00000000e+00,0.00000000e+00,0.00000000e+00,0.00000000e+00,0.00000000e+00,0.00000000e+00,0.00000000e+00,2.64439775e-04
8.94500000e+01,1.04594540e-06,0.00000000e+00,0.00000000e+00,0.00000000e+00,0.00000000e+00,0.00000000e+00,0.00000000e+00,0.00000000e+00,0.00000000e+00,0.00000000e+00,0.00000000e+00,0.00000000e+00,0.00000000e+00,0.00000000e+00,0.00000000e+00,0.00000000e+00,0.00000000e+00,0.00000000e+00,0.00000000e+00,0.00000000e+00,0.00000000e+00,0.00000000e+00,0.00000000e+00,0.00000000e+00,2.63057399e-04
8.95500000e+01,1.04594540e-06,0.00000000e+00,0.00000000e+00,0.00000000e+00,0.00000000e+00,0.00000000e+00,0.00000000e+00,0.00000000e+00,0.00000000e+00,0.00000000e+00,0.00000000e+00,0.00000000e+00,0.00000000e+00,0.00000000e+00,0.00000000e+00,0.00000000e+00,0.00000000e+00,0.00000000e+00,0.00000000e+00,0.00000000e+00,0.00000000e+00,0.00000000e+00,0.00000000e+00,0.00000000e+00,2.66241012e-04
8.96500000e+01,1.04594540e-06,0.00000000e+00,0.00000000e+00,0.00000000e+00,0.00000000e+00,0.00000000e+00,0.00000000e+00,0.00000000e+00,0.00000000e+00,0.00000000e+00,0.00000000e+00,0.00000000e+00,0.00000000e+00,0.00000000e+00,0.00000000e+00,0.00000000e+00,0.00000000e+00,0.00000000e+00,0.00000000e+00,0.00000000e+00,0.00000000e+00,0.00000000e+00,0.00000000e+00,0.00000000e+00,2.63183001e-04
8.97500000e+01,1.04594540e-06,0.00000000e+00,0.00000000e+00,0.00000000e+00,0.00000000e+00,0.00000000e+00,0.00000000e+00,0.00000000e+00,0.00000000e+00,0.00000000e+00,0.00000000e+00,0.00000000e+00,0.00000000e+00,0.00000000e+00,0.00000000e+00,0.00000000e+00,0.00000000e+00,0.00000000e+00,0.00000000e+00,0.00000000e+00,0.00000000e+00,0.00000000e+00,0.00000000e+00,0.00000000e+00,2.70783893e-04
8.98500000e+01,1.04594540e-06,0.00000000e+00,0.00000000e+00,0.00000000e+00,0.00000000e+00,0.00000000e+00,0.00000000e+00,0.00000000e+00,0.00000000e+00,0.00000000e+00,0.00000000e+00,0.00000000e+00,0.00000000e+00,0.00000000e+00,0.00000000e+00,0.00000000e+00,0.00000000e+00,0.00000000e+00,0.00000000e+00,0.00000000e+00,0.00000000e+00,0.00000000e+00,0.00000000e+00,0.00000000e+00,2.80546908e-04
8.99500000e+01,1.04594540e-06,0.00000000e+00,0.00000000e+00,0.00000000e+00,0.00000000e+00,0.00000000e+00,0.00000000e+00,0.00000000e+00,0.00000000e+00,0.00000000e+00,0.00000000e+00,0.00000000e+00,0.00000000e+00,0.00000000e+00,0.00000000e+00,0.00000000e+00,0.00000000e+00,0.00000000e+00,0.00000000e+00,0.00000000e+00,0.00000000e+00,0.00000000e+00,0.00000000e+00,0.00000000e+00,2.63668729e-04
9.00500000e+01,1.04594540e-06,0.00000000e+00,0.00000000e+00,0.00000000e+00,0.00000000e+00,0.00000000e+00,0.00000000e+00,0.00000000e+00,0.00000000e+00,0.00000000e+00,0.00000000e+00,0.00000000e+00,0.00000000e+00,0.00000000e+00,0.00000000e+00,0.00000000e+00,0.00000000e+00,0.00000000e+00,0.00000000e+00,0.00000000e+00,0.00000000e+00,0.00000000e+00,0.00000000e+00,0.00000000e+00,2.61431082e-04
9.01500000e+01,7.58127492e-07,0.00000000e+00,0.00000000e+00,0.00000000e+00,0.00000000e+00,0.00000000e+00,0.00000000e+00,0.00000000e+00,0.00000000e+00,0.00000000e+00,0.00000000e+00,0.00000000e+00,0.00000000e+00,0.00000000e+00,0.00000000e+00,0.00000000e+00,0.00000000e+00,0.00000000e+00,0.00000000e+00,0.00000000e+00,0.00000000e+00,0.00000000e+00,0.00000000e+00,0.00000000e+00,2.62545836e-04
9.02500000e+01,3.96845928e-07,0.00000000e+00,0.00000000e+00,0.00000000e+00,0.00000000e+00,0.00000000e+00,0.00000000e+00,0.00000000e+00,0.00000000e+00,0.00000000e+00,0.00000000e+00,0.00000000e+00,0.00000000e+00,0.00000000e+00,0.00000000e+00,0.00000000e+00,0.00000000e+00,0.00000000e+00,0.00000000e+00,0.00000000e+00,0.00000000e+00,0.00000000e+00,0.00000000e+00,0.00000000e+00,2.67197999e-04
9.03500000e+01,3.01682808e-07,0.00000000e+00,0.00000000e+00,0.00000000e+00,0.00000000e+00,0.00000000e+00,0.00000000e+00,0.00000000e+00,0.00000000e+00,0.00000000e+00,0.00000000e+00,0.00000000e+00,0.00000000e+00,0.00000000e+00,0.00000000e+00,0.00000000e+00,0.00000000e+00,0.00000000e+00,0.00000000e+00,0.00000000e+00,0.00000000e+00,0.00000000e+00,0.00000000e+00,0.00000000e+00,2.68900096e-04
9.04500000e+01,3.01682808e-07,0.00000000e+00,0.00000000e+00,0.00000000e+00,0.00000000e+00,0.00000000e+00,0.00000000e+00,0.00000000e+00,0.00000000e+00,0.00000000e+00,0.00000000e+00,0.00000000e+00,0.00000000e+00,0.00000000e+00,0.00000000e+00,0.00000000e+00,0.00000000e+00,0.00000000e+00,0.00000000e+00,0.00000000e+00,0.00000000e+00,0.00000000e+00,0.00000000e+00,0.00000000e+00,2.75645709e-04
9.05500000e+01,3.01682808e-07,0.00000000e+00,0.00000000e+00,0.00000000e+00,0.00000000e+00,0.00000000e+00,0.00000000e+00,0.00000000e+00,0.00000000e+00,0.00000000e+00,0.00000000e+00,0.00000000e+00,0.00000000e+00,0.00000000e+00,0.00000000e+00,0.00000000e+00,0.00000000e+00,0.00000000e+00,0.00000000e+00,0.00000000e+00,0.00000000e+00,0.00000000e+00,0.00000000e+00,0.00000000e+00,2.71318733e-04
9.06500000e+01,3.01682808e-07,0.00000000e+00,0.00000000e+00,0.00000000e+00,0.00000000e+00,0.00000000e+00,0.00000000e+00,0.00000000e+00,0.00000000e+00,0.00000000e+00,0.00000000e+00,0.00000000e+00,0.00000000e+00,0.00000000e+00,0.00000000e+00,0.00000000e+00,0.00000000e+00,0.00000000e+00,0.00000000e+00,0.00000000e+00,0.00000000e+00,0.00000000e+00,0.00000000e+00,0.00000000e+00,2.75428481e-04
9.07500000e+01,3.01682808e-07,0.00000000e+00,0.00000000e+00,0.00000000e+00,0.00000000e+00,0.00000000e+00,0.00000000e+00,0.00000000e+00,0.00000000e+00,0.00000000e+00,0.00000000e+00,0.00000000e+00,0.00000000e+00,0.00000000e+00,0.00000000e+00,0.00000000e+00,0.00000000e+00,0.00000000e+00,0.00000000e+00,0.00000000e+00,0.00000000e+00,0.00000000e+00,0.00000000e+00,0.00000000e+00,2.75797198e-04
9.08500000e+01,3.01682808e-07,0.00000000e+00,0.00000000e+00,0.00000000e+00,0.00000000e+00,0.00000000e+00,0.00000000e+00,0.00000000e+00,0.00000000e+00,0.00000000e+00,0.00000000e+00,0.00000000e+00,0.00000000e+00,0.00000000e+00,0.00000000e+00,0.00000000e+00,0.00000000e+00,0.00000000e+00,0.00000000e+00,0.00000000e+00,0.00000000e+00,0.00000000e+00,0.00000000e+00,0.00000000e+00,2.72533747e-04
9.09500000e+01,3.01682808e-07,0.00000000e+00,0.00000000e+00,0.00000000e+00,0.00000000e+00,0.00000000e+00,0.00000000e+00,0.00000000e+00,0.00000000e+00,0.00000000e+00,0.00000000e+00,0.00000000e+00,0.00000000e+00,0.00000000e+00,0.00000000e+00,0.00000000e+00,0.00000000e+00,0.00000000e+00,0.00000000e+00,0.00000000e+00,0.00000000e+00,0.00000000e+00,0.00000000e+00,0.00000000e+00,2.68528294e-04
9.10500000e+01,3.00987869e-07,0.00000000e+00,0.00000000e+00,0.00000000e+00,0.00000000e+00,0.00000000e+00,0.00000000e+00,0.00000000e+00,0.00000000e+00,0.00000000e+00,0.00000000e+00,0.00000000e+00,0.00000000e+00,0.00000000e+00,0.00000000e+00,0.00000000e+00,0.00000000e+00,0.00000000e+00,0.00000000e+00,0.00000000e+00,0.00000000e+00,0.00000000e+00,0.00000000e+00,0.00000000e+00,2.73911425e-04
9.11500000e+01,3.00922105e-07,0.00000000e+00,0.00000000e+00,0.00000000e+00,0.00000000e+00,0.00000000e+00,0.00000000e+00,0.00000000e+00,0.00000000e+00,0.00000000e+00,0.00000000e+00,0.00000000e+00,0.00000000e+00,0.00000000e+00,0.00000000e+00,0.00000000e+00,0.00000000e+00,0.00000000e+00,0.00000000e+00,0.00000000e+00,0.00000000e+00,0.00000000e+00,0.00000000e+00,0.00000000e+00,2.81179533e-04
9.12500000e+01,3.00922105e-07,0.00000000e+00,0.00000000e+00,0.00000000e+00,0.00000000e+00,0.00000000e+00,0.00000000e+00,0.00000000e+00,0.00000000e+00,0.00000000e+00,0.00000000e+00,0.00000000e+00,0.00000000e+00,0.00000000e+00,0.00000000e+00,0.00000000e+00,0.00000000e+00,0.00000000e+00,0.00000000e+00,0.00000000e+00,0.00000000e+00,0.00000000e+00,0.00000000e+00,0.00000000e+00,2.73856800e-04
9.13500000e+01,3.00922105e-07,0.00000000e+00,0.00000000e+00,0.00000000e+00,0.00000000e+00,0.00000000e+00,0.00000000e+00,0.00000000e+00,0.00000000e+00,0.00000000e+00,0.00000000e+00,0.00000000e+00,0.00000000e+00,0.00000000e+00,0.00000000e+00,0.00000000e+00,0.00000000e+00,0.00000000e+00,0.00000000e+00,0.00000000e+00,0.00000000e+00,0.00000000e+00,0.00000000e+00,0.00000000e+00,2.71938142e-04
9.14500000e+01,3.00922105e-07,0.00000000e+00,0.00000000e+00,0.00000000e+00,0.00000000e+00,0.00000000e+00,0.00000000e+00,0.00000000e+00,0.00000000e+00,0.00000000e+00,0.00000000e+00,0.00000000e+00,0.00000000e+00,0.00000000e+00,0.00000000e+00,0.00000000e+00,0.00000000e+00,0.00000000e+00,0.00000000e+00,0.00000000e+00,0.00000000e+00,0.00000000e+00,0.00000000e+00,0.00000000e+00,2.78038945e-04
9.15500000e+01,3.00922105e-07,0.00000000e+00,0.00000000e+00,0.00000000e+00,0.00000000e+00,0.00000000e+00,0.00000000e+00,0.00000000e+00,0.00000000e+00,0.00000000e+00,0.00000000e+00,0.00000000e+00,0.00000000e+00,0.00000000e+00,0.00000000e+00,0.00000000e+00,0.00000000e+00,0.00000000e+00,0.00000000e+00,0.00000000e+00,0.00000000e+00,0.00000000e+00,0.00000000e+00,0.00000000e+00,2.72153068e-04
9.16500000e+01,3.00922105e-07,0.00000000e+00,0.00000000e+00,0.00000000e+00,0.00000000e+00,0.00000000e+00,0.00000000e+00,0.00000000e+00,0.00000000e+00,0.00000000e+00,0.00000000e+00,0.00000000e+00,0.00000000e+00,0.00000000e+00,0.00000000e+00,0.00000000e+00,0.00000000e+00,0.00000000e+00,0.00000000e+00,0.00000000e+00,0.00000000e+00,0.00000000e+00,0.00000000e+00,0.00000000e+00,2.69610127e-04
9.17500000e+01,3.00922105e-07,0.00000000e+00,0.00000000e+00,0.00000000e+00,0.00000000e+00,0.00000000e+00,0.00000000e+00,0.00000000e+00,0.00000000e+00,0.00000000e+00,0.00000000e+00,0.00000000e+00,0.00000000e+00,0.00000000e+00,0.00000000e+00,0.00000000e+00,0.00000000e+00,0.00000000e+00,0.00000000e+00,0.00000000e+00,0.00000000e+00,0.00000000e+00,0.00000000e+00,0.00000000e+00,2.71541180e-04
9.18500000e+01,3.00922105e-07,0.00000000e+00,0.00000000e+00,0.00000000e+00,0.00000000e+00,0.00000000e+00,0.00000000e+00,0.00000000e+00,0.00000000e+00,0.00000000e+00,0.00000000e+00,0.00000000e+00,0.00000000e+00,0.00000000e+00,0.00000000e+00,0.00000000e+00,0.00000000e+00,0.00000000e+00,0.00000000e+00,0.00000000e+00,0.00000000e+00,0.00000000e+00,0.00000000e+00,0.00000000e+00,2.78371445e-04
9.19500000e+01,3.00922105e-07,0.00000000e+00,0.00000000e+00,0.00000000e+00,0.00000000e+00,0.00000000e+00,0.00000000e+00,0.00000000e+00,0.00000000e+00,0.00000000e+00,0.00000000e+00,0.00000000e+00,0.00000000e+00,0.00000000e+00,0.00000000e+00,0.00000000e+00,0.00000000e+00,0.00000000e+00,0.00000000e+00,0.00000000e+00,0.00000000e+00,0.00000000e+00,0.00000000e+00,0.00000000e+00,2.80941263e-04
9.20500000e+01,3.00922105e-07,0.00000000e+00,0.00000000e+00,0.00000000e+00,0.00000000e+00,0.00000000e+00,0.00000000e+00,0.00000000e+00,0.00000000e+00,0.00000000e+00,0.00000000e+00,0.00000000e+00,0.00000000e+00,0.00000000e+00,0.00000000e+00,0.00000000e+00,0.00000000e+00,0.00000000e+00,0.00000000e+00,0.00000000e+00,0.00000000e+00,0.00000000e+00,0.00000000e+00,0.00000000e+00,2.76432677e-04
9.21500000e+01,3.00922105e-07,0.00000000e+00,0.00000000e+00,0.00000000e+00,0.00000000e+00,0.00000000e+00,0.00000000e+00,0.00000000e+00,0.00000000e+00,0.00000000e+00,0.00000000e+00,0.00000000e+00,0.00000000e+00,0.00000000e+00,0.00000000e+00,0.00000000e+00,0.00000000e+00,0.00000000e+00,0.00000000e+00,0.00000000e+00,0.00000000e+00,0.00000000e+00,0.00000000e+00,0.00000000e+00,2.62141917e-04
9.22500000e+01,3.00922105e-07,0.00000000e+00,0.00000000e+00,0.00000000e+00,0.00000000e+00,0.00000000e+00,0.00000000e+00,0.00000000e+00,0.00000000e+00,0.00000000e+00,0.00000000e+00,0.00000000e+00,0.00000000e+00,0.00000000e+00,0.00000000e+00,0.00000000e+00,0.00000000e+00,0.00000000e+00,0.00000000e+00,0.00000000e+00,0.00000000e+00,0.00000000e+00,0.00000000e+00,0.00000000e+00,2.64920279e-04
9.23500000e+01,3.00922105e-07,0.00000000e+00,0.00000000e+00,0.00000000e+00,0.00000000e+00,0.00000000e+00,0.00000000e+00,0.00000000e+00,0.00000000e+00,0.00000000e+00,0.00000000e+00,0.00000000e+00,0.00000000e+00,0.00000000e+00,0.00000000e+00,0.00000000e+00,0.00000000e+00,0.00000000e+00,0.00000000e+00,0.00000000e+00,0.00000000e+00,0.00000000e+00,0.00000000e+00,0.00000000e+00,2.64147298e-04
9.24500000e+01,3.00922105e-07,0.00000000e+00,0.00000000e+00,0.00000000e+00,0.00000000e+00,0.00000000e+00,0.00000000e+00,0.00000000e+00,0.00000000e+00,0.00000000e+00,0.00000000e+00,0.00000000e+00,0.00000000e+00,0.00000000e+00,0.00000000e+00,0.00000000e+00,0.00000000e+00,0.00000000e+00,0.00000000e+00,0.00000000e+00,0.00000000e+00,0.00000000e+00,0.00000000e+00,0.00000000e+00,2.65466720e-04
9.25500000e+01,3.00922105e-07,0.00000000e+00,0.00000000e+00,0.00000000e+00,0.00000000e+00,0.00000000e+00,0.00000000e+00,0.00000000e+00,0.00000000e+00,0.00000000e+00,0.00000000e+00,0.00000000e+00,0.00000000e+00,0.00000000e+00,0.00000000e+00,0.00000000e+00,0.00000000e+00,0.00000000e+00,0.00000000e+00,0.00000000e+00,0.00000000e+00,0.00000000e+00,0.00000000e+00,0.00000000e+00,2.57725284e-04
9.26500000e+01,3.00922105e-07,0.00000000e+00,0.00000000e+00,0.00000000e+00,0.00000000e+00,0.00000000e+00,0.00000000e+00,0.00000000e+00,0.00000000e+00,0.00000000e+00,0.00000000e+00,0.00000000e+00,0.00000000e+00,0.00000000e+00,0.00000000e+00,0.00000000e+00,0.00000000e+00,0.00000000e+00,0.00000000e+00,0.00000000e+00,0.00000000e+00,0.00000000e+00,0.00000000e+00,0.00000000e+00,2.59867411e-04
9.27500000e+01,3.00922105e-07,0.00000000e+00,0.00000000e+00,0.00000000e+00,0.00000000e+00,0.00000000e+00,0.00000000e+00,0.00000000e+00,0.00000000e+00,0.00000000e+00,0.00000000e+00,0.00000000e+00,0.00000000e+00,0.00000000e+00,0.00000000e+00,0.00000000e+00,0.00000000e+00,0.00000000e+00,0.00000000e+00,0.00000000e+00,0.00000000e+00,0.00000000e+00,0.00000000e+00,0.00000000e+00,2.59056136e-04
9.28500000e+01,3.00922105e-07,0.00000000e+00,0.00000000e+00,0.00000000e+00,0.00000000e+00,0.00000000e+00,0.00000000e+00,0.00000000e+00,0.00000000e+00,0.00000000e+00,0.00000000e+00,0.00000000e+00,0.00000000e+00,0.00000000e+00,0.00000000e+00,0.00000000e+00,0.00000000e+00,0.00000000e+00,0.00000000e+00,0.00000000e+00,0.00000000e+00,0.00000000e+00,0.00000000e+00,0.00000000e+00,2.55995929e-04
9.29500000e+01,3.00922105e-07,0.00000000e+00,0.00000000e+00,0.00000000e+00,0.00000000e+00,0.00000000e+00,0.00000000e+00,0.00000000e+00,0.00000000e+00,0.00000000e+00,0.00000000e+00,0.00000000e+00,0.00000000e+00,0.00000000e+00,0.00000000e+00,0.00000000e+00,0.00000000e+00,0.00000000e+00,0.00000000e+00,0.00000000e+00,0.00000000e+00,0.00000000e+00,0.00000000e+00,0.00000000e+00,2.54514109e-04
9.30500000e+01,3.00922105e-07,0.00000000e+00,0.00000000e+00,0.00000000e+00,0.00000000e+00,0.00000000e+00,0.00000000e+00,0.00000000e+00,0.00000000e+00,0.00000000e+00,0.00000000e+00,0.00000000e+00,0.00000000e+00,0.00000000e+00,0.00000000e+00,0.00000000e+00,0.00000000e+00,0.00000000e+00,0.00000000e+00,0.00000000e+00,0.00000000e+00,0.00000000e+00,0.00000000e+00,0.00000000e+00,2.61176798e-04
9.31500000e+01,3.00922105e-07,0.00000000e+00,0.00000000e+00,0.00000000e+00,0.00000000e+00,0.00000000e+00,0.00000000e+00,0.00000000e+00,0.00000000e+00,0.00000000e+00,0.00000000e+00,0.00000000e+00,0.00000000e+00,0.00000000e+00,0.00000000e+00,0.00000000e+00,0.00000000e+00,0.00000000e+00,0.00000000e+00,0.00000000e+00,0.00000000e+00,0.00000000e+00,0.00000000e+00,0.00000000e+00,2.59073717e-04
9.32500000e+01,3.00922105e-07,0.00000000e+00,0.00000000e+00,0.00000000e+00,0.00000000e+00,0.00000000e+00,0.00000000e+00,0.00000000e+00,0.00000000e+00,0.00000000e+00,0.00000000e+00,0.00000000e+00,0.00000000e+00,0.00000000e+00,0.00000000e+00,0.00000000e+00,0.00000000e+00,0.00000000e+00,0.00000000e+00,0.00000000e+00,0.00000000e+00,0.00000000e+00,0.00000000e+00,0.00000000e+00,2.63541973e-04
9.33500000e+01,3.00922105e-07,0.00000000e+00,0.00000000e+00,0.00000000e+00,0.00000000e+00,0.00000000e+00,0.00000000e+00,0.00000000e+00,0.00000000e+00,0.00000000e+00,0.00000000e+00,0.00000000e+00,0.00000000e+00,0.00000000e+00,0.00000000e+00,0.00000000e+00,0.00000000e+00,0.00000000e+00,0.00000000e+00,0.00000000e+00,0.00000000e+00,0.00000000e+00,0.00000000e+00,0.00000000e+00,2.56471683e-04
9.34500000e+01,3.00922105e-07,0.00000000e+00,0.00000000e+00,0.00000000e+00,0.00000000e+00,0.00000000e+00,0.00000000e+00,0.00000000e+00,0.00000000e+00,0.00000000e+00,0.00000000e+00,0.00000000e+00,0.00000000e+00,0.00000000e+00,0.00000000e+00,0.00000000e+00,0.00000000e+00,0.00000000e+00,0.00000000e+00,0.00000000e+00,0.00000000e+00,0.00000000e+00,0.00000000e+00,0.00000000e+00,2.57740470e-04
9.35500000e+01,3.00922105e-07,0.00000000e+00,0.00000000e+00,0.00000000e+00,0.00000000e+00,0.00000000e+00,0.00000000e+00,0.00000000e+00,0.00000000e+00,0.00000000e+00,0.00000000e+00,0.00000000e+00,0.00000000e+00,0.00000000e+00,0.00000000e+00,0.00000000e+00,0.00000000e+00,0.00000000e+00,0.00000000e+00,0.00000000e+00,0.00000000e+00,0.00000000e+00,0.00000000e+00,0.00000000e+00,2.54105990e-04
9.36500000e+01,3.00922105e-07,0.00000000e+00,0.00000000e+00,0.00000000e+00,0.00000000e+00,0.00000000e+00,0.00000000e+00,0.00000000e+00,0.00000000e+00,0.00000000e+00,0.00000000e+00,0.00000000e+00,0.00000000e+00,0.00000000e+00,0.00000000e+00,0.00000000e+00,0.00000000e+00,0.00000000e+00,0.00000000e+00,0.00000000e+00,0.00000000e+00,0.00000000e+00,0.00000000e+00,0.00000000e+00,2.54713962e-04
9.37500000e+01,3.00922105e-07,0.00000000e+00,0.00000000e+00,0.00000000e+00,0.00000000e+00,0.00000000e+00,0.00000000e+00,0.00000000e+00,0.00000000e+00,0.00000000e+00,0.00000000e+00,0.00000000e+00,0.00000000e+00,0.00000000e+00,0.00000000e+00,0.00000000e+00,0.00000000e+00,0.00000000e+00,0.00000000e+00,0.00000000e+00,0.00000000e+00,0.00000000e+00,0.00000000e+00,0.00000000e+00,2.51009883e-04
9.38500000e+01,3.00922105e-07,0.00000000e+00,0.00000000e+00,0.00000000e+00,0.00000000e+00,0.00000000e+00,0.00000000e+00,0.00000000e+00,0.00000000e+00,0.00000000e+00,0.00000000e+00,0.00000000e+00,0.00000000e+00,0.00000000e+00,0.00000000e+00,0.00000000e+00,0.00000000e+00,0.00000000e+00,0.00000000e+00,0.00000000e+00,0.00000000e+00,0.00000000e+00,0.00000000e+00,0.00000000e+00,2.44191987e-04
9.39500000e+01,3.00922105e-07,0.00000000e+00,0.00000000e+00,0.00000000e+00,0.00000000e+00,0.00000000e+00,0.00000000e+00,0.00000000e+00,0.00000000e+00,0.00000000e+00,0.00000000e+00,0.00000000e+00,0.00000000e+00,0.00000000e+00,0.00000000e+00,0.00000000e+00,0.00000000e+00,0.00000000e+00,0.00000000e+00,0.00000000e+00,0.00000000e+00,0.00000000e+00,0.00000000e+00,0.00000000e+00,2.50166308e-04
9.40500000e+01,3.00922105e-07,0.00000000e+00,0.00000000e+00,0.00000000e+00,0.00000000e+00,0.00000000e+00,0.00000000e+00,0.00000000e+00,0.00000000e+00,0.00000000e+00,0.00000000e+00,0.00000000e+00,0.00000000e+00,0.00000000e+00,0.00000000e+00,0.00000000e+00,0.00000000e+00,0.00000000e+00,0.00000000e+00,0.00000000e+00,0.00000000e+00,0.00000000e+00,0.00000000e+00,0.00000000e+00,2.50154493e-04
9.41500000e+01,3.00922105e-07,0.00000000e+00,0.00000000e+00,0.00000000e+00,0.00000000e+00,0.00000000e+00,0.00000000e+00,0.00000000e+00,0.00000000e+00,0.00000000e+00,0.00000000e+00,0.00000000e+00,0.00000000e+00,0.00000000e+00,0.00000000e+00,0.00000000e+00,0.00000000e+00,0.00000000e+00,0.00000000e+00,0.00000000e+00,0.00000000e+00,0.00000000e+00,0.00000000e+00,0.00000000e+00,2.49586869e-04
9.42500000e+01,3.00922105e-07,0.00000000e+00,0.00000000e+00,0.00000000e+00,0.00000000e+00,0.00000000e+00,0.00000000e+00,0.00000000e+00,0.00000000e+00,0.00000000e+00,0.00000000e+00,0.00000000e+00,0.00000000e+00,0.00000000e+00,0.00000000e+00,0.00000000e+00,0.00000000e+00,0.00000000e+00,0.00000000e+00,0.00000000e+00,0.00000000e+00,0.00000000e+00,0.00000000e+00,0.00000000e+00,2.53695456e-04
9.43500000e+01,3.00922105e-07,0.00000000e+00,0.00000000e+00,0.00000000e+00,0.00000000e+00,0.00000000e+00,0.00000000e+00,0.00000000e+00,0.00000000e+00,0.00000000e+00,0.00000000e+00,0.00000000e+00,0.00000000e+00,0.00000000e+00,0.00000000e+00,0.00000000e+00,0.00000000e+00,0.00000000e+00,0.00000000e+00,0.00000000e+00,0.00000000e+00,0.00000000e+00,0.00000000e+00,0.00000000e+00,2.55596459e-04
9.44500000e+01,3.00922105e-07,0.00000000e+00,0.00000000e+00,0.00000000e+00,0.00000000e+00,0.00000000e+00,0.00000000e+00,0.00000000e+00,0.00000000e+00,0.00000000e+00,0.00000000e+00,0.00000000e+00,0.00000000e+00,0.00000000e+00,0.00000000e+00,0.00000000e+00,0.00000000e+00,0.00000000e+00,0.00000000e+00,0.00000000e+00,0.00000000e+00,0.00000000e+00,0.00000000e+00,0.00000000e+00,2.62325906e-04
9.45500000e+01,3.00922105e-07,0.00000000e+00,0.00000000e+00,0.00000000e+00,0.00000000e+00,0.00000000e+00,0.00000000e+00,0.00000000e+00,0.00000000e+00,0.00000000e+00,0.00000000e+00,0.00000000e+00,0.00000000e+00,0.00000000e+00,0.00000000e+00,0.00000000e+00,0.00000000e+00,0.00000000e+00,0.00000000e+00,0.00000000e+00,0.00000000e+00,0.00000000e+00,0.00000000e+00,0.00000000e+00,2.55175490e-04
9.46500000e+01,3.00922105e-07,0.00000000e+00,0.00000000e+00,0.00000000e+00,0.00000000e+00,0.00000000e+00,0.00000000e+00,0.00000000e+00,0.00000000e+00,0.00000000e+00,0.00000000e+00,0.00000000e+00,0.00000000e+00,0.00000000e+00,0.00000000e+00,0.00000000e+00,0.00000000e+00,0.00000000e+00,0.00000000e+00,0.00000000e+00,0.00000000e+00,0.00000000e+00,0.00000000e+00,0.00000000e+00,2.54476961e-04
9.47500000e+01,3.00922105e-07,0.00000000e+00,0.00000000e+00,0.00000000e+00,0.00000000e+00,0.00000000e+00,0.00000000e+00,0.00000000e+00,0.00000000e+00,0.00000000e+00,0.00000000e+00,0.00000000e+00,0.00000000e+00,0.00000000e+00,0.00000000e+00,0.00000000e+00,0.00000000e+00,0.00000000e+00,0.00000000e+00,0.00000000e+00,0.00000000e+00,0.00000000e+00,0.00000000e+00,0.00000000e+00,2.66296019e-04
9.48500000e+01,3.00922105e-07,0.00000000e+00,0.00000000e+00,0.00000000e+00,0.00000000e+00,0.00000000e+00,0.00000000e+00,0.00000000e+00,0.00000000e+00,0.00000000e+00,0.00000000e+00,0.00000000e+00,0.00000000e+00,0.00000000e+00,0.00000000e+00,0.00000000e+00,0.00000000e+00,0.00000000e+00,0.00000000e+00,0.00000000e+00,0.00000000e+00,0.00000000e+00,0.00000000e+00,0.00000000e+00,2.62047770e-04
9.49500000e+01,3.00922105e-07,0.00000000e+00,0.00000000e+00,0.00000000e+00,0.00000000e+00,0.00000000e+00,0.00000000e+00,0.00000000e+00,0.00000000e+00,0.00000000e+00,0.00000000e+00,0.00000000e+00,0.00000000e+00,0.00000000e+00,0.00000000e+00,0.00000000e+00,0.00000000e+00,0.00000000e+00,0.00000000e+00,0.00000000e+00,0.00000000e+00,0.00000000e+00,0.00000000e+00,0.00000000e+00,2.54997091e-04
9.50500000e+01,3.00922105e-07,0.00000000e+00,0.00000000e+00,0.00000000e+00,0.00000000e+00,0.00000000e+00,0.00000000e+00,0.00000000e+00,0.00000000e+00,0.00000000e+00,0.00000000e+00,0.00000000e+00,0.00000000e+00,0.00000000e+00,0.00000000e+00,0.00000000e+00,0.00000000e+00,0.00000000e+00,0.00000000e+00,0.00000000e+00,0.00000000e+00,0.00000000e+00,0.00000000e+00,0.00000000e+00,2.53862185e-04
9.51500000e+01,3.00922105e-07,0.00000000e+00,0.00000000e+00,0.00000000e+00,0.00000000e+00,0.00000000e+00,0.00000000e+00,0.00000000e+00,0.00000000e+00,0.00000000e+00,0.00000000e+00,0.00000000e+00,0.00000000e+00,0.00000000e+00,0.00000000e+00,0.00000000e+00,0.00000000e+00,0.00000000e+00,0.00000000e+00,0.00000000e+00,0.00000000e+00,0.00000000e+00,0.00000000e+00,0.00000000e+00,2.49613015e-04
9.52500000e+01,3.00922105e-07,0.00000000e+00,0.00000000e+00,0.00000000e+00,0.00000000e+00,0.00000000e+00,0.00000000e+00,0.00000000e+00,0.00000000e+00,0.00000000e+00,0.00000000e+00,0.00000000e+00,0.00000000e+00,0.00000000e+00,0.00000000e+00,0.00000000e+00,0.00000000e+00,0.00000000e+00,0.00000000e+00,0.00000000e+00,0.00000000e+00,0.00000000e+00,0.00000000e+00,0.00000000e+00,2.46297045e-04
9.53500000e+01,3.00922105e-07,0.00000000e+00,0.00000000e+00,0.00000000e+00,0.00000000e+00,0.00000000e+00,0.00000000e+00,0.00000000e+00,0.00000000e+00,0.00000000e+00,0.00000000e+00,0.00000000e+00,0.00000000e+00,0.00000000e+00,0.00000000e+00,0.00000000e+00,0.00000000e+00,0.00000000e+00,0.00000000e+00,0.00000000e+00,0.00000000e+00,0.00000000e+00,0.00000000e+00,0.00000000e+00,2.40484647e-04
9.54500000e+01,3.00922105e-07,0.00000000e+00,0.00000000e+00,0.00000000e+00,0.00000000e+00,0.00000000e+00,0.00000000e+00,0.00000000e+00,0.00000000e+00,0.00000000e+00,0.00000000e+00,0.00000000e+00,0.00000000e+00,0.00000000e+00,0.00000000e+00,0.00000000e+00,0.00000000e+00,0.00000000e+00,0.00000000e+00,0.00000000e+00,0.00000000e+00,0.00000000e+00,0.00000000e+00,0.00000000e+00,2.40368585e-04
9.55500000e+01,3.00922105e-07,0.00000000e+00,0.00000000e+00,0.00000000e+00,0.00000000e+00,0.00000000e+00,0.00000000e+00,0.00000000e+00,0.00000000e+00,0.00000000e+00,0.00000000e+00,0.00000000e+00,0.00000000e+00,0.00000000e+00,0.00000000e+00,0.00000000e+00,0.00000000e+00,0.00000000e+00,0.00000000e+00,0.00000000e+00,0.00000000e+00,0.00000000e+00,0.00000000e+00,0.00000000e+00,2.39366744e-04
9.56500000e+01,3.00922105e-07,0.00000000e+00,0.00000000e+00,0.00000000e+00,0.00000000e+00,0.00000000e+00,0.00000000e+00,0.00000000e+00,0.00000000e+00,0.00000000e+00,0.00000000e+00,0.00000000e+00,0.00000000e+00,0.00000000e+00,0.00000000e+00,0.00000000e+00,0.00000000e+00,0.00000000e+00,0.00000000e+00,0.00000000e+00,0.00000000e+00,0.00000000e+00,0.00000000e+00,0.00000000e+00,2.48663433e-04
9.57500000e+01,3.00922105e-07,0.00000000e+00,0.00000000e+00,0.00000000e+00,0.00000000e+00,0.00000000e+00,0.00000000e+00,0.00000000e+00,0.00000000e+00,0.00000000e+00,0.00000000e+00,0.00000000e+00,0.00000000e+00,0.00000000e+00,0.00000000e+00,0.00000000e+00,0.00000000e+00,0.00000000e+00,0.00000000e+00,0.00000000e+00,0.00000000e+00,0.00000000e+00,0.00000000e+00,0.00000000e+00,2.45413208e-04
9.58500000e+01,3.00922105e-07,0.00000000e+00,0.00000000e+00,0.00000000e+00,0.00000000e+00,0.00000000e+00,0.00000000e+00,0.00000000e+00,0.00000000e+00,0.00000000e+00,0.00000000e+00,0.00000000e+00,0.00000000e+00,0.00000000e+00,0.00000000e+00,0.00000000e+00,0.00000000e+00,0.00000000e+00,0.00000000e+00,0.00000000e+00,0.00000000e+00,0.00000000e+00,0.00000000e+00,0.00000000e+00,2.40524160e-04
9.59500000e+01,3.00922105e-07,0.00000000e+00,0.00000000e+00,0.00000000e+00,0.00000000e+00,0.00000000e+00,0.00000000e+00,0.00000000e+00,0.00000000e+00,0.00000000e+00,0.00000000e+00,0.00000000e+00,0.00000000e+00,0.00000000e+00,0.00000000e+00,0.00000000e+00,0.00000000e+00,0.00000000e+00,0.00000000e+00,0.00000000e+00,0.00000000e+00,0.00000000e+00,0.00000000e+00,0.00000000e+00,2.45919940e-04
9.60500000e+01,3.00922105e-07,0.00000000e+00,0.00000000e+00,0.00000000e+00,0.00000000e+00,0.00000000e+00,0.00000000e+00,0.00000000e+00,0.00000000e+00,0.00000000e+00,0.00000000e+00,0.00000000e+00,0.00000000e+00,0.00000000e+00,0.00000000e+00,0.00000000e+00,0.00000000e+00,0.00000000e+00,0.00000000e+00,0.00000000e+00,0.00000000e+00,0.00000000e+00,0.00000000e+00,0.00000000e+00,2.45337797e-04
9.61500000e+01,3.00922105e-07,0.00000000e+00,0.00000000e+00,0.00000000e+00,0.00000000e+00,0.00000000e+00,0.00000000e+00,0.00000000e+00,0.00000000e+00,0.00000000e+00,0.00000000e+00,0.00000000e+00,0.00000000e+00,0.00000000e+00,0.00000000e+00,0.00000000e+00,0.00000000e+00,0.00000000e+00,0.00000000e+00,0.00000000e+00,0.00000000e+00,0.00000000e+00,0.00000000e+00,0.00000000e+00,2.47348003e-04
9.62500000e+01,3.00922105e-07,0.00000000e+00,0.00000000e+00,0.00000000e+00,0.00000000e+00,0.00000000e+00,0.00000000e+00,0.00000000e+00,0.00000000e+00,0.00000000e+00,0.00000000e+00,0.00000000e+00,0.00000000e+00,0.00000000e+00,0.00000000e+00,0.00000000e+00,0.00000000e+00,0.00000000e+00,0.00000000e+00,0.00000000e+00,0.00000000e+00,0.00000000e+00,0.00000000e+00,0.00000000e+00,2.45071653e-04
9.63500000e+01,3.00922105e-07,0.00000000e+00,0.00000000e+00,0.00000000e+00,0.00000000e+00,0.00000000e+00,0.00000000e+00,0.00000000e+00,0.00000000e+00,0.00000000e+00,0.00000000e+00,0.00000000e+00,0.00000000e+00,0.00000000e+00,0.00000000e+00,0.00000000e+00,0.00000000e+00,0.00000000e+00,0.00000000e+00,0.00000000e+00,0.00000000e+00,0.00000000e+00,0.00000000e+00,0.00000000e+00,2.47812175e-04
9.64500000e+01,3.00922105e-07,0.00000000e+00,0.00000000e+00,0.00000000e+00,0.00000000e+00,0.00000000e+00,0.00000000e+00,0.00000000e+00,0.00000000e+00,0.00000000e+00,0.00000000e+00,0.00000000e+00,0.00000000e+00,0.00000000e+00,0.00000000e+00,0.00000000e+00,0.00000000e+00,0.00000000e+00,0.00000000e+00,0.00000000e+00,0.00000000e+00,0.00000000e+00,0.00000000e+00,0.00000000e+00,2.52877335e-04
9.65500000e+01,3.00922105e-07,0.00000000e+00,0.00000000e+00,0.00000000e+00,0.00000000e+00,0.00000000e+00,0.00000000e+00,0.00000000e+00,0.00000000e+00,0.00000000e+00,0.00000000e+00,0.00000000e+00,0.00000000e+00,0.00000000e+00,0.00000000e+00,0.00000000e+00,0.00000000e+00,0.00000000e+00,0.00000000e+00,0.00000000e+00,0.00000000e+00,0.00000000e+00,0.00000000e+00,0.00000000e+00,2.52552294e-04
9.66500000e+01,3.00922105e-07,0.00000000e+00,0.00000000e+00,0.00000000e+00,0.00000000e+00,0.00000000e+00,0.00000000e+00,0.00000000e+00,0.00000000e+00,0.00000000e+00,0.00000000e+00,0.00000000e+00,0.00000000e+00,0.00000000e+00,0.00000000e+00,0.00000000e+00,0.00000000e+00,0.00000000e+00,0.00000000e+00,0.00000000e+00,0.00000000e+00,0.00000000e+00,0.00000000e+00,0.00000000e+00,2.47023862e-04
9.67500000e+01,3.00922105e-07,0.00000000e+00,0.00000000e+00,0.00000000e+00,0.00000000e+00,0.00000000e+00,0.00000000e+00,0.00000000e+00,0.00000000e+00,0.00000000e+00,0.00000000e+00,0.00000000e+00,0.00000000e+00,0.00000000e+00,0.00000000e+00,0.00000000e+00,0.00000000e+00,0.00000000e+00,0.00000000e+00,0.00000000e+00,0.00000000e+00,0.00000000e+00,0.00000000e+00,0.00000000e+00,2.41394681e-04
9.68500000e+01,3.00922105e-07,0.00000000e+00,0.00000000e+00,0.00000000e+00,0.00000000e+00,0.00000000e+00,0.00000000e+00,0.00000000e+00,0.00000000e+00,0.00000000e+00,0.00000000e+00,0.00000000e+00,0.00000000e+00,0.00000000e+00,0.00000000e+00,0.00000000e+00,0.00000000e+00,0.00000000e+00,0.00000000e+00,0.00000000e+00,0.00000000e+00,0.00000000e+00,0.00000000e+00,0.00000000e+00,2.39425289e-04
9.69500000e+01,3.00922105e-07,0.00000000e+00,0.00000000e+00,0.00000000e+00,0.00000000e+00,0.00000000e+00,0.00000000e+00,0.00000000e+00,0.00000000e+00,0.00000000e+00,0.00000000e+00,0.00000000e+00,0.00000000e+00,0.00000000e+00,0.00000000e+00,0.00000000e+00,0.00000000e+00,0.00000000e+00,0.00000000e+00,0.00000000e+00,0.00000000e+00,0.00000000e+00,0.00000000e+00,0.00000000e+00,2.37394122e-04
9.70500000e+01,3.00922105e-07,0.00000000e+00,0.00000000e+00,0.00000000e+00,0.00000000e+00,0.00000000e+00,0.00000000e+00,0.00000000e+00,0.00000000e+00,0.00000000e+00,0.00000000e+00,0.00000000e+00,0.00000000e+00,0.00000000e+00,0.00000000e+00,0.00000000e+00,0.00000000e+00,0.00000000e+00,0.00000000e+00,0.00000000e+00,0.00000000e+00,0.00000000e+00,0.00000000e+00,0.00000000e+00,2.43807626e-04
9.71500000e+01,3.00922105e-07,0.00000000e+00,0.00000000e+00,0.00000000e+00,0.00000000e+00,0.00000000e+00,0.00000000e+00,0.00000000e+00,0.00000000e+00,0.00000000e+00,0.00000000e+00,0.00000000e+00,0.00000000e+00,0.00000000e+00,0.00000000e+00,0.00000000e+00,0.00000000e+00,0.00000000e+00,0.00000000e+00,0.00000000e+00,0.00000000e+00,0.00000000e+00,0.00000000e+00,0.00000000e+00,2.44664269e-04
9.72500000e+01,3.00922105e-07,0.00000000e+00,0.00000000e+00,0.00000000e+00,0.00000000e+00,0.00000000e+00,0.00000000e+00,0.00000000e+00,0.00000000e+00,0.00000000e+00,0.00000000e+00,0.00000000e+00,0.00000000e+00,0.00000000e+00,0.00000000e+00,0.00000000e+00,0.00000000e+00,0.00000000e+00,0.00000000e+00,0.00000000e+00,0.00000000e+00,0.00000000e+00,0.00000000e+00,0.00000000e+00,2.40866055e-04
9.73500000e+01,3.00922105e-07,0.00000000e+00,0.00000000e+00,0.00000000e+00,0.00000000e+00,0.00000000e+00,0.00000000e+00,0.00000000e+00,0.00000000e+00,0.00000000e+00,0.00000000e+00,0.00000000e+00,0.00000000e+00,0.00000000e+00,0.00000000e+00,0.00000000e+00,0.00000000e+00,0.00000000e+00,0.00000000e+00,0.00000000e+00,0.00000000e+00,0.00000000e+00,0.00000000e+00,0.00000000e+00,2.46053929e-04
9.74500000e+01,3.00922105e-07,0.00000000e+00,0.00000000e+00,0.00000000e+00,0.00000000e+00,0.00000000e+00,0.00000000e+00,0.00000000e+00,0.00000000e+00,0.00000000e+00,0.00000000e+00,0.00000000e+00,0.00000000e+00,0.00000000e+00,0.00000000e+00,0.00000000e+00,0.00000000e+00,0.00000000e+00,0.00000000e+00,0.00000000e+00,0.00000000e+00,0.00000000e+00,0.00000000e+00,0.00000000e+00,2.45964707e-04
9.75500000e+01,3.00922105e-07,0.00000000e+00,0.00000000e+00,0.00000000e+00,0.00000000e+00,0.00000000e+00,0.00000000e+00,0.00000000e+00,0.00000000e+00,0.00000000e+00,0.00000000e+00,0.00000000e+00,0.00000000e+00,0.00000000e+00,0.00000000e+00,0.00000000e+00,0.00000000e+00,0.00000000e+00,0.00000000e+00,0.00000000e+00,0.00000000e+00,0.00000000e+00,0.00000000e+00,0.00000000e+00,2.42948480e-04
9.76500000e+01,3.00922105e-07,0.00000000e+00,0.00000000e+00,0.00000000e+00,0.00000000e+00,0.00000000e+00,0.00000000e+00,0.00000000e+00,0.00000000e+00,0.00000000e+00,0.00000000e+00,0.00000000e+00,0.00000000e+00,0.00000000e+00,0.00000000e+00,0.00000000e+00,0.00000000e+00,0.00000000e+00,0.00000000e+00,0.00000000e+00,0.00000000e+00,0.00000000e+00,0.00000000e+00,0.00000000e+00,2.40892532e-04
9.77500000e+01,3.00922105e-07,0.00000000e+00,0.00000000e+00,0.00000000e+00,0.00000000e+00,0.00000000e+00,0.00000000e+00,0.00000000e+00,0.00000000e+00,0.00000000e+00,0.00000000e+00,0.00000000e+00,0.00000000e+00,0.00000000e+00,0.00000000e+00,0.00000000e+00,0.00000000e+00,0.00000000e+00,0.00000000e+00,0.00000000e+00,0.00000000e+00,0.00000000e+00,0.00000000e+00,0.00000000e+00,2.37113670e-04
9.78500000e+01,3.00922105e-07,0.00000000e+00,0.00000000e+00,0.00000000e+00,0.00000000e+00,0.00000000e+00,0.00000000e+00,0.00000000e+00,0.00000000e+00,0.00000000e+00,0.00000000e+00,0.00000000e+00,0.00000000e+00,0.00000000e+00,0.00000000e+00,0.00000000e+00,0.00000000e+00,0.00000000e+00,0.00000000e+00,0.00000000e+00,0.00000000e+00,0.00000000e+00,0.00000000e+00,0.00000000e+00,2.38506234e-04
9.79500000e+01,3.00922105e-07,0.00000000e+00,0.00000000e+00,0.00000000e+00,0.00000000e+00,0.00000000e+00,0.00000000e+00,0.00000000e+00,0.00000000e+00,0.00000000e+00,0.00000000e+00,0.00000000e+00,0.00000000e+00,0.00000000e+00,0.00000000e+00,0.00000000e+00,0.00000000e+00,0.00000000e+00,0.00000000e+00,0.00000000e+00,0.00000000e+00,0.00000000e+00,0.00000000e+00,0.00000000e+00,2.48647009e-04
9.80500000e+01,3.00922105e-07,0.00000000e+00,0.00000000e+00,0.00000000e+00,0.00000000e+00,0.00000000e+00,0.00000000e+00,0.00000000e+00,0.00000000e+00,0.00000000e+00,0.00000000e+00,0.00000000e+00,0.00000000e+00,0.00000000e+00,0.00000000e+00,0.00000000e+00,0.00000000e+00,0.00000000e+00,0.00000000e+00,0.00000000e+00,0.00000000e+00,0.00000000e+00,0.00000000e+00,0.00000000e+00,2.45507223e-04
9.81500000e+01,3.00922105e-07,0.00000000e+00,0.00000000e+00,0.00000000e+00,0.00000000e+00,0.00000000e+00,0.00000000e+00,0.00000000e+00,0.00000000e+00,0.00000000e+00,0.00000000e+00,0.00000000e+00,0.00000000e+00,0.00000000e+00,0.00000000e+00,0.00000000e+00,0.00000000e+00,0.00000000e+00,0.00000000e+00,0.00000000e+00,0.00000000e+00,0.00000000e+00,0.00000000e+00,0.00000000e+00,2.46505694e-04
9.82500000e+01,3.00922105e-07,0.00000000e+00,0.00000000e+00,0.00000000e+00,0.00000000e+00,0.00000000e+00,0.00000000e+00,0.00000000e+00,0.00000000e+00,0.00000000e+00,0.00000000e+00,0.00000000e+00,0.00000000e+00,0.00000000e+00,0.00000000e+00,0.00000000e+00,0.00000000e+00,0.00000000e+00,0.00000000e+00,0.00000000e+00,0.00000000e+00,0.00000000e+00,0.00000000e+00,0.00000000e+00,2.51129506e-04
9.83500000e+01,3.00922105e-07,0.00000000e+00,0.00000000e+00,0.00000000e+00,0.00000000e+00,0.00000000e+00,0.00000000e+00,0.00000000e+00,0.00000000e+00,0.00000000e+00,0.00000000e+00,0.00000000e+00,0.00000000e+00,0.00000000e+00,0.00000000e+00,0.00000000e+00,0.00000000e+00,0.00000000e+00,0.00000000e+00,0.00000000e+00,0.00000000e+00,0.00000000e+00,0.00000000e+00,0.00000000e+00,2.43891950e-04
9.84500000e+01,3.00922105e-07,0.00000000e+00,0.00000000e+00,0.00000000e+00,0.00000000e+00,0.00000000e+00,0.00000000e+00,0.00000000e+00,0.00000000e+00,0.00000000e+00,0.00000000e+00,0.00000000e+00,0.00000000e+00,0.00000000e+00,0.00000000e+00,0.00000000e+00,0.00000000e+00,0.00000000e+00,0.00000000e+00,0.00000000e+00,0.00000000e+00,0.00000000e+00,0.00000000e+00,0.00000000e+00,2.53192678e-04
9.85500000e+01,3.00922105e-07,0.00000000e+00,0.00000000e+00,0.00000000e+00,0.00000000e+00,0.00000000e+00,0.00000000e+00,0.00000000e+00,0.00000000e+00,0.00000000e+00,0.00000000e+00,0.00000000e+00,0.00000000e+00,0.00000000e+00,0.00000000e+00,0.00000000e+00,0.00000000e+00,0.00000000e+00,0.00000000e+00,0.00000000e+00,0.00000000e+00,0.00000000e+00,0.00000000e+00,0.00000000e+00,2.52412734e-04
9.86500000e+01,3.00922105e-07,0.00000000e+00,0.00000000e+00,0.00000000e+00,0.00000000e+00,0.00000000e+00,0.00000000e+00,0.00000000e+00,0.00000000e+00,0.00000000e+00,0.00000000e+00,0.00000000e+00,0.00000000e+00,0.00000000e+00,0.00000000e+00,0.00000000e+00,0.00000000e+00,0.00000000e+00,0.00000000e+00,0.00000000e+00,0.00000000e+00,0.00000000e+00,0.00000000e+00,0.00000000e+00,2.46593653e-04
9.87500000e+01,3.00922105e-07,0.00000000e+00,0.00000000e+00,0.00000000e+00,0.00000000e+00,0.00000000e+00,0.00000000e+00,0.00000000e+00,0.00000000e+00,0.00000000e+00,0.00000000e+00,0.00000000e+00,0.00000000e+00,0.00000000e+00,0.00000000e+00,0.00000000e+00,0.00000000e+00,0.00000000e+00,0.00000000e+00,0.00000000e+00,0.00000000e+00,0.00000000e+00,0.00000000e+00,0.00000000e+00,2.40298130e-04
9.88500000e+01,3.00922105e-07,0.00000000e+00,0.00000000e+00,0.00000000e+00,0.00000000e+00,0.00000000e+00,0.00000000e+00,0.00000000e+00,0.00000000e+00,0.00000000e+00,0.00000000e+00,0.00000000e+00,0.00000000e+00,0.00000000e+00,0.00000000e+00,0.00000000e+00,0.00000000e+00,0.00000000e+00,0.00000000e+00,0.00000000e+00,0.00000000e+00,0.00000000e+00,0.00000000e+00,0.00000000e+00,2.42214809e-04
9.89500000e+01,3.00922105e-07,0.00000000e+00,0.00000000e+00,0.00000000e+00,0.00000000e+00,0.00000000e+00,0.00000000e+00,0.00000000e+00,0.00000000e+00,0.00000000e+00,0.00000000e+00,0.00000000e+00,0.00000000e+00,0.00000000e+00,0.00000000e+00,0.00000000e+00,0.00000000e+00,0.00000000e+00,0.00000000e+00,0.00000000e+00,0.00000000e+00,0.00000000e+00,0.00000000e+00,0.00000000e+00,2.40730066e-04
9.90500000e+01,3.00922105e-07,0.00000000e+00,0.00000000e+00,0.00000000e+00,0.00000000e+00,0.00000000e+00,0.00000000e+00,0.00000000e+00,0.00000000e+00,0.00000000e+00,0.00000000e+00,0.00000000e+00,0.00000000e+00,0.00000000e+00,0.00000000e+00,0.00000000e+00,0.00000000e+00,0.00000000e+00,0.00000000e+00,0.00000000e+00,0.00000000e+00,0.00000000e+00,0.00000000e+00,0.00000000e+00,2.39643902e-04
9.91500000e+01,3.00922105e-07,0.00000000e+00,0.00000000e+00,0.00000000e+00,0.00000000e+00,0.00000000e+00,0.00000000e+00,0.00000000e+00,0.00000000e+00,0.00000000e+00,0.00000000e+00,0.00000000e+00,0.00000000e+00,0.00000000e+00,0.00000000e+00,0.00000000e+00,0.00000000e+00,0.00000000e+00,0.00000000e+00,0.00000000e+00,0.00000000e+00,0.00000000e+00,0.00000000e+00,0.00000000e+00,2.39511559e-04
9.92500000e+01,3.00922105e-07,0.00000000e+00,0.00000000e+00,0.00000000e+00,0.00000000e+00,0.00000000e+00,0.00000000e+00,0.00000000e+00,0.00000000e+00,0.00000000e+00,0.00000000e+00,0.00000000e+00,0.00000000e+00,0.00000000e+00,0.00000000e+00,0.00000000e+00,0.00000000e+00,0.00000000e+00,0.00000000e+00,0.00000000e+00,0.00000000e+00,0.00000000e+00,0.00000000e+00,0.00000000e+00,2.39965784e-04
9.93500000e+01,3.00922105e-07,0.00000000e+00,0.00000000e+00,0.00000000e+00,0.00000000e+00,0.00000000e+00,0.00000000e+00,0.00000000e+00,0.00000000e+00,0.00000000e+00,0.00000000e+00,0.00000000e+00,0.00000000e+00,0.00000000e+00,0.00000000e+00,0.00000000e+00,0.00000000e+00,0.00000000e+00,0.00000000e+00,0.00000000e+00,0.00000000e+00,0.00000000e+00,0.00000000e+00,0.00000000e+00,2.40749168e-04
9.94500000e+01,3.00922105e-07,0.00000000e+00,0.00000000e+00,0.00000000e+00,0.00000000e+00,0.00000000e+00,0.00000000e+00,0.00000000e+00,0.00000000e+00,0.00000000e+00,0.00000000e+00,0.00000000e+00,0.00000000e+00,0.00000000e+00,0.00000000e+00,0.00000000e+00,0.00000000e+00,0.00000000e+00,0.00000000e+00,0.00000000e+00,0.00000000e+00,0.00000000e+00,0.00000000e+00,0.00000000e+00,2.42919943e-04
9.95500000e+01,3.00922105e-07,0.00000000e+00,0.00000000e+00,0.00000000e+00,0.00000000e+00,0.00000000e+00,0.00000000e+00,0.00000000e+00,0.00000000e+00,0.00000000e+00,0.00000000e+00,0.00000000e+00,0.00000000e+00,0.00000000e+00,0.00000000e+00,0.00000000e+00,0.00000000e+00,0.00000000e+00,0.00000000e+00,0.00000000e+00,0.00000000e+00,0.00000000e+00,0.00000000e+00,0.00000000e+00,2.37130469e-04
9.96500000e+01,3.00922105e-07,0.00000000e+00,0.00000000e+00,0.00000000e+00,0.00000000e+00,0.00000000e+00,0.00000000e+00,0.00000000e+00,0.00000000e+00,0.00000000e+00,0.00000000e+00,0.00000000e+00,0.00000000e+00,0.00000000e+00,0.00000000e+00,0.00000000e+00,0.00000000e+00,0.00000000e+00,0.00000000e+00,0.00000000e+00,0.00000000e+00,0.00000000e+00,0.00000000e+00,0.00000000e+00,2.34448739e-04
9.97500000e+01,3.00922105e-07,0.00000000e+00,0.00000000e+00,0.00000000e+00,0.00000000e+00,0.00000000e+00,0.00000000e+00,0.00000000e+00,0.00000000e+00,0.00000000e+00,0.00000000e+00,0.00000000e+00,0.00000000e+00,0.00000000e+00,0.00000000e+00,0.00000000e+00,0.00000000e+00,0.00000000e+00,0.00000000e+00,0.00000000e+00,0.00000000e+00,0.00000000e+00,0.00000000e+00,0.00000000e+00,2.34221774e-04
9.98500000e+01,3.00922105e-07,0.00000000e+00,0.00000000e+00,0.00000000e+00,0.00000000e+00,0.00000000e+00,0.00000000e+00,0.00000000e+00,0.00000000e+00,0.00000000e+00,0.00000000e+00,0.00000000e+00,0.00000000e+00,0.00000000e+00,0.00000000e+00,0.00000000e+00,0.00000000e+00,0.00000000e+00,0.00000000e+00,0.00000000e+00,0.00000000e+00,0.00000000e+00,0.00000000e+00,0.00000000e+00,2.29815732e-04
9.99500000e+01,3.00922105e-07,0.00000000e+00,0.00000000e+00,0.00000000e+00,0.00000000e+00,0.00000000e+00,0.00000000e+00,0.00000000e+00,0.00000000e+00,0.00000000e+00,0.00000000e+00,0.00000000e+00,0.00000000e+00,0.00000000e+00,0.00000000e+00,0.00000000e+00,0.00000000e+00,0.00000000e+00,0.00000000e+00,0.00000000e+00,0.00000000e+00,0.00000000e+00,0.00000000e+00,0.00000000e+00,2.22758975e-04
1.00050000e+02,3.00922105e-07,0.00000000e+00,0.00000000e+00,0.00000000e+00,0.00000000e+00,0.00000000e+00,0.00000000e+00,0.00000000e+00,0.00000000e+00,0.00000000e+00,0.00000000e+00,0.00000000e+00,0.00000000e+00,0.00000000e+00,0.00000000e+00,0.00000000e+00,0.00000000e+00,0.00000000e+00,0.00000000e+00,0.00000000e+00,0.00000000e+00,0.00000000e+00,0.00000000e+00,0.00000000e+00,2.23340133e-04
1.00150000e+02,3.00922105e-07,0.00000000e+00,0.00000000e+00,0.00000000e+00,0.00000000e+00,0.00000000e+00,0.00000000e+00,0.00000000e+00,0.00000000e+00,0.00000000e+00,0.00000000e+00,0.00000000e+00,0.00000000e+00,0.00000000e+00,0.00000000e+00,0.00000000e+00,0.00000000e+00,0.00000000e+00,0.00000000e+00,0.00000000e+00,0.00000000e+00,0.00000000e+00,0.00000000e+00,0.00000000e+00,2.25938474e-04
1.00250000e+02,3.00922105e-07,0.00000000e+00,0.00000000e+00,0.00000000e+00,0.00000000e+00,0.00000000e+00,0.00000000e+00,0.00000000e+00,0.00000000e+00,0.00000000e+00,0.00000000e+00,0.00000000e+00,0.00000000e+00,0.00000000e+00,0.00000000e+00,0.00000000e+00,0.00000000e+00,0.00000000e+00,0.00000000e+00,0.00000000e+00,0.00000000e+00,0.00000000e+00,0.00000000e+00,0.00000000e+00,2.21970506e-04
1.00350000e+02,3.00922105e-07,0.00000000e+00,0.00000000e+00,0.00000000e+00,0.00000000e+00,0.00000000e+00,0.00000000e+00,0.00000000e+00,0.00000000e+00,0.00000000e+00,0.00000000e+00,0.00000000e+00,0.00000000e+00,0.00000000e+00,0.00000000e+00,0.00000000e+00,0.00000000e+00,0.00000000e+00,0.00000000e+00,0.00000000e+00,0.00000000e+00,0.00000000e+00,0.00000000e+00,0.00000000e+00,2.25643816e-04
1.00450000e+02,3.00922105e-07,0.00000000e+00,0.00000000e+00,0.00000000e+00,0.00000000e+00,0.00000000e+00,0.00000000e+00,0.00000000e+00,0.00000000e+00,0.00000000e+00,0.00000000e+00,0.00000000e+00,0.00000000e+00,0.00000000e+00,0.00000000e+00,0.00000000e+00,0.00000000e+00,0.00000000e+00,0.00000000e+00,0.00000000e+00,0.00000000e+00,0.00000000e+00,0.00000000e+00,0.00000000e+00,2.24379011e-04
1.00550000e+02,3.00922105e-07,0.00000000e+00,0.00000000e+00,0.00000000e+00,0.00000000e+00,0.00000000e+00,0.00000000e+00,0.00000000e+00,0.00000000e+00,0.00000000e+00,0.00000000e+00,0.00000000e+00,0.00000000e+00,0.00000000e+00,0.00000000e+00,0.00000000e+00,0.00000000e+00,0.00000000e+00,0.00000000e+00,0.00000000e+00,0.00000000e+00,0.00000000e+00,0.00000000e+00,0.00000000e+00,2.31697638e-04
1.00650000e+02,3.00922105e-07,0.00000000e+00,0.00000000e+00,0.00000000e+00,0.00000000e+00,0.00000000e+00,0.00000000e+00,0.00000000e+00,0.00000000e+00,0.00000000e+00,0.00000000e+00,0.00000000e+00,0.00000000e+00,0.00000000e+00,0.00000000e+00,0.00000000e+00,0.00000000e+00,0.00000000e+00,0.00000000e+00,0.00000000e+00,0.00000000e+00,0.00000000e+00,0.00000000e+00,0.00000000e+00,2.19441945e-04
1.00750000e+02,3.00922105e-07,0.00000000e+00,0.00000000e+00,0.00000000e+00,0.00000000e+00,0.00000000e+00,0.00000000e+00,0.00000000e+00,0.00000000e+00,0.00000000e+00,0.00000000e+00,0.00000000e+00,0.00000000e+00,0.00000000e+00,0.00000000e+00,0.00000000e+00,0.00000000e+00,0.00000000e+00,0.00000000e+00,0.00000000e+00,0.00000000e+00,0.00000000e+00,0.00000000e+00,0.00000000e+00,2.18948296e-04
1.00850000e+02,3.00922105e-07,0.00000000e+00,0.00000000e+00,0.00000000e+00,0.00000000e+00,0.00000000e+00,0.00000000e+00,0.00000000e+00,0.00000000e+00,0.00000000e+00,0.00000000e+00,0.00000000e+00,0.00000000e+00,0.00000000e+00,0.00000000e+00,0.00000000e+00,0.00000000e+00,0.00000000e+00,0.00000000e+00,0.00000000e+00,0.00000000e+00,0.00000000e+00,0.00000000e+00,0.00000000e+00,2.22056469e-04
1.00950000e+02,3.00922105e-07,0.00000000e+00,0.00000000e+00,0.00000000e+00,0.00000000e+00,0.00000000e+00,0.00000000e+00,0.00000000e+00,0.00000000e+00,0.00000000e+00,0.00000000e+00,0.00000000e+00,0.00000000e+00,0.00000000e+00,0.00000000e+00,0.00000000e+00,0.00000000e+00,0.00000000e+00,0.00000000e+00,0.00000000e+00,0.00000000e+00,0.00000000e+00,0.00000000e+00,0.00000000e+00,2.23003069e-04
1.01050000e+02,3.00922105e-07,0.00000000e+00,0.00000000e+00,0.00000000e+00,0.00000000e+00,0.00000000e+00,0.00000000e+00,0.00000000e+00,0.00000000e+00,0.00000000e+00,0.00000000e+00,0.00000000e+00,0.00000000e+00,0.00000000e+00,0.00000000e+00,0.00000000e+00,0.00000000e+00,0.00000000e+00,0.00000000e+00,0.00000000e+00,0.00000000e+00,0.00000000e+00,0.00000000e+00,0.00000000e+00,2.22390268e-04
1.01150000e+02,3.00922105e-07,0.00000000e+00,0.00000000e+00,0.00000000e+00,0.00000000e+00,0.00000000e+00,0.00000000e+00,0.00000000e+00,0.00000000e+00,0.00000000e+00,0.00000000e+00,0.00000000e+00,0.00000000e+00,0.00000000e+00,0.00000000e+00,0.00000000e+00,0.00000000e+00,0.00000000e+00,0.00000000e+00,0.00000000e+00,0.00000000e+00,0.00000000e+00,0.00000000e+00,0.00000000e+00,2.21325526e-04
1.01250000e+02,3.00922105e-07,0.00000000e+00,0.00000000e+00,0.00000000e+00,0.00000000e+00,0.00000000e+00,0.00000000e+00,0.00000000e+00,0.00000000e+00,0.00000000e+00,0.00000000e+00,0.00000000e+00,0.00000000e+00,0.00000000e+00,0.00000000e+00,0.00000000e+00,0.00000000e+00,0.00000000e+00,0.00000000e+00,0.00000000e+00,0.00000000e+00,0.00000000e+00,0.00000000e+00,0.00000000e+00,2.17768622e-04
1.01350000e+02,3.00922105e-07,0.00000000e+00,0.00000000e+00,0.00000000e+00,0.00000000e+00,0.00000000e+00,0.00000000e+00,0.00000000e+00,0.00000000e+00,0.00000000e+00,0.00000000e+00,0.00000000e+00,0.00000000e+00,0.00000000e+00,0.00000000e+00,0.00000000e+00,0.00000000e+00,0.00000000e+00,0.00000000e+00,0.00000000e+00,0.00000000e+00,0.00000000e+00,0.00000000e+00,0.00000000e+00,2.13560735e-04
1.01450000e+02,3.00922105e-07,0.00000000e+00,0.00000000e+00,0.00000000e+00,0.00000000e+00,0.00000000e+00,0.00000000e+00,0.00000000e+00,0.00000000e+00,0.00000000e+00,0.00000000e+00,0.00000000e+00,0.00000000e+00,0.00000000e+00,0.00000000e+00,0.00000000e+00,0.00000000e+00,0.00000000e+00,0.00000000e+00,0.00000000e+00,0.00000000e+00,0.00000000e+00,0.00000000e+00,0.00000000e+00,2.10986386e-04
1.01550000e+02,3.00922105e-07,0.00000000e+00,0.00000000e+00,0.00000000e+00,0.00000000e+00,0.00000000e+00,0.00000000e+00,0.00000000e+00,0.00000000e+00,0.00000000e+00,0.00000000e+00,0.00000000e+00,0.00000000e+00,0.00000000e+00,0.00000000e+00,0.00000000e+00,0.00000000e+00,0.00000000e+00,0.00000000e+00,0.00000000e+00,0.00000000e+00,0.00000000e+00,0.00000000e+00,0.00000000e+00,2.21639745e-04
1.01650000e+02,3.00922105e-07,0.00000000e+00,0.00000000e+00,0.00000000e+00,0.00000000e+00,0.00000000e+00,0.00000000e+00,0.00000000e+00,0.00000000e+00,0.00000000e+00,0.00000000e+00,0.00000000e+00,0.00000000e+00,0.00000000e+00,0.00000000e+00,0.00000000e+00,0.00000000e+00,0.00000000e+00,0.00000000e+00,0.00000000e+00,0.00000000e+00,0.00000000e+00,0.00000000e+00,0.00000000e+00,2.14504925e-04
1.01750000e+02,3.00922105e-07,0.00000000e+00,0.00000000e+00,0.00000000e+00,0.00000000e+00,0.00000000e+00,0.00000000e+00,0.00000000e+00,0.00000000e+00,0.00000000e+00,0.00000000e+00,0.00000000e+00,0.00000000e+00,0.00000000e+00,0.00000000e+00,0.00000000e+00,0.00000000e+00,0.00000000e+00,0.00000000e+00,0.00000000e+00,0.00000000e+00,0.00000000e+00,0.00000000e+00,0.00000000e+00,2.16877729e-04
1.01850000e+02,3.00922105e-07,0.00000000e+00,0.00000000e+00,0.00000000e+00,0.00000000e+00,0.00000000e+00,0.00000000e+00,0.00000000e+00,0.00000000e+00,0.00000000e+00,0.00000000e+00,0.00000000e+00,0.00000000e+00,0.00000000e+00,0.00000000e+00,0.00000000e+00,0.00000000e+00,0.00000000e+00,0.00000000e+00,0.00000000e+00,0.00000000e+00,0.00000000e+00,0.00000000e+00,0.00000000e+00,2.21528881e-04
1.01950000e+02,3.00922105e-07,0.00000000e+00,0.00000000e+00,0.00000000e+00,0.00000000e+00,0.00000000e+00,0.00000000e+00,0.00000000e+00,0.00000000e+00,0.00000000e+00,0.00000000e+00,0.00000000e+00,0.00000000e+00,0.00000000e+00,0.00000000e+00,0.00000000e+00,0.00000000e+00,0.00000000e+00,0.00000000e+00,0.00000000e+00,0.00000000e+00,0.00000000e+00,0.00000000e+00,0.00000000e+00,2.21664818e-04
1.02050000e+02,3.00922105e-07,0.00000000e+00,0.00000000e+00,0.00000000e+00,0.00000000e+00,0.00000000e+00,0.00000000e+00,0.00000000e+00,0.00000000e+00,0.00000000e+00,0.00000000e+00,0.00000000e+00,0.00000000e+00,0.00000000e+00,0.00000000e+00,0.00000000e+00,0.00000000e+00,0.00000000e+00,0.00000000e+00,0.00000000e+00,0.00000000e+00,0.00000000e+00,0.00000000e+00,0.00000000e+00,2.20040555e-04
1.02150000e+02,3.00922105e-07,0.00000000e+00,0.00000000e+00,0.00000000e+00,0.00000000e+00,0.00000000e+00,0.00000000e+00,0.00000000e+00,0.00000000e+00,0.00000000e+00,0.00000000e+00,0.00000000e+00,0.00000000e+00,0.00000000e+00,0.00000000e+00,0.00000000e+00,0.00000000e+00,0.00000000e+00,0.00000000e+00,0.00000000e+00,0.00000000e+00,0.00000000e+00,0.00000000e+00,0.00000000e+00,2.14716962e-04
1.02250000e+02,3.00922105e-07,0.00000000e+00,0.00000000e+00,0.00000000e+00,0.00000000e+00,0.00000000e+00,0.00000000e+00,0.00000000e+00,0.00000000e+00,0.00000000e+00,0.00000000e+00,0.00000000e+00,0.00000000e+00,0.00000000e+00,0.00000000e+00,0.00000000e+00,0.00000000e+00,0.00000000e+00,0.00000000e+00,0.00000000e+00,0.00000000e+00,0.00000000e+00,0.00000000e+00,0.00000000e+00,2.12063670e-04
1.02350000e+02,3.00922105e-07,0.00000000e+00,0.00000000e+00,0.00000000e+00,0.00000000e+00,0.00000000e+00,0.00000000e+00,0.00000000e+00,0.00000000e+00,0.00000000e+00,0.00000000e+00,0.00000000e+00,0.00000000e+00,0.00000000e+00,0.00000000e+00,0.00000000e+00,0.00000000e+00,0.00000000e+00,0.00000000e+00,0.00000000e+00,0.00000000e+00,0.00000000e+00,0.00000000e+00,0.00000000e+00,2.12957373e-04
1.02450000e+02,3.00922105e-07,0.00000000e+00,0.00000000e+00,0.00000000e+00,0.00000000e+00,0.00000000e+00,0.00000000e+00,0.00000000e+00,0.00000000e+00,0.00000000e+00,0.00000000e+00,0.00000000e+00,0.00000000e+00,0.00000000e+00,0.00000000e+00,0.00000000e+00,0.00000000e+00,0.00000000e+00,0.00000000e+00,0.00000000e+00,0.00000000e+00,0.00000000e+00,0.00000000e+00,0.00000000e+00,2.04733154e-04
1.02550000e+02,3.00922105e-07,0.00000000e+00,0.00000000e+00,0.00000000e+00,0.00000000e+00,0.00000000e+00,0.00000000e+00,0.00000000e+00,0.00000000e+00,0.00000000e+00,0.00000000e+00,0.00000000e+00,0.00000000e+00,0.00000000e+00,0.00000000e+00,0.00000000e+00,0.00000000e+00,0.00000000e+00,0.00000000e+00,0.00000000e+00,0.00000000e+00,0.00000000e+00,0.00000000e+00,0.00000000e+00,2.06651665e-04
1.02650000e+02,3.00922105e-07,0.00000000e+00,0.00000000e+00,0.00000000e+00,0.00000000e+00,0.00000000e+00,0.00000000e+00,0.00000000e+00,0.00000000e+00,0.00000000e+00,0.00000000e+00,0.00000000e+00,0.00000000e+00,0.00000000e+00,0.00000000e+00,0.00000000e+00,0.00000000e+00,0.00000000e+00,0.00000000e+00,0.00000000e+00,0.00000000e+00,0.00000000e+00,0.00000000e+00,0.00000000e+00,2.18054173e-04
1.02750000e+02,3.00922105e-07,0.00000000e+00,0.00000000e+00,0.00000000e+00,0.00000000e+00,0.00000000e+00,0.00000000e+00,0.00000000e+00,0.00000000e+00,0.00000000e+00,0.00000000e+00,0.00000000e+00,0.00000000e+00,0.00000000e+00,0.00000000e+00,0.00000000e+00,0.00000000e+00,0.00000000e+00,0.00000000e+00,0.00000000e+00,0.00000000e+00,0.00000000e+00,0.00000000e+00,0.00000000e+00,2.09274751e-04
1.02850000e+02,3.00922105e-07,0.00000000e+00,0.00000000e+00,0.00000000e+00,0.00000000e+00,0.00000000e+00,0.00000000e+00,0.00000000e+00,0.00000000e+00,0.00000000e+00,0.00000000e+00,0.00000000e+00,0.00000000e+00,0.00000000e+00,0.00000000e+00,0.00000000e+00,0.00000000e+00,0.00000000e+00,0.00000000e+00,0.00000000e+00,0.00000000e+00,0.00000000e+00,0.00000000e+00,0.00000000e+00,2.07553585e-04
1.02950000e+02,3.00922105e-07,0.00000000e+00,0.00000000e+00,0.00000000e+00,0.00000000e+00,0.00000000e+00,0.00000000e+00,0.00000000e+00,0.00000000e+00,0.00000000e+00,0.00000000e+00,0.00000000e+00,0.00000000e+00,0.00000000e+00,0.00000000e+00,0.00000000e+00,0.00000000e+00,0.00000000e+00,0.00000000e+00,0.00000000e+00,0.00000000e+00,0.00000000e+00,0.00000000e+00,0.00000000e+00,2.08781987e-04
1.03050000e+02,3.00922105e-07,0.00000000e+00,0.00000000e+00,0.00000000e+00,0.00000000e+00,0.00000000e+00,0.00000000e+00,0.00000000e+00,0.00000000e+00,0.00000000e+00,0.00000000e+00,0.00000000e+00,0.00000000e+00,0.00000000e+00,0.00000000e+00,0.00000000e+00,0.00000000e+00,0.00000000e+00,0.00000000e+00,0.00000000e+00,0.00000000e+00,0.00000000e+00,0.00000000e+00,0.00000000e+00,2.09578413e-04
1.03150000e+02,3.00922105e-07,0.00000000e+00,0.00000000e+00,0.00000000e+00,0.00000000e+00,0.00000000e+00,0.00000000e+00,0.00000000e+00,0.00000000e+00,0.00000000e+00,0.00000000e+00,0.00000000e+00,0.00000000e+00,0.00000000e+00,0.00000000e+00,0.00000000e+00,0.00000000e+00,0.00000000e+00,0.00000000e+00,0.00000000e+00,0.00000000e+00,0.00000000e+00,0.00000000e+00,0.00000000e+00,2.00700577e-04
1.03250000e+02,3.00922105e-07,0.00000000e+00,0.00000000e+00,0.00000000e+00,0.00000000e+00,0.00000000e+00,0.00000000e+00,0.00000000e+00,0.00000000e+00,0.00000000e+00,0.00000000e+00,0.00000000e+00,0.00000000e+00,0.00000000e+00,0.00000000e+00,0.00000000e+00,0.00000000e+00,0.00000000e+00,0.00000000e+00,0.00000000e+00,0.00000000e+00,0.00000000e+00,0.00000000e+00,0.00000000e+00,2.03127502e-04
1.03350000e+02,3.00922105e-07,0.00000000e+00,0.00000000e+00,0.00000000e+00,0.00000000e+00,0.00000000e+00,0.00000000e+00,0.00000000e+00,0.00000000e+00,0.00000000e+00,0.00000000e+00,0.00000000e+00,0.00000000e+00,0.00000000e+00,0.00000000e+00,0.00000000e+00,0.00000000e+00,0.00000000e+00,0.00000000e+00,0.00000000e+00,0.00000000e+00,0.00000000e+00,0.00000000e+00,0.00000000e+00,2.05604353e-04
1.03450000e+02,3.00922105e-07,0.00000000e+00,0.00000000e+00,0.00000000e+00,0.00000000e+00,0.00000000e+00,0.00000000e+00,0.00000000e+00,0.00000000e+00,0.00000000e+00,0.00000000e+00,0.00000000e+00,0.00000000e+00,0.00000000e+00,0.00000000e+00,0.00000000e+00,0.00000000e+00,0.00000000e+00,0.00000000e+00,0.00000000e+00,0.00000000e+00,0.00000000e+00,0.00000000e+00,0.00000000e+00,2.12547969e-04
1.03550000e+02,3.00922105e-07,0.00000000e+00,0.00000000e+00,0.00000000e+00,0.00000000e+00,0.00000000e+00,0.00000000e+00,0.00000000e+00,0.00000000e+00,0.00000000e+00,0.00000000e+00,0.00000000e+00,0.00000000e+00,0.00000000e+00,0.00000000e+00,0.00000000e+00,0.00000000e+00,0.00000000e+00,0.00000000e+00,0.00000000e+00,0.00000000e+00,0.00000000e+00,0.00000000e+00,0.00000000e+00,2.00631088e-04
1.03650000e+02,3.00922105e-07,0.00000000e+00,0.00000000e+00,0.00000000e+00,0.00000000e+00,0.00000000e+00,0.00000000e+00,0.00000000e+00,0.00000000e+00,0.00000000e+00,0.00000000e+00,0.00000000e+00,0.00000000e+00,0.00000000e+00,0.00000000e+00,0.00000000e+00,0.00000000e+00,0.00000000e+00,0.00000000e+00,0.00000000e+00,0.00000000e+00,0.00000000e+00,0.00000000e+00,0.00000000e+00,2.00065177e-04
1.03750000e+02,3.00922105e-07,0.00000000e+00,0.00000000e+00,0.00000000e+00,0.00000000e+00,0.00000000e+00,0.00000000e+00,0.00000000e+00,0.00000000e+00,0.00000000e+00,0.00000000e+00,0.00000000e+00,0.00000000e+00,0.00000000e+00,0.00000000e+00,0.00000000e+00,0.00000000e+00,0.00000000e+00,0.00000000e+00,0.00000000e+00,0.00000000e+00,0.00000000e+00,0.00000000e+00,0.00000000e+00,1.99640186e-04
1.03850000e+02,3.00922105e-07,0.00000000e+00,0.00000000e+00,0.00000000e+00,0.00000000e+00,0.00000000e+00,0.00000000e+00,0.00000000e+00,0.00000000e+00,0.00000000e+00,0.00000000e+00,0.00000000e+00,0.00000000e+00,0.00000000e+00,0.00000000e+00,0.00000000e+00,0.00000000e+00,0.00000000e+00,0.00000000e+00,0.00000000e+00,0.00000000e+00,0.00000000e+00,0.00000000e+00,0.00000000e+00,1.98051143e-04
1.03950000e+02,3.00922105e-07,0.00000000e+00,0.00000000e+00,0.00000000e+00,0.00000000e+00,0.00000000e+00,0.00000000e+00,0.00000000e+00,0.00000000e+00,0.00000000e+00,0.00000000e+00,0.00000000e+00,0.00000000e+00,0.00000000e+00,0.00000000e+00,0.00000000e+00,0.00000000e+00,0.00000000e+00,0.00000000e+00,0.00000000e+00,0.00000000e+00,0.00000000e+00,0.00000000e+00,0.00000000e+00,2.07080923e-04
1.04050000e+02,3.00922105e-07,0.00000000e+00,0.00000000e+00,0.00000000e+00,0.00000000e+00,0.00000000e+00,0.00000000e+00,0.00000000e+00,0.00000000e+00,0.00000000e+00,0.00000000e+00,0.00000000e+00,0.00000000e+00,0.00000000e+00,0.00000000e+00,0.00000000e+00,0.00000000e+00,0.00000000e+00,0.00000000e+00,0.00000000e+00,0.00000000e+00,0.00000000e+00,0.00000000e+00,0.00000000e+00,2.09633363e-04
1.04150000e+02,3.00922105e-07,0.00000000e+00,0.00000000e+00,0.00000000e+00,0.00000000e+00,0.00000000e+00,0.00000000e+00,0.00000000e+00,0.00000000e+00,0.00000000e+00,0.00000000e+00,0.00000000e+00,0.00000000e+00,0.00000000e+00,0.00000000e+00,0.00000000e+00,0.00000000e+00,0.00000000e+00,0.00000000e+00,0.00000000e+00,0.00000000e+00,0.00000000e+00,0.00000000e+00,0.00000000e+00,2.11609759e-04
1.04250000e+02,3.00922105e-07,0.00000000e+00,0.00000000e+00,0.00000000e+00,0.00000000e+00,0.00000000e+00,0.00000000e+00,0.00000000e+00,0.00000000e+00,0.00000000e+00,0.00000000e+00,0.00000000e+00,0.00000000e+00,0.00000000e+00,0.00000000e+00,0.00000000e+00,0.00000000e+00,0.00000000e+00,0.00000000e+00,0.00000000e+00,0.00000000e+00,0.00000000e+00,0.00000000e+00,0.00000000e+00,2.13092303e-04
1.04350000e+02,3.00922105e-07,0.00000000e+00,0.00000000e+00,0.00000000e+00,0.00000000e+00,0.00000000e+00,0.00000000e+00,0.00000000e+00,0.00000000e+00,0.00000000e+00,0.00000000e+00,0.00000000e+00,0.00000000e+00,0.00000000e+00,0.00000000e+00,0.00000000e+00,0.00000000e+00,0.00000000e+00,0.00000000e+00,0.00000000e+00,0.00000000e+00,0.00000000e+00,0.00000000e+00,0.00000000e+00,2.08533672e-04
1.04450000e+02,3.00922105e-07,0.00000000e+00,0.00000000e+00,0.00000000e+00,0.00000000e+00,0.00000000e+00,0.00000000e+00,0.00000000e+00,0.00000000e+00,0.00000000e+00,0.00000000e+00,0.00000000e+00,0.00000000e+00,0.00000000e+00,0.00000000e+00,0.00000000e+00,0.00000000e+00,0.00000000e+00,0.00000000e+00,0.00000000e+00,0.00000000e+00,0.00000000e+00,0.00000000e+00,0.00000000e+00,2.07079423e-04
1.04550000e+02,3.00922105e-07,0.00000000e+00,0.00000000e+00,0.00000000e+00,0.00000000e+00,0.00000000e+00,0.00000000e+00,0.00000000e+00,0.00000000e+00,0.00000000e+00,0.00000000e+00,0.00000000e+00,0.00000000e+00,0.00000000e+00,0.00000000e+00,0.00000000e+00,0.00000000e+00,0.00000000e+00,0.00000000e+00,0.00000000e+00,0.00000000e+00,0.00000000e+00,0.00000000e+00,0.00000000e+00,2.06495582e-04
1.04650000e+02,3.00922105e-07,0.00000000e+00,0.00000000e+00,0.00000000e+00,0.00000000e+00,0.00000000e+00,0.00000000e+00,0.00000000e+00,0.00000000e+00,0.00000000e+00,0.00000000e+00,0.00000000e+00,0.00000000e+00,0.00000000e+00,0.00000000e+00,0.00000000e+00,0.00000000e+00,0.00000000e+00,0.00000000e+00,0.00000000e+00,0.00000000e+00,0.00000000e+00,0.00000000e+00,0.00000000e+00,2.03503063e-04
1.04750000e+02,3.00922105e-07,0.00000000e+00,0.00000000e+00,0.00000000e+00,0.00000000e+00,0.00000000e+00,0.00000000e+00,0.00000000e+00,0.00000000e+00,0.00000000e+00,0.00000000e+00,0.00000000e+00,0.00000000e+00,0.00000000e+00,0.00000000e+00,0.00000000e+00,0.00000000e+00,0.00000000e+00,0.00000000e+00,0.00000000e+00,0.00000000e+00,0.00000000e+00,0.00000000e+00,0.00000000e+00,2.08864987e-04
1.04850000e+02,3.00922105e-07,0.00000000e+00,0.00000000e+00,0.00000000e+00,0.00000000e+00,0.00000000e+00,0.00000000e+00,0.00000000e+00,0.00000000e+00,0.00000000e+00,0.00000000e+00,0.00000000e+00,0.00000000e+00,0.00000000e+00,0.00000000e+00,0.00000000e+00,0.00000000e+00,0.00000000e+00,0.00000000e+00,0.00000000e+00,0.00000000e+00,0.00000000e+00,0.00000000e+00,0.00000000e+00,2.11829007e-04
1.04950000e+02,3.00922105e-07,0.00000000e+00,0.00000000e+00,0.00000000e+00,0.00000000e+00,0.00000000e+00,0.00000000e+00,0.00000000e+00,0.00000000e+00,0.00000000e+00,0.00000000e+00,0.00000000e+00,0.00000000e+00,0.00000000e+00,0.00000000e+00,0.00000000e+00,0.00000000e+00,0.00000000e+00,0.00000000e+00,0.00000000e+00,0.00000000e+00,0.00000000e+00,0.00000000e+00,0.00000000e+00,2.07548318e-04
1.05050000e+02,3.00922105e-07,0.00000000e+00,0.00000000e+00,0.00000000e+00,0.00000000e+00,0.00000000e+00,0.00000000e+00,0.00000000e+00,0.00000000e+00,0.00000000e+00,0.00000000e+00,0.00000000e+00,0.00000000e+00,0.00000000e+00,0.00000000e+00,0.00000000e+00,0.00000000e+00,0.00000000e+00,0.00000000e+00,0.00000000e+00,0.00000000e+00,0.00000000e+00,0.00000000e+00,0.00000000e+00,2.02051903e-04
1.05150000e+02,3.00922105e-07,0.00000000e+00,0.00000000e+00,0.00000000e+00,0.00000000e+00,0.00000000e+00,0.00000000e+00,0.00000000e+00,0.00000000e+00,0.00000000e+00,0.00000000e+00,0.00000000e+00,0.00000000e+00,0.00000000e+00,0.00000000e+00,0.00000000e+00,0.00000000e+00,0.00000000e+00,0.00000000e+00,0.00000000e+00,0.00000000e+00,0.00000000e+00,0.00000000e+00,0.00000000e+00,2.01629467e-04
1.05250000e+02,3.00922105e-07,0.00000000e+00,0.00000000e+00,0.00000000e+00,0.00000000e+00,0.00000000e+00,0.00000000e+00,0.00000000e+00,0.00000000e+00,0.00000000e+00,0.00000000e+00,0.00000000e+00,0.00000000e+00,0.00000000e+00,0.00000000e+00,0.00000000e+00,0.00000000e+00,0.00000000e+00,0.00000000e+00,0.00000000e+00,0.00000000e+00,0.00000000e+00,0.00000000e+00,0.00000000e+00,1.99002515e-04
1.05350000e+02,3.00922105e-07,0.00000000e+00,0.00000000e+00,0.00000000e+00,0.00000000e+00,0.00000000e+00,0.00000000e+00,0.00000000e+00,0.00000000e+00,0.00000000e+00,0.00000000e+00,0.00000000e+00,0.00000000e+00,0.00000000e+00,0.00000000e+00,0.00000000e+00,0.00000000e+00,0.00000000e+00,0.00000000e+00,0.00000000e+00,0.00000000e+00,0.00000000e+00,0.00000000e+00,0.00000000e+00,2.00405898e-04
1.05450000e+02,3.00922105e-07,0.00000000e+00,0.00000000e+00,0.00000000e+00,0.00000000e+00,0.00000000e+00,0.00000000e+00,0.00000000e+00,0.00000000e+00,0.00000000e+00,0.00000000e+00,0.00000000e+00,0.00000000e+00,0.00000000e+00,0.00000000e+00,0.00000000e+00,0.00000000e+00,0.00000000e+00,0.00000000e+00,0.00000000e+00,0.00000000e+00,0.00000000e+00,0.00000000e+00,0.00000000e+00,2.05717718e-04
1.05550000e+02,3.00922105e-07,0.00000000e+00,0.00000000e+00,0.00000000e+00,0.00000000e+00,0.00000000e+00,0.00000000e+00,0.00000000e+00,0.00000000e+00,0.00000000e+00,0.00000000e+00,0.00000000e+00,0.00000000e+00,0.00000000e+00,0.00000000e+00,0.00000000e+00,0.00000000e+00,0.00000000e+00,0.00000000e+00,0.00000000e+00,0.00000000e+00,0.00000000e+00,0.00000000e+00,0.00000000e+00,2.06814438e-04
1.05650000e+02,3.00922105e-07,0.00000000e+00,0.00000000e+00,0.00000000e+00,0.00000000e+00,0.00000000e+00,0.00000000e+00,0.00000000e+00,0.00000000e+00,0.00000000e+00,0.00000000e+00,0.00000000e+00,0.00000000e+00,0.00000000e+00,0.00000000e+00,0.00000000e+00,0.00000000e+00,0.00000000e+00,0.00000000e+00,0.00000000e+00,0.00000000e+00,0.00000000e+00,0.00000000e+00,0.00000000e+00,2.05208316e-04
1.05750000e+02,3.00922105e-07,0.00000000e+00,0.00000000e+00,0.00000000e+00,0.00000000e+00,0.00000000e+00,0.00000000e+00,0.00000000e+00,0.00000000e+00,0.00000000e+00,0.00000000e+00,0.00000000e+00,0.00000000e+00,0.00000000e+00,0.00000000e+00,0.00000000e+00,0.00000000e+00,0.00000000e+00,0.00000000e+00,0.00000000e+00,0.00000000e+00,0.00000000e+00,0.00000000e+00,0.00000000e+00,2.06702169e-04
1.05850000e+02,3.00922105e-07,0.00000000e+00,0.00000000e+00,0.00000000e+00,0.00000000e+00,0.00000000e+00,0.00000000e+00,0.00000000e+00,0.00000000e+00,0.00000000e+00,0.00000000e+00,0.00000000e+00,0.00000000e+00,0.00000000e+00,0.00000000e+00,0.00000000e+00,0.00000000e+00,0.00000000e+00,0.00000000e+00,0.00000000e+00,0.00000000e+00,0.00000000e+00,0.00000000e+00,0.00000000e+00,2.06871746e-04
1.05950000e+02,3.00922105e-07,0.00000000e+00,0.00000000e+00,0.00000000e+00,0.00000000e+00,0.00000000e+00,0.00000000e+00,0.00000000e+00,0.00000000e+00,0.00000000e+00,0.00000000e+00,0.00000000e+00,0.00000000e+00,0.00000000e+00,0.00000000e+00,0.00000000e+00,0.00000000e+00,0.00000000e+00,0.00000000e+00,0.00000000e+00,0.00000000e+00,0.00000000e+00,0.00000000e+00,0.00000000e+00,2.01434823e-04
1.06050000e+02,3.00922105e-07,0.00000000e+00,0.00000000e+00,0.00000000e+00,0.00000000e+00,0.00000000e+00,0.00000000e+00,0.00000000e+00,0.00000000e+00,0.00000000e+00,0.00000000e+00,0.00000000e+00,0.00000000e+00,0.00000000e+00,0.00000000e+00,0.00000000e+00,0.00000000e+00,0.00000000e+00,0.00000000e+00,0.00000000e+00,0.00000000e+00,0.00000000e+00,0.00000000e+00,0.00000000e+00,2.08353986e-04
1.06150000e+02,3.00922105e-07,0.00000000e+00,0.00000000e+00,0.00000000e+00,0.00000000e+00,0.00000000e+00,0.00000000e+00,0.00000000e+00,0.00000000e+00,0.00000000e+00,0.00000000e+00,0.00000000e+00,0.00000000e+00,0.00000000e+00,0.00000000e+00,0.00000000e+00,0.00000000e+00,0.00000000e+00,0.00000000e+00,0.00000000e+00,0.00000000e+00,0.00000000e+00,0.00000000e+00,0.00000000e+00,2.05255885e-04
1.06250000e+02,3.00922105e-07,0.00000000e+00,0.00000000e+00,0.00000000e+00,0.00000000e+00,0.00000000e+00,0.00000000e+00,0.00000000e+00,0.00000000e+00,0.00000000e+00,0.00000000e+00,0.00000000e+00,0.00000000e+00,0.00000000e+00,0.00000000e+00,0.00000000e+00,0.00000000e+00,0.00000000e+00,0.00000000e+00,0.00000000e+00,0.00000000e+00,0.00000000e+00,0.00000000e+00,0.00000000e+00,1.99678049e-04
1.06350000e+02,3.00922105e-07,0.00000000e+00,0.00000000e+00,0.00000000e+00,0.00000000e+00,0.00000000e+00,0.00000000e+00,0.00000000e+00,0.00000000e+00,0.00000000e+00,0.00000000e+00,0.00000000e+00,0.00000000e+00,0.00000000e+00,0.00000000e+00,0.00000000e+00,0.00000000e+00,0.00000000e+00,0.00000000e+00,0.00000000e+00,0.00000000e+00,0.00000000e+00,0.00000000e+00,0.00000000e+00,1.93796331e-04
1.06450000e+02,3.00922105e-07,0.00000000e+00,0.00000000e+00,0.00000000e+00,0.00000000e+00,0.00000000e+00,0.00000000e+00,0.00000000e+00,0.00000000e+00,0.00000000e+00,0.00000000e+00,0.00000000e+00,0.00000000e+00,0.00000000e+00,0.00000000e+00,0.00000000e+00,0.00000000e+00,0.00000000e+00,0.00000000e+00,0.00000000e+00,0.00000000e+00,0.00000000e+00,0.00000000e+00,0.00000000e+00,1.91611848e-04
1.06550000e+02,3.00922105e-07,0.00000000e+00,0.00000000e+00,0.00000000e+00,0.00000000e+00,0.00000000e+00,0.00000000e+00,0.00000000e+00,0.00000000e+00,0.00000000e+00,0.00000000e+00,0.00000000e+00,0.00000000e+00,0.00000000e+00,0.00000000e+00,0.00000000e+00,0.00000000e+00,0.00000000e+00,0.00000000e+00,0.00000000e+00,0.00000000e+00,0.00000000e+00,0.00000000e+00,0.00000000e+00,1.95928484e-04
1.06650000e+02,3.00922105e-07,0.00000000e+00,0.00000000e+00,0.00000000e+00,0.00000000e+00,0.00000000e+00,0.00000000e+00,0.00000000e+00,0.00000000e+00,0.00000000e+00,0.00000000e+00,0.00000000e+00,0.00000000e+00,0.00000000e+00,0.00000000e+00,0.00000000e+00,0.00000000e+00,0.00000000e+00,0.00000000e+00,0.00000000e+00,0.00000000e+00,0.00000000e+00,0.00000000e+00,0.00000000e+00,1.94162632e-04
1.06750000e+02,3.00922105e-07,0.00000000e+00,0.00000000e+00,0.00000000e+00,0.00000000e+00,0.00000000e+00,0.00000000e+00,0.00000000e+00,0.00000000e+00,0.00000000e+00,0.00000000e+00,0.00000000e+00,0.00000000e+00,0.00000000e+00,0.00000000e+00,0.00000000e+00,0.00000000e+00,0.00000000e+00,0.00000000e+00,0.00000000e+00,0.00000000e+00,0.00000000e+00,0.00000000e+00,0.00000000e+00,1.92035307e-04
1.06850000e+02,3.00922105e-07,0.00000000e+00,0.00000000e+00,0.00000000e+00,0.00000000e+00,0.00000000e+00,0.00000000e+00,0.00000000e+00,0.00000000e+00,0.00000000e+00,0.00000000e+00,0.00000000e+00,0.00000000e+00,0.00000000e+00,0.00000000e+00,0.00000000e+00,0.00000000e+00,0.00000000e+00,0.00000000e+00,0.00000000e+00,0.00000000e+00,0.00000000e+00,0.00000000e+00,0.00000000e+00,1.93411102e-04
1.06950000e+02,3.00922105e-07,0.00000000e+00,0.00000000e+00,0.00000000e+00,0.00000000e+00,0.00000000e+00,0.00000000e+00,0.00000000e+00,0.00000000e+00,0.00000000e+00,0.00000000e+00,0.00000000e+00,0.00000000e+00,0.00000000e+00,0.00000000e+00,0.00000000e+00,0.00000000e+00,0.00000000e+00,0.00000000e+00,0.00000000e+00,0.00000000e+00,0.00000000e+00,0.00000000e+00,0.00000000e+00,1.90234136e-04
1.07050000e+02,3.00922105e-07,0.00000000e+00,0.00000000e+00,0.00000000e+00,0.00000000e+00,0.00000000e+00,0.00000000e+00,0.00000000e+00,0.00000000e+00,0.00000000e+00,0.00000000e+00,0.00000000e+00,0.00000000e+00,0.00000000e+00,0.00000000e+00,0.00000000e+00,0.00000000e+00,0.00000000e+00,0.00000000e+00,0.00000000e+00,0.00000000e+00,0.00000000e+00,0.00000000e+00,0.00000000e+00,1.97402664e-04
1.07150000e+02,3.00922105e-07,0.00000000e+00,0.00000000e+00,0.00000000e+00,0.00000000e+00,0.00000000e+00,0.00000000e+00,0.00000000e+00,0.00000000e+00,0.00000000e+00,0.00000000e+00,0.00000000e+00,0.00000000e+00,0.00000000e+00,0.00000000e+00,0.00000000e+00,0.00000000e+00,0.00000000e+00,0.00000000e+00,0.00000000e+00,0.00000000e+00,0.00000000e+00,0.00000000e+00,0.00000000e+00,1.90206659e-04
1.07250000e+02,3.00922105e-07,0.00000000e+00,0.00000000e+00,0.00000000e+00,0.00000000e+00,0.00000000e+00,0.00000000e+00,0.00000000e+00,0.00000000e+00,0.00000000e+00,0.00000000e+00,0.00000000e+00,0.00000000e+00,0.00000000e+00,0.00000000e+00,0.00000000e+00,0.00000000e+00,0.00000000e+00,0.00000000e+00,0.00000000e+00,0.00000000e+00,0.00000000e+00,0.00000000e+00,0.00000000e+00,1.90580573e-04
1.07350000e+02,3.00922105e-07,0.00000000e+00,0.00000000e+00,0.00000000e+00,0.00000000e+00,0.00000000e+00,0.00000000e+00,0.00000000e+00,0.00000000e+00,0.00000000e+00,0.00000000e+00,0.00000000e+00,0.00000000e+00,0.00000000e+00,0.00000000e+00,0.00000000e+00,0.00000000e+00,0.00000000e+00,0.00000000e+00,0.00000000e+00,0.00000000e+00,0.00000000e+00,0.00000000e+00,0.00000000e+00,1.87299295e-04
1.07450000e+02,3.00922105e-07,0.00000000e+00,0.00000000e+00,0.00000000e+00,0.00000000e+00,0.00000000e+00,0.00000000e+00,0.00000000e+00,0.00000000e+00,0.00000000e+00,0.00000000e+00,0.00000000e+00,0.00000000e+00,0.00000000e+00,0.00000000e+00,0.00000000e+00,0.00000000e+00,0.00000000e+00,0.00000000e+00,0.00000000e+00,0.00000000e+00,0.00000000e+00,0.00000000e+00,0.00000000e+00,1.96287670e-04
1.07550000e+02,3.00922105e-07,0.00000000e+00,0.00000000e+00,0.00000000e+00,0.00000000e+00,0.00000000e+00,0.00000000e+00,0.00000000e+00,0.00000000e+00,0.00000000e+00,0.00000000e+00,0.00000000e+00,0.00000000e+00,0.00000000e+00,0.00000000e+00,0.00000000e+00,0.00000000e+00,0.00000000e+00,0.00000000e+00,0.00000000e+00,0.00000000e+00,0.00000000e+00,0.00000000e+00,0.00000000e+00,1.84582063e-04
1.07650000e+02,3.00922105e-07,0.00000000e+00,0.00000000e+00,0.00000000e+00,0.00000000e+00,0.00000000e+00,0.00000000e+00,0.00000000e+00,0.00000000e+00,0.00000000e+00,0.00000000e+00,0.00000000e+00,0.00000000e+00,0.00000000e+00,0.00000000e+00,0.00000000e+00,0.00000000e+00,0.00000000e+00,0.00000000e+00,0.00000000e+00,0.00000000e+00,0.00000000e+00,0.00000000e+00,0.00000000e+00,1.82144592e-04
1.07750000e+02,3.00922105e-07,0.00000000e+00,0.00000000e+00,0.00000000e+00,0.00000000e+00,0.00000000e+00,0.00000000e+00,0.00000000e+00,0.00000000e+00,0.00000000e+00,0.00000000e+00,0.00000000e+00,0.00000000e+00,0.00000000e+00,0.00000000e+00,0.00000000e+00,0.00000000e+00,0.00000000e+00,0.00000000e+00,0.00000000e+00,0.00000000e+00,0.00000000e+00,0.00000000e+00,0.00000000e+00,1.86344965e-04
1.07850000e+02,3.00922105e-07,0.00000000e+00,0.00000000e+00,0.00000000e+00,0.00000000e+00,0.00000000e+00,0.00000000e+00,0.00000000e+00,0.00000000e+00,0.00000000e+00,0.00000000e+00,0.00000000e+00,0.00000000e+00,0.00000000e+00,0.00000000e+00,0.00000000e+00,0.00000000e+00,0.00000000e+00,0.00000000e+00,0.00000000e+00,0.00000000e+00,0.00000000e+00,0.00000000e+00,0.00000000e+00,1.84344302e-04
1.07950000e+02,3.00922105e-07,0.00000000e+00,0.00000000e+00,0.00000000e+00,0.00000000e+00,0.00000000e+00,0.00000000e+00,0.00000000e+00,0.00000000e+00,0.00000000e+00,0.00000000e+00,0.00000000e+00,0.00000000e+00,0.00000000e+00,0.00000000e+00,0.00000000e+00,0.00000000e+00,0.00000000e+00,0.00000000e+00,0.00000000e+00,0.00000000e+00,0.00000000e+00,0.00000000e+00,0.00000000e+00,1.84546864e-04
1.08050000e+02,3.00922105e-07,0.00000000e+00,0.00000000e+00,0.00000000e+00,0.00000000e+00,0.00000000e+00,0.00000000e+00,0.00000000e+00,0.00000000e+00,0.00000000e+00,0.00000000e+00,0.00000000e+00,0.00000000e+00,0.00000000e+00,0.00000000e+00,0.00000000e+00,0.00000000e+00,0.00000000e+00,0.00000000e+00,0.00000000e+00,0.00000000e+00,0.00000000e+00,0.00000000e+00,0.00000000e+00,1.83794934e-04
1.08150000e+02,3.00922105e-07,0.00000000e+00,0.00000000e+00,0.00000000e+00,0.00000000e+00,0.00000000e+00,0.00000000e+00,0.00000000e+00,0.00000000e+00,0.00000000e+00,0.00000000e+00,0.00000000e+00,0.00000000e+00,0.00000000e+00,0.00000000e+00,0.00000000e+00,0.00000000e+00,0.00000000e+00,0.00000000e+00,0.00000000e+00,0.00000000e+00,0.00000000e+00,0.00000000e+00,0.00000000e+00,1.82061360e-04
1.08250000e+02,3.00922105e-07,0.00000000e+00,0.00000000e+00,0.00000000e+00,0.00000000e+00,0.00000000e+00,0.00000000e+00,0.00000000e+00,0.00000000e+00,0.00000000e+00,0.00000000e+00,0.00000000e+00,0.00000000e+00,0.00000000e+00,0.00000000e+00,0.00000000e+00,0.00000000e+00,0.00000000e+00,0.00000000e+00,0.00000000e+00,0.00000000e+00,0.00000000e+00,0.00000000e+00,0.00000000e+00,1.77569748e-04
1.08350000e+02,3.00922105e-07,0.00000000e+00,0.00000000e+00,0.00000000e+00,0.00000000e+00,0.00000000e+00,0.00000000e+00,0.00000000e+00,0.00000000e+00,0.00000000e+00,0.00000000e+00,0.00000000e+00,0.00000000e+00,0.00000000e+00,0.00000000e+00,0.00000000e+00,0.00000000e+00,0.00000000e+00,0.00000000e+00,0.00000000e+00,0.00000000e+00,0.00000000e+00,0.00000000e+00,0.00000000e+00,1.78748654e-04
1.08450000e+02,3.00922105e-07,0.00000000e+00,0.00000000e+00,0.00000000e+00,0.00000000e+00,0.00000000e+00,0.00000000e+00,0.00000000e+00,0.00000000e+00,0.00000000e+00,0.00000000e+00,0.00000000e+00,0.00000000e+00,0.00000000e+00,0.00000000e+00,0.00000000e+00,0.00000000e+00,0.00000000e+00,0.00000000e+00,0.00000000e+00,0.00000000e+00,0.00000000e+00,0.00000000e+00,0.00000000e+00,1.75287636e-04
1.08550000e+02,3.00922105e-07,0.00000000e+00,0.00000000e+00,0.00000000e+00,0.00000000e+00,0.00000000e+00,0.00000000e+00,0.00000000e+00,0.00000000e+00,0.00000000e+00,0.00000000e+00,0.00000000e+00,0.00000000e+00,0.00000000e+00,0.00000000e+00,0.00000000e+00,0.00000000e+00,0.00000000e+00,0.00000000e+00,0.00000000e+00,0.00000000e+00,0.00000000e+00,0.00000000e+00,0.00000000e+00,1.79309965e-04
1.08650000e+02,3.00922105e-07,0.00000000e+00,0.00000000e+00,0.00000000e+00,0.00000000e+00,0.00000000e+00,0.00000000e+00,0.00000000e+00,0.00000000e+00,0.00000000e+00,0.00000000e+00,0.00000000e+00,0.00000000e+00,0.00000000e+00,0.00000000e+00,0.00000000e+00,0.00000000e+00,0.00000000e+00,0.00000000e+00,0.00000000e+00,0.00000000e+00,0.00000000e+00,0.00000000e+00,0.00000000e+00,1.73190059e-04
1.08750000e+02,3.00922105e-07,0.00000000e+00,0.00000000e+00,0.00000000e+00,0.00000000e+00,0.00000000e+00,0.00000000e+00,0.00000000e+00,0.00000000e+00,0.00000000e+00,0.00000000e+00,0.00000000e+00,0.00000000e+00,0.00000000e+00,0.00000000e+00,0.00000000e+00,0.00000000e+00,0.00000000e+00,0.00000000e+00,0.00000000e+00,0.00000000e+00,0.00000000e+00,0.00000000e+00,0.00000000e+00,1.72021483e-04
1.08850000e+02,3.00922105e-07,0.00000000e+00,0.00000000e+00,0.00000000e+00,0.00000000e+00,0.00000000e+00,0.00000000e+00,0.00000000e+00,0.00000000e+00,0.00000000e+00,0.00000000e+00,0.00000000e+00,0.00000000e+00,0.00000000e+00,0.00000000e+00,0.00000000e+00,0.00000000e+00,0.00000000e+00,0.00000000e+00,0.00000000e+00,0.00000000e+00,0.00000000e+00,0.00000000e+00,0.00000000e+00,1.70280197e-04
1.08950000e+02,3.00922105e-07,0.00000000e+00,0.00000000e+00,0.00000000e+00,0.00000000e+00,0.00000000e+00,0.00000000e+00,0.00000000e+00,0.00000000e+00,0.00000000e+00,0.00000000e+00,0.00000000e+00,0.00000000e+00,0.00000000e+00,0.00000000e+00,0.00000000e+00,0.00000000e+00,0.00000000e+00,0.00000000e+00,0.00000000e+00,0.00000000e+00,0.00000000e+00,0.00000000e+00,0.00000000e+00,1.74872739e-04
1.09050000e+02,3.00922105e-07,0.00000000e+00,0.00000000e+00,0.00000000e+00,0.00000000e+00,0.00000000e+00,0.00000000e+00,0.00000000e+00,0.00000000e+00,0.00000000e+00,0.00000000e+00,0.00000000e+00,0.00000000e+00,0.00000000e+00,0.00000000e+00,0.00000000e+00,0.00000000e+00,0.00000000e+00,0.00000000e+00,0.00000000e+00,0.00000000e+00,0.00000000e+00,0.00000000e+00,0.00000000e+00,1.73266566e-04
1.09150000e+02,3.00922105e-07,0.00000000e+00,0.00000000e+00,0.00000000e+00,0.00000000e+00,0.00000000e+00,0.00000000e+00,0.00000000e+00,0.00000000e+00,0.00000000e+00,0.00000000e+00,0.00000000e+00,0.00000000e+00,0.00000000e+00,0.00000000e+00,0.00000000e+00,0.00000000e+00,0.00000000e+00,0.00000000e+00,0.00000000e+00,0.00000000e+00,0.00000000e+00,0.00000000e+00,0.00000000e+00,1.67892647e-04
1.09250000e+02,3.00922105e-07,0.00000000e+00,0.00000000e+00,0.00000000e+00,0.00000000e+00,0.00000000e+00,0.00000000e+00,0.00000000e+00,0.00000000e+00,0.00000000e+00,0.00000000e+00,0.00000000e+00,0.00000000e+00,0.00000000e+00,0.00000000e+00,0.00000000e+00,0.00000000e+00,0.00000000e+00,0.00000000e+00,0.00000000e+00,0.00000000e+00,0.00000000e+00,0.00000000e+00,0.00000000e+00,1.73764027e-04
1.09350000e+02,3.00922105e-07,0.00000000e+00,0.00000000e+00,0.00000000e+00,0.00000000e+00,0.00000000e+00,0.00000000e+00,0.00000000e+00,0.00000000e+00,0.00000000e+00,0.00000000e+00,0.00000000e+00,0.00000000e+00,0.00000000e+00,0.00000000e+00,0.00000000e+00,0.00000000e+00,0.00000000e+00,0.00000000e+00,0.00000000e+00,0.00000000e+00,0.00000000e+00,0.00000000e+00,0.00000000e+00,1.73416773e-04
1.09450000e+02,3.00922105e-07,0.00000000e+00,0.00000000e+00,0.00000000e+00,0.00000000e+00,0.00000000e+00,0.00000000e+00,0.00000000e+00,0.00000000e+00,0.00000000e+00,0.00000000e+00,0.00000000e+00,0.00000000e+00,0.00000000e+00,0.00000000e+00,0.00000000e+00,0.00000000e+00,0.00000000e+00,0.00000000e+00,0.00000000e+00,0.00000000e+00,0.00000000e+00,0.00000000e+00,0.00000000e+00,1.71544227e-04
1.09550000e+02,1.08480565e-06,0.00000000e+00,0.00000000e+00,0.00000000e+00,0.00000000e+00,0.00000000e+00,0.00000000e+00,0.00000000e+00,0.00000000e+00,0.00000000e+00,0.00000000e+00,0.00000000e+00,0.00000000e+00,0.00000000e+00,0.00000000e+00,0.00000000e+00,0.00000000e+00,0.00000000e+00,0.00000000e+00,0.00000000e+00,0.00000000e+00,0.00000000e+00,0.00000000e+00,0.00000000e+00,1.69279862e-04
1.09650000e+02,1.32542155e-06,0.00000000e+00,0.00000000e+00,0.00000000e+00,0.00000000e+00,0.00000000e+00,0.00000000e+00,0.00000000e+00,0.00000000e+00,0.00000000e+00,0.00000000e+00,0.00000000e+00,0.00000000e+00,0.00000000e+00,0.00000000e+00,0.00000000e+00,0.00000000e+00,0.00000000e+00,0.00000000e+00,0.00000000e+00,0.00000000e+00,0.00000000e+00,0.00000000e+00,0.00000000e+00,1.76606978e-04
1.09750000e+02,1.32542155e-06,0.00000000e+00,0.00000000e+00,0.00000000e+00,0.00000000e+00,0.00000000e+00,0.00000000e+00,0.00000000e+00,0.00000000e+00,0.00000000e+00,0.00000000e+00,0.00000000e+00,0.00000000e+00,0.00000000e+00,0.00000000e+00,0.00000000e+00,0.00000000e+00,0.00000000e+00,0.00000000e+00,0.00000000e+00,0.00000000e+00,0.00000000e+00,0.00000000e+00,0.00000000e+00,1.83403980e-04
1.09850000e+02,1.32542155e-06,0.00000000e+00,0.00000000e+00,0.00000000e+00,0.00000000e+00,0.00000000e+00,0.00000000e+00,0.00000000e+00,0.00000000e+00,0.00000000e+00,0.00000000e+00,0.00000000e+00,0.00000000e+00,0.00000000e+00,0.00000000e+00,0.00000000e+00,0.00000000e+00,0.00000000e+00,0.00000000e+00,0.00000000e+00,0.00000000e+00,0.00000000e+00,0.00000000e+00,0.00000000e+00,1.73298336e-04
1.09950000e+02,1.32542155e-06,0.00000000e+00,0.00000000e+00,0.00000000e+00,0.00000000e+00,0.00000000e+00,0.00000000e+00,0.00000000e+00,0.00000000e+00,0.00000000e+00,0.00000000e+00,0.00000000e+00,0.00000000e+00,0.00000000e+00,0.00000000e+00,0.00000000e+00,0.00000000e+00,0.00000000e+00,0.00000000e+00,0.00000000e+00,0.00000000e+00,0.00000000e+00,0.00000000e+00,0.00000000e+00,1.66524568e-04
1.10050000e+02,1.32542155e-06,0.00000000e+00,0.00000000e+00,0.00000000e+00,0.00000000e+00,0.00000000e+00,0.00000000e+00,0.00000000e+00,0.00000000e+00,0.00000000e+00,0.00000000e+00,0.00000000e+00,0.00000000e+00,0.00000000e+00,0.00000000e+00,0.00000000e+00,0.00000000e+00,0.00000000e+00,0.00000000e+00,0.00000000e+00,0.00000000e+00,0.00000000e+00,0.00000000e+00,0.00000000e+00,1.68744869e-04
1.10150000e+02,1.32542155e-06,0.00000000e+00,0.00000000e+00,0.00000000e+00,0.00000000e+00,0.00000000e+00,0.00000000e+00,0.00000000e+00,0.00000000e+00,0.00000000e+00,0.00000000e+00,0.00000000e+00,0.00000000e+00,0.00000000e+00,0.00000000e+00,0.00000000e+00,0.00000000e+00,0.00000000e+00,0.00000000e+00,0.00000000e+00,0.00000000e+00,0.00000000e+00,0.00000000e+00,0.00000000e+00,1.64905407e-04
1.10250000e+02,7.09904809e-07,0.00000000e+00,0.00000000e+00,0.00000000e+00,0.00000000e+00,0.00000000e+00,0.00000000e+00,0.00000000e+00,0.00000000e+00,0.00000000e+00,0.00000000e+00,0.00000000e+00,0.00000000e+00,0.00000000e+00,0.00000000e+00,0.00000000e+00,0.00000000e+00,0.00000000e+00,0.00000000e+00,0.00000000e+00,0.00000000e+00,0.00000000e+00,0.00000000e+00,0.00000000e+00,1.61770504e-04
1.10350000e+02,0.00000000e+00,0.00000000e+00,0.00000000e+00,0.00000000e+00,0.00000000e+00,0.00000000e+00,0.00000000e+00,0.00000000e+00,0.00000000e+00,0.00000000e+00,0.00000000e+00,0.00000000e+00,0.00000000e+00,0.00000000e+00,0.00000000e+00,0.00000000e+00,0.00000000e+00,0.00000000e+00,0.00000000e+00,0.00000000e+00,0.00000000e+00,0.00000000e+00,0.00000000e+00,0.00000000e+00,1.58641323e-04
1.10450000e+02,0.00000000e+00,0.00000000e+00,0.00000000e+00,0.00000000e+00,0.00000000e+00,0.00000000e+00,0.00000000e+00,0.00000000e+00,0.00000000e+00,0.00000000e+00,0.00000000e+00,0.00000000e+00,0.00000000e+00,0.00000000e+00,0.00000000e+00,0.00000000e+00,0.00000000e+00,0.00000000e+00,0.00000000e+00,0.00000000e+00,0.00000000e+00,0.00000000e+00,0.00000000e+00,0.00000000e+00,1.61453567e-04
1.10550000e+02,0.00000000e+00,0.00000000e+00,0.00000000e+00,0.00000000e+00,0.00000000e+00,0.00000000e+00,0.00000000e+00,0.00000000e+00,0.00000000e+00,0.00000000e+00,0.00000000e+00,0.00000000e+00,0.00000000e+00,0.00000000e+00,0.00000000e+00,0.00000000e+00,0.00000000e+00,0.00000000e+00,0.00000000e+00,0.00000000e+00,0.00000000e+00,0.00000000e+00,0.00000000e+00,0.00000000e+00,1.67406131e-04
1.10650000e+02,0.00000000e+00,0.00000000e+00,0.00000000e+00,0.00000000e+00,0.00000000e+00,0.00000000e+00,0.00000000e+00,0.00000000e+00,0.00000000e+00,0.00000000e+00,0.00000000e+00,0.00000000e+00,0.00000000e+00,0.00000000e+00,0.00000000e+00,0.00000000e+00,0.00000000e+00,0.00000000e+00,0.00000000e+00,0.00000000e+00,0.00000000e+00,0.00000000e+00,0.00000000e+00,0.00000000e+00,1.64694106e-04
1.10750000e+02,0.00000000e+00,0.00000000e+00,0.00000000e+00,0.00000000e+00,0.00000000e+00,0.00000000e+00,0.00000000e+00,0.00000000e+00,0.00000000e+00,0.00000000e+00,0.00000000e+00,0.00000000e+00,0.00000000e+00,0.00000000e+00,0.00000000e+00,0.00000000e+00,0.00000000e+00,0.00000000e+00,0.00000000e+00,0.00000000e+00,0.00000000e+00,0.00000000e+00,0.00000000e+00,0.00000000e+00,1.61642292e-04
1.10850000e+02,0.00000000e+00,0.00000000e+00,0.00000000e+00,0.00000000e+00,0.00000000e+00,0.00000000e+00,0.00000000e+00,0.00000000e+00,0.00000000e+00,0.00000000e+00,0.00000000e+00,0.00000000e+00,0.00000000e+00,0.00000000e+00,0.00000000e+00,0.00000000e+00,0.00000000e+00,0.00000000e+00,0.00000000e+00,0.00000000e+00,0.00000000e+00,0.00000000e+00,0.00000000e+00,0.00000000e+00,1.64965825e-04
1.10950000e+02,0.00000000e+00,0.00000000e+00,0.00000000e+00,0.00000000e+00,0.00000000e+00,0.00000000e+00,0.00000000e+00,0.00000000e+00,0.00000000e+00,0.00000000e+00,0.00000000e+00,0.00000000e+00,0.00000000e+00,0.00000000e+00,0.00000000e+00,0.00000000e+00,0.00000000e+00,0.00000000e+00,0.00000000e+00,0.00000000e+00,0.00000000e+00,0.00000000e+00,0.00000000e+00,0.00000000e+00,1.63470940e-04
1.11050000e+02,0.00000000e+00,0.00000000e+00,0.00000000e+00,0.00000000e+00,0.00000000e+00,0.00000000e+00,0.00000000e+00,0.00000000e+00,0.00000000e+00,0.00000000e+00,0.00000000e+00,0.00000000e+00,0.00000000e+00,0.00000000e+00,0.00000000e+00,0.00000000e+00,0.00000000e+00,0.00000000e+00,0.00000000e+00,0.00000000e+00,0.00000000e+00,0.00000000e+00,0.00000000e+00,0.00000000e+00,1.66111739e-04
1.11150000e+02,0.00000000e+00,0.00000000e+00,0.00000000e+00,0.00000000e+00,0.00000000e+00,0.00000000e+00,0.00000000e+00,0.00000000e+00,0.00000000e+00,0.00000000e+00,0.00000000e+00,0.00000000e+00,0.00000000e+00,0.00000000e+00,0.00000000e+00,0.00000000e+00,0.00000000e+00,0.00000000e+00,0.00000000e+00,0.00000000e+00,0.00000000e+00,0.00000000e+00,0.00000000e+00,0.00000000e+00,1.61464126e-04
1.11250000e+02,0.00000000e+00,0.00000000e+00,0.00000000e+00,0.00000000e+00,0.00000000e+00,0.00000000e+00,0.00000000e+00,0.00000000e+00,0.00000000e+00,0.00000000e+00,0.00000000e+00,0.00000000e+00,0.00000000e+00,0.00000000e+00,0.00000000e+00,0.00000000e+00,0.00000000e+00,0.00000000e+00,0.00000000e+00,0.00000000e+00,0.00000000e+00,0.00000000e+00,0.00000000e+00,0.00000000e+00,1.61187684e-04
1.11350000e+02,0.00000000e+00,0.00000000e+00,0.00000000e+00,0.00000000e+00,0.00000000e+00,0.00000000e+00,0.00000000e+00,0.00000000e+00,0.00000000e+00,0.00000000e+00,0.00000000e+00,0.00000000e+00,0.00000000e+00,0.00000000e+00,0.00000000e+00,0.00000000e+00,0.00000000e+00,0.00000000e+00,0.00000000e+00,0.00000000e+00,0.00000000e+00,0.00000000e+00,0.00000000e+00,0.00000000e+00,1.58719834e-04
1.11450000e+02,0.00000000e+00,0.00000000e+00,0.00000000e+00,0.00000000e+00,0.00000000e+00,0.00000000e+00,0.00000000e+00,0.00000000e+00,0.00000000e+00,0.00000000e+00,0.00000000e+00,0.00000000e+00,0.00000000e+00,0.00000000e+00,0.00000000e+00,0.00000000e+00,0.00000000e+00,0.00000000e+00,0.00000000e+00,0.00000000e+00,0.00000000e+00,0.00000000e+00,0.00000000e+00,0.00000000e+00,1.60681161e-04
1.11550000e+02,0.00000000e+00,0.00000000e+00,0.00000000e+00,0.00000000e+00,0.00000000e+00,0.00000000e+00,0.00000000e+00,0.00000000e+00,0.00000000e+00,0.00000000e+00,0.00000000e+00,0.00000000e+00,0.00000000e+00,0.00000000e+00,0.00000000e+00,0.00000000e+00,0.00000000e+00,0.00000000e+00,0.00000000e+00,0.00000000e+00,0.00000000e+00,0.00000000e+00,0.00000000e+00,0.00000000e+00,1.60587233e-04
1.11650000e+02,0.00000000e+00,0.00000000e+00,0.00000000e+00,0.00000000e+00,0.00000000e+00,0.00000000e+00,0.00000000e+00,0.00000000e+00,0.00000000e+00,0.00000000e+00,0.00000000e+00,0.00000000e+00,0.00000000e+00,0.00000000e+00,0.00000000e+00,0.00000000e+00,0.00000000e+00,0.00000000e+00,0.00000000e+00,0.00000000e+00,0.00000000e+00,0.00000000e+00,0.00000000e+00,0.00000000e+00,1.56461728e-04
1.11750000e+02,0.00000000e+00,0.00000000e+00,0.00000000e+00,0.00000000e+00,0.00000000e+00,0.00000000e+00,0.00000000e+00,0.00000000e+00,0.00000000e+00,0.00000000e+00,0.00000000e+00,0.00000000e+00,0.00000000e+00,0.00000000e+00,0.00000000e+00,0.00000000e+00,0.00000000e+00,0.00000000e+00,0.00000000e+00,0.00000000e+00,0.00000000e+00,0.00000000e+00,0.00000000e+00,0.00000000e+00,1.54798694e-04
1.11850000e+02,0.00000000e+00,0.00000000e+00,0.00000000e+00,0.00000000e+00,0.00000000e+00,0.00000000e+00,0.00000000e+00,0.00000000e+00,0.00000000e+00,0.00000000e+00,0.00000000e+00,0.00000000e+00,0.00000000e+00,0.00000000e+00,0.00000000e+00,0.00000000e+00,0.00000000e+00,0.00000000e+00,0.00000000e+00,0.00000000e+00,0.00000000e+00,0.00000000e+00,0.00000000e+00,0.00000000e+00,1.60686648e-04
1.11950000e+02,0.00000000e+00,0.00000000e+00,0.00000000e+00,0.00000000e+00,0.00000000e+00,0.00000000e+00,0.00000000e+00,0.00000000e+00,0.00000000e+00,0.00000000e+00,0.00000000e+00,0.00000000e+00,0.00000000e+00,0.00000000e+00,0.00000000e+00,0.00000000e+00,0.00000000e+00,0.00000000e+00,0.00000000e+00,0.00000000e+00,0.00000000e+00,0.00000000e+00,0.00000000e+00,0.00000000e+00,1.52342594e-04
1.12050000e+02,0.00000000e+00,0.00000000e+00,0.00000000e+00,0.00000000e+00,0.00000000e+00,0.00000000e+00,0.00000000e+00,0.00000000e+00,0.00000000e+00,0.00000000e+00,0.00000000e+00,0.00000000e+00,0.00000000e+00,0.00000000e+00,0.00000000e+00,0.00000000e+00,0.00000000e+00,0.00000000e+00,0.00000000e+00,0.00000000e+00,0.00000000e+00,0.00000000e+00,0.00000000e+00,0.00000000e+00,1.58625001e-04
1.12150000e+02,0.00000000e+00,0.00000000e+00,0.00000000e+00,0.00000000e+00,0.00000000e+00,0.00000000e+00,0.00000000e+00,0.00000000e+00,0.00000000e+00,0.00000000e+00,0.00000000e+00,0.00000000e+00,0.00000000e+00,0.00000000e+00,0.00000000e+00,0.00000000e+00,0.00000000e+00,0.00000000e+00,0.00000000e+00,0.00000000e+00,0.00000000e+00,0.00000000e+00,0.00000000e+00,0.00000000e+00,1.59229157e-04
1.12250000e+02,0.00000000e+00,0.00000000e+00,0.00000000e+00,0.00000000e+00,0.00000000e+00,0.00000000e+00,0.00000000e+00,0.00000000e+00,0.00000000e+00,0.00000000e+00,0.00000000e+00,0.00000000e+00,0.00000000e+00,0.00000000e+00,0.00000000e+00,0.00000000e+00,0.00000000e+00,0.00000000e+00,0.00000000e+00,0.00000000e+00,0.00000000e+00,0.00000000e+00,0.00000000e+00,0.00000000e+00,1.62280922e-04
1.12350000e+02,0.00000000e+00,0.00000000e+00,0.00000000e+00,0.00000000e+00,0.00000000e+00,0.00000000e+00,0.00000000e+00,0.00000000e+00,0.00000000e+00,0.00000000e+00,0.00000000e+00,0.00000000e+00,0.00000000e+00,0.00000000e+00,0.00000000e+00,0.00000000e+00,0.00000000e+00,0.00000000e+00,0.00000000e+00,0.00000000e+00,0.00000000e+00,0.00000000e+00,0.00000000e+00,0.00000000e+00,1.67008531e-04
1.12450000e+02,0.00000000e+00,0.00000000e+00,0.00000000e+00,0.00000000e+00,0.00000000e+00,0.00000000e+00,0.00000000e+00,0.00000000e+00,0.00000000e+00,0.00000000e+00,0.00000000e+00,0.00000000e+00,0.00000000e+00,0.00000000e+00,0.00000000e+00,0.00000000e+00,0.00000000e+00,0.00000000e+00,0.00000000e+00,0.00000000e+00,0.00000000e+00,0.00000000e+00,0.00000000e+00,0.00000000e+00,1.66448248e-04
1.12550000e+02,0.00000000e+00,0.00000000e+00,0.00000000e+00,0.00000000e+00,0.00000000e+00,0.00000000e+00,0.00000000e+00,0.00000000e+00,0.00000000e+00,0.00000000e+00,0.00000000e+00,0.00000000e+00,0.00000000e+00,0.00000000e+00,0.00000000e+00,0.00000000e+00,0.00000000e+00,0.00000000e+00,0.00000000e+00,0.00000000e+00,0.00000000e+00,0.00000000e+00,0.00000000e+00,0.00000000e+00,1.63680929e-04
1.12650000e+02,0.00000000e+00,0.00000000e+00,0.00000000e+00,0.00000000e+00,0.00000000e+00,0.00000000e+00,0.00000000e+00,0.00000000e+00,0.00000000e+00,0.00000000e+00,0.00000000e+00,0.00000000e+00,0.00000000e+00,0.00000000e+00,0.00000000e+00,0.00000000e+00,0.00000000e+00,0.00000000e+00,0.00000000e+00,0.00000000e+00,0.00000000e+00,0.00000000e+00,0.00000000e+00,0.00000000e+00,1.60840735e-04
1.12750000e+02,0.00000000e+00,0.00000000e+00,0.00000000e+00,0.00000000e+00,0.00000000e+00,0.00000000e+00,0.00000000e+00,0.00000000e+00,0.00000000e+00,0.00000000e+00,0.00000000e+00,0.00000000e+00,0.00000000e+00,0.00000000e+00,0.00000000e+00,0.00000000e+00,0.00000000e+00,0.00000000e+00,0.00000000e+00,0.00000000e+00,0.00000000e+00,0.00000000e+00,0.00000000e+00,0.00000000e+00,1.62650178e-04
1.12850000e+02,0.00000000e+00,0.00000000e+00,0.00000000e+00,0.00000000e+00,0.00000000e+00,0.00000000e+00,0.00000000e+00,0.00000000e+00,0.00000000e+00,0.00000000e+00,0.00000000e+00,0.00000000e+00,0.00000000e+00,0.00000000e+00,0.00000000e+00,0.00000000e+00,0.00000000e+00,0.00000000e+00,0.00000000e+00,0.00000000e+00,0.00000000e+00,0.00000000e+00,0.00000000e+00,0.00000000e+00,1.69655582e-04
1.12950000e+02,0.00000000e+00,0.00000000e+00,0.00000000e+00,0.00000000e+00,0.00000000e+00,0.00000000e+00,0.00000000e+00,0.00000000e+00,0.00000000e+00,0.00000000e+00,0.00000000e+00,0.00000000e+00,0.00000000e+00,0.00000000e+00,0.00000000e+00,0.00000000e+00,0.00000000e+00,0.00000000e+00,0.00000000e+00,0.00000000e+00,0.00000000e+00,0.00000000e+00,0.00000000e+00,0.00000000e+00,1.66136039e-04
1.13050000e+02,0.00000000e+00,0.00000000e+00,0.00000000e+00,0.00000000e+00,0.00000000e+00,0.00000000e+00,0.00000000e+00,0.00000000e+00,0.00000000e+00,0.00000000e+00,0.00000000e+00,0.00000000e+00,0.00000000e+00,0.00000000e+00,0.00000000e+00,0.00000000e+00,0.00000000e+00,0.00000000e+00,0.00000000e+00,0.00000000e+00,0.00000000e+00,0.00000000e+00,0.00000000e+00,0.00000000e+00,1.62629707e-04
1.13150000e+02,0.00000000e+00,0.00000000e+00,0.00000000e+00,0.00000000e+00,0.00000000e+00,0.00000000e+00,0.00000000e+00,0.00000000e+00,0.00000000e+00,0.00000000e+00,0.00000000e+00,0.00000000e+00,0.00000000e+00,0.00000000e+00,0.00000000e+00,0.00000000e+00,0.00000000e+00,0.00000000e+00,0.00000000e+00,0.00000000e+00,0.00000000e+00,0.00000000e+00,0.00000000e+00,0.00000000e+00,1.59501684e-04
1.13250000e+02,0.00000000e+00,0.00000000e+00,0.00000000e+00,0.00000000e+00,0.00000000e+00,0.00000000e+00,0.00000000e+00,0.00000000e+00,0.00000000e+00,0.00000000e+00,0.00000000e+00,0.00000000e+00,0.00000000e+00,0.00000000e+00,0.00000000e+00,0.00000000e+00,0.00000000e+00,0.00000000e+00,0.00000000e+00,0.00000000e+00,0.00000000e+00,0.00000000e+00,0.00000000e+00,0.00000000e+00,1.57030137e-04
1.13350000e+02,0.00000000e+00,0.00000000e+00,0.00000000e+00,0.00000000e+00,0.00000000e+00,0.00000000e+00,0.00000000e+00,0.00000000e+00,0.00000000e+00,0.00000000e+00,0.00000000e+00,0.00000000e+00,0.00000000e+00,0.00000000e+00,0.00000000e+00,0.00000000e+00,0.00000000e+00,0.00000000e+00,0.00000000e+00,0.00000000e+00,0.00000000e+00,0.00000000e+00,0.00000000e+00,0.00000000e+00,1.60172452e-04
1.13450000e+02,0.00000000e+00,0.00000000e+00,0.00000000e+00,0.00000000e+00,0.00000000e+00,0.00000000e+00,0.00000000e+00,0.00000000e+00,0.00000000e+00,0.00000000e+00,0.00000000e+00,0.00000000e+00,0.00000000e+00,0.00000000e+00,0.00000000e+00,0.00000000e+00,0.00000000e+00,0.00000000e+00,0.00000000e+00,0.00000000e+00,0.00000000e+00,0.00000000e+00,0.00000000e+00,0.00000000e+00,1.58250047e-04
1.13550000e+02,0.00000000e+00,0.00000000e+00,0.00000000e+00,0.00000000e+00,0.00000000e+00,0.00000000e+00,0.00000000e+00,0.00000000e+00,0.00000000e+00,0.00000000e+00,0.00000000e+00,0.00000000e+00,0.00000000e+00,0.00000000e+00,0.00000000e+00,0.00000000e+00,0.00000000e+00,0.00000000e+00,0.00000000e+00,0.00000000e+00,0.00000000e+00,0.00000000e+00,0.00000000e+00,0.00000000e+00,1.56262780e-04
1.13650000e+02,0.00000000e+00,0.00000000e+00,0.00000000e+00,0.00000000e+00,0.00000000e+00,0.00000000e+00,0.00000000e+00,0.00000000e+00,0.00000000e+00,0.00000000e+00,0.00000000e+00,0.00000000e+00,0.00000000e+00,0.00000000e+00,0.00000000e+00,0.00000000e+00,0.00000000e+00,0.00000000e+00,0.00000000e+00,0.00000000e+00,0.00000000e+00,0.00000000e+00,0.00000000e+00,0.00000000e+00,1.59262734e-04
1.13750000e+02,0.00000000e+00,0.00000000e+00,0.00000000e+00,0.00000000e+00,0.00000000e+00,0.00000000e+00,0.00000000e+00,0.00000000e+00,0.00000000e+00,0.00000000e+00,0.00000000e+00,0.00000000e+00,0.00000000e+00,0.00000000e+00,0.00000000e+00,0.00000000e+00,0.00000000e+00,0.00000000e+00,0.00000000e+00,0.00000000e+00,0.00000000e+00,0.00000000e+00,0.00000000e+00,0.00000000e+00,1.68183247e-04
1.13850000e+02,0.00000000e+00,0.00000000e+00,0.00000000e+00,0.00000000e+00,0.00000000e+00,0.00000000e+00,0.00000000e+00,0.00000000e+00,0.00000000e+00,0.00000000e+00,0.00000000e+00,0.00000000e+00,0.00000000e+00,0.00000000e+00,0.00000000e+00,0.00000000e+00,0.00000000e+00,0.00000000e+00,0.00000000e+00,0.00000000e+00,0.00000000e+00,0.00000000e+00,0.00000000e+00,0.00000000e+00,1.58184030e-04
1.13950000e+02,0.00000000e+00,0.00000000e+00,0.00000000e+00,0.00000000e+00,0.00000000e+00,0.00000000e+00,0.00000000e+00,0.00000000e+00,0.00000000e+00,0.00000000e+00,0.00000000e+00,0.00000000e+00,0.00000000e+00,0.00000000e+00,0.00000000e+00,0.00000000e+00,0.00000000e+00,0.00000000e+00,0.00000000e+00,0.00000000e+00,0.00000000e+00,0.00000000e+00,0.00000000e+00,0.00000000e+00,1.62133200e-04
1.14050000e+02,0.00000000e+00,0.00000000e+00,0.00000000e+00,0.00000000e+00,0.00000000e+00,0.00000000e+00,0.00000000e+00,0.00000000e+00,0.00000000e+00,0.00000000e+00,0.00000000e+00,0.00000000e+00,0.00000000e+00,0.00000000e+00,0.00000000e+00,0.00000000e+00,0.00000000e+00,0.00000000e+00,0.00000000e+00,0.00000000e+00,0.00000000e+00,0.00000000e+00,0.00000000e+00,0.00000000e+00,1.51402377e-04
1.14150000e+02,0.00000000e+00,0.00000000e+00,0.00000000e+00,0.00000000e+00,0.00000000e+00,0.00000000e+00,0.00000000e+00,0.00000000e+00,0.00000000e+00,0.00000000e+00,0.00000000e+00,0.00000000e+00,0.00000000e+00,0.00000000e+00,0.00000000e+00,0.00000000e+00,0.00000000e+00,0.00000000e+00,0.00000000e+00,0.00000000e+00,0.00000000e+00,0.00000000e+00,0.00000000e+00,0.00000000e+00,1.47922193e-04
1.14250000e+02,0.00000000e+00,0.00000000e+00,0.00000000e+00,0.00000000e+00,0.00000000e+00,0.00000000e+00,0.00000000e+00,0.00000000e+00,0.00000000e+00,0.00000000e+00,0.00000000e+00,0.00000000e+00,0.00000000e+00,0.00000000e+00,0.00000000e+00,0.00000000e+00,0.00000000e+00,0.00000000e+00,0.00000000e+00,0.00000000e+00,0.00000000e+00,0.00000000e+00,0.00000000e+00,0.00000000e+00,1.50825407e-04
1.14350000e+02,0.00000000e+00,0.00000000e+00,0.00000000e+00,0.00000000e+00,0.00000000e+00,0.00000000e+00,0.00000000e+00,0.00000000e+00,0.00000000e+00,0.00000000e+00,0.00000000e+00,0.00000000e+00,0.00000000e+00,0.00000000e+00,0.00000000e+00,0.00000000e+00,0.00000000e+00,0.00000000e+00,0.00000000e+00,0.00000000e+00,0.00000000e+00,0.00000000e+00,0.00000000e+00,0.00000000e+00,1.52225524e-04
1.14450000e+02,0.00000000e+00,0.00000000e+00,0.00000000e+00,0.00000000e+00,0.00000000e+00,0.00000000e+00,0.00000000e+00,0.00000000e+00,0.00000000e+00,0.00000000e+00,0.00000000e+00,0.00000000e+00,0.00000000e+00,0.00000000e+00,0.00000000e+00,0.00000000e+00,0.00000000e+00,0.00000000e+00,0.00000000e+00,0.00000000e+00,0.00000000e+00,0.00000000e+00,0.00000000e+00,0.00000000e+00,1.57191625e-04
1.14550000e+02,0.00000000e+00,0.00000000e+00,0.00000000e+00,0.00000000e+00,0.00000000e+00,0.00000000e+00,0.00000000e+00,0.00000000e+00,0.00000000e+00,0.00000000e+00,0.00000000e+00,0.00000000e+00,0.00000000e+00,0.00000000e+00,0.00000000e+00,0.00000000e+00,0.00000000e+00,0.00000000e+00,0.00000000e+00,0.00000000e+00,0.00000000e+00,0.00000000e+00,0.00000000e+00,0.00000000e+00,1.59269818e-04
1.14650000e+02,0.00000000e+00,0.00000000e+00,0.00000000e+00,0.00000000e+00,0.00000000e+00,0.00000000e+00,0.00000000e+00,0.00000000e+00,0.00000000e+00,0.00000000e+00,0.00000000e+00,0.00000000e+00,0.00000000e+00,0.00000000e+00,0.00000000e+00,0.00000000e+00,0.00000000e+00,0.00000000e+00,0.00000000e+00,0.00000000e+00,0.00000000e+00,0.00000000e+00,0.00000000e+00,0.00000000e+00,1.58844643e-04
1.14750000e+02,0.00000000e+00,0.00000000e+00,0.00000000e+00,0.00000000e+00,0.00000000e+00,0.00000000e+00,0.00000000e+00,0.00000000e+00,0.00000000e+00,0.00000000e+00,0.00000000e+00,0.00000000e+00,0.00000000e+00,0.00000000e+00,0.00000000e+00,0.00000000e+00,0.00000000e+00,0.00000000e+00,0.00000000e+00,0.00000000e+00,0.00000000e+00,0.00000000e+00,0.00000000e+00,0.00000000e+00,1.61945929e-04
1.14850000e+02,0.00000000e+00,0.00000000e+00,0.00000000e+00,0.00000000e+00,0.00000000e+00,0.00000000e+00,0.00000000e+00,0.00000000e+00,0.00000000e+00,0.00000000e+00,0.00000000e+00,0.00000000e+00,0.00000000e+00,0.00000000e+00,0.00000000e+00,0.00000000e+00,0.00000000e+00,0.00000000e+00,0.00000000e+00,0.00000000e+00,0.00000000e+00,0.00000000e+00,0.00000000e+00,0.00000000e+00,1.59416340e-04
1.14950000e+02,0.00000000e+00,0.00000000e+00,0.00000000e+00,0.00000000e+00,0.00000000e+00,0.00000000e+00,0.00000000e+00,0.00000000e+00,0.00000000e+00,0.00000000e+00,0.00000000e+00,0.00000000e+00,0.00000000e+00,0.00000000e+00,0.00000000e+00,0.00000000e+00,0.00000000e+00,0.00000000e+00,0.00000000e+00,0.00000000e+00,0.00000000e+00,0.00000000e+00,0.00000000e+00,0.00000000e+00,1.53733275e-04
1.15050000e+02,0.00000000e+00,0.00000000e+00,0.00000000e+00,0.00000000e+00,0.00000000e+00,0.00000000e+00,0.00000000e+00,0.00000000e+00,0.00000000e+00,0.00000000e+00,0.00000000e+00,0.00000000e+00,0.00000000e+00,0.00000000e+00,0.00000000e+00,0.00000000e+00,0.00000000e+00,0.00000000e+00,0.00000000e+00,0.00000000e+00,0.00000000e+00,0.00000000e+00,0.00000000e+00,0.00000000e+00,1.68104391e-04
1.15150000e+02,0.00000000e+00,0.00000000e+00,0.00000000e+00,0.00000000e+00,0.00000000e+00,0.00000000e+00,0.00000000e+00,0.00000000e+00,0.00000000e+00,0.00000000e+00,0.00000000e+00,0.00000000e+00,0.00000000e+00,0.00000000e+00,0.00000000e+00,0.00000000e+00,0.00000000e+00,0.00000000e+00,0.00000000e+00,0.00000000e+00,0.00000000e+00,0.00000000e+00,0.00000000e+00,0.00000000e+00,1.60725404e-04
1.15250000e+02,0.00000000e+00,0.00000000e+00,0.00000000e+00,0.00000000e+00,0.00000000e+00,0.00000000e+00,0.00000000e+00,0.00000000e+00,0.00000000e+00,0.00000000e+00,0.00000000e+00,0.00000000e+00,0.00000000e+00,0.00000000e+00,0.00000000e+00,0.00000000e+00,0.00000000e+00,0.00000000e+00,0.00000000e+00,0.00000000e+00,0.00000000e+00,0.00000000e+00,0.00000000e+00,0.00000000e+00,1.53563222e-04
1.15350000e+02,0.00000000e+00,0.00000000e+00,0.00000000e+00,0.00000000e+00,0.00000000e+00,0.00000000e+00,0.00000000e+00,0.00000000e+00,0.00000000e+00,0.00000000e+00,0.00000000e+00,0.00000000e+00,0.00000000e+00,0.00000000e+00,0.00000000e+00,0.00000000e+00,0.00000000e+00,0.00000000e+00,0.00000000e+00,0.00000000e+00,0.00000000e+00,0.00000000e+00,0.00000000e+00,0.00000000e+00,1.53489862e-04
1.15450000e+02,0.00000000e+00,0.00000000e+00,0.00000000e+00,0.00000000e+00,0.00000000e+00,0.00000000e+00,0.00000000e+00,0.00000000e+00,0.00000000e+00,0.00000000e+00,0.00000000e+00,0.00000000e+00,0.00000000e+00,0.00000000e+00,0.00000000e+00,0.00000000e+00,0.00000000e+00,0.00000000e+00,0.00000000e+00,0.00000000e+00,0.00000000e+00,0.00000000e+00,0.00000000e+00,0.00000000e+00,1.57910647e-04
1.15550000e+02,0.00000000e+00,0.00000000e+00,0.00000000e+00,0.00000000e+00,0.00000000e+00,0.00000000e+00,0.00000000e+00,0.00000000e+00,0.00000000e+00,0.00000000e+00,0.00000000e+00,0.00000000e+00,0.00000000e+00,0.00000000e+00,0.00000000e+00,0.00000000e+00,0.00000000e+00,0.00000000e+00,0.00000000e+00,0.00000000e+00,0.00000000e+00,0.00000000e+00,0.00000000e+00,0.00000000e+00,1.60389964e-04
1.15650000e+02,0.00000000e+00,0.00000000e+00,0.00000000e+00,0.00000000e+00,0.00000000e+00,0.00000000e+00,0.00000000e+00,0.00000000e+00,0.00000000e+00,0.00000000e+00,0.00000000e+00,0.00000000e+00,0.00000000e+00,0.00000000e+00,0.00000000e+00,0.00000000e+00,0.00000000e+00,0.00000000e+00,0.00000000e+00,0.00000000e+00,0.00000000e+00,0.00000000e+00,0.00000000e+00,0.00000000e+00,1.59674051e-04
1.15750000e+02,0.00000000e+00,0.00000000e+00,0.00000000e+00,0.00000000e+00,0.00000000e+00,0.00000000e+00,0.00000000e+00,0.00000000e+00,0.00000000e+00,0.00000000e+00,0.00000000e+00,0.00000000e+00,0.00000000e+00,0.00000000e+00,0.00000000e+00,0.00000000e+00,0.00000000e+00,0.00000000e+00,0.00000000e+00,0.00000000e+00,0.00000000e+00,0.00000000e+00,0.00000000e+00,0.00000000e+00,1.59756704e-04
1.15850000e+02,0.00000000e+00,0.00000000e+00,0.00000000e+00,0.00000000e+00,0.00000000e+00,0.00000000e+00,0.00000000e+00,0.00000000e+00,0.00000000e+00,0.00000000e+00,0.00000000e+00,0.00000000e+00,0.00000000e+00,0.00000000e+00,0.00000000e+00,0.00000000e+00,0.00000000e+00,0.00000000e+00,0.00000000e+00,0.00000000e+00,0.00000000e+00,0.00000000e+00,0.00000000e+00,0.00000000e+00,1.56699080e-04
1.15950000e+02,0.00000000e+00,0.00000000e+00,0.00000000e+00,0.00000000e+00,0.00000000e+00,0.00000000e+00,0.00000000e+00,0.00000000e+00,0.00000000e+00,0.00000000e+00,0.00000000e+00,0.00000000e+00,0.00000000e+00,0.00000000e+00,0.00000000e+00,0.00000000e+00,0.00000000e+00,0.00000000e+00,0.00000000e+00,0.00000000e+00,0.00000000e+00,0.00000000e+00,0.00000000e+00,0.00000000e+00,1.56187724e-04
1.16050000e+02,0.00000000e+00,0.00000000e+00,0.00000000e+00,0.00000000e+00,0.00000000e+00,0.00000000e+00,0.00000000e+00,0.00000000e+00,0.00000000e+00,0.00000000e+00,0.00000000e+00,0.00000000e+00,0.00000000e+00,0.00000000e+00,0.00000000e+00,0.00000000e+00,0.00000000e+00,0.00000000e+00,0.00000000e+00,0.00000000e+00,0.00000000e+00,0.00000000e+00,0.00000000e+00,0.00000000e+00,1.58744442e-04
1.16150000e+02,0.00000000e+00,0.00000000e+00,0.00000000e+00,0.00000000e+00,0.00000000e+00,0.00000000e+00,0.00000000e+00,0.00000000e+00,0.00000000e+00,0.00000000e+00,0.00000000e+00,0.00000000e+00,0.00000000e+00,0.00000000e+00,0.00000000e+00,0.00000000e+00,0.00000000e+00,0.00000000e+00,0.00000000e+00,0.00000000e+00,0.00000000e+00,0.00000000e+00,0.00000000e+00,0.00000000e+00,1.72606223e-04
1.16250000e+02,0.00000000e+00,0.00000000e+00,0.00000000e+00,0.00000000e+00,0.00000000e+00,0.00000000e+00,0.00000000e+00,0.00000000e+00,0.00000000e+00,0.00000000e+00,0.00000000e+00,0.00000000e+00,0.00000000e+00,0.00000000e+00,0.00000000e+00,0.00000000e+00,0.00000000e+00,0.00000000e+00,0.00000000e+00,0.00000000e+00,0.00000000e+00,0.00000000e+00,0.00000000e+00,0.00000000e+00,1.60753140e-04
1.16350000e+02,0.00000000e+00,0.00000000e+00,0.00000000e+00,0.00000000e+00,0.00000000e+00,0.00000000e+00,0.00000000e+00,0.00000000e+00,0.00000000e+00,0.00000000e+00,0.00000000e+00,0.00000000e+00,0.00000000e+00,0.00000000e+00,0.00000000e+00,0.00000000e+00,0.00000000e+00,0.00000000e+00,0.00000000e+00,0.00000000e+00,0.00000000e+00,0.00000000e+00,0.00000000e+00,0.00000000e+00,1.60824573e-04
1.16450000e+02,0.00000000e+00,0.00000000e+00,0.00000000e+00,0.00000000e+00,0.00000000e+00,0.00000000e+00,0.00000000e+00,0.00000000e+00,0.00000000e+00,0.00000000e+00,0.00000000e+00,0.00000000e+00,0.00000000e+00,0.00000000e+00,0.00000000e+00,0.00000000e+00,0.00000000e+00,0.00000000e+00,0.00000000e+00,0.00000000e+00,0.00000000e+00,0.00000000e+00,0.00000000e+00,0.00000000e+00,1.60287617e-04
1.16550000e+02,0.00000000e+00,0.00000000e+00,0.00000000e+00,0.00000000e+00,0.00000000e+00,0.00000000e+00,0.00000000e+00,0.00000000e+00,0.00000000e+00,0.00000000e+00,0.00000000e+00,0.00000000e+00,0.00000000e+00,0.00000000e+00,0.00000000e+00,0.00000000e+00,0.00000000e+00,0.00000000e+00,0.00000000e+00,0.00000000e+00,0.00000000e+00,0.00000000e+00,0.00000000e+00,0.00000000e+00,1.57524262e-04
1.16650000e+02,0.00000000e+00,0.00000000e+00,0.00000000e+00,0.00000000e+00,0.00000000e+00,0.00000000e+00,0.00000000e+00,0.00000000e+00,0.00000000e+00,0.00000000e+00,0.00000000e+00,0.00000000e+00,0.00000000e+00,0.00000000e+00,0.00000000e+00,0.00000000e+00,0.00000000e+00,0.00000000e+00,0.00000000e+00,0.00000000e+00,0.00000000e+00,0.00000000e+00,0.00000000e+00,0.00000000e+00,1.54828108e-04
1.16750000e+02,0.00000000e+00,0.00000000e+00,0.00000000e+00,0.00000000e+00,0.00000000e+00,0.00000000e+00,0.00000000e+00,0.00000000e+00,0.00000000e+00,0.00000000e+00,0.00000000e+00,0.00000000e+00,0.00000000e+00,0.00000000e+00,0.00000000e+00,0.00000000e+00,0.00000000e+00,0.00000000e+00,0.00000000e+00,0.00000000e+00,0.00000000e+00,0.00000000e+00,0.00000000e+00,0.00000000e+00,1.59792006e-04
1.16850000e+02,0.00000000e+00,0.00000000e+00,0.00000000e+00,0.00000000e+00,0.00000000e+00,0.00000000e+00,0.00000000e+00,0.00000000e+00,0.00000000e+00,0.00000000e+00,0.00000000e+00,0.00000000e+00,0.00000000e+00,0.00000000e+00,0.00000000e+00,0.00000000e+00,0.00000000e+00,0.00000000e+00,0.00000000e+00,0.00000000e+00,0.00000000e+00,0.00000000e+00,0.00000000e+00,0.00000000e+00,1.57275438e-04
1.16950000e+02,0.00000000e+00,0.00000000e+00,0.00000000e+00,0.00000000e+00,0.00000000e+00,0.00000000e+00,0.00000000e+00,0.00000000e+00,0.00000000e+00,0.00000000e+00,0.00000000e+00,0.00000000e+00,0.00000000e+00,0.00000000e+00,0.00000000e+00,0.00000000e+00,0.00000000e+00,0.00000000e+00,0.00000000e+00,0.00000000e+00,0.00000000e+00,0.00000000e+00,0.00000000e+00,0.00000000e+00,1.56041514e-04
1.17050000e+02,0.00000000e+00,0.00000000e+00,0.00000000e+00,0.00000000e+00,0.00000000e+00,0.00000000e+00,0.00000000e+00,0.00000000e+00,0.00000000e+00,0.00000000e+00,0.00000000e+00,0.00000000e+00,0.00000000e+00,0.00000000e+00,0.00000000e+00,0.00000000e+00,0.00000000e+00,0.00000000e+00,0.00000000e+00,0.00000000e+00,0.00000000e+00,0.00000000e+00,0.00000000e+00,0.00000000e+00,1.52939120e-04
1.17150000e+02,0.00000000e+00,0.00000000e+00,0.00000000e+00,0.00000000e+00,0.00000000e+00,0.00000000e+00,0.00000000e+00,0.00000000e+00,0.00000000e+00,0.00000000e+00,0.00000000e+00,0.00000000e+00,0.00000000e+00,0.00000000e+00,0.00000000e+00,0.00000000e+00,0.00000000e+00,0.00000000e+00,0.00000000e+00,0.00000000e+00,0.00000000e+00,0.00000000e+00,0.00000000e+00,0.00000000e+00,1.53866011e-04
1.17250000e+02,0.00000000e+00,0.00000000e+00,0.00000000e+00,0.00000000e+00,0.00000000e+00,0.00000000e+00,0.00000000e+00,0.00000000e+00,0.00000000e+00,0.00000000e+00,0.00000000e+00,0.00000000e+00,0.00000000e+00,0.00000000e+00,0.00000000e+00,0.00000000e+00,0.00000000e+00,0.00000000e+00,0.00000000e+00,0.00000000e+00,0.00000000e+00,0.00000000e+00,0.00000000e+00,0.00000000e+00,1.58099812e-04
1.17350000e+02,0.00000000e+00,0.00000000e+00,0.00000000e+00,0.00000000e+00,0.00000000e+00,0.00000000e+00,0.00000000e+00,0.00000000e+00,0.00000000e+00,0.00000000e+00,0.00000000e+00,0.00000000e+00,0.00000000e+00,0.00000000e+00,0.00000000e+00,0.00000000e+00,0.00000000e+00,0.00000000e+00,0.00000000e+00,0.00000000e+00,0.00000000e+00,0.00000000e+00,0.00000000e+00,0.00000000e+00,1.53777316e-04
1.17450000e+02,0.00000000e+00,0.00000000e+00,0.00000000e+00,0.00000000e+00,0.00000000e+00,0.00000000e+00,0.00000000e+00,0.00000000e+00,0.00000000e+00,0.00000000e+00,0.00000000e+00,0.00000000e+00,0.00000000e+00,0.00000000e+00,0.00000000e+00,0.00000000e+00,0.00000000e+00,0.00000000e+00,0.00000000e+00,0.00000000e+00,0.00000000e+00,0.00000000e+00,0.00000000e+00,0.00000000e+00,1.52201240e-04
1.17550000e+02,0.00000000e+00,0.00000000e+00,0.00000000e+00,0.00000000e+00,0.00000000e+00,0.00000000e+00,0.00000000e+00,0.00000000e+00,0.00000000e+00,0.00000000e+00,0.00000000e+00,0.00000000e+00,0.00000000e+00,0.00000000e+00,0.00000000e+00,0.00000000e+00,0.00000000e+00,0.00000000e+00,0.00000000e+00,0.00000000e+00,0.00000000e+00,0.00000000e+00,0.00000000e+00,0.00000000e+00,1.51159486e-04
1.17650000e+02,0.00000000e+00,0.00000000e+00,0.00000000e+00,0.00000000e+00,0.00000000e+00,0.00000000e+00,0.00000000e+00,0.00000000e+00,0.00000000e+00,0.00000000e+00,0.00000000e+00,0.00000000e+00,0.00000000e+00,0.00000000e+00,0.00000000e+00,0.00000000e+00,0.00000000e+00,0.00000000e+00,0.00000000e+00,0.00000000e+00,0.00000000e+00,0.00000000e+00,0.00000000e+00,0.00000000e+00,1.47721277e-04
1.17750000e+02,0.00000000e+00,0.00000000e+00,0.00000000e+00,0.00000000e+00,0.00000000e+00,0.00000000e+00,0.00000000e+00,0.00000000e+00,0.00000000e+00,0.00000000e+00,0.00000000e+00,0.00000000e+00,0.00000000e+00,0.00000000e+00,0.00000000e+00,0.00000000e+00,0.00000000e+00,0.00000000e+00,0.00000000e+00,0.00000000e+00,0.00000000e+00,0.00000000e+00,0.00000000e+00,0.00000000e+00,1.46879814e-04
1.17850000e+02,0.00000000e+00,0.00000000e+00,0.00000000e+00,0.00000000e+00,0.00000000e+00,0.00000000e+00,0.00000000e+00,0.00000000e+00,0.00000000e+00,0.00000000e+00,0.00000000e+00,0.00000000e+00,0.00000000e+00,0.00000000e+00,0.00000000e+00,0.00000000e+00,0.00000000e+00,0.00000000e+00,0.00000000e+00,0.00000000e+00,0.00000000e+00,0.00000000e+00,0.00000000e+00,0.00000000e+00,1.43309708e-04
1.17950000e+02,0.00000000e+00,0.00000000e+00,0.00000000e+00,0.00000000e+00,0.00000000e+00,0.00000000e+00,0.00000000e+00,0.00000000e+00,0.00000000e+00,0.00000000e+00,0.00000000e+00,0.00000000e+00,0.00000000e+00,0.00000000e+00,0.00000000e+00,0.00000000e+00,0.00000000e+00,0.00000000e+00,0.00000000e+00,0.00000000e+00,0.00000000e+00,0.00000000e+00,0.00000000e+00,0.00000000e+00,1.44470531e-04
1.18050000e+02,0.00000000e+00,0.00000000e+00,0.00000000e+00,0.00000000e+00,0.00000000e+00,0.00000000e+00,0.00000000e+00,0.00000000e+00,0.00000000e+00,0.00000000e+00,0.00000000e+00,0.00000000e+00,0.00000000e+00,0.00000000e+00,0.00000000e+00,0.00000000e+00,0.00000000e+00,0.00000000e+00,0.00000000e+00,0.00000000e+00,0.00000000e+00,0.00000000e+00,0.00000000e+00,0.00000000e+00,1.45693481e-04
1.18150000e+02,0.00000000e+00,0.00000000e+00,0.00000000e+00,0.00000000e+00,0.00000000e+00,0.00000000e+00,0.00000000e+00,0.00000000e+00,0.00000000e+00,0.00000000e+00,0.00000000e+00,0.00000000e+00,0.00000000e+00,0.00000000e+00,0.00000000e+00,0.00000000e+00,0.00000000e+00,0.00000000e+00,0.00000000e+00,0.00000000e+00,0.00000000e+00,0.00000000e+00,0.00000000e+00,0.00000000e+00,1.48835414e-04
1.18250000e+02,0.00000000e+00,0.00000000e+00,0.00000000e+00,0.00000000e+00,0.00000000e+00,0.00000000e+00,0.00000000e+00,0.00000000e+00,0.00000000e+00,0.00000000e+00,0.00000000e+00,0.00000000e+00,0.00000000e+00,0.00000000e+00,0.00000000e+00,0.00000000e+00,0.00000000e+00,0.00000000e+00,0.00000000e+00,0.00000000e+00,0.00000000e+00,0.00000000e+00,0.00000000e+00,0.00000000e+00,1.49826300e-04
1.18350000e+02,0.00000000e+00,0.00000000e+00,0.00000000e+00,0.00000000e+00,0.00000000e+00,0.00000000e+00,0.00000000e+00,0.00000000e+00,0.00000000e+00,0.00000000e+00,0.00000000e+00,0.00000000e+00,0.00000000e+00,0.00000000e+00,0.00000000e+00,0.00000000e+00,0.00000000e+00,0.00000000e+00,0.00000000e+00,0.00000000e+00,0.00000000e+00,0.00000000e+00,0.00000000e+00,0.00000000e+00,1.46159612e-04
1.18450000e+02,0.00000000e+00,0.00000000e+00,0.00000000e+00,0.00000000e+00,0.00000000e+00,0.00000000e+00,0.00000000e+00,0.00000000e+00,0.00000000e+00,0.00000000e+00,0.00000000e+00,0.00000000e+00,0.00000000e+00,0.00000000e+00,0.00000000e+00,0.00000000e+00,0.00000000e+00,0.00000000e+00,0.00000000e+00,0.00000000e+00,0.00000000e+00,0.00000000e+00,0.00000000e+00,0.00000000e+00,1.45459566e-04
1.18550000e+02,0.00000000e+00,0.00000000e+00,0.00000000e+00,0.00000000e+00,0.00000000e+00,0.00000000e+00,0.00000000e+00,0.00000000e+00,0.00000000e+00,0.00000000e+00,0.00000000e+00,0.00000000e+00,0.00000000e+00,0.00000000e+00,0.00000000e+00,0.00000000e+00,0.00000000e+00,0.00000000e+00,0.00000000e+00,0.00000000e+00,0.00000000e+00,0.00000000e+00,0.00000000e+00,0.00000000e+00,1.48555932e-04
1.18650000e+02,0.00000000e+00,0.00000000e+00,0.00000000e+00,0.00000000e+00,0.00000000e+00,0.00000000e+00,0.00000000e+00,0.00000000e+00,0.00000000e+00,0.00000000e+00,0.00000000e+00,0.00000000e+00,0.00000000e+00,0.00000000e+00,0.00000000e+00,0.00000000e+00,0.00000000e+00,0.00000000e+00,0.00000000e+00,0.00000000e+00,0.00000000e+00,0.00000000e+00,0.00000000e+00,0.00000000e+00,1.53672763e-04
1.18750000e+02,0.00000000e+00,0.00000000e+00,0.00000000e+00,0.00000000e+00,0.00000000e+00,0.00000000e+00,0.00000000e+00,0.00000000e+00,0.00000000e+00,0.00000000e+00,0.00000000e+00,0.00000000e+00,0.00000000e+00,0.00000000e+00,0.00000000e+00,0.00000000e+00,0.00000000e+00,0.00000000e+00,0.00000000e+00,0.00000000e+00,0.00000000e+00,0.00000000e+00,0.00000000e+00,0.00000000e+00,1.52343655e-04
1.18850000e+02,0.00000000e+00,0.00000000e+00,0.00000000e+00,0.00000000e+00,0.00000000e+00,0.00000000e+00,0.00000000e+00,0.00000000e+00,0.00000000e+00,0.00000000e+00,0.00000000e+00,0.00000000e+00,0.00000000e+00,0.00000000e+00,0.00000000e+00,0.00000000e+00,0.00000000e+00,0.00000000e+00,0.00000000e+00,0.00000000e+00,0.00000000e+00,0.00000000e+00,0.00000000e+00,0.00000000e+00,1.52782849e-04
1.18950000e+02,0.00000000e+00,0.00000000e+00,0.00000000e+00,0.00000000e+00,0.00000000e+00,0.00000000e+00,0.00000000e+00,0.00000000e+00,0.00000000e+00,0.00000000e+00,0.00000000e+00,0.00000000e+00,0.00000000e+00,0.00000000e+00,0.00000000e+00,0.00000000e+00,0.00000000e+00,0.00000000e+00,0.00000000e+00,0.00000000e+00,0.00000000e+00,0.00000000e+00,0.00000000e+00,0.00000000e+00,1.47260254e-04
1.19050000e+02,0.00000000e+00,0.00000000e+00,0.00000000e+00,0.00000000e+00,0.00000000e+00,0.00000000e+00,0.00000000e+00,0.00000000e+00,0.00000000e+00,0.00000000e+00,0.00000000e+00,0.00000000e+00,0.00000000e+00,0.00000000e+00,0.00000000e+00,0.00000000e+00,0.00000000e+00,0.00000000e+00,0.00000000e+00,0.00000000e+00,0.00000000e+00,0.00000000e+00,0.00000000e+00,0.00000000e+00,1.42860099e-04
1.19150000e+02,0.00000000e+00,0.00000000e+00,0.00000000e+00,0.00000000e+00,0.00000000e+00,0.00000000e+00,0.00000000e+00,0.00000000e+00,0.00000000e+00,0.00000000e+00,0.00000000e+00,0.00000000e+00,0.00000000e+00,0.00000000e+00,0.00000000e+00,0.00000000e+00,0.00000000e+00,0.00000000e+00,0.00000000e+00,0.00000000e+00,0.00000000e+00,0.00000000e+00,0.00000000e+00,0.00000000e+00,1.53793765e-04
1.19250000e+02,0.00000000e+00,0.00000000e+00,0.00000000e+00,0.00000000e+00,0.00000000e+00,0.00000000e+00,0.00000000e+00,0.00000000e+00,0.00000000e+00,0.00000000e+00,0.00000000e+00,0.00000000e+00,0.00000000e+00,0.00000000e+00,0.00000000e+00,0.00000000e+00,0.00000000e+00,0.00000000e+00,0.00000000e+00,0.00000000e+00,0.00000000e+00,0.00000000e+00,0.00000000e+00,0.00000000e+00,1.48884761e-04
1.19350000e+02,0.00000000e+00,0.00000000e+00,0.00000000e+00,0.00000000e+00,0.00000000e+00,0.00000000e+00,0.00000000e+00,0.00000000e+00,0.00000000e+00,0.00000000e+00,0.00000000e+00,0.00000000e+00,0.00000000e+00,0.00000000e+00,0.00000000e+00,0.00000000e+00,0.00000000e+00,0.00000000e+00,0.00000000e+00,0.00000000e+00,0.00000000e+00,0.00000000e+00,0.00000000e+00,0.00000000e+00,1.51756107e-04
1.19450000e+02,0.00000000e+00,0.00000000e+00,0.00000000e+00,0.00000000e+00,0.00000000e+00,0.00000000e+00,0.00000000e+00,0.00000000e+00,0.00000000e+00,0.00000000e+00,0.00000000e+00,0.00000000e+00,0.00000000e+00,0.00000000e+00,0.00000000e+00,0.00000000e+00,0.00000000e+00,0.00000000e+00,0.00000000e+00,0.00000000e+00,0.00000000e+00,0.00000000e+00,0.00000000e+00,0.00000000e+00,1.44147433e-04
1.19550000e+02,0.00000000e+00,0.00000000e+00,0.00000000e+00,0.00000000e+00,0.00000000e+00,0.00000000e+00,0.00000000e+00,0.00000000e+00,0.00000000e+00,0.00000000e+00,0.00000000e+00,0.00000000e+00,0.00000000e+00,0.00000000e+00,0.00000000e+00,0.00000000e+00,0.00000000e+00,0.00000000e+00,0.00000000e+00,0.00000000e+00,0.00000000e+00,0.00000000e+00,0.00000000e+00,0.00000000e+00,1.40828453e-04
1.19650000e+02,0.00000000e+00,0.00000000e+00,0.00000000e+00,0.00000000e+00,0.00000000e+00,0.00000000e+00,0.00000000e+00,0.00000000e+00,0.00000000e+00,0.00000000e+00,0.00000000e+00,0.00000000e+00,0.00000000e+00,0.00000000e+00,0.00000000e+00,0.00000000e+00,0.00000000e+00,0.00000000e+00,0.00000000e+00,0.00000000e+00,0.00000000e+00,0.00000000e+00,0.00000000e+00,0.00000000e+00,1.43684835e-04
1.19750000e+02,0.00000000e+00,0.00000000e+00,0.00000000e+00,0.00000000e+00,0.00000000e+00,0.00000000e+00,0.00000000e+00,0.00000000e+00,0.00000000e+00,0.00000000e+00,0.00000000e+00,0.00000000e+00,0.00000000e+00,0.00000000e+00,0.00000000e+00,0.00000000e+00,0.00000000e+00,0.00000000e+00,0.00000000e+00,0.00000000e+00,0.00000000e+00,0.00000000e+00,0.00000000e+00,0.00000000e+00,1.48231145e-04
1.19850000e+02,0.00000000e+00,0.00000000e+00,0.00000000e+00,0.00000000e+00,0.00000000e+00,0.00000000e+00,0.00000000e+00,0.00000000e+00,0.00000000e+00,0.00000000e+00,0.00000000e+00,0.00000000e+00,0.00000000e+00,0.00000000e+00,0.00000000e+00,0.00000000e+00,0.00000000e+00,0.00000000e+00,0.00000000e+00,0.00000000e+00,0.00000000e+00,0.00000000e+00,0.00000000e+00,0.00000000e+00,1.48894917e-04
1.19950000e+02,0.00000000e+00,0.00000000e+00,0.00000000e+00,0.00000000e+00,0.00000000e+00,0.00000000e+00,0.00000000e+00,0.00000000e+00,0.00000000e+00,0.00000000e+00,0.00000000e+00,0.00000000e+00,0.00000000e+00,0.00000000e+00,0.00000000e+00,0.00000000e+00,0.00000000e+00,0.00000000e+00,0.00000000e+00,0.00000000e+00,0.00000000e+00,0.00000000e+00,0.00000000e+00,0.00000000e+00,1.51374294e-04
1.20050000e+02,0.00000000e+00,0.00000000e+00,0.00000000e+00,0.00000000e+00,0.00000000e+00,0.00000000e+00,0.00000000e+00,0.00000000e+00,0.00000000e+00,0.00000000e+00,0.00000000e+00,0.00000000e+00,0.00000000e+00,0.00000000e+00,0.00000000e+00,0.00000000e+00,0.00000000e+00,0.00000000e+00,0.00000000e+00,0.00000000e+00,0.00000000e+00,0.00000000e+00,0.00000000e+00,0.00000000e+00,1.45597046e-04
1.20150000e+02,0.00000000e+00,0.00000000e+00,0.00000000e+00,0.00000000e+00,0.00000000e+00,0.00000000e+00,0.00000000e+00,0.00000000e+00,0.00000000e+00,0.00000000e+00,0.00000000e+00,0.00000000e+00,0.00000000e+00,0.00000000e+00,0.00000000e+00,0.00000000e+00,0.00000000e+00,0.00000000e+00,0.00000000e+00,0.00000000e+00,0.00000000e+00,0.00000000e+00,0.00000000e+00,0.00000000e+00,1.41461106e-04
1.20250000e+02,0.00000000e+00,0.00000000e+00,0.00000000e+00,0.00000000e+00,0.00000000e+00,0.00000000e+00,0.00000000e+00,0.00000000e+00,0.00000000e+00,0.00000000e+00,0.00000000e+00,0.00000000e+00,0.00000000e+00,0.00000000e+00,0.00000000e+00,0.00000000e+00,0.00000000e+00,0.00000000e+00,0.00000000e+00,0.00000000e+00,0.00000000e+00,0.00000000e+00,0.00000000e+00,0.00000000e+00,1.40151330e-04
1.20350000e+02,0.00000000e+00,0.00000000e+00,0.00000000e+00,0.00000000e+00,0.00000000e+00,0.00000000e+00,0.00000000e+00,0.00000000e+00,0.00000000e+00,0.00000000e+00,0.00000000e+00,0.00000000e+00,0.00000000e+00,0.00000000e+00,0.00000000e+00,0.00000000e+00,0.00000000e+00,0.00000000e+00,0.00000000e+00,0.00000000e+00,0.00000000e+00,0.00000000e+00,0.00000000e+00,0.00000000e+00,1.43790397e-04
1.20450000e+02,0.00000000e+00,0.00000000e+00,0.00000000e+00,0.00000000e+00,0.00000000e+00,0.00000000e+00,0.00000000e+00,0.00000000e+00,0.00000000e+00,0.00000000e+00,0.00000000e+00,0.00000000e+00,0.00000000e+00,0.00000000e+00,0.00000000e+00,0.00000000e+00,0.00000000e+00,0.00000000e+00,0.00000000e+00,0.00000000e+00,0.00000000e+00,0.00000000e+00,0.00000000e+00,0.00000000e+00,1.43656985e-04
1.20550000e+02,0.00000000e+00,0.00000000e+00,0.00000000e+00,0.00000000e+00,0.00000000e+00,0.00000000e+00,0.00000000e+00,0.00000000e+00,0.00000000e+00,0.00000000e+00,0.00000000e+00,0.00000000e+00,0.00000000e+00,0.00000000e+00,0.00000000e+00,0.00000000e+00,0.00000000e+00,0.00000000e+00,0.00000000e+00,0.00000000e+00,0.00000000e+00,0.00000000e+00,0.00000000e+00,0.00000000e+00,1.39044035e-04
1.20650000e+02,0.00000000e+00,0.00000000e+00,0.00000000e+00,0.00000000e+00,0.00000000e+00,0.00000000e+00,0.00000000e+00,0.00000000e+00,0.00000000e+00,0.00000000e+00,0.00000000e+00,0.00000000e+00,0.00000000e+00,0.00000000e+00,0.00000000e+00,0.00000000e+00,0.00000000e+00,0.00000000e+00,0.00000000e+00,0.00000000e+00,0.00000000e+00,0.00000000e+00,0.00000000e+00,0.00000000e+00,1.37274668e-04
1.20750000e+02,0.00000000e+00,0.00000000e+00,0.00000000e+00,0.00000000e+00,0.00000000e+00,0.00000000e+00,0.00000000e+00,0.00000000e+00,0.00000000e+00,0.00000000e+00,0.00000000e+00,0.00000000e+00,0.00000000e+00,0.00000000e+00,0.00000000e+00,0.00000000e+00,0.00000000e+00,0.00000000e+00,0.00000000e+00,0.00000000e+00,0.00000000e+00,0.00000000e+00,0.00000000e+00,0.00000000e+00,1.33304994e-04
1.20850000e+02,0.00000000e+00,0.00000000e+00,0.00000000e+00,0.00000000e+00,0.00000000e+00,0.00000000e+00,0.00000000e+00,0.00000000e+00,0.00000000e+00,0.00000000e+00,0.00000000e+00,0.00000000e+00,0.00000000e+00,0.00000000e+00,0.00000000e+00,0.00000000e+00,0.00000000e+00,0.00000000e+00,0.00000000e+00,0.00000000e+00,0.00000000e+00,0.00000000e+00,0.00000000e+00,0.00000000e+00,1.32561784e-04
1.20950000e+02,0.00000000e+00,0.00000000e+00,0.00000000e+00,0.00000000e+00,0.00000000e+00,0.00000000e+00,0.00000000e+00,0.00000000e+00,0.00000000e+00,0.00000000e+00,0.00000000e+00,0.00000000e+00,0.00000000e+00,0.00000000e+00,0.00000000e+00,0.00000000e+00,0.00000000e+00,0.00000000e+00,0.00000000e+00,0.00000000e+00,0.00000000e+00,0.00000000e+00,0.00000000e+00,0.00000000e+00,1.30188844e-04
1.21050000e+02,0.00000000e+00,0.00000000e+00,0.00000000e+00,0.00000000e+00,0.00000000e+00,0.00000000e+00,0.00000000e+00,0.00000000e+00,0.00000000e+00,0.00000000e+00,0.00000000e+00,0.00000000e+00,0.00000000e+00,0.00000000e+00,0.00000000e+00,0.00000000e+00,0.00000000e+00,0.00000000e+00,0.00000000e+00,0.00000000e+00,0.00000000e+00,0.00000000e+00,0.00000000e+00,0.00000000e+00,1.32244320e-04
1.21150000e+02,0.00000000e+00,0.00000000e+00,0.00000000e+00,0.00000000e+00,0.00000000e+00,0.00000000e+00,0.00000000e+00,0.00000000e+00,0.00000000e+00,0.00000000e+00,0.00000000e+00,0.00000000e+00,0.00000000e+00,0.00000000e+00,0.00000000e+00,0.00000000e+00,0.00000000e+00,0.00000000e+00,0.00000000e+00,0.00000000e+00,0.00000000e+00,0.00000000e+00,0.00000000e+00,0.00000000e+00,1.35114416e-04
1.21250000e+02,0.00000000e+00,0.00000000e+00,0.00000000e+00,0.00000000e+00,0.00000000e+00,0.00000000e+00,0.00000000e+00,0.00000000e+00,0.00000000e+00,0.00000000e+00,0.00000000e+00,0.00000000e+00,0.00000000e+00,0.00000000e+00,0.00000000e+00,0.00000000e+00,0.00000000e+00,0.00000000e+00,0.00000000e+00,0.00000000e+00,0.00000000e+00,0.00000000e+00,0.00000000e+00,0.00000000e+00,1.28436385e-04
1.21350000e+02,0.00000000e+00,0.00000000e+00,0.00000000e+00,0.00000000e+00,0.00000000e+00,0.00000000e+00,0.00000000e+00,0.00000000e+00,0.00000000e+00,0.00000000e+00,0.00000000e+00,0.00000000e+00,0.00000000e+00,0.00000000e+00,0.00000000e+00,0.00000000e+00,0.00000000e+00,0.00000000e+00,0.00000000e+00,0.00000000e+00,0.00000000e+00,0.00000000e+00,0.00000000e+00,0.00000000e+00,1.25876937e-04
1.21450000e+02,0.00000000e+00,0.00000000e+00,0.00000000e+00,0.00000000e+00,0.00000000e+00,0.00000000e+00,0.00000000e+00,0.00000000e+00,0.00000000e+00,0.00000000e+00,0.00000000e+00,0.00000000e+00,0.00000000e+00,0.00000000e+00,0.00000000e+00,0.00000000e+00,0.00000000e+00,0.00000000e+00,0.00000000e+00,0.00000000e+00,0.00000000e+00,0.00000000e+00,0.00000000e+00,0.00000000e+00,1.25029659e-04
1.21550000e+02,0.00000000e+00,0.00000000e+00,0.00000000e+00,0.00000000e+00,0.00000000e+00,0.00000000e+00,0.00000000e+00,0.00000000e+00,0.00000000e+00,0.00000000e+00,0.00000000e+00,0.00000000e+00,0.00000000e+00,0.00000000e+00,0.00000000e+00,0.00000000e+00,0.00000000e+00,0.00000000e+00,0.00000000e+00,0.00000000e+00,0.00000000e+00,0.00000000e+00,0.00000000e+00,0.00000000e+00,1.29308231e-04
1.21650000e+02,0.00000000e+00,0.00000000e+00,0.00000000e+00,0.00000000e+00,0.00000000e+00,0.00000000e+00,0.00000000e+00,0.00000000e+00,0.00000000e+00,0.00000000e+00,0.00000000e+00,0.00000000e+00,0.00000000e+00,0.00000000e+00,0.00000000e+00,0.00000000e+00,0.00000000e+00,0.00000000e+00,0.00000000e+00,0.00000000e+00,0.00000000e+00,0.00000000e+00,0.00000000e+00,0.00000000e+00,1.34778822e-04
1.21750000e+02,0.00000000e+00,0.00000000e+00,0.00000000e+00,0.00000000e+00,0.00000000e+00,0.00000000e+00,0.00000000e+00,0.00000000e+00,0.00000000e+00,0.00000000e+00,0.00000000e+00,0.00000000e+00,0.00000000e+00,0.00000000e+00,0.00000000e+00,0.00000000e+00,0.00000000e+00,0.00000000e+00,0.00000000e+00,0.00000000e+00,0.00000000e+00,0.00000000e+00,0.00000000e+00,0.00000000e+00,1.28169416e-04
1.21850000e+02,0.00000000e+00,0.00000000e+00,0.00000000e+00,0.00000000e+00,0.00000000e+00,0.00000000e+00,0.00000000e+00,0.00000000e+00,0.00000000e+00,0.00000000e+00,0.00000000e+00,0.00000000e+00,0.00000000e+00,0.00000000e+00,0.00000000e+00,0.00000000e+00,0.00000000e+00,0.00000000e+00,0.00000000e+00,0.00000000e+00,0.00000000e+00,0.00000000e+00,0.00000000e+00,0.00000000e+00,1.23345802e-04
1.21950000e+02,0.00000000e+00,0.00000000e+00,0.00000000e+00,0.00000000e+00,0.00000000e+00,0.00000000e+00,0.00000000e+00,0.00000000e+00,0.00000000e+00,0.00000000e+00,0.00000000e+00,0.00000000e+00,0.00000000e+00,0.00000000e+00,0.00000000e+00,0.00000000e+00,0.00000000e+00,0.00000000e+00,0.00000000e+00,0.00000000e+00,0.00000000e+00,0.00000000e+00,0.00000000e+00,0.00000000e+00,1.21090911e-04
1.22050000e+02,0.00000000e+00,0.00000000e+00,0.00000000e+00,0.00000000e+00,0.00000000e+00,0.00000000e+00,0.00000000e+00,0.00000000e+00,0.00000000e+00,0.00000000e+00,0.00000000e+00,0.00000000e+00,0.00000000e+00,0.00000000e+00,0.00000000e+00,0.00000000e+00,0.00000000e+00,0.00000000e+00,0.00000000e+00,0.00000000e+00,0.00000000e+00,0.00000000e+00,0.00000000e+00,0.00000000e+00,1.22897639e-04
1.22150000e+02,0.00000000e+00,0.00000000e+00,0.00000000e+00,0.00000000e+00,0.00000000e+00,0.00000000e+00,0.00000000e+00,0.00000000e+00,0.00000000e+00,0.00000000e+00,0.00000000e+00,0.00000000e+00,0.00000000e+00,0.00000000e+00,0.00000000e+00,0.00000000e+00,0.00000000e+00,0.00000000e+00,0.00000000e+00,0.00000000e+00,0.00000000e+00,0.00000000e+00,0.00000000e+00,0.00000000e+00,1.22212762e-04
1.22250000e+02,0.00000000e+00,0.00000000e+00,0.00000000e+00,0.00000000e+00,0.00000000e+00,0.00000000e+00,0.00000000e+00,0.00000000e+00,0.00000000e+00,0.00000000e+00,0.00000000e+00,0.00000000e+00,0.00000000e+00,0.00000000e+00,0.00000000e+00,0.00000000e+00,0.00000000e+00,0.00000000e+00,0.00000000e+00,0.00000000e+00,0.00000000e+00,0.00000000e+00,0.00000000e+00,0.00000000e+00,1.21124078e-04
1.22350000e+02,0.00000000e+00,0.00000000e+00,0.00000000e+00,0.00000000e+00,0.00000000e+00,0.00000000e+00,0.00000000e+00,0.00000000e+00,0.00000000e+00,0.00000000e+00,0.00000000e+00,0.00000000e+00,0.00000000e+00,0.00000000e+00,0.00000000e+00,0.00000000e+00,0.00000000e+00,0.00000000e+00,0.00000000e+00,0.00000000e+00,0.00000000e+00,0.00000000e+00,0.00000000e+00,0.00000000e+00,1.22689746e-04
1.22450000e+02,0.00000000e+00,0.00000000e+00,0.00000000e+00,0.00000000e+00,0.00000000e+00,0.00000000e+00,0.00000000e+00,0.00000000e+00,0.00000000e+00,0.00000000e+00,0.00000000e+00,0.00000000e+00,0.00000000e+00,0.00000000e+00,0.00000000e+00,0.00000000e+00,0.00000000e+00,0.00000000e+00,0.00000000e+00,0.00000000e+00,0.00000000e+00,0.00000000e+00,0.00000000e+00,0.00000000e+00,1.25344105e-04
1.22550000e+02,0.00000000e+00,0.00000000e+00,0.00000000e+00,0.00000000e+00,0.00000000e+00,0.00000000e+00,0.00000000e+00,0.00000000e+00,0.00000000e+00,0.00000000e+00,0.00000000e+00,0.00000000e+00,0.00000000e+00,0.00000000e+00,0.00000000e+00,0.00000000e+00,0.00000000e+00,0.00000000e+00,0.00000000e+00,0.00000000e+00,0.00000000e+00,0.00000000e+00,0.00000000e+00,0.00000000e+00,1.26435785e-04
1.22650000e+02,0.00000000e+00,0.00000000e+00,0.00000000e+00,0.00000000e+00,0.00000000e+00,0.00000000e+00,0.00000000e+00,0.00000000e+00,0.00000000e+00,0.00000000e+00,0.00000000e+00,0.00000000e+00,0.00000000e+00,0.00000000e+00,0.00000000e+00,0.00000000e+00,0.00000000e+00,0.00000000e+00,0.00000000e+00,0.00000000e+00,0.00000000e+00,0.00000000e+00,0.00000000e+00,0.00000000e+00,1.22418570e-04
1.22750000e+02,0.00000000e+00,0.00000000e+00,0.00000000e+00,0.00000000e+00,0.00000000e+00,0.00000000e+00,0.00000000e+00,0.00000000e+00,0.00000000e+00,0.00000000e+00,0.00000000e+00,0.00000000e+00,0.00000000e+00,0.00000000e+00,0.00000000e+00,0.00000000e+00,0.00000000e+00,0.00000000e+00,0.00000000e+00,0.00000000e+00,0.00000000e+00,0.00000000e+00,0.00000000e+00,0.00000000e+00,1.21635553e-04
1.22850000e+02,0.00000000e+00,0.00000000e+00,0.00000000e+00,0.00000000e+00,0.00000000e+00,0.00000000e+00,0.00000000e+00,0.00000000e+00,0.00000000e+00,0.00000000e+00,0.00000000e+00,0.00000000e+00,0.00000000e+00,0.00000000e+00,0.00000000e+00,0.00000000e+00,0.00000000e+00,0.00000000e+00,0.00000000e+00,0.00000000e+00,0.00000000e+00,0.00000000e+00,0.00000000e+00,0.00000000e+00,1.21704834e-04
1.22950000e+02,0.00000000e+00,0.00000000e+00,0.00000000e+00,0.00000000e+00,0.00000000e+00,0.00000000e+00,0.00000000e+00,0.00000000e+00,0.00000000e+00,0.00000000e+00,0.00000000e+00,0.00000000e+00,0.00000000e+00,0.00000000e+00,0.00000000e+00,0.00000000e+00,0.00000000e+00,0.00000000e+00,0.00000000e+00,0.00000000e+00,0.00000000e+00,0.00000000e+00,0.00000000e+00,0.00000000e+00,1.21497975e-04
1.23050000e+02,0.00000000e+00,0.00000000e+00,0.00000000e+00,0.00000000e+00,0.00000000e+00,0.00000000e+00,0.00000000e+00,0.00000000e+00,0.00000000e+00,0.00000000e+00,0.00000000e+00,0.00000000e+00,0.00000000e+00,0.00000000e+00,0.00000000e+00,0.00000000e+00,0.00000000e+00,0.00000000e+00,0.00000000e+00,0.00000000e+00,0.00000000e+00,0.00000000e+00,0.00000000e+00,0.00000000e+00,1.21831078e-04
1.23150000e+02,0.00000000e+00,0.00000000e+00,0.00000000e+00,0.00000000e+00,0.00000000e+00,0.00000000e+00,0.00000000e+00,0.00000000e+00,0.00000000e+00,0.00000000e+00,0.00000000e+00,0.00000000e+00,0.00000000e+00,0.00000000e+00,0.00000000e+00,0.00000000e+00,0.00000000e+00,0.00000000e+00,0.00000000e+00,0.00000000e+00,0.00000000e+00,0.00000000e+00,0.00000000e+00,0.00000000e+00,1.20990668e-04
1.23250000e+02,0.00000000e+00,0.00000000e+00,0.00000000e+00,0.00000000e+00,0.00000000e+00,0.00000000e+00,0.00000000e+00,0.00000000e+00,0.00000000e+00,0.00000000e+00,0.00000000e+00,0.00000000e+00,0.00000000e+00,0.00000000e+00,0.00000000e+00,0.00000000e+00,0.00000000e+00,0.00000000e+00,0.00000000e+00,0.00000000e+00,0.00000000e+00,0.00000000e+00,0.00000000e+00,0.00000000e+00,1.29367291e-04
1.23350000e+02,0.00000000e+00,0.00000000e+00,0.00000000e+00,0.00000000e+00,0.00000000e+00,0.00000000e+00,0.00000000e+00,0.00000000e+00,0.00000000e+00,0.00000000e+00,0.00000000e+00,0.00000000e+00,0.00000000e+00,0.00000000e+00,0.00000000e+00,0.00000000e+00,0.00000000e+00,0.00000000e+00,0.00000000e+00,0.00000000e+00,0.00000000e+00,0.00000000e+00,0.00000000e+00,0.00000000e+00,1.27355027e-04
1.23450000e+02,0.00000000e+00,0.00000000e+00,0.00000000e+00,0.00000000e+00,0.00000000e+00,0.00000000e+00,0.00000000e+00,0.00000000e+00,0.00000000e+00,0.00000000e+00,0.00000000e+00,0.00000000e+00,0.00000000e+00,0.00000000e+00,0.00000000e+00,0.00000000e+00,0.00000000e+00,0.00000000e+00,0.00000000e+00,0.00000000e+00,0.00000000e+00,0.00000000e+00,0.00000000e+00,0.00000000e+00,1.23809808e-04
1.23550000e+02,0.00000000e+00,0.00000000e+00,0.00000000e+00,0.00000000e+00,0.00000000e+00,0.00000000e+00,0.00000000e+00,0.00000000e+00,0.00000000e+00,0.00000000e+00,0.00000000e+00,0.00000000e+00,0.00000000e+00,0.00000000e+00,0.00000000e+00,0.00000000e+00,0.00000000e+00,0.00000000e+00,0.00000000e+00,0.00000000e+00,0.00000000e+00,0.00000000e+00,0.00000000e+00,0.00000000e+00,1.24985464e-04
1.23650000e+02,0.00000000e+00,0.00000000e+00,0.00000000e+00,0.00000000e+00,0.00000000e+00,0.00000000e+00,0.00000000e+00,0.00000000e+00,0.00000000e+00,0.00000000e+00,0.00000000e+00,0.00000000e+00,0.00000000e+00,0.00000000e+00,0.00000000e+00,0.00000000e+00,0.00000000e+00,0.00000000e+00,0.00000000e+00,0.00000000e+00,0.00000000e+00,0.00000000e+00,0.00000000e+00,0.00000000e+00,1.23221183e-04
1.23750000e+02,0.00000000e+00,0.00000000e+00,0.00000000e+00,0.00000000e+00,0.00000000e+00,0.00000000e+00,0.00000000e+00,0.00000000e+00,0.00000000e+00,0.00000000e+00,0.00000000e+00,0.00000000e+00,0.00000000e+00,0.00000000e+00,0.00000000e+00,0.00000000e+00,0.00000000e+00,0.00000000e+00,0.00000000e+00,0.00000000e+00,0.00000000e+00,0.00000000e+00,0.00000000e+00,0.00000000e+00,1.27621818e-04
1.23850000e+02,0.00000000e+00,0.00000000e+00,0.00000000e+00,0.00000000e+00,0.00000000e+00,0.00000000e+00,0.00000000e+00,0.00000000e+00,0.00000000e+00,0.00000000e+00,0.00000000e+00,0.00000000e+00,0.00000000e+00,0.00000000e+00,0.00000000e+00,0.00000000e+00,0.00000000e+00,0.00000000e+00,0.00000000e+00,0.00000000e+00,0.00000000e+00,0.00000000e+00,0.00000000e+00,0.00000000e+00,1.23246488e-04
1.23950000e+02,0.00000000e+00,0.00000000e+00,0.00000000e+00,0.00000000e+00,0.00000000e+00,0.00000000e+00,0.00000000e+00,0.00000000e+00,0.00000000e+00,0.00000000e+00,0.00000000e+00,0.00000000e+00,0.00000000e+00,0.00000000e+00,0.00000000e+00,0.00000000e+00,0.00000000e+00,0.00000000e+00,0.00000000e+00,0.00000000e+00,0.00000000e+00,0.00000000e+00,0.00000000e+00,0.00000000e+00,1.18982888e-04
1.24050000e+02,0.00000000e+00,0.00000000e+00,0.00000000e+00,0.00000000e+00,0.00000000e+00,0.00000000e+00,0.00000000e+00,0.00000000e+00,0.00000000e+00,0.00000000e+00,0.00000000e+00,0.00000000e+00,0.00000000e+00,0.00000000e+00,0.00000000e+00,0.00000000e+00,0.00000000e+00,0.00000000e+00,0.00000000e+00,0.00000000e+00,0.00000000e+00,0.00000000e+00,0.00000000e+00,0.00000000e+00,1.14804329e-04
1.24150000e+02,0.00000000e+00,0.00000000e+00,0.00000000e+00,0.00000000e+00,0.00000000e+00,0.00000000e+00,0.00000000e+00,0.00000000e+00,0.00000000e+00,0.00000000e+00,0.00000000e+00,0.00000000e+00,0.00000000e+00,0.00000000e+00,0.00000000e+00,0.00000000e+00,0.00000000e+00,0.00000000e+00,0.00000000e+00,0.00000000e+00,0.00000000e+00,0.00000000e+00,0.00000000e+00,0.00000000e+00,1.20352818e-04
1.24250000e+02,0.00000000e+00,0.00000000e+00,0.00000000e+00,0.00000000e+00,0.00000000e+00,0.00000000e+00,0.00000000e+00,0.00000000e+00,0.00000000e+00,0.00000000e+00,0.00000000e+00,0.00000000e+00,0.00000000e+00,0.00000000e+00,0.00000000e+00,0.00000000e+00,0.00000000e+00,0.00000000e+00,0.00000000e+00,0.00000000e+00,0.00000000e+00,0.00000000e+00,0.00000000e+00,0.00000000e+00,1.21961782e-04
1.24350000e+02,0.00000000e+00,0.00000000e+00,0.00000000e+00,0.00000000e+00,0.00000000e+00,0.00000000e+00,0.00000000e+00,0.00000000e+00,0.00000000e+00,0.00000000e+00,0.00000000e+00,0.00000000e+00,0.00000000e+00,0.00000000e+00,0.00000000e+00,0.00000000e+00,0.00000000e+00,0.00000000e+00,0.00000000e+00,0.00000000e+00,0.00000000e+00,0.00000000e+00,0.00000000e+00,0.00000000e+00,1.23694326e-04
1.24450000e+02,0.00000000e+00,0.00000000e+00,0.00000000e+00,0.00000000e+00,0.00000000e+00,0.00000000e+00,0.00000000e+00,0.00000000e+00,0.00000000e+00,0.00000000e+00,0.00000000e+00,0.00000000e+00,0.00000000e+00,0.00000000e+00,0.00000000e+00,0.00000000e+00,0.00000000e+00,0.00000000e+00,0.00000000e+00,0.00000000e+00,0.00000000e+00,0.00000000e+00,0.00000000e+00,0.00000000e+00,1.35098080e-04
1.24550000e+02,0.00000000e+00,0.00000000e+00,0.00000000e+00,0.00000000e+00,0.00000000e+00,0.00000000e+00,0.00000000e+00,0.00000000e+00,0.00000000e+00,0.00000000e+00,0.00000000e+00,0.00000000e+00,0.00000000e+00,0.00000000e+00,0.00000000e+00,0.00000000e+00,0.00000000e+00,0.00000000e+00,0.00000000e+00,0.00000000e+00,0.00000000e+00,0.00000000e+00,0.00000000e+00,0.00000000e+00,1.25209620e-04
1.24650000e+02,0.00000000e+00,0.00000000e+00,0.00000000e+00,0.00000000e+00,0.00000000e+00,0.00000000e+00,0.00000000e+00,0.00000000e+00,0.00000000e+00,0.00000000e+00,0.00000000e+00,0.00000000e+00,0.00000000e+00,0.00000000e+00,0.00000000e+00,0.00000000e+00,0.00000000e+00,0.00000000e+00,0.00000000e+00,0.00000000e+00,0.00000000e+00,0.00000000e+00,0.00000000e+00,0.00000000e+00,1.29991072e-04
1.24750000e+02,0.00000000e+00,0.00000000e+00,0.00000000e+00,0.00000000e+00,0.00000000e+00,0.00000000e+00,0.00000000e+00,0.00000000e+00,0.00000000e+00,0.00000000e+00,0.00000000e+00,0.00000000e+00,0.00000000e+00,0.00000000e+00,0.00000000e+00,0.00000000e+00,0.00000000e+00,0.00000000e+00,0.00000000e+00,0.00000000e+00,0.00000000e+00,0.00000000e+00,0.00000000e+00,0.00000000e+00,1.30276303e-04
1.24850000e+02,0.00000000e+00,0.00000000e+00,0.00000000e+00,0.00000000e+00,0.00000000e+00,0.00000000e+00,0.00000000e+00,0.00000000e+00,0.00000000e+00,0.00000000e+00,0.00000000e+00,0.00000000e+00,0.00000000e+00,0.00000000e+00,0.00000000e+00,0.00000000e+00,0.00000000e+00,0.00000000e+00,0.00000000e+00,0.00000000e+00,0.00000000e+00,0.00000000e+00,0.00000000e+00,0.00000000e+00,1.30168440e-04
1.24950000e+02,0.00000000e+00,0.00000000e+00,0.00000000e+00,0.00000000e+00,0.00000000e+00,0.00000000e+00,0.00000000e+00,0.00000000e+00,0.00000000e+00,0.00000000e+00,0.00000000e+00,0.00000000e+00,0.00000000e+00,0.00000000e+00,0.00000000e+00,0.00000000e+00,0.00000000e+00,0.00000000e+00,0.00000000e+00,0.00000000e+00,0.00000000e+00,0.00000000e+00,0.00000000e+00,0.00000000e+00,1.24690690e-04
1.25050000e+02,0.00000000e+00,0.00000000e+00,0.00000000e+00,0.00000000e+00,0.00000000e+00,0.00000000e+00,0.00000000e+00,0.00000000e+00,0.00000000e+00,0.00000000e+00,0.00000000e+00,0.00000000e+00,0.00000000e+00,0.00000000e+00,0.00000000e+00,0.00000000e+00,0.00000000e+00,0.00000000e+00,0.00000000e+00,0.00000000e+00,0.00000000e+00,0.00000000e+00,0.00000000e+00,0.00000000e+00,1.27816149e-04
1.25150000e+02,0.00000000e+00,0.00000000e+00,0.00000000e+00,0.00000000e+00,0.00000000e+00,0.00000000e+00,0.00000000e+00,0.00000000e+00,0.00000000e+00,0.00000000e+00,0.00000000e+00,0.00000000e+00,0.00000000e+00,0.00000000e+00,0.00000000e+00,0.00000000e+00,0.00000000e+00,0.00000000e+00,0.00000000e+00,0.00000000e+00,0.00000000e+00,0.00000000e+00,0.00000000e+00,0.00000000e+00,1.23336722e-04
1.25250000e+02,0.00000000e+00,0.00000000e+00,0.00000000e+00,0.00000000e+00,0.00000000e+00,0.00000000e+00,0.00000000e+00,0.00000000e+00,0.00000000e+00,0.00000000e+00,0.00000000e+00,0.00000000e+00,0.00000000e+00,0.00000000e+00,0.00000000e+00,0.00000000e+00,0.00000000e+00,0.00000000e+00,0.00000000e+00,0.00000000e+00,0.00000000e+00,0.00000000e+00,0.00000000e+00,0.00000000e+00,1.26884766e-04
1.25350000e+02,0.00000000e+00,0.00000000e+00,0.00000000e+00,0.00000000e+00,0.00000000e+00,0.00000000e+00,0.00000000e+00,0.00000000e+00,0.00000000e+00,0.00000000e+00,0.00000000e+00,0.00000000e+00,0.00000000e+00,0.00000000e+00,0.00000000e+00,0.00000000e+00,0.00000000e+00,0.00000000e+00,0.00000000e+00,0.00000000e+00,0.00000000e+00,0.00000000e+00,0.00000000e+00,0.00000000e+00,1.26706445e-04
1.25450000e+02,0.00000000e+00,0.00000000e+00,0.00000000e+00,0.00000000e+00,0.00000000e+00,0.00000000e+00,0.00000000e+00,0.00000000e+00,0.00000000e+00,0.00000000e+00,0.00000000e+00,0.00000000e+00,0.00000000e+00,0.00000000e+00,0.00000000e+00,0.00000000e+00,0.00000000e+00,0.00000000e+00,0.00000000e+00,0.00000000e+00,0.00000000e+00,0.00000000e+00,0.00000000e+00,0.00000000e+00,1.22704180e-04
1.25550000e+02,0.00000000e+00,0.00000000e+00,0.00000000e+00,0.00000000e+00,0.00000000e+00,0.00000000e+00,0.00000000e+00,0.00000000e+00,0.00000000e+00,0.00000000e+00,0.00000000e+00,0.00000000e+00,0.00000000e+00,0.00000000e+00,0.00000000e+00,0.00000000e+00,0.00000000e+00,0.00000000e+00,0.00000000e+00,0.00000000e+00,0.00000000e+00,0.00000000e+00,0.00000000e+00,0.00000000e+00,1.24961174e-04
1.25650000e+02,0.00000000e+00,0.00000000e+00,0.00000000e+00,0.00000000e+00,0.00000000e+00,0.00000000e+00,0.00000000e+00,0.00000000e+00,0.00000000e+00,0.00000000e+00,0.00000000e+00,0.00000000e+00,0.00000000e+00,0.00000000e+00,0.00000000e+00,0.00000000e+00,0.00000000e+00,0.00000000e+00,0.00000000e+00,0.00000000e+00,0.00000000e+00,0.00000000e+00,0.00000000e+00,0.00000000e+00,1.28102498e-04
1.25750000e+02,0.00000000e+00,0.00000000e+00,0.00000000e+00,0.00000000e+00,0.00000000e+00,0.00000000e+00,0.00000000e+00,0.00000000e+00,0.00000000e+00,0.00000000e+00,0.00000000e+00,0.00000000e+00,0.00000000e+00,0.00000000e+00,0.00000000e+00,0.00000000e+00,0.00000000e+00,0.00000000e+00,0.00000000e+00,0.00000000e+00,0.00000000e+00,0.00000000e+00,0.00000000e+00,0.00000000e+00,1.34737925e-04
1.25850000e+02,0.00000000e+00,0.00000000e+00,0.00000000e+00,0.00000000e+00,0.00000000e+00,0.00000000e+00,0.00000000e+00,0.00000000e+00,0.00000000e+00,0.00000000e+00,0.00000000e+00,0.00000000e+00,0.00000000e+00,0.00000000e+00,0.00000000e+00,0.00000000e+00,0.00000000e+00,0.00000000e+00,0.00000000e+00,0.00000000e+00,0.00000000e+00,0.00000000e+00,0.00000000e+00,0.00000000e+00,1.34911279e-04
1.25950000e+02,0.00000000e+00,0.00000000e+00,0.00000000e+00,0.00000000e+00,0.00000000e+00,0.00000000e+00,0.00000000e+00,0.00000000e+00,0.00000000e+00,0.00000000e+00,0.00000000e+00,0.00000000e+00,0.00000000e+00,0.00000000e+00,0.00000000e+00,0.00000000e+00,0.00000000e+00,0.00000000e+00,0.00000000e+00,0.00000000e+00,0.00000000e+00,0.00000000e+00,0.00000000e+00,0.00000000e+00,1.26983524e-04
1.26050000e+02,0.00000000e+00,0.00000000e+00,0.00000000e+00,0.00000000e+00,0.00000000e+00,0.00000000e+00,0.00000000e+00,0.00000000e+00,0.00000000e+00,0.00000000e+00,0.00000000e+00,0.00000000e+00,0.00000000e+00,0.00000000e+00,0.00000000e+00,0.00000000e+00,0.00000000e+00,0.00000000e+00,0.00000000e+00,0.00000000e+00,0.00000000e+00,0.00000000e+00,0.00000000e+00,0.00000000e+00,1.21223419e-04
1.26150000e+02,0.00000000e+00,0.00000000e+00,0.00000000e+00,0.00000000e+00,0.00000000e+00,0.00000000e+00,0.00000000e+00,0.00000000e+00,0.00000000e+00,0.00000000e+00,0.00000000e+00,0.00000000e+00,0.00000000e+00,0.00000000e+00,0.00000000e+00,0.00000000e+00,0.00000000e+00,0.00000000e+00,0.00000000e+00,0.00000000e+00,0.00000000e+00,0.00000000e+00,0.00000000e+00,0.00000000e+00,1.21501794e-04
1.26250000e+02,0.00000000e+00,0.00000000e+00,0.00000000e+00,0.00000000e+00,0.00000000e+00,0.00000000e+00,0.00000000e+00,0.00000000e+00,0.00000000e+00,0.00000000e+00,0.00000000e+00,0.00000000e+00,0.00000000e+00,0.00000000e+00,0.00000000e+00,0.00000000e+00,0.00000000e+00,0.00000000e+00,0.00000000e+00,0.00000000e+00,0.00000000e+00,0.00000000e+00,0.00000000e+00,0.00000000e+00,1.21820053e-04
1.26350000e+02,0.00000000e+00,0.00000000e+00,0.00000000e+00,0.00000000e+00,0.00000000e+00,0.00000000e+00,0.00000000e+00,0.00000000e+00,0.00000000e+00,0.00000000e+00,0.00000000e+00,0.00000000e+00,0.00000000e+00,0.00000000e+00,0.00000000e+00,0.00000000e+00,0.00000000e+00,0.00000000e+00,0.00000000e+00,0.00000000e+00,0.00000000e+00,0.00000000e+00,0.00000000e+00,0.00000000e+00,1.24226201e-04
1.26450000e+02,0.00000000e+00,0.00000000e+00,0.00000000e+00,0.00000000e+00,0.00000000e+00,0.00000000e+00,0.00000000e+00,0.00000000e+00,0.00000000e+00,0.00000000e+00,0.00000000e+00,0.00000000e+00,0.00000000e+00,0.00000000e+00,0.00000000e+00,0.00000000e+00,0.00000000e+00,0.00000000e+00,0.00000000e+00,0.00000000e+00,0.00000000e+00,0.00000000e+00,0.00000000e+00,0.00000000e+00,1.24534927e-04
1.26550000e+02,0.00000000e+00,0.00000000e+00,0.00000000e+00,0.00000000e+00,0.00000000e+00,0.00000000e+00,0.00000000e+00,0.00000000e+00,0.00000000e+00,0.00000000e+00,0.00000000e+00,0.00000000e+00,0.00000000e+00,0.00000000e+00,0.00000000e+00,0.00000000e+00,0.00000000e+00,0.00000000e+00,0.00000000e+00,0.00000000e+00,0.00000000e+00,0.00000000e+00,0.00000000e+00,0.00000000e+00,1.29642668e-04
1.26650000e+02,0.00000000e+00,0.00000000e+00,0.00000000e+00,0.00000000e+00,0.00000000e+00,0.00000000e+00,0.00000000e+00,0.00000000e+00,0.00000000e+00,0.00000000e+00,0.00000000e+00,0.00000000e+00,0.00000000e+00,0.00000000e+00,0.00000000e+00,0.00000000e+00,0.00000000e+00,0.00000000e+00,0.00000000e+00,0.00000000e+00,0.00000000e+00,0.00000000e+00,0.00000000e+00,0.00000000e+00,1.26131383e-04
1.26750000e+02,0.00000000e+00,0.00000000e+00,0.00000000e+00,0.00000000e+00,0.00000000e+00,0.00000000e+00,0.00000000e+00,0.00000000e+00,0.00000000e+00,0.00000000e+00,0.00000000e+00,0.00000000e+00,0.00000000e+00,0.00000000e+00,0.00000000e+00,0.00000000e+00,0.00000000e+00,0.00000000e+00,0.00000000e+00,0.00000000e+00,0.00000000e+00,0.00000000e+00,0.00000000e+00,0.00000000e+00,1.18452619e-04
1.26850000e+02,0.00000000e+00,0.00000000e+00,0.00000000e+00,0.00000000e+00,0.00000000e+00,0.00000000e+00,0.00000000e+00,0.00000000e+00,0.00000000e+00,0.00000000e+00,0.00000000e+00,0.00000000e+00,0.00000000e+00,0.00000000e+00,0.00000000e+00,0.00000000e+00,0.00000000e+00,0.00000000e+00,0.00000000e+00,0.00000000e+00,0.00000000e+00,0.00000000e+00,0.00000000e+00,0.00000000e+00,1.18913141e-04
1.26950000e+02,0.00000000e+00,0.00000000e+00,0.00000000e+00,0.00000000e+00,0.00000000e+00,0.00000000e+00,0.00000000e+00,0.00000000e+00,0.00000000e+00,0.00000000e+00,0.00000000e+00,0.00000000e+00,0.00000000e+00,0.00000000e+00,0.00000000e+00,0.00000000e+00,0.00000000e+00,0.00000000e+00,0.00000000e+00,0.00000000e+00,0.00000000e+00,0.00000000e+00,0.00000000e+00,0.00000000e+00,1.20816642e-04
1.27050000e+02,0.00000000e+00,0.00000000e+00,0.00000000e+00,0.00000000e+00,0.00000000e+00,0.00000000e+00,0.00000000e+00,0.00000000e+00,0.00000000e+00,0.00000000e+00,0.00000000e+00,0.00000000e+00,0.00000000e+00,0.00000000e+00,0.00000000e+00,0.00000000e+00,0.00000000e+00,0.00000000e+00,0.00000000e+00,0.00000000e+00,0.00000000e+00,0.00000000e+00,0.00000000e+00,0.00000000e+00,1.28033309e-04
1.27150000e+02,0.00000000e+00,0.00000000e+00,0.00000000e+00,0.00000000e+00,0.00000000e+00,0.00000000e+00,0.00000000e+00,0.00000000e+00,0.00000000e+00,0.00000000e+00,0.00000000e+00,0.00000000e+00,0.00000000e+00,0.00000000e+00,0.00000000e+00,0.00000000e+00,0.00000000e+00,0.00000000e+00,0.00000000e+00,0.00000000e+00,0.00000000e+00,0.00000000e+00,0.00000000e+00,0.00000000e+00,1.23719300e-04
1.27250000e+02,0.00000000e+00,0.00000000e+00,0.00000000e+00,0.00000000e+00,0.00000000e+00,0.00000000e+00,0.00000000e+00,0.00000000e+00,0.00000000e+00,0.00000000e+00,0.00000000e+00,0.00000000e+00,0.00000000e+00,0.00000000e+00,0.00000000e+00,0.00000000e+00,0.00000000e+00,0.00000000e+00,0.00000000e+00,0.00000000e+00,0.00000000e+00,0.00000000e+00,0.00000000e+00,0.00000000e+00,1.25991060e-04
1.27350000e+02,0.00000000e+00,0.00000000e+00,0.00000000e+00,0.00000000e+00,0.00000000e+00,0.00000000e+00,0.00000000e+00,0.00000000e+00,0.00000000e+00,0.00000000e+00,0.00000000e+00,0.00000000e+00,0.00000000e+00,0.00000000e+00,0.00000000e+00,0.00000000e+00,0.00000000e+00,0.00000000e+00,0.00000000e+00,0.00000000e+00,0.00000000e+00,0.00000000e+00,0.00000000e+00,0.00000000e+00,1.26910272e-04
1.27450000e+02,0.00000000e+00,0.00000000e+00,0.00000000e+00,0.00000000e+00,0.00000000e+00,0.00000000e+00,0.00000000e+00,0.00000000e+00,0.00000000e+00,0.00000000e+00,0.00000000e+00,0.00000000e+00,0.00000000e+00,0.00000000e+00,0.00000000e+00,0.00000000e+00,0.00000000e+00,0.00000000e+00,0.00000000e+00,0.00000000e+00,0.00000000e+00,0.00000000e+00,0.00000000e+00,0.00000000e+00,1.23073841e-04
1.27550000e+02,0.00000000e+00,0.00000000e+00,0.00000000e+00,0.00000000e+00,0.00000000e+00,0.00000000e+00,0.00000000e+00,0.00000000e+00,0.00000000e+00,0.00000000e+00,0.00000000e+00,0.00000000e+00,0.00000000e+00,0.00000000e+00,0.00000000e+00,0.00000000e+00,0.00000000e+00,0.00000000e+00,0.00000000e+00,0.00000000e+00,0.00000000e+00,0.00000000e+00,0.00000000e+00,0.00000000e+00,1.24016709e-04
1.27650000e+02,0.00000000e+00,0.00000000e+00,0.00000000e+00,0.00000000e+00,0.00000000e+00,0.00000000e+00,0.00000000e+00,0.00000000e+00,0.00000000e+00,0.00000000e+00,0.00000000e+00,0.00000000e+00,0.00000000e+00,0.00000000e+00,0.00000000e+00,0.00000000e+00,0.00000000e+00,0.00000000e+00,0.00000000e+00,0.00000000e+00,0.00000000e+00,0.00000000e+00,0.00000000e+00,0.00000000e+00,1.19390621e-04
1.27750000e+02,0.00000000e+00,0.00000000e+00,0.00000000e+00,0.00000000e+00,0.00000000e+00,0.00000000e+00,0.00000000e+00,0.00000000e+00,0.00000000e+00,0.00000000e+00,0.00000000e+00,0.00000000e+00,0.00000000e+00,0.00000000e+00,0.00000000e+00,0.00000000e+00,0.00000000e+00,0.00000000e+00,0.00000000e+00,0.00000000e+00,0.00000000e+00,0.00000000e+00,0.00000000e+00,0.00000000e+00,1.17553462e-04
1.27850000e+02,0.00000000e+00,0.00000000e+00,0.00000000e+00,0.00000000e+00,0.00000000e+00,0.00000000e+00,0.00000000e+00,0.00000000e+00,0.00000000e+00,0.00000000e+00,0.00000000e+00,0.00000000e+00,0.00000000e+00,0.00000000e+00,0.00000000e+00,0.00000000e+00,0.00000000e+00,0.00000000e+00,0.00000000e+00,0.00000000e+00,0.00000000e+00,0.00000000e+00,0.00000000e+00,0.00000000e+00,1.13956168e-04
1.27950000e+02,0.00000000e+00,0.00000000e+00,0.00000000e+00,0.00000000e+00,0.00000000e+00,0.00000000e+00,0.00000000e+00,0.00000000e+00,0.00000000e+00,0.00000000e+00,0.00000000e+00,0.00000000e+00,0.00000000e+00,0.00000000e+00,0.00000000e+00,0.00000000e+00,0.00000000e+00,0.00000000e+00,0.00000000e+00,0.00000000e+00,0.00000000e+00,0.00000000e+00,0.00000000e+00,0.00000000e+00,1.13974750e-04
1.28050000e+02,0.00000000e+00,0.00000000e+00,0.00000000e+00,0.00000000e+00,0.00000000e+00,0.00000000e+00,0.00000000e+00,0.00000000e+00,0.00000000e+00,0.00000000e+00,0.00000000e+00,0.00000000e+00,0.00000000e+00,0.00000000e+00,0.00000000e+00,0.00000000e+00,0.00000000e+00,0.00000000e+00,0.00000000e+00,0.00000000e+00,0.00000000e+00,0.00000000e+00,0.00000000e+00,0.00000000e+00,1.14088408e-04
1.28150000e+02,0.00000000e+00,0.00000000e+00,0.00000000e+00,0.00000000e+00,0.00000000e+00,0.00000000e+00,0.00000000e+00,0.00000000e+00,0.00000000e+00,0.00000000e+00,0.00000000e+00,0.00000000e+00,0.00000000e+00,0.00000000e+00,0.00000000e+00,0.00000000e+00,0.00000000e+00,0.00000000e+00,0.00000000e+00,0.00000000e+00,0.00000000e+00,0.00000000e+00,0.00000000e+00,0.00000000e+00,1.11637398e-04
1.28250000e+02,0.00000000e+00,0.00000000e+00,0.00000000e+00,0.00000000e+00,0.00000000e+00,0.00000000e+00,0.00000000e+00,0.00000000e+00,0.00000000e+00,0.00000000e+00,0.00000000e+00,0.00000000e+00,0.00000000e+00,0.00000000e+00,0.00000000e+00,0.00000000e+00,0.00000000e+00,0.00000000e+00,0.00000000e+00,0.00000000e+00,0.00000000e+00,0.00000000e+00,0.00000000e+00,0.00000000e+00,1.17066735e-04
1.28350000e+02,0.00000000e+00,0.00000000e+00,0.00000000e+00,0.00000000e+00,0.00000000e+00,0.00000000e+00,0.00000000e+00,0.00000000e+00,0.00000000e+00,0.00000000e+00,0.00000000e+00,0.00000000e+00,0.00000000e+00,0.00000000e+00,0.00000000e+00,0.00000000e+00,0.00000000e+00,0.00000000e+00,0.00000000e+00,0.00000000e+00,0.00000000e+00,0.00000000e+00,0.00000000e+00,0.00000000e+00,1.07683834e-04
1.28450000e+02,0.00000000e+00,0.00000000e+00,0.00000000e+00,0.00000000e+00,0.00000000e+00,0.00000000e+00,0.00000000e+00,0.00000000e+00,0.00000000e+00,0.00000000e+00,0.00000000e+00,0.00000000e+00,0.00000000e+00,0.00000000e+00,0.00000000e+00,0.00000000e+00,0.00000000e+00,0.00000000e+00,0.00000000e+00,0.00000000e+00,0.00000000e+00,0.00000000e+00,0.00000000e+00,0.00000000e+00,1.15996964e-04
1.28550000e+02,0.00000000e+00,0.00000000e+00,0.00000000e+00,0.00000000e+00,0.00000000e+00,0.00000000e+00,0.00000000e+00,0.00000000e+00,0.00000000e+00,0.00000000e+00,0.00000000e+00,0.00000000e+00,0.00000000e+00,0.00000000e+00,0.00000000e+00,0.00000000e+00,0.00000000e+00,0.00000000e+00,0.00000000e+00,0.00000000e+00,0.00000000e+00,0.00000000e+00,0.00000000e+00,0.00000000e+00,1.15026374e-04
1.28650000e+02,0.00000000e+00,0.00000000e+00,0.00000000e+00,0.00000000e+00,0.00000000e+00,0.00000000e+00,0.00000000e+00,0.00000000e+00,0.00000000e+00,0.00000000e+00,0.00000000e+00,0.00000000e+00,0.00000000e+00,0.00000000e+00,0.00000000e+00,0.00000000e+00,0.00000000e+00,0.00000000e+00,0.00000000e+00,0.00000000e+00,0.00000000e+00,0.00000000e+00,0.00000000e+00,0.00000000e+00,1.06739096e-04
1.28750000e+02,0.00000000e+00,0.00000000e+00,0.00000000e+00,0.00000000e+00,0.00000000e+00,0.00000000e+00,0.00000000e+00,0.00000000e+00,0.00000000e+00,0.00000000e+00,0.00000000e+00,0.00000000e+00,0.00000000e+00,0.00000000e+00,0.00000000e+00,0.00000000e+00,0.00000000e+00,0.00000000e+00,0.00000000e+00,0.00000000e+00,0.00000000e+00,0.00000000e+00,0.00000000e+00,0.00000000e+00,1.07665358e-04
1.28850000e+02,0.00000000e+00,0.00000000e+00,0.00000000e+00,0.00000000e+00,0.00000000e+00,0.00000000e+00,0.00000000e+00,0.00000000e+00,0.00000000e+00,0.00000000e+00,0.00000000e+00,0.00000000e+00,0.00000000e+00,0.00000000e+00,0.00000000e+00,0.00000000e+00,0.00000000e+00,0.00000000e+00,0.00000000e+00,0.00000000e+00,0.00000000e+00,0.00000000e+00,0.00000000e+00,0.00000000e+00,1.10368424e-04
1.28950000e+02,0.00000000e+00,0.00000000e+00,0.00000000e+00,0.00000000e+00,0.00000000e+00,0.00000000e+00,0.00000000e+00,0.00000000e+00,0.00000000e+00,0.00000000e+00,0.00000000e+00,0.00000000e+00,0.00000000e+00,0.00000000e+00,0.00000000e+00,0.00000000e+00,0.00000000e+00,0.00000000e+00,0.00000000e+00,0.00000000e+00,0.00000000e+00,0.00000000e+00,0.00000000e+00,0.00000000e+00,1.11321756e-04
1.29050000e+02,0.00000000e+00,0.00000000e+00,0.00000000e+00,0.00000000e+00,0.00000000e+00,0.00000000e+00,0.00000000e+00,0.00000000e+00,0.00000000e+00,0.00000000e+00,0.00000000e+00,0.00000000e+00,0.00000000e+00,0.00000000e+00,0.00000000e+00,0.00000000e+00,0.00000000e+00,0.00000000e+00,0.00000000e+00,0.00000000e+00,0.00000000e+00,0.00000000e+00,0.00000000e+00,0.00000000e+00,1.11574867e-04
1.29150000e+02,0.00000000e+00,0.00000000e+00,0.00000000e+00,0.00000000e+00,0.00000000e+00,0.00000000e+00,0.00000000e+00,0.00000000e+00,0.00000000e+00,0.00000000e+00,0.00000000e+00,0.00000000e+00,0.00000000e+00,0.00000000e+00,0.00000000e+00,0.00000000e+00,0.00000000e+00,0.00000000e+00,0.00000000e+00,0.00000000e+00,0.00000000e+00,0.00000000e+00,0.00000000e+00,0.00000000e+00,1.16452143e-04
1.29250000e+02,0.00000000e+00,0.00000000e+00,0.00000000e+00,0.00000000e+00,0.00000000e+00,0.00000000e+00,0.00000000e+00,0.00000000e+00,0.00000000e+00,0.00000000e+00,0.00000000e+00,0.00000000e+00,0.00000000e+00,0.00000000e+00,0.00000000e+00,0.00000000e+00,0.00000000e+00,0.00000000e+00,0.00000000e+00,0.00000000e+00,0.00000000e+00,0.00000000e+00,0.00000000e+00,0.00000000e+00,1.11914174e-04
1.29350000e+02,0.00000000e+00,0.00000000e+00,0.00000000e+00,0.00000000e+00,0.00000000e+00,0.00000000e+00,0.00000000e+00,0.00000000e+00,0.00000000e+00,0.00000000e+00,0.00000000e+00,0.00000000e+00,0.00000000e+00,0.00000000e+00,0.00000000e+00,0.00000000e+00,0.00000000e+00,0.00000000e+00,0.00000000e+00,0.00000000e+00,0.00000000e+00,0.00000000e+00,0.00000000e+00,0.00000000e+00,1.16127245e-04
1.29450000e+02,0.00000000e+00,0.00000000e+00,0.00000000e+00,0.00000000e+00,0.00000000e+00,0.00000000e+00,0.00000000e+00,0.00000000e+00,0.00000000e+00,0.00000000e+00,0.00000000e+00,0.00000000e+00,0.00000000e+00,0.00000000e+00,0.00000000e+00,0.00000000e+00,0.00000000e+00,0.00000000e+00,0.00000000e+00,0.00000000e+00,0.00000000e+00,0.00000000e+00,0.00000000e+00,0.00000000e+00,1.15726724e-04
1.29550000e+02,0.00000000e+00,0.00000000e+00,0.00000000e+00,0.00000000e+00,0.00000000e+00,0.00000000e+00,0.00000000e+00,0.00000000e+00,0.00000000e+00,0.00000000e+00,0.00000000e+00,0.00000000e+00,0.00000000e+00,0.00000000e+00,0.00000000e+00,0.00000000e+00,0.00000000e+00,0.00000000e+00,0.00000000e+00,0.00000000e+00,0.00000000e+00,0.00000000e+00,0.00000000e+00,0.00000000e+00,1.09042917e-04
1.29650000e+02,0.00000000e+00,0.00000000e+00,0.00000000e+00,0.00000000e+00,0.00000000e+00,0.00000000e+00,0.00000000e+00,0.00000000e+00,0.00000000e+00,0.00000000e+00,0.00000000e+00,0.00000000e+00,0.00000000e+00,0.00000000e+00,0.00000000e+00,0.00000000e+00,0.00000000e+00,0.00000000e+00,0.00000000e+00,0.00000000e+00,0.00000000e+00,0.00000000e+00,0.00000000e+00,0.00000000e+00,1.04069011e-04
1.29750000e+02,0.00000000e+00,0.00000000e+00,0.00000000e+00,0.00000000e+00,0.00000000e+00,0.00000000e+00,0.00000000e+00,0.00000000e+00,0.00000000e+00,0.00000000e+00,0.00000000e+00,0.00000000e+00,0.00000000e+00,0.00000000e+00,0.00000000e+00,0.00000000e+00,0.00000000e+00,0.00000000e+00,0.00000000e+00,0.00000000e+00,0.00000000e+00,0.00000000e+00,0.00000000e+00,0.00000000e+00,1.05962708e-04
1.29850000e+02,0.00000000e+00,0.00000000e+00,0.00000000e+00,0.00000000e+00,0.00000000e+00,0.00000000e+00,0.00000000e+00,0.00000000e+00,0.00000000e+00,0.00000000e+00,0.00000000e+00,0.00000000e+00,0.00000000e+00,0.00000000e+00,0.00000000e+00,0.00000000e+00,0.00000000e+00,0.00000000e+00,0.00000000e+00,0.00000000e+00,0.00000000e+00,0.00000000e+00,0.00000000e+00,0.00000000e+00,1.02482590e-04
1.29950000e+02,0.00000000e+00,0.00000000e+00,0.00000000e+00,0.00000000e+00,0.00000000e+00,0.00000000e+00,0.00000000e+00,0.00000000e+00,0.00000000e+00,0.00000000e+00,0.00000000e+00,0.00000000e+00,0.00000000e+00,0.00000000e+00,0.00000000e+00,0.00000000e+00,0.00000000e+00,0.00000000e+00,0.00000000e+00,0.00000000e+00,0.00000000e+00,0.00000000e+00,0.00000000e+00,0.00000000e+00,9.99589224e-05
1.30050000e+02,0.00000000e+00,0.00000000e+00,0.00000000e+00,0.00000000e+00,0.00000000e+00,0.00000000e+00,0.00000000e+00,0.00000000e+00,0.00000000e+00,0.00000000e+00,0.00000000e+00,0.00000000e+00,0.00000000e+00,0.00000000e+00,0.00000000e+00,0.00000000e+00,0.00000000e+00,0.00000000e+00,0.00000000e+00,0.00000000e+00,0.00000000e+00,0.00000000e+00,0.00000000e+00,0.00000000e+00,1.03969454e-04
1.30150000e+02,0.00000000e+00,0.00000000e+00,0.00000000e+00,0.00000000e+00,0.00000000e+00,0.00000000e+00,0.00000000e+00,0.00000000e+00,0.00000000e+00,0.00000000e+00,0.00000000e+00,0.00000000e+00,0.00000000e+00,0.00000000e+00,0.00000000e+00,0.00000000e+00,0.00000000e+00,0.00000000e+00,0.00000000e+00,0.00000000e+00,0.00000000e+00,0.00000000e+00,0.00000000e+00,0.00000000e+00,1.02721918e-04
1.30250000e+02,0.00000000e+00,0.00000000e+00,0.00000000e+00,0.00000000e+00,0.00000000e+00,0.00000000e+00,0.00000000e+00,0.00000000e+00,0.00000000e+00,0.00000000e+00,0.00000000e+00,0.00000000e+00,0.00000000e+00,0.00000000e+00,0.00000000e+00,0.00000000e+00,0.00000000e+00,0.00000000e+00,0.00000000e+00,0.00000000e+00,0.00000000e+00,0.00000000e+00,0.00000000e+00,0.00000000e+00,9.92417806e-05
1.30350000e+02,0.00000000e+00,0.00000000e+00,0.00000000e+00,0.00000000e+00,0.00000000e+00,0.00000000e+00,0.00000000e+00,0.00000000e+00,0.00000000e+00,0.00000000e+00,0.00000000e+00,0.00000000e+00,0.00000000e+00,0.00000000e+00,0.00000000e+00,0.00000000e+00,0.00000000e+00,0.00000000e+00,0.00000000e+00,0.00000000e+00,0.00000000e+00,0.00000000e+00,0.00000000e+00,0.00000000e+00,1.02135826e-04
1.30450000e+02,0.00000000e+00,0.00000000e+00,0.00000000e+00,0.00000000e+00,0.00000000e+00,0.00000000e+00,0.00000000e+00,0.00000000e+00,0.00000000e+00,0.00000000e+00,0.00000000e+00,0.00000000e+00,0.00000000e+00,0.00000000e+00,0.00000000e+00,0.00000000e+00,0.00000000e+00,0.00000000e+00,0.00000000e+00,0.00000000e+00,0.00000000e+00,0.00000000e+00,0.00000000e+00,0.00000000e+00,1.00442280e-04
1.30550000e+02,0.00000000e+00,0.00000000e+00,0.00000000e+00,0.00000000e+00,0.00000000e+00,0.00000000e+00,0.00000000e+00,0.00000000e+00,0.00000000e+00,0.00000000e+00,0.00000000e+00,0.00000000e+00,0.00000000e+00,0.00000000e+00,0.00000000e+00,0.00000000e+00,0.00000000e+00,0.00000000e+00,0.00000000e+00,0.00000000e+00,0.00000000e+00,0.00000000e+00,0.00000000e+00,0.00000000e+00,9.89506290e-05
1.30650000e+02,0.00000000e+00,0.00000000e+00,0.00000000e+00,0.00000000e+00,0.00000000e+00,0.00000000e+00,0.00000000e+00,0.00000000e+00,0.00000000e+00,0.00000000e+00,0.00000000e+00,0.00000000e+00,0.00000000e+00,0.00000000e+00,0.00000000e+00,0.00000000e+00,0.00000000e+00,0.00000000e+00,0.00000000e+00,0.00000000e+00,0.00000000e+00,0.00000000e+00,0.00000000e+00,0.00000000e+00,9.81543060e-05
1.30750000e+02,0.00000000e+00,0.00000000e+00,0.00000000e+00,0.00000000e+00,0.00000000e+00,0.00000000e+00,0.00000000e+00,0.00000000e+00,0.00000000e+00,0.00000000e+00,0.00000000e+00,0.00000000e+00,0.00000000e+00,0.00000000e+00,0.00000000e+00,0.00000000e+00,0.00000000e+00,0.00000000e+00,0.00000000e+00,0.00000000e+00,0.00000000e+00,0.00000000e+00,0.00000000e+00,0.00000000e+00,1.00510400e-04
1.30850000e+02,0.00000000e+00,0.00000000e+00,0.00000000e+00,0.00000000e+00,0.00000000e+00,0.00000000e+00,0.00000000e+00,0.00000000e+00,0.00000000e+00,0.00000000e+00,0.00000000e+00,0.00000000e+00,0.00000000e+00,0.00000000e+00,0.00000000e+00,0.00000000e+00,0.00000000e+00,0.00000000e+00,0.00000000e+00,0.00000000e+00,0.00000000e+00,0.00000000e+00,0.00000000e+00,0.00000000e+00,9.81108962e-05
1.30950000e+02,0.00000000e+00,0.00000000e+00,0.00000000e+00,0.00000000e+00,0.00000000e+00,0.00000000e+00,0.00000000e+00,0.00000000e+00,0.00000000e+00,0.00000000e+00,0.00000000e+00,0.00000000e+00,0.00000000e+00,0.00000000e+00,0.00000000e+00,0.00000000e+00,0.00000000e+00,0.00000000e+00,0.00000000e+00,0.00000000e+00,0.00000000e+00,0.00000000e+00,0.00000000e+00,0.00000000e+00,9.46080962e-05
1.31050000e+02,0.00000000e+00,0.00000000e+00,0.00000000e+00,0.00000000e+00,0.00000000e+00,0.00000000e+00,0.00000000e+00,0.00000000e+00,0.00000000e+00,0.00000000e+00,0.00000000e+00,0.00000000e+00,0.00000000e+00,0.00000000e+00,0.00000000e+00,0.00000000e+00,0.00000000e+00,0.00000000e+00,0.00000000e+00,0.00000000e+00,0.00000000e+00,0.00000000e+00,0.00000000e+00,0.00000000e+00,9.58817781e-05
1.31150000e+02,0.00000000e+00,0.00000000e+00,0.00000000e+00,0.00000000e+00,0.00000000e+00,0.00000000e+00,0.00000000e+00,0.00000000e+00,0.00000000e+00,0.00000000e+00,0.00000000e+00,0.00000000e+00,0.00000000e+00,0.00000000e+00,0.00000000e+00,0.00000000e+00,0.00000000e+00,0.00000000e+00,0.00000000e+00,0.00000000e+00,0.00000000e+00,0.00000000e+00,0.00000000e+00,0.00000000e+00,9.46368215e-05
1.31250000e+02,0.00000000e+00,0.00000000e+00,0.00000000e+00,0.00000000e+00,0.00000000e+00,0.00000000e+00,0.00000000e+00,0.00000000e+00,0.00000000e+00,0.00000000e+00,0.00000000e+00,0.00000000e+00,0.00000000e+00,0.00000000e+00,0.00000000e+00,0.00000000e+00,0.00000000e+00,0.00000000e+00,0.00000000e+00,0.00000000e+00,0.00000000e+00,0.00000000e+00,0.00000000e+00,0.00000000e+00,9.41538358e-05
1.31350000e+02,0.00000000e+00,0.00000000e+00,0.00000000e+00,0.00000000e+00,0.00000000e+00,0.00000000e+00,0.00000000e+00,0.00000000e+00,0.00000000e+00,0.00000000e+00,0.00000000e+00,0.00000000e+00,0.00000000e+00,0.00000000e+00,0.00000000e+00,0.00000000e+00,0.00000000e+00,0.00000000e+00,0.00000000e+00,0.00000000e+00,0.00000000e+00,0.00000000e+00,0.00000000e+00,0.00000000e+00,9.27672195e-05
1.31450000e+02,0.00000000e+00,0.00000000e+00,0.00000000e+00,0.00000000e+00,0.00000000e+00,0.00000000e+00,0.00000000e+00,0.00000000e+00,0.00000000e+00,0.00000000e+00,0.00000000e+00,0.00000000e+00,0.00000000e+00,0.00000000e+00,0.00000000e+00,0.00000000e+00,0.00000000e+00,0.00000000e+00,0.00000000e+00,0.00000000e+00,0.00000000e+00,0.00000000e+00,0.00000000e+00,0.00000000e+00,9.05005734e-05
1.31550000e+02,0.00000000e+00,0.00000000e+00,0.00000000e+00,0.00000000e+00,0.00000000e+00,0.00000000e+00,0.00000000e+00,0.00000000e+00,0.00000000e+00,0.00000000e+00,0.00000000e+00,0.00000000e+00,0.00000000e+00,0.00000000e+00,0.00000000e+00,0.00000000e+00,0.00000000e+00,0.00000000e+00,0.00000000e+00,0.00000000e+00,0.00000000e+00,0.00000000e+00,0.00000000e+00,0.00000000e+00,8.92584800e-05
1.31650000e+02,0.00000000e+00,0.00000000e+00,0.00000000e+00,0.00000000e+00,0.00000000e+00,0.00000000e+00,0.00000000e+00,0.00000000e+00,0.00000000e+00,0.00000000e+00,0.00000000e+00,0.00000000e+00,0.00000000e+00,0.00000000e+00,0.00000000e+00,0.00000000e+00,0.00000000e+00,0.00000000e+00,0.00000000e+00,0.00000000e+00,0.00000000e+00,0.00000000e+00,0.00000000e+00,0.00000000e+00,9.08024979e-05
1.31750000e+02,0.00000000e+00,0.00000000e+00,0.00000000e+00,0.00000000e+00,0.00000000e+00,0.00000000e+00,0.00000000e+00,0.00000000e+00,0.00000000e+00,0.00000000e+00,0.00000000e+00,0.00000000e+00,0.00000000e+00,0.00000000e+00,0.00000000e+00,0.00000000e+00,0.00000000e+00,0.00000000e+00,0.00000000e+00,0.00000000e+00,0.00000000e+00,0.00000000e+00,0.00000000e+00,0.00000000e+00,8.93090872e-05
1.31850000e+02,0.00000000e+00,0.00000000e+00,0.00000000e+00,0.00000000e+00,0.00000000e+00,0.00000000e+00,0.00000000e+00,0.00000000e+00,0.00000000e+00,0.00000000e+00,0.00000000e+00,0.00000000e+00,0.00000000e+00,0.00000000e+00,0.00000000e+00,0.00000000e+00,0.00000000e+00,0.00000000e+00,0.00000000e+00,0.00000000e+00,0.00000000e+00,0.00000000e+00,0.00000000e+00,0.00000000e+00,9.12510351e-05
1.31950000e+02,0.00000000e+00,0.00000000e+00,0.00000000e+00,0.00000000e+00,0.00000000e+00,0.00000000e+00,0.00000000e+00,0.00000000e+00,0.00000000e+00,0.00000000e+00,0.00000000e+00,0.00000000e+00,0.00000000e+00,0.00000000e+00,0.00000000e+00,0.00000000e+00,0.00000000e+00,0.00000000e+00,0.00000000e+00,0.00000000e+00,0.00000000e+00,0.00000000e+00,0.00000000e+00,0.00000000e+00,9.38032740e-05
1.32050000e+02,0.00000000e+00,0.00000000e+00,0.00000000e+00,0.00000000e+00,0.00000000e+00,0.00000000e+00,0.00000000e+00,0.00000000e+00,0.00000000e+00,0.00000000e+00,0.00000000e+00,0.00000000e+00,0.00000000e+00,0.00000000e+00,0.00000000e+00,0.00000000e+00,0.00000000e+00,0.00000000e+00,0.00000000e+00,0.00000000e+00,0.00000000e+00,0.00000000e+00,0.00000000e+00,0.00000000e+00,9.00571571e-05
1.32150000e+02,0.00000000e+00,0.00000000e+00,0.00000000e+00,0.00000000e+00,0.00000000e+00,0.00000000e+00,0.00000000e+00,0.00000000e+00,0.00000000e+00,0.00000000e+00,0.00000000e+00,0.00000000e+00,0.00000000e+00,0.00000000e+00,0.00000000e+00,0.00000000e+00,0.00000000e+00,0.00000000e+00,0.00000000e+00,0.00000000e+00,0.00000000e+00,0.00000000e+00,0.00000000e+00,0.00000000e+00,9.03792812e-05
1.32250000e+02,0.00000000e+00,0.00000000e+00,0.00000000e+00,0.00000000e+00,0.00000000e+00,0.00000000e+00,0.00000000e+00,0.00000000e+00,0.00000000e+00,0.00000000e+00,0.00000000e+00,0.00000000e+00,0.00000000e+00,0.00000000e+00,0.00000000e+00,0.00000000e+00,0.00000000e+00,0.00000000e+00,0.00000000e+00,0.00000000e+00,0.00000000e+00,0.00000000e+00,0.00000000e+00,0.00000000e+00,8.77979576e-05
1.32350000e+02,0.00000000e+00,0.00000000e+00,0.00000000e+00,0.00000000e+00,0.00000000e+00,0.00000000e+00,0.00000000e+00,0.00000000e+00,0.00000000e+00,0.00000000e+00,0.00000000e+00,0.00000000e+00,0.00000000e+00,0.00000000e+00,0.00000000e+00,0.00000000e+00,0.00000000e+00,0.00000000e+00,0.00000000e+00,0.00000000e+00,0.00000000e+00,0.00000000e+00,0.00000000e+00,0.00000000e+00,8.28197053e-05
1.32450000e+02,0.00000000e+00,0.00000000e+00,0.00000000e+00,0.00000000e+00,0.00000000e+00,0.00000000e+00,0.00000000e+00,0.00000000e+00,0.00000000e+00,0.00000000e+00,0.00000000e+00,0.00000000e+00,0.00000000e+00,0.00000000e+00,0.00000000e+00,0.00000000e+00,0.00000000e+00,0.00000000e+00,0.00000000e+00,0.00000000e+00,0.00000000e+00,0.00000000e+00,0.00000000e+00,0.00000000e+00,8.62532341e-05
1.32550000e+02,0.00000000e+00,0.00000000e+00,0.00000000e+00,0.00000000e+00,0.00000000e+00,0.00000000e+00,0.00000000e+00,0.00000000e+00,0.00000000e+00,0.00000000e+00,0.00000000e+00,0.00000000e+00,0.00000000e+00,0.00000000e+00,0.00000000e+00,0.00000000e+00,0.00000000e+00,0.00000000e+00,0.00000000e+00,0.00000000e+00,0.00000000e+00,0.00000000e+00,0.00000000e+00,0.00000000e+00,8.39388060e-05
1.32650000e+02,0.00000000e+00,0.00000000e+00,0.00000000e+00,0.00000000e+00,0.00000000e+00,0.00000000e+00,0.00000000e+00,0.00000000e+00,0.00000000e+00,0.00000000e+00,0.00000000e+00,0.00000000e+00,0.00000000e+00,0.00000000e+00,0.00000000e+00,0.00000000e+00,0.00000000e+00,0.00000000e+00,0.00000000e+00,0.00000000e+00,0.00000000e+00,0.00000000e+00,0.00000000e+00,0.00000000e+00,8.13215278e-05
1.32750000e+02,0.00000000e+00,0.00000000e+00,0.00000000e+00,0.00000000e+00,0.00000000e+00,0.00000000e+00,0.00000000e+00,0.00000000e+00,0.00000000e+00,0.00000000e+00,0.00000000e+00,0.00000000e+00,0.00000000e+00,0.00000000e+00,0.00000000e+00,0.00000000e+00,0.00000000e+00,0.00000000e+00,0.00000000e+00,0.00000000e+00,0.00000000e+00,0.00000000e+00,0.00000000e+00,0.00000000e+00,7.96632914e-05
1.32850000e+02,0.00000000e+00,0.00000000e+00,0.00000000e+00,0.00000000e+00,0.00000000e+00,0.00000000e+00,0.00000000e+00,0.00000000e+00,0.00000000e+00,0.00000000e+00,0.00000000e+00,0.00000000e+00,0.00000000e+00,0.00000000e+00,0.00000000e+00,0.00000000e+00,0.00000000e+00,0.00000000e+00,0.00000000e+00,0.00000000e+00,0.00000000e+00,0.00000000e+00,0.00000000e+00,0.00000000e+00,8.22874300e-05
1.32950000e+02,0.00000000e+00,0.00000000e+00,0.00000000e+00,0.00000000e+00,0.00000000e+00,0.00000000e+00,0.00000000e+00,0.00000000e+00,0.00000000e+00,0.00000000e+00,0.00000000e+00,0.00000000e+00,0.00000000e+00,0.00000000e+00,0.00000000e+00,0.00000000e+00,0.00000000e+00,0.00000000e+00,0.00000000e+00,0.00000000e+00,0.00000000e+00,0.00000000e+00,0.00000000e+00,0.00000000e+00,8.07893048e-05
1.33050000e+02,0.00000000e+00,0.00000000e+00,0.00000000e+00,0.00000000e+00,0.00000000e+00,0.00000000e+00,0.00000000e+00,0.00000000e+00,0.00000000e+00,0.00000000e+00,0.00000000e+00,0.00000000e+00,0.00000000e+00,0.00000000e+00,0.00000000e+00,0.00000000e+00,0.00000000e+00,0.00000000e+00,0.00000000e+00,0.00000000e+00,0.00000000e+00,0.00000000e+00,0.00000000e+00,0.00000000e+00,8.48696195e-05
1.33150000e+02,0.00000000e+00,0.00000000e+00,0.00000000e+00,0.00000000e+00,0.00000000e+00,0.00000000e+00,0.00000000e+00,0.00000000e+00,0.00000000e+00,0.00000000e+00,0.00000000e+00,0.00000000e+00,0.00000000e+00,0.00000000e+00,0.00000000e+00,0.00000000e+00,0.00000000e+00,0.00000000e+00,0.00000000e+00,0.00000000e+00,0.00000000e+00,0.00000000e+00,0.00000000e+00,0.00000000e+00,8.08480107e-05
1.33250000e+02,0.00000000e+00,0.00000000e+00,0.00000000e+00,0.00000000e+00,0.00000000e+00,0.00000000e+00,0.00000000e+00,0.00000000e+00,0.00000000e+00,0.00000000e+00,0.00000000e+00,0.00000000e+00,0.00000000e+00,0.00000000e+00,0.00000000e+00,0.00000000e+00,0.00000000e+00,0.00000000e+00,0.00000000e+00,0.00000000e+00,0.00000000e+00,0.00000000e+00,0.00000000e+00,0.00000000e+00,8.23309739e-05
1.33350000e+02,0.00000000e+00,0.00000000e+00,0.00000000e+00,0.00000000e+00,0.00000000e+00,0.00000000e+00,0.00000000e+00,0.00000000e+00,0.00000000e+00,0.00000000e+00,0.00000000e+00,0.00000000e+00,0.00000000e+00,0.00000000e+00,0.00000000e+00,0.00000000e+00,0.00000000e+00,0.00000000e+00,0.00000000e+00,0.00000000e+00,0.00000000e+00,0.00000000e+00,0.00000000e+00,0.00000000e+00,8.32847446e-05
1.33450000e+02,0.00000000e+00,0.00000000e+00,0.00000000e+00,0.00000000e+00,0.00000000e+00,0.00000000e+00,0.00000000e+00,0.00000000e+00,0.00000000e+00,0.00000000e+00,0.00000000e+00,0.00000000e+00,0.00000000e+00,0.00000000e+00,0.00000000e+00,0.00000000e+00,0.00000000e+00,0.00000000e+00,0.00000000e+00,0.00000000e+00,0.00000000e+00,0.00000000e+00,0.00000000e+00,0.00000000e+00,8.70955720e-05
1.33550000e+02,0.00000000e+00,0.00000000e+00,0.00000000e+00,0.00000000e+00,0.00000000e+00,0.00000000e+00,0.00000000e+00,0.00000000e+00,0.00000000e+00,0.00000000e+00,0.00000000e+00,0.00000000e+00,0.00000000e+00,0.00000000e+00,0.00000000e+00,0.00000000e+00,0.00000000e+00,0.00000000e+00,0.00000000e+00,0.00000000e+00,0.00000000e+00,0.00000000e+00,0.00000000e+00,0.00000000e+00,8.91837122e-05
1.33650000e+02,0.00000000e+00,0.00000000e+00,0.00000000e+00,0.00000000e+00,0.00000000e+00,0.00000000e+00,0.00000000e+00,0.00000000e+00,0.00000000e+00,0.00000000e+00,0.00000000e+00,0.00000000e+00,0.00000000e+00,0.00000000e+00,0.00000000e+00,0.00000000e+00,0.00000000e+00,0.00000000e+00,0.00000000e+00,0.00000000e+00,0.00000000e+00,0.00000000e+00,0.00000000e+00,0.00000000e+00,8.20496371e-05
1.33750000e+02,0.00000000e+00,0.00000000e+00,0.00000000e+00,0.00000000e+00,0.00000000e+00,0.00000000e+00,0.00000000e+00,0.00000000e+00,0.00000000e+00,0.00000000e+00,0.00000000e+00,0.00000000e+00,0.00000000e+00,0.00000000e+00,0.00000000e+00,0.00000000e+00,0.00000000e+00,0.00000000e+00,0.00000000e+00,0.00000000e+00,0.00000000e+00,0.00000000e+00,0.00000000e+00,0.00000000e+00,7.63473959e-05
1.33850000e+02,0.00000000e+00,0.00000000e+00,0.00000000e+00,0.00000000e+00,0.00000000e+00,0.00000000e+00,0.00000000e+00,0.00000000e+00,0.00000000e+00,0.00000000e+00,0.00000000e+00,0.00000000e+00,0.00000000e+00,0.00000000e+00,0.00000000e+00,0.00000000e+00,0.00000000e+00,0.00000000e+00,0.00000000e+00,0.00000000e+00,0.00000000e+00,0.00000000e+00,0.00000000e+00,0.00000000e+00,7.75549001e-05
1.33950000e+02,0.00000000e+00,0.00000000e+00,0.00000000e+00,0.00000000e+00,0.00000000e+00,0.00000000e+00,0.00000000e+00,0.00000000e+00,0.00000000e+00,0.00000000e+00,0.00000000e+00,0.00000000e+00,0.00000000e+00,0.00000000e+00,0.00000000e+00,0.00000000e+00,0.00000000e+00,0.00000000e+00,0.00000000e+00,0.00000000e+00,0.00000000e+00,0.00000000e+00,0.00000000e+00,0.00000000e+00,7.89056569e-05
1.34050000e+02,0.00000000e+00,0.00000000e+00,0.00000000e+00,0.00000000e+00,0.00000000e+00,0.00000000e+00,0.00000000e+00,0.00000000e+00,0.00000000e+00,0.00000000e+00,0.00000000e+00,0.00000000e+00,0.00000000e+00,0.00000000e+00,0.00000000e+00,0.00000000e+00,0.00000000e+00,0.00000000e+00,0.00000000e+00,0.00000000e+00,0.00000000e+00,0.00000000e+00,0.00000000e+00,0.00000000e+00,8.36937953e-05
1.34150000e+02,0.00000000e+00,0.00000000e+00,0.00000000e+00,0.00000000e+00,0.00000000e+00,0.00000000e+00,0.00000000e+00,0.00000000e+00,0.00000000e+00,0.00000000e+00,0.00000000e+00,0.00000000e+00,0.00000000e+00,0.00000000e+00,0.00000000e+00,0.00000000e+00,0.00000000e+00,0.00000000e+00,0.00000000e+00,0.00000000e+00,0.00000000e+00,0.00000000e+00,0.00000000e+00,0.00000000e+00,8.53890373e-05
1.34250000e+02,0.00000000e+00,0.00000000e+00,0.00000000e+00,0.00000000e+00,0.00000000e+00,0.00000000e+00,0.00000000e+00,0.00000000e+00,0.00000000e+00,0.00000000e+00,0.00000000e+00,0.00000000e+00,0.00000000e+00,0.00000000e+00,0.00000000e+00,0.00000000e+00,0.00000000e+00,0.00000000e+00,0.00000000e+00,0.00000000e+00,0.00000000e+00,0.00000000e+00,0.00000000e+00,0.00000000e+00,8.07629555e-05
1.34350000e+02,0.00000000e+00,0.00000000e+00,0.00000000e+00,0.00000000e+00,0.00000000e+00,0.00000000e+00,0.00000000e+00,0.00000000e+00,0.00000000e+00,0.00000000e+00,0.00000000e+00,0.00000000e+00,0.00000000e+00,0.00000000e+00,0.00000000e+00,0.00000000e+00,0.00000000e+00,0.00000000e+00,0.00000000e+00,0.00000000e+00,0.00000000e+00,0.00000000e+00,0.00000000e+00,0.00000000e+00,8.42348205e-05
1.34450000e+02,0.00000000e+00,0.00000000e+00,0.00000000e+00,0.00000000e+00,0.00000000e+00,0.00000000e+00,0.00000000e+00,0.00000000e+00,0.00000000e+00,0.00000000e+00,0.00000000e+00,0.00000000e+00,0.00000000e+00,0.00000000e+00,0.00000000e+00,0.00000000e+00,0.00000000e+00,0.00000000e+00,0.00000000e+00,0.00000000e+00,0.00000000e+00,0.00000000e+00,0.00000000e+00,0.00000000e+00,8.46931005e-05
1.34550000e+02,0.00000000e+00,0.00000000e+00,0.00000000e+00,0.00000000e+00,0.00000000e+00,0.00000000e+00,0.00000000e+00,0.00000000e+00,0.00000000e+00,0.00000000e+00,0.00000000e+00,0.00000000e+00,0.00000000e+00,0.00000000e+00,0.00000000e+00,0.00000000e+00,0.00000000e+00,0.00000000e+00,0.00000000e+00,0.00000000e+00,0.00000000e+00,0.00000000e+00,0.00000000e+00,0.00000000e+00,8.10956540e-05
1.34650000e+02,0.00000000e+00,0.00000000e+00,0.00000000e+00,0.00000000e+00,0.00000000e+00,0.00000000e+00,0.00000000e+00,0.00000000e+00,0.00000000e+00,0.00000000e+00,0.00000000e+00,0.00000000e+00,0.00000000e+00,0.00000000e+00,0.00000000e+00,0.00000000e+00,0.00000000e+00,0.00000000e+00,0.00000000e+00,0.00000000e+00,0.00000000e+00,0.00000000e+00,0.00000000e+00,0.00000000e+00,7.82310522e-05
1.34750000e+02,0.00000000e+00,0.00000000e+00,0.00000000e+00,0.00000000e+00,0.00000000e+00,0.00000000e+00,0.00000000e+00,0.00000000e+00,0.00000000e+00,0.00000000e+00,0.00000000e+00,0.00000000e+00,0.00000000e+00,0.00000000e+00,0.00000000e+00,0.00000000e+00,0.00000000e+00,0.00000000e+00,0.00000000e+00,0.00000000e+00,0.00000000e+00,0.00000000e+00,0.00000000e+00,0.00000000e+00,7.70734740e-05
1.34850000e+02,0.00000000e+00,0.00000000e+00,0.00000000e+00,0.00000000e+00,0.00000000e+00,0.00000000e+00,0.00000000e+00,0.00000000e+00,0.00000000e+00,0.00000000e+00,0.00000000e+00,0.00000000e+00,0.00000000e+00,0.00000000e+00,0.00000000e+00,0.00000000e+00,0.00000000e+00,0.00000000e+00,0.00000000e+00,0.00000000e+00,0.00000000e+00,0.00000000e+00,0.00000000e+00,0.00000000e+00,8.00888028e-05
1.34950000e+02,0.00000000e+00,0.00000000e+00,0.00000000e+00,0.00000000e+00,0.00000000e+00,0.00000000e+00,0.00000000e+00,0.00000000e+00,0.00000000e+00,0.00000000e+00,0.00000000e+00,0.00000000e+00,0.00000000e+00,0.00000000e+00,0.00000000e+00,0.00000000e+00,0.00000000e+00,0.00000000e+00,0.00000000e+00,0.00000000e+00,0.00000000e+00,0.00000000e+00,0.00000000e+00,0.00000000e+00,8.22222833e-05
1.35050000e+02,0.00000000e+00,0.00000000e+00,0.00000000e+00,0.00000000e+00,0.00000000e+00,0.00000000e+00,0.00000000e+00,0.00000000e+00,0.00000000e+00,0.00000000e+00,0.00000000e+00,0.00000000e+00,0.00000000e+00,0.00000000e+00,0.00000000e+00,0.00000000e+00,0.00000000e+00,0.00000000e+00,0.00000000e+00,0.00000000e+00,0.00000000e+00,0.00000000e+00,0.00000000e+00,0.00000000e+00,8.08809494e-05
1.35150000e+02,0.00000000e+00,0.00000000e+00,0.00000000e+00,0.00000000e+00,0.00000000e+00,0.00000000e+00,0.00000000e+00,0.00000000e+00,0.00000000e+00,0.00000000e+00,0.00000000e+00,0.00000000e+00,0.00000000e+00,0.00000000e+00,0.00000000e+00,0.00000000e+00,0.00000000e+00,0.00000000e+00,0.00000000e+00,0.00000000e+00,0.00000000e+00,0.00000000e+00,0.00000000e+00,0.00000000e+00,8.42722183e-05
1.35250000e+02,0.00000000e+00,0.00000000e+00,0.00000000e+00,0.00000000e+00,0.00000000e+00,0.00000000e+00,0.00000000e+00,0.00000000e+00,0.00000000e+00,0.00000000e+00,0.00000000e+00,0.00000000e+00,0.00000000e+00,0.00000000e+00,0.00000000e+00,0.00000000e+00,0.00000000e+00,0.00000000e+00,0.00000000e+00,0.00000000e+00,0.00000000e+00,0.00000000e+00,0.00000000e+00,0.00000000e+00,7.99808349e-05
1.35350000e+02,0.00000000e+00,0.00000000e+00,0.00000000e+00,0.00000000e+00,0.00000000e+00,0.00000000e+00,0.00000000e+00,0.00000000e+00,0.00000000e+00,0.00000000e+00,0.00000000e+00,0.00000000e+00,0.00000000e+00,0.00000000e+00,0.00000000e+00,0.00000000e+00,0.00000000e+00,0.00000000e+00,0.00000000e+00,0.00000000e+00,0.00000000e+00,0.00000000e+00,0.00000000e+00,0.00000000e+00,7.62416169e-05
1.35450000e+02,0.00000000e+00,0.00000000e+00,0.00000000e+00,0.00000000e+00,0.00000000e+00,0.00000000e+00,0.00000000e+00,0.00000000e+00,0.00000000e+00,0.00000000e+00,0.00000000e+00,0.00000000e+00,0.00000000e+00,0.00000000e+00,0.00000000e+00,0.00000000e+00,0.00000000e+00,0.00000000e+00,0.00000000e+00,0.00000000e+00,0.00000000e+00,0.00000000e+00,0.00000000e+00,0.00000000e+00,7.26494922e-05
1.35550000e+02,0.00000000e+00,0.00000000e+00,0.00000000e+00,0.00000000e+00,0.00000000e+00,0.00000000e+00,0.00000000e+00,0.00000000e+00,0.00000000e+00,0.00000000e+00,0.00000000e+00,0.00000000e+00,0.00000000e+00,0.00000000e+00,0.00000000e+00,0.00000000e+00,0.00000000e+00,0.00000000e+00,0.00000000e+00,0.00000000e+00,0.00000000e+00,0.00000000e+00,0.00000000e+00,0.00000000e+00,7.28837107e-05
1.35650000e+02,0.00000000e+00,0.00000000e+00,0.00000000e+00,0.00000000e+00,0.00000000e+00,0.00000000e+00,0.00000000e+00,0.00000000e+00,0.00000000e+00,0.00000000e+00,0.00000000e+00,0.00000000e+00,0.00000000e+00,0.00000000e+00,0.00000000e+00,0.00000000e+00,0.00000000e+00,0.00000000e+00,0.00000000e+00,0.00000000e+00,0.00000000e+00,0.00000000e+00,0.00000000e+00,0.00000000e+00,7.17858003e-05
1.35750000e+02,0.00000000e+00,0.00000000e+00,0.00000000e+00,0.00000000e+00,0.00000000e+00,0.00000000e+00,0.00000000e+00,0.00000000e+00,0.00000000e+00,0.00000000e+00,0.00000000e+00,0.00000000e+00,0.00000000e+00,0.00000000e+00,0.00000000e+00,0.00000000e+00,0.00000000e+00,0.00000000e+00,0.00000000e+00,0.00000000e+00,0.00000000e+00,0.00000000e+00,0.00000000e+00,0.00000000e+00,7.07342449e-05
1.35850000e+02,0.00000000e+00,0.00000000e+00,0.00000000e+00,0.00000000e+00,0.00000000e+00,0.00000000e+00,0.00000000e+00,0.00000000e+00,0.00000000e+00,0.00000000e+00,0.00000000e+00,0.00000000e+00,0.00000000e+00,0.00000000e+00,0.00000000e+00,0.00000000e+00,0.00000000e+00,0.00000000e+00,0.00000000e+00,0.00000000e+00,0.00000000e+00,0.00000000e+00,0.00000000e+00,0.00000000e+00,7.10403563e-05
1.35950000e+02,0.00000000e+00,0.00000000e+00,0.00000000e+00,0.00000000e+00,0.00000000e+00,0.00000000e+00,0.00000000e+00,0.00000000e+00,0.00000000e+00,0.00000000e+00,0.00000000e+00,0.00000000e+00,0.00000000e+00,0.00000000e+00,0.00000000e+00,0.00000000e+00,0.00000000e+00,0.00000000e+00,0.00000000e+00,0.00000000e+00,0.00000000e+00,0.00000000e+00,0.00000000e+00,0.00000000e+00,7.21281751e-05
1.36050000e+02,0.00000000e+00,0.00000000e+00,0.00000000e+00,0.00000000e+00,0.00000000e+00,0.00000000e+00,0.00000000e+00,0.00000000e+00,0.00000000e+00,0.00000000e+00,0.00000000e+00,0.00000000e+00,0.00000000e+00,0.00000000e+00,0.00000000e+00,0.00000000e+00,0.00000000e+00,0.00000000e+00,0.00000000e+00,0.00000000e+00,0.00000000e+00,0.00000000e+00,0.00000000e+00,0.00000000e+00,7.13886308e-05
1.36150000e+02,0.00000000e+00,0.00000000e+00,0.00000000e+00,0.00000000e+00,0.00000000e+00,0.00000000e+00,0.00000000e+00,0.00000000e+00,0.00000000e+00,0.00000000e+00,0.00000000e+00,0.00000000e+00,0.00000000e+00,0.00000000e+00,0.00000000e+00,0.00000000e+00,0.00000000e+00,0.00000000e+00,0.00000000e+00,0.00000000e+00,0.00000000e+00,0.00000000e+00,0.00000000e+00,0.00000000e+00,7.29249166e-05
1.36250000e+02,0.00000000e+00,0.00000000e+00,0.00000000e+00,0.00000000e+00,0.00000000e+00,0.00000000e+00,0.00000000e+00,0.00000000e+00,0.00000000e+00,0.00000000e+00,0.00000000e+00,0.00000000e+00,0.00000000e+00,0.00000000e+00,0.00000000e+00,0.00000000e+00,0.00000000e+00,0.00000000e+00,0.00000000e+00,0.00000000e+00,0.00000000e+00,0.00000000e+00,0.00000000e+00,0.00000000e+00,7.22722139e-05
1.36350000e+02,0.00000000e+00,0.00000000e+00,0.00000000e+00,0.00000000e+00,0.00000000e+00,0.00000000e+00,0.00000000e+00,0.00000000e+00,0.00000000e+00,0.00000000e+00,0.00000000e+00,0.00000000e+00,0.00000000e+00,0.00000000e+00,0.00000000e+00,0.00000000e+00,0.00000000e+00,0.00000000e+00,0.00000000e+00,0.00000000e+00,0.00000000e+00,0.00000000e+00,0.00000000e+00,0.00000000e+00,6.85301999e-05
1.36450000e+02,0.00000000e+00,0.00000000e+00,0.00000000e+00,0.00000000e+00,0.00000000e+00,0.00000000e+00,0.00000000e+00,0.00000000e+00,0.00000000e+00,0.00000000e+00,0.00000000e+00,0.00000000e+00,0.00000000e+00,0.00000000e+00,0.00000000e+00,0.00000000e+00,0.00000000e+00,0.00000000e+00,0.00000000e+00,0.00000000e+00,0.00000000e+00,0.00000000e+00,0.00000000e+00,0.00000000e+00,7.05646715e-05
1.36550000e+02,0.00000000e+00,0.00000000e+00,0.00000000e+00,0.00000000e+00,0.00000000e+00,0.00000000e+00,0.00000000e+00,0.00000000e+00,0.00000000e+00,0.00000000e+00,0.00000000e+00,0.00000000e+00,0.00000000e+00,0.00000000e+00,0.00000000e+00,0.00000000e+00,0.00000000e+00,0.00000000e+00,0.00000000e+00,0.00000000e+00,0.00000000e+00,0.00000000e+00,0.00000000e+00,0.00000000e+00,6.40311196e-05
1.36650000e+02,0.00000000e+00,0.00000000e+00,0.00000000e+00,0.00000000e+00,0.00000000e+00,0.00000000e+00,0.00000000e+00,0.00000000e+00,0.00000000e+00,0.00000000e+00,0.00000000e+00,0.00000000e+00,0.00000000e+00,0.00000000e+00,0.00000000e+00,0.00000000e+00,0.00000000e+00,0.00000000e+00,0.00000000e+00,0.00000000e+00,0.00000000e+00,0.00000000e+00,0.00000000e+00,0.00000000e+00,6.38714944e-05
1.36750000e+02,0.00000000e+00,0.00000000e+00,0.00000000e+00,0.00000000e+00,0.00000000e+00,0.00000000e+00,0.00000000e+00,0.00000000e+00,0.00000000e+00,0.00000000e+00,0.00000000e+00,0.00000000e+00,0.00000000e+00,0.00000000e+00,0.00000000e+00,0.00000000e+00,0.00000000e+00,0.00000000e+00,0.00000000e+00,0.00000000e+00,0.00000000e+00,0.00000000e+00,0.00000000e+00,0.00000000e+00,6.50921938e-05
1.36850000e+02,0.00000000e+00,0.00000000e+00,0.00000000e+00,0.00000000e+00,0.00000000e+00,0.00000000e+00,0.00000000e+00,0.00000000e+00,0.00000000e+00,0.00000000e+00,0.00000000e+00,0.00000000e+00,0.00000000e+00,0.00000000e+00,0.00000000e+00,0.00000000e+00,0.00000000e+00,0.00000000e+00,0.00000000e+00,0.00000000e+00,0.00000000e+00,0.00000000e+00,0.00000000e+00,0.00000000e+00,6.55975396e-05
1.36950000e+02,0.00000000e+00,0.00000000e+00,0.00000000e+00,0.00000000e+00,0.00000000e+00,0.00000000e+00,0.00000000e+00,0.00000000e+00,0.00000000e+00,0.00000000e+00,0.00000000e+00,0.00000000e+00,0.00000000e+00,0.00000000e+00,0.00000000e+00,0.00000000e+00,0.00000000e+00,0.00000000e+00,0.00000000e+00,0.00000000e+00,0.00000000e+00,0.00000000e+00,0.00000000e+00,0.00000000e+00,6.38278133e-05
1.37050000e+02,0.00000000e+00,0.00000000e+00,0.00000000e+00,0.00000000e+00,0.00000000e+00,0.00000000e+00,0.00000000e+00,0.00000000e+00,0.00000000e+00,0.00000000e+00,0.00000000e+00,0.00000000e+00,0.00000000e+00,0.00000000e+00,0.00000000e+00,0.00000000e+00,0.00000000e+00,0.00000000e+00,0.00000000e+00,0.00000000e+00,0.00000000e+00,0.00000000e+00,0.00000000e+00,0.00000000e+00,6.36527369e-05
1.37150000e+02,0.00000000e+00,0.00000000e+00,0.00000000e+00,0.00000000e+00,0.00000000e+00,0.00000000e+00,0.00000000e+00,0.00000000e+00,0.00000000e+00,0.00000000e+00,0.00000000e+00,0.00000000e+00,0.00000000e+00,0.00000000e+00,0.00000000e+00,0.00000000e+00,0.00000000e+00,0.00000000e+00,0.00000000e+00,0.00000000e+00,0.00000000e+00,0.00000000e+00,0.00000000e+00,0.00000000e+00,6.57969010e-05
1.37250000e+02,0.00000000e+00,0.00000000e+00,0.00000000e+00,0.00000000e+00,0.00000000e+00,0.00000000e+00,0.00000000e+00,0.00000000e+00,0.00000000e+00,0.00000000e+00,0.00000000e+00,0.00000000e+00,0.00000000e+00,0.00000000e+00,0.00000000e+00,0.00000000e+00,0.00000000e+00,0.00000000e+00,0.00000000e+00,0.00000000e+00,0.00000000e+00,0.00000000e+00,0.00000000e+00,0.00000000e+00,6.31456040e-05
1.37350000e+02,0.00000000e+00,0.00000000e+00,0.00000000e+00,0.00000000e+00,0.00000000e+00,0.00000000e+00,0.00000000e+00,0.00000000e+00,0.00000000e+00,0.00000000e+00,0.00000000e+00,0.00000000e+00,0.00000000e+00,0.00000000e+00,0.00000000e+00,0.00000000e+00,0.00000000e+00,0.00000000e+00,0.00000000e+00,0.00000000e+00,0.00000000e+00,0.00000000e+00,0.00000000e+00,0.00000000e+00,6.42664314e-05
1.37450000e+02,0.00000000e+00,0.00000000e+00,0.00000000e+00,0.00000000e+00,0.00000000e+00,0.00000000e+00,0.00000000e+00,0.00000000e+00,0.00000000e+00,0.00000000e+00,0.00000000e+00,0.00000000e+00,0.00000000e+00,0.00000000e+00,0.00000000e+00,0.00000000e+00,0.00000000e+00,0.00000000e+00,0.00000000e+00,0.00000000e+00,0.00000000e+00,0.00000000e+00,0.00000000e+00,0.00000000e+00,6.71106494e-05
1.37550000e+02,0.00000000e+00,0.00000000e+00,0.00000000e+00,0.00000000e+00,0.00000000e+00,0.00000000e+00,0.00000000e+00,0.00000000e+00,0.00000000e+00,0.00000000e+00,0.00000000e+00,0.00000000e+00,0.00000000e+00,0.00000000e+00,0.00000000e+00,0.00000000e+00,0.00000000e+00,0.00000000e+00,0.00000000e+00,0.00000000e+00,0.00000000e+00,0.00000000e+00,0.00000000e+00,0.00000000e+00,6.44423908e-05
1.37650000e+02,0.00000000e+00,0.00000000e+00,0.00000000e+00,0.00000000e+00,0.00000000e+00,0.00000000e+00,0.00000000e+00,0.00000000e+00,0.00000000e+00,0.00000000e+00,0.00000000e+00,0.00000000e+00,0.00000000e+00,0.00000000e+00,0.00000000e+00,0.00000000e+00,0.00000000e+00,0.00000000e+00,0.00000000e+00,0.00000000e+00,0.00000000e+00,0.00000000e+00,0.00000000e+00,0.00000000e+00,6.20667731e-05
1.37750000e+02,0.00000000e+00,0.00000000e+00,0.00000000e+00,0.00000000e+00,0.00000000e+00,0.00000000e+00,0.00000000e+00,0.00000000e+00,0.00000000e+00,0.00000000e+00,0.00000000e+00,0.00000000e+00,0.00000000e+00,0.00000000e+00,0.00000000e+00,0.00000000e+00,0.00000000e+00,0.00000000e+00,0.00000000e+00,0.00000000e+00,0.00000000e+00,0.00000000e+00,0.00000000e+00,0.00000000e+00,6.24836730e-05
1.37850000e+02,0.00000000e+00,0.00000000e+00,0.00000000e+00,0.00000000e+00,0.00000000e+00,0.00000000e+00,0.00000000e+00,0.00000000e+00,0.00000000e+00,0.00000000e+00,0.00000000e+00,0.00000000e+00,0.00000000e+00,0.00000000e+00,0.00000000e+00,0.00000000e+00,0.00000000e+00,0.00000000e+00,0.00000000e+00,0.00000000e+00,0.00000000e+00,0.00000000e+00,0.00000000e+00,0.00000000e+00,6.51497624e-05
1.37950000e+02,0.00000000e+00,0.00000000e+00,0.00000000e+00,0.00000000e+00,0.00000000e+00,0.00000000e+00,0.00000000e+00,0.00000000e+00,0.00000000e+00,0.00000000e+00,0.00000000e+00,0.00000000e+00,0.00000000e+00,0.00000000e+00,0.00000000e+00,0.00000000e+00,0.00000000e+00,0.00000000e+00,0.00000000e+00,0.00000000e+00,0.00000000e+00,0.00000000e+00,0.00000000e+00,0.00000000e+00,6.32044147e-05
1.38050000e+02,0.00000000e+00,0.00000000e+00,0.00000000e+00,0.00000000e+00,0.00000000e+00,0.00000000e+00,0.00000000e+00,0.00000000e+00,0.00000000e+00,0.00000000e+00,0.00000000e+00,0.00000000e+00,0.00000000e+00,0.00000000e+00,0.00000000e+00,0.00000000e+00,0.00000000e+00,0.00000000e+00,0.00000000e+00,0.00000000e+00,0.00000000e+00,0.00000000e+00,0.00000000e+00,0.00000000e+00,6.36501764e-05
1.38150000e+02,0.00000000e+00,0.00000000e+00,0.00000000e+00,0.00000000e+00,0.00000000e+00,0.00000000e+00,0.00000000e+00,0.00000000e+00,0.00000000e+00,0.00000000e+00,0.00000000e+00,0.00000000e+00,0.00000000e+00,0.00000000e+00,0.00000000e+00,0.00000000e+00,0.00000000e+00,0.00000000e+00,0.00000000e+00,0.00000000e+00,0.00000000e+00,0.00000000e+00,0.00000000e+00,0.00000000e+00,6.20257278e-05
1.38250000e+02,0.00000000e+00,0.00000000e+00,0.00000000e+00,0.00000000e+00,0.00000000e+00,0.00000000e+00,0.00000000e+00,0.00000000e+00,0.00000000e+00,0.00000000e+00,0.00000000e+00,0.00000000e+00,0.00000000e+00,0.00000000e+00,0.00000000e+00,0.00000000e+00,0.00000000e+00,0.00000000e+00,0.00000000e+00,0.00000000e+00,0.00000000e+00,0.00000000e+00,0.00000000e+00,0.00000000e+00,5.86840622e-05
1.38350000e+02,0.00000000e+00,0.00000000e+00,0.00000000e+00,0.00000000e+00,0.00000000e+00,0.00000000e+00,0.00000000e+00,0.00000000e+00,0.00000000e+00,0.00000000e+00,0.00000000e+00,0.00000000e+00,0.00000000e+00,0.00000000e+00,0.00000000e+00,0.00000000e+00,0.00000000e+00,0.00000000e+00,0.00000000e+00,0.00000000e+00,0.00000000e+00,0.00000000e+00,0.00000000e+00,0.00000000e+00,5.92744143e-05
1.38450000e+02,0.00000000e+00,0.00000000e+00,0.00000000e+00,0.00000000e+00,0.00000000e+00,0.00000000e+00,0.00000000e+00,0.00000000e+00,0.00000000e+00,0.00000000e+00,0.00000000e+00,0.00000000e+00,0.00000000e+00,0.00000000e+00,0.00000000e+00,0.00000000e+00,0.00000000e+00,0.00000000e+00,0.00000000e+00,0.00000000e+00,0.00000000e+00,0.00000000e+00,0.00000000e+00,0.00000000e+00,6.19619686e-05
1.38550000e+02,0.00000000e+00,0.00000000e+00,0.00000000e+00,0.00000000e+00,0.00000000e+00,0.00000000e+00,0.00000000e+00,0.00000000e+00,0.00000000e+00,0.00000000e+00,0.00000000e+00,0.00000000e+00,0.00000000e+00,0.00000000e+00,0.00000000e+00,0.00000000e+00,0.00000000e+00,0.00000000e+00,0.00000000e+00,0.00000000e+00,0.00000000e+00,0.00000000e+00,0.00000000e+00,0.00000000e+00,5.89477173e-05
1.38650000e+02,0.00000000e+00,0.00000000e+00,0.00000000e+00,0.00000000e+00,0.00000000e+00,0.00000000e+00,0.00000000e+00,0.00000000e+00,0.00000000e+00,0.00000000e+00,0.00000000e+00,0.00000000e+00,0.00000000e+00,0.00000000e+00,0.00000000e+00,0.00000000e+00,0.00000000e+00,0.00000000e+00,0.00000000e+00,0.00000000e+00,0.00000000e+00,0.00000000e+00,0.00000000e+00,0.00000000e+00,5.97962763e-05
1.38750000e+02,0.00000000e+00,0.00000000e+00,0.00000000e+00,0.00000000e+00,0.00000000e+00,0.00000000e+00,0.00000000e+00,0.00000000e+00,0.00000000e+00,0.00000000e+00,0.00000000e+00,0.00000000e+00,0.00000000e+00,0.00000000e+00,0.00000000e+00,0.00000000e+00,0.00000000e+00,0.00000000e+00,0.00000000e+00,0.00000000e+00,0.00000000e+00,0.00000000e+00,0.00000000e+00,0.00000000e+00,5.55302548e-05
1.38850000e+02,0.00000000e+00,0.00000000e+00,0.00000000e+00,0.00000000e+00,0.00000000e+00,0.00000000e+00,0.00000000e+00,0.00000000e+00,0.00000000e+00,0.00000000e+00,0.00000000e+00,0.00000000e+00,0.00000000e+00,0.00000000e+00,0.00000000e+00,0.00000000e+00,0.00000000e+00,0.00000000e+00,0.00000000e+00,0.00000000e+00,0.00000000e+00,0.00000000e+00,0.00000000e+00,0.00000000e+00,5.58238160e-05
1.38950000e+02,0.00000000e+00,0.00000000e+00,0.00000000e+00,0.00000000e+00,0.00000000e+00,0.00000000e+00,0.00000000e+00,0.00000000e+00,0.00000000e+00,0.00000000e+00,0.00000000e+00,0.00000000e+00,0.00000000e+00,0.00000000e+00,0.00000000e+00,0.00000000e+00,0.00000000e+00,0.00000000e+00,0.00000000e+00,0.00000000e+00,0.00000000e+00,0.00000000e+00,0.00000000e+00,0.00000000e+00,5.70442551e-05
1.39050000e+02,0.00000000e+00,0.00000000e+00,0.00000000e+00,0.00000000e+00,0.00000000e+00,0.00000000e+00,0.00000000e+00,0.00000000e+00,0.00000000e+00,0.00000000e+00,0.00000000e+00,0.00000000e+00,0.00000000e+00,0.00000000e+00,0.00000000e+00,0.00000000e+00,0.00000000e+00,0.00000000e+00,0.00000000e+00,0.00000000e+00,0.00000000e+00,0.00000000e+00,0.00000000e+00,0.00000000e+00,5.90547460e-05
1.39150000e+02,0.00000000e+00,0.00000000e+00,0.00000000e+00,0.00000000e+00,0.00000000e+00,0.00000000e+00,0.00000000e+00,0.00000000e+00,0.00000000e+00,0.00000000e+00,0.00000000e+00,0.00000000e+00,0.00000000e+00,0.00000000e+00,0.00000000e+00,0.00000000e+00,0.00000000e+00,0.00000000e+00,0.00000000e+00,0.00000000e+00,0.00000000e+00,0.00000000e+00,0.00000000e+00,0.00000000e+00,5.78429773e-05
1.39250000e+02,0.00000000e+00,0.00000000e+00,0.00000000e+00,0.00000000e+00,0.00000000e+00,0.00000000e+00,0.00000000e+00,0.00000000e+00,0.00000000e+00,0.00000000e+00,0.00000000e+00,0.00000000e+00,0.00000000e+00,0.00000000e+00,0.00000000e+00,0.00000000e+00,0.00000000e+00,0.00000000e+00,0.00000000e+00,0.00000000e+00,0.00000000e+00,0.00000000e+00,0.00000000e+00,0.00000000e+00,5.64325567e-05
1.39350000e+02,0.00000000e+00,0.00000000e+00,0.00000000e+00,0.00000000e+00,0.00000000e+00,0.00000000e+00,0.00000000e+00,0.00000000e+00,0.00000000e+00,0.00000000e+00,0.00000000e+00,0.00000000e+00,0.00000000e+00,0.00000000e+00,0.00000000e+00,0.00000000e+00,0.00000000e+00,0.00000000e+00,0.00000000e+00,0.00000000e+00,0.00000000e+00,0.00000000e+00,0.00000000e+00,0.00000000e+00,5.63881969e-05
1.39450000e+02,0.00000000e+00,0.00000000e+00,0.00000000e+00,0.00000000e+00,0.00000000e+00,0.00000000e+00,0.00000000e+00,0.00000000e+00,0.00000000e+00,0.00000000e+00,0.00000000e+00,0.00000000e+00,0.00000000e+00,0.00000000e+00,0.00000000e+00,0.00000000e+00,0.00000000e+00,0.00000000e+00,0.00000000e+00,0.00000000e+00,0.00000000e+00,0.00000000e+00,0.00000000e+00,0.00000000e+00,5.58580205e-05
1.39550000e+02,0.00000000e+00,0.00000000e+00,0.00000000e+00,0.00000000e+00,0.00000000e+00,0.00000000e+00,0.00000000e+00,0.00000000e+00,0.00000000e+00,0.00000000e+00,0.00000000e+00,0.00000000e+00,0.00000000e+00,0.00000000e+00,0.00000000e+00,0.00000000e+00,0.00000000e+00,0.00000000e+00,0.00000000e+00,0.00000000e+00,0.00000000e+00,0.00000000e+00,0.00000000e+00,0.00000000e+00,5.38780565e-05
1.39650000e+02,0.00000000e+00,0.00000000e+00,0.00000000e+00,0.00000000e+00,0.00000000e+00,0.00000000e+00,0.00000000e+00,0.00000000e+00,0.00000000e+00,0.00000000e+00,0.00000000e+00,0.00000000e+00,0.00000000e+00,0.00000000e+00,0.00000000e+00,0.00000000e+00,0.00000000e+00,0.00000000e+00,0.00000000e+00,0.00000000e+00,0.00000000e+00,0.00000000e+00,0.00000000e+00,0.00000000e+00,5.77329291e-05
1.39750000e+02,0.00000000e+00,0.00000000e+00,0.00000000e+00,0.00000000e+00,0.00000000e+00,0.00000000e+00,0.00000000e+00,0.00000000e+00,0.00000000e+00,0.00000000e+00,0.00000000e+00,0.00000000e+00,0.00000000e+00,0.00000000e+00,0.00000000e+00,0.00000000e+00,0.00000000e+00,0.00000000e+00,0.00000000e+00,0.00000000e+00,0.00000000e+00,0.00000000e+00,0.00000000e+00,0.00000000e+00,5.79147244e-05
1.39850000e+02,0.00000000e+00,0.00000000e+00,0.00000000e+00,0.00000000e+00,0.00000000e+00,0.00000000e+00,0.00000000e+00,0.00000000e+00,0.00000000e+00,0.00000000e+00,0.00000000e+00,0.00000000e+00,0.00000000e+00,0.00000000e+00,0.00000000e+00,0.00000000e+00,0.00000000e+00,0.00000000e+00,0.00000000e+00,0.00000000e+00,0.00000000e+00,0.00000000e+00,0.00000000e+00,0.00000000e+00,5.60841629e-05
1.39950000e+02,0.00000000e+00,0.00000000e+00,0.00000000e+00,0.00000000e+00,0.00000000e+00,0.00000000e+00,0.00000000e+00,0.00000000e+00,0.00000000e+00,0.00000000e+00,0.00000000e+00,0.00000000e+00,0.00000000e+00,0.00000000e+00,0.00000000e+00,0.00000000e+00,0.00000000e+00,0.00000000e+00,0.00000000e+00,0.00000000e+00,0.00000000e+00,0.00000000e+00,0.00000000e+00,0.00000000e+00,5.77870795e-05
1.40050000e+02,0.00000000e+00,0.00000000e+00,0.00000000e+00,0.00000000e+00,0.00000000e+00,0.00000000e+00,0.00000000e+00,0.00000000e+00,0.00000000e+00,0.00000000e+00,0.00000000e+00,0.00000000e+00,0.00000000e+00,0.00000000e+00,0.00000000e+00,0.00000000e+00,0.00000000e+00,0.00000000e+00,0.00000000e+00,0.00000000e+00,0.00000000e+00,0.00000000e+00,0.00000000e+00,0.00000000e+00,5.67939647e-05
1.40150000e+02,0.00000000e+00,0.00000000e+00,0.00000000e+00,0.00000000e+00,0.00000000e+00,0.00000000e+00,0.00000000e+00,0.00000000e+00,0.00000000e+00,0.00000000e+00,0.00000000e+00,0.00000000e+00,0.00000000e+00,0.00000000e+00,0.00000000e+00,0.00000000e+00,0.00000000e+00,0.00000000e+00,0.00000000e+00,0.00000000e+00,0.00000000e+00,0.00000000e+00,0.00000000e+00,0.00000000e+00,5.42778156e-05
1.40250000e+02,0.00000000e+00,0.00000000e+00,0.00000000e+00,0.00000000e+00,0.00000000e+00,0.00000000e+00,0.00000000e+00,0.00000000e+00,0.00000000e+00,0.00000000e+00,0.00000000e+00,0.00000000e+00,0.00000000e+00,0.00000000e+00,0.00000000e+00,0.00000000e+00,0.00000000e+00,0.00000000e+00,0.00000000e+00,0.00000000e+00,0.00000000e+00,0.00000000e+00,0.00000000e+00,0.00000000e+00,5.28088973e-05
1.40350000e+02,0.00000000e+00,0.00000000e+00,0.00000000e+00,0.00000000e+00,0.00000000e+00,0.00000000e+00,0.00000000e+00,0.00000000e+00,0.00000000e+00,0.00000000e+00,0.00000000e+00,0.00000000e+00,0.00000000e+00,0.00000000e+00,0.00000000e+00,0.00000000e+00,0.00000000e+00,0.00000000e+00,0.00000000e+00,0.00000000e+00,0.00000000e+00,0.00000000e+00,0.00000000e+00,0.00000000e+00,5.36589450e-05
1.40450000e+02,0.00000000e+00,0.00000000e+00,0.00000000e+00,0.00000000e+00,0.00000000e+00,0.00000000e+00,0.00000000e+00,0.00000000e+00,0.00000000e+00,0.00000000e+00,0.00000000e+00,0.00000000e+00,0.00000000e+00,0.00000000e+00,0.00000000e+00,0.00000000e+00,0.00000000e+00,0.00000000e+00,0.00000000e+00,0.00000000e+00,0.00000000e+00,0.00000000e+00,0.00000000e+00,0.00000000e+00,5.30982875e-05
1.40550000e+02,0.00000000e+00,0.00000000e+00,0.00000000e+00,0.00000000e+00,0.00000000e+00,0.00000000e+00,0.00000000e+00,0.00000000e+00,0.00000000e+00,0.00000000e+00,0.00000000e+00,0.00000000e+00,0.00000000e+00,0.00000000e+00,0.00000000e+00,0.00000000e+00,0.00000000e+00,0.00000000e+00,0.00000000e+00,0.00000000e+00,0.00000000e+00,0.00000000e+00,0.00000000e+00,0.00000000e+00,5.18835213e-05
1.40650000e+02,0.00000000e+00,0.00000000e+00,0.00000000e+00,0.00000000e+00,0.00000000e+00,0.00000000e+00,0.00000000e+00,0.00000000e+00,0.00000000e+00,0.00000000e+00,0.00000000e+00,0.00000000e+00,0.00000000e+00,0.00000000e+00,0.00000000e+00,0.00000000e+00,0.00000000e+00,0.00000000e+00,0.00000000e+00,0.00000000e+00,0.00000000e+00,0.00000000e+00,0.00000000e+00,0.00000000e+00,5.13948916e-05
1.40750000e+02,0.00000000e+00,0.00000000e+00,0.00000000e+00,0.00000000e+00,0.00000000e+00,0.00000000e+00,0.00000000e+00,0.00000000e+00,0.00000000e+00,0.00000000e+00,0.00000000e+00,0.00000000e+00,0.00000000e+00,0.00000000e+00,0.00000000e+00,0.00000000e+00,0.00000000e+00,0.00000000e+00,0.00000000e+00,0.00000000e+00,0.00000000e+00,0.00000000e+00,0.00000000e+00,0.00000000e+00,5.04910765e-05
1.40850000e+02,0.00000000e+00,0.00000000e+00,0.00000000e+00,0.00000000e+00,0.00000000e+00,0.00000000e+00,0.00000000e+00,0.00000000e+00,0.00000000e+00,0.00000000e+00,0.00000000e+00,0.00000000e+00,0.00000000e+00,0.00000000e+00,0.00000000e+00,0.00000000e+00,0.00000000e+00,0.00000000e+00,0.00000000e+00,0.00000000e+00,0.00000000e+00,0.00000000e+00,0.00000000e+00,0.00000000e+00,5.22441435e-05
1.40950000e+02,0.00000000e+00,0.00000000e+00,0.00000000e+00,0.00000000e+00,0.00000000e+00,0.00000000e+00,0.00000000e+00,0.00000000e+00,0.00000000e+00,0.00000000e+00,0.00000000e+00,0.00000000e+00,0.00000000e+00,0.00000000e+00,0.00000000e+00,0.00000000e+00,0.00000000e+00,0.00000000e+00,0.00000000e+00,0.00000000e+00,0.00000000e+00,0.00000000e+00,0.00000000e+00,0.00000000e+00,4.70453126e-05
1.41050000e+02,0.00000000e+00,0.00000000e+00,0.00000000e+00,0.00000000e+00,0.00000000e+00,0.00000000e+00,0.00000000e+00,0.00000000e+00,0.00000000e+00,0.00000000e+00,0.00000000e+00,0.00000000e+00,0.00000000e+00,0.00000000e+00,0.00000000e+00,0.00000000e+00,0.00000000e+00,0.00000000e+00,0.00000000e+00,0.00000000e+00,0.00000000e+00,0.00000000e+00,0.00000000e+00,0.00000000e+00,4.74378569e-05
1.41150000e+02,0.00000000e+00,0.00000000e+00,0.00000000e+00,0.00000000e+00,0.00000000e+00,0.00000000e+00,0.00000000e+00,0.00000000e+00,0.00000000e+00,0.00000000e+00,0.00000000e+00,0.00000000e+00,0.00000000e+00,0.00000000e+00,0.00000000e+00,0.00000000e+00,0.00000000e+00,0.00000000e+00,0.00000000e+00,0.00000000e+00,0.00000000e+00,0.00000000e+00,0.00000000e+00,0.00000000e+00,4.79931425e-05
1.41250000e+02,0.00000000e+00,0.00000000e+00,0.00000000e+00,0.00000000e+00,0.00000000e+00,0.00000000e+00,0.00000000e+00,0.00000000e+00,0.00000000e+00,0.00000000e+00,0.00000000e+00,0.00000000e+00,0.00000000e+00,0.00000000e+00,0.00000000e+00,0.00000000e+00,0.00000000e+00,0.00000000e+00,0.00000000e+00,0.00000000e+00,0.00000000e+00,0.00000000e+00,0.00000000e+00,0.00000000e+00,4.79325328e-05
1.41350000e+02,0.00000000e+00,0.00000000e+00,0.00000000e+00,0.00000000e+00,0.00000000e+00,0.00000000e+00,0.00000000e+00,0.00000000e+00,0.00000000e+00,0.00000000e+00,0.00000000e+00,0.00000000e+00,0.00000000e+00,0.00000000e+00,0.00000000e+00,0.00000000e+00,0.00000000e+00,0.00000000e+00,0.00000000e+00,0.00000000e+00,0.00000000e+00,0.00000000e+00,0.00000000e+00,0.00000000e+00,4.88641484e-05
1.41450000e+02,0.00000000e+00,0.00000000e+00,0.00000000e+00,0.00000000e+00,0.00000000e+00,0.00000000e+00,0.00000000e+00,0.00000000e+00,0.00000000e+00,0.00000000e+00,0.00000000e+00,0.00000000e+00,0.00000000e+00,0.00000000e+00,0.00000000e+00,0.00000000e+00,0.00000000e+00,0.00000000e+00,0.00000000e+00,0.00000000e+00,0.00000000e+00,0.00000000e+00,0.00000000e+00,0.00000000e+00,4.82612292e-05
1.41550000e+02,0.00000000e+00,0.00000000e+00,0.00000000e+00,0.00000000e+00,0.00000000e+00,0.00000000e+00,0.00000000e+00,0.00000000e+00,0.00000000e+00,0.00000000e+00,0.00000000e+00,0.00000000e+00,0.00000000e+00,0.00000000e+00,0.00000000e+00,0.00000000e+00,0.00000000e+00,0.00000000e+00,0.00000000e+00,0.00000000e+00,0.00000000e+00,0.00000000e+00,0.00000000e+00,0.00000000e+00,4.78181182e-05
1.41650000e+02,0.00000000e+00,0.00000000e+00,0.00000000e+00,0.00000000e+00,0.00000000e+00,0.00000000e+00,0.00000000e+00,0.00000000e+00,0.00000000e+00,0.00000000e+00,0.00000000e+00,0.00000000e+00,0.00000000e+00,0.00000000e+00,0.00000000e+00,0.00000000e+00,0.00000000e+00,0.00000000e+00,0.00000000e+00,0.00000000e+00,0.00000000e+00,0.00000000e+00,0.00000000e+00,0.00000000e+00,4.65501363e-05
1.41750000e+02,0.00000000e+00,0.00000000e+00,0.00000000e+00,0.00000000e+00,0.00000000e+00,0.00000000e+00,0.00000000e+00,0.00000000e+00,0.00000000e+00,0.00000000e+00,0.00000000e+00,0.00000000e+00,0.00000000e+00,0.00000000e+00,0.00000000e+00,0.00000000e+00,0.00000000e+00,0.00000000e+00,0.00000000e+00,0.00000000e+00,0.00000000e+00,0.00000000e+00,0.00000000e+00,0.00000000e+00,4.58618156e-05
1.41850000e+02,0.00000000e+00,0.00000000e+00,0.00000000e+00,0.00000000e+00,0.00000000e+00,0.00000000e+00,0.00000000e+00,0.00000000e+00,0.00000000e+00,0.00000000e+00,0.00000000e+00,0.00000000e+00,0.00000000e+00,0.00000000e+00,0.00000000e+00,0.00000000e+00,0.00000000e+00,0.00000000e+00,0.00000000e+00,0.00000000e+00,0.00000000e+00,0.00000000e+00,0.00000000e+00,0.00000000e+00,4.53662832e-05
1.41950000e+02,0.00000000e+00,0.00000000e+00,0.00000000e+00,0.00000000e+00,0.00000000e+00,0.00000000e+00,0.00000000e+00,0.00000000e+00,0.00000000e+00,0.00000000e+00,0.00000000e+00,0.00000000e+00,0.00000000e+00,0.00000000e+00,0.00000000e+00,0.00000000e+00,0.00000000e+00,0.00000000e+00,0.00000000e+00,0.00000000e+00,0.00000000e+00,0.00000000e+00,0.00000000e+00,0.00000000e+00,4.61670522e-05
1.42050000e+02,0.00000000e+00,0.00000000e+00,0.00000000e+00,0.00000000e+00,0.00000000e+00,0.00000000e+00,0.00000000e+00,0.00000000e+00,0.00000000e+00,0.00000000e+00,0.00000000e+00,0.00000000e+00,0.00000000e+00,0.00000000e+00,0.00000000e+00,0.00000000e+00,0.00000000e+00,0.00000000e+00,0.00000000e+00,0.00000000e+00,0.00000000e+00,0.00000000e+00,0.00000000e+00,0.00000000e+00,4.58615163e-05
1.42150000e+02,0.00000000e+00,0.00000000e+00,0.00000000e+00,0.00000000e+00,0.00000000e+00,0.00000000e+00,0.00000000e+00,0.00000000e+00,0.00000000e+00,0.00000000e+00,0.00000000e+00,0.00000000e+00,0.00000000e+00,0.00000000e+00,0.00000000e+00,0.00000000e+00,0.00000000e+00,0.00000000e+00,0.00000000e+00,0.00000000e+00,0.00000000e+00,0.00000000e+00,0.00000000e+00,0.00000000e+00,4.56881524e-05
1.42250000e+02,0.00000000e+00,0.00000000e+00,0.00000000e+00,0.00000000e+00,0.00000000e+00,0.00000000e+00,0.00000000e+00,0.00000000e+00,0.00000000e+00,0.00000000e+00,0.00000000e+00,0.00000000e+00,0.00000000e+00,0.00000000e+00,0.00000000e+00,0.00000000e+00,0.00000000e+00,0.00000000e+00,0.00000000e+00,0.00000000e+00,0.00000000e+00,0.00000000e+00,0.00000000e+00,0.00000000e+00,4.52898677e-05
1.42350000e+02,0.00000000e+00,0.00000000e+00,0.00000000e+00,0.00000000e+00,0.00000000e+00,0.00000000e+00,0.00000000e+00,0.00000000e+00,0.00000000e+00,0.00000000e+00,0.00000000e+00,0.00000000e+00,0.00000000e+00,0.00000000e+00,0.00000000e+00,0.00000000e+00,0.00000000e+00,0.00000000e+00,0.00000000e+00,0.00000000e+00,0.00000000e+00,0.00000000e+00,0.00000000e+00,0.00000000e+00,4.45911284e-05
1.42450000e+02,0.00000000e+00,0.00000000e+00,0.00000000e+00,0.00000000e+00,0.00000000e+00,0.00000000e+00,0.00000000e+00,0.00000000e+00,0.00000000e+00,0.00000000e+00,0.00000000e+00,0.00000000e+00,0.00000000e+00,0.00000000e+00,0.00000000e+00,0.00000000e+00,0.00000000e+00,0.00000000e+00,0.00000000e+00,0.00000000e+00,0.00000000e+00,0.00000000e+00,0.00000000e+00,0.00000000e+00,4.16875052e-05
1.42550000e+02,0.00000000e+00,0.00000000e+00,0.00000000e+00,0.00000000e+00,0.00000000e+00,0.00000000e+00,0.00000000e+00,0.00000000e+00,0.00000000e+00,0.00000000e+00,0.00000000e+00,0.00000000e+00,0.00000000e+00,0.00000000e+00,0.00000000e+00,0.00000000e+00,0.00000000e+00,0.00000000e+00,0.00000000e+00,0.00000000e+00,0.00000000e+00,0.00000000e+00,0.00000000e+00,0.00000000e+00,4.26003366e-05
1.42650000e+02,0.00000000e+00,0.00000000e+00,0.00000000e+00,0.00000000e+00,0.00000000e+00,0.00000000e+00,0.00000000e+00,0.00000000e+00,0.00000000e+00,0.00000000e+00,0.00000000e+00,0.00000000e+00,0.00000000e+00,0.00000000e+00,0.00000000e+00,0.00000000e+00,0.00000000e+00,0.00000000e+00,0.00000000e+00,0.00000000e+00,0.00000000e+00,0.00000000e+00,0.00000000e+00,0.00000000e+00,4.37098730e-05
1.42750000e+02,0.00000000e+00,0.00000000e+00,0.00000000e+00,0.00000000e+00,0.00000000e+00,0.00000000e+00,0.00000000e+00,0.00000000e+00,0.00000000e+00,0.00000000e+00,0.00000000e+00,0.00000000e+00,0.00000000e+00,0.00000000e+00,0.00000000e+00,0.00000000e+00,0.00000000e+00,0.00000000e+00,0.00000000e+00,0.00000000e+00,0.00000000e+00,0.00000000e+00,0.00000000e+00,0.00000000e+00,4.08023271e-05
1.42850000e+02,0.00000000e+00,0.00000000e+00,0.00000000e+00,0.00000000e+00,0.00000000e+00,0.00000000e+00,0.00000000e+00,0.00000000e+00,0.00000000e+00,0.00000000e+00,0.00000000e+00,0.00000000e+00,0.00000000e+00,0.00000000e+00,0.00000000e+00,0.00000000e+00,0.00000000e+00,0.00000000e+00,0.00000000e+00,0.00000000e+00,0.00000000e+00,0.00000000e+00,0.00000000e+00,0.00000000e+00,3.93485414e-05
1.42950000e+02,0.00000000e+00,0.00000000e+00,0.00000000e+00,0.00000000e+00,0.00000000e+00,0.00000000e+00,0.00000000e+00,0.00000000e+00,0.00000000e+00,0.00000000e+00,0.00000000e+00,0.00000000e+00,0.00000000e+00,0.00000000e+00,0.00000000e+00,0.00000000e+00,0.00000000e+00,0.00000000e+00,0.00000000e+00,0.00000000e+00,0.00000000e+00,0.00000000e+00,0.00000000e+00,0.00000000e+00,3.87919225e-05
1.43050000e+02,0.00000000e+00,0.00000000e+00,0.00000000e+00,0.00000000e+00,0.00000000e+00,0.00000000e+00,0.00000000e+00,0.00000000e+00,0.00000000e+00,0.00000000e+00,0.00000000e+00,0.00000000e+00,0.00000000e+00,0.00000000e+00,0.00000000e+00,0.00000000e+00,0.00000000e+00,0.00000000e+00,0.00000000e+00,0.00000000e+00,0.00000000e+00,0.00000000e+00,0.00000000e+00,0.00000000e+00,3.61114580e-05
1.43150000e+02,0.00000000e+00,0.00000000e+00,0.00000000e+00,0.00000000e+00,0.00000000e+00,0.00000000e+00,0.00000000e+00,0.00000000e+00,0.00000000e+00,0.00000000e+00,0.00000000e+00,0.00000000e+00,0.00000000e+00,0.00000000e+00,0.00000000e+00,0.00000000e+00,0.00000000e+00,0.00000000e+00,0.00000000e+00,0.00000000e+00,0.00000000e+00,0.00000000e+00,0.00000000e+00,0.00000000e+00,3.40470141e-05
1.43250000e+02,0.00000000e+00,0.00000000e+00,0.00000000e+00,0.00000000e+00,0.00000000e+00,0.00000000e+00,0.00000000e+00,0.00000000e+00,0.00000000e+00,0.00000000e+00,0.00000000e+00,0.00000000e+00,0.00000000e+00,0.00000000e+00,0.00000000e+00,0.00000000e+00,0.00000000e+00,0.00000000e+00,0.00000000e+00,0.00000000e+00,0.00000000e+00,0.00000000e+00,0.00000000e+00,0.00000000e+00,3.44186024e-05
1.43350000e+02,0.00000000e+00,0.00000000e+00,0.00000000e+00,0.00000000e+00,0.00000000e+00,0.00000000e+00,0.00000000e+00,0.00000000e+00,0.00000000e+00,0.00000000e+00,0.00000000e+00,0.00000000e+00,0.00000000e+00,0.00000000e+00,0.00000000e+00,0.00000000e+00,0.00000000e+00,0.00000000e+00,0.00000000e+00,0.00000000e+00,0.00000000e+00,0.00000000e+00,0.00000000e+00,0.00000000e+00,3.52794147e-05
1.43450000e+02,0.00000000e+00,0.00000000e+00,0.00000000e+00,0.00000000e+00,0.00000000e+00,0.00000000e+00,0.00000000e+00,0.00000000e+00,0.00000000e+00,0.00000000e+00,0.00000000e+00,0.00000000e+00,0.00000000e+00,0.00000000e+00,0.00000000e+00,0.00000000e+00,0.00000000e+00,0.00000000e+00,0.00000000e+00,0.00000000e+00,0.00000000e+00,0.00000000e+00,0.00000000e+00,0.00000000e+00,3.43568935e-05
1.43550000e+02,0.00000000e+00,0.00000000e+00,0.00000000e+00,0.00000000e+00,0.00000000e+00,0.00000000e+00,0.00000000e+00,0.00000000e+00,0.00000000e+00,0.00000000e+00,0.00000000e+00,0.00000000e+00,0.00000000e+00,0.00000000e+00,0.00000000e+00,0.00000000e+00,0.00000000e+00,0.00000000e+00,0.00000000e+00,0.00000000e+00,0.00000000e+00,0.00000000e+00,0.00000000e+00,0.00000000e+00,3.24472169e-05
1.43650000e+02,0.00000000e+00,0.00000000e+00,0.00000000e+00,0.00000000e+00,0.00000000e+00,0.00000000e+00,0.00000000e+00,0.00000000e+00,0.00000000e+00,0.00000000e+00,0.00000000e+00,0.00000000e+00,0.00000000e+00,0.00000000e+00,0.00000000e+00,0.00000000e+00,0.00000000e+00,0.00000000e+00,0.00000000e+00,0.00000000e+00,0.00000000e+00,0.00000000e+00,0.00000000e+00,0.00000000e+00,3.12583661e-05
1.43750000e+02,0.00000000e+00,0.00000000e+00,0.00000000e+00,0.00000000e+00,0.00000000e+00,0.00000000e+00,0.00000000e+00,0.00000000e+00,0.00000000e+00,0.00000000e+00,0.00000000e+00,0.00000000e+00,0.00000000e+00,0.00000000e+00,0.00000000e+00,0.00000000e+00,0.00000000e+00,0.00000000e+00,0.00000000e+00,0.00000000e+00,0.00000000e+00,0.00000000e+00,0.00000000e+00,0.00000000e+00,3.01825124e-05
1.43850000e+02,0.00000000e+00,0.00000000e+00,0.00000000e+00,0.00000000e+00,0.00000000e+00,0.00000000e+00,0.00000000e+00,0.00000000e+00,0.00000000e+00,0.00000000e+00,0.00000000e+00,0.00000000e+00,0.00000000e+00,0.00000000e+00,0.00000000e+00,0.00000000e+00,0.00000000e+00,0.00000000e+00,0.00000000e+00,0.00000000e+00,0.00000000e+00,0.00000000e+00,0.00000000e+00,0.00000000e+00,3.25481832e-05
1.43950000e+02,0.00000000e+00,0.00000000e+00,0.00000000e+00,0.00000000e+00,0.00000000e+00,0.00000000e+00,0.00000000e+00,0.00000000e+00,0.00000000e+00,0.00000000e+00,0.00000000e+00,0.00000000e+00,0.00000000e+00,0.00000000e+00,0.00000000e+00,0.00000000e+00,0.00000000e+00,0.00000000e+00,0.00000000e+00,0.00000000e+00,0.00000000e+00,0.00000000e+00,0.00000000e+00,0.00000000e+00,3.07564009e-05
1.44050000e+02,0.00000000e+00,0.00000000e+00,0.00000000e+00,0.00000000e+00,0.00000000e+00,0.00000000e+00,0.00000000e+00,0.00000000e+00,0.00000000e+00,0.00000000e+00,0.00000000e+00,0.00000000e+00,0.00000000e+00,0.00000000e+00,0.00000000e+00,0.00000000e+00,0.00000000e+00,0.00000000e+00,0.00000000e+00,0.00000000e+00,0.00000000e+00,0.00000000e+00,0.00000000e+00,0.00000000e+00,3.00188093e-05
1.44150000e+02,0.00000000e+00,0.00000000e+00,0.00000000e+00,0.00000000e+00,0.00000000e+00,0.00000000e+00,0.00000000e+00,0.00000000e+00,0.00000000e+00,0.00000000e+00,0.00000000e+00,0.00000000e+00,0.00000000e+00,0.00000000e+00,0.00000000e+00,0.00000000e+00,0.00000000e+00,0.00000000e+00,0.00000000e+00,0.00000000e+00,0.00000000e+00,0.00000000e+00,0.00000000e+00,0.00000000e+00,3.15246290e-05
1.44250000e+02,0.00000000e+00,0.00000000e+00,0.00000000e+00,0.00000000e+00,0.00000000e+00,0.00000000e+00,0.00000000e+00,0.00000000e+00,0.00000000e+00,0.00000000e+00,0.00000000e+00,0.00000000e+00,0.00000000e+00,0.00000000e+00,0.00000000e+00,0.00000000e+00,0.00000000e+00,0.00000000e+00,0.00000000e+00,0.00000000e+00,0.00000000e+00,0.00000000e+00,0.00000000e+00,0.00000000e+00,3.13658139e-05
1.44350000e+02,0.00000000e+00,0.00000000e+00,0.00000000e+00,0.00000000e+00,0.00000000e+00,0.00000000e+00,0.00000000e+00,0.00000000e+00,0.00000000e+00,0.00000000e+00,0.00000000e+00,0.00000000e+00,0.00000000e+00,0.00000000e+00,0.00000000e+00,0.00000000e+00,0.00000000e+00,0.00000000e+00,0.00000000e+00,0.00000000e+00,0.00000000e+00,0.00000000e+00,0.00000000e+00,0.00000000e+00,3.08940620e-05
1.44450000e+02,0.00000000e+00,0.00000000e+00,0.00000000e+00,0.00000000e+00,0.00000000e+00,0.00000000e+00,0.00000000e+00,0.00000000e+00,0.00000000e+00,0.00000000e+00,0.00000000e+00,0.00000000e+00,0.00000000e+00,0.00000000e+00,0.00000000e+00,0.00000000e+00,0.00000000e+00,0.00000000e+00,0.00000000e+00,0.00000000e+00,0.00000000e+00,0.00000000e+00,0.00000000e+00,0.00000000e+00,2.98605992e-05
1.44550000e+02,0.00000000e+00,0.00000000e+00,0.00000000e+00,0.00000000e+00,0.00000000e+00,0.00000000e+00,0.00000000e+00,0.00000000e+00,0.00000000e+00,0.00000000e+00,0.00000000e+00,0.00000000e+00,0.00000000e+00,0.00000000e+00,0.00000000e+00,0.00000000e+00,0.00000000e+00,0.00000000e+00,0.00000000e+00,0.00000000e+00,0.00000000e+00,0.00000000e+00,0.00000000e+00,0.00000000e+00,2.86829946e-05
1.44650000e+02,0.00000000e+00,0.00000000e+00,0.00000000e+00,0.00000000e+00,0.00000000e+00,0.00000000e+00,0.00000000e+00,0.00000000e+00,0.00000000e+00,0.00000000e+00,0.00000000e+00,0.00000000e+00,0.00000000e+00,0.00000000e+00,0.00000000e+00,0.00000000e+00,0.00000000e+00,0.00000000e+00,0.00000000e+00,0.00000000e+00,0.00000000e+00,0.00000000e+00,0.00000000e+00,0.00000000e+00,2.93472352e-05
1.44750000e+02,0.00000000e+00,0.00000000e+00,0.00000000e+00,0.00000000e+00,0.00000000e+00,0.00000000e+00,0.00000000e+00,0.00000000e+00,0.00000000e+00,0.00000000e+00,0.00000000e+00,0.00000000e+00,0.00000000e+00,0.00000000e+00,0.00000000e+00,0.00000000e+00,0.00000000e+00,0.00000000e+00,0.00000000e+00,0.00000000e+00,0.00000000e+00,0.00000000e+00,0.00000000e+00,0.00000000e+00,2.78929222e-05
1.44850000e+02,0.00000000e+00,0.00000000e+00,0.00000000e+00,0.00000000e+00,0.00000000e+00,0.00000000e+00,0.00000000e+00,0.00000000e+00,0.00000000e+00,0.00000000e+00,0.00000000e+00,0.00000000e+00,0.00000000e+00,0.00000000e+00,0.00000000e+00,0.00000000e+00,0.00000000e+00,0.00000000e+00,0.00000000e+00,0.00000000e+00,0.00000000e+00,0.00000000e+00,0.00000000e+00,0.00000000e+00,2.80600897e-05
1.44950000e+02,0.00000000e+00,0.00000000e+00,0.00000000e+00,0.00000000e+00,0.00000000e+00,0.00000000e+00,0.00000000e+00,0.00000000e+00,0.00000000e+00,0.00000000e+00,0.00000000e+00,0.00000000e+00,0.00000000e+00,0.00000000e+00,0.00000000e+00,0.00000000e+00,0.00000000e+00,0.00000000e+00,0.00000000e+00,0.00000000e+00,0.00000000e+00,0.00000000e+00,0.00000000e+00,0.00000000e+00,2.68856262e-05
1.45050000e+02,0.00000000e+00,0.00000000e+00,0.00000000e+00,0.00000000e+00,0.00000000e+00,0.00000000e+00,0.00000000e+00,0.00000000e+00,0.00000000e+00,0.00000000e+00,0.00000000e+00,0.00000000e+00,0.00000000e+00,0.00000000e+00,0.00000000e+00,0.00000000e+00,0.00000000e+00,0.00000000e+00,0.00000000e+00,0.00000000e+00,0.00000000e+00,0.00000000e+00,0.00000000e+00,0.00000000e+00,2.55904934e-05
1.45150000e+02,0.00000000e+00,0.00000000e+00,0.00000000e+00,0.00000000e+00,0.00000000e+00,0.00000000e+00,0.00000000e+00,0.00000000e+00,0.00000000e+00,0.00000000e+00,0.00000000e+00,0.00000000e+00,0.00000000e+00,0.00000000e+00,0.00000000e+00,0.00000000e+00,0.00000000e+00,0.00000000e+00,0.00000000e+00,0.00000000e+00,0.00000000e+00,0.00000000e+00,0.00000000e+00,0.00000000e+00,2.79027953e-05
1.45250000e+02,0.00000000e+00,0.00000000e+00,0.00000000e+00,0.00000000e+00,0.00000000e+00,0.00000000e+00,0.00000000e+00,0.00000000e+00,0.00000000e+00,0.00000000e+00,0.00000000e+00,0.00000000e+00,0.00000000e+00,0.00000000e+00,0.00000000e+00,0.00000000e+00,0.00000000e+00,0.00000000e+00,0.00000000e+00,0.00000000e+00,0.00000000e+00,0.00000000e+00,0.00000000e+00,0.00000000e+00,2.87247122e-05
1.45350000e+02,0.00000000e+00,0.00000000e+00,0.00000000e+00,0.00000000e+00,0.00000000e+00,0.00000000e+00,0.00000000e+00,0.00000000e+00,0.00000000e+00,0.00000000e+00,0.00000000e+00,0.00000000e+00,0.00000000e+00,0.00000000e+00,0.00000000e+00,0.00000000e+00,0.00000000e+00,0.00000000e+00,0.00000000e+00,0.00000000e+00,0.00000000e+00,0.00000000e+00,0.00000000e+00,0.00000000e+00,2.79740793e-05
1.45450000e+02,0.00000000e+00,0.00000000e+00,0.00000000e+00,0.00000000e+00,0.00000000e+00,0.00000000e+00,0.00000000e+00,0.00000000e+00,0.00000000e+00,0.00000000e+00,0.00000000e+00,0.00000000e+00,0.00000000e+00,0.00000000e+00,0.00000000e+00,0.00000000e+00,0.00000000e+00,0.00000000e+00,0.00000000e+00,0.00000000e+00,0.00000000e+00,0.00000000e+00,0.00000000e+00,0.00000000e+00,2.54196039e-05
1.45550000e+02,0.00000000e+00,0.00000000e+00,0.00000000e+00,0.00000000e+00,0.00000000e+00,0.00000000e+00,0.00000000e+00,0.00000000e+00,0.00000000e+00,0.00000000e+00,0.00000000e+00,0.00000000e+00,0.00000000e+00,0.00000000e+00,0.00000000e+00,0.00000000e+00,0.00000000e+00,0.00000000e+00,0.00000000e+00,0.00000000e+00,0.00000000e+00,0.00000000e+00,0.00000000e+00,0.00000000e+00,2.47670790e-05
1.45650000e+02,0.00000000e+00,0.00000000e+00,0.00000000e+00,0.00000000e+00,0.00000000e+00,0.00000000e+00,0.00000000e+00,0.00000000e+00,0.00000000e+00,0.00000000e+00,0.00000000e+00,0.00000000e+00,0.00000000e+00,0.00000000e+00,0.00000000e+00,0.00000000e+00,0.00000000e+00,0.00000000e+00,0.00000000e+00,0.00000000e+00,0.00000000e+00,0.00000000e+00,0.00000000e+00,0.00000000e+00,2.89782982e-05
1.45750000e+02,0.00000000e+00,0.00000000e+00,0.00000000e+00,0.00000000e+00,0.00000000e+00,0.00000000e+00,0.00000000e+00,0.00000000e+00,0.00000000e+00,0.00000000e+00,0.00000000e+00,0.00000000e+00,0.00000000e+00,0.00000000e+00,0.00000000e+00,0.00000000e+00,0.00000000e+00,0.00000000e+00,0.00000000e+00,0.00000000e+00,0.00000000e+00,0.00000000e+00,0.00000000e+00,0.00000000e+00,3.40493026e-05
1.45850000e+02,0.00000000e+00,0.00000000e+00,0.00000000e+00,0.00000000e+00,0.00000000e+00,0.00000000e+00,0.00000000e+00,0.00000000e+00,0.00000000e+00,0.00000000e+00,0.00000000e+00,0.00000000e+00,0.00000000e+00,0.00000000e+00,0.00000000e+00,0.00000000e+00,0.00000000e+00,0.00000000e+00,0.00000000e+00,0.00000000e+00,0.00000000e+00,0.00000000e+00,0.00000000e+00,0.00000000e+00,2.58973898e-05
1.45950000e+02,0.00000000e+00,0.00000000e+00,0.00000000e+00,0.00000000e+00,0.00000000e+00,0.00000000e+00,0.00000000e+00,0.00000000e+00,0.00000000e+00,0.00000000e+00,0.00000000e+00,0.00000000e+00,0.00000000e+00,0.00000000e+00,0.00000000e+00,0.00000000e+00,0.00000000e+00,0.00000000e+00,0.00000000e+00,0.00000000e+00,0.00000000e+00,0.00000000e+00,0.00000000e+00,0.00000000e+00,2.63188954e-05
1.46050000e+02,0.00000000e+00,0.00000000e+00,0.00000000e+00,0.00000000e+00,0.00000000e+00,0.00000000e+00,0.00000000e+00,0.00000000e+00,0.00000000e+00,0.00000000e+00,0.00000000e+00,0.00000000e+00,0.00000000e+00,0.00000000e+00,0.00000000e+00,0.00000000e+00,0.00000000e+00,0.00000000e+00,0.00000000e+00,0.00000000e+00,0.00000000e+00,0.00000000e+00,0.00000000e+00,0.00000000e+00,2.69733097e-05
1.46150000e+02,0.00000000e+00,0.00000000e+00,0.00000000e+00,0.00000000e+00,0.00000000e+00,0.00000000e+00,0.00000000e+00,0.00000000e+00,0.00000000e+00,0.00000000e+00,0.00000000e+00,0.00000000e+00,0.00000000e+00,0.00000000e+00,0.00000000e+00,0.00000000e+00,0.00000000e+00,0.00000000e+00,0.00000000e+00,0.00000000e+00,0.00000000e+00,0.00000000e+00,0.00000000e+00,0.00000000e+00,2.56230338e-05
1.46250000e+02,0.00000000e+00,0.00000000e+00,0.00000000e+00,0.00000000e+00,0.00000000e+00,0.00000000e+00,0.00000000e+00,0.00000000e+00,0.00000000e+00,0.00000000e+00,0.00000000e+00,0.00000000e+00,0.00000000e+00,0.00000000e+00,0.00000000e+00,0.00000000e+00,0.00000000e+00,0.00000000e+00,0.00000000e+00,0.00000000e+00,0.00000000e+00,0.00000000e+00,0.00000000e+00,0.00000000e+00,2.33328179e-05
1.46350000e+02,0.00000000e+00,0.00000000e+00,0.00000000e+00,0.00000000e+00,0.00000000e+00,0.00000000e+00,0.00000000e+00,0.00000000e+00,0.00000000e+00,0.00000000e+00,0.00000000e+00,0.00000000e+00,0.00000000e+00,0.00000000e+00,0.00000000e+00,0.00000000e+00,0.00000000e+00,0.00000000e+00,0.00000000e+00,0.00000000e+00,0.00000000e+00,0.00000000e+00,0.00000000e+00,0.00000000e+00,2.36548227e-05
1.46450000e+02,0.00000000e+00,0.00000000e+00,0.00000000e+00,0.00000000e+00,0.00000000e+00,0.00000000e+00,0.00000000e+00,0.00000000e+00,0.00000000e+00,0.00000000e+00,0.00000000e+00,0.00000000e+00,0.00000000e+00,0.00000000e+00,0.00000000e+00,0.00000000e+00,0.00000000e+00,0.00000000e+00,0.00000000e+00,0.00000000e+00,0.00000000e+00,0.00000000e+00,0.00000000e+00,0.00000000e+00,2.25787948e-05
1.46550000e+02,0.00000000e+00,0.00000000e+00,0.00000000e+00,0.00000000e+00,0.00000000e+00,0.00000000e+00,0.00000000e+00,0.00000000e+00,0.00000000e+00,0.00000000e+00,0.00000000e+00,0.00000000e+00,0.00000000e+00,0.00000000e+00,0.00000000e+00,0.00000000e+00,0.00000000e+00,0.00000000e+00,0.00000000e+00,0.00000000e+00,0.00000000e+00,0.00000000e+00,0.00000000e+00,0.00000000e+00,2.29691133e-05
1.46650000e+02,0.00000000e+00,0.00000000e+00,0.00000000e+00,0.00000000e+00,0.00000000e+00,0.00000000e+00,0.00000000e+00,0.00000000e+00,0.00000000e+00,0.00000000e+00,0.00000000e+00,0.00000000e+00,0.00000000e+00,0.00000000e+00,0.00000000e+00,0.00000000e+00,0.00000000e+00,0.00000000e+00,0.00000000e+00,0.00000000e+00,0.00000000e+00,0.00000000e+00,0.00000000e+00,0.00000000e+00,2.12862275e-05
1.46750000e+02,0.00000000e+00,0.00000000e+00,0.00000000e+00,0.00000000e+00,0.00000000e+00,0.00000000e+00,0.00000000e+00,0.00000000e+00,0.00000000e+00,0.00000000e+00,0.00000000e+00,0.00000000e+00,0.00000000e+00,0.00000000e+00,0.00000000e+00,0.00000000e+00,0.00000000e+00,0.00000000e+00,0.00000000e+00,0.00000000e+00,0.00000000e+00,0.00000000e+00,0.00000000e+00,0.00000000e+00,2.11929628e-05
1.46850000e+02,0.00000000e+00,0.00000000e+00,0.00000000e+00,0.00000000e+00,0.00000000e+00,0.00000000e+00,0.00000000e+00,0.00000000e+00,0.00000000e+00,0.00000000e+00,0.00000000e+00,0.00000000e+00,0.00000000e+00,0.00000000e+00,0.00000000e+00,0.00000000e+00,0.00000000e+00,0.00000000e+00,0.00000000e+00,0.00000000e+00,0.00000000e+00,0.00000000e+00,0.00000000e+00,0.00000000e+00,1.95150649e-05
1.46950000e+02,0.00000000e+00,0.00000000e+00,0.00000000e+00,0.00000000e+00,0.00000000e+00,0.00000000e+00,0.00000000e+00,0.00000000e+00,0.00000000e+00,0.00000000e+00,0.00000000e+00,0.00000000e+00,0.00000000e+00,0.00000000e+00,0.00000000e+00,0.00000000e+00,0.00000000e+00,0.00000000e+00,0.00000000e+00,0.00000000e+00,0.00000000e+00,0.00000000e+00,0.00000000e+00,0.00000000e+00,1.82038039e-05
1.47050000e+02,0.00000000e+00,0.00000000e+00,0.00000000e+00,0.00000000e+00,0.00000000e+00,0.00000000e+00,0.00000000e+00,0.00000000e+00,0.00000000e+00,0.00000000e+00,0.00000000e+00,0.00000000e+00,0.00000000e+00,0.00000000e+00,0.00000000e+00,0.00000000e+00,0.00000000e+00,0.00000000e+00,0.00000000e+00,0.00000000e+00,0.00000000e+00,0.00000000e+00,0.00000000e+00,0.00000000e+00,1.73228158e-05
1.47150000e+02,0.00000000e+00,0.00000000e+00,0.00000000e+00,0.00000000e+00,0.00000000e+00,0.00000000e+00,0.00000000e+00,0.00000000e+00,0.00000000e+00,0.00000000e+00,0.00000000e+00,0.00000000e+00,0.00000000e+00,0.00000000e+00,0.00000000e+00,0.00000000e+00,0.00000000e+00,0.00000000e+00,0.00000000e+00,0.00000000e+00,0.00000000e+00,0.00000000e+00,0.00000000e+00,0.00000000e+00,1.81156876e-05
1.47250000e+02,0.00000000e+00,0.00000000e+00,0.00000000e+00,0.00000000e+00,0.00000000e+00,0.00000000e+00,0.00000000e+00,0.00000000e+00,0.00000000e+00,0.00000000e+00,0.00000000e+00,0.00000000e+00,0.00000000e+00,0.00000000e+00,0.00000000e+00,0.00000000e+00,0.00000000e+00,0.00000000e+00,0.00000000e+00,0.00000000e+00,0.00000000e+00,0.00000000e+00,0.00000000e+00,0.00000000e+00,1.70813744e-05
1.47350000e+02,0.00000000e+00,0.00000000e+00,0.00000000e+00,0.00000000e+00,0.00000000e+00,0.00000000e+00,0.00000000e+00,0.00000000e+00,0.00000000e+00,0.00000000e+00,0.00000000e+00,0.00000000e+00,0.00000000e+00,0.00000000e+00,0.00000000e+00,0.00000000e+00,0.00000000e+00,0.00000000e+00,0.00000000e+00,0.00000000e+00,0.00000000e+00,0.00000000e+00,0.00000000e+00,0.00000000e+00,1.73668327e-05
1.47450000e+02,0.00000000e+00,0.00000000e+00,0.00000000e+00,0.00000000e+00,0.00000000e+00,0.00000000e+00,0.00000000e+00,0.00000000e+00,0.00000000e+00,0.00000000e+00,0.00000000e+00,0.00000000e+00,0.00000000e+00,0.00000000e+00,0.00000000e+00,0.00000000e+00,0.00000000e+00,0.00000000e+00,0.00000000e+00,0.00000000e+00,0.00000000e+00,0.00000000e+00,0.00000000e+00,0.00000000e+00,1.71138038e-05
1.47550000e+02,0.00000000e+00,0.00000000e+00,0.00000000e+00,0.00000000e+00,0.00000000e+00,0.00000000e+00,0.00000000e+00,0.00000000e+00,0.00000000e+00,0.00000000e+00,0.00000000e+00,0.00000000e+00,0.00000000e+00,0.00000000e+00,0.00000000e+00,0.00000000e+00,0.00000000e+00,0.00000000e+00,0.00000000e+00,0.00000000e+00,0.00000000e+00,0.00000000e+00,0.00000000e+00,0.00000000e+00,1.67803321e-05
1.47650000e+02,0.00000000e+00,0.00000000e+00,0.00000000e+00,0.00000000e+00,0.00000000e+00,0.00000000e+00,0.00000000e+00,0.00000000e+00,0.00000000e+00,0.00000000e+00,0.00000000e+00,0.00000000e+00,0.00000000e+00,0.00000000e+00,0.00000000e+00,0.00000000e+00,0.00000000e+00,0.00000000e+00,0.00000000e+00,0.00000000e+00,0.00000000e+00,0.00000000e+00,0.00000000e+00,0.00000000e+00,1.58516408e-05
1.47750000e+02,0.00000000e+00,0.00000000e+00,0.00000000e+00,0.00000000e+00,0.00000000e+00,0.00000000e+00,0.00000000e+00,0.00000000e+00,0.00000000e+00,0.00000000e+00,0.00000000e+00,0.00000000e+00,0.00000000e+00,0.00000000e+00,0.00000000e+00,0.00000000e+00,0.00000000e+00,0.00000000e+00,0.00000000e+00,0.00000000e+00,0.00000000e+00,0.00000000e+00,0.00000000e+00,0.00000000e+00,1.62836791e-05
1.47850000e+02,0.00000000e+00,0.00000000e+00,0.00000000e+00,0.00000000e+00,0.00000000e+00,0.00000000e+00,0.00000000e+00,0.00000000e+00,0.00000000e+00,0.00000000e+00,0.00000000e+00,0.00000000e+00,0.00000000e+00,0.00000000e+00,0.00000000e+00,0.00000000e+00,0.00000000e+00,0.00000000e+00,0.00000000e+00,0.00000000e+00,0.00000000e+00,0.00000000e+00,0.00000000e+00,0.00000000e+00,1.51983312e-05
1.47950000e+02,0.00000000e+00,0.00000000e+00,0.00000000e+00,0.00000000e+00,0.00000000e+00,0.00000000e+00,0.00000000e+00,0.00000000e+00,0.00000000e+00,0.00000000e+00,0.00000000e+00,0.00000000e+00,0.00000000e+00,0.00000000e+00,0.00000000e+00,0.00000000e+00,0.00000000e+00,0.00000000e+00,0.00000000e+00,0.00000000e+00,0.00000000e+00,0.00000000e+00,0.00000000e+00,0.00000000e+00,1.52075767e-05
1.48050000e+02,0.00000000e+00,0.00000000e+00,0.00000000e+00,0.00000000e+00,0.00000000e+00,0.00000000e+00,0.00000000e+00,0.00000000e+00,0.00000000e+00,0.00000000e+00,0.00000000e+00,0.00000000e+00,0.00000000e+00,0.00000000e+00,0.00000000e+00,0.00000000e+00,0.00000000e+00,0.00000000e+00,0.00000000e+00,0.00000000e+00,0.00000000e+00,0.00000000e+00,0.00000000e+00,0.00000000e+00,1.61368606e-05
1.48150000e+02,0.00000000e+00,0.00000000e+00,0.00000000e+00,0.00000000e+00,0.00000000e+00,0.00000000e+00,0.00000000e+00,0.00000000e+00,0.00000000e+00,0.00000000e+00,0.00000000e+00,0.00000000e+00,0.00000000e+00,0.00000000e+00,0.00000000e+00,0.00000000e+00,0.00000000e+00,0.00000000e+00,0.00000000e+00,0.00000000e+00,0.00000000e+00,0.00000000e+00,0.00000000e+00,0.00000000e+00,1.53064809e-05
1.48250000e+02,0.00000000e+00,0.00000000e+00,0.00000000e+00,0.00000000e+00,0.00000000e+00,0.00000000e+00,0.00000000e+00,0.00000000e+00,0.00000000e+00,0.00000000e+00,0.00000000e+00,0.00000000e+00,0.00000000e+00,0.00000000e+00,0.00000000e+00,0.00000000e+00,0.00000000e+00,0.00000000e+00,0.00000000e+00,0.00000000e+00,0.00000000e+00,0.00000000e+00,0.00000000e+00,0.00000000e+00,1.80309617e-05
1.48350000e+02,0.00000000e+00,0.00000000e+00,0.00000000e+00,0.00000000e+00,0.00000000e+00,0.00000000e+00,0.00000000e+00,0.00000000e+00,0.00000000e+00,0.00000000e+00,0.00000000e+00,0.00000000e+00,0.00000000e+00,0.00000000e+00,0.00000000e+00,0.00000000e+00,0.00000000e+00,0.00000000e+00,0.00000000e+00,0.00000000e+00,0.00000000e+00,0.00000000e+00,0.00000000e+00,0.00000000e+00,1.54070314e-05
1.48450000e+02,0.00000000e+00,0.00000000e+00,0.00000000e+00,0.00000000e+00,0.00000000e+00,0.00000000e+00,0.00000000e+00,0.00000000e+00,0.00000000e+00,0.00000000e+00,0.00000000e+00,0.00000000e+00,0.00000000e+00,0.00000000e+00,0.00000000e+00,0.00000000e+00,0.00000000e+00,0.00000000e+00,0.00000000e+00,0.00000000e+00,0.00000000e+00,0.00000000e+00,0.00000000e+00,0.00000000e+00,1.50058573e-05
1.48550000e+02,0.00000000e+00,0.00000000e+00,0.00000000e+00,0.00000000e+00,0.00000000e+00,0.00000000e+00,0.00000000e+00,0.00000000e+00,0.00000000e+00,0.00000000e+00,0.00000000e+00,0.00000000e+00,0.00000000e+00,0.00000000e+00,0.00000000e+00,0.00000000e+00,0.00000000e+00,0.00000000e+00,0.00000000e+00,0.00000000e+00,0.00000000e+00,0.00000000e+00,0.00000000e+00,0.00000000e+00,1.45816274e-05
1.48650000e+02,0.00000000e+00,0.00000000e+00,0.00000000e+00,0.00000000e+00,0.00000000e+00,0.00000000e+00,0.00000000e+00,0.00000000e+00,0.00000000e+00,0.00000000e+00,0.00000000e+00,0.00000000e+00,0.00000000e+00,0.00000000e+00,0.00000000e+00,0.00000000e+00,0.00000000e+00,0.00000000e+00,0.00000000e+00,0.00000000e+00,0.00000000e+00,0.00000000e+00,0.00000000e+00,0.00000000e+00,1.35690400e-05
1.48750000e+02,0.00000000e+00,0.00000000e+00,0.00000000e+00,0.00000000e+00,0.00000000e+00,0.00000000e+00,0.00000000e+00,0.00000000e+00,0.00000000e+00,0.00000000e+00,0.00000000e+00,0.00000000e+00,0.00000000e+00,0.00000000e+00,0.00000000e+00,0.00000000e+00,0.00000000e+00,0.00000000e+00,0.00000000e+00,0.00000000e+00,0.00000000e+00,0.00000000e+00,0.00000000e+00,0.00000000e+00,1.31628199e-05
1.48850000e+02,0.00000000e+00,0.00000000e+00,0.00000000e+00,0.00000000e+00,0.00000000e+00,0.00000000e+00,0.00000000e+00,0.00000000e+00,0.00000000e+00,0.00000000e+00,0.00000000e+00,0.00000000e+00,0.00000000e+00,0.00000000e+00,0.00000000e+00,0.00000000e+00,0.00000000e+00,0.00000000e+00,0.00000000e+00,0.00000000e+00,0.00000000e+00,0.00000000e+00,0.00000000e+00,0.00000000e+00,1.47045890e-05
1.48950000e+02,0.00000000e+00,0.00000000e+00,0.00000000e+00,0.00000000e+00,0.00000000e+00,0.00000000e+00,0.00000000e+00,0.00000000e+00,0.00000000e+00,0.00000000e+00,0.00000000e+00,0.00000000e+00,0.00000000e+00,0.00000000e+00,0.00000000e+00,0.00000000e+00,0.00000000e+00,0.00000000e+00,0.00000000e+00,0.00000000e+00,0.00000000e+00,0.00000000e+00,0.00000000e+00,0.00000000e+00,1.54484504e-05
1.49050000e+02,0.00000000e+00,0.00000000e+00,0.00000000e+00,0.00000000e+00,0.00000000e+00,0.00000000e+00,0.00000000e+00,0.00000000e+00,0.00000000e+00,0.00000000e+00,0.00000000e+00,0.00000000e+00,0.00000000e+00,0.00000000e+00,0.00000000e+00,0.00000000e+00,0.00000000e+00,0.00000000e+00,0.00000000e+00,0.00000000e+00,0.00000000e+00,0.00000000e+00,0.00000000e+00,0.00000000e+00,1.33886580e-05
1.49150000e+02,0.00000000e+00,0.00000000e+00,0.00000000e+00,0.00000000e+00,0.00000000e+00,0.00000000e+00,0.00000000e+00,0.00000000e+00,0.00000000e+00,0.00000000e+00,0.00000000e+00,0.00000000e+00,0.00000000e+00,0.00000000e+00,0.00000000e+00,0.00000000e+00,0.00000000e+00,0.00000000e+00,0.00000000e+00,0.00000000e+00,0.00000000e+00,0.00000000e+00,0.00000000e+00,0.00000000e+00,1.23048460e-05
1.49250000e+02,0.00000000e+00,0.00000000e+00,0.00000000e+00,0.00000000e+00,0.00000000e+00,0.00000000e+00,0.00000000e+00,0.00000000e+00,0.00000000e+00,0.00000000e+00,0.00000000e+00,0.00000000e+00,0.00000000e+00,0.00000000e+00,0.00000000e+00,0.00000000e+00,0.00000000e+00,0.00000000e+00,0.00000000e+00,0.00000000e+00,0.00000000e+00,0.00000000e+00,0.00000000e+00,0.00000000e+00,1.20103668e-05
1.49350000e+02,0.00000000e+00,0.00000000e+00,0.00000000e+00,0.00000000e+00,0.00000000e+00,0.00000000e+00,0.00000000e+00,0.00000000e+00,0.00000000e+00,0.00000000e+00,0.00000000e+00,0.00000000e+00,0.00000000e+00,0.00000000e+00,0.00000000e+00,0.00000000e+00,0.00000000e+00,0.00000000e+00,0.00000000e+00,0.00000000e+00,0.00000000e+00,0.00000000e+00,0.00000000e+00,0.00000000e+00,1.07884101e-05
1.49450000e+02,0.00000000e+00,0.00000000e+00,0.00000000e+00,0.00000000e+00,0.00000000e+00,0.00000000e+00,0.00000000e+00,0.00000000e+00,0.00000000e+00,0.00000000e+00,0.00000000e+00,0.00000000e+00,0.00000000e+00,0.00000000e+00,0.00000000e+00,0.00000000e+00,0.00000000e+00,0.00000000e+00,0.00000000e+00,0.00000000e+00,0.00000000e+00,0.00000000e+00,0.00000000e+00,0.00000000e+00,1.20510758e-05
1.49550000e+02,0.00000000e+00,0.00000000e+00,0.00000000e+00,0.00000000e+00,0.00000000e+00,0.00000000e+00,0.00000000e+00,0.00000000e+00,0.00000000e+00,0.00000000e+00,0.00000000e+00,0.00000000e+00,0.00000000e+00,0.00000000e+00,0.00000000e+00,0.00000000e+00,0.00000000e+00,0.00000000e+00,0.00000000e+00,0.00000000e+00,0.00000000e+00,0.00000000e+00,0.00000000e+00,0.00000000e+00,1.14355099e-05
1.49650000e+02,0.00000000e+00,0.00000000e+00,0.00000000e+00,0.00000000e+00,0.00000000e+00,0.00000000e+00,0.00000000e+00,0.00000000e+00,0.00000000e+00,0.00000000e+00,0.00000000e+00,0.00000000e+00,0.00000000e+00,0.00000000e+00,0.00000000e+00,0.00000000e+00,0.00000000e+00,0.00000000e+00,0.00000000e+00,0.00000000e+00,0.00000000e+00,0.00000000e+00,0.00000000e+00,0.00000000e+00,1.02446005e-05
1.49750000e+02,0.00000000e+00,0.00000000e+00,0.00000000e+00,0.00000000e+00,0.00000000e+00,0.00000000e+00,0.00000000e+00,0.00000000e+00,0.00000000e+00,0.00000000e+00,0.00000000e+00,0.00000000e+00,0.00000000e+00,0.00000000e+00,0.00000000e+00,0.00000000e+00,0.00000000e+00,0.00000000e+00,0.00000000e+00,0.00000000e+00,0.00000000e+00,0.00000000e+00,0.00000000e+00,0.00000000e+00,9.81392899e-06
1.49850000e+02,0.00000000e+00,0.00000000e+00,0.00000000e+00,0.00000000e+00,0.00000000e+00,0.00000000e+00,0.00000000e+00,0.00000000e+00,0.00000000e+00,0.00000000e+00,0.00000000e+00,0.00000000e+00,0.00000000e+00,0.00000000e+00,0.00000000e+00,0.00000000e+00,0.00000000e+00,0.00000000e+00,0.00000000e+00,0.00000000e+00,0.00000000e+00,0.00000000e+00,0.00000000e+00,0.00000000e+00,9.10460627e-06
1.49950000e+02,0.00000000e+00,0.00000000e+00,0.00000000e+00,0.00000000e+00,0.00000000e+00,0.00000000e+00,0.00000000e+00,0.00000000e+00,0.00000000e+00,0.00000000e+00,0.00000000e+00,0.00000000e+00,0.00000000e+00,0.00000000e+00,0.00000000e+00,0.00000000e+00,0.00000000e+00,0.00000000e+00,0.00000000e+00,0.00000000e+00,0.00000000e+00,0.00000000e+00,0.00000000e+00,0.00000000e+00,7.45681668e-06
