z_cm,nXt_mean,nXt_std,fission_mean,fission_std,ngamma_mean,ngamma_std,n2n_mean,n2n_std,flux_mean,flux_std,heating_mean,heating_std,absorption_mean,absorption_std,nu_fission_mean,nu_fission_std,current_z_mean,current_z_std
5.00000000e-02,2.20556122e-03,4.89578171e-05,0.00000000e+00,0.00000000e+00,4.61872890e-04,2.85782241e-05,6.43674138e-03,7.26182959e-05,3.83743353e+00,5.12902257e-02,1.69499557e+04,2.61772486e+02,2.49734094e-03,5.82074167e-05,0.00000000e+00,0.00000000e+00,0.00000000e+00,0.00000000e+00
1.50000000e-01,2.20820302e-03,4.76807123e-05,0.00000000e+00,0.00000000e+00,4.56243035e-04,2.94028515e-05,6.40836074e-03,6.85054841e-05,3.82851136e+00,4.94838224e-02,1.69518294e+04,2.58095669e+02,2.49470779e-03,6.31152280e-05,0.00000000e+00,0.00000000e+00,9.29580000e+00,1.17642520e-01
2.50000000e-01,2.19994895e-03,4.78366807e-05,0.00000000e+00,0.00000000e+00,4.71397934e-04,2.39210517e-05,6.37112714e-03,6.36967602e-05,3.83251293e+00,4.72861685e-02,1.69397700e+04,2.56373622e+02,2.50022314e-03,5.52815725e-05,0.00000000e+00,0.00000000e+00,0.00000000e+00,0.00000000e+00
3.50000000e-01,2.22424859e-03,4.58242356e-05,0.00000000e+00,0.00000000e+00,5.15281408e-04,6.09672552e-05,6.34276456e-03,7.79376414e-05,3.87318328e+00,4.75403642e-02,1.71388638e+04,2.41067317e+02,2.56728165e-03,7.04373449e-05,0.00000000e+00,0.00000000e+00,9.29620000e+00,1.13609029e-01
4.50000000e-01,2.19778067e-03,4.61224689e-05,0.00000000e+00,0.00000000e+00,4.64906414e-04,2.13515631e-05,6.25348423e-03,3.53361515e-05,3.85935114e+00,5.01259115e-02,1.69806122e+04,2.51497203e+02,2.49326074e-03,5.58849355e-05,0.00000000e+00,0.00000000e+00,0.00000000e+00,0.00000000e+00
5.50000000e-01,2.19459939e-03,4.72830954e-05,0.00000000e+00,0.00000000e+00,4.36244146e-04,1.76807793e-05,6.22325312e-03,3.66542251e-05,3.83925538e+00,4.74181391e-02,1.69366753e+04,2.64155342e+02,2.46242715e-03,5.47513585e-05,0.00000000e+00,0.00000000e+00,9.28620000e+00,1.12335827e-01
6.50000000e-01,2.20695517e-03,5.07856349e-05,0.00000000e+00,0.00000000e+00,4.52362926e-04,2.21465346e-05,6.19894947e-03,3.78068508e-05,3.83743264e+00,4.96373589e-02,1.69541154e+04,2.78888528e+02,2.49239915e-03,5.73149967e-05,0.00000000e+00,0.00000000e+00,0.00000000e+00,0.00000000e+00
7.50000000e-01,2.21882430e-03,4.99641478e-05,0.00000000e+00,0.00000000e+00,4.53693230e-04,2.00993093e-05,6.17220805e-03,3.84247875e-05,3.85688855e+00,5.05127977e-02,1.70133149e+04,2.73682891e+02,2.50594413e-03,5.89340338e-05,0.00000000e+00,0.00000000e+00,9.28240000e+00,1.12184455e-01
8.50000000e-01,2.22307628e-03,5.02470017e-05,0.00000000e+00,0.00000000e+00,4.67184027e-04,2.05129537e-05,6.13553862e-03,3.84980583e-05,3.85287477e+00,5.02007218e-02,1.70233104e+04,2.74984731e+02,2.52428802e-03,5.56589961e-05,0.00000000e+00,0.00000000e+00,0.00000000e+00,0.00000000e+00
9.50000000e-01,2.22894576e-03,4.67680040e-05,0.00000000e+00,0.00000000e+00,4.98994320e-04,3.33530185e-05,6.10350211e-03,4.02166097e-05,3.85709484e+00,5.00506152e-02,1.70490189e+04,2.58194794e+02,2.56220718e-03,5.81164443e-05,0.00000000e+00,0.00000000e+00,9.27240000e+00,1.10708133e-01
1.05000000e+00,2.21801065e-03,4.67561751e-05,0.00000000e+00,0.00000000e+00,4.86644349e-04,2.96927047e-05,6.06724607e-03,3.95787559e-05,3.85171377e+00,4.88088436e-02,1.69661655e+04,2.58592768e+02,2.53946068e-03,5.83737877e-05,0.00000000e+00,0.00000000e+00,0.00000000e+00,0.00000000e+00
1.15000000e+00,2.21034266e-03,4.72072020e-05,0.00000000e+00,0.00000000e+00,5.01792901e-04,2.84055855e-05,6.03256827e-03,3.99879353e-05,3.84673137e+00,4.72004265e-02,1.69227780e+04,2.59282898e+02,2.54912002e-03,5.47053107e-05,0.00000000e+00,0.00000000e+00,9.28080000e+00,1.12259481e-01
1.25000000e+00,2.21733357e-03,5.08464788e-05,0.00000000e+00,0.00000000e+00,4.75526810e-04,2.36798399e-05,6.00735105e-03,4.10203921e-05,3.83109534e+00,4.62658909e-02,1.69135551e+04,2.72894264e+02,2.53126712e-03,5.83601533e-05,0.00000000e+00,0.00000000e+00,0.00000000e+00,0.00000000e+00
1.35000000e+00,2.20897004e-03,5.03769897e-05,0.00000000e+00,0.00000000e+00,4.73147883e-04,2.28793071e-05,5.97092067e-03,4.21252550e-05,3.83461562e+00,4.70251420e-02,1.68755463e+04,2.63046672e+02,2.52143972e-03,6.04314395e-05,0.00000000e+00,0.00000000e+00,9.28500000e+00,1.13403470e-01
1.45000000e+00,2.21471702e-03,5.90214467e-05,0.00000000e+00,0.00000000e+00,4.95309234e-04,2.54622743e-05,5.95937099e-03,4.45904487e-05,3.82634384e+00,4.94538354e-02,1.68680235e+04,3.02166444e+02,2.54946982e-03,6.91966738e-05,0.00000000e+00,0.00000000e+00,0.00000000e+00,0.00000000e+00
1.55000000e+00,2.20793240e-03,5.49412517e-05,0.00000000e+00,0.00000000e+00,5.00120673e-04,2.26966839e-05,5.94404918e-03,5.20441804e-05,3.83845436e+00,4.75031384e-02,1.68533662e+04,2.86653205e+02,2.54731669e-03,6.35054153e-05,0.00000000e+00,0.00000000e+00,9.28680000e+00,1.14480349e-01
1.65000000e+00,2.21275652e-03,5.25634248e-05,0.00000000e+00,0.00000000e+00,4.97290816e-04,2.38260643e-05,5.94723728e-03,6.76923680e-05,3.84226604e+00,4.56322682e-02,1.68755688e+04,2.75994177e+02,2.54785670e-03,6.25268468e-05,0.00000000e+00,0.00000000e+00,0.00000000e+00,0.00000000e+00
1.75000000e+00,2.20635961e-03,5.31873885e-05,0.00000000e+00,0.00000000e+00,4.90758594e-04,2.14318717e-05,5.89978723e-03,5.31106533e-05,3.83195817e+00,4.67648824e-02,1.68428195e+04,2.77941028e+02,2.53614108e-03,6.06630651e-05,0.00000000e+00,0.00000000e+00,9.29460000e+00,1.14536942e-01
1.85000000e+00,2.20920720e-03,5.49380196e-05,0.00000000e+00,0.00000000e+00,5.02776547e-04,2.84899734e-05,5.85243999e-03,4.71364419e-05,3.82428128e+00,5.18239423e-02,1.68184335e+04,2.94843213e+02,2.55068733e-03,6.74358085e-05,0.00000000e+00,0.00000000e+00,0.00000000e+00,0.00000000e+00
1.95000000e+00,2.19785800e-03,5.56896717e-05,0.00000000e+00,0.00000000e+00,5.59868557e-04,6.93612706e-05,5.83672511e-03,4.98753460e-05,3.81815734e+00,5.17288510e-02,1.67610963e+04,2.99744967e+02,2.59661535e-03,9.13886223e-05,0.00000000e+00,0.00000000e+00,9.28120000e+00,1.14929487e-01
2.05000000e+00,2.20884549e-03,5.41897198e-05,0.00000000e+00,0.00000000e+00,5.34236494e-04,3.62248399e-05,5.82932455e-03,5.69022423e-05,3.83404606e+00,5.09268402e-02,1.68117252e+04,2.90104259e+02,2.58343642e-03,7.34058973e-05,0.00000000e+00,0.00000000e+00,0.00000000e+00,0.00000000e+00
2.15000000e+00,2.18067627e-03,5.28876159e-05,0.00000000e+00,0.00000000e+00,4.94100731e-04,2.17491771e-05,5.82384958e-03,6.81709972e-05,3.81283746e+00,4.95979853e-02,1.67168077e+04,2.87043268e+02,2.51611780e-03,5.91257209e-05,0.00000000e+00,0.00000000e+00,9.27580000e+00,1.15777792e-01
2.25000000e+00,2.18909334e-03,5.19957003e-05,0.00000000e+00,0.00000000e+00,4.89732107e-04,1.95937176e-05,5.81118806e-03,8.49215320e-05,3.81700261e+00,5.18478614e-02,1.66827190e+04,2.84410837e+02,2.52232881e-03,5.88089012e-05,0.00000000e+00,0.00000000e+00,0.00000000e+00,0.00000000e+00
2.35000000e+00,2.19071971e-03,4.99269052e-05,0.00000000e+00,0.00000000e+00,5.03290825e-04,2.09126648e-05,5.72122636e-03,6.89414822e-05,3.80530900e+00,5.21306263e-02,1.66274745e+04,2.66986581e+02,2.54056932e-03,5.78603320e-05,0.00000000e+00,0.00000000e+00,9.26360000e+00,1.14995212e-01
2.45000000e+00,2.19111982e-03,4.93054073e-05,0.00000000e+00,0.00000000e+00,4.93537798e-04,1.95428381e-05,5.67076809e-03,6.81514879e-05,3.80910388e+00,5.12002568e-02,1.66382768e+04,2.53479873e+02,2.53301364e-03,5.86642895e-05,0.00000000e+00,0.00000000e+00,0.00000000e+00,0.00000000e+00
2.55000000e+00,2.17345003e-03,5.09302390e-05,0.00000000e+00,0.00000000e+00,4.95915348e-04,2.22369128e-05,5.66836595e-03,7.80913899e-05,3.79995253e+00,5.23213645e-02,1.65450087e+04,2.64230230e+02,2.51859907e-03,6.09237812e-05,0.00000000e+00,0.00000000e+00,9.24860000e+00,1.12507237e-01
2.65000000e+00,2.16112722e-03,4.97026102e-05,0.00000000e+00,0.00000000e+00,4.90569493e-04,2.52984220e-05,5.54690625e-03,5.96023561e-05,3.78975690e+00,5.27845896e-02,1.64335758e+04,2.65445017e+02,2.50406077e-03,6.09409962e-05,0.00000000e+00,0.00000000e+00,0.00000000e+00,0.00000000e+00
2.75000000e+00,2.14816885e-03,4.68358443e-05,0.00000000e+00,0.00000000e+00,4.88010893e-04,2.17993400e-05,5.51137132e-03,6.17562940e-05,3.80664120e+00,5.12766608e-02,1.63835067e+04,2.45584074e+02,2.48925098e-03,5.87258651e-05,0.00000000e+00,0.00000000e+00,9.23520000e+00,1.12079505e-01
2.85000000e+00,2.15896050e-03,4.69337809e-05,0.00000000e+00,0.00000000e+00,4.79991135e-04,2.05531701e-05,5.49172341e-03,6.38625713e-05,3.81390896e+00,4.89275318e-02,1.64213502e+04,2.41713771e+02,2.49235780e-03,5.63356697e-05,0.00000000e+00,0.00000000e+00,0.00000000e+00,0.00000000e+00
2.95000000e+00,2.15170987e-03,4.61052050e-05,0.00000000e+00,0.00000000e+00,4.73202428e-04,2.29652337e-05,5.48722773e-03,7.26253696e-05,3.80542903e+00,4.99387568e-02,1.63721230e+04,2.43679718e+02,2.47782534e-03,5.61532900e-05,0.00000000e+00,0.00000000e+00,9.22460000e+00,1.11432311e-01
3.05000000e+00,2.14430873e-03,4.50130917e-05,0.00000000e+00,0.00000000e+00,4.82793848e-04,2.56261860e-05,5.46508235e-03,7.13862128e-05,3.78737591e+00,4.74765209e-02,1.63359763e+04,2.36318313e+02,2.47954535e-03,5.68538526e-05,0.00000000e+00,0.00000000e+00,0.00000000e+00,0.00000000e+00
3.15000000e+00,2.14791529e-03,4.58076081e-05,0.00000000e+00,0.00000000e+00,5.21918833e-04,3.10153354e-05,5.41556477e-03,8.34461229e-05,3.78672084e+00,4.39159803e-02,1.62966587e+04,2.33136475e+02,2.52318779e-03,6.40580180e-05,0.00000000e+00,0.00000000e+00,9.21820000e+00,1.12024666e-01
3.25000000e+00,2.13429942e-03,4.48161497e-05,0.00000000e+00,0.00000000e+00,5.74839006e-04,6.02129815e-05,5.36924775e-03,9.30683003e-05,3.78875225e+00,4.50125271e-02,1.62392620e+04,2.34637556e+02,2.56289427e-03,8.04853229e-05,0.00000000e+00,0.00000000e+00,0.00000000e+00,0.00000000e+00
3.35000000e+00,2.13294574e-03,4.43827362e-05,0.00000000e+00,0.00000000e+00,4.93358411e-04,2.63846689e-05,5.30474119e-03,8.81350761e-05,3.78131275e+00,4.55193842e-02,1.62160133e+04,2.35762408e+02,2.48135520e-03,5.49159061e-05,0.00000000e+00,0.00000000e+00,9.21120000e+00,1.14038175e-01
3.45000000e+00,2.12314902e-03,4.53749434e-05,0.00000000e+00,0.00000000e+00,5.23560161e-04,2.87854613e-05,5.22721500e-03,5.35797026e-05,3.76579625e+00,4.73442912e-02,1.61371941e+04,2.41854145e+02,2.50455420e-03,5.93232418e-05,0.00000000e+00,0.00000000e+00,0.00000000e+00,0.00000000e+00
3.55000000e+00,2.14111571e-03,4.71529374e-05,0.00000000e+00,0.00000000e+00,5.04929580e-04,2.63747471e-05,5.19466157e-03,5.29023524e-05,3.78661598e+00,5.02030333e-02,1.62123540e+04,2.52154656e+02,2.50471752e-03,5.95270026e-05,0.00000000e+00,0.00000000e+00,9.20340000e+00,1.13914257e-01
3.65000000e+00,2.13397032e-03,4.66231605e-05,0.00000000e+00,0.00000000e+00,5.35900535e-04,5.11318903e-05,5.16865983e-03,5.48190192e-05,3.78201078e+00,4.82814211e-02,1.61859164e+04,2.43333440e+02,2.52831095e-03,7.38018215e-05,0.00000000e+00,0.00000000e+00,0.00000000e+00,0.00000000e+00
3.75000000e+00,2.13836736e-03,4.80108974e-05,0.00000000e+00,0.00000000e+00,5.59923583e-04,6.21255683e-05,5.11302020e-03,5.34836829e-05,3.78912392e+00,4.64333445e-02,1.61803504e+04,2.51839619e+02,2.55735116e-03,8.60059904e-05,0.00000000e+00,0.00000000e+00,9.19180000e+00,1.14775269e-01
3.85000000e+00,2.11594590e-03,4.65091728e-05,0.00000000e+00,0.00000000e+00,4.75604745e-04,2.30827325e-05,5.07419887e-03,5.08185978e-05,3.74323970e+00,4.52030313e-02,1.59978366e+04,2.46086031e+02,2.45170967e-03,5.76976385e-05,0.00000000e+00,0.00000000e+00,0.00000000e+00,0.00000000e+00
3.95000000e+00,2.13369986e-03,4.35076531e-05,0.00000000e+00,0.00000000e+00,4.98540266e-04,3.15021430e-05,5.04030028e-03,5.16438380e-05,3.77376100e+00,4.49812240e-02,1.60970017e+04,2.32339620e+02,2.49336791e-03,5.83528535e-05,0.00000000e+00,0.00000000e+00,9.18820000e+00,1.14146590e-01
4.05000000e+00,2.15506554e-03,4.51850962e-05,0.00000000e+00,0.00000000e+00,5.10789231e-04,2.82689107e-05,5.00274422e-03,5.18267796e-05,3.80635878e+00,4.59826268e-02,1.62297378e+04,2.42693007e+02,2.52730462e-03,5.68772732e-05,0.00000000e+00,0.00000000e+00,0.00000000e+00,0.00000000e+00
4.15000000e+00,2.16173729e-03,4.58705868e-05,0.00000000e+00,0.00000000e+00,4.93106863e-04,2.16266415e-05,4.96851380e-03,5.16200750e-05,3.79892282e+00,4.58155610e-02,1.62356777e+04,2.38269225e+02,2.51864827e-03,5.66337481e-05,0.00000000e+00,0.00000000e+00,9.16980000e+00,1.14355511e-01
4.25000000e+00,2.15734065e-03,4.57884621e-05,0.00000000e+00,0.00000000e+00,4.98968477e-04,2.41891441e-05,4.97067611e-03,6.32266283e-05,3.78926415e+00,4.84280737e-02,1.61551477e+04,2.42140937e+02,2.51972478e-03,6.00191600e-05,0.00000000e+00,0.00000000e+00,0.00000000e+00,0.00000000e+00
4.35000000e+00,2.13750829e-03,4.54375989e-05,0.00000000e+00,0.00000000e+00,4.81119168e-04,2.08132913e-05,4.91789656e-03,5.93123444e-05,3.76890162e+00,4.63915126e-02,1.60162017e+04,2.44433361e+02,2.48410465e-03,5.62254107e-05,0.00000000e+00,0.00000000e+00,9.14920000e+00,1.16613032e-01
4.45000000e+00,2.12685639e-03,4.84254115e-05,0.00000000e+00,0.00000000e+00,5.00582122e-04,2.37403356e-05,4.89614397e-03,6.32072215e-05,3.76330579e+00,5.22621926e-02,1.59746356e+04,2.61808563e+02,2.49358256e-03,6.09448774e-05,0.00000000e+00,0.00000000e+00,0.00000000e+00,0.00000000e+00
4.55000000e+00,2.11823421e-03,4.52437022e-05,0.00000000e+00,0.00000000e+00,5.02514738e-04,2.89365846e-05,4.92026823e-03,8.37680271e-05,3.75859965e+00,5.23276552e-02,1.59170903e+04,2.48389920e+02,2.48647858e-03,6.18011875e-05,0.00000000e+00,0.00000000e+00,9.14840000e+00,1.18149459e-01
4.65000000e+00,2.13159689e-03,4.48892318e-05,0.00000000e+00,0.00000000e+00,4.78164977e-04,2.77974693e-05,4.89200218e-03,7.85515880e-05,3.75901530e+00,4.73988341e-02,1.59696016e+04,2.39664752e+02,2.47629110e-03,6.10594688e-05,0.00000000e+00,0.00000000e+00,0.00000000e+00,0.00000000e+00
4.75000000e+00,2.13475054e-03,4.90572188e-05,0.00000000e+00,0.00000000e+00,5.10297866e-04,3.58414588e-05,4.84610399e-03,7.28332875e-05,3.76388599e+00,5.08227359e-02,1.59776520e+04,2.66240170e+02,2.51220722e-03,7.21051555e-05,0.00000000e+00,0.00000000e+00,9.11980000e+00,1.17543041e-01
4.85000000e+00,2.14706143e-03,4.78015215e-05,0.00000000e+00,0.00000000e+00,5.05328398e-04,4.00371690e-05,4.81564406e-03,7.05223923e-05,3.75067827e+00,5.03294247e-02,1.60090190e+04,2.58823881e+02,2.51804521e-03,7.55079236e-05,0.00000000e+00,0.00000000e+00,0.00000000e+00,0.00000000e+00
4.95000000e+00,2.14676674e-03,4.75454513e-05,0.00000000e+00,0.00000000e+00,5.10477794e-04,3.86538946e-05,4.81305799e-03,7.51239788e-05,3.76140643e+00,4.95970376e-02,1.60825479e+04,2.63729310e+02,2.52030773e-03,7.37442082e-05,0.00000000e+00,0.00000000e+00,9.11060000e+00,1.16564569e-01
5.05000000e+00,2.11797612e-03,4.44786953e-05,0.00000000e+00,0.00000000e+00,4.73428269e-04,2.79020773e-05,4.76062539e-03,7.15502571e-05,3.73157923e+00,4.68770759e-02,1.59223554e+04,2.41501716e+02,2.45723832e-03,6.10224200e-05,0.00000000e+00,0.00000000e+00,0.00000000e+00,0.00000000e+00
5.15000000e+00,2.10348639e-03,4.26900819e-05,0.00000000e+00,0.00000000e+00,4.52022768e-04,2.00032574e-05,4.70971982e-03,6.54961764e-05,3.73719580e+00,4.92879260e-02,1.57928808e+04,2.29632447e+02,2.42532697e-03,5.38749558e-05,0.00000000e+00,0.00000000e+00,9.10620000e+00,1.17434790e-01
5.25000000e+00,2.08587021e-03,4.55231054e-05,0.00000000e+00,0.00000000e+00,4.57386761e-04,2.09972466e-05,4.67817813e-03,6.57422234e-05,3.71588809e+00,4.96591572e-02,1.56572287e+04,2.38805812e+02,2.41540323e-03,5.82596981e-05,0.00000000e+00,0.00000000e+00,0.00000000e+00,0.00000000e+00
5.35000000e+00,2.11220157e-03,4.84270769e-05,0.00000000e+00,0.00000000e+00,4.51544923e-04,2.00055888e-05,4.65476480e-03,6.92407821e-05,3.71795623e+00,4.96280919e-02,1.57688461e+04,2.56981956e+02,2.43576656e-03,5.95708682e-05,0.00000000e+00,0.00000000e+00,9.09880000e+00,1.16686092e-01
5.45000000e+00,2.12780480e-03,4.88358435e-05,0.00000000e+00,0.00000000e+00,4.76643398e-04,2.50631386e-05,4.61364482e-03,6.53937240e-05,3.73237037e+00,4.84767540e-02,1.58859509e+04,2.64133987e+02,2.47751956e-03,6.07223319e-05,0.00000000e+00,0.00000000e+00,0.00000000e+00,0.00000000e+00
5.55000000e+00,2.11701271e-03,4.75048100e-05,0.00000000e+00,0.00000000e+00,4.90268088e-04,2.69278417e-05,4.59805944e-03,6.38113550e-05,3.70739325e+00,4.55851330e-02,1.58000722e+04,2.54074641e+02,2.47825611e-03,5.86621313e-05,0.00000000e+00,0.00000000e+00,9.08280000e+00,1.16096737e-01
5.65000000e+00,2.11900044e-03,4.74119878e-05,0.00000000e+00,0.00000000e+00,5.08450020e-04,2.86324581e-05,4.74847370e-03,2.00448435e-04,3.71445378e+00,4.60348534e-02,1.58352792e+04,2.65953109e+02,2.49558784e-03,6.11109600e-05,0.00000000e+00,0.00000000e+00,0.00000000e+00,0.00000000e+00
5.75000000e+00,2.11069300e-03,4.75427917e-05,0.00000000e+00,0.00000000e+00,5.38730074e-04,3.68971019e-05,4.55118828e-03,6.83457550e-05,3.71095029e+00,4.67749407e-02,1.57152341e+04,2.46981820e+02,2.52249358e-03,6.92224844e-05,0.00000000e+00,0.00000000e+00,9.07120000e+00,1.13642705e-01
5.85000000e+00,2.12278350e-03,4.92962026e-05,0.00000000e+00,0.00000000e+00,5.24224740e-04,3.02174240e-05,4.57563456e-03,8.44255006e-05,3.70728541e+00,5.15835091e-02,1.57867621e+04,2.63316195e+02,2.51929355e-03,6.33028412e-05,0.00000000e+00,0.00000000e+00,0.00000000e+00,0.00000000e+00
5.95000000e+00,2.13960018e-03,5.16504210e-05,0.00000000e+00,0.00000000e+00,5.46091923e-04,3.70863841e-05,4.58020914e-03,1.00888830e-04,3.73595291e+00,5.06945550e-02,1.58676027e+04,2.76031925e+02,2.55735823e-03,6.64248291e-05,0.00000000e+00,0.00000000e+00,9.05160000e+00,1.12968249e-01
6.05000000e+00,2.13713953e-03,5.22303827e-05,0.00000000e+00,0.00000000e+00,5.15103995e-04,2.68953499e-05,4.53513207e-03,7.68672285e-05,3.70497474e+00,4.95384420e-02,1.57828159e+04,2.76961433e+02,2.52250086e-03,6.50382147e-05,0.00000000e+00,0.00000000e+00,0.00000000e+00,0.00000000e+00
6.15000000e+00,2.12845724e-03,5.06017349e-05,0.00000000e+00,0.00000000e+00,5.14117371e-04,2.74847740e-05,4.46918640e-03,7.22935784e-05,3.71374874e+00,4.93948342e-02,1.57828254e+04,2.67382409e+02,2.51545094e-03,6.50954232e-05,0.00000000e+00,0.00000000e+00,9.04920000e+00,1.10975945e-01
6.25000000e+00,2.12712140e-03,4.73520998e-05,0.00000000e+00,0.00000000e+00,5.51553929e-04,5.92852063e-05,4.40551550e-03,6.73837913e-05,3.70969067e+00,4.74805386e-02,1.57399729e+04,2.54134928e+02,2.55454866e-03,7.58386311e-05,0.00000000e+00,0.00000000e+00,0.00000000e+00,0.00000000e+00
6.35000000e+00,2.12586267e-03,4.90435856e-05,0.00000000e+00,0.00000000e+00,4.84255492e-04,2.36142121e-05,4.36317407e-03,6.56174696e-05,3.72410339e+00,4.67268462e-02,1.57132675e+04,2.58803515e+02,2.48641561e-03,6.02654114e-05,0.00000000e+00,0.00000000e+00,9.02900000e+00,1.09441719e-01
6.45000000e+00,2.12019979e-03,4.56632239e-05,0.00000000e+00,0.00000000e+00,4.69074357e-04,2.83049018e-05,4.39890670e-03,9.54874789e-05,3.72537902e+00,4.76767478e-02,1.57032325e+04,2.42188098e+02,2.46499205e-03,5.97085127e-05,0.00000000e+00,0.00000000e+00,0.00000000e+00,0.00000000e+00
6.55000000e+00,2.13388213e-03,4.85955636e-05,0.00000000e+00,0.00000000e+00,4.65522714e-04,2.15701173e-05,4.37161577e-03,9.69177052e-05,3.71865337e+00,4.94760696e-02,1.57525848e+04,2.54430580e+02,2.47677093e-03,5.86663176e-05,0.00000000e+00,0.00000000e+00,9.03520000e+00,1.09732603e-01
6.65000000e+00,2.13560243e-03,4.66898502e-05,0.00000000e+00,0.00000000e+00,4.87734040e-04,2.56952183e-05,4.38639050e-03,1.19327196e-04,3.72021741e+00,4.82942512e-02,1.57412273e+04,2.53891495e+02,2.50042536e-03,5.82832114e-05,0.00000000e+00,0.00000000e+00,0.00000000e+00,0.00000000e+00
6.75000000e+00,2.12947447e-03,4.70717010e-05,0.00000000e+00,0.00000000e+00,5.02468689e-04,2.62903354e-05,4.30697094e-03,7.41961465e-05,3.70734962e+00,4.46757954e-02,1.56926171e+04,2.51128428e+02,2.50836460e-03,5.92568367e-05,0.00000000e+00,0.00000000e+00,9.02240000e+00,1.10869867e-01
6.85000000e+00,2.11170590e-03,4.58003006e-05,0.00000000e+00,0.00000000e+00,5.39718490e-04,3.80579873e-05,4.29690381e-03,8.70043648e-05,3.68427408e+00,4.52555013e-02,1.55259207e+04,2.39784801e+02,2.53107425e-03,6.66156978e-05,0.00000000e+00,0.00000000e+00,0.00000000e+00,0.00000000e+00
6.95000000e+00,2.09776400e-03,4.46855046e-05,0.00000000e+00,0.00000000e+00,5.76423983e-04,5.92764148e-05,4.20094510e-03,6.64212124e-05,3.67999395e+00,4.47579840e-02,1.54508803e+04,2.34255000e+02,2.55626962e-03,7.94120124e-05,0.00000000e+00,0.00000000e+00,9.00980000e+00,1.11223067e-01
7.05000000e+00,2.11377681e-03,4.59927779e-05,0.00000000e+00,0.00000000e+00,5.18473118e-04,3.66432143e-05,4.16756007e-03,6.87254562e-05,3.68570549e+00,4.44762550e-02,1.55319134e+04,2.38594553e+02,2.51426257e-03,6.30882341e-05,0.00000000e+00,0.00000000e+00,0.00000000e+00,0.00000000e+00
7.15000000e+00,2.10904942e-03,4.57529019e-05,0.00000000e+00,0.00000000e+00,4.91297760e-04,3.01310026e-05,4.09555508e-03,6.17042243e-05,3.68605121e+00,4.45817969e-02,1.54330610e+04,2.43017574e+02,2.48489691e-03,5.89612756e-05,0.00000000e+00,0.00000000e+00,9.00140000e+00,1.11496686e-01
7.25000000e+00,2.11830388e-03,4.65120215e-05,0.00000000e+00,0.00000000e+00,4.95046911e-04,3.33612100e-05,4.03922789e-03,6.03228941e-05,3.68251219e+00,4.24490224e-02,1.54723244e+04,2.38801013e+02,2.49964783e-03,6.14997052e-05,0.00000000e+00,0.00000000e+00,0.00000000e+00,0.00000000e+00
7.35000000e+00,2.09761629e-03,4.62617884e-05,0.00000000e+00,0.00000000e+00,4.66151578e-04,1.87916362e-05,4.00915723e-03,6.00979033e-05,3.67749470e+00,4.65846373e-02,1.53644306e+04,2.52825600e+02,2.45097694e-03,5.27285991e-05,0.00000000e+00,0.00000000e+00,8.99480000e+00,1.11887422e-01
7.45000000e+00,2.08395604e-03,4.35376921e-05,0.00000000e+00,0.00000000e+00,4.63574746e-04,1.87168987e-05,4.04372913e-03,9.14665350e-05,3.66754561e+00,4.53673962e-02,1.52745427e+04,2.37262860e+02,2.43416679e-03,4.81844302e-05,0.00000000e+00,0.00000000e+00,0.00000000e+00,0.00000000e+00
7.55000000e+00,2.07099469e-03,4.34614265e-05,0.00000000e+00,0.00000000e+00,4.67914773e-04,2.03496685e-05,4.02023394e-03,9.97849497e-05,3.66225751e+00,4.33946609e-02,1.52202538e+04,2.37183134e+02,2.42592069e-03,4.74954016e-05,0.00000000e+00,0.00000000e+00,8.98320000e+00,1.11818891e-01
7.65000000e+00,2.09234968e-03,4.55694072e-05,0.00000000e+00,0.00000000e+00,4.84374844e-04,2.78287848e-05,4.03212933e-03,1.00474556e-04,3.69565554e+00,4.43189841e-02,1.54061646e+04,2.54059562e+02,2.45835367e-03,5.21168763e-05,0.00000000e+00,0.00000000e+00,0.00000000e+00,0.00000000e+00
7.75000000e+00,2.08576896e-03,4.22069107e-05,0.00000000e+00,0.00000000e+00,4.79390386e-04,2.60314386e-05,4.04324356e-03,1.07901423e-04,3.67790159e+00,4.11660722e-02,1.53043517e+04,2.29479703e+02,2.45174808e-03,4.67257951e-05,0.00000000e+00,0.00000000e+00,8.97760000e+00,1.12613683e-01
7.85000000e+00,2.08479780e-03,4.37372956e-05,0.00000000e+00,0.00000000e+00,4.84424988e-04,2.89984196e-05,3.99621410e-03,9.38758781e-05,3.66463333e+00,4.12383636e-02,1.52676335e+04,2.41834648e+02,2.45716626e-03,4.81739620e-05,0.00000000e+00,0.00000000e+00,0.00000000e+00,0.00000000e+00
7.95000000e+00,2.07903923e-03,4.60219292e-05,0.00000000e+00,0.00000000e+00,4.79974582e-04,2.82681994e-05,3.95430815e-03,9.26492591e-05,3.65347553e+00,4.37226811e-02,1.52037806e+04,2.53455993e+02,2.44806859e-03,5.47761734e-05,0.00000000e+00,0.00000000e+00,8.97380000e+00,1.11725937e-01
8.05000000e+00,2.04979020e-03,4.03413209e-05,0.00000000e+00,0.00000000e+00,4.99752497e-04,5.79840350e-05,3.93659920e-03,9.11925478e-05,3.63329917e+00,4.27702388e-02,1.49997644e+04,2.23771344e+02,2.43900129e-03,7.73817902e-05,0.00000000e+00,0.00000000e+00,0.00000000e+00,0.00000000e+00
8.15000000e+00,2.05665222e-03,4.10510750e-05,0.00000000e+00,0.00000000e+00,5.51905112e-04,9.63903982e-05,3.93155019e-03,1.19998891e-04,3.64604281e+00,4.42198999e-02,1.50218258e+04,2.25979061e+02,2.49889322e-03,1.12895505e-04,0.00000000e+00,0.00000000e+00,8.98460000e+00,1.10468838e-01
8.25000000e+00,2.04604980e-03,4.17950136e-05,0.00000000e+00,0.00000000e+00,5.60850743e-04,9.61957724e-05,3.90616428e-03,1.19445911e-04,3.61832999e+00,4.30851902e-02,1.49305011e+04,2.28119090e+02,2.49628361e-03,1.14876082e-04,0.00000000e+00,0.00000000e+00,0.00000000e+00,0.00000000e+00
8.35000000e+00,2.04543370e-03,3.88222684e-05,0.00000000e+00,0.00000000e+00,5.42486947e-04,8.06962099e-05,3.92541473e-03,1.32135567e-04,3.61440889e+00,4.25733449e-02,1.49347576e+04,2.15459026e+02,2.47916813e-03,9.78949075e-05,0.00000000e+00,0.00000000e+00,8.98800000e+00,1.10250920e-01
8.45000000e+00,2.03535307e-03,3.89808821e-05,0.00000000e+00,0.00000000e+00,4.49925147e-04,1.84919689e-05,3.77619739e-03,8.61642783e-05,3.60800123e+00,4.09262453e-02,1.48725465e+04,2.16360589e+02,2.38037884e-03,4.45303001e-05,0.00000000e+00,0.00000000e+00,0.00000000e+00,0.00000000e+00
8.55000000e+00,2.04193374e-03,4.08683866e-05,0.00000000e+00,0.00000000e+00,4.41526034e-04,1.94261931e-05,3.86974837e-03,1.42984847e-04,3.61380322e+00,4.41910001e-02,1.49106327e+04,2.27148034e+02,2.37658935e-03,4.80864747e-05,0.00000000e+00,0.00000000e+00,8.96780000e+00,1.11210149e-01
8.65000000e+00,2.04415525e-03,4.38193822e-05,0.00000000e+00,0.00000000e+00,4.56938426e-04,2.27087317e-05,3.72693501e-03,8.53077982e-05,3.61221410e+00,4.31828310e-02,1.48629008e+04,2.34328166e+02,2.39832408e-03,5.19486256e-05,0.00000000e+00,0.00000000e+00,0.00000000e+00,0.00000000e+00
8.75000000e+00,2.03690597e-03,4.14865371e-05,0.00000000e+00,0.00000000e+00,4.60994659e-04,2.36257151e-05,3.69679732e-03,8.52834410e-05,3.60578803e+00,4.23642741e-02,1.48310211e+04,2.21310144e+02,2.39565180e-03,4.64867418e-05,0.00000000e+00,0.00000000e+00,8.94900000e+00,1.11191047e-01
8.85000000e+00,2.03784626e-03,4.03116595e-05,0.00000000e+00,0.00000000e+00,4.64395897e-04,2.68362598e-05,3.68444892e-03,8.61508546e-05,3.59150073e+00,4.49082827e-02,1.47996739e+04,2.21016324e+02,2.39989013e-03,5.00593774e-05,0.00000000e+00,0.00000000e+00,0.00000000e+00,0.00000000e+00
8.95000000e+00,2.03812275e-03,4.32755266e-05,0.00000000e+00,0.00000000e+00,4.57456099e-04,2.39534346e-05,3.63759171e-03,8.67963938e-05,3.58507796e+00,4.69726349e-02,1.47716561e+04,2.39921041e+02,2.39447045e-03,4.87008423e-05,0.00000000e+00,0.00000000e+00,8.94460000e+00,1.13105770e-01
9.05000000e+00,2.05140252e-03,3.93135167e-05,0.00000000e+00,0.00000000e+00,4.68286420e-04,2.62521128e-05,3.58758497e-03,8.05966440e-05,3.60938151e+00,4.32193292e-02,1.48328444e+04,2.17679018e+02,2.41997706e-03,4.62807972e-05,0.00000000e+00,0.00000000e+00,0.00000000e+00,0.00000000e+00
9.15000000e+00,2.03283665e-03,3.86443277e-05,0.00000000e+00,0.00000000e+00,4.57499886e-04,2.30491078e-05,3.56018018e-03,8.14907472e-05,3.58778946e+00,4.24536472e-02,1.46947206e+04,2.10842136e+02,2.39034641e-03,4.71766103e-05,0.00000000e+00,0.00000000e+00,8.93980000e+00,1.11885689e-01
9.25000000e+00,2.04898723e-03,4.09946044e-05,0.00000000e+00,0.00000000e+00,4.64812617e-04,2.64495753e-05,3.53155181e-03,8.12844746e-05,3.57027204e+00,4.49612751e-02,1.46918136e+04,2.21983349e+02,2.41537510e-03,5.33048098e-05,0.00000000e+00,0.00000000e+00,0.00000000e+00,0.00000000e+00
9.35000000e+00,2.04503461e-03,4.25613662e-05,0.00000000e+00,0.00000000e+00,4.52772837e-04,2.03882710e-05,3.49639251e-03,7.56646664e-05,3.56987697e+00,4.32301830e-02,1.46334741e+04,2.24790732e+02,2.40147842e-03,4.80978216e-05,0.00000000e+00,0.00000000e+00,8.95420000e+00,1.12534472e-01
9.45000000e+00,2.02820171e-03,4.23214633e-05,0.00000000e+00,0.00000000e+00,4.89973448e-04,3.33488498e-05,3.46063704e-03,7.13145301e-05,3.54805380e+00,4.17389802e-02,1.45231376e+04,2.22810405e+02,2.42364555e-03,5.46578558e-05,0.00000000e+00,0.00000000e+00,0.00000000e+00,0.00000000e+00
9.55000000e+00,2.03456446e-03,4.18295278e-05,0.00000000e+00,0.00000000e+00,4.61279407e-04,2.20433345e-05,3.44686707e-03,7.23453650e-05,3.54600906e+00,4.18275807e-02,1.45400372e+04,2.24715495e+02,2.40178916e-03,5.11257843e-05,0.00000000e+00,0.00000000e+00,8.94120000e+00,1.13239728e-01
9.65000000e+00,2.03778435e-03,4.15065884e-05,0.00000000e+00,0.00000000e+00,4.82258769e-04,3.76943893e-05,3.41221937e-03,7.15193346e-05,3.56474253e+00,4.23037682e-02,1.45466395e+04,2.20375003e+02,2.42703606e-03,6.21860833e-05,0.00000000e+00,0.00000000e+00,0.00000000e+00,0.00000000e+00
9.75000000e+00,2.03338330e-03,3.94628841e-05,0.00000000e+00,0.00000000e+00,4.91820371e-04,4.41982579e-05,3.38926477e-03,7.16212242e-05,3.54249662e+00,3.95502606e-02,1.44949309e+04,2.08015735e+02,2.43263973e-03,6.62400182e-05,0.00000000e+00,0.00000000e+00,8.93880000e+00,1.11394002e-01
9.85000000e+00,2.03582145e-03,3.95478851e-05,0.00000000e+00,0.00000000e+00,4.78499260e-04,2.97845208e-05,3.33104658e-03,6.60435359e-05,3.55889341e+00,4.07128137e-02,1.45867175e+04,2.15422354e+02,2.42296847e-03,5.10044491e-05,0.00000000e+00,0.00000000e+00,0.00000000e+00,0.00000000e+00
9.95000000e+00,2.02385563e-03,3.80627354e-05,0.00000000e+00,0.00000000e+00,4.76532730e-04,2.45671921e-05,3.28813893e-03,6.81541864e-05,3.54483038e+00,3.82727384e-02,1.44603007e+04,1.93044642e+02,2.41018630e-03,4.74756508e-05,0.00000000e+00,0.00000000e+00,8.92020000e+00,1.11549564e-01
1.00500000e+01,2.01709103e-03,3.96980598e-05,0.00000000e+00,0.00000000e+00,4.72934396e-04,2.49562382e-05,3.31715144e-03,1.00338165e-04,3.53994035e+00,4.02005623e-02,1.44306838e+04,2.07511242e+02,2.39921230e-03,5.20420834e-05,0.00000000e+00,0.00000000e+00,0.00000000e+00,0.00000000e+00
1.01500000e+01,2.01574852e-03,3.92328420e-05,0.00000000e+00,0.00000000e+00,4.84270119e-04,2.72645271e-05,3.29524272e-03,9.89100730e-05,3.53936225e+00,3.87474063e-02,1.44446107e+04,2.09768262e+02,2.40993711e-03,5.53303668e-05,0.00000000e+00,0.00000000e+00,8.87940000e+00,1.09824130e-01
1.02500000e+01,2.00384605e-03,3.62153369e-05,0.00000000e+00,0.00000000e+00,4.56709012e-04,2.43131007e-05,3.35974831e-03,1.84397859e-04,3.52609126e+00,4.12002190e-02,1.44016135e+04,2.06128111e+02,2.36822439e-03,4.91993456e-05,0.00000000e+00,0.00000000e+00,0.00000000e+00,0.00000000e+00
1.03500000e+01,2.00956027e-03,3.92342646e-05,0.00000000e+00,0.00000000e+00,4.77026837e-04,3.77121503e-05,3.18494999e-03,7.38084533e-05,3.53123204e+00,4.00597057e-02,1.43553108e+04,2.03412496e+02,2.39888090e-03,6.09788121e-05,0.00000000e+00,0.00000000e+00,8.88020000e+00,1.11151116e-01
1.04500000e+01,2.02349521e-03,4.35411421e-05,0.00000000e+00,0.00000000e+00,4.83939828e-04,4.12189282e-05,3.12961746e-03,6.46902736e-05,3.50912954e+00,3.83612825e-02,1.43523172e+04,2.21876202e+02,2.42031733e-03,6.63341009e-05,0.00000000e+00,0.00000000e+00,0.00000000e+00,0.00000000e+00
1.05500000e+01,2.02827655e-03,4.19363285e-05,0.00000000e+00,0.00000000e+00,5.01903824e-04,3.99297911e-05,3.10041408e-03,6.49627928e-05,3.50828179e+00,3.91317985e-02,1.43458908e+04,2.15426808e+02,2.44329587e-03,6.41505674e-05,0.00000000e+00,0.00000000e+00,8.84900000e+00,1.10080583e-01
1.06500000e+01,2.03706919e-03,4.05093057e-05,0.00000000e+00,0.00000000e+00,5.19244382e-04,3.70721599e-05,3.08356588e-03,6.60789893e-05,3.51942560e+00,3.92481201e-02,1.43991131e+04,2.06153872e+02,2.47038275e-03,6.12354892e-05,0.00000000e+00,0.00000000e+00,0.00000000e+00,0.00000000e+00
1.07500000e+01,2.04321371e-03,4.53420870e-05,0.00000000e+00,0.00000000e+00,5.24656207e-04,4.05175182e-05,3.04954136e-03,6.54647025e-05,3.52242324e+00,4.19841499e-02,1.44309707e+04,2.28686933e+02,2.48218383e-03,6.78385327e-05,0.00000000e+00,0.00000000e+00,8.85120000e+00,1.08746716e-01
1.08500000e+01,2.04294793e-03,4.22385737e-05,0.00000000e+00,0.00000000e+00,5.26749724e-04,3.88076076e-05,3.04546145e-03,6.80025736e-05,3.52117376e+00,3.89433372e-02,1.44006681e+04,2.15671153e+02,2.48512051e-03,6.31965754e-05,0.00000000e+00,0.00000000e+00,0.00000000e+00,0.00000000e+00
1.09500000e+01,2.04428279e-03,4.33953022e-05,0.00000000e+00,0.00000000e+00,4.86914015e-04,3.66719788e-05,3.01078349e-03,7.05550999e-05,3.52283504e+00,4.04808735e-02,1.43734106e+04,2.22230935e+02,2.44730668e-03,6.16265985e-05,0.00000000e+00,0.00000000e+00,8.83080000e+00,1.08181948e-01
1.10500000e+01,2.02511051e-03,4.16258462e-05,0.00000000e+00,0.00000000e+00,4.90844734e-04,3.38167330e-05,3.00619206e-03,7.40308650e-05,3.50305597e+00,4.06684639e-02,1.42802008e+04,2.17520506e+02,2.43066691e-03,5.77020832e-05,0.00000000e+00,0.00000000e+00,0.00000000e+00,0.00000000e+00
1.11500000e+01,2.02043802e-03,4.07603079e-05,0.00000000e+00,0.00000000e+00,5.01541069e-04,3.77197741e-05,2.99651664e-03,7.15413328e-05,3.50587396e+00,3.84696197e-02,1.42380311e+04,2.02859021e+02,2.43823522e-03,5.96788091e-05,0.00000000e+00,0.00000000e+00,8.82360000e+00,1.07115334e-01
1.12500000e+01,2.00484035e-03,3.93946423e-05,0.00000000e+00,0.00000000e+00,5.13254896e-04,4.39718859e-05,2.98391335e-03,6.53260468e-05,3.49511336e+00,3.89922919e-02,1.41578486e+04,1.99610536e+02,2.43422406e-03,5.86985913e-05,0.00000000e+00,0.00000000e+00,0.00000000e+00,0.00000000e+00
1.13500000e+01,2.01595201e-03,3.38906397e-05,0.00000000e+00,0.00000000e+00,4.95858972e-04,3.94713807e-05,3.00025605e-03,8.27110572e-05,3.51068311e+00,3.75141316e-02,1.42165271e+04,1.77007766e+02,2.42781847e-03,5.53349780e-05,0.00000000e+00,0.00000000e+00,8.81940000e+00,1.06945117e-01
1.14500000e+01,2.02595954e-03,3.60427076e-05,0.00000000e+00,0.00000000e+00,5.03191055e-04,3.71038336e-05,2.98078788e-03,8.17725518e-05,3.50417422e+00,3.98151089e-02,1.42626640e+04,1.88885564e+02,2.44517775e-03,5.63336665e-05,0.00000000e+00,0.00000000e+00,0.00000000e+00,0.00000000e+00
1.15500000e+01,2.03368976e-03,4.05638114e-05,0.00000000e+00,0.00000000e+00,4.88661232e-04,2.90134102e-05,2.91363236e-03,6.16747455e-05,3.51383060e+00,4.57534884e-02,1.42843261e+04,2.17200488e+02,2.43921235e-03,5.37569702e-05,0.00000000e+00,0.00000000e+00,8.80640000e+00,1.07517729e-01
1.16500000e+01,2.00227930e-03,3.99512487e-05,0.00000000e+00,0.00000000e+00,4.60838955e-04,2.44895661e-05,2.84506269e-03,5.74543227e-05,3.48872209e+00,4.31649351e-02,1.41061980e+04,2.15619089e+02,2.38334252e-03,5.03897952e-05,0.00000000e+00,0.00000000e+00,0.00000000e+00,0.00000000e+00
1.17500000e+01,1.99217820e-03,3.93805558e-05,0.00000000e+00,0.00000000e+00,4.77599251e-04,2.46561991e-05,2.81868865e-03,5.47341915e-05,3.48848215e+00,4.28401502e-02,1.40454978e+04,2.12487127e+02,2.39033513e-03,4.90697318e-05,0.00000000e+00,0.00000000e+00,8.79940000e+00,1.09961555e-01
1.18500000e+01,1.99032036e-03,3.71673692e-05,0.00000000e+00,0.00000000e+00,4.77125161e-04,2.34642648e-05,2.80953273e-03,5.51395216e-05,3.47453978e+00,4.20423844e-02,1.40047953e+04,1.98851896e+02,2.38909332e-03,4.55591836e-05,0.00000000e+00,0.00000000e+00,0.00000000e+00,0.00000000e+00
1.19500000e+01,1.96877233e-03,3.87985478e-05,0.00000000e+00,0.00000000e+00,4.73235164e-04,2.39697953e-05,2.77697717e-03,5.80629757e-05,3.44647640e+00,4.20963065e-02,1.38843469e+04,2.05110929e+02,2.36464200e-03,5.05301121e-05,0.00000000e+00,0.00000000e+00,8.78060000e+00,1.11301910e-01
1.20500000e+01,1.99255745e-03,3.85057350e-05,0.00000000e+00,0.00000000e+00,4.67768923e-04,2.16678857e-05,2.76529589e-03,5.99630180e-05,3.47173385e+00,4.16040335e-02,1.39952553e+04,1.92181642e+02,2.38400375e-03,4.84491510e-05,0.00000000e+00,0.00000000e+00,0.00000000e+00,0.00000000e+00
1.21500000e+01,1.96478586e-03,3.75683278e-05,0.00000000e+00,0.00000000e+00,4.47061342e-04,1.68939759e-05,2.76122903e-03,6.23846365e-05,3.44259477e+00,4.46779294e-02,1.38258259e+04,1.92496646e+02,2.33527518e-03,4.47103083e-05,0.00000000e+00,0.00000000e+00,8.76940000e+00,1.11918487e-01
1.22500000e+01,1.97181187e-03,4.02263184e-05,0.00000000e+00,0.00000000e+00,4.52817758e-04,1.77647121e-05,2.76168014e-03,6.13330078e-05,3.44259998e+00,4.08898588e-02,1.38834929e+04,2.04473628e+02,2.34727034e-03,4.95487432e-05,0.00000000e+00,0.00000000e+00,0.00000000e+00,0.00000000e+00
1.23500000e+01,1.95751340e-03,3.65752412e-05,0.00000000e+00,0.00000000e+00,4.51376350e-04,1.79338271e-05,2.76491860e-03,6.71025561e-05,3.42720311e+00,3.83752560e-02,1.37892053e+04,1.84480417e+02,2.33136043e-03,4.61578450e-05,0.00000000e+00,0.00000000e+00,8.76180000e+00,1.11793063e-01
1.24500000e+01,1.96527336e-03,3.57879413e-05,0.00000000e+00,0.00000000e+00,4.70905634e-04,2.95504496e-05,2.75127765e-03,6.94357508e-05,3.44116183e+00,3.79803352e-02,1.39031110e+04,2.02297483e+02,2.35523136e-03,4.97121931e-05,0.00000000e+00,0.00000000e+00,0.00000000e+00,0.00000000e+00
1.25500000e+01,1.96408383e-03,3.58475739e-05,0.00000000e+00,0.00000000e+00,5.15827134e-04,4.63120383e-05,2.74632604e-03,7.68050916e-05,3.44187850e+00,4.04194950e-02,1.38086461e+04,1.82047210e+02,2.40226357e-03,5.86861235e-05,0.00000000e+00,0.00000000e+00,8.76040000e+00,1.10037085e-01
1.26500000e+01,1.98251755e-03,3.74346352e-05,0.00000000e+00,0.00000000e+00,4.92281064e-04,3.94149189e-05,2.69463553e-03,6.71401964e-05,3.46135634e+00,4.44042578e-02,1.39618652e+04,2.00890140e+02,2.39721366e-03,5.73392705e-05,0.00000000e+00,0.00000000e+00,0.00000000e+00,0.00000000e+00
1.27500000e+01,1.96715424e-03,3.97179720e-05,0.00000000e+00,0.00000000e+00,4.86828661e-04,2.93458595e-05,2.66892308e-03,6.10455858e-05,3.43295646e+00,4.44685727e-02,1.37887042e+04,2.05236075e+02,2.37908272e-03,5.23722624e-05,0.00000000e+00,0.00000000e+00,8.73840000e+00,1.11602926e-01
1.28500000e+01,1.96292142e-03,3.82181882e-05,0.00000000e+00,0.00000000e+00,4.55867977e-04,2.32770006e-05,2.65008617e-03,5.79652022e-05,3.43814960e+00,3.97408247e-02,1.37527839e+04,1.95655683e+02,2.34429174e-03,4.79659566e-05,0.00000000e+00,0.00000000e+00,0.00000000e+00,0.00000000e+00
1.29500000e+01,1.95979431e-03,3.50171093e-05,0.00000000e+00,0.00000000e+00,4.50668234e-04,1.91875673e-05,2.61903305e-03,5.81265174e-05,3.42606802e+00,4.06293354e-02,1.36765663e+04,1.85359307e+02,2.33680070e-03,4.29973129e-05,0.00000000e+00,0.00000000e+00,8.73700000e+00,1.09828902e-01
1.30500000e+01,1.96332099e-03,3.80930059e-05,0.00000000e+00,0.00000000e+00,4.56294952e-04,2.14775047e-05,2.61632905e-03,6.24576803e-05,3.41543745e+00,4.12246891e-02,1.36739268e+04,2.01204248e+02,2.34593975e-03,4.24124082e-05,0.00000000e+00,0.00000000e+00,0.00000000e+00,0.00000000e+00
1.31500000e+01,1.97997261e-03,3.99007417e-05,0.00000000e+00,0.00000000e+00,4.35726539e-04,2.01917657e-05,2.59701171e-03,6.45242052e-05,3.42665892e+00,4.05929131e-02,1.37282051e+04,2.03891268e+02,2.34252942e-03,4.78896366e-05,0.00000000e+00,0.00000000e+00,8.73220000e+00,1.10430065e-01
1.32500000e+01,1.99183382e-03,4.28941216e-05,0.00000000e+00,0.00000000e+00,4.31780130e-04,2.08316980e-05,2.56595080e-03,6.15249101e-05,3.41369380e+00,4.19299919e-02,1.37576995e+04,2.20104696e+02,2.35117024e-03,4.99997620e-05,0.00000000e+00,0.00000000e+00,0.00000000e+00,0.00000000e+00
1.33500000e+01,1.99087364e-03,4.06892043e-05,0.00000000e+00,0.00000000e+00,4.47674570e-04,2.58689255e-05,2.54320343e-03,6.01385601e-05,3.41869597e+00,4.18241865e-02,1.37608924e+04,2.12605394e+02,2.36683569e-03,5.14917258e-05,0.00000000e+00,0.00000000e+00,8.72300000e+00,1.10160643e-01
1.34500000e+01,1.96771269e-03,3.53560023e-05,0.00000000e+00,0.00000000e+00,4.47478413e-04,2.55278261e-05,2.51060975e-03,5.75434728e-05,3.39162979e+00,4.08214663e-02,1.36175573e+04,1.86318987e+02,2.34460660e-03,4.77478324e-05,0.00000000e+00,0.00000000e+00,0.00000000e+00,0.00000000e+00
1.35500000e+01,1.96779553e-03,3.92718513e-05,0.00000000e+00,0.00000000e+00,4.53274480e-04,2.28074119e-05,2.47527681e-03,5.71067337e-05,3.38395414e+00,4.44550294e-02,1.35868030e+04,2.05304705e+02,2.35147982e-03,4.89796153e-05,0.00000000e+00,0.00000000e+00,8.69720000e+00,1.09369637e-01
1.36500000e+01,1.94714296e-03,3.77580496e-05,0.00000000e+00,0.00000000e+00,4.61795587e-04,2.70312634e-05,2.44570258e-03,5.48748769e-05,3.38525906e+00,4.68024174e-02,1.35332048e+04,2.05453931e+02,2.33984500e-03,5.15564824e-05,0.00000000e+00,0.00000000e+00,0.00000000e+00,0.00000000e+00
1.37500000e+01,1.93922093e-03,3.29284846e-05,0.00000000e+00,0.00000000e+00,4.77238668e-04,3.12038623e-05,2.42175605e-03,5.04235393e-05,3.38292680e+00,4.21784566e-02,1.34799598e+04,1.75773562e+02,2.34817611e-03,4.96154745e-05,0.00000000e+00,0.00000000e+00,8.67640000e+00,1.09649073e-01
1.38500000e+01,1.95621795e-03,3.74048066e-05,0.00000000e+00,0.00000000e+00,4.46902988e-04,2.06821429e-05,2.38610673e-03,4.65316245e-05,3.38166476e+00,4.20211704e-02,1.35109150e+04,1.93430879e+02,2.33600072e-03,4.80502277e-05,0.00000000e+00,0.00000000e+00,0.00000000e+00,0.00000000e+00
1.39500000e+01,1.97839927e-03,3.73288925e-05,0.00000000e+00,0.00000000e+00,4.12605450e-04,1.59600549e-05,2.38734443e-03,4.61279969e-05,3.40053740e+00,3.97879539e-02,1.36382463e+04,1.92599941e+02,2.32387671e-03,4.70289427e-05,0.00000000e+00,0.00000000e+00,8.67260000e+00,1.08079642e-01
1.40500000e+01,1.97683792e-03,4.10884735e-05,0.00000000e+00,0.00000000e+00,4.31121559e-04,2.72094152e-05,2.38664628e-03,5.02021888e-05,3.37784375e+00,4.36243626e-02,1.35886826e+04,2.14781831e+02,2.34031293e-03,5.80547046e-05,0.00000000e+00,0.00000000e+00,0.00000000e+00,0.00000000e+00
1.41500000e+01,1.96271642e-03,4.40279761e-05,0.00000000e+00,0.00000000e+00,4.20307301e-04,1.90247902e-05,2.39200163e-03,5.16310647e-05,3.37305987e+00,4.36409410e-02,1.35578117e+04,2.32266895e+02,2.31389655e-03,5.13723006e-05,0.00000000e+00,0.00000000e+00,8.66960000e+00,1.08498080e-01
1.42500000e+01,1.94554643e-03,4.44078838e-05,0.00000000e+00,0.00000000e+00,4.24910315e-04,1.85797638e-05,2.36859854e-03,5.19577409e-05,3.35040766e+00,4.14525927e-02,1.34416219e+04,2.29681221e+02,2.30301317e-03,4.91749725e-05,0.00000000e+00,0.00000000e+00,0.00000000e+00,0.00000000e+00
1.43500000e+01,1.94429937e-03,3.98013792e-05,0.00000000e+00,0.00000000e+00,4.25379946e-04,2.01095250e-05,2.34024186e-03,4.90240915e-05,3.34828101e+00,3.74824318e-02,1.34030546e+04,1.97945529e+02,2.30319480e-03,4.45233354e-05,0.00000000e+00,0.00000000e+00,8.65460000e+00,1.08050710e-01
1.44500000e+01,1.94233796e-03,4.04042752e-05,0.00000000e+00,0.00000000e+00,4.22874191e-04,2.22673789e-05,2.30644116e-03,4.79521866e-05,3.32938324e+00,3.89592606e-02,1.33476734e+04,1.99151254e+02,2.29961451e-03,4.78494079e-05,0.00000000e+00,0.00000000e+00,0.00000000e+00,0.00000000e+00
1.45500000e+01,1.94250544e-03,4.07771334e-05,0.00000000e+00,0.00000000e+00,4.06018447e-04,1.83680550e-05,2.30493961e-03,5.78899753e-05,3.32669434e+00,3.80624947e-02,1.33337284e+04,2.06259332e+02,2.28266812e-03,4.86464637e-05,0.00000000e+00,0.00000000e+00,8.63820000e+00,1.09049957e-01
1.46500000e+01,1.93029062e-03,4.13901321e-05,0.00000000e+00,0.00000000e+00,4.13448214e-04,2.03507668e-05,2.28259667e-03,5.67321802e-05,3.31170479e+00,4.06977423e-02,1.32771706e+04,2.17195928e+02,2.27869605e-03,5.42009006e-05,0.00000000e+00,0.00000000e+00,0.00000000e+00,0.00000000e+00
1.47500000e+01,1.93097479e-03,4.19807921e-05,0.00000000e+00,0.00000000e+00,4.32300430e-04,2.70668455e-05,2.24419114e-03,5.19563900e-05,3.30893627e+00,4.03943870e-02,1.32702780e+04,2.14337758e+02,2.29923647e-03,6.02041391e-05,0.00000000e+00,0.00000000e+00,8.63400000e+00,1.08648845e-01
1.48500000e+01,1.92798492e-03,3.93188034e-05,0.00000000e+00,0.00000000e+00,4.29750070e-04,2.60395383e-05,2.22810326e-03,4.95929748e-05,3.30321503e+00,4.27930352e-02,1.32131290e+04,1.98899462e+02,2.29404382e-03,5.32435494e-05,0.00000000e+00,0.00000000e+00,0.00000000e+00,0.00000000e+00
1.49500000e+01,1.92566884e-03,3.72645058e-05,0.00000000e+00,0.00000000e+00,4.03161956e-04,1.57378213e-05,2.22552056e-03,5.36481308e-05,3.30905765e+00,3.75102421e-02,1.32040124e+04,1.88065562e+02,2.26553519e-03,4.51733959e-05,0.00000000e+00,0.00000000e+00,8.61820000e+00,1.06088407e-01
1.50500000e+01,1.92901389e-03,3.84783060e-05,0.00000000e+00,0.00000000e+00,4.21955661e-04,1.77578961e-05,2.23592646e-03,5.90123847e-05,3.30350892e+00,4.05046074e-02,1.32431103e+04,1.96555238e+02,2.28730479e-03,4.70724716e-05,0.00000000e+00,0.00000000e+00,0.00000000e+00,0.00000000e+00
1.51500000e+01,1.94012299e-03,3.84052528e-05,0.00000000e+00,0.00000000e+00,4.59611641e-04,2.92486284e-05,2.20975734e-03,5.70761550e-05,3.29343958e+00,3.82892439e-02,1.33134476e+04,1.90195490e+02,2.33665916e-03,5.06240965e-05,0.00000000e+00,0.00000000e+00,8.61780000e+00,1.06529785e-01
1.52500000e+01,1.95410671e-03,4.09732979e-05,0.00000000e+00,0.00000000e+00,4.61692592e-04,4.09562140e-05,2.19153326e-03,5.70105254e-05,3.32471407e+00,4.17991299e-02,1.33349803e+04,2.00043298e+02,2.35190453e-03,5.84258752e-05,0.00000000e+00,0.00000000e+00,0.00000000e+00,0.00000000e+00
1.53500000e+01,1.95190809e-03,3.94679091e-05,0.00000000e+00,0.00000000e+00,4.44377553e-04,2.27282361e-05,2.18348038e-03,5.48518287e-05,3.32575739e+00,4.04634286e-02,1.33149996e+04,1.94921092e+02,2.33255617e-03,5.17282215e-05,0.00000000e+00,0.00000000e+00,8.61780000e+00,1.04722876e-01
1.54500000e+01,1.94510784e-03,3.94900483e-05,0.00000000e+00,0.00000000e+00,4.31633717e-04,2.27315899e-05,2.17447511e-03,5.40325640e-05,3.31587077e+00,3.63846426e-02,1.32523621e+04,1.86521515e+02,2.31512740e-03,5.24285203e-05,0.00000000e+00,0.00000000e+00,0.00000000e+00,0.00000000e+00
1.55500000e+01,1.94219938e-03,4.11060903e-05,0.00000000e+00,0.00000000e+00,4.31044871e-04,1.75517786e-05,2.16180851e-03,5.55687437e-05,3.31936967e+00,3.98360661e-02,1.32280243e+04,2.00177392e+02,2.31176935e-03,4.98988045e-05,0.00000000e+00,0.00000000e+00,8.60040000e+00,1.00143554e-01
1.56500000e+01,1.95309336e-03,3.87793845e-05,0.00000000e+00,0.00000000e+00,4.37159648e-04,1.86172943e-05,2.18294774e-03,7.41744954e-05,3.30626525e+00,3.52882628e-02,1.32688309e+04,1.85644297e+02,2.32794335e-03,4.77636595e-05,0.00000000e+00,0.00000000e+00,0.00000000e+00,0.00000000e+00
1.57500000e+01,1.94587562e-03,4.20663193e-05,0.00000000e+00,0.00000000e+00,4.30301524e-04,2.02778391e-05,2.15225891e-03,6.61200797e-05,3.29550262e+00,4.17239720e-02,1.31859727e+04,2.10901228e+02,2.31504261e-03,5.27285153e-05,0.00000000e+00,0.00000000e+00,8.58740000e+00,1.00145531e-01
1.58500000e+01,1.92007375e-03,4.29781173e-05,0.00000000e+00,0.00000000e+00,4.71853797e-04,3.23133169e-05,2.08658422e-03,5.63270631e-05,3.26120769e+00,4.23650586e-02,1.29947031e+04,2.16046182e+02,2.33240826e-03,6.14361812e-05,0.00000000e+00,0.00000000e+00,0.00000000e+00,0.00000000e+00
1.59500000e+01,1.90779034e-03,4.18618701e-05,0.00000000e+00,0.00000000e+00,4.63900151e-04,3.39969679e-05,2.07155562e-03,5.63812154e-05,3.23725931e+00,4.09104193e-02,1.29000125e+04,2.10741054e+02,2.31282481e-03,5.83048445e-05,0.00000000e+00,0.00000000e+00,8.56480000e+00,9.92828324e-02
1.60500000e+01,1.88448432e-03,3.95077611e-05,0.00000000e+00,0.00000000e+00,4.86913097e-04,3.71644708e-05,2.05917621e-03,5.46887629e-05,3.22580415e+00,4.06823937e-02,1.28190794e+04,1.99741404e+02,2.31261278e-03,5.86706798e-05,0.00000000e+00,0.00000000e+00,0.00000000e+00,0.00000000e+00
1.61500000e+01,1.89273559e-03,4.09498236e-05,0.00000000e+00,0.00000000e+00,4.52520594e-04,3.41082571e-05,2.03452009e-03,5.26714773e-05,3.22413960e+00,4.05420803e-02,1.28508005e+04,2.08937019e+02,2.28699286e-03,5.86923838e-05,0.00000000e+00,0.00000000e+00,8.56040000e+00,1.01062906e-01
1.62500000e+01,1.91214152e-03,4.20857032e-05,0.00000000e+00,0.00000000e+00,4.31589633e-04,2.52433825e-05,2.01866460e-03,5.29675511e-05,3.25437302e+00,3.96880465e-02,1.29313408e+04,2.07822859e+02,2.28636396e-03,5.66211977e-05,0.00000000e+00,0.00000000e+00,0.00000000e+00,0.00000000e+00
1.63500000e+01,1.92145062e-03,4.26797640e-05,0.00000000e+00,0.00000000e+00,4.33596735e-04,2.20385505e-05,2.01196778e-03,5.56261066e-05,3.26761313e+00,4.05455118e-02,1.29779134e+04,2.09568239e+02,2.29816751e-03,5.64383140e-05,0.00000000e+00,0.00000000e+00,8.52840000e+00,1.01654621e-01
1.64500000e+01,1.91302592e-03,4.36599999e-05,0.00000000e+00,0.00000000e+00,4.39441406e-04,2.24514655e-05,2.00482052e-03,5.55170595e-05,3.24863410e+00,4.01301252e-02,1.29238074e+04,2.19601225e+02,2.29577023e-03,5.71718760e-05,0.00000000e+00,0.00000000e+00,0.00000000e+00,0.00000000e+00
1.65500000e+01,1.90344024e-03,3.99507096e-05,0.00000000e+00,0.00000000e+00,4.45069635e-04,2.15455081e-05,1.99198574e-03,5.67990492e-05,3.23284556e+00,3.99728130e-02,1.28491429e+04,2.02200586e+02,2.29222648e-03,5.09665813e-05,0.00000000e+00,0.00000000e+00,8.52020000e+00,1.01950564e-01
1.66500000e+01,1.91428101e-03,4.10522254e-05,0.00000000e+00,0.00000000e+00,4.81463599e-04,3.77062785e-05,2.00245768e-03,6.11470989e-05,3.24255249e+00,4.09873428e-02,1.28723228e+04,2.07281792e+02,2.33945232e-03,6.13621933e-05,0.00000000e+00,0.00000000e+00,0.00000000e+00,0.00000000e+00
1.67500000e+01,1.90366571e-03,4.06650553e-05,0.00000000e+00,0.00000000e+00,4.72429181e-04,3.45519086e-05,2.02365521e-03,6.43098239e-05,3.23873205e+00,3.80780006e-02,1.28399901e+04,2.02469516e+02,2.31919904e-03,6.09353594e-05,0.00000000e+00,0.00000000e+00,8.51400000e+00,1.01414888e-01
1.68500000e+01,1.89661020e-03,4.06469753e-05,0.00000000e+00,0.00000000e+00,4.39626308e-04,1.98855403e-05,1.97834757e-03,5.87711442e-05,3.22885657e+00,3.75307158e-02,1.27743802e+04,2.01548606e+02,2.28071006e-03,5.15385522e-05,0.00000000e+00,0.00000000e+00,0.00000000e+00,0.00000000e+00
1.69500000e+01,1.89140355e-03,4.04995650e-05,0.00000000e+00,0.00000000e+00,4.41831360e-04,2.29100255e-05,1.97279220e-03,6.12610238e-05,3.21397409e+00,3.70492533e-02,1.27538200e+04,2.06674237e+02,2.27757585e-03,5.10768945e-05,0.00000000e+00,0.00000000e+00,8.49800000e+00,1.01642832e-01
1.70500000e+01,1.89069731e-03,4.32325652e-05,0.00000000e+00,0.00000000e+00,4.55729927e-04,2.55693723e-05,1.98186438e-03,6.58005381e-05,3.20173929e+00,3.87073614e-02,1.27401923e+04,2.27659987e+02,2.29012641e-03,5.08480363e-05,0.00000000e+00,0.00000000e+00,0.00000000e+00,0.00000000e+00
1.71500000e+01,1.86607490e-03,4.29357164e-05,0.00000000e+00,0.00000000e+00,4.59802690e-04,2.25991481e-05,1.95813293e-03,6.35866922e-05,3.19051616e+00,4.04300076e-02,1.25944589e+04,2.29135738e+02,2.27018044e-03,4.82870177e-05,0.00000000e+00,0.00000000e+00,8.49260000e+00,1.01508946e-01
1.72500000e+01,1.86900954e-03,3.83781714e-05,0.00000000e+00,0.00000000e+00,4.74881708e-04,2.79372747e-05,1.90556374e-03,5.69043664e-05,3.19401007e+00,3.78753785e-02,1.25743715e+04,1.95312438e+02,2.28970968e-03,4.64778047e-05,0.00000000e+00,0.00000000e+00,0.00000000e+00,0.00000000e+00
1.73500000e+01,1.86999793e-03,4.03625607e-05,0.00000000e+00,0.00000000e+00,4.46126802e-04,2.58437589e-05,1.86942845e-03,5.69863059e-05,3.18864510e+00,3.73964480e-02,1.25675911e+04,1.97361674e+02,2.26291888e-03,4.97517205e-05,0.00000000e+00,0.00000000e+00,8.47820000e+00,9.96359455e-02
1.74500000e+01,1.86046911e-03,4.03012423e-05,0.00000000e+00,0.00000000e+00,4.40107032e-04,2.45649728e-05,1.82642750e-03,5.28157393e-05,3.15428357e+00,3.57458893e-02,1.24814468e+04,2.00754688e+02,2.24820748e-03,4.89314536e-05,0.00000000e+00,0.00000000e+00,0.00000000e+00,0.00000000e+00
1.75500000e+01,1.83609960e-03,3.96917187e-05,0.00000000e+00,0.00000000e+00,3.98213662e-04,1.71806070e-05,1.79766209e-03,5.34332300e-05,3.13985756e+00,3.65263137e-02,1.23671116e+04,2.01569635e+02,2.18293921e-03,4.65023944e-05,0.00000000e+00,0.00000000e+00,8.47780000e+00,1.02836621e-01
1.76500000e+01,1.85000446e-03,4.03782160e-05,0.00000000e+00,0.00000000e+00,4.11717198e-04,1.74205986e-05,1.79146582e-03,5.36704937e-05,3.16505109e+00,3.85602787e-02,1.24309356e+04,2.08046058e+02,2.21078890e-03,4.62037263e-05,0.00000000e+00,0.00000000e+00,0.00000000e+00,0.00000000e+00
1.77500000e+01,1.82582120e-03,3.84680929e-05,0.00000000e+00,0.00000000e+00,4.57492171e-04,4.98557073e-05,1.77917023e-03,5.32808075e-05,3.15137945e+00,3.60813994e-02,1.23104743e+04,1.88792893e+02,2.23259736e-03,6.42522585e-05,0.00000000e+00,0.00000000e+00,8.47140000e+00,1.00089760e-01
1.78500000e+01,1.83193221e-03,3.94543147e-05,0.00000000e+00,0.00000000e+00,3.98482340e-04,1.88537922e-05,1.76328340e-03,5.20754702e-05,3.13377305e+00,3.47907936e-02,1.22816071e+04,1.95158887e+02,2.18007978e-03,4.81170343e-05,0.00000000e+00,0.00000000e+00,0.00000000e+00,0.00000000e+00
1.79500000e+01,1.84572108e-03,4.14332908e-05,0.00000000e+00,0.00000000e+00,3.98137462e-04,2.09678504e-05,1.76460247e-03,5.46278350e-05,3.15559467e+00,3.61192202e-02,1.24115965e+04,2.10170605e+02,2.19347889e-03,4.83674320e-05,0.00000000e+00,0.00000000e+00,8.46720000e+00,9.94967090e-02
1.80500000e+01,1.85080900e-03,3.98529120e-05,0.00000000e+00,0.00000000e+00,3.83770805e-04,1.44285529e-05,1.81463504e-03,7.76991526e-05,3.14397861e+00,3.66529559e-02,1.23993316e+04,2.02089036e+02,2.18283272e-03,4.61108104e-05,0.00000000e+00,0.00000000e+00,0.00000000e+00,0.00000000e+00
1.81500000e+01,1.84583653e-03,3.88568537e-05,0.00000000e+00,0.00000000e+00,3.77863575e-04,1.50659384e-05,1.76630676e-03,5.64687643e-05,3.12830448e+00,3.54536765e-02,1.23437242e+04,1.95711012e+02,2.17312672e-03,4.40082415e-05,0.00000000e+00,0.00000000e+00,8.44140000e+00,9.98619496e-02
1.82500000e+01,1.83146285e-03,3.70181855e-05,0.00000000e+00,0.00000000e+00,3.78593379e-04,1.38132379e-05,1.74313528e-03,5.60135609e-05,3.13002429e+00,3.39497279e-02,1.22571208e+04,1.92000447e+02,2.16006485e-03,4.28738880e-05,0.00000000e+00,0.00000000e+00,0.00000000e+00,0.00000000e+00
1.83500000e+01,1.83787158e-03,3.84313036e-05,0.00000000e+00,0.00000000e+00,3.74899054e-04,1.47603767e-05,1.73710756e-03,5.50468244e-05,3.12999754e+00,3.28378591e-02,1.22713426e+04,2.00068284e+02,2.16293233e-03,4.33007835e-05,0.00000000e+00,0.00000000e+00,8.40920000e+00,9.70969808e-02
1.84500000e+01,1.82677014e-03,3.65648936e-05,0.00000000e+00,0.00000000e+00,3.74844086e-04,1.43636654e-05,1.73349692e-03,5.54097166e-05,3.12448826e+00,3.39508169e-02,1.21992774e+04,1.86999712e+02,2.15169237e-03,4.17004801e-05,0.00000000e+00,0.00000000e+00,0.00000000e+00,0.00000000e+00
1.85500000e+01,1.80768447e-03,3.52858923e-05,0.00000000e+00,0.00000000e+00,3.91202374e-04,1.64136836e-05,1.72396752e-03,5.33679018e-05,3.11395889e+00,3.64408885e-02,1.20829867e+04,1.82971061e+02,2.14931168e-03,4.14350513e-05,0.00000000e+00,0.00000000e+00,8.39440000e+00,9.58098286e-02
1.86500000e+01,1.82039774e-03,3.67993192e-05,0.00000000e+00,0.00000000e+00,4.23656617e-04,2.46017125e-05,1.71151900e-03,4.97760546e-05,3.11987011e+00,3.44009378e-02,1.21538467e+04,1.90711433e+02,2.19451332e-03,4.91254417e-05,0.00000000e+00,0.00000000e+00,0.00000000e+00,0.00000000e+00
1.87500000e+01,1.83114184e-03,3.87733569e-05,0.00000000e+00,0.00000000e+00,4.09769474e-04,2.15564029e-05,1.68942501e-03,4.72462056e-05,3.11775578e+00,3.55029730e-02,1.22002328e+04,2.01013149e+02,2.19210540e-03,4.90531284e-05,0.00000000e+00,0.00000000e+00,8.38100000e+00,9.68871635e-02
1.88500000e+01,1.82611934e-03,3.81419794e-05,0.00000000e+00,0.00000000e+00,4.17195875e-04,2.22754827e-05,1.66533702e-03,4.62725227e-05,3.12707983e+00,3.63632369e-02,1.21904917e+04,2.00951030e+02,2.19526252e-03,4.72277683e-05,0.00000000e+00,0.00000000e+00,0.00000000e+00,0.00000000e+00
1.89500000e+01,1.82336112e-03,3.78111690e-05,0.00000000e+00,0.00000000e+00,4.25062983e-04,2.32753406e-05,1.65679859e-03,4.78007489e-05,3.12005429e+00,3.69055294e-02,1.21642462e+04,1.94158806e+02,2.20081238e-03,4.58229300e-05,0.00000000e+00,0.00000000e+00,8.36200000e+00,9.61983495e-02
1.90500000e+01,1.83069033e-03,3.67618683e-05,0.00000000e+00,0.00000000e+00,4.15444681e-04,2.28710495e-05,1.64750177e-03,4.83270204e-05,3.12393635e+00,3.65254363e-02,1.21770508e+04,1.91852104e+02,2.19933845e-03,4.55702772e-05,0.00000000e+00,0.00000000e+00,0.00000000e+00,0.00000000e+00
1.91500000e+01,1.82893642e-03,3.69680821e-05,0.00000000e+00,0.00000000e+00,4.11519357e-04,2.32417391e-05,1.64258227e-03,4.92095867e-05,3.11121106e+00,3.65732839e-02,1.21472072e+04,1.93140567e+02,2.19338980e-03,4.46590266e-05,0.00000000e+00,0.00000000e+00,8.34980000e+00,9.73403413e-02
1.92500000e+01,1.83009405e-03,3.71945149e-05,0.00000000e+00,0.00000000e+00,4.14953328e-04,2.55514910e-05,1.74673547e-03,1.45149401e-04,3.09647873e+00,3.46088621e-02,1.21637728e+04,2.12591290e+02,2.19555324e-03,4.58596408e-05,0.00000000e+00,0.00000000e+00,0.00000000e+00,0.00000000e+00
1.93500000e+01,1.84304244e-03,4.38966407e-05,0.00000000e+00,0.00000000e+00,4.31814679e-04,2.80865199e-05,1.57871450e-03,4.82607804e-05,3.10004344e+00,3.67465444e-02,1.22016208e+04,2.39714809e+02,2.22930003e-03,5.88238559e-05,0.00000000e+00,0.00000000e+00,8.35300000e+00,9.71866498e-02
1.94500000e+01,1.81055572e-03,3.65601556e-05,0.00000000e+00,0.00000000e+00,4.58300968e-04,3.18794525e-05,1.55921549e-03,5.12027221e-05,3.09282488e+00,3.79799215e-02,1.19925784e+04,1.98935768e+02,2.22392912e-03,5.26912977e-05,0.00000000e+00,0.00000000e+00,0.00000000e+00,0.00000000e+00
1.95500000e+01,1.81406586e-03,3.70737929e-05,0.00000000e+00,0.00000000e+00,4.49405606e-04,3.95129633e-05,1.55387538e-03,4.82429427e-05,3.08858101e+00,3.57500360e-02,1.20043869e+04,1.96448191e+02,2.21874669e-03,6.06707316e-05,0.00000000e+00,0.00000000e+00,8.35080000e+00,9.62182214e-02
1.96500000e+01,1.78953119e-03,3.64703736e-05,0.00000000e+00,0.00000000e+00,4.29067526e-04,2.97052027e-05,1.56059764e-03,5.00487186e-05,3.07079786e+00,3.49280311e-02,1.18916126e+04,1.88345023e+02,2.17361981e-03,5.13542051e-05,0.00000000e+00,0.00000000e+00,0.00000000e+00,0.00000000e+00
1.97500000e+01,1.78302414e-03,3.83995768e-05,0.00000000e+00,0.00000000e+00,4.23132483e-04,2.60367928e-05,1.52902092e-03,4.53911669e-05,3.06330533e+00,3.54699255e-02,1.18439488e+04,1.99360112e+02,2.16202665e-03,4.84932378e-05,0.00000000e+00,0.00000000e+00,8.33820000e+00,9.73974353e-02
1.98500000e+01,1.77907617e-03,3.87710907e-05,0.00000000e+00,0.00000000e+00,3.99169204e-04,2.55253520e-05,1.50949245e-03,4.52809529e-05,3.04907643e+00,3.64322552e-02,1.17911733e+04,2.03151857e+02,2.13460103e-03,4.96253364e-05,0.00000000e+00,0.00000000e+00,0.00000000e+00,0.00000000e+00
1.99500000e+01,1.77477190e-03,3.64310308e-05,0.00000000e+00,0.00000000e+00,3.86113500e-04,2.29583426e-05,1.50862436e-03,5.06637413e-05,3.04100756e+00,3.29266067e-02,1.17696100e+04,1.97862335e+02,2.11691087e-03,4.20848738e-05,0.00000000e+00,0.00000000e+00,8.32220000e+00,9.61080557e-02
2.00500000e+01,1.75978612e-03,3.54313521e-05,0.00000000e+00,0.00000000e+00,3.97439411e-04,2.45626004e-05,1.50470391e-03,5.07397788e-05,3.03875221e+00,3.31830327e-02,1.16757164e+04,1.78303322e+02,2.11425700e-03,4.46225257e-05,0.00000000e+00,0.00000000e+00,0.00000000e+00,0.00000000e+00
2.01500000e+01,1.74724468e-03,3.41006782e-05,0.00000000e+00,0.00000000e+00,4.61944217e-04,5.85445056e-05,1.48253254e-03,4.83907686e-05,3.03484890e+00,3.19408142e-02,1.15977075e+04,1.72509845e+02,2.16679354e-03,7.30844969e-05,0.00000000e+00,0.00000000e+00,8.29960000e+00,9.39904294e-02
2.02500000e+01,1.74461534e-03,3.49835720e-05,0.00000000e+00,0.00000000e+00,4.45534658e-04,5.70049953e-05,1.47052661e-03,4.82298387e-05,3.03014480e+00,3.44967125e-02,1.15579603e+04,1.82352455e+02,2.14798205e-03,7.33741797e-05,0.00000000e+00,0.00000000e+00,0.00000000e+00,0.00000000e+00
2.03500000e+01,1.74451754e-03,3.51821503e-05,0.00000000e+00,0.00000000e+00,3.78620751e-04,2.50026857e-05,1.44592458e-03,4.98347143e-05,3.02784036e+00,3.60268672e-02,1.15743194e+04,1.91099604e+02,2.08157410e-03,4.61192975e-05,0.00000000e+00,0.00000000e+00,8.28940000e+00,9.30452644e-02
2.04500000e+01,1.73983887e-03,3.37111620e-05,0.00000000e+00,0.00000000e+00,3.67654170e-04,1.57548648e-05,1.43436298e-03,4.97307278e-05,3.02651983e+00,3.16645149e-02,1.15112723e+04,1.69080117e+02,2.06633814e-03,3.94704590e-05,0.00000000e+00,0.00000000e+00,0.00000000e+00,0.00000000e+00
2.05500000e+01,1.72412103e-03,3.17935905e-05,0.00000000e+00,0.00000000e+00,3.55428706e-04,1.59563566e-05,1.43220054e-03,5.01948724e-05,3.01842744e+00,3.17791973e-02,1.14335931e+04,1.57500070e+02,2.03801281e-03,3.83700004e-05,0.00000000e+00,0.00000000e+00,8.27460000e+00,9.25750484e-02
2.06500000e+01,1.73008064e-03,3.02916361e-05,0.00000000e+00,0.00000000e+00,3.71972968e-04,1.90781119e-05,1.42292256e-03,5.07679758e-05,3.01973314e+00,2.84065812e-02,1.15017442e+04,1.52508194e+02,2.06082121e-03,3.72078612e-05,0.00000000e+00,0.00000000e+00,0.00000000e+00,0.00000000e+00
2.07500000e+01,1.73494044e-03,3.31905401e-05,0.00000000e+00,0.00000000e+00,3.67129252e-04,1.81845888e-05,1.39644641e-03,4.61212640e-05,3.01531228e+00,3.19157377e-02,1.15459379e+04,1.80421530e+02,2.06137012e-03,3.95541801e-05,0.00000000e+00,0.00000000e+00,8.26520000e+00,9.29060267e-02
2.08500000e+01,1.71814201e-03,3.32827779e-05,0.00000000e+00,0.00000000e+00,3.53384898e-04,1.49043615e-05,1.37531681e-03,4.64525272e-05,2.99261006e+00,3.23774293e-02,1.13705408e+04,1.76081738e+02,2.03127483e-03,3.93974149e-05,0.00000000e+00,0.00000000e+00,0.00000000e+00,0.00000000e+00
2.09500000e+01,1.71188474e-03,3.26584195e-05,0.00000000e+00,0.00000000e+00,3.94048290e-04,4.30148970e-05,1.36785365e-03,4.53546723e-05,2.97526865e+00,3.41225827e-02,1.13182444e+04,1.76604778e+02,2.06599494e-03,4.98666639e-05,0.00000000e+00,0.00000000e+00,8.25040000e+00,9.16105154e-02
2.10500000e+01,1.71202779e-03,3.33988056e-05,0.00000000e+00,0.00000000e+00,3.81673530e-04,1.48616465e-05,1.36275894e-03,4.35621291e-05,2.95383417e+00,3.32770309e-02,1.12845231e+04,1.76645214e+02,2.05384894e-03,3.88365609e-05,0.00000000e+00,0.00000000e+00,0.00000000e+00,0.00000000e+00
2.11500000e+01,1.70647149e-03,3.54713429e-05,0.00000000e+00,0.00000000e+00,3.88859270e-04,1.78420709e-05,1.33948534e-03,4.15071833e-05,2.96432922e+00,3.71806502e-02,1.12814027e+04,1.93663919e+02,2.05620962e-03,3.87396448e-05,0.00000000e+00,0.00000000e+00,8.24660000e+00,9.16980894e-02
2.12500000e+01,1.71276372e-03,3.78987120e-05,0.00000000e+00,0.00000000e+00,3.84610459e-04,1.69236742e-05,1.33767699e-03,4.13513785e-05,2.95115028e+00,3.69167977e-02,1.12646234e+04,1.95540476e+02,2.05842066e-03,4.05163143e-05,0.00000000e+00,0.00000000e+00,0.00000000e+00,0.00000000e+00
2.13500000e+01,1.71078505e-03,3.92056446e-05,0.00000000e+00,0.00000000e+00,3.99633769e-04,2.01486981e-05,1.34089411e-03,4.16229487e-05,2.95097613e+00,3.48193232e-02,1.12476132e+04,2.01514321e+02,2.07127344e-03,4.07998516e-05,0.00000000e+00,0.00000000e+00,8.24680000e+00,9.09534261e-02
2.14500000e+01,1.72021194e-03,4.07003706e-05,0.00000000e+00,0.00000000e+00,3.93171932e-04,1.92266145e-05,1.33524279e-03,4.13524653e-05,2.95587457e+00,3.30227673e-02,1.13029616e+04,2.04288753e+02,2.07430087e-03,4.47768177e-05,0.00000000e+00,0.00000000e+00,0.00000000e+00,0.00000000e+00
2.15500000e+01,1.71966004e-03,3.75858263e-05,0.00000000e+00,0.00000000e+00,4.15785972e-04,2.39998619e-05,1.33299742e-03,4.21992185e-05,2.96090744e+00,3.52561493e-02,1.12941847e+04,1.93629316e+02,2.09636306e-03,4.85150938e-05,0.00000000e+00,0.00000000e+00,8.22900000e+00,8.91626581e-02
2.16500000e+01,1.73479461e-03,3.66176321e-05,0.00000000e+00,0.00000000e+00,3.96839319e-04,2.23740263e-05,1.34840101e-03,4.98976263e-05,2.96302860e+00,3.48369137e-02,1.13508576e+04,1.92477628e+02,2.09232288e-03,4.49167910e-05,0.00000000e+00,0.00000000e+00,0.00000000e+00,0.00000000e+00
2.17500000e+01,1.68959463e-03,3.36930997e-05,0.00000000e+00,0.00000000e+00,4.06205284e-04,2.64544787e-05,1.29439848e-03,3.99010065e-05,2.91760547e+00,3.29942604e-02,1.10863154e+04,1.74849151e+02,2.05802633e-03,4.49644800e-05,0.00000000e+00,0.00000000e+00,8.23520000e+00,8.80566793e-02
2.18500000e+01,1.68247189e-03,3.24076172e-05,0.00000000e+00,0.00000000e+00,3.91670770e-04,2.21773990e-05,1.27131096e-03,4.04387837e-05,2.92905829e+00,3.06588473e-02,1.10773185e+04,1.63936053e+02,2.03729615e-03,4.03389604e-05,0.00000000e+00,0.00000000e+00,0.00000000e+00,0.00000000e+00
2.19500000e+01,1.68026093e-03,3.15242987e-05,0.00000000e+00,0.00000000e+00,3.99762217e-04,2.35458506e-05,1.25993239e-03,3.97842014e-05,2.93109960e+00,3.04409137e-02,1.10414495e+04,1.59224060e+02,2.04381331e-03,3.93864742e-05,0.00000000e+00,0.00000000e+00,8.21380000e+00,8.70551737e-02
2.20500000e+01,1.67019485e-03,3.16525163e-05,0.00000000e+00,0.00000000e+00,4.06522991e-04,2.51946094e-05,1.25198530e-03,4.06978434e-05,2.92502257e+00,3.21813214e-02,1.10138665e+04,1.62663029e+02,2.04026785e-03,4.17490101e-05,0.00000000e+00,0.00000000e+00,0.00000000e+00,0.00000000e+00
2.21500000e+01,1.64971612e-03,2.96549286e-05,0.00000000e+00,0.00000000e+00,3.72625675e-04,1.96646658e-05,1.23898890e-03,4.07718980e-05,2.90976502e+00,2.98537073e-02,1.09115394e+04,1.51637002e+02,1.98589442e-03,3.73651588e-05,0.00000000e+00,0.00000000e+00,8.20380000e+00,8.75129798e-02
2.22500000e+01,1.65650368e-03,3.00331414e-05,0.00000000e+00,0.00000000e+00,3.56285945e-04,1.56667314e-05,1.23638151e-03,4.05159913e-05,2.92340134e+00,3.24371520e-02,1.09290571e+04,1.56795108e+02,1.97679508e-03,3.87648955e-05,0.00000000e+00,0.00000000e+00,0.00000000e+00,0.00000000e+00
2.23500000e+01,1.67919067e-03,3.49441668e-05,0.00000000e+00,0.00000000e+00,3.48663138e-04,1.55673176e-05,1.23469329e-03,3.94958718e-05,2.92342010e+00,3.37186301e-02,1.10178903e+04,1.78894261e+02,1.99190719e-03,4.41039319e-05,0.00000000e+00,0.00000000e+00,8.19480000e+00,8.96128817e-02
2.24500000e+01,1.64800465e-03,3.04868527e-05,0.00000000e+00,0.00000000e+00,3.67374192e-04,1.83408086e-05,1.23118143e-03,3.91160000e-05,2.90498657e+00,2.91169627e-02,1.08535880e+04,1.57761710e+02,1.97920445e-03,3.96786547e-05,0.00000000e+00,0.00000000e+00,0.00000000e+00,0.00000000e+00
2.25500000e+01,1.65201968e-03,3.15199134e-05,0.00000000e+00,0.00000000e+00,3.65558671e-04,2.24572333e-05,1.22413595e-03,3.86107067e-05,2.89903790e+00,2.97232064e-02,1.08887041e+04,1.55908410e+02,1.98156712e-03,4.15146036e-05,0.00000000e+00,0.00000000e+00,8.18460000e+00,8.81868193e-02
2.26500000e+01,1.63532692e-03,3.10504194e-05,0.00000000e+00,0.00000000e+00,3.50536221e-04,1.82302486e-05,1.26520469e-03,5.53060388e-05,2.87276948e+00,2.92446266e-02,1.07723751e+04,1.63339468e+02,1.94888383e-03,3.87011879e-05,0.00000000e+00,0.00000000e+00,0.00000000e+00,0.00000000e+00
2.27500000e+01,1.63157117e-03,2.97773141e-05,0.00000000e+00,0.00000000e+00,3.33193576e-04,1.26970775e-05,1.36969355e-03,1.18303733e-04,2.87651323e+00,2.96656736e-02,1.07979263e+04,1.63006049e+02,1.92473780e-03,3.42146593e-05,0.00000000e+00,0.00000000e+00,8.17900000e+00,9.01147794e-02
2.28500000e+01,1.64036809e-03,2.98403404e-05,0.00000000e+00,0.00000000e+00,3.36002041e-04,1.65599556e-05,1.26536180e-03,6.93145972e-05,2.88102771e+00,2.81306682e-02,1.07882606e+04,1.53207929e+02,1.93889000e-03,3.69757751e-05,0.00000000e+00,0.00000000e+00,0.00000000e+00,0.00000000e+00
2.29500000e+01,1.64505441e-03,3.09392488e-05,0.00000000e+00,0.00000000e+00,3.38868674e-04,1.10983274e-05,1.25181627e-03,6.97731790e-05,2.88130647e+00,2.73656317e-02,1.07919214e+04,1.57845680e+02,1.94677127e-03,3.49042675e-05,0.00000000e+00,0.00000000e+00,8.17000000e+00,9.12672684e-02
2.30500000e+01,1.64456674e-03,2.89430806e-05,0.00000000e+00,0.00000000e+00,3.53454518e-04,1.35537931e-05,1.21907489e-03,6.33449541e-05,2.88502027e+00,2.79275152e-02,1.07951010e+04,1.51137588e+02,1.96186192e-03,3.49663521e-05,0.00000000e+00,0.00000000e+00,0.00000000e+00,0.00000000e+00
2.31500000e+01,1.62213916e-03,2.98317676e-05,0.00000000e+00,0.00000000e+00,3.67856610e-04,1.50619922e-05,1.16460121e-03,4.12539262e-05,2.86516635e+00,2.82618345e-02,1.06391590e+04,1.51473313e+02,1.95525234e-03,3.66328352e-05,0.00000000e+00,0.00000000e+00,8.16160000e+00,9.40279420e-02
2.32500000e+01,1.62932000e-03,3.12912322e-05,0.00000000e+00,0.00000000e+00,3.72490712e-04,1.69106885e-05,1.14816356e-03,3.87678725e-05,2.86180602e+00,2.84638494e-02,1.06884372e+04,1.61584206e+02,1.96761160e-03,3.68919680e-05,0.00000000e+00,0.00000000e+00,0.00000000e+00,0.00000000e+00
2.33500000e+01,1.62111460e-03,2.88729062e-05,0.00000000e+00,0.00000000e+00,3.67714988e-04,1.61062731e-05,1.14161708e-03,3.80273620e-05,2.84889209e+00,2.99762811e-02,1.06566581e+04,1.58999537e+02,1.95435497e-03,3.52435642e-05,0.00000000e+00,0.00000000e+00,8.16420000e+00,9.40482247e-02
2.34500000e+01,1.61268196e-03,2.93119718e-05,0.00000000e+00,0.00000000e+00,4.06189069e-04,5.00717675e-05,1.13373759e-03,4.04420881e-05,2.83264396e+00,2.80038152e-02,1.05574922e+04,1.53145794e+02,1.98503791e-03,6.51791257e-05,0.00000000e+00,0.00000000e+00,0.00000000e+00,0.00000000e+00
2.35500000e+01,1.61829429e-03,2.94954138e-05,0.00000000e+00,0.00000000e+00,3.64107686e-04,1.97554551e-05,1.12141069e-03,4.02702722e-05,2.82854992e+00,2.87668236e-02,1.05601176e+04,1.51901309e+02,1.94889835e-03,3.98394259e-05,0.00000000e+00,0.00000000e+00,8.15360000e+00,9.53394622e-02
2.36500000e+01,1.61108281e-03,3.23618168e-05,0.00000000e+00,0.00000000e+00,3.54601573e-04,1.91446066e-05,1.11551239e-03,3.91920973e-05,2.82084797e+00,2.85643353e-02,1.05281126e+04,1.67201265e+02,1.93213246e-03,4.28685481e-05,0.00000000e+00,0.00000000e+00,0.00000000e+00,0.00000000e+00
2.37500000e+01,1.59739086e-03,3.05282635e-05,0.00000000e+00,0.00000000e+00,3.63020225e-04,2.17547358e-05,1.11141329e-03,3.93687345e-05,2.81161993e+00,3.01501898e-02,1.04557881e+04,1.60164181e+02,1.92704477e-03,4.23148863e-05,0.00000000e+00,0.00000000e+00,8.13280000e+00,9.49027601e-02
2.38500000e+01,1.59175808e-03,3.04268313e-05,0.00000000e+00,0.00000000e+00,4.17466288e-04,5.59528298e-05,1.10810026e-03,3.94026901e-05,2.79864776e+00,2.83349237e-02,1.04183678e+04,1.52356131e+02,1.97582287e-03,6.87958841e-05,0.00000000e+00,0.00000000e+00,0.00000000e+00,0.00000000e+00
2.39500000e+01,1.59128028e-03,2.91521196e-05,0.00000000e+00,0.00000000e+00,4.14948531e-04,5.28264819e-05,1.09944983e-03,3.88885190e-05,2.79232266e+00,2.73418452e-02,1.04026916e+04,1.46699486e+02,1.97301945e-03,6.31986919e-05,0.00000000e+00,0.00000000e+00,8.11420000e+00,9.41982668e-02
2.40500000e+01,1.59273256e-03,3.12967994e-05,0.00000000e+00,0.00000000e+00,3.53993185e-04,2.17085348e-05,1.08496655e-03,3.81420887e-05,2.79744033e+00,2.78769850e-02,1.04218942e+04,1.58346266e+02,1.91391506e-03,3.96116352e-05,0.00000000e+00,0.00000000e+00,0.00000000e+00,0.00000000e+00
2.41500000e+01,1.59720988e-03,3.18195078e-05,0.00000000e+00,0.00000000e+00,3.52936696e-04,2.10246749e-05,1.08078750e-03,3.80438523e-05,2.81721866e+00,3.32248294e-02,1.04467052e+04,1.66133830e+02,1.91791393e-03,4.07701553e-05,0.00000000e+00,0.00000000e+00,8.09520000e+00,9.56239403e-02
2.42500000e+01,1.60282329e-03,3.11628896e-05,0.00000000e+00,0.00000000e+00,3.49258029e-04,2.89992358e-05,1.10579354e-03,5.03666083e-05,2.79933948e+00,3.00723940e-02,1.04613451e+04,1.58933689e+02,1.91794052e-03,4.95823873e-05,0.00000000e+00,0.00000000e+00,0.00000000e+00,0.00000000e+00
2.43500000e+01,1.60801232e-03,3.50658327e-05,0.00000000e+00,0.00000000e+00,3.21060202e-04,1.29296367e-05,1.12689979e-03,6.17372184e-05,2.79219081e+00,3.40301321e-02,1.04730135e+04,1.80585280e+02,1.89367563e-03,3.97650124e-05,0.00000000e+00,0.00000000e+00,8.06700000e+00,9.55073456e-02
2.44500000e+01,1.60429119e-03,3.40163378e-05,0.00000000e+00,0.00000000e+00,3.27405546e-04,1.18416730e-05,1.13262869e-03,7.00054188e-05,2.79514933e+00,3.26108537e-02,1.04814206e+04,1.86176895e+02,1.89899980e-03,3.82411884e-05,0.00000000e+00,0.00000000e+00,0.00000000e+00,0.00000000e+00
2.45500000e+01,1.58290025e-03,3.00015742e-05,0.00000000e+00,0.00000000e+00,3.30305230e-04,1.34873092e-05,1.08559349e-03,4.31571022e-05,2.76954607e+00,2.94307754e-02,1.02955485e+04,1.52903451e+02,1.88176897e-03,3.58415684e-05,0.00000000e+00,0.00000000e+00,8.06040000e+00,9.34145730e-02
2.46500000e+01,1.59139475e-03,3.14275916e-05,0.00000000e+00,0.00000000e+00,3.30708712e-04,1.43440304e-05,1.09989404e-03,4.60598059e-05,2.76062572e+00,2.92927745e-02,1.03662890e+04,1.58405584e+02,1.89000164e-03,3.85468397e-05,0.00000000e+00,0.00000000e+00,0.00000000e+00,0.00000000e+00
2.47500000e+01,1.59394577e-03,3.06289351e-05,0.00000000e+00,0.00000000e+00,3.58373235e-04,2.34601477e-05,1.07960498e-03,4.42740678e-05,2.78577180e+00,3.03842004e-02,1.04061847e+04,1.56723086e+02,1.91954962e-03,4.26831349e-05,0.00000000e+00,0.00000000e+00,8.05320000e+00,9.23119998e-02
2.48500000e+01,1.59768065e-03,3.07077382e-05,0.00000000e+00,0.00000000e+00,3.29166967e-04,1.38971466e-05,1.10288589e-03,5.48939016e-05,2.80060638e+00,2.95912036e-02,1.04561778e+04,1.54719221e+02,1.89084175e-03,3.83813611e-05,0.00000000e+00,0.00000000e+00,0.00000000e+00,0.00000000e+00
2.49500000e+01,1.59482795e-03,2.99342024e-05,0.00000000e+00,0.00000000e+00,3.27603066e-04,1.41492759e-05,1.06396512e-03,4.53875322e-05,2.77004237e+00,2.60348884e-02,1.03813394e+04,1.50860478e+02,1.89144399e-03,3.58255672e-05,0.00000000e+00,0.00000000e+00,8.03500000e+00,9.20989929e-02
2.50500000e+01,1.58252419e-03,2.79886206e-05,0.00000000e+00,0.00000000e+00,3.44002439e-04,1.50383084e-05,1.02527351e-03,4.05281466e-05,2.75444076e+00,2.73118529e-02,1.02751476e+04,1.40599392e+02,1.89675592e-03,3.26367500e-05,0.00000000e+00,0.00000000e+00,0.00000000e+00,0.00000000e+00
2.51500000e+01,1.57191770e-03,2.78911000e-05,0.00000000e+00,0.00000000e+00,3.64389635e-04,2.23316600e-05,9.99484799e-04,4.00586610e-05,2.74870064e+00,2.75653281e-02,1.02018867e+04,1.42887149e+02,1.90728092e-03,3.35439976e-05,0.00000000e+00,0.00000000e+00,8.03080000e+00,9.42544710e-02
2.52500000e+01,1.56315243e-03,2.83261693e-05,0.00000000e+00,0.00000000e+00,3.74860425e-04,3.13602848e-05,9.71746961e-04,3.62497675e-05,2.76717997e+00,2.90421103e-02,1.01595184e+04,1.44421203e+02,1.90970563e-03,4.40719398e-05,0.00000000e+00,0.00000000e+00,0.00000000e+00,0.00000000e+00
2.53500000e+01,1.55891958e-03,3.02637933e-05,0.00000000e+00,0.00000000e+00,3.50530710e-04,1.87630044e-05,9.68157069e-04,3.67162898e-05,2.75616280e+00,3.07433768e-02,1.01126119e+04,1.55541311e+02,1.88121878e-03,3.71550428e-05,0.00000000e+00,0.00000000e+00,8.01920000e+00,9.43488274e-02
2.54500000e+01,1.55304196e-03,2.89150301e-05,0.00000000e+00,0.00000000e+00,3.34541312e-04,1.40504117e-05,9.65719112e-04,3.64434336e-05,2.74036281e+00,3.01572815e-02,1.00800494e+04,1.50776916e+02,1.85944841e-03,3.38326084e-05,0.00000000e+00,0.00000000e+00,0.00000000e+00,0.00000000e+00
2.55500000e+01,1.54874070e-03,2.66036959e-05,0.00000000e+00,0.00000000e+00,3.42654161e-04,1.53609096e-05,9.41191826e-04,3.44740455e-05,2.72662390e+00,2.78705183e-02,1.00321631e+04,1.38049281e+02,1.86395026e-03,3.09270261e-05,0.00000000e+00,0.00000000e+00,8.01600000e+00,9.45049399e-02
2.56500000e+01,1.54985163e-03,3.06063710e-05,0.00000000e+00,0.00000000e+00,3.54401238e-04,2.71626396e-05,9.27146169e-04,3.45112578e-05,2.71412026e+00,2.96043897e-02,1.00229176e+04,1.52671645e+02,1.87721322e-03,4.25367031e-05,0.00000000e+00,0.00000000e+00,0.00000000e+00,0.00000000e+00
2.57500000e+01,1.56592383e-03,3.30578469e-05,0.00000000e+00,0.00000000e+00,3.33972944e-04,1.45065652e-05,9.18314361e-04,3.45192176e-05,2.72168372e+00,3.10551191e-02,1.01163729e+04,1.68375400e+02,1.87312313e-03,3.82732997e-05,0.00000000e+00,0.00000000e+00,8.00220000e+00,9.23459733e-02
2.58500000e+01,1.56370853e-03,3.29128900e-05,0.00000000e+00,0.00000000e+00,3.38340989e-04,1.68768061e-05,9.07389397e-04,3.41482657e-05,2.70932000e+00,3.35336152e-02,1.00823818e+04,1.66261089e+02,1.87555074e-03,4.10821086e-05,0.00000000e+00,0.00000000e+00,0.00000000e+00,0.00000000e+00
2.59500000e+01,1.55541860e-03,3.15935244e-05,0.00000000e+00,0.00000000e+00,3.51949887e-04,2.04581331e-05,9.27765288e-04,4.81274308e-05,2.68486074e+00,3.05294437e-02,1.00141174e+04,1.60102045e+02,1.88030239e-03,3.99885167e-05,0.00000000e+00,0.00000000e+00,7.98420000e+00,9.38174911e-02
2.60500000e+01,1.55376755e-03,3.48595687e-05,0.00000000e+00,0.00000000e+00,3.60156086e-04,1.87496117e-05,9.17960480e-04,4.43439448e-05,2.68855558e+00,3.07474494e-02,1.00050878e+04,1.72643384e+02,1.88715919e-03,4.41159937e-05,0.00000000e+00,0.00000000e+00,0.00000000e+00,0.00000000e+00
2.61500000e+01,1.54443199e-03,3.05956902e-05,0.00000000e+00,0.00000000e+00,3.74943930e-04,2.03922597e-05,8.87511593e-04,3.45139429e-05,2.68876233e+00,2.98922001e-02,9.99216223e+03,1.56341293e+02,1.89336564e-03,4.13288398e-05,0.00000000e+00,0.00000000e+00,7.98020000e+00,9.35427393e-02
2.62500000e+01,1.54186392e-03,3.40645839e-05,0.00000000e+00,0.00000000e+00,3.82675701e-04,2.16134345e-05,8.80680830e-04,3.38762103e-05,2.67036083e+00,2.97873498e-02,9.93541876e+03,1.73791820e+02,1.89870496e-03,4.45835737e-05,0.00000000e+00,0.00000000e+00,0.00000000e+00,0.00000000e+00
2.63500000e+01,1.53786314e-03,3.29442823e-05,0.00000000e+00,0.00000000e+00,4.26281041e-04,5.31143155e-05,8.71267526e-04,3.27642386e-05,2.68508803e+00,3.05473747e-02,9.90892113e+03,1.67082393e+02,1.93850179e-03,5.75838521e-05,0.00000000e+00,0.00000000e+00,7.97920000e+00,9.35668876e-02
2.64500000e+01,1.51839041e-03,3.13725713e-05,0.00000000e+00,0.00000000e+00,3.68037970e-04,2.54115415e-05,8.69496982e-04,3.18236504e-05,2.66312881e+00,3.14838355e-02,9.77117730e+03,1.55756647e+02,1.86051547e-03,4.09999931e-05,0.00000000e+00,0.00000000e+00,0.00000000e+00,0.00000000e+00
2.65500000e+01,1.49335854e-03,3.25095529e-05,0.00000000e+00,0.00000000e+00,3.95681500e-04,5.41238250e-05,8.59887469e-04,3.12699878e-05,2.64712435e+00,3.30113881e-02,9.65012679e+03,1.61659104e+02,1.86344989e-03,6.25087878e-05,0.00000000e+00,0.00000000e+00,7.96540000e+00,9.28154676e-02
2.66500000e+01,1.48965672e-03,3.18419478e-05,0.00000000e+00,0.00000000e+00,4.44656040e-04,7.81636881e-05,8.47310054e-04,3.11596661e-05,2.64410988e+00,3.45167560e-02,9.64257782e+03,1.63852271e+02,1.90923407e-03,8.02368133e-05,0.00000000e+00,0.00000000e+00,0.00000000e+00,0.00000000e+00
2.67500000e+01,1.50164738e-03,3.13472459e-05,0.00000000e+00,0.00000000e+00,3.80563717e-04,2.79417098e-05,8.40155434e-04,3.08912119e-05,2.65398508e+00,3.25959097e-02,9.70120915e+03,1.62968380e+02,1.85728142e-03,4.25254990e-05,0.00000000e+00,0.00000000e+00,7.93700000e+00,9.15932668e-02
2.68500000e+01,1.49588332e-03,3.07350387e-05,0.00000000e+00,0.00000000e+00,3.76216470e-04,5.09014516e-05,8.28491994e-04,3.09066382e-05,2.65077519e+00,3.05075276e-02,9.66368932e+03,1.55905371e+02,1.84747086e-03,6.49271801e-05,0.00000000e+00,0.00000000e+00,0.00000000e+00,0.00000000e+00
2.69500000e+01,1.47022144e-03,3.15501453e-05,0.00000000e+00,0.00000000e+00,3.76782342e-04,4.03475518e-05,8.26134525e-04,3.02560382e-05,2.61773870e+00,3.14649795e-02,9.51252291e+03,1.64079140e+02,1.82241801e-03,5.95627192e-05,0.00000000e+00,0.00000000e+00,7.91940000e+00,9.15478731e-02
2.70500000e+01,1.46536221e-03,3.14629074e-05,0.00000000e+00,0.00000000e+00,3.57127350e-04,2.65767209e-05,8.22289072e-04,3.12886873e-05,2.61439115e+00,3.16033837e-02,9.46300282e+03,1.62324444e+02,1.79823950e-03,4.81123309e-05,0.00000000e+00,0.00000000e+00,0.00000000e+00,0.00000000e+00
2.71500000e+01,1.47785177e-03,3.37303622e-05,0.00000000e+00,0.00000000e+00,3.66445872e-04,2.72402358e-05,8.15259376e-04,3.22195588e-05,2.61539463e+00,3.01165745e-02,9.53285694e+03,1.67254521e+02,1.81971761e-03,4.95787636e-05,0.00000000e+00,0.00000000e+00,7.90840000e+00,9.18811833e-02
2.72500000e+01,1.48223639e-03,3.23626913e-05,0.00000000e+00,0.00000000e+00,3.89498390e-04,3.07773023e-05,8.07312649e-04,3.26184204e-05,2.61230648e+00,2.90028534e-02,9.52897333e+03,1.64738802e+02,1.84797653e-03,5.04195956e-05,0.00000000e+00,0.00000000e+00,0.00000000e+00,0.00000000e+00
2.73500000e+01,1.47774309e-03,3.27464489e-05,0.00000000e+00,0.00000000e+00,4.03784226e-04,3.29645339e-05,8.02359898e-04,3.35690844e-05,2.60787325e+00,3.26675008e-02,9.49606237e+03,1.65881465e+02,1.85800914e-03,5.09428643e-05,0.00000000e+00,0.00000000e+00,7.90000000e+00,8.87877543e-02
2.74500000e+01,1.47171330e-03,2.98818192e-05,0.00000000e+00,0.00000000e+00,4.08947083e-04,3.60734723e-05,8.03467630e-04,3.51896798e-05,2.61786376e+00,2.89883943e-02,9.48608004e+03,1.51509704e+02,1.85679270e-03,5.27594283e-05,0.00000000e+00,0.00000000e+00,0.00000000e+00,0.00000000e+00
2.75500000e+01,1.47133393e-03,2.91720136e-05,0.00000000e+00,0.00000000e+00,3.65414515e-04,2.24937995e-05,8.01760311e-04,3.60043177e-05,2.60930444e+00,2.80861482e-02,9.47192632e+03,1.50776046e+02,1.81294060e-03,4.34708101e-05,0.00000000e+00,0.00000000e+00,7.88420000e+00,8.92728402e-02
2.76500000e+01,1.46508341e-03,2.92279281e-05,0.00000000e+00,0.00000000e+00,3.66887042e-04,3.48337689e-05,7.96385330e-04,3.54281273e-05,2.60307176e+00,2.97702517e-02,9.45059915e+03,1.53093073e+02,1.80840390e-03,5.32234539e-05,0.00000000e+00,0.00000000e+00,0.00000000e+00,0.00000000e+00
2.77500000e+01,1.44801469e-03,2.93853881e-05,0.00000000e+00,0.00000000e+00,3.29915661e-04,1.59300293e-05,7.73101551e-04,3.39375480e-05,2.57959823e+00,2.91667581e-02,9.34110658e+03,1.53036268e+02,1.75488056e-03,3.49886550e-05,0.00000000e+00,0.00000000e+00,7.89860000e+00,9.06772748e-02
2.78500000e+01,1.44548477e-03,2.95428292e-05,0.00000000e+00,0.00000000e+00,3.34627794e-04,1.87074187e-05,7.60826591e-04,3.30735617e-05,2.58354131e+00,3.07419198e-02,9.35543067e+03,1.59915651e+02,1.75689255e-03,3.51128005e-05,0.00000000e+00,0.00000000e+00,0.00000000e+00,0.00000000e+00
2.79500000e+01,1.45472993e-03,2.97070173e-05,0.00000000e+00,0.00000000e+00,3.25907081e-04,1.56697481e-05,7.58956133e-04,3.37806424e-05,2.59768940e+00,2.98373333e-02,9.39785264e+03,1.53583331e+02,1.75779266e-03,3.31119031e-05,0.00000000e+00,0.00000000e+00,7.89080000e+00,8.93933477e-02
2.80500000e+01,1.43562692e-03,2.94224260e-05,0.00000000e+00,0.00000000e+00,3.23672274e-04,1.57060466e-05,7.48230960e-04,3.51031352e-05,2.57408130e+00,2.72523192e-02,9.27322922e+03,1.49422244e+02,1.73675326e-03,3.34118852e-05,0.00000000e+00,0.00000000e+00,0.00000000e+00,0.00000000e+00
2.81500000e+01,1.44196262e-03,2.86001222e-05,0.00000000e+00,0.00000000e+00,3.22850144e-04,1.57924347e-05,7.37956498e-04,3.38538573e-05,2.57090278e+00,3.00490670e-02,9.29039183e+03,1.48462093e+02,1.74319739e-03,3.41399558e-05,0.00000000e+00,0.00000000e+00,7.87600000e+00,9.09989908e-02
2.82500000e+01,1.45041777e-03,2.81796434e-05,0.00000000e+00,0.00000000e+00,3.50989216e-04,2.53802377e-05,7.36359177e-04,3.38896884e-05,2.57903735e+00,3.04111704e-02,9.31976746e+03,1.47395908e+02,1.77986755e-03,4.18622801e-05,0.00000000e+00,0.00000000e+00,0.00000000e+00,0.00000000e+00
2.83500000e+01,1.45208105e-03,2.74628847e-05,0.00000000e+00,0.00000000e+00,3.38577047e-04,1.43296695e-05,7.18907674e-04,3.20626414e-05,2.57498302e+00,2.71198611e-02,9.31833534e+03,1.41541889e+02,1.76951296e-03,3.27631356e-05,0.00000000e+00,0.00000000e+00,7.83220000e+00,9.01686809e-02
2.84500000e+01,1.46332271e-03,3.04135092e-05,0.00000000e+00,0.00000000e+00,3.68563169e-04,3.01964374e-05,7.13427031e-04,3.17864217e-05,2.57890642e+00,3.05660109e-02,9.35953902e+03,1.57457186e+02,1.81092281e-03,4.78046031e-05,0.00000000e+00,0.00000000e+00,0.00000000e+00,0.00000000e+00
2.85500000e+01,1.43705589e-03,2.80532285e-05,0.00000000e+00,0.00000000e+00,3.61566629e-04,3.72711776e-05,7.66686990e-04,6.16403831e-05,2.54820470e+00,2.93054456e-02,9.22810448e+03,1.57118406e+02,1.77624017e-03,5.16403751e-05,0.00000000e+00,0.00000000e+00,7.81500000e+00,8.78232223e-02
2.86500000e+01,1.41956768e-03,2.89668431e-05,0.00000000e+00,0.00000000e+00,3.46421412e-04,2.50986009e-05,7.38689704e-04,3.89343719e-05,2.54214732e+00,2.98701597e-02,9.12171779e+03,1.56879942e+02,1.74407041e-03,4.17305272e-05,0.00000000e+00,0.00000000e+00,0.00000000e+00,0.00000000e+00
2.87500000e+01,1.41901809e-03,2.93527970e-05,0.00000000e+00,0.00000000e+00,3.21398281e-04,1.32989725e-05,6.94884775e-04,3.26926004e-05,2.54657482e+00,3.02129141e-02,9.10688156e+03,1.57876116e+02,1.71938709e-03,3.02957685e-05,0.00000000e+00,0.00000000e+00,7.80220000e+00,8.75751759e-02
2.88500000e+01,1.43507173e-03,3.01578107e-05,0.00000000e+00,0.00000000e+00,3.27547114e-04,1.60273882e-05,6.88162669e-04,3.27034707e-05,2.55749809e+00,3.08120051e-02,9.18325082e+03,1.57124759e+02,1.74181889e-03,3.40618436e-05,0.00000000e+00,0.00000000e+00,0.00000000e+00,0.00000000e+00
2.89500000e+01,1.42637499e-03,2.75605759e-05,0.00000000e+00,0.00000000e+00,3.34228702e-04,1.52117005e-05,7.02434071e-04,3.48149176e-05,2.54229188e+00,2.88499352e-02,9.14582355e+03,1.42787380e+02,1.73948964e-03,3.06723607e-05,0.00000000e+00,0.00000000e+00,7.77060000e+00,8.76590845e-02
2.90500000e+01,1.42185484e-03,2.81398296e-05,0.00000000e+00,0.00000000e+00,3.52995009e-04,1.82984733e-05,6.95290300e-04,3.65944930e-05,2.54380260e+00,3.11805061e-02,9.14179749e+03,1.50358345e+02,1.75191894e-03,3.18225590e-05,0.00000000e+00,0.00000000e+00,0.00000000e+00,0.00000000e+00
2.91500000e+01,1.40844673e-03,2.65464379e-05,0.00000000e+00,0.00000000e+00,3.58511069e-04,3.08521246e-05,6.74391165e-04,3.64270875e-05,2.53333047e+00,3.06867790e-02,9.04879243e+03,1.41733921e+02,1.74639753e-03,3.90424614e-05,0.00000000e+00,0.00000000e+00,7.74520000e+00,8.71972851e-02
2.92500000e+01,1.41001843e-03,2.70790270e-05,0.00000000e+00,0.00000000e+00,3.50919530e-04,2.21410211e-05,6.68520683e-04,3.68634985e-05,2.53755628e+00,3.11252520e-02,9.01437932e+03,1.43243296e+02,1.74063550e-03,3.68535750e-05,0.00000000e+00,0.00000000e+00,0.00000000e+00,0.00000000e+00
2.93500000e+01,1.40179704e-03,2.67411710e-05,0.00000000e+00,0.00000000e+00,3.42865206e-04,1.96063936e-05,6.66807694e-04,3.79285962e-05,2.52653522e+00,3.25218190e-02,8.99043063e+03,1.43997544e+02,1.72431583e-03,3.59861770e-05,0.00000000e+00,0.00000000e+00,7.74560000e+00,8.76780567e-02
2.94500000e+01,1.39771965e-03,2.54496747e-05,0.00000000e+00,0.00000000e+00,3.36542111e-04,1.44653253e-05,6.46618582e-04,3.41627438e-05,2.50778404e+00,2.75901595e-02,8.95526129e+03,1.36743874e+02,1.71423215e-03,3.03693226e-05,0.00000000e+00,0.00000000e+00,0.00000000e+00,0.00000000e+00
2.95500000e+01,1.41068488e-03,2.96562118e-05,0.00000000e+00,0.00000000e+00,3.28430663e-04,1.43843545e-05,6.16756005e-04,2.68358874e-05,2.49794956e+00,3.23939566e-02,9.02649889e+03,1.60246157e+02,1.71969859e-03,3.35604190e-05,0.00000000e+00,0.00000000e+00,7.71720000e+00,8.92526979e-02
2.96500000e+01,1.40404252e-03,2.79021204e-05,0.00000000e+00,0.00000000e+00,3.33768664e-04,1.86648319e-05,6.09631748e-04,2.56333871e-05,2.48836002e+00,3.27292753e-02,8.95952394e+03,1.53542952e+02,1.71845215e-03,3.37869056e-05,0.00000000e+00,0.00000000e+00,0.00000000e+00,0.00000000e+00
2.97500000e+01,1.40441787e-03,2.65608200e-05,0.00000000e+00,0.00000000e+00,3.49746582e-04,2.16887851e-05,6.08755552e-04,2.68760069e-05,2.48324764e+00,2.99409153e-02,8.94448458e+03,1.42033125e+02,1.73469945e-03,3.30957563e-05,0.00000000e+00,0.00000000e+00,7.69440000e+00,8.88893649e-02
2.98500000e+01,1.40162287e-03,2.78679486e-05,0.00000000e+00,0.00000000e+00,3.64996130e-04,2.26521617e-05,5.95949537e-04,2.66179555e-05,2.47259549e+00,3.17080071e-02,8.91545952e+03,1.45714483e+02,1.74757763e-03,3.35287873e-05,0.00000000e+00,0.00000000e+00,0.00000000e+00,0.00000000e+00
2.99500000e+01,1.39297455e-03,2.89531448e-05,0.00000000e+00,0.00000000e+00,3.76154506e-04,2.38887094e-05,5.87820169e-04,2.74393402e-05,2.46824691e+00,3.16795646e-02,8.86524449e+03,1.51493811e+02,1.75044567e-03,3.65439858e-05,0.00000000e+00,0.00000000e+00,7.69320000e+00,8.75813045e-02
3.00500000e+01,1.38439448e-03,2.98212865e-05,0.00000000e+00,0.00000000e+00,3.68009518e-04,2.30473064e-05,5.84644945e-04,2.78208954e-05,2.47556982e+00,3.21151590e-02,8.84559525e+03,1.55168486e+02,1.73389921e-03,3.84656780e-05,0.00000000e+00,0.00000000e+00,0.00000000e+00,0.00000000e+00
3.01500000e+01,1.37060115e-03,2.89597615e-05,0.00000000e+00,0.00000000e+00,3.52971380e-04,2.00667853e-05,5.81172783e-04,2.78182477e-05,2.45177192e+00,3.18618329e-02,8.76532931e+03,1.53775334e+02,1.70520526e-03,3.75243438e-05,0.00000000e+00,0.00000000e+00,7.70360000e+00,8.84274221e-02
3.02500000e+01,1.37708348e-03,2.88237435e-05,0.00000000e+00,0.00000000e+00,3.46342644e-04,1.87845466e-05,5.69786077e-04,2.64670016e-05,2.46947811e+00,3.04056019e-02,8.81939942e+03,1.48929595e+02,1.70551124e-03,3.41023743e-05,0.00000000e+00,0.00000000e+00,0.00000000e+00,0.00000000e+00
3.03500000e+01,1.36712791e-03,3.06435975e-05,0.00000000e+00,0.00000000e+00,3.36426638e-04,1.90269600e-05,5.65884810e-04,2.68835288e-05,2.43591467e+00,3.29034585e-02,8.73503013e+03,1.60038604e+02,1.68564372e-03,3.78318921e-05,0.00000000e+00,0.00000000e+00,7.69460000e+00,8.63340498e-02
3.04500000e+01,1.34767813e-03,2.76372100e-05,0.00000000e+00,0.00000000e+00,3.54514746e-04,3.23080008e-05,5.60931902e-04,2.69979762e-05,2.42211873e+00,3.05937146e-02,8.61372599e+03,1.44765458e+02,1.68418655e-03,4.45651415e-05,0.00000000e+00,0.00000000e+00,0.00000000e+00,0.00000000e+00
3.05500000e+01,1.34556124e-03,2.67811485e-05,0.00000000e+00,0.00000000e+00,3.58986503e-04,3.67498891e-05,5.59113239e-04,2.68902101e-05,2.41393670e+00,2.99535314e-02,8.59217853e+03,1.43971680e+02,1.68656973e-03,4.85023407e-05,0.00000000e+00,0.00000000e+00,7.69120000e+00,8.84181346e-02
3.06500000e+01,1.34097481e-03,2.72321051e-05,0.00000000e+00,0.00000000e+00,3.44540651e-04,3.49121370e-05,5.55080342e-04,2.76226140e-05,2.40973310e+00,3.00349347e-02,8.58525552e+03,1.44847724e+02,1.66767542e-03,4.92317603e-05,0.00000000e+00,0.00000000e+00,0.00000000e+00,0.00000000e+00
3.07500000e+01,1.34139866e-03,2.87316902e-05,0.00000000e+00,0.00000000e+00,3.38413851e-04,3.39625822e-05,5.48466911e-04,2.92088168e-05,2.40386175e+00,3.19734176e-02,8.58519085e+03,1.50034375e+02,1.66237099e-03,5.04306203e-05,0.00000000e+00,0.00000000e+00,7.67320000e+00,8.93223650e-02
3.08500000e+01,1.33097047e-03,2.75444698e-05,0.00000000e+00,0.00000000e+00,3.30409924e-04,2.71914199e-05,5.38964233e-04,2.86766525e-05,2.37863812e+00,3.13835903e-02,8.49361166e+03,1.43294693e+02,1.64453278e-03,4.22653754e-05,0.00000000e+00,0.00000000e+00,0.00000000e+00,0.00000000e+00
3.09500000e+01,1.34474899e-03,2.94400110e-05,0.00000000e+00,0.00000000e+00,3.33851324e-04,2.57002189e-05,5.30290341e-04,2.88371464e-05,2.38461303e+00,3.27617024e-02,8.55344331e+03,1.53443743e+02,1.66204029e-03,3.92050118e-05,0.00000000e+00,0.00000000e+00,7.67000000e+00,8.82542709e-02
3.10500000e+01,1.34075155e-03,2.85844298e-05,0.00000000e+00,0.00000000e+00,3.03041330e-04,1.64509119e-05,5.22225970e-04,2.92694268e-05,2.38286057e+00,3.34305208e-02,8.52608927e+03,1.54680856e+02,1.62740713e-03,3.62854273e-05,0.00000000e+00,0.00000000e+00,0.00000000e+00,0.00000000e+00
3.11500000e+01,1.33776582e-03,2.76015531e-05,0.00000000e+00,0.00000000e+00,3.07109019e-04,1.71711382e-05,5.16370363e-04,2.93382156e-05,2.39041428e+00,3.21648013e-02,8.53375150e+03,1.48162093e+02,1.62847007e-03,3.70271392e-05,0.00000000e+00,0.00000000e+00,7.65620000e+00,8.77323806e-02
3.12500000e+01,1.32124518e-03,2.65442285e-05,0.00000000e+00,0.00000000e+00,3.17564232e-04,2.19216746e-05,5.14171236e-04,2.94029309e-05,2.37394272e+00,2.94110778e-02,8.44621687e+03,1.40420579e+02,1.62256984e-03,3.63723872e-05,0.00000000e+00,0.00000000e+00,0.00000000e+00,0.00000000e+00
3.13500000e+01,1.32874783e-03,2.59529004e-05,0.00000000e+00,0.00000000e+00,3.21609063e-04,1.74377017e-05,5.13608954e-04,2.94442452e-05,2.37618482e+00,2.94813286e-02,8.46756399e+03,1.37332855e+02,1.63424726e-03,3.42625223e-05,0.00000000e+00,0.00000000e+00,7.63440000e+00,8.74482518e-02
3.14500000e+01,1.32612285e-03,2.64418655e-05,0.00000000e+00,0.00000000e+00,3.51605251e-04,2.87548612e-05,5.08300335e-04,2.92113827e-05,2.36551054e+00,3.05445123e-02,8.42854119e+03,1.39732921e+02,1.66180440e-03,4.11872026e-05,0.00000000e+00,0.00000000e+00,0.00000000e+00,0.00000000e+00
3.15500000e+01,1.32965633e-03,2.86682543e-05,0.00000000e+00,0.00000000e+00,3.30679694e-04,2.90034035e-05,4.92942699e-04,2.90237184e-05,2.36150003e+00,3.05074470e-02,8.43471432e+03,1.51242478e+02,1.64487454e-03,4.48482904e-05,0.00000000e+00,0.00000000e+00,7.63760000e+00,8.83691515e-02
3.16500000e+01,1.31675363e-03,2.76289519e-05,0.00000000e+00,0.00000000e+00,3.40494716e-04,2.77217567e-05,4.86174703e-04,2.91529369e-05,2.34858528e+00,2.91341282e-02,8.35725560e+03,1.41626088e+02,1.64204079e-03,4.22335558e-05,0.00000000e+00,0.00000000e+00,0.00000000e+00,0.00000000e+00
3.17500000e+01,1.31879354e-03,2.82494788e-05,0.00000000e+00,0.00000000e+00,3.34875340e-04,2.10970749e-05,4.87808029e-04,2.94720354e-05,2.34513872e+00,2.72518879e-02,8.37186856e+03,1.41865269e+02,1.63843655e-03,3.90922862e-05,0.00000000e+00,0.00000000e+00,7.61120000e+00,8.98863863e-02
3.18500000e+01,1.31209387e-03,2.79822406e-05,0.00000000e+00,0.00000000e+00,3.40109455e-04,2.59944906e-05,4.89812530e-04,3.22288748e-05,2.34424747e+00,2.67011936e-02,8.33575551e+03,1.42094308e+02,1.63695446e-03,4.44156856e-05,0.00000000e+00,0.00000000e+00,0.00000000e+00,0.00000000e+00
3.19500000e+01,1.31088451e-03,2.66326284e-05,0.00000000e+00,0.00000000e+00,3.20579610e-04,1.84585583e-05,4.90350482e-04,3.23354467e-05,2.33850246e+00,2.90179948e-02,8.31635167e+03,1.39146694e+02,1.61622012e-03,3.62090116e-05,0.00000000e+00,0.00000000e+00,7.59220000e+00,8.69906352e-02
3.20500000e+01,1.29510848e-03,2.46024003e-05,0.00000000e+00,0.00000000e+00,3.10715294e-04,1.90221134e-05,4.88766570e-04,3.25108108e-05,2.32577470e+00,2.99547388e-02,8.22890391e+03,1.31083001e+02,1.59064769e-03,3.41442206e-05,0.00000000e+00,0.00000000e+00,0.00000000e+00,0.00000000e+00
3.21500000e+01,1.29738713e-03,2.59840830e-05,0.00000000e+00,0.00000000e+00,3.21765878e-04,1.94465628e-05,4.99440493e-04,3.45043609e-05,2.32260249e+00,2.72837924e-02,8.24023738e+03,1.35125468e+02,1.60367579e-03,3.46179477e-05,0.00000000e+00,0.00000000e+00,7.56940000e+00,8.77396008e-02
3.22500000e+01,1.28317483e-03,2.43769008e-05,0.00000000e+00,0.00000000e+00,3.17891729e-04,2.11842267e-05,4.90105060e-04,3.31136392e-05,2.30684988e+00,2.59890666e-02,8.15973281e+03,1.28492030e+02,1.58549810e-03,3.35115213e-05,0.00000000e+00,0.00000000e+00,0.00000000e+00,0.00000000e+00
3.23500000e+01,1.29111327e-03,2.47836242e-05,0.00000000e+00,0.00000000e+00,3.07365275e-04,2.08817187e-05,4.81105172e-04,3.22266112e-05,2.30902298e+00,2.55587785e-02,8.17661217e+03,1.29062716e+02,1.58298960e-03,3.25919674e-05,0.00000000e+00,0.00000000e+00,7.55780000e+00,8.66761695e-02
3.24500000e+01,1.29099407e-03,2.46386404e-05,0.00000000e+00,0.00000000e+00,3.18365336e-04,2.15688586e-05,4.75028231e-04,3.20191239e-05,2.30647174e+00,2.95631499e-02,8.18782631e+03,1.32655148e+02,1.59415273e-03,3.52125024e-05,0.00000000e+00,0.00000000e+00,0.00000000e+00,0.00000000e+00
3.25500000e+01,1.28261143e-03,2.49920415e-05,0.00000000e+00,0.00000000e+00,3.57274968e-04,3.94373657e-05,4.69955461e-04,3.12158100e-05,2.29269336e+00,2.84362131e-02,8.12426990e+03,1.32337847e+02,1.62481838e-03,4.90961343e-05,0.00000000e+00,0.00000000e+00,7.54680000e+00,8.78748832e-02
3.26500000e+01,1.28556481e-03,2.69905369e-05,0.00000000e+00,0.00000000e+00,3.07794937e-04,1.98149380e-05,4.66737915e-04,3.01658802e-05,2.29256676e+00,2.81432525e-02,8.13152049e+03,1.39670141e+02,1.57848035e-03,3.41004969e-05,0.00000000e+00,0.00000000e+00,0.00000000e+00,0.00000000e+00
3.27500000e+01,1.28397330e-03,2.85888662e-05,0.00000000e+00,0.00000000e+00,3.02650067e-04,2.23092539e-05,4.59791144e-04,2.97434491e-05,2.28247407e+00,3.01366083e-02,8.12397769e+03,1.47420369e+02,1.57191045e-03,3.70414466e-05,0.00000000e+00,0.00000000e+00,7.53500000e+00,8.77451086e-02
3.28500000e+01,1.26488270e-03,2.72582905e-05,0.00000000e+00,0.00000000e+00,3.07468160e-04,2.11432374e-05,4.55806686e-04,2.99938698e-05,2.27310685e+00,3.10287609e-02,8.04137042e+03,1.48636545e+02,1.55770927e-03,4.11982344e-05,0.00000000e+00,0.00000000e+00,0.00000000e+00,0.00000000e+00
3.29500000e+01,1.27292546e-03,2.64018676e-05,0.00000000e+00,0.00000000e+00,3.14523319e-04,2.28735192e-05,4.51689009e-04,3.02928492e-05,2.27017784e+00,2.86173279e-02,8.04017499e+03,1.33765434e+02,1.57298061e-03,3.84562970e-05,0.00000000e+00,0.00000000e+00,7.52700000e+00,8.79643945e-02
3.30500000e+01,1.27565245e-03,2.66158136e-05,0.00000000e+00,0.00000000e+00,3.19755079e-04,2.63586668e-05,4.44910157e-04,3.02849842e-05,2.27377994e+00,2.75353446e-02,8.04883614e+03,1.33403076e+02,1.58104569e-03,4.30786428e-05,0.00000000e+00,0.00000000e+00,0.00000000e+00,0.00000000e+00
3.31500000e+01,1.27347708e-03,2.85693221e-05,0.00000000e+00,0.00000000e+00,3.14921374e-04,2.38435356e-05,4.39997638e-04,3.06616884e-05,2.26497456e+00,2.90347915e-02,8.05384345e+03,1.44536566e+02,1.57418949e-03,4.08684667e-05,0.00000000e+00,0.00000000e+00,7.52160000e+00,8.90720231e-02
3.32500000e+01,1.26390375e-03,2.97101872e-05,0.00000000e+00,0.00000000e+00,2.96166714e-04,1.84618748e-05,4.35816575e-04,3.09540746e-05,2.25709797e+00,3.08934244e-02,7.98943669e+03,1.49593836e+02,1.54595849e-03,3.91641910e-05,0.00000000e+00,0.00000000e+00,0.00000000e+00,0.00000000e+00
3.33500000e+01,1.25392063e-03,3.08141030e-05,0.00000000e+00,0.00000000e+00,2.88775837e-04,1.68430784e-05,4.24753304e-04,2.64033635e-05,2.24269211e+00,2.89527947e-02,7.93552290e+03,1.51197151e+02,1.52917506e-03,3.85404803e-05,0.00000000e+00,0.00000000e+00,7.51300000e+00,8.81687853e-02
3.34500000e+01,1.23642903e-03,2.95773839e-05,0.00000000e+00,0.00000000e+00,2.82851823e-04,1.68156755e-05,4.15504835e-04,2.52933160e-05,2.22677744e+00,3.07560266e-02,7.84445440e+03,1.49025371e+02,1.50599417e-03,3.93557509e-05,0.00000000e+00,0.00000000e+00,0.00000000e+00,0.00000000e+00
3.35500000e+01,1.23148596e-03,2.80423765e-05,0.00000000e+00,0.00000000e+00,2.81063012e-04,1.66157656e-05,4.19964905e-04,2.79675939e-05,2.21551097e+00,2.85796609e-02,7.82564727e+03,1.41207393e+02,1.49898656e-03,3.91785555e-05,0.00000000e+00,0.00000000e+00,7.48300000e+00,8.74580949e-02
3.36500000e+01,1.22782995e-03,2.73267360e-05,0.00000000e+00,0.00000000e+00,2.79653815e-04,1.64754647e-05,4.16646325e-04,2.73627722e-05,2.21464880e+00,2.97894398e-02,7.80461569e+03,1.38991120e+02,1.49389345e-03,3.78148244e-05,0.00000000e+00,0.00000000e+00,0.00000000e+00,0.00000000e+00
3.37500000e+01,1.22547296e-03,2.64059239e-05,0.00000000e+00,0.00000000e+00,2.73517226e-04,1.62042774e-05,4.13648309e-04,2.69212237e-05,2.20583284e+00,3.00075415e-02,7.79803891e+03,1.40121324e+02,1.48553939e-03,3.64588150e-05,0.00000000e+00,0.00000000e+00,7.45700000e+00,8.85319036e-02
3.38500000e+01,1.24032053e-03,2.73084611e-05,0.00000000e+00,0.00000000e+00,3.09431621e-04,2.79680208e-05,4.13837714e-04,2.74635792e-05,2.21618309e+00,3.11718937e-02,7.85765166e+03,1.40829607e+02,1.53596895e-03,4.40906686e-05,0.00000000e+00,0.00000000e+00,0.00000000e+00,0.00000000e+00
3.39500000e+01,1.22319200e-03,2.76076925e-05,0.00000000e+00,0.00000000e+00,2.82072811e-04,1.88761620e-05,4.16046866e-04,2.85633135e-05,2.18823398e+00,3.08046390e-02,7.73079102e+03,1.40296631e+02,1.49151090e-03,3.74600970e-05,0.00000000e+00,0.00000000e+00,7.44180000e+00,8.74326283e-02
3.40500000e+01,1.20518026e-03,2.59834493e-05,0.00000000e+00,0.00000000e+00,2.84459671e-04,2.01623757e-05,4.24020378e-04,3.02785598e-05,2.17491661e+00,3.00398694e-02,7.63957761e+03,1.32134918e+02,1.47583103e-03,3.79990190e-05,0.00000000e+00,0.00000000e+00,0.00000000e+00,0.00000000e+00
3.41500000e+01,1.21032073e-03,2.64075533e-05,0.00000000e+00,0.00000000e+00,2.96746277e-04,2.25907657e-05,4.23670818e-04,3.06393756e-05,2.17880873e+00,3.11660964e-02,7.65318300e+03,1.34186458e+02,1.49380889e-03,4.20004880e-05,0.00000000e+00,0.00000000e+00,7.42840000e+00,8.80321648e-02
3.42500000e+01,1.22084819e-03,2.82316000e-05,0.00000000e+00,0.00000000e+00,2.99152494e-04,2.77412225e-05,4.23608337e-04,3.07894198e-05,2.18780943e+00,3.19124045e-02,7.72872313e+03,1.43151411e+02,1.50677321e-03,4.45380964e-05,0.00000000e+00,0.00000000e+00,0.00000000e+00,0.00000000e+00
3.43500000e+01,1.19807440e-03,2.78131090e-05,0.00000000e+00,0.00000000e+00,2.92604369e-04,2.63390326e-05,4.21639702e-04,3.10100144e-05,2.16065712e+00,2.92769944e-02,7.62893028e+03,1.43655730e+02,1.47746027e-03,4.33470627e-05,0.00000000e+00,0.00000000e+00,7.41820000e+00,8.76624742e-02
3.44500000e+01,1.20312802e-03,2.71959597e-05,0.00000000e+00,0.00000000e+00,3.03003441e-04,2.62524894e-05,4.10572557e-04,3.04390901e-05,2.14789068e+00,2.77441396e-02,7.61330079e+03,1.39665180e+02,1.49321264e-03,4.30242610e-05,0.00000000e+00,0.00000000e+00,0.00000000e+00,0.00000000e+00
3.45500000e+01,1.20015536e-03,2.51184413e-05,0.00000000e+00,0.00000000e+00,2.96621460e-04,2.60372651e-05,3.97619864e-04,2.88097808e-05,2.14731891e+00,2.71833512e-02,7.59157633e+03,1.29026993e+02,1.48416841e-03,3.92857985e-05,0.00000000e+00,0.00000000e+00,7.39140000e+00,8.44941780e-02
3.46500000e+01,1.20255939e-03,2.84245707e-05,0.00000000e+00,0.00000000e+00,3.10971840e-04,2.71282736e-05,3.89415726e-04,2.66353333e-05,2.15123056e+00,2.96822064e-02,7.60902917e+03,1.43245701e+02,1.50112479e-03,4.18840164e-05,0.00000000e+00,0.00000000e+00,0.00000000e+00,0.00000000e+00
3.47500000e+01,1.18257181e-03,2.60178297e-05,0.00000000e+00,0.00000000e+00,3.03567479e-04,2.81220843e-05,3.89380461e-04,2.61996761e-05,2.13060677e+00,3.11179803e-02,7.50449016e+03,1.32117043e+02,1.47365032e-03,4.00101574e-05,0.00000000e+00,0.00000000e+00,7.37940000e+00,8.44542673e-02
3.48500000e+01,1.17291885e-03,2.81530704e-05,0.00000000e+00,0.00000000e+00,3.23766607e-04,2.93548396e-05,3.87824015e-04,2.61409656e-05,2.11618927e+00,3.08545182e-02,7.45704279e+03,1.41993350e+02,1.48420062e-03,4.35783673e-05,0.00000000e+00,0.00000000e+00,0.00000000e+00,0.00000000e+00
3.49500000e+01,1.16698451e-03,2.60928825e-05,0.00000000e+00,0.00000000e+00,3.09431826e-04,2.90817813e-05,3.85416969e-04,2.60713144e-05,2.11183494e+00,2.79364515e-02,7.41452982e+03,1.33212386e+02,1.46398542e-03,4.36521809e-05,0.00000000e+00,0.00000000e+00,7.35100000e+00,8.33004153e-02
3.50500000e+01,1.16179840e-03,2.63755005e-05,0.00000000e+00,0.00000000e+00,3.16895680e-04,3.38879514e-05,3.83489955e-04,2.60710432e-05,2.10527577e+00,2.75489228e-02,7.37596549e+03,1.36040612e+02,1.46633903e-03,5.04459763e-05,0.00000000e+00,0.00000000e+00,0.00000000e+00,0.00000000e+00
3.51500000e+01,1.15774006e-03,2.74673783e-05,0.00000000e+00,0.00000000e+00,2.92649109e-04,2.16467009e-05,3.74227515e-04,2.56587250e-05,2.09413397e+00,2.86783403e-02,7.35134289e+03,1.42616225e+02,1.43830862e-03,4.15351585e-05,0.00000000e+00,0.00000000e+00,7.32760000e+00,8.35412937e-02
3.52500000e+01,1.14810874e-03,2.75329083e-05,0.00000000e+00,0.00000000e+00,2.87977353e-04,2.42045020e-05,3.69606979e-04,2.60420325e-05,2.09188956e+00,3.13880888e-02,7.30263810e+03,1.43495883e+02,1.42412083e-03,4.38226631e-05,0.00000000e+00,0.00000000e+00,0.00000000e+00,0.00000000e+00
3.53500000e+01,1.15001990e-03,3.14725606e-05,0.00000000e+00,0.00000000e+00,2.84013368e-04,2.17456822e-05,3.66268553e-04,2.62546608e-05,2.09896276e+00,3.44668098e-02,7.32551978e+03,1.65262774e+02,1.42214604e-03,4.56327562e-05,0.00000000e+00,0.00000000e+00,7.31980000e+00,8.38616402e-02
3.54500000e+01,1.14098420e-03,2.68585976e-05,0.00000000e+00,0.00000000e+00,2.80231703e-04,2.41996601e-05,3.59639215e-04,2.64584960e-05,2.08174626e+00,3.09293401e-02,7.26587693e+03,1.44202043e+02,1.40949196e-03,4.19137560e-05,0.00000000e+00,0.00000000e+00,0.00000000e+00,0.00000000e+00
3.55500000e+01,1.14262949e-03,2.71222936e-05,0.00000000e+00,0.00000000e+00,3.09255544e-04,4.24510095e-05,3.63737230e-04,2.71387016e-05,2.07620495e+00,2.98222404e-02,7.28209978e+03,1.43614621e+02,1.44008551e-03,5.41004757e-05,0.00000000e+00,0.00000000e+00,7.30280000e+00,8.13874784e-02
3.56500000e+01,1.13673800e-03,2.93898067e-05,0.00000000e+00,0.00000000e+00,2.67024919e-04,1.71109675e-05,3.60379011e-04,2.66118921e-05,2.06060138e+00,2.93795916e-02,7.23039527e+03,1.53703801e+02,1.39226449e-03,3.96594871e-05,0.00000000e+00,0.00000000e+00,0.00000000e+00,0.00000000e+00
3.57500000e+01,1.12571479e-03,2.91942449e-05,0.00000000e+00,0.00000000e+00,2.57576029e-04,1.66963689e-05,3.51287157e-04,2.59603624e-05,2.04978288e+00,2.97217102e-02,7.14759714e+03,1.49506719e+02,1.37198995e-03,3.98918487e-05,0.00000000e+00,0.00000000e+00,7.29220000e+00,8.39491051e-02
3.58500000e+01,1.11728387e-03,2.91299408e-05,0.00000000e+00,0.00000000e+00,2.68260184e-04,1.73168438e-05,3.49153247e-04,2.57613182e-05,2.04607969e+00,2.79703993e-02,7.11115665e+03,1.47899591e+02,1.37431301e-03,3.90213618e-05,0.00000000e+00,0.00000000e+00,0.00000000e+00,0.00000000e+00
3.59500000e+01,1.11584858e-03,2.76479521e-05,0.00000000e+00,0.00000000e+00,2.82082305e-04,2.39905199e-05,3.52212498e-04,2.74600891e-05,2.04919438e+00,2.84501401e-02,7.10817031e+03,1.37154977e+02,1.38664327e-03,4.20444580e-05,0.00000000e+00,0.00000000e+00,7.28880000e+00,8.47539729e-02
3.60500000e+01,1.10877779e-03,2.44854729e-05,0.00000000e+00,0.00000000e+00,2.62178975e-04,1.92782172e-05,3.55524365e-04,2.86567412e-05,2.03649831e+00,2.59710530e-02,7.07467313e+03,1.21781898e+02,1.35971368e-03,3.99202715e-05,0.00000000e+00,0.00000000e+00,0.00000000e+00,0.00000000e+00
3.61500000e+01,1.11035808e-03,2.60639458e-05,0.00000000e+00,0.00000000e+00,2.78739521e-04,2.51237489e-05,3.54533202e-04,2.71447636e-05,2.02864642e+00,2.64171853e-02,7.05955758e+03,1.26870920e+02,1.37810402e-03,4.54498087e-05,0.00000000e+00,0.00000000e+00,7.26560000e+00,8.34878263e-02
3.62500000e+01,1.11575450e-03,3.01480459e-05,0.00000000e+00,0.00000000e+00,2.84087423e-04,2.56178179e-05,3.60707522e-04,3.58761403e-05,2.02912161e+00,2.76835307e-02,7.09362956e+03,1.45757311e+02,1.38876662e-03,4.96978515e-05,0.00000000e+00,0.00000000e+00,0.00000000e+00,0.00000000e+00
3.63500000e+01,1.10778315e-03,2.83254769e-05,0.00000000e+00,0.00000000e+00,3.10292678e-04,3.51784045e-05,3.47381691e-04,3.09257039e-05,2.02287476e+00,2.75126986e-02,7.04854136e+03,1.40003843e+02,1.40666780e-03,5.60521099e-05,0.00000000e+00,0.00000000e+00,7.24960000e+00,8.29782170e-02
3.64500000e+01,1.09456539e-03,2.55873363e-05,0.00000000e+00,0.00000000e+00,2.90856321e-04,3.05491325e-05,3.40724451e-04,3.06469936e-05,2.00214875e+00,2.68826289e-02,6.95278124e+03,1.26160092e+02,1.37480158e-03,4.67043282e-05,0.00000000e+00,0.00000000e+00,0.00000000e+00,0.00000000e+00
3.65500000e+01,1.08744638e-03,2.68098828e-05,0.00000000e+00,0.00000000e+00,2.93979361e-04,2.98688523e-05,3.34449641e-04,3.03910199e-05,1.99136049e+00,2.68799665e-02,6.91362075e+03,1.32449065e+02,1.37108129e-03,4.46517347e-05,0.00000000e+00,0.00000000e+00,7.23720000e+00,8.19567034e-02
3.66500000e+01,1.09135925e-03,2.74571217e-05,0.00000000e+00,0.00000000e+00,2.68413987e-04,1.81780274e-05,3.31904490e-04,3.02209287e-05,1.99706372e+00,2.75020837e-02,6.94137122e+03,1.35807648e+02,1.34952125e-03,3.63124083e-05,0.00000000e+00,0.00000000e+00,0.00000000e+00,0.00000000e+00
3.67500000e+01,1.09338577e-03,2.63358138e-05,0.00000000e+00,0.00000000e+00,2.50320763e-04,1.17516865e-05,3.30741429e-04,3.03066645e-05,2.00007550e+00,2.76035810e-02,6.95370600e+03,1.29746202e+02,1.33329759e-03,2.82785324e-05,0.00000000e+00,0.00000000e+00,7.23740000e+00,8.07095119e-02
3.68500000e+01,1.08762242e-03,2.63643134e-05,0.00000000e+00,0.00000000e+00,2.52777891e-04,1.16585486e-05,3.30527108e-04,3.02967188e-05,1.98772645e+00,2.61106178e-02,6.90530751e+03,1.27470544e+02,1.32993032e-03,2.74349327e-05,0.00000000e+00,0.00000000e+00,0.00000000e+00,0.00000000e+00
3.69500000e+01,1.08391517e-03,2.66289389e-05,0.00000000e+00,0.00000000e+00,2.49654852e-04,1.26965599e-05,3.29478747e-04,3.03508218e-05,1.98195671e+00,2.75323664e-02,6.88714660e+03,1.30558143e+02,1.32326213e-03,2.85034608e-05,0.00000000e+00,0.00000000e+00,7.23860000e+00,8.09055938e-02
3.70500000e+01,1.06704884e-03,2.63434004e-05,0.00000000e+00,0.00000000e+00,2.54610675e-04,1.35966237e-05,3.25410394e-04,3.06339127e-05,1.96777498e+00,2.68576034e-02,6.78801649e+03,1.31139140e+02,1.31166869e-03,2.79012602e-05,0.00000000e+00,0.00000000e+00,0.00000000e+00,0.00000000e+00
3.71500000e+01,1.04946976e-03,2.75181242e-05,0.00000000e+00,0.00000000e+00,2.75050601e-04,2.16721589e-05,3.17769538e-04,3.10668311e-05,1.95029215e+00,3.13892687e-02,6.68884322e+03,1.42316095e+02,1.31468489e-03,3.31683289e-05,0.00000000e+00,0.00000000e+00,7.22300000e+00,8.09425344e-02
3.72500000e+01,1.04786857e-03,2.71283225e-05,0.00000000e+00,0.00000000e+00,2.52729639e-04,1.28711457e-05,3.07753188e-04,2.69865030e-05,1.94638920e+00,3.01969123e-02,6.67870752e+03,1.41910260e+02,1.29087303e-03,2.92306897e-05,0.00000000e+00,0.00000000e+00,0.00000000e+00,0.00000000e+00
3.73500000e+01,1.05548937e-03,2.79120570e-05,0.00000000e+00,0.00000000e+00,2.73927851e-04,2.38491289e-05,3.05930498e-04,2.65442971e-05,1.94874373e+00,3.08026749e-02,6.70886467e+03,1.46658781e+02,1.31974180e-03,3.69166569e-05,0.00000000e+00,0.00000000e+00,7.20780000e+00,8.03219491e-02
3.74500000e+01,1.04890090e-03,2.66210858e-05,0.00000000e+00,0.00000000e+00,3.26044149e-04,5.04587567e-05,3.05938996e-04,2.65403629e-05,1.94441630e+00,3.00299174e-02,6.67863101e+03,1.41592688e+02,1.36532613e-03,5.91510108e-05,0.00000000e+00,0.00000000e+00,0.00000000e+00,0.00000000e+00
3.75500000e+01,1.06047793e-03,2.78191900e-05,0.00000000e+00,0.00000000e+00,2.84882921e-04,2.13516606e-05,3.00757699e-04,2.63118368e-05,1.95128535e+00,3.05803509e-02,6.73309501e+03,1.46537003e+02,1.33586285e-03,3.65822997e-05,0.00000000e+00,0.00000000e+00,7.19700000e+00,8.00480723e-02
3.76500000e+01,1.04969617e-03,2.65637410e-05,0.00000000e+00,0.00000000e+00,2.84177727e-04,2.31085643e-05,3.01399013e-04,2.62306284e-05,1.93037652e+00,2.90335793e-02,6.67471753e+03,1.39470893e+02,1.32438679e-03,3.72516929e-05,0.00000000e+00,0.00000000e+00,0.00000000e+00,0.00000000e+00
3.77500000e+01,1.04791970e-03,2.77261304e-05,0.00000000e+00,0.00000000e+00,2.79977570e-04,2.28564981e-05,2.94930012e-04,2.61165456e-05,1.92406257e+00,2.93318765e-02,6.66323485e+03,1.45761702e+02,1.31858159e-03,3.75857334e-05,0.00000000e+00,0.00000000e+00,7.18300000e+00,7.86598204e-02
3.78500000e+01,1.03804885e-03,2.69290359e-05,0.00000000e+00,0.00000000e+00,2.73391376e-04,2.28062579e-05,2.78441593e-04,2.27566722e-05,1.91676677e+00,3.01078696e-02,6.60203203e+03,1.43076302e+02,1.30261265e-03,3.79791635e-05,0.00000000e+00,0.00000000e+00,0.00000000e+00,0.00000000e+00
3.79500000e+01,1.02746679e-03,2.49294075e-05,0.00000000e+00,0.00000000e+00,2.68052227e-04,2.21193962e-05,2.74348366e-04,2.14803749e-05,1.90222599e+00,2.76476382e-02,6.53384184e+03,1.34569095e+02,1.28679078e-03,3.59168344e-05,0.00000000e+00,0.00000000e+00,7.16940000e+00,8.01317334e-02
3.80500000e+01,1.02630824e-03,2.46811266e-05,0.00000000e+00,0.00000000e+00,2.67146906e-04,2.26721255e-05,2.72890075e-04,2.12926898e-05,1.90841877e+00,2.78547338e-02,6.53330015e+03,1.29457697e+02,1.28473048e-03,3.70189211e-05,0.00000000e+00,0.00000000e+00,0.00000000e+00,0.00000000e+00
3.81500000e+01,1.02028466e-03,2.27375334e-05,0.00000000e+00,0.00000000e+00,2.69453960e-04,2.04949937e-05,2.72667040e-04,2.12704065e-05,1.89820511e+00,2.82500683e-02,6.49141489e+03,1.24644762e+02,1.28102241e-03,3.52499023e-05,0.00000000e+00,0.00000000e+00,7.15180000e+00,7.98031711e-02
3.82500000e+01,1.01883303e-03,2.20678899e-05,0.00000000e+00,0.00000000e+00,3.18445045e-04,6.61166226e-05,2.72676108e-04,2.13050358e-05,1.89014201e+00,2.66184326e-02,6.47287822e+03,1.21244248e+02,1.32857024e-03,7.01710946e-05,0.00000000e+00,0.00000000e+00,0.00000000e+00,0.00000000e+00
3.83500000e+01,1.01591858e-03,2.10943111e-05,0.00000000e+00,0.00000000e+00,2.55753211e-04,1.90877077e-05,2.67773302e-04,2.07143303e-05,1.89030711e+00,2.58070833e-02,6.45150975e+03,1.15148091e+02,1.26317855e-03,3.21695073e-05,0.00000000e+00,0.00000000e+00,7.13240000e+00,7.98711002e-02
3.84500000e+01,1.00561056e-03,2.22768882e-05,0.00000000e+00,0.00000000e+00,2.61867015e-04,2.00966011e-05,2.64651657e-04,2.06494825e-05,1.87210635e+00,2.71415924e-02,6.37809140e+03,1.20220899e+02,1.25909625e-03,3.29720155e-05,0.00000000e+00,0.00000000e+00,0.00000000e+00,0.00000000e+00
3.85500000e+01,1.00983522e-03,2.23981432e-05,0.00000000e+00,0.00000000e+00,2.52083792e-04,1.63010975e-05,2.64040536e-04,2.07684403e-05,1.86784665e+00,2.57958519e-02,6.42733094e+03,1.19306126e+02,1.25351814e-03,2.93150632e-05,0.00000000e+00,0.00000000e+00,7.11680000e+00,8.09673353e-02
3.86500000e+01,1.00571817e-03,2.42846493e-05,0.00000000e+00,0.00000000e+00,2.49683790e-04,1.52100797e-05,2.63307795e-04,2.07526682e-05,1.85768872e+00,2.83672673e-02,6.41071485e+03,1.27406239e+02,1.24705196e-03,3.11649699e-05,0.00000000e+00,0.00000000e+00,0.00000000e+00,0.00000000e+00
3.87500000e+01,1.00326836e-03,2.46665080e-05,0.00000000e+00,0.00000000e+00,2.50235989e-04,1.37294915e-05,2.62314847e-04,2.07748383e-05,1.85568412e+00,2.87602951e-02,6.38784341e+03,1.29523942e+02,1.24490498e-03,2.89265636e-05,0.00000000e+00,0.00000000e+00,7.11620000e+00,8.08848463e-02
3.88500000e+01,1.00764925e-03,2.53247676e-05,0.00000000e+00,0.00000000e+00,2.54822104e-04,1.93789141e-05,2.63630940e-04,2.07967908e-05,1.84378915e+00,2.73612517e-02,6.41181235e+03,1.28034728e+02,1.25370849e-03,3.17825445e-05,0.00000000e+00,0.00000000e+00,0.00000000e+00,0.00000000e+00
3.89500000e+01,1.00927541e-03,2.68716261e-05,0.00000000e+00,0.00000000e+00,2.55555995e-04,2.35184969e-05,2.64812266e-04,2.09521651e-05,1.83884756e+00,2.93951334e-02,6.40219084e+03,1.37942962e+02,1.25539307e-03,3.45789706e-05,0.00000000e+00,0.00000000e+00,7.10100000e+00,8.06500376e-02
3.90500000e+01,1.00302873e-03,2.43723695e-05,0.00000000e+00,0.00000000e+00,2.67808787e-04,3.06013866e-05,2.62122316e-04,2.07031377e-05,1.84287556e+00,2.84732792e-02,6.39569807e+03,1.29725250e+02,1.26130194e-03,3.72940331e-05,0.00000000e+00,0.00000000e+00,0.00000000e+00,0.00000000e+00
3.91500000e+01,9.91299120e-04,2.50960800e-05,0.00000000e+00,0.00000000e+00,3.02956202e-04,4.41591565e-05,2.54538620e-04,1.98058926e-05,1.81851254e+00,2.62931844e-02,6.29571083e+03,1.30205827e+02,1.28497709e-03,4.99420525e-05,0.00000000e+00,0.00000000e+00,7.08000000e+00,8.14345862e-02
3.92500000e+01,9.86753175e-04,2.57448467e-05,0.00000000e+00,0.00000000e+00,2.63932267e-04,2.89656291e-05,2.51240589e-04,1.96210763e-05,1.82369626e+00,2.43768232e-02,6.26485327e+03,1.31435969e+02,1.24197241e-03,3.98037906e-05,0.00000000e+00,0.00000000e+00,0.00000000e+00,0.00000000e+00
3.93500000e+01,9.81467827e-04,2.20185655e-05,0.00000000e+00,0.00000000e+00,2.37107020e-04,1.31131431e-05,2.48658194e-04,1.95720759e-05,1.82606322e+00,2.70883083e-02,6.23379746e+03,1.20263930e+02,1.21009398e-03,2.90171741e-05,0.00000000e+00,0.00000000e+00,7.06880000e+00,7.95223701e-02
3.94500000e+01,9.83454832e-04,2.12259132e-05,0.00000000e+00,0.00000000e+00,2.33359024e-04,1.25440622e-05,2.42739275e-04,1.96173731e-05,1.83379975e+00,2.66898173e-02,6.26394429e+03,1.12830532e+02,1.20812259e-03,2.85415875e-05,0.00000000e+00,0.00000000e+00,0.00000000e+00,0.00000000e+00
3.95500000e+01,9.74012635e-04,2.43669114e-05,0.00000000e+00,0.00000000e+00,2.40703276e-04,1.31016975e-05,2.40156244e-04,1.94576483e-05,1.80601678e+00,2.68278017e-02,6.19062269e+03,1.27691882e+02,1.20605279e-03,3.24633636e-05,0.00000000e+00,0.00000000e+00,7.04340000e+00,8.01562810e-02
3.96500000e+01,9.65108477e-04,2.15350516e-05,0.00000000e+00,0.00000000e+00,2.42704153e-04,1.34588570e-05,2.34401593e-04,1.92593164e-05,1.79790057e+00,2.52174562e-02,6.14493703e+03,1.15376786e+02,1.19920428e-03,3.09487614e-05,0.00000000e+00,0.00000000e+00,0.00000000e+00,0.00000000e+00
3.97500000e+01,9.72214213e-04,2.25700460e-05,0.00000000e+00,0.00000000e+00,2.53051351e-04,1.59016539e-05,2.33323870e-04,1.92695908e-05,1.80149627e+00,2.45638015e-02,6.17842244e+03,1.17914863e+02,1.21639251e-03,3.14562312e-05,0.00000000e+00,0.00000000e+00,7.03260000e+00,7.78081419e-02
3.98500000e+01,9.66114279e-04,2.16860936e-05,0.00000000e+00,0.00000000e+00,2.57819779e-04,1.69369772e-05,2.33313535e-04,1.93098201e-05,1.79390702e+00,2.37904981e-02,6.14193001e+03,1.12991135e+02,1.21529027e-03,3.13961480e-05,0.00000000e+00,0.00000000e+00,0.00000000e+00,0.00000000e+00
3.99500000e+01,9.54687346e-04,2.06612143e-05,3.23184990e-20,1.24791204e-21,2.63001209e-04,1.78169298e-05,2.32655130e-04,1.94655004e-05,1.77769415e+00,2.43594464e-02,6.05997761e+03,1.12320819e+02,1.20954318e-03,3.15523700e-05,8.84649785e-20,3.48875525e-21,7.02600000e+00,7.50934112e-02
4.00500000e+01,4.73211045e-04,1.08318787e-05,5.51489977e-04,1.11383362e-05,6.44710526e-03,2.74427376e-04,1.80063120e-04,1.49996049e-05,1.77833679e+00,2.46415450e-02,1.02543699e+05,2.04097126e+03,7.46895145e-03,2.88627520e-04,1.55769641e-03,3.27453874e-05,0.00000000e+00,0.00000000e+00
4.01500000e+01,4.68045446e-04,1.09138590e-05,5.47946185e-04,1.16044653e-05,6.09907068e-03,2.47462110e-04,1.80328777e-04,1.50761025e-05,1.77096401e+00,2.58544567e-02,1.01880373e+05,2.12396543e+03,7.11229772e-03,2.63120106e-04,1.54836220e-03,3.40876943e-05,7.01380000e+00,7.32476314e-02
4.02500000e+01,4.63040458e-04,9.70912499e-06,5.47820129e-04,1.20829768e-05,5.99509628e-03,2.33149297e-04,1.86307147e-04,1.66402656e-05,1.76431287e+00,2.50888016e-02,1.01777912e+05,2.17337052e+03,7.00284677e-03,2.46408056e-04,1.55111616e-03,3.65994665e-05,0.00000000e+00,0.00000000e+00
4.03500000e+01,4.60479740e-04,9.97171791e-06,5.45639717e-04,1.18058611e-05,5.86215103e-03,2.28802648e-04,1.88431749e-04,1.78281207e-05,1.75574015e+00,2.59608587e-02,1.01434688e+05,2.13574882e+03,6.86523080e-03,2.42141809e-04,1.54515828e-03,3.51275187e-05,6.99680000e+00,7.20518181e-02
4.04500000e+01,4.59754126e-04,1.07618678e-05,5.42266221e-04,1.11128580e-05,5.75326687e-03,1.85176232e-04,1.85394597e-04,1.74947614e-05,1.73716277e+00,2.47871466e-02,1.00900989e+05,2.02246033e+03,6.75228102e-03,1.98907230e-04,1.53502960e-03,3.30840406e-05,0.00000000e+00,0.00000000e+00
4.05500000e+01,4.58557246e-04,1.02149418e-05,5.45350985e-04,1.10213212e-05,5.77428031e-03,1.55540010e-04,1.81191128e-04,1.74414599e-05,1.74301762e+00,2.44033534e-02,1.01435067e+05,2.01150073e+03,6.77520917e-03,1.66802934e-04,1.54193527e-03,3.28468873e-05,6.99760000e+00,7.29179354e-02
4.06500000e+01,4.55089417e-04,1.06707739e-05,5.44399272e-04,1.22482186e-05,5.61739799e-03,1.44369897e-04,1.77790389e-04,1.74126151e-05,1.73644667e+00,2.31045124e-02,1.01194748e+05,2.21688723e+03,6.61391855e-03,1.58163267e-04,1.53870503e-03,3.60619646e-05,0.00000000e+00,0.00000000e+00
4.07500000e+01,4.52012181e-04,1.08304746e-05,5.43007741e-04,1.22328431e-05,5.49155891e-03,1.33523266e-04,1.73576801e-04,1.69650492e-05,1.72524424e+00,2.55349405e-02,1.00890831e+05,2.21132914e+03,6.48404335e-03,1.45732096e-04,1.53134146e-03,3.55323144e-05,6.98200000e+00,7.29030668e-02
4.08500000e+01,4.52386859e-04,1.12108566e-05,5.41793396e-04,1.29781649e-05,5.42666981e-03,1.36300914e-04,1.73571415e-04,1.69642264e-05,1.71692615e+00,2.59153563e-02,1.00586998e+05,2.35354153e+03,6.41832003e-03,1.53541343e-04,1.52807209e-03,3.75440633e-05,0.00000000e+00,0.00000000e+00
4.09500000e+01,4.50153161e-04,1.17462103e-05,5.35118356e-04,1.26308787e-05,5.38989990e-03,1.34018600e-04,1.73104182e-04,1.69300910e-05,1.70837199e+00,2.59124299e-02,9.94328252e+04,2.30999733e+03,6.37257991e-03,1.51934839e-04,1.51013498e-03,3.65812080e-05,6.96560000e+00,7.16733862e-02
4.10500000e+01,4.49331653e-04,1.09524373e-05,5.32506023e-04,1.24743315e-05,5.42255297e-03,1.45234508e-04,1.71214291e-04,1.66535530e-05,1.70468515e+00,2.45266041e-02,9.89993669e+04,2.28197515e+03,6.40166829e-03,1.60188881e-04,1.50334798e-03,3.69326608e-05,0.00000000e+00,0.00000000e+00
4.11500000e+01,4.48534621e-04,1.23279730e-05,5.35069907e-04,1.35844150e-05,5.45291421e-03,1.55076555e-04,1.68815259e-04,1.62426470e-05,1.70173720e+00,2.43532161e-02,9.94399294e+04,2.49277004e+03,6.43387749e-03,1.74806787e-04,1.50965689e-03,3.97394583e-05,6.94560000e+00,6.99866809e-02
4.12500000e+01,4.42789107e-04,1.20160813e-05,5.26040666e-04,1.32348258e-05,5.28662697e-03,1.68759708e-04,1.66745186e-04,1.61548444e-05,1.67763865e+00,2.68537079e-02,9.76566616e+04,2.40566466e+03,6.25282114e-03,1.87865000e-04,1.48401793e-03,3.88550272e-05,0.00000000e+00,0.00000000e+00
4.13500000e+01,4.35599603e-04,9.50231564e-06,5.19110190e-04,1.21800621e-05,5.13619735e-03,1.30570080e-04,1.66121076e-04,1.62343821e-05,1.67099696e+00,2.61342204e-02,9.64910371e+04,2.21727766e+03,6.08825563e-03,1.44787686e-04,1.46528216e-03,3.59919199e-05,6.93040000e+00,6.75102169e-02
4.14500000e+01,4.39332635e-04,1.04599939e-05,5.19498921e-04,1.31658981e-05,5.34341848e-03,1.58662899e-04,1.65096286e-04,1.63234157e-05,1.67789019e+00,2.75732370e-02,9.65700127e+04,2.39131964e+03,6.29961191e-03,1.71579633e-04,1.46686038e-03,3.85541580e-05,0.00000000e+00,0.00000000e+00
4.15500000e+01,4.39233588e-04,1.09709876e-05,5.21125077e-04,1.48640394e-05,5.15543674e-03,1.22447783e-04,1.61231460e-04,1.64175889e-05,1.67283127e+00,2.74425294e-02,9.68652690e+04,2.71645894e+03,6.11321449e-03,1.39278309e-04,1.47004404e-03,4.33154211e-05,6.91340000e+00,6.98088410e-02
4.16500000e+01,4.34001616e-04,1.10843402e-05,5.18474481e-04,1.44765407e-05,5.07732369e-03,1.15463624e-04,1.58766119e-04,1.64497595e-05,1.66255614e+00,2.84199248e-02,9.63765746e+04,2.64296894e+03,6.02731891e-03,1.34358557e-04,1.46103040e-03,4.15245564e-05,0.00000000e+00,0.00000000e+00
4.17500000e+01,4.31684692e-04,1.05605530e-05,5.12864543e-04,1.35437902e-05,5.13721170e-03,1.27215742e-04,1.52754292e-04,1.62013039e-05,1.65421731e+00,2.66354055e-02,9.52755993e+04,2.45575970e+03,6.07938129e-03,1.43079219e-04,1.44351535e-03,3.88012376e-05,6.90040000e+00,7.19755968e-02
4.18500000e+01,4.26076269e-04,1.09648533e-05,5.07791581e-04,1.50398967e-05,5.22300497e-03,1.27644668e-04,1.49166532e-04,1.63308484e-05,1.64566912e+00,3.07985714e-02,9.42931516e+04,2.74303740e+03,6.15425922e-03,1.43791964e-04,1.43013903e-03,4.29531332e-05,0.00000000e+00,0.00000000e+00
4.19500000e+01,4.28363892e-04,1.18710684e-05,5.12376717e-04,1.71371813e-05,5.08356129e-03,1.10702029e-04,1.52852193e-04,1.78723606e-05,1.63810811e+00,3.08202324e-02,9.52559607e+04,3.12046695e+03,6.02075028e-03,1.32070577e-04,1.44713180e-03,5.14371102e-05,6.86620000e+00,7.14353654e-02
4.20500000e+01,4.22681238e-04,1.02295196e-05,5.10359650e-04,1.76370087e-05,5.07800976e-03,1.16051730e-04,1.54992313e-04,1.96212896e-05,1.63452944e+00,2.74836580e-02,9.48924287e+04,3.19228830e+03,6.00723230e-03,1.33045125e-04,1.44288564e-03,5.42558208e-05,0.00000000e+00,0.00000000e+00
4.21500000e+01,4.22131361e-04,9.83972335e-06,4.99184131e-04,1.29648640e-05,4.97328496e-03,1.12340573e-04,1.50843742e-04,1.95264955e-05,1.63067420e+00,2.75790583e-02,9.28555575e+04,2.35924509e+03,5.89186360e-03,1.28571009e-04,1.40782008e-03,3.85195148e-05,6.83600000e+00,7.02781645e-02
4.22500000e+01,4.16697640e-04,1.04661986e-05,4.90332580e-04,1.28901448e-05,4.96341894e-03,1.47989454e-04,1.49122331e-04,1.94468057e-05,1.61103097e+00,2.88555915e-02,9.12301750e+04,2.35684748e+03,5.86776319e-03,1.64901778e-04,1.38337993e-03,3.79430357e-05,0.00000000e+00,0.00000000e+00
4.23500000e+01,4.16569358e-04,1.09447528e-05,4.91233156e-04,1.33172741e-05,4.91864148e-03,1.45413012e-04,1.48609439e-04,1.95316784e-05,1.60411364e+00,2.86592241e-02,9.14328043e+04,2.45008185e+03,5.82381275e-03,1.63530961e-04,1.38515029e-03,3.90617392e-05,6.82760000e+00,7.04965247e-02
4.24500000e+01,4.14811940e-04,1.01809781e-05,4.93137006e-04,1.29852786e-05,4.96181773e-03,1.25843192e-04,1.48609523e-04,1.95316655e-05,1.59996961e+00,2.59848624e-02,9.17258301e+04,2.36888991e+03,5.86701553e-03,1.42098478e-04,1.39104376e-03,3.84196944e-05,0.00000000e+00,0.00000000e+00
4.25500000e+01,4.14475229e-04,9.11714320e-06,4.95354568e-04,1.38248859e-05,5.19142788e-03,2.63292835e-04,1.48611929e-04,1.95315340e-05,1.60445614e+00,2.45019937e-02,9.20579348e+04,2.51655484e+03,6.09839075e-03,2.73622695e-04,1.39683882e-03,4.08753874e-05,6.83620000e+00,7.19749900e-02
4.26500000e+01,4.05648010e-04,8.87964350e-06,4.88612879e-04,1.21687656e-05,4.82959409e-03,1.10866564e-04,1.48433731e-04,1.96432872e-05,1.59108957e+00,2.45459517e-02,9.08379384e+04,2.21939016e+03,5.72090129e-03,1.26085771e-04,1.37943874e-03,3.64625008e-05,0.00000000e+00,0.00000000e+00
4.27500000e+01,4.06383043e-04,8.39142668e-06,4.84315939e-04,1.25069840e-05,4.98378427e-03,1.32988300e-04,1.48401703e-04,1.96970052e-05,1.57903041e+00,2.38759494e-02,9.01079874e+04,2.29151243e+03,5.87139352e-03,1.48071344e-04,1.36855975e-03,3.77595588e-05,6.82260000e+00,7.09399344e-02
4.28500000e+01,4.08014806e-04,8.81264279e-06,4.84292941e-04,1.29805035e-05,4.89244852e-03,1.25997175e-04,1.47988437e-04,1.94809954e-05,1.58497649e+00,2.42778218e-02,9.00793679e+04,2.36213036e+03,5.78150159e-03,1.41032772e-04,1.36942480e-03,3.96273452e-05,0.00000000e+00,0.00000000e+00
4.29500000e+01,4.02605533e-04,7.51593026e-06,4.85429872e-04,1.40106913e-05,4.88903292e-03,1.08171240e-04,1.44980282e-04,1.96187558e-05,1.58043436e+00,2.41356470e-02,9.02921621e+04,2.54260715e+03,5.77429179e-03,1.20247112e-04,1.36939969e-03,4.19483366e-05,6.80500000e+00,7.18599829e-02
4.30500000e+01,4.00954515e-04,7.88492883e-06,4.75213715e-04,1.17533680e-05,4.90859745e-03,1.08760444e-04,1.44938159e-04,1.96229358e-05,1.56985981e+00,2.32788211e-02,8.83303241e+04,2.12549698e+03,5.78198981e-03,1.22081124e-04,1.34173930e-03,3.55708570e-05,0.00000000e+00,0.00000000e+00
4.31500000e+01,4.05969179e-04,9.07516452e-06,4.79492707e-04,1.32099484e-05,4.99481306e-03,1.37115996e-04,1.43262231e-04,1.93998918e-05,1.57486503e+00,2.29323196e-02,8.91823680e+04,2.40348012e+03,5.87752622e-03,1.53656175e-04,1.35316879e-03,3.95688199e-05,6.78640000e+00,7.15306471e-02
4.32500000e+01,4.03574309e-04,8.80871954e-06,4.83147964e-04,1.21638582e-05,4.95076999e-03,1.31945063e-04,1.40873190e-04,1.85249416e-05,1.56564463e+00,2.18302863e-02,8.97762625e+04,2.20390606e+03,5.83385277e-03,1.43625419e-04,1.36565734e-03,3.70342299e-05,0.00000000e+00,0.00000000e+00
4.33500000e+01,4.03420397e-04,9.38227605e-06,4.74929567e-04,1.11766797e-05,5.02191674e-03,1.50090085e-04,1.31590155e-04,1.70222842e-05,1.57494950e+00,2.31516280e-02,8.83001475e+04,2.01714996e+03,5.89727047e-03,1.63224667e-04,1.33746217e-03,3.32304083e-05,6.76920000e+00,7.02879442e-02
4.34500000e+01,4.00205467e-04,9.16197555e-06,4.70194075e-04,1.15675984e-05,5.20189721e-03,2.48869136e-04,1.29755061e-04,1.71506011e-05,1.56652296e+00,2.45976366e-02,8.74626791e+04,2.11211797e+03,6.06990208e-03,2.59168350e-04,1.32139202e-03,3.38967581e-05,0.00000000e+00,0.00000000e+00
4.35500000e+01,3.95280602e-04,9.36998479e-06,4.63269301e-04,1.13152529e-05,4.69192147e-03,1.28785415e-04,1.30063332e-04,1.71443732e-05,1.55651522e+00,2.46935102e-02,8.61644575e+04,2.07199305e+03,5.54804541e-03,1.42883193e-04,1.30311694e-03,3.37348377e-05,6.73540000e+00,6.84380906e-02
4.36500000e+01,3.87637405e-04,8.22762146e-06,4.57795068e-04,1.08829489e-05,4.58203039e-03,1.17643373e-04,1.30702095e-04,1.71502459e-05,1.53133187e+00,2.24909179e-02,8.50782003e+04,1.99769762e+03,5.42503241e-03,1.29468149e-04,1.28835450e-03,3.21327396e-05,0.00000000e+00,0.00000000e+00
4.37500000e+01,3.87510801e-04,8.84062580e-06,4.55358776e-04,1.19921146e-05,4.62499800e-03,1.16810661e-04,1.30318082e-04,1.71760718e-05,1.52373179e+00,2.45220424e-02,8.47289975e+04,2.20867283e+03,5.46544306e-03,1.31515394e-04,1.28158105e-03,3.51664753e-05,6.72740000e+00,6.81785232e-02
4.38500000e+01,3.80071913e-04,7.39764690e-06,4.50922592e-04,1.20744984e-05,4.55814980e-03,1.15130368e-04,1.29491492e-04,1.72679808e-05,1.50854815e+00,2.28038272e-02,8.38470974e+04,2.19884700e+03,5.38672592e-03,1.28277713e-04,1.26930618e-03,3.56120365e-05,0.00000000e+00,0.00000000e+00
4.39500000e+01,3.79288757e-04,6.61394924e-06,4.50242319e-04,1.12966195e-05,4.51832863e-03,1.15517532e-04,1.25770266e-04,1.46871510e-05,1.50190320e+00,2.15775170e-02,8.37539555e+04,2.06341736e+03,5.34541472e-03,1.26225474e-04,1.26677665e-03,3.30913122e-05,6.72180000e+00,6.73557052e-02
4.40500000e+01,3.83915111e-04,8.01662512e-06,4.48328829e-04,1.22032568e-05,4.54772822e-03,1.09430792e-04,1.17304756e-04,1.17729849e-05,1.49686850e+00,2.02974529e-02,8.34484157e+04,2.22832772e+03,5.37779211e-03,1.23221101e-04,1.25792577e-03,3.52012859e-05,0.00000000e+00,0.00000000e+00
4.41500000e+01,3.78094941e-04,7.23172300e-06,4.38840087e-04,1.06698069e-05,4.56466287e-03,1.26071779e-04,1.16718217e-04,1.15141257e-05,1.47954867e+00,1.95816613e-02,8.17014395e+04,1.93858531e+03,5.37953573e-03,1.37461162e-04,1.23158053e-03,3.04768118e-05,6.70540000e+00,6.79508886e-02
4.42500000e+01,3.76458085e-04,7.23677904e-06,4.40932887e-04,1.11786817e-05,4.57236736e-03,1.20180027e-04,1.16683938e-04,1.14491269e-05,1.48396337e+00,2.04920074e-02,8.20163589e+04,2.03960038e+03,5.38772426e-03,1.30877528e-04,1.23707077e-03,3.16906124e-05,0.00000000e+00,0.00000000e+00
4.43500000e+01,3.73390625e-04,7.15835829e-06,4.40712944e-04,1.17267257e-05,4.59763310e-03,1.28001505e-04,1.20988113e-04,1.26497950e-05,1.47082908e+00,2.17817577e-02,8.19699594e+04,2.14111007e+03,5.40967760e-03,1.39912200e-04,1.23751720e-03,3.33080276e-05,6.69820000e+00,6.68239783e-02
4.44500000e+01,3.71317268e-04,7.64291564e-06,4.34176672e-04,1.17824947e-05,4.60737887e-03,1.32344196e-04,1.21894486e-04,1.30638455e-05,1.45824265e+00,2.16054083e-02,8.08166000e+04,2.14966571e+03,5.41081364e-03,1.45002304e-04,1.22009923e-03,3.38839126e-05,0.00000000e+00,0.00000000e+00
4.45500000e+01,3.74010283e-04,7.58088026e-06,4.49525464e-04,1.85540968e-05,4.69135361e-03,1.62727261e-04,1.20315176e-04,1.29960041e-05,1.46950343e+00,2.31657788e-02,8.36007780e+04,3.35953428e+03,5.51284578e-03,1.74143151e-04,1.26198760e-03,5.21514406e-05,6.68920000e+00,6.63163968e-02
4.46500000e+01,3.64852157e-04,7.90614501e-06,4.24494975e-04,1.16589103e-05,4.67197643e-03,2.43472878e-04,1.20893746e-04,1.26403843e-05,1.44444186e+00,2.43396874e-02,7.90298697e+04,2.12545622e+03,5.45924878e-03,2.53762237e-04,1.19422332e-03,3.32296113e-05,0.00000000e+00,0.00000000e+00
4.47500000e+01,3.66944995e-04,7.59662155e-06,4.24119475e-04,1.09178884e-05,4.51145043e-03,1.37768520e-04,1.19600522e-04,1.24899461e-05,1.45881797e+00,2.19912141e-02,7.89450660e+04,1.98051051e+03,5.30042208e-03,1.48711824e-04,1.19292483e-03,3.12114595e-05,6.66740000e+00,6.52760606e-02
4.48500000e+01,3.67527128e-04,7.80223270e-06,4.19894217e-04,1.10695023e-05,4.52270719e-03,1.24693154e-04,1.17073326e-04,1.24080932e-05,1.46260203e+00,2.38182198e-02,7.81810290e+04,2.00632322e+03,5.30805641e-03,1.37692354e-04,1.18094860e-03,3.17264786e-05,0.00000000e+00,0.00000000e+00
4.49500000e+01,3.68875802e-04,7.98544665e-06,4.21321474e-04,1.22948559e-05,4.51899443e-03,1.48414216e-04,1.14914349e-04,1.22969662e-05,1.45436164e+00,2.41973017e-02,7.85067947e+04,2.25033258e+03,5.30651466e-03,1.60858659e-04,1.18621687e-03,3.60767144e-05,6.66620000e+00,6.78677526e-02
4.50500000e+01,3.63298566e-04,7.26156189e-06,4.11655031e-04,9.64220255e-06,4.40615308e-03,1.22187839e-04,1.13615831e-04,1.21138009e-05,1.43665413e+00,2.28096019e-02,7.67354235e+04,1.76054663e+03,5.17922177e-03,1.33385141e-04,1.15717055e-03,2.77290763e-05,0.00000000e+00,0.00000000e+00
4.51500000e+01,3.63426996e-04,8.02446796e-06,4.17697299e-04,1.20010065e-05,4.37545994e-03,1.19463844e-04,1.10847979e-04,1.16952664e-05,1.44148960e+00,2.57400865e-02,7.77965700e+04,2.19220736e+03,5.15456390e-03,1.33451480e-04,1.17348747e-03,3.42640794e-05,6.64160000e+00,6.81998025e-02
4.52500000e+01,3.63463057e-04,7.90277368e-06,4.10663309e-04,1.09772283e-05,4.38292538e-03,1.42882486e-04,1.09985035e-04,1.15094185e-05,1.43362161e+00,2.25052739e-02,7.65017569e+04,2.01369447e+03,5.15523771e-03,1.54377176e-04,1.15252763e-03,3.13894784e-05,0.00000000e+00,0.00000000e+00
4.53500000e+01,3.59433073e-04,7.53634327e-06,4.08744901e-04,1.09130622e-05,4.35471210e-03,1.20934534e-04,1.08603120e-04,1.11093349e-05,1.42941443e+00,2.40777261e-02,7.61082070e+04,2.01063772e+03,5.12111042e-03,1.32129094e-04,1.14674018e-03,3.09605332e-05,6.63280000e+00,6.69053794e-02
4.54500000e+01,3.60207751e-04,6.95680946e-06,4.14474027e-04,1.08791173e-05,4.39073212e-03,1.24953918e-04,1.07231370e-04,1.08962893e-05,1.43319704e+00,2.12239122e-02,7.71414626e+04,1.99662852e+03,5.16354293e-03,1.34225898e-04,1.16180533e-03,3.06606765e-05,0.00000000e+00,0.00000000e+00
4.55500000e+01,3.59345671e-04,7.35601356e-06,4.10903121e-04,1.07836874e-05,4.40714473e-03,1.39568320e-04,1.05750377e-04,1.08941522e-05,1.42894788e+00,2.32774385e-02,7.65238103e+04,1.97598774e+03,5.17529834e-03,1.50514914e-04,1.15251123e-03,3.03344465e-05,6.62480000e+00,6.57578986e-02
4.56500000e+01,3.58321976e-04,6.97858222e-06,4.02979340e-04,1.03496796e-05,4.33849028e-03,1.08744006e-04,1.02157094e-04,1.09018394e-05,1.41919749e+00,2.39597732e-02,7.51172979e+04,1.90623826e+03,5.09806326e-03,1.20791068e-04,1.12912792e-03,2.91427597e-05,0.00000000e+00,0.00000000e+00
4.57500000e+01,3.60003658e-04,7.36797377e-06,4.02009909e-04,1.06986253e-05,4.30230948e-03,1.15100724e-04,9.80204752e-05,1.07273021e-05,1.42674964e+00,2.59849660e-02,7.49629793e+04,1.96325673e+03,5.06264714e-03,1.27385017e-04,1.12514348e-03,3.02294706e-05,6.61480000e+00,6.45987553e-02
4.58500000e+01,3.58007187e-04,7.29314147e-06,4.02125260e-04,1.40174379e-05,4.36671359e-03,1.15837310e-04,9.60698755e-05,1.07227426e-05,1.41342470e+00,2.50649260e-02,7.49013456e+04,2.55684624e+03,5.12521145e-03,1.28196160e-04,1.12439265e-03,3.91873034e-05,0.00000000e+00,0.00000000e+00
4.59500000e+01,3.60328296e-04,8.40145491e-06,4.05198207e-04,1.60519157e-05,4.29571452e-03,1.12686643e-04,9.56865918e-05,1.07899078e-05,1.41960307e+00,2.64902738e-02,7.55352832e+04,2.92173177e+03,5.05954366e-03,1.28051493e-04,1.13376528e-03,4.47316709e-05,6.60340000e+00,6.28607856e-02
4.60500000e+01,3.58044080e-04,8.05399755e-06,4.02311362e-04,1.60544929e-05,4.33084807e-03,1.34696594e-04,9.46986257e-05,1.06202590e-05,1.41190163e+00,2.68972119e-02,7.49604618e+04,2.93122515e+03,5.08953189e-03,1.47560615e-04,1.12564639e-03,4.48285531e-05,0.00000000e+00,0.00000000e+00
4.61500000e+01,3.58168411e-04,7.90895208e-06,3.99116161e-04,1.40467096e-05,4.44051437e-03,1.51037784e-04,9.33128038e-05,1.04161872e-05,1.39528352e+00,2.55107109e-02,7.42576722e+04,2.56893385e+03,5.19618377e-03,1.62859747e-04,1.11599433e-03,3.91594736e-05,6.58940000e+00,6.24201760e-02
4.62500000e+01,3.50454550e-04,7.46226385e-06,3.88253446e-04,1.05109707e-05,4.30039664e-03,1.47996827e-04,9.33427096e-05,1.04302396e-05,1.37918957e+00,2.36951037e-02,7.23988050e+04,1.92343607e+03,5.03739793e-03,1.58146425e-04,1.08736837e-03,2.95647721e-05,0.00000000e+00,0.00000000e+00
4.63500000e+01,3.50510075e-04,7.71410397e-06,3.88976189e-04,1.09357340e-05,4.40180311e-03,1.59052163e-04,9.21245833e-05,1.03830955e-05,1.38461935e+00,2.60929585e-02,7.25019455e+04,1.99402463e+03,5.13948056e-03,1.71161014e-04,1.08930971e-03,3.07336507e-05,6.57020000e+00,6.31147255e-02
4.64500000e+01,3.46394488e-04,7.59136405e-06,3.86596446e-04,1.11450412e-05,4.34605826e-03,1.41428752e-04,9.11856413e-05,1.01518506e-05,1.37068476e+00,2.43995774e-02,7.20788641e+04,2.03746755e+03,5.07727512e-03,1.53459364e-04,1.08251432e-03,3.10288337e-05,0.00000000e+00,0.00000000e+00
4.65500000e+01,3.45995828e-04,7.53933927e-06,4.00740427e-04,1.59412213e-05,4.34871033e-03,1.48296548e-04,9.00243768e-05,1.00808612e-05,1.36938522e+00,2.44712492e-02,7.45635940e+04,2.89509301e+03,5.09359673e-03,1.60729528e-04,1.12040435e-03,4.41153287e-05,6.53820000e+00,6.34663272e-02
4.66500000e+01,3.46134741e-04,7.53414895e-06,3.88405967e-04,1.18942461e-05,4.26351936e-03,1.45151249e-04,8.99207181e-05,1.00208647e-05,1.36196594e+00,2.41077713e-02,7.24207148e+04,2.16296460e+03,4.99627877e-03,1.56465070e-04,1.08697233e-03,3.32778422e-05,0.00000000e+00,0.00000000e+00
4.67500000e+01,3.47045989e-04,7.16135382e-06,3.86913488e-04,1.05701609e-05,4.21673778e-03,1.33106091e-04,9.04438336e-05,1.01757532e-05,1.36181730e+00,2.32736402e-02,7.21480740e+04,1.92715414e+03,4.94875640e-03,1.43275054e-04,1.08355453e-03,3.00316574e-05,6.51980000e+00,6.31211921e-02
4.68500000e+01,3.42477723e-04,7.42433417e-06,3.83544744e-04,9.68852511e-06,4.20138419e-03,1.28383568e-04,9.13369750e-05,1.07918323e-05,1.34594140e+00,2.42717751e-02,7.14937370e+04,1.77079719e+03,4.92550131e-03,1.38241571e-04,1.07436151e-03,2.78772725e-05,0.00000000e+00,0.00000000e+00
4.69500000e+01,3.38778715e-04,7.78508650e-06,3.81555972e-04,1.03461694e-05,4.10069203e-03,1.25519660e-04,9.14931129e-05,1.07957772e-05,1.32419548e+00,2.31856515e-02,7.10649084e+04,1.89221027e+03,4.81917661e-03,1.36911332e-04,1.06863769e-03,2.97828019e-05,6.50040000e+00,6.23073095e-02
4.70500000e+01,3.33572052e-04,6.86030164e-06,3.79914636e-04,1.31807892e-05,4.03772102e-03,1.10700708e-04,9.04771903e-05,1.08276282e-05,1.31988072e+00,2.34917778e-02,7.07584668e+04,2.39931645e+03,4.74942132e-03,1.21873605e-04,1.06411020e-03,3.77806028e-05,0.00000000e+00,0.00000000e+00
4.71500000e+01,3.36352652e-04,7.53275048e-06,3.72221358e-04,9.05699664e-06,4.01259520e-03,1.17342913e-04,8.99173605e-05,1.08679779e-05,1.33386938e+00,2.49816367e-02,6.93833916e+04,1.66559926e+03,4.71942814e-03,1.28962911e-04,1.04263308e-03,2.58038338e-05,6.47860000e+00,6.17427249e-02
4.72500000e+01,3.37584363e-04,8.26891650e-06,3.78334016e-04,1.16189465e-05,4.00976424e-03,1.15735429e-04,8.84493339e-05,1.10117802e-05,1.33712732e+00,2.52396989e-02,7.04809977e+04,2.11613045e+03,4.72386779e-03,1.27966762e-04,1.05945022e-03,3.25783668e-05,0.00000000e+00,0.00000000e+00
4.73500000e+01,3.39305303e-04,8.24464523e-06,3.72899695e-04,1.00409045e-05,3.98735893e-03,1.12294149e-04,8.70613125e-05,1.11612517e-05,1.33166037e+00,2.34642187e-02,6.95536855e+04,1.82760197e+03,4.69778019e-03,1.25319510e-04,1.04378499e-03,2.87334829e-05,6.45700000e+00,6.19132046e-02
4.74500000e+01,3.34076572e-04,7.69967022e-06,3.77155310e-04,1.21147827e-05,4.01274434e-03,1.24605547e-04,9.31184692e-05,1.33072146e-05,1.32180512e+00,2.47835809e-02,7.02190762e+04,2.18909104e+03,4.72187001e-03,1.37102910e-04,1.05731574e-03,3.50933581e-05,0.00000000e+00,0.00000000e+00
4.75500000e+01,3.34763450e-04,7.36012983e-06,3.70384235e-04,1.03064581e-05,3.98112724e-03,1.19928897e-04,8.65087142e-05,1.12405373e-05,1.31455627e+00,2.40237421e-02,6.90547912e+04,1.87484059e+03,4.68436227e-03,1.30889264e-04,1.03740958e-03,2.91374354e-05,6.44720000e+00,6.25238175e-02
4.76500000e+01,3.30703162e-04,7.26899147e-06,3.63597357e-04,9.48499795e-06,3.98723061e-03,1.12188304e-04,8.69882207e-05,1.13387255e-05,1.30342130e+00,2.38111587e-02,6.78427569e+04,1.72794596e+03,4.67968094e-03,1.23640637e-04,1.01877073e-03,2.71684638e-05,0.00000000e+00,0.00000000e+00
4.77500000e+01,3.32321716e-04,7.44465502e-06,3.65758572e-04,1.06472717e-05,4.02526312e-03,1.29611986e-04,8.66786401e-05,1.11797181e-05,1.31331309e+00,2.50048594e-02,6.81909695e+04,1.93870338e+03,4.72150503e-03,1.40099684e-04,1.02486290e-03,3.02919466e-05,6.43580000e+00,6.21526035e-02
4.78500000e+01,3.28559278e-04,6.92949181e-06,3.63635194e-04,1.04099064e-05,3.95628149e-03,1.04456518e-04,8.59698109e-05,1.09670535e-05,1.30777435e+00,2.63916421e-02,6.78075155e+04,1.90028081e+03,4.64664689e-03,1.15707822e-04,1.01889861e-03,2.96072342e-05,0.00000000e+00,0.00000000e+00
4.79500000e+01,3.30707299e-04,6.44934529e-06,3.67106179e-04,1.05402921e-05,3.94052399e-03,8.85876576e-05,9.15077293e-05,1.28879057e-05,1.30032496e+00,2.36544249e-02,6.84537756e+04,1.91888951e+03,4.63640820e-03,9.85810389e-05,1.02992200e-03,3.00873073e-05,6.42220000e+00,6.05797097e-02
4.80500000e+01,3.33171467e-04,6.90085538e-06,3.65558892e-04,1.06205037e-05,3.97807195e-03,1.15199350e-04,8.63141226e-05,1.11653673e-05,1.30437038e+00,2.30351355e-02,6.82055422e+04,1.93055935e+03,4.67490546e-03,1.25067585e-04,1.02389727e-03,3.01549539e-05,0.00000000e+00,0.00000000e+00
4.81500000e+01,3.30469465e-04,6.64718674e-06,3.62426982e-04,1.04344232e-05,3.89372911e-03,8.53885967e-05,8.56649154e-05,1.11885208e-05,1.29133522e+00,2.16241201e-02,6.76390473e+04,1.90249174e+03,4.58471180e-03,9.71603488e-05,1.01543241e-03,2.95291063e-05,6.41940000e+00,6.07264929e-02
4.82500000e+01,3.27328553e-04,6.28797122e-06,3.57228390e-04,9.64091366e-06,3.88681551e-03,8.20609963e-05,8.54333828e-05,1.11920200e-05,1.28230011e+00,2.06323896e-02,6.67186756e+04,1.75775674e+03,4.56945305e-03,9.30334353e-05,1.00155841e-03,2.74325303e-05,0.00000000e+00,0.00000000e+00
4.83500000e+01,3.24023723e-04,7.30221183e-06,3.51935356e-04,1.05951766e-05,3.87279064e-03,1.01604600e-04,8.55916559e-05,1.12497605e-05,1.27056033e+00,2.38870723e-02,6.57403960e+04,1.93859659e+03,4.54680483e-03,1.12386919e-04,9.87435938e-04,3.00064215e-05,6.38860000e+00,6.19301845e-02
4.84500000e+01,3.29135389e-04,7.70559557e-06,3.56210105e-04,1.11754415e-05,3.95053089e-03,1.04766726e-04,8.36254392e-05,1.08012183e-05,1.28893637e+00,2.44685738e-02,6.65597496e+04,2.03476708e+03,4.63400783e-03,1.18215579e-04,9.98245802e-04,3.14921099e-05,0.00000000e+00,0.00000000e+00
4.85500000e+01,3.27209205e-04,7.90607405e-06,3.53008059e-04,1.12303195e-05,3.91196759e-03,1.20377649e-04,8.10404792e-05,1.01835817e-05,1.27860305e+00,2.45036342e-02,6.59618799e+04,2.05009034e+03,4.59038639e-03,1.31816973e-04,9.89024728e-04,3.18173221e-05,6.37140000e+00,6.40165859e-02
4.86500000e+01,3.22913598e-04,7.18074972e-06,3.46167611e-04,1.02608184e-05,3.90336766e-03,9.82227655e-05,7.89176904e-05,1.00838215e-05,1.27327182e+00,2.53326814e-02,6.46872900e+04,1.87769517e+03,4.57067575e-03,1.09275096e-04,9.69351474e-04,2.88908691e-05,0.00000000e+00,0.00000000e+00
4.87500000e+01,3.23721289e-04,6.53878691e-06,3.43390168e-04,9.40907887e-06,3.92969457e-03,9.41448675e-05,7.88416347e-05,1.00882761e-05,1.27837476e+00,2.29675020e-02,6.42399310e+04,1.72093483e+03,4.59504001e-03,1.04896898e-04,9.61826319e-04,2.67766652e-05,6.34420000e+00,6.43650875e-02
4.88500000e+01,3.19057349e-04,7.47205468e-06,3.38837628e-04,9.27219700e-06,3.99474433e-03,1.65030668e-04,7.88416678e-05,1.00882709e-05,1.25290473e+00,2.33478102e-02,6.33172177e+04,1.70059383e+03,4.65090799e-03,1.76157939e-04,9.49342230e-04,2.64135829e-05,0.00000000e+00,0.00000000e+00
4.89500000e+01,3.13759508e-04,7.02894993e-06,3.41503960e-04,1.11831065e-05,3.84128729e-03,1.10416398e-04,7.88353721e-05,1.00855917e-05,1.24596377e+00,2.32786461e-02,6.38378294e+04,2.04236488e+03,4.49482483e-03,1.22507043e-04,9.56565021e-04,3.12404810e-05,6.33920000e+00,6.40254031e-02
4.90500000e+01,3.16786848e-04,7.10059229e-06,3.44117564e-04,1.12172309e-05,3.85045942e-03,9.90679025e-05,7.89607984e-05,1.01542356e-05,1.24897073e+00,2.34653895e-02,6.42453825e+04,2.04476957e+03,4.50962936e-03,1.10823150e-04,9.63488833e-04,3.13001436e-05,0.00000000e+00,0.00000000e+00
4.91500000e+01,3.14671909e-04,7.65714358e-06,3.40292407e-04,9.42377343e-06,3.82779513e-03,9.17270089e-05,8.14227647e-05,1.10808486e-05,1.24243395e+00,2.29218456e-02,6.35254483e+04,1.71684012e+03,4.48092233e-03,1.02970647e-04,9.54554185e-04,2.70273815e-05,6.32900000e+00,6.53457055e-02
4.92500000e+01,3.11200538e-04,6.87924931e-06,3.40395575e-04,9.51306231e-06,3.88325584e-03,1.34388577e-04,8.04018008e-05,1.11847174e-05,1.23903439e+00,2.20914443e-02,6.35046150e+04,1.73304264e+03,4.53301917e-03,1.41845168e-04,9.55377541e-04,2.68536804e-05,0.00000000e+00,0.00000000e+00
4.93500000e+01,3.08359488e-04,6.81650807e-06,3.34899474e-04,8.84896390e-06,3.79847210e-03,1.10678449e-04,7.99705317e-05,1.11830422e-05,1.22973743e+00,2.39841545e-02,6.25172774e+04,1.62146233e+03,4.43990616e-03,1.19763599e-04,9.39501759e-04,2.54803078e-05,6.33400000e+00,6.47021433e-02
4.94500000e+01,3.09624343e-04,6.84438815e-06,3.33839113e-04,8.43710947e-06,3.85023041e-03,1.27615128e-04,7.95213480e-05,1.11934220e-05,1.24143948e+00,2.46702136e-02,6.24019466e+04,1.55725748e+03,4.49187223e-03,1.37394210e-04,9.36693429e-04,2.42544029e-05,0.00000000e+00,0.00000000e+00
4.95500000e+01,3.09645923e-04,7.17810124e-06,3.36402912e-04,9.22395864e-06,3.84528060e-03,1.29512214e-04,7.95809443e-05,1.12071922e-05,1.24281131e+00,2.58249806e-02,6.28783432e+04,1.70129688e+03,4.48950636e-03,1.40841356e-04,9.43446560e-04,2.64331277e-05,6.32560000e+00,6.41389817e-02
4.96500000e+01,3.09385718e-04,6.91891872e-06,3.35608428e-04,9.08156682e-06,3.92982839e-03,1.23069016e-04,7.90761743e-05,1.11044211e-05,1.23488228e+00,2.44072917e-02,6.26495963e+04,1.66907636e+03,4.57300883e-03,1.33926254e-04,9.40943706e-04,2.62142508e-05,0.00000000e+00,0.00000000e+00
4.97500000e+01,3.11723595e-04,6.91070937e-06,3.34321074e-04,8.70338976e-06,3.86586925e-03,1.21251080e-04,7.89512225e-05,1.10598354e-05,1.23112351e+00,2.45127517e-02,6.24175931e+04,1.60112883e+03,4.51013889e-03,1.30523195e-04,9.37206238e-04,2.51711778e-05,6.30500000e+00,6.37298187e-02
4.98500000e+01,3.08740353e-04,6.45923211e-06,3.33169893e-04,8.80012269e-06,3.78299485e-03,1.09434850e-04,7.75450805e-05,1.08294907e-05,1.21950068e+00,2.30591345e-02,6.22067947e+04,1.60780373e+03,4.42315812e-03,1.19075896e-04,9.33517198e-04,2.56906348e-05,0.00000000e+00,0.00000000e+00
4.99500000e+01,3.07008251e-04,6.61293078e-06,3.35015584e-04,9.78757789e-06,3.87113864e-03,1.21508966e-04,7.61536226e-05,1.03096813e-05,1.22058482e+00,2.42557859e-02,6.25247932e+04,1.77954502e+03,4.51149376e-03,1.32648387e-04,9.37609020e-04,2.79326113e-05,6.29020000e+00,6.42282219e-02
5.00500000e+01,3.08364797e-04,7.76058248e-06,3.33881741e-04,1.03556289e-05,3.84230258e-03,1.13519455e-04,7.66892344e-05,1.05139611e-05,1.22185131e+00,2.45994038e-02,6.23573487e+04,1.90325636e+03,4.48287000e-03,1.27740874e-04,9.33982169e-04,2.88231429e-05,0.00000000e+00,0.00000000e+00
5.01500000e+01,3.12572980e-04,8.01821724e-06,3.34749447e-04,1.01308416e-05,3.87641436e-03,1.28381257e-04,7.62838397e-05,1.05192065e-05,1.23817490e+00,2.62807204e-02,6.25722154e+04,1.86171630e+03,4.52206652e-03,1.41905242e-04,9.36395981e-04,2.82966279e-05,6.28620000e+00,6.53254896e-02
5.02500000e+01,3.06383003e-04,6.68517174e-06,3.26010241e-04,9.08285644e-06,3.75969775e-03,1.08613922e-04,7.43918507e-05,1.05563283e-05,1.21612178e+00,2.45257833e-02,6.08944942e+04,1.66472342e+03,4.39047532e-03,1.19996700e-04,9.12739807e-04,2.58538373e-05,0.00000000e+00,0.00000000e+00
5.03500000e+01,3.07590955e-04,6.38679808e-06,3.24782548e-04,8.69411102e-06,3.75522741e-03,9.88262214e-05,7.42455422e-05,1.05832317e-05,1.21249642e+00,2.19076748e-02,6.06733198e+04,1.59334905e+03,4.38598916e-03,1.08019994e-04,9.09147088e-04,2.47434560e-05,6.27900000e+00,6.34094244e-02
5.04500000e+01,3.07497376e-04,6.68529482e-06,3.22913903e-04,8.75769195e-06,3.74682579e-03,1.02521050e-04,7.43096115e-05,1.06083653e-05,1.20661874e+00,2.27388797e-02,6.03598483e+04,1.59684796e+03,4.37566721e-03,1.13025222e-04,9.04226855e-04,2.49045144e-05,0.00000000e+00,0.00000000e+00
5.05500000e+01,3.10169582e-04,7.25043483e-06,3.24825347e-04,9.26639134e-06,3.85214957e-03,1.53011780e-04,8.08087545e-05,1.45014476e-05,1.21160695e+00,2.41354763e-02,6.08371315e+04,1.70690192e+03,4.48551166e-03,1.64184771e-04,9.11184553e-04,2.64952483e-05,6.26680000e+00,6.52802061e-02
5.06500000e+01,3.05772346e-04,6.52371662e-06,3.18551192e-04,8.91053856e-06,3.84470767e-03,1.43698117e-04,6.84575455e-05,9.76341941e-06,1.20603708e+00,2.26828669e-02,5.96443057e+04,1.64007168e+03,4.46762727e-03,1.52216315e-04,8.90450566e-04,2.50745284e-05,0.00000000e+00,0.00000000e+00
5.07500000e+01,3.03408030e-04,6.57128185e-06,3.18963703e-04,8.95194296e-06,3.81258309e-03,1.17778646e-04,6.61791996e-05,9.75930592e-06,1.20260509e+00,2.44596326e-02,5.96136621e+04,1.64131940e+03,4.43361148e-03,1.25596884e-04,8.90557317e-04,2.52406946e-05,6.23400000e+00,6.55575771e-02
5.08500000e+01,3.00772884e-04,6.95312286e-06,3.18393085e-04,9.64879278e-06,3.72797563e-03,1.05040419e-04,6.61521116e-05,9.63898529e-06,1.18827534e+00,2.57464471e-02,5.94792217e+04,1.76761009e+03,4.34575729e-03,1.15630890e-04,8.89037822e-04,2.72256408e-05,0.00000000e+00,0.00000000e+00
5.09500000e+01,2.97477151e-04,6.14249955e-06,3.16470475e-04,1.02895127e-05,3.57696706e-03,8.45266128e-05,6.65132434e-05,9.64479713e-06,1.18016578e+00,2.44250256e-02,5.91118162e+04,1.87389266e+03,4.18945847e-03,9.47319746e-05,8.84320963e-04,2.91576398e-05,6.21540000e+00,6.50006028e-02
5.10500000e+01,2.96415954e-04,6.83653811e-06,3.16983465e-04,1.12532457e-05,3.57854924e-03,8.53701640e-05,6.64649069e-05,9.64321767e-06,1.17074049e+00,2.46744885e-02,5.92022089e+04,2.04078994e+03,4.19052648e-03,9.47715385e-05,8.84966853e-04,3.11089015e-05,0.00000000e+00,0.00000000e+00
5.11500000e+01,2.97904475e-04,6.58399426e-06,3.14246003e-04,9.91582835e-06,3.67424315e-03,9.84502972e-05,6.47672209e-05,9.61127546e-06,1.17437437e+00,2.41133069e-02,5.87383246e+04,1.79763390e+03,4.28505259e-03,1.06388725e-04,8.77317562e-04,2.75654274e-05,6.20040000e+00,6.57508966e-02
5.12500000e+01,2.97615535e-04,6.60434425e-06,3.08935481e-04,8.73110981e-06,3.56221410e-03,8.07723196e-05,6.46716676e-05,9.56780755e-06,1.16888170e+00,2.44511185e-02,5.77525660e+04,1.59282110e+03,4.16741168e-03,9.10518673e-05,8.62859923e-04,2.43906802e-05,0.00000000e+00,0.00000000e+00
5.13500000e+01,3.00003823e-04,6.92435664e-06,3.13033473e-04,9.09820019e-06,3.71785291e-03,1.54413250e-04,6.44674440e-05,9.50051594e-06,1.17272794e+00,2.50434897e-02,5.85050797e+04,1.66146401e+03,4.32956699e-03,1.59020176e-04,8.73626590e-04,2.52975936e-05,6.18360000e+00,6.61882041e-02
5.14500000e+01,2.99073663e-04,6.76233585e-06,3.12318772e-04,9.30046213e-06,3.55783407e-03,9.73089106e-05,6.33423167e-05,9.16853482e-06,1.16334800e+00,2.44567851e-02,5.83937622e+04,1.70535925e+03,4.16793057e-03,1.07162217e-04,8.71156996e-04,2.58551008e-05,0.00000000e+00,0.00000000e+00
5.15500000e+01,2.93134782e-04,6.52720499e-06,3.09092385e-04,9.16768547e-06,3.42965811e-03,9.11112839e-05,6.11554258e-05,9.19380129e-06,1.15284084e+00,2.45867308e-02,5.78047038e+04,1.68868573e+03,4.03061587e-03,1.02049168e-04,8.61796558e-04,2.54597564e-05,6.17880000e+00,6.88705618e-02
5.16500000e+01,2.97977740e-04,8.31918461e-06,3.13461174e-04,9.93135832e-06,3.41812674e-03,9.80806469e-05,6.07288662e-05,9.24125448e-06,1.15683414e+00,2.55268774e-02,5.85260133e+04,1.82848250e+03,4.02828245e-03,1.12106274e-04,8.73480929e-04,2.72919579e-05,0.00000000e+00,0.00000000e+00
5.17500000e+01,2.93124099e-04,6.61119549e-06,3.10141936e-04,9.08952541e-06,3.42518567e-03,9.29841579e-05,6.06179097e-05,9.30758837e-06,1.15169458e+00,2.44142333e-02,5.79090426e+04,1.67404607e+03,4.02712330e-03,1.04776420e-04,8.64862761e-04,2.49957384e-05,6.16320000e+00,6.89048086e-02
5.18500000e+01,2.92438249e-04,6.49928038e-06,3.06905451e-04,8.64048439e-06,3.37442111e-03,9.63688853e-05,5.89206398e-05,9.49872113e-06,1.13694404e+00,2.25673267e-02,5.73577593e+04,1.58451053e+03,3.97241554e-03,1.08024307e-04,8.55689231e-04,2.38809221e-05,0.00000000e+00,0.00000000e+00
5.19500000e+01,2.88807710e-04,5.88817087e-06,3.02216714e-04,8.24487905e-06,3.37528174e-03,9.12046159e-05,5.88757633e-05,9.49700349e-06,1.12304534e+00,2.23044334e-02,5.64913356e+04,1.51671781e+03,3.96494497e-03,1.01566051e-04,8.43116099e-04,2.30130472e-05,6.15160000e+00,6.78529984e-02
5.20500000e+01,2.85168769e-04,5.69751380e-06,2.99389742e-04,7.90191378e-06,3.38172680e-03,9.92017270e-05,5.70658619e-05,9.49356774e-06,1.12127983e+00,2.25470466e-02,5.59072262e+04,1.44952367e+03,3.96489075e-03,1.09202307e-04,8.34967945e-04,2.20052631e-05,0.00000000e+00,0.00000000e+00
5.21500000e+01,2.84175980e-04,5.80810054e-06,2.97546012e-04,7.93665834e-06,3.37418743e-03,9.99029612e-05,5.54122117e-05,9.50189660e-06,1.11179882e+00,2.21921108e-02,5.55448641e+04,1.45219451e+03,3.95450293e-03,1.10011169e-04,8.29366943e-04,2.20802941e-05,6.14040000e+00,6.74848192e-02
5.22500000e+01,2.85866213e-04,6.77247706e-06,2.97810298e-04,7.46024696e-06,3.40512617e-03,1.05143866e-04,5.53209306e-05,9.44117070e-06,1.11447447e+00,2.30059278e-02,5.55900202e+04,1.37357613e+03,3.98728254e-03,1.16608930e-04,8.30678583e-04,2.06903018e-05,0.00000000e+00,0.00000000e+00
5.23500000e+01,2.87579046e-04,5.43491990e-06,2.99494211e-04,6.47846838e-06,3.45064230e-03,9.66009836e-05,5.47773043e-05,9.29147087e-06,1.12239647e+00,2.09566059e-02,5.58774574e+04,1.18666280e+03,4.03614450e-03,1.03802832e-04,8.35207509e-04,1.81415222e-05,6.12660000e+00,6.81999521e-02
5.24500000e+01,2.83725780e-04,5.37934332e-06,2.97986343e-04,6.39082800e-06,3.43457936e-03,9.51546746e-05,5.38778628e-05,9.10173673e-06,1.10988791e+00,2.10532193e-02,5.56016784e+04,1.17990853e+03,4.01470308e-03,1.03108429e-04,8.30978402e-04,1.81206648e-05,0.00000000e+00,0.00000000e+00
5.25500000e+01,2.83535676e-04,5.66392698e-06,2.96045480e-04,7.37775793e-06,3.48269242e-03,1.12355169e-04,5.25307330e-05,8.89319433e-06,1.10818169e+00,2.24629111e-02,5.52492380e+04,1.35564355e+03,4.06071108e-03,1.21971035e-04,8.25281457e-04,2.05802669e-05,6.12240000e+00,6.82124891e-02
5.26500000e+01,2.84777026e-04,5.90690717e-06,3.00331151e-04,7.85714210e-06,3.62061793e-03,1.54238402e-04,5.18168105e-05,8.85824697e-06,1.11037624e+00,2.24234613e-02,5.60265744e+04,1.43706351e+03,4.20424278e-03,1.61121257e-04,8.35851248e-04,2.21794163e-05,0.00000000e+00,0.00000000e+00
5.27500000e+01,2.85241679e-04,6.47854974e-06,2.94021866e-04,8.07847270e-06,3.51431098e-03,9.74700064e-05,5.18048606e-05,8.85938950e-06,1.10889908e+00,2.33576841e-02,5.49596931e+04,1.48116438e+03,4.09211191e-03,1.08165684e-04,8.19134112e-04,2.28029019e-05,6.10860000e+00,6.78780479e-02
5.28500000e+01,2.79272432e-04,7.23590061e-06,2.91068284e-04,9.32070956e-06,3.45290581e-03,9.88753249e-05,5.08785373e-05,8.81398985e-06,1.09993235e+00,2.57172793e-02,5.42963866e+04,1.70112834e+03,4.02179060e-03,1.12171650e-04,8.10597739e-04,2.59773452e-05,0.00000000e+00,0.00000000e+00
5.29500000e+01,2.75629969e-04,6.14996047e-06,2.88579466e-04,8.87999902e-06,3.45216902e-03,1.00673871e-04,5.08056494e-05,8.81431463e-06,1.09006458e+00,2.35524057e-02,5.38757541e+04,1.62003998e+03,4.01488201e-03,1.10267312e-04,8.04474777e-04,2.50072143e-05,6.08440000e+00,6.69676498e-02
5.30500000e+01,2.74202332e-04,6.23709138e-06,2.88020792e-04,8.60301183e-06,3.33174733e-03,8.76495443e-05,5.08079238e-05,8.81462767e-06,1.07842749e+00,2.42540825e-02,5.37440983e+04,1.56371610e+03,3.89245380e-03,9.87147273e-05,8.02815635e-04,2.41265887e-05,0.00000000e+00,0.00000000e+00
5.31500000e+01,2.73987721e-04,6.07388315e-06,2.90799449e-04,9.35063716e-06,3.32476071e-03,8.32941497e-05,5.07628972e-05,8.80288444e-06,1.08066406e+00,2.41544122e-02,5.42025964e+04,1.68629727e+03,3.88802644e-03,9.32747119e-05,8.10610545e-04,2.62328814e-05,6.07260000e+00,6.65339011e-02
5.32500000e+01,2.78544331e-04,7.34805386e-06,2.93444790e-04,1.07774278e-05,3.37019830e-03,9.41528452e-05,4.86799744e-05,8.52871009e-06,1.08512663e+00,2.46339416e-02,5.47323152e+04,1.96312299e+03,3.94076648e-03,1.05608417e-04,8.17102486e-04,3.00967707e-05,0.00000000e+00,0.00000000e+00
5.33500000e+01,2.72608963e-04,6.47214167e-06,2.85435798e-04,9.80583726e-06,3.37011973e-03,8.72728538e-05,4.85988916e-05,8.51642369e-06,1.06815435e+00,2.37635299e-02,5.32757958e+04,1.79314844e+03,3.92676503e-03,9.78462071e-05,7.94538518e-04,2.70017498e-05,6.05360000e+00,6.69893443e-02
5.34500000e+01,2.78734992e-04,6.56886200e-06,2.94252411e-04,1.37868256e-05,3.37141890e-03,8.19181309e-05,4.72247994e-05,8.34328063e-06,1.08388213e+00,2.41645795e-02,5.48458485e+04,2.50402468e+03,3.94309383e-03,9.37098400e-05,8.17185420e-04,3.71513777e-05,0.00000000e+00,0.00000000e+00
5.35500000e+01,2.79523505e-04,6.86127272e-06,2.89215344e-04,1.04441755e-05,3.57023582e-03,2.36026079e-04,4.59963562e-05,8.02887722e-06,1.08336518e+00,2.50742904e-02,5.39554597e+04,1.90884464e+03,4.13766250e-03,2.38223380e-04,8.03502637e-04,2.85468828e-05,6.04840000e+00,6.45261282e-02
5.36500000e+01,2.77207834e-04,7.19240691e-06,2.85943765e-04,9.03557185e-06,3.43012672e-03,1.05563258e-04,4.47613227e-05,7.82671804e-06,1.07331196e+00,2.45483846e-02,5.34003015e+04,1.66629346e+03,3.99197342e-03,1.17354374e-04,7.94308928e-04,2.49408295e-05,0.00000000e+00,0.00000000e+00
5.37500000e+01,2.79255967e-04,7.30620701e-06,2.90162943e-04,9.46589504e-06,3.43467719e-03,9.33626038e-05,4.43004085e-05,7.81129049e-06,1.08182930e+00,2.43078477e-02,5.41471378e+04,1.74058673e+03,4.00271139e-03,1.05835690e-04,8.05793233e-04,2.60663216e-05,6.02300000e+00,6.56721915e-02
5.38500000e+01,2.78617699e-04,6.92676611e-06,2.91749937e-04,1.02929498e-05,3.33634476e-03,9.30174126e-05,4.24387336e-05,7.39911920e-06,1.08402134e+00,2.49914451e-02,5.44427413e+04,1.87945857e+03,3.90529055e-03,1.04320872e-04,8.09553216e-04,2.81176559e-05,0.00000000e+00,0.00000000e+00
5.39500000e+01,2.73971319e-04,6.54034035e-06,2.82537948e-04,9.20018058e-06,3.40557595e-03,1.30185194e-04,4.24392764e-05,7.39913427e-06,1.06170288e+00,2.36565614e-02,5.27657306e+04,1.69293281e+03,3.96061013e-03,1.37878379e-04,7.84983370e-04,2.55778280e-05,6.00520000e+00,6.46555962e-02
5.40500000e+01,2.72631698e-04,6.60236037e-06,2.79190355e-04,9.30133967e-06,3.22529070e-03,8.35301802e-05,4.24601263e-05,7.39940321e-06,1.05561490e+00,2.43299015e-02,5.21827968e+04,1.71537487e+03,3.77561754e-03,9.51231047e-05,7.75808879e-04,2.57860195e-05,0.00000000e+00,0.00000000e+00
5.41500000e+01,2.70936270e-04,6.94945478e-06,2.78221275e-04,9.53678787e-06,3.22692391e-03,1.02131814e-04,4.19441042e-05,7.23464233e-06,1.04989202e+00,2.47966861e-02,5.20008945e+04,1.76323969e+03,3.77456549e-03,1.14758127e-04,7.73123158e-04,2.64492290e-05,5.99840000e+00,6.55559334e-02
5.42500000e+01,2.74052900e-04,6.92726389e-06,2.80393748e-04,9.60102195e-06,3.26871882e-03,9.19978043e-05,4.14828290e-05,7.12195694e-06,1.06264617e+00,2.45521343e-02,5.23562122e+04,1.76666651e+03,3.82175019e-03,1.03581537e-04,7.78132593e-04,2.67528769e-05,0.00000000e+00,0.00000000e+00
5.43500000e+01,2.71244553e-04,6.70166058e-06,2.79987292e-04,1.00905768e-05,3.24475678e-03,9.83005264e-05,4.03086963e-05,7.17141012e-06,1.05617584e+00,2.41766463e-02,5.22942582e+04,1.85295254e+03,3.79456077e-03,1.09907881e-04,7.77009903e-04,2.82705968e-05,5.98580000e+00,6.46693884e-02
5.44500000e+01,2.69614223e-04,6.54044434e-06,2.85397264e-04,1.10852859e-05,3.26619419e-03,1.16089587e-04,3.97295375e-05,7.20765785e-06,1.06193313e+00,2.44286531e-02,5.32265583e+04,2.01822893e+03,3.81971954e-03,1.27263893e-04,7.92102515e-04,3.08611403e-05,0.00000000e+00,0.00000000e+00
5.45500000e+01,2.67351417e-04,6.61920736e-06,2.82234019e-04,1.15180643e-05,3.24276306e-03,1.05047385e-04,3.82618597e-05,7.00468070e-06,1.05291750e+00,2.42617721e-02,5.27361043e+04,2.10790149e+03,3.79105952e-03,1.16683180e-04,7.82592667e-04,3.21729606e-05,5.96780000e+00,6.47704203e-02
5.46500000e+01,2.68296730e-04,7.06938050e-06,2.86985869e-04,1.25410685e-05,3.30707309e-03,1.42333862e-04,3.86102653e-05,7.15318010e-06,1.04877336e+00,2.46143804e-02,5.35382447e+04,2.27992247e+03,3.86105340e-03,1.54134317e-04,7.95423182e-04,3.49505602e-05,0.00000000e+00,0.00000000e+00
5.47500000e+01,2.68170042e-04,7.29124846e-06,2.82052463e-04,1.04389820e-05,3.36375795e-03,1.53421095e-04,3.87370636e-05,7.21089356e-06,1.04317391e+00,2.42046092e-02,5.25988383e+04,1.90996697e+03,3.91278944e-03,1.64668754e-04,7.81258574e-04,2.86549816e-05,5.96560000e+00,6.45449756e-02
5.48500000e+01,2.65947106e-04,6.62912158e-06,2.71738379e-04,8.51514538e-06,3.27056719e-03,1.12806567e-04,4.04765161e-05,8.13327074e-06,1.04050557e+00,2.34587606e-02,5.07388560e+04,1.58619691e+03,3.80719348e-03,1.24092727e-04,7.53205675e-04,2.38123421e-05,0.00000000e+00,0.00000000e+00
5.49500000e+01,2.66671585e-04,6.83060052e-06,2.71755961e-04,8.77958534e-06,3.25432036e-03,1.02802355e-04,4.06912109e-05,8.26862639e-06,1.03626046e+00,2.42076102e-02,5.07301070e+04,1.60937098e+03,3.79165544e-03,1.15130435e-04,7.53541568e-04,2.45309592e-05,5.95980000e+00,6.30467853e-02
5.50500000e+01,2.64264426e-04,7.12267437e-06,2.70909625e-04,8.85828417e-06,3.23152915e-03,1.07655172e-04,4.06914195e-05,8.26862998e-06,1.03653750e+00,2.46558143e-02,5.05746317e+04,1.62765038e+03,3.76559455e-03,1.20131884e-04,7.51241154e-04,2.48934028e-05,0.00000000e+00,0.00000000e+00
5.51500000e+01,2.61870098e-04,6.51761155e-06,2.66767936e-04,8.20776426e-06,3.26334388e-03,1.24575237e-04,4.06914133e-05,8.26863046e-06,1.02510709e+00,2.23559421e-02,4.98403606e+04,1.51197309e+03,3.79089901e-03,1.33020779e-04,7.39952452e-04,2.31301984e-05,5.94840000e+00,6.41938137e-02
5.52500000e+01,2.60236796e-04,6.80723419e-06,2.68484681e-04,9.48799109e-06,3.16490643e-03,8.43655910e-05,4.06913635e-05,8.26863424e-06,1.02374127e+00,2.25637098e-02,5.01287475e+04,1.73788645e+03,3.69259300e-03,9.52895898e-05,7.43991632e-04,2.64435957e-05,0.00000000e+00,0.00000000e+00
5.53500000e+01,2.56887534e-04,6.14237084e-06,2.65614159e-04,8.54809275e-06,3.21018407e-03,1.13856344e-04,4.07095983e-05,8.26711909e-06,1.00539228e+00,2.10943189e-02,4.95427512e+04,1.56295208e+03,3.73155147e-03,1.22378574e-04,7.36819976e-04,2.41279816e-05,5.92240000e+00,6.44420702e-02
5.54500000e+01,2.59961274e-04,6.20680343e-06,2.67640797e-04,9.03634888e-06,3.25941027e-03,1.34902310e-04,3.83576683e-05,6.96524561e-06,1.01461287e+00,2.23789832e-02,4.98897063e+04,1.65823081e+03,3.78566301e-03,1.43877057e-04,7.42665360e-04,2.56514541e-05,0.00000000e+00,0.00000000e+00
5.55500000e+01,2.60364268e-04,6.11713512e-06,2.66786468e-04,1.01238560e-05,3.26730237e-03,1.35713003e-04,3.65097948e-05,6.32572681e-06,1.00971837e+00,2.16749068e-02,4.97521096e+04,1.84978247e+03,3.79312893e-03,1.44439331e-04,7.39578658e-04,2.83377610e-05,5.91340000e+00,6.57202544e-02
5.56500000e+01,2.57623427e-04,6.05714805e-06,2.63882187e-04,9.14954987e-06,3.15526507e-03,1.14616937e-04,3.63099827e-05,6.28404792e-06,1.00271082e+00,2.08114183e-02,4.92269039e+04,1.67683377e+03,3.67545369e-03,1.23732659e-04,7.31502713e-04,2.58082321e-05,0.00000000e+00,0.00000000e+00
5.57500000e+01,2.57489014e-04,5.98791983e-06,2.63770570e-04,8.96010833e-06,3.13498390e-03,9.87531451e-05,3.65763688e-05,6.32723162e-06,1.00418546e+00,2.13105358e-02,4.92743472e+04,1.64499120e+03,3.65456617e-03,1.07524552e-04,7.32642386e-04,2.57245883e-05,5.90640000e+00,6.59924300e-02
5.58500000e+01,2.59978001e-04,6.40039011e-06,2.71064594e-04,1.10157822e-05,3.14684618e-03,9.97284220e-05,3.64790786e-05,6.19188884e-06,1.00592260e+00,2.36443826e-02,5.06559326e+04,2.01532441e+03,3.67604691e-03,1.09757885e-04,7.53060912e-04,3.15220753e-05,0.00000000e+00,0.00000000e+00
5.59500000e+01,2.59209773e-04,6.24753038e-06,2.65823130e-04,9.67581937e-06,3.12762944e-03,9.45737290e-05,3.64790786e-05,6.19188884e-06,1.00045139e+00,2.10732105e-02,4.96964840e+04,1.77643693e+03,3.65082753e-03,1.03874937e-04,7.38737056e-04,2.80269952e-05,5.88000000e+00,6.38326895e-02
5.60500000e+01,2.54376899e-04,6.59358845e-06,2.61641926e-04,9.23315495e-06,3.02602989e-03,8.52942745e-05,3.64360548e-05,6.19040370e-06,9.84716079e-01,2.15711376e-02,4.88358838e+04,1.69227604e+03,3.54066698e-03,9.66392617e-05,7.25580593e-04,2.56841983e-05,0.00000000e+00,0.00000000e+00
5.61500000e+01,2.60484316e-04,5.91957451e-06,2.64208878e-04,8.34721460e-06,3.11739254e-03,7.68792155e-05,3.54812092e-05,6.22995440e-06,9.99699053e-01,2.08335294e-02,4.93212612e+04,1.52980680e+03,3.64101404e-03,8.58277195e-05,7.31265552e-04,2.29135732e-05,5.87640000e+00,6.39411464e-02
5.62500000e+01,2.56027575e-04,6.50174124e-06,2.57474912e-04,8.26746620e-06,3.09358578e-03,8.78137996e-05,3.54756940e-05,6.22975175e-06,9.84448215e-01,2.18016017e-02,4.80160803e+04,1.52081917e+03,3.60612951e-03,9.76948130e-05,7.12343069e-04,2.25943568e-05,0.00000000e+00,0.00000000e+00
5.63500000e+01,2.60027451e-04,8.67359173e-06,2.62542888e-04,9.59689478e-06,3.05830218e-03,9.74027719e-05,3.53030935e-05,6.22088177e-06,9.84611731e-01,2.38465838e-02,4.89557135e+04,1.77025237e+03,3.57989668e-03,1.09809007e-04,7.25636383e-04,2.60528719e-05,5.87140000e+00,6.25140050e-02
5.64500000e+01,2.57419634e-04,7.67895742e-06,2.56554389e-04,8.50922430e-06,3.07771722e-03,9.70423341e-05,3.57472777e-05,6.64930801e-06,9.84540447e-01,2.48423950e-02,4.78290752e+04,1.56583116e+03,3.59063768e-03,1.09424149e-04,7.10109908e-04,2.34522885e-05,0.00000000e+00,0.00000000e+00
5.65500000e+01,2.56471220e-04,7.65219108e-06,2.55457255e-04,8.88753136e-06,3.09386805e-03,9.78051773e-05,3.70123616e-05,7.24030156e-06,9.77439774e-01,2.18483172e-02,4.77094994e+04,1.63886835e+03,3.60473664e-03,1.09544593e-04,7.07594637e-04,2.47425927e-05,5.86180000e+00,6.27789709e-02
5.66500000e+01,2.53763294e-04,6.57192313e-06,2.56584409e-04,8.83026834e-06,3.06843027e-03,9.47040844e-05,3.69820974e-05,7.24339494e-06,9.76455832e-01,2.03762198e-02,4.79148358e+04,1.61679500e+03,3.57781070e-03,1.04739466e-04,7.10027237e-04,2.44365427e-05,0.00000000e+00,0.00000000e+00
5.67500000e+01,2.53357031e-04,6.40589254e-06,2.54268894e-04,8.64487807e-06,3.10365568e-03,9.90113511e-05,3.69820974e-05,7.24339494e-06,9.71413268e-01,2.03391852e-02,4.74797295e+04,1.58231337e+03,3.61037203e-03,1.08097276e-04,7.03735220e-04,2.39954712e-05,5.84520000e+00,6.41065694e-02
5.68500000e+01,2.54020853e-04,6.78518536e-06,2.57701763e-04,8.88043152e-06,3.09532596e-03,1.00676589e-04,3.69820974e-05,7.24339494e-06,9.70173677e-01,2.09915262e-02,4.81198761e+04,1.62352519e+03,3.60617228e-03,1.11430125e-04,7.13046318e-04,2.45233715e-05,0.00000000e+00,0.00000000e+00
5.69500000e+01,2.52164600e-04,7.40928042e-06,2.62220839e-04,1.22991301e-05,3.08113464e-03,1.06542131e-04,3.61203129e-05,7.11391720e-06,9.65606522e-01,2.13181659e-02,4.89355433e+04,2.23997183e+03,3.59464514e-03,1.19281590e-04,7.24376851e-04,3.34030659e-05,5.83380000e+00,6.42869143e-02
5.70500000e+01,2.54001961e-04,7.24336484e-06,2.59635322e-04,1.06668146e-05,3.12768172e-03,1.02038106e-04,3.57615432e-05,7.11127559e-06,9.68669816e-01,2.13785160e-02,4.84889424e+04,1.94496406e+03,3.64044798e-03,1.13082941e-04,7.17803802e-04,2.92618128e-05,0.00000000e+00,0.00000000e+00
5.71500000e+01,2.49466799e-04,7.22205754e-06,2.54082818e-04,9.65611525e-06,3.09863260e-03,1.05246310e-04,3.57326170e-05,7.11409661e-06,9.61286927e-01,2.25566027e-02,4.74499311e+04,1.76716337e+03,3.60131410e-03,1.16869416e-04,7.03021572e-04,2.65771809e-05,5.81440000e+00,6.49478032e-02
5.72500000e+01,2.49694289e-04,7.12585869e-06,2.49232770e-04,8.22921978e-06,3.05043364e-03,9.56392968e-05,3.43675797e-05,6.47243766e-06,9.53721013e-01,2.18013639e-02,4.64981776e+04,1.51437180e+03,3.54853108e-03,1.06142703e-04,6.89598628e-04,2.27739994e-05,0.00000000e+00,0.00000000e+00
5.73500000e+01,2.49808495e-04,7.11714215e-06,2.46104031e-04,7.86793756e-06,3.07867026e-03,1.06866550e-04,3.17128858e-05,6.01714727e-06,9.55651818e-01,2.13600047e-02,4.60032168e+04,1.45439858e+03,3.57382169e-03,1.16620146e-04,6.80270553e-04,2.17267420e-05,5.80580000e+00,6.62297116e-02
5.74500000e+01,2.49555124e-04,7.41761356e-06,2.44986423e-04,7.91040402e-06,3.00301104e-03,9.84170804e-05,3.26573725e-05,6.38357209e-06,9.53171233e-01,2.18911824e-02,4.58149017e+04,1.45859462e+03,3.49678686e-03,1.08521205e-04,6.77425359e-04,2.19033648e-05,0.00000000e+00,0.00000000e+00
5.75500000e+01,2.47395993e-04,6.84760385e-06,2.44184006e-04,7.99229239e-06,2.98513761e-03,8.81518864e-05,3.26573724e-05,6.38357209e-06,9.47386986e-01,2.13948233e-02,4.55185189e+04,1.45625602e+03,3.47595349e-03,9.81317933e-05,6.75361004e-04,2.21859135e-05,5.78740000e+00,6.54141032e-02
5.76500000e+01,2.49738218e-04,6.77652143e-06,2.49118550e-04,8.82036224e-06,3.09578557e-03,1.17463399e-04,3.20734285e-05,6.36000154e-06,9.52986132e-01,2.00422407e-02,4.66075627e+04,1.61222986e+03,3.59383763e-03,1.26386503e-04,6.88621447e-04,2.41746849e-05,0.00000000e+00,0.00000000e+00
5.77500000e+01,2.50243601e-04,7.23716447e-06,2.44385374e-04,7.74592709e-06,3.10761716e-03,1.19162135e-04,3.14767873e-05,6.39209901e-06,9.48113389e-01,2.09988659e-02,4.57443391e+04,1.44026783e+03,3.60143334e-03,1.28318077e-04,6.75721233e-04,2.13528148e-05,5.79320000e+00,6.53651845e-02
5.78500000e+01,2.52301674e-04,7.08931863e-06,2.46599579e-04,8.19020244e-06,3.16262180e-03,1.22059042e-04,3.14767873e-05,6.39209901e-06,9.52702339e-01,2.26608083e-02,4.61305344e+04,1.51971081e+03,3.66071050e-03,1.32916138e-04,6.81711456e-04,2.25649539e-05,0.00000000e+00,0.00000000e+00
5.79500000e+01,2.52651997e-04,7.35446436e-06,2.46191348e-04,8.52634649e-06,3.10510336e-03,1.12549961e-04,2.87723120e-05,5.94809116e-06,9.49864954e-01,2.28403285e-02,4.60756753e+04,1.58326034e+03,3.60315069e-03,1.25406900e-04,6.79904820e-04,2.35815134e-05,5.77960000e+00,6.52955354e-02
5.80500000e+01,2.51462108e-04,7.02191811e-06,2.48610631e-04,8.50252794e-06,3.15325372e-03,1.14473318e-04,2.83995194e-05,5.97763987e-06,9.44917434e-01,2.09322034e-02,4.64738046e+04,1.56730136e+03,3.65257188e-03,1.27112716e-04,6.86166055e-04,2.35816072e-05,0.00000000e+00,0.00000000e+00
5.81500000e+01,2.59571591e-04,8.12507274e-06,2.59267422e-04,9.96621783e-06,3.21713218e-03,1.10203256e-04,2.83801436e-05,5.97948555e-06,9.50585240e-01,2.18013402e-02,4.83925839e+04,1.83279746e+03,3.73522703e-03,1.23654762e-04,7.14341586e-04,2.75639367e-05,5.76080000e+00,6.42386113e-02
5.82500000e+01,2.51209145e-04,7.40798581e-06,2.46992603e-04,9.12342284e-06,3.18541863e-03,1.29813507e-04,2.83822725e-05,5.98030316e-06,9.34993281e-01,2.15667854e-02,4.61035781e+04,1.67236667e+03,3.68258058e-03,1.39652198e-04,6.82154889e-04,2.56583597e-05,0.00000000e+00,0.00000000e+00
5.83500000e+01,2.50060071e-04,6.95630238e-06,2.49990313e-04,1.02914595e-05,3.14239260e-03,1.15035001e-04,2.80916370e-05,5.84757237e-06,9.38437578e-01,2.11475759e-02,4.66645623e+04,1.87218926e+03,3.64142759e-03,1.24809621e-04,6.90179423e-04,2.88006115e-05,5.75400000e+00,6.48753908e-02
5.84500000e+01,2.46939480e-04,6.97736457e-06,2.40150599e-04,9.13160453e-06,3.12652206e-03,1.24990997e-04,2.73064340e-05,5.55572807e-06,9.19275073e-01,2.10826122e-02,4.48454655e+04,1.67061375e+03,3.61270340e-03,1.35801918e-04,6.62214799e-04,2.48917694e-05,0.00000000e+00,0.00000000e+00
5.85500000e+01,2.45854052e-04,6.99902263e-06,2.36369747e-04,8.42414910e-06,3.08192471e-03,1.10618384e-04,2.73006492e-05,5.55524533e-06,9.17599877e-01,2.13204724e-02,4.41321808e+04,1.55149716e+03,3.56325518e-03,1.20657635e-04,6.52188280e-04,2.31565686e-05,5.73280000e+00,6.45651324e-02
5.86500000e+01,2.45693180e-04,6.83075027e-06,2.34680537e-04,7.38844442e-06,3.08996543e-03,1.05444077e-04,2.73005836e-05,5.55525189e-06,9.16801270e-01,2.16996008e-02,4.38206377e+04,1.36245166e+03,3.56949917e-03,1.15744580e-04,6.47775148e-04,2.06345073e-05,0.00000000e+00,0.00000000e+00
5.87500000e+01,2.42800293e-04,6.90121061e-06,2.32546474e-04,7.18731048e-06,3.07758489e-03,1.10638863e-04,2.71745214e-05,5.56507584e-06,9.10004393e-01,2.06845132e-02,4.34662502e+04,1.32762662e+03,3.55214276e-03,1.20906670e-04,6.41839300e-04,1.99075790e-05,5.71880000e+00,6.46343814e-02
5.88500000e+01,2.45836607e-04,6.85844766e-06,2.34234749e-04,7.24107114e-06,3.11782741e-03,1.03179860e-04,2.71182559e-05,5.57083756e-06,9.11217445e-01,2.03129546e-02,4.37408379e+04,1.33678556e+03,3.59708030e-03,1.13458176e-04,6.46317592e-04,2.01506152e-05,0.00000000e+00,0.00000000e+00
5.89500000e+01,2.47650707e-04,6.56814901e-06,2.41134820e-04,8.50660104e-06,3.07591076e-03,1.01459375e-04,2.75038290e-05,5.54612693e-06,9.16524590e-01,1.94106100e-02,4.49544388e+04,1.55719006e+03,3.56321845e-03,1.09769394e-04,6.67714193e-04,2.50382557e-05,5.70080000e+00,6.50399187e-02
5.90500000e+01,2.46665226e-04,6.78634562e-06,2.36937843e-04,7.55727680e-06,3.09396686e-03,9.74942184e-05,2.70834959e-05,5.56405444e-06,9.19994703e-01,1.95108215e-02,4.42201837e+04,1.39356326e+03,3.57670205e-03,1.06480906e-04,6.53351836e-04,2.09747910e-05,0.00000000e+00,0.00000000e+00
5.91500000e+01,2.46305259e-04,7.15590231e-06,2.36568172e-04,7.98585785e-06,3.21200444e-03,1.01278485e-04,2.65615828e-05,5.55506962e-06,9.22682963e-01,2.05934834e-02,4.41922861e+04,1.47675257e+03,3.69399429e-03,1.11017458e-04,6.52573310e-04,2.22724492e-05,5.68060000e+00,6.73894620e-02
5.92500000e+01,2.45921623e-04,7.08747130e-06,2.40561062e-04,8.38659137e-06,3.23894086e-03,1.08613772e-04,2.70712664e-05,5.57696845e-06,9.18056351e-01,2.06377558e-02,4.48519848e+04,1.53629986e+03,3.72451880e-03,1.17886923e-04,6.63213701e-04,2.32337034e-05,0.00000000e+00,0.00000000e+00
5.93500000e+01,2.43455391e-04,6.91237494e-06,2.43730379e-04,9.80369171e-06,3.13701684e-03,1.05596969e-04,5.41215674e-05,2.84146111e-05,9.04767878e-01,2.22537120e-02,4.54233528e+04,1.78214485e+03,3.62304676e-03,1.14698927e-04,6.80879082e-04,3.21694878e-05,5.67120000e+00,6.66392297e-02
5.94500000e+01,2.47934932e-04,7.18635972e-06,2.40280999e-04,9.26694100e-06,3.10079546e-03,1.02854273e-04,5.45330136e-05,2.95400659e-05,9.10800681e-01,2.15612063e-02,4.47855787e+04,1.68860068e+03,3.58785834e-03,1.12657890e-04,6.72053213e-04,3.17513273e-05,0.00000000e+00,0.00000000e+00
5.95500000e+01,2.48481431e-04,7.33427189e-06,2.38420690e-04,9.38247667e-06,3.21463281e-03,1.08005547e-04,5.40013665e-05,2.95450713e-05,9.12494512e-01,2.26423553e-02,4.44438759e+04,1.71523992e+03,3.70047832e-03,1.17549984e-04,6.66347130e-04,3.19143205e-05,5.65220000e+00,6.80805585e-02
5.96500000e+01,2.46561641e-04,7.14546691e-06,2.37865465e-04,9.35499087e-06,3.21665146e-03,9.74015856e-05,5.47340604e-05,2.97380118e-05,9.03235339e-01,2.19317825e-02,4.43144257e+04,1.70198555e+03,3.70011489e-03,1.06237281e-04,6.64552586e-04,3.19008135e-05,0.00000000e+00,0.00000000e+00
5.97500000e+01,2.46620119e-04,7.53632712e-06,2.39770609e-04,9.58697308e-06,3.19256785e-03,1.13789891e-04,5.81656450e-05,3.04252370e-05,9.07999238e-01,2.17656108e-02,4.46523343e+04,1.74164683e+03,3.67797081e-03,1.24085048e-04,6.70622040e-04,3.26939604e-05,5.64500000e+00,6.75563257e-02
5.98500000e+01,2.45993786e-04,7.68815558e-06,2.36608776e-04,9.43049125e-06,3.32604909e-03,1.41273566e-04,5.76554373e-05,3.04184177e-05,9.05956733e-01,2.03854367e-02,4.41231459e+04,1.70964938e+03,3.80768814e-03,1.50636456e-04,6.62167177e-04,3.22393042e-05,0.00000000e+00,0.00000000e+00
5.99500000e+01,2.45121885e-04,7.29092906e-06,2.32246890e-04,8.42321151e-06,3.52732564e-03,1.65916468e-04,2.86786980e-05,9.24537248e-06,9.04773912e-01,2.11092427e-02,4.32950309e+04,1.54758742e+03,4.00399918e-03,1.74601936e-04,6.40534977e-04,2.35288014e-05,5.62460000e+00,6.85072378e-02
6.00500000e+01,4.87233610e-04,1.46873676e-05,2.43421030e-20,1.72828109e-21,1.39250969e-04,1.36282434e-05,3.64371782e-05,1.20197763e-05,9.00577216e-01,2.11089724e-02,2.91867636e+03,8.46663115e+01,6.24679432e-04,2.15949824e-05,6.99564189e-20,6.12767799e-21,0.00000000e+00,0.00000000e+00
6.01500000e+01,4.95798739e-04,1.53558994e-05,0.00000000e+00,0.00000000e+00,1.49169742e-04,1.35468050e-05,3.61195668e-05,1.20104805e-05,9.11595238e-01,2.19955723e-02,2.96152159e+03,8.81614839e+01,6.43195174e-04,2.24202378e-05,0.00000000e+00,0.00000000e+00,5.59840000e+00,6.71327409e-02
6.02500000e+01,4.87728951e-04,1.42965354e-05,0.00000000e+00,0.00000000e+00,1.39168339e-04,1.31087487e-05,3.52110564e-05,1.20308446e-05,8.98260928e-01,2.11516411e-02,2.91787230e+03,8.24251581e+01,6.25153626e-04,2.09703145e-05,0.00000000e+00,0.00000000e+00,0.00000000e+00,0.00000000e+00
6.03500000e+01,4.99213158e-04,1.54477737e-05,0.00000000e+00,0.00000000e+00,1.37101246e-04,1.20594123e-05,3.52309104e-05,1.20338712e-05,9.02120504e-01,2.22834880e-02,2.97384229e+03,8.57421810e+01,6.34570052e-04,2.13481687e-05,0.00000000e+00,0.00000000e+00,5.58960000e+00,6.89098553e-02
6.04500000e+01,4.85190238e-04,1.38370829e-05,0.00000000e+00,0.00000000e+00,1.37653688e-04,1.19898517e-05,3.52309104e-05,1.20338712e-05,8.94451379e-01,2.26508456e-02,2.90034779e+03,8.16864767e+01,6.21111443e-04,2.08820327e-05,0.00000000e+00,0.00000000e+00,0.00000000e+00,0.00000000e+00
6.05500000e+01,4.91320876e-04,1.43443107e-05,0.00000000e+00,0.00000000e+00,1.31561737e-04,1.04076012e-05,3.52309104e-05,1.20338712e-05,8.99936157e-01,2.29395502e-02,2.92748439e+03,8.30431955e+01,6.21175013e-04,1.86089467e-05,0.00000000e+00,0.00000000e+00,5.55640000e+00,6.76942466e-02
6.06500000e+01,4.85950296e-04,1.34806464e-05,0.00000000e+00,0.00000000e+00,1.29578907e-04,1.08038881e-05,3.77723652e-05,1.42853461e-05,9.00113938e-01,2.11481075e-02,2.90608979e+03,8.11721851e+01,6.13754559e-04,1.86586693e-05,0.00000000e+00,0.00000000e+00,0.00000000e+00,0.00000000e+00
6.07500000e+01,4.86845294e-04,1.41739722e-05,0.00000000e+00,0.00000000e+00,1.25506291e-04,1.02455794e-05,3.80581018e-05,1.45444572e-05,8.99808052e-01,2.30774809e-02,2.91327841e+03,8.45125100e+01,6.10526255e-04,1.94863969e-05,0.00000000e+00,0.00000000e+00,5.53420000e+00,6.88761622e-02
6.08500000e+01,4.96482545e-04,1.39459447e-05,0.00000000e+00,0.00000000e+00,1.42063019e-04,1.64654603e-05,3.80581018e-05,1.45444572e-05,9.06871789e-01,2.30582710e-02,2.95849983e+03,8.34481462e+01,6.36640828e-04,2.26883595e-05,0.00000000e+00,0.00000000e+00,0.00000000e+00,0.00000000e+00
6.09500000e+01,4.93999624e-04,1.40356523e-05,0.00000000e+00,0.00000000e+00,1.29361193e-04,9.70225814e-06,3.80581018e-05,1.45444572e-05,9.01863116e-01,2.34257486e-02,2.93603744e+03,8.33344261e+01,6.21456397e-04,1.90616452e-05,0.00000000e+00,0.00000000e+00,5.51660000e+00,6.83201408e-02
6.10500000e+01,4.91896233e-04,1.45761321e-05,0.00000000e+00,0.00000000e+00,1.36118415e-04,1.17194184e-05,3.81344224e-05,1.45471903e-05,8.98981501e-01,2.40986306e-02,2.92653580e+03,8.48543052e+01,6.26108312e-04,2.09089264e-05,0.00000000e+00,0.00000000e+00,0.00000000e+00,0.00000000e+00
6.11500000e+01,4.95359611e-04,1.50633337e-05,0.00000000e+00,0.00000000e+00,1.45237953e-04,1.39176972e-05,3.81663764e-05,1.45484534e-05,9.04256851e-01,2.27925779e-02,2.94946946e+03,8.68429174e+01,6.38694672e-04,2.33812637e-05,0.00000000e+00,0.00000000e+00,5.49000000e+00,6.64855363e-02
6.12500000e+01,4.87949566e-04,1.39670781e-05,0.00000000e+00,0.00000000e+00,1.45633496e-04,1.40779201e-05,3.81663764e-05,1.45484534e-05,8.98987782e-01,2.21617568e-02,2.91838199e+03,8.25764651e+01,6.31625431e-04,2.23911518e-05,0.00000000e+00,0.00000000e+00,0.00000000e+00,0.00000000e+00
6.13500000e+01,4.83446418e-04,1.39505501e-05,0.00000000e+00,0.00000000e+00,1.41524849e-04,1.42574773e-05,3.81663764e-05,1.45484534e-05,8.92837948e-01,2.40162938e-02,2.88574773e+03,8.41965282e+01,6.23129352e-04,2.41550665e-05,0.00000000e+00,0.00000000e+00,5.47820000e+00,6.76043049e-02
6.14500000e+01,4.90984861e-04,1.38613915e-05,0.00000000e+00,0.00000000e+00,1.54856965e-04,1.91174045e-05,3.73012050e-05,1.37675022e-05,9.03533818e-01,2.29376686e-02,2.92488070e+03,8.11882337e+01,6.44087573e-04,2.63613538e-05,0.00000000e+00,0.00000000e+00,0.00000000e+00,0.00000000e+00
6.15500000e+01,4.93974183e-04,1.59942035e-05,0.00000000e+00,0.00000000e+00,1.42946935e-04,1.15271480e-05,2.44549437e-05,6.11067315e-06,9.06904986e-01,2.29155271e-02,2.93328704e+03,8.77591882e+01,6.35501668e-04,2.21980567e-05,0.00000000e+00,0.00000000e+00,5.45640000e+00,6.84896894e-02
6.16500000e+01,4.91692349e-04,1.47426241e-05,0.00000000e+00,0.00000000e+00,1.37247316e-04,1.10525317e-05,2.44549437e-05,6.11067315e-06,9.01818678e-01,2.12722210e-02,2.91547803e+03,8.23885758e+01,6.27520213e-04,1.93779773e-05,0.00000000e+00,0.00000000e+00,0.00000000e+00,0.00000000e+00
6.17500000e+01,4.82987919e-04,1.43403432e-05,0.00000000e+00,0.00000000e+00,1.38014528e-04,1.09559846e-05,2.44549437e-05,6.11067315e-06,8.92736146e-01,2.17907444e-02,2.85833071e+03,7.89836628e+01,6.19613351e-04,2.00987575e-05,0.00000000e+00,0.00000000e+00,5.43700000e+00,6.97723704e-02
6.18500000e+01,4.87028581e-04,1.55062197e-05,0.00000000e+00,0.00000000e+00,1.40537206e-04,1.17741482e-05,2.44549437e-05,6.11067315e-06,8.86124498e-01,2.15976016e-02,2.86461481e+03,8.40477920e+01,6.26263771e-04,2.09378233e-05,0.00000000e+00,0.00000000e+00,0.00000000e+00,0.00000000e+00
6.19500000e+01,4.83889507e-04,1.54578823e-05,0.00000000e+00,0.00000000e+00,1.62226570e-04,2.57288944e-05,2.44549437e-05,6.11067315e-06,8.77925354e-01,2.20477824e-02,2.85119506e+03,8.56038896e+01,6.44813822e-04,2.97548277e-05,0.00000000e+00,0.00000000e+00,5.41920000e+00,6.96011025e-02
6.20500000e+01,4.87978786e-04,1.61377499e-05,0.00000000e+00,0.00000000e+00,1.48980998e-04,1.60632699e-05,2.44549437e-05,6.11067315e-06,8.80719349e-01,2.21319375e-02,2.86723138e+03,8.88712035e+01,6.35657867e-04,2.25771661e-05,0.00000000e+00,0.00000000e+00,0.00000000e+00,0.00000000e+00
6.21500000e+01,4.85919138e-04,1.49478455e-05,0.00000000e+00,0.00000000e+00,1.51093258e-04,1.57974094e-05,2.44549437e-05,6.11067315e-06,8.77059611e-01,2.07129778e-02,2.85754440e+03,8.14237097e+01,6.35742653e-04,2.35748194e-05,0.00000000e+00,0.00000000e+00,5.41520000e+00,7.02893379e-02
6.22500000e+01,4.73466774e-04,1.44499374e-05,0.00000000e+00,0.00000000e+00,1.37050137e-04,1.03330939e-05,2.44549437e-05,6.11067315e-06,8.65777416e-01,2.12933091e-02,2.79849205e+03,7.98495666e+01,6.09274696e-04,1.93257891e-05,0.00000000e+00,0.00000000e+00,0.00000000e+00,0.00000000e+00
6.23500000e+01,4.76600924e-04,1.45525767e-05,0.00000000e+00,0.00000000e+00,1.41759324e-04,1.18481198e-05,2.44549437e-05,6.11067315e-06,8.68907189e-01,2.12145572e-02,2.80274995e+03,7.96246168e+01,6.17118033e-04,2.03848550e-05,0.00000000e+00,0.00000000e+00,5.40080000e+00,6.84134132e-02
6.24500000e+01,4.72565589e-04,1.44704737e-05,0.00000000e+00,0.00000000e+00,1.31611784e-04,1.04195372e-05,2.44549437e-05,6.11067315e-06,8.59358744e-01,2.08666483e-02,2.78172677e+03,7.94881443e+01,6.02941721e-04,1.86361699e-05,0.00000000e+00,0.00000000e+00,0.00000000e+00,0.00000000e+00
6.25500000e+01,4.72135523e-04,1.54781310e-05,0.00000000e+00,0.00000000e+00,1.30819213e-04,1.08376949e-05,2.30151810e-05,5.98469914e-06,8.57674485e-01,2.28306883e-02,2.77602883e+03,8.50401037e+01,6.01758265e-04,1.88979463e-05,0.00000000e+00,0.00000000e+00,5.39060000e+00,6.91366054e-02
6.26500000e+01,4.77990967e-04,1.55646880e-05,0.00000000e+00,0.00000000e+00,1.32946220e-04,1.18325483e-05,2.27417935e-05,5.99963760e-06,8.67488654e-01,2.24126240e-02,2.80581275e+03,8.44699396e+01,6.09763226e-04,1.95802529e-05,0.00000000e+00,0.00000000e+00,0.00000000e+00,0.00000000e+00
6.27500000e+01,4.74050097e-04,1.58648566e-05,0.00000000e+00,0.00000000e+00,1.34677924e-04,1.18351657e-05,2.27417935e-05,5.99963760e-06,8.56755970e-01,2.14346039e-02,2.78342017e+03,8.65595163e+01,6.07556324e-04,1.95340331e-05,0.00000000e+00,0.00000000e+00,5.37780000e+00,6.84745089e-02
6.28500000e+01,4.72568643e-04,1.54592082e-05,0.00000000e+00,0.00000000e+00,1.43163458e-04,1.35924079e-05,2.27417935e-05,5.99963760e-06,8.43614941e-01,2.10116399e-02,2.76400982e+03,8.31836947e+01,6.14559459e-04,2.24346525e-05,0.00000000e+00,0.00000000e+00,0.00000000e+00,0.00000000e+00
6.29500000e+01,4.83225409e-04,1.61115911e-05,0.00000000e+00,0.00000000e+00,1.46104997e-04,1.39068603e-05,2.27417935e-05,5.99963760e-06,8.52185277e-01,2.12478833e-02,2.81896498e+03,8.83410733e+01,6.28155783e-04,2.21595560e-05,0.00000000e+00,0.00000000e+00,5.36820000e+00,6.67292366e-02
6.30500000e+01,4.76511150e-04,1.66793675e-05,0.00000000e+00,0.00000000e+00,1.28521171e-04,1.05282433e-05,2.27417935e-05,5.99963760e-06,8.41089218e-01,2.02338324e-02,2.80908552e+03,9.65126538e+01,6.03813067e-04,1.94960129e-05,0.00000000e+00,0.00000000e+00,0.00000000e+00,0.00000000e+00
6.31500000e+01,4.69671118e-04,1.57774160e-05,0.00000000e+00,0.00000000e+00,1.53338620e-04,3.99715841e-05,2.27417935e-05,5.99963760e-06,8.38540295e-01,2.04469071e-02,2.76292529e+03,8.60449298e+01,6.21831047e-04,4.29954064e-05,0.00000000e+00,0.00000000e+00,5.35440000e+00,6.65880788e-02
6.32500000e+01,4.76084540e-04,1.57571046e-05,0.00000000e+00,0.00000000e+00,1.27307716e-04,1.19279095e-05,2.27417935e-05,5.99963760e-06,8.47959233e-01,2.12602556e-02,2.78743586e+03,8.65698896e+01,6.02218915e-04,1.97331028e-05,0.00000000e+00,0.00000000e+00,0.00000000e+00,0.00000000e+00
6.33500000e+01,4.79905163e-04,1.67680184e-05,0.00000000e+00,0.00000000e+00,1.25312068e-04,1.15279286e-05,2.27417935e-05,5.99963760e-06,8.51031175e-01,2.19523945e-02,2.79960150e+03,9.06717527e+01,6.04043890e-04,2.14892772e-05,0.00000000e+00,0.00000000e+00,5.33500000e+00,6.51461465e-02
6.34500000e+01,4.78006363e-04,1.43929701e-05,0.00000000e+00,0.00000000e+00,1.31803932e-04,1.15622074e-05,2.27417935e-05,5.99963760e-06,8.51290598e-01,2.20759030e-02,2.78916333e+03,8.02311352e+01,6.08628194e-04,1.90216970e-05,0.00000000e+00,0.00000000e+00,0.00000000e+00,0.00000000e+00
6.35500000e+01,4.82429209e-04,1.55923917e-05,0.00000000e+00,0.00000000e+00,1.31797497e-04,1.17241134e-05,2.27417935e-05,5.99963760e-06,8.51969223e-01,2.32288442e-02,2.81376618e+03,8.60472025e+01,6.13041307e-04,2.17701060e-05,0.00000000e+00,0.00000000e+00,5.31640000e+00,6.60054172e-02
6.36500000e+01,4.78177337e-04,1.51561306e-05,0.00000000e+00,0.00000000e+00,1.21046889e-04,1.15334207e-05,2.27417935e-05,5.99963760e-06,8.39907939e-01,2.38666497e-02,2.78580140e+03,8.47453637e+01,5.98039386e-04,2.20392555e-05,0.00000000e+00,0.00000000e+00,0.00000000e+00,0.00000000e+00
6.37500000e+01,4.84453900e-04,1.77949451e-05,0.00000000e+00,0.00000000e+00,1.36646789e-04,1.59518482e-05,2.13737147e-05,5.84760824e-06,8.36619137e-01,2.33799041e-02,2.80293770e+03,9.42646312e+01,6.19967976e-04,2.57761715e-05,0.00000000e+00,0.00000000e+00,5.30220000e+00,6.57777892e-02
6.38500000e+01,4.78671575e-04,1.65347083e-05,0.00000000e+00,0.00000000e+00,1.34285020e-04,1.45530108e-05,2.09714949e-05,5.86319309e-06,8.30283007e-01,2.42854851e-02,2.76044224e+03,8.93804472e+01,6.11847813e-04,2.52963485e-05,0.00000000e+00,0.00000000e+00,0.00000000e+00,0.00000000e+00
6.39500000e+01,4.85676210e-04,1.79113634e-05,0.00000000e+00,0.00000000e+00,1.35429308e-04,1.53487409e-05,2.09714949e-05,5.86319309e-06,8.33366652e-01,2.36321051e-02,2.79070268e+03,9.68675216e+01,6.20011006e-04,2.68983800e-05,0.00000000e+00,0.00000000e+00,5.28380000e+00,6.67079471e-02
6.40500000e+01,4.87381787e-04,1.91815553e-05,0.00000000e+00,0.00000000e+00,1.55450351e-04,1.75466609e-05,2.04780942e-05,5.64945485e-06,8.34276333e-01,2.36043575e-02,2.80008125e+03,1.02662401e+02,6.41760775e-04,2.88197272e-05,0.00000000e+00,0.00000000e+00,0.00000000e+00,0.00000000e+00
6.41500000e+01,4.85375438e-04,1.60143996e-05,0.00000000e+00,0.00000000e+00,1.60226723e-04,1.97071470e-05,1.96676063e-05,5.37875934e-06,8.37291217e-01,2.23524289e-02,2.79115943e+03,8.70641248e+01,6.44553832e-04,2.73603643e-05,0.00000000e+00,0.00000000e+00,5.26460000e+00,6.70541724e-02
6.42500000e+01,4.80719698e-04,1.61784619e-05,0.00000000e+00,0.00000000e+00,1.45343033e-04,1.65810803e-05,1.89404193e-05,5.29195128e-06,8.33909324e-01,2.26724495e-02,2.77008836e+03,9.11259561e+01,6.25031390e-04,2.42510090e-05,0.00000000e+00,0.00000000e+00,0.00000000e+00,0.00000000e+00
6.43500000e+01,4.75592965e-04,1.65068300e-05,0.00000000e+00,0.00000000e+00,1.37017213e-04,1.45300482e-05,1.82296266e-05,5.28495087e-06,8.27114408e-01,2.19982254e-02,2.73754306e+03,8.95915901e+01,6.11597765e-04,2.33855957e-05,0.00000000e+00,0.00000000e+00,5.24420000e+00,6.48402055e-02
6.44500000e+01,4.73068516e-04,1.48890985e-05,0.00000000e+00,0.00000000e+00,1.31475652e-04,1.54387492e-05,1.82296266e-05,5.28495087e-06,8.24988261e-01,2.11433121e-02,2.72672176e+03,8.24007258e+01,6.03545374e-04,2.08698672e-05,0.00000000e+00,0.00000000e+00,0.00000000e+00,0.00000000e+00
6.45500000e+01,4.77232176e-04,1.47946374e-05,0.00000000e+00,0.00000000e+00,1.31707838e-04,1.53947005e-05,1.82296266e-05,5.28495087e-06,8.27538054e-01,2.14549168e-02,2.74845654e+03,8.15644143e+01,6.07941220e-04,2.07766342e-05,0.00000000e+00,0.00000000e+00,5.22780000e+00,6.47861726e-02
6.46500000e+01,4.78609190e-04,1.54597431e-05,0.00000000e+00,0.00000000e+00,1.34396596e-04,1.77123255e-05,1.83786484e-05,5.31428939e-06,8.27500193e-01,2.11533500e-02,2.76032340e+03,8.56201956e+01,6.12003383e-04,2.32720820e-05,0.00000000e+00,0.00000000e+00,0.00000000e+00,0.00000000e+00
6.47500000e+01,4.85923702e-04,1.82848338e-05,0.00000000e+00,0.00000000e+00,1.41214560e-04,1.81066792e-05,1.84377732e-05,5.32703996e-06,8.32305361e-01,2.45990625e-02,2.78790464e+03,9.94184953e+01,6.26134425e-04,2.51736909e-05,0.00000000e+00,0.00000000e+00,5.21560000e+00,6.44836065e-02
6.48500000e+01,4.80411929e-04,1.68602441e-05,0.00000000e+00,0.00000000e+00,1.40892277e-04,1.60929767e-05,1.84377732e-05,5.32703996e-06,8.27053634e-01,2.27981791e-02,2.75281702e+03,9.14466406e+01,6.20300368e-04,2.29593205e-05,0.00000000e+00,0.00000000e+00,0.00000000e+00,0.00000000e+00
6.49500000e+01,4.77867854e-04,1.74789251e-05,0.00000000e+00,0.00000000e+00,1.46702530e-04,1.67718410e-05,1.84377732e-05,5.32703996e-06,8.16881723e-01,2.27671373e-02,2.73857347e+03,9.55211125e+01,6.23566547e-04,2.46494257e-05,0.00000000e+00,0.00000000e+00,5.21320000e+00,6.47516070e-02
6.50500000e+01,4.69824521e-04,1.68394527e-05,0.00000000e+00,0.00000000e+00,1.42306735e-04,1.66190539e-05,1.84377732e-05,5.32703996e-06,8.07325739e-01,2.24425184e-02,2.69612037e+03,9.21145111e+01,6.11127422e-04,2.38924585e-05,0.00000000e+00,0.00000000e+00,0.00000000e+00,0.00000000e+00
6.51500000e+01,4.69259348e-04,1.60548966e-05,0.00000000e+00,0.00000000e+00,1.37498277e-04,1.65767307e-05,1.78567937e-05,5.03414173e-06,8.09108701e-01,2.24208073e-02,2.70175933e+03,8.82545594e+01,6.05767829e-04,2.28250442e-05,0.00000000e+00,0.00000000e+00,5.18640000e+00,6.45971883e-02
6.52500000e+01,4.77131353e-04,1.66388182e-05,0.00000000e+00,0.00000000e+00,1.52394212e-04,1.81857027e-05,1.65651567e-05,4.58414680e-06,8.10290450e-01,2.32106500e-02,2.73384106e+03,8.94866507e+01,6.28567057e-04,2.45555293e-05,0.00000000e+00,0.00000000e+00,0.00000000e+00,0.00000000e+00
6.53500000e+01,4.74650472e-04,1.55883589e-05,0.00000000e+00,0.00000000e+00,1.55155984e-04,1.77131673e-05,1.65651567e-05,4.58414680e-06,8.11644067e-01,2.17491233e-02,2.71908284e+03,8.41642134e+01,6.28847989e-04,2.42810407e-05,0.00000000e+00,0.00000000e+00,5.16120000e+00,6.59688486e-02
6.54500000e+01,4.68833224e-04,1.50787329e-05,0.00000000e+00,0.00000000e+00,1.44669133e-04,2.00361306e-05,1.65651567e-05,4.58414680e-06,8.05883982e-01,2.20492946e-02,2.68294806e+03,8.28631097e+01,6.12543890e-04,2.67405458e-05,0.00000000e+00,0.00000000e+00,0.00000000e+00,0.00000000e+00
6.55500000e+01,4.70663024e-04,1.45261623e-05,0.00000000e+00,0.00000000e+00,1.42971068e-04,1.86826588e-05,1.65651567e-05,4.58414680e-06,8.02771522e-01,2.18152036e-02,2.69128163e+03,8.05509517e+01,6.12676405e-04,2.46320898e-05,0.00000000e+00,0.00000000e+00,5.14320000e+00,6.69220930e-02
6.56500000e+01,4.84218671e-04,1.64941866e-05,0.00000000e+00,0.00000000e+00,1.49091034e-04,2.16022507e-05,1.65651567e-05,4.58414680e-06,8.13074457e-01,2.33234896e-02,2.77044045e+03,9.03224857e+01,6.32362864e-04,2.81325346e-05,0.00000000e+00,0.00000000e+00,0.00000000e+00,0.00000000e+00
6.57500000e+01,4.88232614e-04,1.80121047e-05,0.00000000e+00,0.00000000e+00,1.29374016e-04,1.35576232e-05,1.65651567e-05,4.58414680e-06,8.11086552e-01,2.36632992e-02,2.79018034e+03,9.78131536e+01,6.16682703e-04,2.31767993e-05,0.00000000e+00,0.00000000e+00,5.12720000e+00,6.59666211e-02
6.58500000e+01,4.80603091e-04,1.62884520e-05,0.00000000e+00,0.00000000e+00,1.25067677e-04,1.27996677e-05,1.65651567e-05,4.58414680e-06,8.03315915e-01,2.28986368e-02,2.74144899e+03,8.93713976e+01,6.04747010e-04,2.20429956e-05,0.00000000e+00,0.00000000e+00,0.00000000e+00,0.00000000e+00
6.59500000e+01,4.70353230e-04,1.60387569e-05,0.00000000e+00,0.00000000e+00,1.15219976e-04,1.18930845e-05,1.65651567e-05,4.58414680e-06,7.88292556e-01,2.25237408e-02,2.68448245e+03,8.84658853e+01,5.84650124e-04,2.12773539e-05,0.00000000e+00,0.00000000e+00,5.09780000e+00,6.73124242e-02
6.60500000e+01,4.70122438e-04,1.58790704e-05,0.00000000e+00,0.00000000e+00,1.26659967e-04,1.41440015e-05,1.65651567e-05,4.58414680e-06,7.96142536e-01,2.35577851e-02,2.68101918e+03,8.78093363e+01,5.95859494e-04,2.22663192e-05,0.00000000e+00,0.00000000e+00,0.00000000e+00,0.00000000e+00
6.61500000e+01,4.70841753e-04,1.47458978e-05,0.00000000e+00,0.00000000e+00,1.37402007e-04,2.32754248e-05,1.65651567e-05,4.58414680e-06,8.00725707e-01,2.35176384e-02,2.69130186e+03,8.40295097e+01,6.07316486e-04,2.86113768e-05,0.00000000e+00,0.00000000e+00,5.09020000e+00,6.88758066e-02
6.62500000e+01,4.69193755e-04,1.50960322e-05,0.00000000e+00,0.00000000e+00,1.22263994e-04,1.34041427e-05,1.65651567e-05,4.58414680e-06,7.95702746e-01,2.28415518e-02,2.67082253e+03,8.29930012e+01,5.90534466e-04,2.08439772e-05,0.00000000e+00,0.00000000e+00,0.00000000e+00,0.00000000e+00
6.63500000e+01,4.61708791e-04,1.45560390e-05,0.00000000e+00,0.00000000e+00,1.16571316e-04,1.28498315e-05,1.65651567e-05,4.58414680e-06,7.85687834e-01,2.25041017e-02,2.63238883e+03,8.05834714e+01,5.77358247e-04,1.99137205e-05,0.00000000e+00,0.00000000e+00,5.07900000e+00,6.99686519e-02
6.64500000e+01,4.62373805e-04,1.49545259e-05,0.00000000e+00,0.00000000e+00,1.13482425e-04,1.23196035e-05,1.65651567e-05,4.58414680e-06,7.83236521e-01,2.19948105e-02,2.63275414e+03,8.17594053e+01,5.74943262e-04,2.03246356e-05,0.00000000e+00,0.00000000e+00,0.00000000e+00,0.00000000e+00
6.65500000e+01,4.61961039e-04,1.50808049e-05,0.00000000e+00,0.00000000e+00,1.10257424e-04,1.20944663e-05,1.65651567e-05,4.58414680e-06,7.81426780e-01,2.24018311e-02,2.63777505e+03,8.31407269e+01,5.71218685e-04,2.04455604e-05,0.00000000e+00,0.00000000e+00,5.07080000e+00,6.87941858e-02
6.66500000e+01,4.60238409e-04,1.53060646e-05,0.00000000e+00,0.00000000e+00,1.11645648e-04,1.23931783e-05,1.65651567e-05,4.58414680e-06,7.78223607e-01,2.24662018e-02,2.62426158e+03,8.29041154e+01,5.70872899e-04,2.17977978e-05,0.00000000e+00,0.00000000e+00,0.00000000e+00,0.00000000e+00
6.67500000e+01,4.55372349e-04,1.50487605e-05,0.00000000e+00,0.00000000e+00,1.12388223e-04,1.25522733e-05,1.57039134e-05,4.45992076e-06,7.74473902e-01,2.23011847e-02,2.59856429e+03,8.18951331e+01,5.66774838e-04,2.06236353e-05,0.00000000e+00,0.00000000e+00,5.05480000e+00,6.80703358e-02
6.68500000e+01,4.55713995e-04,1.51892753e-05,0.00000000e+00,0.00000000e+00,1.20809571e-04,1.76995922e-05,1.51411329e-05,4.45789603e-06,7.79321827e-01,2.22909597e-02,2.60205502e+03,8.15289375e+01,5.75554505e-04,2.19919992e-05,0.00000000e+00,0.00000000e+00,0.00000000e+00,0.00000000e+00
6.69500000e+01,4.63061889e-04,1.77169465e-05,0.00000000e+00,0.00000000e+00,1.27579721e-04,1.76485235e-05,1.52277195e-05,4.47884546e-06,7.77059593e-01,2.18559497e-02,2.63452155e+03,9.24813488e+01,5.89670449e-04,2.25898865e-05,0.00000000e+00,0.00000000e+00,5.02480000e+00,6.83491875e-02
6.70500000e+01,4.54415560e-04,1.68426136e-05,0.00000000e+00,0.00000000e+00,1.17210255e-04,1.04430872e-05,1.52956769e-05,4.49627166e-06,7.71688144e-01,2.34548469e-02,2.58742986e+03,8.91657884e+01,5.70652954e-04,1.89133218e-05,0.00000000e+00,0.00000000e+00,0.00000000e+00,0.00000000e+00
6.71500000e+01,4.53683789e-04,1.65968638e-05,0.00000000e+00,0.00000000e+00,1.05319934e-04,7.80585594e-06,1.40457729e-05,4.37900609e-06,7.70147067e-01,2.09191045e-02,2.58801310e+03,8.74004111e+01,5.58057887e-04,1.91992816e-05,0.00000000e+00,0.00000000e+00,5.01900000e+00,6.81111037e-02
6.72500000e+01,4.50560418e-04,1.48804791e-05,0.00000000e+00,0.00000000e+00,1.28530030e-04,2.36461478e-05,1.42428111e-05,4.45510556e-06,7.70744165e-01,1.94825857e-02,2.58713664e+03,8.14990163e+01,5.78130803e-04,2.90170848e-05,0.00000000e+00,0.00000000e+00,0.00000000e+00,0.00000000e+00
6.73500000e+01,4.47497281e-04,1.41719915e-05,0.00000000e+00,0.00000000e+00,1.04859089e-04,8.30926510e-06,1.39960941e-05,4.41568484e-06,7.68229489e-01,1.87093071e-02,2.56679287e+03,7.66890140e+01,5.51397730e-04,1.78299500e-05,0.00000000e+00,0.00000000e+00,4.99400000e+00,6.83078267e-02
6.74500000e+01,4.49997539e-04,1.43054987e-05,0.00000000e+00,0.00000000e+00,1.03295472e-04,9.57655252e-06,1.30685223e-05,4.37408944e-06,7.69826742e-01,1.92383697e-02,2.57853604e+03,7.73911865e+01,5.52353778e-04,1.81138957e-05,0.00000000e+00,0.00000000e+00,0.00000000e+00,0.00000000e+00
6.75500000e+01,4.53343710e-04,1.49320581e-05,0.00000000e+00,0.00000000e+00,1.39151418e-04,2.80110080e-05,1.30905161e-05,4.38567645e-06,7.68029805e-01,2.03715644e-02,2.58401511e+03,8.14186346e+01,5.91711908e-04,3.23350383e-05,0.00000000e+00,0.00000000e+00,4.98040000e+00,7.00063904e-02
6.76500000e+01,4.51933444e-04,1.60173682e-05,0.00000000e+00,0.00000000e+00,1.66315531e-04,6.88957792e-05,1.31224321e-05,4.40263200e-06,7.61585473e-01,2.08219920e-02,2.57421303e+03,8.79327273e+01,6.17464976e-04,7.04893591e-05,0.00000000e+00,0.00000000e+00,0.00000000e+00,0.00000000e+00
6.77500000e+01,4.61108280e-04,1.75489673e-05,0.00000000e+00,0.00000000e+00,9.25193273e-05,7.68386722e-06,1.31224321e-05,4.40263200e-06,7.63594353e-01,2.09653802e-02,2.61925139e+03,9.42392456e+01,5.52843608e-04,2.04615718e-05,0.00000000e+00,0.00000000e+00,4.96040000e+00,7.12087818e-02
6.78500000e+01,4.65471011e-04,1.61052362e-05,0.00000000e+00,0.00000000e+00,9.83761215e-05,9.25620880e-06,1.21500833e-05,4.26443025e-06,7.66880833e-01,1.96997969e-02,2.63867770e+03,8.57419480e+01,5.63158700e-04,1.87578676e-05,0.00000000e+00,0.00000000e+00,0.00000000e+00,0.00000000e+00
6.79500000e+01,4.56589362e-04,1.63762969e-05,0.00000000e+00,0.00000000e+00,9.46648616e-05,7.61028740e-06,1.17799184e-05,4.26922984e-06,7.69082888e-01,2.02232417e-02,2.59610143e+03,8.66098200e+01,5.50575346e-04,1.89350329e-05,0.00000000e+00,0.00000000e+00,4.95180000e+00,6.90658899e-02
6.80500000e+01,4.52569927e-04,1.58996522e-05,0.00000000e+00,0.00000000e+00,9.50205380e-05,8.05895061e-06,1.17799184e-05,4.26922984e-06,7.56767212e-01,2.01812779e-02,2.56789539e+03,8.52246580e+01,5.46911588e-04,1.89814528e-05,0.00000000e+00,0.00000000e+00,0.00000000e+00,0.00000000e+00
6.81500000e+01,4.52796498e-04,1.62630467e-05,0.00000000e+00,0.00000000e+00,9.28870939e-05,8.08725271e-06,1.17799184e-05,4.26922984e-06,7.54906012e-01,2.04758667e-02,2.56799041e+03,8.82401103e+01,5.45001112e-04,1.97342264e-05,0.00000000e+00,0.00000000e+00,4.93540000e+00,6.95438256e-02
6.82500000e+01,4.59893551e-04,1.70716898e-05,0.00000000e+00,0.00000000e+00,1.07481060e-04,1.22893418e-05,1.17799184e-05,4.26922984e-06,7.61104567e-01,2.03917346e-02,2.59237259e+03,9.12793806e+01,5.66691622e-04,2.29384590e-05,0.00000000e+00,0.00000000e+00,0.00000000e+00,0.00000000e+00
6.83500000e+01,4.53390320e-04,1.67379574e-05,0.00000000e+00,0.00000000e+00,1.02205279e-04,9.61842785e-06,1.17889744e-05,4.27155119e-06,7.48397838e-01,2.25120610e-02,2.55825848e+03,9.01403963e+01,5.54912390e-04,2.18755013e-05,0.00000000e+00,0.00000000e+00,4.92140000e+00,6.96152751e-02
6.84500000e+01,4.61779648e-04,1.67001540e-05,0.00000000e+00,0.00000000e+00,1.03363292e-04,9.14345085e-06,1.18276707e-05,4.28167185e-06,7.42356579e-01,2.07013088e-02,2.60352720e+03,8.83415017e+01,5.64458791e-04,2.12389007e-05,0.00000000e+00,0.00000000e+00,0.00000000e+00,0.00000000e+00
6.85500000e+01,4.50281004e-04,1.58706863e-05,0.00000000e+00,0.00000000e+00,1.11156722e-04,1.05646191e-05,1.18276707e-05,4.28167185e-06,7.35526886e-01,2.11424104e-02,2.55013280e+03,8.49934088e+01,5.60753577e-04,2.16531619e-05,0.00000000e+00,0.00000000e+00,4.89400000e+00,6.85898785e-02
6.86500000e+01,4.47302696e-04,1.58015821e-05,0.00000000e+00,0.00000000e+00,1.09374936e-04,1.08010305e-05,1.18276707e-05,4.28167185e-06,7.31797055e-01,2.20278050e-02,2.53559212e+03,8.68218644e+01,5.55993483e-04,2.14956571e-05,0.00000000e+00,0.00000000e+00,0.00000000e+00,0.00000000e+00
6.87500000e+01,4.62138822e-04,1.99325087e-05,0.00000000e+00,0.00000000e+00,1.12307494e-04,1.15833443e-05,1.18276707e-05,4.28167185e-06,7.44613836e-01,2.28102579e-02,2.61312781e+03,1.05388601e+02,5.73762158e-04,2.62988978e-05,0.00000000e+00,0.00000000e+00,4.86040000e+00,6.72345635e-02
6.88500000e+01,4.43904971e-04,1.51805292e-05,0.00000000e+00,0.00000000e+00,1.07553092e-04,1.08722448e-05,1.18276707e-05,4.28167185e-06,7.32429425e-01,2.10412867e-02,2.50308896e+03,8.02074666e+01,5.50781476e-04,2.10876515e-05,0.00000000e+00,0.00000000e+00,0.00000000e+00,0.00000000e+00
6.89500000e+01,4.41984861e-04,1.59610905e-05,0.00000000e+00,0.00000000e+00,1.02036401e-04,8.62666409e-06,1.18276707e-05,4.28167185e-06,7.32718234e-01,2.10610805e-02,2.49582548e+03,8.57684074e+01,5.43347756e-04,2.04880961e-05,0.00000000e+00,0.00000000e+00,4.84600000e+00,6.72418723e-02
6.90500000e+01,4.55392160e-04,1.96974948e-05,0.00000000e+00,0.00000000e+00,1.01334652e-04,8.69864943e-06,1.18276707e-05,4.28167185e-06,7.33491675e-01,2.13551421e-02,2.55544323e+03,1.02720078e+02,5.56062410e-04,2.32144040e-05,0.00000000e+00,0.00000000e+00,0.00000000e+00,0.00000000e+00
6.91500000e+01,4.52858853e-04,1.92648788e-05,0.00000000e+00,0.00000000e+00,1.00925113e-04,9.24479380e-06,1.18276707e-05,4.28167185e-06,7.30672319e-01,2.17099880e-02,2.54010140e+03,1.01298967e+02,5.53119560e-04,2.36932136e-05,0.00000000e+00,0.00000000e+00,4.83440000e+00,6.87302684e-02
6.92500000e+01,4.37878242e-04,1.74375472e-05,0.00000000e+00,0.00000000e+00,1.08128654e-04,9.86749403e-06,1.18276707e-05,4.28167185e-06,7.13889681e-01,2.13758601e-02,2.46460884e+03,9.25247217e+01,5.45341870e-04,2.19643950e-05,0.00000000e+00,0.00000000e+00,0.00000000e+00,0.00000000e+00
6.93500000e+01,4.38616072e-04,1.71988610e-05,0.00000000e+00,0.00000000e+00,1.15622175e-04,1.09192907e-05,1.18276707e-05,4.28167185e-06,7.21938472e-01,2.28293418e-02,2.47074492e+03,9.05543611e+01,5.53572379e-04,2.20843348e-05,0.00000000e+00,0.00000000e+00,4.81220000e+00,6.99441702e-02
6.94500000e+01,4.46534818e-04,1.92996181e-05,0.00000000e+00,0.00000000e+00,1.14236746e-04,1.07363833e-05,1.18276707e-05,4.28167185e-06,7.23423011e-01,2.20850078e-02,2.50408347e+03,9.95887411e+01,5.60105696e-04,2.39495107e-05,0.00000000e+00,0.00000000e+00,0.00000000e+00,0.00000000e+00
6.95500000e+01,4.36937237e-04,1.68196307e-05,0.00000000e+00,0.00000000e+00,1.13367730e-04,9.80651014e-06,1.18276707e-05,4.28167185e-06,7.18298980e-01,2.03764180e-02,2.46331562e+03,8.79344294e+01,5.49639115e-04,2.13827317e-05,0.00000000e+00,0.00000000e+00,4.78540000e+00,7.04945851e-02
6.96500000e+01,4.34544136e-04,1.54610091e-05,0.00000000e+00,0.00000000e+00,1.32235416e-04,1.70491637e-05,1.18276707e-05,4.28167185e-06,7.16264003e-01,2.04964760e-02,2.45061719e+03,8.19114306e+01,5.66112173e-04,2.34529699e-05,0.00000000e+00,0.00000000e+00,0.00000000e+00,0.00000000e+00
6.97500000e+01,4.38872320e-04,1.56238090e-05,0.00000000e+00,0.00000000e+00,1.12031368e-04,9.73581416e-06,1.18276707e-05,4.28167185e-06,7.16737773e-01,2.11388983e-02,2.47532438e+03,8.35620904e+01,5.50236890e-04,2.02380740e-05,0.00000000e+00,0.00000000e+00,4.77740000e+00,6.89677890e-02
6.98500000e+01,4.47314532e-04,1.65425602e-05,0.00000000e+00,0.00000000e+00,1.13927507e-04,1.10293219e-05,1.18276707e-05,4.28167185e-06,7.15181992e-01,2.11407006e-02,2.50565808e+03,8.67098787e+01,5.60578243e-04,2.18864415e-05,0.00000000e+00,0.00000000e+00,0.00000000e+00,0.00000000e+00
6.99500000e+01,4.40410497e-04,1.88791066e-05,0.00000000e+00,0.00000000e+00,1.36660558e-04,2.57007822e-05,1.18276707e-05,4.28167185e-06,7.09686020e-01,2.20447275e-02,2.48076388e+03,1.00274741e+02,5.76408277e-04,3.17871268e-05,0.00000000e+00,0.00000000e+00,4.75960000e+00,6.91115395e-02
7.00500000e+01,4.40618118e-04,1.74966791e-05,0.00000000e+00,0.00000000e+00,1.25066379e-04,1.65978749e-05,1.18276707e-05,4.28167185e-06,7.20394127e-01,2.28120461e-02,2.49059642e+03,9.57165762e+01,5.65021719e-04,2.56074386e-05,0.00000000e+00,0.00000000e+00,0.00000000e+00,0.00000000e+00
7.01500000e+01,4.31772902e-04,1.44420982e-05,0.00000000e+00,0.00000000e+00,1.17921393e-04,1.44189531e-05,1.18276707e-05,4.28167185e-06,7.06729109e-01,2.08887094e-02,2.42607289e+03,7.79498934e+01,5.49031517e-04,2.11906268e-05,0.00000000e+00,0.00000000e+00,4.74340000e+00,6.76658115e-02
7.02500000e+01,4.34631325e-04,1.49831478e-05,0.00000000e+00,0.00000000e+00,1.20328579e-04,1.25865157e-05,1.18276707e-05,4.28167185e-06,7.12339524e-01,2.14434875e-02,2.44624543e+03,7.96972114e+01,5.54310581e-04,2.18382662e-05,0.00000000e+00,0.00000000e+00,0.00000000e+00,0.00000000e+00
7.03500000e+01,4.44788038e-04,1.56138102e-05,0.00000000e+00,0.00000000e+00,1.48833011e-04,3.61800008e-05,1.18276707e-05,4.28167185e-06,7.17371461e-01,2.10957547e-02,2.49398942e+03,8.37043397e+01,5.92971652e-04,4.04852381e-05,0.00000000e+00,0.00000000e+00,4.72160000e+00,7.00631552e-02
7.04500000e+01,4.44232700e-04,1.52494299e-05,0.00000000e+00,0.00000000e+00,1.66471242e-04,4.47775394e-05,1.18276707e-05,4.28167185e-06,7.17158948e-01,2.13684002e-02,2.48912451e+03,8.23019119e+01,6.10054545e-04,4.74649318e-05,0.00000000e+00,0.00000000e+00,0.00000000e+00,0.00000000e+00
7.05500000e+01,4.36166491e-04,1.41689428e-05,0.00000000e+00,0.00000000e+00,1.44818545e-04,4.12826512e-05,1.06133695e-05,3.74632432e-06,7.10979151e-01,2.13831419e-02,2.44538166e+03,7.62201707e+01,5.80367771e-04,4.43936595e-05,0.00000000e+00,0.00000000e+00,4.70960000e+00,7.00629222e-02
7.06500000e+01,4.35198302e-04,1.45350111e-05,0.00000000e+00,0.00000000e+00,1.42852625e-04,3.84988479e-05,1.05394613e-05,3.72405322e-06,7.06899344e-01,2.03961089e-02,2.44359146e+03,7.73962655e+01,5.77435618e-04,4.26630629e-05,0.00000000e+00,0.00000000e+00,0.00000000e+00,0.00000000e+00
7.07500000e+01,4.29483547e-04,1.50106472e-05,0.00000000e+00,0.00000000e+00,1.01332964e-04,9.25147752e-06,1.05394613e-05,3.72405322e-06,7.02901837e-01,2.17075832e-02,2.41120159e+03,7.96751319e+01,5.30201202e-04,2.09506028e-05,0.00000000e+00,0.00000000e+00,4.69360000e+00,7.11725469e-02
7.08500000e+01,4.28550591e-04,1.40575361e-05,0.00000000e+00,0.00000000e+00,1.01596171e-04,1.01844069e-05,1.05394613e-05,3.72405322e-06,6.96146536e-01,1.97160915e-02,2.39838211e+03,7.41008449e+01,5.29534915e-04,2.02138649e-05,0.00000000e+00,0.00000000e+00,0.00000000e+00,0.00000000e+00
7.09500000e+01,4.33204351e-04,1.37802849e-05,0.00000000e+00,0.00000000e+00,9.89154680e-05,8.97040570e-06,1.05394613e-05,3.72405322e-06,7.01268599e-01,1.99942098e-02,2.42027829e+03,7.31117288e+01,5.31517672e-04,1.82415934e-05,0.00000000e+00,0.00000000e+00,4.66840000e+00,6.90556475e-02
7.10500000e+01,4.37948408e-04,1.45276551e-05,0.00000000e+00,0.00000000e+00,9.88559040e-05,8.56547636e-06,1.05394613e-05,3.72405322e-06,7.01624950e-01,1.94520229e-02,2.44176147e+03,7.55972147e+01,5.36200799e-04,1.79480070e-05,0.00000000e+00,0.00000000e+00,0.00000000e+00,0.00000000e+00
7.11500000e+01,4.34348493e-04,1.50031511e-05,0.00000000e+00,0.00000000e+00,1.00243698e-04,7.95159189e-06,1.05394613e-05,3.72405322e-06,6.93538111e-01,1.92350602e-02,2.42023387e+03,7.82714905e+01,5.33987336e-04,1.79817708e-05,0.00000000e+00,0.00000000e+00,4.65840000e+00,6.79966146e-02
7.12500000e+01,4.33548728e-04,1.53816325e-05,0.00000000e+00,0.00000000e+00,9.72673481e-05,7.49536575e-06,1.05394613e-05,3.72405322e-06,6.97147299e-01,1.73420844e-02,2.42838367e+03,7.90340510e+01,5.30213885e-04,1.74153355e-05,0.00000000e+00,0.00000000e+00,0.00000000e+00,0.00000000e+00
7.13500000e+01,4.40729146e-04,1.64395280e-05,0.00000000e+00,0.00000000e+00,9.78760776e-05,7.48828686e-06,1.05394613e-05,3.72405322e-06,6.92699858e-01,2.06089285e-02,2.45044346e+03,8.42483091e+01,5.38004708e-04,1.84752942e-05,0.00000000e+00,0.00000000e+00,4.63920000e+00,6.78111664e-02
7.14500000e+01,4.38817398e-04,1.53583341e-05,0.00000000e+00,0.00000000e+00,1.16226095e-04,2.14331349e-05,1.05394613e-05,3.72405322e-06,6.91581298e-01,2.16158527e-02,2.43373379e+03,8.12398194e+01,5.54441062e-04,2.66404247e-05,0.00000000e+00,0.00000000e+00,0.00000000e+00,0.00000000e+00
7.15500000e+01,4.41141368e-04,1.53855119e-05,0.00000000e+00,0.00000000e+00,9.72539541e-05,7.57024332e-06,1.05394613e-05,3.72405322e-06,6.94096454e-01,2.02891632e-02,2.44224556e+03,8.08053333e+01,5.37792893e-04,1.79883257e-05,0.00000000e+00,0.00000000e+00,4.62060000e+00,6.82877525e-02
7.16500000e+01,4.40525932e-04,1.59577412e-05,0.00000000e+00,0.00000000e+00,9.40752913e-05,7.07957975e-06,1.05394613e-05,3.72405322e-06,6.86622670e-01,2.18172768e-02,2.43886455e+03,8.42596190e+01,5.33998794e-04,1.85845539e-05,0.00000000e+00,0.00000000e+00,0.00000000e+00,0.00000000e+00
7.17500000e+01,4.41306949e-04,1.61758873e-05,0.00000000e+00,0.00000000e+00,9.23602525e-05,6.92148515e-06,1.06949669e-05,3.72177963e-06,6.97212022e-01,2.22331124e-02,2.45055522e+03,8.60018427e+01,5.32969536e-04,1.85484686e-05,0.00000000e+00,0.00000000e+00,4.60720000e+00,6.86672188e-02
7.18500000e+01,4.43255458e-04,1.62095952e-05,0.00000000e+00,0.00000000e+00,9.41395421e-05,7.91791642e-06,1.15388719e-05,3.82141092e-06,6.99762035e-01,2.22193266e-02,2.45702350e+03,8.53137836e+01,5.36179357e-04,1.89610687e-05,0.00000000e+00,0.00000000e+00,0.00000000e+00,0.00000000e+00
7.19500000e+01,4.40605687e-04,1.63213390e-05,0.00000000e+00,0.00000000e+00,1.15179432e-04,2.47228730e-05,1.04684319e-05,3.72725039e-06,6.98909796e-01,2.27345758e-02,2.44355670e+03,8.64771529e+01,5.55164813e-04,3.04028325e-05,0.00000000e+00,0.00000000e+00,4.58940000e+00,6.73046137e-02
7.20500000e+01,4.37640767e-04,1.63025417e-05,0.00000000e+00,0.00000000e+00,1.07932148e-04,1.50403054e-05,1.04684319e-05,3.72725039e-06,6.95519429e-01,2.34221755e-02,2.43597756e+03,8.80031246e+01,5.44952074e-04,2.27388945e-05,0.00000000e+00,0.00000000e+00,0.00000000e+00,0.00000000e+00
7.21500000e+01,4.36854803e-04,1.64935605e-05,0.00000000e+00,0.00000000e+00,9.27221455e-05,8.23284762e-06,1.04684319e-05,3.72725039e-06,6.90302961e-01,2.40085372e-02,2.43356385e+03,8.94017821e+01,5.28950929e-04,1.88073230e-05,0.00000000e+00,0.00000000e+00,4.55920000e+00,6.71056675e-02
7.22500000e+01,4.39334784e-04,1.71214510e-05,0.00000000e+00,0.00000000e+00,9.03590312e-05,8.35470154e-06,1.04684319e-05,3.72725039e-06,6.83572559e-01,2.33480640e-02,2.44349313e+03,9.09329248e+01,5.29063315e-04,1.93664985e-05,0.00000000e+00,0.00000000e+00,0.00000000e+00,0.00000000e+00
7.23500000e+01,4.33788720e-04,1.84575958e-05,0.00000000e+00,0.00000000e+00,8.73055499e-05,7.23737266e-06,1.04684319e-05,3.72725039e-06,6.71711481e-01,2.34252517e-02,2.40587156e+03,9.78567153e+01,5.20478721e-04,2.18505340e-05,0.00000000e+00,0.00000000e+00,4.54640000e+00,6.61882041e-02
7.24500000e+01,4.31390850e-04,1.71430900e-05,0.00000000e+00,0.00000000e+00,9.05711332e-05,7.32555576e-06,1.04684319e-05,3.72725039e-06,6.68443572e-01,2.37197433e-02,2.39114395e+03,9.23383645e+01,5.21346545e-04,2.15520099e-05,0.00000000e+00,0.00000000e+00,0.00000000e+00,0.00000000e+00
7.25500000e+01,4.30491644e-04,1.81347284e-05,0.00000000e+00,0.00000000e+00,8.33112826e-05,5.53913140e-06,1.04684319e-05,3.72725039e-06,6.61925502e-01,2.35250557e-02,2.39648138e+03,9.87177700e+01,5.13187488e-04,2.11202137e-05,0.00000000e+00,0.00000000e+00,4.53600000e+00,6.44138406e-02
7.26500000e+01,4.22547686e-04,1.68758448e-05,0.00000000e+00,0.00000000e+00,8.20786177e-05,5.56784473e-06,1.04684319e-05,3.72725039e-06,6.57568353e-01,2.25608644e-02,2.35019635e+03,9.09846212e+01,5.04013193e-04,1.95762700e-05,0.00000000e+00,0.00000000e+00,0.00000000e+00,0.00000000e+00
7.27500000e+01,4.27441264e-04,1.64853732e-05,0.00000000e+00,0.00000000e+00,8.82177139e-05,7.83373120e-06,1.04684319e-05,3.72725039e-06,6.64791805e-01,2.30485805e-02,2.37630648e+03,8.86037066e+01,5.15094508e-04,1.96902003e-05,0.00000000e+00,0.00000000e+00,4.51540000e+00,6.53394340e-02
7.28500000e+01,4.30460125e-04,1.60802783e-05,0.00000000e+00,0.00000000e+00,9.26192262e-05,1.01785076e-05,1.04684319e-05,3.72725039e-06,6.67251478e-01,2.19144303e-02,2.38953743e+03,8.60470314e+01,5.22514881e-04,2.10029946e-05,0.00000000e+00,0.00000000e+00,0.00000000e+00,0.00000000e+00
7.29500000e+01,4.41917914e-04,1.62411393e-05,0.00000000e+00,0.00000000e+00,9.08315213e-05,8.92235120e-06,1.04684319e-05,3.72725039e-06,6.73251925e-01,2.12286284e-02,2.44216307e+03,8.62524677e+01,5.32165231e-04,2.02269106e-05,0.00000000e+00,0.00000000e+00,4.50380000e+00,6.43021503e-02
7.30500000e+01,4.54218471e-04,1.81740907e-05,0.00000000e+00,0.00000000e+00,8.86037162e-05,7.13510239e-06,1.04684319e-05,3.72725039e-06,6.84120293e-01,2.21785207e-02,2.50092994e+03,9.59727415e+01,5.42235948e-04,2.17152340e-05,0.00000000e+00,0.00000000e+00,0.00000000e+00,0.00000000e+00
7.31500000e+01,4.46516413e-04,1.66123002e-05,0.00000000e+00,0.00000000e+00,9.68491908e-05,1.07406589e-05,1.04684319e-05,3.72725039e-06,6.78827284e-01,2.24959742e-02,2.46252300e+03,9.00588561e+01,5.42779365e-04,2.39523510e-05,0.00000000e+00,0.00000000e+00,4.48660000e+00,6.53415579e-02
7.32500000e+01,4.34647785e-04,1.54028130e-05,0.00000000e+00,0.00000000e+00,1.00339866e-04,1.58085578e-05,1.04684319e-05,3.72725039e-06,6.67122515e-01,2.17506087e-02,2.39800033e+03,8.25032016e+01,5.34401412e-04,2.66415472e-05,0.00000000e+00,0.00000000e+00,0.00000000e+00,0.00000000e+00
7.33500000e+01,4.43789483e-04,1.68016689e-05,0.00000000e+00,0.00000000e+00,1.02486956e-04,1.61644961e-05,1.04684319e-05,3.72725039e-06,6.76562571e-01,2.24271786e-02,2.44346035e+03,8.85217171e+01,5.45724578e-04,2.82016720e-05,0.00000000e+00,0.00000000e+00,4.47320000e+00,6.43754548e-02
7.34500000e+01,4.42995750e-04,1.68731149e-05,0.00000000e+00,0.00000000e+00,1.03931043e-04,1.61772145e-05,1.04684319e-05,3.72725039e-06,6.71686106e-01,2.21907088e-02,2.43237839e+03,8.76838569e+01,5.46389330e-04,2.89148047e-05,0.00000000e+00,0.00000000e+00,0.00000000e+00,0.00000000e+00
7.35500000e+01,4.43634913e-04,1.49864548e-05,0.00000000e+00,0.00000000e+00,1.01265863e-04,1.62946463e-05,1.04684319e-05,3.72725039e-06,6.62555922e-01,1.99743890e-02,2.42986932e+03,7.84362137e+01,5.44363313e-04,2.65740594e-05,0.00000000e+00,0.00000000e+00,4.45680000e+00,6.49184355e-02
7.36500000e+01,4.40910047e-04,1.69531644e-05,0.00000000e+00,0.00000000e+00,1.03130663e-04,1.63822969e-05,1.04684319e-05,3.72725039e-06,6.56792968e-01,2.06752843e-02,2.41699030e+03,8.69013598e+01,5.43503247e-04,2.82710293e-05,0.00000000e+00,0.00000000e+00,0.00000000e+00,0.00000000e+00
7.37500000e+01,4.28779557e-04,1.62052431e-05,0.00000000e+00,0.00000000e+00,9.39591645e-05,1.34588863e-05,1.04684319e-05,3.72725039e-06,6.47296568e-01,2.06212610e-02,2.35337296e+03,8.39734908e+01,5.22201216e-04,2.59529429e-05,0.00000000e+00,0.00000000e+00,4.43560000e+00,6.57733647e-02
7.38500000e+01,4.32350422e-04,1.61092315e-05,0.00000000e+00,0.00000000e+00,8.21414970e-05,7.11521747e-06,1.04655031e-05,3.72741122e-06,6.46822660e-01,2.03418794e-02,2.37019573e+03,8.33642204e+01,5.13976188e-04,1.92632285e-05,0.00000000e+00,0.00000000e+00,0.00000000e+00,0.00000000e+00
7.39500000e+01,4.21062188e-04,1.59629926e-05,0.00000000e+00,0.00000000e+00,8.27966466e-05,7.09648289e-06,1.04654308e-05,3.72741522e-06,6.41667575e-01,1.94140588e-02,2.31705164e+03,8.31266259e+01,5.03343642e-04,1.83165445e-05,0.00000000e+00,0.00000000e+00,4.41980000e+00,6.57574330e-02
7.40500000e+01,4.24279273e-04,1.88598469e-05,0.00000000e+00,0.00000000e+00,8.98734509e-05,1.30023755e-05,1.04654308e-05,3.72741522e-06,6.42626520e-01,1.98500405e-02,2.32837531e+03,9.64583349e+01,5.13637530e-04,2.72418561e-05,0.00000000e+00,0.00000000e+00,0.00000000e+00,0.00000000e+00
7.41500000e+01,4.34698991e-04,1.88773983e-05,0.00000000e+00,0.00000000e+00,9.28860899e-05,1.19678485e-05,1.04601195e-05,3.72771283e-06,6.45692134e-01,1.91797122e-02,2.38562458e+03,9.78205260e+01,5.27117249e-04,2.64654023e-05,0.00000000e+00,0.00000000e+00,4.39820000e+00,6.51777413e-02
7.42500000e+01,4.24541830e-04,1.59826377e-05,0.00000000e+00,0.00000000e+00,8.32305282e-05,6.92486198e-06,1.04582125e-05,3.72782152e-06,6.44928842e-01,1.98561579e-02,2.33667283e+03,8.57170053e+01,5.07321530e-04,1.87761609e-05,0.00000000e+00,0.00000000e+00,0.00000000e+00,0.00000000e+00
7.43500000e+01,4.18273095e-04,1.51743094e-05,0.00000000e+00,0.00000000e+00,8.02645553e-05,7.27637381e-06,1.00626154e-05,3.62364053e-06,6.32484258e-01,1.91904433e-02,2.29996750e+03,8.02621368e+01,4.98096396e-04,1.83271452e-05,0.00000000e+00,0.00000000e+00,4.37800000e+00,6.46314512e-02
7.44500000e+01,4.26226135e-04,1.56510275e-05,0.00000000e+00,0.00000000e+00,8.20760647e-05,7.19597017e-06,9.10655758e-06,3.54571392e-06,6.44115117e-01,1.85720156e-02,2.34710305e+03,8.20615316e+01,5.07884085e-04,1.87042571e-05,0.00000000e+00,0.00000000e+00,0.00000000e+00,0.00000000e+00
7.45500000e+01,4.31652742e-04,1.61830297e-05,0.00000000e+00,0.00000000e+00,8.25645874e-05,6.75068006e-06,8.66326057e-06,3.40611183e-06,6.44933560e-01,1.81044690e-02,2.36103298e+03,8.44695553e+01,5.13808957e-04,1.89272385e-05,0.00000000e+00,0.00000000e+00,4.36500000e+00,6.51624344e-02
7.46500000e+01,4.19259913e-04,1.51967147e-05,0.00000000e+00,0.00000000e+00,8.12253597e-05,6.55082193e-06,6.28249261e-06,2.98545385e-06,6.35349942e-01,1.80946256e-02,2.29708782e+03,7.84332111e+01,5.00102143e-04,1.72932702e-05,0.00000000e+00,0.00000000e+00,0.00000000e+00,0.00000000e+00
7.47500000e+01,4.19178215e-04,1.79294034e-05,0.00000000e+00,0.00000000e+00,8.24196256e-05,6.89888286e-06,6.11226873e-06,2.98771250e-06,6.31235470e-01,1.93336015e-02,2.29910627e+03,9.14562007e+01,5.01221910e-04,1.94309542e-05,0.00000000e+00,0.00000000e+00,4.34840000e+00,6.45381457e-02
7.48500000e+01,4.22816889e-04,1.71518061e-05,0.00000000e+00,0.00000000e+00,8.54056296e-05,7.22139630e-06,6.11226873e-06,2.98771250e-06,6.40129845e-01,1.98475248e-02,2.32645711e+03,8.88025792e+01,5.07861238e-04,1.96229550e-05,0.00000000e+00,0.00000000e+00,0.00000000e+00,0.00000000e+00
7.49500000e+01,4.23810886e-04,1.61656492e-05,0.00000000e+00,0.00000000e+00,8.14977239e-05,6.65498955e-06,6.11226873e-06,2.98771250e-06,6.40537349e-01,1.94785915e-02,2.32780686e+03,8.36264280e+01,5.04947330e-04,1.89536667e-05,0.00000000e+00,0.00000000e+00,4.33280000e+00,6.43637875e-02
7.50500000e+01,4.16315219e-04,1.52667926e-05,0.00000000e+00,0.00000000e+00,8.14049968e-05,7.57376690e-06,6.11226873e-06,2.98771250e-06,6.29730439e-01,1.76825797e-02,2.27990470e+03,7.74386051e+01,4.97358935e-04,1.85726698e-05,0.00000000e+00,0.00000000e+00,0.00000000e+00,0.00000000e+00
7.51500000e+01,4.15055816e-04,1.54434483e-05,0.00000000e+00,0.00000000e+00,8.30863836e-05,6.62979002e-06,6.11226873e-06,2.98771250e-06,6.26988298e-01,1.79063859e-02,2.27043256e+03,7.90310053e+01,4.97780919e-04,1.91422880e-05,0.00000000e+00,0.00000000e+00,4.31920000e+00,6.50041380e-02
7.52500000e+01,4.15421666e-04,1.57817016e-05,0.00000000e+00,0.00000000e+00,7.89980642e-05,5.45011516e-06,6.11778227e-06,2.99087720e-06,6.25247003e-01,1.70224544e-02,2.27130291e+03,8.08131120e+01,4.94057144e-04,1.84123222e-05,0.00000000e+00,0.00000000e+00,0.00000000e+00,0.00000000e+00
7.53500000e+01,4.14035770e-04,1.68112568e-05,0.00000000e+00,0.00000000e+00,7.99187781e-05,5.43385298e-06,6.46005812e-06,3.19983581e-06,6.22325062e-01,1.85115353e-02,2.26646473e+03,8.60388347e+01,4.93583744e-04,1.88382209e-05,0.00000000e+00,0.00000000e+00,4.29780000e+00,6.59395456e-02
7.54500000e+01,4.17677300e-04,1.69733138e-05,0.00000000e+00,0.00000000e+00,8.35010636e-05,5.83631294e-06,6.46005812e-06,3.19983581e-06,6.22087082e-01,1.87791578e-02,2.28353711e+03,8.66531373e+01,5.00811330e-04,1.87908442e-05,0.00000000e+00,0.00000000e+00,0.00000000e+00,0.00000000e+00
7.55500000e+01,4.26156141e-04,1.69157109e-05,0.00000000e+00,0.00000000e+00,8.74632245e-05,6.92664619e-06,6.46005812e-06,3.19983581e-06,6.26955878e-01,1.91210670e-02,2.32076622e+03,8.72682895e+01,5.13252849e-04,1.98006608e-05,0.00000000e+00,0.00000000e+00,4.28500000e+00,6.50288790e-02
7.56500000e+01,4.20566375e-04,1.73656215e-05,0.00000000e+00,0.00000000e+00,8.85991168e-05,7.20636472e-06,6.46005812e-06,3.19983581e-06,6.22086150e-01,1.98773132e-02,2.29929860e+03,9.07562184e+01,5.08798975e-04,2.08907838e-05,0.00000000e+00,0.00000000e+00,0.00000000e+00,0.00000000e+00
7.57500000e+01,4.15784214e-04,1.63692813e-05,0.00000000e+00,0.00000000e+00,8.80438878e-05,6.48888324e-06,6.46005812e-06,3.19983581e-06,6.15368717e-01,1.92439779e-02,2.27521405e+03,8.41327328e+01,5.03461586e-04,1.89036269e-05,0.00000000e+00,0.00000000e+00,4.27580000e+00,6.36284431e-02
7.58500000e+01,4.08066406e-04,1.53865274e-05,0.00000000e+00,0.00000000e+00,9.22414286e-05,7.49018952e-06,6.46005812e-06,3.19983581e-06,6.01951143e-01,1.80147376e-02,2.22816752e+03,8.00382078e+01,4.99941317e-04,1.81003056e-05,0.00000000e+00,0.00000000e+00,0.00000000e+00,0.00000000e+00
7.59500000e+01,4.10926248e-04,1.66048669e-05,0.00000000e+00,0.00000000e+00,1.06523338e-04,1.37269667e-05,6.46005812e-06,3.19983581e-06,5.98745547e-01,1.92844442e-02,2.23809144e+03,8.69039281e+01,5.17119083e-04,2.55568613e-05,0.00000000e+00,0.00000000e+00,4.25340000e+00,6.28796129e-02
7.60500000e+01,4.22554810e-04,1.81458663e-05,0.00000000e+00,0.00000000e+00,1.14690328e-04,1.71175172e-05,6.46005812e-06,3.19983581e-06,6.08406797e-01,1.97770515e-02,2.30109855e+03,9.55752449e+01,5.36945451e-04,2.56672611e-05,0.00000000e+00,0.00000000e+00,0.00000000e+00,0.00000000e+00
7.61500000e+01,4.23540053e-04,1.91423333e-05,0.00000000e+00,0.00000000e+00,1.48685074e-04,3.55847084e-05,6.46005812e-06,3.19983581e-06,6.06848031e-01,2.09904186e-02,2.30132271e+03,1.00207438e+02,5.71993612e-04,3.97632968e-05,0.00000000e+00,0.00000000e+00,4.23780000e+00,6.23828142e-02
7.62500000e+01,4.14805205e-04,1.81874875e-05,0.00000000e+00,0.00000000e+00,1.19135652e-04,2.15011998e-05,6.46005812e-06,3.19983581e-06,6.04466297e-01,2.11041254e-02,2.26121833e+03,9.59710873e+01,5.33716644e-04,2.94325755e-05,0.00000000e+00,0.00000000e+00,0.00000000e+00,0.00000000e+00
7.63500000e+01,4.07737528e-04,1.79145750e-05,0.00000000e+00,0.00000000e+00,1.29620084e-04,2.29069446e-05,5.53971566e-06,2.88154764e-06,5.99931903e-01,1.85256646e-02,2.22959456e+03,9.27417661e+01,5.37165257e-04,3.03840645e-05,0.00000000e+00,0.00000000e+00,4.20760000e+00,6.15669935e-02
7.64500000e+01,4.09760946e-04,1.73827288e-05,0.00000000e+00,0.00000000e+00,1.12132801e-04,1.56832943e-05,4.84933809e-06,2.82193967e-06,6.01380647e-01,1.69905790e-02,2.23612801e+03,8.94710686e+01,5.21725291e-04,2.65078825e-05,0.00000000e+00,0.00000000e+00,0.00000000e+00,0.00000000e+00
7.65500000e+01,4.04062170e-04,1.55599756e-05,0.00000000e+00,0.00000000e+00,1.16787138e-04,1.63224495e-05,4.84933809e-06,2.82193967e-06,5.98947022e-01,1.63417233e-02,2.20382991e+03,8.14631192e+01,5.20680852e-04,2.56662546e-05,0.00000000e+00,0.00000000e+00,4.19960000e+00,6.04304019e-02
7.66500000e+01,4.08497067e-04,1.54560471e-05,0.00000000e+00,0.00000000e+00,1.11263375e-04,1.59413711e-05,4.84933809e-06,2.82193967e-06,6.06568848e-01,1.56679361e-02,2.22067791e+03,8.06448088e+01,5.19591987e-04,2.43162423e-05,0.00000000e+00,0.00000000e+00,0.00000000e+00,0.00000000e+00
7.67500000e+01,4.11382854e-04,1.65337392e-05,0.00000000e+00,0.00000000e+00,1.06972171e-04,1.48633320e-05,4.84933809e-06,2.82193967e-06,6.02832360e-01,1.56576124e-02,2.23905861e+03,8.53597817e+01,5.18186569e-04,2.46919370e-05,0.00000000e+00,0.00000000e+00,4.17520000e+00,6.02906159e-02
7.68500000e+01,4.12176320e-04,1.60458245e-05,0.00000000e+00,0.00000000e+00,9.54878345e-05,1.27713166e-05,4.84933809e-06,2.82193967e-06,6.07506031e-01,1.65823887e-02,2.24661413e+03,8.28948430e+01,5.07495698e-04,2.18925834e-05,0.00000000e+00,0.00000000e+00,0.00000000e+00,0.00000000e+00
7.69500000e+01,4.14725708e-04,1.68789646e-05,0.00000000e+00,0.00000000e+00,9.56731686e-05,1.27019283e-05,4.84933809e-06,2.82193967e-06,6.05548231e-01,1.77367818e-02,2.25073400e+03,8.66484870e+01,5.10230420e-04,2.27122442e-05,0.00000000e+00,0.00000000e+00,4.15860000e+00,6.01718695e-02
7.70500000e+01,4.01702695e-04,1.62786532e-05,0.00000000e+00,0.00000000e+00,9.46095302e-05,1.24243170e-05,4.84933809e-06,2.82193967e-06,5.96930566e-01,1.88983056e-02,2.18561599e+03,8.41252492e+01,4.96145611e-04,2.18909775e-05,0.00000000e+00,0.00000000e+00,0.00000000e+00,0.00000000e+00
7.71500000e+01,3.99836908e-04,1.75900958e-05,0.00000000e+00,0.00000000e+00,8.89014558e-05,1.22177947e-05,4.84933809e-06,2.82193967e-06,5.92348441e-01,1.95669352e-02,2.17650870e+03,9.13662065e+01,4.88573063e-04,2.28874617e-05,0.00000000e+00,0.00000000e+00,4.14840000e+00,5.99811943e-02
7.72500000e+01,3.97307439e-04,1.81237733e-05,0.00000000e+00,0.00000000e+00,8.44869491e-05,1.16672822e-05,4.84933809e-06,2.82193967e-06,5.90094767e-01,2.10206216e-02,2.16035841e+03,9.36354162e+01,4.81629088e-04,2.30396492e-05,0.00000000e+00,0.00000000e+00,0.00000000e+00,0.00000000e+00
7.73500000e+01,3.95717322e-04,1.77174263e-05,0.00000000e+00,0.00000000e+00,8.72855494e-05,1.19364671e-05,4.84933809e-06,2.82193967e-06,5.90422475e-01,2.02850511e-02,2.16165358e+03,9.47321011e+01,4.82837571e-04,2.34327326e-05,0.00000000e+00,0.00000000e+00,4.12900000e+00,6.13649172e-02
7.74500000e+01,3.95789671e-04,1.68849805e-05,0.00000000e+00,0.00000000e+00,8.58344868e-05,1.20771982e-05,4.84933809e-06,2.82193967e-06,5.89759785e-01,1.95777877e-02,2.15556035e+03,8.80436346e+01,4.81458857e-04,2.30538957e-05,0.00000000e+00,0.00000000e+00,0.00000000e+00,0.00000000e+00
7.75500000e+01,3.95041483e-04,1.63688810e-05,0.00000000e+00,0.00000000e+00,8.35736755e-05,1.22041908e-05,4.84933809e-06,2.82193967e-06,5.87072891e-01,1.84574027e-02,2.14851481e+03,8.50773274e+01,4.78450913e-04,2.19980286e-05,0.00000000e+00,0.00000000e+00,4.11420000e+00,6.23741770e-02
7.76500000e+01,4.01766451e-04,1.71346422e-05,0.00000000e+00,0.00000000e+00,9.61414890e-05,1.48233138e-05,4.84933809e-06,2.82193967e-06,5.90258156e-01,1.92641653e-02,2.18370397e+03,8.86104134e+01,4.97743747e-04,2.33173550e-05,0.00000000e+00,0.00000000e+00,0.00000000e+00,0.00000000e+00
7.77500000e+01,3.99426925e-04,1.61164779e-05,0.00000000e+00,0.00000000e+00,9.66602937e-05,1.48450974e-05,4.84933809e-06,2.82193967e-06,5.90924188e-01,1.86735683e-02,2.17609316e+03,8.44056198e+01,4.95923026e-04,2.34884565e-05,0.00000000e+00,0.00000000e+00,4.09780000e+00,6.23756166e-02
7.78500000e+01,4.04164073e-04,1.71699301e-05,0.00000000e+00,0.00000000e+00,9.30272636e-05,1.35141059e-05,4.84933809e-06,2.82193967e-06,5.95756286e-01,2.12121530e-02,2.20602915e+03,9.24858904e+01,4.97027144e-04,2.37111622e-05,0.00000000e+00,0.00000000e+00,0.00000000e+00,0.00000000e+00
7.79500000e+01,3.95609017e-04,1.57740543e-05,0.00000000e+00,0.00000000e+00,9.56659233e-05,1.21378341e-05,4.84933809e-06,2.82193967e-06,5.81174048e-01,1.87620682e-02,2.15447947e+03,8.22481525e+01,4.91110747e-04,2.20454130e-05,0.00000000e+00,0.00000000e+00,4.08820000e+00,6.27763702e-02
7.80500000e+01,3.93779901e-04,1.68472344e-05,0.00000000e+00,0.00000000e+00,9.65138915e-05,1.53704168e-05,4.84933809e-06,2.82193967e-06,5.80395807e-01,1.92776664e-02,2.14307081e+03,8.76070328e+01,4.90129599e-04,2.48861407e-05,0.00000000e+00,0.00000000e+00,0.00000000e+00,0.00000000e+00
7.81500000e+01,3.97742007e-04,1.78432586e-05,0.00000000e+00,0.00000000e+00,1.05102871e-04,1.82826810e-05,4.84933809e-06,2.82193967e-06,5.79634835e-01,1.88664208e-02,2.16348861e+03,9.14465917e+01,5.02680685e-04,2.70920785e-05,0.00000000e+00,0.00000000e+00,4.08240000e+00,6.27489719e-02
7.82500000e+01,4.00189060e-04,1.76316598e-05,0.00000000e+00,0.00000000e+00,9.84601724e-05,1.56363392e-05,4.84933809e-06,2.82193967e-06,5.83782051e-01,1.98077426e-02,2.17248838e+03,9.17060777e+01,4.98485039e-04,2.44304036e-05,0.00000000e+00,0.00000000e+00,0.00000000e+00,0.00000000e+00
7.83500000e+01,3.99819040e-04,1.82984951e-05,0.00000000e+00,0.00000000e+00,9.16042176e-05,1.24371495e-05,4.84933809e-06,2.82193967e-06,5.77438958e-01,2.00735143e-02,2.17144509e+03,9.45116714e+01,4.91259064e-04,2.32948325e-05,0.00000000e+00,0.00000000e+00,4.06280000e+00,6.16918213e-02
7.84500000e+01,4.04930317e-04,1.89849874e-05,0.00000000e+00,0.00000000e+00,7.88052889e-05,8.93956429e-06,4.84933809e-06,2.82193967e-06,5.78801180e-01,2.00634351e-02,2.20097686e+03,9.85588202e+01,4.83571413e-04,2.38032002e-05,0.00000000e+00,0.00000000e+00,0.00000000e+00,0.00000000e+00
7.85500000e+01,4.00226373e-04,1.87853005e-05,0.00000000e+00,0.00000000e+00,8.36003525e-05,9.35752395e-06,4.84933809e-06,2.82193967e-06,5.80604990e-01,2.03196108e-02,2.18228894e+03,9.73540711e+01,4.83662533e-04,2.36567808e-05,0.00000000e+00,0.00000000e+00,4.04940000e+00,5.89786610e-02
7.86500000e+01,4.01621959e-04,1.75824711e-05,0.00000000e+00,0.00000000e+00,9.02287471e-05,1.38425556e-05,4.84933809e-06,2.82193967e-06,5.81304139e-01,1.90575709e-02,2.18574237e+03,9.02749068e+01,4.91686513e-04,2.55484696e-05,0.00000000e+00,0.00000000e+00,0.00000000e+00,0.00000000e+00
7.87500000e+01,4.07826356e-04,1.80370442e-05,0.00000000e+00,0.00000000e+00,7.62859821e-05,8.28137841e-06,4.84933809e-06,2.82193967e-06,5.83155743e-01,1.84749174e-02,2.21522221e+03,9.13276334e+01,4.83948145e-04,2.21101806e-05,0.00000000e+00,0.00000000e+00,4.03900000e+00,6.07015113e-02
7.88500000e+01,4.08217787e-04,1.88592160e-05,0.00000000e+00,0.00000000e+00,7.28497802e-05,7.46716789e-06,4.84933809e-06,2.82193967e-06,5.90770832e-01,2.05060544e-02,2.21694244e+03,9.61235692e+01,4.80903375e-04,2.12131832e-05,0.00000000e+00,0.00000000e+00,0.00000000e+00,0.00000000e+00
7.89500000e+01,4.16196967e-04,1.95850251e-05,0.00000000e+00,0.00000000e+00,7.29254049e-05,7.39561974e-06,4.84933809e-06,2.82193967e-06,5.90822294e-01,1.93530585e-02,2.25357360e+03,9.85831248e+01,4.88958179e-04,2.17034193e-05,0.00000000e+00,0.00000000e+00,4.02020000e+00,6.03320675e-02
7.90500000e+01,4.05246246e-04,1.88910814e-05,0.00000000e+00,0.00000000e+00,7.51837510e-05,8.64126118e-06,4.84933809e-06,2.82193967e-06,5.84792638e-01,1.95273223e-02,2.19595943e+03,9.61901133e+01,4.80265804e-04,2.17243718e-05,0.00000000e+00,0.00000000e+00,0.00000000e+00,0.00000000e+00
7.91500000e+01,4.10257032e-04,1.93041807e-05,0.00000000e+00,0.00000000e+00,8.66070334e-05,1.22667689e-05,4.84933809e-06,2.82193967e-06,5.86621942e-01,1.99153402e-02,2.21770347e+03,9.84635111e+01,4.96700069e-04,2.32351987e-05,0.00000000e+00,0.00000000e+00,3.99960000e+00,6.06010440e-02
7.92500000e+01,4.05031418e-04,1.84619575e-05,0.00000000e+00,0.00000000e+00,8.73030133e-05,1.29587766e-05,4.84933809e-06,2.82193967e-06,5.75578665e-01,1.92434405e-02,2.19084807e+03,9.48011193e+01,4.92170529e-04,2.32032610e-05,0.00000000e+00,0.00000000e+00,0.00000000e+00,0.00000000e+00
7.93500000e+01,4.05147947e-04,1.84095048e-05,0.00000000e+00,0.00000000e+00,8.40949883e-05,1.21898595e-05,4.84933809e-06,2.82193967e-06,5.74983633e-01,1.95223221e-02,2.18848759e+03,9.43931611e+01,4.89079032e-04,2.33567191e-05,0.00000000e+00,0.00000000e+00,3.98820000e+00,5.91322903e-02
7.94500000e+01,4.07510243e-04,1.90200469e-05,0.00000000e+00,0.00000000e+00,7.79896164e-05,8.03021862e-06,4.84933809e-06,2.82193967e-06,5.78941546e-01,2.00514209e-02,2.19945012e+03,9.71889277e+01,4.85335956e-04,2.14478807e-05,0.00000000e+00,0.00000000e+00,0.00000000e+00,0.00000000e+00
7.95500000e+01,4.05827448e-04,1.85381646e-05,0.00000000e+00,0.00000000e+00,7.73970579e-05,6.56989223e-06,4.84933809e-06,2.82193967e-06,5.78097553e-01,1.99603210e-02,2.19888186e+03,9.53159723e+01,4.83060603e-04,1.99072597e-05,0.00000000e+00,0.00000000e+00,3.97760000e+00,5.93120836e-02
7.96500000e+01,4.06817572e-04,1.97035514e-05,0.00000000e+00,0.00000000e+00,7.40055490e-05,5.05838252e-06,4.84933809e-06,2.82193967e-06,5.71668550e-01,2.06328037e-02,2.19376661e+03,1.00868510e+02,4.80661370e-04,2.24147863e-05,0.00000000e+00,0.00000000e+00,0.00000000e+00,0.00000000e+00
7.97500000e+01,4.02643842e-04,1.88494515e-05,0.00000000e+00,0.00000000e+00,7.51873912e-05,5.97008520e-06,4.84933809e-06,2.82193967e-06,5.66705591e-01,1.94876755e-02,2.17132385e+03,9.63694017e+01,4.77673889e-04,2.28903307e-05,0.00000000e+00,0.00000000e+00,3.95560000e+00,5.96398442e-02
7.98500000e+01,3.94772981e-04,1.79029538e-05,0.00000000e+00,0.00000000e+00,8.02222349e-05,1.32262236e-05,4.84933809e-06,2.82193967e-06,5.59325118e-01,1.89731157e-02,2.13075331e+03,9.21551111e+01,4.74837872e-04,2.60211996e-05,0.00000000e+00,0.00000000e+00,0.00000000e+00,0.00000000e+00
7.99500000e+01,3.99851203e-04,1.77511127e-05,0.00000000e+00,0.00000000e+00,7.20680199e-05,7.75457016e-06,4.84933809e-06,2.82193967e-06,5.66889809e-01,1.91960111e-02,2.15442963e+03,9.10176439e+01,4.71761878e-04,2.19405631e-05,0.00000000e+00,0.00000000e+00,3.94700000e+00,5.91906294e-02
8.00500000e+01,3.97672387e-04,1.75009620e-05,0.00000000e+00,0.00000000e+00,7.07384634e-05,6.66473705e-06,4.84933809e-06,2.82193967e-06,5.66053925e-01,1.83374700e-02,2.14662814e+03,8.92200700e+01,4.68253506e-04,2.10765685e-05,0.00000000e+00,0.00000000e+00,0.00000000e+00,0.00000000e+00
8.01500000e+01,3.97643598e-04,1.77389882e-05,0.00000000e+00,0.00000000e+00,7.05771681e-05,9.10883670e-06,4.74939723e-06,2.74860615e-06,5.61389104e-01,1.86112003e-02,2.14726296e+03,9.07512000e+01,4.68065852e-04,2.31988391e-05,0.00000000e+00,0.00000000e+00,3.93760000e+00,5.84874380e-02
8.02500000e+01,4.03565086e-04,1.79848174e-05,0.00000000e+00,0.00000000e+00,7.30087609e-05,1.08133987e-05,4.34412752e-06,2.47043408e-06,5.67170797e-01,1.84458710e-02,2.17677605e+03,9.21934171e+01,4.76428786e-04,2.38041129e-05,0.00000000e+00,0.00000000e+00,0.00000000e+00,0.00000000e+00
8.03500000e+01,3.99414443e-04,1.84422937e-05,0.00000000e+00,0.00000000e+00,6.30392835e-05,6.10818007e-06,4.34412752e-06,2.47043408e-06,5.59744016e-01,1.94168921e-02,2.16006256e+03,9.74933648e+01,4.62308665e-04,2.11676798e-05,0.00000000e+00,0.00000000e+00,3.91580000e+00,5.99946188e-02
8.04500000e+01,3.99118651e-04,1.74892137e-05,0.00000000e+00,0.00000000e+00,5.99820146e-05,4.18554413e-06,4.34412752e-06,2.47043408e-06,5.57312317e-01,1.87459204e-02,2.15127303e+03,9.08438305e+01,4.58955604e-04,1.95634021e-05,0.00000000e+00,0.00000000e+00,0.00000000e+00,0.00000000e+00
8.05500000e+01,4.16470073e-04,2.14815274e-05,0.00000000e+00,0.00000000e+00,6.75432045e-05,6.78070586e-06,4.34412752e-06,2.47043408e-06,5.64842517e-01,1.82505871e-02,2.23073784e+03,1.09663284e+02,4.83868216e-04,2.41159909e-05,0.00000000e+00,0.00000000e+00,3.89900000e+00,5.78634917e-02
8.06500000e+01,4.00514302e-04,1.72599973e-05,0.00000000e+00,0.00000000e+00,8.08203108e-05,1.85530666e-05,4.34412752e-06,2.47043408e-06,5.54438832e-01,1.73061723e-02,2.15691729e+03,8.80081505e+01,4.81189551e-04,2.87776198e-05,0.00000000e+00,0.00000000e+00,0.00000000e+00,0.00000000e+00
8.07500000e+01,3.94342687e-04,1.71468551e-05,0.00000000e+00,0.00000000e+00,8.73505897e-05,1.94078323e-05,4.34412752e-06,2.47043408e-06,5.51048079e-01,1.89390938e-02,2.12174456e+03,8.92968947e+01,4.81548215e-04,3.00289147e-05,0.00000000e+00,0.00000000e+00,3.87660000e+00,5.73037805e-02
8.08500000e+01,3.99901350e-04,1.66710644e-05,0.00000000e+00,0.00000000e+00,8.27390589e-05,1.65219489e-05,4.34412752e-06,2.47043408e-06,5.55879719e-01,1.87919410e-02,2.14763975e+03,8.72822077e+01,4.82495348e-04,2.60015348e-05,0.00000000e+00,0.00000000e+00,0.00000000e+00,0.00000000e+00
8.09500000e+01,3.89373546e-04,1.55156132e-05,0.00000000e+00,0.00000000e+00,6.71147791e-05,7.19509888e-06,4.34412752e-06,2.47043408e-06,5.43337604e-01,1.83598398e-02,2.09079592e+03,8.02678042e+01,4.56343263e-04,1.90612765e-05,0.00000000e+00,0.00000000e+00,3.85640000e+00,5.73643991e-02
8.10500000e+01,3.97466126e-04,1.55894495e-05,0.00000000e+00,0.00000000e+00,6.13543427e-05,5.15690295e-06,4.34412752e-06,2.47043408e-06,5.46786775e-01,1.80564743e-02,2.12974091e+03,7.98558025e+01,4.58675407e-04,1.83570331e-05,0.00000000e+00,0.00000000e+00,0.00000000e+00,0.00000000e+00
8.11500000e+01,3.93576185e-04,1.61693902e-05,0.00000000e+00,0.00000000e+00,6.33293116e-05,5.36390804e-06,4.34412752e-06,2.47043408e-06,5.48409195e-01,1.84111942e-02,2.11229571e+03,8.29745730e+01,4.56760435e-04,1.92714453e-05,0.00000000e+00,0.00000000e+00,3.84520000e+00,5.72849947e-02
8.12500000e+01,3.97185795e-04,1.60471513e-05,0.00000000e+00,0.00000000e+00,6.34775076e-05,4.93162997e-06,4.34412752e-06,2.47043408e-06,5.50135167e-01,1.80323978e-02,2.13176416e+03,8.25003170e+01,4.60518241e-04,1.85152145e-05,0.00000000e+00,0.00000000e+00,0.00000000e+00,0.00000000e+00
8.13500000e+01,3.96280763e-04,1.65086214e-05,0.00000000e+00,0.00000000e+00,6.61293279e-05,5.73018135e-06,3.53680531e-06,2.04693416e-06,5.48899446e-01,1.72701656e-02,2.12562346e+03,8.48523098e+01,4.62284689e-04,1.88101063e-05,0.00000000e+00,0.00000000e+00,3.82960000e+00,5.85971790e-02
8.14500000e+01,3.94662597e-04,1.63019015e-05,0.00000000e+00,0.00000000e+00,6.31654532e-05,5.18272403e-06,2.70050793e-06,1.89280925e-06,5.49745702e-01,1.66576620e-02,2.12006393e+03,8.36359908e+01,4.57723013e-04,1.82820530e-05,0.00000000e+00,0.00000000e+00,0.00000000e+00,0.00000000e+00
8.15500000e+01,3.89425474e-04,1.71584400e-05,0.00000000e+00,0.00000000e+00,6.81025105e-05,7.37222005e-06,2.70050793e-06,1.89280925e-06,5.42165439e-01,1.68222983e-02,2.09683832e+03,8.63462451e+01,4.57455018e-04,2.02012870e-05,0.00000000e+00,0.00000000e+00,3.80620000e+00,5.90661269e-02
8.16500000e+01,4.00984071e-04,1.68568665e-05,0.00000000e+00,0.00000000e+00,7.13085427e-05,9.77033017e-06,2.70050793e-06,1.89280925e-06,5.50077800e-01,1.72622208e-02,2.15003076e+03,8.42266393e+01,4.72226738e-04,2.17991399e-05,0.00000000e+00,0.00000000e+00,0.00000000e+00,0.00000000e+00
8.17500000e+01,4.00857401e-04,1.59992143e-05,0.00000000e+00,0.00000000e+00,8.63831534e-05,1.58156612e-05,2.17251406e-06,1.54482040e-06,5.53589845e-01,1.68013033e-02,2.14999967e+03,8.17299983e+01,4.87187178e-04,2.46297617e-05,0.00000000e+00,0.00000000e+00,3.77780000e+00,5.90394472e-02
8.18500000e+01,3.97654332e-04,1.69115036e-05,0.00000000e+00,0.00000000e+00,8.16941278e-05,1.18744211e-05,1.27760534e-06,1.27760534e-06,5.52533004e-01,1.74579043e-02,2.13551756e+03,8.60886235e+01,4.79316271e-04,2.28189412e-05,0.00000000e+00,0.00000000e+00,0.00000000e+00,0.00000000e+00
8.19500000e+01,4.01479045e-04,1.67246513e-05,0.00000000e+00,0.00000000e+00,9.95976126e-05,2.53345398e-05,1.27760534e-06,1.27760534e-06,5.49971684e-01,1.69756567e-02,2.15311764e+03,8.48747222e+01,5.01044469e-04,3.28677443e-05,0.00000000e+00,0.00000000e+00,3.76820000e+00,5.97420920e-02
8.20500000e+01,3.94791563e-04,1.59701069e-05,0.00000000e+00,0.00000000e+00,7.24020202e-05,7.93575591e-06,1.27760534e-06,1.27760534e-06,5.48076035e-01,1.71825924e-02,2.11687010e+03,8.10680816e+01,4.67161395e-04,2.10310997e-05,0.00000000e+00,0.00000000e+00,0.00000000e+00,0.00000000e+00
8.21500000e+01,3.97643304e-04,1.72255139e-05,0.00000000e+00,0.00000000e+00,7.09262357e-05,6.80196815e-06,1.27760534e-06,1.27760534e-06,5.42597249e-01,1.80265227e-02,2.12657372e+03,8.77783079e+01,4.68537351e-04,2.01897987e-05,0.00000000e+00,0.00000000e+00,3.76300000e+00,5.86996854e-02
8.22500000e+01,3.99374133e-04,1.72083115e-05,0.00000000e+00,0.00000000e+00,7.63117735e-05,8.00021708e-06,1.27760534e-06,1.27760534e-06,5.46896832e-01,1.89840125e-02,2.13998841e+03,8.88371784e+01,4.75653590e-04,2.11840339e-05,0.00000000e+00,0.00000000e+00,0.00000000e+00,0.00000000e+00
8.23500000e+01,4.01511516e-04,1.73107069e-05,0.00000000e+00,0.00000000e+00,8.40501448e-05,9.44519408e-06,1.27760534e-06,1.27760534e-06,5.45936233e-01,1.78935021e-02,2.14484659e+03,8.74902700e+01,4.85529382e-04,2.13870046e-05,0.00000000e+00,0.00000000e+00,3.74180000e+00,5.93307505e-02
8.24500000e+01,4.02479641e-04,1.59624051e-05,0.00000000e+00,0.00000000e+00,8.41999348e-05,8.76751219e-06,1.27760534e-06,1.27760534e-06,5.42619578e-01,1.65434745e-02,2.14811734e+03,8.07154171e+01,4.86647296e-04,1.99984814e-05,0.00000000e+00,0.00000000e+00,0.00000000e+00,0.00000000e+00
8.25500000e+01,4.10938564e-04,1.91480722e-05,0.00000000e+00,0.00000000e+00,8.42247843e-05,8.49461038e-06,1.27760534e-06,1.27760534e-06,5.49885347e-01,1.70749499e-02,2.18966090e+03,9.57771647e+01,4.95131069e-04,2.24521584e-05,0.00000000e+00,0.00000000e+00,3.72480000e+00,6.07619913e-02
8.26500000e+01,4.09322163e-04,1.77506846e-05,0.00000000e+00,0.00000000e+00,7.82011486e-05,6.89375902e-06,1.27760534e-06,1.27760534e-06,5.49485054e-01,1.76904281e-02,2.18180643e+03,9.01200224e+01,4.87491032e-04,2.05088495e-05,0.00000000e+00,0.00000000e+00,0.00000000e+00,0.00000000e+00
8.27500000e+01,3.97572761e-04,1.70406951e-05,0.00000000e+00,0.00000000e+00,7.57063276e-05,6.77182428e-06,1.27760534e-06,1.27760534e-06,5.40469177e-01,1.76449046e-02,2.11684434e+03,8.46360040e+01,4.73246809e-04,1.93182464e-05,0.00000000e+00,0.00000000e+00,3.71680000e+00,6.08460352e-02
8.28500000e+01,4.05627124e-04,1.87263682e-05,0.00000000e+00,0.00000000e+00,7.56378994e-05,6.81714101e-06,1.27760534e-06,1.27760534e-06,5.44063133e-01,1.79528148e-02,2.15765979e+03,9.26178456e+01,4.81232745e-04,2.05036942e-05,0.00000000e+00,0.00000000e+00,0.00000000e+00,0.00000000e+00
8.29500000e+01,4.08057273e-04,1.94045821e-05,0.00000000e+00,0.00000000e+00,7.18877010e-05,6.11527619e-06,1.27760534e-06,1.27760534e-06,5.45985747e-01,1.80788765e-02,2.17505975e+03,9.69603418e+01,4.79912680e-04,2.11788872e-05,0.00000000e+00,0.00000000e+00,3.70020000e+00,5.90817421e-02
8.30500000e+01,4.01525518e-04,1.90515885e-05,0.00000000e+00,0.00000000e+00,7.33796702e-05,6.39473538e-06,1.27760534e-06,1.27760534e-06,5.37091956e-01,1.72910568e-02,2.14015555e+03,9.42089987e+01,4.74872434e-04,2.12886262e-05,0.00000000e+00,0.00000000e+00,0.00000000e+00,0.00000000e+00
8.31500000e+01,4.01516659e-04,1.91786772e-05,0.00000000e+00,0.00000000e+00,8.40888043e-05,1.00502036e-05,1.27760534e-06,1.27760534e-06,5.35996863e-01,1.86734652e-02,2.13743627e+03,9.58709119e+01,4.85572772e-04,2.40354313e-05,0.00000000e+00,0.00000000e+00,3.68600000e+00,6.12269115e-02
8.32500000e+01,3.99573840e-04,1.83423262e-05,0.00000000e+00,0.00000000e+00,8.38773163e-05,8.03845553e-06,3.68127440e-07,3.68127440e-07,5.36776303e-01,1.91066168e-02,2.12326152e+03,9.11403246e+01,4.83439734e-04,2.17190062e-05,0.00000000e+00,0.00000000e+00,0.00000000e+00,0.00000000e+00
8.33500000e+01,4.04315921e-04,1.95556989e-05,0.00000000e+00,0.00000000e+00,7.94753335e-05,7.20098027e-06,0.00000000e+00,0.00000000e+00,5.38518536e-01,1.86660186e-02,2.14624396e+03,9.57448763e+01,4.83788441e-04,2.23880432e-05,0.00000000e+00,0.00000000e+00,3.68020000e+00,6.25332499e-02
8.34500000e+01,4.07358870e-04,1.93491438e-05,0.00000000e+00,0.00000000e+00,8.18799427e-05,8.12354870e-06,0.00000000e+00,0.00000000e+00,5.40001019e-01,1.92122706e-02,2.15943914e+03,9.57205829e+01,4.89235999e-04,2.28673068e-05,0.00000000e+00,0.00000000e+00,0.00000000e+00,0.00000000e+00
8.35500000e+01,4.08949061e-04,2.00407891e-05,0.00000000e+00,0.00000000e+00,8.12131910e-05,8.98318836e-06,0.00000000e+00,0.00000000e+00,5.34625193e-01,1.83332813e-02,2.16749202e+03,9.94855116e+01,4.90159438e-04,2.39607335e-05,0.00000000e+00,0.00000000e+00,3.65500000e+00,6.22511372e-02
8.36500000e+01,4.10542058e-04,1.89580753e-05,0.00000000e+00,0.00000000e+00,8.07177364e-05,8.23279654e-06,0.00000000e+00,0.00000000e+00,5.38725997e-01,1.81647828e-02,2.17578457e+03,9.48017300e+01,4.91256981e-04,2.27358067e-05,0.00000000e+00,0.00000000e+00,0.00000000e+00,0.00000000e+00
8.37500000e+01,4.18892825e-04,2.22529496e-05,0.00000000e+00,0.00000000e+00,8.83270954e-05,1.13282266e-05,0.00000000e+00,0.00000000e+00,5.39556754e-01,1.90221356e-02,2.21430918e+03,1.09558350e+02,5.07217107e-04,2.69384093e-05,0.00000000e+00,0.00000000e+00,3.65040000e+00,6.32016275e-02
8.38500000e+01,4.19841224e-04,2.06876596e-05,0.00000000e+00,0.00000000e+00,8.90225943e-05,1.17579509e-05,0.00000000e+00,0.00000000e+00,5.43753188e-01,1.93833194e-02,2.22175308e+03,1.01980289e+02,5.08861005e-04,2.56685730e-05,0.00000000e+00,0.00000000e+00,0.00000000e+00,0.00000000e+00
8.39500000e+01,4.11318732e-04,1.90553322e-05,0.00000000e+00,0.00000000e+00,9.70928394e-05,1.36984358e-05,0.00000000e+00,0.00000000e+00,5.39963330e-01,2.01474583e-02,2.17922779e+03,9.46254760e+01,5.08408758e-04,2.58300281e-05,0.00000000e+00,0.00000000e+00,3.63240000e+00,6.05697843e-02
8.40500000e+01,4.13553233e-04,1.84541569e-05,0.00000000e+00,0.00000000e+00,8.96922931e-05,1.21892081e-05,0.00000000e+00,0.00000000e+00,5.40612531e-01,1.90069656e-02,2.18201219e+03,9.14907143e+01,5.03242713e-04,2.45965380e-05,0.00000000e+00,0.00000000e+00,0.00000000e+00,0.00000000e+00
8.41500000e+01,3.98972140e-04,1.80287841e-05,0.00000000e+00,0.00000000e+00,8.65061506e-05,1.20006307e-05,0.00000000e+00,0.00000000e+00,5.31528682e-01,1.84999093e-02,2.10945760e+03,8.88037388e+01,4.85474984e-04,2.48206177e-05,0.00000000e+00,0.00000000e+00,3.61800000e+00,6.03925931e-02
8.42500000e+01,3.93227545e-04,1.79286201e-05,0.00000000e+00,0.00000000e+00,7.99849093e-05,1.10662996e-05,0.00000000e+00,0.00000000e+00,5.24414438e-01,1.77619739e-02,2.08221336e+03,8.85909210e+01,4.73209405e-04,2.40780471e-05,0.00000000e+00,0.00000000e+00,0.00000000e+00,0.00000000e+00
8.43500000e+01,3.98875800e-04,1.73742646e-05,0.00000000e+00,0.00000000e+00,7.51172722e-05,9.70455307e-06,0.00000000e+00,0.00000000e+00,5.32051745e-01,1.84193721e-02,2.11761767e+03,8.69829619e+01,4.73991141e-04,2.25320037e-05,0.00000000e+00,0.00000000e+00,3.59740000e+00,6.03478421e-02
8.44500000e+01,3.88957383e-04,1.49707393e-05,0.00000000e+00,0.00000000e+00,9.04755726e-05,1.87625844e-05,0.00000000e+00,0.00000000e+00,5.20693817e-01,1.61266525e-02,2.06475958e+03,7.25975411e+01,4.79431040e-04,2.51472417e-05,0.00000000e+00,0.00000000e+00,0.00000000e+00,0.00000000e+00
8.45500000e+01,3.82869712e-04,1.62732069e-05,0.00000000e+00,0.00000000e+00,7.82618355e-05,1.19988746e-05,0.00000000e+00,0.00000000e+00,5.13111397e-01,1.62168243e-02,2.02979181e+03,7.86182281e+01,4.61129650e-04,2.23550665e-05,0.00000000e+00,0.00000000e+00,3.58320000e+00,5.98245325e-02
8.46500000e+01,3.77472422e-04,1.66408209e-05,0.00000000e+00,0.00000000e+00,7.79451760e-05,1.22048805e-05,0.00000000e+00,0.00000000e+00,5.10033577e-01,1.71470730e-02,2.00308575e+03,8.19703496e+01,4.55416128e-04,2.31756172e-05,0.00000000e+00,0.00000000e+00,0.00000000e+00,0.00000000e+00
8.47500000e+01,3.77432259e-04,1.62474852e-05,0.00000000e+00,0.00000000e+00,7.60688343e-05,1.12696845e-05,0.00000000e+00,0.00000000e+00,5.10819487e-01,1.77756450e-02,2.00575044e+03,8.13074345e+01,4.53499624e-04,2.24546668e-05,0.00000000e+00,0.00000000e+00,3.57020000e+00,5.91418150e-02
8.48500000e+01,3.79172696e-04,1.61469876e-05,0.00000000e+00,0.00000000e+00,6.28029043e-05,4.52369964e-06,0.00000000e+00,0.00000000e+00,5.07831216e-01,1.70641961e-02,2.00747302e+03,7.97549801e+01,4.41974130e-04,1.82089737e-05,0.00000000e+00,0.00000000e+00,0.00000000e+00,0.00000000e+00
8.49500000e+01,3.83745833e-04,1.63774539e-05,0.00000000e+00,0.00000000e+00,6.30614205e-05,4.98159961e-06,0.00000000e+00,0.00000000e+00,5.14940213e-01,1.93105194e-02,2.03180838e+03,8.15420857e+01,4.46805784e-04,1.88056658e-05,0.00000000e+00,0.00000000e+00,3.56480000e+00,5.73184730e-02
8.50500000e+01,3.81805867e-04,1.63681902e-05,0.00000000e+00,0.00000000e+00,7.26681338e-05,8.60468661e-06,0.00000000e+00,0.00000000e+00,5.08146629e-01,1.75958633e-02,2.02252444e+03,8.18883996e+01,4.54472531e-04,2.02329353e-05,0.00000000e+00,0.00000000e+00,0.00000000e+00,0.00000000e+00
8.51500000e+01,3.82429732e-04,1.63491561e-05,0.00000000e+00,0.00000000e+00,6.63760425e-05,7.80625200e-06,0.00000000e+00,0.00000000e+00,5.07079491e-01,1.67456401e-02,2.02314080e+03,8.09425878e+01,4.48805037e-04,2.02493427e-05,0.00000000e+00,0.00000000e+00,3.55740000e+00,5.69007801e-02
8.52500000e+01,3.82136284e-04,1.56236060e-05,0.00000000e+00,0.00000000e+00,6.87539865e-05,7.08327641e-06,0.00000000e+00,0.00000000e+00,5.07923009e-01,1.53688493e-02,2.02180815e+03,7.71324127e+01,4.50889564e-04,1.81231498e-05,0.00000000e+00,0.00000000e+00,0.00000000e+00,0.00000000e+00
8.53500000e+01,3.96759033e-04,2.19278148e-05,0.00000000e+00,0.00000000e+00,6.70688759e-05,5.85936578e-06,0.00000000e+00,0.00000000e+00,5.08423231e-01,1.41711963e-02,2.08795230e+03,1.04585432e+02,4.63827203e-04,2.39875537e-05,0.00000000e+00,0.00000000e+00,3.54540000e+00,5.69003497e-02
8.54500000e+01,3.75637552e-04,1.61439713e-05,0.00000000e+00,0.00000000e+00,7.63672993e-05,1.08532589e-05,0.00000000e+00,0.00000000e+00,5.02959404e-01,1.43294875e-02,1.98502222e+03,7.84594430e+01,4.52004145e-04,2.31675025e-05,0.00000000e+00,0.00000000e+00,0.00000000e+00,0.00000000e+00
8.55500000e+01,3.77830574e-04,1.75087171e-05,0.00000000e+00,0.00000000e+00,1.14263413e-04,3.18231610e-05,0.00000000e+00,0.00000000e+00,4.99914256e-01,1.62525426e-02,1.99156633e+03,8.55904190e+01,4.92093280e-04,4.10891565e-05,0.00000000e+00,0.00000000e+00,3.53360000e+00,5.66527266e-02
8.56500000e+01,3.79390556e-04,1.66310241e-05,0.00000000e+00,0.00000000e+00,1.13838240e-04,2.84213244e-05,0.00000000e+00,0.00000000e+00,4.99549376e-01,1.61202102e-02,2.00136946e+03,8.17503517e+01,4.93228090e-04,3.69593957e-05,0.00000000e+00,0.00000000e+00,0.00000000e+00,0.00000000e+00
8.57500000e+01,3.75172946e-04,1.68356525e-05,0.00000000e+00,0.00000000e+00,9.80140528e-05,2.21153174e-05,0.00000000e+00,0.00000000e+00,4.88834178e-01,1.52455126e-02,1.97700260e+03,8.30501824e+01,4.73186292e-04,3.00845627e-05,0.00000000e+00,0.00000000e+00,3.52060000e+00,5.51424204e-02
8.58500000e+01,3.74443139e-04,1.66984076e-05,0.00000000e+00,0.00000000e+00,1.01602813e-04,2.21402351e-05,0.00000000e+00,0.00000000e+00,4.87978922e-01,1.49662474e-02,1.97162992e+03,8.17000988e+01,4.76045246e-04,3.05449523e-05,0.00000000e+00,0.00000000e+00,0.00000000e+00,0.00000000e+00
8.59500000e+01,3.63720694e-04,1.59118270e-05,0.00000000e+00,0.00000000e+00,8.09377764e-05,1.37913161e-05,0.00000000e+00,0.00000000e+00,4.84263867e-01,1.49948656e-02,1.92342751e+03,7.84393871e+01,4.44657764e-04,2.19254525e-05,0.00000000e+00,0.00000000e+00,3.50340000e+00,5.61620178e-02
8.60500000e+01,3.58673818e-04,1.57600446e-05,0.00000000e+00,0.00000000e+00,8.41395914e-05,1.98916273e-05,0.00000000e+00,0.00000000e+00,4.79800913e-01,1.49960988e-02,1.90385832e+03,7.88688487e+01,4.42812702e-04,2.47668585e-05,0.00000000e+00,0.00000000e+00,0.00000000e+00,0.00000000e+00
8.61500000e+01,3.55981587e-04,1.57783768e-05,0.00000000e+00,0.00000000e+00,8.54334901e-05,1.99455890e-05,0.00000000e+00,0.00000000e+00,4.77551408e-01,1.48199620e-02,1.88710212e+03,7.80936255e+01,4.41414371e-04,2.50520471e-05,0.00000000e+00,0.00000000e+00,3.48680000e+00,5.70559625e-02
8.62500000e+01,3.61879718e-04,1.56233381e-05,0.00000000e+00,0.00000000e+00,8.90899475e-05,2.00547775e-05,0.00000000e+00,0.00000000e+00,4.83518438e-01,1.46786833e-02,1.91935386e+03,7.68335142e+01,4.50968958e-04,2.51180750e-05,0.00000000e+00,0.00000000e+00,0.00000000e+00,0.00000000e+00
8.63500000e+01,3.69111969e-04,1.58045531e-05,0.00000000e+00,0.00000000e+00,8.65784721e-05,1.98120576e-05,0.00000000e+00,0.00000000e+00,4.84477445e-01,1.60975428e-02,1.94773223e+03,7.83551849e+01,4.55689734e-04,2.47502937e-05,0.00000000e+00,0.00000000e+00,3.46720000e+00,5.61608768e-02
8.64500000e+01,3.73685715e-04,1.64194236e-05,0.00000000e+00,0.00000000e+00,8.10178702e-05,1.67978866e-05,0.00000000e+00,0.00000000e+00,4.88402759e-01,1.57673217e-02,1.96705377e+03,8.02565664e+01,4.54702879e-04,2.27601740e-05,0.00000000e+00,0.00000000e+00,0.00000000e+00,0.00000000e+00
8.65500000e+01,3.67052302e-04,1.76721261e-05,0.00000000e+00,0.00000000e+00,7.33040209e-05,1.24335439e-05,0.00000000e+00,0.00000000e+00,4.80138963e-01,1.66147631e-02,1.93805698e+03,8.71342666e+01,4.40355616e-04,2.16589801e-05,0.00000000e+00,0.00000000e+00,3.44620000e+00,5.56929556e-02
8.66500000e+01,3.58022825e-04,1.47140825e-05,0.00000000e+00,0.00000000e+00,7.21913974e-05,9.44209050e-06,0.00000000e+00,0.00000000e+00,4.77420814e-01,1.55251978e-02,1.90246309e+03,7.43078384e+01,4.30213516e-04,1.94120223e-05,0.00000000e+00,0.00000000e+00,0.00000000e+00,0.00000000e+00
8.67500000e+01,3.60471793e-04,1.53941131e-05,0.00000000e+00,0.00000000e+00,6.31875169e-05,5.60009336e-06,0.00000000e+00,0.00000000e+00,4.72241765e-01,1.39840552e-02,1.90844755e+03,7.56182166e+01,4.23658603e-04,1.77193070e-05,0.00000000e+00,0.00000000e+00,3.44860000e+00,5.58438128e-02
8.68500000e+01,3.57958749e-04,1.52785843e-05,0.00000000e+00,0.00000000e+00,6.76675603e-05,7.94059473e-06,0.00000000e+00,0.00000000e+00,4.68560773e-01,1.41984446e-02,1.89055509e+03,7.51208152e+01,4.25625603e-04,1.76140883e-05,0.00000000e+00,0.00000000e+00,0.00000000e+00,0.00000000e+00
8.69500000e+01,3.58420948e-04,1.50665869e-05,0.00000000e+00,0.00000000e+00,7.31090205e-05,1.01654262e-05,0.00000000e+00,0.00000000e+00,4.68128808e-01,1.45506983e-02,1.89181845e+03,7.42101012e+01,4.31529261e-04,1.89801032e-05,0.00000000e+00,0.00000000e+00,3.42480000e+00,5.52162650e-02
8.70500000e+01,3.61180654e-04,1.64566917e-05,0.00000000e+00,0.00000000e+00,7.15886179e-05,1.00515248e-05,0.00000000e+00,0.00000000e+00,4.74751760e-01,1.49227289e-02,1.90734323e+03,8.04630944e+01,4.32768678e-04,2.01090847e-05,0.00000000e+00,0.00000000e+00,0.00000000e+00,0.00000000e+00
8.71500000e+01,3.56647750e-04,1.53180892e-05,0.00000000e+00,0.00000000e+00,7.24744043e-05,1.00090813e-05,0.00000000e+00,0.00000000e+00,4.67254402e-01,1.43464121e-02,1.88297422e+03,7.51416420e+01,4.29121966e-04,1.95730332e-05,0.00000000e+00,0.00000000e+00,3.41200000e+00,5.51413767e-02
8.72500000e+01,3.57275011e-04,1.46040055e-05,0.00000000e+00,0.00000000e+00,6.50314749e-05,8.16987926e-06,0.00000000e+00,0.00000000e+00,4.60269204e-01,1.30565948e-02,1.88262142e+03,7.15548327e+01,4.22306297e-04,1.71752779e-05,0.00000000e+00,0.00000000e+00,0.00000000e+00,0.00000000e+00
8.73500000e+01,3.63735496e-04,1.53389721e-05,0.00000000e+00,0.00000000e+00,6.87934853e-05,8.16676560e-06,0.00000000e+00,0.00000000e+00,4.65333046e-01,1.35482273e-02,1.91506300e+03,7.57288108e+01,4.32528793e-04,1.78805151e-05,0.00000000e+00,0.00000000e+00,3.39120000e+00,5.44018607e-02
8.74500000e+01,3.72643458e-04,1.71149416e-05,0.00000000e+00,0.00000000e+00,6.85137704e-05,6.74516520e-06,0.00000000e+00,0.00000000e+00,4.72354398e-01,1.53078576e-02,1.95696791e+03,8.41114609e+01,4.41157040e-04,1.99697635e-05,0.00000000e+00,0.00000000e+00,0.00000000e+00,0.00000000e+00
8.75500000e+01,3.81678604e-04,1.88335717e-05,0.00000000e+00,0.00000000e+00,8.90895127e-05,2.10653449e-05,0.00000000e+00,0.00000000e+00,4.75084265e-01,1.51854127e-02,2.00054863e+03,9.23681718e+01,4.70767928e-04,3.14270989e-05,0.00000000e+00,0.00000000e+00,3.36340000e+00,5.35114788e-02
8.76500000e+01,3.63148312e-04,1.70212971e-05,0.00000000e+00,0.00000000e+00,9.69873585e-05,2.25235466e-05,0.00000000e+00,0.00000000e+00,4.62775410e-01,1.44260955e-02,1.90370054e+03,8.32308277e+01,4.60135482e-04,3.05158325e-05,0.00000000e+00,0.00000000e+00,0.00000000e+00,0.00000000e+00
8.77500000e+01,3.54716046e-04,1.59903420e-05,0.00000000e+00,0.00000000e+00,9.09170359e-05,2.10824146e-05,0.00000000e+00,0.00000000e+00,4.67285146e-01,1.36618416e-02,1.86956443e+03,7.86284829e+01,4.45632894e-04,2.92163526e-05,0.00000000e+00,0.00000000e+00,3.35140000e+00,5.29774769e-02
8.78500000e+01,3.57709907e-04,1.65726660e-05,0.00000000e+00,0.00000000e+00,8.12685370e-05,2.00032325e-05,0.00000000e+00,0.00000000e+00,4.66889526e-01,1.38442404e-02,1.88371928e+03,8.10127111e+01,4.38978256e-04,2.89595027e-05,0.00000000e+00,0.00000000e+00,0.00000000e+00,0.00000000e+00
8.79500000e+01,3.52829811e-04,1.70052419e-05,0.00000000e+00,0.00000000e+00,7.38181672e-05,1.07402748e-05,0.00000000e+00,0.00000000e+00,4.60760502e-01,1.40519142e-02,1.85563776e+03,8.32329747e+01,4.26647790e-04,2.21686534e-05,0.00000000e+00,0.00000000e+00,3.33540000e+00,5.26639016e-02
8.80500000e+01,3.52798519e-04,1.66433675e-05,0.00000000e+00,0.00000000e+00,7.66028048e-05,1.35933357e-05,0.00000000e+00,0.00000000e+00,4.57303337e-01,1.55526672e-02,1.85251186e+03,8.19400516e+01,4.29401136e-04,2.22203045e-05,0.00000000e+00,0.00000000e+00,0.00000000e+00,0.00000000e+00
8.81500000e+01,3.58540585e-04,1.61687611e-05,0.00000000e+00,0.00000000e+00,6.55405878e-05,6.59425936e-06,0.00000000e+00,0.00000000e+00,4.59913624e-01,1.51650182e-02,1.87996383e+03,7.96854437e+01,4.24080985e-04,1.87845938e-05,0.00000000e+00,0.00000000e+00,3.32140000e+00,5.25776471e-02
8.82500000e+01,3.56375532e-04,1.67005273e-05,0.00000000e+00,0.00000000e+00,6.20762701e-05,6.19840848e-06,0.00000000e+00,0.00000000e+00,4.55207078e-01,1.46326263e-02,1.86916680e+03,8.24106586e+01,4.18451614e-04,1.89317555e-05,0.00000000e+00,0.00000000e+00,0.00000000e+00,0.00000000e+00
8.83500000e+01,3.60721769e-04,1.75187548e-05,0.00000000e+00,0.00000000e+00,6.48541991e-05,6.73988494e-06,0.00000000e+00,0.00000000e+00,4.59232133e-01,1.60307437e-02,1.89252573e+03,8.74113822e+01,4.25575780e-04,1.97233145e-05,0.00000000e+00,0.00000000e+00,3.30740000e+00,5.31726568e-02
8.84500000e+01,3.64559317e-04,1.72481759e-05,0.00000000e+00,0.00000000e+00,7.33514384e-05,1.02009019e-05,0.00000000e+00,0.00000000e+00,4.60432112e-01,1.55138772e-02,1.90771654e+03,8.53464504e+01,4.37910567e-04,2.04333508e-05,0.00000000e+00,0.00000000e+00,0.00000000e+00,0.00000000e+00
8.85500000e+01,3.71969423e-04,1.81515630e-05,0.00000000e+00,0.00000000e+00,6.97162474e-05,7.96522569e-06,0.00000000e+00,0.00000000e+00,4.67980301e-01,1.68322725e-02,1.94516070e+03,9.00361059e+01,4.41685482e-04,2.05329111e-05,0.00000000e+00,0.00000000e+00,3.28620000e+00,5.35170314e-02
8.86500000e+01,3.70778057e-04,2.03471665e-05,0.00000000e+00,0.00000000e+00,6.83621741e-05,7.80073909e-06,0.00000000e+00,0.00000000e+00,4.63732657e-01,1.61268943e-02,1.93633658e+03,9.95552055e+01,4.39140043e-04,2.23244068e-05,0.00000000e+00,0.00000000e+00,0.00000000e+00,0.00000000e+00
8.87500000e+01,3.71011715e-04,1.92696286e-05,0.00000000e+00,0.00000000e+00,7.42051837e-05,8.23165286e-06,0.00000000e+00,0.00000000e+00,4.62512212e-01,1.62012752e-02,1.93818764e+03,9.46592531e+01,4.45216710e-04,2.10463834e-05,0.00000000e+00,0.00000000e+00,3.27680000e+00,5.38186221e-02
8.88500000e+01,3.73472520e-04,1.96243055e-05,0.00000000e+00,0.00000000e+00,7.15131767e-05,7.87981810e-06,0.00000000e+00,0.00000000e+00,4.63425150e-01,1.87086568e-02,1.94722528e+03,9.72509468e+01,4.44985508e-04,2.11556432e-05,0.00000000e+00,0.00000000e+00,0.00000000e+00,0.00000000e+00
8.89500000e+01,3.62893329e-04,1.83172818e-05,0.00000000e+00,0.00000000e+00,7.61552078e-05,8.87567567e-06,0.00000000e+00,0.00000000e+00,4.59478177e-01,1.77895390e-02,1.89902075e+03,9.11309422e+01,4.39048351e-04,2.06030174e-05,0.00000000e+00,0.00000000e+00,3.26760000e+00,5.44490475e-02
8.90500000e+01,3.62695173e-04,1.82135575e-05,0.00000000e+00,0.00000000e+00,8.12110210e-05,1.03662159e-05,0.00000000e+00,0.00000000e+00,4.55072446e-01,1.62763028e-02,1.89895482e+03,9.01434482e+01,4.43906016e-04,2.12485126e-05,0.00000000e+00,0.00000000e+00,0.00000000e+00,0.00000000e+00
8.91500000e+01,3.59917394e-04,1.68113210e-05,0.00000000e+00,0.00000000e+00,8.22421304e-05,1.00754150e-05,0.00000000e+00,0.00000000e+00,4.49404001e-01,1.49179282e-02,1.88470286e+03,8.37039161e+01,4.42159346e-04,1.98910814e-05,0.00000000e+00,0.00000000e+00,3.26080000e+00,5.50545852e-02
8.92500000e+01,3.57017382e-04,1.70041822e-05,0.00000000e+00,0.00000000e+00,8.59060028e-05,1.11242519e-05,0.00000000e+00,0.00000000e+00,4.46633300e-01,1.56922781e-02,1.86287726e+03,8.44247912e+01,4.42923206e-04,2.15782860e-05,0.00000000e+00,0.00000000e+00,0.00000000e+00,0.00000000e+00
8.93500000e+01,3.59603745e-04,1.64907342e-05,0.00000000e+00,0.00000000e+00,8.10977540e-05,9.71484360e-06,0.00000000e+00,0.00000000e+00,4.47475247e-01,1.59213575e-02,1.87827661e+03,8.18579502e+01,4.40701320e-04,2.03670883e-05,0.00000000e+00,0.00000000e+00,3.24900000e+00,5.52761158e-02
8.94500000e+01,3.63918945e-04,1.72972289e-05,0.00000000e+00,0.00000000e+00,7.16414821e-05,8.50315532e-06,0.00000000e+00,0.00000000e+00,4.50565950e-01,1.60558466e-02,1.90091293e+03,8.50500098e+01,4.35560248e-04,2.02536017e-05,0.00000000e+00,0.00000000e+00,0.00000000e+00,0.00000000e+00
8.95500000e+01,3.71608428e-04,1.76278984e-05,0.00000000e+00,0.00000000e+00,6.78328617e-05,7.24569964e-06,0.00000000e+00,0.00000000e+00,4.52201511e-01,1.64800038e-02,1.93974903e+03,8.69577034e+01,4.39441112e-04,1.99434662e-05,0.00000000e+00,0.00000000e+00,3.24000000e+00,5.51406365e-02
8.96500000e+01,3.80498395e-04,1.78605591e-05,0.00000000e+00,0.00000000e+00,6.94409450e-05,7.41072828e-06,0.00000000e+00,0.00000000e+00,4.55998799e-01,1.60801015e-02,1.97766996e+03,8.75948899e+01,4.49939162e-04,2.05150265e-05,0.00000000e+00,0.00000000e+00,0.00000000e+00,0.00000000e+00
8.97500000e+01,3.69592887e-04,1.82724068e-05,0.00000000e+00,0.00000000e+00,7.35455391e-05,1.14631700e-05,0.00000000e+00,0.00000000e+00,4.47041485e-01,1.74450358e-02,1.91956836e+03,9.15467853e+01,4.43138247e-04,2.20011467e-05,0.00000000e+00,0.00000000e+00,3.22560000e+00,5.50503740e-02
8.98500000e+01,3.65772397e-04,1.80015935e-05,0.00000000e+00,0.00000000e+00,6.64448001e-05,7.43452044e-06,0.00000000e+00,0.00000000e+00,4.43297086e-01,1.75546267e-02,1.90129469e+03,8.94840635e+01,4.32217019e-04,2.16955098e-05,0.00000000e+00,0.00000000e+00,0.00000000e+00,0.00000000e+00
8.99500000e+01,3.75638239e-04,1.92744324e-05,0.00000000e+00,0.00000000e+00,8.48881877e-05,1.35999434e-05,0.00000000e+00,0.00000000e+00,4.51667852e-01,1.77465565e-02,1.95339014e+03,9.60833051e+01,4.60526248e-04,2.68283471e-05,0.00000000e+00,0.00000000e+00,3.20880000e+00,5.48278493e-02
9.00500000e+01,3.77634848e-04,2.14611696e-05,0.00000000e+00,0.00000000e+00,7.72957519e-05,1.05285421e-05,0.00000000e+00,0.00000000e+00,4.48221092e-01,1.90353094e-02,1.95840344e+03,1.06866179e+02,4.54930421e-04,2.62001272e-05,0.00000000e+00,0.00000000e+00,0.00000000e+00,0.00000000e+00
9.01500000e+01,3.74134828e-04,2.05261476e-05,0.00000000e+00,0.00000000e+00,7.84870115e-05,1.17599972e-05,0.00000000e+00,0.00000000e+00,4.44522535e-01,1.77253162e-02,1.94096677e+03,1.02291432e+02,4.52621661e-04,2.82489689e-05,0.00000000e+00,0.00000000e+00,3.19720000e+00,5.44179142e-02
9.02500000e+01,3.80609351e-04,2.21040601e-05,0.00000000e+00,0.00000000e+00,6.77738436e-05,8.51658223e-06,0.00000000e+00,0.00000000e+00,4.41690294e-01,1.65825670e-02,1.97009021e+03,1.08876791e+02,4.48383016e-04,2.62917358e-05,0.00000000e+00,0.00000000e+00,0.00000000e+00,0.00000000e+00
9.03500000e+01,3.62788361e-04,1.86266227e-05,0.00000000e+00,0.00000000e+00,6.73324116e-05,8.29399055e-06,0.00000000e+00,0.00000000e+00,4.35651353e-01,1.63320592e-02,1.88402977e+03,9.25018125e+01,4.30120594e-04,2.23554214e-05,0.00000000e+00,0.00000000e+00,3.19000000e+00,5.55249530e-02
9.04500000e+01,3.65438128e-04,1.92782966e-05,0.00000000e+00,0.00000000e+00,7.13742142e-05,9.74328134e-06,0.00000000e+00,0.00000000e+00,4.39373852e-01,1.73710195e-02,1.89908238e+03,9.49374389e+01,4.36812164e-04,2.37599570e-05,0.00000000e+00,0.00000000e+00,0.00000000e+00,0.00000000e+00
9.05500000e+01,3.72013790e-04,2.01238992e-05,0.00000000e+00,0.00000000e+00,7.33211093e-05,1.20802067e-05,0.00000000e+00,0.00000000e+00,4.43639940e-01,1.74898759e-02,1.93184568e+03,9.87425614e+01,4.45334721e-04,2.50029896e-05,0.00000000e+00,0.00000000e+00,3.17260000e+00,5.55226080e-02
9.06500000e+01,3.57615762e-04,1.74246235e-05,0.00000000e+00,0.00000000e+00,8.55915458e-05,1.79326926e-05,0.00000000e+00,0.00000000e+00,4.31887925e-01,1.59286010e-02,1.86291234e+03,8.65715275e+01,4.43207129e-04,2.57576832e-05,0.00000000e+00,0.00000000e+00,0.00000000e+00,0.00000000e+00
9.07500000e+01,3.59059131e-04,1.86798263e-05,0.00000000e+00,0.00000000e+00,1.00523315e-04,2.82799732e-05,0.00000000e+00,0.00000000e+00,4.31679929e-01,1.59900911e-02,1.87270332e+03,9.21263364e+01,4.59582267e-04,3.46327818e-05,0.00000000e+00,0.00000000e+00,3.17000000e+00,5.54219436e-02
9.08500000e+01,3.52852453e-04,1.82564116e-05,0.00000000e+00,0.00000000e+00,8.47782971e-05,2.51658126e-05,0.00000000e+00,0.00000000e+00,4.33200087e-01,1.59970902e-02,1.84122141e+03,9.00012674e+01,4.37630571e-04,3.22694073e-05,0.00000000e+00,0.00000000e+00,0.00000000e+00,0.00000000e+00
9.09500000e+01,3.56027544e-04,1.91665127e-05,0.00000000e+00,0.00000000e+00,8.47514956e-05,2.32490772e-05,0.00000000e+00,0.00000000e+00,4.30236860e-01,1.65183730e-02,1.85140013e+03,9.46453167e+01,4.40778861e-04,3.12603063e-05,0.00000000e+00,0.00000000e+00,3.15520000e+00,5.54199110e-02
9.10500000e+01,3.60347334e-04,1.97893359e-05,0.00000000e+00,0.00000000e+00,6.50639899e-05,8.87523584e-06,0.00000000e+00,0.00000000e+00,4.30831421e-01,1.60226850e-02,1.87220427e+03,9.80134264e+01,4.25411145e-04,2.35602047e-05,0.00000000e+00,0.00000000e+00,0.00000000e+00,0.00000000e+00
9.11500000e+01,3.77786483e-04,2.04260218e-05,0.00000000e+00,0.00000000e+00,8.05691053e-05,1.23251739e-05,0.00000000e+00,0.00000000e+00,4.46083385e-01,1.66562412e-02,1.95678302e+03,1.00972890e+02,4.58355410e-04,2.57608035e-05,0.00000000e+00,0.00000000e+00,3.14460000e+00,5.57525217e-02
9.12500000e+01,3.75631633e-04,2.12883712e-05,0.00000000e+00,0.00000000e+00,8.69362449e-05,1.58241234e-05,0.00000000e+00,0.00000000e+00,4.36639980e-01,1.69046979e-02,1.94410082e+03,1.05559450e+02,4.62567699e-04,2.72248589e-05,0.00000000e+00,0.00000000e+00,0.00000000e+00,0.00000000e+00
9.13500000e+01,3.64617646e-04,2.01740003e-05,0.00000000e+00,0.00000000e+00,8.55785814e-05,1.55718328e-05,0.00000000e+00,0.00000000e+00,4.31311535e-01,1.62153054e-02,1.89494476e+03,1.00739349e+02,4.50196048e-04,2.54854057e-05,0.00000000e+00,0.00000000e+00,3.12880000e+00,5.58808061e-02
9.14500000e+01,3.52340415e-04,1.74334224e-05,0.00000000e+00,0.00000000e+00,8.44721505e-05,1.53182660e-05,0.00000000e+00,0.00000000e+00,4.29362746e-01,1.56229832e-02,1.83487227e+03,8.68320261e+01,4.36812387e-04,2.30749953e-05,0.00000000e+00,0.00000000e+00,0.00000000e+00,0.00000000e+00
9.15500000e+01,3.49732851e-04,1.67698452e-05,0.00000000e+00,0.00000000e+00,8.26600932e-05,1.44020322e-05,0.00000000e+00,0.00000000e+00,4.27014187e-01,1.44690862e-02,1.82561050e+03,8.42241224e+01,4.32392765e-04,2.14717423e-05,0.00000000e+00,0.00000000e+00,3.11840000e+00,5.69871880e-02
9.16500000e+01,3.54181492e-04,1.85183034e-05,0.00000000e+00,0.00000000e+00,7.73071385e-05,1.36763115e-05,0.00000000e+00,0.00000000e+00,4.27479479e-01,1.54011289e-02,1.84572005e+03,9.24918940e+01,4.31488452e-04,2.27162307e-05,0.00000000e+00,0.00000000e+00,0.00000000e+00,0.00000000e+00
9.17500000e+01,3.56162051e-04,1.80467258e-05,0.00000000e+00,0.00000000e+00,7.35398645e-05,1.37694721e-05,0.00000000e+00,0.00000000e+00,4.26078474e-01,1.51053133e-02,1.85447185e+03,8.93656247e+01,4.29701737e-04,2.24988746e-05,0.00000000e+00,0.00000000e+00,3.10700000e+00,5.69949872e-02
9.18500000e+01,3.61305758e-04,1.69253351e-05,0.00000000e+00,0.00000000e+00,7.88737391e-05,1.52537668e-05,0.00000000e+00,0.00000000e+00,4.32558254e-01,1.47867181e-02,1.87814225e+03,8.41614344e+01,4.40179319e-04,2.27761932e-05,0.00000000e+00,0.00000000e+00,0.00000000e+00,0.00000000e+00
9.19500000e+01,3.61017547e-04,1.81436368e-05,0.00000000e+00,0.00000000e+00,8.76187592e-05,1.56487718e-05,0.00000000e+00,0.00000000e+00,4.35284349e-01,1.53524427e-02,1.88149388e+03,9.02676514e+01,4.48636127e-04,2.39284491e-05,0.00000000e+00,0.00000000e+00,3.10200000e+00,5.63139885e-02
9.20500000e+01,3.70130680e-04,1.83606728e-05,0.00000000e+00,0.00000000e+00,9.20733557e-05,1.74566705e-05,0.00000000e+00,0.00000000e+00,4.36572413e-01,1.40649667e-02,1.92414752e+03,9.06332945e+01,4.62203857e-04,2.52943954e-05,0.00000000e+00,0.00000000e+00,0.00000000e+00,0.00000000e+00
9.21500000e+01,3.68306297e-04,1.94315235e-05,0.00000000e+00,0.00000000e+00,8.99501578e-05,1.68772889e-05,0.00000000e+00,0.00000000e+00,4.34573104e-01,1.47612616e-02,1.91758188e+03,9.56208113e+01,4.58256276e-04,2.66881427e-05,0.00000000e+00,0.00000000e+00,3.08700000e+00,5.58439882e-02
9.22500000e+01,3.68273231e-04,1.90623727e-05,0.00000000e+00,0.00000000e+00,7.96739363e-05,1.51624674e-05,0.00000000e+00,0.00000000e+00,4.33349976e-01,1.43794047e-02,1.91522150e+03,9.33904494e+01,4.47946989e-04,2.46176612e-05,0.00000000e+00,0.00000000e+00,0.00000000e+00,0.00000000e+00
9.23500000e+01,3.68284053e-04,2.07910045e-05,0.00000000e+00,0.00000000e+00,7.51897653e-05,1.49195424e-05,0.00000000e+00,0.00000000e+00,4.32511159e-01,1.60684303e-02,1.91368615e+03,1.01751460e+02,4.43473640e-04,2.59888783e-05,0.00000000e+00,0.00000000e+00,3.07280000e+00,5.49129478e-02
9.24500000e+01,3.69746295e-04,2.12495706e-05,0.00000000e+00,0.00000000e+00,6.32876183e-05,8.24946287e-06,0.00000000e+00,0.00000000e+00,4.33951269e-01,1.60658835e-02,1.92068845e+03,1.04111939e+02,4.33033735e-04,2.45036023e-05,0.00000000e+00,0.00000000e+00,0.00000000e+00,0.00000000e+00
9.25500000e+01,3.58067637e-04,1.74789941e-05,0.00000000e+00,0.00000000e+00,6.71528101e-05,9.22357835e-06,0.00000000e+00,0.00000000e+00,4.29486119e-01,1.47571118e-02,1.86068917e+03,8.63381709e+01,4.25220268e-04,2.10026872e-05,0.00000000e+00,0.00000000e+00,3.05740000e+00,5.48733681e-02
9.26500000e+01,3.60413061e-04,1.74584301e-05,0.00000000e+00,0.00000000e+00,6.89939934e-05,9.33753625e-06,0.00000000e+00,0.00000000e+00,4.29529209e-01,1.48253465e-02,1.87126262e+03,8.52127147e+01,4.29406876e-04,2.11184475e-05,0.00000000e+00,0.00000000e+00,0.00000000e+00,0.00000000e+00
9.27500000e+01,3.59160714e-04,1.90234973e-05,0.00000000e+00,0.00000000e+00,9.46001320e-05,2.76290210e-05,0.00000000e+00,0.00000000e+00,4.20446982e-01,1.55145643e-02,1.86189037e+03,9.21292897e+01,4.53760667e-04,3.56018892e-05,0.00000000e+00,0.00000000e+00,3.04700000e+00,5.51785599e-02
9.28500000e+01,3.61143498e-04,1.82887115e-05,0.00000000e+00,0.00000000e+00,1.20875079e-04,4.64853021e-05,0.00000000e+00,0.00000000e+00,4.24619991e-01,1.53891259e-02,1.87534163e+03,8.87705855e+01,4.82018398e-04,5.13933613e-05,0.00000000e+00,0.00000000e+00,0.00000000e+00,0.00000000e+00
9.29500000e+01,3.63034751e-04,1.78269243e-05,0.00000000e+00,0.00000000e+00,7.56227704e-05,1.29045459e-05,0.00000000e+00,0.00000000e+00,4.24539680e-01,1.47285615e-02,1.88226725e+03,8.75942347e+01,4.38657343e-04,2.44084723e-05,0.00000000e+00,0.00000000e+00,3.04240000e+00,5.58244771e-02
9.30500000e+01,3.59315672e-04,1.82810191e-05,0.00000000e+00,0.00000000e+00,6.35310088e-05,1.09418823e-05,0.00000000e+00,0.00000000e+00,4.21046695e-01,1.54941616e-02,1.86061652e+03,9.00560063e+01,4.22846502e-04,2.51164547e-05,0.00000000e+00,0.00000000e+00,0.00000000e+00,0.00000000e+00
9.31500000e+01,3.61414789e-04,1.98837829e-05,0.00000000e+00,0.00000000e+00,5.47661433e-05,5.06306670e-06,0.00000000e+00,0.00000000e+00,4.17752221e-01,1.67794526e-02,1.86530315e+03,9.82749224e+01,4.16180753e-04,2.17345750e-05,0.00000000e+00,0.00000000e+00,3.04260000e+00,5.53923372e-02
9.32500000e+01,3.63075644e-04,1.88636626e-05,0.00000000e+00,0.00000000e+00,5.37775959e-05,5.07016446e-06,0.00000000e+00,0.00000000e+00,4.17485598e-01,1.57946072e-02,1.87256707e+03,9.30818965e+01,4.16853061e-04,2.01304674e-05,0.00000000e+00,0.00000000e+00,0.00000000e+00,0.00000000e+00
9.33500000e+01,3.60600667e-04,2.00848550e-05,0.00000000e+00,0.00000000e+00,5.25980420e-05,5.84039049e-06,0.00000000e+00,0.00000000e+00,4.14314802e-01,1.52806442e-02,1.85773200e+03,9.78568888e+01,4.13198530e-04,2.11006367e-05,0.00000000e+00,0.00000000e+00,3.02820000e+00,5.54953133e-02
9.34500000e+01,3.57920812e-04,1.84315129e-05,0.00000000e+00,0.00000000e+00,5.40776120e-05,6.51260431e-06,0.00000000e+00,0.00000000e+00,4.10254504e-01,1.53971655e-02,1.84562550e+03,9.00561227e+01,4.11998245e-04,2.00473227e-05,0.00000000e+00,0.00000000e+00,0.00000000e+00,0.00000000e+00
9.35500000e+01,3.52925570e-04,1.76293693e-05,0.00000000e+00,0.00000000e+00,6.88167867e-05,1.73406779e-05,0.00000000e+00,0.00000000e+00,4.09557689e-01,1.50797403e-02,1.81891260e+03,8.64163454e+01,4.21742178e-04,2.46318487e-05,0.00000000e+00,0.00000000e+00,3.02360000e+00,5.57902486e-02
9.36500000e+01,3.52443371e-04,1.90695815e-05,0.00000000e+00,0.00000000e+00,7.69655345e-05,1.83134380e-05,0.00000000e+00,0.00000000e+00,4.11814783e-01,1.68553329e-02,1.81627280e+03,9.38593927e+01,4.29408727e-04,2.75305534e-05,0.00000000e+00,0.00000000e+00,0.00000000e+00,0.00000000e+00
9.37500000e+01,3.46355861e-04,1.78463729e-05,0.00000000e+00,0.00000000e+00,5.91795410e-05,7.77338382e-06,0.00000000e+00,0.00000000e+00,4.08217006e-01,1.66005090e-02,1.78657995e+03,8.78922704e+01,4.05535223e-04,2.13597878e-05,0.00000000e+00,0.00000000e+00,3.00760000e+00,5.49177939e-02
9.38500000e+01,3.47128858e-04,2.04365031e-05,0.00000000e+00,0.00000000e+00,5.74099112e-05,6.86671752e-06,0.00000000e+00,0.00000000e+00,4.04224863e-01,1.67496707e-02,1.79212058e+03,1.00059735e+02,4.04538591e-04,2.37405896e-05,0.00000000e+00,0.00000000e+00,0.00000000e+00,0.00000000e+00
9.39500000e+01,3.43091214e-04,1.88234539e-05,0.00000000e+00,0.00000000e+00,4.86616535e-05,4.32945686e-06,0.00000000e+00,0.00000000e+00,3.95840556e-01,1.49397533e-02,1.77021446e+03,9.22325935e+01,3.91752689e-04,2.12220858e-05,0.00000000e+00,0.00000000e+00,2.99880000e+00,5.56018206e-02
9.40500000e+01,3.45136471e-04,1.88412661e-05,0.00000000e+00,0.00000000e+00,6.35855475e-05,1.42740107e-05,0.00000000e+00,0.00000000e+00,3.99740226e-01,1.56177757e-02,1.78298793e+03,9.29140487e+01,4.08721840e-04,2.35131556e-05,0.00000000e+00,0.00000000e+00,0.00000000e+00,0.00000000e+00
9.41500000e+01,3.47286862e-04,1.88046381e-05,0.00000000e+00,0.00000000e+00,5.09716989e-05,6.19709652e-06,0.00000000e+00,0.00000000e+00,4.01205876e-01,1.49251941e-02,1.79332181e+03,9.13711321e+01,3.98258383e-04,2.08505399e-05,0.00000000e+00,0.00000000e+00,2.99860000e+00,5.56160379e-02
9.42500000e+01,3.51035733e-04,2.23382954e-05,0.00000000e+00,0.00000000e+00,4.54937269e-05,4.06763347e-06,0.00000000e+00,0.00000000e+00,3.98853281e-01,1.59706673e-02,1.81293607e+03,1.07659357e+02,3.96529281e-04,2.40699889e-05,0.00000000e+00,0.00000000e+00,0.00000000e+00,0.00000000e+00
9.43500000e+01,3.49567876e-04,2.20768228e-05,0.00000000e+00,0.00000000e+00,4.61600719e-05,4.20282398e-06,0.00000000e+00,0.00000000e+00,3.95591369e-01,1.54887438e-02,1.80013213e+03,1.06547473e+02,3.95727769e-04,2.37026189e-05,0.00000000e+00,0.00000000e+00,2.99820000e+00,5.50351947e-02
9.44500000e+01,3.50356884e-04,1.80947427e-05,0.00000000e+00,0.00000000e+00,4.89398025e-05,4.84342208e-06,0.00000000e+00,0.00000000e+00,4.02576515e-01,1.60095106e-02,1.80319493e+03,8.78638187e+01,3.99296507e-04,2.02948458e-05,0.00000000e+00,0.00000000e+00,0.00000000e+00,0.00000000e+00
9.45500000e+01,3.43179724e-04,1.77362050e-05,0.00000000e+00,0.00000000e+00,6.12239377e-05,1.04753175e-05,0.00000000e+00,0.00000000e+00,3.98275768e-01,1.62883728e-02,1.77286141e+03,8.71454098e+01,4.04403483e-04,2.33429181e-05,0.00000000e+00,0.00000000e+00,2.98760000e+00,5.50773556e-02
9.46500000e+01,3.41997669e-04,1.88763527e-05,0.00000000e+00,0.00000000e+00,6.06743118e-05,9.90263511e-06,0.00000000e+00,0.00000000e+00,3.95027324e-01,1.63776743e-02,1.76578892e+03,9.18918066e+01,4.02671802e-04,2.40155122e-05,0.00000000e+00,0.00000000e+00,0.00000000e+00,0.00000000e+00
9.47500000e+01,3.37277830e-04,1.83494575e-05,0.00000000e+00,0.00000000e+00,5.67897712e-05,8.02213071e-06,0.00000000e+00,0.00000000e+00,3.92994857e-01,1.62721105e-02,1.74390159e+03,8.96736695e+01,3.94067422e-04,2.21628709e-05,0.00000000e+00,0.00000000e+00,2.97980000e+00,5.54848683e-02
9.48500000e+01,3.42933301e-04,1.92630508e-05,0.00000000e+00,0.00000000e+00,6.84104410e-05,1.04074271e-05,0.00000000e+00,0.00000000e+00,3.98046432e-01,1.63541372e-02,1.77265461e+03,9.42452466e+01,4.11343563e-04,2.39945333e-05,0.00000000e+00,0.00000000e+00,0.00000000e+00,0.00000000e+00
9.49500000e+01,3.48622321e-04,2.06727087e-05,0.00000000e+00,0.00000000e+00,6.70719813e-05,1.02208812e-05,0.00000000e+00,0.00000000e+00,4.01549224e-01,1.66907224e-02,1.79906072e+03,1.00829163e+02,4.15694123e-04,2.46519624e-05,0.00000000e+00,0.00000000e+00,2.96980000e+00,5.53486095e-02
9.50500000e+01,3.36624418e-04,1.94474310e-05,0.00000000e+00,0.00000000e+00,7.33900300e-05,1.16736124e-05,0.00000000e+00,0.00000000e+00,3.86792222e-01,1.60668812e-02,1.73918234e+03,9.49802368e+01,4.10014269e-04,2.62415447e-05,0.00000000e+00,0.00000000e+00,0.00000000e+00,0.00000000e+00
9.51500000e+01,3.40872315e-04,1.99444389e-05,0.00000000e+00,0.00000000e+00,8.57289588e-05,1.51185944e-05,0.00000000e+00,0.00000000e+00,3.89917831e-01,1.61151126e-02,1.76194989e+03,9.73574553e+01,4.26601094e-04,3.05423755e-05,0.00000000e+00,0.00000000e+00,2.95060000e+00,5.46188351e-02
9.52500000e+01,3.42944521e-04,1.81260347e-05,0.00000000e+00,0.00000000e+00,7.06481091e-05,1.25636413e-05,0.00000000e+00,0.00000000e+00,3.98016527e-01,1.61182656e-02,1.77489260e+03,8.84679801e+01,4.13592452e-04,2.60360560e-05,0.00000000e+00,0.00000000e+00,0.00000000e+00,0.00000000e+00
9.53500000e+01,3.38645593e-04,1.69495322e-05,0.00000000e+00,0.00000000e+00,6.03627675e-05,9.06229659e-06,0.00000000e+00,0.00000000e+00,3.95843865e-01,1.53424940e-02,1.75169137e+03,8.35324827e+01,3.99008182e-04,2.10120422e-05,0.00000000e+00,0.00000000e+00,2.94320000e+00,5.55157194e-02
9.54500000e+01,3.37332165e-04,1.80412431e-05,0.00000000e+00,0.00000000e+00,5.12298701e-05,5.72443731e-06,0.00000000e+00,0.00000000e+00,3.96897800e-01,1.70812321e-02,1.74845138e+03,8.86397764e+01,3.88561856e-04,2.05748501e-05,0.00000000e+00,0.00000000e+00,0.00000000e+00,0.00000000e+00
9.55500000e+01,3.47126854e-04,1.92678773e-05,0.00000000e+00,0.00000000e+00,5.11395110e-05,5.58207335e-06,0.00000000e+00,0.00000000e+00,4.05147756e-01,1.76992318e-02,1.79859639e+03,9.40167314e+01,3.98266186e-04,2.18257348e-05,0.00000000e+00,0.00000000e+00,2.93840000e+00,5.62627654e-02
9.56500000e+01,3.45890188e-04,1.90600115e-05,0.00000000e+00,0.00000000e+00,4.81739941e-05,5.51855230e-06,0.00000000e+00,0.00000000e+00,3.93976564e-01,1.67604375e-02,1.78781077e+03,9.27733566e+01,3.94064003e-04,2.16228963e-05,0.00000000e+00,0.00000000e+00,0.00000000e+00,0.00000000e+00
9.57500000e+01,3.41632278e-04,1.77076948e-05,0.00000000e+00,0.00000000e+00,4.68509143e-05,4.55032993e-06,0.00000000e+00,0.00000000e+00,3.90413250e-01,1.67317838e-02,1.76426009e+03,8.68038824e+01,3.88483013e-04,1.98291981e-05,0.00000000e+00,0.00000000e+00,2.93320000e+00,5.70416532e-02
9.58500000e+01,3.45442139e-04,1.71157883e-05,0.00000000e+00,0.00000000e+00,4.84464920e-05,4.62336637e-06,0.00000000e+00,0.00000000e+00,3.92210658e-01,1.56668444e-02,1.77878586e+03,8.35160658e+01,3.93888452e-04,1.95044033e-05,0.00000000e+00,0.00000000e+00,0.00000000e+00,0.00000000e+00
9.59500000e+01,3.42001461e-04,1.76288708e-05,0.00000000e+00,0.00000000e+00,4.94621673e-05,4.77574321e-06,0.00000000e+00,0.00000000e+00,3.94095716e-01,1.61871089e-02,1.76323149e+03,8.62172075e+01,3.91463449e-04,2.00890906e-05,0.00000000e+00,0.00000000e+00,2.92720000e+00,5.50221032e-02
9.60500000e+01,3.41897583e-04,1.80213729e-05,0.00000000e+00,0.00000000e+00,4.77844712e-05,4.55534695e-06,0.00000000e+00,0.00000000e+00,3.94654927e-01,1.67693366e-02,1.76343780e+03,8.81647396e+01,3.89681875e-04,2.05236393e-05,0.00000000e+00,0.00000000e+00,0.00000000e+00,0.00000000e+00
9.61500000e+01,3.40880848e-04,1.77535901e-05,0.00000000e+00,0.00000000e+00,4.61600399e-05,4.42848321e-06,0.00000000e+00,0.00000000e+00,3.91145035e-01,1.62098288e-02,1.75777854e+03,8.71582031e+01,3.87040709e-04,2.03312823e-05,0.00000000e+00,0.00000000e+00,2.91840000e+00,5.53359757e-02
9.62500000e+01,3.36609141e-04,1.63301659e-05,0.00000000e+00,0.00000000e+00,5.64506126e-05,1.37517083e-05,0.00000000e+00,0.00000000e+00,3.86233596e-01,1.59869163e-02,1.73543852e+03,8.11455658e+01,3.93059574e-04,2.34930936e-05,0.00000000e+00,0.00000000e+00,0.00000000e+00,0.00000000e+00
9.63500000e+01,3.36803737e-04,1.63188396e-05,0.00000000e+00,0.00000000e+00,4.18252944e-05,4.07032739e-06,0.00000000e+00,0.00000000e+00,3.87652519e-01,1.56493573e-02,1.74007098e+03,8.12865890e+01,3.78628852e-04,1.87403661e-05,0.00000000e+00,0.00000000e+00,2.90720000e+00,5.37181154e-02
9.64500000e+01,3.36051353e-04,1.56952932e-05,0.00000000e+00,0.00000000e+00,4.40637430e-05,4.41297826e-06,0.00000000e+00,0.00000000e+00,3.84906383e-01,1.52316189e-02,1.73412141e+03,7.78190058e+01,3.80114917e-04,1.83514331e-05,0.00000000e+00,0.00000000e+00,0.00000000e+00,0.00000000e+00
9.65500000e+01,3.38188350e-04,1.66085657e-05,0.00000000e+00,0.00000000e+00,4.23182363e-05,3.77593843e-06,0.00000000e+00,0.00000000e+00,3.80687003e-01,1.46311525e-02,1.74448040e+03,8.20605100e+01,3.80506407e-04,1.81300290e-05,0.00000000e+00,0.00000000e+00,2.89680000e+00,5.49191911e-02
9.66500000e+01,3.40257467e-04,1.65400496e-05,0.00000000e+00,0.00000000e+00,4.49920021e-05,4.60598515e-06,0.00000000e+00,0.00000000e+00,3.84107242e-01,1.66184759e-02,1.75444294e+03,8.16126416e+01,3.85249290e-04,1.85757111e-05,0.00000000e+00,0.00000000e+00,0.00000000e+00,0.00000000e+00
9.67500000e+01,3.52220058e-04,1.75694534e-05,0.00000000e+00,0.00000000e+00,5.38792600e-05,8.70982895e-06,0.00000000e+00,0.00000000e+00,3.87117412e-01,1.56085269e-02,1.81167361e+03,8.58918102e+01,4.06099139e-04,2.21224683e-05,0.00000000e+00,0.00000000e+00,2.88940000e+00,5.46068770e-02
9.68500000e+01,3.41204533e-04,1.56457262e-05,0.00000000e+00,0.00000000e+00,4.98549119e-05,5.37034501e-06,0.00000000e+00,0.00000000e+00,3.82949988e-01,1.50279213e-02,1.76112030e+03,7.72830261e+01,3.91059266e-04,1.76898103e-05,0.00000000e+00,0.00000000e+00,0.00000000e+00,0.00000000e+00
9.69500000e+01,3.44819556e-04,1.49301194e-05,0.00000000e+00,0.00000000e+00,5.76628705e-05,7.78695342e-06,0.00000000e+00,0.00000000e+00,3.88145430e-01,1.45538416e-02,1.77570182e+03,7.29624570e+01,4.02482247e-04,1.61214694e-05,0.00000000e+00,0.00000000e+00,2.89100000e+00,5.38207531e-02
9.70500000e+01,3.43070769e-04,1.56328696e-05,0.00000000e+00,0.00000000e+00,5.50320687e-05,6.82114156e-06,0.00000000e+00,0.00000000e+00,3.83759348e-01,1.58104641e-02,1.76638133e+03,7.72915989e+01,3.98102658e-04,1.85631268e-05,0.00000000e+00,0.00000000e+00,0.00000000e+00,0.00000000e+00
9.71500000e+01,3.53643815e-04,1.81380312e-05,0.00000000e+00,0.00000000e+00,5.82820392e-05,7.25425173e-06,0.00000000e+00,0.00000000e+00,3.84750962e-01,1.41761988e-02,1.81738437e+03,8.87291385e+01,4.11925675e-04,2.06505001e-05,0.00000000e+00,0.00000000e+00,2.87540000e+00,5.37007658e-02
9.72500000e+01,3.52200984e-04,1.78426771e-05,0.00000000e+00,0.00000000e+00,5.99517661e-05,7.21394664e-06,0.00000000e+00,0.00000000e+00,3.82314194e-01,1.43695358e-02,1.80811542e+03,8.72500617e+01,4.12152571e-04,2.02771932e-05,0.00000000e+00,0.00000000e+00,0.00000000e+00,0.00000000e+00
9.73500000e+01,3.49649964e-04,1.73149122e-05,0.00000000e+00,0.00000000e+00,5.85822311e-05,6.88088467e-06,0.00000000e+00,0.00000000e+00,3.81727076e-01,1.36665346e-02,1.80024232e+03,8.42186969e+01,4.08232016e-04,2.04943682e-05,0.00000000e+00,0.00000000e+00,2.87900000e+00,5.44060696e-02
9.74500000e+01,3.36759357e-04,1.53284704e-05,0.00000000e+00,0.00000000e+00,5.80873843e-05,6.91523615e-06,0.00000000e+00,0.00000000e+00,3.80861436e-01,1.32996565e-02,1.73990980e+03,7.56625042e+01,3.94846563e-04,1.87878071e-05,0.00000000e+00,0.00000000e+00,0.00000000e+00,0.00000000e+00
9.75500000e+01,3.33305027e-04,1.56352606e-05,0.00000000e+00,0.00000000e+00,6.01990357e-05,6.98365996e-06,0.00000000e+00,0.00000000e+00,3.77728907e-01,1.31167456e-02,1.72060303e+03,7.64625844e+01,3.93503874e-04,1.90481465e-05,0.00000000e+00,0.00000000e+00,2.85540000e+00,5.32205346e-02
9.76500000e+01,3.27610873e-04,1.53240881e-05,0.00000000e+00,0.00000000e+00,6.51166812e-05,7.52508315e-06,0.00000000e+00,0.00000000e+00,3.73401278e-01,1.37118606e-02,1.69239836e+03,7.58195869e+01,3.92727358e-04,1.96004869e-05,0.00000000e+00,0.00000000e+00,0.00000000e+00,0.00000000e+00
9.77500000e+01,3.23046387e-04,1.47042995e-05,0.00000000e+00,0.00000000e+00,6.40836427e-05,7.76598535e-06,0.00000000e+00,0.00000000e+00,3.67027771e-01,1.31994360e-02,1.66694876e+03,7.30682787e+01,3.87129834e-04,1.87127239e-05,0.00000000e+00,0.00000000e+00,2.84140000e+00,5.38311874e-02
9.78500000e+01,3.41518100e-04,2.02963868e-05,0.00000000e+00,0.00000000e+00,6.57434657e-05,8.42981642e-06,0.00000000e+00,0.00000000e+00,3.81649883e-01,1.40433995e-02,1.75616642e+03,9.85821684e+01,4.07261370e-04,2.41467267e-05,0.00000000e+00,0.00000000e+00,0.00000000e+00,0.00000000e+00
9.79500000e+01,3.30903172e-04,1.45658447e-05,0.00000000e+00,0.00000000e+00,6.21603069e-05,8.54275536e-06,0.00000000e+00,0.00000000e+00,3.76406648e-01,1.34468173e-02,1.70630593e+03,7.22722435e+01,3.93063283e-04,1.94547828e-05,0.00000000e+00,0.00000000e+00,2.83220000e+00,5.44503444e-02
9.80500000e+01,3.32909650e-04,1.44842928e-05,0.00000000e+00,0.00000000e+00,5.67187208e-05,6.76724534e-06,0.00000000e+00,0.00000000e+00,3.71637668e-01,1.28475667e-02,1.71018998e+03,7.08038234e+01,3.89628176e-04,1.82408409e-05,0.00000000e+00,0.00000000e+00,0.00000000e+00,0.00000000e+00
9.81500000e+01,3.26197164e-04,1.34313239e-05,0.00000000e+00,0.00000000e+00,6.40004175e-05,8.66463069e-06,0.00000000e+00,0.00000000e+00,3.67968852e-01,1.22742182e-02,1.68009202e+03,6.57618562e+01,3.90197386e-04,1.86432215e-05,0.00000000e+00,0.00000000e+00,2.82860000e+00,5.34812651e-02
9.82500000e+01,3.25671438e-04,1.30466055e-05,0.00000000e+00,0.00000000e+00,6.12845589e-05,7.68559072e-06,0.00000000e+00,0.00000000e+00,3.65502154e-01,1.21409871e-02,1.67981000e+03,6.33716439e+01,3.86955801e-04,1.72859933e-05,0.00000000e+00,0.00000000e+00,0.00000000e+00,0.00000000e+00
9.83500000e+01,3.27661055e-04,1.57745496e-05,0.00000000e+00,0.00000000e+00,6.11281938e-05,7.41352009e-06,0.00000000e+00,0.00000000e+00,3.63877910e-01,1.26224337e-02,1.68891696e+03,7.62227943e+01,3.88789053e-04,1.93438678e-05,0.00000000e+00,0.00000000e+00,2.82120000e+00,5.39346846e-02
9.84500000e+01,3.25579188e-04,1.47218284e-05,0.00000000e+00,0.00000000e+00,4.89208368e-05,5.97216154e-06,0.00000000e+00,0.00000000e+00,3.61168755e-01,1.34166898e-02,1.67396497e+03,7.20121449e+01,3.74499829e-04,1.77526141e-05,0.00000000e+00,0.00000000e+00,0.00000000e+00,0.00000000e+00
9.85500000e+01,3.18696471e-04,1.31480301e-05,0.00000000e+00,0.00000000e+00,4.99877025e-05,7.21488667e-06,0.00000000e+00,0.00000000e+00,3.63337264e-01,1.35683525e-02,1.64482874e+03,6.48339208e+01,3.68683978e-04,1.58873965e-05,0.00000000e+00,0.00000000e+00,2.80100000e+00,5.38700250e-02
9.86500000e+01,3.20019770e-04,1.68601694e-05,0.00000000e+00,0.00000000e+00,4.71848961e-05,5.64577683e-06,0.00000000e+00,0.00000000e+00,3.63551914e-01,1.42523134e-02,1.65257130e+03,8.35147997e+01,3.67204471e-04,1.83031469e-05,0.00000000e+00,0.00000000e+00,0.00000000e+00,0.00000000e+00
9.87500000e+01,3.10371733e-04,1.37614340e-05,0.00000000e+00,0.00000000e+00,5.10684477e-05,6.59168513e-06,0.00000000e+00,0.00000000e+00,3.54485517e-01,1.31822008e-02,1.60141550e+03,6.77358783e+01,3.61439985e-04,1.70033096e-05,0.00000000e+00,0.00000000e+00,2.79580000e+00,5.37173935e-02
9.88500000e+01,3.21994694e-04,1.48727120e-05,0.00000000e+00,0.00000000e+00,5.87515638e-05,8.47314652e-06,0.00000000e+00,0.00000000e+00,3.65337366e-01,1.36880432e-02,1.66056716e+03,7.22687148e+01,3.80746062e-04,1.88322273e-05,0.00000000e+00,0.00000000e+00,0.00000000e+00,0.00000000e+00
9.89500000e+01,3.17741709e-04,1.48772366e-05,0.00000000e+00,0.00000000e+00,5.56770564e-05,8.08388259e-06,0.00000000e+00,0.00000000e+00,3.62025071e-01,1.38877285e-02,1.63852196e+03,7.22457557e+01,3.73418570e-04,1.77713160e-05,0.00000000e+00,0.00000000e+00,2.79260000e+00,5.43937346e-02
9.90500000e+01,3.13221701e-04,1.39308104e-05,0.00000000e+00,0.00000000e+00,5.71874314e-05,9.45607382e-06,0.00000000e+00,0.00000000e+00,3.59025780e-01,1.31499915e-02,1.61755684e+03,6.88343799e+01,3.70408937e-04,1.79184500e-05,0.00000000e+00,0.00000000e+00,0.00000000e+00,0.00000000e+00
9.91500000e+01,3.16941263e-04,1.50525494e-05,0.00000000e+00,0.00000000e+00,5.94955928e-05,1.05980638e-05,0.00000000e+00,0.00000000e+00,3.56876929e-01,1.42076759e-02,1.63194070e+03,7.45576809e+01,3.76436661e-04,1.94849411e-05,0.00000000e+00,0.00000000e+00,2.78540000e+00,5.32971723e-02
9.92500000e+01,3.14948735e-04,1.56780065e-05,0.00000000e+00,0.00000000e+00,5.73557314e-05,1.05311785e-05,0.00000000e+00,0.00000000e+00,3.51979328e-01,1.43071098e-02,1.62127748e+03,7.80120194e+01,3.72304271e-04,1.98935684e-05,0.00000000e+00,0.00000000e+00,0.00000000e+00,0.00000000e+00
9.93500000e+01,3.17661694e-04,1.75104127e-05,0.00000000e+00,0.00000000e+00,5.88590133e-05,1.07242165e-05,0.00000000e+00,0.00000000e+00,3.50498362e-01,1.40910603e-02,1.63211895e+03,8.66192326e+01,3.76520512e-04,2.24330248e-05,0.00000000e+00,0.00000000e+00,2.77200000e+00,5.22427614e-02
9.94500000e+01,3.12404629e-04,1.64947989e-05,0.00000000e+00,0.00000000e+00,5.85069096e-05,1.07825723e-05,0.00000000e+00,0.00000000e+00,3.50747278e-01,1.59805907e-02,1.60587359e+03,8.22157110e+01,3.70911342e-04,2.11815077e-05,0.00000000e+00,0.00000000e+00,0.00000000e+00,0.00000000e+00
9.95500000e+01,3.04444440e-04,1.54781026e-05,0.00000000e+00,0.00000000e+00,5.36790683e-05,1.00833895e-05,0.00000000e+00,0.00000000e+00,3.43766994e-01,1.36667706e-02,1.56604076e+03,7.64961064e+01,3.58123312e-04,1.91510594e-05,0.00000000e+00,0.00000000e+00,2.76240000e+00,5.15202041e-02
9.96500000e+01,3.00871528e-04,1.46283132e-05,0.00000000e+00,0.00000000e+00,5.63339656e-05,1.07849737e-05,0.00000000e+00,0.00000000e+00,3.43663878e-01,1.43679482e-02,1.54938425e+03,7.27369080e+01,3.57205297e-04,1.94282745e-05,0.00000000e+00,0.00000000e+00,0.00000000e+00,0.00000000e+00
9.97500000e+01,3.10482110e-04,1.55411736e-05,0.00000000e+00,0.00000000e+00,5.91258075e-05,1.07936744e-05,0.00000000e+00,0.00000000e+00,3.50866609e-01,1.45908910e-02,1.59560604e+03,7.67861752e+01,3.69607721e-04,2.00051380e-05,0.00000000e+00,0.00000000e+00,2.75460000e+00,5.29968886e-02
9.98500000e+01,3.08726714e-04,1.46476858e-05,0.00000000e+00,0.00000000e+00,6.29555176e-05,1.09609818e-05,0.00000000e+00,0.00000000e+00,3.46866540e-01,1.41179663e-02,1.58908982e+03,7.25514706e+01,3.71682036e-04,1.90458250e-05,0.00000000e+00,0.00000000e+00,0.00000000e+00,0.00000000e+00
9.99500000e+01,2.99095335e-04,1.39897025e-05,0.00000000e+00,0.00000000e+00,5.82666806e-05,8.32801231e-06,0.00000000e+00,0.00000000e+00,3.37571023e-01,1.32249956e-02,1.54531221e+03,6.88660929e+01,3.57361820e-04,1.68356814e-05,0.00000000e+00,0.00000000e+00,2.75420000e+00,5.36147177e-02
1.00050000e+02,2.97896538e-04,1.29853635e-05,0.00000000e+00,0.00000000e+00,5.25468905e-05,6.45520309e-06,0.00000000e+00,0.00000000e+00,3.36239036e-01,1.30603262e-02,1.53338857e+03,6.40354089e+01,3.50443232e-04,1.56579836e-05,0.00000000e+00,0.00000000e+00,0.00000000e+00,0.00000000e+00
1.00150000e+02,3.06637429e-04,1.36124848e-05,0.00000000e+00,0.00000000e+00,5.32002328e-05,6.40052201e-06,0.00000000e+00,0.00000000e+00,3.38696929e-01,1.24958146e-02,1.57123890e+03,6.66967003e+01,3.59837466e-04,1.58008198e-05,0.00000000e+00,0.00000000e+00,2.74100000e+00,5.27661379e-02
1.00250000e+02,3.08353847e-04,1.44052365e-05,0.00000000e+00,0.00000000e+00,5.33485766e-05,6.38874634e-06,0.00000000e+00,0.00000000e+00,3.42471130e-01,1.33358151e-02,1.58142007e+03,7.06910278e+01,3.61702228e-04,1.69224580e-05,0.00000000e+00,0.00000000e+00,0.00000000e+00,0.00000000e+00
1.00350000e+02,3.05296524e-04,1.46249597e-05,0.00000000e+00,0.00000000e+00,6.48698101e-05,1.64953269e-05,0.00000000e+00,0.00000000e+00,3.38603365e-01,1.35046813e-02,1.56533677e+03,7.23034795e+01,3.70166138e-04,2.38824471e-05,0.00000000e+00,0.00000000e+00,2.72820000e+00,5.31564422e-02
1.00450000e+02,2.99343125e-04,1.44548693e-05,0.00000000e+00,0.00000000e+00,6.24392183e-05,1.12810263e-05,0.00000000e+00,0.00000000e+00,3.38198026e-01,1.33278469e-02,1.53632237e+03,7.14440982e+01,3.61782148e-04,1.98805801e-05,0.00000000e+00,0.00000000e+00,0.00000000e+00,0.00000000e+00
1.00550000e+02,2.87436682e-04,1.36418898e-05,0.00000000e+00,0.00000000e+00,5.71778063e-05,7.19515717e-06,0.00000000e+00,0.00000000e+00,3.30685004e-01,1.31104240e-02,1.47852162e+03,6.76806266e+01,3.44614292e-04,1.53006095e-05,0.00000000e+00,0.00000000e+00,2.71780000e+00,5.35043695e-02
1.00650000e+02,2.82853702e-04,1.34197069e-05,0.00000000e+00,0.00000000e+00,5.28335287e-05,5.77275090e-06,0.00000000e+00,0.00000000e+00,3.30626716e-01,1.28444543e-02,1.45468091e+03,6.59533096e+01,3.35687035e-04,1.46270146e-05,0.00000000e+00,0.00000000e+00,0.00000000e+00,0.00000000e+00
1.00750000e+02,2.84405706e-04,1.34552008e-05,0.00000000e+00,0.00000000e+00,4.67706847e-05,5.01413010e-06,0.00000000e+00,0.00000000e+00,3.30937217e-01,1.28777100e-02,1.46286929e+03,6.63156853e+01,3.31176195e-04,1.44286390e-05,0.00000000e+00,0.00000000e+00,2.71140000e+00,5.24641841e-02
1.00850000e+02,2.90220557e-04,1.35084910e-05,0.00000000e+00,0.00000000e+00,5.28955102e-05,7.74426232e-06,0.00000000e+00,0.00000000e+00,3.29433258e-01,1.21693129e-02,1.48865542e+03,6.59305146e+01,3.43115871e-04,1.58610341e-05,0.00000000e+00,0.00000000e+00,0.00000000e+00,0.00000000e+00
1.00950000e+02,2.92784214e-04,1.36792254e-05,0.00000000e+00,0.00000000e+00,4.57105521e-05,5.03335696e-06,0.00000000e+00,0.00000000e+00,3.28573247e-01,1.22395056e-02,1.49871015e+03,6.68905202e+01,3.38494571e-04,1.46642349e-05,0.00000000e+00,0.00000000e+00,2.70640000e+00,5.29772843e-02
1.01050000e+02,2.88431163e-04,1.45257343e-05,0.00000000e+00,0.00000000e+00,4.67640779e-05,5.13076444e-06,0.00000000e+00,0.00000000e+00,3.25014431e-01,1.22418055e-02,1.47736374e+03,7.07953731e+01,3.35195045e-04,1.52522757e-05,0.00000000e+00,0.00000000e+00,0.00000000e+00,0.00000000e+00
1.01150000e+02,2.96646054e-04,1.52444462e-05,0.00000000e+00,0.00000000e+00,5.10462362e-05,6.80071493e-06,0.00000000e+00,0.00000000e+00,3.34286779e-01,1.27987264e-02,1.51979777e+03,7.40860729e+01,3.47692094e-04,1.58938879e-05,0.00000000e+00,0.00000000e+00,2.69880000e+00,5.26843818e-02
1.01250000e+02,2.95839858e-04,1.62550906e-05,0.00000000e+00,0.00000000e+00,5.28926116e-05,6.88601094e-06,0.00000000e+00,0.00000000e+00,3.32544684e-01,1.41507929e-02,1.51561675e+03,7.89783796e+01,3.48732274e-04,1.70545036e-05,0.00000000e+00,0.00000000e+00,0.00000000e+00,0.00000000e+00
1.01350000e+02,2.94547257e-04,1.67557134e-05,0.00000000e+00,0.00000000e+00,5.48511820e-05,7.74252747e-06,0.00000000e+00,0.00000000e+00,3.29652560e-01,1.41336988e-02,1.50954266e+03,8.13080472e+01,3.49398243e-04,1.81162288e-05,0.00000000e+00,0.00000000e+00,2.69120000e+00,5.35976241e-02
1.01450000e+02,2.97894949e-04,1.69445238e-05,0.00000000e+00,0.00000000e+00,5.41550393e-05,7.63625892e-06,0.00000000e+00,0.00000000e+00,3.30384404e-01,1.37939023e-02,1.52721388e+03,8.28483947e+01,3.52049792e-04,1.81785266e-05,0.00000000e+00,0.00000000e+00,0.00000000e+00,0.00000000e+00
1.01550000e+02,3.04541184e-04,1.88849134e-05,0.00000000e+00,0.00000000e+00,6.31656489e-05,1.56237586e-05,0.00000000e+00,0.00000000e+00,3.29354170e-01,1.37001974e-02,1.56089332e+03,9.19188322e+01,3.67706637e-04,2.38578247e-05,0.00000000e+00,0.00000000e+00,2.67260000e+00,5.33259595e-02
1.01650000e+02,3.02174730e-04,1.84920801e-05,0.00000000e+00,0.00000000e+00,6.37737654e-05,1.55964404e-05,0.00000000e+00,0.00000000e+00,3.26534700e-01,1.28182782e-02,1.55226176e+03,9.01515968e+01,3.65948299e-04,2.41644702e-05,0.00000000e+00,0.00000000e+00,0.00000000e+00,0.00000000e+00
1.01750000e+02,3.00275276e-04,1.79849634e-05,0.00000000e+00,0.00000000e+00,6.33992788e-05,1.54532945e-05,0.00000000e+00,0.00000000e+00,3.28054053e-01,1.38878976e-02,1.54556698e+03,8.85816982e+01,3.63674359e-04,2.42319562e-05,0.00000000e+00,0.00000000e+00,2.66140000e+00,5.34843177e-02
1.01850000e+02,2.97175436e-04,1.67858522e-05,0.00000000e+00,0.00000000e+00,6.58455374e-05,1.52505899e-05,0.00000000e+00,0.00000000e+00,3.27393950e-01,1.38314300e-02,1.53318713e+03,8.38950583e+01,3.63020778e-04,2.22957319e-05,0.00000000e+00,0.00000000e+00,0.00000000e+00,0.00000000e+00
1.01950000e+02,3.06540093e-04,1.73308408e-05,0.00000000e+00,0.00000000e+00,6.78578651e-05,1.58641050e-05,0.00000000e+00,0.00000000e+00,3.32755767e-01,1.39685971e-02,1.57237687e+03,8.51933858e+01,3.74397763e-04,2.32678896e-05,0.00000000e+00,0.00000000e+00,2.64280000e+00,5.33184809e-02
1.02050000e+02,2.96686123e-04,1.67085592e-05,0.00000000e+00,0.00000000e+00,6.46010079e-05,1.45336755e-05,0.00000000e+00,0.00000000e+00,3.23528865e-01,1.31358110e-02,1.52092272e+03,8.22365609e+01,3.61286935e-04,2.20700294e-05,0.00000000e+00,0.00000000e+00,0.00000000e+00,0.00000000e+00
1.02150000e+02,2.91703962e-04,1.72407906e-05,0.00000000e+00,0.00000000e+00,6.21383355e-05,1.18709916e-05,0.00000000e+00,0.00000000e+00,3.16943361e-01,1.37877635e-02,1.49548056e+03,8.46240282e+01,3.53842102e-04,2.18994822e-05,0.00000000e+00,0.00000000e+00,2.63700000e+00,5.40130370e-02
1.02250000e+02,2.84550053e-04,1.63749738e-05,0.00000000e+00,0.00000000e+00,4.98893310e-05,6.25083807e-06,0.00000000e+00,0.00000000e+00,3.07234786e-01,1.17745777e-02,1.45692744e+03,7.98490583e+01,3.34439188e-04,1.88011444e-05,0.00000000e+00,0.00000000e+00,0.00000000e+00,0.00000000e+00
1.02350000e+02,2.78087255e-04,1.65738985e-05,0.00000000e+00,0.00000000e+00,5.32099402e-05,6.23677482e-06,0.00000000e+00,0.00000000e+00,3.06788240e-01,1.27289599e-02,1.42553945e+03,8.14217383e+01,3.31297000e-04,1.85045283e-05,0.00000000e+00,0.00000000e+00,2.63180000e+00,5.37596237e-02
1.02450000e+02,2.78277996e-04,1.65238532e-05,0.00000000e+00,0.00000000e+00,4.82100497e-05,5.66927819e-06,0.00000000e+00,0.00000000e+00,3.05760679e-01,1.20699006e-02,1.42577944e+03,8.13821411e+01,3.26487850e-04,1.84002791e-05,0.00000000e+00,0.00000000e+00,0.00000000e+00,0.00000000e+00
1.02550000e+02,2.85559560e-04,1.68391103e-05,0.00000000e+00,0.00000000e+00,5.89515910e-05,1.22602040e-05,0.00000000e+00,0.00000000e+00,3.06163657e-01,1.20895779e-02,1.45879241e+03,8.21870900e+01,3.44510955e-04,2.47067573e-05,0.00000000e+00,0.00000000e+00,2.62080000e+00,5.43389513e-02
1.02650000e+02,2.84022924e-04,1.77593628e-05,0.00000000e+00,0.00000000e+00,6.58210960e-05,1.41647756e-05,0.00000000e+00,0.00000000e+00,3.03929205e-01,1.15639057e-02,1.45039223e+03,8.62852271e+01,3.49843839e-04,2.61706653e-05,0.00000000e+00,0.00000000e+00,0.00000000e+00,0.00000000e+00
1.02750000e+02,2.82188017e-04,1.50893774e-05,0.00000000e+00,0.00000000e+00,6.69323147e-05,1.50840691e-05,0.00000000e+00,0.00000000e+00,3.05799398e-01,1.14278200e-02,1.44290995e+03,7.34274228e+01,3.49120178e-04,2.51796066e-05,0.00000000e+00,0.00000000e+00,2.60740000e+00,5.33626867e-02
1.02850000e+02,2.76747175e-04,1.46138886e-05,0.00000000e+00,0.00000000e+00,7.07769004e-05,1.94758808e-05,0.00000000e+00,0.00000000e+00,2.99037295e-01,1.17929193e-02,1.41679371e+03,7.19588576e+01,3.47523922e-04,2.93529989e-05,0.00000000e+00,0.00000000e+00,0.00000000e+00,0.00000000e+00
1.02950000e+02,2.83583519e-04,1.64722562e-05,0.00000000e+00,0.00000000e+00,7.23626852e-05,1.91001489e-05,0.00000000e+00,0.00000000e+00,3.04796944e-01,1.25729533e-02,1.44882007e+03,8.01846061e+01,3.55946051e-04,3.01799462e-05,0.00000000e+00,0.00000000e+00,2.59960000e+00,5.34102031e-02
1.03050000e+02,2.79458118e-04,1.64180704e-05,0.00000000e+00,0.00000000e+00,6.44116831e-05,1.32881443e-05,0.00000000e+00,0.00000000e+00,3.00455023e-01,1.32311408e-02,1.43004633e+03,8.03915357e+01,3.43869648e-04,2.60964350e-05,0.00000000e+00,0.00000000e+00,0.00000000e+00,0.00000000e+00
1.03150000e+02,2.72766566e-04,1.51907797e-05,0.00000000e+00,0.00000000e+00,5.58715786e-05,1.02504311e-05,0.00000000e+00,0.00000000e+00,3.00266593e-01,1.38292467e-02,1.39705408e+03,7.48228814e+01,3.28637991e-04,1.77893804e-05,0.00000000e+00,0.00000000e+00,2.59240000e+00,5.40653875e-02
1.03250000e+02,2.70817759e-04,1.37972789e-05,0.00000000e+00,0.00000000e+00,6.43835677e-05,1.40647241e-05,0.00000000e+00,0.00000000e+00,2.94820245e-01,1.22499263e-02,1.38475847e+03,6.77917911e+01,3.35201174e-04,2.13084990e-05,0.00000000e+00,0.00000000e+00,0.00000000e+00,0.00000000e+00
1.03350000e+02,2.70411836e-04,1.46975586e-05,0.00000000e+00,0.00000000e+00,6.42686968e-05,1.49801803e-05,0.00000000e+00,0.00000000e+00,2.91232156e-01,1.23829372e-02,1.38165678e+03,7.22817003e+01,3.34680380e-04,2.29481622e-05,0.00000000e+00,0.00000000e+00,2.58920000e+00,5.42931123e-02
1.03450000e+02,2.77068457e-04,1.64359322e-05,0.00000000e+00,0.00000000e+00,6.29431905e-05,1.33078178e-05,0.00000000e+00,0.00000000e+00,2.97494521e-01,1.31955443e-02,1.41388317e+03,8.03350074e+01,3.40011494e-04,2.32081363e-05,0.00000000e+00,0.00000000e+00,0.00000000e+00,0.00000000e+00
1.03550000e+02,2.71197362e-04,1.50616738e-05,0.00000000e+00,0.00000000e+00,6.28130578e-05,1.21583632e-05,0.00000000e+00,0.00000000e+00,2.99992245e-01,1.33457700e-02,1.38776149e+03,7.39787359e+01,3.34010267e-04,1.96617582e-05,0.00000000e+00,0.00000000e+00,2.57820000e+00,5.37117705e-02
1.03650000e+02,2.68327624e-04,1.66466383e-05,0.00000000e+00,0.00000000e+00,6.21166930e-05,1.21945548e-05,0.00000000e+00,0.00000000e+00,2.93987745e-01,1.21484553e-02,1.37642046e+03,8.16469771e+01,3.30444164e-04,2.06104457e-05,0.00000000e+00,0.00000000e+00,0.00000000e+00,0.00000000e+00
1.03750000e+02,2.65010921e-04,1.60869423e-05,0.00000000e+00,0.00000000e+00,7.51373837e-05,1.95423888e-05,0.00000000e+00,0.00000000e+00,2.95535169e-01,1.32608812e-02,1.36118295e+03,7.93169357e+01,3.40148151e-04,2.52150754e-05,0.00000000e+00,0.00000000e+00,2.56680000e+00,5.34632737e-02
1.03850000e+02,2.72040287e-04,1.68277923e-05,0.00000000e+00,0.00000000e+00,5.83794555e-05,1.06068247e-05,0.00000000e+00,0.00000000e+00,2.97976781e-01,1.27670423e-02,1.39351093e+03,8.23587429e+01,3.30419589e-04,1.97689727e-05,0.00000000e+00,0.00000000e+00,0.00000000e+00,0.00000000e+00
1.03950000e+02,2.65844752e-04,1.64096833e-05,0.00000000e+00,0.00000000e+00,5.21385267e-05,8.20148334e-06,0.00000000e+00,0.00000000e+00,2.90939803e-01,1.18758745e-02,1.35899112e+03,7.99639275e+01,3.17983125e-04,1.85341485e-05,0.00000000e+00,0.00000000e+00,2.55620000e+00,5.33604531e-02
1.04050000e+02,2.69229018e-04,1.89399498e-05,0.00000000e+00,0.00000000e+00,4.81196061e-05,7.59759324e-06,0.00000000e+00,0.00000000e+00,2.91872848e-01,1.18933836e-02,1.37691681e+03,9.12377084e+01,3.17348471e-04,2.10575836e-05,0.00000000e+00,0.00000000e+00,0.00000000e+00,0.00000000e+00
1.04150000e+02,2.59218129e-04,1.47962883e-05,0.00000000e+00,0.00000000e+00,4.64283677e-05,7.31723107e-06,0.00000000e+00,0.00000000e+00,2.89631498e-01,1.13537021e-02,1.32978241e+03,7.22462972e+01,3.05646343e-04,1.79834987e-05,0.00000000e+00,0.00000000e+00,2.54800000e+00,5.35453270e-02
1.04250000e+02,2.63851715e-04,1.57461045e-05,0.00000000e+00,0.00000000e+00,4.17538678e-05,6.58897540e-06,0.00000000e+00,0.00000000e+00,2.93155055e-01,1.22841430e-02,1.35267911e+03,7.69035085e+01,3.05605430e-04,1.85580823e-05,0.00000000e+00,0.00000000e+00,0.00000000e+00,0.00000000e+00
1.04350000e+02,2.70514677e-04,1.72158751e-05,0.00000000e+00,0.00000000e+00,4.43231485e-05,6.53656493e-06,0.00000000e+00,0.00000000e+00,2.92989661e-01,1.25027849e-02,1.38540375e+03,8.43229110e+01,3.14837672e-04,1.95775383e-05,0.00000000e+00,0.00000000e+00,2.53480000e+00,5.31223002e-02
1.04450000e+02,2.68418507e-04,1.74761191e-05,0.00000000e+00,0.00000000e+00,4.47908866e-05,6.43016661e-06,0.00000000e+00,0.00000000e+00,2.93309007e-01,1.28446957e-02,1.37474161e+03,8.57220442e+01,3.13209241e-04,1.95902599e-05,0.00000000e+00,0.00000000e+00,0.00000000e+00,0.00000000e+00
1.04550000e+02,2.63076535e-04,1.59671662e-05,0.00000000e+00,0.00000000e+00,4.46274817e-05,5.36801415e-06,0.00000000e+00,0.00000000e+00,2.90264935e-01,1.29044480e-02,1.34816244e+03,7.84629942e+01,3.07703864e-04,1.78812913e-05,0.00000000e+00,0.00000000e+00,2.53060000e+00,5.28883383e-02
1.04650000e+02,2.65235111e-04,1.62760784e-05,0.00000000e+00,0.00000000e+00,5.48241923e-05,7.46338371e-06,0.00000000e+00,0.00000000e+00,2.91279258e-01,1.33298444e-02,1.35853233e+03,8.01465506e+01,3.20059150e-04,1.83743974e-05,0.00000000e+00,0.00000000e+00,0.00000000e+00,0.00000000e+00
1.04750000e+02,2.61678587e-04,1.59136889e-05,0.00000000e+00,0.00000000e+00,5.30954446e-05,7.93580615e-06,0.00000000e+00,0.00000000e+00,2.91926416e-01,1.27077146e-02,1.34168886e+03,7.82689955e+01,3.14773878e-04,1.82788049e-05,0.00000000e+00,0.00000000e+00,2.51880000e+00,5.15915196e-02
1.04850000e+02,2.56179273e-04,1.51995060e-05,0.00000000e+00,0.00000000e+00,5.01131896e-05,7.65454382e-06,0.00000000e+00,0.00000000e+00,2.89194678e-01,1.26781925e-02,1.31833739e+03,7.50147325e+01,3.06292385e-04,1.78078542e-05,0.00000000e+00,0.00000000e+00,0.00000000e+00,0.00000000e+00
1.04950000e+02,2.57196659e-04,1.48053187e-05,0.00000000e+00,0.00000000e+00,4.79266186e-05,7.53172214e-06,0.00000000e+00,0.00000000e+00,2.87019024e-01,1.27818343e-02,1.32087148e+03,7.27395369e+01,3.05123280e-04,1.74391664e-05,0.00000000e+00,0.00000000e+00,2.51360000e+00,5.14712204e-02
1.05050000e+02,2.61702859e-04,1.53530731e-05,0.00000000e+00,0.00000000e+00,5.02646377e-05,7.82671698e-06,0.00000000e+00,0.00000000e+00,2.86565132e-01,1.23019736e-02,1.34164048e+03,7.49340361e+01,3.11967499e-04,1.78725884e-05,0.00000000e+00,0.00000000e+00,0.00000000e+00,0.00000000e+00
1.05150000e+02,2.62472134e-04,1.54123904e-05,0.00000000e+00,0.00000000e+00,4.94231422e-05,6.71671382e-06,0.00000000e+00,0.00000000e+00,2.87441763e-01,1.23963326e-02,1.34434505e+03,7.49914309e+01,3.11895279e-04,1.96220889e-05,0.00000000e+00,0.00000000e+00,2.51220000e+00,5.25071735e-02
1.05250000e+02,2.61403056e-04,1.55433077e-05,0.00000000e+00,0.00000000e+00,4.79428493e-05,7.78456170e-06,0.00000000e+00,0.00000000e+00,2.88206924e-01,1.29244392e-02,1.33850995e+03,7.56955034e+01,3.09345908e-04,2.06174439e-05,0.00000000e+00,0.00000000e+00,0.00000000e+00,0.00000000e+00
1.05350000e+02,2.52884867e-04,1.47987314e-05,0.00000000e+00,0.00000000e+00,4.59909225e-05,7.32346990e-06,0.00000000e+00,0.00000000e+00,2.82304457e-01,1.25772256e-02,1.29869367e+03,7.20715769e+01,2.98875792e-04,1.88772780e-05,0.00000000e+00,0.00000000e+00,2.50920000e+00,5.33802990e-02
1.05450000e+02,2.53019137e-04,1.63195935e-05,0.00000000e+00,0.00000000e+00,7.42473807e-05,3.26249603e-05,0.00000000e+00,0.00000000e+00,2.80638821e-01,1.28853403e-02,1.29720603e+03,7.96979154e+01,3.27266520e-04,3.54723962e-05,0.00000000e+00,0.00000000e+00,0.00000000e+00,0.00000000e+00
1.05550000e+02,2.54491517e-04,1.66646053e-05,0.00000000e+00,0.00000000e+00,4.82732700e-05,8.36386739e-06,0.00000000e+00,0.00000000e+00,2.81305213e-01,1.34176927e-02,1.30636246e+03,8.20174187e+01,3.02764790e-04,2.01736201e-05,0.00000000e+00,0.00000000e+00,2.50120000e+00,5.42824360e-02
1.05650000e+02,2.60283746e-04,1.78163554e-05,0.00000000e+00,0.00000000e+00,4.51671440e-05,7.49610433e-06,0.00000000e+00,0.00000000e+00,2.86594731e-01,1.33586864e-02,1.33256567e+03,8.76390207e+01,3.05450892e-04,2.03221075e-05,0.00000000e+00,0.00000000e+00,0.00000000e+00,0.00000000e+00
1.05750000e+02,2.61514663e-04,1.66678524e-05,0.00000000e+00,0.00000000e+00,3.79007687e-05,5.22551129e-06,0.00000000e+00,0.00000000e+00,2.83602843e-01,1.30199503e-02,1.33835241e+03,8.21317532e+01,2.99415434e-04,1.86194802e-05,0.00000000e+00,0.00000000e+00,2.48880000e+00,5.45861162e-02
1.05850000e+02,2.67079990e-04,1.63985840e-05,0.00000000e+00,0.00000000e+00,3.84440888e-05,5.00833998e-06,0.00000000e+00,0.00000000e+00,2.83384773e-01,1.27502757e-02,1.36503624e+03,8.05958600e+01,3.05524081e-04,1.86163593e-05,0.00000000e+00,0.00000000e+00,0.00000000e+00,0.00000000e+00
1.05950000e+02,2.59450901e-04,1.66724988e-05,0.00000000e+00,0.00000000e+00,3.75776247e-05,4.66410992e-06,0.00000000e+00,0.00000000e+00,2.78061352e-01,1.23674089e-02,1.32711758e+03,8.14668936e+01,2.97028528e-04,1.83722951e-05,0.00000000e+00,0.00000000e+00,2.48340000e+00,5.44543321e-02
1.06050000e+02,2.65863383e-04,1.69022862e-05,0.00000000e+00,0.00000000e+00,4.22679606e-05,6.12571859e-06,0.00000000e+00,0.00000000e+00,2.81054581e-01,1.21008572e-02,1.35769282e+03,8.24827965e+01,3.08131346e-04,1.87681458e-05,0.00000000e+00,0.00000000e+00,0.00000000e+00,0.00000000e+00
1.06150000e+02,2.56249091e-04,1.45241213e-05,0.00000000e+00,0.00000000e+00,4.35468852e-05,5.90491512e-06,0.00000000e+00,0.00000000e+00,2.81031699e-01,1.21845842e-02,1.31023096e+03,7.12990129e+01,2.99795978e-04,1.69386286e-05,0.00000000e+00,0.00000000e+00,2.47600000e+00,5.47454220e-02
1.06250000e+02,2.54016663e-04,1.37617832e-05,0.00000000e+00,0.00000000e+00,4.26975464e-05,6.72818655e-06,0.00000000e+00,0.00000000e+00,2.78284612e-01,1.18033331e-02,1.29926365e+03,6.77879149e+01,2.96714212e-04,1.69652109e-05,0.00000000e+00,0.00000000e+00,0.00000000e+00,0.00000000e+00
1.06350000e+02,2.55511218e-04,1.43764223e-05,0.00000000e+00,0.00000000e+00,4.46615659e-05,6.92678282e-06,0.00000000e+00,0.00000000e+00,2.81402435e-01,1.14810802e-02,1.30833049e+03,7.05578889e+01,3.00172786e-04,1.76650054e-05,0.00000000e+00,0.00000000e+00,2.47120000e+00,5.42071913e-02
1.06450000e+02,2.62244730e-04,1.65545258e-05,0.00000000e+00,0.00000000e+00,4.28792526e-05,6.57605236e-06,0.00000000e+00,0.00000000e+00,2.80830783e-01,1.28436928e-02,1.33509784e+03,8.03810820e+01,3.05123985e-04,1.95951851e-05,0.00000000e+00,0.00000000e+00,0.00000000e+00,0.00000000e+00
1.06550000e+02,2.50617261e-04,1.63505150e-05,0.00000000e+00,0.00000000e+00,4.10635837e-05,6.28896413e-06,0.00000000e+00,0.00000000e+00,2.74985325e-01,1.28682018e-02,1.27948484e+03,7.95533442e+01,2.91680847e-04,1.94019094e-05,0.00000000e+00,0.00000000e+00,2.46680000e+00,5.37647483e-02
1.06650000e+02,2.47734075e-04,1.53594945e-05,0.00000000e+00,0.00000000e+00,4.25618421e-05,6.59613152e-06,0.00000000e+00,0.00000000e+00,2.71941503e-01,1.22189478e-02,1.26676245e+03,7.47279714e+01,2.90295920e-04,1.82527894e-05,0.00000000e+00,0.00000000e+00,0.00000000e+00,0.00000000e+00
1.06750000e+02,2.45341927e-04,1.48216734e-05,0.00000000e+00,0.00000000e+00,4.78817989e-05,8.01792768e-06,0.00000000e+00,0.00000000e+00,2.72998728e-01,1.29551888e-02,1.25651762e+03,7.25808173e+01,2.93223728e-04,1.80083666e-05,0.00000000e+00,0.00000000e+00,2.46280000e+00,5.40899025e-02
1.06850000e+02,2.46886441e-04,1.59416037e-05,0.00000000e+00,0.00000000e+00,4.61081544e-05,7.63434727e-06,0.00000000e+00,0.00000000e+00,2.72778877e-01,1.39940674e-02,1.26185804e+03,7.77237045e+01,2.92994598e-04,1.86580365e-05,0.00000000e+00,0.00000000e+00,0.00000000e+00,0.00000000e+00
1.06950000e+02,2.46702182e-04,1.55854423e-05,0.00000000e+00,0.00000000e+00,5.43046183e-05,1.02967991e-05,0.00000000e+00,0.00000000e+00,2.73815217e-01,1.30467183e-02,1.26323265e+03,7.57830187e+01,3.01006803e-04,1.97530668e-05,0.00000000e+00,0.00000000e+00,2.45340000e+00,5.46152479e-02
1.07050000e+02,2.48818503e-04,1.68045673e-05,0.00000000e+00,0.00000000e+00,4.77265364e-05,7.75629287e-06,0.00000000e+00,0.00000000e+00,2.69836104e-01,1.33385879e-02,1.27212130e+03,8.15435238e+01,2.96545042e-04,1.92789098e-05,0.00000000e+00,0.00000000e+00,0.00000000e+00,0.00000000e+00
1.07150000e+02,2.55581841e-04,1.65627745e-05,0.00000000e+00,0.00000000e+00,5.20136762e-05,8.41015637e-06,0.00000000e+00,0.00000000e+00,2.74686989e-01,1.30833342e-02,1.30450223e+03,8.03233040e+01,3.07595519e-04,1.92113262e-05,0.00000000e+00,0.00000000e+00,2.44300000e+00,5.49524841e-02
1.07250000e+02,2.54396398e-04,1.63428916e-05,0.00000000e+00,0.00000000e+00,5.86506162e-05,1.25371888e-05,0.00000000e+00,0.00000000e+00,2.73244449e-01,1.27777415e-02,1.30133458e+03,7.91671358e+01,3.13047017e-04,2.11340526e-05,0.00000000e+00,0.00000000e+00,0.00000000e+00,0.00000000e+00
1.07350000e+02,2.49105356e-04,1.60245188e-05,0.00000000e+00,0.00000000e+00,6.51513231e-05,1.40114645e-05,0.00000000e+00,0.00000000e+00,2.71201292e-01,1.28804339e-02,1.27433282e+03,7.72972570e+01,3.14256681e-04,2.25827364e-05,0.00000000e+00,0.00000000e+00,2.44020000e+00,5.46801385e-02
1.07450000e+02,2.46566408e-04,1.54188420e-05,0.00000000e+00,0.00000000e+00,5.92425477e-05,1.12184372e-05,0.00000000e+00,0.00000000e+00,2.72730975e-01,1.30969613e-02,1.26012485e+03,7.50162781e+01,3.05808958e-04,2.05879099e-05,0.00000000e+00,0.00000000e+00,0.00000000e+00,0.00000000e+00
1.07550000e+02,2.38065880e-04,1.44140677e-05,0.00000000e+00,0.00000000e+00,4.71409547e-05,8.47797348e-06,0.00000000e+00,0.00000000e+00,2.66797984e-01,1.25277413e-02,1.21982858e+03,7.02583884e+01,2.85206837e-04,1.87431463e-05,0.00000000e+00,0.00000000e+00,2.43540000e+00,5.47999777e-02
1.07650000e+02,2.46700627e-04,1.54423095e-05,0.00000000e+00,0.00000000e+00,4.48109441e-05,7.91281908e-06,0.00000000e+00,0.00000000e+00,2.73206677e-01,1.28484406e-02,1.26166185e+03,7.49196809e+01,2.91511573e-04,1.95538106e-05,0.00000000e+00,0.00000000e+00,0.00000000e+00,0.00000000e+00
1.07750000e+02,2.45968852e-04,1.57700471e-05,0.00000000e+00,0.00000000e+00,4.35757359e-05,7.89524004e-06,0.00000000e+00,0.00000000e+00,2.65526851e-01,1.23460841e-02,1.25448791e+03,7.63888252e+01,2.89544590e-04,1.96568595e-05,0.00000000e+00,0.00000000e+00,2.43000000e+00,5.46454248e-02
1.07850000e+02,2.36903003e-04,1.52562961e-05,0.00000000e+00,0.00000000e+00,4.16559278e-05,7.91091321e-06,0.00000000e+00,0.00000000e+00,2.63211678e-01,1.19912799e-02,1.21335490e+03,7.41163163e+01,2.78558933e-04,1.96940694e-05,0.00000000e+00,0.00000000e+00,0.00000000e+00,0.00000000e+00
1.07950000e+02,2.37579263e-04,1.55848377e-05,0.00000000e+00,0.00000000e+00,3.68590158e-05,6.02918370e-06,0.00000000e+00,0.00000000e+00,2.61337687e-01,1.18078880e-02,1.21629560e+03,7.54404411e+01,2.74438281e-04,1.82757741e-05,0.00000000e+00,0.00000000e+00,2.41580000e+00,5.41246407e-02
1.08050000e+02,2.37174095e-04,1.49842933e-05,0.00000000e+00,0.00000000e+00,3.76940118e-05,5.98456565e-06,0.00000000e+00,0.00000000e+00,2.61417075e-01,1.15367564e-02,1.21150100e+03,7.20540419e+01,2.74868109e-04,1.72055032e-05,0.00000000e+00,0.00000000e+00,0.00000000e+00,0.00000000e+00
1.08150000e+02,2.34697451e-04,1.44498222e-05,0.00000000e+00,0.00000000e+00,3.90648987e-05,5.92907315e-06,0.00000000e+00,0.00000000e+00,2.60448911e-01,1.17578769e-02,1.20167930e+03,6.93916806e+01,2.73762352e-04,1.65403780e-05,0.00000000e+00,0.00000000e+00,2.41260000e+00,5.46654463e-02
1.08250000e+02,2.39720111e-04,1.52269219e-05,0.00000000e+00,0.00000000e+00,3.83974881e-05,4.84420302e-06,0.00000000e+00,0.00000000e+00,2.62526359e-01,1.24324072e-02,1.22441702e+03,7.33942652e+01,2.78117601e-04,1.76581272e-05,0.00000000e+00,0.00000000e+00,0.00000000e+00,0.00000000e+00
1.08350000e+02,2.37010531e-04,1.40790538e-05,0.00000000e+00,0.00000000e+00,3.87648468e-05,5.23796437e-06,0.00000000e+00,0.00000000e+00,2.65576504e-01,1.26334455e-02,1.21132307e+03,6.81205988e+01,2.75775380e-04,1.64100059e-05,0.00000000e+00,0.00000000e+00,2.40400000e+00,5.51761557e-02
1.08450000e+02,2.41531738e-04,1.53919470e-05,0.00000000e+00,0.00000000e+00,3.92247105e-05,5.85974230e-06,0.00000000e+00,0.00000000e+00,2.67622160e-01,1.35038756e-02,1.23470245e+03,7.42574953e+01,2.80756451e-04,1.79833080e-05,0.00000000e+00,0.00000000e+00,0.00000000e+00,0.00000000e+00
1.08550000e+02,2.43097512e-04,1.60413177e-05,0.00000000e+00,0.00000000e+00,3.55992183e-05,5.09565167e-06,0.00000000e+00,0.00000000e+00,2.68167555e-01,1.30297749e-02,1.24144411e+03,7.75388370e+01,2.78696732e-04,1.81107150e-05,0.00000000e+00,0.00000000e+00,2.39780000e+00,5.36377038e-02
1.08650000e+02,2.34801267e-04,1.53487195e-05,0.00000000e+00,0.00000000e+00,3.40645704e-05,5.14783003e-06,0.00000000e+00,0.00000000e+00,2.62799860e-01,1.32625101e-02,1.20104501e+03,7.47510089e+01,2.68865839e-04,1.72792969e-05,0.00000000e+00,0.00000000e+00,0.00000000e+00,0.00000000e+00
1.08750000e+02,2.33465046e-04,1.47770665e-05,0.00000000e+00,0.00000000e+00,4.02592828e-05,9.12645804e-06,0.00000000e+00,0.00000000e+00,2.65174188e-01,1.27860514e-02,1.19619882e+03,7.19096972e+01,2.73724331e-04,1.89368249e-05,0.00000000e+00,0.00000000e+00,2.39500000e+00,5.40107699e-02
1.08850000e+02,2.26101377e-04,1.42115382e-05,0.00000000e+00,0.00000000e+00,4.47369342e-05,1.01278798e-05,0.00000000e+00,0.00000000e+00,2.58682613e-01,1.23621070e-02,1.15999218e+03,6.98142128e+01,2.70838313e-04,1.95852064e-05,0.00000000e+00,0.00000000e+00,0.00000000e+00,0.00000000e+00
1.08950000e+02,2.32391154e-04,1.58778535e-05,0.00000000e+00,0.00000000e+00,3.52679623e-05,5.80100530e-06,0.00000000e+00,0.00000000e+00,2.57909225e-01,1.22984093e-02,1.18926993e+03,7.72569382e+01,2.67659118e-04,1.96139852e-05,0.00000000e+00,0.00000000e+00,2.38600000e+00,5.39803441e-02
1.09050000e+02,2.34884938e-04,1.68241557e-05,0.00000000e+00,0.00000000e+00,3.67392658e-05,6.31349282e-06,0.00000000e+00,0.00000000e+00,2.58889848e-01,1.19906311e-02,1.19934007e+03,8.15328651e+01,2.71624206e-04,2.08118165e-05,0.00000000e+00,0.00000000e+00,0.00000000e+00,0.00000000e+00
1.09150000e+02,2.39440089e-04,1.66873978e-05,0.00000000e+00,0.00000000e+00,3.85597076e-05,6.19656710e-06,0.00000000e+00,0.00000000e+00,2.58754806e-01,1.17548515e-02,1.21909380e+03,8.04485451e+01,2.77999798e-04,2.03084804e-05,0.00000000e+00,0.00000000e+00,2.38140000e+00,5.38182960e-02
1.09250000e+02,2.42973454e-04,1.77776364e-05,0.00000000e+00,0.00000000e+00,3.89800895e-05,6.00035831e-06,0.00000000e+00,0.00000000e+00,2.60807516e-01,1.34722751e-02,1.23770778e+03,8.70133804e+01,2.81953546e-04,2.14240093e-05,0.00000000e+00,0.00000000e+00,0.00000000e+00,0.00000000e+00
1.09350000e+02,2.37357969e-04,1.50367234e-05,0.00000000e+00,0.00000000e+00,4.10069906e-05,5.88783817e-06,0.00000000e+00,0.00000000e+00,2.64502100e-01,1.20058919e-02,1.21340808e+03,7.33213982e+01,2.78364961e-04,1.78162343e-05,0.00000000e+00,0.00000000e+00,2.37940000e+00,5.41957224e-02
1.09450000e+02,2.39264663e-04,1.65752189e-05,0.00000000e+00,0.00000000e+00,4.00532353e-05,5.88688403e-06,0.00000000e+00,0.00000000e+00,2.63205398e-01,1.35304484e-02,1.22674927e+03,8.17145017e+01,2.79317900e-04,1.92611548e-05,0.00000000e+00,0.00000000e+00,0.00000000e+00,0.00000000e+00
1.09550000e+02,2.30270341e-04,1.59964287e-05,0.00000000e+00,0.00000000e+00,3.91382213e-05,5.90081791e-06,0.00000000e+00,0.00000000e+00,2.56236669e-01,1.28539585e-02,1.18390142e+03,7.86643284e+01,2.69408565e-04,1.89136925e-05,0.00000000e+00,0.00000000e+00,2.36460000e+00,5.35896807e-02
1.09650000e+02,2.33909755e-04,1.59557793e-05,0.00000000e+00,0.00000000e+00,4.18807103e-05,6.55700457e-06,0.00000000e+00,0.00000000e+00,2.55697977e-01,1.28900902e-02,1.19667774e+03,7.81112024e+01,2.75790467e-04,1.95191350e-05,0.00000000e+00,0.00000000e+00,0.00000000e+00,0.00000000e+00
1.09750000e+02,2.26565096e-04,1.45178387e-05,0.00000000e+00,0.00000000e+00,4.19469250e-05,6.54971032e-06,0.00000000e+00,0.00000000e+00,2.51708642e-01,1.28720893e-02,1.15911765e+03,7.12825171e+01,2.68512023e-04,1.78578968e-05,0.00000000e+00,0.00000000e+00,2.36420000e+00,5.35171840e-02
1.09850000e+02,2.28722857e-04,1.46674518e-05,0.00000000e+00,0.00000000e+00,4.28651902e-05,6.69225020e-06,0.00000000e+00,0.00000000e+00,2.49711870e-01,1.24202832e-02,1.16666242e+03,7.15905268e+01,2.71588049e-04,1.78133660e-05,0.00000000e+00,0.00000000e+00,0.00000000e+00,0.00000000e+00
1.09950000e+02,2.29657533e-04,1.39491026e-05,0.00000000e+00,0.00000000e+00,1.15624649e-04,7.03237339e-05,0.00000000e+00,0.00000000e+00,2.49922063e-01,1.23969662e-02,1.17048736e+03,6.85015055e+01,3.45282184e-04,7.38227809e-05,0.00000000e+00,0.00000000e+00,2.35180000e+00,5.27479103e-02
1.10050000e+02,2.31942642e-04,1.53080508e-05,0.00000000e+00,0.00000000e+00,1.48607224e-04,9.60221651e-05,0.00000000e+00,0.00000000e+00,2.48915519e-01,1.19416533e-02,1.18009906e+03,7.46524798e+01,3.80549868e-04,9.94428995e-05,0.00000000e+00,0.00000000e+00,0.00000000e+00,0.00000000e+00
1.10150000e+02,2.26958187e-04,1.40174441e-05,0.00000000e+00,0.00000000e+00,6.26697338e-05,1.82266912e-05,0.00000000e+00,0.00000000e+00,2.50036212e-01,1.25873108e-02,1.15712872e+03,6.85866540e+01,2.89627923e-04,2.54503349e-05,0.00000000e+00,0.00000000e+00,2.34020000e+00,5.20654925e-02
1.10250000e+02,2.18825735e-04,1.30100348e-05,0.00000000e+00,0.00000000e+00,4.51708061e-05,9.01809627e-06,0.00000000e+00,0.00000000e+00,2.46595085e-01,1.20055166e-02,1.12027613e+03,6.36424237e+01,2.63996543e-04,1.73855787e-05,0.00000000e+00,0.00000000e+00,0.00000000e+00,0.00000000e+00
1.10350000e+02,2.16796580e-04,1.35284706e-05,0.00000000e+00,0.00000000e+00,4.57444794e-05,9.19785442e-06,0.00000000e+00,0.00000000e+00,2.42754551e-01,1.23623542e-02,1.10668573e+03,6.61755069e+01,2.62541062e-04,1.80431170e-05,0.00000000e+00,0.00000000e+00,2.33260000e+00,5.14220710e-02
1.10450000e+02,2.21520906e-04,1.42683115e-05,0.00000000e+00,0.00000000e+00,4.57827060e-05,8.93640764e-06,0.00000000e+00,0.00000000e+00,2.45932105e-01,1.27351651e-02,1.12670922e+03,6.95416407e+01,2.67303614e-04,1.81118890e-05,0.00000000e+00,0.00000000e+00,0.00000000e+00,0.00000000e+00
1.10550000e+02,2.23999304e-04,1.34927467e-05,0.00000000e+00,0.00000000e+00,4.01329477e-05,6.31589750e-06,0.00000000e+00,0.00000000e+00,2.45868012e-01,1.22621557e-02,1.13962928e+03,6.60693614e+01,2.64132254e-04,1.64042714e-05,0.00000000e+00,0.00000000e+00,2.32660000e+00,5.02358600e-02
1.10650000e+02,2.26687456e-04,1.35369303e-05,0.00000000e+00,0.00000000e+00,3.84539312e-05,5.36489068e-06,0.00000000e+00,0.00000000e+00,2.46756325e-01,1.18675620e-02,1.15364730e+03,6.60513648e+01,2.65141390e-04,1.62333315e-05,0.00000000e+00,0.00000000e+00,0.00000000e+00,0.00000000e+00
1.10750000e+02,2.26702996e-04,1.29383137e-05,0.00000000e+00,0.00000000e+00,3.78253468e-05,5.27709537e-06,0.00000000e+00,0.00000000e+00,2.48345674e-01,1.22138323e-02,1.15537145e+03,6.34463011e+01,2.64528345e-04,1.55861400e-05,0.00000000e+00,0.00000000e+00,2.31940000e+00,5.04545947e-02
1.10850000e+02,2.26201822e-04,1.32118765e-05,0.00000000e+00,0.00000000e+00,4.26688713e-05,7.17722217e-06,0.00000000e+00,0.00000000e+00,2.47130211e-01,1.22942631e-02,1.15124303e+03,6.48215829e+01,2.68870695e-04,1.66115436e-05,0.00000000e+00,0.00000000e+00,0.00000000e+00,0.00000000e+00
1.10950000e+02,2.28112605e-04,1.42526915e-05,0.00000000e+00,0.00000000e+00,4.19148849e-05,7.77932454e-06,0.00000000e+00,0.00000000e+00,2.47321833e-01,1.21897550e-02,1.15825766e+03,6.96632086e+01,2.70027492e-04,1.78516273e-05,0.00000000e+00,0.00000000e+00,2.30840000e+00,4.92070677e-02
1.11050000e+02,2.24741238e-04,1.39181454e-05,0.00000000e+00,0.00000000e+00,4.04536338e-05,7.66688293e-06,0.00000000e+00,0.00000000e+00,2.42288938e-01,1.26760626e-02,1.13814655e+03,6.80100768e+01,2.65194873e-04,1.72431496e-05,0.00000000e+00,0.00000000e+00,0.00000000e+00,0.00000000e+00
1.11150000e+02,2.29797632e-04,1.41520190e-05,0.00000000e+00,0.00000000e+00,3.96496505e-05,7.61990080e-06,0.00000000e+00,0.00000000e+00,2.42607330e-01,1.19568716e-02,1.16078400e+03,6.87840846e+01,2.69447285e-04,1.71539614e-05,0.00000000e+00,0.00000000e+00,2.30060000e+00,4.85331025e-02
1.11250000e+02,2.33874378e-04,1.56352208e-05,0.00000000e+00,0.00000000e+00,4.00214470e-05,7.81148985e-06,0.00000000e+00,0.00000000e+00,2.46467820e-01,1.24014526e-02,1.18098673e+03,7.56370417e+01,2.73895827e-04,1.86491801e-05,0.00000000e+00,0.00000000e+00,0.00000000e+00,0.00000000e+00
1.11350000e+02,2.24208596e-04,1.43402976e-05,0.00000000e+00,0.00000000e+00,3.64033425e-05,5.62989008e-06,0.00000000e+00,0.00000000e+00,2.40753439e-01,1.20022601e-02,1.13748203e+03,6.99563805e+01,2.60611941e-04,1.72995437e-05,0.00000000e+00,0.00000000e+00,2.28980000e+00,4.92080050e-02
1.11450000e+02,2.27785302e-04,1.59848278e-05,0.00000000e+00,0.00000000e+00,3.42206195e-05,5.03514325e-06,0.00000000e+00,0.00000000e+00,2.37554309e-01,1.22608071e-02,1.15303362e+03,7.70063602e+01,2.62005923e-04,1.83747442e-05,0.00000000e+00,0.00000000e+00,0.00000000e+00,0.00000000e+00
1.11550000e+02,2.28551624e-04,1.68016557e-05,0.00000000e+00,0.00000000e+00,3.58783578e-05,5.25781664e-06,0.00000000e+00,0.00000000e+00,2.33318017e-01,1.14376682e-02,1.15419463e+03,8.05309311e+01,2.64429984e-04,1.92719030e-05,0.00000000e+00,0.00000000e+00,2.28700000e+00,4.97300878e-02
1.11650000e+02,2.26216816e-04,1.55593387e-05,0.00000000e+00,0.00000000e+00,3.66885922e-05,5.37352811e-06,0.00000000e+00,0.00000000e+00,2.34312671e-01,1.12345041e-02,1.14360176e+03,7.43785438e+01,2.62905410e-04,1.78360482e-05,0.00000000e+00,0.00000000e+00,0.00000000e+00,0.00000000e+00
1.11750000e+02,2.24904221e-04,1.44431417e-05,0.00000000e+00,0.00000000e+00,3.71207237e-05,5.39630684e-06,0.00000000e+00,0.00000000e+00,2.35492098e-01,1.07161125e-02,1.13867953e+03,6.91683520e+01,2.62024947e-04,1.65662564e-05,0.00000000e+00,0.00000000e+00,2.28240000e+00,4.96210620e-02
1.11850000e+02,2.27240043e-04,1.49290584e-05,0.00000000e+00,0.00000000e+00,9.54956757e-05,5.77283578e-05,0.00000000e+00,0.00000000e+00,2.34198065e-01,1.10825896e-02,1.14877325e+03,7.18029163e+01,3.22735720e-04,5.79112774e-05,0.00000000e+00,0.00000000e+00,0.00000000e+00,0.00000000e+00
1.11950000e+02,2.37490979e-04,1.56217248e-05,0.00000000e+00,0.00000000e+00,3.82227903e-05,5.59835508e-06,0.00000000e+00,0.00000000e+00,2.44090125e-01,1.23396824e-02,1.19830311e+03,7.54630085e+01,2.75713771e-04,1.82436941e-05,0.00000000e+00,0.00000000e+00,2.27160000e+00,4.95146731e-02
1.12050000e+02,2.34575874e-04,1.49323734e-05,0.00000000e+00,0.00000000e+00,3.39127334e-05,4.76118273e-06,0.00000000e+00,0.00000000e+00,2.44011793e-01,1.20147186e-02,1.18458563e+03,7.18505701e+01,2.68488609e-04,1.71665179e-05,0.00000000e+00,0.00000000e+00,0.00000000e+00,0.00000000e+00
1.12150000e+02,2.27253834e-04,1.31261142e-05,0.00000000e+00,0.00000000e+00,3.62065398e-05,6.08811667e-06,0.00000000e+00,0.00000000e+00,2.37663186e-01,1.07248731e-02,1.14790245e+03,6.31930263e+01,2.63460376e-04,1.57775334e-05,0.00000000e+00,0.00000000e+00,2.26660000e+00,4.92934652e-02
1.12250000e+02,2.21588837e-04,1.40285615e-05,0.00000000e+00,0.00000000e+00,3.07474906e-05,4.34660594e-06,0.00000000e+00,0.00000000e+00,2.31394027e-01,1.05294072e-02,1.11744701e+03,6.75167469e+01,2.52336329e-04,1.58373698e-05,0.00000000e+00,0.00000000e+00,0.00000000e+00,0.00000000e+00
1.12350000e+02,2.15955228e-04,1.35224412e-05,0.00000000e+00,0.00000000e+00,3.03691160e-05,4.27063965e-06,0.00000000e+00,0.00000000e+00,2.25629484e-01,9.88631114e-03,1.09111645e+03,6.50921110e+01,2.46324346e-04,1.52100482e-05,0.00000000e+00,0.00000000e+00,2.26420000e+00,4.84655064e-02
1.12450000e+02,2.11220542e-04,1.35375115e-05,0.00000000e+00,0.00000000e+00,3.15807594e-05,4.54526640e-06,0.00000000e+00,0.00000000e+00,2.25261461e-01,1.00388780e-02,1.06832852e+03,6.51900931e+01,2.42801303e-04,1.54970210e-05,0.00000000e+00,0.00000000e+00,0.00000000e+00,0.00000000e+00
1.12550000e+02,2.16220251e-04,1.36911403e-05,0.00000000e+00,0.00000000e+00,3.98530612e-05,7.27926432e-06,0.00000000e+00,0.00000000e+00,2.27790357e-01,1.04648440e-02,1.09244120e+03,6.56347161e+01,2.56073314e-04,1.74455485e-05,0.00000000e+00,0.00000000e+00,2.25420000e+00,4.87702569e-02
1.12650000e+02,2.18490839e-04,1.30592944e-05,0.00000000e+00,0.00000000e+00,3.68774145e-05,6.22833115e-06,0.00000000e+00,0.00000000e+00,2.31256318e-01,1.13627224e-02,1.10506348e+03,6.26547358e+01,2.55368256e-04,1.61741688e-05,0.00000000e+00,0.00000000e+00,0.00000000e+00,0.00000000e+00
1.12750000e+02,2.11766944e-04,1.29999578e-05,0.00000000e+00,0.00000000e+00,3.75180718e-05,6.38414296e-06,0.00000000e+00,0.00000000e+00,2.22714606e-01,1.02906599e-02,1.07047508e+03,6.22163191e+01,2.49285018e-04,1.52752381e-05,0.00000000e+00,0.00000000e+00,2.25220000e+00,4.95121424e-02
1.12850000e+02,2.03773766e-04,1.21219499e-05,0.00000000e+00,0.00000000e+00,3.96449726e-05,6.76466444e-06,0.00000000e+00,0.00000000e+00,2.17306363e-01,9.70320625e-03,1.03051697e+03,5.79096831e+01,2.43418740e-04,1.46478656e-05,0.00000000e+00,0.00000000e+00,0.00000000e+00,0.00000000e+00
1.12950000e+02,1.99045186e-04,1.19483783e-05,0.00000000e+00,0.00000000e+00,3.84108640e-05,6.44410160e-06,0.00000000e+00,0.00000000e+00,2.17504874e-01,9.56107775e-03,1.00882116e+03,5.73264043e+01,2.37456051e-04,1.46282669e-05,0.00000000e+00,0.00000000e+00,2.24000000e+00,4.94054446e-02
1.13050000e+02,2.02234049e-04,1.22595651e-05,0.00000000e+00,0.00000000e+00,4.19220847e-05,6.43062922e-06,0.00000000e+00,0.00000000e+00,2.16727401e-01,9.61858199e-03,1.02207033e+03,5.86131603e+01,2.44156135e-04,1.45074402e-05,0.00000000e+00,0.00000000e+00,0.00000000e+00,0.00000000e+00
1.13150000e+02,2.03914574e-04,1.24199539e-05,0.00000000e+00,0.00000000e+00,7.57816030e-05,3.44063801e-05,0.00000000e+00,0.00000000e+00,2.16981679e-01,9.39972251e-03,1.03103393e+03,5.95817049e+01,2.79696179e-04,3.55728119e-05,0.00000000e+00,0.00000000e+00,2.22540000e+00,4.82343006e-02
1.13250000e+02,2.03469604e-04,1.18838694e-05,0.00000000e+00,0.00000000e+00,4.55929293e-05,6.61150861e-06,0.00000000e+00,0.00000000e+00,2.20061897e-01,9.37381699e-03,1.03130076e+03,5.72059479e+01,2.49062535e-04,1.45702530e-05,0.00000000e+00,0.00000000e+00,0.00000000e+00,0.00000000e+00
1.13350000e+02,2.04846712e-04,1.25783772e-05,0.00000000e+00,0.00000000e+00,4.31786436e-05,6.33395049e-06,0.00000000e+00,0.00000000e+00,2.15205420e-01,8.90823955e-03,1.03693023e+03,6.11795409e+01,2.48025357e-04,1.46259327e-05,0.00000000e+00,0.00000000e+00,2.22020000e+00,4.80726406e-02
1.13450000e+02,2.04107511e-04,1.22307830e-05,0.00000000e+00,0.00000000e+00,4.45267023e-05,6.63117546e-06,0.00000000e+00,0.00000000e+00,2.20610027e-01,9.44039119e-03,1.03279578e+03,5.88365266e+01,2.48634216e-04,1.42094843e-05,0.00000000e+00,0.00000000e+00,0.00000000e+00,0.00000000e+00
1.13550000e+02,2.03634874e-04,1.29500130e-05,0.00000000e+00,0.00000000e+00,4.24242557e-05,6.28827414e-06,0.00000000e+00,0.00000000e+00,2.16878241e-01,9.23693759e-03,1.02905290e+03,6.25205495e+01,2.46059131e-04,1.42584012e-05,0.00000000e+00,0.00000000e+00,2.21160000e+00,4.82234256e-02
1.13650000e+02,2.10384360e-04,1.43601223e-05,0.00000000e+00,0.00000000e+00,3.96289527e-05,5.99475802e-06,0.00000000e+00,0.00000000e+00,2.15108267e-01,9.48962536e-03,1.05988940e+03,6.85296140e+01,2.50013314e-04,1.56845520e-05,0.00000000e+00,0.00000000e+00,0.00000000e+00,0.00000000e+00
1.13750000e+02,2.12944601e-04,1.36283525e-05,0.00000000e+00,0.00000000e+00,4.13277347e-05,6.15922775e-06,0.00000000e+00,0.00000000e+00,2.15401602e-01,9.14769488e-03,1.07267972e+03,6.47135802e+01,2.54272338e-04,1.56596495e-05,0.00000000e+00,0.00000000e+00,2.20620000e+00,4.86896796e-02
1.13850000e+02,2.12995260e-04,1.36063611e-05,0.00000000e+00,0.00000000e+00,4.34338475e-05,8.78391148e-06,0.00000000e+00,0.00000000e+00,2.15810245e-01,9.74812595e-03,1.07383882e+03,6.48111392e+01,2.56429109e-04,1.81466165e-05,0.00000000e+00,0.00000000e+00,0.00000000e+00,0.00000000e+00
1.13950000e+02,2.15095648e-04,1.35597888e-05,0.00000000e+00,0.00000000e+00,4.32211688e-05,8.96066865e-06,0.00000000e+00,0.00000000e+00,2.18542932e-01,9.98301316e-03,1.08271505e+03,6.45621754e+01,2.58316819e-04,1.81389656e-05,0.00000000e+00,0.00000000e+00,2.19980000e+00,4.85894840e-02
1.14050000e+02,2.07869624e-04,1.34096266e-05,0.00000000e+00,0.00000000e+00,4.76273900e-05,1.03604139e-05,0.00000000e+00,0.00000000e+00,2.12721758e-01,9.94531763e-03,1.04886559e+03,6.42067040e+01,2.55497016e-04,1.86112064e-05,0.00000000e+00,0.00000000e+00,0.00000000e+00,0.00000000e+00
1.14150000e+02,2.05016075e-04,1.32022029e-05,0.00000000e+00,0.00000000e+00,4.72575850e-05,1.16425388e-05,0.00000000e+00,0.00000000e+00,2.15120583e-01,1.15980360e-02,1.04135772e+03,6.46275649e+01,2.52273662e-04,1.87013391e-05,0.00000000e+00,0.00000000e+00,2.19800000e+00,4.85798312e-02
1.14250000e+02,1.99186199e-04,1.29198475e-05,0.00000000e+00,0.00000000e+00,4.73894686e-05,1.19036920e-05,0.00000000e+00,0.00000000e+00,2.15109643e-01,1.27281618e-02,1.01348921e+03,6.42502261e+01,2.46575669e-04,1.88379087e-05,0.00000000e+00,0.00000000e+00,0.00000000e+00,0.00000000e+00
1.14350000e+02,1.95662690e-04,1.21917858e-05,0.00000000e+00,0.00000000e+00,4.53930736e-05,1.13998650e-05,0.00000000e+00,0.00000000e+00,2.11843363e-01,1.13064663e-02,9.89913661e+02,5.89565729e+01,2.41055766e-04,1.81817182e-05,0.00000000e+00,0.00000000e+00,2.18880000e+00,4.81236842e-02
1.14450000e+02,1.90686743e-04,1.13259821e-05,0.00000000e+00,0.00000000e+00,4.65469730e-05,1.13685946e-05,0.00000000e+00,0.00000000e+00,2.04492413e-01,1.02418590e-02,9.65144332e+02,5.47185445e+01,2.37233717e-04,1.79419097e-05,0.00000000e+00,0.00000000e+00,0.00000000e+00,0.00000000e+00
1.14550000e+02,1.90790704e-04,1.06239426e-05,0.00000000e+00,0.00000000e+00,4.47199792e-05,1.13326406e-05,0.00000000e+00,0.00000000e+00,2.05513235e-01,9.79708067e-03,9.67324032e+02,5.17631372e+01,2.35510685e-04,1.70468189e-05,0.00000000e+00,0.00000000e+00,2.19420000e+00,4.79243366e-02
1.14650000e+02,1.90346650e-04,1.06707455e-05,0.00000000e+00,0.00000000e+00,4.25226916e-05,1.06874582e-05,0.00000000e+00,0.00000000e+00,2.03588083e-01,9.76505138e-03,9.62011166e+02,5.15711951e+01,2.32869343e-04,1.64207040e-05,0.00000000e+00,0.00000000e+00,0.00000000e+00,0.00000000e+00
1.14750000e+02,2.01789234e-04,1.16984163e-05,0.00000000e+00,0.00000000e+00,4.25479869e-05,1.05019557e-05,0.00000000e+00,0.00000000e+00,2.13685206e-01,1.07985222e-02,1.01905485e+03,5.62561610e+01,2.44337222e-04,1.68637031e-05,0.00000000e+00,0.00000000e+00,2.18580000e+00,4.83677157e-02
1.14850000e+02,1.96687613e-04,1.10653392e-05,0.00000000e+00,0.00000000e+00,4.27701493e-05,1.01595496e-05,0.00000000e+00,0.00000000e+00,2.06057594e-01,9.68990942e-03,9.91595204e+02,5.33303600e+01,2.39457764e-04,1.65512866e-05,0.00000000e+00,0.00000000e+00,0.00000000e+00,0.00000000e+00
1.14950000e+02,1.93052190e-04,1.18601539e-05,0.00000000e+00,0.00000000e+00,4.06950643e-05,1.01007849e-05,0.00000000e+00,0.00000000e+00,2.02768597e-01,9.36732971e-03,9.73033723e+02,5.72674898e+01,2.33747256e-04,1.72114808e-05,0.00000000e+00,0.00000000e+00,2.17660000e+00,4.82405622e-02
1.15050000e+02,1.90759244e-04,1.05231535e-05,0.00000000e+00,0.00000000e+00,4.65699492e-05,1.13183260e-05,0.00000000e+00,0.00000000e+00,2.05150169e-01,9.55131146e-03,9.62758832e+02,5.06338638e+01,2.37329195e-04,1.63259724e-05,0.00000000e+00,0.00000000e+00,0.00000000e+00,0.00000000e+00
1.15150000e+02,1.94793800e-04,1.22071789e-05,0.00000000e+00,0.00000000e+00,4.26096345e-05,1.05826137e-05,0.00000000e+00,0.00000000e+00,2.03605033e-01,8.95830734e-03,9.82248274e+02,5.82856074e+01,2.37403436e-04,1.68933591e-05,0.00000000e+00,0.00000000e+00,2.17420000e+00,4.79677528e-02
1.15250000e+02,1.88911193e-04,1.08203510e-05,0.00000000e+00,0.00000000e+00,3.55974866e-05,7.52756266e-06,0.00000000e+00,0.00000000e+00,2.03922754e-01,9.06192894e-03,9.61033656e+02,5.11380617e+01,2.24508681e-04,1.44543261e-05,0.00000000e+00,0.00000000e+00,0.00000000e+00,0.00000000e+00
1.15350000e+02,1.84706780e-04,1.03230331e-05,0.00000000e+00,0.00000000e+00,3.56526747e-05,7.75723185e-06,0.00000000e+00,0.00000000e+00,1.99565381e-01,8.84216953e-03,9.34580325e+02,4.94650164e+01,2.20359456e-04,1.38746905e-05,0.00000000e+00,0.00000000e+00,2.16600000e+00,4.74113566e-02
1.15450000e+02,1.88429633e-04,1.12830625e-05,0.00000000e+00,0.00000000e+00,3.51931227e-05,7.44346548e-06,0.00000000e+00,0.00000000e+00,2.02160322e-01,9.49820656e-03,9.51381756e+02,5.38156055e+01,2.23622758e-04,1.43680796e-05,0.00000000e+00,0.00000000e+00,0.00000000e+00,0.00000000e+00
1.15550000e+02,1.91332411e-04,1.42565610e-05,0.00000000e+00,0.00000000e+00,3.38366322e-05,7.18176840e-06,0.00000000e+00,0.00000000e+00,2.00695912e-01,9.87701692e-03,9.64214697e+02,6.77295180e+01,2.25169045e-04,1.64915313e-05,0.00000000e+00,0.00000000e+00,2.16860000e+00,4.80781761e-02
1.15650000e+02,1.95521537e-04,1.42312535e-05,0.00000000e+00,0.00000000e+00,3.33730116e-05,7.13532946e-06,0.00000000e+00,0.00000000e+00,2.02269156e-01,9.81020153e-03,9.84626511e+02,6.79432140e+01,2.28894550e-04,1.67408446e-05,0.00000000e+00,0.00000000e+00,0.00000000e+00,0.00000000e+00
1.15750000e+02,1.94750117e-04,1.32463564e-05,0.00000000e+00,0.00000000e+00,3.30722978e-05,7.16497173e-06,0.00000000e+00,0.00000000e+00,2.02807517e-01,9.56953278e-03,9.79881169e+02,6.29585672e+01,2.27822416e-04,1.59265823e-05,0.00000000e+00,0.00000000e+00,2.15840000e+00,4.85111895e-02
1.15850000e+02,1.92376749e-04,1.39571715e-05,0.00000000e+00,0.00000000e+00,3.42435098e-05,7.20675175e-06,0.00000000e+00,0.00000000e+00,2.00515332e-01,9.82082854e-03,9.67957464e+02,6.70215857e+01,2.26620260e-04,1.69526891e-05,0.00000000e+00,0.00000000e+00,0.00000000e+00,0.00000000e+00
1.15950000e+02,1.94019558e-04,1.40414191e-05,0.00000000e+00,0.00000000e+00,3.56709904e-05,7.54108230e-06,0.00000000e+00,0.00000000e+00,2.00628103e-01,9.24547675e-03,9.79105580e+02,6.67813822e+01,2.29690550e-04,1.71798200e-05,0.00000000e+00,0.00000000e+00,2.16520000e+00,4.96421809e-02
1.16050000e+02,1.95048599e-04,1.41771541e-05,0.00000000e+00,0.00000000e+00,3.69469710e-05,7.84485801e-06,0.00000000e+00,0.00000000e+00,2.00715739e-01,9.46321014e-03,9.86746000e+02,6.76733348e+01,2.31995572e-04,1.76848006e-05,0.00000000e+00,0.00000000e+00,0.00000000e+00,0.00000000e+00
1.16150000e+02,1.93751243e-04,1.31030405e-05,0.00000000e+00,0.00000000e+00,3.59645677e-05,7.09039735e-06,0.00000000e+00,0.00000000e+00,1.99660251e-01,9.06040953e-03,9.78752230e+02,6.25164188e+01,2.29715813e-04,1.57836853e-05,0.00000000e+00,0.00000000e+00,2.16660000e+00,4.97927214e-02
1.16250000e+02,1.98020783e-04,1.54022077e-05,0.00000000e+00,0.00000000e+00,3.23604660e-05,5.66828713e-06,0.00000000e+00,0.00000000e+00,2.00458839e-01,8.73435926e-03,9.98436527e+02,7.27971483e+01,2.30381251e-04,1.68005099e-05,0.00000000e+00,0.00000000e+00,0.00000000e+00,0.00000000e+00
1.16350000e+02,1.90633010e-04,1.39639510e-05,0.00000000e+00,0.00000000e+00,3.12638810e-05,5.72533486e-06,0.00000000e+00,0.00000000e+00,2.00726648e-01,9.38989852e-03,9.61228303e+02,6.61215895e+01,2.21896893e-04,1.55952885e-05,0.00000000e+00,0.00000000e+00,2.15960000e+00,4.90139172e-02
1.16450000e+02,1.97951831e-04,1.54085551e-05,0.00000000e+00,0.00000000e+00,3.07430954e-05,5.66313204e-06,0.00000000e+00,0.00000000e+00,2.05063607e-01,9.32433362e-03,9.95068970e+02,7.30112380e+01,2.28694928e-04,1.71435330e-05,0.00000000e+00,0.00000000e+00,0.00000000e+00,0.00000000e+00
1.16550000e+02,1.91558764e-04,1.38015740e-05,0.00000000e+00,0.00000000e+00,3.09186504e-05,5.88711899e-06,0.00000000e+00,0.00000000e+00,2.00160614e-01,8.89250808e-03,9.61393649e+02,6.60223982e+01,2.22477416e-04,1.65183394e-05,0.00000000e+00,0.00000000e+00,2.15560000e+00,4.98979857e-02
1.16650000e+02,1.84824543e-04,1.29344908e-05,0.00000000e+00,0.00000000e+00,3.13298708e-05,7.87480800e-06,0.00000000e+00,0.00000000e+00,1.95610774e-01,8.48207497e-03,9.29405548e+02,6.17566976e+01,2.16154415e-04,1.60265093e-05,0.00000000e+00,0.00000000e+00,0.00000000e+00,0.00000000e+00
1.16750000e+02,1.88890756e-04,1.25695904e-05,0.00000000e+00,0.00000000e+00,2.73626660e-05,5.35208593e-06,0.00000000e+00,0.00000000e+00,1.97266462e-01,8.40438188e-03,9.49692726e+02,6.01679048e+01,2.16253424e-04,1.46037752e-05,0.00000000e+00,0.00000000e+00,2.14620000e+00,4.93838691e-02
1.16850000e+02,1.90422730e-04,1.41865595e-05,0.00000000e+00,0.00000000e+00,2.63829338e-05,5.06660087e-06,0.00000000e+00,0.00000000e+00,1.98807372e-01,9.07285670e-03,9.55376404e+02,6.77790043e+01,2.16805665e-04,1.60566401e-05,0.00000000e+00,0.00000000e+00,0.00000000e+00,0.00000000e+00
1.16950000e+02,1.99341803e-04,1.87387953e-05,0.00000000e+00,0.00000000e+00,2.75984352e-05,5.10991488e-06,0.00000000e+00,0.00000000e+00,2.01021559e-01,1.05742687e-02,9.98067536e+02,8.96084850e+01,2.26940240e-04,2.04634231e-05,0.00000000e+00,0.00000000e+00,2.14180000e+00,4.80396860e-02
1.17050000e+02,1.89116739e-04,1.44747323e-05,0.00000000e+00,0.00000000e+00,4.75470950e-05,2.32512490e-05,0.00000000e+00,0.00000000e+00,1.94552002e-01,9.27454463e-03,9.47586593e+02,6.90285440e+01,2.36663836e-04,2.74707157e-05,0.00000000e+00,0.00000000e+00,0.00000000e+00,0.00000000e+00
1.17150000e+02,1.91976033e-04,1.49798474e-05,0.00000000e+00,0.00000000e+00,4.78860461e-05,2.52941890e-05,0.00000000e+00,0.00000000e+00,1.96783969e-01,8.75387769e-03,9.62629170e+02,7.12563844e+01,2.39862081e-04,2.97340684e-05,0.00000000e+00,0.00000000e+00,2.13580000e+00,4.77271924e-02
1.17250000e+02,1.84422967e-04,1.34081154e-05,0.00000000e+00,0.00000000e+00,2.71839679e-05,5.36289126e-06,0.00000000e+00,0.00000000e+00,1.95811469e-01,8.68833480e-03,9.27163711e+02,6.37391613e+01,2.11606936e-04,1.53113831e-05,0.00000000e+00,0.00000000e+00,0.00000000e+00,0.00000000e+00
1.17350000e+02,1.74865209e-04,1.19190078e-05,0.00000000e+00,0.00000000e+00,2.24209316e-05,3.75575697e-06,0.00000000e+00,0.00000000e+00,1.89670406e-01,8.09721237e-03,8.82323454e+02,5.67255526e+01,1.97286142e-04,1.32661503e-05,0.00000000e+00,0.00000000e+00,2.13220000e+00,4.69913496e-02
1.17450000e+02,1.77870284e-04,1.18264786e-05,0.00000000e+00,0.00000000e+00,2.39862668e-05,3.94006471e-06,0.00000000e+00,0.00000000e+00,1.97374020e-01,8.54502719e-03,8.96937578e+02,5.62503738e+01,2.01856552e-04,1.32306436e-05,0.00000000e+00,0.00000000e+00,0.00000000e+00,0.00000000e+00
1.17550000e+02,1.76861254e-04,1.25343038e-05,0.00000000e+00,0.00000000e+00,2.68161860e-05,4.82207663e-06,0.00000000e+00,0.00000000e+00,1.92847661e-01,8.32045378e-03,8.88653294e+02,5.98705248e+01,2.03677442e-04,1.42471866e-05,0.00000000e+00,0.00000000e+00,2.12780000e+00,4.70919985e-02
1.17650000e+02,1.76690800e-04,1.23630690e-05,0.00000000e+00,0.00000000e+00,4.68408888e-05,1.90910000e-05,0.00000000e+00,0.00000000e+00,1.90091023e-01,8.25345810e-03,8.86976599e+02,5.91294675e+01,2.23531691e-04,2.30423453e-05,0.00000000e+00,0.00000000e+00,0.00000000e+00,0.00000000e+00
1.17750000e+02,1.81711614e-04,1.41857161e-05,0.00000000e+00,0.00000000e+00,3.71565079e-05,9.07482665e-06,0.00000000e+00,0.00000000e+00,1.93452623e-01,9.44760952e-03,9.11920429e+02,6.83047134e+01,2.18868123e-04,1.78219684e-05,0.00000000e+00,0.00000000e+00,2.12620000e+00,4.76773938e-02
1.17850000e+02,1.73235718e-04,1.18374505e-05,0.00000000e+00,0.00000000e+00,3.50353284e-05,7.39933766e-06,0.00000000e+00,0.00000000e+00,1.89931824e-01,8.82411334e-03,8.73339645e+02,5.70733320e+01,2.08271048e-04,1.50184721e-05,0.00000000e+00,0.00000000e+00,0.00000000e+00,0.00000000e+00
1.17950000e+02,1.75648054e-04,1.25731123e-05,0.00000000e+00,0.00000000e+00,3.52861933e-05,7.31306958e-06,0.00000000e+00,0.00000000e+00,1.89840381e-01,8.85554098e-03,8.83316605e+02,6.03214439e+01,2.10934249e-04,1.56777195e-05,0.00000000e+00,0.00000000e+00,2.13200000e+00,4.65232003e-02
1.18050000e+02,1.74204279e-04,1.18543175e-05,0.00000000e+00,0.00000000e+00,3.46123212e-05,7.21803357e-06,0.00000000e+00,0.00000000e+00,1.90342182e-01,8.74189502e-03,8.75927599e+02,5.68841391e+01,2.08816602e-04,1.39868398e-05,0.00000000e+00,0.00000000e+00,0.00000000e+00,0.00000000e+00
1.18150000e+02,1.75741791e-04,1.22098465e-05,0.00000000e+00,0.00000000e+00,3.02756020e-05,6.51981326e-06,0.00000000e+00,0.00000000e+00,1.87511660e-01,8.71934378e-03,8.82365891e+02,5.85200597e+01,2.06017395e-04,1.40968242e-05,0.00000000e+00,0.00000000e+00,2.14200000e+00,4.70900137e-02
1.18250000e+02,1.74998259e-04,1.25737025e-05,0.00000000e+00,0.00000000e+00,2.90097591e-05,5.93696468e-06,0.00000000e+00,0.00000000e+00,1.84224058e-01,8.67715474e-03,8.78447710e+02,6.02673431e+01,2.04008020e-04,1.43983735e-05,0.00000000e+00,0.00000000e+00,0.00000000e+00,0.00000000e+00
1.18350000e+02,1.74967210e-04,1.39566544e-05,0.00000000e+00,0.00000000e+00,3.08237452e-05,5.62421692e-06,0.00000000e+00,0.00000000e+00,1.83423303e-01,8.87460218e-03,8.79597562e+02,6.66628622e+01,2.05790956e-04,1.54183444e-05,0.00000000e+00,0.00000000e+00,2.13780000e+00,4.73668187e-02
1.18450000e+02,1.76800765e-04,1.36116014e-05,0.00000000e+00,0.00000000e+00,3.15743776e-05,5.46786422e-06,0.00000000e+00,0.00000000e+00,1.85914152e-01,9.56193807e-03,8.87728438e+02,6.51001353e+01,2.08375145e-04,1.51162159e-05,0.00000000e+00,0.00000000e+00,0.00000000e+00,0.00000000e+00
1.18550000e+02,1.77763095e-04,1.29634179e-05,0.00000000e+00,0.00000000e+00,3.21216508e-05,4.72908865e-06,0.00000000e+00,0.00000000e+00,1.84029820e-01,9.11772567e-03,8.99033204e+02,6.39761845e+01,2.09884747e-04,1.38139654e-05,0.00000000e+00,0.00000000e+00,2.13800000e+00,4.83136014e-02
1.18650000e+02,1.71917709e-04,1.22442528e-05,0.00000000e+00,0.00000000e+00,3.55925447e-05,6.59964672e-06,0.00000000e+00,0.00000000e+00,1.82450932e-01,8.69843296e-03,8.63224091e+02,5.83904152e+01,2.07510255e-04,1.41673615e-05,0.00000000e+00,0.00000000e+00,0.00000000e+00,0.00000000e+00
1.18750000e+02,1.66765843e-04,1.09767362e-05,0.00000000e+00,0.00000000e+00,3.43053397e-05,6.58449255e-06,0.00000000e+00,0.00000000e+00,1.80328021e-01,8.99754110e-03,8.40545371e+02,5.26754098e+01,2.01071184e-04,1.33565891e-05,0.00000000e+00,0.00000000e+00,2.13440000e+00,4.88748172e-02
1.18850000e+02,1.63247758e-04,1.09335212e-05,0.00000000e+00,0.00000000e+00,3.55537387e-05,7.01805173e-06,0.00000000e+00,0.00000000e+00,1.75985337e-01,8.63060719e-03,8.20535861e+02,5.22259745e+01,1.98801498e-04,1.40629691e-05,0.00000000e+00,0.00000000e+00,0.00000000e+00,0.00000000e+00
1.18950000e+02,1.66159480e-04,1.14772860e-05,0.00000000e+00,0.00000000e+00,4.73116113e-05,1.75937396e-05,0.00000000e+00,0.00000000e+00,1.75991708e-01,7.99969320e-03,8.36169342e+02,5.45449907e+01,2.13471093e-04,2.36446312e-05,0.00000000e+00,0.00000000e+00,2.13960000e+00,4.92672512e-02
1.19050000e+02,1.66249769e-04,1.06642187e-05,0.00000000e+00,0.00000000e+00,3.84860540e-05,7.56227957e-06,0.00000000e+00,0.00000000e+00,1.73573851e-01,8.08546313e-03,8.35291404e+02,5.08232329e+01,2.04735824e-04,1.38997362e-05,0.00000000e+00,0.00000000e+00,0.00000000e+00,0.00000000e+00
1.19150000e+02,1.74220832e-04,1.14598027e-05,0.00000000e+00,0.00000000e+00,5.79244560e-05,2.03079767e-05,0.00000000e+00,0.00000000e+00,1.76027083e-01,8.10300542e-03,8.72704969e+02,5.45333973e+01,2.32145290e-04,2.42318763e-05,0.00000000e+00,0.00000000e+00,2.13780000e+00,4.94890547e-02
1.19250000e+02,1.71790024e-04,1.14307231e-05,0.00000000e+00,0.00000000e+00,3.26101629e-05,5.59458708e-06,0.00000000e+00,0.00000000e+00,1.74221002e-01,8.38211354e-03,8.60379926e+02,5.45291101e+01,2.04400188e-04,1.31924403e-05,0.00000000e+00,0.00000000e+00,0.00000000e+00,0.00000000e+00
1.19350000e+02,1.72882370e-04,1.22741801e-05,0.00000000e+00,0.00000000e+00,2.94627527e-05,4.63187855e-06,0.00000000e+00,0.00000000e+00,1.73122513e-01,8.53182734e-03,8.65236179e+02,5.85138191e+01,2.02345124e-04,1.35678552e-05,0.00000000e+00,0.00000000e+00,2.13740000e+00,4.93399784e-02
1.19450000e+02,1.66236762e-04,1.12318741e-05,0.00000000e+00,0.00000000e+00,3.00791747e-05,4.86186819e-06,0.00000000e+00,0.00000000e+00,1.69906117e-01,8.72900985e-03,8.32731787e+02,5.34912707e+01,1.96315939e-04,1.28641991e-05,0.00000000e+00,0.00000000e+00,0.00000000e+00,0.00000000e+00
1.19550000e+02,1.65880461e-04,1.07852671e-05,0.00000000e+00,0.00000000e+00,2.84115310e-05,4.19127866e-06,0.00000000e+00,0.00000000e+00,1.69714627e-01,8.52184434e-03,8.31094768e+02,5.17242584e+01,1.94291993e-04,1.22414461e-05,0.00000000e+00,0.00000000e+00,2.13040000e+00,4.90413903e-02
1.19650000e+02,1.71264309e-04,1.11683098e-05,0.00000000e+00,0.00000000e+00,2.44133826e-05,3.42239030e-06,0.00000000e+00,0.00000000e+00,1.72059854e-01,8.68405192e-03,8.56213928e+02,5.33043550e+01,1.95677694e-04,1.18169600e-05,0.00000000e+00,0.00000000e+00,0.00000000e+00,0.00000000e+00
1.19750000e+02,1.75358278e-04,1.12853027e-05,0.00000000e+00,0.00000000e+00,2.75248979e-05,4.67937182e-06,0.00000000e+00,0.00000000e+00,1.73722076e-01,8.18360903e-03,8.78739104e+02,5.35927839e+01,2.02883178e-04,1.24515324e-05,0.00000000e+00,0.00000000e+00,2.12820000e+00,4.96425509e-02
1.19850000e+02,1.67578197e-04,1.06928798e-05,0.00000000e+00,0.00000000e+00,2.58750163e-05,3.97133603e-06,0.00000000e+00,0.00000000e+00,1.69083063e-01,7.81848277e-03,8.38848623e+02,5.07666641e+01,1.93453215e-04,1.19163391e-05,0.00000000e+00,0.00000000e+00,0.00000000e+00,0.00000000e+00
1.19950000e+02,1.71413584e-04,1.17253938e-05,0.00000000e+00,0.00000000e+00,2.45893651e-05,3.49216747e-06,0.00000000e+00,0.00000000e+00,1.73177483e-01,9.69095115e-03,8.57173761e+02,5.64191531e+01,1.96002951e-04,1.26050555e-05,0.00000000e+00,0.00000000e+00,2.12280000e+00,4.95308933e-02
1.20050000e+02,1.64531348e-04,9.70580645e-06,0.00000000e+00,0.00000000e+00,2.22299236e-05,2.81036646e-06,0.00000000e+00,0.00000000e+00,1.65639549e-01,6.90628062e-03,8.22524390e+02,4.59090076e+01,1.86761274e-04,1.09063874e-05,0.00000000e+00,0.00000000e+00,0.00000000e+00,0.00000000e+00
1.20150000e+02,1.63633305e-04,9.67296248e-06,0.00000000e+00,0.00000000e+00,2.11489657e-05,2.33037101e-06,0.00000000e+00,0.00000000e+00,1.67577935e-01,7.42245985e-03,8.20017028e+02,4.57276350e+01,1.84782272e-04,1.07065128e-05,0.00000000e+00,0.00000000e+00,2.12040000e+00,4.95028014e-02
1.20250000e+02,1.59958951e-04,9.88999336e-06,0.00000000e+00,0.00000000e+00,2.12885980e-05,2.50147245e-06,0.00000000e+00,0.00000000e+00,1.64183177e-01,7.48134596e-03,8.02407298e+02,4.71524915e+01,1.81247551e-04,1.07790568e-05,0.00000000e+00,0.00000000e+00,0.00000000e+00,0.00000000e+00
1.20350000e+02,1.61083755e-04,9.99703459e-06,0.00000000e+00,0.00000000e+00,2.15540558e-05,2.89242724e-06,0.00000000e+00,0.00000000e+00,1.67196592e-01,7.97970568e-03,8.08534116e+02,4.78503069e+01,1.82637812e-04,1.09039825e-05,0.00000000e+00,0.00000000e+00,2.11740000e+00,5.04031178e-02
1.20450000e+02,1.67997053e-04,1.20699478e-05,0.00000000e+00,0.00000000e+00,2.70001804e-05,8.55108578e-06,0.00000000e+00,0.00000000e+00,1.68372079e-01,8.63024968e-03,8.42975929e+02,5.80203813e+01,1.94997235e-04,1.48060718e-05,0.00000000e+00,0.00000000e+00,0.00000000e+00,0.00000000e+00
1.20550000e+02,1.71555463e-04,1.22018762e-05,0.00000000e+00,0.00000000e+00,2.76165729e-05,8.67171341e-06,0.00000000e+00,0.00000000e+00,1.69745248e-01,8.91975826e-03,8.58030921e+02,5.81901859e+01,1.99172037e-04,1.54668022e-05,0.00000000e+00,0.00000000e+00,2.10960000e+00,5.11356419e-02
1.20650000e+02,1.59160935e-04,1.00232418e-05,0.00000000e+00,0.00000000e+00,3.34117614e-05,1.08559698e-05,0.00000000e+00,0.00000000e+00,1.64087290e-01,8.01952770e-03,7.96741205e+02,4.77432070e+01,1.92572698e-04,1.63283097e-05,0.00000000e+00,0.00000000e+00,0.00000000e+00,0.00000000e+00
1.20750000e+02,1.56915382e-04,1.04965872e-05,0.00000000e+00,0.00000000e+00,3.66036370e-05,1.12636320e-05,0.00000000e+00,0.00000000e+00,1.60651536e-01,7.72022323e-03,7.85905173e+02,4.98876162e+01,1.93519021e-04,1.70921706e-05,0.00000000e+00,0.00000000e+00,2.10780000e+00,5.15682943e-02
1.20850000e+02,1.55279100e-04,9.62938045e-06,0.00000000e+00,0.00000000e+00,3.82804909e-05,1.11271891e-05,0.00000000e+00,0.00000000e+00,1.59846243e-01,7.55598583e-03,7.78100650e+02,4.58792766e+01,1.93559592e-04,1.60892043e-05,0.00000000e+00,0.00000000e+00,0.00000000e+00,0.00000000e+00
1.20950000e+02,1.57070663e-04,9.85402736e-06,0.00000000e+00,0.00000000e+00,3.89191513e-05,8.62556767e-06,0.00000000e+00,0.00000000e+00,1.61341514e-01,7.57690474e-03,7.86412179e+02,4.68309952e+01,1.95989815e-04,1.42560049e-05,0.00000000e+00,0.00000000e+00,2.10460000e+00,5.10263717e-02
1.21050000e+02,1.64238489e-04,1.20516909e-05,0.00000000e+00,0.00000000e+00,3.30814056e-05,6.65875587e-06,0.00000000e+00,0.00000000e+00,1.62947490e-01,7.68633757e-03,8.21813421e+02,5.72750568e+01,1.97319896e-04,1.44927677e-05,0.00000000e+00,0.00000000e+00,0.00000000e+00,0.00000000e+00
1.21150000e+02,1.61601483e-04,1.14831315e-05,0.00000000e+00,0.00000000e+00,3.12169738e-05,6.38882144e-06,0.00000000e+00,0.00000000e+00,1.63627878e-01,7.59182226e-03,8.09884979e+02,5.52161556e+01,1.92818458e-04,1.41253253e-05,0.00000000e+00,0.00000000e+00,2.10020000e+00,5.07233312e-02
1.21250000e+02,1.58926277e-04,1.10438796e-05,0.00000000e+00,0.00000000e+00,2.89806485e-05,4.82084815e-06,0.00000000e+00,0.00000000e+00,1.64309729e-01,7.86925805e-03,7.96088443e+02,5.26781351e+01,1.87906927e-04,1.30826464e-05,0.00000000e+00,0.00000000e+00,0.00000000e+00,0.00000000e+00
1.21350000e+02,1.61796738e-04,1.05885222e-05,0.00000000e+00,0.00000000e+00,3.09193141e-05,5.98053805e-06,0.00000000e+00,0.00000000e+00,1.67271710e-01,8.68366343e-03,8.09543348e+02,5.06707127e+01,1.92716054e-04,1.30070721e-05,0.00000000e+00,0.00000000e+00,2.10160000e+00,5.15335120e-02
1.21450000e+02,1.61446559e-04,1.14893976e-05,0.00000000e+00,0.00000000e+00,3.46569329e-05,6.77160092e-06,0.00000000e+00,0.00000000e+00,1.62265411e-01,8.40140404e-03,8.06330401e+02,5.49410308e+01,1.96103494e-04,1.46328757e-05,0.00000000e+00,0.00000000e+00,0.00000000e+00,0.00000000e+00
1.21550000e+02,1.61859161e-04,1.18792204e-05,0.00000000e+00,0.00000000e+00,3.53748072e-05,6.82319923e-06,0.00000000e+00,0.00000000e+00,1.62998714e-01,8.26847178e-03,8.10116510e+02,5.69009143e+01,1.97233969e-04,1.48012223e-05,0.00000000e+00,0.00000000e+00,2.09980000e+00,5.12890886e-02
1.21650000e+02,1.54375446e-04,1.08967680e-05,0.00000000e+00,0.00000000e+00,4.58583341e-05,1.26069015e-05,0.00000000e+00,0.00000000e+00,1.55704705e-01,7.83476667e-03,7.70913488e+02,5.21494139e+01,2.00233782e-04,1.81184555e-05,0.00000000e+00,0.00000000e+00,0.00000000e+00,0.00000000e+00
1.21750000e+02,1.52313264e-04,1.07248549e-05,0.00000000e+00,0.00000000e+00,4.01000845e-05,1.36886985e-05,0.00000000e+00,0.00000000e+00,1.54099665e-01,7.83677088e-03,7.60786183e+02,5.13631436e+01,1.92413350e-04,1.91392892e-05,0.00000000e+00,0.00000000e+00,2.09720000e+00,5.05278586e-02
1.21850000e+02,1.59000278e-04,1.30129137e-05,0.00000000e+00,0.00000000e+00,2.51677216e-05,5.27605221e-06,0.00000000e+00,0.00000000e+00,1.56886106e-01,8.26610934e-03,7.93681049e+02,6.21907925e+01,1.84168001e-04,1.59027755e-05,0.00000000e+00,0.00000000e+00,0.00000000e+00,0.00000000e+00
1.21950000e+02,1.57620239e-04,1.16234491e-05,0.00000000e+00,0.00000000e+00,2.29897029e-05,4.68130243e-06,0.00000000e+00,0.00000000e+00,1.57101147e-01,7.38181270e-03,7.89096464e+02,5.54661877e+01,1.80609943e-04,1.34988071e-05,0.00000000e+00,0.00000000e+00,2.09720000e+00,5.21395615e-02
1.22050000e+02,1.57645291e-04,1.11093407e-05,0.00000000e+00,0.00000000e+00,1.99740507e-05,3.32892522e-06,0.00000000e+00,0.00000000e+00,1.59143006e-01,7.85926184e-03,7.91902102e+02,5.39473343e+01,1.77619344e-04,1.22198600e-05,0.00000000e+00,0.00000000e+00,0.00000000e+00,0.00000000e+00
1.22150000e+02,1.56230915e-04,1.11580293e-05,0.00000000e+00,0.00000000e+00,1.91369188e-05,3.28535137e-06,0.00000000e+00,0.00000000e+00,1.55731627e-01,7.27748927e-03,7.83383956e+02,5.33451797e+01,1.75367835e-04,1.22524688e-05,0.00000000e+00,0.00000000e+00,2.09440000e+00,5.24401778e-02
1.22250000e+02,1.60158226e-04,1.29225957e-05,0.00000000e+00,0.00000000e+00,2.29820407e-05,4.13166594e-06,0.00000000e+00,0.00000000e+00,1.56348568e-01,6.90980781e-03,8.01212698e+02,6.14607588e+01,1.83140268e-04,1.40937529e-05,0.00000000e+00,0.00000000e+00,0.00000000e+00,0.00000000e+00
1.22350000e+02,1.54813274e-04,1.13217202e-05,0.00000000e+00,0.00000000e+00,1.98423916e-05,3.81911908e-06,0.00000000e+00,0.00000000e+00,1.54109592e-01,7.32095801e-03,7.74563805e+02,5.40099012e+01,1.74655667e-04,1.26907554e-05,0.00000000e+00,0.00000000e+00,2.08900000e+00,5.19098512e-02
1.22450000e+02,1.57544168e-04,1.12668075e-05,0.00000000e+00,0.00000000e+00,1.87562683e-05,3.13015669e-06,0.00000000e+00,0.00000000e+00,1.56415045e-01,7.48784497e-03,7.87919213e+02,5.37314564e+01,1.76300438e-04,1.25269853e-05,0.00000000e+00,0.00000000e+00,0.00000000e+00,0.00000000e+00
1.22550000e+02,1.61685984e-04,1.14631060e-05,0.00000000e+00,0.00000000e+00,2.16074459e-05,4.61267239e-06,0.00000000e+00,0.00000000e+00,1.59505727e-01,7.59936035e-03,8.08647521e+02,5.45251543e+01,1.83293431e-04,1.32237310e-05,0.00000000e+00,0.00000000e+00,2.09260000e+00,5.19503766e-02
1.22650000e+02,1.61380350e-04,1.11820928e-05,0.00000000e+00,0.00000000e+00,1.80500851e-05,3.65385619e-06,0.00000000e+00,0.00000000e+00,1.58633193e-01,7.49965527e-03,8.08021406e+02,5.28701581e+01,1.79430436e-04,1.25676419e-05,0.00000000e+00,0.00000000e+00,0.00000000e+00,0.00000000e+00
1.22750000e+02,1.56687251e-04,1.18598393e-05,0.00000000e+00,0.00000000e+00,1.87208317e-05,3.39402597e-06,0.00000000e+00,0.00000000e+00,1.55542359e-01,7.80012743e-03,7.90745247e+02,5.60482916e+01,1.75408084e-04,1.38736597e-05,0.00000000e+00,0.00000000e+00,2.08820000e+00,5.18409577e-02
1.22850000e+02,1.53058805e-04,1.05765532e-05,0.00000000e+00,0.00000000e+00,1.72397449e-05,2.16496898e-06,0.00000000e+00,0.00000000e+00,1.51430631e-01,6.87440625e-03,7.67847861e+02,4.99509198e+01,1.70298552e-04,1.11443578e-05,0.00000000e+00,0.00000000e+00,0.00000000e+00,0.00000000e+00
1.22950000e+02,1.52566380e-04,1.12425857e-05,0.00000000e+00,0.00000000e+00,1.62945549e-05,2.08673483e-06,0.00000000e+00,0.00000000e+00,1.51010418e-01,7.31975101e-03,7.63150869e+02,5.34733142e+01,1.68860936e-04,1.17435476e-05,0.00000000e+00,0.00000000e+00,2.08360000e+00,5.16667185e-02
1.23050000e+02,1.53333824e-04,1.06493361e-05,0.00000000e+00,0.00000000e+00,1.62400887e-05,2.39617356e-06,0.00000000e+00,0.00000000e+00,1.50080398e-01,6.97824012e-03,7.65652780e+02,5.09481423e+01,1.69573914e-04,1.11961146e-05,0.00000000e+00,0.00000000e+00,0.00000000e+00,0.00000000e+00
1.23150000e+02,1.58815317e-04,1.25223023e-05,0.00000000e+00,0.00000000e+00,1.66827556e-05,2.62056568e-06,0.00000000e+00,0.00000000e+00,1.50565789e-01,6.74802359e-03,7.92040016e+02,5.95427365e+01,1.75498073e-04,1.30472972e-05,0.00000000e+00,0.00000000e+00,2.07680000e+00,5.14392370e-02
1.23250000e+02,1.53933295e-04,1.22994561e-05,0.00000000e+00,0.00000000e+00,1.62524204e-05,2.64451704e-06,0.00000000e+00,0.00000000e+00,1.51375892e-01,8.54250014e-03,7.70737982e+02,5.93636047e+01,1.70185716e-04,1.30826257e-05,0.00000000e+00,0.00000000e+00,0.00000000e+00,0.00000000e+00
1.23350000e+02,1.52057483e-04,1.22296012e-05,0.00000000e+00,0.00000000e+00,1.65987756e-05,2.75004066e-06,0.00000000e+00,0.00000000e+00,1.49413495e-01,7.63786248e-03,7.59044365e+02,5.81948578e+01,1.68656260e-04,1.30039292e-05,0.00000000e+00,0.00000000e+00,2.06840000e+00,5.15952537e-02
1.23450000e+02,1.56610043e-04,1.34517539e-05,0.00000000e+00,0.00000000e+00,1.67574142e-05,2.84365660e-06,0.00000000e+00,0.00000000e+00,1.50021337e-01,7.66366039e-03,7.81437724e+02,6.41737449e+01,1.73367458e-04,1.43265793e-05,0.00000000e+00,0.00000000e+00,0.00000000e+00,0.00000000e+00
1.23550000e+02,1.55124179e-04,1.21657244e-05,0.00000000e+00,0.00000000e+00,1.88839850e-05,3.13559424e-06,0.00000000e+00,0.00000000e+00,1.53072141e-01,7.89479125e-03,7.74963220e+02,5.81199925e+01,1.74008166e-04,1.31397588e-05,0.00000000e+00,0.00000000e+00,2.06420000e+00,5.15158704e-02
1.23650000e+02,1.51577371e-04,1.19595766e-05,0.00000000e+00,0.00000000e+00,1.69693479e-05,2.71510131e-06,0.00000000e+00,0.00000000e+00,1.49688515e-01,7.48718404e-03,7.56908437e+02,5.71068917e+01,1.68546720e-04,1.24845375e-05,0.00000000e+00,0.00000000e+00,0.00000000e+00,0.00000000e+00
1.23750000e+02,1.47399933e-04,1.10972611e-05,0.00000000e+00,0.00000000e+00,1.94039223e-05,3.78448987e-06,0.00000000e+00,0.00000000e+00,1.45331726e-01,7.14504473e-03,7.35590232e+02,5.30485418e+01,1.66803857e-04,1.17543256e-05,0.00000000e+00,0.00000000e+00,2.06060000e+00,5.16395751e-02
1.23850000e+02,1.51512985e-04,1.20486787e-05,0.00000000e+00,0.00000000e+00,1.97402138e-05,4.13353645e-06,0.00000000e+00,0.00000000e+00,1.46818781e-01,7.74857257e-03,7.55375087e+02,5.75447710e+01,1.71253200e-04,1.26367990e-05,0.00000000e+00,0.00000000e+00,0.00000000e+00,0.00000000e+00
1.23950000e+02,1.48788151e-04,1.19357095e-05,0.00000000e+00,0.00000000e+00,1.88943656e-05,4.07464332e-06,0.00000000e+00,0.00000000e+00,1.44826394e-01,7.28046533e-03,7.41861832e+02,5.70078619e+01,1.67682518e-04,1.25132241e-05,0.00000000e+00,0.00000000e+00,2.04800000e+00,5.10925531e-02
1.24050000e+02,1.49787570e-04,1.21711883e-05,0.00000000e+00,0.00000000e+00,1.86975453e-05,4.02062215e-06,0.00000000e+00,0.00000000e+00,1.45280091e-01,7.48881785e-03,7.47480523e+02,5.80433859e+01,1.68485117e-04,1.28987219e-05,0.00000000e+00,0.00000000e+00,0.00000000e+00,0.00000000e+00
1.24150000e+02,1.59195725e-04,1.42355559e-05,0.00000000e+00,0.00000000e+00,1.85661086e-05,3.99565328e-06,0.00000000e+00,0.00000000e+00,1.49069874e-01,7.38922316e-03,7.92407913e+02,6.78094861e+01,1.77761835e-04,1.48240233e-05,0.00000000e+00,0.00000000e+00,2.04540000e+00,5.06965442e-02
1.24250000e+02,1.60941336e-04,1.56844773e-05,0.00000000e+00,0.00000000e+00,2.20065993e-05,5.03539663e-06,0.00000000e+00,0.00000000e+00,1.48443425e-01,7.07156111e-03,8.02040474e+02,7.49326923e+01,1.82947936e-04,1.62087595e-05,0.00000000e+00,0.00000000e+00,0.00000000e+00,0.00000000e+00
1.24350000e+02,1.64582239e-04,1.58348493e-05,0.00000000e+00,0.00000000e+00,2.07260673e-05,4.52680262e-06,0.00000000e+00,0.00000000e+00,1.47989672e-01,7.60865009e-03,8.17650420e+02,7.54031119e+01,1.85308308e-04,1.63350195e-05,0.00000000e+00,0.00000000e+00,2.03900000e+00,5.07126760e-02
1.24450000e+02,1.61271074e-04,1.50765105e-05,0.00000000e+00,0.00000000e+00,1.84849694e-05,3.60537001e-06,0.00000000e+00,0.00000000e+00,1.45169987e-01,7.58064337e-03,8.01071070e+02,7.18073291e+01,1.79756045e-04,1.54925290e-05,0.00000000e+00,0.00000000e+00,0.00000000e+00,0.00000000e+00
1.24550000e+02,1.62527447e-04,1.55931606e-05,0.00000000e+00,0.00000000e+00,1.93249602e-05,3.66077088e-06,0.00000000e+00,0.00000000e+00,1.46773484e-01,8.07704031e-03,8.07273654e+02,7.44741322e+01,1.81852409e-04,1.60664606e-05,0.00000000e+00,0.00000000e+00,2.03620000e+00,4.96295583e-02
1.24650000e+02,1.54721436e-04,1.40145219e-05,0.00000000e+00,0.00000000e+00,1.87613267e-05,2.90519800e-06,0.00000000e+00,0.00000000e+00,1.43556819e-01,7.35997482e-03,7.69221541e+02,6.70353946e+01,1.73482764e-04,1.42369457e-05,0.00000000e+00,0.00000000e+00,0.00000000e+00,0.00000000e+00
1.24750000e+02,1.54072561e-04,1.46377630e-05,0.00000000e+00,0.00000000e+00,1.64936242e-05,2.32522380e-06,0.00000000e+00,0.00000000e+00,1.39960730e-01,6.76400082e-03,7.65070606e+02,6.98014680e+01,1.70566186e-04,1.47262936e-05,0.00000000e+00,0.00000000e+00,2.03400000e+00,4.99575330e-02
1.24850000e+02,1.63059182e-04,1.95360005e-05,0.00000000e+00,0.00000000e+00,1.64279680e-05,2.32093827e-06,0.00000000e+00,0.00000000e+00,1.41051521e-01,6.81669858e-03,8.08815376e+02,9.32319519e+01,1.79487152e-04,1.96414587e-05,0.00000000e+00,0.00000000e+00,0.00000000e+00,0.00000000e+00
1.24950000e+02,1.54669403e-04,1.42246706e-05,0.00000000e+00,0.00000000e+00,2.14383953e-05,3.97233322e-06,0.00000000e+00,0.00000000e+00,1.39835005e-01,6.51078856e-03,7.69974864e+02,6.82771923e+01,1.76107799e-04,1.42982714e-05,0.00000000e+00,0.00000000e+00,2.02920000e+00,5.04775885e-02
1.25050000e+02,1.57178987e-04,1.53054865e-05,0.00000000e+00,0.00000000e+00,2.05515570e-05,3.89679014e-06,0.00000000e+00,0.00000000e+00,1.42426118e-01,7.14352118e-03,7.82259480e+02,7.42970331e+01,1.77730546e-04,1.53984935e-05,0.00000000e+00,0.00000000e+00,0.00000000e+00,0.00000000e+00
1.25150000e+02,1.60446008e-04,1.67338474e-05,0.00000000e+00,0.00000000e+00,1.54360020e-05,2.53174152e-06,0.00000000e+00,0.00000000e+00,1.42262848e-01,7.41876676e-03,7.98218068e+02,8.12967339e+01,1.75882011e-04,1.71419656e-05,0.00000000e+00,0.00000000e+00,2.01500000e+00,5.11063317e-02
1.25250000e+02,1.56463594e-04,1.31954493e-05,0.00000000e+00,0.00000000e+00,1.58879805e-05,2.95173459e-06,0.00000000e+00,0.00000000e+00,1.41716348e-01,6.64935573e-03,7.79362290e+02,6.29841307e+01,1.72351575e-04,1.37549285e-05,0.00000000e+00,0.00000000e+00,0.00000000e+00,0.00000000e+00
1.25350000e+02,1.51029824e-04,1.15906853e-05,0.00000000e+00,0.00000000e+00,1.39271751e-05,1.91846691e-06,0.00000000e+00,0.00000000e+00,1.41435173e-01,6.92984944e-03,7.52533148e+02,5.51574910e+01,1.64957000e-04,1.20580367e-05,0.00000000e+00,0.00000000e+00,2.01420000e+00,5.08957237e-02
1.25450000e+02,1.58012480e-04,1.36460750e-05,0.00000000e+00,0.00000000e+00,1.42472355e-05,1.93609304e-06,0.00000000e+00,0.00000000e+00,1.41623518e-01,7.10611685e-03,7.85587339e+02,6.50929511e+01,1.72259717e-04,1.38656316e-05,0.00000000e+00,0.00000000e+00,0.00000000e+00,0.00000000e+00
1.25550000e+02,1.50729518e-04,1.16479963e-05,0.00000000e+00,0.00000000e+00,1.40593339e-05,1.93914490e-06,0.00000000e+00,0.00000000e+00,1.40129338e-01,7.12459141e-03,7.51555291e+02,5.58848921e+01,1.64788853e-04,1.19587492e-05,0.00000000e+00,0.00000000e+00,1.99580000e+00,4.95399983e-02
1.25650000e+02,1.47788316e-04,1.19270763e-05,0.00000000e+00,0.00000000e+00,1.48273826e-05,1.77807657e-06,0.00000000e+00,0.00000000e+00,1.39312748e-01,8.36969638e-03,7.38235905e+02,5.71810170e+01,1.62615700e-04,1.21972229e-05,0.00000000e+00,0.00000000e+00,0.00000000e+00,0.00000000e+00
1.25750000e+02,1.40693275e-04,1.09713059e-05,0.00000000e+00,0.00000000e+00,1.68665686e-05,3.39482006e-06,0.00000000e+00,0.00000000e+00,1.33663639e-01,7.61070157e-03,7.01317623e+02,5.25206523e+01,1.57559845e-04,1.25637814e-05,0.00000000e+00,0.00000000e+00,1.99580000e+00,4.86462365e-02
1.25850000e+02,1.46081515e-04,1.16870855e-05,0.00000000e+00,0.00000000e+00,1.93112014e-05,5.16803551e-06,0.00000000e+00,0.00000000e+00,1.34506766e-01,7.36967398e-03,7.28306288e+02,5.63389121e+01,1.65392717e-04,1.44677320e-05,0.00000000e+00,0.00000000e+00,0.00000000e+00,0.00000000e+00
1.25950000e+02,1.40113182e-04,1.14966670e-05,0.00000000e+00,0.00000000e+00,1.32258125e-05,1.46700455e-06,0.00000000e+00,0.00000000e+00,1.30683660e-01,7.47150623e-03,6.98247070e+02,5.50811400e+01,1.53338996e-04,1.17614788e-05,0.00000000e+00,0.00000000e+00,1.99180000e+00,4.81839079e-02
1.26050000e+02,1.38105287e-04,1.12906356e-05,0.00000000e+00,0.00000000e+00,1.56796405e-05,2.91705451e-06,0.00000000e+00,0.00000000e+00,1.30524713e-01,7.35503588e-03,6.90698116e+02,5.42389393e+01,1.53784928e-04,1.17143703e-05,0.00000000e+00,0.00000000e+00,0.00000000e+00,0.00000000e+00
1.26150000e+02,1.40358174e-04,1.21649286e-05,0.00000000e+00,0.00000000e+00,2.37894176e-05,8.49563574e-06,0.00000000e+00,0.00000000e+00,1.32439028e-01,6.77688201e-03,7.01971121e+02,5.83567899e+01,1.64147592e-04,1.44200619e-05,0.00000000e+00,0.00000000e+00,1.98360000e+00,4.76430263e-02
1.26250000e+02,1.39401651e-04,1.09109963e-05,0.00000000e+00,0.00000000e+00,1.99936927e-05,7.39446001e-06,0.00000000e+00,0.00000000e+00,1.29912378e-01,6.67321502e-03,6.94582586e+02,5.23814579e+01,1.59395345e-04,1.29925832e-05,0.00000000e+00,0.00000000e+00,0.00000000e+00,0.00000000e+00
1.26350000e+02,1.40362940e-04,1.21816347e-05,0.00000000e+00,0.00000000e+00,1.95814774e-05,5.08397307e-06,0.00000000e+00,0.00000000e+00,1.29983124e-01,6.97585679e-03,6.99533685e+02,5.82821250e+01,1.59944419e-04,1.30428914e-05,0.00000000e+00,0.00000000e+00,1.98020000e+00,4.78257808e-02
1.26450000e+02,1.40819760e-04,1.45183257e-05,0.00000000e+00,0.00000000e+00,1.40004277e-05,1.75297268e-06,0.00000000e+00,0.00000000e+00,1.26686718e-01,7.48682048e-03,7.00740994e+02,6.94164424e+01,1.54820189e-04,1.47115646e-05,0.00000000e+00,0.00000000e+00,0.00000000e+00,0.00000000e+00
1.26550000e+02,1.36221923e-04,1.04572845e-05,0.00000000e+00,0.00000000e+00,1.53335255e-05,2.28424737e-06,0.00000000e+00,0.00000000e+00,1.27319948e-01,6.42874168e-03,6.79485931e+02,4.99489531e+01,1.51555449e-04,1.07674654e-05,0.00000000e+00,0.00000000e+00,1.97460000e+00,4.78605201e-02
1.26650000e+02,1.39283897e-04,1.07300749e-05,0.00000000e+00,0.00000000e+00,1.52259080e-05,2.24178920e-06,0.00000000e+00,0.00000000e+00,1.28224105e-01,6.52234561e-03,6.93767441e+02,5.12415126e+01,1.54509806e-04,1.10594144e-05,0.00000000e+00,0.00000000e+00,0.00000000e+00,0.00000000e+00
1.26750000e+02,1.42812388e-04,1.20551976e-05,0.00000000e+00,0.00000000e+00,1.71272822e-05,3.31899744e-06,0.00000000e+00,0.00000000e+00,1.27901568e-01,6.76898482e-03,7.09806825e+02,5.73506102e+01,1.59939671e-04,1.28725913e-05,0.00000000e+00,0.00000000e+00,1.97400000e+00,4.80849588e-02
1.26850000e+02,1.39148125e-04,1.20115213e-05,0.00000000e+00,0.00000000e+00,1.77875167e-05,4.03778468e-06,0.00000000e+00,0.00000000e+00,1.25982278e-01,6.60113634e-03,6.92256347e+02,5.71731953e+01,1.56935643e-04,1.29658736e-05,0.00000000e+00,0.00000000e+00,0.00000000e+00,0.00000000e+00
1.26950000e+02,1.36638339e-04,1.10762336e-05,0.00000000e+00,0.00000000e+00,1.83083173e-05,4.04865207e-06,0.00000000e+00,0.00000000e+00,1.27234565e-01,6.35969776e-03,6.80296645e+02,5.25622597e+01,1.54946657e-04,1.21788724e-05,0.00000000e+00,0.00000000e+00,1.97200000e+00,4.88504590e-02
1.27050000e+02,1.42979191e-04,1.27891002e-05,0.00000000e+00,0.00000000e+00,1.62222554e-05,3.76371219e-06,0.00000000e+00,0.00000000e+00,1.28358647e-01,6.85432683e-03,7.10783408e+02,6.07372760e+01,1.59201448e-04,1.37352711e-05,0.00000000e+00,0.00000000e+00,0.00000000e+00,0.00000000e+00
1.27150000e+02,1.38699952e-04,1.17664540e-05,0.00000000e+00,0.00000000e+00,1.56626770e-05,3.77149662e-06,0.00000000e+00,0.00000000e+00,1.27961693e-01,6.72507309e-03,6.91584947e+02,5.55272415e+01,1.54362630e-04,1.28106538e-05,0.00000000e+00,0.00000000e+00,1.95920000e+00,4.92505796e-02
1.27250000e+02,1.32165566e-04,1.02268683e-05,0.00000000e+00,0.00000000e+00,1.54582420e-05,3.76581105e-06,0.00000000e+00,0.00000000e+00,1.23957697e-01,6.22206299e-03,6.60144039e+02,4.80148741e+01,1.47623809e-04,1.15107201e-05,0.00000000e+00,0.00000000e+00,0.00000000e+00,0.00000000e+00
1.27350000e+02,1.29732976e-04,9.56451136e-06,0.00000000e+00,0.00000000e+00,1.63263052e-05,3.94062406e-06,0.00000000e+00,0.00000000e+00,1.23119630e-01,5.98389369e-03,6.48070414e+02,4.49974540e+01,1.46059282e-04,1.08318598e-05,0.00000000e+00,0.00000000e+00,1.94300000e+00,5.00564987e-02
1.27450000e+02,1.34615252e-04,1.02047687e-05,0.00000000e+00,0.00000000e+00,2.32025382e-05,8.79514899e-06,0.00000000e+00,0.00000000e+00,1.24700806e-01,6.07707015e-03,6.71053668e+02,4.80733257e+01,1.57817791e-04,1.44102243e-05,0.00000000e+00,0.00000000e+00,0.00000000e+00,0.00000000e+00
1.27550000e+02,1.33892274e-04,9.99858702e-06,0.00000000e+00,0.00000000e+00,2.36645407e-05,8.59390158e-06,0.00000000e+00,0.00000000e+00,1.27310221e-01,7.42233369e-03,6.68269309e+02,4.73160590e+01,1.57556815e-04,1.42004918e-05,0.00000000e+00,0.00000000e+00,1.94100000e+00,5.07561196e-02
1.27650000e+02,1.27918026e-04,9.55020368e-06,0.00000000e+00,0.00000000e+00,2.13429603e-05,7.59323758e-06,0.00000000e+00,0.00000000e+00,1.23628899e-01,6.34775263e-03,6.39375868e+02,4.50922423e+01,1.49260987e-04,1.26394882e-05,0.00000000e+00,0.00000000e+00,0.00000000e+00,0.00000000e+00
1.27750000e+02,1.28996678e-04,1.01212820e-05,0.00000000e+00,0.00000000e+00,2.04525179e-05,7.57279976e-06,0.00000000e+00,0.00000000e+00,1.25477108e-01,6.54477294e-03,6.44781437e+02,4.78689562e+01,1.49449197e-04,1.32191636e-05,0.00000000e+00,0.00000000e+00,1.94080000e+00,5.04136684e-02
1.27850000e+02,1.30087956e-04,1.06696876e-05,0.00000000e+00,0.00000000e+00,2.11044333e-05,7.64563337e-06,0.00000000e+00,0.00000000e+00,1.24420082e-01,6.43920725e-03,6.50447373e+02,5.04654847e+01,1.51192391e-04,1.37101820e-05,0.00000000e+00,0.00000000e+00,0.00000000e+00,0.00000000e+00
1.27950000e+02,1.28800071e-04,1.03412521e-05,0.00000000e+00,0.00000000e+00,1.94073642e-05,7.81892146e-06,0.00000000e+00,0.00000000e+00,1.22645658e-01,6.97781949e-03,6.43465390e+02,4.91906317e+01,1.48207436e-04,1.37877069e-05,0.00000000e+00,0.00000000e+00,1.93900000e+00,5.08011329e-02
1.28050000e+02,1.24177949e-04,9.32348586e-06,0.00000000e+00,0.00000000e+00,2.00534091e-05,7.86091455e-06,0.00000000e+00,0.00000000e+00,1.20387074e-01,6.07762179e-03,6.21284763e+02,4.42992855e+01,1.44231359e-04,1.34561906e-05,0.00000000e+00,0.00000000e+00,0.00000000e+00,0.00000000e+00
1.28150000e+02,1.23882198e-04,8.94891266e-06,0.00000000e+00,0.00000000e+00,2.02084192e-05,7.83918171e-06,0.00000000e+00,0.00000000e+00,1.21752572e-01,5.97007776e-03,6.20330521e+02,4.25197907e+01,1.44090618e-04,1.22316198e-05,0.00000000e+00,0.00000000e+00,1.93460000e+00,5.01704930e-02
1.28250000e+02,1.28507464e-04,9.90387028e-06,0.00000000e+00,0.00000000e+00,2.07600607e-05,7.84560244e-06,0.00000000e+00,0.00000000e+00,1.22763026e-01,6.34131258e-03,6.42289237e+02,4.70046424e+01,1.49267526e-04,1.33258736e-05,0.00000000e+00,0.00000000e+00,0.00000000e+00,0.00000000e+00
1.28350000e+02,1.24324081e-04,9.70666339e-06,0.00000000e+00,0.00000000e+00,2.15765771e-05,7.81596833e-06,0.00000000e+00,0.00000000e+00,1.22581256e-01,6.31111284e-03,6.22612401e+02,4.62761797e+01,1.45900660e-04,1.33491531e-05,0.00000000e+00,0.00000000e+00,1.93540000e+00,5.06933236e-02
1.28450000e+02,1.20481818e-04,8.77022136e-06,0.00000000e+00,0.00000000e+00,1.53340808e-05,2.27927342e-06,0.00000000e+00,0.00000000e+00,1.22799392e-01,5.94250731e-03,6.04521633e+02,4.17233461e+01,1.35815900e-04,9.66285911e-06,0.00000000e+00,0.00000000e+00,0.00000000e+00,0.00000000e+00
1.28550000e+02,1.19964852e-04,9.03408079e-06,0.00000000e+00,0.00000000e+00,1.32188778e-05,1.91675068e-06,0.00000000e+00,0.00000000e+00,1.21248917e-01,5.87196926e-03,6.01403209e+02,4.29686851e+01,1.33183730e-04,9.95363625e-06,0.00000000e+00,0.00000000e+00,1.92220000e+00,4.99357056e-02
1.28650000e+02,1.21956498e-04,9.78427297e-06,0.00000000e+00,0.00000000e+00,1.70362914e-05,4.13927613e-06,0.00000000e+00,0.00000000e+00,1.20331524e-01,6.08554842e-03,6.10237570e+02,4.66331318e+01,1.38992790e-04,1.15246796e-05,0.00000000e+00,0.00000000e+00,0.00000000e+00,0.00000000e+00
1.28750000e+02,1.21564963e-04,1.05544827e-05,0.00000000e+00,0.00000000e+00,2.25119423e-05,7.00495567e-06,0.00000000e+00,0.00000000e+00,1.21198750e-01,6.95556621e-03,6.08358126e+02,5.04697913e+01,1.44076906e-04,1.35773964e-05,0.00000000e+00,0.00000000e+00,1.91740000e+00,5.01783025e-02
1.28850000e+02,1.19428570e-04,9.26475933e-06,0.00000000e+00,0.00000000e+00,1.96752133e-05,6.04783205e-06,0.00000000e+00,0.00000000e+00,1.21353367e-01,6.61053433e-03,5.98062890e+02,4.44056813e+01,1.39103785e-04,1.19769827e-05,0.00000000e+00,0.00000000e+00,0.00000000e+00,0.00000000e+00
1.28950000e+02,1.18812234e-04,9.20607797e-06,0.00000000e+00,0.00000000e+00,1.69892860e-05,5.64042809e-06,0.00000000e+00,0.00000000e+00,1.20262337e-01,6.14476095e-03,5.96457223e+02,4.42883534e+01,1.35801521e-04,1.16458337e-05,0.00000000e+00,0.00000000e+00,1.91720000e+00,5.05375512e-02
1.29050000e+02,1.16291442e-04,9.11002768e-06,0.00000000e+00,0.00000000e+00,1.86325998e-05,5.74911177e-06,0.00000000e+00,0.00000000e+00,1.19382041e-01,5.85891452e-03,5.83750961e+02,4.33994479e+01,1.34924043e-04,1.14408107e-05,0.00000000e+00,0.00000000e+00,0.00000000e+00,0.00000000e+00
1.29150000e+02,1.18050556e-04,9.43661035e-06,0.00000000e+00,0.00000000e+00,1.87627315e-05,5.78076224e-06,0.00000000e+00,0.00000000e+00,1.18646481e-01,6.20864033e-03,5.91896735e+02,4.49456918e+01,1.36813288e-04,1.17663626e-05,0.00000000e+00,0.00000000e+00,1.91120000e+00,5.00641548e-02
1.29250000e+02,1.14024766e-04,8.67091756e-06,0.00000000e+00,0.00000000e+00,1.39705878e-05,2.25117772e-06,0.00000000e+00,0.00000000e+00,1.15531215e-01,6.12627359e-03,5.71234615e+02,4.15842642e+01,1.27995355e-04,9.38104904e-06,0.00000000e+00,0.00000000e+00,0.00000000e+00,0.00000000e+00
1.29350000e+02,1.18118776e-04,8.88677338e-06,0.00000000e+00,0.00000000e+00,1.46023271e-05,2.45857301e-06,0.00000000e+00,0.00000000e+00,1.20035397e-01,6.91439636e-03,5.95583116e+02,4.28258097e+01,1.32721104e-04,9.47697159e-06,0.00000000e+00,0.00000000e+00,1.91320000e+00,4.97441946e-02
1.29450000e+02,1.17053810e-04,9.89157367e-06,0.00000000e+00,0.00000000e+00,1.41585005e-05,2.46179797e-06,0.00000000e+00,0.00000000e+00,1.18282227e-01,6.59767814e-03,5.85368163e+02,4.73449300e+01,1.31212311e-04,1.04680534e-05,0.00000000e+00,0.00000000e+00,0.00000000e+00,0.00000000e+00
1.29550000e+02,1.14950849e-04,8.72055757e-06,0.00000000e+00,0.00000000e+00,1.47264918e-05,2.57601944e-06,0.00000000e+00,0.00000000e+00,1.14775492e-01,6.01014700e-03,5.75230039e+02,4.17464704e+01,1.29677341e-04,9.34456743e-06,0.00000000e+00,0.00000000e+00,1.90620000e+00,5.12925901e-02
1.29650000e+02,1.15944643e-04,8.59363433e-06,0.00000000e+00,0.00000000e+00,2.23066426e-05,5.78746066e-06,0.00000000e+00,0.00000000e+00,1.15800265e-01,6.08001997e-03,5.80441548e+02,4.13672510e+01,1.38251286e-04,1.05867778e-05,0.00000000e+00,0.00000000e+00,0.00000000e+00,0.00000000e+00
1.29750000e+02,1.17508718e-04,9.27149847e-06,0.00000000e+00,0.00000000e+00,2.31821960e-05,6.30456779e-06,0.00000000e+00,0.00000000e+00,1.16902137e-01,6.79638042e-03,5.88305908e+02,4.48343136e+01,1.40690915e-04,1.16990390e-05,0.00000000e+00,0.00000000e+00,1.90340000e+00,5.12238863e-02
1.29850000e+02,1.13960407e-04,8.65232408e-06,0.00000000e+00,0.00000000e+00,2.29481375e-05,6.27676287e-06,0.00000000e+00,0.00000000e+00,1.15472904e-01,7.05694976e-03,5.71502257e+02,4.17736473e+01,1.36908545e-04,1.11499268e-05,0.00000000e+00,0.00000000e+00,0.00000000e+00,0.00000000e+00
1.29950000e+02,1.13429599e-04,8.63975129e-06,0.00000000e+00,0.00000000e+00,2.65585152e-05,6.67361244e-06,0.00000000e+00,0.00000000e+00,1.14450679e-01,6.65478068e-03,5.68712270e+02,4.15135095e+01,1.39988115e-04,1.14372519e-05,0.00000000e+00,0.00000000e+00,1.88920000e+00,5.09812611e-02
1.30050000e+02,1.09236081e-04,7.49505381e-06,0.00000000e+00,0.00000000e+00,2.59866562e-05,7.13460017e-06,0.00000000e+00,0.00000000e+00,1.13637622e-01,6.34493618e-03,5.48356676e+02,3.59121049e+01,1.35222738e-04,1.07973662e-05,0.00000000e+00,0.00000000e+00,0.00000000e+00,0.00000000e+00
1.30150000e+02,1.12966243e-04,8.35613475e-06,0.00000000e+00,0.00000000e+00,2.99684785e-05,8.27979898e-06,0.00000000e+00,0.00000000e+00,1.13239369e-01,6.49961776e-03,5.66156135e+02,4.02156055e+01,1.42934722e-04,1.24279685e-05,0.00000000e+00,0.00000000e+00,1.88520000e+00,5.16022781e-02
1.30250000e+02,1.13639725e-04,8.08062832e-06,0.00000000e+00,0.00000000e+00,3.43384017e-05,9.10218545e-06,0.00000000e+00,0.00000000e+00,1.13419923e-01,6.28990789e-03,5.68153755e+02,3.87326677e+01,1.47978127e-04,1.29257260e-05,0.00000000e+00,0.00000000e+00,0.00000000e+00,0.00000000e+00
1.30350000e+02,1.13976102e-04,8.44627141e-06,0.00000000e+00,0.00000000e+00,2.97069804e-05,7.45383140e-06,0.00000000e+00,0.00000000e+00,1.10510831e-01,6.20005850e-03,5.69418522e+02,4.06341378e+01,1.43683083e-04,1.22412062e-05,0.00000000e+00,0.00000000e+00,1.88600000e+00,5.23559248e-02
1.30450000e+02,1.15789590e-04,8.93622588e-06,0.00000000e+00,0.00000000e+00,2.16610828e-05,6.57380547e-06,0.00000000e+00,0.00000000e+00,1.12904664e-01,6.47535168e-03,5.79361258e+02,4.31935041e+01,1.37450674e-04,1.28116155e-05,0.00000000e+00,0.00000000e+00,0.00000000e+00,0.00000000e+00
1.30550000e+02,1.23021650e-04,1.02862741e-05,0.00000000e+00,0.00000000e+00,2.28518925e-05,6.65096424e-06,0.00000000e+00,0.00000000e+00,1.14421362e-01,6.78179244e-03,6.14205869e+02,4.94792675e+01,1.45873544e-04,1.36971812e-05,0.00000000e+00,0.00000000e+00,1.87980000e+00,5.18628411e-02
1.30650000e+02,1.22560972e-04,9.79994603e-06,0.00000000e+00,0.00000000e+00,2.33184489e-05,6.66427801e-06,0.00000000e+00,0.00000000e+00,1.15051706e-01,6.97683974e-03,6.12196608e+02,4.72154869e+01,1.45879422e-04,1.33903961e-05,0.00000000e+00,0.00000000e+00,0.00000000e+00,0.00000000e+00
1.30750000e+02,1.20893830e-04,8.60256271e-06,0.00000000e+00,0.00000000e+00,3.89979421e-05,1.63344061e-05,0.00000000e+00,0.00000000e+00,1.13976011e-01,6.53090592e-03,6.02933583e+02,4.12369673e+01,1.59891773e-04,1.87410233e-05,0.00000000e+00,0.00000000e+00,1.88140000e+00,5.22654215e-02
1.30850000e+02,1.23117039e-04,8.76665498e-06,0.00000000e+00,0.00000000e+00,4.03014502e-05,1.97029649e-05,0.00000000e+00,0.00000000e+00,1.15784293e-01,6.27990262e-03,6.13499472e+02,4.19634236e+01,1.63418491e-04,2.18042354e-05,0.00000000e+00,0.00000000e+00,0.00000000e+00,0.00000000e+00
1.30950000e+02,1.22980670e-04,8.97933277e-06,0.00000000e+00,0.00000000e+00,3.99711852e-05,1.97156847e-05,0.00000000e+00,0.00000000e+00,1.12900334e-01,6.20067694e-03,6.12135962e+02,4.30208655e+01,1.62951856e-04,2.21950169e-05,0.00000000e+00,0.00000000e+00,1.87540000e+00,5.28341340e-02
1.31050000e+02,1.21329087e-04,8.32961827e-06,0.00000000e+00,0.00000000e+00,2.25830730e-05,6.30939498e-06,0.00000000e+00,0.00000000e+00,1.11844369e-01,6.03008986e-03,6.03465630e+02,3.99367592e+01,1.43912161e-04,1.17736399e-05,0.00000000e+00,0.00000000e+00,0.00000000e+00,0.00000000e+00
1.31150000e+02,1.17415927e-04,7.92742053e-06,0.00000000e+00,0.00000000e+00,2.30880067e-05,6.33790648e-06,0.00000000e+00,0.00000000e+00,1.10222183e-01,5.98909305e-03,5.84367848e+02,3.77670117e+01,1.40503935e-04,1.16483236e-05,0.00000000e+00,0.00000000e+00,1.86740000e+00,5.26294788e-02
1.31250000e+02,1.19283888e-04,8.04720119e-06,0.00000000e+00,0.00000000e+00,2.94096216e-05,7.96667383e-06,0.00000000e+00,0.00000000e+00,1.13684006e-01,6.63573591e-03,5.94600751e+02,3.83598048e+01,1.48693510e-04,1.30439323e-05,0.00000000e+00,0.00000000e+00,0.00000000e+00,0.00000000e+00
1.31350000e+02,1.22108567e-04,8.49787851e-06,0.00000000e+00,0.00000000e+00,3.06033351e-05,7.45120591e-06,0.00000000e+00,0.00000000e+00,1.14992255e-01,6.73482052e-03,6.08582887e+02,4.06005454e+01,1.52711903e-04,1.30391654e-05,0.00000000e+00,0.00000000e+00,1.85820000e+00,5.25339074e-02
1.31450000e+02,1.18857496e-04,8.07851755e-06,0.00000000e+00,0.00000000e+00,2.58146929e-05,6.77365559e-06,0.00000000e+00,0.00000000e+00,1.11042053e-01,5.98071548e-03,5.92116948e+02,3.86266266e+01,1.44672190e-04,1.21015108e-05,0.00000000e+00,0.00000000e+00,0.00000000e+00,0.00000000e+00
1.31550000e+02,1.20850280e-04,8.42585952e-06,0.00000000e+00,0.00000000e+00,2.25968446e-05,6.17497353e-06,0.00000000e+00,0.00000000e+00,1.10729247e-01,6.02119592e-03,6.02270026e+02,4.03932922e+01,1.43447126e-04,1.17182667e-05,0.00000000e+00,0.00000000e+00,1.84960000e+00,5.24797026e-02
1.31650000e+02,1.17150194e-04,7.96563469e-06,0.00000000e+00,0.00000000e+00,2.00293623e-05,4.69371364e-06,0.00000000e+00,0.00000000e+00,1.09121405e-01,6.01973762e-03,5.86737434e+02,3.86650917e+01,1.37179557e-04,1.05721366e-05,0.00000000e+00,0.00000000e+00,0.00000000e+00,0.00000000e+00
1.31750000e+02,1.13732075e-04,8.26929928e-06,0.00000000e+00,0.00000000e+00,1.48415335e-05,2.46751911e-06,0.00000000e+00,0.00000000e+00,1.06097568e-01,6.34289872e-03,5.67599486e+02,4.01284570e+01,1.28573609e-04,9.17573170e-06,0.00000000e+00,0.00000000e+00,1.84400000e+00,5.15229293e-02
1.31850000e+02,1.12695306e-04,8.01863506e-06,0.00000000e+00,0.00000000e+00,1.59364651e-05,2.63170429e-06,0.00000000e+00,0.00000000e+00,1.04009260e-01,6.36997481e-03,5.60892826e+02,3.87759031e+01,1.28631772e-04,8.88258304e-06,0.00000000e+00,0.00000000e+00,0.00000000e+00,0.00000000e+00
1.31950000e+02,1.13055729e-04,8.12680621e-06,0.00000000e+00,0.00000000e+00,1.83164110e-05,3.38143379e-06,0.00000000e+00,0.00000000e+00,1.04239666e-01,6.14303132e-03,5.63348242e+02,3.92071767e+01,1.31372141e-04,9.01413947e-06,0.00000000e+00,0.00000000e+00,1.83900000e+00,5.21131031e-02
1.32050000e+02,1.10293197e-04,8.18897762e-06,0.00000000e+00,0.00000000e+00,2.25645551e-05,6.29189588e-06,0.00000000e+00,0.00000000e+00,1.04425638e-01,6.74447186e-03,5.50508209e+02,3.94155087e+01,1.32857753e-04,1.15154684e-05,0.00000000e+00,0.00000000e+00,0.00000000e+00,0.00000000e+00
1.32150000e+02,1.11053162e-04,8.63131293e-06,0.00000000e+00,0.00000000e+00,2.02071031e-05,4.85571301e-06,0.00000000e+00,0.00000000e+00,1.05341773e-01,7.39034957e-03,5.54359831e+02,4.17069319e+01,1.31260266e-04,1.06125249e-05,0.00000000e+00,0.00000000e+00,1.84000000e+00,5.17371694e-02
1.32250000e+02,1.07628424e-04,7.58724956e-06,0.00000000e+00,0.00000000e+00,1.57414690e-05,2.88728871e-06,0.00000000e+00,0.00000000e+00,1.04702759e-01,6.69263516e-03,5.38643549e+02,3.66137980e+01,1.23369894e-04,8.40676227e-06,0.00000000e+00,0.00000000e+00,0.00000000e+00,0.00000000e+00
1.32350000e+02,1.07805457e-04,7.49450706e-06,0.00000000e+00,0.00000000e+00,1.61681736e-05,2.93068719e-06,0.00000000e+00,0.00000000e+00,1.04620069e-01,6.31769749e-03,5.38870721e+02,3.61468565e+01,1.23973631e-04,8.30502189e-06,0.00000000e+00,0.00000000e+00,1.83620000e+00,5.20093320e-02
1.32450000e+02,1.06431335e-04,7.55174804e-06,0.00000000e+00,0.00000000e+00,1.46618416e-05,2.45019823e-06,0.00000000e+00,0.00000000e+00,1.03503095e-01,6.63562400e-03,5.31580685e+02,3.64950464e+01,1.21093178e-04,8.22361287e-06,0.00000000e+00,0.00000000e+00,0.00000000e+00,0.00000000e+00
1.32550000e+02,1.02062034e-04,6.99471952e-06,0.00000000e+00,0.00000000e+00,1.29607165e-05,2.06108805e-06,0.00000000e+00,0.00000000e+00,1.00562942e-01,6.14577585e-03,5.11530997e+02,3.38770152e+01,1.15022752e-04,7.36459758e-06,0.00000000e+00,0.00000000e+00,1.82900000e+00,5.12076605e-02
1.32650000e+02,1.01029514e-04,7.10551435e-06,0.00000000e+00,0.00000000e+00,1.27754277e-05,2.14185470e-06,0.00000000e+00,0.00000000e+00,9.86780391e-02,6.15784479e-03,5.06649992e+02,3.45934038e+01,1.13804942e-04,7.62361748e-06,0.00000000e+00,0.00000000e+00,0.00000000e+00,0.00000000e+00
1.32750000e+02,9.99441824e-05,7.25350167e-06,0.00000000e+00,0.00000000e+00,1.37016491e-05,2.61812724e-06,0.00000000e+00,0.00000000e+00,9.80787466e-02,6.12766392e-03,5.01411276e+02,3.54345110e+01,1.13645832e-04,8.36830134e-06,0.00000000e+00,0.00000000e+00,1.82300000e+00,4.96898544e-02
1.32850000e+02,9.93076890e-05,7.01801088e-06,0.00000000e+00,0.00000000e+00,1.37860003e-05,2.57878541e-06,0.00000000e+00,0.00000000e+00,9.76976573e-02,5.81830596e-03,4.97838490e+02,3.39371749e+01,1.13093690e-04,8.22874542e-06,0.00000000e+00,0.00000000e+00,0.00000000e+00,0.00000000e+00
1.32950000e+02,9.94481193e-05,6.91250847e-06,0.00000000e+00,0.00000000e+00,1.17062799e-05,1.77792988e-06,0.00000000e+00,0.00000000e+00,9.71781218e-02,5.54284610e-03,4.99532812e+02,3.35473652e+01,1.11154400e-04,7.48162876e-06,0.00000000e+00,0.00000000e+00,1.82020000e+00,5.09425367e-02
1.33050000e+02,1.03257417e-04,7.65666382e-06,0.00000000e+00,0.00000000e+00,1.23039869e-05,1.82035851e-06,0.00000000e+00,0.00000000e+00,1.01606194e-01,6.83516433e-03,5.18002513e+02,3.69422278e+01,1.15561404e-04,8.48460021e-06,0.00000000e+00,0.00000000e+00,0.00000000e+00,0.00000000e+00
1.33150000e+02,1.02935834e-04,7.42751506e-06,0.00000000e+00,0.00000000e+00,1.83989541e-05,6.59738606e-06,0.00000000e+00,0.00000000e+00,9.83481585e-02,5.83486880e-03,5.13735507e+02,3.56187017e+01,1.21334789e-04,1.02825703e-05,0.00000000e+00,0.00000000e+00,1.81020000e+00,5.11679827e-02
1.33250000e+02,9.76617204e-05,6.89003005e-06,0.00000000e+00,0.00000000e+00,1.12059863e-05,1.59819368e-06,0.00000000e+00,0.00000000e+00,9.45761735e-02,5.94683156e-03,4.88748663e+02,3.32262120e+01,1.08867708e-04,7.58907257e-06,0.00000000e+00,0.00000000e+00,0.00000000e+00,0.00000000e+00
1.33350000e+02,1.02108849e-04,7.56755592e-06,0.00000000e+00,0.00000000e+00,9.30780755e-06,1.11761017e-06,0.00000000e+00,0.00000000e+00,9.82388723e-02,7.17140178e-03,5.11038602e+02,3.69441047e+01,1.11416658e-04,8.10672490e-06,0.00000000e+00,0.00000000e+00,1.80680000e+00,5.02876948e-02
1.33450000e+02,1.05680380e-04,8.21787725e-06,0.00000000e+00,0.00000000e+00,8.45340175e-06,9.37321851e-07,0.00000000e+00,0.00000000e+00,9.66435445e-02,6.35540117e-03,5.27647738e+02,3.96272331e+01,1.14133782e-04,8.55234935e-06,0.00000000e+00,0.00000000e+00,0.00000000e+00,0.00000000e+00
1.33550000e+02,1.06986889e-04,8.76856777e-06,0.00000000e+00,0.00000000e+00,9.00484464e-06,1.20342853e-06,0.00000000e+00,0.00000000e+00,9.58251736e-02,6.13219161e-03,5.33304922e+02,4.21220117e+01,1.15991734e-04,9.32606236e-06,0.00000000e+00,0.00000000e+00,1.80660000e+00,4.95857205e-02
1.33650000e+02,1.04089240e-04,8.15056804e-06,0.00000000e+00,0.00000000e+00,9.22732502e-06,1.38737896e-06,0.00000000e+00,0.00000000e+00,9.47287110e-02,5.95431505e-03,5.19820587e+02,3.91074690e+01,1.13316566e-04,8.63815970e-06,0.00000000e+00,0.00000000e+00,0.00000000e+00,0.00000000e+00
1.33750000e+02,1.04571739e-04,8.14162947e-06,0.00000000e+00,0.00000000e+00,9.02533322e-06,1.35297367e-06,0.00000000e+00,0.00000000e+00,9.52505842e-02,5.90316140e-03,5.21532182e+02,3.89734516e+01,1.13597073e-04,8.56399098e-06,0.00000000e+00,0.00000000e+00,1.79860000e+00,4.94978952e-02
1.33850000e+02,1.04522664e-04,8.36107072e-06,0.00000000e+00,0.00000000e+00,8.90957653e-06,1.17670747e-06,0.00000000e+00,0.00000000e+00,9.66579576e-02,5.70663668e-03,5.22504280e+02,3.97529484e+01,1.13432241e-04,8.76163683e-06,0.00000000e+00,0.00000000e+00,0.00000000e+00,0.00000000e+00
1.33950000e+02,1.01396609e-04,8.23480758e-06,0.00000000e+00,0.00000000e+00,8.25659604e-06,7.92055164e-07,0.00000000e+00,0.00000000e+00,9.50057636e-02,5.91878928e-03,5.06306816e+02,3.93647860e+01,1.09653206e-04,8.50830389e-06,0.00000000e+00,0.00000000e+00,1.79680000e+00,4.93107100e-02
1.34050000e+02,9.89321193e-05,8.41221659e-06,0.00000000e+00,0.00000000e+00,8.94835603e-06,1.21760815e-06,0.00000000e+00,0.00000000e+00,9.16267553e-02,5.91691695e-03,4.93016134e+02,4.03535361e+01,1.07880476e-04,8.56240774e-06,0.00000000e+00,0.00000000e+00,0.00000000e+00,0.00000000e+00
1.34150000e+02,9.68566395e-05,8.26731229e-06,0.00000000e+00,0.00000000e+00,8.50715954e-06,8.77262362e-07,0.00000000e+00,0.00000000e+00,8.95266670e-02,5.46917578e-03,4.83007400e+02,3.98300394e+01,1.05363800e-04,8.42850467e-06,0.00000000e+00,0.00000000e+00,1.79060000e+00,4.90534153e-02
1.34250000e+02,9.56204122e-05,8.20357971e-06,0.00000000e+00,0.00000000e+00,8.14351809e-06,8.01172437e-07,0.00000000e+00,0.00000000e+00,8.96494532e-02,5.39067663e-03,4.77353006e+02,3.95534418e+01,1.03763931e-04,8.41345876e-06,0.00000000e+00,0.00000000e+00,0.00000000e+00,0.00000000e+00
1.34350000e+02,9.54700041e-05,7.93088531e-06,0.00000000e+00,0.00000000e+00,9.54280282e-06,1.27802232e-06,0.00000000e+00,0.00000000e+00,9.14862505e-02,5.00919678e-03,4.76634344e+02,3.80471410e+01,1.05012808e-04,8.08440931e-06,0.00000000e+00,0.00000000e+00,1.79740000e+00,4.98854279e-02
1.34450000e+02,9.45416672e-05,7.67499771e-06,0.00000000e+00,0.00000000e+00,1.05415196e-05,1.60399721e-06,0.00000000e+00,0.00000000e+00,9.01712951e-02,4.96609604e-03,4.71692600e+02,3.67795822e+01,1.05083188e-04,7.81574145e-06,0.00000000e+00,0.00000000e+00,0.00000000e+00,0.00000000e+00
1.34550000e+02,9.82580115e-05,1.01803527e-05,0.00000000e+00,0.00000000e+00,1.19065191e-05,2.05924407e-06,0.00000000e+00,0.00000000e+00,8.94456111e-02,5.29898236e-03,4.89085949e+02,4.87214019e+01,1.10164531e-04,1.03326002e-05,0.00000000e+00,0.00000000e+00,1.79040000e+00,4.87584299e-02
1.34650000e+02,1.00609822e-04,1.04215326e-05,0.00000000e+00,0.00000000e+00,1.10129462e-05,1.75677376e-06,0.00000000e+00,0.00000000e+00,9.16273008e-02,5.52495530e-03,5.00917962e+02,4.99666617e+01,1.11622768e-04,1.05259615e-05,0.00000000e+00,0.00000000e+00,0.00000000e+00,0.00000000e+00
1.34750000e+02,1.03580664e-04,1.17503049e-05,0.00000000e+00,0.00000000e+00,1.18514749e-05,2.01013950e-06,0.00000000e+00,0.00000000e+00,9.00272972e-02,5.22928521e-03,5.15655232e+02,5.62366971e+01,1.15432140e-04,1.19817538e-05,0.00000000e+00,0.00000000e+00,1.78880000e+00,4.79775798e-02
1.34850000e+02,1.00426074e-04,8.90061853e-06,0.00000000e+00,0.00000000e+00,1.34323160e-05,2.45843167e-06,0.00000000e+00,0.00000000e+00,9.07107066e-02,5.16899403e-03,5.01433587e+02,4.28847663e+01,1.13858390e-04,9.16351186e-06,0.00000000e+00,0.00000000e+00,0.00000000e+00,0.00000000e+00
1.34950000e+02,9.54445857e-05,8.05158906e-06,0.00000000e+00,0.00000000e+00,1.35297803e-05,3.53832717e-06,0.00000000e+00,0.00000000e+00,8.80521058e-02,5.09469992e-03,4.78352599e+02,3.92254701e+01,1.08974367e-04,8.69797861e-06,0.00000000e+00,0.00000000e+00,1.78460000e+00,4.83669730e-02
1.35050000e+02,9.26785058e-05,7.36831599e-06,0.00000000e+00,0.00000000e+00,1.24698699e-05,3.51757362e-06,0.00000000e+00,0.00000000e+00,8.75679489e-02,4.96514522e-03,4.65088341e+02,3.60781645e+01,1.05148376e-04,8.15582467e-06,0.00000000e+00,0.00000000e+00,0.00000000e+00,0.00000000e+00
1.35150000e+02,9.06254751e-05,7.29292171e-06,0.00000000e+00,0.00000000e+00,1.19481712e-05,3.43369795e-06,0.00000000e+00,0.00000000e+00,8.61004606e-02,5.31151579e-03,4.54392467e+02,3.54455887e+01,1.02573647e-04,8.14898945e-06,0.00000000e+00,0.00000000e+00,1.78020000e+00,4.87287285e-02
1.35250000e+02,9.06176162e-05,8.23061917e-06,0.00000000e+00,0.00000000e+00,1.10043076e-05,3.23452276e-06,0.00000000e+00,0.00000000e+00,8.47249999e-02,4.97033165e-03,4.53424521e+02,3.98231112e+01,1.01621925e-04,8.94659560e-06,0.00000000e+00,0.00000000e+00,0.00000000e+00,0.00000000e+00
1.35350000e+02,9.27716722e-05,9.13930896e-06,0.00000000e+00,0.00000000e+00,1.15935205e-05,3.24276420e-06,0.00000000e+00,0.00000000e+00,8.57120821e-02,4.76853430e-03,4.63615493e+02,4.40003645e+01,1.04365193e-04,9.77499117e-06,0.00000000e+00,0.00000000e+00,1.76980000e+00,4.93438498e-02
1.35450000e+02,9.51454831e-05,9.43703999e-06,0.00000000e+00,0.00000000e+00,1.14401393e-05,3.24291419e-06,0.00000000e+00,0.00000000e+00,8.61866870e-02,4.59563505e-03,4.76062705e+02,4.54641695e+01,1.06585623e-04,1.00956696e-05,0.00000000e+00,0.00000000e+00,0.00000000e+00,0.00000000e+00
1.35550000e+02,9.40148481e-05,8.33549689e-06,0.00000000e+00,0.00000000e+00,1.15784926e-05,3.30161007e-06,0.00000000e+00,0.00000000e+00,8.86519447e-02,4.72406154e-03,4.70517176e+02,4.00931895e+01,1.05593341e-04,9.17095990e-06,0.00000000e+00,0.00000000e+00,1.76560000e+00,4.93749999e-02
1.35650000e+02,8.88358862e-05,7.23654667e-06,0.00000000e+00,0.00000000e+00,1.27070507e-05,3.53163850e-06,0.00000000e+00,0.00000000e+00,8.60831876e-02,4.11850211e-03,4.45519762e+02,3.52190589e+01,1.01542938e-04,8.74850373e-06,0.00000000e+00,0.00000000e+00,0.00000000e+00,0.00000000e+00
1.35750000e+02,9.57184977e-05,1.01495613e-05,0.00000000e+00,0.00000000e+00,1.42229708e-05,4.20858475e-06,0.00000000e+00,0.00000000e+00,8.69944765e-02,4.16866102e-03,4.78537917e+02,4.90321746e+01,1.09941469e-04,1.24727747e-05,0.00000000e+00,0.00000000e+00,1.76080000e+00,4.96936246e-02
1.35850000e+02,9.09935458e-05,7.86753122e-06,0.00000000e+00,0.00000000e+00,1.46043080e-05,4.28382875e-06,0.00000000e+00,0.00000000e+00,8.77866404e-02,4.29640631e-03,4.56607120e+02,3.83392843e+01,1.05597855e-04,9.50436936e-06,0.00000000e+00,0.00000000e+00,0.00000000e+00,0.00000000e+00
1.35950000e+02,8.91099729e-05,7.00831557e-06,0.00000000e+00,0.00000000e+00,1.41878453e-05,4.31280144e-06,0.00000000e+00,0.00000000e+00,8.72581105e-02,3.81746766e-03,4.46842218e+02,3.38538365e+01,1.03297819e-04,8.60881657e-06,0.00000000e+00,0.00000000e+00,1.75380000e+00,5.03221378e-02
1.36050000e+02,8.90551647e-05,6.75031224e-06,0.00000000e+00,0.00000000e+00,1.36389053e-05,3.90627061e-06,0.00000000e+00,0.00000000e+00,8.76637916e-02,3.91231401e-03,4.45988891e+02,3.24867339e+01,1.02694071e-04,8.04336459e-06,0.00000000e+00,0.00000000e+00,0.00000000e+00,0.00000000e+00
1.36150000e+02,8.72127889e-05,6.65699401e-06,0.00000000e+00,0.00000000e+00,1.09827623e-05,3.33489855e-06,0.00000000e+00,0.00000000e+00,8.41721002e-02,3.97979305e-03,4.37553427e+02,3.20458713e+01,9.81955518e-05,7.34236037e-06,0.00000000e+00,0.00000000e+00,1.74820000e+00,5.02854627e-02
1.36250000e+02,8.96698537e-05,7.23109716e-06,0.00000000e+00,0.00000000e+00,1.26498630e-05,3.78821061e-06,0.00000000e+00,0.00000000e+00,8.44405420e-02,4.33081451e-03,4.48567608e+02,3.50868666e+01,1.02319717e-04,8.86966781e-06,0.00000000e+00,0.00000000e+00,0.00000000e+00,0.00000000e+00
1.36350000e+02,9.28377209e-05,9.86799951e-06,0.00000000e+00,0.00000000e+00,1.12222826e-05,3.38816928e-06,0.00000000e+00,0.00000000e+00,8.36195461e-02,4.26245681e-03,4.62659773e+02,4.73420805e+01,1.04060004e-04,1.15193927e-05,0.00000000e+00,0.00000000e+00,1.74940000e+00,5.05870920e-02
1.36450000e+02,8.21603051e-05,6.29270001e-06,0.00000000e+00,0.00000000e+00,8.31014672e-06,1.03260836e-06,0.00000000e+00,0.00000000e+00,8.00893480e-02,4.23752560e-03,4.10934595e+02,3.04757347e+01,9.04704525e-05,6.64973477e-06,0.00000000e+00,0.00000000e+00,0.00000000e+00,0.00000000e+00
1.36550000e+02,8.15147237e-05,6.33516400e-06,0.00000000e+00,0.00000000e+00,8.98184326e-06,1.18639000e-06,0.00000000e+00,0.00000000e+00,8.13038150e-02,4.50399290e-03,4.08406711e+02,3.06235736e+01,9.04965676e-05,6.74899533e-06,0.00000000e+00,0.00000000e+00,1.74080000e+00,5.08706563e-02
1.36650000e+02,8.31858205e-05,7.00448302e-06,0.00000000e+00,0.00000000e+00,9.06142932e-06,1.16417547e-06,0.00000000e+00,0.00000000e+00,8.11275019e-02,4.64548700e-03,4.16048749e+02,3.38105549e+01,9.22472505e-05,7.43146742e-06,0.00000000e+00,0.00000000e+00,0.00000000e+00,0.00000000e+00
1.36750000e+02,8.01218727e-05,6.74367347e-06,0.00000000e+00,0.00000000e+00,9.23558190e-06,1.18115694e-06,0.00000000e+00,0.00000000e+00,7.73404453e-02,4.34218848e-03,4.01147002e+02,3.25796377e+01,8.93574552e-05,7.07581976e-06,0.00000000e+00,0.00000000e+00,1.72980000e+00,5.08286357e-02
1.36850000e+02,8.41266038e-05,6.78072573e-06,0.00000000e+00,0.00000000e+00,9.71700020e-06,1.42294574e-06,0.00000000e+00,0.00000000e+00,8.12294202e-02,4.69863685e-03,4.20413959e+02,3.24801299e+01,9.38436047e-05,7.27325016e-06,0.00000000e+00,0.00000000e+00,0.00000000e+00,0.00000000e+00
1.36950000e+02,8.49814401e-05,6.79158798e-06,0.00000000e+00,0.00000000e+00,1.06992180e-05,1.69442394e-06,0.00000000e+00,0.00000000e+00,8.03990369e-02,4.56041347e-03,4.24403410e+02,3.22909480e+01,9.56806588e-05,7.54582339e-06,0.00000000e+00,0.00000000e+00,1.71660000e+00,5.01927794e-02
1.37050000e+02,8.74338043e-05,8.56910018e-06,0.00000000e+00,0.00000000e+00,9.75621071e-06,1.64572835e-06,0.00000000e+00,0.00000000e+00,7.89467257e-02,4.66840740e-03,4.36070090e+02,4.07816357e+01,9.71900157e-05,9.31254370e-06,0.00000000e+00,0.00000000e+00,0.00000000e+00,0.00000000e+00
1.37150000e+02,8.18479854e-05,6.84865996e-06,0.00000000e+00,0.00000000e+00,1.30898180e-05,4.13924248e-06,0.00000000e+00,0.00000000e+00,7.63505639e-02,4.31201873e-03,4.08572303e+02,3.28625554e+01,9.49378040e-05,8.41506484e-06,0.00000000e+00,0.00000000e+00,1.71300000e+00,5.04075229e-02
1.37250000e+02,8.36612701e-05,7.00175415e-06,0.00000000e+00,0.00000000e+00,1.40471324e-05,4.18473820e-06,0.00000000e+00,0.00000000e+00,7.80055691e-02,4.68099935e-03,4.17994408e+02,3.36690920e+01,9.77084031e-05,8.63181557e-06,0.00000000e+00,0.00000000e+00,0.00000000e+00,0.00000000e+00
1.37350000e+02,8.23120754e-05,6.97076890e-06,0.00000000e+00,0.00000000e+00,1.30957266e-05,4.06903538e-06,0.00000000e+00,0.00000000e+00,7.68513856e-02,4.71325803e-03,4.11329586e+02,3.36680365e+01,9.54078027e-05,8.48528689e-06,0.00000000e+00,0.00000000e+00,1.70540000e+00,5.02704603e-02
1.37450000e+02,8.26987199e-05,6.56701128e-06,0.00000000e+00,0.00000000e+00,1.32285466e-05,4.14722528e-06,0.00000000e+00,0.00000000e+00,8.03753329e-02,5.34921353e-03,4.18561630e+02,3.20640579e+01,9.59272672e-05,8.22691623e-06,0.00000000e+00,0.00000000e+00,0.00000000e+00,0.00000000e+00
1.37550000e+02,7.90223495e-05,6.45431054e-06,0.00000000e+00,0.00000000e+00,1.31892730e-05,4.18085724e-06,0.00000000e+00,0.00000000e+00,7.41812463e-02,4.22092346e-03,3.94085784e+02,3.09321896e+01,9.22116231e-05,8.13910015e-06,0.00000000e+00,0.00000000e+00,1.70180000e+00,5.04151662e-02
1.37650000e+02,7.84625092e-05,6.40322194e-06,0.00000000e+00,0.00000000e+00,1.39066870e-05,4.15205305e-06,0.00000000e+00,0.00000000e+00,7.34202446e-02,3.86686952e-03,3.90746523e+02,3.04042845e+01,9.23691968e-05,8.11940050e-06,0.00000000e+00,0.00000000e+00,0.00000000e+00,0.00000000e+00
1.37750000e+02,7.74151625e-05,6.09901339e-06,0.00000000e+00,0.00000000e+00,1.43055810e-05,4.33572670e-06,0.00000000e+00,0.00000000e+00,7.35917282e-02,3.88041192e-03,3.85653206e+02,2.89987147e+01,9.17207441e-05,7.96515572e-06,0.00000000e+00,0.00000000e+00,1.69720000e+00,5.05052351e-02
1.37850000e+02,7.69606328e-05,6.00864173e-06,0.00000000e+00,0.00000000e+00,1.28644091e-05,4.15046508e-06,0.00000000e+00,0.00000000e+00,7.38087494e-02,3.93719686e-03,3.83554500e+02,2.86392081e+01,8.98250426e-05,7.52067474e-06,0.00000000e+00,0.00000000e+00,0.00000000e+00,0.00000000e+00
1.37950000e+02,7.89209803e-05,6.52682007e-06,0.00000000e+00,0.00000000e+00,1.29284776e-05,4.16353050e-06,0.00000000e+00,0.00000000e+00,7.47932710e-02,4.57012063e-03,3.93131644e+02,3.14849589e+01,9.18494586e-05,7.96237387e-06,0.00000000e+00,0.00000000e+00,1.69160000e+00,5.02397192e-02
1.38050000e+02,7.75393743e-05,6.44459196e-06,0.00000000e+00,0.00000000e+00,9.99356678e-06,1.56465649e-06,0.00000000e+00,0.00000000e+00,7.30790603e-02,4.28727719e-03,3.86533582e+02,3.09625148e+01,8.75329417e-05,7.04585878e-06,0.00000000e+00,0.00000000e+00,0.00000000e+00,0.00000000e+00
1.38150000e+02,7.72124340e-05,6.00811015e-06,0.00000000e+00,0.00000000e+00,1.06109272e-05,1.95563472e-06,0.00000000e+00,0.00000000e+00,7.38600288e-02,4.03982391e-03,3.84021252e+02,2.85578485e+01,8.78233618e-05,6.76141935e-06,0.00000000e+00,0.00000000e+00,1.68500000e+00,5.05684018e-02
1.38250000e+02,8.21262184e-05,8.01427857e-06,0.00000000e+00,0.00000000e+00,1.17191581e-05,2.25672449e-06,0.00000000e+00,0.00000000e+00,7.63369646e-02,5.34368206e-03,4.07304671e+02,3.82068553e+01,9.38453771e-05,8.64503396e-06,0.00000000e+00,0.00000000e+00,0.00000000e+00,0.00000000e+00
1.38350000e+02,8.05437503e-05,6.75226930e-06,0.00000000e+00,0.00000000e+00,1.11041814e-05,2.10989935e-06,0.00000000e+00,0.00000000e+00,7.41041734e-02,4.43889792e-03,3.99314801e+02,3.21350010e+01,9.16479324e-05,7.72659813e-06,0.00000000e+00,0.00000000e+00,1.67760000e+00,5.07177544e-02
1.38450000e+02,8.14021949e-05,6.60857749e-06,0.00000000e+00,0.00000000e+00,1.04998567e-05,1.98614550e-06,0.00000000e+00,0.00000000e+00,7.55512418e-02,5.07739024e-03,4.03955763e+02,3.18306985e+01,9.19020522e-05,7.45213610e-06,0.00000000e+00,0.00000000e+00,0.00000000e+00,0.00000000e+00
1.38550000e+02,8.01716617e-05,6.61178956e-06,0.00000000e+00,0.00000000e+00,1.17637736e-05,3.02531984e-06,0.00000000e+00,0.00000000e+00,7.59303407e-02,5.24732882e-03,3.98966634e+02,3.19474990e+01,9.19354359e-05,7.79407156e-06,0.00000000e+00,0.00000000e+00,1.67720000e+00,5.04267826e-02
1.38650000e+02,7.80143813e-05,6.51340015e-06,0.00000000e+00,0.00000000e+00,1.01271113e-05,2.07240609e-06,0.00000000e+00,0.00000000e+00,7.40148504e-02,4.68083341e-03,3.88660472e+02,3.11971490e+01,8.81414932e-05,7.23107330e-06,0.00000000e+00,0.00000000e+00,0.00000000e+00,0.00000000e+00
1.38750000e+02,7.87434106e-05,6.73867651e-06,0.00000000e+00,0.00000000e+00,1.05495670e-05,2.15587920e-06,0.00000000e+00,0.00000000e+00,7.34054878e-02,4.49757560e-03,3.92034239e+02,3.22443415e+01,8.92929783e-05,7.12212911e-06,0.00000000e+00,0.00000000e+00,1.68020000e+00,5.13860856e-02
1.38850000e+02,8.20944968e-05,7.80207732e-06,0.00000000e+00,0.00000000e+00,1.06082790e-05,2.24852576e-06,0.00000000e+00,0.00000000e+00,7.52857847e-02,5.20969295e-03,4.07678780e+02,3.73500752e+01,9.27027764e-05,8.06354717e-06,0.00000000e+00,0.00000000e+00,0.00000000e+00,0.00000000e+00
1.38950000e+02,7.95185939e-05,6.96113743e-06,0.00000000e+00,0.00000000e+00,1.04444692e-05,2.16688154e-06,0.00000000e+00,0.00000000e+00,7.32244460e-02,4.45368635e-03,3.94668659e+02,3.32432509e+01,8.99630637e-05,7.15789455e-06,0.00000000e+00,0.00000000e+00,1.67600000e+00,5.16273935e-02
1.39050000e+02,7.87457084e-05,6.76212323e-06,0.00000000e+00,0.00000000e+00,1.07498663e-05,2.25405688e-06,0.00000000e+00,0.00000000e+00,7.88020516e-02,5.63515093e-03,3.92787503e+02,3.23024929e+01,8.94955753e-05,7.06922812e-06,0.00000000e+00,0.00000000e+00,0.00000000e+00,0.00000000e+00
1.39150000e+02,7.36595939e-05,6.30161022e-06,0.00000000e+00,0.00000000e+00,1.00945996e-05,2.00994081e-06,0.00000000e+00,0.00000000e+00,7.16715168e-02,4.55498743e-03,3.66886094e+02,3.00601898e+01,8.37541941e-05,6.79130911e-06,0.00000000e+00,0.00000000e+00,1.66880000e+00,5.04636786e-02
1.39250000e+02,6.98939950e-05,5.87339369e-06,0.00000000e+00,0.00000000e+00,9.26814580e-06,1.78608440e-06,0.00000000e+00,0.00000000e+00,6.78663291e-02,4.33538198e-03,3.47631697e+02,2.81795502e+01,7.91621414e-05,6.37089705e-06,0.00000000e+00,0.00000000e+00,0.00000000e+00,0.00000000e+00
1.39350000e+02,7.09610531e-05,6.32209532e-06,0.00000000e+00,0.00000000e+00,8.24523461e-06,1.57145078e-06,0.00000000e+00,0.00000000e+00,6.84946597e-02,4.69732164e-03,3.53015160e+02,3.02344927e+01,7.92062883e-05,6.73742653e-06,0.00000000e+00,0.00000000e+00,1.66200000e+00,5.06496570e-02
1.39450000e+02,7.27608643e-05,7.29185155e-06,0.00000000e+00,0.00000000e+00,7.38813900e-06,1.22313595e-06,0.00000000e+00,0.00000000e+00,6.97366663e-02,5.13049959e-03,3.61823364e+02,3.48856522e+01,8.01490039e-05,7.64655580e-06,0.00000000e+00,0.00000000e+00,0.00000000e+00,0.00000000e+00
1.39550000e+02,6.91953960e-05,6.20542760e-06,0.00000000e+00,0.00000000e+00,1.27998546e-05,5.85649335e-06,0.00000000e+00,0.00000000e+00,6.76276889e-02,4.72915524e-03,3.44510709e+02,2.98076907e+01,8.19952511e-05,8.68933313e-06,0.00000000e+00,0.00000000e+00,1.66240000e+00,5.08270858e-02
1.39650000e+02,7.10707068e-05,7.83833867e-06,0.00000000e+00,0.00000000e+00,1.14704744e-05,4.39124765e-06,0.00000000e+00,0.00000000e+00,6.46525501e-02,3.96627472e-03,3.53164016e+02,3.76457074e+01,8.25411818e-05,8.98431569e-06,0.00000000e+00,0.00000000e+00,0.00000000e+00,0.00000000e+00
1.39750000e+02,6.57157242e-05,6.12676034e-06,0.00000000e+00,0.00000000e+00,8.81327255e-06,2.68710260e-06,0.00000000e+00,0.00000000e+00,6.26851575e-02,4.07329191e-03,3.27648614e+02,2.93852003e+01,7.45289973e-05,6.79093131e-06,0.00000000e+00,0.00000000e+00,1.65820000e+00,5.06244194e-02
1.39850000e+02,6.63735722e-05,6.36482696e-06,0.00000000e+00,0.00000000e+00,8.77512340e-06,2.65578473e-06,0.00000000e+00,0.00000000e+00,6.32436788e-02,4.21645853e-03,3.30852757e+02,3.06620919e+01,7.51486961e-05,6.91435517e-06,0.00000000e+00,0.00000000e+00,0.00000000e+00,0.00000000e+00
1.39950000e+02,6.57948012e-05,6.43201184e-06,0.00000000e+00,0.00000000e+00,8.55946702e-06,2.62650889e-06,0.00000000e+00,0.00000000e+00,6.29509075e-02,4.40628147e-03,3.27824342e+02,3.09694869e+01,7.43542688e-05,6.85142986e-06,0.00000000e+00,0.00000000e+00,1.64780000e+00,5.00467455e-02
1.40050000e+02,7.00970988e-05,9.55178447e-06,0.00000000e+00,0.00000000e+00,8.37363714e-06,2.62005191e-06,0.00000000e+00,0.00000000e+00,6.35883701e-02,4.91870445e-03,3.47763241e+02,4.56682061e+01,7.84707365e-05,9.90026756e-06,0.00000000e+00,0.00000000e+00,0.00000000e+00,0.00000000e+00
1.40150000e+02,6.95354979e-05,7.47471885e-06,0.00000000e+00,0.00000000e+00,8.69622540e-06,2.62939394e-06,0.00000000e+00,0.00000000e+00,6.24998063e-02,4.03047306e-03,3.45710333e+02,3.59142361e+01,7.82317238e-05,7.80867668e-06,0.00000000e+00,0.00000000e+00,1.64260000e+00,4.95578903e-02
1.40250000e+02,6.29810715e-05,5.53881629e-06,0.00000000e+00,0.00000000e+00,8.98635955e-06,2.64425260e-06,0.00000000e+00,0.00000000e+00,6.08184050e-02,4.22502611e-03,3.16090842e+02,2.76356851e+01,7.19674315e-05,5.97955266e-06,0.00000000e+00,0.00000000e+00,0.00000000e+00,0.00000000e+00
1.40350000e+02,6.83857172e-05,7.38857926e-06,0.00000000e+00,0.00000000e+00,9.25641799e-06,2.75435083e-06,0.00000000e+00,0.00000000e+00,6.18207855e-02,4.14201549e-03,3.39351566e+02,3.54628960e+01,7.76421357e-05,7.65870288e-06,0.00000000e+00,0.00000000e+00,1.64520000e+00,4.96742367e-02
1.40450000e+02,6.52527350e-05,6.15952982e-06,0.00000000e+00,0.00000000e+00,9.53975617e-06,2.95306608e-06,0.00000000e+00,0.00000000e+00,6.08478321e-02,4.16740347e-03,3.24305130e+02,2.96282627e+01,7.47924917e-05,6.72449522e-06,0.00000000e+00,0.00000000e+00,0.00000000e+00,0.00000000e+00
1.40550000e+02,6.32419672e-05,5.48919101e-06,0.00000000e+00,0.00000000e+00,9.49350942e-06,3.17012677e-06,0.00000000e+00,0.00000000e+00,6.15166217e-02,4.04075187e-03,3.16176745e+02,2.62328303e+01,7.27354771e-05,6.17366481e-06,0.00000000e+00,0.00000000e+00,1.64180000e+00,4.94852606e-02
1.40650000e+02,6.13319716e-05,5.35322127e-06,0.00000000e+00,0.00000000e+00,9.27075820e-06,3.16572662e-06,0.00000000e+00,0.00000000e+00,5.93197291e-02,3.80615276e-03,3.06794122e+02,2.56208086e+01,7.06027303e-05,5.97740220e-06,0.00000000e+00,0.00000000e+00,0.00000000e+00,0.00000000e+00
1.40750000e+02,6.17639495e-05,5.77347960e-06,0.00000000e+00,0.00000000e+00,9.08194478e-06,2.73090760e-06,0.00000000e+00,0.00000000e+00,5.80442947e-02,3.87792662e-03,3.07605131e+02,2.76248856e+01,7.08458948e-05,6.15300070e-06,0.00000000e+00,0.00000000e+00,1.63840000e+00,4.98916050e-02
1.40850000e+02,6.14703634e-05,5.44410340e-06,0.00000000e+00,0.00000000e+00,6.63467615e-06,1.16510650e-06,0.00000000e+00,0.00000000e+00,5.78099737e-02,3.79294977e-03,3.06560928e+02,2.60039754e+01,6.81050400e-05,5.51884987e-06,0.00000000e+00,0.00000000e+00,0.00000000e+00,0.00000000e+00
1.40950000e+02,6.24991873e-05,5.34666773e-06,0.00000000e+00,0.00000000e+00,6.45429662e-06,1.16245794e-06,0.00000000e+00,0.00000000e+00,5.81733978e-02,3.72736556e-03,3.10933244e+02,2.54880528e+01,6.89534844e-05,5.46504820e-06,0.00000000e+00,0.00000000e+00,1.62740000e+00,4.90653958e-02
1.41050000e+02,6.77957357e-05,6.58147669e-06,0.00000000e+00,0.00000000e+00,6.48579200e-06,1.18821689e-06,0.00000000e+00,0.00000000e+00,6.17625529e-02,4.79283951e-03,3.35748775e+02,3.13789067e+01,7.42815282e-05,6.74408506e-06,0.00000000e+00,0.00000000e+00,0.00000000e+00,0.00000000e+00
1.41150000e+02,6.38834261e-05,6.33390259e-06,0.00000000e+00,0.00000000e+00,5.94580656e-06,1.13429998e-06,0.00000000e+00,0.00000000e+00,5.68506907e-02,3.72538750e-03,3.16982213e+02,3.02103588e+01,6.98292331e-05,6.45843755e-06,0.00000000e+00,0.00000000e+00,1.62480000e+00,4.88598495e-02
1.41250000e+02,6.24943076e-05,6.24272873e-06,0.00000000e+00,0.00000000e+00,5.78768848e-06,1.25261161e-06,0.00000000e+00,0.00000000e+00,5.50886053e-02,3.40795758e-03,3.09908030e+02,2.97636154e+01,6.82819966e-05,6.38030813e-06,0.00000000e+00,0.00000000e+00,0.00000000e+00,0.00000000e+00
1.41350000e+02,6.14528901e-05,5.93252669e-06,0.00000000e+00,0.00000000e+00,6.69839098e-06,1.94960140e-06,0.00000000e+00,0.00000000e+00,5.49600289e-02,3.74070965e-03,3.04916500e+02,2.83160562e+01,6.81512816e-05,6.19913678e-06,0.00000000e+00,0.00000000e+00,1.62120000e+00,4.87330421e-02
1.41450000e+02,5.73797279e-05,5.32785818e-06,0.00000000e+00,0.00000000e+00,6.58629566e-06,1.95611726e-06,0.00000000e+00,0.00000000e+00,5.51158544e-02,4.09427368e-03,2.85904385e+02,2.54377789e+01,6.39660240e-05,5.62516415e-06,0.00000000e+00,0.00000000e+00,0.00000000e+00,0.00000000e+00
1.41550000e+02,5.85949613e-05,5.64400860e-06,0.00000000e+00,0.00000000e+00,1.42621363e-05,7.30549886e-06,0.00000000e+00,0.00000000e+00,5.53432022e-02,3.95547579e-03,2.91734691e+02,2.69540376e+01,7.28570980e-05,1.03552071e-05,0.00000000e+00,0.00000000e+00,1.61700000e+00,4.87352280e-02
1.41650000e+02,5.87060277e-05,5.50752550e-06,0.00000000e+00,0.00000000e+00,1.48407628e-05,7.27093860e-06,0.00000000e+00,0.00000000e+00,5.63031326e-02,4.19970649e-03,2.93020209e+02,2.63623298e+01,7.35467910e-05,1.03055282e-05,0.00000000e+00,0.00000000e+00,0.00000000e+00,0.00000000e+00
1.41750000e+02,6.03001940e-05,6.58904125e-06,0.00000000e+00,0.00000000e+00,9.45066931e-06,2.21588722e-06,0.00000000e+00,0.00000000e+00,5.63681638e-02,3.88931142e-03,3.00311033e+02,3.13720416e+01,6.97508637e-05,7.25106800e-06,0.00000000e+00,0.00000000e+00,1.61820000e+00,4.90186886e-02
1.41850000e+02,5.96340614e-05,5.26531577e-06,0.00000000e+00,0.00000000e+00,9.36746606e-06,2.21027123e-06,0.00000000e+00,0.00000000e+00,5.43408473e-02,3.27533727e-03,2.96472726e+02,2.51232630e+01,6.90015279e-05,5.91315023e-06,0.00000000e+00,0.00000000e+00,0.00000000e+00,0.00000000e+00
1.41950000e+02,5.79650554e-05,5.61248745e-06,0.00000000e+00,0.00000000e+00,9.27825395e-06,2.19476018e-06,0.00000000e+00,0.00000000e+00,5.54491933e-02,3.81419852e-03,2.88995496e+02,2.68457902e+01,6.72433098e-05,6.22197022e-06,0.00000000e+00,0.00000000e+00,1.61700000e+00,4.91123244e-02
1.42050000e+02,5.43525361e-05,4.99790998e-06,0.00000000e+00,0.00000000e+00,9.54977857e-06,2.31503503e-06,0.00000000e+00,0.00000000e+00,5.25705436e-02,3.52826321e-03,2.71479622e+02,2.39396357e+01,6.39023151e-05,5.72993795e-06,0.00000000e+00,0.00000000e+00,0.00000000e+00,0.00000000e+00
1.42150000e+02,5.43523233e-05,5.13413948e-06,0.00000000e+00,0.00000000e+00,9.60729224e-06,2.39281211e-06,0.00000000e+00,0.00000000e+00,5.32937985e-02,3.85786598e-03,2.71396464e+02,2.46019305e+01,6.39596160e-05,6.05210173e-06,0.00000000e+00,0.00000000e+00,1.60900000e+00,4.92476043e-02
1.42250000e+02,5.19646306e-05,4.92214542e-06,0.00000000e+00,0.00000000e+00,9.16101192e-06,2.39465569e-06,0.00000000e+00,0.00000000e+00,5.09632842e-02,3.55406736e-03,2.60080082e+02,2.36889977e+01,6.11256430e-05,6.06581943e-06,0.00000000e+00,0.00000000e+00,0.00000000e+00,0.00000000e+00
1.42350000e+02,5.08504826e-05,4.94941571e-06,0.00000000e+00,0.00000000e+00,8.32532123e-06,2.28409937e-06,0.00000000e+00,0.00000000e+00,5.01601606e-02,3.72515128e-03,2.54330013e+02,2.38776984e+01,5.91758043e-05,6.05871315e-06,0.00000000e+00,0.00000000e+00,1.60440000e+00,4.80536775e-02
1.42450000e+02,5.00217031e-05,5.10688849e-06,0.00000000e+00,0.00000000e+00,8.80927231e-06,2.48670350e-06,0.00000000e+00,0.00000000e+00,4.88576954e-02,3.95382210e-03,2.50062760e+02,2.46526578e+01,5.88309758e-05,6.61937400e-06,0.00000000e+00,0.00000000e+00,0.00000000e+00,0.00000000e+00
1.42550000e+02,4.96916992e-05,5.01980878e-06,0.00000000e+00,0.00000000e+00,9.32244341e-06,2.74595702e-06,0.00000000e+00,0.00000000e+00,4.91202170e-02,4.06514819e-03,2.48280154e+02,2.41836430e+01,5.90141430e-05,6.56354924e-06,0.00000000e+00,0.00000000e+00,1.60120000e+00,4.94150601e-02
1.42650000e+02,5.01764685e-05,4.61810893e-06,0.00000000e+00,0.00000000e+00,1.05747130e-05,3.04796449e-06,0.00000000e+00,0.00000000e+00,4.97472198e-02,3.66087131e-03,2.51340587e+02,2.21566669e+01,6.07511819e-05,6.10288213e-06,0.00000000e+00,0.00000000e+00,0.00000000e+00,0.00000000e+00
1.42750000e+02,5.17066909e-05,4.57257537e-06,0.00000000e+00,0.00000000e+00,6.33513250e-05,4.01282651e-05,0.00000000e+00,0.00000000e+00,4.99676069e-02,3.69673134e-03,2.58245388e+02,2.19081581e+01,1.15058016e-04,4.07586706e-05,0.00000000e+00,0.00000000e+00,1.59900000e+00,5.04034741e-02
1.42850000e+02,5.35254793e-05,5.01591008e-06,0.00000000e+00,0.00000000e+00,8.29659467e-05,7.34668490e-05,0.00000000e+00,0.00000000e+00,5.09056458e-02,3.90603883e-03,2.66986146e+02,2.39068084e+01,1.36491426e-04,7.36411196e-05,0.00000000e+00,0.00000000e+00,0.00000000e+00,0.00000000e+00
1.42950000e+02,5.07574344e-05,4.67375961e-06,0.00000000e+00,0.00000000e+00,8.08724287e-06,2.42329014e-06,0.00000000e+00,0.00000000e+00,4.98821192e-02,3.83926570e-03,2.53484722e+02,2.22920271e+01,5.88446777e-05,5.69584699e-06,0.00000000e+00,0.00000000e+00,1.60660000e+00,5.09674646e-02
1.43050000e+02,4.97128823e-05,4.85751421e-06,0.00000000e+00,0.00000000e+00,7.96857688e-06,2.41746885e-06,0.00000000e+00,0.00000000e+00,4.81818214e-02,3.62086304e-03,2.48135172e+02,2.33817535e+01,5.76814597e-05,5.90771840e-06,0.00000000e+00,0.00000000e+00,0.00000000e+00,0.00000000e+00
1.43150000e+02,4.76904934e-05,4.49314430e-06,0.00000000e+00,0.00000000e+00,8.13313008e-06,2.38893588e-06,0.00000000e+00,0.00000000e+00,4.68536724e-02,3.43702905e-03,2.38221283e+02,2.15508794e+01,5.58236239e-05,5.54814893e-06,0.00000000e+00,0.00000000e+00,1.59340000e+00,5.04272440e-02
1.43250000e+02,4.92118666e-05,4.65993618e-06,0.00000000e+00,0.00000000e+00,8.71073306e-06,2.42870080e-06,0.00000000e+00,0.00000000e+00,4.72288027e-02,3.35076569e-03,2.45491948e+02,2.23437970e+01,5.79226001e-05,5.49719389e-06,0.00000000e+00,0.00000000e+00,0.00000000e+00,0.00000000e+00
1.43350000e+02,5.17202665e-05,5.20046503e-06,0.00000000e+00,0.00000000e+00,8.89504556e-06,2.43934439e-06,0.00000000e+00,0.00000000e+00,4.96285075e-02,3.84050538e-03,2.57251886e+02,2.49691023e+01,6.06153125e-05,6.02286013e-06,0.00000000e+00,0.00000000e+00,1.59040000e+00,5.09260849e-02
1.43450000e+02,4.95092818e-05,4.90322606e-06,0.00000000e+00,0.00000000e+00,8.67379823e-06,2.40888780e-06,0.00000000e+00,0.00000000e+00,4.85606573e-02,3.70359776e-03,2.46348345e+02,2.35743741e+01,5.81830804e-05,5.87432992e-06,0.00000000e+00,0.00000000e+00,0.00000000e+00,0.00000000e+00
1.43550000e+02,4.70780379e-05,4.65750063e-06,0.00000000e+00,0.00000000e+00,7.38575036e-06,2.00287869e-06,0.00000000e+00,0.00000000e+00,4.71667906e-02,3.62833247e-03,2.34706102e+02,2.25253376e+01,5.44637887e-05,5.41856008e-06,0.00000000e+00,0.00000000e+00,1.59560000e+00,5.16512323e-02
1.43650000e+02,4.14974536e-05,3.69427365e-06,0.00000000e+00,0.00000000e+00,5.05006720e-06,9.63736370e-07,0.00000000e+00,0.00000000e+00,4.36144213e-02,3.43482548e-03,2.07564373e+02,1.78990723e+01,4.65475212e-05,3.96034706e-06,0.00000000e+00,0.00000000e+00,0.00000000e+00,0.00000000e+00
1.43750000e+02,3.93008887e-05,3.38356842e-06,0.00000000e+00,0.00000000e+00,4.60620857e-06,9.13118305e-07,0.00000000e+00,0.00000000e+00,4.14782911e-02,3.11464019e-03,1.96668520e+02,1.63366272e+01,4.39070977e-05,3.50522137e-06,0.00000000e+00,0.00000000e+00,1.59100000e+00,5.13914549e-02
1.43850000e+02,3.81984251e-05,3.30378438e-06,0.00000000e+00,0.00000000e+00,5.25912304e-06,9.95304693e-07,0.00000000e+00,0.00000000e+00,4.13884980e-02,3.02586688e-03,1.92438386e+02,1.59924935e+01,4.34575485e-05,3.47513705e-06,0.00000000e+00,0.00000000e+00,0.00000000e+00,0.00000000e+00
1.43950000e+02,3.89918111e-05,3.47805216e-06,0.00000000e+00,0.00000000e+00,4.90969089e-06,9.16553790e-07,0.00000000e+00,0.00000000e+00,4.16636084e-02,3.06347364e-03,1.94971729e+02,1.68470172e+01,4.39015024e-05,3.63569537e-06,0.00000000e+00,0.00000000e+00,1.57740000e+00,5.10596370e-02
1.44050000e+02,3.93304835e-05,3.24417910e-06,0.00000000e+00,0.00000000e+00,5.07177827e-06,8.97490799e-07,0.00000000e+00,0.00000000e+00,4.21541126e-02,3.07778451e-03,1.96482812e+02,1.57116546e+01,4.44022621e-05,3.44240972e-06,0.00000000e+00,0.00000000e+00,0.00000000e+00,0.00000000e+00
1.44150000e+02,3.89368227e-05,3.40739251e-06,0.00000000e+00,0.00000000e+00,5.85072802e-06,2.07104328e-06,0.00000000e+00,0.00000000e+00,4.01227320e-02,2.92142044e-03,1.93845684e+02,1.65190725e+01,4.47875511e-05,4.57336149e-06,0.00000000e+00,0.00000000e+00,1.57160000e+00,5.15438074e-02
1.44250000e+02,3.84624278e-05,3.01270739e-06,0.00000000e+00,0.00000000e+00,5.15448993e-06,1.40318711e-06,0.00000000e+00,0.00000000e+00,4.13244142e-02,2.88379738e-03,1.91333874e+02,1.45505561e+01,4.36169181e-05,3.62162859e-06,0.00000000e+00,0.00000000e+00,0.00000000e+00,0.00000000e+00
1.44350000e+02,4.03028700e-05,3.30473594e-06,0.00000000e+00,0.00000000e+00,4.75483226e-06,8.79515130e-07,0.00000000e+00,0.00000000e+00,4.20618763e-02,2.97260791e-03,1.99938273e+02,1.58661108e+01,4.50577026e-05,3.75865204e-06,0.00000000e+00,0.00000000e+00,1.57080000e+00,5.23861954e-02
1.44450000e+02,4.12073798e-05,3.38642664e-06,0.00000000e+00,0.00000000e+00,4.35571590e-06,7.62924398e-07,0.00000000e+00,0.00000000e+00,4.19981477e-02,2.85028847e-03,2.04330728e+02,1.62721915e+01,4.55630961e-05,3.67475410e-06,0.00000000e+00,0.00000000e+00,0.00000000e+00,0.00000000e+00
1.44550000e+02,3.86099606e-05,3.07286217e-06,0.00000000e+00,0.00000000e+00,3.57039193e-06,5.72014394e-07,0.00000000e+00,0.00000000e+00,4.08847597e-02,2.85756365e-03,1.92049668e+02,1.48776380e+01,4.21803529e-05,3.31890058e-06,0.00000000e+00,0.00000000e+00,1.56700000e+00,5.28658294e-02
1.44650000e+02,3.87462122e-05,3.27866362e-06,0.00000000e+00,0.00000000e+00,3.28837759e-06,5.51921951e-07,0.00000000e+00,0.00000000e+00,4.07074348e-02,3.35200086e-03,1.92628759e+02,1.59103878e+01,4.20345901e-05,3.50201881e-06,0.00000000e+00,0.00000000e+00,0.00000000e+00,0.00000000e+00
1.44750000e+02,4.01430870e-05,3.57116823e-06,0.00000000e+00,0.00000000e+00,3.22546285e-06,5.44199472e-07,0.00000000e+00,0.00000000e+00,4.13408794e-02,3.31561254e-03,1.99891803e+02,1.73488645e+01,4.33685503e-05,3.75464983e-06,0.00000000e+00,0.00000000e+00,1.56060000e+00,5.28929686e-02
1.44850000e+02,3.80338992e-05,3.39988387e-06,0.00000000e+00,0.00000000e+00,3.13721042e-06,5.37582398e-07,0.00000000e+00,0.00000000e+00,3.91636292e-02,3.14291096e-03,1.89716225e+02,1.65488762e+01,4.11711100e-05,3.56644118e-06,0.00000000e+00,0.00000000e+00,0.00000000e+00,0.00000000e+00
1.44950000e+02,3.74974483e-05,3.28175424e-06,0.00000000e+00,0.00000000e+00,3.10486813e-06,5.09187809e-07,0.00000000e+00,0.00000000e+00,3.87811298e-02,3.03479680e-03,1.87070174e+02,1.59901743e+01,4.06023168e-05,3.45279278e-06,0.00000000e+00,0.00000000e+00,1.55260000e+00,5.27688916e-02
1.45050000e+02,3.69730625e-05,3.44788312e-06,0.00000000e+00,0.00000000e+00,3.52578500e-06,6.37341822e-07,0.00000000e+00,0.00000000e+00,3.99321393e-02,3.40001921e-03,1.84979308e+02,1.68813487e+01,4.04988478e-05,3.83387300e-06,0.00000000e+00,0.00000000e+00,0.00000000e+00,0.00000000e+00
1.45150000e+02,3.70487516e-05,3.65079867e-06,0.00000000e+00,0.00000000e+00,3.35733532e-06,6.02658283e-07,0.00000000e+00,0.00000000e+00,3.99439040e-02,3.51888725e-03,1.85533038e+02,1.79208616e+01,4.04060872e-05,3.99554916e-06,0.00000000e+00,0.00000000e+00,1.54600000e+00,5.23262918e-02
1.45250000e+02,3.50197056e-05,3.25714372e-06,0.00000000e+00,0.00000000e+00,3.48371843e-06,7.10351854e-07,0.00000000e+00,0.00000000e+00,3.88680114e-02,3.34520189e-03,1.75866205e+02,1.60752542e+01,3.85034243e-05,3.58949595e-06,0.00000000e+00,0.00000000e+00,0.00000000e+00,0.00000000e+00
1.45350000e+02,3.74522362e-05,4.32738510e-06,0.00000000e+00,0.00000000e+00,3.77825363e-06,7.89560021e-07,0.00000000e+00,0.00000000e+00,4.04180609e-02,4.17888055e-03,1.88028929e+02,2.13122611e+01,4.12304901e-05,4.73114838e-06,0.00000000e+00,0.00000000e+00,1.54140000e+00,5.06464415e-02
1.45450000e+02,3.83495528e-05,4.27792395e-06,0.00000000e+00,0.00000000e+00,3.98272836e-06,7.28156996e-07,0.00000000e+00,0.00000000e+00,4.03713504e-02,4.01914303e-03,1.91939474e+02,2.08398570e+01,4.23322815e-05,4.62187296e-06,0.00000000e+00,0.00000000e+00,0.00000000e+00,0.00000000e+00
1.45550000e+02,3.50209300e-05,3.70208862e-06,0.00000000e+00,0.00000000e+00,3.96932198e-06,7.19589281e-07,0.00000000e+00,0.00000000e+00,3.71374264e-02,3.56716413e-03,1.75665217e+02,1.81399344e+01,3.89902523e-05,4.02476269e-06,0.00000000e+00,0.00000000e+00,1.53700000e+00,5.07858650e-02
1.45650000e+02,3.17247941e-05,3.36409582e-06,0.00000000e+00,0.00000000e+00,3.65618529e-06,6.66686170e-07,0.00000000e+00,0.00000000e+00,3.48789814e-02,3.20613574e-03,1.59414640e+02,1.64365763e+01,3.53809797e-05,3.70654283e-06,0.00000000e+00,0.00000000e+00,0.00000000e+00,0.00000000e+00
1.45750000e+02,3.08593816e-05,3.03164421e-06,0.00000000e+00,0.00000000e+00,3.56925766e-06,6.37992096e-07,0.00000000e+00,0.00000000e+00,3.42580074e-02,2.93991163e-03,1.55218488e+02,1.49653365e+01,3.44286396e-05,3.33677208e-06,0.00000000e+00,0.00000000e+00,1.54240000e+00,5.02658727e-02
1.45850000e+02,3.00802352e-05,2.94363120e-06,0.00000000e+00,0.00000000e+00,3.50390281e-06,6.22090817e-07,0.00000000e+00,0.00000000e+00,3.32727023e-02,2.99078947e-03,1.51803612e+02,1.47552504e+01,3.35841383e-05,3.24613902e-06,0.00000000e+00,0.00000000e+00,0.00000000e+00,0.00000000e+00
1.45950000e+02,2.89531955e-05,2.76774674e-06,0.00000000e+00,0.00000000e+00,3.67008879e-06,6.53677925e-07,0.00000000e+00,0.00000000e+00,3.16042223e-02,2.75807391e-03,1.45065658e+02,1.36687803e+01,3.26232845e-05,3.09034747e-06,0.00000000e+00,0.00000000e+00,1.54780000e+00,4.89083191e-02
1.46050000e+02,3.29553002e-05,3.93276544e-06,0.00000000e+00,0.00000000e+00,4.17484167e-06,9.32934971e-07,0.00000000e+00,0.00000000e+00,3.43586327e-02,3.32233519e-03,1.64536306e+02,1.91822407e+01,3.71301422e-05,4.25773446e-06,0.00000000e+00,0.00000000e+00,0.00000000e+00,0.00000000e+00
1.46150000e+02,3.37812035e-05,5.11468129e-06,0.00000000e+00,0.00000000e+00,4.10535581e-06,9.39923701e-07,0.00000000e+00,0.00000000e+00,3.38511732e-02,3.47189107e-03,1.68078315e+02,2.48611486e+01,3.78865596e-05,5.40007556e-06,0.00000000e+00,0.00000000e+00,1.53960000e+00,4.89297372e-02
1.46250000e+02,3.14097271e-05,3.96948813e-06,0.00000000e+00,0.00000000e+00,4.17658068e-06,9.49651414e-07,0.00000000e+00,0.00000000e+00,3.21842434e-02,2.75145137e-03,1.56718895e+02,1.92331475e+01,3.55863080e-05,4.31135170e-06,0.00000000e+00,0.00000000e+00,0.00000000e+00,0.00000000e+00
1.46350000e+02,2.98823745e-05,3.61949847e-06,0.00000000e+00,0.00000000e+00,3.68643203e-06,7.93763475e-07,0.00000000e+00,0.00000000e+00,3.16385568e-02,2.72331694e-03,1.49287386e+02,1.75527469e+01,3.35688068e-05,3.96508199e-06,0.00000000e+00,0.00000000e+00,1.53360000e+00,4.85813099e-02
1.46450000e+02,2.84412626e-05,3.32957778e-06,0.00000000e+00,0.00000000e+00,3.07459872e-06,5.80841589e-07,0.00000000e+00,0.00000000e+00,2.98796290e-02,2.62133714e-03,1.41970067e+02,1.61750396e+01,3.15158616e-05,3.63467205e-06,0.00000000e+00,0.00000000e+00,0.00000000e+00,0.00000000e+00
1.46550000e+02,2.76894686e-05,3.29144577e-06,0.00000000e+00,0.00000000e+00,3.43741590e-06,6.82991311e-07,0.00000000e+00,0.00000000e+00,2.91212664e-02,2.67952608e-03,1.38301754e+02,1.60030485e+01,3.11268847e-05,3.63705255e-06,0.00000000e+00,0.00000000e+00,1.53660000e+00,4.88918924e-02
1.46650000e+02,3.06538940e-05,4.35460068e-06,0.00000000e+00,0.00000000e+00,3.98099167e-06,1.22363530e-06,0.00000000e+00,0.00000000e+00,3.20479326e-02,3.64222627e-03,1.53121491e+02,2.11344272e+01,3.46348860e-05,5.34275781e-06,0.00000000e+00,0.00000000e+00,0.00000000e+00,0.00000000e+00
1.46750000e+02,2.72829795e-05,3.26075552e-06,0.00000000e+00,0.00000000e+00,6.46963112e-06,2.57989361e-06,0.00000000e+00,0.00000000e+00,2.93890018e-02,2.78876789e-03,1.36762109e+02,1.58808098e+01,3.37526109e-05,4.65895268e-06,0.00000000e+00,0.00000000e+00,1.53280000e+00,4.84469329e-02
1.46850000e+02,2.54422120e-05,3.10789292e-06,0.00000000e+00,0.00000000e+00,4.07224831e-06,1.47863767e-06,0.00000000e+00,0.00000000e+00,2.70449925e-02,2.55041620e-03,1.27438291e+02,1.50823805e+01,2.95144605e-05,3.81152139e-06,0.00000000e+00,0.00000000e+00,0.00000000e+00,0.00000000e+00
1.46950000e+02,2.41214484e-05,2.36385540e-06,0.00000000e+00,0.00000000e+00,4.00702439e-06,1.47660820e-06,0.00000000e+00,0.00000000e+00,2.86032226e-02,3.30015321e-03,1.21373664e+02,1.16555706e+01,2.81284730e-05,3.15560157e-06,0.00000000e+00,0.00000000e+00,1.52620000e+00,4.72327195e-02
1.47050000e+02,2.40799947e-05,2.44465174e-06,0.00000000e+00,0.00000000e+00,3.94030064e-06,1.46596745e-06,0.00000000e+00,0.00000000e+00,2.68506119e-02,2.62531796e-03,1.20250379e+02,1.18676114e+01,2.80202956e-05,3.18593704e-06,0.00000000e+00,0.00000000e+00,0.00000000e+00,0.00000000e+00
1.47150000e+02,2.27093584e-05,2.21123773e-06,0.00000000e+00,0.00000000e+00,4.67584597e-06,1.65455980e-06,0.00000000e+00,0.00000000e+00,2.52663475e-02,2.16065123e-03,1.13645786e+02,1.07324235e+01,2.73852046e-05,3.07192003e-06,0.00000000e+00,0.00000000e+00,1.52720000e+00,4.62672273e-02
1.47250000e+02,2.24913257e-05,2.28493962e-06,0.00000000e+00,0.00000000e+00,4.65619745e-06,1.72626741e-06,0.00000000e+00,0.00000000e+00,2.48156530e-02,2.21958215e-03,1.12511380e+02,1.11211797e+01,2.71475233e-05,3.15130401e-06,0.00000000e+00,0.00000000e+00,0.00000000e+00,0.00000000e+00
1.47350000e+02,2.23397103e-05,2.27897013e-06,0.00000000e+00,0.00000000e+00,5.57039701e-06,2.70586520e-06,0.00000000e+00,0.00000000e+00,2.46596861e-02,2.25186788e-03,1.11941383e+02,1.11891038e+01,2.79101075e-05,4.14615814e-06,0.00000000e+00,0.00000000e+00,1.51980000e+00,4.67930659e-02
1.47450000e+02,2.21349251e-05,2.14108850e-06,0.00000000e+00,0.00000000e+00,3.26567092e-06,1.09661521e-06,0.00000000e+00,0.00000000e+00,2.49388001e-02,2.35405790e-03,1.10916420e+02,1.04863664e+01,2.54005962e-05,2.60901875e-06,0.00000000e+00,0.00000000e+00,0.00000000e+00,0.00000000e+00
1.47550000e+02,2.18509636e-05,2.11741972e-06,0.00000000e+00,0.00000000e+00,3.73723520e-06,1.14982259e-06,0.00000000e+00,0.00000000e+00,2.59793072e-02,2.89900818e-03,1.09670945e+02,1.04169680e+01,2.55881990e-05,2.66044544e-06,0.00000000e+00,0.00000000e+00,1.51760000e+00,4.61395930e-02
1.47650000e+02,2.09296054e-05,2.01154621e-06,0.00000000e+00,0.00000000e+00,3.52780766e-06,1.14240382e-06,0.00000000e+00,0.00000000e+00,2.43645919e-02,2.40741144e-03,1.04939423e+02,9.80299710e+00,2.44574133e-05,2.53145093e-06,0.00000000e+00,0.00000000e+00,0.00000000e+00,0.00000000e+00
1.47750000e+02,1.92724976e-05,1.88330007e-06,0.00000000e+00,0.00000000e+00,3.20537332e-06,1.09755802e-06,0.00000000e+00,0.00000000e+00,2.23565998e-02,1.94973048e-03,9.66868313e+01,9.16627711e+00,2.24778711e-05,2.35830879e-06,0.00000000e+00,0.00000000e+00,1.51160000e+00,4.60375712e-02
1.47850000e+02,1.99302661e-05,2.06222138e-06,0.00000000e+00,0.00000000e+00,2.94543705e-06,1.07467843e-06,0.00000000e+00,0.00000000e+00,2.25528664e-02,1.95706360e-03,9.98262218e+01,1.00164606e+01,2.28757034e-05,2.46544767e-06,0.00000000e+00,0.00000000e+00,0.00000000e+00,0.00000000e+00
1.47950000e+02,1.98719577e-05,2.06498441e-06,0.00000000e+00,0.00000000e+00,2.10963715e-06,4.44433958e-07,0.00000000e+00,0.00000000e+00,2.26330931e-02,1.95189882e-03,9.95767320e+01,1.00204988e+01,2.19815951e-05,2.25682656e-06,0.00000000e+00,0.00000000e+00,1.50440000e+00,4.60551223e-02
1.48050000e+02,2.05358678e-05,2.49354145e-06,0.00000000e+00,0.00000000e+00,7.79947416e-06,6.07826373e-06,0.00000000e+00,0.00000000e+00,2.05767653e-02,1.59522136e-03,1.01932317e+02,1.19715079e+01,2.83353421e-05,6.54063406e-06,0.00000000e+00,0.00000000e+00,0.00000000e+00,0.00000000e+00
1.48150000e+02,2.42331486e-05,6.10515874e-06,0.00000000e+00,0.00000000e+00,1.24453675e-05,1.08153049e-05,0.00000000e+00,0.00000000e+00,2.10721300e-02,2.04074803e-03,1.19744888e+02,2.92228612e+01,3.66785163e-05,1.24093080e-05,0.00000000e+00,0.00000000e+00,1.49820000e+00,4.56103193e-02
1.48250000e+02,1.95685610e-05,2.19329538e-06,0.00000000e+00,0.00000000e+00,1.28181742e-05,1.08313591e-05,0.00000000e+00,0.00000000e+00,1.94719720e-02,1.57935919e-03,9.72926231e+01,1.05478155e+01,3.23867353e-05,1.11039734e-05,0.00000000e+00,0.00000000e+00,0.00000000e+00,0.00000000e+00
1.48350000e+02,1.94342830e-05,2.23497481e-06,0.00000000e+00,0.00000000e+00,1.20706163e-05,1.08237556e-05,0.00000000e+00,0.00000000e+00,2.02439108e-02,2.03147193e-03,9.68581047e+01,1.07931807e+01,3.15048995e-05,1.11464130e-05,0.00000000e+00,0.00000000e+00,1.48280000e+00,4.50261058e-02
1.48450000e+02,1.92497536e-05,2.33611584e-06,0.00000000e+00,0.00000000e+00,1.20394977e-05,1.08250495e-05,0.00000000e+00,0.00000000e+00,2.00480700e-02,2.12000300e-03,9.59805472e+01,1.12954290e+01,3.12892515e-05,1.11835553e-05,0.00000000e+00,0.00000000e+00,0.00000000e+00,0.00000000e+00
1.48550000e+02,1.92919000e-05,2.27653398e-06,0.00000000e+00,0.00000000e+00,1.20521303e-05,1.08228243e-05,0.00000000e+00,0.00000000e+00,2.00924017e-02,1.94584856e-03,9.62377791e+01,1.09853057e+01,3.13440304e-05,1.11529120e-05,0.00000000e+00,0.00000000e+00,1.48080000e+00,4.42560638e-02
1.48650000e+02,1.78316556e-05,2.21101176e-06,0.00000000e+00,0.00000000e+00,1.25520069e-05,1.08163583e-05,0.00000000e+00,0.00000000e+00,1.86107739e-02,1.75731732e-03,8.92442423e+01,1.06578563e+01,3.03836627e-05,1.11470192e-05,0.00000000e+00,0.00000000e+00,0.00000000e+00,0.00000000e+00
1.48750000e+02,1.85891339e-05,2.44104067e-06,0.00000000e+00,0.00000000e+00,1.34564397e-05,1.08554004e-05,0.00000000e+00,0.00000000e+00,2.02000647e-02,2.50090579e-03,9.32228008e+01,1.18464524e+01,3.20455738e-05,1.12821421e-05,0.00000000e+00,0.00000000e+00,1.47580000e+00,4.51574027e-02
1.48850000e+02,1.70555630e-05,2.19717462e-06,0.00000000e+00,0.00000000e+00,1.33368949e-05,1.08583488e-05,0.00000000e+00,0.00000000e+00,1.73861919e-02,1.87133928e-03,8.54642352e+01,1.06945453e+01,3.03924580e-05,1.12671961e-05,0.00000000e+00,0.00000000e+00,0.00000000e+00,0.00000000e+00
1.48950000e+02,1.63101474e-05,2.03158088e-06,0.00000000e+00,0.00000000e+00,1.32756061e-05,1.08592705e-05,0.00000000e+00,0.00000000e+00,1.61257399e-02,1.60445222e-03,8.15678945e+01,9.87448150e+00,2.95857537e-05,1.12407182e-05,0.00000000e+00,0.00000000e+00,1.47740000e+00,4.39803388e-02
1.49050000e+02,1.78592845e-05,3.54274417e-06,0.00000000e+00,0.00000000e+00,1.32584902e-05,1.08126031e-05,0.00000000e+00,0.00000000e+00,1.62242453e-02,1.62643931e-03,8.90469709e+01,1.70022927e+01,3.11177749e-05,1.13525735e-05,0.00000000e+00,0.00000000e+00,0.00000000e+00,0.00000000e+00
1.49150000e+02,1.78695307e-05,3.69696899e-06,0.00000000e+00,0.00000000e+00,1.32049444e-05,1.07883785e-05,0.00000000e+00,0.00000000e+00,1.58388611e-02,1.58563590e-03,8.87204065e+01,1.77115841e+01,3.10744752e-05,1.13024209e-05,0.00000000e+00,0.00000000e+00,1.47240000e+00,4.39188119e-02
1.49250000e+02,1.61277041e-05,2.59494635e-06,0.00000000e+00,0.00000000e+00,1.31924402e-05,1.07848094e-05,0.00000000e+00,0.00000000e+00,1.47222558e-02,1.57369147e-03,8.01174005e+01,1.24288347e+01,2.93201444e-05,1.09737221e-05,0.00000000e+00,0.00000000e+00,0.00000000e+00,0.00000000e+00
1.49350000e+02,1.44946083e-05,2.01966081e-06,0.00000000e+00,0.00000000e+00,1.31465171e-05,1.07834213e-05,0.00000000e+00,0.00000000e+00,1.33573499e-02,1.17912605e-03,7.20817203e+01,9.69375950e+00,2.76411255e-05,1.08476975e-05,0.00000000e+00,0.00000000e+00,1.47080000e+00,4.45667030e-02
1.49450000e+02,1.28783086e-05,1.58886062e-06,0.00000000e+00,0.00000000e+00,1.30914259e-05,1.07838577e-05,0.00000000e+00,0.00000000e+00,1.26578207e-02,1.11351622e-03,6.41743239e+01,7.66022471e+00,2.59697346e-05,1.08108032e-05,0.00000000e+00,0.00000000e+00,0.00000000e+00,0.00000000e+00
1.49550000e+02,1.10064752e-05,1.12148101e-06,0.00000000e+00,0.00000000e+00,1.26160179e-05,1.07880765e-05,0.00000000e+00,0.00000000e+00,1.16284341e-02,1.03935956e-03,5.50561667e+01,5.45221864e+00,2.36224932e-05,1.07791510e-05,0.00000000e+00,0.00000000e+00,1.46800000e+00,4.39052784e-02
1.49650000e+02,1.09783928e-05,1.32581717e-06,0.00000000e+00,0.00000000e+00,1.26125446e-05,1.07881776e-05,0.00000000e+00,0.00000000e+00,1.12427324e-02,1.03159054e-03,5.48921943e+01,6.40580113e+00,2.35909375e-05,1.08052443e-05,0.00000000e+00,0.00000000e+00,0.00000000e+00,0.00000000e+00
1.49750000e+02,1.05222810e-05,1.25582264e-06,0.00000000e+00,0.00000000e+00,1.25785819e-05,1.07888158e-05,0.00000000e+00,0.00000000e+00,1.08352259e-02,9.62733825e-04,5.26678317e+01,6.06929534e+00,2.31008630e-05,1.08072776e-05,0.00000000e+00,0.00000000e+00,1.46540000e+00,4.52694518e-02
1.49850000e+02,9.97362547e-06,1.19358771e-06,0.00000000e+00,0.00000000e+00,1.25733497e-05,1.07889477e-05,0.00000000e+00,0.00000000e+00,1.04346391e-02,9.06882105e-04,5.00382232e+01,5.78036926e+00,2.25469752e-05,1.08133876e-05,0.00000000e+00,0.00000000e+00,0.00000000e+00,0.00000000e+00
1.49950000e+02,9.71935711e-06,1.19040875e-06,0.00000000e+00,0.00000000e+00,1.26134473e-05,1.07881720e-05,0.00000000e+00,0.00000000e+00,1.04988386e-02,1.03451008e-03,4.89011927e+01,5.80311788e+00,2.23328045e-05,1.08190203e-05,0.00000000e+00,0.00000000e+00,1.46060000e+00,4.48411345e-02
