z_cm,nXt_mean,nXt_std,fission_mean,fission_std,ngamma_mean,ngamma_std,n2n_mean,n2n_std,flux_mean,flux_std,heating_mean,heating_std,absorption_mean,absorption_std,nu_fission_mean,nu_fission_std,current_z_mean,current_z_std
5.00000000e-02,3.27639062e-03,7.54450376e-05,0.00000000e+00,0.00000000e+00,5.97400449e-04,3.48639128e-05,6.51657647e-03,8.94135439e-05,5.10429608e+00,8.25538130e-02,2.29454765e+04,4.05512717e+02,3.69257150e-03,8.98281237e-05,0.00000000e+00,0.00000000e+00,0.00000000e+00,0.00000000e+00
1.50000000e-01,3.26761057e-03,7.66595039e-05,0.00000000e+00,0.00000000e+00,6.41180534e-04,4.27923778e-05,6.38556262e-03,5.21929813e-05,5.11457019e+00,8.39750492e-02,2.30015131e+04,4.63956760e+02,3.73415399e-03,9.17103870e-05,0.00000000e+00,0.00000000e+00,1.24374000e+01,1.95189869e-01
2.50000000e-01,3.24339660e-03,7.74509889e-05,0.00000000e+00,0.00000000e+00,6.26707322e-04,3.97784117e-05,6.37649738e-03,5.81256268e-05,5.09466945e+00,8.21170397e-02,2.26960395e+04,3.95310214e+02,3.69769630e-03,9.16756465e-05,0.00000000e+00,0.00000000e+00,0.00000000e+00,0.00000000e+00
3.50000000e-01,3.23845714e-03,7.75069165e-05,0.00000000e+00,0.00000000e+00,6.00013943e-04,3.18866713e-05,6.35173327e-03,6.87451835e-05,5.08077556e+00,8.47758339e-02,2.26535128e+04,4.01947553e+02,3.66601232e-03,8.95681361e-05,0.00000000e+00,0.00000000e+00,1.24308000e+01,1.94258153e-01
4.50000000e-01,3.21053802e-03,7.80365370e-05,0.00000000e+00,0.00000000e+00,5.51341184e-04,2.26096995e-05,6.30348707e-03,6.71800327e-05,5.07004223e+00,8.71222976e-02,2.24941163e+04,4.10513006e+02,3.59167905e-03,8.48807126e-05,0.00000000e+00,0.00000000e+00,0.00000000e+00,0.00000000e+00
5.50000000e-01,3.21348886e-03,8.04077044e-05,0.00000000e+00,0.00000000e+00,5.60497938e-04,2.21104736e-05,6.27681105e-03,6.61618519e-05,5.09099090e+00,9.07334257e-02,2.25177951e+04,4.33927211e+02,3.60438091e-03,8.82806025e-05,0.00000000e+00,0.00000000e+00,1.24206000e+01,1.95046282e-01
6.50000000e-01,3.22692267e-03,7.65486261e-05,0.00000000e+00,0.00000000e+00,5.80246000e-04,2.42264927e-05,6.25351203e-03,6.51641626e-05,5.10840493e+00,8.73117180e-02,2.25696338e+04,4.07318721e+02,3.63797681e-03,8.59103510e-05,0.00000000e+00,0.00000000e+00,0.00000000e+00,0.00000000e+00
7.50000000e-01,3.23948078e-03,7.65326110e-05,0.00000000e+00,0.00000000e+00,5.82471095e-04,2.47640965e-05,6.22396147e-03,6.17723244e-05,5.10971052e+00,8.42223756e-02,2.26885787e+04,4.06685639e+02,3.65196133e-03,8.53741814e-05,0.00000000e+00,0.00000000e+00,1.24276000e+01,1.96841497e-01
8.50000000e-01,3.24003722e-03,7.64245241e-05,0.00000000e+00,0.00000000e+00,5.82889707e-04,2.85599283e-05,6.27351616e-03,9.93753986e-05,5.11610693e+00,8.21816172e-02,2.26561577e+04,4.16371186e+02,3.65172732e-03,8.87945996e-05,0.00000000e+00,0.00000000e+00,0.00000000e+00,0.00000000e+00
9.50000000e-01,3.23837748e-03,7.78090150e-05,0.00000000e+00,0.00000000e+00,5.77292246e-04,2.48965135e-05,6.18280921e-03,6.46684610e-05,5.09406083e+00,8.47523385e-02,2.26138810e+04,4.18313695e+02,3.64795093e-03,8.93215877e-05,0.00000000e+00,0.00000000e+00,1.24276000e+01,1.98208825e-01
1.05000000e+00,3.21224702e-03,7.59242162e-05,0.00000000e+00,0.00000000e+00,5.68902967e-04,2.33645045e-05,6.12067232e-03,5.82993930e-05,5.07453347e+00,8.33571235e-02,2.24872189e+04,4.08318987e+02,3.61547495e-03,8.51662759e-05,0.00000000e+00,0.00000000e+00,0.00000000e+00,0.00000000e+00
1.15000000e+00,3.22524148e-03,7.43931983e-05,0.00000000e+00,0.00000000e+00,6.20040490e-04,3.65157786e-05,6.09284950e-03,5.84706947e-05,5.10217281e+00,8.12943235e-02,2.25515205e+04,4.01703602e+02,3.68092028e-03,9.09303569e-05,0.00000000e+00,0.00000000e+00,1.24216000e+01,1.96964379e-01
1.25000000e+00,3.22235431e-03,7.32529978e-05,0.00000000e+00,0.00000000e+00,6.16948810e-04,3.20041960e-05,6.06253966e-03,5.76492046e-05,5.09455717e+00,8.09296030e-02,2.25141430e+04,3.90324272e+02,3.67623009e-03,8.68290150e-05,0.00000000e+00,0.00000000e+00,0.00000000e+00,0.00000000e+00
1.35000000e+00,3.24093057e-03,7.47702163e-05,0.00000000e+00,0.00000000e+00,6.25121474e-04,3.43421581e-05,6.03729326e-03,5.84822282e-05,5.11066320e+00,7.86166917e-02,2.26077209e+04,3.94658950e+02,3.70267131e-03,9.06153244e-05,0.00000000e+00,0.00000000e+00,1.24124000e+01,1.96192647e-01
1.45000000e+00,3.22116819e-03,7.29047181e-05,0.00000000e+00,0.00000000e+00,6.13454816e-04,3.34201502e-05,5.97968759e-03,5.27038654e-05,5.11276026e+00,8.04612405e-02,2.25687621e+04,3.99414536e+02,3.67240984e-03,8.77799104e-05,0.00000000e+00,0.00000000e+00,0.00000000e+00,0.00000000e+00
1.55000000e+00,3.21395799e-03,7.24401702e-05,0.00000000e+00,0.00000000e+00,5.87593473e-04,2.67873657e-05,5.96812544e-03,5.61213277e-05,5.07964112e+00,7.72358877e-02,2.24748652e+04,3.86813873e+02,3.64022415e-03,8.88408920e-05,0.00000000e+00,0.00000000e+00,1.24164000e+01,1.95807849e-01
1.65000000e+00,3.24188508e-03,7.32191545e-05,0.00000000e+00,0.00000000e+00,6.39893814e-04,3.92651733e-05,5.95822648e-03,5.98302524e-05,5.10902080e+00,7.91816545e-02,2.26127882e+04,3.83814582e+02,3.71997333e-03,9.64022901e-05,0.00000000e+00,0.00000000e+00,0.00000000e+00,0.00000000e+00
1.75000000e+00,3.24194304e-03,7.05014825e-05,0.00000000e+00,0.00000000e+00,6.77988339e-04,5.07005391e-05,5.95618935e-03,5.91978041e-05,5.09790662e+00,8.01574414e-02,2.25793681e+04,3.83687392e+02,3.75798461e-03,9.44854095e-05,0.00000000e+00,0.00000000e+00,1.23856000e+01,1.97088221e-01
1.85000000e+00,3.26567559e-03,7.58313566e-05,0.00000000e+00,0.00000000e+00,7.02984930e-04,5.50395945e-05,5.94610568e-03,5.90268789e-05,5.09609649e+00,8.07463727e-02,2.26686502e+04,4.12371642e+02,3.80716041e-03,1.04297505e-04,0.00000000e+00,0.00000000e+00,0.00000000e+00,0.00000000e+00
1.95000000e+00,3.23888338e-03,7.09529167e-05,0.00000000e+00,0.00000000e+00,6.62534900e-04,4.52184461e-05,5.91478616e-03,5.91944923e-05,5.07830951e+00,7.55093233e-02,2.25901935e+04,3.79975465e+02,3.74043803e-03,9.04787270e-05,0.00000000e+00,0.00000000e+00,1.23904000e+01,1.98551067e-01
2.05000000e+00,3.23416719e-03,7.25947779e-05,0.00000000e+00,0.00000000e+00,6.86398323e-04,4.64107885e-05,5.82379864e-03,6.61101644e-05,5.08534596e+00,7.94003543e-02,2.25020832e+04,3.84735718e+02,3.76170716e-03,9.27461651e-05,0.00000000e+00,0.00000000e+00,0.00000000e+00,0.00000000e+00
2.15000000e+00,3.23532223e-03,7.36893412e-05,0.00000000e+00,0.00000000e+00,6.29757688e-04,3.19336147e-05,5.80526659e-03,7.87058918e-05,5.08215130e+00,8.20836993e-02,2.25202468e+04,3.87314327e+02,3.70578925e-03,9.51312265e-05,0.00000000e+00,0.00000000e+00,1.23926000e+01,1.98562137e-01
2.25000000e+00,3.22644841e-03,7.14147073e-05,0.00000000e+00,0.00000000e+00,6.05209627e-04,2.68352308e-05,5.73701226e-03,7.19666637e-05,5.06513057e+00,8.29009337e-02,2.24382341e+04,3.74597500e+02,3.67448398e-03,8.84896625e-05,0.00000000e+00,0.00000000e+00,0.00000000e+00,0.00000000e+00
2.35000000e+00,3.24394967e-03,7.26488680e-05,0.00000000e+00,0.00000000e+00,6.07425788e-04,2.86541275e-05,5.68343044e-03,6.66784055e-05,5.08145496e+00,8.34786711e-02,2.25039529e+04,3.78091085e+02,3.69565195e-03,8.73496902e-05,0.00000000e+00,0.00000000e+00,1.23856000e+01,1.96976979e-01
2.45000000e+00,3.21800423e-03,7.02968382e-05,0.00000000e+00,0.00000000e+00,6.10121513e-04,2.84595132e-05,5.64563769e-03,6.47568080e-05,5.07107780e+00,7.87917385e-02,2.23432685e+04,3.60985395e+02,3.67459103e-03,8.63921852e-05,0.00000000e+00,0.00000000e+00,0.00000000e+00,0.00000000e+00
2.55000000e+00,3.23252924e-03,7.27799076e-05,0.00000000e+00,0.00000000e+00,5.93303896e-04,2.70368368e-05,5.60923196e-03,6.67838271e-05,5.06639035e+00,7.79793837e-02,2.23485609e+04,3.79469755e+02,3.67364589e-03,8.55572469e-05,0.00000000e+00,0.00000000e+00,1.23920000e+01,1.96381758e-01
2.65000000e+00,3.24677223e-03,7.05575520e-05,0.00000000e+00,0.00000000e+00,5.83072675e-04,2.57359674e-05,5.55621129e-03,6.47887713e-05,5.08410235e+00,7.89418996e-02,2.24161082e+04,3.65676697e+02,3.67933671e-03,8.24727170e-05,0.00000000e+00,0.00000000e+00,0.00000000e+00,0.00000000e+00
2.75000000e+00,3.22056566e-03,7.12880046e-05,0.00000000e+00,0.00000000e+00,6.04051726e-04,2.89172093e-05,5.48300224e-03,5.40541532e-05,5.07313549e+00,8.19413770e-02,2.22485310e+04,3.78010964e+02,3.67557145e-03,8.55070460e-05,0.00000000e+00,0.00000000e+00,1.23814000e+01,1.97195023e-01
2.85000000e+00,3.23084081e-03,7.04328751e-05,0.00000000e+00,0.00000000e+00,6.28454534e-04,3.53924392e-05,5.46263925e-03,5.04582492e-05,5.06251323e+00,7.94004315e-02,2.23534070e+04,3.62803622e+02,3.70791982e-03,8.49582953e-05,0.00000000e+00,0.00000000e+00,0.00000000e+00,0.00000000e+00
2.95000000e+00,3.22343403e-03,7.04590521e-05,0.00000000e+00,0.00000000e+00,6.17279092e-04,3.44366538e-05,5.41454539e-03,4.99508869e-05,5.04344701e+00,8.03648796e-02,2.22507665e+04,3.62905188e+02,3.69210321e-03,8.36674483e-05,0.00000000e+00,0.00000000e+00,1.23644000e+01,1.97458991e-01
3.05000000e+00,3.23140170e-03,7.35540065e-05,0.00000000e+00,0.00000000e+00,6.59595877e-04,4.59156318e-05,5.38494520e-03,5.19343249e-05,5.06699388e+00,7.67977423e-02,2.22733397e+04,3.70561331e+02,3.74334478e-03,9.27808224e-05,0.00000000e+00,0.00000000e+00,0.00000000e+00,0.00000000e+00
3.15000000e+00,3.21160294e-03,7.23062656e-05,0.00000000e+00,0.00000000e+00,6.72674641e-04,5.07707095e-05,5.34792025e-03,5.12715365e-05,5.07846341e+00,7.91735436e-02,2.22094606e+04,3.65637646e+02,3.73763504e-03,9.11935245e-05,0.00000000e+00,0.00000000e+00,1.23508000e+01,1.97657265e-01
3.25000000e+00,3.21564084e-03,7.62724109e-05,0.00000000e+00,0.00000000e+00,6.41898145e-04,3.82595962e-05,5.33288068e-03,5.54474074e-05,5.08199563e+00,8.66307581e-02,2.22073720e+04,3.87270954e+02,3.71028145e-03,9.24375147e-05,0.00000000e+00,0.00000000e+00,0.00000000e+00,0.00000000e+00
3.35000000e+00,3.22427325e-03,7.23652390e-05,0.00000000e+00,0.00000000e+00,6.18126074e-04,2.71432665e-05,5.32290403e-03,6.45082908e-05,5.06834380e+00,7.96212846e-02,2.22477728e+04,3.66464056e+02,3.69610141e-03,8.35878745e-05,0.00000000e+00,0.00000000e+00,1.23490000e+01,1.97946033e-01
3.45000000e+00,3.23298524e-03,7.34879901e-05,0.00000000e+00,0.00000000e+00,6.31061020e-04,2.74926035e-05,5.52091195e-03,2.09313781e-04,5.07263204e+00,7.88207063e-02,2.23405090e+04,3.78613038e+02,3.71286331e-03,7.94662020e-05,0.00000000e+00,0.00000000e+00,0.00000000e+00,0.00000000e+00
3.55000000e+00,3.22046217e-03,7.29017443e-05,0.00000000e+00,0.00000000e+00,6.35350654e-04,2.60437591e-05,5.25074346e-03,6.42789159e-05,5.07752306e+00,7.78185177e-02,2.22237739e+04,3.71715410e+02,3.71043008e-03,8.28308256e-05,0.00000000e+00,0.00000000e+00,1.23410000e+01,1.94399178e-01
3.65000000e+00,3.23077646e-03,7.39101222e-05,0.00000000e+00,0.00000000e+00,6.53256933e-04,3.44062133e-05,5.17626784e-03,5.48385373e-05,5.08950051e+00,8.25517392e-02,2.22698263e+04,3.81673458e+02,3.73803317e-03,8.63481084e-05,0.00000000e+00,0.00000000e+00,0.00000000e+00,0.00000000e+00
3.75000000e+00,3.22717805e-03,7.11896158e-05,0.00000000e+00,0.00000000e+00,6.40840969e-04,3.40795118e-05,5.12492383e-03,5.36980313e-05,5.10259434e+00,7.94732931e-02,2.22551819e+04,3.60229789e+02,3.72555643e-03,8.44235920e-05,0.00000000e+00,0.00000000e+00,1.23322000e+01,1.95564549e-01
3.85000000e+00,3.24145310e-03,7.17787215e-05,0.00000000e+00,0.00000000e+00,6.51901889e-04,3.33162409e-05,5.15374446e-03,6.81876592e-05,5.09203981e+00,8.27646432e-02,2.22526450e+04,3.61960026e+02,3.75121863e-03,8.39979545e-05,0.00000000e+00,0.00000000e+00,0.00000000e+00,0.00000000e+00
3.95000000e+00,3.22013704e-03,7.28091028e-05,0.00000000e+00,0.00000000e+00,6.41453816e-04,3.44801664e-05,5.08790793e-03,5.88293096e-05,5.06167869e+00,8.16447942e-02,2.21574767e+04,3.67676174e+02,3.71997127e-03,8.41524196e-05,0.00000000e+00,0.00000000e+00,1.23402000e+01,1.94795861e-01
4.05000000e+00,3.22672594e-03,7.14591684e-05,0.00000000e+00,0.00000000e+00,6.24283606e-04,2.88936614e-05,5.05329735e-03,5.92471942e-05,5.07488675e+00,8.53359897e-02,2.22180425e+04,3.75339346e+02,3.71050669e-03,8.43338818e-05,0.00000000e+00,0.00000000e+00,0.00000000e+00,0.00000000e+00
4.15000000e+00,3.20968991e-03,7.17423999e-05,0.00000000e+00,0.00000000e+00,6.23563416e-04,3.02705602e-05,5.02610336e-03,6.17232608e-05,5.06556672e+00,8.57217403e-02,2.20487941e+04,3.67477346e+02,3.69369637e-03,9.07284316e-05,0.00000000e+00,0.00000000e+00,1.23214000e+01,1.97308420e-01
4.25000000e+00,3.24064945e-03,7.09420278e-05,0.00000000e+00,0.00000000e+00,6.14734243e-04,2.92650372e-05,5.10343899e-03,1.11894119e-04,5.08199270e+00,8.13577217e-02,2.22334704e+04,3.59747225e+02,3.71241042e-03,8.98256990e-05,0.00000000e+00,0.00000000e+00,0.00000000e+00,0.00000000e+00
4.35000000e+00,3.21080457e-03,7.00007973e-05,0.00000000e+00,0.00000000e+00,6.45693752e-04,4.87526990e-05,5.05614576e-03,8.95671112e-05,5.04476003e+00,8.02556637e-02,2.20679713e+04,3.56817811e+02,3.71399877e-03,9.68417406e-05,0.00000000e+00,0.00000000e+00,1.23152000e+01,1.96615493e-01
4.45000000e+00,3.23036848e-03,6.99711427e-05,0.00000000e+00,0.00000000e+00,6.56876308e-04,4.63537876e-05,5.07985092e-03,8.37306962e-05,5.04414507e+00,8.12830459e-02,2.21890394e+04,3.55584617e+02,3.74137420e-03,1.01763051e-04,0.00000000e+00,0.00000000e+00,0.00000000e+00,0.00000000e+00
4.55000000e+00,3.21635086e-03,7.19853105e-05,0.00000000e+00,0.00000000e+00,6.33449980e-04,4.13552125e-05,5.04645778e-03,1.00688540e-04,5.03409382e+00,7.97049849e-02,2.20390723e+04,3.66153218e+02,3.70739535e-03,1.02313767e-04,0.00000000e+00,0.00000000e+00,1.23118000e+01,1.95502218e-01
4.65000000e+00,3.24254098e-03,7.03928205e-05,0.00000000e+00,0.00000000e+00,6.40468326e-04,4.67623560e-05,4.91932620e-03,7.29538272e-05,5.06205792e+00,8.26733142e-02,2.21919947e+04,3.57449930e+02,3.74472736e-03,1.02269391e-04,0.00000000e+00,0.00000000e+00,0.00000000e+00,0.00000000e+00
4.75000000e+00,3.21022224e-03,7.04028244e-05,0.00000000e+00,0.00000000e+00,6.13661727e-04,3.52397894e-05,4.89769394e-03,7.48680211e-05,5.02005086e+00,8.08974753e-02,2.20306357e+04,3.59089088e+02,3.68566750e-03,9.25689964e-05,0.00000000e+00,0.00000000e+00,1.23114000e+01,1.98205626e-01
4.85000000e+00,3.22753741e-03,7.24918128e-05,0.00000000e+00,0.00000000e+00,6.18965637e-04,3.31330039e-05,4.89328267e-03,7.50681078e-05,5.03918137e+00,8.20379220e-02,2.21280703e+04,3.66563823e+02,3.70850403e-03,9.05657380e-05,0.00000000e+00,0.00000000e+00,0.00000000e+00,0.00000000e+00
4.95000000e+00,3.21008493e-03,6.55552149e-05,0.00000000e+00,0.00000000e+00,6.28894329e-04,3.61050521e-05,4.86446414e-03,7.86507844e-05,5.03459968e+00,8.11398566e-02,2.20820611e+04,3.57406126e+02,3.69972895e-03,8.38093992e-05,0.00000000e+00,0.00000000e+00,1.22846000e+01,1.94631669e-01
5.05000000e+00,3.22433152e-03,7.25745514e-05,0.00000000e+00,0.00000000e+00,6.32062842e-04,3.48978708e-05,4.80762569e-03,8.01113104e-05,5.02965124e+00,8.35682569e-02,2.19842123e+04,3.70966643e+02,3.72083332e-03,9.47809202e-05,0.00000000e+00,0.00000000e+00,0.00000000e+00,0.00000000e+00
5.15000000e+00,3.19793645e-03,7.14023342e-05,0.00000000e+00,0.00000000e+00,6.03119298e-04,3.32874071e-05,4.81633554e-03,8.17035819e-05,5.02170354e+00,8.05772658e-02,2.18756825e+04,3.59332511e+02,3.66698904e-03,9.20492637e-05,0.00000000e+00,0.00000000e+00,1.22872000e+01,1.96398395e-01
5.25000000e+00,3.17956597e-03,7.11974161e-05,0.00000000e+00,0.00000000e+00,5.94587554e-04,3.42933618e-05,4.84718002e-03,1.14145231e-04,4.98572077e+00,8.03631510e-02,2.17750418e+04,3.58440457e+02,3.63935667e-03,9.14556450e-05,0.00000000e+00,0.00000000e+00,0.00000000e+00,0.00000000e+00
5.35000000e+00,3.15435839e-03,7.07646046e-05,0.00000000e+00,0.00000000e+00,5.96947925e-04,3.26481244e-05,4.79019112e-03,1.02029244e-04,4.97738871e+00,8.28627321e-02,2.15859220e+04,3.49657000e+02,3.61830455e-03,8.85420274e-05,0.00000000e+00,0.00000000e+00,1.22718000e+01,1.96461283e-01
5.45000000e+00,3.16424186e-03,6.79066019e-05,0.00000000e+00,0.00000000e+00,6.43337605e-04,5.66536137e-05,4.71106479e-03,8.27911131e-05,4.98820017e+00,7.81957062e-02,2.16186290e+04,3.43582196e+02,3.67619052e-03,9.40132057e-05,0.00000000e+00,0.00000000e+00,0.00000000e+00,0.00000000e+00
5.55000000e+00,3.16138310e-03,6.92363142e-05,0.00000000e+00,0.00000000e+00,6.22929254e-04,5.38732314e-05,4.64675993e-03,7.67250674e-05,4.97568903e+00,8.03083402e-02,2.16183496e+04,3.52726178e+02,3.65298522e-03,8.91399919e-05,0.00000000e+00,0.00000000e+00,1.22786000e+01,1.93075223e-01
5.65000000e+00,3.17161552e-03,6.89633981e-05,0.00000000e+00,0.00000000e+00,6.21581795e-04,3.99422428e-05,4.57220667e-03,7.14268120e-05,4.98043889e+00,7.95380163e-02,2.16790696e+04,3.62243534e+02,3.66307518e-03,9.21009214e-05,0.00000000e+00,0.00000000e+00,0.00000000e+00,0.00000000e+00
5.75000000e+00,3.17397930e-03,7.20002487e-05,0.00000000e+00,0.00000000e+00,6.34635713e-04,4.10553243e-05,4.54006209e-03,7.52547983e-05,4.97118821e+00,8.21083436e-02,2.16143308e+04,3.74261458e+02,3.67762639e-03,9.55439056e-05,0.00000000e+00,0.00000000e+00,1.22846000e+01,1.92954729e-01
5.85000000e+00,3.18494265e-03,6.90525131e-05,0.00000000e+00,0.00000000e+00,6.74934636e-04,5.11566097e-05,4.49363162e-03,7.30267446e-05,5.00463241e+00,8.08833945e-02,2.15708088e+04,3.54992486e+02,3.73321810e-03,9.43436213e-05,0.00000000e+00,0.00000000e+00,0.00000000e+00,0.00000000e+00
5.95000000e+00,3.17017654e-03,6.78333834e-05,0.00000000e+00,0.00000000e+00,6.68006968e-04,4.08512068e-05,4.50572825e-03,1.12100804e-04,4.98536657e+00,7.99558616e-02,2.14678857e+04,3.49237474e+02,3.71145821e-03,8.51728755e-05,0.00000000e+00,0.00000000e+00,1.22912000e+01,1.92867014e-01
6.05000000e+00,3.15919833e-03,6.43035576e-05,0.00000000e+00,0.00000000e+00,6.53507729e-04,4.17612903e-05,4.44202146e-03,8.73047338e-05,4.96183748e+00,7.90705199e-02,2.13990364e+04,3.30148114e+02,3.68771719e-03,8.41431314e-05,0.00000000e+00,0.00000000e+00,0.00000000e+00,0.00000000e+00
6.15000000e+00,3.14068407e-03,6.39067379e-05,0.00000000e+00,0.00000000e+00,6.45742290e-04,4.16968048e-05,4.37523012e-03,7.25757203e-05,4.96446346e+00,7.88785381e-02,2.13098784e+04,3.25344475e+02,3.66318554e-03,8.52370391e-05,0.00000000e+00,0.00000000e+00,1.22856000e+01,1.94546707e-01
6.25000000e+00,3.13145330e-03,6.43212701e-05,0.00000000e+00,0.00000000e+00,6.05889555e-04,3.42949704e-05,4.36399020e-03,7.11759823e-05,4.95616021e+00,7.75004958e-02,2.12975269e+04,3.40835700e+02,3.61448928e-03,7.85660769e-05,0.00000000e+00,0.00000000e+00,0.00000000e+00,0.00000000e+00
6.35000000e+00,3.15762584e-03,6.83920827e-05,0.00000000e+00,0.00000000e+00,5.88221855e-04,3.34763507e-05,4.35435986e-03,7.68042276e-05,4.98570439e+00,8.08063506e-02,2.13497451e+04,3.58587074e+02,3.62192503e-03,8.49521249e-05,0.00000000e+00,0.00000000e+00,1.22880000e+01,1.96728135e-01
6.45000000e+00,3.11823209e-03,6.15076913e-05,0.00000000e+00,0.00000000e+00,5.94710594e-04,3.02553702e-05,4.30870048e-03,7.47660247e-05,4.95220764e+00,7.46232640e-02,2.11796989e+04,3.16476951e+02,3.58996476e-03,7.97318336e-05,0.00000000e+00,0.00000000e+00,0.00000000e+00,0.00000000e+00
6.55000000e+00,3.09491841e-03,6.46307018e-05,0.00000000e+00,0.00000000e+00,6.31271752e-04,3.16170047e-05,4.24579224e-03,6.78882891e-05,4.93363707e+00,7.87673450e-02,2.10357077e+04,3.29043883e+02,3.60610532e-03,8.39721777e-05,0.00000000e+00,0.00000000e+00,1.22774000e+01,1.97895212e-01
6.65000000e+00,3.11251555e-03,6.92804311e-05,0.00000000e+00,0.00000000e+00,6.27886822e-04,3.12812962e-05,4.30308263e-03,9.60527327e-05,4.92852431e+00,7.70403974e-02,2.10968920e+04,3.41629413e+02,3.62012778e-03,8.47756773e-05,0.00000000e+00,0.00000000e+00,0.00000000e+00,0.00000000e+00
6.75000000e+00,3.10212177e-03,6.61118978e-05,0.00000000e+00,0.00000000e+00,6.18472613e-04,3.39524968e-05,4.26058352e-03,9.08341028e-05,4.91267225e+00,7.49212646e-02,2.10549785e+04,3.25880877e+02,3.60109456e-03,8.40515395e-05,0.00000000e+00,0.00000000e+00,1.22768000e+01,1.94168334e-01
6.85000000e+00,3.10830929e-03,6.66866155e-05,0.00000000e+00,0.00000000e+00,6.14607513e-04,3.43116451e-05,4.20057566e-03,7.24832053e-05,4.93008519e+00,7.68763160e-02,2.10739318e+04,3.36556623e+02,3.60510579e-03,8.62874973e-05,0.00000000e+00,0.00000000e+00,0.00000000e+00,0.00000000e+00
6.95000000e+00,3.10090889e-03,6.55463615e-05,0.00000000e+00,0.00000000e+00,6.31964459e-04,3.28153719e-05,4.13210209e-03,7.08961256e-05,4.92955320e+00,7.46718580e-02,2.10342565e+04,3.30780127e+02,3.61646058e-03,7.85051705e-05,0.00000000e+00,0.00000000e+00,1.22848000e+01,1.94234498e-01
7.05000000e+00,3.11773941e-03,6.48687415e-05,0.00000000e+00,0.00000000e+00,6.42358013e-04,3.06441262e-05,4.07670015e-03,6.87636257e-05,4.94894795e+00,7.44050030e-02,2.10493304e+04,3.28715631e+02,3.64642519e-03,7.54784262e-05,0.00000000e+00,0.00000000e+00,0.00000000e+00,0.00000000e+00
7.15000000e+00,3.12306001e-03,6.73427203e-05,0.00000000e+00,0.00000000e+00,6.27508847e-04,2.94981938e-05,4.07891440e-03,7.97301506e-05,4.96257897e+00,7.66191060e-02,2.10987910e+04,3.46349812e+02,3.63707878e-03,7.99721106e-05,0.00000000e+00,0.00000000e+00,1.22808000e+01,1.93081318e-01
7.25000000e+00,3.11402408e-03,6.62389115e-05,0.00000000e+00,0.00000000e+00,6.24012611e-04,2.53234941e-05,4.01062418e-03,6.93290496e-05,4.96109554e+00,7.43103241e-02,2.09852140e+04,3.48286948e+02,3.62617124e-03,7.27844012e-05,0.00000000e+00,0.00000000e+00,0.00000000e+00,0.00000000e+00
7.35000000e+00,3.10737221e-03,6.44247903e-05,0.00000000e+00,0.00000000e+00,9.43529325e-04,2.84988846e-04,3.96959299e-03,6.92659839e-05,4.96534825e+00,7.70178555e-02,2.09307255e+04,3.42257939e+02,3.94052493e-03,3.03645950e-04,0.00000000e+00,0.00000000e+00,1.22752000e+01,1.93731824e-01
7.45000000e+00,3.09572684e-03,6.42753608e-05,0.00000000e+00,0.00000000e+00,6.23448335e-04,2.77251800e-05,3.91385088e-03,6.81071516e-05,4.96220286e+00,7.64506987e-02,2.08223255e+04,3.32903318e+02,3.61094655e-03,7.50784412e-05,0.00000000e+00,0.00000000e+00,0.00000000e+00,0.00000000e+00
7.55000000e+00,3.09823899e-03,6.43748341e-05,0.00000000e+00,0.00000000e+00,6.23792811e-04,3.21735399e-05,3.84830582e-03,6.32268732e-05,4.95301191e+00,7.60443272e-02,2.07749769e+04,3.29565682e+02,3.61639974e-03,8.16612176e-05,0.00000000e+00,0.00000000e+00,1.22830000e+01,1.95392071e-01
7.65000000e+00,3.09403614e-03,6.23190324e-05,0.00000000e+00,0.00000000e+00,6.66503551e-04,5.54016386e-05,3.78471569e-03,5.87069170e-05,4.92932417e+00,7.11418408e-02,2.07170059e+04,3.22582328e+02,3.65655513e-03,9.60165727e-05,0.00000000e+00,0.00000000e+00,0.00000000e+00,0.00000000e+00
7.75000000e+00,3.08446057e-03,6.29750454e-05,0.00000000e+00,0.00000000e+00,6.52844683e-04,4.02433892e-05,3.75038013e-03,5.84997121e-05,4.92887829e+00,7.63683664e-02,2.06377200e+04,3.30414623e+02,3.63342569e-03,8.79991827e-05,0.00000000e+00,0.00000000e+00,1.22534000e+01,1.94538619e-01
7.85000000e+00,3.09377883e-03,6.22423082e-05,0.00000000e+00,0.00000000e+00,6.25165454e-04,3.47443843e-05,3.72622250e-03,6.02269896e-05,4.92920542e+00,7.74131086e-02,2.07029968e+04,3.28688013e+02,3.61501663e-03,8.10031351e-05,0.00000000e+00,0.00000000e+00,0.00000000e+00,0.00000000e+00
7.95000000e+00,3.08133953e-03,5.98471881e-05,0.00000000e+00,0.00000000e+00,6.08168957e-04,3.27143992e-05,3.73335462e-03,6.74009023e-05,4.91344359e+00,7.30313039e-02,2.06429723e+04,3.14784350e+02,3.58466187e-03,7.93097133e-05,0.00000000e+00,0.00000000e+00,1.22484000e+01,1.97103384e-01
8.05000000e+00,3.08375783e-03,6.12404660e-05,0.00000000e+00,0.00000000e+00,6.11267604e-04,3.47011048e-05,3.75379506e-03,7.65829781e-05,4.90552896e+00,7.58118869e-02,2.06408673e+04,3.16356637e+02,3.58881706e-03,8.26108921e-05,0.00000000e+00,0.00000000e+00,0.00000000e+00,0.00000000e+00
8.15000000e+00,3.08931295e-03,6.45527174e-05,0.00000000e+00,0.00000000e+00,6.29859625e-04,3.91691098e-05,3.67314304e-03,6.34761367e-05,4.89125336e+00,7.62557227e-02,2.06249963e+04,3.27314672e+02,3.61467823e-03,8.99014629e-05,0.00000000e+00,0.00000000e+00,1.22292000e+01,2.00414436e-01
8.25000000e+00,3.09788810e-03,6.34656486e-05,0.00000000e+00,0.00000000e+00,6.21707952e-04,3.59821618e-05,3.64969639e-03,6.29647614e-05,4.90996095e+00,7.97636303e-02,2.06243156e+04,3.30498114e+02,3.61778784e-03,8.56252708e-05,0.00000000e+00,0.00000000e+00,0.00000000e+00,0.00000000e+00
8.35000000e+00,3.11358257e-03,6.53061693e-05,0.00000000e+00,0.00000000e+00,6.05038803e-04,3.11082244e-05,3.62435564e-03,6.10804178e-05,4.91268029e+00,8.15383257e-02,2.06768183e+04,3.40287593e+02,3.61768781e-03,8.38333840e-05,0.00000000e+00,0.00000000e+00,1.22304000e+01,1.96721280e-01
8.45000000e+00,3.10918410e-03,6.49825294e-05,0.00000000e+00,0.00000000e+00,6.05847471e-04,2.67070564e-05,3.60896785e-03,6.00540634e-05,4.91076809e+00,8.05200285e-02,2.06482743e+04,3.36174202e+02,3.61388980e-03,8.18165538e-05,0.00000000e+00,0.00000000e+00,0.00000000e+00,0.00000000e+00
8.55000000e+00,3.13702087e-03,6.56251714e-05,0.00000000e+00,0.00000000e+00,5.95045664e-04,2.65296296e-05,3.69442639e-03,1.08891708e-04,4.90915295e+00,7.90350976e-02,2.08946326e+04,3.58684512e+02,3.62603946e-03,7.98828323e-05,0.00000000e+00,0.00000000e+00,1.22188000e+01,1.96111306e-01
8.65000000e+00,3.11961522e-03,6.43024139e-05,0.00000000e+00,0.00000000e+00,5.98432835e-04,2.41178530e-05,3.56961929e-03,7.87362951e-05,4.92012085e+00,7.87802319e-02,2.07014870e+04,3.37053576e+02,3.61815789e-03,7.53924706e-05,0.00000000e+00,0.00000000e+00,0.00000000e+00,0.00000000e+00
8.75000000e+00,3.11547179e-03,6.42408525e-05,0.00000000e+00,0.00000000e+00,5.91291608e-04,2.08395291e-05,3.54280078e-03,8.35036462e-05,4.92149989e+00,7.91861581e-02,2.06791390e+04,3.32367405e+02,3.60763457e-03,7.59690421e-05,0.00000000e+00,0.00000000e+00,1.21990000e+01,1.93649431e-01
8.85000000e+00,3.12909190e-03,6.62664213e-05,0.00000000e+00,0.00000000e+00,5.92959631e-04,2.44711524e-05,3.46615012e-03,6.51152419e-05,4.94718826e+00,7.98196323e-02,2.08098899e+04,3.41593374e+02,3.62364865e-03,7.93089817e-05,0.00000000e+00,0.00000000e+00,0.00000000e+00,0.00000000e+00
8.95000000e+00,3.10015845e-03,6.43737278e-05,0.00000000e+00,0.00000000e+00,5.85709574e-04,2.39770736e-05,3.44763320e-03,6.44805358e-05,4.89906391e+00,7.68055878e-02,2.05618849e+04,3.36573083e+02,3.58843667e-03,7.84979299e-05,0.00000000e+00,0.00000000e+00,1.22040000e+01,1.94161725e-01
9.05000000e+00,3.09329276e-03,6.30976929e-05,0.00000000e+00,0.00000000e+00,6.17736019e-04,2.79551916e-05,3.41338297e-03,6.08957200e-05,4.90747118e+00,7.79264416e-02,2.05034813e+04,3.32082085e+02,3.61477782e-03,7.97608335e-05,0.00000000e+00,0.00000000e+00,0.00000000e+00,0.00000000e+00
9.15000000e+00,3.09106166e-03,5.70985344e-05,0.00000000e+00,0.00000000e+00,6.40878683e-04,4.05807355e-05,3.41231673e-03,7.09632198e-05,4.90268975e+00,7.50659247e-02,2.05295788e+04,3.00506162e+02,3.63575677e-03,8.27674399e-05,0.00000000e+00,0.00000000e+00,1.21930000e+01,1.95846306e-01
9.25000000e+00,3.09111987e-03,5.76025137e-05,0.00000000e+00,0.00000000e+00,6.50077862e-04,3.44440510e-05,3.39885837e-03,7.53216227e-05,4.90211423e+00,7.27827912e-02,2.05427617e+04,3.02711791e+02,3.64490904e-03,7.27173597e-05,0.00000000e+00,0.00000000e+00,0.00000000e+00,0.00000000e+00
9.35000000e+00,3.07063723e-03,5.94694947e-05,0.00000000e+00,0.00000000e+00,6.57372395e-04,3.74802578e-05,3.37330177e-03,8.08266211e-05,4.88552263e+00,7.65120416e-02,2.03558706e+04,3.18638421e+02,3.63198940e-03,7.33476841e-05,0.00000000e+00,0.00000000e+00,1.21672000e+01,1.96727936e-01
9.45000000e+00,3.07163440e-03,6.24542592e-05,0.00000000e+00,0.00000000e+00,6.14362203e-04,2.86509066e-05,3.32349283e-03,6.99012131e-05,4.88818803e+00,7.99432454e-02,2.03153455e+04,3.29609342e+02,3.59243354e-03,8.12267863e-05,0.00000000e+00,0.00000000e+00,0.00000000e+00,0.00000000e+00
9.55000000e+00,3.06337150e-03,5.95558764e-05,0.00000000e+00,0.00000000e+00,6.34286405e-04,3.29373591e-05,3.27645729e-03,6.85718843e-05,4.86794700e+00,7.67199356e-02,2.02756741e+04,3.14537908e+02,3.60482072e-03,8.10029532e-05,0.00000000e+00,0.00000000e+00,1.21720000e+01,1.97609592e-01
9.65000000e+00,3.04903985e-03,6.17969535e-05,0.00000000e+00,0.00000000e+00,6.14800364e-04,2.72235609e-05,3.22439471e-03,5.94231447e-05,4.86338833e+00,8.04931315e-02,2.01513263e+04,3.30994938e+02,3.57308533e-03,8.03194031e-05,0.00000000e+00,0.00000000e+00,0.00000000e+00,0.00000000e+00
9.75000000e+00,3.02198615e-03,5.97271276e-05,0.00000000e+00,0.00000000e+00,6.19920231e-04,3.38907450e-05,3.18983774e-03,5.53739899e-05,4.85724225e+00,7.65701537e-02,2.00138128e+04,3.26223436e+02,3.55138914e-03,8.21766108e-05,0.00000000e+00,0.00000000e+00,1.21592000e+01,1.98629352e-01
9.85000000e+00,3.04424980e-03,6.15525586e-05,0.00000000e+00,0.00000000e+00,6.10614488e-04,3.22645551e-05,3.16943195e-03,5.88818964e-05,4.86590759e+00,7.71672446e-02,2.01041138e+04,3.21323168e+02,3.56477635e-03,8.22505125e-05,0.00000000e+00,0.00000000e+00,0.00000000e+00,0.00000000e+00
9.95000000e+00,3.06182007e-03,6.38331573e-05,0.00000000e+00,0.00000000e+00,6.09828427e-04,4.51126555e-05,3.14501418e-03,5.84304032e-05,4.86800953e+00,7.84782720e-02,2.01730317e+04,3.30987537e+02,3.58224271e-03,8.29948097e-05,0.00000000e+00,0.00000000e+00,1.21426000e+01,1.98602220e-01
1.00500000e+01,3.07411534e-03,5.81716805e-05,0.00000000e+00,0.00000000e+00,5.99249128e-04,3.62476210e-05,3.18314157e-03,6.91713934e-05,4.86824772e+00,7.56424068e-02,2.02019216e+04,3.07096367e+02,3.58302926e-03,7.31995528e-05,0.00000000e+00,0.00000000e+00,0.00000000e+00,0.00000000e+00
1.01500000e+01,3.04796714e-03,5.65247097e-05,0.00000000e+00,0.00000000e+00,5.86401703e-04,2.38905173e-05,3.17559999e-03,7.27342392e-05,4.84575851e+00,7.46817896e-02,2.00782835e+04,3.02750580e+02,3.54397202e-03,6.89400424e-05,0.00000000e+00,0.00000000e+00,1.21188000e+01,1.95115171e-01
1.02500000e+01,3.07823093e-03,6.15619601e-05,0.00000000e+00,0.00000000e+00,5.80761375e-04,2.22643501e-05,3.16463902e-03,6.90970420e-05,4.85498723e+00,7.59813524e-02,2.02427286e+04,3.35220525e+02,3.56686413e-03,7.30886841e-05,0.00000000e+00,0.00000000e+00,0.00000000e+00,0.00000000e+00
1.03500000e+01,3.09448504e-03,6.31304652e-05,0.00000000e+00,0.00000000e+00,5.72302335e-04,2.12782556e-05,3.13457294e-03,6.82925958e-05,4.87160341e+00,7.65370793e-02,2.02930014e+04,3.32055780e+02,3.57693349e-03,7.62101923e-05,0.00000000e+00,0.00000000e+00,1.20868000e+01,1.96142897e-01
1.04500000e+01,3.09723077e-03,6.08905054e-05,0.00000000e+00,0.00000000e+00,5.99772861e-04,2.79695961e-05,3.11872983e-03,5.70542213e-05,4.87444862e+00,7.54464508e-02,2.03212862e+04,3.17225115e+02,3.60472082e-03,7.80823139e-05,0.00000000e+00,0.00000000e+00,0.00000000e+00,0.00000000e+00
1.05500000e+01,3.07399000e-03,6.18068412e-05,0.00000000e+00,0.00000000e+00,5.86862402e-04,2.32377543e-05,3.10305495e-03,5.53298203e-05,4.87523006e+00,7.60322206e-02,2.02005115e+04,3.22453372e+02,3.56962743e-03,7.77784592e-05,0.00000000e+00,0.00000000e+00,1.20860000e+01,1.98707045e-01
1.06500000e+01,3.06190719e-03,6.15905777e-05,0.00000000e+00,0.00000000e+00,6.25501300e-04,3.94909399e-05,3.08279342e-03,5.78333468e-05,4.85751003e+00,7.63838466e-02,2.01151544e+04,3.12369303e+02,3.59776651e-03,8.88109451e-05,0.00000000e+00,0.00000000e+00,0.00000000e+00,0.00000000e+00
1.07500000e+01,3.05732679e-03,6.17971190e-05,0.00000000e+00,0.00000000e+00,6.49866088e-04,3.46164416e-05,3.07496219e-03,7.30026460e-05,4.84561019e+00,7.55053251e-02,1.99993686e+04,3.15092028e+02,3.61954740e-03,8.05453462e-05,0.00000000e+00,0.00000000e+00,1.20738000e+01,1.96136955e-01
1.08500000e+01,3.05584079e-03,6.27305214e-05,0.00000000e+00,0.00000000e+00,6.57022441e-04,3.32981903e-05,3.02020588e-03,5.54264313e-05,4.84363564e+00,7.76330409e-02,1.99673747e+04,3.30770012e+02,3.62639800e-03,7.86139999e-05,0.00000000e+00,0.00000000e+00,0.00000000e+00,0.00000000e+00
1.09500000e+01,3.06486173e-03,6.45703222e-05,0.00000000e+00,0.00000000e+00,6.73311716e-04,4.14222628e-05,2.97435414e-03,5.20662242e-05,4.83603662e+00,7.47823025e-02,2.00168631e+04,3.37685950e+02,3.65254383e-03,8.51963537e-05,0.00000000e+00,0.00000000e+00,1.20670000e+01,1.95091658e-01
1.10500000e+01,3.08314960e-03,6.97534170e-05,0.00000000e+00,0.00000000e+00,6.93519027e-04,7.69330900e-05,2.98523486e-03,5.74795241e-05,4.85756705e+00,7.59747177e-02,2.01236563e+04,3.59238890e+02,3.69119424e-03,1.09105179e-04,0.00000000e+00,0.00000000e+00,0.00000000e+00,0.00000000e+00
1.11500000e+01,3.07375135e-03,6.66764037e-05,0.00000000e+00,0.00000000e+00,6.94013048e-04,7.86137773e-05,2.98839898e-03,6.55176442e-05,4.85245157e+00,7.54802963e-02,2.00944905e+04,3.47394960e+02,3.68240300e-03,1.10884427e-04,0.00000000e+00,0.00000000e+00,1.20666000e+01,1.95312749e-01
1.12500000e+01,3.05299410e-03,6.48812299e-05,0.00000000e+00,0.00000000e+00,6.03715823e-04,2.75127747e-05,2.98454387e-03,6.96643326e-05,4.84230890e+00,7.52345669e-02,1.99997816e+04,3.39441745e+02,3.56981733e-03,7.97596442e-05,0.00000000e+00,0.00000000e+00,0.00000000e+00,0.00000000e+00
1.13500000e+01,3.03659670e-03,6.50349331e-05,0.00000000e+00,0.00000000e+00,5.81779545e-04,2.58290110e-05,2.91510076e-03,5.12434593e-05,4.82362008e+00,7.59155418e-02,1.98382936e+04,3.37915539e+02,3.53381238e-03,8.01469045e-05,0.00000000e+00,0.00000000e+00,1.20798000e+01,1.92756691e-01
1.14500000e+01,3.06122558e-03,6.73216107e-05,0.00000000e+00,0.00000000e+00,5.87247775e-04,3.07151686e-05,2.88339470e-03,5.25528677e-05,4.82246789e+00,7.52276039e-02,1.99433835e+04,3.48872356e+02,3.56458633e-03,8.27067802e-05,0.00000000e+00,0.00000000e+00,0.00000000e+00,0.00000000e+00
1.15500000e+01,3.04978425e-03,6.68925358e-05,0.00000000e+00,0.00000000e+00,5.66387756e-04,2.24154293e-05,2.88855171e-03,5.11274305e-05,4.82039328e+00,7.84529707e-02,1.99333366e+04,3.46033051e+02,3.53134557e-03,7.50993111e-05,0.00000000e+00,0.00000000e+00,1.20578000e+01,1.92103774e-01
1.16500000e+01,3.01996794e-03,6.51010047e-05,0.00000000e+00,0.00000000e+00,5.65854447e-04,2.59207404e-05,2.87269767e-03,5.10162327e-05,4.78588194e+00,7.65057197e-02,1.97470376e+04,3.35750267e+02,3.50236345e-03,7.80678329e-05,0.00000000e+00,0.00000000e+00,0.00000000e+00,0.00000000e+00
1.17500000e+01,3.04993989e-03,6.37533452e-05,0.00000000e+00,0.00000000e+00,5.85584452e-04,2.70689852e-05,2.85118571e-03,5.13435376e-05,4.82024602e+00,7.24314398e-02,1.99164882e+04,3.26350970e+02,3.55314441e-03,7.24894073e-05,0.00000000e+00,0.00000000e+00,1.20532000e+01,1.92801777e-01
1.18500000e+01,3.06085940e-03,6.66510226e-05,0.00000000e+00,0.00000000e+00,5.68242462e-04,2.44428033e-05,2.83116875e-03,5.24578998e-05,4.83334414e+00,7.43696885e-02,1.99408096e+04,3.40955538e+02,3.54662860e-03,7.35904308e-05,0.00000000e+00,0.00000000e+00,0.00000000e+00,0.00000000e+00
1.19500000e+01,3.07545109e-03,6.49210464e-05,0.00000000e+00,0.00000000e+00,5.56449708e-04,2.25773808e-05,2.82509705e-03,7.14189232e-05,4.83328167e+00,7.45163704e-02,1.99790884e+04,3.42476502e+02,3.54986436e-03,7.13862602e-05,0.00000000e+00,0.00000000e+00,1.20418000e+01,1.93452348e-01
1.20500000e+01,3.05193925e-03,6.30778121e-05,0.00000000e+00,0.00000000e+00,5.50920882e-04,2.21046791e-05,2.77115436e-03,6.02176020e-05,4.80803022e+00,7.50798308e-02,1.98131861e+04,3.30814114e+02,3.52222728e-03,7.26176629e-05,0.00000000e+00,0.00000000e+00,0.00000000e+00,0.00000000e+00
1.21500000e+01,3.03906707e-03,6.38889352e-05,0.00000000e+00,0.00000000e+00,5.97019574e-04,5.14827014e-05,2.75802532e-03,6.22501370e-05,4.77774212e+00,7.44031428e-02,1.98062359e+04,3.36917645e+02,3.55211151e-03,9.17900089e-05,0.00000000e+00,0.00000000e+00,1.20320000e+01,1.93350690e-01
1.22500000e+01,3.05157406e-03,6.26678073e-05,0.00000000e+00,0.00000000e+00,5.75356565e-04,1.90851380e-05,2.74988507e-03,6.08324557e-05,4.80295909e+00,7.07326738e-02,1.98819978e+04,3.29072560e+02,3.54347268e-03,6.76140805e-05,0.00000000e+00,0.00000000e+00,0.00000000e+00,0.00000000e+00
1.23500000e+01,3.03582217e-03,6.24034200e-05,0.00000000e+00,0.00000000e+00,5.70111324e-04,2.27587312e-05,2.72263784e-03,6.08768805e-05,4.78573181e+00,7.44732778e-02,1.97562029e+04,3.31159629e+02,3.52480570e-03,6.84750164e-05,0.00000000e+00,0.00000000e+00,1.20056000e+01,1.90538904e-01
1.24500000e+01,3.03693585e-03,6.26736733e-05,0.00000000e+00,0.00000000e+00,5.80266925e-04,1.95388855e-05,2.71429484e-03,6.25273438e-05,4.79210273e+00,7.58760004e-02,1.97296763e+04,3.32678530e+02,3.53711486e-03,6.75414449e-05,0.00000000e+00,0.00000000e+00,0.00000000e+00,0.00000000e+00
1.25500000e+01,3.02782602e-03,6.00587078e-05,0.00000000e+00,0.00000000e+00,6.17980190e-04,2.82411232e-05,2.67914581e-03,6.36058703e-05,4.77540380e+00,7.44583694e-02,1.96552446e+04,3.12098620e+02,3.56664384e-03,6.88242300e-05,0.00000000e+00,0.00000000e+00,1.20126000e+01,1.90764264e-01
1.26500000e+01,3.02436751e-03,5.82854996e-05,0.00000000e+00,0.00000000e+00,5.98228952e-04,2.46722641e-05,2.66785029e-03,6.47901538e-05,4.76633289e+00,7.16754122e-02,1.95939461e+04,3.01880525e+02,3.54421762e-03,7.19745344e-05,0.00000000e+00,0.00000000e+00,0.00000000e+00,0.00000000e+00
1.27500000e+01,3.00574848e-03,5.98131688e-05,0.00000000e+00,0.00000000e+00,5.86261318e-04,2.54306345e-05,2.67093181e-03,7.42044167e-05,4.75946086e+00,6.87724010e-02,1.94851768e+04,3.08502190e+02,3.51379540e-03,7.27575234e-05,0.00000000e+00,0.00000000e+00,1.19884000e+01,1.90053560e-01
1.28500000e+01,3.00908503e-03,5.67016106e-05,0.00000000e+00,0.00000000e+00,6.09934127e-04,3.78460122e-05,2.63268619e-03,6.32188596e-05,4.77044491e+00,6.94319854e-02,1.95200707e+04,2.95699446e+02,3.54146293e-03,7.30179251e-05,0.00000000e+00,0.00000000e+00,0.00000000e+00,0.00000000e+00
1.29500000e+01,2.98053507e-03,5.91646027e-05,0.00000000e+00,0.00000000e+00,6.04227928e-04,4.03969941e-05,2.61302128e-03,5.74470841e-05,4.73745685e+00,7.12213570e-02,1.93261303e+04,3.04084752e+02,3.50880120e-03,8.19734975e-05,0.00000000e+00,0.00000000e+00,1.19714000e+01,1.90369995e-01
1.30500000e+01,2.96997746e-03,6.02921836e-05,0.00000000e+00,0.00000000e+00,5.91742459e-04,2.74088657e-05,2.58744109e-03,5.14432655e-05,4.74014333e+00,7.09435241e-02,1.92750618e+04,3.10750699e+02,3.48668858e-03,7.41789853e-05,0.00000000e+00,0.00000000e+00,0.00000000e+00,0.00000000e+00
1.31500000e+01,2.97639599e-03,6.02512535e-05,0.00000000e+00,0.00000000e+00,5.75659542e-04,2.57790366e-05,2.56268070e-03,5.15714537e-05,4.75288363e+00,7.36725470e-02,1.94052430e+04,3.25052275e+02,3.47699881e-03,7.26280066e-05,0.00000000e+00,0.00000000e+00,1.19612000e+01,1.89167162e-01
1.32500000e+01,2.96533257e-03,5.88496727e-05,0.00000000e+00,0.00000000e+00,5.94513736e-04,2.98017312e-05,2.56978332e-03,5.85780034e-05,4.75174063e+00,7.26667318e-02,1.93847910e+04,3.14921431e+02,3.48501100e-03,7.50947923e-05,0.00000000e+00,0.00000000e+00,0.00000000e+00,0.00000000e+00
1.33500000e+01,2.95702815e-03,5.80755250e-05,0.00000000e+00,0.00000000e+00,5.78337377e-04,2.88328657e-05,2.50414317e-03,5.18234819e-05,4.74501946e+00,7.13539689e-02,1.92800698e+04,3.03601963e+02,3.46299095e-03,7.26231567e-05,0.00000000e+00,0.00000000e+00,1.19502000e+01,1.89903410e-01
1.34500000e+01,2.95385274e-03,6.14662687e-05,0.00000000e+00,0.00000000e+00,5.97344040e-04,3.04156846e-05,2.48117601e-03,5.13369892e-05,4.74082843e+00,7.41794136e-02,1.91916817e+04,3.22147228e+02,3.47939393e-03,7.64518267e-05,0.00000000e+00,0.00000000e+00,0.00000000e+00,0.00000000e+00
1.35500000e+01,2.94464736e-03,6.00736586e-05,0.00000000e+00,0.00000000e+00,6.07592644e-04,3.07727273e-05,2.46284281e-03,5.06934468e-05,4.73136194e+00,7.22339600e-02,1.91400911e+04,3.10764462e+02,3.48037392e-03,7.54139348e-05,0.00000000e+00,0.00000000e+00,1.19348000e+01,1.91103186e-01
1.36500000e+01,2.95395922e-03,6.20191786e-05,0.00000000e+00,0.00000000e+00,6.28608077e-04,4.23592402e-05,2.44597518e-03,4.64078941e-05,4.75784537e+00,7.46938392e-02,1.91810534e+04,3.24299765e+02,3.51052310e-03,7.77682163e-05,0.00000000e+00,0.00000000e+00,0.00000000e+00,0.00000000e+00
1.37500000e+01,2.97170454e-03,6.41903937e-05,0.00000000e+00,0.00000000e+00,6.65436895e-04,4.35948629e-05,2.39534222e-03,5.00699038e-05,4.77057890e+00,7.68995862e-02,1.92665486e+04,3.36305791e+02,3.56610144e-03,8.06781476e-05,0.00000000e+00,0.00000000e+00,1.19422000e+01,1.90679406e-01
1.38500000e+01,2.95107749e-03,5.88098287e-05,0.00000000e+00,0.00000000e+00,6.43528081e-04,3.84049055e-05,2.43659085e-03,6.55603915e-05,4.72295050e+00,6.91542326e-02,1.91026807e+04,2.98938805e+02,3.52307905e-03,7.41864230e-05,0.00000000e+00,0.00000000e+00,0.00000000e+00,0.00000000e+00
1.39500000e+01,2.94441417e-03,5.53811422e-05,0.00000000e+00,0.00000000e+00,6.73633067e-04,5.49447093e-05,2.43950315e-03,7.23555487e-05,4.70072310e+00,6.81145239e-02,1.90707798e+04,2.78935458e+02,3.54675781e-03,7.98641280e-05,0.00000000e+00,0.00000000e+00,1.19292000e+01,1.86908433e-01
1.40500000e+01,2.93514012e-03,5.28471202e-05,0.00000000e+00,0.00000000e+00,6.45609864e-04,3.18422855e-05,2.35897172e-03,5.27619375e-05,4.68825501e+00,6.87581590e-02,1.89736029e+04,2.71657543e+02,3.51110848e-03,6.47956420e-05,0.00000000e+00,0.00000000e+00,0.00000000e+00,0.00000000e+00
1.41500000e+01,2.92127225e-03,5.57423854e-05,0.00000000e+00,0.00000000e+00,6.66813518e-04,3.99571211e-05,2.35720674e-03,5.63163006e-05,4.66500527e+00,6.89265739e-02,1.88727926e+04,2.81906514e+02,3.51878092e-03,6.67513230e-05,0.00000000e+00,0.00000000e+00,1.19436000e+01,1.87091761e-01
1.42500000e+01,2.94157465e-03,6.02096585e-05,0.00000000e+00,0.00000000e+00,7.30240601e-04,6.66420683e-05,2.42752146e-03,9.85452055e-05,4.68690247e+00,7.14463262e-02,1.90081345e+04,3.11305585e+02,3.60068054e-03,9.30110481e-05,0.00000000e+00,0.00000000e+00,0.00000000e+00,0.00000000e+00
1.43500000e+01,2.95767231e-03,6.37304302e-05,0.00000000e+00,0.00000000e+00,6.92213319e-04,5.22331225e-05,2.35639962e-03,7.44047580e-05,4.71065237e+00,7.52040984e-02,1.90991884e+04,3.27720419e+02,3.58075439e-03,8.45633469e-05,0.00000000e+00,0.00000000e+00,1.19574000e+01,1.88312117e-01
1.44500000e+01,2.94559190e-03,6.14848817e-05,0.00000000e+00,0.00000000e+00,6.23891060e-04,3.02847701e-05,2.30407581e-03,5.73824086e-05,4.69888589e+00,7.67194211e-02,1.89905549e+04,3.17351090e+02,3.50225446e-03,7.72728570e-05,0.00000000e+00,0.00000000e+00,0.00000000e+00,0.00000000e+00
1.45500000e+01,2.94313063e-03,6.23678988e-05,0.00000000e+00,0.00000000e+00,6.40650351e-04,3.61766664e-05,2.28198381e-03,5.46310283e-05,4.69303869e+00,7.73111968e-02,1.89350927e+04,3.23201213e+02,3.51729748e-03,8.35030966e-05,0.00000000e+00,0.00000000e+00,1.19232000e+01,1.85508993e-01
1.46500000e+01,2.94291198e-03,6.37617676e-05,0.00000000e+00,0.00000000e+00,6.32564767e-04,3.80315305e-05,2.26757244e-03,5.55056818e-05,4.68583445e+00,8.07445215e-02,1.89399954e+04,3.30618068e+02,3.50964814e-03,8.87571869e-05,0.00000000e+00,0.00000000e+00,0.00000000e+00,0.00000000e+00
1.47500000e+01,2.91214308e-03,6.02777331e-05,0.00000000e+00,0.00000000e+00,6.13094994e-04,3.47448867e-05,2.24082219e-03,5.55527287e-05,4.67373351e+00,7.42259633e-02,1.87988052e+04,3.17194453e+02,3.45975599e-03,8.60225266e-05,0.00000000e+00,0.00000000e+00,1.19116000e+01,1.85809065e-01
1.48500000e+01,2.93599228e-03,6.13999614e-05,0.00000000e+00,0.00000000e+00,6.19847306e-04,3.74949641e-05,2.24278932e-03,5.62732746e-05,4.66162691e+00,7.26074437e-02,1.89222960e+04,3.35496540e+02,3.48799450e-03,8.81474277e-05,0.00000000e+00,0.00000000e+00,0.00000000e+00,0.00000000e+00
1.49500000e+01,2.93625081e-03,5.87559291e-05,0.00000000e+00,0.00000000e+00,5.89741914e-04,3.23133945e-05,2.21933984e-03,5.48104190e-05,4.66863651e+00,7.69103453e-02,1.88827221e+04,3.15833823e+02,3.45974189e-03,8.25814819e-05,0.00000000e+00,0.00000000e+00,1.18880000e+01,1.84199980e-01
1.50500000e+01,2.93759247e-03,5.88673668e-05,0.00000000e+00,0.00000000e+00,6.20010378e-04,4.66361285e-05,2.18945726e-03,5.33546544e-05,4.66622557e+00,7.41433350e-02,1.88669818e+04,3.12076360e+02,3.49235093e-03,9.35478267e-05,0.00000000e+00,0.00000000e+00,0.00000000e+00,0.00000000e+00
1.51500000e+01,2.94624973e-03,6.00371094e-05,0.00000000e+00,0.00000000e+00,6.17497983e-04,4.32561029e-05,2.16740288e-03,5.03581203e-05,4.65815506e+00,7.39475606e-02,1.89360424e+04,3.28445573e+02,3.49778530e-03,8.98163469e-05,0.00000000e+00,0.00000000e+00,1.18538000e+01,1.85197498e-01
1.52500000e+01,2.95496418e-03,6.20695973e-05,0.00000000e+00,0.00000000e+00,6.38711714e-04,4.97696585e-05,2.15308043e-03,5.03951761e-05,4.66247836e+00,7.53010472e-02,1.89199503e+04,3.27951180e+02,3.52823501e-03,9.76931556e-05,0.00000000e+00,0.00000000e+00,0.00000000e+00,0.00000000e+00
1.53500000e+01,2.92612444e-03,6.42261124e-05,0.00000000e+00,0.00000000e+00,6.36185695e-04,4.90234169e-05,2.14654653e-03,5.20543882e-05,4.63486843e+00,8.04923085e-02,1.87942796e+04,3.37045618e+02,3.49757898e-03,9.76249274e-05,0.00000000e+00,0.00000000e+00,1.18594000e+01,1.86532135e-01
1.54500000e+01,2.95383829e-03,6.46919428e-05,0.00000000e+00,0.00000000e+00,6.44759562e-04,3.23251197e-05,2.20743398e-03,8.66584626e-05,4.65572125e+00,8.15428330e-02,1.89853231e+04,3.46153184e+02,3.53126952e-03,8.52079441e-05,0.00000000e+00,0.00000000e+00,0.00000000e+00,0.00000000e+00
1.55500000e+01,2.94554260e-03,6.20399400e-05,0.00000000e+00,0.00000000e+00,6.56077916e-04,4.14859910e-05,2.12419023e-03,5.75305389e-05,4.64450119e+00,8.25592467e-02,1.88474798e+04,3.40909058e+02,3.53854661e-03,8.64432190e-05,0.00000000e+00,0.00000000e+00,1.18528000e+01,1.86943850e-01
1.56500000e+01,2.93500379e-03,6.48981639e-05,0.00000000e+00,0.00000000e+00,6.57798754e-04,3.47835824e-05,2.14251693e-03,6.38154886e-05,4.62480668e+00,8.10787727e-02,1.87628884e+04,3.51097774e+02,3.53022991e-03,8.77384717e-05,0.00000000e+00,0.00000000e+00,0.00000000e+00,0.00000000e+00
1.57500000e+01,2.95120303e-03,6.27976990e-05,0.00000000e+00,0.00000000e+00,6.64058760e-04,4.21311072e-05,2.09613768e-03,5.95434504e-05,4.63454274e+00,7.95648420e-02,1.87909499e+04,3.35416293e+02,3.55409027e-03,9.21159974e-05,0.00000000e+00,0.00000000e+00,1.18480000e+01,1.85059946e-01
1.58500000e+01,2.92567124e-03,5.94046928e-05,0.00000000e+00,0.00000000e+00,6.26558140e-04,3.89374188e-05,2.04637164e-03,5.46944259e-05,4.59911993e+00,7.68566582e-02,1.86331037e+04,3.17681829e+02,3.49198024e-03,8.51639186e-05,0.00000000e+00,0.00000000e+00,0.00000000e+00,0.00000000e+00
1.59500000e+01,2.91062892e-03,5.78575681e-05,0.00000000e+00,0.00000000e+00,6.63074286e-04,5.72406480e-05,2.02918674e-03,5.27054760e-05,4.59282968e+00,7.57755370e-02,1.85384710e+04,2.99266614e+02,3.51456143e-03,9.35544725e-05,0.00000000e+00,0.00000000e+00,1.18532000e+01,1.86299613e-01
1.60500000e+01,2.91857075e-03,5.87775593e-05,0.00000000e+00,0.00000000e+00,6.31548336e-04,3.54953345e-05,2.00100058e-03,4.66115087e-05,4.60595267e+00,7.53726229e-02,1.85887054e+04,3.07894860e+02,3.49142036e-03,7.73573658e-05,0.00000000e+00,0.00000000e+00,0.00000000e+00,0.00000000e+00
1.61500000e+01,2.92775389e-03,6.04187876e-05,0.00000000e+00,0.00000000e+00,6.71343326e-04,4.84569422e-05,1.98538519e-03,4.86692966e-05,4.60643609e+00,7.53302461e-02,1.86615325e+04,3.17981866e+02,3.54059526e-03,8.53275169e-05,0.00000000e+00,0.00000000e+00,1.18248000e+01,1.87725209e-01
1.62500000e+01,2.91507499e-03,5.75529727e-05,0.00000000e+00,0.00000000e+00,6.58678473e-04,3.86719360e-05,1.97779573e-03,4.88762407e-05,4.62127711e+00,7.23127336e-02,1.86456015e+04,2.95484750e+02,3.51527683e-03,7.52170094e-05,0.00000000e+00,0.00000000e+00,0.00000000e+00,0.00000000e+00
1.63500000e+01,2.89988402e-03,5.63655993e-05,0.00000000e+00,0.00000000e+00,6.11241296e-04,3.44873650e-05,1.97320930e-03,5.20262733e-05,4.61234841e+00,6.97270564e-02,1.85709371e+04,2.90635580e+02,3.45263398e-03,7.04343739e-05,0.00000000e+00,0.00000000e+00,1.18160000e+01,1.89546612e-01
1.64500000e+01,2.90321984e-03,5.65016497e-05,0.00000000e+00,0.00000000e+00,6.46255918e-04,4.66135695e-05,1.95580358e-03,5.33403865e-05,4.59130709e+00,6.98599927e-02,1.84825712e+04,2.92878946e+02,3.49183728e-03,8.13002924e-05,0.00000000e+00,0.00000000e+00,0.00000000e+00,0.00000000e+00
1.65500000e+01,2.88811956e-03,5.86794503e-05,0.00000000e+00,0.00000000e+00,6.36509166e-04,3.94698812e-05,1.93197097e-03,5.32761525e-05,4.57433133e+00,7.04710272e-02,1.83660143e+04,3.03668756e+02,3.46824222e-03,8.16707141e-05,0.00000000e+00,0.00000000e+00,1.18246000e+01,1.91371891e-01
1.66500000e+01,2.88442712e-03,5.65967329e-05,0.00000000e+00,0.00000000e+00,6.03438620e-04,4.03622323e-05,1.92563017e-03,5.37476654e-05,4.57416385e+00,6.91775193e-02,1.83745386e+04,2.99635666e+02,3.43142435e-03,8.35157822e-05,0.00000000e+00,0.00000000e+00,0.00000000e+00,0.00000000e+00
1.67500000e+01,2.87639739e-03,5.92974042e-05,0.00000000e+00,0.00000000e+00,5.93163614e-04,3.66952388e-05,1.95835541e-03,6.78731771e-05,4.56150739e+00,7.32613403e-02,1.83052223e+04,3.02760704e+02,3.41265709e-03,8.32889927e-05,0.00000000e+00,0.00000000e+00,1.18044000e+01,1.92371273e-01
1.68500000e+01,2.89660702e-03,6.62153390e-05,0.00000000e+00,0.00000000e+00,5.91382477e-04,3.55889118e-05,1.90661443e-03,5.51695931e-05,4.56352231e+00,7.39826248e-02,1.84099893e+04,3.36488095e+02,3.43251354e-03,9.19767864e-05,0.00000000e+00,0.00000000e+00,0.00000000e+00,0.00000000e+00
1.69500000e+01,2.88999416e-03,6.51394593e-05,0.00000000e+00,0.00000000e+00,5.76480079e-04,3.21478853e-05,1.89245157e-03,5.51495847e-05,4.55134567e+00,7.36151255e-02,1.83234747e+04,3.33889154e+02,3.41125542e-03,8.48552380e-05,0.00000000e+00,0.00000000e+00,1.18066000e+01,1.88895092e-01
1.70500000e+01,2.89903849e-03,5.82559056e-05,0.00000000e+00,0.00000000e+00,5.68587165e-04,3.42635230e-05,1.87686317e-03,5.51887911e-05,4.54826146e+00,6.94757424e-02,1.83677672e+04,2.98573747e+02,3.41304315e-03,7.44508372e-05,0.00000000e+00,0.00000000e+00,0.00000000e+00,0.00000000e+00
1.71500000e+01,2.90468240e-03,5.79996856e-05,0.00000000e+00,0.00000000e+00,5.39123862e-04,2.93675158e-05,1.86690771e-03,5.53167215e-05,4.54753534e+00,6.81438055e-02,1.83879787e+04,2.97419947e+02,3.38928562e-03,7.60538008e-05,0.00000000e+00,0.00000000e+00,1.18044000e+01,1.88690905e-01
1.72500000e+01,2.88351639e-03,5.67146755e-05,0.00000000e+00,0.00000000e+00,5.31495403e-04,2.69571525e-05,1.84030330e-03,5.47958517e-05,4.53935197e+00,6.93560118e-02,1.83328869e+04,2.95661351e+02,3.36114585e-03,7.51484452e-05,0.00000000e+00,0.00000000e+00,0.00000000e+00,0.00000000e+00
1.73500000e+01,2.88782832e-03,5.85787054e-05,0.00000000e+00,0.00000000e+00,5.86870715e-04,3.65214741e-05,1.82344263e-03,5.48309271e-05,4.56480671e+00,7.14586114e-02,1.83500203e+04,3.06781308e+02,3.42081303e-03,8.19547688e-05,0.00000000e+00,0.00000000e+00,1.17928000e+01,1.88197256e-01
1.74500000e+01,2.88851409e-03,5.82972468e-05,0.00000000e+00,0.00000000e+00,6.29582640e-04,6.31198343e-05,1.80261409e-03,5.51167505e-05,4.54723724e+00,7.26497470e-02,1.83118923e+04,3.02857884e+02,3.46472106e-03,8.28810656e-05,0.00000000e+00,0.00000000e+00,0.00000000e+00,0.00000000e+00
1.75500000e+01,2.86911418e-03,5.52910754e-05,0.00000000e+00,0.00000000e+00,6.04995431e-04,4.39646366e-05,1.79790103e-03,5.42145473e-05,4.53073389e+00,6.90580514e-02,1.82217139e+04,2.88173420e+02,3.42079536e-03,7.49333712e-05,0.00000000e+00,0.00000000e+00,1.17904000e+01,1.88624442e-01
1.76500000e+01,2.87734510e-03,5.74221919e-05,0.00000000e+00,0.00000000e+00,6.02185148e-04,4.16402721e-05,1.78594207e-03,5.60157359e-05,4.52703019e+00,6.79912391e-02,1.82273585e+04,3.00664051e+02,3.42665671e-03,8.12767189e-05,0.00000000e+00,0.00000000e+00,0.00000000e+00,0.00000000e+00
1.77500000e+01,2.87394245e-03,5.69970256e-05,0.00000000e+00,0.00000000e+00,5.57299899e-04,2.53733870e-05,1.77725580e-03,5.64833039e-05,4.51405765e+00,6.74114405e-02,1.82156036e+04,3.12933831e+02,3.37830075e-03,6.63323906e-05,0.00000000e+00,0.00000000e+00,1.17760000e+01,1.87375863e-01
1.78500000e+01,2.88298491e-03,5.60174223e-05,0.00000000e+00,0.00000000e+00,5.66888598e-04,2.89868795e-05,1.77265076e-03,5.79555850e-05,4.52310387e+00,6.91098390e-02,1.82036837e+04,2.88985756e+02,3.39797835e-03,7.03464698e-05,0.00000000e+00,0.00000000e+00,0.00000000e+00,0.00000000e+00
1.79500000e+01,2.87350433e-03,5.39407455e-05,0.00000000e+00,0.00000000e+00,5.53919090e-04,3.39676877e-05,1.75139462e-03,5.72659727e-05,4.51565375e+00,6.86876830e-02,1.81087358e+04,2.76826162e+02,3.37599697e-03,7.46241402e-05,0.00000000e+00,0.00000000e+00,1.17746000e+01,1.87348896e-01
1.80500000e+01,2.86535162e-03,5.11277975e-05,0.00000000e+00,0.00000000e+00,5.66577273e-04,3.88140671e-05,1.74060016e-03,5.68635594e-05,4.49030600e+00,6.81566354e-02,1.80497437e+04,2.59613687e+02,3.38068360e-03,7.81978293e-05,0.00000000e+00,0.00000000e+00,0.00000000e+00,0.00000000e+00
1.81500000e+01,2.87066950e-03,5.62920621e-05,0.00000000e+00,0.00000000e+00,5.75077583e-04,4.64745082e-05,1.73615692e-03,5.39226063e-05,4.51373872e+00,6.91710670e-02,1.80639855e+04,2.85370483e+02,3.39484318e-03,8.73093052e-05,0.00000000e+00,0.00000000e+00,1.17784000e+01,1.86958766e-01
1.82500000e+01,2.86777677e-03,5.69714957e-05,0.00000000e+00,0.00000000e+00,5.55755930e-04,2.79729242e-05,1.72964318e-03,4.99920838e-05,4.50222662e+00,6.87950111e-02,1.80624376e+04,2.88521222e+02,3.37272276e-03,7.07458984e-05,0.00000000e+00,0.00000000e+00,0.00000000e+00,0.00000000e+00
1.83500000e+01,2.85738731e-03,5.98131792e-05,0.00000000e+00,0.00000000e+00,5.41424008e-04,2.47972642e-05,1.72660627e-03,4.89606014e-05,4.50296572e+00,6.97174431e-02,1.80513375e+04,3.09079904e+02,3.34743171e-03,7.36932013e-05,0.00000000e+00,0.00000000e+00,1.17472000e+01,1.85881691e-01
1.84500000e+01,2.83049247e-03,5.27192141e-05,0.00000000e+00,0.00000000e+00,5.41245722e-04,2.75846727e-05,1.71306002e-03,5.15129642e-05,4.47700684e+00,6.41313570e-02,1.78479669e+04,2.69731896e+02,3.32048469e-03,7.06338980e-05,0.00000000e+00,0.00000000e+00,0.00000000e+00,0.00000000e+00
1.85500000e+01,2.81488911e-03,5.00774014e-05,0.00000000e+00,0.00000000e+00,5.27868818e-04,2.65292204e-05,1.71688821e-03,6.13116237e-05,4.47661999e+00,6.48271428e-02,1.77649466e+04,2.62448644e+02,3.29183646e-03,6.72838534e-05,0.00000000e+00,0.00000000e+00,1.17382000e+01,1.86318508e-01
1.86500000e+01,2.81381177e-03,5.43264950e-05,0.00000000e+00,0.00000000e+00,5.25122781e-04,2.76340186e-05,1.69276269e-03,7.02435090e-05,4.47700831e+00,6.77259321e-02,1.77640740e+04,2.86151739e+02,3.28896123e-03,7.17459575e-05,0.00000000e+00,0.00000000e+00,0.00000000e+00,0.00000000e+00
1.87500000e+01,2.79394810e-03,5.30839650e-05,0.00000000e+00,0.00000000e+00,5.37848096e-04,3.46404019e-05,1.84782394e-03,2.07041026e-04,4.48673862e+00,6.53411247e-02,1.77579815e+04,2.96941968e+02,3.27713019e-03,7.48879258e-05,0.00000000e+00,0.00000000e+00,1.17114000e+01,1.88371757e-01
1.88500000e+01,2.80586259e-03,5.45558397e-05,0.00000000e+00,0.00000000e+00,5.07450014e-04,2.42050834e-05,1.64654476e-03,4.91122903e-05,4.48005064e+00,6.67542890e-02,1.77241303e+04,2.86127283e+02,3.26307244e-03,6.88774362e-05,0.00000000e+00,0.00000000e+00,0.00000000e+00,0.00000000e+00
1.89500000e+01,2.79797616e-03,5.49539116e-05,0.00000000e+00,0.00000000e+00,5.35731348e-04,3.50790130e-05,1.60245774e-03,4.55586572e-05,4.47572084e+00,6.81111840e-02,1.76508034e+04,2.85735600e+02,3.28568051e-03,7.64705275e-05,0.00000000e+00,0.00000000e+00,1.17066000e+01,1.87971688e-01
1.90500000e+01,2.81826006e-03,5.39533685e-05,0.00000000e+00,0.00000000e+00,5.53960538e-04,4.12079841e-05,1.57526364e-03,4.29328932e-05,4.48740404e+00,6.51999803e-02,1.77722082e+04,2.83930595e+02,3.32494376e-03,7.98961235e-05,0.00000000e+00,0.00000000e+00,0.00000000e+00,0.00000000e+00
1.91500000e+01,2.80782802e-03,5.23357481e-05,0.00000000e+00,0.00000000e+00,5.23406493e-04,2.53418672e-05,1.60913279e-03,5.10962240e-05,4.47577475e+00,6.20835820e-02,1.77924603e+04,2.72727844e+02,3.28246796e-03,6.55441598e-05,0.00000000e+00,0.00000000e+00,1.17032000e+01,1.86872091e-01
1.92500000e+01,2.79469285e-03,5.22545116e-05,0.00000000e+00,0.00000000e+00,5.49792584e-04,2.95465440e-05,1.57266468e-03,4.36754458e-05,4.45944756e+00,6.59601328e-02,1.76501082e+04,2.77348489e+02,3.29707239e-03,6.77341156e-05,0.00000000e+00,0.00000000e+00,0.00000000e+00,0.00000000e+00
1.93500000e+01,2.81981146e-03,5.53564640e-05,0.00000000e+00,0.00000000e+00,5.58590485e-04,2.53104960e-05,1.55708126e-03,4.35428755e-05,4.47101840e+00,6.79997608e-02,1.77482908e+04,2.96073771e+02,3.33171668e-03,6.92786050e-05,0.00000000e+00,0.00000000e+00,1.16836000e+01,1.88858603e-01
1.94500000e+01,2.82358421e-03,5.41960819e-05,0.00000000e+00,0.00000000e+00,5.72381409e-04,2.48912512e-05,1.58532941e-03,6.25027524e-05,4.46588902e+00,6.43314034e-02,1.77693488e+04,2.84019581e+02,3.34841430e-03,6.66969493e-05,0.00000000e+00,0.00000000e+00,0.00000000e+00,0.00000000e+00
1.95500000e+01,2.80624924e-03,5.78130079e-05,0.00000000e+00,0.00000000e+00,5.71460012e-04,2.81867011e-05,1.57095911e-03,6.13528380e-05,4.45520948e+00,6.61094732e-02,1.76697536e+04,3.06609918e+02,3.33030514e-03,7.43615371e-05,0.00000000e+00,0.00000000e+00,1.16726000e+01,1.88606016e-01
1.96500000e+01,2.80302007e-03,5.57442470e-05,0.00000000e+00,0.00000000e+00,5.62661726e-04,2.61279079e-05,1.50776971e-03,3.95514271e-05,4.45097859e+00,6.80058426e-02,1.76194710e+04,2.93909503e+02,3.31991062e-03,7.03849650e-05,0.00000000e+00,0.00000000e+00,0.00000000e+00,0.00000000e+00
1.97500000e+01,2.78943280e-03,5.63106447e-05,0.00000000e+00,0.00000000e+00,5.99351282e-04,3.57742159e-05,1.48719616e-03,3.82610650e-05,4.44793556e+00,6.78405511e-02,1.75647001e+04,2.97876490e+02,3.34356942e-03,7.45214000e-05,0.00000000e+00,0.00000000e+00,1.16740000e+01,1.86973314e-01
1.98500000e+01,2.79594763e-03,5.76668110e-05,0.00000000e+00,0.00000000e+00,5.87490237e-04,3.05315206e-05,1.48403192e-03,3.73028990e-05,4.43922643e+00,7.08141505e-02,1.75852010e+04,3.09878219e+02,3.33802876e-03,7.45324689e-05,0.00000000e+00,0.00000000e+00,0.00000000e+00,0.00000000e+00
1.99500000e+01,2.80698568e-03,6.09470472e-05,0.00000000e+00,0.00000000e+00,5.46512763e-04,2.41524769e-05,1.46617524e-03,3.64076483e-05,4.44454020e+00,7.10348985e-02,1.76679359e+04,3.24061181e+02,3.30812428e-03,7.14892245e-05,0.00000000e+00,0.00000000e+00,1.16806000e+01,1.86016547e-01
2.00500000e+01,2.79629702e-03,6.16648952e-05,0.00000000e+00,0.00000000e+00,5.41069985e-04,2.17544144e-05,1.47979103e-03,4.29601475e-05,4.43967038e+00,7.14748887e-02,1.76643362e+04,3.30293818e+02,3.28985800e-03,7.23477473e-05,0.00000000e+00,0.00000000e+00,0.00000000e+00,0.00000000e+00
2.01500000e+01,2.79008600e-03,5.79541877e-05,0.00000000e+00,0.00000000e+00,5.40002437e-04,2.51511921e-05,1.44312025e-03,3.69366842e-05,4.43518559e+00,7.01965094e-02,1.75468661e+04,3.07175642e+02,3.28452265e-03,7.16067428e-05,0.00000000e+00,0.00000000e+00,1.16754000e+01,1.87573378e-01
2.02500000e+01,2.77961389e-03,5.68998642e-05,0.00000000e+00,0.00000000e+00,5.40633373e-04,2.67892066e-05,1.42705264e-03,3.69224446e-05,4.42067446e+00,6.58629965e-02,1.74855326e+04,3.04580482e+02,3.27514168e-03,7.20155626e-05,0.00000000e+00,0.00000000e+00,0.00000000e+00,0.00000000e+00
2.03500000e+01,2.78788996e-03,5.57436314e-05,0.00000000e+00,0.00000000e+00,5.68940475e-04,3.79564732e-05,1.41820522e-03,3.80939015e-05,4.43718634e+00,6.43470140e-02,1.75030318e+04,2.90255543e+02,3.31411993e-03,7.78653881e-05,0.00000000e+00,0.00000000e+00,1.16546000e+01,1.85676745e-01
2.04500000e+01,2.77185745e-03,5.22677551e-05,0.00000000e+00,0.00000000e+00,5.79697296e-04,3.30764402e-05,1.41168746e-03,3.81324871e-05,4.40279389e+00,6.42432545e-02,1.73918277e+04,2.77444309e+02,3.30919204e-03,7.10725932e-05,0.00000000e+00,0.00000000e+00,0.00000000e+00,0.00000000e+00
2.05500000e+01,2.78384787e-03,5.25185770e-05,0.00000000e+00,0.00000000e+00,5.49029541e-04,2.72752061e-05,1.40977556e-03,3.82391454e-05,4.41340759e+00,6.64375533e-02,1.74543777e+04,2.81930149e+02,3.29054590e-03,6.82866021e-05,0.00000000e+00,0.00000000e+00,1.16656000e+01,1.89033882e-01
2.06500000e+01,2.77319749e-03,5.04026591e-05,0.00000000e+00,0.00000000e+00,5.98928017e-04,5.05450941e-05,1.45793098e-03,6.48242611e-05,4.39496728e+00,6.76958852e-02,1.73938343e+04,2.66891666e+02,3.32812011e-03,8.52365409e-05,0.00000000e+00,0.00000000e+00,0.00000000e+00,0.00000000e+00
2.07500000e+01,2.80356634e-03,5.52884620e-05,0.00000000e+00,0.00000000e+00,5.90759483e-04,4.64467344e-05,1.42565152e-03,4.64602969e-05,4.41138429e+00,6.74680325e-02,1.75860002e+04,2.89224585e+02,3.34979370e-03,8.56409222e-05,0.00000000e+00,0.00000000e+00,1.16686000e+01,1.87997179e-01
2.08500000e+01,2.82318091e-03,6.18523962e-05,0.00000000e+00,0.00000000e+00,6.19110468e-04,4.89287718e-05,1.39213399e-03,3.85417741e-05,4.38147391e+00,6.85236588e-02,1.75853673e+04,3.19786766e+02,3.39906903e-03,8.78987002e-05,0.00000000e+00,0.00000000e+00,0.00000000e+00,0.00000000e+00
2.09500000e+01,2.78594767e-03,5.50957788e-05,0.00000000e+00,0.00000000e+00,5.78226065e-04,3.50557790e-05,1.41179874e-03,4.74697563e-05,4.38239673e+00,6.71898324e-02,1.74154516e+04,2.96243562e+02,3.32063236e-03,6.69269087e-05,0.00000000e+00,0.00000000e+00,1.16562000e+01,1.86235069e-01
2.10500000e+01,2.77744663e-03,5.07299069e-05,0.00000000e+00,0.00000000e+00,5.62796579e-04,2.55626326e-05,1.45306403e-03,6.43466295e-05,4.37338526e+00,6.38872386e-02,1.73264107e+04,2.63277695e+02,3.29643716e-03,6.20879441e-05,0.00000000e+00,0.00000000e+00,0.00000000e+00,0.00000000e+00
2.11500000e+01,2.76688062e-03,5.32189131e-05,0.00000000e+00,0.00000000e+00,5.76152746e-04,3.37914170e-05,1.40430223e-03,4.88051912e-05,4.38668299e+00,6.50714621e-02,1.72922649e+04,2.83451414e+02,3.30010930e-03,7.15387830e-05,0.00000000e+00,0.00000000e+00,1.16496000e+01,1.87050786e-01
2.12500000e+01,2.75852766e-03,5.18657730e-05,0.00000000e+00,0.00000000e+00,5.95869222e-04,4.06458159e-05,1.38455990e-03,4.57893535e-05,4.37663388e+00,6.42862223e-02,1.72355327e+04,2.73753653e+02,3.31160520e-03,7.94576811e-05,0.00000000e+00,0.00000000e+00,0.00000000e+00,0.00000000e+00
2.13500000e+01,2.77655360e-03,5.54241643e-05,0.00000000e+00,0.00000000e+00,6.04199864e-04,3.83189546e-05,1.36810918e-03,4.60198788e-05,4.39744816e+00,6.72125389e-02,1.73127907e+04,2.91444352e+02,3.33850071e-03,8.07457393e-05,0.00000000e+00,0.00000000e+00,1.16584000e+01,1.86952653e-01
2.14500000e+01,2.78316250e-03,5.83558890e-05,0.00000000e+00,0.00000000e+00,6.05038780e-04,3.33059469e-05,1.35284172e-03,4.65156739e-05,4.38957920e+00,6.67729060e-02,1.73220171e+04,3.02204915e+02,3.34650695e-03,7.85915888e-05,0.00000000e+00,0.00000000e+00,0.00000000e+00,0.00000000e+00
2.15500000e+01,2.78613456e-03,5.39881794e-05,0.00000000e+00,0.00000000e+00,6.10707988e-04,4.57934048e-05,1.32868610e-03,4.76887217e-05,4.37826506e+00,6.49894619e-02,1.73022220e+04,2.77668801e+02,3.35602087e-03,7.96151595e-05,0.00000000e+00,0.00000000e+00,1.16414000e+01,1.85916375e-01
2.16500000e+01,2.74905559e-03,5.78383119e-05,0.00000000e+00,0.00000000e+00,5.68233689e-04,3.14983073e-05,1.31845805e-03,4.96305281e-05,4.33113846e+00,6.82025194e-02,1.70905841e+04,2.98485724e+02,3.27724046e-03,7.86757631e-05,0.00000000e+00,0.00000000e+00,0.00000000e+00,0.00000000e+00
2.17500000e+01,2.73001375e-03,5.71995673e-05,0.00000000e+00,0.00000000e+00,5.41512151e-04,2.89134864e-05,1.33121451e-03,5.12144836e-05,4.31049074e+00,6.98471899e-02,1.70118078e+04,3.01847286e+02,3.23130510e-03,7.76357622e-05,0.00000000e+00,0.00000000e+00,1.16274000e+01,1.87367762e-01
2.18500000e+01,2.74663675e-03,5.84948564e-05,0.00000000e+00,0.00000000e+00,5.36987159e-04,3.07622348e-05,1.32162668e-03,4.90614299e-05,4.33541373e+00,6.77305233e-02,1.71157181e+04,3.10847005e+02,3.24351208e-03,8.06835256e-05,0.00000000e+00,0.00000000e+00,0.00000000e+00,0.00000000e+00
2.19500000e+01,2.75978161e-03,5.72217966e-05,0.00000000e+00,0.00000000e+00,5.61582505e-04,3.47534351e-05,1.26860612e-03,3.97808339e-05,4.36266144e+00,6.76305104e-02,1.71757548e+04,2.98753891e+02,3.28219658e-03,8.16340467e-05,0.00000000e+00,0.00000000e+00,1.16024000e+01,1.85143200e-01
2.20500000e+01,2.75526569e-03,5.61082031e-05,0.00000000e+00,0.00000000e+00,5.53495326e-04,3.10081923e-05,1.25992708e-03,4.07567178e-05,4.36007409e+00,6.76663007e-02,1.70990829e+04,2.96263196e+02,3.26977194e-03,7.64387224e-05,0.00000000e+00,0.00000000e+00,0.00000000e+00,0.00000000e+00
2.21500000e+01,2.72913900e-03,5.85926420e-05,0.00000000e+00,0.00000000e+00,5.74688939e-04,3.37909490e-05,1.23591747e-03,3.92645871e-05,4.33499201e+00,6.95408713e-02,1.69278803e+04,3.08934469e+02,3.26585618e-03,8.30300061e-05,0.00000000e+00,0.00000000e+00,1.16068000e+01,1.86182802e-01
2.22500000e+01,2.73221851e-03,5.74357244e-05,0.00000000e+00,0.00000000e+00,5.83370650e-04,4.03315716e-05,1.22697599e-03,3.97468475e-05,4.32758310e+00,6.93186995e-02,1.69152540e+04,2.98088629e+02,3.27815877e-03,8.66870889e-05,0.00000000e+00,0.00000000e+00,0.00000000e+00,0.00000000e+00
2.23500000e+01,2.72246889e-03,5.49409526e-05,0.00000000e+00,0.00000000e+00,5.61665240e-04,4.35028226e-05,1.22764583e-03,4.00253268e-05,4.32024276e+00,6.88242741e-02,1.68634394e+04,2.85215107e+02,3.24668223e-03,8.45009148e-05,0.00000000e+00,0.00000000e+00,1.15880000e+01,1.83525785e-01
2.24500000e+01,2.70598365e-03,5.67641849e-05,0.00000000e+00,0.00000000e+00,5.27260198e-04,2.88159671e-05,1.24037320e-03,4.02813139e-05,4.31344369e+00,7.00959106e-02,1.68076884e+04,2.90564525e+02,3.19544406e-03,7.54879883e-05,0.00000000e+00,0.00000000e+00,0.00000000e+00,0.00000000e+00
2.25500000e+01,2.68955242e-03,5.71627363e-05,0.00000000e+00,0.00000000e+00,5.52189255e-04,3.13605315e-05,1.26329997e-03,5.24404672e-05,4.29817096e+00,7.13773909e-02,1.67081364e+04,2.93008658e+02,3.20334846e-03,7.79584606e-05,0.00000000e+00,0.00000000e+00,1.15812000e+01,1.81032782e-01
2.26500000e+01,2.68409828e-03,5.74932609e-05,0.00000000e+00,0.00000000e+00,5.67075357e-04,3.50944251e-05,1.23123654e-03,5.65350748e-05,4.29113701e+00,7.20583268e-02,1.66896368e+04,3.00211868e+02,3.21357468e-03,8.11460695e-05,0.00000000e+00,0.00000000e+00,0.00000000e+00,0.00000000e+00
2.27500000e+01,2.68759892e-03,5.68868646e-05,0.00000000e+00,0.00000000e+00,5.75631871e-04,3.95924758e-05,1.22299000e-03,5.47679085e-05,4.29271528e+00,6.87572755e-02,1.67103901e+04,2.91187609e+02,3.22581505e-03,8.23367390e-05,0.00000000e+00,0.00000000e+00,1.15622000e+01,1.80812291e-01
2.28500000e+01,2.66769643e-03,5.62802924e-05,0.00000000e+00,0.00000000e+00,6.05002746e-04,4.81417596e-05,1.21409832e-03,5.48803962e-05,4.26671928e+00,7.07658381e-02,1.65725383e+04,2.92839803e+02,3.23542971e-03,8.64864938e-05,0.00000000e+00,0.00000000e+00,0.00000000e+00,0.00000000e+00
2.29500000e+01,2.66954529e-03,5.61027242e-05,0.00000000e+00,0.00000000e+00,5.71007458e-04,4.25840282e-05,1.20543037e-03,5.53272707e-05,4.27783124e+00,6.95923512e-02,1.65863478e+04,2.95693758e+02,3.20385871e-03,7.75073291e-05,0.00000000e+00,0.00000000e+00,1.15624000e+01,1.82174743e-01
2.30500000e+01,2.69653214e-03,5.38223271e-05,0.00000000e+00,0.00000000e+00,5.11103324e-04,2.29107463e-05,1.22335555e-03,5.95313484e-05,4.30037773e+00,6.91044816e-02,1.67028634e+04,2.85261040e+02,3.17044759e-03,6.81216062e-05,0.00000000e+00,0.00000000e+00,0.00000000e+00,0.00000000e+00
2.31500000e+01,2.66849320e-03,5.56856452e-05,0.00000000e+00,0.00000000e+00,5.02168430e-04,2.28988472e-05,1.18267413e-03,4.66660398e-05,4.26278552e+00,7.11584917e-02,1.65396323e+04,2.94730843e+02,3.13424331e-03,7.07235179e-05,0.00000000e+00,0.00000000e+00,1.15556000e+01,1.82097340e-01
2.32500000e+01,2.64927983e-03,5.58364834e-05,0.00000000e+00,0.00000000e+00,4.91176233e-04,1.93747098e-05,1.16448003e-03,4.56211972e-05,4.24821064e+00,7.10092043e-02,1.64453023e+04,2.96728955e+02,3.10416858e-03,6.70344899e-05,0.00000000e+00,0.00000000e+00,0.00000000e+00,0.00000000e+00
2.33500000e+01,2.65805956e-03,5.39936055e-05,0.00000000e+00,0.00000000e+00,5.62450146e-04,3.80282029e-05,1.13192036e-03,3.92505156e-05,4.26647309e+00,6.94767956e-02,1.64727220e+04,2.88498720e+02,3.18512609e-03,6.96348004e-05,0.00000000e+00,0.00000000e+00,1.15544000e+01,1.81503056e-01
2.34500000e+01,2.63716801e-03,5.14089559e-05,0.00000000e+00,0.00000000e+00,5.95356340e-04,6.24954614e-05,1.12358524e-03,4.05610004e-05,4.23583140e+00,6.79795376e-02,1.63521566e+04,2.75545070e+02,3.19729626e-03,8.36694788e-05,0.00000000e+00,0.00000000e+00,0.00000000e+00,0.00000000e+00
2.35500000e+01,2.63546711e-03,5.36414616e-05,0.00000000e+00,0.00000000e+00,5.69738659e-04,3.84782278e-05,1.12178935e-03,4.16321170e-05,4.23934104e+00,6.39458773e-02,1.63853610e+04,2.85730412e+02,3.16992179e-03,7.97147398e-05,0.00000000e+00,0.00000000e+00,1.15470000e+01,1.78960317e-01
2.36500000e+01,2.63861794e-03,5.24097954e-05,0.00000000e+00,0.00000000e+00,5.83072897e-04,3.92499900e-05,1.11082955e-03,4.05466480e-05,4.23700776e+00,6.45747144e-02,1.64076334e+04,2.82213331e+02,3.18651007e-03,7.98804809e-05,0.00000000e+00,0.00000000e+00,0.00000000e+00,0.00000000e+00
2.37500000e+01,2.65811823e-03,5.21499603e-05,0.00000000e+00,0.00000000e+00,6.18280009e-04,4.02388073e-05,1.10001710e-03,3.94692166e-05,4.25109116e+00,6.62540286e-02,1.65135024e+04,2.79591370e+02,3.24156619e-03,7.48052990e-05,0.00000000e+00,0.00000000e+00,1.15422000e+01,1.80791295e-01
2.38500000e+01,2.63613746e-03,5.32177214e-05,0.00000000e+00,0.00000000e+00,6.18108132e-04,4.07995630e-05,1.10974277e-03,4.30814241e-05,4.22330566e+00,6.75785407e-02,1.64006684e+04,2.86907769e+02,3.21959664e-03,7.49923634e-05,0.00000000e+00,0.00000000e+00,0.00000000e+00,0.00000000e+00
2.39500000e+01,2.61550111e-03,5.41007544e-05,0.00000000e+00,0.00000000e+00,5.22838478e-04,2.06837608e-05,1.10116089e-03,4.25196763e-05,4.20999176e+00,6.68518205e-02,1.62980420e+04,2.91009150e+02,3.10462088e-03,6.62271244e-05,0.00000000e+00,0.00000000e+00,1.15220000e+01,1.78579884e-01
2.40500000e+01,2.64709618e-03,5.68740953e-05,0.00000000e+00,0.00000000e+00,5.33917638e-04,2.76947732e-05,1.09820450e-03,4.34635582e-05,4.22523020e+00,6.93706501e-02,1.64445375e+04,3.02491502e+02,3.14781506e-03,6.98732496e-05,0.00000000e+00,0.00000000e+00,0.00000000e+00,0.00000000e+00
2.41500000e+01,2.66333998e-03,5.89569735e-05,0.00000000e+00,0.00000000e+00,6.58258311e-04,1.33169958e-04,1.06842427e-03,4.06523790e-05,4.24354452e+00,6.97560085e-02,1.64887028e+04,3.11670904e+02,3.28939379e-03,1.46227364e-04,0.00000000e+00,0.00000000e+00,1.15128000e+01,1.80229340e-01
2.42500000e+01,2.64892082e-03,5.63632326e-05,0.00000000e+00,0.00000000e+00,5.38907560e-04,2.62998251e-05,1.05874215e-03,3.89531481e-05,4.22626421e+00,6.74593781e-02,1.64203395e+04,3.00944496e+02,3.15580187e-03,6.94236531e-05,0.00000000e+00,0.00000000e+00,0.00000000e+00,0.00000000e+00
2.43500000e+01,2.65728062e-03,5.46885670e-05,0.00000000e+00,0.00000000e+00,5.55176866e-04,3.34015039e-05,1.07961451e-03,5.61018758e-05,4.23165947e+00,6.46980395e-02,1.64348412e+04,2.92916823e+02,3.17984602e-03,7.56246191e-05,0.00000000e+00,0.00000000e+00,1.14944000e+01,1.82048694e-01
2.44500000e+01,2.65720346e-03,5.38822649e-05,0.00000000e+00,0.00000000e+00,5.47870329e-04,2.74670072e-05,1.07660724e-03,4.87459146e-05,4.24304166e+00,6.39493439e-02,1.64415079e+04,2.89347906e+02,3.17236408e-03,6.89225294e-05,0.00000000e+00,0.00000000e+00,0.00000000e+00,0.00000000e+00
2.45500000e+01,2.69339256e-03,5.11996489e-05,0.00000000e+00,0.00000000e+00,5.13152248e-04,2.18386743e-05,1.05363814e-03,4.67264965e-05,4.27059610e+00,5.90469233e-02,1.66306444e+04,2.68460941e+02,3.17446800e-03,6.57370096e-05,0.00000000e+00,0.00000000e+00,1.14804000e+01,1.81302309e-01
2.46500000e+01,2.67390888e-03,5.38420720e-05,0.00000000e+00,0.00000000e+00,5.40841368e-04,3.61636433e-05,1.05143351e-03,4.82099795e-05,4.26349890e+00,6.17657151e-02,1.65238403e+04,2.83548573e+02,3.18284556e-03,7.29299525e-05,0.00000000e+00,0.00000000e+00,0.00000000e+00,0.00000000e+00
2.47500000e+01,2.65715790e-03,5.40627627e-05,0.00000000e+00,0.00000000e+00,5.35876890e-04,2.85057641e-05,1.09230953e-03,6.29634139e-05,4.22726854e+00,6.24429304e-02,1.64173304e+04,2.91275898e+02,3.16015354e-03,6.76062072e-05,0.00000000e+00,0.00000000e+00,1.14836000e+01,1.80613638e-01
2.48500000e+01,2.63840289e-03,5.30992056e-05,0.00000000e+00,0.00000000e+00,5.36063462e-04,2.70360673e-05,1.06128613e-03,5.30515814e-05,4.21789848e+00,5.98761648e-02,1.63123049e+04,2.85997994e+02,3.14252793e-03,6.70340140e-05,0.00000000e+00,0.00000000e+00,0.00000000e+00,0.00000000e+00
2.49500000e+01,2.67032191e-03,6.56999866e-05,0.00000000e+00,0.00000000e+00,5.46200232e-04,2.87923115e-05,1.01795320e-03,4.64803356e-05,4.22611264e+00,6.34508508e-02,1.64409762e+04,3.41341153e+02,3.18567891e-03,7.76888034e-05,0.00000000e+00,0.00000000e+00,1.14698000e+01,1.80288994e-01
2.50500000e+01,2.63303656e-03,5.74335992e-05,0.00000000e+00,0.00000000e+00,5.22523043e-04,2.25136033e-05,9.84589381e-04,4.01006085e-05,4.22954741e+00,6.66882507e-02,1.62383091e+04,3.04048170e+02,3.12557073e-03,6.78443757e-05,0.00000000e+00,0.00000000e+00,0.00000000e+00,0.00000000e+00
2.51500000e+01,2.61290024e-03,5.93446034e-05,0.00000000e+00,0.00000000e+00,5.05056692e-04,2.05494819e-05,9.77665353e-04,4.04370680e-05,4.21265742e+00,6.46880380e-02,1.61390728e+04,3.11144687e+02,3.08785418e-03,6.99582760e-05,0.00000000e+00,0.00000000e+00,1.14512000e+01,1.79972251e-01
2.52500000e+01,2.60492205e-03,5.74135412e-05,0.00000000e+00,0.00000000e+00,4.94028217e-04,2.07694111e-05,1.01069629e-03,6.03736583e-05,4.19780334e+00,6.36688276e-02,1.61289383e+04,2.96733767e+02,3.06833543e-03,7.01474560e-05,0.00000000e+00,0.00000000e+00,0.00000000e+00,0.00000000e+00
2.53500000e+01,2.59168466e-03,5.69695819e-05,0.00000000e+00,0.00000000e+00,5.00160744e-04,2.09880809e-05,9.81760139e-04,4.69035121e-05,4.18870358e+00,6.72110934e-02,1.60294535e+04,3.00432434e+02,3.06213418e-03,6.87646413e-05,0.00000000e+00,0.00000000e+00,1.14392000e+01,1.77449237e-01
2.54500000e+01,2.61649051e-03,6.15542846e-05,0.00000000e+00,0.00000000e+00,4.95921787e-04,2.45156896e-05,9.93097586e-04,4.69942372e-05,4.21290520e+00,6.83365498e-02,1.61581644e+04,3.21702203e+02,3.08214691e-03,7.75258545e-05,0.00000000e+00,0.00000000e+00,0.00000000e+00,0.00000000e+00
2.55500000e+01,2.59081624e-03,5.86890948e-05,0.00000000e+00,0.00000000e+00,4.98996664e-04,2.13676793e-05,9.63606561e-04,4.10754517e-05,4.16798791e+00,6.71551508e-02,1.59647277e+04,3.10016833e+02,3.06009586e-03,7.14734404e-05,0.00000000e+00,0.00000000e+00,1.14278000e+01,1.78820235e-01
2.56500000e+01,2.59261049e-03,6.00035410e-05,0.00000000e+00,0.00000000e+00,4.98695071e-04,2.27820188e-05,1.03012870e-03,7.71437969e-05,4.17248739e+00,6.95615615e-02,1.60143092e+04,3.14874963e+02,3.05962456e-03,7.41902778e-05,0.00000000e+00,0.00000000e+00,0.00000000e+00,0.00000000e+00
2.57500000e+01,2.59511811e-03,5.85134187e-05,0.00000000e+00,0.00000000e+00,5.18765215e-04,3.16511952e-05,1.02229808e-03,7.94214866e-05,4.16898457e+00,7.03104242e-02,1.60093163e+04,3.12304730e+02,3.08251155e-03,7.64181465e-05,0.00000000e+00,0.00000000e+00,1.14074000e+01,1.78246975e-01
2.58500000e+01,2.57342179e-03,5.58425241e-05,0.00000000e+00,0.00000000e+00,5.13490144e-04,3.35720703e-05,9.90013410e-04,7.51971504e-05,4.14135638e+00,6.82478492e-02,1.58705013e+04,3.03435991e+02,3.05615031e-03,7.22463908e-05,0.00000000e+00,0.00000000e+00,0.00000000e+00,0.00000000e+00
2.59500000e+01,2.58991064e-03,5.90085932e-05,0.00000000e+00,0.00000000e+00,4.98013475e-04,2.33023707e-05,9.53125069e-04,5.82411735e-05,4.14284333e+00,7.14110162e-02,1.59547921e+04,3.26574762e+02,3.05725489e-03,7.19206440e-05,0.00000000e+00,0.00000000e+00,1.13934000e+01,1.76579660e-01
2.60500000e+01,2.59843469e-03,6.00771471e-05,0.00000000e+00,0.00000000e+00,5.58829916e-04,5.31287202e-05,9.31091535e-04,4.51731564e-05,4.14332161e+00,7.20271793e-02,1.59216828e+04,3.18138370e+02,3.12917186e-03,8.96937333e-05,0.00000000e+00,0.00000000e+00,0.00000000e+00,0.00000000e+00
2.61500000e+01,2.61446374e-03,6.26909781e-05,0.00000000e+00,0.00000000e+00,5.82659497e-04,5.53176057e-05,9.37974153e-04,4.95166374e-05,4.16135155e+00,7.29493734e-02,1.60008085e+04,3.31462196e+02,3.16905260e-03,9.34997775e-05,0.00000000e+00,0.00000000e+00,1.13928000e+01,1.74650447e-01
2.62500000e+01,2.58620515e-03,5.84547098e-05,0.00000000e+00,0.00000000e+00,5.50132928e-04,5.00514056e-05,9.46124261e-04,5.53275072e-05,4.14828497e+00,6.93563577e-02,1.58310354e+04,3.07674654e+02,3.10790466e-03,8.87457125e-05,0.00000000e+00,0.00000000e+00,0.00000000e+00,0.00000000e+00
2.63500000e+01,2.57022842e-03,5.63058715e-05,0.00000000e+00,0.00000000e+00,5.77726879e-04,5.37973306e-05,9.00308951e-04,3.91896861e-05,4.12953708e+00,7.05265611e-02,1.57343324e+04,2.96959671e+02,3.12046458e-03,9.18412785e-05,0.00000000e+00,0.00000000e+00,1.13666000e+01,1.75978573e-01
2.64500000e+01,2.55189587e-03,5.84904874e-05,0.00000000e+00,0.00000000e+00,5.32418535e-04,2.85629424e-05,8.80557981e-04,3.57467523e-05,4.10276844e+00,7.01898208e-02,1.56483437e+04,3.09124731e+02,3.05734011e-03,7.71266744e-05,0.00000000e+00,0.00000000e+00,0.00000000e+00,0.00000000e+00
2.65500000e+01,2.55536160e-03,5.49696410e-05,0.00000000e+00,0.00000000e+00,5.25488003e-04,2.80874080e-05,8.50808094e-04,3.22876613e-05,4.11175797e+00,6.79904291e-02,1.56594269e+04,2.89624658e+02,3.05490996e-03,7.14458084e-05,0.00000000e+00,0.00000000e+00,1.13506000e+01,1.79038341e-01
2.66500000e+01,2.55727860e-03,5.42207607e-05,0.00000000e+00,0.00000000e+00,5.17614690e-04,2.28123503e-05,8.37509934e-04,3.21590263e-05,4.09399408e+00,6.66914577e-02,1.56647561e+04,2.87305016e+02,3.04962689e-03,6.27698992e-05,0.00000000e+00,0.00000000e+00,0.00000000e+00,0.00000000e+00
2.67500000e+01,2.54768355e-03,5.44817012e-05,0.00000000e+00,0.00000000e+00,5.40978073e-04,2.76743995e-05,8.23512304e-04,3.21553652e-05,4.11385317e+00,6.79758604e-02,1.56180131e+04,2.93800936e+02,3.06311274e-03,6.82025358e-05,0.00000000e+00,0.00000000e+00,1.13488000e+01,1.78989828e-01
2.68500000e+01,2.55890980e-03,5.13140909e-05,0.00000000e+00,0.00000000e+00,5.30240036e-04,2.37967059e-05,8.11924491e-04,3.25120988e-05,4.11068100e+00,6.69465145e-02,1.56606995e+04,2.74274245e+02,3.06435452e-03,6.16430518e-05,0.00000000e+00,0.00000000e+00,0.00000000e+00,0.00000000e+00
2.69500000e+01,2.56439322e-03,5.36694449e-05,0.00000000e+00,0.00000000e+00,5.29487500e-04,2.69291060e-05,8.49534836e-04,4.98717941e-05,4.10408765e+00,6.80839814e-02,1.56840131e+04,2.88611343e+02,3.06841504e-03,6.80336353e-05,0.00000000e+00,0.00000000e+00,1.13452000e+01,1.82767666e-01
2.70500000e+01,2.54633442e-03,5.52066063e-05,0.00000000e+00,0.00000000e+00,5.08973397e-04,2.21482637e-05,7.99168289e-04,3.37421383e-05,4.08528413e+00,6.50843466e-02,1.55712891e+04,2.89827146e+02,3.03112882e-03,6.51633177e-05,0.00000000e+00,0.00000000e+00,0.00000000e+00,0.00000000e+00
2.71500000e+01,2.50722896e-03,5.18583464e-05,0.00000000e+00,0.00000000e+00,5.07975159e-04,2.48666995e-05,7.89601244e-04,3.38589649e-05,4.04809840e+00,6.37497091e-02,1.53620259e+04,2.74232858e+02,2.99118497e-03,6.22345066e-05,0.00000000e+00,0.00000000e+00,1.13378000e+01,1.81775662e-01
2.72500000e+01,2.52347699e-03,5.30231622e-05,0.00000000e+00,0.00000000e+00,5.04508939e-04,2.48451497e-05,7.81178063e-04,3.34276378e-05,4.04902680e+00,6.58620196e-02,1.54295459e+04,2.83022511e+02,3.00402492e-03,6.45744930e-05,0.00000000e+00,0.00000000e+00,0.00000000e+00,0.00000000e+00
2.73500000e+01,2.53432243e-03,5.44981655e-05,0.00000000e+00,0.00000000e+00,5.16275296e-04,2.49282360e-05,7.97263443e-04,4.69693916e-05,4.05370805e+00,6.30540706e-02,1.54958420e+04,2.90811904e+02,3.02635632e-03,6.42829035e-05,0.00000000e+00,0.00000000e+00,1.13408000e+01,1.79529281e-01
2.74500000e+01,2.54278434e-03,5.59772929e-05,0.00000000e+00,0.00000000e+00,5.22825002e-04,3.73256738e-05,7.91597792e-04,4.76400618e-05,4.05978904e+00,6.47792523e-02,1.55709182e+04,3.02095881e+02,3.04152746e-03,6.86226727e-05,0.00000000e+00,0.00000000e+00,0.00000000e+00,0.00000000e+00
2.75500000e+01,2.53390176e-03,5.74889869e-05,0.00000000e+00,0.00000000e+00,4.95292447e-04,2.68346435e-05,8.06767423e-04,5.82234569e-05,4.06204611e+00,6.58065689e-02,1.54842480e+04,3.05908347e+02,3.00485598e-03,6.73048252e-05,0.00000000e+00,0.00000000e+00,1.13202000e+01,1.80723374e-01
2.76500000e+01,2.53476065e-03,5.71349947e-05,0.00000000e+00,0.00000000e+00,5.12399795e-04,2.78664796e-05,7.63256783e-04,3.35227983e-05,4.05820008e+00,6.53767129e-02,1.54759257e+04,3.04822623e+02,3.02396078e-03,6.78845045e-05,0.00000000e+00,0.00000000e+00,0.00000000e+00,0.00000000e+00
2.77500000e+01,2.52512200e-03,5.34765125e-05,0.00000000e+00,0.00000000e+00,5.13258501e-04,2.66002377e-05,7.55532080e-04,3.21829255e-05,4.06469511e+00,6.61635320e-02,1.54404782e+04,2.85998334e+02,3.01549961e-03,6.31715887e-05,0.00000000e+00,0.00000000e+00,1.12932000e+01,1.78095696e-01
2.78500000e+01,2.54944540e-03,5.33087650e-05,0.00000000e+00,0.00000000e+00,5.17037666e-04,2.48170152e-05,7.52807003e-04,3.19985976e-05,4.09720282e+00,6.57119350e-02,1.56975663e+04,3.49792290e+02,3.03935533e-03,6.21636835e-05,0.00000000e+00,0.00000000e+00,0.00000000e+00,0.00000000e+00
2.79500000e+01,2.51729239e-03,5.80764095e-05,0.00000000e+00,0.00000000e+00,5.24488592e-04,2.52697895e-05,7.43908456e-04,3.13576701e-05,4.05286476e+00,6.67093669e-02,1.53884477e+04,3.12768670e+02,3.01899990e-03,6.45482842e-05,0.00000000e+00,0.00000000e+00,1.12844000e+01,1.79328034e-01
2.80500000e+01,2.52143915e-03,5.51790283e-05,0.00000000e+00,0.00000000e+00,4.94144576e-04,2.09315942e-05,7.37919723e-04,3.09005619e-05,4.06390940e+00,6.58693698e-02,1.53907770e+04,2.98354986e+02,2.99359777e-03,6.39577921e-05,0.00000000e+00,0.00000000e+00,0.00000000e+00,0.00000000e+00
2.81500000e+01,2.51259141e-03,5.25461091e-05,0.00000000e+00,0.00000000e+00,4.82995409e-04,1.91153400e-05,7.37354853e-04,3.09276901e-05,4.05540736e+00,6.37801447e-02,1.53408249e+04,2.81317995e+02,2.97359122e-03,5.95790985e-05,0.00000000e+00,0.00000000e+00,1.12614000e+01,1.78781365e-01
2.82500000e+01,2.51179219e-03,5.35619120e-05,0.00000000e+00,0.00000000e+00,5.16292291e-04,2.89552625e-05,7.26667510e-04,3.08988966e-05,4.04984767e+00,6.30976652e-02,1.53394350e+04,2.84259851e+02,3.00624910e-03,6.18938461e-05,0.00000000e+00,0.00000000e+00,0.00000000e+00,0.00000000e+00
2.83500000e+01,2.49696141e-03,5.08967869e-05,0.00000000e+00,0.00000000e+00,5.42181876e-04,4.01485770e-05,7.16779401e-04,3.02025169e-05,4.03933476e+00,6.26825612e-02,1.52706479e+04,2.67072836e+02,3.01760643e-03,6.68356704e-05,0.00000000e+00,0.00000000e+00,1.12608000e+01,1.81096624e-01
2.84500000e+01,2.47038855e-03,5.03822960e-05,0.00000000e+00,0.00000000e+00,5.34963133e-04,3.30667045e-05,7.04998064e-04,3.04726508e-05,3.99105583e+00,6.35515230e-02,1.50750630e+04,2.64962214e+02,2.98394838e-03,6.24709900e-05,0.00000000e+00,0.00000000e+00,0.00000000e+00,0.00000000e+00
2.85500000e+01,2.50939736e-03,5.64347240e-05,0.00000000e+00,0.00000000e+00,5.05030726e-04,2.59797466e-05,6.92425381e-04,3.10783725e-05,4.01148772e+00,6.32834957e-02,1.52757813e+04,2.94578357e+02,2.99352453e-03,6.77846239e-05,0.00000000e+00,0.00000000e+00,1.12692000e+01,1.80754844e-01
2.86500000e+01,2.51276744e-03,5.36501796e-05,0.00000000e+00,0.00000000e+00,5.17076840e-04,2.60957003e-05,6.87797360e-04,3.08296900e-05,4.01983100e+00,6.47909166e-02,1.52819617e+04,2.86788922e+02,3.00897536e-03,6.60811640e-05,0.00000000e+00,0.00000000e+00,0.00000000e+00,0.00000000e+00
2.87500000e+01,2.49071501e-03,5.24294226e-05,0.00000000e+00,0.00000000e+00,5.01996597e-04,2.53730219e-05,6.79179223e-04,3.10809290e-05,3.99605477e+00,6.45539384e-02,1.51924704e+04,2.81859436e+02,2.97161631e-03,6.51007402e-05,0.00000000e+00,0.00000000e+00,1.12532000e+01,1.80258871e-01
2.88500000e+01,2.48481681e-03,5.04673120e-05,0.00000000e+00,0.00000000e+00,5.00777424e-04,2.41260829e-05,6.70186557e-04,3.10334498e-05,4.00800277e+00,6.30988739e-02,1.51582654e+04,2.76232501e+02,2.96479957e-03,6.31065218e-05,0.00000000e+00,0.00000000e+00,0.00000000e+00,0.00000000e+00
2.89500000e+01,2.48958268e-03,5.49711319e-05,0.00000000e+00,0.00000000e+00,5.10980357e-04,2.14586892e-05,6.60885814e-04,3.07821573e-05,4.00422696e+00,6.69891031e-02,1.51527808e+04,2.96624597e+02,2.98005105e-03,6.52768030e-05,0.00000000e+00,0.00000000e+00,1.12190000e+01,1.82433270e-01
2.90500000e+01,2.47919034e-03,5.59929640e-05,0.00000000e+00,0.00000000e+00,5.32352406e-04,3.63635304e-05,6.53481642e-04,3.07430945e-05,4.00613923e+00,6.71480739e-02,1.51134397e+04,3.02370842e+02,2.99114082e-03,7.65278259e-05,0.00000000e+00,0.00000000e+00,0.00000000e+00,0.00000000e+00
2.91500000e+01,2.47616933e-03,5.45204616e-05,0.00000000e+00,0.00000000e+00,5.42341960e-04,3.75134854e-05,6.56180793e-04,3.14257068e-05,4.00436058e+00,6.51839976e-02,1.50626904e+04,2.91802138e+02,2.99821229e-03,7.76373179e-05,0.00000000e+00,0.00000000e+00,1.12160000e+01,1.82360262e-01
2.92500000e+01,2.45655134e-03,5.30607128e-05,0.00000000e+00,0.00000000e+00,5.10068809e-04,2.15381217e-05,6.65577065e-04,3.23440752e-05,3.97170122e+00,6.57559018e-02,1.49638898e+04,2.84012529e+02,2.94603401e-03,6.43053645e-05,0.00000000e+00,0.00000000e+00,0.00000000e+00,0.00000000e+00
2.93500000e+01,2.47383982e-03,5.51813896e-05,0.00000000e+00,0.00000000e+00,5.23136939e-04,2.51572238e-05,6.58853215e-04,3.30918876e-05,3.98537892e+00,6.72000166e-02,1.50480484e+04,2.93714268e+02,2.97646937e-03,6.99359385e-05,0.00000000e+00,0.00000000e+00,1.12122000e+01,1.82988634e-01
2.94500000e+01,2.45459949e-03,5.32450390e-05,0.00000000e+00,0.00000000e+00,5.36287507e-04,3.13832206e-05,6.57666916e-04,3.37741389e-05,3.96514440e+00,6.56909515e-02,1.49577627e+04,2.85056394e+02,2.97038684e-03,7.31744811e-05,0.00000000e+00,0.00000000e+00,0.00000000e+00,0.00000000e+00
2.95500000e+01,2.44283990e-03,5.01438269e-05,0.00000000e+00,0.00000000e+00,5.18271056e-04,2.69202730e-05,6.48274980e-04,3.45495602e-05,3.95688259e+00,6.50425028e-02,1.49145436e+04,2.74239401e+02,2.94075494e-03,6.64051862e-05,0.00000000e+00,0.00000000e+00,1.12118000e+01,1.80275909e-01
2.96500000e+01,2.43668991e-03,5.37867484e-05,0.00000000e+00,0.00000000e+00,5.09402988e-04,2.63259128e-05,6.45126448e-04,3.56882482e-05,3.95704695e+00,6.91922430e-02,1.48733658e+04,2.96529514e+02,2.92545921e-03,6.84341937e-05,0.00000000e+00,0.00000000e+00,0.00000000e+00,0.00000000e+00
2.97500000e+01,2.42997828e-03,5.47440470e-05,0.00000000e+00,0.00000000e+00,5.09850248e-04,2.56507192e-05,6.42007162e-04,3.61069757e-05,3.97315314e+00,6.80267820e-02,1.48540448e+04,2.99790713e+02,2.91930188e-03,7.02844304e-05,0.00000000e+00,0.00000000e+00,1.12024000e+01,1.81653530e-01
2.98500000e+01,2.41871506e-03,5.68939176e-05,0.00000000e+00,0.00000000e+00,5.07121965e-04,2.76178818e-05,6.37892672e-04,3.61538981e-05,3.94998854e+00,7.03466145e-02,1.47782705e+04,3.09668013e+02,2.90549403e-03,7.35934761e-05,0.00000000e+00,0.00000000e+00,0.00000000e+00,0.00000000e+00
2.99500000e+01,2.43303927e-03,5.60914242e-05,0.00000000e+00,0.00000000e+00,5.02681667e-04,2.63683583e-05,6.39806365e-04,3.61656601e-05,3.97439138e+00,6.97892909e-02,1.48624636e+04,3.10386866e+02,2.91511030e-03,7.25002747e-05,0.00000000e+00,0.00000000e+00,1.11850000e+01,1.82245014e-01
3.00500000e+01,2.43299779e-03,5.72220168e-05,0.00000000e+00,0.00000000e+00,4.99079716e-04,2.62174362e-05,6.36957716e-04,3.67972074e-05,3.97143598e+00,7.05266391e-02,1.48462683e+04,3.11767108e+02,2.91126750e-03,7.27714804e-05,0.00000000e+00,0.00000000e+00,0.00000000e+00,0.00000000e+00
3.01500000e+01,2.41554316e-03,5.54817239e-05,0.00000000e+00,0.00000000e+00,4.99891868e-04,2.58056893e-05,6.18293520e-04,3.36241768e-05,3.94316100e+00,6.85045706e-02,1.47420983e+04,2.94783856e+02,2.89532691e-03,6.99488446e-05,0.00000000e+00,0.00000000e+00,1.11708000e+01,1.81751533e-01
3.02500000e+01,2.41743469e-03,5.33435665e-05,0.00000000e+00,0.00000000e+00,5.08796921e-04,2.49829210e-05,6.21738322e-04,3.52641619e-05,3.94398798e+00,6.76238781e-02,1.47565543e+04,2.84743954e+02,2.90571946e-03,6.59135364e-05,0.00000000e+00,0.00000000e+00,0.00000000e+00,0.00000000e+00
3.03500000e+01,2.41042404e-03,5.30519876e-05,0.00000000e+00,0.00000000e+00,5.63537966e-04,4.82215585e-05,6.43987016e-04,4.45033026e-05,3.95853360e+00,7.02560457e-02,1.47473493e+04,2.88081026e+02,2.95276813e-03,7.44452156e-05,0.00000000e+00,0.00000000e+00,1.11514000e+01,1.82455812e-01
3.04500000e+01,2.40932178e-03,5.13197259e-05,0.00000000e+00,0.00000000e+00,5.28572285e-04,2.68502652e-05,6.46163910e-04,4.48781159e-05,3.92828442e+00,6.81963820e-02,1.46994699e+04,2.81178606e+02,2.91703869e-03,6.26786053e-05,0.00000000e+00,0.00000000e+00,0.00000000e+00,0.00000000e+00
3.05500000e+01,2.42321253e-03,4.97559380e-05,0.00000000e+00,0.00000000e+00,5.36960686e-04,3.72847597e-05,6.42660821e-04,4.43849562e-05,3.92938115e+00,6.48952281e-02,1.47473918e+04,2.69799127e+02,2.93961064e-03,6.47817987e-05,0.00000000e+00,0.00000000e+00,1.11362000e+01,1.83797780e-01
3.06500000e+01,2.43659711e-03,5.11238471e-05,0.00000000e+00,0.00000000e+00,5.26562103e-04,2.78281312e-05,6.52133006e-04,4.55867061e-05,3.95456513e+00,6.67546608e-02,1.48557119e+04,2.80224660e+02,2.94240447e-03,6.75826278e-05,0.00000000e+00,0.00000000e+00,0.00000000e+00,0.00000000e+00
3.07500000e+01,2.42382977e-03,5.15940378e-05,0.00000000e+00,0.00000000e+00,5.22013162e-04,2.84660620e-05,6.52502974e-04,4.90621941e-05,3.95036194e+00,6.84255734e-02,1.47908451e+04,2.83740933e+02,2.92530496e-03,6.64775795e-05,0.00000000e+00,0.00000000e+00,1.11412000e+01,1.86029325e-01
3.08500000e+01,2.42694642e-03,5.19444761e-05,0.00000000e+00,0.00000000e+00,5.36134716e-04,2.74379548e-05,6.30885968e-04,4.07027716e-05,3.95946150e+00,6.44267736e-02,1.48299801e+04,2.78306843e+02,2.94328465e-03,6.53493555e-05,0.00000000e+00,0.00000000e+00,0.00000000e+00,0.00000000e+00
3.09500000e+01,2.41799389e-03,5.11712570e-05,0.00000000e+00,0.00000000e+00,5.23378599e-04,2.73643445e-05,5.98627411e-04,3.55898297e-05,3.95993125e+00,6.37841578e-02,1.47804476e+04,2.71356860e+02,2.92255682e-03,6.37302192e-05,0.00000000e+00,0.00000000e+00,1.11318000e+01,1.86848994e-01
3.10500000e+01,2.39124871e-03,5.07665641e-05,0.00000000e+00,0.00000000e+00,5.05361806e-04,2.40090519e-05,5.97277447e-04,3.44896154e-05,3.93643650e+00,6.57675709e-02,1.46037048e+04,2.74817353e+02,2.87792095e-03,6.19341298e-05,0.00000000e+00,0.00000000e+00,0.00000000e+00,0.00000000e+00
3.11500000e+01,2.39357006e-03,5.34660133e-05,0.00000000e+00,0.00000000e+00,5.14652787e-04,2.60290194e-05,5.84142327e-04,3.35229052e-05,3.95000654e+00,7.04761589e-02,1.46215163e+04,2.91839904e+02,2.88970193e-03,6.72999371e-05,0.00000000e+00,0.00000000e+00,1.11050000e+01,1.84491635e-01
3.12500000e+01,2.38972809e-03,5.48681435e-05,0.00000000e+00,0.00000000e+00,5.53313113e-04,3.63295535e-05,5.78514853e-04,3.25580836e-05,3.92111950e+00,6.91246175e-02,1.45722318e+04,2.93635692e+02,2.92451862e-03,7.18183190e-05,0.00000000e+00,0.00000000e+00,0.00000000e+00,0.00000000e+00
3.13500000e+01,2.37321657e-03,5.33337646e-05,0.00000000e+00,0.00000000e+00,5.14311310e-04,2.88267404e-05,5.68303134e-04,3.27664864e-05,3.90622246e+00,6.81619296e-02,1.44850164e+04,2.83342348e+02,2.86934547e-03,6.63625469e-05,0.00000000e+00,0.00000000e+00,1.10778000e+01,1.82407325e-01
3.14500000e+01,2.37636312e-03,5.34067956e-05,0.00000000e+00,0.00000000e+00,5.06693244e-04,2.88423568e-05,5.63819544e-04,3.30988469e-05,3.90148025e+00,6.69102136e-02,1.45016960e+04,2.88210006e+02,2.86497725e-03,6.45478338e-05,0.00000000e+00,0.00000000e+00,0.00000000e+00,0.00000000e+00
3.15500000e+01,2.37748055e-03,5.43852797e-05,0.00000000e+00,0.00000000e+00,5.10157901e-04,2.92650158e-05,5.61553261e-04,3.38463272e-05,3.90703159e+00,6.76015036e-02,1.45226519e+04,2.95872312e+02,2.86968181e-03,6.50204292e-05,0.00000000e+00,0.00000000e+00,1.10644000e+01,1.82067304e-01
3.16500000e+01,2.37264401e-03,5.33461435e-05,0.00000000e+00,0.00000000e+00,5.81958457e-04,6.72406521e-05,5.57981454e-04,3.40683426e-05,3.90585966e+00,6.36964599e-02,1.44795385e+04,2.86402508e+02,2.93660106e-03,8.28273502e-05,0.00000000e+00,0.00000000e+00,0.00000000e+00,0.00000000e+00
3.17500000e+01,2.35828147e-03,5.45297289e-05,0.00000000e+00,0.00000000e+00,5.70404356e-04,6.05627772e-05,5.57471454e-04,3.41181863e-05,3.88845301e+00,6.65197303e-02,1.44019862e+04,2.95879006e+02,2.91060208e-03,7.95769130e-05,0.00000000e+00,0.00000000e+00,1.10522000e+01,1.82932194e-01
3.18500000e+01,2.34822423e-03,5.06825878e-05,0.00000000e+00,0.00000000e+00,5.10996399e-04,2.83622384e-05,5.57052430e-04,3.42565165e-05,3.87456834e+00,6.20002698e-02,1.43325213e+04,2.73269695e+02,2.84110885e-03,6.21187143e-05,0.00000000e+00,0.00000000e+00,0.00000000e+00,0.00000000e+00
3.19500000e+01,2.36131278e-03,5.11898224e-05,0.00000000e+00,0.00000000e+00,5.10367412e-04,2.94794564e-05,5.40173918e-04,3.00995481e-05,3.87767095e+00,6.41911008e-02,1.43770929e+04,2.75342581e+02,2.85385269e-03,5.97371478e-05,0.00000000e+00,0.00000000e+00,1.10528000e+01,1.83788264e-01
3.20500000e+01,2.33501361e-03,5.12107083e-05,0.00000000e+00,0.00000000e+00,5.41891775e-04,3.64783278e-05,5.30114532e-04,3.11146144e-05,3.85116733e+00,6.50556411e-02,1.42596981e+04,2.82853277e+02,2.85896435e-03,7.02769241e-05,0.00000000e+00,0.00000000e+00,0.00000000e+00,0.00000000e+00
3.21500000e+01,2.31445357e-03,5.05577413e-05,0.00000000e+00,0.00000000e+00,5.18887046e-04,3.25576850e-05,5.50989300e-04,4.13469049e-05,3.83302173e+00,6.28189075e-02,1.41798390e+04,2.77650783e+02,2.81475379e-03,6.79919466e-05,0.00000000e+00,0.00000000e+00,1.10496000e+01,1.82575892e-01
3.22500000e+01,2.32754887e-03,5.27787093e-05,0.00000000e+00,0.00000000e+00,5.11754015e-04,3.21306092e-05,5.46924332e-04,4.24395382e-05,3.83727685e+00,6.43335920e-02,1.42358434e+04,2.88529005e+02,2.82079574e-03,6.71630196e-05,0.00000000e+00,0.00000000e+00,0.00000000e+00,0.00000000e+00
3.23500000e+01,2.32850450e-03,5.15057941e-05,0.00000000e+00,0.00000000e+00,5.23652254e-04,3.32519611e-05,5.38559604e-04,4.32318205e-05,3.81682924e+00,6.23146745e-02,1.41912362e+04,2.80627437e+02,2.83424205e-03,6.25676487e-05,0.00000000e+00,0.00000000e+00,1.10148000e+01,1.79105999e-01
3.24500000e+01,2.32558676e-03,5.16771143e-05,0.00000000e+00,0.00000000e+00,5.73669169e-04,4.49623407e-05,5.34814617e-04,4.30981074e-05,3.81140818e+00,6.45958712e-02,1.41598145e+04,2.79658889e+02,2.88173763e-03,7.96483289e-05,0.00000000e+00,0.00000000e+00,0.00000000e+00,0.00000000e+00
3.25500000e+01,2.32945626e-03,5.17012405e-05,0.00000000e+00,0.00000000e+00,5.58063463e-04,4.56149944e-05,5.31472786e-04,4.29971204e-05,3.81077029e+00,6.59509138e-02,1.41593574e+04,2.81279738e+02,2.87012051e-03,7.45923330e-05,0.00000000e+00,0.00000000e+00,1.10160000e+01,1.78677913e-01
3.26500000e+01,2.30792697e-03,5.17322241e-05,0.00000000e+00,0.00000000e+00,5.43748422e-04,3.86113867e-05,5.29234101e-04,4.31523171e-05,3.81140133e+00,6.81511019e-02,1.40938056e+04,2.83618532e+02,2.83409249e-03,6.91675867e-05,0.00000000e+00,0.00000000e+00,0.00000000e+00,0.00000000e+00
3.27500000e+01,2.29768067e-03,5.04688882e-05,0.00000000e+00,0.00000000e+00,5.43055209e-04,3.74226164e-05,5.22758585e-04,4.29511045e-05,3.79278122e+00,6.23341704e-02,1.40452579e+04,2.72981169e+02,2.82334056e-03,6.70173376e-05,0.00000000e+00,0.00000000e+00,1.10164000e+01,1.79406906e-01
3.28500000e+01,2.27959860e-03,4.91511373e-05,0.00000000e+00,0.00000000e+00,5.52549631e-04,5.35944299e-05,5.29875982e-04,4.38008184e-05,3.78002929e+00,6.30944557e-02,1.39710585e+04,2.70545488e+02,2.81458606e-03,8.23060975e-05,0.00000000e+00,0.00000000e+00,0.00000000e+00,0.00000000e+00
3.29500000e+01,2.28898995e-03,4.96379271e-05,0.00000000e+00,0.00000000e+00,5.34211630e-04,3.67761825e-05,5.05654853e-04,4.11912161e-05,3.78051431e+00,6.44318224e-02,1.39874412e+04,2.73566954e+02,2.80591588e-03,7.14345196e-05,0.00000000e+00,0.00000000e+00,1.10032000e+01,1.78397960e-01
3.30500000e+01,2.29916113e-03,4.95571772e-05,0.00000000e+00,0.00000000e+00,4.98032429e-04,2.99146589e-05,5.01717069e-04,4.12793464e-05,3.80116986e+00,6.33108261e-02,1.40774036e+04,2.70526634e+02,2.77978977e-03,6.22917019e-05,0.00000000e+00,0.00000000e+00,0.00000000e+00,0.00000000e+00
3.31500000e+01,2.27359390e-03,4.78053220e-05,0.00000000e+00,0.00000000e+00,4.74431917e-04,2.86904574e-05,4.95909430e-04,4.04168919e-05,3.79206070e+00,6.49184989e-02,1.39425004e+04,2.66795362e+02,2.73078369e-03,6.12015397e-05,0.00000000e+00,0.00000000e+00,1.09964000e+01,1.75630355e-01
3.32500000e+01,2.26753440e-03,4.94421107e-05,0.00000000e+00,0.00000000e+00,4.51690773e-04,2.05339723e-05,4.81537709e-04,3.95273946e-05,3.78497520e+00,6.57096116e-02,1.38863836e+04,2.71309500e+02,2.70253529e-03,6.28652789e-05,0.00000000e+00,0.00000000e+00,0.00000000e+00,0.00000000e+00
3.33500000e+01,2.27365978e-03,5.00119205e-05,0.00000000e+00,0.00000000e+00,4.99636192e-04,3.13792970e-05,4.65919596e-04,3.21922638e-05,3.79639465e+00,6.79556374e-02,1.39115646e+04,2.80736625e+02,2.75678101e-03,6.85119228e-05,0.00000000e+00,0.00000000e+00,1.09702000e+01,1.77762165e-01
3.34500000e+01,2.24972040e-03,5.17778956e-05,0.00000000e+00,0.00000000e+00,5.02121746e-04,3.12839896e-05,4.44352669e-04,2.61270721e-05,3.78180472e+00,6.75766697e-02,1.37766302e+04,2.87385756e+02,2.73636357e-03,6.99788501e-05,0.00000000e+00,0.00000000e+00,0.00000000e+00,0.00000000e+00
3.35500000e+01,2.25859613e-03,5.29452008e-05,0.00000000e+00,0.00000000e+00,5.01507805e-04,3.18756246e-05,4.40986301e-04,2.57727240e-05,3.77069070e+00,6.76167005e-02,1.38223395e+04,2.89840795e+02,2.74490117e-03,7.23618189e-05,0.00000000e+00,0.00000000e+00,1.09562000e+01,1.77130850e-01
3.36500000e+01,2.26643490e-03,5.25453508e-05,0.00000000e+00,0.00000000e+00,4.91853953e-04,2.87629074e-05,4.49187638e-04,2.84445779e-05,3.79576841e+00,6.73073286e-02,1.39522391e+04,2.82822898e+02,2.74226444e-03,6.85618461e-05,0.00000000e+00,0.00000000e+00,0.00000000e+00,0.00000000e+00
3.37500000e+01,2.26730213e-03,5.25678992e-05,0.00000000e+00,0.00000000e+00,4.84088626e-04,2.49510828e-05,4.51253010e-04,3.19945687e-05,3.79903755e+00,6.64126102e-02,1.38862928e+04,2.90216857e+02,2.73624118e-03,6.88475111e-05,0.00000000e+00,0.00000000e+00,1.09224000e+01,1.76441136e-01
3.38500000e+01,2.26413054e-03,5.55670091e-05,0.00000000e+00,0.00000000e+00,4.98647576e-04,2.64994557e-05,4.47972867e-04,3.17763836e-05,3.77409234e+00,6.69615310e-02,1.38333038e+04,3.03541682e+02,2.74789802e-03,7.20053612e-05,0.00000000e+00,0.00000000e+00,0.00000000e+00,0.00000000e+00
3.39500000e+01,2.23308647e-03,5.34607853e-05,0.00000000e+00,0.00000000e+00,5.00342886e-04,2.44574747e-05,4.47050101e-04,3.19252278e-05,3.74282780e+00,6.70204598e-02,1.37077847e+04,2.99306007e+02,2.71872749e-03,6.96793907e-05,0.00000000e+00,0.00000000e+00,1.08996000e+01,1.74556690e-01
3.40500000e+01,2.23792710e-03,4.98551923e-05,0.00000000e+00,0.00000000e+00,6.22029977e-04,1.30852246e-04,4.48996124e-04,3.45925129e-05,3.75885134e+00,6.63097484e-02,1.37129358e+04,2.80749007e+02,2.84521236e-03,1.46532476e-04,0.00000000e+00,0.00000000e+00,0.00000000e+00,0.00000000e+00
3.41500000e+01,2.24482755e-03,4.65283857e-05,0.00000000e+00,0.00000000e+00,5.97893492e-04,8.91563215e-05,4.61045445e-04,4.23871802e-05,3.76619176e+00,6.62753782e-02,1.37536459e+04,2.65247322e+02,2.82775593e-03,1.08932298e-04,0.00000000e+00,0.00000000e+00,1.08968000e+01,1.73963976e-01
3.42500000e+01,2.25507634e-03,4.95304519e-05,0.00000000e+00,0.00000000e+00,4.85519438e-04,2.20297628e-05,4.59534938e-04,4.25267920e-05,3.78059181e+00,6.94368345e-02,1.38176424e+04,2.80271041e+02,2.72574811e-03,6.33968945e-05,0.00000000e+00,0.00000000e+00,0.00000000e+00,0.00000000e+00
3.43500000e+01,2.25306398e-03,4.93375790e-05,0.00000000e+00,0.00000000e+00,5.01935305e-04,3.50952558e-05,4.57857057e-04,4.24035918e-05,3.77384860e+00,6.90510886e-02,1.37945172e+04,2.82658616e+02,2.74019671e-03,7.09091506e-05,0.00000000e+00,0.00000000e+00,1.08856000e+01,1.73701636e-01
3.44500000e+01,2.23535495e-03,4.68313014e-05,0.00000000e+00,0.00000000e+00,5.21408711e-04,3.57070750e-05,4.51592358e-04,4.12482808e-05,3.76393325e+00,6.90206752e-02,1.37106204e+04,2.72410905e+02,2.74201955e-03,7.17899402e-05,0.00000000e+00,0.00000000e+00,0.00000000e+00,0.00000000e+00
3.45500000e+01,2.22291717e-03,5.02807435e-05,0.00000000e+00,0.00000000e+00,4.95758160e-04,3.53772744e-05,4.38553875e-04,3.75202972e-05,3.74494681e+00,6.92035886e-02,1.36464606e+04,2.88061153e+02,2.70421543e-03,7.18862112e-05,0.00000000e+00,0.00000000e+00,1.08680000e+01,1.73918115e-01
3.46500000e+01,2.20311370e-03,4.81956967e-05,0.00000000e+00,0.00000000e+00,4.99721968e-04,3.70475840e-05,4.30713871e-04,3.66029031e-05,3.71984329e+00,6.87128316e-02,1.35402150e+04,2.72502873e+02,2.68850422e-03,7.07000607e-05,0.00000000e+00,0.00000000e+00,0.00000000e+00,0.00000000e+00
3.47500000e+01,2.20782195e-03,4.63575977e-05,0.00000000e+00,0.00000000e+00,5.06874183e-04,3.64954802e-05,4.18822522e-04,3.15026968e-05,3.73009531e+00,6.60360481e-02,1.35782957e+04,2.61433995e+02,2.70037219e-03,6.74892349e-05,0.00000000e+00,0.00000000e+00,1.08554000e+01,1.72932738e-01
3.48500000e+01,2.17506066e-03,4.29900702e-05,0.00000000e+00,0.00000000e+00,5.09022065e-04,3.64150546e-05,4.06627984e-04,2.71563146e-05,3.70310620e+00,6.19971409e-02,1.34314462e+04,2.41921956e+02,2.66985715e-03,6.28898460e-05,0.00000000e+00,0.00000000e+00,0.00000000e+00,0.00000000e+00
3.49500000e+01,2.17231770e-03,4.58748579e-05,0.00000000e+00,0.00000000e+00,5.23760738e-04,3.71477219e-05,4.00716466e-04,2.60966438e-05,3.70250806e+00,6.44512367e-02,1.33987719e+04,2.55726779e+02,2.68230453e-03,6.54754251e-05,0.00000000e+00,0.00000000e+00,1.08542000e+01,1.73341728e-01
3.50500000e+01,2.14902921e-03,4.68322390e-05,0.00000000e+00,0.00000000e+00,5.56322014e-04,4.86633933e-05,3.97896910e-04,2.59787367e-05,3.68255387e+00,6.67683330e-02,1.32660882e+04,2.64045632e+02,2.69168423e-03,7.01634497e-05,0.00000000e+00,0.00000000e+00,0.00000000e+00,0.00000000e+00
3.51500000e+01,2.16186916e-03,4.70937032e-05,0.00000000e+00,0.00000000e+00,5.49924250e-04,4.25773640e-05,3.96459811e-04,2.57116721e-05,3.68898438e+00,6.60334297e-02,1.33231498e+04,2.70586502e+02,2.69820943e-03,7.01324611e-05,0.00000000e+00,0.00000000e+00,1.08454000e+01,1.72235532e-01
3.52500000e+01,2.17113609e-03,4.84254767e-05,0.00000000e+00,0.00000000e+00,5.43772388e-04,5.76090240e-05,3.98896798e-04,2.59395800e-05,3.71086713e+00,6.91076680e-02,1.34010804e+04,2.77052425e+02,2.70114804e-03,8.62149576e-05,0.00000000e+00,0.00000000e+00,0.00000000e+00,0.00000000e+00
3.53500000e+01,2.18149811e-03,5.10627021e-05,0.00000000e+00,0.00000000e+00,5.11536261e-04,5.52295430e-05,3.98724496e-04,2.58928437e-05,3.70646949e+00,6.69772802e-02,1.34214659e+04,2.80778987e+02,2.67934698e-03,8.28158424e-05,0.00000000e+00,0.00000000e+00,1.08384000e+01,1.71255236e-01
3.54500000e+01,2.15738230e-03,4.79787468e-05,0.00000000e+00,0.00000000e+00,5.02253689e-04,5.30742036e-05,3.97441395e-04,2.59863422e-05,3.68193296e+00,6.95771652e-02,1.32852965e+04,2.68666916e+02,2.64603162e-03,7.72617193e-05,0.00000000e+00,0.00000000e+00,0.00000000e+00,0.00000000e+00
3.55500000e+01,2.18288744e-03,4.96610610e-05,0.00000000e+00,0.00000000e+00,5.12070797e-04,5.14162304e-05,3.96894501e-04,2.61400061e-05,3.70108802e+00,7.07219340e-02,1.34333758e+04,2.78428783e+02,2.68138453e-03,7.84763744e-05,0.00000000e+00,0.00000000e+00,1.08316000e+01,1.69068120e-01
3.56500000e+01,2.19490626e-03,4.65525653e-05,0.00000000e+00,0.00000000e+00,5.13330349e-04,5.19691685e-05,3.94644243e-04,2.57601495e-05,3.72045391e+00,6.89899394e-02,1.35047561e+04,2.62496943e+02,2.69480629e-03,7.65885776e-05,0.00000000e+00,0.00000000e+00,0.00000000e+00,0.00000000e+00
3.57500000e+01,2.19670666e-03,4.83578473e-05,0.00000000e+00,0.00000000e+00,5.06470348e-04,5.23083965e-05,3.93779882e-04,2.57120990e-05,3.71457267e+00,6.95327074e-02,1.34942607e+04,2.71008000e+02,2.68991199e-03,8.08976949e-05,0.00000000e+00,0.00000000e+00,1.08330000e+01,1.71308588e-01
3.58500000e+01,2.16794687e-03,5.09796831e-05,0.00000000e+00,0.00000000e+00,5.23107975e-04,5.23570604e-05,3.88041065e-04,2.56994398e-05,3.68298233e+00,7.20185202e-02,1.33292298e+04,2.87181909e+02,2.67784355e-03,7.87219564e-05,0.00000000e+00,0.00000000e+00,0.00000000e+00,0.00000000e+00
3.59500000e+01,2.16116812e-03,5.19958432e-05,0.00000000e+00,0.00000000e+00,5.10356495e-04,3.41684547e-05,3.84961360e-04,2.58477319e-05,3.67257243e+00,7.34517277e-02,1.33081443e+04,2.91185472e+02,2.65811076e-03,6.63529195e-05,0.00000000e+00,0.00000000e+00,1.08250000e+01,1.70369884e-01
3.60500000e+01,2.15212331e-03,4.97928711e-05,0.00000000e+00,0.00000000e+00,5.00626237e-04,4.26452914e-05,3.83121198e-04,2.57665229e-05,3.67754670e+00,7.51061034e-02,1.32688879e+04,2.88824686e+02,2.63936823e-03,6.73734479e-05,0.00000000e+00,0.00000000e+00,0.00000000e+00,0.00000000e+00
3.61500000e+01,2.16543283e-03,4.99186699e-05,0.00000000e+00,0.00000000e+00,5.00669172e-04,3.95056956e-05,3.82442416e-04,2.58014903e-05,3.69343157e+00,7.54778304e-02,1.33432459e+04,2.89756922e+02,2.65301266e-03,6.80357579e-05,0.00000000e+00,0.00000000e+00,1.08182000e+01,1.68720438e-01
3.62500000e+01,2.13389175e-03,4.72921716e-05,0.00000000e+00,0.00000000e+00,4.62134246e-04,2.44035393e-05,3.76358595e-04,2.53498732e-05,3.67306527e+00,7.14443603e-02,1.31798675e+04,2.74144307e+02,2.58306897e-03,5.88819040e-05,0.00000000e+00,0.00000000e+00,0.00000000e+00,0.00000000e+00
3.63500000e+01,2.12477739e-03,4.71163253e-05,0.00000000e+00,0.00000000e+00,4.44248741e-04,2.03021200e-05,3.71828577e-04,2.56316637e-05,3.66162447e+00,6.99945764e-02,1.31174842e+04,2.69797564e+02,2.55611553e-03,5.84447098e-05,0.00000000e+00,0.00000000e+00,1.08074000e+01,1.70341267e-01
3.64500000e+01,2.11562278e-03,4.72588054e-05,0.00000000e+00,0.00000000e+00,4.52567306e-04,2.70901265e-05,3.62313418e-04,2.46980556e-05,3.64503025e+00,6.95271575e-02,1.30679711e+04,2.69567274e+02,2.55563139e-03,6.35135285e-05,0.00000000e+00,0.00000000e+00,0.00000000e+00,0.00000000e+00
3.65500000e+01,2.11210982e-03,4.98977468e-05,0.00000000e+00,0.00000000e+00,4.67390177e-04,2.03387131e-05,3.56923852e-04,2.49215579e-05,3.62788055e+00,6.95547309e-02,1.30448420e+04,2.82077030e+02,2.56716301e-03,5.74251327e-05,0.00000000e+00,0.00000000e+00,1.08042000e+01,1.70685075e-01
3.66500000e+01,2.09933482e-03,5.09355432e-05,0.00000000e+00,0.00000000e+00,4.83654805e-04,2.99467808e-05,3.51217624e-04,2.53129844e-05,3.60946471e+00,6.90791858e-02,1.29619225e+04,2.84539566e+02,2.57089066e-03,6.26763928e-05,0.00000000e+00,0.00000000e+00,0.00000000e+00,0.00000000e+00
3.67500000e+01,2.10926788e-03,5.23482128e-05,0.00000000e+00,0.00000000e+00,5.04772330e-04,3.33597834e-05,3.48779523e-04,2.49149649e-05,3.64995318e+00,7.15022818e-02,1.30350868e+04,2.89239077e+02,2.60188157e-03,6.60729398e-05,0.00000000e+00,0.00000000e+00,1.08010000e+01,1.69903993e-01
3.68500000e+01,2.11295166e-03,4.87453694e-05,0.00000000e+00,0.00000000e+00,4.77662890e-04,3.11344902e-05,3.46744681e-04,2.46465917e-05,3.63990552e+00,6.76944995e-02,1.30742249e+04,2.68752282e+02,2.57842444e-03,6.47360185e-05,0.00000000e+00,0.00000000e+00,0.00000000e+00,0.00000000e+00
3.69500000e+01,2.11240019e-03,5.22972206e-05,0.00000000e+00,0.00000000e+00,4.88276654e-04,3.51760342e-05,3.43901755e-04,2.45101982e-05,3.63417352e+00,7.16305034e-02,1.30343762e+04,2.93114591e+02,2.58858311e-03,7.23877977e-05,0.00000000e+00,0.00000000e+00,1.07914000e+01,1.70937870e-01
3.70500000e+01,2.08296244e-03,5.22321094e-05,0.00000000e+00,0.00000000e+00,4.79710427e-04,3.52690932e-05,3.40366804e-04,2.46709716e-05,3.60155718e+00,7.20271037e-02,1.28991973e+04,2.94061056e+02,2.54990842e-03,7.20152311e-05,0.00000000e+00,0.00000000e+00,0.00000000e+00,0.00000000e+00
3.71500000e+01,2.09500537e-03,5.28210608e-05,0.00000000e+00,0.00000000e+00,4.76058194e-04,3.47787833e-05,3.36938628e-04,2.44632402e-05,3.61536833e+00,7.21691769e-02,1.29398185e+04,2.95464523e+02,2.55890147e-03,7.06132105e-05,0.00000000e+00,0.00000000e+00,1.07778000e+01,1.69910008e-01
3.72500000e+01,2.09447772e-03,5.23111246e-05,0.00000000e+00,0.00000000e+00,4.90695611e-04,3.38660982e-05,3.28235265e-04,2.38845749e-05,3.62470551e+00,7.33667479e-02,1.29714098e+04,2.98782829e+02,2.57298257e-03,7.21007578e-05,0.00000000e+00,0.00000000e+00,0.00000000e+00,0.00000000e+00
3.73500000e+01,2.09093020e-03,5.22425274e-05,0.00000000e+00,0.00000000e+00,5.14773550e-04,4.19562231e-05,3.25418811e-04,2.40196190e-05,3.62711808e+00,7.27609247e-02,1.29421797e+04,2.95562772e+02,2.59388711e-03,7.55587258e-05,0.00000000e+00,0.00000000e+00,1.07544000e+01,1.70240683e-01
3.74500000e+01,2.09195075e-03,5.32817274e-05,0.00000000e+00,0.00000000e+00,5.66121437e-04,5.66936676e-05,3.33162728e-04,3.02233508e-05,3.62109722e+00,7.16458108e-02,1.29517739e+04,2.96501435e+02,2.64595504e-03,8.49151549e-05,0.00000000e+00,0.00000000e+00,0.00000000e+00,0.00000000e+00
3.75500000e+01,2.09003067e-03,5.42486729e-05,0.00000000e+00,0.00000000e+00,4.72978327e-04,3.11224047e-05,3.41132458e-04,3.42029318e-05,3.61000699e+00,7.25061103e-02,1.30245157e+04,3.13669787e+02,2.54879505e-03,6.80191569e-05,0.00000000e+00,0.00000000e+00,1.07372000e+01,1.69566081e-01
3.76500000e+01,2.06273265e-03,5.17514226e-05,0.00000000e+00,0.00000000e+00,4.48364683e-04,2.71628122e-05,3.34475482e-04,3.22616997e-05,3.59704212e+00,7.19309234e-02,1.28437744e+04,2.90805159e+02,2.49826701e-03,6.33639884e-05,0.00000000e+00,0.00000000e+00,0.00000000e+00,0.00000000e+00
3.77500000e+01,2.08838255e-03,5.43267947e-05,0.00000000e+00,0.00000000e+00,4.27140936e-04,2.12886263e-05,3.41934609e-04,3.54274017e-05,3.59932080e+00,7.03538473e-02,1.29695490e+04,3.00426280e+02,2.50282880e-03,6.41678695e-05,0.00000000e+00,0.00000000e+00,1.07300000e+01,1.68720272e-01
3.78500000e+01,2.06959767e-03,5.05625157e-05,0.00000000e+00,0.00000000e+00,4.29125954e-04,2.34644622e-05,3.33780211e-04,3.53486406e-05,3.57613649e+00,6.95210590e-02,1.28419376e+04,2.84984284e+02,2.48690448e-03,6.43488502e-05,0.00000000e+00,0.00000000e+00,0.00000000e+00,0.00000000e+00
3.79500000e+01,2.07180407e-03,5.10810027e-05,0.00000000e+00,0.00000000e+00,4.39655832e-04,2.72146636e-05,3.17444037e-04,3.23051357e-05,3.57222825e+00,7.10589050e-02,1.28594391e+04,2.88608282e+02,2.50004278e-03,6.82752717e-05,0.00000000e+00,0.00000000e+00,1.07242000e+01,1.68193059e-01
3.80500000e+01,2.05859391e-03,5.05296639e-05,0.00000000e+00,0.00000000e+00,4.68387752e-04,3.45099600e-05,3.08651318e-04,3.27871798e-05,3.55441581e+00,6.99390290e-02,1.27640523e+04,2.84035725e+02,2.51584897e-03,7.07027844e-05,0.00000000e+00,0.00000000e+00,0.00000000e+00,0.00000000e+00
3.81500000e+01,2.05028343e-03,5.02703283e-05,0.00000000e+00,0.00000000e+00,4.61604874e-04,3.40819990e-05,3.00169830e-04,3.29690730e-05,3.53511615e+00,6.90388880e-02,1.27146818e+04,2.83403331e+02,2.50084366e-03,6.78683662e-05,0.00000000e+00,0.00000000e+00,1.07198000e+01,1.63395223e-01
3.82500000e+01,2.06282571e-03,5.14736501e-05,0.00000000e+00,0.00000000e+00,4.51140457e-04,3.26061515e-05,2.99318249e-04,3.29919911e-05,3.54939978e+00,7.13879970e-02,1.27867474e+04,2.89461606e+02,2.50278007e-03,6.92240214e-05,0.00000000e+00,0.00000000e+00,0.00000000e+00,0.00000000e+00
3.83500000e+01,2.04999359e-03,5.05088219e-05,0.00000000e+00,0.00000000e+00,4.44993212e-04,3.21829117e-05,2.98467624e-04,3.31323015e-05,3.54270893e+00,7.09919067e-02,1.27251345e+04,2.86959320e+02,2.48384487e-03,6.83423747e-05,0.00000000e+00,0.00000000e+00,1.07008000e+01,1.65086455e-01
3.84500000e+01,2.04257995e-03,4.82438059e-05,0.00000000e+00,0.00000000e+00,4.20978250e-04,1.91429283e-05,2.99811482e-04,3.33895704e-05,3.53421018e+00,6.87102092e-02,1.26780154e+04,2.74223985e+02,2.45236633e-03,5.90521902e-05,0.00000000e+00,0.00000000e+00,0.00000000e+00,0.00000000e+00
3.85500000e+01,2.03804736e-03,5.03191643e-05,0.00000000e+00,0.00000000e+00,4.18987333e-04,1.97462100e-05,2.99886319e-04,3.33891953e-05,3.53236123e+00,6.85433852e-02,1.26678500e+04,2.82031902e+02,2.44563508e-03,6.18465721e-05,0.00000000e+00,0.00000000e+00,1.06762000e+01,1.66768539e-01
3.86500000e+01,2.03561111e-03,5.03536135e-05,0.00000000e+00,0.00000000e+00,4.24019026e-04,2.18390852e-05,2.83560206e-04,2.38041379e-05,3.54083017e+00,7.01349619e-02,1.26554190e+04,2.84653493e+02,2.44857951e-03,6.49713208e-05,0.00000000e+00,0.00000000e+00,0.00000000e+00,0.00000000e+00
3.87500000e+01,2.04047525e-03,5.01066450e-05,0.00000000e+00,0.00000000e+00,4.50236769e-04,2.20069790e-05,2.76624769e-04,2.23021334e-05,3.55033788e+00,7.11014160e-02,1.26885506e+04,2.81690906e+02,2.47979842e-03,6.24606041e-05,0.00000000e+00,0.00000000e+00,1.06834000e+01,1.68691871e-01
3.88500000e+01,2.02520411e-03,5.02691063e-05,0.00000000e+00,0.00000000e+00,4.57153192e-04,2.27353840e-05,2.75333787e-04,2.25065113e-05,3.52203232e+00,7.06162109e-02,1.25969173e+04,2.80271710e+02,2.47150538e-03,6.09765712e-05,0.00000000e+00,0.00000000e+00,0.00000000e+00,0.00000000e+00
3.89500000e+01,2.02336804e-03,4.97967263e-05,0.00000000e+00,0.00000000e+00,4.33890054e-04,2.25118049e-05,2.73841445e-04,2.25609016e-05,3.52771536e+00,7.15382249e-02,1.26079921e+04,2.78115855e+02,2.44649888e-03,6.30467575e-05,0.00000000e+00,0.00000000e+00,1.06772000e+01,1.68586448e-01
3.90500000e+01,2.03968833e-03,5.03016857e-05,0.00000000e+00,0.00000000e+00,4.40819192e-04,2.39722912e-05,2.70529596e-04,2.24902697e-05,3.54478917e+00,7.46671843e-02,1.26814714e+04,2.80728613e+02,2.46978122e-03,6.51797769e-05,0.00000000e+00,0.00000000e+00,0.00000000e+00,0.00000000e+00
3.91500000e+01,2.05858581e-03,5.32915976e-05,0.00000000e+00,0.00000000e+00,4.39128607e-04,2.48703187e-05,2.71308809e-04,2.30890883e-05,3.54994303e+00,7.65219028e-02,1.27474882e+04,2.96751810e+02,2.48659402e-03,7.00122879e-05,0.00000000e+00,0.00000000e+00,1.06694000e+01,1.68150176e-01
3.92500000e+01,2.06000545e-03,5.17024443e-05,0.00000000e+00,0.00000000e+00,4.43372228e-04,2.39075526e-05,2.72380420e-04,2.35409976e-05,3.55321957e+00,7.40107475e-02,1.27844263e+04,2.89540200e+02,2.49184051e-03,6.73108074e-05,0.00000000e+00,0.00000000e+00,0.00000000e+00,0.00000000e+00
3.93500000e+01,2.03911677e-03,5.03256898e-05,0.00000000e+00,0.00000000e+00,4.45174666e-04,2.58983870e-05,2.73794225e-04,2.37940273e-05,3.51696550e+00,7.15954384e-02,1.26520236e+04,2.78361495e+02,2.47246709e-03,6.90342051e-05,0.00000000e+00,0.00000000e+00,1.06548000e+01,1.69565406e-01
3.94500000e+01,2.04207186e-03,5.43239260e-05,0.00000000e+00,0.00000000e+00,4.68824483e-04,3.48044800e-05,2.76528884e-04,2.66322776e-05,3.50556722e+00,7.64074472e-02,1.26704758e+04,3.01706001e+02,2.49899714e-03,7.87287332e-05,0.00000000e+00,0.00000000e+00,0.00000000e+00,0.00000000e+00
3.95500000e+01,2.03849545e-03,5.30970619e-05,0.00000000e+00,0.00000000e+00,4.43793798e-04,2.53734586e-05,2.73770129e-04,2.81415646e-05,3.51567613e+00,7.51763029e-02,1.26542753e+04,2.94199044e+02,2.47034371e-03,6.97101109e-05,0.00000000e+00,0.00000000e+00,1.06352000e+01,1.69959233e-01
3.96500000e+01,2.01764152e-03,4.94157157e-05,0.00000000e+00,0.00000000e+00,4.27185554e-04,2.24133142e-05,2.71702187e-04,2.82544262e-05,3.49657244e+00,7.12490518e-02,1.25575722e+04,2.77659303e+02,2.43276014e-03,6.41765244e-05,0.00000000e+00,0.00000000e+00,0.00000000e+00,0.00000000e+00
3.97500000e+01,2.02620741e-03,5.25082783e-05,0.00000000e+00,0.00000000e+00,4.33580874e-04,1.89775431e-05,2.68337204e-04,2.81082177e-05,3.51451728e+00,7.57677131e-02,1.26070925e+04,3.01973298e+02,2.44840637e-03,6.43498312e-05,0.00000000e+00,0.00000000e+00,1.06216000e+01,1.71944544e-01
3.98500000e+01,2.02103830e-03,5.11768103e-05,0.00000000e+00,0.00000000e+00,4.43185031e-04,2.20481380e-05,2.62946997e-04,2.79918250e-05,3.51701873e+00,7.47742848e-02,1.25777361e+04,2.98339043e+02,2.45359565e-03,6.53925066e-05,0.00000000e+00,0.00000000e+00,0.00000000e+00,0.00000000e+00
3.99500000e+01,1.99075024e-03,4.92224750e-05,0.00000000e+00,0.00000000e+00,4.40602978e-04,2.36690420e-05,2.60826165e-04,2.76054261e-05,3.48974395e+00,7.25923752e-02,1.24237124e+04,2.86113630e+02,2.42082963e-03,6.40957046e-05,0.00000000e+00,0.00000000e+00,1.06193999e+01,1.72284149e-01
4.00500000e+01,2.01259344e-03,5.12625377e-05,0.00000000e+00,0.00000000e+00,4.19367365e-04,1.93472804e-05,2.57508395e-04,2.75814480e-05,3.52053603e+00,6.96832371e-02,1.25680249e+04,2.89348739e+02,2.42139850e-03,6.17335768e-05,0.00000000e+00,0.00000000e+00,0.00000000e+00,0.00000000e+00
4.01500000e+01,2.00000068e-03,5.08246036e-05,0.00000000e+00,0.00000000e+00,4.14167870e-04,1.90797608e-05,2.56337923e-04,2.67118043e-05,3.49978245e+00,7.25486123e-02,1.24867626e+04,2.93211188e+02,2.40359181e-03,6.13703709e-05,0.00000000e+00,0.00000000e+00,1.06115999e+01,1.71049425e-01
4.02500000e+01,2.01172677e-03,4.96602208e-05,0.00000000e+00,0.00000000e+00,4.13301990e-04,2.12124736e-05,2.54208621e-04,2.62560335e-05,3.50305995e+00,7.19566399e-02,1.25322051e+04,2.84454705e+02,2.41458201e-03,6.14111217e-05,0.00000000e+00,0.00000000e+00,0.00000000e+00,0.00000000e+00
4.03500000e+01,2.00400249e-03,5.04272529e-05,0.00000000e+00,0.00000000e+00,5.06012818e-04,5.47918998e-05,2.52015386e-04,2.65078237e-05,3.49922766e+00,7.54852073e-02,1.24780668e+04,2.90124716e+02,2.49983751e-03,7.95637982e-05,0.00000000e+00,0.00000000e+00,1.06061999e+01,1.69179020e-01
4.04500000e+01,2.00041592e-03,4.74226329e-05,0.00000000e+00,0.00000000e+00,5.35647235e-04,6.27618719e-05,2.51118675e-04,2.66158022e-05,3.49596354e+00,7.05065032e-02,1.24742692e+04,2.74862679e+02,2.52607363e-03,8.20746830e-05,0.00000000e+00,0.00000000e+00,0.00000000e+00,0.00000000e+00
4.05500000e+01,2.00041384e-03,4.82784756e-05,0.00000000e+00,0.00000000e+00,4.49717405e-04,2.46647644e-05,2.49561845e-04,2.65206523e-05,3.49499683e+00,7.35960448e-02,1.24846970e+04,2.82401171e+02,2.44005133e-03,6.27303969e-05,0.00000000e+00,0.00000000e+00,1.05854000e+01,1.67839622e-01
4.06500000e+01,2.01174515e-03,5.01431764e-05,0.00000000e+00,0.00000000e+00,4.48936369e-04,2.39545723e-05,2.45710015e-04,2.62038264e-05,3.49605214e+00,7.47014646e-02,1.25417088e+04,2.88962248e+02,2.45064143e-03,6.34932994e-05,0.00000000e+00,0.00000000e+00,0.00000000e+00,0.00000000e+00
4.07500000e+01,2.00263983e-03,4.95287379e-05,0.00000000e+00,0.00000000e+00,4.47446491e-04,2.83684821e-05,2.45989673e-04,2.61835498e-05,3.50043474e+00,7.58235516e-02,1.25274152e+04,2.90305455e+02,2.44003006e-03,6.45683786e-05,0.00000000e+00,0.00000000e+00,1.05656000e+01,1.65987496e-01
4.08500000e+01,2.00019596e-03,5.05280326e-05,0.00000000e+00,0.00000000e+00,4.46818560e-04,2.91740510e-05,2.46401493e-04,2.59015703e-05,3.48356924e+00,7.36161889e-02,1.25027485e+04,2.87188680e+02,2.43702150e-03,6.56166685e-05,0.00000000e+00,0.00000000e+00,0.00000000e+00,0.00000000e+00
4.09500000e+01,1.98140316e-03,4.95919369e-05,0.00000000e+00,0.00000000e+00,4.26225162e-04,2.53828534e-05,2.42908416e-04,2.54292065e-05,3.47016537e+00,7.20856405e-02,1.23987621e+04,2.80825372e+02,2.39790600e-03,6.42022256e-05,0.00000000e+00,0.00000000e+00,1.05698000e+01,1.67411622e-01
4.10500000e+01,1.97779475e-03,4.95523010e-05,0.00000000e+00,0.00000000e+00,4.31723381e-04,2.35243601e-05,2.39199172e-04,2.54693954e-05,3.46076051e+00,7.05681291e-02,1.23661602e+04,2.83842981e+02,2.39999638e-03,6.36383102e-05,0.00000000e+00,0.00000000e+00,0.00000000e+00,0.00000000e+00
4.11500000e+01,1.97348863e-03,4.98667517e-05,0.00000000e+00,0.00000000e+00,4.26116581e-04,1.88895438e-05,2.32562392e-04,2.55807895e-05,3.47406059e+00,7.02767740e-02,1.23643816e+04,2.83591792e+02,2.39018678e-03,6.01810278e-05,0.00000000e+00,0.00000000e+00,1.05676000e+01,1.67585385e-01
4.12500000e+01,1.97078757e-03,5.02401629e-05,0.00000000e+00,0.00000000e+00,4.63898902e-04,3.72125679e-05,2.31532132e-04,2.57323846e-05,3.46926772e+00,7.35546887e-02,1.23335755e+04,2.90560609e+02,2.42519220e-03,7.67563356e-05,0.00000000e+00,0.00000000e+00,0.00000000e+00,0.00000000e+00
4.13500000e+01,1.94374227e-03,4.94115320e-05,0.00000000e+00,0.00000000e+00,4.45249741e-04,2.73062923e-05,2.39831846e-04,2.77607721e-05,3.44154117e+00,7.37283298e-02,1.21935076e+04,2.86587775e+02,2.37927156e-03,6.84919158e-05,0.00000000e+00,0.00000000e+00,1.05514000e+01,1.67048325e-01
4.14500000e+01,1.93401318e-03,4.60194829e-05,0.00000000e+00,0.00000000e+00,4.22052844e-04,1.97728563e-05,2.41680523e-04,3.00047089e-05,3.42785150e+00,7.02447600e-02,1.21765293e+04,2.73233489e+02,2.34625556e-03,5.74129020e-05,0.00000000e+00,0.00000000e+00,0.00000000e+00,0.00000000e+00
4.15500000e+01,1.92928532e-03,4.57977364e-05,0.00000000e+00,0.00000000e+00,4.24501962e-04,2.19561728e-05,2.37360819e-04,3.00543288e-05,3.41733662e+00,6.77803247e-02,1.21377350e+04,2.69615196e+02,2.34419848e-03,5.91210575e-05,0.00000000e+00,0.00000000e+00,1.05332000e+01,1.67988443e-01
4.16500000e+01,1.92690898e-03,4.93106801e-05,0.00000000e+00,0.00000000e+00,4.16785410e-04,2.31111721e-05,2.24325122e-04,2.54807546e-05,3.41021730e+00,6.96264419e-02,1.21063773e+04,2.87450879e+02,2.33444842e-03,6.15289199e-05,0.00000000e+00,0.00000000e+00,0.00000000e+00,0.00000000e+00
4.17500000e+01,1.93916356e-03,5.21148987e-05,0.00000000e+00,0.00000000e+00,4.33677020e-04,2.86164473e-05,2.20939618e-04,2.57105343e-05,3.43888427e+00,7.49790292e-02,1.22025552e+04,3.07040848e+02,2.36366912e-03,6.62155386e-05,0.00000000e+00,0.00000000e+00,1.05170000e+01,1.68554538e-01
4.18500000e+01,1.93079479e-03,5.19886317e-05,0.00000000e+00,0.00000000e+00,4.29639310e-04,2.82193317e-05,2.36256453e-04,3.11352581e-05,3.43422420e+00,7.14991585e-02,1.21624351e+04,2.99892153e+02,2.35090287e-03,6.76064048e-05,0.00000000e+00,0.00000000e+00,0.00000000e+00,0.00000000e+00
4.19500000e+01,1.92353219e-03,4.80242216e-05,0.00000000e+00,0.00000000e+00,4.07553754e-04,2.30407602e-05,2.43758388e-04,3.71680036e-05,3.43437644e+00,6.97885929e-02,1.21364977e+04,2.83788464e+02,2.32131886e-03,6.04114676e-05,0.00000000e+00,0.00000000e+00,1.05174000e+01,1.65641069e-01
4.20500000e+01,1.92112860e-03,4.97253945e-05,0.00000000e+00,0.00000000e+00,3.91517096e-04,1.70378244e-05,2.34010303e-04,3.44463331e-05,3.40436717e+00,6.99710936e-02,1.21122660e+04,2.85749643e+02,2.30310602e-03,6.07762601e-05,0.00000000e+00,0.00000000e+00,0.00000000e+00,0.00000000e+00
4.21500000e+01,1.89968155e-03,4.96074249e-05,0.00000000e+00,0.00000000e+00,3.99607710e-04,2.24044132e-05,2.14377720e-04,3.13384348e-05,3.38503368e+00,7.21825931e-02,1.20045650e+04,2.91525403e+02,2.29013212e-03,6.24098060e-05,0.00000000e+00,0.00000000e+00,1.05064000e+01,1.62753289e-01
4.22500000e+01,1.92847519e-03,5.13694761e-05,0.00000000e+00,0.00000000e+00,4.12818878e-04,2.25941732e-05,2.17002710e-04,3.25267691e-05,3.42511534e+00,7.53031821e-02,1.22012901e+04,3.04810136e+02,2.33193960e-03,6.65019406e-05,0.00000000e+00,0.00000000e+00,0.00000000e+00,0.00000000e+00
4.23500000e+01,1.91361179e-03,4.98903143e-05,0.00000000e+00,0.00000000e+00,4.16589505e-04,2.26153785e-05,2.14493568e-04,3.17853271e-05,3.41930997e+00,7.39602852e-02,1.21561408e+04,2.96709462e+02,2.32072844e-03,6.43755530e-05,0.00000000e+00,0.00000000e+00,1.05012000e+01,1.64229713e-01
4.24500000e+01,1.91387197e-03,4.85043425e-05,0.00000000e+00,0.00000000e+00,4.38499059e-04,2.21923737e-05,2.10671863e-04,2.86623988e-05,3.41113944e+00,7.10745803e-02,1.21663820e+04,2.85655509e+02,2.34301838e-03,6.19930939e-05,0.00000000e+00,0.00000000e+00,0.00000000e+00,0.00000000e+00
4.25500000e+01,1.88789549e-03,4.74608119e-05,0.00000000e+00,0.00000000e+00,4.37598839e-04,2.75436543e-05,2.06278499e-04,2.84768745e-05,3.39842971e+00,7.01374034e-02,1.20328156e+04,2.76665430e+02,2.31618936e-03,6.55962779e-05,0.00000000e+00,0.00000000e+00,1.04998000e+01,1.64981257e-01
4.26500000e+01,1.86465512e-03,4.69351196e-05,0.00000000e+00,0.00000000e+00,4.25206374e-04,2.52985891e-05,1.93863755e-04,2.06635936e-05,3.38502477e+00,7.07716556e-02,1.18986861e+04,2.77604657e+02,2.28080858e-03,6.57952997e-05,0.00000000e+00,0.00000000e+00,0.00000000e+00,0.00000000e+00
4.27500000e+01,1.84382437e-03,4.58888570e-05,0.00000000e+00,0.00000000e+00,4.19758693e-04,2.56157584e-05,1.90877096e-04,1.97767784e-05,3.36238768e+00,6.81924579e-02,1.17887475e+04,2.68103589e+02,2.25449477e-03,6.43868399e-05,0.00000000e+00,0.00000000e+00,1.04932000e+01,1.65033685e-01
4.28500000e+01,1.83245322e-03,4.76509262e-05,0.00000000e+00,0.00000000e+00,4.59556549e-04,4.52074483e-05,1.91034823e-04,1.98895711e-05,3.35565860e+00,7.13624852e-02,1.17353222e+04,2.83142720e+02,2.28284903e-03,7.32701247e-05,0.00000000e+00,0.00000000e+00,0.00000000e+00,0.00000000e+00
4.29500000e+01,1.84357016e-03,4.98851917e-05,0.00000000e+00,0.00000000e+00,5.34410386e-04,8.42278796e-05,1.90608757e-04,1.98303198e-05,3.34973096e+00,7.58604899e-02,1.18013532e+04,2.96396542e+02,2.36853114e-03,1.08116205e-04,0.00000000e+00,0.00000000e+00,1.04780000e+01,1.66820934e-01
4.30500000e+01,1.83267407e-03,4.94179045e-05,0.00000000e+00,0.00000000e+00,4.95595911e-04,4.63990740e-05,1.92801894e-04,2.00019752e-05,3.34537596e+00,7.38311650e-02,1.17654881e+04,2.86409961e+02,2.31874126e-03,7.57618681e-05,0.00000000e+00,0.00000000e+00,0.00000000e+00,0.00000000e+00
4.31500000e+01,1.84619418e-03,4.87929670e-05,0.00000000e+00,0.00000000e+00,4.50021992e-04,3.32698438e-05,1.88393114e-04,1.86530963e-05,3.37439749e+00,7.40633850e-02,1.18382559e+04,2.92896980e+02,2.28677750e-03,6.76286792e-05,0.00000000e+00,0.00000000e+00,1.04486000e+01,1.67792634e-01
4.32500000e+01,1.85489846e-03,5.08862549e-05,0.00000000e+00,0.00000000e+00,4.42929016e-04,3.39760381e-05,1.74512353e-04,1.83185304e-05,3.38251043e+00,7.72607823e-02,1.18902675e+04,3.05892959e+02,2.28885382e-03,7.05543870e-05,0.00000000e+00,0.00000000e+00,0.00000000e+00,0.00000000e+00
4.33500000e+01,1.84995183e-03,5.08323306e-05,0.00000000e+00,0.00000000e+00,4.19483942e-04,2.80874839e-05,1.70037594e-04,1.80379779e-05,3.36023600e+00,7.42146102e-02,1.18234711e+04,3.02508261e+02,2.26063763e-03,6.76987006e-05,0.00000000e+00,0.00000000e+00,1.04290000e+01,1.68642660e-01
4.34500000e+01,1.84090113e-03,4.64406504e-05,0.00000000e+00,0.00000000e+00,3.95336570e-04,2.40111741e-05,1.70141643e-04,1.80513041e-05,3.33509064e+00,7.01969259e-02,1.17565204e+04,2.77056265e+02,2.22740621e-03,6.15623907e-05,0.00000000e+00,0.00000000e+00,0.00000000e+00,0.00000000e+00
4.35500000e+01,1.82833683e-03,4.54904101e-05,0.00000000e+00,0.00000000e+00,4.08117300e-04,2.56900711e-05,1.68111292e-04,1.78983943e-05,3.33437018e+00,6.99357778e-02,1.17635287e+04,2.75277044e+02,2.22665867e-03,6.15788162e-05,0.00000000e+00,0.00000000e+00,1.04270000e+01,1.69532912e-01
4.36500000e+01,1.82221703e-03,4.41801830e-05,0.00000000e+00,0.00000000e+00,3.86134329e-04,2.20279549e-05,1.66612554e-04,1.75806550e-05,3.34363377e+00,6.72269257e-02,1.17002092e+04,2.63216940e+02,2.19913306e-03,5.85477137e-05,0.00000000e+00,0.00000000e+00,0.00000000e+00,0.00000000e+00
4.37500000e+01,1.83200253e-03,5.00013134e-05,0.00000000e+00,0.00000000e+00,4.03310833e-04,2.18211881e-05,1.66765679e-04,1.78540241e-05,3.33760148e+00,7.00510209e-02,1.17534418e+04,2.90212147e+02,2.22601581e-03,5.68758363e-05,0.00000000e+00,0.00000000e+00,1.04314000e+01,1.67631279e-01
4.38500000e+01,1.81562175e-03,4.69170670e-05,0.00000000e+00,0.00000000e+00,4.07982104e-04,2.68336349e-05,1.65602142e-04,1.76831338e-05,3.32353894e+00,7.37141930e-02,1.16967278e+04,2.83234987e+02,2.21396084e-03,5.77280428e-05,0.00000000e+00,0.00000000e+00,0.00000000e+00,0.00000000e+00
4.39500000e+01,1.81419639e-03,4.56737883e-05,0.00000000e+00,0.00000000e+00,4.02275598e-04,1.93077828e-05,1.65091368e-04,1.75334622e-05,3.32459698e+00,7.26269530e-02,1.17202287e+04,2.80599702e+02,2.20628524e-03,5.63088083e-05,0.00000000e+00,0.00000000e+00,1.04258000e+01,1.69036427e-01
4.40500000e+01,1.81439001e-03,4.59941674e-05,0.00000000e+00,0.00000000e+00,4.33224485e-04,2.63658830e-05,1.61654834e-04,1.79345795e-05,3.31360122e+00,7.04342568e-02,1.17008649e+04,2.76678297e+02,2.23668480e-03,5.92310231e-05,0.00000000e+00,0.00000000e+00,0.00000000e+00,0.00000000e+00
4.41500000e+01,1.81724914e-03,4.62233341e-05,0.00000000e+00,0.00000000e+00,4.15717578e-04,2.34783643e-05,1.57728211e-04,1.80811707e-05,3.31925747e+00,7.26141053e-02,1.16851952e+04,2.77558419e+02,2.22369788e-03,5.66519242e-05,0.00000000e+00,0.00000000e+00,1.04182000e+01,1.70954987e-01
4.42500000e+01,1.77725694e-03,4.42313157e-05,0.00000000e+00,0.00000000e+00,4.36919410e-04,2.94068062e-05,1.57454383e-04,1.81014718e-05,3.29490165e+00,7.18967085e-02,1.14679142e+04,2.72582284e+02,2.20560877e-03,5.55273998e-05,0.00000000e+00,0.00000000e+00,0.00000000e+00,0.00000000e+00
4.43500000e+01,1.77970708e-03,4.48615323e-05,0.00000000e+00,0.00000000e+00,5.51413838e-04,9.18810500e-05,1.57445167e-04,1.81018224e-05,3.29285064e+00,7.33970267e-02,1.14923224e+04,2.75903795e+02,2.32255237e-03,1.16423685e-04,0.00000000e+00,0.00000000e+00,1.03978000e+01,1.73034925e-01
4.44500000e+01,1.78265016e-03,4.42972586e-05,0.00000000e+00,0.00000000e+00,4.44108353e-04,4.93784214e-05,1.57538134e-04,1.81102259e-05,3.29087387e+00,7.34471771e-02,1.15228086e+04,2.69175718e+02,2.21803378e-03,7.50166728e-05,0.00000000e+00,0.00000000e+00,0.00000000e+00,0.00000000e+00
4.45500000e+01,1.78058796e-03,4.53468872e-05,0.00000000e+00,0.00000000e+00,3.99139696e-04,2.32208269e-05,1.57371158e-04,1.82970891e-05,3.29334040e+00,7.20953654e-02,1.15325414e+04,2.66567207e+02,2.17086605e-03,5.40852087e-05,0.00000000e+00,0.00000000e+00,1.03924000e+01,1.73738148e-01
4.46500000e+01,1.77071056e-03,4.36570678e-05,0.00000000e+00,0.00000000e+00,4.11452747e-04,2.49184515e-05,1.56716817e-04,1.83475880e-05,3.28951784e+00,7.15999395e-02,1.14898063e+04,2.61912034e+02,2.17324349e-03,5.29622091e-05,0.00000000e+00,0.00000000e+00,0.00000000e+00,0.00000000e+00
4.47500000e+01,1.77314110e-03,4.22181400e-05,0.00000000e+00,0.00000000e+00,3.95663403e-04,2.21876348e-05,1.55274471e-04,1.79387798e-05,3.29119995e+00,7.30608798e-02,1.14980429e+04,2.61877399e+02,2.15999042e-03,5.23750011e-05,0.00000000e+00,0.00000000e+00,1.03690000e+01,1.73369784e-01
4.48500000e+01,1.74697019e-03,4.19620839e-05,0.00000000e+00,0.00000000e+00,3.77373358e-04,1.94265655e-05,1.52810854e-04,1.75105888e-05,3.24168886e+00,7.01705191e-02,1.13483984e+04,2.57284931e+02,2.11542510e-03,4.96013757e-05,0.00000000e+00,0.00000000e+00,0.00000000e+00,0.00000000e+00
4.49500000e+01,1.75218542e-03,4.35900495e-05,0.00000000e+00,0.00000000e+00,3.77924148e-04,1.93896592e-05,1.52810854e-04,1.75105888e-05,3.25300178e+00,6.92254099e-02,1.14023673e+04,2.64960501e+02,2.12071338e-03,5.02047364e-05,0.00000000e+00,0.00000000e+00,1.03674000e+01,1.74879040e-01
4.50500000e+01,1.73772499e-03,4.38396598e-05,0.00000000e+00,0.00000000e+00,3.89267160e-04,1.80608117e-05,1.51756081e-04,1.73738245e-05,3.24560635e+00,7.16415806e-02,1.13429730e+04,2.72751389e+02,2.11719492e-03,5.16810852e-05,0.00000000e+00,0.00000000e+00,0.00000000e+00,0.00000000e+00
4.51500000e+01,1.73035073e-03,4.23070889e-05,0.00000000e+00,0.00000000e+00,3.91308832e-04,1.84334587e-05,1.51266597e-04,1.72611389e-05,3.23274161e+00,6.94593984e-02,1.13165143e+04,2.66661692e+02,2.11225018e-03,5.11574662e-05,0.00000000e+00,0.00000000e+00,1.03468000e+01,1.75124083e-01
4.52500000e+01,1.74140190e-03,4.35481980e-05,0.00000000e+00,0.00000000e+00,3.93874097e-04,1.85191332e-05,1.49621704e-04,1.70903359e-05,3.23754381e+00,7.00327502e-02,1.14076966e+04,2.72965829e+02,2.12600827e-03,5.23648474e-05,0.00000000e+00,0.00000000e+00,0.00000000e+00,0.00000000e+00
4.53500000e+01,1.73605029e-03,4.30491038e-05,0.00000000e+00,0.00000000e+00,3.99490620e-04,2.20536163e-05,1.46610872e-04,1.62379113e-05,3.24696683e+00,7.22466116e-02,1.14011569e+04,2.69802443e+02,2.12641281e-03,5.27948103e-05,0.00000000e+00,0.00000000e+00,1.03330000e+01,1.71368622e-01
4.54500000e+01,1.72035618e-03,4.27809835e-05,0.00000000e+00,0.00000000e+00,4.06497884e-04,2.40982470e-05,1.47151517e-04,1.62266961e-05,3.23646455e+00,7.20148939e-02,1.13247122e+04,2.72141963e+02,2.11753300e-03,5.47693636e-05,0.00000000e+00,0.00000000e+00,0.00000000e+00,0.00000000e+00
4.55500000e+01,1.72617033e-03,4.40801645e-05,0.00000000e+00,0.00000000e+00,4.02154578e-04,2.32103525e-05,1.42083999e-04,1.41243417e-05,3.24322685e+00,7.33353516e-02,1.13379445e+04,2.80089447e+02,2.11893708e-03,5.43047673e-05,0.00000000e+00,0.00000000e+00,1.03152000e+01,1.69737191e-01
4.56500000e+01,1.73535504e-03,4.28559130e-05,0.00000000e+00,0.00000000e+00,3.95605780e-04,2.15042226e-05,1.41185444e-04,1.39484055e-05,3.24619950e+00,7.16652284e-02,1.14010073e+04,2.71151823e+02,2.12153304e-03,5.37356846e-05,0.00000000e+00,0.00000000e+00,0.00000000e+00,0.00000000e+00
4.57500000e+01,1.70365690e-03,4.29392364e-05,0.00000000e+00,0.00000000e+00,3.97185919e-04,2.30816150e-05,1.42296968e-04,1.38172798e-05,3.22832625e+00,7.40136170e-02,1.12629609e+04,2.78424625e+02,2.09111143e-03,5.63722899e-05,0.00000000e+00,0.00000000e+00,1.03114000e+01,1.72671924e-01
4.58500000e+01,1.71422685e-03,4.37766487e-05,0.00000000e+00,0.00000000e+00,4.17349159e-04,2.52237734e-05,1.44594170e-04,1.39593563e-05,3.25658258e+00,7.55345089e-02,1.13658239e+04,2.84795681e+02,2.12152518e-03,5.77913826e-05,0.00000000e+00,0.00000000e+00,0.00000000e+00,0.00000000e+00
4.59500000e+01,1.71388826e-03,4.34799955e-05,0.00000000e+00,0.00000000e+00,4.25715095e-04,2.65431450e-05,1.43956709e-04,1.38269348e-05,3.25246596e+00,7.34835891e-02,1.13753663e+04,2.81196754e+02,2.12959550e-03,5.81047127e-05,0.00000000e+00,0.00000000e+00,1.03070000e+01,1.70747756e-01
4.60500000e+01,1.71951639e-03,4.41109843e-05,0.00000000e+00,0.00000000e+00,4.15495968e-04,2.45570917e-05,1.42643185e-04,1.37563275e-05,3.24344885e+00,7.57351582e-02,1.14178073e+04,2.97578299e+02,2.12500813e-03,5.76531463e-05,0.00000000e+00,0.00000000e+00,0.00000000e+00,0.00000000e+00
4.61500000e+01,1.71303757e-03,4.58417422e-05,0.00000000e+00,0.00000000e+00,4.07210755e-04,2.37302424e-05,1.40825965e-04,1.38686942e-05,3.23602304e+00,7.57522394e-02,1.13536625e+04,2.88062207e+02,2.11071535e-03,5.82279316e-05,0.00000000e+00,0.00000000e+00,1.02788000e+01,1.70336916e-01
4.62500000e+01,1.70827429e-03,4.84654988e-05,0.00000000e+00,0.00000000e+00,4.30764738e-04,3.24664266e-05,1.40842892e-04,1.38686044e-05,3.25178085e+00,7.73563046e-02,1.13526604e+04,3.03065753e+02,2.12945104e-03,6.29405738e-05,0.00000000e+00,0.00000000e+00,0.00000000e+00,0.00000000e+00
4.63500000e+01,1.70577625e-03,4.78177524e-05,0.00000000e+00,0.00000000e+00,4.39242536e-04,4.45722277e-05,1.39942991e-04,1.36762950e-05,3.23653448e+00,7.65840899e-02,1.13277876e+04,3.01854721e+02,2.13491185e-03,6.78621183e-05,0.00000000e+00,0.00000000e+00,1.02640000e+01,1.68235017e-01
4.64500000e+01,1.68300672e-03,4.61133874e-05,0.00000000e+00,0.00000000e+00,4.37724131e-04,3.95835009e-05,1.40721019e-04,1.38316507e-05,3.22217531e+00,7.52689148e-02,1.12430449e+04,2.96381917e+02,2.10954817e-03,6.58462495e-05,0.00000000e+00,0.00000000e+00,0.00000000e+00,0.00000000e+00
4.65500000e+01,1.67686492e-03,4.69645254e-05,0.00000000e+00,0.00000000e+00,3.85331736e-04,2.16770677e-05,1.38427517e-04,1.34471281e-05,3.21000302e+00,7.46652261e-02,1.12530939e+04,3.19979771e+02,2.04891152e-03,6.06819385e-05,0.00000000e+00,0.00000000e+00,1.02546000e+01,1.68979461e-01
4.66500000e+01,1.67509003e-03,4.64982656e-05,0.00000000e+00,0.00000000e+00,3.79053886e-04,1.86118093e-05,1.37244127e-04,1.35529880e-05,3.20351370e+00,7.27055731e-02,1.11728023e+04,2.89955001e+02,2.04323750e-03,5.88985181e-05,0.00000000e+00,0.00000000e+00,0.00000000e+00,0.00000000e+00
4.67500000e+01,1.67278568e-03,4.28970816e-05,0.00000000e+00,0.00000000e+00,3.91955969e-04,2.24964302e-05,1.49648120e-04,1.94398328e-05,3.18976677e+00,6.97075913e-02,1.11865244e+04,2.67695081e+02,2.05377058e-03,5.90941845e-05,0.00000000e+00,0.00000000e+00,1.02418000e+01,1.70688569e-01
4.68500000e+01,1.67937770e-03,4.26163269e-05,0.00000000e+00,0.00000000e+00,3.84492953e-04,1.85369296e-05,1.47688128e-04,1.92235392e-05,3.20731761e+00,7.01622109e-02,1.12146688e+04,2.68437842e+02,2.05314519e-03,5.46568185e-05,0.00000000e+00,0.00000000e+00,0.00000000e+00,0.00000000e+00
4.69500000e+01,1.67063160e-03,4.46552302e-05,0.00000000e+00,0.00000000e+00,3.95448728e-04,2.45175316e-05,1.34265302e-04,1.52229701e-05,3.21010913e+00,7.09887493e-02,1.11994487e+04,2.82491106e+02,2.05553316e-03,6.17650543e-05,0.00000000e+00,0.00000000e+00,1.02368000e+01,1.67240862e-01
4.70500000e+01,1.66198230e-03,4.38641378e-05,0.00000000e+00,0.00000000e+00,3.97077729e-04,2.12630295e-05,1.34287966e-04,1.58754046e-05,3.20493504e+00,7.37358900e-02,1.11743629e+04,2.81862162e+02,2.04873079e-03,5.52956765e-05,0.00000000e+00,0.00000000e+00,0.00000000e+00,0.00000000e+00
4.71500000e+01,1.64948374e-03,4.43145677e-05,0.00000000e+00,0.00000000e+00,3.90574502e-04,1.69809689e-05,1.34343736e-04,1.58741523e-05,3.20258058e+00,7.63698980e-02,1.11360806e+04,2.86483436e+02,2.02967646e-03,5.30838439e-05,0.00000000e+00,0.00000000e+00,1.02340000e+01,1.67063719e-01
4.72500000e+01,1.64467830e-03,4.35335103e-05,0.00000000e+00,0.00000000e+00,3.88399707e-04,1.61292931e-05,1.32873658e-04,1.58596880e-05,3.18944998e+00,7.62801065e-02,1.11310713e+04,2.85695305e+02,2.02188927e-03,5.17539554e-05,0.00000000e+00,0.00000000e+00,0.00000000e+00,0.00000000e+00
4.73500000e+01,1.63700787e-03,4.45344107e-05,0.00000000e+00,0.00000000e+00,3.83733804e-04,1.63359660e-05,1.29296786e-04,1.58732764e-05,3.18572635e+00,7.79677109e-02,1.11790370e+04,3.04460222e+02,2.00796984e-03,5.41220627e-05,0.00000000e+00,0.00000000e+00,1.02291999e+01,1.66225529e-01
4.74500000e+01,1.62879366e-03,4.73663851e-05,0.00000000e+00,0.00000000e+00,3.75239917e-04,1.86303088e-05,1.26754394e-04,1.55379220e-05,3.16250922e+00,8.10781496e-02,1.10797150e+04,3.09173989e+02,1.99227123e-03,5.87961633e-05,0.00000000e+00,0.00000000e+00,0.00000000e+00,0.00000000e+00
4.75500000e+01,1.63631790e-03,4.81514116e-05,0.00000000e+00,0.00000000e+00,3.81437982e-04,2.31475648e-05,1.17818920e-04,1.36081683e-05,3.15509403e+00,8.02473481e-02,1.11272393e+04,3.13231511e+02,2.00595631e-03,6.08490063e-05,0.00000000e+00,0.00000000e+00,1.02057999e+01,1.63632764e-01
4.76500000e+01,1.62753856e-03,5.02030576e-05,0.00000000e+00,0.00000000e+00,3.88022295e-04,1.80172313e-05,1.17864767e-04,1.36122161e-05,3.15638388e+00,8.27623041e-02,1.10490831e+04,3.30583808e+02,2.00458118e-03,5.98512364e-05,0.00000000e+00,0.00000000e+00,0.00000000e+00,0.00000000e+00
4.77500000e+01,1.60753856e-03,4.59670859e-05,0.00000000e+00,0.00000000e+00,4.34531554e-04,3.38257601e-05,1.17751804e-04,1.35467047e-05,3.14135291e+00,8.22542788e-02,1.09639616e+04,3.12657930e+02,2.03108381e-03,6.52348789e-05,0.00000000e+00,0.00000000e+00,1.01905999e+01,1.68147268e-01
4.78500000e+01,1.60859434e-03,4.69106349e-05,0.00000000e+00,0.00000000e+00,4.08800827e-04,2.77747072e-05,1.14163613e-04,1.23910178e-05,3.13861061e+00,8.15867780e-02,1.10024546e+04,3.17546541e+02,2.00636005e-03,6.14121944e-05,0.00000000e+00,0.00000000e+00,0.00000000e+00,0.00000000e+00
4.79500000e+01,1.59265279e-03,4.77723374e-05,0.00000000e+00,0.00000000e+00,4.00797042e-04,2.68264940e-05,1.12857908e-04,1.24445129e-05,3.12682811e+00,8.24748283e-02,1.09547141e+04,3.21807389e+02,1.98224382e-03,6.33838623e-05,0.00000000e+00,0.00000000e+00,1.01861999e+01,1.69806590e-01
4.80500000e+01,1.59447400e-03,4.37625845e-05,0.00000000e+00,0.00000000e+00,3.93350812e-04,2.36254146e-05,1.11898097e-04,1.25596187e-05,3.14149372e+00,7.73254944e-02,1.09780750e+04,3.00110956e+02,1.97526822e-03,5.75820943e-05,0.00000000e+00,0.00000000e+00,0.00000000e+00,0.00000000e+00
4.81500000e+01,1.58712109e-03,4.36433176e-05,0.00000000e+00,0.00000000e+00,3.86330986e-04,1.88855533e-05,1.24224708e-04,1.83379625e-05,3.14831242e+00,7.63054402e-02,1.09674879e+04,2.99315661e+02,1.96046517e-03,5.44144774e-05,0.00000000e+00,0.00000000e+00,1.01843999e+01,1.68616018e-01
4.82500000e+01,1.58700955e-03,4.54399353e-05,0.00000000e+00,0.00000000e+00,3.72923998e-04,1.80441559e-05,1.27288776e-04,2.24021528e-05,3.15223018e+00,7.76245851e-02,1.09722808e+04,3.10757026e+02,1.94707564e-03,5.83546105e-05,0.00000000e+00,0.00000000e+00,0.00000000e+00,0.00000000e+00
4.83500000e+01,1.60448047e-03,4.57617766e-05,0.00000000e+00,0.00000000e+00,3.90232402e-04,1.95219037e-05,1.27276069e-04,2.24008002e-05,3.16606740e+00,7.89107972e-02,1.11242720e+04,3.22675487e+02,1.98190320e-03,6.00463093e-05,0.00000000e+00,0.00000000e+00,1.01885999e+01,1.69981519e-01
4.84500000e+01,1.59164585e-03,4.76645466e-05,0.00000000e+00,0.00000000e+00,3.83903632e-04,2.00517243e-05,1.18338617e-04,1.67344895e-05,3.13505895e+00,7.88259090e-02,1.10007744e+04,3.21699898e+02,1.96291074e-03,6.06614971e-05,0.00000000e+00,0.00000000e+00,0.00000000e+00,0.00000000e+00
4.85500000e+01,1.58126155e-03,4.78010672e-05,0.00000000e+00,0.00000000e+00,3.93579756e-04,2.36880606e-05,1.04321619e-04,1.25741204e-05,3.11439480e+00,7.94556727e-02,1.09533094e+04,3.26674599e+02,1.96232733e-03,6.17487448e-05,0.00000000e+00,0.00000000e+00,1.01813999e+01,1.68714958e-01
4.86500000e+01,1.56936762e-03,4.55396214e-05,0.00000000e+00,0.00000000e+00,3.89503775e-04,2.33584089e-05,1.03942048e-04,1.29089075e-05,3.12156435e+00,7.73400147e-02,1.09217852e+04,3.08896960e+02,1.94624442e-03,5.65156498e-05,0.00000000e+00,0.00000000e+00,0.00000000e+00,0.00000000e+00
4.87500000e+01,1.56314730e-03,4.41156839e-05,0.00000000e+00,0.00000000e+00,3.80798498e-04,2.40751407e-05,9.94410258e-05,1.28014316e-05,3.10970174e+00,7.68848264e-02,1.09041841e+04,3.02629050e+02,1.93147443e-03,5.64017602e-05,0.00000000e+00,0.00000000e+00,1.01667999e+01,1.66884405e-01
4.88500000e+01,1.54843932e-03,4.20694463e-05,0.00000000e+00,0.00000000e+00,3.86976149e-04,2.66227894e-05,9.80906722e-05,1.28723523e-05,3.09352820e+00,7.76850626e-02,1.08035821e+04,2.94944599e+02,1.92312575e-03,5.59982632e-05,0.00000000e+00,0.00000000e+00,0.00000000e+00,0.00000000e+00
4.89500000e+01,1.55042230e-03,4.08883291e-05,0.00000000e+00,0.00000000e+00,4.20679873e-04,4.75181258e-05,9.80909275e-05,1.28724292e-05,3.09901626e+00,7.43931305e-02,1.08330578e+04,2.86836317e+02,1.95873819e-03,5.98934073e-05,0.00000000e+00,0.00000000e+00,1.01639999e+01,1.64485596e-01
4.90500000e+01,1.54617713e-03,4.24807539e-05,0.00000000e+00,0.00000000e+00,3.76892621e-04,2.25176533e-05,9.70890122e-05,1.24055866e-05,3.09386941e+00,7.73440781e-02,1.08257142e+04,2.94313739e+02,1.91114994e-03,5.31402459e-05,0.00000000e+00,0.00000000e+00,0.00000000e+00,0.00000000e+00
4.91500000e+01,1.54239111e-03,4.25835237e-05,0.00000000e+00,0.00000000e+00,3.85073445e-04,2.27491460e-05,9.63712066e-05,1.20608648e-05,3.12150943e+00,7.91714008e-02,1.08612775e+04,2.99549044e+02,1.91635625e-03,5.44206088e-05,0.00000000e+00,0.00000000e+00,1.01487999e+01,1.64140719e-01
4.92500000e+01,1.53439940e-03,4.36431147e-05,0.00000000e+00,0.00000000e+00,4.17528792e-04,3.09308232e-05,9.57474816e-05,1.18441584e-05,3.09753085e+00,7.82664359e-02,1.08097044e+04,2.99987660e+02,1.94082848e-03,6.14178805e-05,0.00000000e+00,0.00000000e+00,0.00000000e+00,0.00000000e+00
4.93500000e+01,1.52439799e-03,4.51676811e-05,0.00000000e+00,0.00000000e+00,4.58799864e-04,5.48585982e-05,9.65708175e-05,1.19490509e-05,3.08803130e+00,8.14650519e-02,1.07779911e+04,3.10020023e+02,1.97190655e-03,7.80981672e-05,0.00000000e+00,0.00000000e+00,1.01402000e+01,1.66335168e-01
4.94500000e+01,1.51351246e-03,4.46034102e-05,0.00000000e+00,0.00000000e+00,4.52344567e-04,5.26767409e-05,9.57611937e-05,1.18553152e-05,3.07877548e+00,7.93380722e-02,1.07557816e+04,3.13534740e+02,1.95396004e-03,7.68414388e-05,0.00000000e+00,0.00000000e+00,0.00000000e+00,0.00000000e+00
4.95500000e+01,1.52913254e-03,4.41969730e-05,0.00000000e+00,0.00000000e+00,4.74067963e-04,4.76286988e-05,9.54053119e-05,1.18363568e-05,3.10488301e+00,7.75254329e-02,1.09074024e+04,3.09432941e+02,1.99099912e-03,7.23664629e-05,0.00000000e+00,0.00000000e+00,1.01328000e+01,1.65898434e-01
4.96500000e+01,1.51295815e-03,4.53564957e-05,0.00000000e+00,0.00000000e+00,4.18884917e-04,3.19079039e-05,9.44838080e-05,1.19298216e-05,3.09409855e+00,7.98580832e-02,1.08758034e+04,3.24205845e+02,1.91922879e-03,6.54611398e-05,0.00000000e+00,0.00000000e+00,0.00000000e+00,0.00000000e+00
4.97500000e+01,1.50925666e-03,4.68631533e-05,0.00000000e+00,0.00000000e+00,4.32371711e-04,3.07883870e-05,9.14902618e-05,1.15058689e-05,3.08103535e+00,8.28896061e-02,1.08286457e+04,3.30566458e+02,1.92893849e-03,6.57367106e-05,0.00000000e+00,0.00000000e+00,1.01216000e+01,1.64827522e-01
4.98500000e+01,1.52125809e-03,4.73736101e-05,0.00000000e+00,0.00000000e+00,4.30513907e-04,3.12781770e-05,8.89243531e-05,1.12903981e-05,3.08420484e+00,8.31998266e-02,1.09015693e+04,3.28592932e+02,1.93855661e-03,6.67023874e-05,0.00000000e+00,0.00000000e+00,0.00000000e+00,0.00000000e+00
4.99500000e+01,1.51060594e-03,4.52620671e-05,5.82690045e-19,2.23264879e-20,4.20344086e-04,2.81594481e-05,8.88641856e-05,1.12824528e-05,3.09953449e+00,8.30066482e-02,1.08859821e+04,3.21092010e+02,1.91770131e-03,6.24130892e-05,1.47252660e-18,5.66946191e-20,1.01066000e+01,1.63946140e-01
5.00500000e+01,7.59317741e-04,2.40935241e-05,8.45072948e-03,2.67652009e-04,1.09105800e-02,4.33699706e-04,7.50962805e-05,8.88585336e-06,3.09333658e+00,8.30875058e-02,1.50177158e+06,4.73735810e+04,2.01295759e-02,6.94567652e-04,2.11923606e-02,6.70734676e-04,0.00000000e+00,0.00000000e+00
5.01500000e+01,7.51753602e-04,2.53112931e-05,8.43251401e-03,2.86127839e-04,1.02866240e-02,3.99467356e-04,7.57458822e-05,8.87585187e-06,3.07416960e+00,8.60726827e-02,1.49778134e+06,5.03960143e+04,1.94801690e-02,6.96394524e-04,2.11516272e-02,7.14847385e-04,1.00818000e+01,1.66335708e-01
5.02500000e+01,7.38810359e-04,2.33309845e-05,8.27137548e-03,2.65813635e-04,9.98260522e-03,3.90858668e-04,7.93659395e-05,9.39330143e-06,3.06068736e+00,8.51289089e-02,1.46896764e+06,4.72207813e+04,1.90027140e-02,6.67506887e-04,2.07676225e-02,6.67681218e-04,0.00000000e+00,0.00000000e+00
5.03500000e+01,7.33586956e-04,2.40155901e-05,8.22613828e-03,2.78619179e-04,9.57897669e-03,3.54968261e-04,8.28013038e-05,1.01366775e-05,3.04827403e+00,8.63722037e-02,1.46078828e+06,4.91274633e+04,1.85487106e-02,6.49407196e-04,2.06577429e-02,7.01052329e-04,1.00758000e+01,1.64896282e-01
5.04500000e+01,7.21642882e-04,2.32075286e-05,8.13706135e-03,2.65256566e-04,9.37498242e-03,3.34664995e-04,8.34668374e-05,1.00520773e-05,3.02814808e+00,8.40354683e-02,1.44717634e+06,4.68029795e+04,1.82437537e-02,6.14652157e-04,2.04335670e-02,6.65929766e-04,0.00000000e+00,0.00000000e+00
5.05500000e+01,7.21404152e-04,2.48540144e-05,8.14730733e-03,2.82015311e-04,9.40818337e-03,3.65576729e-04,8.49473367e-05,9.97983937e-06,3.04390365e+00,8.59816781e-02,1.44901140e+06,4.98154456e+04,1.82872390e-02,6.65114299e-04,2.04650191e-02,7.08099427e-04,1.00652000e+01,1.67520271e-01
5.06500000e+01,7.18383231e-04,2.39652142e-05,8.09931811e-03,2.69114210e-04,9.29683767e-03,3.51471168e-04,8.69132495e-05,1.00685366e-05,3.03979232e+00,8.48358212e-02,1.43972733e+06,4.74741708e+04,1.81249246e-02,6.35360535e-04,2.03485788e-02,6.76051314e-04,0.00000000e+00,0.00000000e+00
5.07500000e+01,7.09898952e-04,2.36639216e-05,8.03940314e-03,2.70519857e-04,9.12499052e-03,3.24309847e-04,8.43550473e-05,9.25253422e-06,3.01192595e+00,8.60311776e-02,1.42759447e+06,4.79375082e+04,1.78843642e-02,6.10494599e-04,2.01934778e-02,6.78714289e-04,1.00500000e+01,1.68083559e-01
5.08500000e+01,7.10551259e-04,2.27899581e-05,8.05230874e-03,2.60218916e-04,9.20264198e-03,3.18041420e-04,8.31341517e-05,8.97513162e-06,3.02802827e+00,8.64540188e-02,1.42906386e+06,4.61306056e+04,1.79762343e-02,5.91979826e-04,2.02303254e-02,6.53654530e-04,0.00000000e+00,0.00000000e+00
5.09500000e+01,7.00358849e-04,2.18429262e-05,7.90444975e-03,2.44366010e-04,9.05010280e-03,3.12069596e-04,8.79905207e-05,1.04563655e-05,2.99442636e+00,8.38041149e-02,1.40269460e+06,4.32460563e+04,1.76655273e-02,5.71361117e-04,1.98641781e-02,6.14508840e-04,1.00438000e+01,1.71350197e-01
5.10500000e+01,6.92419689e-04,2.04503361e-05,7.85177048e-03,2.31050762e-04,9.14637212e-03,2.90218716e-04,8.45052786e-05,9.13671946e-06,2.96784770e+00,8.26577433e-02,1.39265454e+06,4.10676772e+04,1.77010683e-02,5.29982274e-04,1.97319793e-02,5.81202925e-04,0.00000000e+00,0.00000000e+00
5.11500000e+01,6.88833945e-04,2.02589900e-05,7.81631511e-03,2.27578335e-04,9.01685992e-03,3.20125521e-04,8.62281162e-05,9.11584028e-06,2.96400270e+00,8.02859560e-02,1.38719594e+06,4.02787887e+04,1.75323488e-02,5.52646500e-04,1.96477151e-02,5.72143296e-04,1.00262000e+01,1.73096388e-01
5.12500000e+01,6.86105418e-04,2.06133679e-05,7.76120217e-03,2.33787135e-04,8.82785004e-03,3.02362847e-04,1.10881194e-04,2.06485563e-05,2.96118631e+00,8.25451129e-02,1.37683770e+06,4.12683785e+04,1.72866431e-02,5.46566238e-04,1.95288605e-02,5.87717385e-04,0.00000000e+00,0.00000000e+00
5.13500000e+01,6.86290081e-04,2.08179337e-05,7.75092568e-03,2.32730506e-04,8.74960292e-03,2.83558932e-04,1.07448291e-04,1.74245485e-05,2.97149401e+00,8.30158693e-02,1.37573809e+06,4.14096967e+04,1.71981189e-02,5.28847253e-04,1.95124898e-02,5.86184027e-04,1.00062000e+01,1.74343060e-01
5.14500000e+01,6.88709653e-04,2.06187204e-05,7.79202995e-03,2.33970904e-04,8.86387402e-03,2.96246774e-04,1.07060549e-04,1.75301601e-05,2.98233330e+00,8.18870747e-02,1.38072501e+06,4.16024828e+04,1.73564139e-02,5.44162902e-04,1.96121643e-02,5.88284018e-04,0.00000000e+00,0.00000000e+00
5.15500000e+01,6.81527709e-04,1.99077418e-05,7.70136936e-03,2.28187799e-04,8.76530058e-03,2.81594868e-04,1.06111867e-04,1.75399402e-05,2.96683701e+00,8.25805086e-02,1.36744151e+06,4.03426488e+04,1.71597885e-02,5.21776166e-04,1.93793907e-02,5.73144826e-04,9.98759996e+00,1.75014536e-01
5.16500000e+01,6.79785497e-04,1.89639168e-05,7.69003415e-03,2.17602289e-04,8.69419242e-03,2.63782541e-04,1.05997593e-04,1.73768963e-05,2.95160642e+00,7.99363816e-02,1.36523156e+06,3.84872861e+04,1.70754308e-02,4.93732897e-04,1.93535350e-02,5.46208356e-04,0.00000000e+00,0.00000000e+00
5.17500000e+01,6.80137933e-04,1.97627980e-05,7.73068009e-03,2.36031054e-04,8.78615425e-03,2.78018145e-04,1.05952032e-04,1.74178941e-05,2.97905602e+00,8.19018715e-02,1.37466391e+06,4.15487060e+04,1.72087480e-02,5.23636245e-04,1.94685289e-02,5.94386513e-04,9.97899996e+00,1.74212225e-01
5.18500000e+01,6.72068980e-04,2.02482329e-05,7.66019755e-03,2.43041656e-04,8.77318450e-03,3.17184551e-04,9.18347192e-05,1.05677441e-05,2.96048628e+00,8.35912698e-02,1.36121006e+06,4.28888440e+04,1.71165760e-02,5.52796752e-04,1.92879278e-02,6.10662534e-04,0.00000000e+00,0.00000000e+00
5.19500000e+01,6.73478136e-04,2.09346194e-05,7.62458453e-03,2.41843087e-04,8.68619761e-03,2.96744425e-04,8.68701991e-05,1.03874959e-05,2.95323247e+00,8.55819103e-02,1.35460047e+06,4.27435331e+04,1.69951337e-02,5.44350809e-04,1.91967778e-02,6.08314857e-04,9.96719996e+00,1.75392517e-01
5.20500000e+01,6.72887226e-04,2.06220724e-05,7.63992270e-03,2.37597002e-04,8.69984426e-03,3.18436054e-04,8.53828069e-05,1.03597220e-05,2.96725507e+00,8.45448506e-02,1.35789959e+06,4.21504870e+04,1.70230712e-02,5.56962952e-04,1.92321315e-02,5.98249612e-04,0.00000000e+00,0.00000000e+00
5.21500000e+01,6.69526025e-04,2.12250446e-05,7.58757386e-03,2.46642051e-04,8.60821747e-03,3.26688683e-04,8.41673404e-05,1.03287623e-05,2.93775169e+00,8.82961811e-02,1.34853879e+06,4.37492257e+04,1.68757125e-02,5.74438786e-04,1.91078336e-02,6.20863742e-04,9.96619997e+00,1.76410214e-01
5.22500000e+01,6.70791188e-04,2.17536339e-05,7.59033940e-03,2.57315004e-04,8.56542480e-03,3.38460046e-04,8.73329934e-05,1.33647219e-05,2.93335867e+00,8.72522629e-02,1.34632169e+06,4.52739126e+04,1.68372738e-02,5.95491536e-04,1.91186191e-02,6.49080128e-04,0.00000000e+00,0.00000000e+00
5.23500000e+01,6.62178918e-04,2.00170542e-05,7.50897417e-03,2.39590738e-04,8.50694676e-03,3.31019166e-04,8.03181478e-05,9.93335950e-06,2.90989566e+00,8.41326551e-02,1.33290326e+06,4.24254518e+04,1.66884951e-02,5.65975680e-04,1.89079165e-02,6.04316340e-04,9.94999997e+00,1.76912065e-01
5.24500000e+01,6.56173235e-04,1.99085932e-05,7.50804362e-03,2.35083421e-04,8.26128363e-03,2.74967991e-04,7.84618316e-05,9.82186131e-06,2.91538876e+00,8.48530062e-02,1.33321207e+06,4.16346139e+04,1.64362776e-02,5.25250323e-04,1.89088574e-02,5.92245357e-04,0.00000000e+00,0.00000000e+00
5.25500000e+01,6.53874778e-04,2.04051263e-05,7.42960906e-03,2.34237627e-04,8.19450405e-03,2.77529841e-04,7.82135994e-05,1.00286931e-05,2.91082443e+00,8.42742141e-02,1.31991109e+06,4.13770708e+04,1.62885081e-02,5.27228625e-04,1.87127384e-02,5.91043200e-04,9.93539997e+00,1.76205636e-01
5.26500000e+01,6.53084795e-04,1.98604721e-05,7.44467104e-03,2.33329009e-04,8.26037808e-03,2.60309895e-04,7.45663746e-05,8.61865365e-06,2.91820591e+00,8.26276979e-02,1.32236532e+06,4.11588133e+04,1.63684845e-02,5.03183429e-04,1.87498845e-02,5.88633959e-04,0.00000000e+00,0.00000000e+00
5.27500000e+01,6.47452926e-04,1.90427737e-05,7.38492782e-03,2.21713923e-04,8.09961443e-03,2.46745543e-04,7.21066468e-05,8.25828230e-06,2.89653217e+00,7.94115009e-02,1.31027639e+06,3.89723352e+04,1.61421111e-02,4.79729187e-04,1.85948208e-02,5.59303881e-04,9.92819997e+00,1.74769750e-01
5.28500000e+01,6.43495178e-04,1.91341310e-05,7.33936453e-03,2.22128719e-04,7.97048576e-03,2.51331162e-04,7.29656470e-05,8.34949793e-06,2.87269078e+00,7.95395297e-02,1.30282580e+06,3.91073378e+04,1.59634284e-02,4.85873387e-04,1.84954855e-02,5.59999101e-04,0.00000000e+00,0.00000000e+00
5.29500000e+01,6.44716509e-04,2.00431928e-05,7.33823167e-03,2.32597796e-04,7.95732522e-03,2.59761686e-04,8.85606170e-05,1.75739011e-05,2.87353618e+00,8.30945575e-02,1.30259754e+06,4.09922622e+04,1.59510905e-02,5.07334273e-04,1.84933496e-02,5.87448793e-04,9.93859997e+00,1.76874918e-01
5.30500000e+01,6.50062416e-04,2.02026529e-05,7.39460751e-03,2.41885460e-04,7.99641162e-03,2.67375301e-04,1.27361999e-04,4.24329476e-05,2.87919081e+00,8.45500623e-02,1.31241169e+06,4.23967241e+04,1.60530569e-02,5.24100746e-04,1.86461351e-02,6.12574612e-04,0.00000000e+00,0.00000000e+00
5.31500000e+01,6.46063579e-04,1.98920226e-05,7.34168534e-03,2.35541798e-04,7.80676110e-03,2.39623596e-04,1.20133942e-04,4.03235474e-05,2.86862935e+00,8.34233881e-02,1.30311182e+06,4.17505582e+04,1.58060712e-02,4.87814990e-04,1.85118186e-02,5.96560012e-04,9.91099997e+00,1.74688822e-01
5.32500000e+01,6.38756452e-04,1.94347717e-05,7.28607595e-03,2.32410920e-04,7.80487981e-03,2.32059662e-04,1.13338983e-04,3.42837441e-05,2.86920724e+00,8.45089157e-02,1.29447931e+06,4.12776673e+04,1.57415095e-02,4.76027921e-04,1.83768320e-02,5.89724288e-04,0.00000000e+00,0.00000000e+00
5.33500000e+01,6.32284770e-04,1.95379616e-05,7.22175142e-03,2.30809333e-04,7.75239642e-03,2.44228941e-04,1.00365240e-04,2.32546355e-05,2.84392427e+00,8.33197975e-02,1.28215338e+06,4.10193127e+04,1.56180346e-02,4.87076333e-04,1.82113313e-02,5.85299723e-04,9.87659997e+00,1.73302995e-01
5.34500000e+01,6.29886179e-04,2.00412558e-05,7.20306956e-03,2.31575561e-04,7.86581923e-03,2.64981940e-04,8.01944746e-05,1.40310169e-05,2.84485478e+00,8.48726148e-02,1.27752976e+06,4.09837889e+04,1.57097437e-02,5.07332051e-04,1.81545053e-02,5.85704281e-04,0.00000000e+00,0.00000000e+00
5.35500000e+01,6.29206113e-04,2.02049315e-05,7.16183049e-03,2.37868338e-04,7.82724815e-03,2.94061772e-04,7.96736347e-05,1.40362876e-05,2.83284904e+00,8.58243597e-02,1.27000505e+06,4.20020865e+04,1.56294322e-02,5.38842643e-04,1.80525612e-02,6.01316112e-04,9.86379997e+00,1.71604409e-01
5.36500000e+01,6.27552539e-04,2.03058111e-05,7.15189958e-03,2.44172907e-04,7.71479342e-03,2.93475709e-04,7.82850186e-05,1.38457493e-05,2.83341383e+00,8.75431059e-02,1.26779616e+06,4.31801822e+04,1.55051446e-02,5.45856306e-04,1.80278840e-02,6.16805997e-04,0.00000000e+00,0.00000000e+00
5.37500000e+01,6.29488641e-04,2.02638132e-05,7.16103668e-03,2.43226021e-04,7.63863650e-03,2.51487499e-04,7.53366200e-05,1.38925950e-05,2.85177459e+00,8.73023943e-02,1.27352432e+06,4.31301961e+04,1.54400828e-02,5.07361942e-04,1.80560094e-02,6.13286149e-04,9.84979997e+00,1.73815642e-01
5.38500000e+01,6.27128128e-04,2.02259270e-05,7.11435805e-03,2.39293900e-04,7.63890335e-03,2.43395075e-04,7.48573086e-05,1.39068610e-05,2.82650680e+00,8.50138510e-02,1.26545288e+06,4.24752878e+04,1.53913161e-02,4.94708937e-04,1.79373257e-02,6.03185280e-04,0.00000000e+00,0.00000000e+00
5.39500000e+01,6.34062138e-04,2.01782983e-05,7.17599477e-03,2.44794029e-04,7.79095878e-03,2.52876047e-04,7.66819798e-05,1.39634982e-05,2.83516705e+00,8.56315357e-02,1.27721461e+06,4.36019690e+04,1.56117072e-02,5.06884786e-04,1.80926260e-02,6.16909809e-04,9.81699998e+00,1.72882231e-01
5.40500000e+01,6.21982679e-04,1.98625180e-05,7.10342119e-03,2.33528557e-04,7.66807222e-03,2.39098444e-04,6.62299659e-05,7.61406600e-06,2.82034108e+00,8.42683408e-02,1.26323346e+06,4.16108012e+04,1.54036597e-02,4.83391595e-04,1.79055050e-02,5.87839607e-04,0.00000000e+00,0.00000000e+00
5.41500000e+01,6.19904320e-04,1.93423318e-05,7.07777645e-03,2.31043577e-04,7.53550499e-03,2.35007134e-04,6.58991995e-05,7.75111601e-06,2.83150630e+00,8.49040070e-02,1.25847122e+06,4.07618193e+04,1.52430748e-02,4.77826712e-04,1.78405818e-02,5.81408164e-04,9.79779998e+00,1.72852018e-01
5.42500000e+01,6.11782637e-04,1.94986606e-05,6.99685681e-03,2.29424635e-04,7.56178379e-03,2.63340442e-04,6.58744377e-05,7.34404210e-06,2.80699207e+00,8.40358511e-02,1.24507269e+06,4.07488612e+04,1.51806314e-02,5.03116387e-04,1.76458739e-02,5.78461389e-04,0.00000000e+00,0.00000000e+00
5.43500000e+01,6.13341144e-04,1.97625210e-05,6.95248781e-03,2.28776001e-04,7.53071059e-03,2.53279435e-04,6.53506750e-05,7.32084932e-06,2.79935413e+00,8.30240849e-02,1.23778645e+06,4.06122475e+04,1.51061962e-02,4.94371360e-04,1.75265937e-02,5.76949803e-04,9.79399998e+00,1.73843468e-01
5.44500000e+01,6.14117158e-04,2.02594105e-05,6.95722110e-03,2.26680041e-04,7.40313843e-03,2.28847732e-04,6.53137623e-05,7.44094518e-06,2.80189912e+00,8.27782925e-02,1.23714802e+06,4.03565871e+04,1.49841331e-02,4.68970492e-04,1.75366627e-02,5.71734825e-04,0.00000000e+00,0.00000000e+00
5.45500000e+01,6.12408096e-04,1.97132238e-05,6.93713780e-03,2.17611867e-04,7.40216991e-03,2.18831733e-04,6.39022510e-05,7.52502181e-06,2.78693708e+00,8.20251118e-02,1.23352000e+06,3.89629682e+04,1.49614888e-02,4.46938835e-04,1.74869369e-02,5.49658198e-04,9.79699998e+00,1.72457686e-01
5.46500000e+01,6.09009566e-04,2.03628447e-05,6.94006363e-03,2.25735290e-04,7.43571615e-03,2.33773454e-04,6.37889055e-05,7.62881025e-06,2.79965199e+00,8.51522219e-02,1.23204134e+06,4.01692818e+04,1.49947903e-02,4.70943297e-04,1.74937676e-02,5.69738431e-04,0.00000000e+00,0.00000000e+00
5.47500000e+01,6.09668543e-04,1.92673660e-05,6.97105173e-03,2.17199681e-04,7.41000888e-03,2.19683565e-04,6.70106168e-05,7.55828820e-06,2.81541422e+00,8.43011000e-02,1.23857051e+06,3.87008316e+04,1.50011074e-02,4.49959798e-04,1.75870668e-02,5.48458067e-04,9.78919998e+00,1.72626256e-01
5.48500000e+01,6.05281779e-04,1.87666014e-05,6.91900892e-03,2.08907361e-04,7.32719583e-03,2.18965565e-04,6.61908533e-05,7.72083954e-06,2.79803291e+00,8.10415687e-02,1.23035216e+06,3.71733698e+04,1.48620576e-02,4.37774857e-04,1.74639948e-02,5.28262968e-04,0.00000000e+00,0.00000000e+00
5.49500000e+01,6.01851624e-04,1.89474238e-05,6.87245654e-03,2.06667437e-04,7.34443872e-03,2.31578222e-04,6.69083498e-05,7.48601510e-06,2.77800368e+00,7.99006440e-02,1.22167264e+06,3.68148384e+04,1.48292059e-02,4.46526611e-04,1.73394964e-02,5.23178108e-04,9.78859998e+00,1.71872524e-01
5.50500000e+01,5.97297763e-04,1.93265343e-05,6.84495801e-03,2.17300919e-04,7.27579178e-03,2.13637815e-04,6.58476637e-05,7.40802073e-06,2.77627457e+00,8.24240882e-02,1.21591119e+06,3.86967888e+04,1.47287135e-02,4.42298362e-04,1.72724683e-02,5.49138073e-04,0.00000000e+00,0.00000000e+00
5.51500000e+01,5.94969487e-04,1.86501175e-05,6.84503458e-03,2.16909137e-04,7.30599359e-03,2.18104435e-04,6.68801325e-05,7.48700935e-06,2.77252033e+00,8.18702154e-02,1.21505900e+06,3.83477103e+04,1.47565258e-02,4.46179808e-04,1.72712930e-02,5.47734615e-04,9.78859998e+00,1.70412229e-01
5.52500000e+01,5.93314640e-04,1.78603088e-05,6.82785596e-03,2.13478675e-04,7.25635505e-03,2.03659582e-04,6.77578445e-05,7.66646565e-06,2.77465281e+00,8.15477440e-02,1.21216967e+06,3.79537582e+04,1.46884039e-02,4.26361223e-04,1.72341169e-02,5.41254617e-04,0.00000000e+00,0.00000000e+00
5.53500000e+01,5.93839915e-04,1.84084763e-05,6.77647973e-03,2.11245726e-04,7.54389179e-03,4.06980467e-04,7.28103797e-05,1.09227664e-05,2.76543521e+00,8.05789698e-02,1.20368628e+06,3.75322768e+04,1.49250647e-02,5.58799874e-04,1.71099732e-02,5.35173166e-04,9.79719998e+00,1.71901739e-01
5.54500000e+01,5.93206368e-04,1.92715619e-05,6.75317727e-03,2.12237471e-04,7.27741573e-03,2.36097339e-04,6.70240464e-05,7.34603532e-06,2.76308552e+00,8.29280625e-02,1.19924147e+06,3.77870929e+04,1.46344939e-02,4.48918329e-04,1.70497294e-02,5.36693012e-04,0.00000000e+00,0.00000000e+00
5.55500000e+01,5.91639218e-04,1.93639452e-05,6.74909685e-03,2.11755568e-04,7.26186736e-03,2.45279005e-04,6.70473495e-05,7.35821701e-06,2.75655831e+00,8.21332523e-02,1.19832788e+06,3.76704706e+04,1.46135366e-02,4.61880241e-04,1.70372112e-02,5.34864617e-04,9.79339998e+00,1.71589357e-01
5.56500000e+01,5.86493639e-04,1.86045885e-05,6.68123654e-03,2.07089310e-04,7.22944006e-03,2.54733339e-04,6.55846592e-05,7.29654607e-06,2.74001622e+00,8.00132267e-02,1.18595333e+06,3.67753259e+04,1.45078991e-02,4.70186330e-04,1.68664435e-02,5.22862499e-04,0.00000000e+00,0.00000000e+00
5.57500000e+01,5.82728650e-04,1.87863016e-05,6.69304560e-03,2.16477509e-04,7.06175822e-03,2.31928359e-04,6.76875013e-05,7.68235705e-06,2.73716715e+00,8.41967413e-02,1.18941231e+06,3.86107634e+04,1.43488490e-02,4.55981376e-04,1.69099789e-02,5.49438273e-04,9.77779998e+00,1.69022471e-01
5.58500000e+01,5.80802917e-04,1.83972333e-05,6.65336306e-03,2.09028780e-04,6.98816246e-03,2.27313703e-04,6.63863665e-05,7.74693822e-06,2.73455926e+00,8.17900317e-02,1.18268412e+06,3.71437587e+04,1.42330295e-02,4.47382828e-04,1.68048240e-02,5.29345556e-04,0.00000000e+00,0.00000000e+00
5.59500000e+01,5.87662918e-04,1.87809676e-05,6.70474216e-03,2.04976703e-04,7.12942847e-03,2.47595968e-04,6.46476681e-05,7.78376066e-06,2.74285798e+00,8.11167707e-02,1.19341983e+06,3.62903166e+04,1.44327191e-02,4.60971239e-04,1.69326690e-02,5.17699631e-04,9.75539998e+00,1.68831571e-01
5.60500000e+01,5.84804506e-04,1.85959648e-05,6.69641871e-03,2.07963554e-04,7.06010265e-03,2.27439815e-04,6.56889404e-05,8.12535914e-06,2.74839250e+00,8.13709502e-02,1.19035041e+06,3.68104918e+04,1.43527463e-02,4.45495245e-04,1.69253752e-02,5.26384747e-04,0.00000000e+00,0.00000000e+00
5.61500000e+01,5.77503398e-04,1.81960316e-05,6.59666671e-03,2.07414102e-04,7.08929379e-03,2.79695626e-04,6.46161111e-05,7.96027680e-06,2.71937259e+00,8.11632621e-02,1.17317590e+06,3.65465140e+04,1.42744834e-02,4.86643183e-04,1.66673254e-02,5.27279430e-04,9.74539998e+00,1.68951199e-01
5.62500000e+01,5.79935803e-04,1.81824029e-05,6.62895304e-03,2.11660605e-04,7.04337800e-03,2.52279694e-04,6.25207205e-05,8.06059306e-06,2.72551721e+00,8.25623803e-02,1.17740710e+06,3.72563954e+04,1.42632189e-02,4.70613115e-04,1.67474339e-02,5.36900401e-04,0.00000000e+00,0.00000000e+00
5.63500000e+01,5.76187139e-04,1.85681993e-05,6.56004550e-03,2.13965120e-04,6.96517650e-03,2.34225968e-04,6.08594802e-05,7.64092050e-06,2.71298657e+00,8.15386429e-02,1.16728682e+06,3.77356115e+04,1.41117752e-02,4.58015848e-04,1.65651428e-02,5.41755142e-04,9.73539998e+00,1.68013658e-01
5.64500000e+01,5.76739371e-04,1.85300793e-05,6.57109586e-03,2.09889722e-04,6.89848458e-03,2.27923718e-04,5.86963800e-05,7.50164897e-06,2.71959767e+00,8.23898108e-02,1.16936559e+06,3.72374024e+04,1.40565389e-02,4.45647083e-04,1.65920463e-02,5.31180935e-04,0.00000000e+00,0.00000000e+00
5.65500000e+01,5.75130886e-04,1.91208784e-05,6.55498252e-03,2.11325099e-04,6.87472422e-03,2.19879755e-04,5.85553077e-05,7.45968064e-06,2.71089637e+00,8.49399940e-02,1.16674276e+06,3.79295215e+04,1.40150437e-02,4.42257028e-04,1.65523344e-02,5.35002619e-04,9.71659998e+00,1.67138856e-01
5.66500000e+01,5.76488680e-04,1.85567629e-05,6.56749607e-03,2.00689298e-04,6.95265111e-03,2.21855998e-04,5.81919135e-05,7.45546929e-06,2.71992681e+00,8.36743884e-02,1.16918866e+06,3.60260278e+04,1.41067912e-02,4.31357183e-04,1.65821753e-02,5.06662611e-04,0.00000000e+00,0.00000000e+00
5.67500000e+01,5.75937619e-04,1.92305821e-05,6.51477190e-03,2.07497671e-04,6.97587168e-03,2.19173737e-04,5.72186115e-05,7.29909047e-06,2.70230951e+00,8.47140025e-02,1.15926473e+06,3.69230582e+04,1.40766271e-02,4.35264892e-04,1.64448535e-02,5.23514279e-04,9.69999999e+00,1.65843547e-01
5.68500000e+01,5.73098392e-04,1.82360724e-05,6.51639686e-03,2.01879314e-04,6.94041335e-03,2.19709729e-04,5.78088612e-05,7.46449796e-06,2.68887326e+00,8.09041203e-02,1.15817805e+06,3.59087407e+04,1.40406033e-02,4.28430361e-04,1.64540382e-02,5.09150919e-04,0.00000000e+00,0.00000000e+00
5.69500000e+01,5.72866104e-04,1.83699391e-05,6.51795259e-03,2.04173857e-04,6.96291413e-03,2.16773603e-04,6.39603674e-05,9.30517229e-06,2.68956965e+00,8.13464256e-02,1.15869492e+06,3.61352512e+04,1.40644196e-02,4.29854879e-04,1.64541610e-02,5.15273016e-04,9.68719999e+00,1.66427049e-01
5.70500000e+01,5.71567727e-04,1.89181375e-05,6.50041006e-03,2.07678985e-04,6.88003212e-03,2.24050280e-04,6.48676346e-05,9.53879301e-06,2.69392894e+00,8.23444971e-02,1.15636563e+06,3.70257159e+04,1.39626358e-02,4.42579376e-04,1.64158084e-02,5.23818346e-04,0.00000000e+00,0.00000000e+00
5.71500000e+01,5.71525789e-04,1.83761392e-05,6.50079607e-03,2.00572831e-04,6.87810397e-03,2.15169138e-04,6.53986163e-05,9.83968877e-06,2.68122214e+00,8.00978643e-02,1.15384245e+06,3.55463814e+04,1.39610863e-02,4.25447233e-04,1.64140192e-02,5.06162350e-04,9.68419998e+00,1.65520107e-01
5.72500000e+01,5.66230109e-04,1.92620869e-05,6.41731537e-03,2.03037080e-04,6.85650448e-03,2.39682198e-04,6.78976306e-05,9.91069983e-06,2.66207198e+00,8.10957279e-02,1.14050292e+06,3.61528668e+04,1.38507592e-02,4.52851557e-04,1.62074794e-02,5.12350346e-04,0.00000000e+00,0.00000000e+00
5.73500000e+01,5.67306497e-04,1.82507692e-05,6.40734233e-03,1.99605419e-04,6.94053031e-03,2.98799911e-04,6.72961702e-05,9.61123758e-06,2.64870381e+00,8.14358364e-02,1.13867786e+06,3.52900323e+04,1.39258755e-02,4.90414239e-04,1.61790430e-02,5.03042870e-04,9.66899998e+00,1.65108315e-01
5.74500000e+01,5.62871972e-04,1.79014520e-05,6.35711639e-03,2.01965399e-04,6.71713777e-03,2.35085547e-04,6.21990077e-05,8.60699814e-06,2.64325075e+00,8.12769061e-02,1.13169647e+06,3.58992754e+04,1.36475708e-02,4.48139698e-04,1.60541246e-02,5.09321511e-04,0.00000000e+00,0.00000000e+00
5.75500000e+01,5.62047280e-04,1.79285450e-05,6.40624244e-03,2.00351252e-04,6.74669424e-03,2.38067211e-04,5.97301369e-05,8.61018389e-06,2.65598573e+00,7.96068419e-02,1.13918572e+06,3.56051696e+04,1.37256694e-02,4.47312951e-04,1.61813339e-02,5.05424927e-04,9.64499998e+00,1.64936662e-01
5.76500000e+01,5.59884809e-04,1.78976467e-05,6.35136347e-03,1.97658228e-04,6.74025944e-03,2.29001955e-04,5.94052404e-05,8.68862677e-06,2.63961199e+00,7.94485340e-02,1.12929088e+06,3.50786787e+04,1.36618711e-02,4.31339357e-04,1.60441460e-02,4.99258834e-04,0.00000000e+00,0.00000000e+00
5.77500000e+01,5.53923836e-04,1.86652327e-05,6.26306925e-03,2.02304005e-04,6.66374701e-03,2.37688879e-04,6.03483106e-05,8.80269320e-06,2.62120597e+00,8.20219274e-02,1.11295965e+06,3.61012239e+04,1.34912727e-02,4.50201930e-04,1.58260720e-02,5.10834907e-04,9.65679998e+00,1.66408998e-01
5.78500000e+01,5.50467084e-04,1.69319381e-05,6.26195148e-03,1.89045686e-04,6.59506424e-03,2.24779018e-04,6.13225226e-05,9.13732953e-06,2.61654546e+00,7.62499544e-02,1.11272023e+06,3.35608474e+04,1.34182835e-02,4.22528821e-04,1.58240444e-02,4.77491309e-04,0.00000000e+00,0.00000000e+00
5.79500000e+01,5.52055435e-04,1.77455754e-05,6.22559463e-03,1.95053419e-04,6.65564435e-03,2.45714345e-04,6.30099497e-05,9.58123325e-06,2.61133806e+00,7.87620963e-02,1.10572101e+06,3.44871666e+04,1.34436706e-02,4.47420812e-04,1.57329696e-02,4.92716988e-04,9.65019998e+00,1.66781905e-01
5.80500000e+01,5.49285061e-04,1.79372782e-05,6.19372845e-03,1.98134494e-04,6.36836407e-03,2.22225810e-04,6.35306791e-05,9.60219906e-06,2.60743842e+00,8.03391067e-02,1.09970440e+06,3.51845550e+04,1.31217278e-02,4.32337780e-04,1.56570935e-02,5.00683002e-04,0.00000000e+00,0.00000000e+00
5.81500000e+01,5.50405196e-04,1.73318964e-05,6.21861478e-03,1.93677314e-04,6.47522067e-03,2.21507852e-04,6.25390001e-05,9.15389129e-06,2.60628958e+00,7.82872080e-02,1.10389742e+06,3.44261743e+04,1.32547595e-02,4.25405982e-04,1.57207335e-02,4.90057206e-04,9.64959998e+00,1.63977342e-01
5.82500000e+01,5.45115622e-04,1.75250761e-05,6.15037357e-03,1.91788100e-04,6.43795121e-03,2.23044491e-04,6.00265777e-05,8.84377388e-06,2.59227913e+00,7.82710298e-02,1.09133768e+06,3.41423600e+04,1.31436149e-02,4.24815571e-04,1.55434888e-02,4.84918647e-04,0.00000000e+00,0.00000000e+00
5.83500000e+01,5.43566529e-04,1.72209135e-05,6.14205248e-03,1.88384944e-04,6.41008332e-03,2.19111381e-04,5.92281102e-05,8.85529661e-06,2.57743275e+00,7.50196824e-02,1.09021357e+06,3.34821175e+04,1.31057673e-02,4.12739413e-04,1.55141594e-02,4.75772248e-04,9.63679999e+00,1.65575174e-01
5.84500000e+01,5.41243355e-04,1.73335286e-05,6.11311615e-03,1.89163445e-04,6.30528095e-03,2.07549519e-04,6.77478417e-05,1.45445135e-05,2.57347847e+00,7.59550984e-02,1.08557987e+06,3.38802515e+04,1.29700347e-02,4.06400796e-04,1.54471759e-02,4.78154678e-04,0.00000000e+00,0.00000000e+00
5.85500000e+01,5.42538748e-04,1.72422422e-05,6.08628544e-03,1.89724384e-04,6.35951349e-03,2.13346357e-04,8.75591910e-05,3.35144466e-05,2.56807839e+00,7.55804194e-02,1.08175005e+06,3.37187217e+04,1.29994774e-02,4.11935498e-04,1.53845521e-02,4.80893723e-04,9.61219999e+00,1.66246754e-01
5.86500000e+01,5.41279847e-04,1.78146970e-05,6.08480121e-03,1.96245330e-04,6.39391738e-03,2.46064016e-04,8.83213202e-05,3.35287246e-05,2.55474085e+00,7.83540274e-02,1.08216776e+06,3.49681405e+04,1.30310458e-02,4.53120556e-04,1.53776737e-02,4.95978538e-04,0.00000000e+00,0.00000000e+00
5.87500000e+01,5.41318662e-04,1.74046469e-05,6.10494202e-03,1.91984035e-04,6.43715471e-03,2.40707584e-04,8.68926763e-05,3.35115041e-05,2.57389921e+00,7.75439134e-02,1.08444900e+06,3.42551877e+04,1.30944795e-02,4.40754891e-04,1.54336431e-02,4.85074375e-04,9.59919999e+00,1.68164119e-01
5.88500000e+01,5.40731064e-04,1.67420251e-05,6.09452466e-03,1.87157610e-04,6.52517998e-03,2.41025335e-04,8.57203852e-05,3.35256572e-05,2.57995457e+00,7.56430748e-02,1.08452810e+06,3.34507251e+04,1.31711317e-02,4.29660284e-04,1.54070229e-02,4.72635329e-04,0.00000000e+00,0.00000000e+00
5.89500000e+01,5.36436554e-04,1.66589855e-05,6.07703759e-03,1.86151210e-04,6.25058841e-03,1.96049583e-04,8.68262760e-05,3.34945299e-05,2.57501457e+00,7.60333666e-02,1.07967168e+06,3.34601748e+04,1.28749949e-02,3.93071853e-04,1.53665069e-02,4.70438650e-04,9.58499999e+00,1.66853047e-01
5.90500000e+01,5.34668159e-04,1.69149481e-05,6.06286288e-03,1.85318674e-04,6.23540813e-03,1.93797760e-04,8.90549538e-05,3.35131248e-05,2.55765100e+00,7.65877334e-02,1.07678622e+06,3.33302935e+04,1.28442804e-02,3.90298413e-04,1.53341086e-02,4.68485573e-04,0.00000000e+00,0.00000000e+00
5.91500000e+01,5.34900401e-04,1.69042546e-05,6.06434146e-03,1.85271400e-04,6.22195851e-03,1.95175845e-04,1.02670684e-04,3.45271621e-05,2.55453855e+00,7.64804567e-02,1.07732529e+06,3.33630167e+04,1.28334437e-02,3.92468240e-04,1.53475360e-02,4.68903304e-04,9.57199999e+00,1.67170939e-01
5.92500000e+01,5.30811661e-04,1.63945254e-05,6.01195313e-03,1.80537505e-04,6.20493628e-03,1.94998722e-04,1.04184143e-04,3.47668241e-05,2.53843882e+00,7.65666248e-02,1.06862501e+06,3.24989447e+04,1.27597701e-02,3.87319346e-04,1.52153669e-02,4.57647059e-04,0.00000000e+00,0.00000000e+00
5.93500000e+01,5.30332209e-04,1.70061893e-05,6.05162716e-03,1.86971806e-04,6.32193343e-03,1.99610883e-04,9.34892168e-05,2.99126116e-05,2.54107522e+00,7.77929021e-02,1.07590717e+06,3.34381984e+04,1.29154897e-02,3.93055502e-04,1.53093404e-02,4.72951120e-04,9.57279999e+00,1.67922248e-01
5.94500000e+01,5.27579962e-04,1.69635093e-05,6.05485949e-03,1.95173327e-04,6.26267679e-03,2.10211286e-04,9.07473530e-05,2.72343415e-05,2.52706634e+00,7.70566224e-02,1.07559975e+06,3.48472101e+04,1.28569206e-02,4.09016446e-04,1.53187440e-02,4.93311744e-04,0.00000000e+00,0.00000000e+00
5.95500000e+01,5.24748773e-04,1.69450768e-05,5.96983937e-03,1.88505021e-04,6.25362706e-03,2.08110971e-04,8.42782518e-05,2.08256326e-05,2.51108948e+00,7.89052573e-02,1.06221005e+06,3.36111821e+04,1.27593092e-02,4.00459225e-04,1.51050794e-02,4.77152180e-04,9.56839999e+00,1.66588915e-01
5.96500000e+01,5.31382744e-04,1.69176405e-05,6.01961163e-03,1.90861235e-04,6.38948660e-03,2.33915018e-04,7.28816667e-05,1.45658782e-05,2.52212476e+00,7.76123593e-02,1.06985271e+06,3.40274331e+04,1.29512744e-02,4.12012231e-04,1.52259184e-02,4.83467485e-04,0.00000000e+00,0.00000000e+00
5.97500000e+01,5.30600373e-04,1.69886882e-05,6.01651542e-03,1.94632862e-04,6.31528389e-03,1.88123736e-04,6.09908728e-05,1.04127771e-05,2.51490091e+00,7.70250851e-02,1.06849932e+06,3.44846375e+04,1.28726355e-02,3.90060872e-04,1.52098333e-02,4.91747394e-04,9.55599999e+00,1.68080643e-01
5.98500000e+01,5.26031688e-04,1.70935155e-05,6.00936428e-03,1.92025061e-04,6.23058733e-03,1.97887688e-04,6.05087251e-05,1.04499797e-05,2.51339522e+00,7.71841231e-02,1.06988886e+06,3.41607999e+04,1.27766909e-02,4.00063021e-04,1.51990352e-02,4.83450117e-04,0.00000000e+00,0.00000000e+00
5.99500000e+01,5.20380715e-04,1.69992429e-05,5.96193470e-03,1.97107522e-04,6.17911633e-03,1.94422139e-04,6.08276747e-05,1.06566998e-05,2.49199148e+00,7.79240924e-02,1.06154912e+06,3.52299228e+04,1.26720432e-02,4.03012351e-04,1.50769380e-02,4.98241180e-04,9.55799999e+00,1.70172782e-01
6.00500000e+01,5.17482572e-04,1.68289976e-05,5.91720998e-03,1.93329584e-04,6.14575634e-03,1.98971916e-04,5.83016879e-05,1.00822279e-05,2.48323366e+00,7.81021724e-02,1.05365007e+06,3.44574200e+04,1.25906121e-02,4.03931098e-04,1.49624414e-02,4.87391624e-04,0.00000000e+00,0.00000000e+00
6.01500000e+01,5.18373746e-04,1.67896766e-05,5.92592608e-03,1.93210560e-04,6.11695265e-03,1.96113519e-04,5.73705840e-05,9.99022128e-06,2.49454483e+00,7.87792437e-02,1.05470727e+06,3.42596526e+04,1.25712421e-02,4.00440359e-04,1.49931835e-02,4.88027675e-04,9.54219999e+00,1.72485621e-01
6.02500000e+01,5.19816968e-04,1.71579987e-05,5.91890984e-03,1.92266292e-04,6.06134228e-03,2.04038100e-04,5.71146399e-05,9.85349816e-06,2.49667487e+00,7.84873017e-02,1.05317184e+06,3.42167139e+04,1.25105883e-02,4.08452693e-04,1.49698070e-02,4.84629033e-04,0.00000000e+00,0.00000000e+00
6.03500000e+01,5.15780133e-04,1.65129920e-05,5.87040056e-03,1.86047516e-04,6.00238153e-03,1.93496165e-04,6.03182914e-05,1.08979131e-05,2.47564372e+00,7.61962133e-02,1.04378864e+06,3.33351018e+04,1.23991006e-02,3.91614128e-04,1.48470059e-02,4.70077170e-04,9.52959999e+00,1.71528296e-01
6.04500000e+01,5.12157594e-04,1.62325972e-05,5.87721287e-03,1.82145162e-04,5.97666856e-03,1.80679298e-04,6.02796536e-05,1.12393765e-05,2.46189410e+00,7.37681419e-02,1.04616051e+06,3.27074835e+04,1.23769092e-02,3.75420986e-04,1.48730771e-02,4.62018578e-04,0.00000000e+00,0.00000000e+00
6.05500000e+01,5.07777833e-04,1.54224057e-05,5.79809755e-03,1.74212919e-04,5.93013107e-03,1.80282859e-04,5.60574575e-05,9.95437553e-06,2.43798669e+00,7.32343935e-02,1.03115639e+06,3.15124004e+04,1.22462840e-02,3.62828930e-04,1.46617912e-02,4.41768027e-04,9.51859999e+00,1.71423575e-01
6.06500000e+01,5.07637439e-04,1.59900725e-05,5.76815913e-03,1.80813112e-04,5.84431270e-03,1.76515257e-04,5.26872836e-05,9.42319495e-06,2.42974984e+00,7.40095556e-02,1.02635428e+06,3.23955910e+04,1.21300960e-02,3.67844427e-04,1.45852549e-02,4.57915829e-04,0.00000000e+00,0.00000000e+00
6.07500000e+01,5.09255164e-04,1.61336696e-05,5.82338826e-03,1.86944285e-04,5.94745188e-03,1.88736895e-04,5.16348341e-05,9.36606546e-06,2.45528954e+00,7.54145377e-02,1.03591675e+06,3.33844571e+04,1.22901730e-02,3.85092464e-04,1.47262445e-02,4.73677871e-04,9.50119999e+00,1.70879035e-01
6.08500000e+01,5.07017017e-04,1.58638438e-05,5.81922447e-03,1.85010278e-04,5.89995786e-03,1.90236037e-04,5.71929158e-05,1.06941552e-05,2.44899467e+00,7.57908908e-02,1.03530967e+06,3.30144304e+04,1.22365214e-02,3.86664090e-04,1.47158969e-02,4.68957130e-04,0.00000000e+00,0.00000000e+00
6.09500000e+01,5.10091262e-04,1.59885710e-05,5.80387443e-03,1.80893472e-04,5.95593842e-03,1.97365764e-04,7.15468039e-05,2.16891246e-05,2.44160009e+00,7.46389262e-02,1.03220537e+06,3.24749481e+04,1.22802718e-02,3.87825844e-04,1.46758842e-02,4.58973077e-04,9.48599999e+00,1.69492882e-01
6.10500000e+01,5.08886029e-04,1.55527799e-05,5.79312263e-03,1.75607837e-04,5.98686239e-03,1.89489956e-04,7.17130690e-05,2.15180235e-05,2.43566529e+00,7.26352558e-02,1.03024207e+06,3.14523621e+04,1.22990443e-02,3.64003254e-04,1.46482691e-02,4.45446249e-04,0.00000000e+00,0.00000000e+00
6.11500000e+01,5.01967289e-04,1.55425019e-05,5.75584141e-03,1.76793446e-04,5.88731318e-03,2.01758489e-04,5.93022495e-05,1.23244754e-05,2.42545899e+00,7.37776296e-02,1.02402144e+06,3.15624797e+04,1.21548492e-02,3.87585368e-04,1.45543482e-02,4.47542559e-04,9.48319999e+00,1.67685674e-01
6.12500000e+01,5.01986766e-04,1.54524173e-05,5.76093269e-03,1.79048353e-04,5.94019629e-03,2.03594837e-04,5.05807191e-05,9.56683595e-06,2.42857083e+00,7.46113327e-02,1.02568997e+06,3.18327685e+04,1.22126412e-02,3.90506917e-04,1.45615636e-02,4.52806271e-04,0.00000000e+00,0.00000000e+00
6.13500000e+01,5.05264410e-04,1.56483963e-05,5.79252276e-03,1.77018788e-04,5.93832581e-03,2.04113806e-04,5.23024997e-05,9.74497583e-06,2.42925619e+00,7.45665151e-02,1.03044670e+06,3.13271458e+04,1.22458723e-02,3.90395516e-04,1.46476582e-02,4.47030261e-04,9.48639999e+00,1.67518690e-01
6.14500000e+01,4.99368612e-04,1.55781477e-05,5.71715396e-03,1.76002515e-04,5.84088759e-03,1.96515766e-04,5.15974829e-05,9.66848385e-06,2.41375961e+00,7.35019535e-02,1.01621780e+06,3.10307102e+04,1.20668927e-02,3.83155387e-04,1.44558098e-02,4.44420607e-04,0.00000000e+00,0.00000000e+00
6.15500000e+01,4.98770881e-04,1.53431427e-05,5.72416777e-03,1.71543314e-04,5.85818885e-03,1.89240735e-04,4.98253102e-05,9.62891190e-06,2.42939936e+00,7.37536936e-02,1.01653798e+06,3.04575462e+04,1.20903151e-02,3.71786018e-04,1.44711115e-02,4.33440353e-04,9.47499999e+00,1.68523299e-01
6.16500000e+01,4.94066682e-04,1.54597939e-05,5.67812193e-03,1.75264014e-04,5.81404461e-03,1.86202892e-04,4.99663040e-05,9.76246074e-06,2.40889029e+00,7.44132270e-02,1.00894878e+06,3.12064338e+04,1.19956343e-02,3.71804414e-04,1.43559420e-02,4.42933897e-04,0.00000000e+00,0.00000000e+00
6.17500000e+01,4.99965092e-04,1.55451975e-05,5.71919142e-03,1.71760997e-04,5.86834282e-03,1.82423782e-04,5.36826989e-05,1.29819917e-05,2.41734624e+00,7.25760190e-02,1.01611737e+06,3.06260922e+04,1.20968953e-02,3.63815284e-04,1.44571745e-02,4.34878147e-04,9.47159999e+00,1.67032042e-01
6.18500000e+01,4.98750777e-04,1.59374724e-05,5.71653694e-03,1.80088913e-04,5.85187448e-03,1.86461141e-04,5.41137640e-05,1.47698306e-05,2.41298894e+00,7.39247375e-02,1.01606582e+06,3.19389392e+04,1.20764591e-02,3.78014756e-04,1.44538550e-02,4.56174414e-04,0.00000000e+00,0.00000000e+00
6.19500000e+01,5.00083958e-04,1.55036334e-05,5.72086915e-03,1.81957089e-04,5.86025918e-03,1.90569035e-04,5.39339913e-05,1.47723224e-05,2.41417233e+00,7.28062646e-02,1.01691762e+06,3.22665707e+04,1.20908402e-02,3.83711845e-04,1.44645942e-02,4.60862515e-04,9.45479999e+00,1.67231294e-01
6.20500000e+01,4.94163259e-04,1.56606546e-05,5.63244519e-03,1.80594610e-04,5.79466157e-03,1.88969912e-04,5.32270791e-05,1.47250426e-05,2.39744243e+00,7.45240830e-02,1.00304295e+06,3.21701935e+04,1.19305585e-02,3.80969817e-04,1.42421008e-02,4.56842285e-04,0.00000000e+00,0.00000000e+00
6.21500000e+01,4.96110144e-04,1.63051479e-05,5.64944780e-03,1.83613773e-04,5.81352198e-03,1.87976226e-04,6.44644361e-05,1.69407312e-05,2.39576640e+00,7.69169988e-02,1.00548236e+06,3.25987666e+04,1.19688833e-02,3.82896309e-04,1.42901390e-02,4.64530375e-04,9.45139999e+00,1.66819716e-01
6.22500000e+01,4.93033376e-04,1.62123129e-05,5.63291105e-03,1.79518184e-04,5.80187483e-03,2.01407474e-04,6.50225192e-05,1.69589647e-05,2.38512949e+00,7.54282570e-02,1.00293291e+06,3.19364846e+04,1.19377304e-02,3.89404851e-04,1.42568347e-02,4.55202758e-04,0.00000000e+00,0.00000000e+00
6.23500000e+01,4.96936090e-04,1.66710028e-05,5.64673341e-03,1.81041982e-04,5.90795787e-03,2.11682727e-04,7.91288754e-05,2.06341604e-05,2.39477530e+00,7.71185719e-02,1.00426511e+06,3.23842999e+04,1.20612256e-02,3.94677680e-04,1.42947479e-02,4.59829679e-04,9.44059999e+00,1.67073347e-01
6.24500000e+01,4.94517063e-04,1.64615946e-05,5.63269795e-03,1.79495276e-04,5.98596611e-03,2.25476494e-04,7.17376361e-05,2.10459232e-05,2.39144635e+00,7.56676069e-02,1.00337949e+06,3.21312144e+04,1.21225623e-02,3.97671648e-04,1.42470564e-02,4.55828774e-04,0.00000000e+00,0.00000000e+00
6.25500000e+01,4.92867719e-04,1.67392987e-05,5.60425815e-03,1.77266864e-04,5.82331580e-03,2.00557116e-04,6.68745805e-05,1.84975248e-05,2.38690586e+00,7.63733886e-02,9.98705443e+05,3.17267828e+04,1.19301783e-02,3.88675046e-04,1.41802482e-02,4.49324560e-04,9.42599999e+00,1.67246367e-01
6.26500000e+01,4.94643250e-04,1.66993524e-05,5.62342635e-03,1.80794305e-04,5.83759480e-03,1.99970074e-04,5.44590026e-05,1.49262627e-05,2.39153094e+00,7.54456647e-02,1.00162231e+06,3.21842445e+04,1.19651377e-02,3.91275550e-04,1.42249691e-02,4.58065889e-04,0.00000000e+00,0.00000000e+00
6.27500000e+01,4.92186284e-04,1.63361189e-05,5.58720737e-03,1.76914812e-04,5.75572029e-03,2.09232968e-04,5.24911366e-05,1.49676536e-05,2.38619243e+00,7.38801917e-02,9.95228997e+05,3.16804675e+04,1.18443470e-02,3.97922769e-04,1.41367392e-02,4.48563836e-04,9.41639999e+00,1.67024810e-01
6.28500000e+01,4.89775237e-04,1.64289877e-05,5.58194742e-03,1.79650906e-04,5.75974628e-03,2.06684735e-04,5.23127905e-05,1.49822358e-05,2.38294693e+00,7.45891022e-02,9.94251274e+05,3.20923902e+04,1.18408104e-02,3.97380834e-04,1.41216066e-02,4.56107668e-04,0.00000000e+00,0.00000000e+00
6.29500000e+01,4.87626264e-04,1.60947671e-05,5.57269773e-03,1.74775089e-04,5.72296052e-03,1.97244348e-04,5.55126075e-05,1.51519791e-05,2.37439734e+00,7.29327332e-02,9.91390305e+05,3.12173457e+04,1.17927561e-02,3.82564195e-04,1.40976631e-02,4.43743110e-04,9.39459998e+00,1.64902746e-01
6.30500000e+01,4.93383155e-04,1.66884724e-05,5.66183624e-03,1.98220781e-04,5.81560863e-03,2.01469655e-04,5.61962815e-05,1.52764887e-05,2.38895784e+00,7.47533985e-02,1.00761343e+06,3.52895395e+04,1.19803384e-02,4.10148759e-04,1.43165785e-02,5.01512055e-04,0.00000000e+00,0.00000000e+00
6.31500000e+01,4.94972665e-04,1.66923641e-05,5.64764911e-03,1.85671476e-04,5.85119989e-03,2.00272613e-04,5.70974986e-05,1.52809900e-05,2.39358594e+00,7.66143948e-02,1.00556115e+06,3.30069073e+04,1.20034286e-02,3.95540154e-04,1.42813802e-02,4.70581902e-04,9.40479998e+00,1.65523844e-01
6.32500000e+01,4.97504154e-04,1.69524947e-05,5.67672090e-03,1.90436059e-04,5.92913904e-03,2.08821611e-04,5.40252485e-05,1.49556504e-05,2.38715306e+00,7.76660717e-02,1.01050189e+06,3.37094321e+04,1.21128127e-02,4.08796287e-04,1.43481080e-02,4.82157181e-04,0.00000000e+00,0.00000000e+00
6.33500000e+01,4.93464506e-04,1.64533742e-05,5.61432363e-03,1.82063168e-04,5.76652970e-03,1.92506672e-04,5.34825048e-05,1.49120605e-05,2.38433060e+00,7.47937735e-02,9.98427766e+05,3.22805760e+04,1.18836781e-02,3.87401599e-04,1.41950198e-02,4.61561706e-04,9.37519998e+00,1.67543415e-01
6.34500000e+01,4.89913979e-04,1.63021210e-05,5.57884754e-03,1.87361490e-04,5.68578067e-03,1.93585340e-04,5.28220953e-05,1.48854099e-05,2.36983938e+00,7.57298222e-02,9.93069383e+05,3.32018108e+04,1.17638362e-02,3.92619230e-04,1.41116032e-02,4.76119903e-04,0.00000000e+00,0.00000000e+00
6.35500000e+01,4.88789926e-04,1.62569111e-05,5.57099465e-03,1.82457242e-04,5.70102325e-03,1.91801407e-04,5.46686921e-05,1.48550666e-05,2.36101906e+00,7.50602076e-02,9.90658624e+05,3.26186647e+04,1.17707547e-02,3.84634221e-04,1.40936413e-02,4.63547406e-04,9.37619998e+00,1.65212516e-01
6.36500000e+01,4.86828772e-04,1.60478075e-05,5.53860877e-03,1.78653827e-04,5.78990442e-03,2.00417704e-04,5.68631712e-05,1.52132195e-05,2.34411011e+00,7.31743709e-02,9.83628970e+05,3.18996089e+04,1.18251041e-02,3.86123215e-04,1.40176088e-02,4.56687802e-04,0.00000000e+00,0.00000000e+00
6.37500000e+01,4.85927977e-04,1.60879432e-05,5.54799944e-03,1.77523196e-04,5.76167756e-03,2.10369110e-04,6.29583250e-05,1.67847330e-05,2.36082302e+00,7.34609998e-02,9.85910557e+05,3.18929258e+04,1.18049597e-02,3.91130731e-04,1.40331062e-02,4.49201300e-04,9.35339998e+00,1.65336915e-01
6.38500000e+01,4.84984046e-04,1.59045694e-05,5.50867232e-03,1.75385995e-04,5.67335986e-03,1.93266575e-04,6.37813487e-05,1.86524921e-05,2.34512268e+00,7.36571949e-02,9.79522609e+05,3.14137321e+04,1.16766081e-02,3.78269380e-04,1.39380522e-02,4.45360393e-04,0.00000000e+00,0.00000000e+00
6.39500000e+01,4.85838543e-04,1.61234015e-05,5.50413916e-03,1.79898670e-04,5.71894141e-03,2.00985695e-04,5.53516611e-05,1.49801641e-05,2.33857370e+00,7.52569535e-02,9.78981722e+05,3.21542975e+04,1.17176598e-02,3.92450745e-04,1.39133814e-02,4.56316733e-04,9.33679998e+00,1.65540906e-01
6.40500000e+01,4.89526477e-04,1.67985753e-05,5.52956265e-03,1.79777570e-04,5.73849077e-03,1.95992183e-04,5.85451932e-05,1.51010353e-05,2.34960080e+00,7.58940035e-02,9.84851080e+05,3.19686567e+04,1.17664745e-02,3.86132662e-04,1.39938506e-02,4.54219968e-04,0.00000000e+00,0.00000000e+00
6.41500000e+01,4.84261815e-04,1.63838283e-05,5.48518870e-03,1.82562198e-04,5.66561729e-03,1.96287738e-04,5.60598786e-05,1.49399788e-05,2.33112928e+00,7.62038455e-02,9.76557709e+05,3.25046869e+04,1.16439637e-02,3.89437796e-04,1.38681641e-02,4.63070874e-04,9.32099998e+00,1.65306705e-01
6.42500000e+01,4.80754841e-04,1.66341729e-05,5.49574445e-03,1.84449310e-04,5.62550421e-03,1.92657594e-04,5.69953846e-05,1.51174446e-05,2.32959504e+00,7.70599376e-02,9.78127697e+05,3.30254428e+04,1.16114263e-02,3.89201998e-04,1.39002895e-02,4.68344452e-04,0.00000000e+00,0.00000000e+00
6.43500000e+01,4.79891953e-04,1.71274416e-05,5.46285988e-03,1.89629168e-04,5.60894220e-03,1.98209345e-04,5.68432663e-05,1.51626180e-05,2.31774474e+00,7.87418321e-02,9.73117909e+05,3.39629458e+04,1.15608456e-02,4.00216053e-04,1.38185015e-02,4.81513311e-04,9.31239998e+00,1.66467394e-01
6.44500000e+01,4.84595351e-04,1.79584795e-05,5.44754232e-03,1.86486923e-04,5.58824001e-03,1.93139872e-04,5.56912986e-05,1.51639138e-05,2.31227282e+00,7.74658374e-02,9.70809263e+05,3.32838690e+04,1.15291672e-02,3.92862926e-04,1.37734069e-02,4.73170654e-04,0.00000000e+00,0.00000000e+00
6.45500000e+01,4.85090758e-04,1.75770758e-05,5.49667585e-03,1.94112284e-04,5.65342096e-03,2.04015541e-04,5.51819006e-05,1.49977305e-05,2.31850985e+00,7.75834445e-02,9.79035984e+05,3.44891493e+04,1.16440262e-02,4.11794704e-04,1.38917083e-02,4.90897718e-04,9.29979999e+00,1.66461492e-01
6.46500000e+01,4.81906377e-04,1.74791674e-05,5.46841873e-03,1.94400306e-04,5.73761284e-03,2.16797167e-04,4.27310421e-05,6.59197877e-06,2.31201599e+00,7.65365444e-02,9.74646024e+05,3.43452602e+04,1.16965920e-02,4.23643835e-04,1.38180990e-02,4.90531374e-04,0.00000000e+00,0.00000000e+00
6.47500000e+01,4.83961215e-04,1.69924193e-05,5.51696429e-03,1.94336029e-04,5.77974514e-03,2.07430402e-04,4.70765839e-05,7.80172645e-06,2.32719064e+00,7.50442065e-02,9.82543949e+05,3.45269960e+04,1.17894443e-02,4.13741883e-04,1.39383566e-02,4.90138146e-04,9.26639999e+00,1.66013220e-01
6.48500000e+01,4.83299127e-04,1.59395722e-05,5.50090559e-03,1.80928384e-04,5.70565525e-03,1.96897116e-04,4.76098014e-05,7.81944394e-06,2.32924212e+00,7.29546129e-02,9.81254935e+05,3.22113250e+04,1.16989091e-02,3.87767267e-04,1.39057041e-02,4.57867552e-04,0.00000000e+00,0.00000000e+00
6.49500000e+01,4.80107722e-04,1.58788075e-05,5.43226470e-03,1.76021910e-04,5.65209409e-03,1.97254444e-04,4.76818327e-05,7.87010030e-06,2.29901415e+00,7.19175585e-02,9.68842558e+05,3.13575725e+04,1.15732177e-02,3.84879762e-04,1.37306420e-02,4.44366868e-04,9.25979999e+00,1.66033559e-01
6.50500000e+01,4.83545267e-04,1.61442830e-05,5.51037548e-03,1.87045436e-04,5.82260568e-03,2.45163190e-04,4.92682332e-05,8.15542708e-06,2.29599039e+00,7.18468018e-02,9.81051407e+05,3.33185120e+04,1.18250979e-02,4.38313469e-04,1.39263554e-02,4.70369584e-04,0.00000000e+00,0.00000000e+00
6.51500000e+01,4.77165596e-04,1.60411619e-05,5.48421848e-03,1.83898994e-04,5.70746460e-03,2.13783662e-04,4.81179115e-05,7.86641340e-06,2.28382042e+00,7.18295609e-02,9.73823117e+05,3.25314035e+04,1.16778793e-02,4.06786051e-04,1.38630906e-02,4.63423557e-04,9.26019999e+00,1.66964373e-01
6.52500000e+01,4.74621479e-04,1.53312716e-05,5.42669605e-03,1.76766006e-04,5.64623486e-03,2.14980335e-04,4.67424836e-05,7.76099444e-06,2.28579068e+00,7.13548207e-02,9.66156583e+05,3.14291503e+04,1.15565210e-02,3.98314182e-04,1.37240783e-02,4.46559500e-04,0.00000000e+00,0.00000000e+00
6.53500000e+01,4.71778990e-04,1.56668091e-05,5.37276743e-03,1.72847956e-04,5.59190480e-03,2.02871127e-04,4.67467287e-05,7.76721249e-06,2.27524279e+00,7.04082315e-02,9.57107358e+05,3.08575096e+04,1.14449638e-02,3.86188005e-04,1.35792971e-02,4.36961069e-04,9.23459999e+00,1.67613797e-01
6.54500000e+01,4.77796790e-04,1.62826663e-05,5.41039510e-03,1.79524876e-04,5.68097919e-03,2.11778270e-04,4.58066043e-05,7.73036965e-06,2.29349678e+00,7.28762645e-02,9.63696466e+05,3.18290675e+04,1.15775215e-02,4.01743307e-04,1.36698210e-02,4.54030502e-04,0.00000000e+00,0.00000000e+00
6.55500000e+01,4.74973475e-04,1.61529217e-05,5.41045842e-03,1.78078250e-04,5.67668116e-03,2.10068043e-04,4.51753969e-05,7.66684896e-06,2.27843901e+00,7.28854664e-02,9.62665608e+05,3.16794821e+04,1.15702741e-02,3.99445082e-04,1.36707672e-02,4.50273337e-04,9.21639999e+00,1.68662631e-01
6.56500000e+01,4.71980849e-04,1.60844781e-05,5.36558947e-03,1.79757867e-04,5.63028940e-03,2.10396018e-04,4.65733029e-05,7.79540660e-06,2.26776882e+00,7.40927277e-02,9.53595049e+05,3.19536840e+04,1.14759410e-02,3.98383579e-04,1.35593756e-02,4.54740770e-04,0.00000000e+00,0.00000000e+00
6.57500000e+01,4.66675161e-04,1.57507109e-05,5.33012078e-03,1.76142956e-04,5.60652279e-03,2.07471621e-04,5.03236364e-05,9.51916912e-06,2.25142936e+00,7.33961217e-02,9.47914049e+05,3.12764218e+04,1.14117941e-02,3.93512497e-04,1.34655811e-02,4.43794777e-04,9.20819999e+00,1.68569902e-01
6.58500000e+01,4.71104694e-04,1.64022912e-05,5.39986334e-03,1.78656156e-04,5.63676190e-03,2.11117155e-04,5.65576545e-05,1.27481906e-05,2.26034257e+00,7.31621444e-02,9.61239708e+05,3.16775725e+04,1.15167324e-02,3.98594762e-04,1.36443135e-02,4.49562964e-04,0.00000000e+00,0.00000000e+00
6.59500000e+01,4.65018134e-04,1.64640425e-05,5.33597621e-03,1.77130512e-04,5.52847184e-03,1.95989419e-04,6.85131769e-05,2.27932960e-05,2.24278902e+00,7.19798033e-02,9.48885144e+05,3.13541032e+04,1.13387241e-02,3.84593372e-04,1.34900377e-02,4.45589561e-04,9.19719999e+00,1.67548969e-01
6.60500000e+01,4.61201053e-04,1.61234264e-05,5.27254482e-03,1.75874890e-04,5.48200675e-03,1.90873221e-04,5.44663162e-05,1.12246643e-05,2.23488284e+00,7.11986500e-02,9.39060849e+05,3.12526042e+04,1.12245447e-02,3.78689100e-04,1.33255283e-02,4.42837152e-04,0.00000000e+00,0.00000000e+00
6.61500000e+01,4.63869645e-04,1.61053546e-05,5.31854742e-03,1.78561652e-04,5.45832887e-03,1.91235000e-04,4.95371677e-05,8.67512811e-06,2.24256370e+00,7.28929453e-02,9.47216951e+05,3.17301886e+04,1.12496568e-02,3.83211099e-04,1.34443132e-02,4.50668496e-04,9.19639999e+00,1.68584447e-01
6.62500000e+01,4.67078907e-04,1.61827514e-05,5.35178384e-03,1.76918966e-04,5.57178753e-03,2.15524033e-04,4.22177690e-05,7.63862905e-06,2.24663521e+00,7.38024572e-02,9.52231588e+05,3.14716681e+04,1.13991070e-02,4.01409141e-04,1.35213475e-02,4.46055056e-04,0.00000000e+00,0.00000000e+00
6.63500000e+01,4.73249212e-04,1.63475990e-05,5.38768934e-03,1.78898825e-04,5.56972915e-03,2.06176727e-04,4.22757064e-05,7.74867566e-06,2.25592099e+00,7.42543550e-02,9.58802574e+05,3.16799741e+04,1.14390357e-02,3.95308210e-04,1.36093329e-02,4.51115022e-04,9.18199999e+00,1.67462700e-01
6.64500000e+01,4.76944529e-04,1.63617349e-05,5.42477797e-03,1.79596414e-04,5.67689857e-03,2.25648455e-04,4.37416083e-05,8.15278093e-06,2.25901044e+00,7.42956520e-02,9.64347667e+05,3.17003981e+04,1.15869516e-02,4.14404194e-04,1.37045863e-02,4.53302772e-04,0.00000000e+00,0.00000000e+00
6.65500000e+01,4.74479411e-04,1.62730756e-05,5.36300599e-03,1.77218770e-04,5.62866620e-03,1.96230530e-04,4.33808997e-05,8.09845916e-06,2.24899802e+00,7.30441100e-02,9.53891500e+05,3.13465362e+04,1.14740575e-02,3.84121973e-04,1.35422061e-02,4.47660826e-04,9.18979999e+00,1.69104604e-01
6.66500000e+01,4.71838898e-04,1.60298075e-05,5.34516841e-03,1.77526376e-04,5.58440317e-03,1.92334179e-04,4.25528308e-05,7.86154427e-06,2.24570911e+00,7.47228030e-02,9.50585382e+05,3.14525357e+04,1.14094047e-02,3.83367207e-04,1.34954250e-02,4.48915695e-04,0.00000000e+00,0.00000000e+00
6.67500000e+01,4.66261045e-04,1.52742927e-05,5.30013576e-03,1.70393566e-04,5.56502601e-03,1.81656270e-04,4.14402378e-05,7.83933903e-06,2.21862592e+00,7.21728794e-02,9.42703211e+05,3.02839377e+04,1.13395619e-02,3.63434924e-04,1.33806587e-02,4.30925538e-04,9.18739999e+00,1.71376377e-01
6.68500000e+01,4.68956775e-04,1.59226809e-05,5.32689300e-03,1.74987185e-04,5.60718782e-03,1.91002629e-04,4.06972577e-05,7.80123590e-06,2.22667905e+00,7.22996195e-02,9.46798592e+05,3.10155790e+04,1.14109778e-02,3.75113408e-04,1.34429516e-02,4.41390100e-04,0.00000000e+00,0.00000000e+00
6.69500000e+01,4.69416002e-04,1.54226534e-05,5.30096663e-03,1.68974201e-04,5.62411176e-03,1.88591114e-04,4.06861894e-05,7.95866396e-06,2.20519338e+00,6.95584205e-02,9.41149782e+05,2.99814921e+04,1.14023491e-02,3.67946407e-04,1.33709443e-02,4.25756041e-04,9.17419999e+00,1.72218442e-01
6.70500000e+01,4.67505356e-04,1.54722304e-05,5.26622471e-03,1.69133365e-04,5.59001244e-03,1.83019483e-04,4.19442747e-05,8.22213984e-06,2.18442209e+00,6.91089244e-02,9.35005957e+05,2.98863718e+04,1.13317901e-02,3.63378244e-04,1.32843057e-02,4.25993482e-04,0.00000000e+00,0.00000000e+00
6.71500000e+01,4.64290686e-04,1.57471040e-05,5.24726747e-03,1.72578404e-04,5.50643243e-03,1.86053113e-04,4.12818939e-05,8.08474832e-06,2.18173247e+00,7.10122613e-02,9.29978546e+05,3.05563030e+04,1.12256698e-02,3.69173184e-04,1.32318311e-02,4.35096478e-04,9.16319999e+00,1.72609846e-01
6.72500000e+01,4.65715054e-04,1.62260857e-05,5.25337727e-03,1.75319695e-04,5.54460152e-03,1.99056542e-04,3.94246523e-05,7.88909443e-06,2.18385192e+00,7.17239723e-02,9.33339378e+05,3.12078937e+04,1.12714355e-02,3.84911988e-04,1.32490240e-02,4.41875161e-04,0.00000000e+00,0.00000000e+00
6.73500000e+01,4.67630732e-04,1.58687829e-05,5.31032825e-03,1.74708890e-04,5.57603587e-03,2.01281111e-04,4.19472517e-05,8.16870188e-06,2.20110712e+00,7.16104583e-02,9.44100618e+05,3.10394616e+04,1.13620982e-02,3.87163431e-04,1.33945671e-02,4.39232421e-04,9.16219999e+00,1.73542513e-01
6.74500000e+01,4.68462222e-04,1.58790402e-05,5.35042034e-03,1.74500438e-04,5.65557145e-03,2.00581638e-04,4.20857771e-05,8.99551535e-06,2.20350541e+00,7.06442784e-02,9.50352335e+05,3.09733589e+04,1.14822664e-02,3.83696467e-04,1.34929688e-02,4.37939481e-04,0.00000000e+00,0.00000000e+00
6.75500000e+01,4.68411707e-04,1.57547749e-05,5.37077007e-03,1.71355236e-04,5.71271971e-03,1.91676685e-04,4.02948182e-05,8.91041859e-06,2.20106174e+00,6.82531770e-02,9.52799501e+05,3.03154752e+04,1.15597309e-02,3.70258916e-04,1.35434452e-02,4.30095766e-04,9.15879999e+00,1.70480868e-01
6.76500000e+01,4.70274049e-04,1.51900739e-05,5.34061264e-03,1.66522403e-04,5.62348943e-03,1.89436425e-04,4.27527152e-05,9.44959330e-06,2.20787122e+00,6.61753835e-02,9.48033564e+05,2.93548726e+04,1.14421015e-02,3.65960944e-04,1.34712789e-02,4.18480510e-04,0.00000000e+00,0.00000000e+00
6.77500000e+01,4.71395102e-04,1.52681985e-05,5.32630050e-03,1.70139701e-04,5.64846803e-03,1.90898312e-04,4.08868352e-05,9.30860428e-06,2.20393874e+00,6.85201589e-02,9.46750393e+05,3.01063841e+04,1.14538356e-02,3.70300327e-04,1.34360645e-02,4.28512252e-04,9.14879999e+00,1.72281129e-01
6.78500000e+01,4.68417957e-04,1.45399165e-05,5.29810971e-03,1.66962814e-04,5.71872826e-03,1.85306214e-04,3.79242869e-05,8.52744207e-06,2.19204259e+00,6.68699564e-02,9.41801042e+05,2.94449593e+04,1.14924304e-02,3.59118521e-04,1.33538818e-02,4.19594798e-04,0.00000000e+00,0.00000000e+00
6.79500000e+01,4.67792674e-04,1.48833872e-05,5.30312300e-03,1.66046348e-04,5.71204780e-03,2.08340917e-04,3.51626502e-05,8.02707428e-06,2.19569436e+00,6.58496022e-02,9.41855555e+05,2.92388340e+04,1.14900304e-02,3.80445702e-04,1.33686457e-02,4.18239958e-04,9.14779999e+00,1.73025726e-01
6.80500000e+01,4.62611576e-04,1.49690072e-05,5.24896720e-03,1.68800602e-04,5.65378727e-03,2.31041383e-04,3.44653213e-05,7.99363889e-06,2.17000377e+00,6.61351618e-02,9.31933475e+05,2.95992929e+04,1.13722589e-02,4.03104828e-04,1.32304589e-02,4.25298108e-04,0.00000000e+00,0.00000000e+00
6.81500000e+01,4.64588133e-04,1.54229410e-05,5.23309544e-03,1.73499178e-04,5.71652709e-03,2.00829987e-04,3.43134123e-05,7.98603020e-06,2.16332015e+00,6.89949359e-02,9.30274213e+05,3.03487456e+04,1.14213653e-02,3.77956149e-04,1.31904945e-02,4.36385942e-04,9.13999999e+00,1.70425160e-01
6.82500000e+01,4.66342716e-04,1.54499924e-05,5.26751528e-03,1.76830679e-04,5.75756799e-03,1.99602717e-04,3.44146189e-05,8.02195012e-06,2.16722316e+00,6.95200268e-02,9.35462181e+05,3.11717009e+04,1.14986962e-02,3.81522776e-04,1.32741166e-02,4.44251399e-04,0.00000000e+00,0.00000000e+00
6.83500000e+01,4.67218600e-04,1.47416515e-05,5.29153191e-03,1.66865691e-04,5.74906147e-03,1.97007666e-04,3.41915102e-05,8.07916932e-06,2.17181176e+00,6.62062138e-02,9.38891017e+05,2.95740041e+04,1.15151614e-02,3.73044884e-04,1.33348129e-02,4.19708691e-04,9.13379999e+00,1.73825128e-01
6.84500000e+01,4.62244084e-04,1.46952001e-05,5.23099245e-03,1.71077162e-04,5.71109657e-03,1.95818543e-04,2.95441608e-05,5.69574288e-06,2.16053556e+00,6.85078460e-02,9.29922274e+05,3.04498869e+04,1.14113783e-02,3.76167765e-04,1.31803120e-02,4.30977994e-04,0.00000000e+00,0.00000000e+00
6.85500000e+01,4.64404201e-04,1.50486766e-05,5.22747751e-03,1.72327042e-04,5.69833953e-03,2.00504401e-04,2.64877875e-05,5.25210910e-06,2.15650537e+00,6.94296632e-02,9.28526705e+05,3.06502984e+04,1.13973543e-02,3.81888492e-04,1.31702111e-02,4.34932285e-04,9.12759999e+00,1.72436221e-01
6.86500000e+01,4.61601361e-04,1.56268780e-05,5.23123866e-03,1.74692876e-04,5.70820518e-03,2.12774605e-04,2.68659564e-05,5.43784416e-06,2.14305599e+00,6.76953117e-02,9.28352579e+05,3.08828334e+04,1.14083047e-02,3.96660161e-04,1.31830653e-02,4.40112343e-04,0.00000000e+00,0.00000000e+00
6.87500000e+01,4.61082625e-04,1.58366685e-05,5.19014226e-03,1.75512823e-04,5.72473546e-03,2.12925002e-04,2.94457604e-05,6.15576599e-06,2.13266467e+00,6.92080717e-02,9.20069846e+05,3.09329924e+04,1.13829009e-02,3.98505629e-04,1.30734268e-02,4.41260359e-04,9.10199999e+00,1.71882496e-01
6.88500000e+01,4.65339872e-04,1.65683763e-05,5.21015922e-03,1.80108790e-04,5.73517467e-03,2.17260793e-04,2.91659909e-05,6.03923176e-06,2.13651308e+00,7.15055287e-02,9.24051112e+05,3.17975096e+04,1.14175464e-02,4.08350185e-04,1.31229847e-02,4.52775093e-04,0.00000000e+00,0.00000000e+00
6.89500000e+01,4.62468300e-04,1.59769816e-05,5.17822390e-03,1.74053033e-04,5.66545977e-03,1.98956097e-04,2.67532088e-05,5.61213722e-06,2.11869893e+00,6.99071771e-02,9.20335930e+05,3.09774869e+04,1.13126633e-02,3.83410121e-04,1.30371896e-02,4.37844993e-04,9.06739999e+00,1.71168807e-01
6.90500000e+01,4.59583819e-04,1.59974508e-05,5.15927668e-03,1.78877722e-04,5.64639691e-03,2.05243267e-04,2.62066100e-05,5.59567809e-06,2.11074081e+00,7.11892926e-02,9.16858667e+05,3.18850123e+04,1.12717747e-02,3.94772933e-04,1.29879205e-02,4.49865621e-04,0.00000000e+00,0.00000000e+00
6.91500000e+01,4.55500549e-04,1.55704907e-05,5.14301810e-03,1.72786326e-04,5.62241595e-03,1.96273666e-04,2.68766451e-05,5.59296860e-06,2.11239236e+00,6.80063045e-02,9.15050498e+05,3.07178692e+04,1.12273665e-02,3.79270232e-04,1.29483631e-02,4.34271476e-04,9.04659999e+00,1.69464611e-01
6.92500000e+01,4.57795085e-04,1.59535897e-05,5.15746570e-03,1.77708071e-04,5.68044225e-03,2.07961628e-04,2.69856466e-05,5.60227785e-06,2.10723858e+00,6.97552643e-02,9.16749373e+05,3.15701636e+04,1.13021209e-02,3.96192006e-04,1.29812148e-02,4.46488928e-04,0.00000000e+00,0.00000000e+00
6.93500000e+01,4.60509194e-04,1.60692493e-05,5.20675312e-03,1.78163294e-04,5.85264118e-03,2.26969135e-04,2.44558694e-05,5.30914149e-06,2.11024629e+00,7.06200481e-02,9.24669836e+05,3.19853192e+04,1.15262636e-02,4.10908420e-04,1.30999845e-02,4.48286625e-04,9.03839999e+00,1.68819277e-01
6.94500000e+01,4.61361829e-04,1.60641265e-05,5.20914608e-03,1.76857063e-04,5.77885938e-03,2.06462850e-04,2.39137323e-05,5.33106322e-06,2.10944986e+00,6.90111529e-02,9.23301503e+05,3.15577059e+04,1.14555846e-02,3.94331405e-04,1.31019517e-02,4.44744100e-04,0.00000000e+00,0.00000000e+00
6.95500000e+01,4.62048404e-04,1.61831610e-05,5.21342254e-03,1.80043225e-04,6.02314806e-03,2.44405434e-04,2.32307566e-05,5.24530665e-06,2.09650860e+00,6.87512016e-02,9.26158684e+05,3.20731701e+04,1.17047758e-02,4.29518743e-04,1.31091767e-02,4.54213977e-04,9.01739999e+00,1.68041738e-01
6.96500000e+01,4.60316215e-04,1.58546152e-05,5.22560212e-03,1.78910466e-04,5.91588382e-03,2.20215366e-04,2.34789422e-05,5.22741997e-06,2.10954213e+00,6.87405916e-02,9.26974692e+05,3.18401534e+04,1.16085744e-02,4.05444735e-04,1.31467448e-02,4.51702412e-04,0.00000000e+00,0.00000000e+00
6.97500000e+01,4.58488025e-04,1.56196038e-05,5.21079618e-03,1.75660598e-04,5.98444492e-03,2.27713697e-04,2.36484864e-05,5.23180839e-06,2.10804874e+00,6.89770925e-02,9.24128770e+05,3.12456023e+04,1.16600457e-02,4.10179197e-04,1.31044454e-02,4.42688535e-04,9.02179999e+00,1.67174038e-01
6.98500000e+01,4.56937242e-04,1.49897762e-05,5.18187206e-03,1.67856465e-04,5.92538538e-03,2.21498111e-04,2.33202915e-05,5.00810980e-06,2.08294349e+00,6.62447761e-02,9.17900148e+05,2.96966827e+04,1.15698926e-02,3.95331552e-04,1.30236735e-02,4.22697420e-04,0.00000000e+00,0.00000000e+00
6.99500000e+01,4.60538004e-04,1.51350500e-05,5.16964565e-03,1.70052360e-04,6.01155499e-03,2.16688746e-04,2.25527095e-05,4.64541915e-06,2.08078052e+00,6.60345106e-02,9.18341547e+05,3.02248669e+04,1.16472610e-02,3.91086181e-04,1.29892296e-02,4.27886799e-04,8.99979999e+00,1.70548813e-01
7.00500000e+01,9.28919348e-04,3.05904810e-05,4.30764284e-19,1.55524521e-20,2.58450468e-04,1.82202235e-05,2.10742462e-05,5.52607784e-06,2.09998168e+00,6.72026868e-02,7.09193037e+03,2.27020967e+02,1.17857090e-03,4.27610374e-05,1.09265714e-18,3.95968593e-20,0.00000000e+00,0.00000000e+00
7.01500000e+01,9.24863021e-04,3.11005691e-05,0.00000000e+00,0.00000000e+00,2.57129917e-04,1.85836095e-05,2.08920335e-05,5.53359923e-06,2.09139122e+00,6.75150729e-02,7.01720083e+03,2.30959901e+02,1.17363375e-03,4.28501083e-05,0.00000000e+00,0.00000000e+00,8.99779999e+00,1.71302643e-01
7.02500000e+01,9.30797688e-04,3.14518588e-05,0.00000000e+00,0.00000000e+00,2.43939113e-04,1.45139083e-05,2.05635251e-05,5.54874120e-06,2.08921161e+00,6.91720827e-02,7.02799950e+03,2.38142925e+02,1.16704581e-03,3.90965554e-05,0.00000000e+00,0.00000000e+00,0.00000000e+00,0.00000000e+00
7.03500000e+01,9.32424884e-04,3.16538376e-05,0.00000000e+00,0.00000000e+00,2.44132611e-04,1.51826301e-05,2.05635251e-05,5.54874120e-06,2.07381823e+00,6.79290769e-02,6.99819170e+03,2.37926482e+02,1.16892258e-03,4.00236467e-05,0.00000000e+00,0.00000000e+00,8.99159999e+00,1.75043403e-01
7.04500000e+01,9.32605746e-04,3.20518363e-05,0.00000000e+00,0.00000000e+00,2.38816449e-04,1.70175803e-05,2.05614245e-05,5.54879414e-06,2.06022045e+00,6.78915247e-02,6.97223936e+03,2.38378753e+02,1.16392473e-03,4.26527923e-05,0.00000000e+00,0.00000000e+00,0.00000000e+00,0.00000000e+00
7.05500000e+01,9.24069387e-04,3.19096281e-05,0.00000000e+00,0.00000000e+00,2.45611732e-04,1.77264417e-05,2.05483011e-05,5.54942447e-06,2.04342260e+00,6.80666922e-02,6.90551413e+03,2.35586187e+02,1.16246202e-03,4.30875820e-05,0.00000000e+00,0.00000000e+00,8.98799999e+00,1.77152075e-01
7.06500000e+01,9.35475892e-04,3.13445298e-05,0.00000000e+00,0.00000000e+00,2.53330830e-04,2.28259730e-05,2.05450960e-05,5.54963949e-06,2.06100904e+00,6.82421065e-02,6.99844338e+03,2.32596417e+02,1.18009046e-03,4.28811477e-05,0.00000000e+00,0.00000000e+00,0.00000000e+00,0.00000000e+00
7.07500000e+01,9.38571693e-04,2.96351997e-05,0.00000000e+00,0.00000000e+00,2.54239025e-04,2.27764207e-05,2.04677001e-05,5.55188548e-06,2.06604185e+00,6.61888348e-02,6.97712340e+03,2.21183345e+02,1.18542089e-03,4.14738108e-05,0.00000000e+00,0.00000000e+00,8.96579999e+00,1.75377865e-01
7.08500000e+01,9.37846013e-04,3.06807827e-05,0.00000000e+00,0.00000000e+00,2.58798496e-04,2.37111399e-05,2.02530484e-05,5.56371156e-06,2.07072192e+00,6.66467115e-02,6.96156952e+03,2.26650049e+02,1.18950514e-03,4.38186430e-05,0.00000000e+00,0.00000000e+00,0.00000000e+00,0.00000000e+00
7.09500000e+01,9.44516960e-04,3.21300262e-05,0.00000000e+00,0.00000000e+00,2.64172491e-04,2.33375312e-05,2.00919432e-05,5.57285143e-06,2.07827552e+00,6.70327573e-02,6.99009606e+03,2.38048311e+02,1.20176464e-03,4.48254866e-05,0.00000000e+00,0.00000000e+00,8.96579999e+00,1.75367857e-01
7.10500000e+01,9.47611839e-04,3.08647268e-05,0.00000000e+00,0.00000000e+00,2.58674008e-04,2.10954962e-05,2.00919432e-05,5.57285143e-06,2.07757810e+00,6.60237911e-02,6.99089052e+03,2.27078184e+02,1.19942466e-03,4.21223828e-05,0.00000000e+00,0.00000000e+00,0.00000000e+00,0.00000000e+00
7.11500000e+01,9.44292337e-04,3.00431048e-05,0.00000000e+00,0.00000000e+00,2.59743595e-04,2.17489435e-05,2.00919432e-05,5.57285143e-06,2.07471024e+00,6.52812789e-02,6.96817276e+03,2.23141910e+02,1.19711467e-03,4.08289700e-05,0.00000000e+00,0.00000000e+00,8.94819999e+00,1.75666589e-01
7.12500000e+01,9.51892438e-04,3.13339747e-05,0.00000000e+00,0.00000000e+00,2.49171059e-04,1.83423725e-05,2.82709242e-05,1.09175295e-05,2.08989682e+00,6.78584665e-02,6.97977932e+03,2.33077673e+02,1.19427801e-03,4.24267189e-05,0.00000000e+00,0.00000000e+00,0.00000000e+00,0.00000000e+00
7.13500000e+01,9.52104780e-04,3.27250711e-05,0.00000000e+00,0.00000000e+00,2.55070055e-04,1.65108214e-05,4.11964752e-05,2.36631249e-05,2.08306467e+00,6.69736745e-02,6.97396700e+03,2.44624709e+02,1.20036192e-03,4.24065656e-05,0.00000000e+00,0.00000000e+00,8.94299999e+00,1.75793073e-01
7.14500000e+01,9.54397827e-04,3.24369601e-05,0.00000000e+00,0.00000000e+00,2.47896227e-04,1.54057667e-05,2.47388632e-05,8.48330078e-06,2.07982228e+00,6.69808780e-02,6.94140521e+03,2.36976118e+02,1.19588277e-03,4.12186381e-05,0.00000000e+00,0.00000000e+00,0.00000000e+00,0.00000000e+00
7.15500000e+01,9.62717438e-04,3.14333809e-05,0.00000000e+00,0.00000000e+00,2.42655676e-04,1.56339967e-05,1.80622709e-05,5.47549075e-06,2.09122292e+00,6.55174851e-02,7.01657969e+03,2.27380294e+02,1.19909011e-03,4.16538896e-05,0.00000000e+00,0.00000000e+00,8.93519999e+00,1.79118532e-01
7.16500000e+01,9.58133168e-04,3.22867920e-05,0.00000000e+00,0.00000000e+00,2.58748389e-04,2.15535701e-05,1.84723806e-05,5.68618078e-06,2.08672640e+00,6.61760667e-02,6.97318940e+03,2.33169415e+02,1.21066253e-03,4.58755783e-05,0.00000000e+00,0.00000000e+00,0.00000000e+00,0.00000000e+00
7.17500000e+01,9.55294135e-04,3.27385824e-05,0.00000000e+00,0.00000000e+00,2.38142049e-04,1.55076498e-05,1.84723806e-05,5.68618078e-06,2.08225068e+00,6.66567606e-02,6.95171456e+03,2.36935030e+02,1.18738246e-03,4.39100537e-05,0.00000000e+00,0.00000000e+00,8.91879999e+00,1.79425988e-01
7.18500000e+01,9.45525558e-04,3.19151114e-05,0.00000000e+00,0.00000000e+00,2.36151004e-04,1.38836805e-05,1.81526347e-05,5.68762480e-06,2.05513281e+00,6.40663074e-02,6.90114043e+03,2.31387886e+02,1.17521239e-03,4.06254223e-05,0.00000000e+00,0.00000000e+00,0.00000000e+00,0.00000000e+00
7.19500000e+01,9.48998474e-04,3.23128321e-05,0.00000000e+00,0.00000000e+00,2.39664347e-04,1.43452334e-05,1.78417109e-05,5.67522998e-06,2.05552601e+00,6.53743980e-02,6.85700492e+03,2.28949792e+02,1.18284382e-03,4.03847308e-05,0.00000000e+00,0.00000000e+00,8.91299999e+00,1.79286626e-01
7.20500000e+01,9.46163114e-04,3.15187177e-05,0.00000000e+00,0.00000000e+00,2.34132239e-04,1.37326564e-05,1.72482662e-05,5.61561816e-06,2.06226473e+00,6.56466641e-02,6.83520083e+03,2.24978083e+02,1.17446639e-03,3.98608987e-05,0.00000000e+00,0.00000000e+00,0.00000000e+00,0.00000000e+00
7.21500000e+01,9.46939545e-04,3.09471423e-05,0.00000000e+00,0.00000000e+00,2.35744965e-04,1.21763978e-05,1.72387052e-05,5.61554737e-06,2.06540059e+00,6.51633915e-02,6.84054396e+03,2.22744282e+02,1.17688317e-03,3.79246697e-05,0.00000000e+00,0.00000000e+00,8.90119999e+00,1.78455882e-01
7.22500000e+01,9.47381466e-04,3.00055164e-05,0.00000000e+00,0.00000000e+00,2.38539901e-04,1.26615692e-05,1.72361984e-05,5.61565241e-06,2.05495550e+00,6.34110400e-02,6.83790438e+03,2.18998988e+02,1.18024434e-03,3.75090142e-05,0.00000000e+00,0.00000000e+00,0.00000000e+00,0.00000000e+00
7.23500000e+01,9.46939218e-04,3.00334600e-05,0.00000000e+00,0.00000000e+00,2.45601593e-04,1.35035527e-05,1.72183503e-05,5.61596055e-06,2.04419617e+00,6.49563798e-02,6.83861117e+03,2.39741165e+02,1.18632749e-03,3.84905481e-05,0.00000000e+00,0.00000000e+00,8.88739999e+00,1.77666924e-01
7.24500000e+01,9.38586256e-04,3.00519594e-05,0.00000000e+00,0.00000000e+00,2.50598598e-04,1.75589051e-05,1.58909952e-05,5.15502789e-06,2.04015775e+00,6.37528575e-02,6.72957004e+03,2.17619459e+02,1.18375423e-03,4.01799878e-05,0.00000000e+00,0.00000000e+00,0.00000000e+00,0.00000000e+00
7.25500000e+01,9.31657462e-04,2.95348706e-05,0.00000000e+00,0.00000000e+00,2.45684809e-04,1.76076269e-05,1.43818896e-05,5.01824489e-06,2.02748769e+00,6.15108611e-02,6.65284712e+03,2.10298165e+02,1.17199534e-03,3.95515186e-05,0.00000000e+00,0.00000000e+00,8.86159999e+00,1.75958104e-01
7.26500000e+01,9.40114056e-04,3.01851891e-05,0.00000000e+00,0.00000000e+00,2.40739431e-04,1.64542056e-05,1.43818896e-05,5.01824489e-06,2.03002636e+00,6.20895565e-02,6.70724755e+03,2.18975199e+02,1.17558400e-03,3.93694030e-05,0.00000000e+00,0.00000000e+00,0.00000000e+00,0.00000000e+00
7.27500000e+01,9.39435660e-04,3.02768807e-05,0.00000000e+00,0.00000000e+00,2.50096880e-04,1.73078457e-05,1.43818896e-05,5.01824489e-06,2.03310461e+00,6.28738119e-02,6.70997888e+03,2.20155894e+02,1.18430219e-03,4.00782929e-05,0.00000000e+00,0.00000000e+00,8.83539999e+00,1.73140315e-01
7.28500000e+01,9.35561975e-04,3.20527716e-05,0.00000000e+00,0.00000000e+00,2.49247144e-04,1.66197026e-05,1.43818896e-05,5.01824489e-06,2.02437413e+00,6.52872254e-02,6.68007347e+03,2.33446110e+02,1.17959636e-03,4.19105175e-05,0.00000000e+00,0.00000000e+00,0.00000000e+00,0.00000000e+00
7.29500000e+01,9.43562174e-04,3.32795990e-05,0.00000000e+00,0.00000000e+00,2.42775545e-04,1.46751733e-05,1.43710378e-05,5.01579459e-06,2.02684395e+00,6.51488790e-02,6.69963110e+03,2.36646651e+02,1.18113211e-03,4.24669378e-05,0.00000000e+00,0.00000000e+00,8.82599999e+00,1.73685854e-01
7.30500000e+01,9.45005704e-04,3.41307577e-05,0.00000000e+00,0.00000000e+00,2.34449906e-04,1.21549090e-05,1.42981381e-05,5.00013763e-06,2.02725085e+00,6.53508609e-02,6.67222473e+03,2.37209958e+02,1.17430878e-03,4.02726235e-05,0.00000000e+00,0.00000000e+00,0.00000000e+00,0.00000000e+00
7.31500000e+01,9.41478652e-04,3.31052032e-05,0.00000000e+00,0.00000000e+00,2.27989052e-04,1.11013277e-05,1.41818472e-05,4.97140186e-06,2.00915605e+00,6.43878934e-02,6.64633939e+03,2.32274324e+02,1.16441249e-03,3.84054800e-05,0.00000000e+00,0.00000000e+00,8.80119999e+00,1.75238530e-01
7.32500000e+01,9.33582240e-04,3.26812721e-05,0.00000000e+00,0.00000000e+00,2.67048946e-04,4.29569661e-05,1.36826335e-05,4.85837407e-06,1.99066021e+00,6.44697081e-02,6.57696990e+03,2.32865447e+02,1.19541239e-03,6.05508705e-05,0.00000000e+00,0.00000000e+00,0.00000000e+00,0.00000000e+00
7.33500000e+01,9.37230636e-04,3.28546554e-05,0.00000000e+00,0.00000000e+00,2.62276692e-04,3.14840035e-05,1.36826335e-05,4.85837407e-06,1.99125659e+00,6.43826565e-02,6.58268253e+03,2.32328691e+02,1.19426049e-03,5.21431930e-05,0.00000000e+00,0.00000000e+00,8.78539999e+00,1.75788884e-01
7.34500000e+01,9.19191705e-04,3.16465569e-05,0.00000000e+00,0.00000000e+00,2.92816310e-04,4.32906688e-05,1.36826335e-05,4.85837407e-06,1.96222338e+00,6.42328709e-02,6.47422420e+03,2.27337814e+02,1.20690962e-03,5.66173799e-05,0.00000000e+00,0.00000000e+00,0.00000000e+00,0.00000000e+00
7.35500000e+01,9.21246379e-04,3.16041826e-05,0.00000000e+00,0.00000000e+00,2.30428527e-04,1.28767807e-05,1.36826335e-05,4.85837407e-06,1.96686505e+00,6.39894849e-02,6.49669578e+03,2.28873182e+02,1.14632111e-03,3.84513578e-05,0.00000000e+00,0.00000000e+00,8.79899999e+00,1.75968516e-01
7.36500000e+01,9.26901686e-04,3.12575472e-05,0.00000000e+00,0.00000000e+00,2.49626297e-04,2.69359188e-05,1.22984765e-05,4.09199104e-06,1.97071385e+00,6.29350816e-02,6.50559114e+03,2.25813651e+02,1.17083409e-03,4.90975906e-05,0.00000000e+00,0.00000000e+00,0.00000000e+00,0.00000000e+00
7.37500000e+01,9.32793282e-04,3.01175317e-05,0.00000000e+00,0.00000000e+00,3.30091195e-04,7.11862682e-05,1.13878350e-05,3.79003191e-06,1.98346678e+00,6.27691609e-02,6.52707952e+03,2.17347457e+02,1.25791016e-03,8.36195477e-05,0.00000000e+00,0.00000000e+00,8.78459999e+00,1.76940487e-01
7.38500000e+01,9.20092317e-04,3.12940267e-05,0.00000000e+00,0.00000000e+00,2.85171712e-04,4.16543543e-05,1.13273345e-05,3.79028119e-06,1.96467058e+00,6.24830815e-02,6.43756046e+03,2.20004640e+02,1.20037627e-03,5.74059573e-05,0.00000000e+00,0.00000000e+00,0.00000000e+00,0.00000000e+00
7.39500000e+01,9.22566428e-04,3.11822011e-05,0.00000000e+00,0.00000000e+00,3.06383333e-04,4.87162248e-05,1.13273345e-05,3.79028119e-06,1.96132450e+00,6.20619893e-02,6.44368732e+03,2.22013906e+02,1.22407274e-03,5.99091275e-05,0.00000000e+00,0.00000000e+00,8.77339999e+00,1.77465056e-01
7.40500000e+01,9.28386089e-04,3.25272738e-05,0.00000000e+00,0.00000000e+00,2.31060113e-04,1.44529431e-05,1.13273345e-05,3.79028119e-06,1.96295063e+00,6.13815837e-02,6.46547324e+03,2.21973592e+02,1.15460468e-03,4.28445890e-05,0.00000000e+00,0.00000000e+00,0.00000000e+00,0.00000000e+00
7.41500000e+01,9.33131106e-04,3.22637045e-05,0.00000000e+00,0.00000000e+00,2.30864632e-04,1.42430074e-05,1.13482820e-05,3.79622558e-06,1.96979868e+00,6.32936716e-02,6.49306290e+03,2.23562100e+02,1.15921563e-03,4.23038405e-05,0.00000000e+00,0.00000000e+00,8.76139999e+00,1.79506811e-01
7.42500000e+01,9.35897991e-04,3.18155575e-05,0.00000000e+00,0.00000000e+00,2.27677455e-04,1.44858083e-05,1.07106139e-05,3.70881680e-06,1.96507737e+00,6.28294097e-02,6.45925174e+03,2.22390627e+02,1.15897481e-03,4.25763440e-05,0.00000000e+00,0.00000000e+00,0.00000000e+00,0.00000000e+00
7.43500000e+01,9.37951111e-04,3.25913690e-05,0.00000000e+00,0.00000000e+00,2.24922619e-04,1.46247306e-05,1.02785162e-05,3.70821046e-06,1.96134237e+00,6.33938277e-02,6.46322691e+03,2.26083958e+02,1.15833219e-03,4.30669431e-05,0.00000000e+00,0.00000000e+00,8.77679999e+00,1.78566959e-01
7.44500000e+01,9.35901633e-04,3.15752839e-05,0.00000000e+00,0.00000000e+00,2.40295802e-04,2.10550392e-05,1.02725589e-05,3.70851465e-06,1.95312234e+00,6.22906603e-02,6.45332522e+03,2.23884266e+02,1.17162919e-03,4.31534909e-05,0.00000000e+00,0.00000000e+00,0.00000000e+00,0.00000000e+00
7.45500000e+01,9.34719920e-04,3.05513165e-05,0.00000000e+00,0.00000000e+00,2.89358623e-04,4.68964306e-05,1.02725589e-05,3.70851465e-06,1.95651215e+00,6.10014851e-02,6.43293062e+03,2.13210839e+02,1.21983605e-03,5.80150123e-05,0.00000000e+00,0.00000000e+00,8.76139999e+00,1.79694756e-01
7.46500000e+01,9.31531018e-04,3.08895217e-05,0.00000000e+00,0.00000000e+00,2.57911852e-04,2.77567096e-05,1.03254191e-05,3.71466218e-06,1.95402984e+00,6.06157307e-02,6.41680561e+03,2.14469384e+02,1.18519819e-03,4.56262305e-05,0.00000000e+00,0.00000000e+00,0.00000000e+00,0.00000000e+00
7.47500000e+01,9.37923437e-04,3.12946409e-05,0.00000000e+00,0.00000000e+00,2.42274615e-04,2.52703239e-05,1.04276246e-05,3.72874400e-06,1.96806578e+00,6.31432070e-02,6.44278594e+03,2.15545359e+02,1.17597782e-03,4.42288415e-05,0.00000000e+00,0.00000000e+00,8.76639999e+00,1.79332951e-01
7.48500000e+01,9.31709848e-04,3.14910283e-05,0.00000000e+00,0.00000000e+00,2.27821251e-04,1.28640488e-05,1.04276246e-05,3.72874400e-06,1.95079415e+00,6.36538927e-02,6.42054743e+03,2.18615594e+02,1.15528612e-03,3.95217334e-05,0.00000000e+00,0.00000000e+00,0.00000000e+00,0.00000000e+00
7.49500000e+01,9.36303485e-04,3.18507516e-05,0.00000000e+00,0.00000000e+00,2.28989223e-04,1.40383407e-05,1.04276246e-05,3.72874400e-06,1.93951219e+00,6.32020919e-02,6.41235787e+03,2.18893726e+02,1.16110152e-03,4.12727102e-05,0.00000000e+00,0.00000000e+00,8.75720000e+00,1.79637286e-01
7.50500000e+01,9.28164277e-04,3.26477787e-05,0.00000000e+00,0.00000000e+00,2.31824758e-04,1.50440452e-05,1.04276246e-05,3.72874400e-06,1.93274785e+00,6.15643996e-02,6.35216161e+03,2.18038445e+02,1.15582190e-03,4.28945148e-05,0.00000000e+00,0.00000000e+00,0.00000000e+00,0.00000000e+00
7.51500000e+01,9.30070466e-04,3.16621188e-05,0.00000000e+00,0.00000000e+00,2.34714983e-04,1.51117634e-05,1.04276246e-05,3.72874400e-06,1.93864231e+00,6.22783051e-02,6.36650475e+03,2.15426047e+02,1.16064601e-03,4.13465784e-05,0.00000000e+00,0.00000000e+00,8.74580000e+00,1.79843717e-01
7.52500000e+01,9.35971915e-04,3.25349110e-05,0.00000000e+00,0.00000000e+00,2.29530989e-04,1.37400695e-05,1.04276246e-05,3.72874400e-06,1.94868814e+00,6.23505673e-02,6.38069069e+03,2.21935865e+02,1.16144512e-03,4.27145316e-05,0.00000000e+00,0.00000000e+00,0.00000000e+00,0.00000000e+00
7.53500000e+01,9.29711923e-04,3.22163553e-05,0.00000000e+00,0.00000000e+00,2.39133323e-04,1.59388009e-05,1.04276246e-05,3.72874400e-06,1.93129469e+00,6.25564736e-02,6.33410561e+03,2.19089721e+02,1.16486346e-03,4.35046517e-05,0.00000000e+00,0.00000000e+00,8.72540000e+00,1.77634160e-01
7.54500000e+01,9.38699661e-04,3.19790548e-05,0.00000000e+00,0.00000000e+00,2.71226122e-04,3.30820221e-05,1.04276246e-05,3.72874400e-06,1.93636627e+00,5.83372393e-02,6.37262604e+03,2.13975901e+02,1.20619471e-03,5.14212467e-05,0.00000000e+00,0.00000000e+00,0.00000000e+00,0.00000000e+00
7.55500000e+01,9.31875453e-04,3.10205898e-05,0.00000000e+00,0.00000000e+00,2.47839758e-04,1.75900363e-05,1.04276246e-05,3.72874400e-06,1.91815128e+00,5.88015519e-02,6.31113406e+03,2.06939170e+02,1.17602676e-03,4.23721768e-05,0.00000000e+00,0.00000000e+00,8.71300000e+00,1.78419422e-01
7.56500000e+01,9.29265506e-04,3.08960597e-05,0.00000000e+00,0.00000000e+00,2.48767803e-04,1.78102232e-05,1.04276246e-05,3.72874400e-06,1.91427252e+00,5.94675928e-02,6.31025850e+03,2.07742512e+02,1.17437791e-03,4.25144148e-05,0.00000000e+00,0.00000000e+00,0.00000000e+00,0.00000000e+00
7.57500000e+01,9.36306677e-04,3.27151585e-05,0.00000000e+00,0.00000000e+00,2.42628676e-04,1.85324655e-05,1.04254748e-05,3.72804399e-06,1.91015959e+00,6.18557924e-02,6.33382828e+03,2.15284781e+02,1.17536221e-03,4.51133752e-05,0.00000000e+00,0.00000000e+00,8.69860000e+00,1.77761136e-01
7.58500000e+01,9.41114637e-04,3.37799370e-05,0.00000000e+00,0.00000000e+00,2.42002800e-04,1.93424784e-05,9.30526492e-06,3.07162297e-06,1.89769190e+00,6.08268470e-02,6.32885510e+03,2.16762907e+02,1.17965981e-03,4.64417599e-05,0.00000000e+00,0.00000000e+00,0.00000000e+00,0.00000000e+00
7.59500000e+01,9.32247787e-04,3.42012376e-05,0.00000000e+00,0.00000000e+00,2.46246213e-04,1.89797681e-05,8.93143174e-06,2.91323517e-06,1.88970504e+00,6.08039947e-02,6.30732573e+03,2.20565700e+02,1.17496327e-03,4.64857466e-05,0.00000000e+00,0.00000000e+00,8.66820000e+00,1.74278850e-01
7.60500000e+01,9.35722406e-04,3.27687560e-05,0.00000000e+00,0.00000000e+00,2.46265495e-04,2.13284318e-05,9.00575949e-06,2.91661306e-06,1.89941941e+00,5.89511963e-02,6.32572059e+03,2.08869090e+02,1.17852007e-03,4.87742488e-05,0.00000000e+00,0.00000000e+00,0.00000000e+00,0.00000000e+00
7.61500000e+01,9.33823849e-04,3.38575669e-05,0.00000000e+00,0.00000000e+00,2.46695931e-04,2.45346506e-05,9.07378214e-06,2.92142235e-06,1.89304513e+00,5.98532217e-02,6.30824318e+03,2.15422211e+02,1.17716146e-03,5.12384165e-05,0.00000000e+00,0.00000000e+00,8.65180000e+00,1.75921061e-01
7.62500000e+01,9.30495936e-04,3.34644380e-05,0.00000000e+00,0.00000000e+00,2.60150083e-04,2.53080243e-05,9.07378214e-06,2.92142235e-06,1.89222460e+00,5.95296308e-02,6.28808827e+03,2.15757490e+02,1.18733523e-03,5.22259651e-05,0.00000000e+00,0.00000000e+00,0.00000000e+00,0.00000000e+00
7.63500000e+01,9.28842638e-04,3.28180118e-05,0.00000000e+00,0.00000000e+00,2.57154870e-04,2.25335065e-05,9.07378214e-06,2.92142235e-06,1.90077613e+00,6.04729581e-02,6.26746745e+03,2.16356675e+02,1.18277028e-03,4.52618419e-05,0.00000000e+00,0.00000000e+00,8.63000000e+00,1.77086628e-01
7.64500000e+01,9.31151128e-04,3.38531508e-05,0.00000000e+00,0.00000000e+00,2.53923674e-04,1.97382368e-05,9.07378214e-06,2.92142235e-06,1.89548348e+00,6.24191023e-02,6.24607826e+03,2.19756283e+02,1.18197538e-03,4.38718540e-05,0.00000000e+00,0.00000000e+00,0.00000000e+00,0.00000000e+00
7.65500000e+01,9.35218772e-04,3.49312886e-05,0.00000000e+00,0.00000000e+00,2.71249532e-04,3.47959230e-05,9.07378214e-06,2.92142235e-06,1.88523264e+00,6.12026614e-02,6.25226996e+03,2.19380394e+02,1.20345398e-03,5.60884573e-05,0.00000000e+00,0.00000000e+00,8.62460000e+00,1.75821619e-01
7.66500000e+01,9.38073696e-04,3.38674644e-05,0.00000000e+00,0.00000000e+00,2.37319113e-04,1.53940340e-05,9.01046663e-06,2.91709980e-06,1.89476107e+00,6.08755370e-02,6.25478788e+03,2.14673787e+02,1.17260173e-03,4.24857650e-05,0.00000000e+00,0.00000000e+00,0.00000000e+00,0.00000000e+00
7.67500000e+01,9.46051724e-04,3.58025362e-05,0.00000000e+00,0.00000000e+00,2.46261481e-04,1.74611774e-05,9.00977018e-06,2.91705986e-06,1.88876285e+00,6.14419941e-02,6.30429788e+03,2.23705771e+02,1.18922908e-03,4.57573658e-05,0.00000000e+00,0.00000000e+00,8.61440000e+00,1.74181037e-01
7.68500000e+01,9.36289561e-04,3.63486257e-05,0.00000000e+00,0.00000000e+00,2.45875401e-04,2.13335116e-05,8.95358883e-06,2.90630361e-06,1.87759278e+00,6.37606572e-02,6.26849777e+03,2.29268414e+02,1.17905108e-03,4.78949420e-05,0.00000000e+00,0.00000000e+00,0.00000000e+00,0.00000000e+00
7.69500000e+01,9.25036260e-04,3.56158706e-05,0.00000000e+00,0.00000000e+00,2.60518204e-04,3.08630506e-05,8.82774644e-06,2.88340402e-06,1.85926278e+00,6.25366993e-02,6.17977227e+03,2.27339337e+02,1.18256248e-03,5.37969782e-05,0.00000000e+00,0.00000000e+00,8.60600000e+00,1.75455327e-01
7.70500000e+01,9.37630282e-04,3.79993855e-05,0.00000000e+00,0.00000000e+00,2.39101287e-04,1.88758529e-05,8.82643869e-06,2.88340218e-06,1.86934960e+00,6.44425332e-02,6.20981052e+03,2.39062171e+02,1.17391872e-03,4.84925374e-05,0.00000000e+00,0.00000000e+00,0.00000000e+00,0.00000000e+00
7.71500000e+01,9.50530539e-04,3.64851026e-05,0.00000000e+00,0.00000000e+00,2.28221946e-04,1.40185527e-05,8.82643869e-06,2.88340218e-06,1.87814121e+00,6.23769662e-02,6.27005519e+03,2.30122105e+02,1.17597407e-03,4.39107455e-05,0.00000000e+00,0.00000000e+00,8.59260000e+00,1.75692870e-01
7.72500000e+01,9.50857239e-04,3.51972682e-05,0.00000000e+00,0.00000000e+00,2.22246105e-04,1.31529684e-05,8.63092848e-06,2.88467917e-06,1.87008390e+00,6.07296539e-02,6.26710171e+03,2.24854971e+02,1.17048944e-03,4.16904658e-05,0.00000000e+00,0.00000000e+00,0.00000000e+00,0.00000000e+00
7.73500000e+01,9.37060732e-04,3.49968408e-05,0.00000000e+00,0.00000000e+00,2.41098134e-04,2.00583256e-05,8.45735046e-06,2.88996132e-06,1.85476618e+00,6.06467869e-02,6.17256408e+03,2.22326746e+02,1.17568702e-03,4.45654708e-05,0.00000000e+00,0.00000000e+00,8.59480000e+00,1.78687789e-01
7.74500000e+01,9.25184123e-04,3.22732945e-05,0.00000000e+00,0.00000000e+00,2.51739908e-04,3.18848957e-05,8.40882669e-06,2.88773438e-06,1.84645964e+00,5.77290140e-02,6.09794519e+03,2.05513185e+02,1.17448158e-03,4.43077262e-05,0.00000000e+00,0.00000000e+00,0.00000000e+00,0.00000000e+00
7.75500000e+01,9.19678537e-04,3.19025716e-05,0.00000000e+00,0.00000000e+00,2.26396456e-04,2.37164776e-05,8.41359047e-06,2.88752589e-06,1.84537037e+00,5.89234008e-02,6.07447489e+03,2.04329207e+02,1.14368462e-03,4.30654700e-05,0.00000000e+00,0.00000000e+00,8.56880000e+00,1.78784477e-01
7.76500000e+01,9.16448661e-04,3.35928125e-05,0.00000000e+00,0.00000000e+00,2.06417205e-04,1.14417186e-05,8.44404776e-06,2.88637839e-06,1.83353297e+00,5.94968516e-02,6.09263299e+03,2.10734108e+02,1.12044007e-03,4.07196604e-05,0.00000000e+00,0.00000000e+00,0.00000000e+00,0.00000000e+00
7.77500000e+01,9.22279208e-04,3.45741314e-05,0.00000000e+00,0.00000000e+00,2.08607588e-04,1.16561048e-05,8.44404776e-06,2.88637839e-06,1.83840298e+00,6.17582075e-02,6.08970580e+03,2.18067837e+02,1.12862576e-03,4.16828428e-05,0.00000000e+00,0.00000000e+00,8.54620000e+00,1.81758506e-01
7.78500000e+01,9.27843729e-04,3.54003644e-05,0.00000000e+00,0.00000000e+00,1.99933364e-04,8.87498974e-06,8.44404776e-06,2.88637839e-06,1.83485768e+00,6.18605954e-02,6.10265583e+03,2.23070092e+02,1.12553256e-03,4.06638622e-05,0.00000000e+00,0.00000000e+00,0.00000000e+00,0.00000000e+00
7.79500000e+01,9.25808944e-04,3.56233112e-05,0.00000000e+00,0.00000000e+00,2.00967551e-04,8.80844662e-06,8.44404776e-06,2.88637839e-06,1.82569297e+00,5.93534606e-02,6.05254482e+03,2.19789658e+02,1.12453604e-03,4.07597049e-05,0.00000000e+00,0.00000000e+00,8.54680000e+00,1.83644386e-01
7.80500000e+01,9.35787585e-04,3.67248794e-05,0.00000000e+00,0.00000000e+00,2.03454427e-04,9.03966778e-06,8.44404776e-06,2.88637839e-06,1.84029060e+00,5.91963489e-02,6.12402730e+03,2.25061409e+02,1.13702106e-03,4.21570101e-05,0.00000000e+00,0.00000000e+00,0.00000000e+00,0.00000000e+00
7.81500000e+01,9.32956957e-04,3.48598841e-05,0.00000000e+00,0.00000000e+00,2.04373405e-04,9.98373966e-06,8.34703001e-06,2.88374686e-06,1.84089208e+00,6.05337215e-02,6.10725836e+03,2.18276956e+02,1.13514406e-03,4.06366913e-05,0.00000000e+00,0.00000000e+00,8.54580000e+00,1.85688810e-01
7.82500000e+01,9.28925399e-04,3.22660106e-05,0.00000000e+00,0.00000000e+00,2.10740242e-04,1.23317971e-05,8.15093809e-06,2.88838744e-06,1.82368242e+00,5.75353022e-02,6.05530307e+03,2.01709622e+02,1.13756507e-03,3.85068027e-05,0.00000000e+00,0.00000000e+00,0.00000000e+00,0.00000000e+00
7.83500000e+01,9.29488203e-04,3.19462922e-05,0.00000000e+00,0.00000000e+00,2.17740328e-04,1.56033913e-05,8.15093809e-06,2.88838744e-06,1.81093339e+00,5.73616163e-02,6.03100740e+03,1.98949717e+02,1.14513042e-03,3.97109039e-05,0.00000000e+00,0.00000000e+00,8.54300000e+00,1.85677854e-01
7.84500000e+01,9.39035177e-04,3.28535402e-05,0.00000000e+00,0.00000000e+00,2.50754058e-04,2.47944546e-05,8.15093809e-06,2.88838744e-06,1.81596874e+00,5.72573987e-02,6.08006396e+03,2.04171105e+02,1.18734897e-03,4.54668743e-05,0.00000000e+00,0.00000000e+00,0.00000000e+00,0.00000000e+00
7.85500000e+01,9.30088696e-04,3.28457736e-05,0.00000000e+00,0.00000000e+00,2.48324745e-04,2.35578855e-05,8.15093809e-06,2.88838744e-06,1.80894181e+00,5.78064722e-02,6.02172501e+03,2.02647658e+02,1.17638446e-03,4.39159520e-05,0.00000000e+00,0.00000000e+00,8.55020000e+00,1.84883083e-01
7.86500000e+01,9.24060512e-04,3.20112574e-05,0.00000000e+00,0.00000000e+00,2.27787051e-04,1.84991762e-05,8.15093809e-06,2.88838744e-06,1.79765495e+00,5.48652101e-02,5.96808847e+03,1.94587623e+02,1.14983522e-03,4.16500311e-05,0.00000000e+00,0.00000000e+00,0.00000000e+00,0.00000000e+00
7.87500000e+01,9.29397203e-04,3.22053911e-05,0.00000000e+00,0.00000000e+00,2.23169831e-04,1.79735689e-05,8.15093809e-06,2.88838744e-06,1.80383802e+00,5.56794542e-02,6.01356402e+03,1.99551306e+02,1.15055280e-03,4.10977741e-05,0.00000000e+00,0.00000000e+00,8.54220000e+00,1.83564323e-01
7.88500000e+01,9.28897819e-04,3.37435202e-05,0.00000000e+00,0.00000000e+00,2.17540349e-04,1.65879260e-05,8.15093809e-06,2.88838744e-06,1.79400883e+00,5.57067404e-02,5.99200601e+03,2.05357831e+02,1.14443913e-03,4.21364359e-05,0.00000000e+00,0.00000000e+00,0.00000000e+00,0.00000000e+00
7.89500000e+01,9.31079131e-04,3.34368309e-05,0.00000000e+00,0.00000000e+00,2.16765443e-04,1.54832464e-05,8.15093809e-06,2.88838744e-06,1.78903796e+00,5.37837150e-02,5.98935091e+03,2.00525537e+02,1.14567941e-03,4.08927969e-05,0.00000000e+00,0.00000000e+00,8.54640000e+00,1.84580443e-01
7.90500000e+01,9.31566539e-04,3.30981488e-05,0.00000000e+00,0.00000000e+00,2.21010345e-04,1.62851643e-05,7.81904644e-06,2.84400180e-06,1.79347850e+00,5.46283679e-02,6.00028511e+03,2.00349249e+02,1.15031622e-03,4.12546390e-05,0.00000000e+00,0.00000000e+00,0.00000000e+00,0.00000000e+00
7.91500000e+01,9.22195777e-04,3.40978851e-05,0.00000000e+00,0.00000000e+00,2.31005751e-04,1.92878848e-05,7.44964718e-06,2.83975573e-06,1.78289537e+00,5.63609419e-02,5.93596325e+03,2.08295999e+02,1.15098864e-03,4.44429324e-05,0.00000000e+00,0.00000000e+00,8.52160000e+00,1.83191293e-01
7.92500000e+01,9.20374861e-04,3.49408615e-05,0.00000000e+00,0.00000000e+00,2.20547320e-04,1.96604404e-05,7.44964718e-06,2.83975573e-06,1.78192342e+00,5.73697715e-02,5.90771297e+03,2.13330609e+02,1.13871074e-03,4.75197316e-05,0.00000000e+00,0.00000000e+00,0.00000000e+00,0.00000000e+00
7.93500000e+01,9.23551219e-04,3.35787022e-05,0.00000000e+00,0.00000000e+00,2.36050018e-04,3.73780795e-05,7.44964718e-06,2.83975573e-06,1.78529389e+00,5.71961031e-02,5.92049680e+03,2.06220148e+02,1.15738931e-03,5.98293015e-05,0.00000000e+00,0.00000000e+00,8.51580000e+00,1.85465788e-01
7.94500000e+01,9.19197330e-04,3.33279108e-05,0.00000000e+00,0.00000000e+00,2.11622814e-04,1.73259489e-05,7.44964718e-06,2.83975573e-06,1.78250960e+00,5.72324011e-02,5.90399805e+03,2.02527006e+02,1.12860837e-03,4.39377113e-05,0.00000000e+00,0.00000000e+00,0.00000000e+00,0.00000000e+00
7.95500000e+01,9.23338092e-04,3.36694448e-05,0.00000000e+00,0.00000000e+00,2.22991632e-04,1.71875625e-05,7.44964718e-06,2.83975573e-06,1.78691958e+00,5.81023806e-02,5.93701136e+03,2.04084532e+02,1.14410903e-03,4.36130080e-05,0.00000000e+00,0.00000000e+00,8.52379999e+00,1.86346155e-01
7.96500000e+01,9.18006521e-04,3.32224772e-05,0.00000000e+00,0.00000000e+00,2.34658543e-04,2.60305436e-05,7.44964718e-06,2.83975573e-06,1.76147171e+00,5.77322787e-02,5.87437991e+03,2.03231791e+02,1.15040715e-03,4.84276677e-05,0.00000000e+00,0.00000000e+00,0.00000000e+00,0.00000000e+00
7.97500000e+01,9.08118173e-04,3.28710296e-05,0.00000000e+00,0.00000000e+00,2.10097257e-04,2.28356754e-05,7.46480061e-06,2.83991195e-06,1.74889173e+00,5.71890750e-02,5.80798311e+03,2.00303477e+02,1.11551284e-03,4.57904163e-05,0.00000000e+00,0.00000000e+00,8.50039999e+00,1.86045192e-01
7.98500000e+01,9.05599445e-04,3.34616125e-05,0.00000000e+00,0.00000000e+00,1.98896886e-04,1.99424386e-05,7.48039998e-06,2.84015722e-06,1.74717052e+00,5.61523544e-02,5.80003301e+03,2.03414071e+02,1.10191476e-03,4.79083379e-05,0.00000000e+00,0.00000000e+00,0.00000000e+00,0.00000000e+00
7.99500000e+01,9.07742994e-04,3.26060059e-05,0.00000000e+00,0.00000000e+00,1.97382088e-04,1.46852803e-05,7.48039998e-06,2.84015722e-06,1.75116892e+00,5.45718555e-02,5.80318612e+03,1.99582616e+02,1.10319538e-03,4.23651896e-05,0.00000000e+00,0.00000000e+00,8.50039999e+00,1.86723842e-01
8.00500000e+01,9.10997272e-04,3.30579024e-05,0.00000000e+00,0.00000000e+00,2.22469636e-04,2.73206286e-05,7.48039998e-06,2.84015722e-06,1.74660760e+00,5.65079336e-02,5.82698250e+03,2.04198553e+02,1.13156397e-03,4.67621671e-05,0.00000000e+00,0.00000000e+00,0.00000000e+00,0.00000000e+00
8.01500000e+01,9.08569268e-04,3.28469055e-05,0.00000000e+00,0.00000000e+00,2.40719760e-04,2.86373916e-05,8.09401987e-06,3.13144193e-06,1.73926825e+00,5.61804948e-02,5.78721016e+03,1.99673531e+02,1.14740935e-03,4.41953685e-05,0.00000000e+00,0.00000000e+00,8.49059999e+00,1.83761917e-01
8.02500000e+01,9.29793237e-04,3.62769573e-05,0.00000000e+00,0.00000000e+00,2.29086643e-04,2.58733976e-05,8.25920503e-06,3.22534152e-06,1.75202181e+00,5.86623030e-02,5.90212619e+03,2.26877667e+02,1.15558822e-03,4.62102367e-05,0.00000000e+00,0.00000000e+00,0.00000000e+00,0.00000000e+00
8.03500000e+01,9.09303606e-04,3.25492994e-05,0.00000000e+00,0.00000000e+00,2.21581081e-04,2.38736579e-05,8.25920503e-06,3.22534152e-06,1.74185312e+00,5.70800038e-02,5.79346459e+03,2.07418258e+02,1.12791054e-03,4.25293313e-05,0.00000000e+00,0.00000000e+00,8.48839999e+00,1.84284909e-01
8.04500000e+01,9.06764554e-04,3.15325764e-05,0.00000000e+00,0.00000000e+00,2.28760055e-04,2.39238297e-05,8.25920503e-06,3.22534152e-06,1.74273071e+00,5.71005155e-02,5.76616257e+03,1.95790851e+02,1.13365682e-03,4.23559004e-05,0.00000000e+00,0.00000000e+00,0.00000000e+00,0.00000000e+00
8.05500000e+01,9.09046677e-04,3.22216101e-05,0.00000000e+00,0.00000000e+00,2.44189691e-04,2.52850479e-05,8.24219854e-06,3.22519359e-06,1.73386297e+00,5.65332393e-02,5.75439851e+03,2.01302271e+02,1.15139744e-03,4.31787577e-05,0.00000000e+00,0.00000000e+00,8.48639999e+00,1.84364051e-01
8.06500000e+01,9.04842932e-04,3.18011650e-05,0.00000000e+00,0.00000000e+00,3.33658121e-04,1.05079977e-04,8.23451049e-06,3.22515615e-06,1.73224922e+00,5.55210283e-02,5.73991045e+03,1.95982045e+02,1.23667501e-03,1.12681951e-04,0.00000000e+00,0.00000000e+00,0.00000000e+00,0.00000000e+00
8.07500000e+01,9.07552591e-04,3.28670742e-05,0.00000000e+00,0.00000000e+00,2.51645159e-04,2.64538189e-05,8.23451049e-06,3.22515615e-06,1.73196181e+00,5.51577786e-02,5.74146033e+03,2.00755630e+02,1.15739549e-03,4.52534722e-05,0.00000000e+00,0.00000000e+00,8.46859999e+00,1.84490698e-01
8.08500000e+01,9.14566312e-04,3.25005931e-05,0.00000000e+00,0.00000000e+00,2.36263687e-04,1.88811970e-05,8.23451049e-06,3.22515615e-06,1.74097953e+00,5.44485279e-02,5.76970088e+03,1.96292042e+02,1.14907482e-03,4.34243982e-05,0.00000000e+00,0.00000000e+00,0.00000000e+00,0.00000000e+00
8.09500000e+01,9.11220592e-04,3.28445157e-05,0.00000000e+00,0.00000000e+00,2.23820731e-04,1.81753350e-05,8.23451049e-06,3.22515615e-06,1.73610956e+00,5.53725136e-02,5.74237590e+03,1.97010767e+02,1.13336178e-03,4.35931756e-05,0.00000000e+00,0.00000000e+00,8.45279999e+00,1.84398425e-01
8.10500000e+01,9.12879184e-04,3.54526829e-05,0.00000000e+00,0.00000000e+00,2.17899898e-04,1.63127106e-05,8.23451049e-06,3.22515615e-06,1.72338857e+00,5.60985971e-02,5.73255703e+03,2.09212534e+02,1.12910198e-03,4.51586738e-05,0.00000000e+00,0.00000000e+00,0.00000000e+00,0.00000000e+00
8.11500000e+01,9.01817021e-04,3.32391582e-05,0.00000000e+00,0.00000000e+00,2.13043816e-04,1.70793598e-05,8.18591508e-06,3.20673003e-06,1.70766566e+00,5.50788442e-02,5.66382921e+03,1.99132119e+02,1.11318536e-03,4.31955867e-05,0.00000000e+00,0.00000000e+00,8.44800000e+00,1.85846327e-01
8.12500000e+01,8.86753948e-04,3.22423301e-05,0.00000000e+00,0.00000000e+00,2.13530956e-04,1.74426336e-05,6.85099454e-06,2.97899173e-06,1.69330105e+00,5.30685255e-02,5.59234279e+03,1.95543511e+02,1.09860790e-03,4.32749707e-05,0.00000000e+00,0.00000000e+00,0.00000000e+00,0.00000000e+00
8.13500000e+01,8.91242185e-04,3.22190490e-05,0.00000000e+00,0.00000000e+00,2.17562856e-04,2.23005381e-05,6.85099454e-06,2.97899173e-06,1.69670392e+00,5.25793317e-02,5.60621356e+03,1.94095533e+02,1.10702815e-03,4.80528837e-05,0.00000000e+00,0.00000000e+00,8.44540000e+00,1.86374040e-01
8.14500000e+01,8.89094638e-04,3.24389523e-05,0.00000000e+00,0.00000000e+00,2.13272966e-04,2.37571750e-05,6.85157491e-06,2.97896553e-06,1.68133622e+00,5.43660368e-02,5.58104704e+03,1.93840905e+02,1.10063789e-03,4.85793020e-05,0.00000000e+00,0.00000000e+00,0.00000000e+00,0.00000000e+00
8.15500000e+01,8.82237111e-04,3.22984344e-05,0.00000000e+00,0.00000000e+00,2.08892586e-04,2.43287955e-05,6.85174325e-06,2.97895795e-06,1.67037940e+00,5.53257432e-02,5.54230002e+03,1.94120311e+02,1.08946742e-03,4.91304423e-05,0.00000000e+00,0.00000000e+00,8.43680000e+00,1.86775964e-01
8.16500000e+01,8.94664848e-04,3.22138610e-05,0.00000000e+00,0.00000000e+00,2.17343415e-04,2.58175633e-05,6.85174325e-06,2.97895795e-06,1.68096865e+00,5.58742993e-02,5.61467087e+03,1.94764645e+02,1.11034943e-03,5.08025936e-05,0.00000000e+00,0.00000000e+00,0.00000000e+00,0.00000000e+00
8.17500000e+01,8.90773839e-04,3.35056939e-05,0.00000000e+00,0.00000000e+00,1.96513673e-04,1.41499646e-05,6.85174325e-06,2.97895795e-06,1.67160193e+00,5.65468871e-02,5.58543929e+03,2.01513821e+02,1.08563195e-03,4.39218246e-05,0.00000000e+00,0.00000000e+00,8.42200000e+00,1.85279271e-01
8.18500000e+01,9.02636707e-04,3.60809144e-05,0.00000000e+00,0.00000000e+00,1.99737637e-04,1.41214459e-05,6.85174325e-06,2.97895795e-06,1.68932371e+00,5.72383556e-02,5.66503845e+03,2.14395704e+02,1.10073021e-03,4.50740103e-05,0.00000000e+00,0.00000000e+00,0.00000000e+00,0.00000000e+00
8.19500000e+01,8.92589475e-04,3.55982925e-05,0.00000000e+00,0.00000000e+00,2.04353212e-04,1.59936175e-05,6.85174325e-06,2.97895795e-06,1.68234899e+00,5.75535320e-02,5.59790844e+03,2.13501889e+02,1.09533578e-03,4.47639275e-05,0.00000000e+00,0.00000000e+00,8.40900000e+00,1.85611895e-01
8.20500000e+01,9.06468399e-04,3.68354457e-05,0.00000000e+00,0.00000000e+00,2.04912322e-04,1.60749612e-05,6.24128193e-06,2.77489731e-06,1.68196895e+00,5.70891805e-02,5.64362970e+03,2.11393640e+02,1.10976899e-03,4.55251566e-05,0.00000000e+00,0.00000000e+00,0.00000000e+00,0.00000000e+00
8.21500000e+01,8.98156778e-04,3.71470994e-05,0.00000000e+00,0.00000000e+00,1.97274923e-04,1.43724231e-05,5.47313715e-06,2.69844532e-06,1.67899565e+00,5.72374530e-02,5.60052068e+03,2.15473437e+02,1.09383594e-03,4.61170489e-05,0.00000000e+00,0.00000000e+00,8.40260000e+00,1.85649398e-01
8.22500000e+01,8.98547144e-04,3.60535436e-05,0.00000000e+00,0.00000000e+00,1.98724016e-04,1.57326241e-05,5.47313715e-06,2.69844532e-06,1.68445329e+00,5.72852721e-02,5.61205452e+03,2.09723953e+02,1.09568211e-03,4.58390636e-05,0.00000000e+00,0.00000000e+00,0.00000000e+00,0.00000000e+00
8.23500000e+01,9.04857897e-04,3.70489187e-05,0.00000000e+00,0.00000000e+00,2.03120870e-04,1.96888490e-05,5.47313715e-06,2.69844532e-06,1.66582503e+00,5.60191900e-02,5.61914903e+03,2.16484552e+02,1.10639445e-03,4.79056358e-05,0.00000000e+00,0.00000000e+00,8.39100000e+00,1.84538310e-01
8.24500000e+01,9.05599945e-04,3.67618136e-05,0.00000000e+00,0.00000000e+00,2.52488663e-04,6.51106321e-05,5.47313715e-06,2.69844532e-06,1.66926700e+00,5.65118461e-02,5.61202414e+03,2.13952953e+02,1.15650406e-03,8.07220147e-05,0.00000000e+00,0.00000000e+00,0.00000000e+00,0.00000000e+00
8.25500000e+01,9.09126304e-04,3.60168461e-05,0.00000000e+00,0.00000000e+00,2.35201881e-04,4.50351336e-05,5.47313676e-06,2.69844534e-06,1.67186111e+00,5.51459361e-02,5.62039490e+03,2.09642491e+02,1.14283478e-03,6.38311918e-05,0.00000000e+00,0.00000000e+00,8.37140000e+00,1.83291451e-01
8.26500000e+01,9.15792858e-04,3.61796759e-05,0.00000000e+00,0.00000000e+00,2.01412002e-04,1.41313304e-05,5.47313662e-06,2.69844534e-06,1.67231880e+00,5.47693840e-02,5.66782339e+03,2.13163148e+02,1.11573229e-03,4.37031321e-05,0.00000000e+00,0.00000000e+00,0.00000000e+00,0.00000000e+00
8.27500000e+01,9.12867013e-04,3.60787208e-05,0.00000000e+00,0.00000000e+00,1.92202636e-04,1.37544032e-05,5.47313662e-06,2.69844534e-06,1.66666783e+00,5.47567619e-02,5.64999920e+03,2.14071742e+02,1.10358548e-03,4.45256935e-05,0.00000000e+00,0.00000000e+00,8.35640000e+00,1.81968547e-01
8.28500000e+01,9.18407258e-04,3.68592074e-05,0.00000000e+00,0.00000000e+00,1.99869009e-04,1.48996683e-05,5.47313662e-06,2.69844534e-06,1.66892389e+00,5.40170303e-02,5.66209041e+03,2.13405150e+02,1.11679686e-03,4.54735009e-05,0.00000000e+00,0.00000000e+00,0.00000000e+00,0.00000000e+00
8.29500000e+01,9.04997041e-04,3.63108625e-05,0.00000000e+00,0.00000000e+00,2.05010036e-04,1.78932039e-05,5.47313662e-06,2.69844534e-06,1.65788154e+00,5.52358258e-02,5.60081010e+03,2.12746473e+02,1.10854544e-03,4.69714914e-05,0.00000000e+00,0.00000000e+00,8.34780000e+00,1.83780990e-01
8.30500000e+01,9.05268957e-04,3.67621937e-05,0.00000000e+00,0.00000000e+00,2.29346786e-04,3.27925512e-05,5.47313662e-06,2.69844534e-06,1.65934532e+00,5.83786230e-02,5.57808642e+03,2.16166493e+02,1.13315592e-03,5.48953882e-05,0.00000000e+00,0.00000000e+00,0.00000000e+00,0.00000000e+00
8.31500000e+01,8.99086746e-04,3.65230255e-05,0.00000000e+00,0.00000000e+00,2.26364779e-04,3.12679419e-05,5.47313662e-06,2.69844534e-06,1.64298482e+00,5.43595424e-02,5.54667309e+03,2.08706092e+02,1.12398699e-03,5.22564197e-05,0.00000000e+00,0.00000000e+00,8.32700000e+00,1.82585792e-01
8.32500000e+01,9.00886589e-04,3.64422819e-05,0.00000000e+00,0.00000000e+00,1.91958742e-04,1.22326918e-05,5.47313662e-06,2.69844534e-06,1.64648594e+00,5.26015112e-02,5.56459024e+03,2.06479107e+02,1.09138972e-03,4.39555145e-05,0.00000000e+00,0.00000000e+00,0.00000000e+00,0.00000000e+00
8.33500000e+01,9.05891117e-04,3.47219702e-05,0.00000000e+00,0.00000000e+00,1.83937753e-04,1.16918314e-05,5.47313662e-06,2.69844534e-06,1.63914967e+00,5.26765435e-02,5.56844735e+03,1.98899348e+02,1.08835923e-03,4.16031997e-05,0.00000000e+00,0.00000000e+00,8.32740000e+00,1.83662248e-01
8.34500000e+01,8.94814419e-04,3.39677231e-05,0.00000000e+00,0.00000000e+00,1.94197277e-04,1.42589160e-05,5.47313662e-06,2.69844534e-06,1.62301962e+00,5.20382031e-02,5.50977756e+03,1.97261360e+02,1.08752714e-03,4.17653711e-05,0.00000000e+00,0.00000000e+00,0.00000000e+00,0.00000000e+00
8.35500000e+01,8.94745928e-04,3.46418341e-05,0.00000000e+00,0.00000000e+00,2.02516754e-04,1.70274694e-05,5.47313662e-06,2.69844534e-06,1.61792203e+00,5.29990886e-02,5.50633368e+03,2.00998763e+02,1.09579974e-03,4.22224313e-05,0.00000000e+00,0.00000000e+00,8.31099999e+00,1.83069799e-01
8.36500000e+01,9.05230519e-04,3.40882490e-05,0.00000000e+00,0.00000000e+00,2.15466392e-04,2.17496874e-05,5.30860392e-06,2.67154255e-06,1.62774606e+00,5.27727900e-02,5.54747754e+03,1.98821748e+02,1.11927254e-03,4.54673576e-05,0.00000000e+00,0.00000000e+00,0.00000000e+00,0.00000000e+00
8.37500000e+01,9.14902138e-04,3.44684804e-05,0.00000000e+00,0.00000000e+00,2.18623235e-04,2.64104405e-05,4.76374274e-06,2.64875772e-06,1.64341717e+00,5.17760389e-02,5.60193549e+03,1.99035281e+02,1.13220205e-03,4.77196186e-05,0.00000000e+00,0.00000000e+00,8.30439999e+00,1.82996412e-01
8.38500000e+01,9.02299747e-04,3.40675217e-05,0.00000000e+00,0.00000000e+00,2.23434579e-04,2.68188029e-05,4.76374274e-06,2.64875772e-06,1.63542434e+00,5.22206958e-02,5.55540856e+03,1.96469851e+02,1.12436536e-03,4.86505703e-05,0.00000000e+00,0.00000000e+00,0.00000000e+00,0.00000000e+00
8.39500000e+01,9.04837783e-04,3.55564820e-05,0.00000000e+00,0.00000000e+00,2.24134019e-04,2.65261833e-05,4.76374274e-06,2.64875772e-06,1.63054348e+00,5.43906105e-02,5.57955420e+03,2.06080349e+02,1.12755906e-03,4.96246812e-05,0.00000000e+00,0.00000000e+00,8.28899999e+00,1.82574839e-01
8.40500000e+01,9.03808207e-04,3.43144207e-05,0.00000000e+00,0.00000000e+00,2.01328389e-04,2.19867777e-05,4.76374274e-06,2.64875772e-06,1.63312961e+00,5.29661850e-02,5.56375772e+03,1.96264412e+02,1.10372394e-03,4.66570964e-05,0.00000000e+00,0.00000000e+00,0.00000000e+00,0.00000000e+00
8.41500000e+01,9.01040065e-04,3.44022556e-05,0.00000000e+00,0.00000000e+00,2.09096639e-04,2.39313225e-05,4.76374274e-06,2.64875772e-06,1.63317829e+00,5.27829304e-02,5.54242197e+03,1.96270271e+02,1.10874261e-03,4.87695434e-05,0.00000000e+00,0.00000000e+00,8.27400000e+00,1.84118862e-01
8.42500000e+01,9.09536794e-04,3.64188592e-05,0.00000000e+00,0.00000000e+00,2.08578403e-04,2.00244692e-05,4.76374274e-06,2.64875772e-06,1.62617130e+00,5.39167294e-02,5.57078118e+03,2.03678892e+02,1.11671099e-03,5.01198006e-05,0.00000000e+00,0.00000000e+00,0.00000000e+00,0.00000000e+00
8.43500000e+01,8.91523970e-04,3.57028315e-05,0.00000000e+00,0.00000000e+00,1.99755215e-04,1.63275650e-05,4.76374274e-06,2.64875772e-06,1.61895685e+00,5.41617172e-02,5.47806387e+03,2.00262394e+02,1.08987447e-03,4.61423319e-05,0.00000000e+00,0.00000000e+00,8.26020000e+00,1.86209558e-01
8.44500000e+01,9.04494032e-04,3.70172865e-05,0.00000000e+00,0.00000000e+00,1.95024108e-04,1.58725981e-05,4.76374274e-06,2.64875772e-06,1.62730789e+00,5.37871556e-02,5.53280501e+03,2.09167172e+02,1.09814338e-03,4.82407798e-05,0.00000000e+00,0.00000000e+00,0.00000000e+00,0.00000000e+00
8.45500000e+01,9.03478622e-04,3.51941923e-05,0.00000000e+00,0.00000000e+00,1.94984329e-04,1.53500886e-05,4.76374274e-06,2.64875772e-06,1.62756198e+00,5.15000973e-02,5.50728283e+03,2.01232629e+02,1.09718290e-03,4.62898716e-05,0.00000000e+00,0.00000000e+00,8.26100000e+00,1.87980297e-01
8.46500000e+01,8.95192164e-04,3.52276860e-05,0.00000000e+00,0.00000000e+00,1.95285758e-04,1.49994614e-05,4.76374274e-06,2.64875772e-06,1.60851958e+00,5.27512960e-02,5.44706066e+03,2.03669005e+02,1.08919587e-03,4.54902713e-05,0.00000000e+00,0.00000000e+00,0.00000000e+00,0.00000000e+00
8.47500000e+01,9.09029935e-04,3.59564178e-05,0.00000000e+00,0.00000000e+00,1.98874418e-04,1.53387065e-05,4.76374274e-06,2.64875772e-06,1.61986154e+00,5.31710099e-02,5.51518041e+03,2.07659778e+02,1.10666294e-03,4.58412281e-05,0.00000000e+00,0.00000000e+00,8.23820000e+00,1.86458004e-01
8.48500000e+01,9.07225790e-04,3.43219473e-05,0.00000000e+00,0.00000000e+00,2.17144176e-04,1.84766516e-05,4.76374274e-06,2.64875772e-06,1.62361139e+00,5.27469792e-02,5.49783763e+03,1.98348124e+02,1.12316934e-03,4.55683774e-05,0.00000000e+00,0.00000000e+00,0.00000000e+00,0.00000000e+00
8.49500000e+01,9.02753233e-04,3.42448866e-05,0.00000000e+00,0.00000000e+00,2.40825909e-04,3.17381118e-05,4.76374274e-06,2.64875772e-06,1.60845476e+00,5.14983481e-02,5.46592556e+03,1.93987330e+02,1.14245331e-03,5.31433481e-05,0.00000000e+00,0.00000000e+00,8.24620000e+00,1.85573549e-01
8.50500000e+01,9.03693304e-04,3.41365649e-05,0.00000000e+00,0.00000000e+00,2.65676757e-04,4.49320652e-05,4.76374274e-06,2.64875772e-06,1.61203786e+00,5.08568879e-02,5.46068618e+03,1.92041773e+02,1.16824830e-03,6.46844276e-05,0.00000000e+00,0.00000000e+00,0.00000000e+00,0.00000000e+00
8.51500000e+01,9.01312728e-04,3.53924681e-05,0.00000000e+00,0.00000000e+00,2.91824265e-04,5.91001076e-05,4.76374274e-06,2.64875772e-06,1.60499811e+00,5.27003241e-02,5.44016358e+03,2.00527162e+02,1.19202599e-03,7.63339714e-05,0.00000000e+00,0.00000000e+00,8.23160000e+00,1.86910731e-01
8.52500000e+01,9.14621354e-04,3.78747960e-05,0.00000000e+00,0.00000000e+00,2.32602054e-04,2.42305295e-05,4.71944372e-06,2.64774492e-06,1.59837285e+00,5.28196567e-02,5.48460174e+03,2.11733965e+02,1.14614783e-03,4.92518157e-05,0.00000000e+00,0.00000000e+00,0.00000000e+00,0.00000000e+00
8.53500000e+01,9.12012997e-04,3.72555174e-05,0.00000000e+00,0.00000000e+00,2.16601927e-04,2.02169452e-05,4.63080416e-06,2.64794505e-06,1.58820310e+00,5.26866565e-02,5.45573912e+03,2.08134276e+02,1.12763680e-03,4.76659408e-05,0.00000000e+00,0.00000000e+00,8.21220000e+00,1.86473239e-01
8.54500000e+01,9.08045822e-04,3.76268016e-05,0.00000000e+00,0.00000000e+00,2.25489492e-04,2.19705040e-05,4.62957337e-06,2.64798868e-06,1.58386016e+00,5.29145486e-02,5.43894647e+03,2.10898302e+02,1.13262986e-03,4.88752787e-05,0.00000000e+00,0.00000000e+00,0.00000000e+00,0.00000000e+00
8.55500000e+01,9.03681431e-04,3.73924995e-05,0.00000000e+00,0.00000000e+00,2.58532424e-04,4.37750986e-05,4.62957337e-06,2.64798868e-06,1.58368576e+00,5.24714429e-02,5.42052301e+03,2.09474460e+02,1.16130726e-03,6.17494086e-05,0.00000000e+00,0.00000000e+00,8.18580000e+00,1.87376319e-01
8.56500000e+01,8.97722818e-04,3.81023597e-05,0.00000000e+00,0.00000000e+00,2.39317880e-04,2.99209097e-05,4.62957337e-06,2.64798868e-06,1.57682616e+00,5.26874533e-02,5.39613124e+03,2.16138389e+02,1.13614927e-03,5.31639447e-05,0.00000000e+00,0.00000000e+00,0.00000000e+00,0.00000000e+00
8.57500000e+01,8.92928988e-04,3.82947957e-05,0.00000000e+00,0.00000000e+00,2.28388366e-04,2.60170593e-05,4.62957337e-06,2.64798868e-06,1.56777121e+00,5.22500438e-02,5.34920221e+03,2.12800708e+02,1.12045800e-03,5.16620433e-05,0.00000000e+00,0.00000000e+00,8.18760000e+00,1.87636549e-01
8.58500000e+01,9.07139487e-04,3.82338236e-05,0.00000000e+00,0.00000000e+00,2.42463235e-04,4.20293085e-05,4.62957337e-06,2.64798868e-06,1.57270867e+00,5.28040925e-02,5.42120426e+03,2.11614137e+02,1.14874334e-03,6.12723028e-05,0.00000000e+00,0.00000000e+00,0.00000000e+00,0.00000000e+00
8.59500000e+01,8.86597964e-04,3.71422512e-05,0.00000000e+00,0.00000000e+00,1.99142565e-04,1.68994109e-05,4.62957337e-06,2.64798868e-06,1.55319522e+00,5.20591351e-02,5.32023454e+03,2.07839297e+02,1.08488057e-03,4.55514947e-05,0.00000000e+00,0.00000000e+00,8.18320000e+00,1.89991717e-01
8.60500000e+01,8.88101880e-04,3.56144531e-05,0.00000000e+00,0.00000000e+00,1.74993607e-04,1.20350218e-05,4.62957337e-06,2.64798868e-06,1.56142868e+00,5.26613630e-02,5.32807859e+03,1.99943476e+02,1.06223552e-03,4.10267489e-05,0.00000000e+00,0.00000000e+00,0.00000000e+00,0.00000000e+00
8.61500000e+01,8.81290410e-04,3.51928828e-05,0.00000000e+00,0.00000000e+00,1.74341404e-04,1.27294513e-05,4.62957337e-06,2.64798868e-06,1.55916177e+00,5.50524360e-02,5.28628358e+03,1.99480742e+02,1.05475782e-03,4.18040454e-05,0.00000000e+00,0.00000000e+00,8.17320000e+00,1.89728365e-01
8.62500000e+01,8.64129187e-04,3.43410988e-05,0.00000000e+00,0.00000000e+00,1.66480845e-04,1.15973593e-05,4.60700082e-06,2.64869277e-06,1.54399321e+00,5.33198579e-02,5.19452822e+03,1.94648447e+02,1.02978007e-03,4.14558181e-05,0.00000000e+00,0.00000000e+00,0.00000000e+00,0.00000000e+00
8.63500000e+01,8.66187323e-04,3.31335567e-05,0.00000000e+00,0.00000000e+00,1.84661396e-04,1.83627487e-05,4.60687724e-06,2.64869715e-06,1.53690841e+00,5.08948193e-02,5.20722766e+03,1.87818358e+02,1.04999680e-03,4.40978812e-05,0.00000000e+00,0.00000000e+00,8.16880000e+00,1.90385140e-01
8.64500000e+01,8.68027633e-04,3.22524563e-05,0.00000000e+00,0.00000000e+00,1.73807721e-04,1.32090088e-05,4.60687724e-06,2.64869715e-06,1.53650295e+00,4.98141516e-02,5.21375580e+03,1.82079905e+02,1.04098032e-03,4.00442177e-05,0.00000000e+00,0.00000000e+00,0.00000000e+00,0.00000000e+00
8.65500000e+01,8.72047227e-04,3.28468791e-05,0.00000000e+00,0.00000000e+00,1.66333887e-04,1.05852804e-05,4.60687724e-06,2.64869715e-06,1.54677465e+00,5.02926415e-02,5.24099754e+03,1.83277642e+02,1.03753211e-03,3.93673730e-05,0.00000000e+00,0.00000000e+00,8.16080000e+00,1.92004856e-01
8.66500000e+01,8.80196350e-04,3.28134246e-05,0.00000000e+00,0.00000000e+00,1.79459638e-04,1.28105946e-05,4.60687724e-06,2.64869715e-06,1.56213016e+00,4.90394037e-02,5.29774569e+03,1.82135146e+02,1.05881416e-03,3.96179091e-05,0.00000000e+00,0.00000000e+00,0.00000000e+00,0.00000000e+00
8.67500000e+01,8.79606223e-04,3.47813809e-05,0.00000000e+00,0.00000000e+00,2.12099210e-04,2.43919901e-05,4.60687724e-06,2.64869715e-06,1.56076939e+00,5.10331452e-02,5.29265217e+03,1.93047544e+02,1.09086799e-03,4.58178892e-05,0.00000000e+00,0.00000000e+00,8.15420000e+00,1.87292872e-01
8.68500000e+01,8.84903024e-04,3.44787344e-05,0.00000000e+00,0.00000000e+00,2.09560396e-04,2.50269453e-05,4.60687724e-06,2.64869715e-06,1.55460574e+00,4.86324190e-02,5.29853595e+03,1.90646879e+02,1.09363766e-03,4.47944367e-05,0.00000000e+00,0.00000000e+00,0.00000000e+00,0.00000000e+00
8.69500000e+01,8.72268136e-04,3.29251924e-05,0.00000000e+00,0.00000000e+00,1.83219796e-04,1.23249134e-05,4.60687724e-06,2.64869715e-06,1.53164109e+00,4.72602622e-02,5.22788613e+03,1.83239457e+02,1.05466945e-03,3.75220544e-05,0.00000000e+00,0.00000000e+00,8.13040000e+00,1.86634853e-01
8.70500000e+01,8.72383766e-04,3.35921949e-05,0.00000000e+00,0.00000000e+00,1.90403440e-04,1.67751335e-05,4.60687724e-06,2.64869715e-06,1.53570736e+00,4.78329061e-02,5.23488437e+03,1.85136513e+02,1.06196667e-03,3.99061551e-05,0.00000000e+00,0.00000000e+00,0.00000000e+00,0.00000000e+00
8.71500000e+01,8.68616002e-04,3.23176164e-05,0.00000000e+00,0.00000000e+00,1.89548383e-04,1.68192590e-05,4.60687724e-06,2.64869715e-06,1.53214781e+00,4.76757168e-02,5.21334600e+03,1.80028406e+02,1.05735414e-03,3.89561339e-05,0.00000000e+00,0.00000000e+00,8.12560000e+00,1.85759371e-01
8.72500000e+01,8.68117252e-04,3.17503298e-05,0.00000000e+00,0.00000000e+00,2.26074542e-04,4.85298052e-05,4.60687724e-06,2.64869715e-06,1.53040552e+00,4.71476679e-02,5.20676312e+03,1.77298126e+02,1.09338159e-03,6.03462044e-05,0.00000000e+00,0.00000000e+00,0.00000000e+00,0.00000000e+00
8.73500000e+01,8.84468091e-04,3.24491769e-05,0.00000000e+00,0.00000000e+00,1.67902043e-04,1.05500615e-05,4.60687724e-06,2.64869715e-06,1.53631922e+00,4.88120107e-02,5.27746219e+03,1.81780024e+02,1.05156001e-03,3.81968866e-05,0.00000000e+00,0.00000000e+00,8.10240000e+00,1.84720321e-01
8.74500000e+01,8.84077369e-04,3.23094381e-05,0.00000000e+00,0.00000000e+00,1.64992342e-04,1.06997368e-05,4.60687724e-06,2.64869715e-06,1.52432288e+00,4.62901424e-02,5.26557760e+03,1.80409416e+02,1.04825434e-03,3.90212920e-05,0.00000000e+00,0.00000000e+00,0.00000000e+00,0.00000000e+00
8.75500000e+01,8.78208397e-04,3.37232433e-05,0.00000000e+00,0.00000000e+00,1.71088187e-04,1.22254368e-05,4.60687724e-06,2.64869715e-06,1.51849183e+00,4.72309771e-02,5.21394790e+03,1.88147472e+02,1.04851459e-03,4.16851579e-05,0.00000000e+00,0.00000000e+00,8.08519999e+00,1.85478805e-01
8.76500000e+01,8.84739816e-04,3.36433882e-05,0.00000000e+00,0.00000000e+00,1.97004918e-04,2.61357482e-05,4.60687724e-06,2.64869715e-06,1.52026182e+00,4.49688940e-02,5.25007568e+03,1.86117982e+02,1.08097552e-03,4.77429423e-05,0.00000000e+00,0.00000000e+00,0.00000000e+00,0.00000000e+00
8.77500000e+01,8.74297372e-04,3.28146099e-05,0.00000000e+00,0.00000000e+00,1.79009481e-04,1.51944600e-05,4.60687724e-06,2.64869715e-06,1.51997982e+00,4.64146005e-02,5.20285765e+03,1.84524854e+02,1.05254648e-03,4.29462106e-05,0.00000000e+00,0.00000000e+00,8.06759999e+00,1.85606906e-01
8.78500000e+01,8.72896408e-04,3.23435481e-05,0.00000000e+00,0.00000000e+00,1.72833221e-04,1.43828678e-05,4.60687724e-06,2.64869715e-06,1.51747727e+00,4.57523008e-02,5.18767347e+03,1.78911153e+02,1.04497978e-03,4.17003318e-05,0.00000000e+00,0.00000000e+00,0.00000000e+00,0.00000000e+00
8.79500000e+01,8.68695728e-04,3.15523195e-05,0.00000000e+00,0.00000000e+00,1.80778319e-04,1.24464864e-05,4.60687724e-06,2.64869715e-06,1.51575650e+00,4.53366031e-02,5.16988494e+03,1.77244380e+02,1.04872240e-03,3.95672802e-05,0.00000000e+00,0.00000000e+00,8.06019999e+00,1.84953274e-01
8.80500000e+01,8.75970100e-04,3.39647496e-05,0.00000000e+00,0.00000000e+00,1.92178102e-04,1.59813830e-05,4.60687724e-06,2.64869715e-06,1.53056763e+00,4.79471663e-02,5.21117952e+03,1.88688243e+02,1.06739755e-03,4.55878456e-05,0.00000000e+00,0.00000000e+00,0.00000000e+00,0.00000000e+00
8.81500000e+01,8.71073844e-04,3.30933195e-05,0.00000000e+00,0.00000000e+00,1.85634431e-04,1.23443775e-05,4.60687724e-06,2.64869715e-06,1.51812847e+00,4.66617997e-02,5.17464572e+03,1.83261336e+02,1.05595732e-03,4.03987686e-05,0.00000000e+00,0.00000000e+00,8.05239999e+00,1.85245025e-01
8.82500000e+01,8.75160002e-04,3.46210857e-05,0.00000000e+00,0.00000000e+00,2.04921984e-04,1.98084882e-05,4.60687724e-06,2.64869715e-06,1.51326093e+00,4.85511930e-02,5.19725890e+03,1.90943744e+02,1.07933112e-03,4.26910322e-05,0.00000000e+00,0.00000000e+00,0.00000000e+00,0.00000000e+00
8.83500000e+01,8.75831226e-04,3.45346898e-05,0.00000000e+00,0.00000000e+00,2.02772228e-04,2.16744155e-05,4.84096354e-06,2.82662903e-06,1.50028554e+00,4.77843372e-02,5.18836891e+03,1.89930241e+02,1.07784723e-03,4.54769715e-05,0.00000000e+00,0.00000000e+00,8.03419999e+00,1.86197414e-01
8.84500000e+01,8.68861531e-04,3.48249294e-05,0.00000000e+00,0.00000000e+00,1.76382130e-04,1.18376769e-05,4.78981526e-06,2.87749389e-06,1.50205899e+00,4.94210608e-02,5.15933278e+03,1.93556065e+02,1.04451191e-03,4.28162514e-05,0.00000000e+00,0.00000000e+00,0.00000000e+00,0.00000000e+00
8.85500000e+01,8.73970136e-04,3.50364462e-05,0.00000000e+00,0.00000000e+00,1.72079094e-04,1.17197244e-05,4.69636151e-06,2.84514773e-06,1.50163302e+00,4.98559853e-02,5.17942069e+03,1.95053580e+02,1.04532857e-03,4.27838408e-05,0.00000000e+00,0.00000000e+00,8.01899999e+00,1.87377661e-01
8.86500000e+01,8.76636423e-04,3.33824577e-05,0.00000000e+00,0.00000000e+00,1.74003108e-04,1.10191547e-05,4.69636151e-06,2.84514773e-06,1.50026046e+00,4.67394931e-02,5.18821005e+03,1.84889618e+02,1.04991900e-03,4.01613411e-05,0.00000000e+00,0.00000000e+00,0.00000000e+00,0.00000000e+00
8.87500000e+01,8.70714078e-04,3.36953704e-05,0.00000000e+00,0.00000000e+00,1.70137640e-04,1.05772957e-05,4.69636151e-06,2.84514773e-06,1.49104175e+00,4.66562643e-02,5.15785789e+03,1.86333163e+02,1.04013013e-03,4.06835214e-05,0.00000000e+00,0.00000000e+00,8.01699999e+00,1.87051068e-01
8.88500000e+01,8.73396122e-04,3.46881004e-05,0.00000000e+00,0.00000000e+00,1.78818096e-04,1.25712914e-05,4.69636151e-06,2.84514773e-06,1.50086219e+00,4.83040897e-02,5.16310102e+03,1.91397410e+02,1.05149348e-03,4.26702113e-05,0.00000000e+00,0.00000000e+00,0.00000000e+00,0.00000000e+00
8.89500000e+01,8.69614433e-04,3.51449522e-05,0.00000000e+00,0.00000000e+00,1.68269127e-04,1.19060949e-05,4.69636151e-06,2.84514773e-06,1.48928970e+00,4.80435675e-02,5.14432748e+03,1.93947845e+02,1.03720415e-03,4.40442746e-05,0.00000000e+00,0.00000000e+00,7.99259999e+00,1.87025877e-01
8.90500000e+01,8.73858342e-04,3.44565167e-05,0.00000000e+00,0.00000000e+00,1.81011940e-04,1.53909509e-05,4.69279269e-06,2.84521452e-06,1.48913819e+00,4.68275275e-02,5.16803020e+03,1.90570688e+02,1.05425018e-03,4.61187890e-05,0.00000000e+00,0.00000000e+00,0.00000000e+00,0.00000000e+00
8.91500000e+01,8.73801152e-04,3.56723022e-05,0.00000000e+00,0.00000000e+00,1.80896581e-04,1.50730419e-05,4.69250245e-06,2.84522015e-06,1.48861941e+00,4.84795453e-02,5.17846976e+03,1.98994047e+02,1.05407733e-03,4.43530062e-05,0.00000000e+00,0.00000000e+00,7.99040000e+00,1.86498555e-01
8.92500000e+01,8.73028132e-04,3.53279687e-05,0.00000000e+00,0.00000000e+00,1.77540175e-04,1.41901619e-05,4.69250245e-06,2.84522015e-06,1.47720856e+00,4.75422458e-02,5.16000045e+03,1.95895298e+02,1.04994981e-03,4.19508709e-05,0.00000000e+00,0.00000000e+00,0.00000000e+00,0.00000000e+00
8.93500000e+01,8.67203565e-04,3.42466320e-05,0.00000000e+00,0.00000000e+00,1.79197774e-04,1.73878282e-05,4.69250245e-06,2.84522015e-06,1.46546720e+00,4.79444486e-02,5.11272627e+03,1.89455661e+02,1.04578420e-03,4.07410216e-05,0.00000000e+00,0.00000000e+00,7.97240000e+00,1.86301393e-01
8.94500000e+01,8.64626899e-04,3.54994039e-05,0.00000000e+00,0.00000000e+00,2.05420750e-04,3.34375425e-05,4.69250245e-06,2.84522015e-06,1.45282166e+00,4.84960334e-02,5.07424449e+03,1.93102909e+02,1.06943059e-03,4.86309478e-05,0.00000000e+00,0.00000000e+00,0.00000000e+00,0.00000000e+00
8.95500000e+01,8.69571360e-04,3.66048859e-05,0.00000000e+00,0.00000000e+00,1.92761777e-04,1.66658647e-05,4.69250245e-06,2.84522015e-06,1.46148137e+00,4.89764001e-02,5.09766188e+03,1.97125148e+02,1.06172228e-03,4.28420273e-05,0.00000000e+00,0.00000000e+00,7.95500000e+00,1.86131674e-01
8.96500000e+01,8.70965968e-04,3.81409626e-05,0.00000000e+00,0.00000000e+00,1.99019209e-04,1.92602242e-05,4.69250245e-06,2.84522015e-06,1.45484563e+00,4.85278311e-02,5.10085021e+03,2.03240307e+02,1.06937575e-03,4.49434759e-05,0.00000000e+00,0.00000000e+00,0.00000000e+00,0.00000000e+00
8.97500000e+01,8.67151780e-04,3.58405481e-05,0.00000000e+00,0.00000000e+00,1.99565321e-04,1.72985252e-05,4.69250245e-06,2.84522015e-06,1.46057083e+00,4.79863346e-02,5.08576357e+03,1.93347952e+02,1.06610722e-03,4.33574745e-05,0.00000000e+00,0.00000000e+00,7.93100000e+00,1.85750381e-01
8.98500000e+01,8.72920100e-04,3.71068614e-05,0.00000000e+00,0.00000000e+00,1.93891495e-04,1.63409610e-05,2.42292472e-06,1.55666826e-06,1.46743920e+00,4.84539183e-02,5.12127673e+03,1.99809443e+02,1.06623433e-03,4.39524581e-05,0.00000000e+00,0.00000000e+00,0.00000000e+00,0.00000000e+00
8.99500000e+01,8.62245612e-04,3.32999096e-05,0.00000000e+00,0.00000000e+00,2.22974187e-04,3.79903995e-05,2.26196579e-06,1.55311585e-06,1.45381167e+00,4.59529824e-02,5.06216732e+03,1.81786341e+02,1.08464851e-03,5.36008171e-05,0.00000000e+00,0.00000000e+00,7.92440000e+00,1.84362146e-01
9.00500000e+01,8.73790049e-04,3.48947105e-05,0.00000000e+00,0.00000000e+00,2.24756773e-04,3.79828917e-05,2.26196579e-06,1.55311585e-06,1.45948266e+00,4.72542161e-02,5.09481845e+03,1.88120776e+02,1.09799242e-03,5.35743933e-05,0.00000000e+00,0.00000000e+00,0.00000000e+00,0.00000000e+00
9.01500000e+01,8.64706981e-04,3.48629838e-05,0.00000000e+00,0.00000000e+00,2.15857882e-04,2.99592982e-05,2.26196579e-06,1.55311585e-06,1.45297383e+00,4.89169204e-02,5.05026077e+03,1.90590245e+02,1.08001591e-03,4.78521591e-05,0.00000000e+00,0.00000000e+00,7.93220000e+00,1.86222226e-01
9.02500000e+01,8.69532768e-04,3.53086395e-05,0.00000000e+00,0.00000000e+00,1.94768458e-04,1.71619071e-05,2.26196579e-06,1.55311585e-06,1.45965343e+00,4.79875826e-02,5.07448858e+03,1.91244218e+02,1.06375227e-03,4.31738564e-05,0.00000000e+00,0.00000000e+00,0.00000000e+00,0.00000000e+00
9.03500000e+01,8.65338008e-04,3.47316840e-05,0.00000000e+00,0.00000000e+00,2.01055894e-04,1.94754503e-05,2.26196579e-06,1.55311585e-06,1.45838829e+00,4.69867684e-02,5.06467741e+03,1.87985392e+02,1.06584495e-03,4.42420044e-05,0.00000000e+00,0.00000000e+00,7.91420000e+00,1.87838205e-01
9.04500000e+01,8.62477453e-04,3.66612106e-05,0.00000000e+00,0.00000000e+00,2.08861461e-04,2.28925244e-05,2.26196579e-06,1.55311585e-06,1.44477871e+00,4.86568306e-02,5.03436590e+03,1.96480790e+02,1.07078996e-03,4.78070040e-05,0.00000000e+00,0.00000000e+00,0.00000000e+00,0.00000000e+00
9.05500000e+01,8.65849842e-04,3.77563580e-05,0.00000000e+00,0.00000000e+00,2.16758252e-04,2.31908773e-05,2.26196579e-06,1.55311585e-06,1.43904285e+00,4.91662695e-02,5.05418696e+03,2.02962899e+02,1.08205955e-03,4.99739627e-05,0.00000000e+00,0.00000000e+00,7.91780000e+00,1.88644854e-01
9.06500000e+01,8.69605511e-04,3.77195836e-05,0.00000000e+00,0.00000000e+00,2.12230613e-04,2.39519466e-05,2.26202780e-06,1.55311415e-06,1.44127146e+00,4.89930172e-02,5.06103444e+03,2.03875518e+02,1.08128729e-03,5.22368468e-05,0.00000000e+00,0.00000000e+00,0.00000000e+00,0.00000000e+00
9.07500000e+01,8.76768067e-04,3.85026246e-05,0.00000000e+00,0.00000000e+00,2.30378979e-04,3.04996366e-05,2.26209065e-06,1.55311243e-06,1.45334463e+00,5.13054669e-02,5.09852547e+03,2.07805478e+02,1.10659745e-03,5.62193797e-05,0.00000000e+00,0.00000000e+00,7.90060000e+00,1.88089299e-01
9.08500000e+01,8.49510665e-04,3.55857668e-05,0.00000000e+00,0.00000000e+00,2.27408799e-04,3.00182804e-05,2.26209065e-06,1.55311243e-06,1.42126033e+00,4.88145393e-02,4.95962528e+03,1.93370030e+02,1.07637013e-03,5.22942308e-05,0.00000000e+00,0.00000000e+00,0.00000000e+00,0.00000000e+00
9.09500000e+01,8.49436546e-04,3.53941196e-05,0.00000000e+00,0.00000000e+00,2.21783001e-04,2.37953113e-05,2.26209065e-06,1.55311243e-06,1.41294628e+00,4.92972102e-02,4.94641437e+03,1.92030304e+02,1.07067273e-03,4.84420816e-05,0.00000000e+00,0.00000000e+00,7.89300000e+00,1.87280702e-01
9.10500000e+01,8.50413181e-04,3.59443305e-05,0.00000000e+00,0.00000000e+00,2.29475008e-04,2.51991126e-05,2.26209065e-06,1.55311243e-06,1.41831976e+00,4.89534476e-02,4.95132937e+03,1.94648576e+02,1.07934152e-03,5.01376149e-05,0.00000000e+00,0.00000000e+00,0.00000000e+00,0.00000000e+00
9.11500000e+01,8.57461908e-04,3.90172747e-05,0.00000000e+00,0.00000000e+00,2.72283540e-04,4.27711902e-05,2.26209065e-06,1.55311243e-06,1.41169740e+00,4.90039774e-02,4.97781752e+03,2.08802130e+02,1.12921059e-03,6.29033638e-05,0.00000000e+00,0.00000000e+00,7.89560000e+00,1.88270357e-01
9.12500000e+01,8.50340812e-04,3.68221446e-05,0.00000000e+00,0.00000000e+00,2.26636306e-04,2.41402946e-05,2.26209065e-06,1.55311243e-06,1.40741017e+00,5.02288791e-02,4.93607151e+03,1.99695099e+02,1.07644529e-03,4.91834703e-05,0.00000000e+00,0.00000000e+00,0.00000000e+00,0.00000000e+00
9.13500000e+01,8.47953802e-04,3.45279483e-05,0.00000000e+00,0.00000000e+00,2.38783282e-04,2.63009849e-05,2.26209065e-06,1.55311243e-06,1.40556488e+00,4.83540098e-02,4.92515181e+03,1.87758493e+02,1.08620538e-03,4.78228965e-05,0.00000000e+00,0.00000000e+00,7.89160000e+00,1.88778752e-01
9.14500000e+01,8.56267079e-04,3.38261536e-05,0.00000000e+00,0.00000000e+00,2.39220131e-04,2.42249688e-05,2.26209065e-06,1.55311243e-06,1.41103416e+00,4.72324495e-02,4.96974592e+03,1.83599117e+02,1.09495541e-03,4.68299456e-05,0.00000000e+00,0.00000000e+00,0.00000000e+00,0.00000000e+00
9.15500000e+01,8.50539716e-04,3.41926023e-05,0.00000000e+00,0.00000000e+00,2.28270333e-04,2.58741554e-05,2.26209065e-06,1.55311243e-06,1.41362283e+00,4.75229619e-02,4.95372806e+03,1.86224762e+02,1.07828713e-03,4.88301968e-05,0.00000000e+00,0.00000000e+00,7.87680000e+00,1.89108422e-01
9.16500000e+01,8.42673038e-04,3.60410792e-05,0.00000000e+00,0.00000000e+00,2.31320159e-04,2.75394352e-05,2.26209065e-06,1.55311243e-06,1.40494117e+00,4.77203689e-02,4.89419971e+03,1.94208097e+02,1.07347047e-03,5.14254308e-05,0.00000000e+00,0.00000000e+00,0.00000000e+00,0.00000000e+00
9.17500000e+01,8.37406953e-04,3.59728822e-05,0.00000000e+00,0.00000000e+00,2.24281186e-04,2.78308985e-05,2.26209065e-06,1.55311243e-06,1.39777707e+00,4.97212205e-02,4.86366748e+03,1.96091228e+02,1.06116515e-03,5.23416487e-05,0.00000000e+00,0.00000000e+00,7.87040000e+00,1.87826225e-01
9.18500000e+01,8.46021373e-04,3.71693346e-05,0.00000000e+00,0.00000000e+00,2.14807063e-04,2.60682228e-05,2.26209065e-06,1.55311243e-06,1.39472463e+00,5.14310087e-02,4.90152274e+03,2.01867344e+02,1.06030436e-03,5.34669904e-05,0.00000000e+00,0.00000000e+00,0.00000000e+00,0.00000000e+00
9.19500000e+01,8.50414999e-04,3.56055881e-05,0.00000000e+00,0.00000000e+00,2.13224528e-04,2.50901462e-05,2.26209065e-06,1.55311243e-06,1.39592730e+00,4.90816656e-02,4.91911098e+03,1.92574448e+02,1.06311305e-03,5.00746747e-05,0.00000000e+00,0.00000000e+00,7.86860000e+00,1.87936813e-01
9.20500000e+01,8.48146508e-04,3.72475809e-05,0.00000000e+00,0.00000000e+00,2.42222172e-04,4.58345985e-05,2.26209065e-06,1.55311243e-06,1.38504867e+00,4.97563771e-02,4.90440041e+03,2.02211308e+02,1.08984357e-03,6.03106138e-05,0.00000000e+00,0.00000000e+00,0.00000000e+00,0.00000000e+00
9.21500000e+01,8.61803938e-04,3.66699955e-05,0.00000000e+00,0.00000000e+00,1.88870499e-04,1.49618806e-05,2.26209065e-06,1.55311243e-06,1.39771650e+00,4.99776289e-02,4.96563219e+03,1.97209085e+02,1.05015015e-03,4.65706284e-05,0.00000000e+00,0.00000000e+00,7.86120000e+00,1.90449874e-01
9.22500000e+01,8.54773685e-04,3.53471433e-05,0.00000000e+00,0.00000000e+00,1.81837204e-04,1.29384333e-05,2.26209065e-06,1.55311243e-06,1.39368478e+00,4.89612065e-02,4.93992914e+03,1.94772548e+02,1.03608628e-03,4.33444225e-05,0.00000000e+00,0.00000000e+00,0.00000000e+00,0.00000000e+00
9.23500000e+01,8.52343394e-04,3.45723222e-05,0.00000000e+00,0.00000000e+00,1.82324907e-04,1.33540967e-05,2.26209065e-06,1.55311243e-06,1.38738854e+00,4.80515679e-02,4.93430156e+03,1.92584347e+02,1.03413712e-03,4.25563255e-05,0.00000000e+00,0.00000000e+00,7.85700000e+00,1.91339478e-01
9.24500000e+01,8.45224765e-04,3.38012157e-05,0.00000000e+00,0.00000000e+00,1.90629861e-04,1.64981639e-05,2.26209065e-06,1.55311243e-06,1.37753785e+00,4.60384145e-02,4.90134181e+03,1.87682683e+02,1.03532344e-03,4.24879987e-05,0.00000000e+00,0.00000000e+00,0.00000000e+00,0.00000000e+00
9.25500000e+01,8.32058910e-04,3.44404114e-05,0.00000000e+00,0.00000000e+00,1.95151825e-04,1.80272768e-05,2.26209065e-06,1.55311243e-06,1.37666891e+00,4.92997134e-02,4.83440616e+03,1.90899650e+02,1.02667916e-03,4.45638516e-05,0.00000000e+00,0.00000000e+00,7.85880000e+00,1.91320149e-01
9.26500000e+01,8.28407113e-04,3.26793633e-05,0.00000000e+00,0.00000000e+00,1.89945912e-04,1.75500343e-05,2.26209065e-06,1.55311243e-06,1.36615131e+00,4.77216247e-02,4.79975680e+03,1.81121464e+02,1.01782360e-03,4.21557838e-05,0.00000000e+00,0.00000000e+00,0.00000000e+00,0.00000000e+00
9.27500000e+01,8.32782789e-04,3.23308670e-05,0.00000000e+00,0.00000000e+00,1.87802561e-04,1.72420853e-05,2.26209065e-06,1.55311243e-06,1.37054235e+00,4.67960570e-02,4.81898448e+03,1.78660267e+02,1.02005648e-03,3.97394805e-05,0.00000000e+00,0.00000000e+00,7.84280000e+00,1.90715097e-01
9.28500000e+01,8.34513500e-04,3.49319699e-05,0.00000000e+00,0.00000000e+00,2.09321874e-04,2.74752683e-05,2.26209065e-06,1.55311243e-06,1.37660442e+00,4.72916818e-02,4.82190287e+03,1.91656466e+02,1.04330965e-03,5.08113994e-05,0.00000000e+00,0.00000000e+00,0.00000000e+00,0.00000000e+00
9.29500000e+01,8.34329531e-04,3.48576175e-05,0.00000000e+00,0.00000000e+00,1.79629343e-04,1.67286084e-05,2.26209065e-06,1.55311243e-06,1.36074102e+00,4.65296674e-02,4.80425761e+03,1.87991182e+02,1.01344259e-03,4.40261409e-05,0.00000000e+00,0.00000000e+00,7.82960000e+00,1.91362027e-01
9.30500000e+01,8.32889501e-04,3.41794087e-05,0.00000000e+00,0.00000000e+00,1.82961736e-04,1.74064835e-05,2.26209065e-06,1.55311243e-06,1.35448311e+00,4.53711987e-02,4.78809539e+03,1.84664003e+02,1.01533380e-03,4.27029208e-05,0.00000000e+00,0.00000000e+00,0.00000000e+00,0.00000000e+00
9.31500000e+01,8.36965022e-04,3.41957663e-05,0.00000000e+00,0.00000000e+00,1.88738810e-04,1.87749060e-05,2.26209065e-06,1.55311243e-06,1.35444120e+00,4.62214629e-02,4.81442986e+03,1.84664264e+02,1.02516753e-03,4.35533577e-05,0.00000000e+00,0.00000000e+00,7.82120000e+00,1.88842368e-01
9.32500000e+01,8.34610815e-04,3.41553468e-05,0.00000000e+00,0.00000000e+00,1.84652669e-04,1.68397203e-05,2.26209065e-06,1.55311243e-06,1.35188859e+00,4.59594090e-02,4.79326279e+03,1.82988165e+02,1.01872766e-03,4.24492549e-05,0.00000000e+00,0.00000000e+00,0.00000000e+00,0.00000000e+00
9.33500000e+01,8.28905566e-04,3.44985233e-05,0.00000000e+00,0.00000000e+00,1.64357990e-04,1.09730832e-05,2.26209065e-06,1.55311243e-06,1.35141369e+00,4.66910945e-02,4.77343162e+03,1.86720926e+02,9.92748718e-04,4.13762512e-05,0.00000000e+00,0.00000000e+00,7.81380000e+00,1.88504726e-01
9.34500000e+01,8.38582383e-04,3.46672170e-05,0.00000000e+00,0.00000000e+00,1.74472903e-04,1.25512512e-05,2.26209065e-06,1.55311243e-06,1.35685382e+00,4.59366351e-02,4.83287564e+03,1.88592468e+02,1.01254014e-03,4.19484092e-05,0.00000000e+00,0.00000000e+00,0.00000000e+00,0.00000000e+00
9.35500000e+01,8.33885836e-04,3.44179586e-05,0.00000000e+00,0.00000000e+00,1.70110177e-04,1.27451663e-05,2.26209065e-06,1.55311243e-06,1.34652803e+00,4.59796149e-02,4.79819397e+03,1.86021821e+02,1.00347908e-03,4.40543530e-05,0.00000000e+00,0.00000000e+00,7.78880000e+00,1.89130047e-01
9.36500000e+01,8.28900559e-04,3.22828638e-05,0.00000000e+00,0.00000000e+00,1.85861817e-04,1.45430828e-05,2.26209065e-06,1.55311243e-06,1.34927033e+00,4.48780857e-02,4.77500099e+03,1.76110914e+02,1.01424418e-03,4.09435758e-05,0.00000000e+00,0.00000000e+00,0.00000000e+00,0.00000000e+00
9.37500000e+01,8.22512247e-04,3.31341961e-05,0.00000000e+00,0.00000000e+00,1.83902565e-04,1.42535823e-05,2.26209065e-06,1.55311243e-06,1.34720090e+00,4.64645559e-02,4.74299572e+03,1.78992774e+02,1.00590246e-03,4.20197126e-05,0.00000000e+00,0.00000000e+00,7.77900000e+00,1.88038262e-01
9.38500000e+01,8.16937146e-04,3.26333793e-05,0.00000000e+00,0.00000000e+00,1.76502958e-04,1.42704021e-05,2.26209065e-06,1.55311243e-06,1.33933852e+00,4.51614711e-02,4.70069131e+03,1.76866894e+02,9.92928119e-04,4.24783205e-05,0.00000000e+00,0.00000000e+00,0.00000000e+00,0.00000000e+00
9.39500000e+01,8.19310091e-04,3.25492839e-05,0.00000000e+00,0.00000000e+00,1.92759661e-04,2.71903866e-05,2.26209065e-06,1.55311243e-06,1.34639726e+00,4.43239352e-02,4.72944545e+03,1.76628278e+02,1.01155984e-03,5.11195232e-05,0.00000000e+00,0.00000000e+00,7.76980000e+00,1.88962039e-01
9.40500000e+01,8.12288903e-04,3.30102989e-05,0.00000000e+00,0.00000000e+00,1.93052595e-04,2.53160720e-05,2.25742777e-06,1.55313661e-06,1.34113955e+00,4.49646112e-02,4.68664559e+03,1.75593700e+02,1.00483815e-03,5.13886796e-05,0.00000000e+00,0.00000000e+00,0.00000000e+00,0.00000000e+00
9.41500000e+01,8.11815161e-04,3.13905905e-05,0.00000000e+00,0.00000000e+00,1.77766119e-04,1.51915789e-05,2.22245738e-06,1.55376402e-06,1.34041780e+00,4.34155049e-02,4.67911156e+03,1.68482933e+02,9.89126730e-04,4.17865842e-05,0.00000000e+00,0.00000000e+00,7.76640000e+00,1.92285876e-01
9.42500000e+01,8.17941073e-04,3.07614134e-05,0.00000000e+00,0.00000000e+00,1.87943047e-04,2.11691961e-05,2.22245738e-06,1.55376402e-06,1.33683839e+00,4.40335259e-02,4.69434356e+03,1.66169140e+02,1.00542962e-03,4.40376342e-05,0.00000000e+00,0.00000000e+00,0.00000000e+00,0.00000000e+00
9.43500000e+01,8.08022504e-04,2.99588530e-05,0.00000000e+00,0.00000000e+00,1.91955922e-04,2.36784210e-05,2.22245738e-06,1.55376402e-06,1.31602855e+00,4.11662506e-02,4.64417242e+03,1.61463211e+02,9.99519843e-04,4.38192476e-05,0.00000000e+00,0.00000000e+00,7.74100000e+00,1.94488602e-01
9.44500000e+01,8.12267181e-04,3.16718122e-05,0.00000000e+00,0.00000000e+00,1.69570036e-04,1.37488117e-05,2.22245738e-06,1.55376402e-06,1.31991807e+00,4.17777801e-02,4.65703924e+03,1.68906762e+02,9.81376811e-04,4.12099181e-05,0.00000000e+00,0.00000000e+00,0.00000000e+00,0.00000000e+00
9.45500000e+01,8.25089288e-04,3.37452740e-05,0.00000000e+00,0.00000000e+00,1.74419790e-04,1.49112645e-05,2.22245738e-06,1.55376402e-06,1.33601835e+00,4.26071976e-02,4.71576172e+03,1.79079957e+02,9.99049745e-04,4.45963732e-05,0.00000000e+00,0.00000000e+00,7.72289574e+00,1.96205949e-01
9.46500000e+01,8.31693217e-04,3.32771634e-05,0.00000000e+00,0.00000000e+00,1.73409220e-04,1.66107140e-05,2.22245738e-06,1.55376402e-06,1.32684689e+00,4.19317791e-02,4.73800253e+03,1.78479160e+02,1.00464424e-03,4.46558985e-05,0.00000000e+00,0.00000000e+00,0.00000000e+00,0.00000000e+00
9.47500000e+01,8.10213469e-04,2.99935669e-05,0.00000000e+00,0.00000000e+00,1.67546175e-04,2.07174318e-05,2.22092519e-06,1.55380596e-06,1.31484591e+00,4.15861594e-02,4.63300319e+03,1.64057577e+02,9.77322521e-04,4.44417703e-05,0.00000000e+00,0.00000000e+00,7.71309574e+00,1.97340524e-01
9.48500000e+01,7.99077946e-04,2.85593848e-05,0.00000000e+00,0.00000000e+00,2.28547778e-04,5.70522326e-05,2.21893079e-06,1.55386280e-06,1.30873094e+00,3.86674802e-02,4.56549351e+03,1.54661672e+02,1.02722093e-03,7.64607068e-05,0.00000000e+00,0.00000000e+00,0.00000000e+00,0.00000000e+00
9.49500000e+01,8.02709274e-04,2.97277008e-05,0.00000000e+00,0.00000000e+00,1.72670567e-04,2.16975227e-05,2.21893079e-06,1.55386280e-06,1.29723323e+00,3.91430274e-02,4.57390506e+03,1.60319231e+02,9.74986196e-04,4.28145990e-05,0.00000000e+00,0.00000000e+00,7.69289574e+00,1.97232055e-01
9.50500000e+01,8.08357119e-04,2.98720629e-05,0.00000000e+00,0.00000000e+00,1.74437570e-04,2.67458484e-05,2.25442595e-06,1.58084343e-06,1.29746641e+00,4.07700324e-02,4.60205965e+03,1.61142041e+02,9.82399851e-04,4.69911753e-05,0.00000000e+00,0.00000000e+00,0.00000000e+00,0.00000000e+00
9.51500000e+01,8.10983149e-04,2.88131736e-05,0.00000000e+00,0.00000000e+00,1.64358198e-04,1.58176481e-05,2.31267660e-06,1.62583020e-06,1.29961003e+00,4.14741151e-02,4.61273224e+03,1.56278299e+02,9.74944541e-04,3.96696706e-05,0.00000000e+00,0.00000000e+00,7.68849574e+00,2.00314017e-01
9.52500000e+01,8.14274578e-04,2.92907692e-05,0.00000000e+00,0.00000000e+00,1.63425235e-04,1.65271496e-05,2.31267660e-06,1.62583020e-06,1.29584274e+00,4.08988100e-02,4.62899352e+03,1.58106756e+02,9.77302272e-04,3.99237003e-05,0.00000000e+00,0.00000000e+00,0.00000000e+00,0.00000000e+00
9.53500000e+01,8.12395247e-04,2.96053931e-05,0.00000000e+00,0.00000000e+00,1.66426569e-04,1.43914079e-05,2.31267660e-06,1.62583020e-06,1.29872313e+00,4.00201599e-02,4.63263173e+03,1.60506603e+02,9.78424015e-04,3.95804145e-05,0.00000000e+00,0.00000000e+00,7.67889574e+00,2.01288110e-01
9.54500000e+01,8.17014932e-04,3.06158077e-05,0.00000000e+00,0.00000000e+00,1.57228950e-04,9.55831866e-06,2.31267660e-06,1.62583020e-06,1.30033535e+00,4.03866452e-02,4.66418137e+03,1.69480088e+02,9.73846515e-04,3.73550642e-05,0.00000000e+00,0.00000000e+00,0.00000000e+00,0.00000000e+00
9.55500000e+01,8.20583989e-04,3.22227986e-05,0.00000000e+00,0.00000000e+00,1.50026276e-04,8.26482783e-06,2.29801319e-06,1.61692253e-06,1.29914720e+00,4.20953353e-02,4.66804742e+03,1.73705089e+02,9.70215112e-04,3.74173226e-05,0.00000000e+00,0.00000000e+00,7.67729574e+00,2.02263732e-01
9.56500000e+01,8.07814268e-04,3.11398211e-05,0.00000000e+00,0.00000000e+00,1.62422025e-04,1.18656549e-05,1.29399007e-06,1.28817873e-06,1.29057093e+00,4.20577286e-02,4.60526952e+03,1.69334614e+02,9.69878802e-04,3.91809427e-05,0.00000000e+00,0.00000000e+00,0.00000000e+00,0.00000000e+00
9.57500000e+01,7.95310115e-04,2.93524976e-05,0.00000000e+00,0.00000000e+00,1.75204593e-04,2.09086969e-05,4.45322596e-07,4.39535660e-07,1.27537435e+00,4.11445492e-02,4.53687086e+03,1.61087068e+02,9.70185986e-04,4.02593763e-05,0.00000000e+00,0.00000000e+00,7.66309574e+00,2.00828753e-01
9.58500000e+01,7.99224420e-04,2.99747517e-05,0.00000000e+00,0.00000000e+00,1.88736857e-04,2.38316567e-05,2.69650889e-09,2.69650889e-09,1.27671646e+00,4.11907616e-02,4.55673978e+03,1.63243244e+02,9.87675733e-04,4.15934251e-05,0.00000000e+00,0.00000000e+00,0.00000000e+00,0.00000000e+00
9.59500000e+01,7.91995054e-04,3.02738759e-05,0.00000000e+00,0.00000000e+00,1.73836032e-04,1.82715556e-05,0.00000000e+00,0.00000000e+00,1.27448490e+00,4.02077602e-02,4.52178489e+03,1.63358144e+02,9.65571191e-04,3.95184471e-05,0.00000000e+00,0.00000000e+00,7.66829574e+00,2.01454941e-01
9.60500000e+01,8.12338116e-04,3.28963361e-05,0.00000000e+00,0.00000000e+00,1.66706866e-04,1.38696218e-05,0.00000000e+00,0.00000000e+00,1.27841007e+00,4.05894240e-02,4.60538337e+03,1.76365491e+02,9.78785146e-04,4.08835511e-05,0.00000000e+00,0.00000000e+00,0.00000000e+00,0.00000000e+00
9.61500000e+01,8.22102138e-04,3.33757170e-05,0.00000000e+00,0.00000000e+00,1.75888292e-04,1.55307442e-05,0.00000000e+00,0.00000000e+00,1.28418180e+00,3.89167549e-02,4.64974129e+03,1.75328450e+02,9.97729833e-04,4.02431335e-05,0.00000000e+00,0.00000000e+00,7.66289574e+00,2.00285699e-01
9.62500000e+01,8.09129494e-04,3.15988506e-05,0.00000000e+00,0.00000000e+00,1.81962617e-04,2.31649108e-05,0.00000000e+00,0.00000000e+00,1.26883430e+00,3.82040862e-02,4.58159891e+03,1.68031510e+02,9.90832537e-04,4.37790066e-05,0.00000000e+00,0.00000000e+00,0.00000000e+00,0.00000000e+00
9.63500000e+01,8.03330730e-04,3.20123354e-05,0.00000000e+00,0.00000000e+00,1.56947550e-04,1.21920214e-05,0.00000000e+00,0.00000000e+00,1.26984115e+00,3.86865898e-02,4.55687921e+03,1.70582711e+02,9.60026104e-04,3.86081615e-05,0.00000000e+00,0.00000000e+00,7.65908724e+00,2.00928056e-01
9.64500000e+01,8.05601775e-04,3.09883752e-05,0.00000000e+00,0.00000000e+00,1.53946465e-04,1.12545839e-05,0.00000000e+00,0.00000000e+00,1.27534047e+00,3.77415154e-02,4.56408114e+03,1.66016669e+02,9.59296064e-04,3.66725286e-05,0.00000000e+00,0.00000000e+00,0.00000000e+00,0.00000000e+00
9.65500000e+01,7.96950798e-04,2.97154696e-05,0.00000000e+00,0.00000000e+00,1.71683523e-04,1.60032438e-05,0.00000000e+00,0.00000000e+00,1.26483103e+00,3.87333586e-02,4.51081658e+03,1.60495965e+02,9.68381478e-04,3.60656296e-05,0.00000000e+00,0.00000000e+00,7.64588724e+00,1.99532438e-01
9.66500000e+01,8.04798171e-04,3.05465152e-05,0.00000000e+00,0.00000000e+00,1.55899678e-04,9.07716531e-06,0.00000000e+00,0.00000000e+00,1.26050998e+00,3.77712115e-02,4.54755270e+03,1.63499147e+02,9.60443955e-04,3.45563250e-05,0.00000000e+00,0.00000000e+00,0.00000000e+00,0.00000000e+00
9.67500000e+01,8.00574036e-04,3.12462636e-05,0.00000000e+00,0.00000000e+00,1.58309846e-04,9.50983180e-06,0.00000000e+00,0.00000000e+00,1.25414051e+00,4.03689160e-02,4.52841322e+03,1.67894039e+02,9.58631201e-04,3.55585733e-05,0.00000000e+00,0.00000000e+00,7.63368724e+00,1.99973469e-01
9.68500000e+01,7.98596211e-04,3.23173951e-05,0.00000000e+00,0.00000000e+00,1.58577478e-04,9.82818393e-06,0.00000000e+00,0.00000000e+00,1.25003722e+00,4.01843561e-02,4.51144987e+03,1.73038471e+02,9.56920986e-04,3.74904179e-05,0.00000000e+00,0.00000000e+00,0.00000000e+00,0.00000000e+00
9.69500000e+01,7.98415103e-04,3.33056767e-05,0.00000000e+00,0.00000000e+00,1.71127595e-04,1.24582463e-05,0.00000000e+00,0.00000000e+00,1.24234555e+00,4.05600782e-02,4.51589120e+03,1.76977858e+02,9.69289718e-04,3.71908155e-05,0.00000000e+00,0.00000000e+00,7.61388724e+00,2.02311782e-01
9.70500000e+01,8.01136074e-04,3.20567267e-05,0.00000000e+00,0.00000000e+00,1.90899817e-04,1.79761262e-05,0.00000000e+00,0.00000000e+00,1.24695182e+00,3.91689041e-02,4.52200982e+03,1.70257343e+02,9.91782847e-04,3.76373934e-05,0.00000000e+00,0.00000000e+00,0.00000000e+00,0.00000000e+00
9.71500000e+01,8.01639160e-04,3.21381383e-05,0.00000000e+00,0.00000000e+00,2.02613473e-04,2.76631781e-05,0.00000000e+00,0.00000000e+00,1.24665319e+00,4.01135145e-02,4.52680406e+03,1.71322043e+02,1.00399751e-03,4.45344659e-05,0.00000000e+00,0.00000000e+00,7.59528724e+00,2.02152106e-01
9.72500000e+01,7.92268296e-04,3.08491215e-05,0.00000000e+00,0.00000000e+00,2.31817536e-04,5.20534725e-05,0.00000000e+00,0.00000000e+00,1.24089411e+00,4.04425858e-02,4.47960960e+03,1.65502743e+02,1.02383040e-03,5.75242555e-05,0.00000000e+00,0.00000000e+00,0.00000000e+00,0.00000000e+00
9.73500000e+01,7.97270802e-04,3.22902702e-05,0.00000000e+00,0.00000000e+00,1.72530943e-04,1.71972620e-05,0.00000000e+00,0.00000000e+00,1.24229575e+00,4.21429471e-02,4.49097151e+03,1.72966179e+02,9.69546587e-04,3.61886183e-05,0.00000000e+00,0.00000000e+00,7.57188724e+00,2.00586353e-01
9.74500000e+01,7.98491394e-04,3.14314397e-05,0.00000000e+00,0.00000000e+00,1.55443174e-04,1.10274340e-05,0.00000000e+00,0.00000000e+00,1.24022163e+00,4.10367849e-02,4.49770788e+03,1.67365885e+02,9.53690614e-04,3.54810586e-05,0.00000000e+00,0.00000000e+00,0.00000000e+00,0.00000000e+00
9.75500000e+01,8.01107565e-04,3.38010303e-05,0.00000000e+00,0.00000000e+00,1.58145950e-04,1.11484647e-05,0.00000000e+00,0.00000000e+00,1.24464837e+00,4.40681526e-02,4.51060609e+03,1.80376700e+02,9.59014305e-04,3.86694888e-05,0.00000000e+00,0.00000000e+00,7.56828724e+00,2.03085233e-01
9.76500000e+01,7.89857421e-04,3.34419751e-05,0.00000000e+00,0.00000000e+00,1.58842936e-04,1.15934049e-05,0.00000000e+00,0.00000000e+00,1.22867222e+00,4.49093378e-02,4.44206966e+03,1.78260950e+02,9.48461526e-04,3.94125872e-05,0.00000000e+00,0.00000000e+00,0.00000000e+00,0.00000000e+00
9.77500000e+01,7.90174544e-04,3.31773631e-05,0.00000000e+00,0.00000000e+00,1.66454269e-04,1.55241606e-05,0.00000000e+00,0.00000000e+00,1.22493631e+00,4.33169276e-02,4.43730866e+03,1.77609064e+02,9.56394120e-04,4.05956165e-05,0.00000000e+00,0.00000000e+00,7.56888724e+00,2.01223118e-01
9.78500000e+01,7.84271510e-04,3.18515600e-05,0.00000000e+00,0.00000000e+00,1.70271235e-04,1.59624409e-05,0.00000000e+00,0.00000000e+00,1.21896378e+00,4.08533969e-02,4.41197747e+03,1.71278410e+02,9.54308050e-04,3.93153245e-05,0.00000000e+00,0.00000000e+00,0.00000000e+00,0.00000000e+00
9.79500000e+01,7.78283427e-04,3.26704164e-05,0.00000000e+00,0.00000000e+00,1.57238444e-04,1.40544193e-05,0.00000000e+00,0.00000000e+00,1.20959321e+00,4.06223762e-02,4.38302935e+03,1.74845489e+02,9.35292309e-04,4.03484503e-05,0.00000000e+00,0.00000000e+00,7.55988724e+00,2.02029457e-01
9.80500000e+01,7.90024123e-04,3.50985761e-05,0.00000000e+00,0.00000000e+00,1.47061932e-04,1.27329070e-05,0.00000000e+00,0.00000000e+00,1.22071793e+00,4.12909447e-02,4.43985835e+03,1.85527328e+02,9.36859816e-04,4.16703925e-05,0.00000000e+00,0.00000000e+00,0.00000000e+00,0.00000000e+00
9.81500000e+01,7.84862797e-04,3.81775348e-05,0.00000000e+00,0.00000000e+00,1.46612661e-04,1.29843527e-05,0.00000000e+00,0.00000000e+00,1.21613687e+00,4.22909263e-02,4.41390172e+03,2.02306192e+02,9.31249756e-04,4.53416058e-05,0.00000000e+00,0.00000000e+00,7.53968724e+00,2.03120480e-01
9.82500000e+01,7.89139108e-04,3.67656551e-05,0.00000000e+00,0.00000000e+00,1.52589474e-04,1.36171934e-05,0.00000000e+00,0.00000000e+00,1.22340007e+00,4.22447905e-02,4.43069774e+03,1.94341949e+02,9.41503963e-04,4.40369420e-05,0.00000000e+00,0.00000000e+00,0.00000000e+00,0.00000000e+00
9.83500000e+01,7.82438328e-04,3.72400993e-05,0.00000000e+00,0.00000000e+00,1.48970376e-04,1.38558119e-05,0.00000000e+00,0.00000000e+00,1.20850780e+00,4.23066097e-02,4.38651917e+03,1.97026737e+02,9.31195200e-04,4.48918900e-05,0.00000000e+00,0.00000000e+00,7.52728724e+00,2.03738954e-01
9.84500000e+01,7.82781819e-04,3.67289547e-05,0.00000000e+00,0.00000000e+00,1.63960325e-04,1.81552501e-05,0.00000000e+00,0.00000000e+00,1.20368007e+00,4.25994576e-02,4.39117701e+03,1.95519319e+02,9.46530125e-04,4.51679180e-05,0.00000000e+00,0.00000000e+00,0.00000000e+00,0.00000000e+00
9.85500000e+01,7.80620016e-04,3.66143698e-05,0.00000000e+00,0.00000000e+00,1.52174783e-04,1.45230487e-05,0.00000000e+00,0.00000000e+00,1.20176818e+00,4.32634417e-02,4.37832941e+03,1.93812152e+02,9.32582779e-04,4.33363924e-05,0.00000000e+00,0.00000000e+00,7.53048724e+00,2.06937640e-01
9.86500000e+01,7.75628456e-04,3.63754803e-05,0.00000000e+00,0.00000000e+00,1.52957495e-04,1.53035528e-05,0.00000000e+00,0.00000000e+00,1.19144255e+00,4.35466716e-02,4.35000721e+03,1.92850891e+02,9.28373928e-04,4.37972804e-05,0.00000000e+00,0.00000000e+00,0.00000000e+00,0.00000000e+00
9.87500000e+01,7.78316773e-04,3.79082988e-05,0.00000000e+00,0.00000000e+00,1.54684914e-04,1.59005792e-05,0.00000000e+00,0.00000000e+00,1.18904405e+00,4.30186710e-02,4.36748227e+03,1.99475335e+02,9.32789664e-04,4.38388591e-05,0.00000000e+00,0.00000000e+00,7.52088724e+00,2.05723703e-01
9.88500000e+01,7.82919973e-04,3.87063923e-05,0.00000000e+00,0.00000000e+00,1.78021268e-04,3.79543874e-05,0.00000000e+00,0.00000000e+00,1.19881970e+00,4.30381084e-02,4.39133141e+03,2.03580409e+02,9.60729412e-04,5.78833198e-05,0.00000000e+00,0.00000000e+00,0.00000000e+00,0.00000000e+00
9.89500000e+01,7.78632506e-04,3.59607774e-05,0.00000000e+00,0.00000000e+00,1.60209969e-04,2.73892367e-05,0.00000000e+00,0.00000000e+00,1.20404247e+00,4.25818319e-02,4.38476965e+03,1.89496982e+02,9.38630966e-04,4.82575941e-05,0.00000000e+00,0.00000000e+00,7.51388724e+00,2.05786672e-01
9.90500000e+01,7.66789634e-04,3.29989751e-05,0.00000000e+00,0.00000000e+00,1.36257292e-04,1.22776790e-05,0.00000000e+00,0.00000000e+00,1.19361187e+00,4.15231706e-02,4.30988723e+03,1.74970452e+02,9.02835413e-04,3.72128415e-05,0.00000000e+00,0.00000000e+00,0.00000000e+00,0.00000000e+00
9.91500000e+01,7.59422295e-04,3.27579940e-05,0.00000000e+00,0.00000000e+00,1.35166455e-04,1.22597131e-05,0.00000000e+00,0.00000000e+00,1.18166359e+00,4.22274817e-02,4.26987267e+03,1.76245014e+02,8.94377234e-04,3.71195098e-05,0.00000000e+00,0.00000000e+00,7.50968724e+00,2.05685842e-01
9.92500000e+01,7.58811484e-04,3.42810140e-05,0.00000000e+00,0.00000000e+00,1.35551576e-04,1.18616934e-05,0.00000000e+00,0.00000000e+00,1.17644210e+00,4.19417347e-02,4.25969138e+03,1.80774303e+02,8.94151542e-04,3.83303836e-05,0.00000000e+00,0.00000000e+00,0.00000000e+00,0.00000000e+00
9.93500000e+01,7.63514389e-04,3.38746247e-05,0.00000000e+00,0.00000000e+00,1.56243943e-04,2.79477810e-05,0.00000000e+00,0.00000000e+00,1.17730788e+00,4.24546710e-02,4.27986391e+03,1.79505151e+02,9.19546886e-04,4.53286365e-05,0.00000000e+00,0.00000000e+00,7.50139149e+00,2.05327223e-01
9.94500000e+01,7.64314104e-04,3.34143503e-05,0.00000000e+00,0.00000000e+00,1.34719437e-04,1.08123213e-05,0.00000000e+00,0.00000000e+00,1.17356773e+00,4.03853995e-02,4.28563325e+03,1.75856092e+02,8.98822164e-04,3.76349747e-05,0.00000000e+00,0.00000000e+00,0.00000000e+00,0.00000000e+00
9.95500000e+01,7.59035014e-04,3.35113071e-05,0.00000000e+00,0.00000000e+00,1.36074910e-04,1.03812725e-05,0.00000000e+00,0.00000000e+00,1.17094053e+00,3.92066625e-02,4.26146756e+03,1.76415420e+02,8.94897544e-04,3.76986965e-05,0.00000000e+00,0.00000000e+00,7.49399149e+00,2.05724619e-01
9.96500000e+01,7.68183294e-04,3.34252917e-05,0.00000000e+00,0.00000000e+00,1.35129245e-04,1.20666722e-05,0.00000000e+00,0.00000000e+00,1.17734760e+00,3.87498343e-02,4.30731729e+03,1.75566246e+02,9.03099855e-04,3.78136950e-05,0.00000000e+00,0.00000000e+00,0.00000000e+00,0.00000000e+00
9.97500000e+01,7.60120991e-04,3.45502648e-05,0.00000000e+00,0.00000000e+00,1.51678935e-04,1.39539234e-05,0.00000000e+00,0.00000000e+00,1.16832382e+00,3.89038049e-02,4.26062584e+03,1.79509646e+02,9.11587247e-04,3.90861998e-05,0.00000000e+00,0.00000000e+00,7.49599149e+00,2.05348587e-01
9.98500000e+01,7.55867529e-04,3.37665916e-05,0.00000000e+00,0.00000000e+00,2.09667781e-04,4.34477925e-05,0.00000000e+00,0.00000000e+00,1.15313116e+00,4.07433377e-02,4.23991438e+03,1.77075054e+02,9.65322638e-04,5.61206668e-05,0.00000000e+00,0.00000000e+00,0.00000000e+00,0.00000000e+00
9.99500000e+01,7.63319458e-04,3.47374996e-05,0.00000000e+00,0.00000000e+00,1.74535385e-04,2.43766665e-05,0.00000000e+00,0.00000000e+00,1.16162342e+00,4.25464345e-02,4.26750264e+03,1.82652268e+02,9.37643419e-04,4.47743047e-05,0.00000000e+00,0.00000000e+00,7.48579149e+00,2.07060818e-01
1.00050000e+02,7.71300770e-04,3.79985380e-05,0.00000000e+00,0.00000000e+00,1.55157548e-04,1.35870123e-05,0.00000000e+00,0.00000000e+00,1.16732213e+00,4.28566354e-02,4.31308279e+03,1.97935770e+02,9.26242200e-04,4.30396152e-05,0.00000000e+00,0.00000000e+00,0.00000000e+00,0.00000000e+00
1.00150000e+02,7.65328600e-04,3.16033781e-05,0.00000000e+00,0.00000000e+00,1.53088195e-04,1.07891662e-05,0.00000000e+00,0.00000000e+00,1.17477582e+00,4.00229049e-02,4.28398476e+03,1.66932584e+02,9.18196790e-04,3.51736452e-05,0.00000000e+00,0.00000000e+00,7.44639149e+00,2.09023489e-01
1.00250000e+02,7.62747261e-04,3.20195598e-05,0.00000000e+00,0.00000000e+00,1.69751062e-04,1.47978404e-05,0.00000000e+00,0.00000000e+00,1.16997767e+00,4.07471319e-02,4.26823611e+03,1.70521960e+02,9.32278414e-04,3.75549931e-05,0.00000000e+00,0.00000000e+00,0.00000000e+00,0.00000000e+00
1.00350000e+02,7.68145297e-04,3.45623079e-05,0.00000000e+00,0.00000000e+00,1.55669060e-04,1.08379921e-05,0.00000000e+00,0.00000000e+00,1.16473649e+00,4.09758591e-02,4.29805758e+03,1.81450420e+02,9.23594446e-04,3.79082249e-05,0.00000000e+00,0.00000000e+00,7.44139149e+00,2.10772772e-01
1.00450000e+02,7.52869321e-04,3.27110030e-05,0.00000000e+00,0.00000000e+00,1.47683016e-04,1.05169570e-05,0.00000000e+00,0.00000000e+00,1.14220885e+00,3.98362698e-02,4.20819307e+03,1.74244296e+02,9.00322732e-04,3.61193562e-05,0.00000000e+00,0.00000000e+00,0.00000000e+00,0.00000000e+00
1.00550000e+02,7.55533827e-04,3.11477203e-05,0.00000000e+00,0.00000000e+00,1.45499418e-04,1.02513278e-05,0.00000000e+00,0.00000000e+00,1.14264713e+00,3.90588095e-02,4.21831599e+03,1.64375939e+02,9.00830754e-04,3.52411322e-05,0.00000000e+00,0.00000000e+00,7.42639149e+00,2.09595894e-01
1.00650000e+02,7.65421747e-04,3.36415079e-05,0.00000000e+00,0.00000000e+00,1.44829595e-04,1.05007673e-05,0.00000000e+00,0.00000000e+00,1.14830677e+00,4.03739296e-02,4.27725624e+03,1.76986083e+02,9.10064828e-04,3.85385067e-05,0.00000000e+00,0.00000000e+00,0.00000000e+00,0.00000000e+00
1.00750000e+02,7.79791496e-04,3.67690459e-05,0.00000000e+00,0.00000000e+00,1.43646559e-04,1.01995641e-05,0.00000000e+00,0.00000000e+00,1.14705868e+00,4.00881657e-02,4.33170133e+03,1.88570217e+02,9.23258951e-04,4.09987102e-05,0.00000000e+00,0.00000000e+00,7.39399149e+00,2.10548715e-01
1.00850000e+02,7.65897530e-04,3.29065313e-05,0.00000000e+00,0.00000000e+00,1.49909288e-04,1.07866531e-05,0.00000000e+00,0.00000000e+00,1.14130728e+00,3.92429298e-02,4.26251385e+03,1.71182999e+02,9.15660986e-04,3.80126869e-05,0.00000000e+00,0.00000000e+00,0.00000000e+00,0.00000000e+00
1.00950000e+02,7.74956429e-04,3.24525128e-05,0.00000000e+00,0.00000000e+00,1.45109624e-04,1.04121785e-05,0.00000000e+00,0.00000000e+00,1.13632309e+00,3.86334801e-02,4.30677482e+03,1.68944246e+02,9.19920220e-04,3.77114455e-05,0.00000000e+00,0.00000000e+00,7.37379149e+00,2.09382760e-01
1.01050000e+02,7.71659207e-04,3.14682944e-05,0.00000000e+00,0.00000000e+00,1.52360343e-04,1.12624863e-05,0.00000000e+00,0.00000000e+00,1.12837999e+00,3.83849929e-02,4.28082115e+03,1.64360917e+02,9.23875637e-04,3.65164302e-05,0.00000000e+00,0.00000000e+00,0.00000000e+00,0.00000000e+00
1.01150000e+02,7.54223919e-04,3.13944728e-05,0.00000000e+00,0.00000000e+00,1.45497436e-04,1.08366232e-05,0.00000000e+00,0.00000000e+00,1.12390426e+00,3.85089607e-02,4.18747869e+03,1.63195952e+02,8.99626007e-04,3.63331420e-05,0.00000000e+00,0.00000000e+00,7.35859149e+00,2.11472431e-01
1.01250000e+02,7.59992237e-04,3.41174564e-05,0.00000000e+00,0.00000000e+00,1.48179350e-04,1.12284951e-05,0.00000000e+00,0.00000000e+00,1.12404370e+00,3.92481852e-02,4.20964381e+03,1.76517324e+02,9.08076623e-04,3.88693895e-05,0.00000000e+00,0.00000000e+00,0.00000000e+00,0.00000000e+00
1.01350000e+02,7.57673292e-04,3.36831257e-05,0.00000000e+00,0.00000000e+00,1.37270437e-04,8.29729747e-06,0.00000000e+00,0.00000000e+00,1.12333868e+00,3.87049700e-02,4.19455511e+03,1.73523845e+02,8.94848766e-04,3.74675426e-05,0.00000000e+00,0.00000000e+00,7.34239149e+00,2.10148569e-01
1.01450000e+02,7.57775564e-04,3.40533407e-05,0.00000000e+00,0.00000000e+00,1.48117702e-04,9.76490997e-06,0.00000000e+00,0.00000000e+00,1.11652056e+00,3.76485869e-02,4.18554791e+03,1.74542740e+02,9.05798301e-04,3.79434324e-05,0.00000000e+00,0.00000000e+00,0.00000000e+00,0.00000000e+00
1.01550000e+02,7.67516163e-04,3.48025183e-05,0.00000000e+00,0.00000000e+00,1.46678314e-04,1.10984604e-05,0.00000000e+00,0.00000000e+00,1.10662896e+00,3.84935226e-02,4.22595421e+03,1.77640011e+02,9.14099509e-04,3.89729106e-05,0.00000000e+00,0.00000000e+00,7.33039149e+00,2.10428734e-01
1.01650000e+02,7.64930670e-04,3.42363546e-05,0.00000000e+00,0.00000000e+00,1.47310982e-04,1.16116121e-05,0.00000000e+00,0.00000000e+00,1.11417512e+00,4.00577663e-02,4.22502186e+03,1.77876460e+02,9.12146659e-04,3.86977901e-05,0.00000000e+00,0.00000000e+00,0.00000000e+00,0.00000000e+00
1.01750000e+02,7.60689730e-04,3.37389020e-05,0.00000000e+00,0.00000000e+00,1.58259338e-04,1.23847748e-05,0.00000000e+00,0.00000000e+00,1.11612558e+00,3.99225380e-02,4.19866886e+03,1.75805129e+02,9.18854074e-04,4.00933158e-05,0.00000000e+00,0.00000000e+00,7.31529574e+00,2.11291124e-01
1.01850000e+02,7.61354744e-04,3.46266120e-05,0.00000000e+00,0.00000000e+00,1.64399541e-04,1.31695304e-05,0.00000000e+00,0.00000000e+00,1.11052782e+00,4.03416800e-02,4.19578144e+03,1.79963897e+02,9.25659290e-04,4.21051347e-05,0.00000000e+00,0.00000000e+00,0.00000000e+00,0.00000000e+00
1.01950000e+02,7.57106405e-04,3.21163992e-05,0.00000000e+00,0.00000000e+00,1.68041034e-04,1.23186490e-05,0.00000000e+00,0.00000000e+00,1.10977789e+00,3.81440910e-02,4.19173016e+03,1.65144224e+02,9.25051344e-04,3.83892405e-05,0.00000000e+00,0.00000000e+00,7.28989574e+00,2.10738007e-01
1.02050000e+02,7.57626569e-04,3.37910728e-05,0.00000000e+00,0.00000000e+00,1.64906742e-04,1.14309299e-05,0.00000000e+00,0.00000000e+00,1.10819330e+00,3.85077084e-02,4.18759932e+03,1.73094975e+02,9.22435184e-04,3.87582690e-05,0.00000000e+00,0.00000000e+00,0.00000000e+00,0.00000000e+00
1.02150000e+02,7.58714393e-04,3.47289811e-05,0.00000000e+00,0.00000000e+00,1.59510919e-04,1.18114028e-05,0.00000000e+00,0.00000000e+00,1.09181472e+00,3.64875763e-02,4.18349459e+03,1.76049729e+02,9.18127180e-04,3.93863041e-05,0.00000000e+00,0.00000000e+00,7.26369574e+00,2.09610604e-01
1.02250000e+02,7.79735561e-04,3.90112091e-05,0.00000000e+00,0.00000000e+00,1.68013621e-04,1.52970056e-05,0.00000000e+00,0.00000000e+00,1.09738251e+00,3.79628235e-02,4.27706537e+03,1.97929955e+02,9.47651052e-04,4.33282934e-05,0.00000000e+00,0.00000000e+00,0.00000000e+00,0.00000000e+00
1.02350000e+02,7.70994001e-04,3.67370599e-05,0.00000000e+00,0.00000000e+00,1.74507051e-04,1.85559853e-05,0.00000000e+00,0.00000000e+00,1.09822257e+00,3.97642619e-02,4.23015942e+03,1.87575245e+02,9.45404363e-04,4.26074778e-05,0.00000000e+00,0.00000000e+00,7.24549574e+00,2.09373113e-01
1.02450000e+02,7.77323200e-04,3.58893057e-05,0.00000000e+00,0.00000000e+00,1.84378098e-04,2.38335425e-05,0.00000000e+00,0.00000000e+00,1.10357815e+00,3.80522038e-02,4.25860615e+03,1.84762633e+02,9.61613288e-04,4.52951381e-05,0.00000000e+00,0.00000000e+00,0.00000000e+00,0.00000000e+00
1.02550000e+02,7.74228786e-04,3.46473313e-05,0.00000000e+00,0.00000000e+00,1.57779886e-04,1.35954712e-05,0.00000000e+00,0.00000000e+00,1.09642238e+00,3.80021688e-02,4.23846254e+03,1.78309026e+02,9.31920661e-04,3.92570049e-05,0.00000000e+00,0.00000000e+00,7.22049574e+00,2.10448346e-01
1.02650000e+02,7.60093849e-04,3.41201580e-05,0.00000000e+00,0.00000000e+00,2.02919345e-04,4.02228592e-05,0.00000000e+00,0.00000000e+00,1.07701992e+00,3.84804277e-02,4.15394742e+03,1.75909955e+02,9.62925062e-04,5.58276000e-05,0.00000000e+00,0.00000000e+00,0.00000000e+00,0.00000000e+00
1.02750000e+02,7.53447112e-04,3.17358907e-05,0.00000000e+00,0.00000000e+00,1.94894464e-04,4.29567411e-05,0.00000000e+00,0.00000000e+00,1.08247187e+00,3.87196257e-02,4.12654412e+03,1.64765517e+02,9.48253230e-04,5.56755684e-05,0.00000000e+00,0.00000000e+00,7.22039149e+00,2.09682618e-01
1.02850000e+02,7.50476470e-04,3.12934501e-05,0.00000000e+00,0.00000000e+00,1.53271381e-04,1.32842386e-05,0.00000000e+00,0.00000000e+00,1.07747684e+00,3.64960393e-02,4.11779527e+03,1.59597875e+02,9.03659504e-04,3.62298488e-05,0.00000000e+00,0.00000000e+00,0.00000000e+00,0.00000000e+00
1.02950000e+02,7.52722720e-04,3.26711515e-05,0.00000000e+00,0.00000000e+00,1.36089029e-04,1.12729845e-05,0.00000000e+00,0.00000000e+00,1.07604293e+00,3.70364710e-02,4.13690536e+03,1.65340453e+02,8.88723402e-04,3.72912834e-05,0.00000000e+00,0.00000000e+00,7.20179149e+00,2.09836360e-01
1.03050000e+02,7.48260048e-04,3.26090636e-05,0.00000000e+00,0.00000000e+00,1.49364144e-04,1.69227141e-05,0.00000000e+00,0.00000000e+00,1.07389749e+00,3.88956755e-02,4.10096822e+03,1.68249012e+02,8.97535860e-04,4.12716938e-05,0.00000000e+00,0.00000000e+00,0.00000000e+00,0.00000000e+00
1.03150000e+02,7.74202076e-04,4.98667649e-05,0.00000000e+00,0.00000000e+00,1.48619803e-04,1.76423790e-05,0.00000000e+00,0.00000000e+00,1.07344023e+00,4.07722553e-02,4.22003754e+03,2.48359622e+02,9.22732920e-04,5.56998436e-05,0.00000000e+00,0.00000000e+00,7.18219149e+00,2.10239787e-01
1.03250000e+02,7.48476109e-04,3.55457283e-05,0.00000000e+00,0.00000000e+00,1.42693446e-04,1.69190978e-05,0.00000000e+00,0.00000000e+00,1.07037149e+00,4.08752024e-02,4.09612471e+03,1.82811782e+02,8.91080918e-04,4.28085072e-05,0.00000000e+00,0.00000000e+00,0.00000000e+00,0.00000000e+00
1.03350000e+02,7.54968158e-04,3.75886722e-05,0.00000000e+00,0.00000000e+00,1.44201602e-04,1.63243193e-05,0.00000000e+00,0.00000000e+00,1.07295448e+00,4.06763897e-02,4.12413643e+03,1.90626546e+02,8.99081123e-04,4.40550781e-05,0.00000000e+00,0.00000000e+00,7.16819149e+00,2.11670518e-01
1.03450000e+02,7.59858973e-04,3.68116352e-05,0.00000000e+00,0.00000000e+00,1.47936162e-04,1.64472428e-05,0.00000000e+00,0.00000000e+00,1.07929331e+00,3.89835647e-02,4.16244648e+03,1.86832871e+02,9.07706500e-04,4.32500998e-05,0.00000000e+00,0.00000000e+00,0.00000000e+00,0.00000000e+00
1.03550000e+02,7.58457643e-04,3.89057552e-05,0.00000000e+00,0.00000000e+00,1.43362716e-04,1.62143845e-05,0.00000000e+00,0.00000000e+00,1.07384645e+00,4.01613352e-02,4.15009719e+03,1.97471613e+02,9.01731722e-04,4.48639735e-05,0.00000000e+00,0.00000000e+00,7.16119149e+00,2.12021781e-01
1.03650000e+02,7.56289269e-04,3.74448062e-05,0.00000000e+00,0.00000000e+00,1.43907494e-04,1.69651029e-05,0.00000000e+00,0.00000000e+00,1.06900732e+00,3.93938273e-02,4.13082744e+03,1.90693540e+02,9.00146490e-04,4.36818631e-05,0.00000000e+00,0.00000000e+00,0.00000000e+00,0.00000000e+00
1.03750000e+02,7.51362548e-04,3.57909554e-05,0.00000000e+00,0.00000000e+00,1.48438120e-04,1.80374244e-05,0.00000000e+00,0.00000000e+00,1.06092785e+00,3.78212177e-02,4.10055553e+03,1.82746280e+02,8.99750951e-04,4.24287997e-05,0.00000000e+00,0.00000000e+00,7.13499149e+00,2.12731522e-01
1.03850000e+02,7.60360662e-04,3.47500777e-05,0.00000000e+00,0.00000000e+00,1.40233913e-04,1.63874980e-05,0.00000000e+00,0.00000000e+00,1.06122933e+00,3.67119309e-02,4.14893217e+03,1.75502761e+02,9.00544858e-04,4.07487372e-05,0.00000000e+00,0.00000000e+00,0.00000000e+00,0.00000000e+00
1.03950000e+02,7.47709169e-04,3.51981354e-05,0.00000000e+00,0.00000000e+00,1.29527568e-04,1.29492717e-05,0.00000000e+00,0.00000000e+00,1.05061984e+00,3.68472052e-02,4.07994891e+03,1.78164039e+02,8.77187017e-04,3.97050263e-05,0.00000000e+00,0.00000000e+00,7.13119149e+00,2.13761151e-01
1.04050000e+02,7.38464041e-04,3.50895046e-05,0.00000000e+00,0.00000000e+00,1.23068439e-04,9.12401574e-06,0.00000000e+00,0.00000000e+00,1.04150817e+00,3.71999604e-02,4.02848435e+03,1.78501338e+02,8.61482758e-04,3.77103615e-05,0.00000000e+00,0.00000000e+00,0.00000000e+00,0.00000000e+00
1.04150000e+02,7.42546497e-04,3.63096576e-05,0.00000000e+00,0.00000000e+00,1.25291968e-04,9.54632508e-06,0.00000000e+00,0.00000000e+00,1.04793307e+00,3.83123389e-02,4.04695285e+03,1.84667703e+02,8.67788744e-04,4.03007848e-05,0.00000000e+00,0.00000000e+00,7.11419149e+00,2.13161799e-01
1.04250000e+02,7.27823024e-04,3.51604886e-05,0.00000000e+00,0.00000000e+00,1.34470305e-04,1.38289101e-05,0.00000000e+00,0.00000000e+00,1.03357669e+00,3.80297056e-02,3.97666476e+03,1.80071279e+02,8.62243605e-04,4.21365386e-05,0.00000000e+00,0.00000000e+00,0.00000000e+00,0.00000000e+00
1.04350000e+02,7.32613983e-04,3.35390442e-05,0.00000000e+00,0.00000000e+00,1.26215674e-04,1.34129192e-05,0.00000000e+00,0.00000000e+00,1.02782995e+00,3.69483814e-02,3.99081066e+03,1.71753436e+02,8.58779893e-04,3.92689151e-05,0.00000000e+00,0.00000000e+00,7.10819149e+00,2.13558796e-01
1.04450000e+02,7.47937536e-04,3.56875916e-05,0.00000000e+00,0.00000000e+00,1.36240475e-04,1.30523950e-05,0.00000000e+00,0.00000000e+00,1.03366036e+00,3.70372166e-02,4.06838532e+03,1.82665845e+02,8.84128200e-04,4.10189758e-05,0.00000000e+00,0.00000000e+00,0.00000000e+00,0.00000000e+00
1.04550000e+02,7.43505495e-04,3.67246700e-05,0.00000000e+00,0.00000000e+00,1.34841421e-04,1.47314236e-05,0.00000000e+00,0.00000000e+00,1.04082764e+00,3.98023834e-02,4.04947341e+03,1.87370528e+02,8.78297107e-04,4.34606917e-05,0.00000000e+00,0.00000000e+00,7.08659149e+00,2.12352066e-01
1.04650000e+02,7.29734262e-04,3.59957029e-05,0.00000000e+00,0.00000000e+00,1.33714930e-04,1.41939055e-05,0.00000000e+00,0.00000000e+00,1.03384784e+00,4.02637786e-02,3.98646752e+03,1.83641723e+02,8.63399381e-04,4.28581676e-05,0.00000000e+00,0.00000000e+00,0.00000000e+00,0.00000000e+00
1.04750000e+02,7.22169370e-04,3.22850599e-05,0.00000000e+00,0.00000000e+00,1.43450756e-04,1.78850486e-05,0.00000000e+00,0.00000000e+00,1.03084616e+00,3.83202719e-02,3.95375946e+03,1.65401162e+02,8.65570315e-04,4.06432029e-05,0.00000000e+00,0.00000000e+00,7.06359149e+00,2.10282301e-01
1.04850000e+02,7.29072936e-04,3.28524161e-05,0.00000000e+00,0.00000000e+00,1.33398172e-04,1.47203532e-05,0.00000000e+00,0.00000000e+00,1.03039546e+00,3.79523005e-02,3.99091729e+03,1.67309363e+02,8.62421398e-04,4.07674553e-05,0.00000000e+00,0.00000000e+00,0.00000000e+00,0.00000000e+00
1.04950000e+02,7.22312175e-04,3.20745958e-05,0.00000000e+00,0.00000000e+00,1.32659818e-04,1.39885015e-05,0.00000000e+00,0.00000000e+00,1.02397695e+00,3.65542687e-02,3.96074939e+03,1.64994730e+02,8.54922571e-04,3.99095022e-05,0.00000000e+00,0.00000000e+00,7.05039149e+00,2.07786876e-01
1.05050000e+02,7.33839325e-04,4.21836832e-05,0.00000000e+00,0.00000000e+00,1.35089432e-04,1.40073189e-05,0.00000000e+00,0.00000000e+00,1.01726652e+00,3.75149496e-02,4.00238975e+03,2.12921759e+02,8.68879334e-04,4.87800966e-05,0.00000000e+00,0.00000000e+00,0.00000000e+00,0.00000000e+00
1.05150000e+02,7.18323881e-04,3.32037739e-05,0.00000000e+00,0.00000000e+00,1.28376904e-04,1.27314922e-05,0.00000000e+00,0.00000000e+00,1.02396411e+00,3.90193159e-02,3.92935470e+03,1.71857642e+02,8.46651364e-04,4.04072246e-05,0.00000000e+00,0.00000000e+00,7.04479149e+00,2.07461854e-01
1.05250000e+02,7.12426630e-04,3.32457546e-05,0.00000000e+00,0.00000000e+00,1.29384608e-04,1.30764591e-05,0.00000000e+00,0.00000000e+00,1.02411676e+00,3.94188107e-02,3.91804852e+03,1.73723879e+02,8.41761816e-04,4.03922564e-05,0.00000000e+00,0.00000000e+00,0.00000000e+00,0.00000000e+00
1.05350000e+02,7.15877265e-04,3.27272589e-05,0.00000000e+00,0.00000000e+00,1.32749109e-04,1.41056441e-05,0.00000000e+00,0.00000000e+00,1.02470966e+00,3.91593104e-02,3.93069662e+03,1.71273997e+02,8.48576408e-04,4.05914828e-05,0.00000000e+00,0.00000000e+00,7.03499149e+00,2.07216391e-01
1.05450000e+02,7.31177301e-04,3.74816743e-05,0.00000000e+00,0.00000000e+00,1.43811903e-04,1.46951472e-05,0.00000000e+00,0.00000000e+00,1.01655996e+00,3.70522337e-02,3.98720368e+03,1.90587925e+02,8.74934067e-04,4.51521416e-05,0.00000000e+00,0.00000000e+00,0.00000000e+00,0.00000000e+00
1.05550000e+02,7.04205388e-04,3.16087377e-05,0.00000000e+00,0.00000000e+00,1.38376233e-04,1.29190119e-05,0.00000000e+00,0.00000000e+00,1.00934044e+00,3.61582136e-02,3.86638178e+03,1.65407222e+02,8.42529664e-04,3.93369925e-05,0.00000000e+00,0.00000000e+00,7.00739149e+00,2.05246871e-01
1.05650000e+02,7.13378152e-04,3.23244448e-05,0.00000000e+00,0.00000000e+00,1.56074005e-04,2.08536697e-05,0.00000000e+00,0.00000000e+00,1.00879349e+00,3.63689252e-02,3.90693159e+03,1.67617167e+02,8.69400136e-04,4.18333296e-05,0.00000000e+00,0.00000000e+00,0.00000000e+00,0.00000000e+00
1.05750000e+02,7.08543859e-04,3.28527239e-05,0.00000000e+00,0.00000000e+00,1.73111942e-04,2.85320765e-05,0.00000000e+00,0.00000000e+00,1.00519486e+00,3.76906488e-02,3.87716322e+03,1.69890559e+02,8.81594364e-04,4.58938468e-05,0.00000000e+00,0.00000000e+00,6.99419149e+00,2.06105770e-01
1.05850000e+02,7.01161782e-04,3.18196786e-05,0.00000000e+00,0.00000000e+00,1.80456459e-04,2.96787140e-05,0.00000000e+00,0.00000000e+00,1.00228851e+00,3.78555673e-02,3.83527976e+03,1.64425757e+02,8.81548500e-04,4.53659587e-05,0.00000000e+00,0.00000000e+00,0.00000000e+00,0.00000000e+00
1.05950000e+02,6.88138284e-04,3.14859183e-05,0.00000000e+00,0.00000000e+00,1.75520261e-04,2.91190585e-05,0.00000000e+00,0.00000000e+00,9.83664832e-01,3.80359441e-02,3.77696054e+03,1.65254108e+02,8.63594473e-04,4.49577992e-05,0.00000000e+00,0.00000000e+00,6.96748724e+00,2.06970914e-01
1.06050000e+02,6.97457185e-04,3.13150083e-05,0.00000000e+00,0.00000000e+00,1.73250566e-04,2.18822226e-05,0.00000000e+00,0.00000000e+00,9.90381422e-01,3.64018593e-02,3.82290192e+03,1.64154959e+02,8.70644180e-04,4.19034987e-05,0.00000000e+00,0.00000000e+00,0.00000000e+00,0.00000000e+00
1.06150000e+02,6.93609986e-04,3.17005281e-05,0.00000000e+00,0.00000000e+00,1.50262684e-04,1.31707064e-05,0.00000000e+00,0.00000000e+00,9.95211362e-01,3.69741547e-02,3.79262428e+03,1.65398225e+02,8.43809097e-04,3.78947287e-05,0.00000000e+00,0.00000000e+00,6.94508724e+00,2.05890733e-01
1.06250000e+02,6.89119906e-04,3.07477956e-05,0.00000000e+00,0.00000000e+00,1.43860531e-04,1.13083474e-05,0.00000000e+00,0.00000000e+00,9.90670112e-01,3.85823051e-02,3.77136113e+03,1.61728477e+02,8.32908207e-04,3.57946651e-05,0.00000000e+00,0.00000000e+00,0.00000000e+00,0.00000000e+00
1.06350000e+02,6.93816687e-04,3.25590197e-05,0.00000000e+00,0.00000000e+00,1.35403116e-04,1.46353757e-05,0.00000000e+00,0.00000000e+00,9.89651844e-01,3.77466540e-02,3.78860717e+03,1.69282518e+02,8.29168377e-04,3.85345605e-05,0.00000000e+00,0.00000000e+00,6.92268724e+00,2.05259920e-01
1.06450000e+02,6.93893293e-04,3.18498874e-05,0.00000000e+00,0.00000000e+00,1.33828903e-04,1.16284198e-05,0.00000000e+00,0.00000000e+00,9.91468103e-01,3.74631562e-02,3.78994427e+03,1.65707254e+02,8.27670770e-04,3.66227538e-05,0.00000000e+00,0.00000000e+00,0.00000000e+00,0.00000000e+00
1.06550000e+02,6.99451098e-04,3.22916896e-05,0.00000000e+00,0.00000000e+00,1.25113069e-04,1.00412263e-05,0.00000000e+00,0.00000000e+00,9.77100079e-01,3.80946709e-02,3.81503008e+03,1.68675075e+02,8.24512737e-04,3.62621152e-05,0.00000000e+00,0.00000000e+00,6.91368724e+00,2.07103494e-01
1.06650000e+02,6.92825881e-04,3.39770082e-05,0.00000000e+00,0.00000000e+00,1.34010793e-04,1.26551250e-05,0.00000000e+00,0.00000000e+00,9.70006938e-01,3.84565229e-02,3.77991770e+03,1.76312579e+02,8.26785242e-04,3.99677891e-05,0.00000000e+00,0.00000000e+00,0.00000000e+00,0.00000000e+00
1.06750000e+02,6.87900931e-04,3.49773577e-05,0.00000000e+00,0.00000000e+00,1.40167934e-04,1.58215448e-05,0.00000000e+00,0.00000000e+00,9.76467115e-01,3.84254854e-02,3.75706027e+03,1.81707244e+02,8.28006931e-04,4.49194386e-05,0.00000000e+00,0.00000000e+00,6.88028724e+00,2.05988065e-01
1.06850000e+02,6.76224621e-04,3.46094643e-05,0.00000000e+00,0.00000000e+00,1.67871829e-04,3.58161230e-05,0.00000000e+00,0.00000000e+00,9.59718274e-01,3.92094637e-02,3.68937643e+03,1.79175133e+02,8.44028291e-04,5.90229056e-05,0.00000000e+00,0.00000000e+00,0.00000000e+00,0.00000000e+00
1.06950000e+02,6.78318956e-04,3.50590021e-05,0.00000000e+00,0.00000000e+00,1.46499744e-04,2.17444669e-05,0.00000000e+00,0.00000000e+00,9.59981737e-01,3.89684308e-02,3.70818066e+03,1.80331803e+02,8.24753081e-04,4.91211570e-05,0.00000000e+00,0.00000000e+00,6.87848724e+00,2.06405736e-01
1.07050000e+02,6.81151369e-04,3.95996339e-05,0.00000000e+00,0.00000000e+00,1.21710877e-04,1.39044351e-05,0.00000000e+00,0.00000000e+00,9.48488343e-01,3.80774699e-02,3.70597324e+03,2.00896374e+02,8.02850259e-04,4.67733964e-05,0.00000000e+00,0.00000000e+00,0.00000000e+00,0.00000000e+00
1.07150000e+02,6.55400382e-04,3.15652405e-05,0.00000000e+00,0.00000000e+00,1.05042034e-04,7.60773560e-06,0.00000000e+00,0.00000000e+00,9.34635145e-01,3.58049109e-02,3.57753621e+03,1.64020422e+02,7.60440844e-04,3.60950776e-05,0.00000000e+00,0.00000000e+00,6.87088724e+00,2.07248979e-01
1.07250000e+02,6.53910414e-04,3.07234384e-05,0.00000000e+00,0.00000000e+00,1.08141878e-04,8.11239192e-06,0.00000000e+00,0.00000000e+00,9.37839614e-01,3.73538917e-02,3.57292520e+03,1.60806058e+02,7.62050721e-04,3.61840892e-05,0.00000000e+00,0.00000000e+00,0.00000000e+00,0.00000000e+00
1.07350000e+02,6.54958644e-04,3.07928547e-05,0.00000000e+00,0.00000000e+00,1.08629599e-04,8.14996589e-06,0.00000000e+00,0.00000000e+00,9.47871272e-01,3.68667331e-02,3.57438631e+03,1.60780378e+02,7.63586675e-04,3.54840799e-05,0.00000000e+00,0.00000000e+00,6.86048724e+00,2.07048284e-01
1.07450000e+02,6.61878076e-04,3.11167618e-05,0.00000000e+00,0.00000000e+00,1.14546095e-04,9.81032565e-06,0.00000000e+00,0.00000000e+00,9.53004075e-01,3.71049369e-02,3.61300937e+03,1.63689272e+02,7.76422605e-04,3.54470430e-05,0.00000000e+00,0.00000000e+00,0.00000000e+00,0.00000000e+00
1.07550000e+02,6.62128923e-04,3.43859491e-05,0.00000000e+00,0.00000000e+00,1.11163880e-04,9.43437567e-06,0.00000000e+00,0.00000000e+00,9.43990413e-01,3.67800783e-02,3.61562696e+03,1.77925280e+02,7.73291234e-04,3.82376028e-05,0.00000000e+00,0.00000000e+00,6.84268724e+00,2.05030127e-01
1.07650000e+02,6.62291668e-04,3.44408933e-05,0.00000000e+00,0.00000000e+00,1.11214955e-04,9.68522452e-06,0.00000000e+00,0.00000000e+00,9.43851509e-01,3.76900823e-02,3.61667864e+03,1.77528876e+02,7.73505053e-04,3.83442579e-05,0.00000000e+00,0.00000000e+00,0.00000000e+00,0.00000000e+00
1.07750000e+02,6.45635899e-04,3.11630940e-05,0.00000000e+00,0.00000000e+00,1.35644337e-04,2.16509820e-05,0.00000000e+00,0.00000000e+00,9.36854012e-01,3.68394761e-02,3.53902060e+03,1.62152298e+02,7.81278664e-04,3.85320915e-05,0.00000000e+00,0.00000000e+00,6.82888724e+00,2.05559702e-01
1.07850000e+02,6.47272848e-04,3.08750169e-05,0.00000000e+00,0.00000000e+00,1.21754358e-04,1.04847997e-05,0.00000000e+00,0.00000000e+00,9.39809679e-01,3.63856743e-02,3.54193459e+03,1.60281533e+02,7.69025630e-04,3.46266768e-05,0.00000000e+00,0.00000000e+00,0.00000000e+00,0.00000000e+00
1.07950000e+02,6.46558297e-04,3.13328982e-05,0.00000000e+00,0.00000000e+00,1.24515626e-04,1.19107221e-05,0.00000000e+00,0.00000000e+00,9.33585381e-01,3.71138374e-02,3.53322279e+03,1.63417744e+02,7.71072027e-04,3.61445340e-05,0.00000000e+00,0.00000000e+00,6.81448724e+00,2.04205334e-01
1.08050000e+02,6.47304819e-04,3.25462341e-05,0.00000000e+00,0.00000000e+00,1.30592077e-04,1.26352759e-05,0.00000000e+00,0.00000000e+00,9.29980157e-01,3.77286346e-02,3.53083972e+03,1.69476468e+02,7.77894720e-04,3.79986266e-05,0.00000000e+00,0.00000000e+00,0.00000000e+00,0.00000000e+00
1.08150000e+02,6.46134958e-04,3.23060671e-05,0.00000000e+00,0.00000000e+00,1.25217889e-04,1.27976660e-05,0.00000000e+00,0.00000000e+00,9.26205105e-01,3.67417006e-02,3.52672229e+03,1.67734713e+02,7.71350648e-04,3.84638301e-05,0.00000000e+00,0.00000000e+00,6.81008724e+00,2.03052959e-01
1.08250000e+02,6.57163097e-04,3.35461617e-05,0.00000000e+00,0.00000000e+00,1.25019294e-04,1.43112815e-05,0.00000000e+00,0.00000000e+00,9.32890391e-01,3.60943681e-02,3.58602564e+03,1.76959056e+02,7.82180194e-04,4.17312379e-05,0.00000000e+00,0.00000000e+00,0.00000000e+00,0.00000000e+00
1.08350000e+02,6.57575261e-04,3.20443132e-05,0.00000000e+00,0.00000000e+00,1.42053151e-04,1.91527148e-05,0.00000000e+00,0.00000000e+00,9.31104286e-01,3.58493921e-02,3.57464843e+03,1.64208410e+02,7.99625809e-04,4.03043276e-05,0.00000000e+00,0.00000000e+00,6.80468724e+00,2.03687285e-01
1.08450000e+02,6.49558134e-04,3.05699858e-05,0.00000000e+00,0.00000000e+00,1.35169605e-04,1.56583515e-05,0.00000000e+00,0.00000000e+00,9.20565140e-01,3.48357217e-02,3.53857969e+03,1.56165793e+02,7.84725030e-04,3.87323767e-05,0.00000000e+00,0.00000000e+00,0.00000000e+00,0.00000000e+00
1.08550000e+02,6.51480312e-04,3.03589935e-05,0.00000000e+00,0.00000000e+00,1.26535298e-04,1.32947020e-05,0.00000000e+00,0.00000000e+00,9.27936448e-01,3.41567680e-02,3.56035812e+03,1.57639072e+02,7.78012904e-04,3.75466461e-05,0.00000000e+00,0.00000000e+00,6.77808724e+00,2.02450176e-01
1.08650000e+02,6.47183066e-04,3.15662514e-05,0.00000000e+00,0.00000000e+00,1.30061343e-04,1.49801267e-05,0.00000000e+00,0.00000000e+00,9.26685193e-01,3.66989464e-02,3.52711928e+03,1.62070401e+02,7.77241701e-04,3.73458307e-05,0.00000000e+00,0.00000000e+00,0.00000000e+00,0.00000000e+00
1.08750000e+02,6.69167350e-04,3.43022160e-05,0.00000000e+00,0.00000000e+00,1.30683074e-04,1.22869146e-05,0.00000000e+00,0.00000000e+00,9.28073465e-01,3.74078146e-02,3.62834426e+03,1.73289771e+02,7.99847717e-04,3.88374073e-05,0.00000000e+00,0.00000000e+00,6.76948724e+00,2.02244633e-01
1.08850000e+02,6.74065707e-04,3.20496885e-05,0.00000000e+00,0.00000000e+00,1.30811674e-04,1.16984671e-05,0.00000000e+00,0.00000000e+00,9.22753343e-01,3.68087546e-02,3.64380036e+03,1.63205052e+02,8.04874672e-04,3.65330602e-05,0.00000000e+00,0.00000000e+00,0.00000000e+00,0.00000000e+00
1.08950000e+02,6.59734767e-04,2.99395167e-05,0.00000000e+00,0.00000000e+00,1.30608895e-04,1.18723110e-05,0.00000000e+00,0.00000000e+00,9.17386800e-01,3.55906145e-02,3.57078793e+03,1.54261286e+02,7.90341414e-04,3.46814306e-05,0.00000000e+00,0.00000000e+00,6.75868724e+00,2.01619499e-01
1.09050000e+02,6.45318850e-04,3.30765981e-05,0.00000000e+00,0.00000000e+00,1.28931944e-04,1.21369114e-05,0.00000000e+00,0.00000000e+00,9.11060063e-01,3.65898277e-02,3.50112912e+03,1.68871741e+02,7.74248942e-04,3.70619714e-05,0.00000000e+00,0.00000000e+00,0.00000000e+00,0.00000000e+00
1.09150000e+02,6.47901003e-04,3.28829838e-05,0.00000000e+00,0.00000000e+00,1.35775174e-04,1.63215269e-05,0.00000000e+00,0.00000000e+00,9.11775504e-01,3.59196632e-02,3.51595517e+03,1.67942376e+02,7.83674361e-04,3.88044220e-05,0.00000000e+00,0.00000000e+00,6.73528724e+00,2.02249630e-01
1.09250000e+02,6.37691652e-04,3.27351025e-05,0.00000000e+00,0.00000000e+00,1.35279705e-04,1.70646007e-05,0.00000000e+00,0.00000000e+00,9.03953350e-01,3.63358750e-02,3.46265101e+03,1.66220418e+02,7.72969540e-04,3.91389111e-05,0.00000000e+00,0.00000000e+00,0.00000000e+00,0.00000000e+00
1.09350000e+02,6.33689230e-04,3.40886487e-05,0.00000000e+00,0.00000000e+00,1.19430721e-04,9.40002426e-06,0.00000000e+00,0.00000000e+00,8.96173755e-01,3.51532432e-02,3.44228930e+03,1.71932591e+02,7.53118131e-04,3.76231760e-05,0.00000000e+00,0.00000000e+00,6.72918299e+00,2.00841125e-01
1.09450000e+02,6.23112825e-04,3.10055352e-05,0.00000000e+00,0.00000000e+00,1.13456904e-04,1.04582578e-05,0.00000000e+00,0.00000000e+00,8.93243430e-01,3.47650313e-02,3.39395537e+03,1.58815107e+02,7.36567908e-04,3.50717470e-05,0.00000000e+00,0.00000000e+00,0.00000000e+00,0.00000000e+00
1.09550000e+02,6.25121005e-04,3.10448982e-05,0.00000000e+00,0.00000000e+00,1.18503034e-04,9.70358326e-06,0.00000000e+00,0.00000000e+00,8.93049327e-01,3.39913412e-02,3.40997725e+03,1.57508206e+02,7.43622219e-04,3.44377392e-05,0.00000000e+00,0.00000000e+00,6.71378299e+00,2.01187786e-01
1.09650000e+02,6.27927511e-04,3.13711873e-05,0.00000000e+00,0.00000000e+00,1.11701773e-04,9.19111563e-06,0.00000000e+00,0.00000000e+00,8.85748133e-01,3.32022157e-02,3.42095941e+03,1.57486925e+02,7.39627729e-04,3.61607122e-05,0.00000000e+00,0.00000000e+00,0.00000000e+00,0.00000000e+00
1.09750000e+02,6.25343827e-04,3.30949195e-05,0.00000000e+00,0.00000000e+00,1.03749993e-04,7.11246502e-06,0.00000000e+00,0.00000000e+00,8.86363896e-01,3.45184137e-02,3.39983359e+03,1.68006508e+02,7.29092508e-04,3.70479386e-05,0.00000000e+00,0.00000000e+00,6.68258299e+00,1.98796537e-01
1.09850000e+02,6.25146519e-04,3.26726159e-05,0.00000000e+00,0.00000000e+00,1.03917757e-04,1.09225336e-05,0.00000000e+00,0.00000000e+00,8.85350887e-01,3.55549411e-02,3.39661709e+03,1.67586237e+02,7.29062964e-04,3.77951903e-05,0.00000000e+00,0.00000000e+00,0.00000000e+00,0.00000000e+00
1.09950000e+02,6.29959462e-04,3.44924177e-05,0.00000000e+00,0.00000000e+00,1.04599622e-04,1.09403868e-05,0.00000000e+00,0.00000000e+00,8.98225283e-01,3.74539303e-02,3.43029883e+03,1.77092394e+02,7.34557775e-04,3.95737108e-05,0.00000000e+00,0.00000000e+00,6.66058299e+00,1.99454295e-01
1.10050000e+02,6.23720193e-04,3.21162883e-05,0.00000000e+00,0.00000000e+00,1.01758288e-04,1.04782089e-05,0.00000000e+00,0.00000000e+00,8.96275490e-01,3.49717024e-02,3.38713705e+03,1.63071039e+02,7.25477171e-04,3.67196936e-05,0.00000000e+00,0.00000000e+00,0.00000000e+00,0.00000000e+00
1.10150000e+02,6.23875555e-04,3.14550579e-05,0.00000000e+00,0.00000000e+00,1.11237848e-04,1.17650708e-05,0.00000000e+00,0.00000000e+00,8.85203883e-01,3.35277281e-02,3.38413665e+03,1.61423642e+02,7.35112091e-04,3.71769901e-05,0.00000000e+00,0.00000000e+00,6.63458299e+00,1.98672690e-01
1.10250000e+02,6.20027490e-04,2.91225014e-05,0.00000000e+00,0.00000000e+00,1.10796923e-04,1.20253343e-05,0.00000000e+00,0.00000000e+00,8.84681523e-01,3.32390960e-02,3.35978479e+03,1.48942005e+02,7.30823101e-04,3.48709691e-05,0.00000000e+00,0.00000000e+00,0.00000000e+00,0.00000000e+00
1.10350000e+02,6.26060082e-04,3.00593936e-05,0.00000000e+00,0.00000000e+00,1.05004103e-04,1.11397502e-05,0.00000000e+00,0.00000000e+00,8.84874224e-01,3.37072069e-02,3.38643206e+03,1.54720611e+02,7.31062873e-04,3.54896050e-05,0.00000000e+00,0.00000000e+00,6.63078299e+00,1.97777056e-01
1.10450000e+02,6.13561732e-04,2.89922655e-05,0.00000000e+00,0.00000000e+00,1.13580302e-04,1.33408244e-05,0.00000000e+00,0.00000000e+00,8.70028528e-01,3.41818859e-02,3.32134478e+03,1.50404880e+02,7.27140718e-04,3.32336372e-05,0.00000000e+00,0.00000000e+00,0.00000000e+00,0.00000000e+00
1.10550000e+02,6.16484452e-04,2.90855586e-05,0.00000000e+00,0.00000000e+00,1.30629885e-04,1.74088399e-05,0.00000000e+00,0.00000000e+00,8.73114937e-01,3.40034438e-02,3.33241512e+03,1.50911314e+02,7.47113022e-04,3.38993082e-05,0.00000000e+00,0.00000000e+00,6.62518299e+00,1.96701376e-01
1.10650000e+02,6.07074104e-04,2.91206494e-05,0.00000000e+00,0.00000000e+00,1.28729756e-04,1.68634497e-05,0.00000000e+00,0.00000000e+00,8.61953348e-01,3.45521955e-02,3.28534560e+03,1.51121812e+02,7.35802814e-04,3.45605555e-05,0.00000000e+00,0.00000000e+00,0.00000000e+00,0.00000000e+00
1.10750000e+02,6.04329489e-04,2.77181555e-05,0.00000000e+00,0.00000000e+00,1.36198921e-04,2.59552128e-05,0.00000000e+00,0.00000000e+00,8.63590314e-01,3.43235204e-02,3.27828280e+03,1.45258054e+02,7.40527385e-04,4.03556656e-05,0.00000000e+00,0.00000000e+00,6.61358299e+00,1.96303151e-01
1.10850000e+02,6.05307866e-04,2.78389096e-05,0.00000000e+00,0.00000000e+00,1.40345239e-04,3.39958766e-05,0.00000000e+00,0.00000000e+00,8.58932765e-01,3.36763648e-02,3.27598817e+03,1.44600808e+02,7.45652079e-04,4.54640255e-05,0.00000000e+00,0.00000000e+00,0.00000000e+00,0.00000000e+00
1.10950000e+02,6.17836783e-04,2.91369470e-05,0.00000000e+00,0.00000000e+00,1.20206772e-04,2.11877867e-05,0.00000000e+00,0.00000000e+00,8.67492957e-01,3.30250617e-02,3.33956172e+03,1.50194600e+02,7.38042531e-04,3.77326822e-05,0.00000000e+00,0.00000000e+00,6.59818299e+00,1.97027193e-01
1.11050000e+02,6.27311431e-04,3.27173392e-05,0.00000000e+00,0.00000000e+00,1.12077766e-04,1.39363744e-05,0.00000000e+00,0.00000000e+00,8.64308732e-01,3.37063352e-02,3.39225290e+03,1.67700404e+02,7.39388172e-04,3.78993112e-05,0.00000000e+00,0.00000000e+00,0.00000000e+00,0.00000000e+00
1.11150000e+02,6.38091000e-04,3.68082669e-05,0.00000000e+00,0.00000000e+00,1.11571483e-04,1.46318249e-05,0.00000000e+00,0.00000000e+00,8.64473095e-01,3.54282527e-02,3.44041841e+03,1.86058085e+02,7.49661459e-04,4.18744005e-05,0.00000000e+00,0.00000000e+00,6.59058299e+00,1.97435234e-01
1.11250000e+02,6.25462597e-04,3.13985449e-05,0.00000000e+00,0.00000000e+00,1.09882608e-04,1.46374196e-05,0.00000000e+00,0.00000000e+00,8.55460609e-01,3.26734153e-02,3.37509713e+03,1.60288649e+02,7.35344178e-04,3.68498089e-05,0.00000000e+00,0.00000000e+00,0.00000000e+00,0.00000000e+00
1.11350000e+02,6.24983724e-04,3.19293092e-05,0.00000000e+00,0.00000000e+00,1.08678816e-04,1.51500283e-05,0.00000000e+00,0.00000000e+00,8.46044277e-01,3.18729420e-02,3.36697068e+03,1.62669441e+02,7.33661648e-04,3.77876305e-05,0.00000000e+00,0.00000000e+00,6.56958299e+00,1.98142127e-01
1.11450000e+02,6.26992080e-04,3.23031784e-05,0.00000000e+00,0.00000000e+00,1.05925510e-04,1.44715546e-05,0.00000000e+00,0.00000000e+00,8.48703416e-01,3.30048530e-02,3.37668655e+03,1.64933087e+02,7.32916708e-04,3.87670936e-05,0.00000000e+00,0.00000000e+00,0.00000000e+00,0.00000000e+00
1.11550000e+02,6.37920044e-04,3.27471190e-05,0.00000000e+00,0.00000000e+00,1.07501099e-04,1.25463360e-05,0.00000000e+00,0.00000000e+00,8.58157858e-01,3.43648471e-02,3.42906251e+03,1.68315172e+02,7.45420264e-04,3.84327428e-05,0.00000000e+00,0.00000000e+00,6.55318299e+00,1.96430143e-01
1.11650000e+02,6.35252773e-04,3.23263961e-05,0.00000000e+00,0.00000000e+00,1.16612708e-04,1.54211258e-05,0.00000000e+00,0.00000000e+00,8.53786505e-01,3.48940541e-02,3.41215617e+03,1.66555433e+02,7.51864601e-04,3.92125976e-05,0.00000000e+00,0.00000000e+00,0.00000000e+00,0.00000000e+00
1.11750000e+02,6.32368951e-04,3.12874372e-05,0.00000000e+00,0.00000000e+00,1.04800919e-04,1.07582624e-05,0.00000000e+00,0.00000000e+00,8.57889652e-01,3.27438394e-02,3.40262356e+03,1.61329412e+02,7.37168990e-04,3.73276988e-05,0.00000000e+00,0.00000000e+00,6.54498299e+00,1.96656657e-01
1.11850000e+02,6.27780105e-04,3.01757553e-05,0.00000000e+00,0.00000000e+00,1.08192767e-04,1.07168295e-05,0.00000000e+00,0.00000000e+00,8.52132990e-01,3.31179724e-02,3.38139685e+03,1.55727127e+02,7.35971991e-04,3.54446316e-05,0.00000000e+00,0.00000000e+00,0.00000000e+00,0.00000000e+00
1.11950000e+02,6.33488138e-04,3.06532455e-05,0.00000000e+00,0.00000000e+00,3.13225280e-04,1.94105035e-04,0.00000000e+00,0.00000000e+00,8.53497877e-01,3.36450612e-02,3.39758276e+03,1.59069771e+02,9.46712536e-04,1.96551758e-04,0.00000000e+00,0.00000000e+00,6.53718299e+00,1.97679293e-01
1.12050000e+02,6.33672784e-04,3.08508678e-05,0.00000000e+00,0.00000000e+00,1.23967360e-04,1.35513826e-05,0.00000000e+00,0.00000000e+00,8.41047952e-01,3.22298623e-02,3.39608691e+03,1.58860876e+02,7.57639259e-04,3.90270762e-05,0.00000000e+00,0.00000000e+00,0.00000000e+00,0.00000000e+00
1.12150000e+02,6.28647216e-04,3.10977098e-05,0.00000000e+00,0.00000000e+00,1.12684098e-04,1.18108352e-05,0.00000000e+00,0.00000000e+00,8.38771553e-01,3.18708709e-02,3.36774024e+03,1.58402507e+02,7.41330429e-04,3.80941505e-05,0.00000000e+00,0.00000000e+00,6.53258299e+00,1.97332372e-01
1.12250000e+02,6.22605523e-04,2.99800154e-05,0.00000000e+00,0.00000000e+00,1.11624622e-04,1.17250883e-05,0.00000000e+00,0.00000000e+00,8.40468843e-01,3.24308951e-02,3.33687113e+03,1.53609883e+02,7.34229261e-04,3.65756817e-05,0.00000000e+00,0.00000000e+00,0.00000000e+00,0.00000000e+00
1.12350000e+02,6.08092406e-04,2.97861137e-05,0.00000000e+00,0.00000000e+00,1.07257722e-04,9.92538590e-06,0.00000000e+00,0.00000000e+00,8.30124520e-01,3.30666756e-02,3.27257345e+03,1.52756838e+02,7.15349241e-04,3.65422608e-05,0.00000000e+00,0.00000000e+00,6.51798299e+00,1.97049436e-01
1.12450000e+02,6.04604631e-04,2.93856422e-05,0.00000000e+00,0.00000000e+00,1.02424497e-04,1.00524555e-05,0.00000000e+00,0.00000000e+00,8.19361961e-01,3.12380506e-02,3.24566198e+03,1.49924012e+02,7.07028103e-04,3.61571756e-05,0.00000000e+00,0.00000000e+00,0.00000000e+00,0.00000000e+00
1.12550000e+02,6.00057740e-04,2.90316198e-05,0.00000000e+00,0.00000000e+00,1.05089364e-04,1.06852711e-05,0.00000000e+00,0.00000000e+00,8.18509326e-01,3.13254872e-02,3.21818244e+03,1.47540444e+02,7.05146078e-04,3.60765759e-05,0.00000000e+00,0.00000000e+00,6.50758299e+00,1.97650734e-01
1.12650000e+02,6.24824504e-04,3.26342626e-05,0.00000000e+00,0.00000000e+00,1.07438631e-04,1.12591767e-05,0.00000000e+00,0.00000000e+00,8.38811402e-01,3.29273398e-02,3.34381982e+03,1.64024139e+02,7.32262114e-04,3.94067100e-05,0.00000000e+00,0.00000000e+00,0.00000000e+00,0.00000000e+00
1.12750000e+02,6.21311578e-04,3.02609054e-05,0.00000000e+00,0.00000000e+00,1.02921721e-04,1.05856850e-05,0.00000000e+00,0.00000000e+00,8.30538195e-01,3.22627624e-02,3.32170188e+03,1.52995220e+02,7.24232276e-04,3.66527599e-05,0.00000000e+00,0.00000000e+00,6.49518299e+00,1.97200809e-01
1.12850000e+02,6.13029249e-04,2.74995415e-05,0.00000000e+00,0.00000000e+00,1.05742488e-04,1.08615756e-05,0.00000000e+00,0.00000000e+00,8.25939443e-01,3.17702573e-02,3.27868064e+03,1.39556745e+02,7.18770713e-04,3.35842028e-05,0.00000000e+00,0.00000000e+00,0.00000000e+00,0.00000000e+00
1.12950000e+02,6.13947497e-04,2.84010680e-05,0.00000000e+00,0.00000000e+00,1.08891865e-04,1.12495261e-05,0.00000000e+00,0.00000000e+00,8.21225267e-01,3.21337753e-02,3.28523219e+03,1.44059959e+02,7.22838337e-04,3.32757182e-05,0.00000000e+00,0.00000000e+00,6.48838299e+00,1.97499349e-01
1.13050000e+02,6.17738298e-04,2.84723873e-05,0.00000000e+00,0.00000000e+00,1.17277631e-04,1.20905093e-05,0.00000000e+00,0.00000000e+00,8.23895672e-01,3.21719571e-02,3.30532425e+03,1.44748154e+02,7.35014905e-04,3.40749430e-05,0.00000000e+00,0.00000000e+00,0.00000000e+00,0.00000000e+00
1.13150000e+02,6.05797450e-04,2.76372155e-05,0.00000000e+00,0.00000000e+00,1.27185597e-04,1.54658233e-05,0.00000000e+00,0.00000000e+00,8.09538316e-01,3.18194667e-02,3.24465645e+03,1.40614337e+02,7.32982019e-04,3.61653604e-05,0.00000000e+00,0.00000000e+00,6.45838299e+00,1.99833246e-01
1.13250000e+02,6.05723270e-04,2.85858168e-05,0.00000000e+00,0.00000000e+00,1.18131931e-04,1.38112478e-05,0.00000000e+00,0.00000000e+00,8.11864378e-01,3.09973518e-02,3.23974066e+03,1.45170624e+02,7.23854173e-04,3.49586921e-05,0.00000000e+00,0.00000000e+00,0.00000000e+00,0.00000000e+00
1.13350000e+02,6.11452294e-04,2.93278108e-05,0.00000000e+00,0.00000000e+00,1.04657715e-04,1.04375946e-05,0.00000000e+00,0.00000000e+00,8.10911418e-01,3.07143425e-02,3.26122651e+03,1.47570052e+02,7.16108981e-04,3.36591644e-05,0.00000000e+00,0.00000000e+00,6.45107874e+00,1.99820962e-01
1.13450000e+02,6.14875162e-04,3.08966433e-05,0.00000000e+00,0.00000000e+00,1.06633891e-04,1.08841045e-05,0.00000000e+00,0.00000000e+00,8.07549642e-01,3.10494235e-02,3.27804729e+03,1.54914191e+02,7.21508024e-04,3.60633574e-05,0.00000000e+00,0.00000000e+00,0.00000000e+00,0.00000000e+00
1.13550000e+02,6.11504355e-04,3.10444594e-05,0.00000000e+00,0.00000000e+00,1.00805470e-04,1.06599433e-05,0.00000000e+00,0.00000000e+00,8.05024489e-01,3.08696257e-02,3.26301330e+03,1.55704346e+02,7.12308795e-04,3.56161769e-05,0.00000000e+00,0.00000000e+00,6.43107874e+00,1.99849012e-01
1.13650000e+02,6.13149759e-04,3.32686365e-05,0.00000000e+00,0.00000000e+00,1.00800836e-04,1.05489958e-05,0.00000000e+00,0.00000000e+00,8.04237347e-01,3.18075744e-02,3.27000799e+03,1.67416519e+02,7.13949565e-04,3.76710926e-05,0.00000000e+00,0.00000000e+00,0.00000000e+00,0.00000000e+00
1.13750000e+02,6.17022360e-04,3.34576020e-05,0.00000000e+00,0.00000000e+00,9.23241381e-05,7.94541869e-06,0.00000000e+00,0.00000000e+00,8.10698384e-01,3.24866551e-02,3.28600896e+03,1.67802104e+02,7.09345470e-04,3.78146423e-05,0.00000000e+00,0.00000000e+00,6.41767874e+00,1.98626540e-01
1.13850000e+02,5.95939400e-04,3.27634434e-05,0.00000000e+00,0.00000000e+00,9.42826669e-05,8.40477156e-06,0.00000000e+00,0.00000000e+00,7.96090819e-01,3.34463606e-02,3.18252813e+03,1.65062444e+02,6.90221035e-04,3.79746530e-05,0.00000000e+00,0.00000000e+00,0.00000000e+00,0.00000000e+00
1.13950000e+02,5.96184192e-04,3.35767453e-05,0.00000000e+00,0.00000000e+00,1.06922322e-04,1.13934405e-05,0.00000000e+00,0.00000000e+00,7.92495737e-01,3.41604904e-02,3.18352912e+03,1.69399270e+02,7.03105481e-04,3.90640478e-05,0.00000000e+00,0.00000000e+00,6.40758299e+00,1.97491061e-01
1.14050000e+02,5.98783367e-04,3.05209917e-05,0.00000000e+00,0.00000000e+00,1.22597812e-04,1.84718029e-05,0.00000000e+00,0.00000000e+00,7.93751445e-01,3.14730026e-02,3.18916494e+03,1.53172050e+02,7.21380146e-04,3.74370031e-05,0.00000000e+00,0.00000000e+00,0.00000000e+00,0.00000000e+00
1.14150000e+02,5.89465942e-04,3.03285586e-05,0.00000000e+00,0.00000000e+00,1.11287289e-04,1.44990896e-05,0.00000000e+00,0.00000000e+00,7.79012839e-01,3.11285519e-02,3.13741533e+03,1.53167443e+02,7.00752194e-04,3.65504914e-05,0.00000000e+00,0.00000000e+00,6.39627874e+00,1.96129845e-01
1.14250000e+02,5.80092523e-04,2.77384801e-05,0.00000000e+00,0.00000000e+00,1.01027358e-04,1.14781174e-05,0.00000000e+00,0.00000000e+00,7.83817246e-01,2.95460348e-02,3.09375665e+03,1.40580972e+02,6.81118846e-04,3.38762907e-05,0.00000000e+00,0.00000000e+00,0.00000000e+00,0.00000000e+00
1.14350000e+02,5.72259994e-04,2.89459126e-05,0.00000000e+00,0.00000000e+00,1.01285523e-04,1.26415123e-05,0.00000000e+00,0.00000000e+00,7.73892211e-01,3.05686503e-02,3.05841642e+03,1.46667450e+02,6.73544479e-04,3.37810278e-05,0.00000000e+00,0.00000000e+00,6.37707874e+00,1.93411994e-01
1.14450000e+02,5.79917830e-04,2.81787117e-05,0.00000000e+00,0.00000000e+00,1.16415695e-04,1.91630787e-05,0.00000000e+00,0.00000000e+00,7.78460112e-01,2.99511616e-02,3.09377303e+03,1.43359347e+02,6.96332488e-04,4.04575232e-05,0.00000000e+00,0.00000000e+00,0.00000000e+00,0.00000000e+00
1.14550000e+02,5.79878633e-04,2.79907116e-05,0.00000000e+00,0.00000000e+00,1.33928156e-04,2.58593928e-05,0.00000000e+00,0.00000000e+00,7.78745365e-01,2.95599799e-02,3.09450212e+03,1.42002323e+02,7.13805753e-04,4.57068518e-05,0.00000000e+00,0.00000000e+00,6.35458299e+00,1.93800023e-01
1.14650000e+02,5.70554564e-04,2.76835007e-05,0.00000000e+00,0.00000000e+00,1.08608505e-04,1.61681595e-05,0.00000000e+00,0.00000000e+00,7.61952183e-01,2.81546477e-02,3.04175638e+03,1.39769372e+02,6.79162028e-04,3.68270762e-05,0.00000000e+00,0.00000000e+00,0.00000000e+00,0.00000000e+00
1.14750000e+02,5.69155202e-04,2.74299082e-05,0.00000000e+00,0.00000000e+00,9.23543494e-05,8.92922326e-06,0.00000000e+00,0.00000000e+00,7.57017463e-01,2.88958662e-02,3.04030304e+03,1.42625907e+02,6.61508509e-04,3.10330227e-05,0.00000000e+00,0.00000000e+00,6.33598299e+00,1.92704091e-01
1.14850000e+02,5.71750542e-04,2.81993295e-05,0.00000000e+00,0.00000000e+00,9.52050703e-05,1.31172466e-05,0.00000000e+00,0.00000000e+00,7.56295865e-01,2.92453427e-02,3.04401163e+03,1.42662228e+02,6.66954569e-04,3.39620679e-05,0.00000000e+00,0.00000000e+00,0.00000000e+00,0.00000000e+00
1.14950000e+02,5.65072404e-04,2.83889058e-05,0.00000000e+00,0.00000000e+00,9.58807086e-05,8.76470955e-06,0.00000000e+00,0.00000000e+00,7.47224788e-01,2.89652212e-02,3.00859414e+03,1.41915413e+02,6.60952067e-04,3.08573980e-05,0.00000000e+00,0.00000000e+00,6.31878299e+00,1.92817268e-01
1.15050000e+02,5.59260853e-04,2.79673372e-05,0.00000000e+00,0.00000000e+00,8.91565140e-05,7.59922910e-06,0.00000000e+00,0.00000000e+00,7.50963378e-01,3.01275045e-02,2.98830868e+03,1.40711225e+02,6.48416323e-04,3.10298097e-05,0.00000000e+00,0.00000000e+00,0.00000000e+00,0.00000000e+00
1.15150000e+02,5.52865870e-04,2.72615171e-05,0.00000000e+00,0.00000000e+00,9.46054581e-05,1.04926319e-05,0.00000000e+00,0.00000000e+00,7.44395961e-01,2.94910591e-02,2.95138152e+03,1.37515594e+02,6.47470282e-04,3.26536309e-05,0.00000000e+00,0.00000000e+00,6.29867874e+00,1.89494073e-01
1.15250000e+02,5.62014314e-04,2.66364249e-05,0.00000000e+00,0.00000000e+00,9.84096125e-05,1.12666301e-05,0.00000000e+00,0.00000000e+00,7.51526368e-01,2.91418741e-02,2.99776712e+03,1.34345035e+02,6.60422882e-04,3.28250808e-05,0.00000000e+00,0.00000000e+00,0.00000000e+00,0.00000000e+00
1.15350000e+02,5.60085856e-04,3.13949541e-05,0.00000000e+00,0.00000000e+00,9.89924388e-05,1.12892250e-05,0.00000000e+00,0.00000000e+00,7.50003480e-01,3.10365778e-02,2.99342754e+03,1.57334858e+02,6.59077250e-04,3.69443430e-05,0.00000000e+00,0.00000000e+00,6.28047874e+00,1.87213136e-01
1.15450000e+02,5.49199865e-04,2.86847492e-05,0.00000000e+00,0.00000000e+00,9.50750503e-05,9.63453278e-06,0.00000000e+00,0.00000000e+00,7.44198930e-01,2.99544208e-02,2.93839586e+03,1.44719502e+02,6.44273870e-04,3.35350787e-05,0.00000000e+00,0.00000000e+00,0.00000000e+00,0.00000000e+00
1.15550000e+02,5.50974869e-04,2.85923766e-05,0.00000000e+00,0.00000000e+00,1.15482708e-04,2.35997565e-05,0.00000000e+00,0.00000000e+00,7.42674114e-01,3.04058598e-02,2.93922945e+03,1.44508428e+02,6.66456531e-04,4.45053172e-05,0.00000000e+00,0.00000000e+00,6.27407874e+00,1.88002020e-01
1.15650000e+02,5.45164432e-04,2.81862316e-05,0.00000000e+00,0.00000000e+00,1.78924256e-04,8.75795678e-05,0.00000000e+00,0.00000000e+00,7.43418655e-01,3.11823460e-02,2.91291830e+03,1.42722678e+02,7.24087642e-04,1.02906303e-04,0.00000000e+00,0.00000000e+00,0.00000000e+00,0.00000000e+00
1.15750000e+02,5.26967004e-04,2.53748006e-05,0.00000000e+00,0.00000000e+00,9.16373940e-05,8.02073033e-06,0.00000000e+00,0.00000000e+00,7.22596817e-01,2.90432127e-02,2.82337518e+03,1.28869832e+02,6.18603346e-04,2.70005398e-05,0.00000000e+00,0.00000000e+00,6.27627874e+00,1.90137981e-01
1.15850000e+02,5.33983859e-04,2.50056155e-05,0.00000000e+00,0.00000000e+00,8.59124002e-05,6.07516729e-06,0.00000000e+00,0.00000000e+00,7.31151144e-01,2.89717389e-02,2.85728650e+03,1.25626550e+02,6.19895210e-04,2.68156422e-05,0.00000000e+00,0.00000000e+00,0.00000000e+00,0.00000000e+00
1.15950000e+02,5.39535042e-04,2.63941852e-05,0.00000000e+00,0.00000000e+00,8.10641266e-05,5.41446430e-06,0.00000000e+00,0.00000000e+00,7.30559438e-01,2.82419208e-02,2.88154399e+03,1.32057659e+02,6.20598119e-04,2.80844973e-05,0.00000000e+00,0.00000000e+00,6.25387874e+00,1.89705391e-01
1.16050000e+02,5.37788256e-04,2.57098213e-05,0.00000000e+00,0.00000000e+00,8.59785155e-05,7.19108745e-06,0.00000000e+00,0.00000000e+00,7.30704687e-01,2.82579921e-02,2.87101852e+03,1.29034360e+02,6.23765721e-04,2.82956076e-05,0.00000000e+00,0.00000000e+00,0.00000000e+00,0.00000000e+00
1.16150000e+02,5.39619066e-04,2.68318985e-05,0.00000000e+00,0.00000000e+00,9.69420471e-05,1.69047222e-05,0.00000000e+00,0.00000000e+00,7.27997268e-01,2.71080664e-02,2.88186485e+03,1.33303258e+02,6.36560063e-04,3.42836275e-05,0.00000000e+00,0.00000000e+00,6.24017449e+00,1.90487865e-01
1.16250000e+02,5.38517496e-04,2.58947736e-05,0.00000000e+00,0.00000000e+00,8.71510293e-05,7.83213245e-06,0.00000000e+00,0.00000000e+00,7.26069003e-01,2.72806727e-02,2.87143932e+03,1.29664160e+02,6.25667475e-04,2.95193659e-05,0.00000000e+00,0.00000000e+00,0.00000000e+00,0.00000000e+00
1.16350000e+02,5.46078393e-04,2.61726300e-05,0.00000000e+00,0.00000000e+00,8.51555621e-05,6.14567313e-06,0.00000000e+00,0.00000000e+00,7.33459662e-01,2.76049614e-02,2.90887007e+03,1.31913402e+02,6.31232906e-04,2.90749251e-05,0.00000000e+00,0.00000000e+00,6.21137449e+00,1.90747925e-01
1.16450000e+02,5.46270455e-04,2.84215388e-05,0.00000000e+00,0.00000000e+00,8.55848532e-05,6.10336582e-06,0.00000000e+00,0.00000000e+00,7.32122488e-01,2.90342344e-02,2.90818375e+03,1.42787089e+02,6.31854259e-04,3.08301120e-05,0.00000000e+00,0.00000000e+00,0.00000000e+00,0.00000000e+00
1.16550000e+02,5.39061592e-04,2.63889433e-05,0.00000000e+00,0.00000000e+00,8.43205745e-05,6.28506237e-06,0.00000000e+00,0.00000000e+00,7.24989711e-01,2.83272723e-02,2.87630636e+03,1.33905429e+02,6.23381115e-04,2.83344870e-05,0.00000000e+00,0.00000000e+00,6.20407023e+00,1.90214521e-01
1.16650000e+02,5.40503591e-04,2.64968130e-05,0.00000000e+00,0.00000000e+00,8.57008490e-05,6.28652441e-06,0.00000000e+00,0.00000000e+00,7.30747184e-01,2.86990070e-02,2.89073983e+03,1.35336071e+02,6.26203391e-04,2.85764838e-05,0.00000000e+00,0.00000000e+00,0.00000000e+00,0.00000000e+00
1.16750000e+02,5.28377396e-04,2.62156511e-05,0.00000000e+00,0.00000000e+00,1.11180043e-04,2.76077112e-05,0.00000000e+00,0.00000000e+00,7.24124961e-01,2.85908474e-02,2.83423365e+03,1.34872829e+02,6.39556388e-04,3.63868486e-05,0.00000000e+00,0.00000000e+00,6.18597449e+00,1.88457680e-01
1.16850000e+02,5.23598259e-04,2.67528167e-05,0.00000000e+00,0.00000000e+00,8.55355787e-05,6.29153895e-06,0.00000000e+00,0.00000000e+00,7.22349996e-01,3.10206789e-02,2.80797603e+03,1.36823081e+02,6.09132786e-04,2.85079163e-05,0.00000000e+00,0.00000000e+00,0.00000000e+00,0.00000000e+00
1.16950000e+02,5.35427850e-04,2.93001714e-05,0.00000000e+00,0.00000000e+00,9.09033370e-05,8.51317976e-06,0.00000000e+00,0.00000000e+00,7.27775263e-01,2.92566862e-02,2.85481699e+03,1.46817395e+02,6.26330137e-04,3.16790130e-05,0.00000000e+00,0.00000000e+00,6.16347874e+00,1.88667455e-01
1.17050000e+02,5.10816175e-04,2.34741275e-05,0.00000000e+00,0.00000000e+00,1.00424255e-04,1.16906891e-05,0.00000000e+00,0.00000000e+00,7.09128706e-01,2.72518071e-02,2.73168934e+03,1.18682976e+02,6.11239374e-04,2.73751836e-05,0.00000000e+00,0.00000000e+00,0.00000000e+00,0.00000000e+00
1.17150000e+02,5.08979213e-04,2.23978538e-05,0.00000000e+00,0.00000000e+00,9.46345050e-05,1.11648327e-05,0.00000000e+00,0.00000000e+00,7.02423428e-01,2.53033755e-02,2.71533442e+03,1.12664166e+02,6.03612660e-04,2.65519305e-05,0.00000000e+00,0.00000000e+00,6.14827874e+00,1.89797545e-01
1.17250000e+02,5.12634167e-04,2.18980156e-05,0.00000000e+00,0.00000000e+00,1.03202077e-04,1.39995253e-05,0.00000000e+00,0.00000000e+00,7.03473164e-01,2.52727210e-02,2.73358470e+03,1.10574834e+02,6.15835186e-04,2.67492956e-05,0.00000000e+00,0.00000000e+00,0.00000000e+00,0.00000000e+00
1.17350000e+02,5.12855186e-04,2.30049158e-05,0.00000000e+00,0.00000000e+00,9.24435278e-05,9.85912837e-06,0.00000000e+00,0.00000000e+00,6.98578444e-01,2.51672288e-02,2.73152589e+03,1.15483587e+02,6.05297655e-04,2.56332712e-05,0.00000000e+00,0.00000000e+00,6.12527874e+00,1.87020623e-01
1.17450000e+02,5.25437083e-04,2.63152340e-05,0.00000000e+00,0.00000000e+00,1.08895007e-04,1.38719009e-05,0.00000000e+00,0.00000000e+00,7.10137571e-01,2.72766847e-02,2.79367761e+03,1.32774324e+02,6.34331035e-04,3.12582091e-05,0.00000000e+00,0.00000000e+00,0.00000000e+00,0.00000000e+00
1.17550000e+02,5.11770342e-04,2.43766468e-05,0.00000000e+00,0.00000000e+00,1.01013735e-04,1.34028651e-05,0.00000000e+00,0.00000000e+00,6.97212417e-01,2.62029606e-02,2.72430568e+03,1.22890230e+02,6.12783017e-04,2.81131151e-05,0.00000000e+00,0.00000000e+00,6.12547874e+00,1.86486992e-01
1.17650000e+02,4.98994568e-04,2.29696178e-05,0.00000000e+00,0.00000000e+00,9.48657962e-05,9.60048495e-06,0.00000000e+00,0.00000000e+00,6.86994876e-01,2.59418834e-02,2.66122564e+03,1.16561705e+02,5.93859303e-04,2.53169522e-05,0.00000000e+00,0.00000000e+00,0.00000000e+00,0.00000000e+00
1.17750000e+02,4.99328731e-04,2.32451617e-05,0.00000000e+00,0.00000000e+00,1.01380530e-04,1.42461086e-05,0.00000000e+00,0.00000000e+00,6.86227174e-01,2.63027781e-02,2.66398310e+03,1.19008005e+02,6.00708199e-04,2.77407855e-05,0.00000000e+00,0.00000000e+00,6.11047874e+00,1.85301749e-01
1.17850000e+02,5.01759592e-04,2.38396284e-05,0.00000000e+00,0.00000000e+00,1.16273144e-04,1.66030891e-05,0.00000000e+00,0.00000000e+00,6.85559569e-01,2.57962510e-02,2.67499584e+03,1.21374402e+02,6.18031673e-04,3.00375484e-05,0.00000000e+00,0.00000000e+00,0.00000000e+00,0.00000000e+00
1.17950000e+02,4.92063515e-04,1.98619413e-05,0.00000000e+00,0.00000000e+00,1.24118512e-04,1.61114598e-05,0.00000000e+00,0.00000000e+00,6.74621231e-01,2.48263358e-02,2.62378839e+03,1.02548901e+02,6.16180962e-04,2.63494427e-05,0.00000000e+00,0.00000000e+00,6.09698299e+00,1.85348327e-01
1.18050000e+02,4.89736932e-04,2.06057345e-05,0.00000000e+00,0.00000000e+00,1.80143461e-04,5.02685770e-05,0.00000000e+00,0.00000000e+00,6.74191421e-01,2.44373213e-02,2.61258832e+03,1.05590186e+02,6.69879328e-04,5.69803040e-05,0.00000000e+00,0.00000000e+00,0.00000000e+00,0.00000000e+00
1.18150000e+02,5.08580358e-04,2.02842840e-05,0.00000000e+00,0.00000000e+00,1.38095012e-04,1.79026736e-05,0.00000000e+00,0.00000000e+00,6.93199529e-01,2.53818545e-02,2.70610241e+03,1.03696992e+02,6.46674310e-04,2.70476111e-05,0.00000000e+00,0.00000000e+00,6.07618299e+00,1.85149506e-01
1.18250000e+02,5.12279253e-04,2.31053700e-05,0.00000000e+00,0.00000000e+00,1.21930377e-04,1.47900304e-05,0.00000000e+00,0.00000000e+00,6.94525556e-01,2.65081857e-02,2.72534507e+03,1.17576784e+02,6.34208570e-04,2.77621663e-05,0.00000000e+00,0.00000000e+00,0.00000000e+00,0.00000000e+00
1.18350000e+02,5.04169514e-04,2.09173915e-05,0.00000000e+00,0.00000000e+00,1.15330698e-04,1.51660946e-05,0.00000000e+00,0.00000000e+00,6.84172050e-01,2.52091589e-02,2.68813777e+03,1.07043237e+02,6.19499148e-04,2.66886751e-05,0.00000000e+00,0.00000000e+00,6.06178299e+00,1.87084979e-01
1.18450000e+02,4.97879752e-04,2.06471725e-05,0.00000000e+00,0.00000000e+00,1.18067902e-04,1.57117292e-05,0.00000000e+00,0.00000000e+00,6.82927962e-01,2.60213607e-02,2.66693228e+03,1.06565725e+02,6.15946590e-04,2.90567533e-05,0.00000000e+00,0.00000000e+00,0.00000000e+00,0.00000000e+00
1.18550000e+02,4.86082435e-04,1.97465621e-05,0.00000000e+00,0.00000000e+00,1.16017997e-04,1.75768825e-05,0.00000000e+00,0.00000000e+00,6.69109937e-01,2.54892324e-02,2.60203267e+03,1.02113287e+02,6.02099365e-04,3.04297734e-05,0.00000000e+00,0.00000000e+00,6.04598299e+00,1.88688279e-01
1.18650000e+02,4.88296935e-04,1.90905091e-05,0.00000000e+00,0.00000000e+00,1.14401760e-04,1.74327646e-05,0.00000000e+00,0.00000000e+00,6.66935827e-01,2.46517105e-02,2.60603203e+03,9.81883014e+01,6.02697628e-04,2.99732346e-05,0.00000000e+00,0.00000000e+00,0.00000000e+00,0.00000000e+00
1.18750000e+02,4.94881185e-04,2.00135853e-05,0.00000000e+00,0.00000000e+00,1.20121071e-04,1.90945691e-05,0.00000000e+00,0.00000000e+00,6.70176792e-01,2.42292785e-02,2.63961119e+03,1.02206313e+02,6.15001189e-04,3.09822164e-05,0.00000000e+00,0.00000000e+00,6.04158299e+00,1.89207314e-01
1.18850000e+02,4.89216905e-04,1.93759099e-05,0.00000000e+00,0.00000000e+00,1.14936199e-04,1.74912194e-05,0.00000000e+00,0.00000000e+00,6.64085382e-01,2.41238031e-02,2.60491308e+03,9.94168883e+01,6.04152036e-04,3.02962576e-05,0.00000000e+00,0.00000000e+00,0.00000000e+00,0.00000000e+00
1.18950000e+02,4.87056884e-04,1.88806465e-05,0.00000000e+00,0.00000000e+00,1.19406697e-04,1.76605230e-05,0.00000000e+00,0.00000000e+00,6.64069240e-01,2.41958442e-02,2.59968943e+03,9.78998877e+01,6.06462512e-04,2.85633476e-05,0.00000000e+00,0.00000000e+00,6.01458299e+00,1.88471319e-01
1.19050000e+02,4.88984194e-04,2.04426621e-05,0.00000000e+00,0.00000000e+00,1.48480793e-04,4.10776922e-05,0.00000000e+00,0.00000000e+00,6.62930126e-01,2.58600243e-02,2.60943639e+03,1.06061277e+02,6.37463919e-04,5.23952205e-05,0.00000000e+00,0.00000000e+00,0.00000000e+00,0.00000000e+00
1.19150000e+02,4.93730030e-04,2.20781866e-05,0.00000000e+00,0.00000000e+00,1.13254968e-04,1.95730510e-05,0.00000000e+00,0.00000000e+00,6.65409264e-01,2.44695020e-02,2.63257135e+03,1.12052352e+02,6.06983930e-04,3.33737653e-05,0.00000000e+00,0.00000000e+00,6.00228724e+00,1.87594520e-01
1.19250000e+02,5.00867544e-04,2.23540329e-05,0.00000000e+00,0.00000000e+00,1.07990875e-04,1.76777392e-05,0.00000000e+00,0.00000000e+00,6.71019124e-01,2.57473680e-02,2.66397243e+03,1.13716551e+02,6.08857353e-04,3.04420643e-05,0.00000000e+00,0.00000000e+00,0.00000000e+00,0.00000000e+00
1.19350000e+02,4.78407214e-04,2.01594257e-05,0.00000000e+00,0.00000000e+00,1.21388988e-04,2.37879675e-05,0.00000000e+00,0.00000000e+00,6.53047132e-01,2.52653914e-02,2.55273985e+03,1.03261197e+02,5.99795131e-04,3.19023759e-05,0.00000000e+00,0.00000000e+00,5.98539149e+00,1.86249377e-01
1.19450000e+02,4.78561507e-04,2.06212621e-05,0.00000000e+00,0.00000000e+00,1.24357915e-04,2.40900209e-05,0.00000000e+00,0.00000000e+00,6.49630810e-01,2.53564572e-02,2.55807501e+03,1.05069194e+02,6.02918349e-04,3.24379061e-05,0.00000000e+00,0.00000000e+00,0.00000000e+00,0.00000000e+00
1.19550000e+02,4.67951581e-04,1.92557779e-05,0.00000000e+00,0.00000000e+00,1.06606898e-04,1.65254555e-05,0.00000000e+00,0.00000000e+00,6.36412719e-01,2.40515132e-02,2.50283728e+03,9.84076199e+01,5.74557403e-04,2.59822903e-05,0.00000000e+00,0.00000000e+00,5.95909575e+00,1.87746396e-01
1.19650000e+02,4.67952062e-04,1.89588933e-05,0.00000000e+00,0.00000000e+00,9.02193735e-05,1.07068395e-05,0.00000000e+00,0.00000000e+00,6.42058541e-01,2.45554697e-02,2.50154275e+03,9.70851631e+01,5.58170362e-04,2.00604231e-05,0.00000000e+00,0.00000000e+00,0.00000000e+00,0.00000000e+00
1.19750000e+02,4.80571677e-04,2.23761823e-05,0.00000000e+00,0.00000000e+00,9.64612525e-05,1.19151283e-05,0.00000000e+00,0.00000000e+00,6.46871772e-01,2.46019243e-02,2.56474763e+03,1.13346512e+02,5.77031857e-04,2.46008371e-05,0.00000000e+00,0.00000000e+00,5.95469574e+00,1.87752312e-01
1.19850000e+02,4.79418005e-04,2.12535297e-05,0.00000000e+00,0.00000000e+00,9.65781794e-05,1.28904525e-05,0.00000000e+00,0.00000000e+00,6.44769226e-01,2.38798040e-02,2.56029562e+03,1.07833588e+02,5.75995111e-04,2.32599247e-05,0.00000000e+00,0.00000000e+00,0.00000000e+00,0.00000000e+00
1.19950000e+02,4.71912145e-04,2.14313356e-05,0.00000000e+00,0.00000000e+00,1.01405800e-04,1.47507347e-05,0.00000000e+00,0.00000000e+00,6.36973985e-01,2.33535099e-02,2.51445201e+03,1.08429305e+02,5.73316870e-04,2.67697855e-05,0.00000000e+00,0.00000000e+00,5.94309574e+00,1.87604981e-01
1.20050000e+02,4.68843395e-04,2.04100667e-05,0.00000000e+00,0.00000000e+00,1.14388548e-04,2.57482521e-05,0.00000000e+00,0.00000000e+00,6.31421023e-01,2.32633945e-02,2.49942217e+03,1.03252558e+02,5.83230866e-04,3.54350949e-05,0.00000000e+00,0.00000000e+00,0.00000000e+00,0.00000000e+00
1.20150000e+02,4.70421694e-04,2.15533495e-05,0.00000000e+00,0.00000000e+00,1.18761602e-04,2.62269937e-05,0.00000000e+00,0.00000000e+00,6.26070051e-01,2.30916131e-02,2.51004239e+03,1.09655291e+02,5.89182232e-04,3.68715039e-05,0.00000000e+00,0.00000000e+00,5.92329574e+00,1.85626493e-01
1.20250000e+02,4.74806571e-04,2.12286437e-05,0.00000000e+00,0.00000000e+00,1.10739739e-04,2.54917776e-05,0.00000000e+00,0.00000000e+00,6.30056912e-01,2.21822010e-02,2.52564480e+03,1.07224149e+02,5.85545385e-04,3.49847697e-05,0.00000000e+00,0.00000000e+00,0.00000000e+00,0.00000000e+00
1.20350000e+02,4.72847069e-04,2.11516133e-05,0.00000000e+00,0.00000000e+00,8.34080372e-05,9.21167665e-06,0.00000000e+00,0.00000000e+00,6.38074661e-01,2.34124834e-02,2.52256616e+03,1.07509263e+02,5.56254184e-04,2.40221724e-05,0.00000000e+00,0.00000000e+00,5.90469574e+00,1.86268688e-01
1.20450000e+02,4.71288869e-04,2.08418651e-05,0.00000000e+00,0.00000000e+00,7.97530406e-05,7.89609527e-06,0.00000000e+00,0.00000000e+00,6.37500933e-01,2.42732647e-02,2.51929243e+03,1.08725093e+02,5.51040987e-04,2.25989442e-05,0.00000000e+00,0.00000000e+00,0.00000000e+00,0.00000000e+00
1.20550000e+02,4.73131972e-04,2.43194777e-05,0.00000000e+00,0.00000000e+00,7.93004501e-05,8.27083140e-06,0.00000000e+00,0.00000000e+00,6.26695825e-01,2.54556064e-02,2.52099314e+03,1.23064193e+02,5.52431497e-04,2.72433912e-05,0.00000000e+00,0.00000000e+00,5.87289574e+00,1.86326683e-01
1.20650000e+02,4.54678395e-04,2.00803788e-05,0.00000000e+00,0.00000000e+00,8.17831427e-05,9.34063374e-06,0.00000000e+00,0.00000000e+00,6.17519455e-01,2.43800071e-02,2.43172409e+03,1.04813255e+02,5.36460644e-04,2.31484006e-05,0.00000000e+00,0.00000000e+00,0.00000000e+00,0.00000000e+00
1.20750000e+02,4.53407850e-04,2.11691496e-05,0.00000000e+00,0.00000000e+00,7.94146915e-05,8.31297761e-06,0.00000000e+00,0.00000000e+00,6.20570873e-01,2.49669484e-02,2.42791008e+03,1.10017059e+02,5.32821703e-04,2.35036481e-05,0.00000000e+00,0.00000000e+00,5.86409574e+00,1.85552646e-01
1.20850000e+02,4.52566534e-04,2.11504947e-05,0.00000000e+00,0.00000000e+00,8.73624161e-05,9.55631385e-06,0.00000000e+00,0.00000000e+00,6.18042431e-01,2.46655758e-02,2.41727618e+03,1.08414077e+02,5.39928111e-04,2.52164418e-05,0.00000000e+00,0.00000000e+00,0.00000000e+00,0.00000000e+00
1.20950000e+02,4.50127428e-04,2.12877903e-05,0.00000000e+00,0.00000000e+00,1.05283823e-04,2.46731962e-05,0.00000000e+00,0.00000000e+00,6.11096489e-01,2.41336764e-02,2.40277841e+03,1.08680968e+02,5.55410410e-04,3.82795741e-05,0.00000000e+00,0.00000000e+00,5.84969574e+00,1.84598528e-01
1.21050000e+02,4.46900044e-04,2.05328641e-05,0.00000000e+00,0.00000000e+00,1.09601748e-04,2.72110669e-05,0.00000000e+00,0.00000000e+00,6.10150755e-01,2.34846434e-02,2.38638953e+03,1.05350816e+02,5.56500951e-04,4.08183396e-05,0.00000000e+00,0.00000000e+00,0.00000000e+00,0.00000000e+00
1.21150000e+02,4.55243304e-04,2.17452496e-05,0.00000000e+00,0.00000000e+00,8.08160203e-05,7.74260480e-06,0.00000000e+00,0.00000000e+00,6.10579645e-01,2.38648338e-02,2.42521022e+03,1.10896265e+02,5.36058482e-04,2.41546459e-05,0.00000000e+00,0.00000000e+00,5.84449574e+00,1.85795453e-01
1.21250000e+02,4.46512890e-04,2.14645558e-05,0.00000000e+00,0.00000000e+00,8.47248768e-05,1.11108618e-05,0.00000000e+00,0.00000000e+00,6.03302627e-01,2.34844461e-02,2.38239333e+03,1.09746190e+02,5.31236923e-04,2.52177551e-05,0.00000000e+00,0.00000000e+00,0.00000000e+00,0.00000000e+00
1.21350000e+02,4.49239509e-04,2.07711853e-05,0.00000000e+00,0.00000000e+00,9.29010670e-05,1.13299351e-05,0.00000000e+00,0.00000000e+00,6.04970781e-01,2.39717240e-02,2.39607372e+03,1.07264553e+02,5.42139733e-04,2.47948467e-05,0.00000000e+00,0.00000000e+00,5.82189574e+00,1.84895702e-01
1.21450000e+02,4.56781362e-04,2.19857546e-05,0.00000000e+00,0.00000000e+00,9.39121237e-05,1.12638970e-05,0.00000000e+00,0.00000000e+00,6.06527680e-01,2.41838588e-02,2.42586553e+03,1.11881969e+02,5.50692642e-04,2.60930675e-05,0.00000000e+00,0.00000000e+00,0.00000000e+00,0.00000000e+00
1.21550000e+02,4.49894561e-04,2.27713111e-05,0.00000000e+00,0.00000000e+00,9.14341980e-05,1.06331219e-05,0.00000000e+00,0.00000000e+00,5.96986627e-01,2.35749160e-02,2.39080951e+03,1.15523509e+02,5.41327913e-04,2.74188635e-05,0.00000000e+00,0.00000000e+00,5.80869574e+00,1.85194782e-01
1.21650000e+02,4.49118804e-04,2.18773458e-05,0.00000000e+00,0.00000000e+00,9.07800782e-05,9.34602457e-06,0.00000000e+00,0.00000000e+00,5.93070722e-01,2.35677748e-02,2.38178756e+03,1.10583965e+02,5.39898036e-04,2.55915732e-05,0.00000000e+00,0.00000000e+00,0.00000000e+00,0.00000000e+00
1.21750000e+02,4.47973592e-04,2.13361815e-05,0.00000000e+00,0.00000000e+00,9.50514409e-05,1.09241489e-05,0.00000000e+00,0.00000000e+00,6.02557716e-01,2.49505683e-02,2.38188470e+03,1.09237498e+02,5.43024189e-04,2.62523964e-05,0.00000000e+00,0.00000000e+00,5.80549574e+00,1.84636567e-01
1.21850000e+02,4.48388325e-04,2.20905666e-05,0.00000000e+00,0.00000000e+00,9.57666821e-05,1.27024287e-05,0.00000000e+00,0.00000000e+00,5.98503876e-01,2.54438791e-02,2.38320887e+03,1.13160287e+02,5.44154162e-04,2.75430263e-05,0.00000000e+00,0.00000000e+00,0.00000000e+00,0.00000000e+00
1.21950000e+02,4.43717712e-04,2.09713316e-05,0.00000000e+00,0.00000000e+00,9.45454606e-05,1.26301476e-05,0.00000000e+00,0.00000000e+00,5.95396488e-01,2.43090993e-02,2.35764894e+03,1.07190931e+02,5.38262327e-04,2.62358473e-05,0.00000000e+00,0.00000000e+00,5.79029574e+00,1.83057181e-01
1.22050000e+02,4.37681199e-04,2.05125080e-05,0.00000000e+00,0.00000000e+00,9.04824721e-05,1.27464256e-05,0.00000000e+00,0.00000000e+00,5.80873662e-01,2.29504058e-02,2.31770425e+03,1.04832628e+02,5.28162821e-04,2.58067341e-05,0.00000000e+00,0.00000000e+00,0.00000000e+00,0.00000000e+00
1.22150000e+02,4.28099006e-04,2.02835653e-05,0.00000000e+00,0.00000000e+00,9.06594514e-05,1.29394168e-05,0.00000000e+00,0.00000000e+00,5.80326234e-01,2.38619057e-02,2.27135595e+03,1.03386517e+02,5.18757607e-04,2.66662350e-05,0.00000000e+00,0.00000000e+00,5.77920000e+00,1.81880392e-01
1.22250000e+02,4.20703888e-04,2.14026169e-05,0.00000000e+00,0.00000000e+00,1.00250980e-04,1.46818249e-05,0.00000000e+00,0.00000000e+00,5.78013305e-01,2.56727745e-02,2.23690187e+03,1.08986527e+02,5.20954018e-04,2.91753331e-05,0.00000000e+00,0.00000000e+00,0.00000000e+00,0.00000000e+00
1.22350000e+02,4.22683247e-04,2.12858621e-05,0.00000000e+00,0.00000000e+00,9.56219591e-05,1.22923090e-05,0.00000000e+00,0.00000000e+00,5.74672252e-01,2.48922986e-02,2.24351153e+03,1.08149705e+02,5.18304354e-04,2.71961833e-05,0.00000000e+00,0.00000000e+00,5.76240000e+00,1.84030291e-01
1.22450000e+02,4.37824501e-04,2.18629780e-05,0.00000000e+00,0.00000000e+00,9.40250323e-05,1.15392997e-05,0.00000000e+00,0.00000000e+00,5.93003022e-01,2.57261405e-02,2.33070749e+03,1.11862294e+02,5.31848390e-04,2.69777277e-05,0.00000000e+00,0.00000000e+00,0.00000000e+00,0.00000000e+00
1.22550000e+02,4.27758736e-04,1.95590454e-05,0.00000000e+00,0.00000000e+00,9.34680807e-05,1.18427705e-05,0.00000000e+00,0.00000000e+00,5.79532760e-01,2.38803539e-02,2.26962737e+03,1.00496961e+02,5.21225537e-04,2.46670029e-05,0.00000000e+00,0.00000000e+00,5.75420000e+00,1.83801599e-01
1.22650000e+02,4.18900864e-04,1.96590831e-05,0.00000000e+00,0.00000000e+00,8.62172585e-05,1.13233076e-05,0.00000000e+00,0.00000000e+00,5.72971008e-01,2.36841321e-02,2.22851211e+03,1.01323038e+02,5.05116841e-04,2.40958042e-05,0.00000000e+00,0.00000000e+00,0.00000000e+00,0.00000000e+00
1.22750000e+02,4.21393068e-04,2.19437990e-05,0.00000000e+00,0.00000000e+00,8.18591110e-05,9.78306308e-06,0.00000000e+00,0.00000000e+00,5.68879691e-01,2.38368102e-02,2.23527919e+03,1.11678625e+02,5.03250896e-04,2.64279830e-05,0.00000000e+00,0.00000000e+00,5.74620000e+00,1.83380254e-01
1.22850000e+02,4.21138701e-04,2.13248968e-05,0.00000000e+00,0.00000000e+00,8.66289066e-05,9.60849400e-06,0.00000000e+00,0.00000000e+00,5.62562672e-01,2.26321431e-02,2.22932675e+03,1.07955410e+02,5.07766323e-04,2.55055020e-05,0.00000000e+00,0.00000000e+00,0.00000000e+00,0.00000000e+00
1.22950000e+02,4.19897863e-04,2.06583626e-05,0.00000000e+00,0.00000000e+00,1.00963150e-04,1.76297484e-05,0.00000000e+00,0.00000000e+00,5.62668184e-01,2.29098802e-02,2.22523858e+03,1.04964194e+02,5.20859728e-04,2.84148606e-05,0.00000000e+00,0.00000000e+00,5.72020000e+00,1.82933799e-01
1.23050000e+02,4.23783984e-04,1.93352866e-05,0.00000000e+00,0.00000000e+00,1.12951278e-04,2.13494063e-05,0.00000000e+00,0.00000000e+00,5.65342761e-01,2.21736351e-02,2.24296429e+03,9.83398080e+01,5.36733979e-04,3.04890177e-05,0.00000000e+00,0.00000000e+00,0.00000000e+00,0.00000000e+00
1.23150000e+02,4.17636042e-04,1.87069952e-05,0.00000000e+00,0.00000000e+00,1.17553851e-04,1.86986245e-05,0.00000000e+00,0.00000000e+00,5.56032088e-01,2.21161495e-02,2.21130392e+03,9.53822133e+01,5.35188607e-04,2.98553010e-05,0.00000000e+00,0.00000000e+00,5.70860000e+00,1.81251209e-01
1.23250000e+02,4.14033239e-04,1.92202782e-05,0.00000000e+00,0.00000000e+00,7.81778441e-05,9.31382908e-06,0.00000000e+00,0.00000000e+00,5.55179302e-01,2.23249300e-02,2.19665499e+03,9.83296393e+01,4.92209797e-04,2.36558888e-05,0.00000000e+00,0.00000000e+00,0.00000000e+00,0.00000000e+00
1.23350000e+02,4.12638953e-04,1.90335570e-05,0.00000000e+00,0.00000000e+00,7.30246176e-05,8.87642941e-06,0.00000000e+00,0.00000000e+00,5.61358592e-01,2.40722598e-02,2.19885735e+03,9.82947787e+01,4.85662463e-04,2.22789032e-05,0.00000000e+00,0.00000000e+00,5.70560000e+00,1.80831224e-01
1.23450000e+02,4.06180757e-04,1.69418237e-05,0.00000000e+00,0.00000000e+00,7.21223219e-05,9.26270743e-06,0.00000000e+00,0.00000000e+00,5.51719411e-01,2.24164487e-02,2.16188352e+03,8.73232652e+01,4.78302197e-04,2.04464617e-05,0.00000000e+00,0.00000000e+00,0.00000000e+00,0.00000000e+00
1.23550000e+02,4.07723296e-04,1.73762951e-05,0.00000000e+00,0.00000000e+00,7.25072969e-05,9.46383395e-06,0.00000000e+00,0.00000000e+00,5.45097956e-01,2.22425150e-02,2.16584809e+03,8.95248409e+01,4.80229710e-04,2.06890746e-05,0.00000000e+00,0.00000000e+00,5.69980000e+00,1.79961785e-01
1.23650000e+02,4.10086536e-04,1.81604749e-05,0.00000000e+00,0.00000000e+00,7.69853849e-05,1.04387048e-05,0.00000000e+00,0.00000000e+00,5.46373886e-01,2.17333320e-02,2.18011752e+03,9.26345472e+01,4.87071038e-04,2.16613927e-05,0.00000000e+00,0.00000000e+00,0.00000000e+00,0.00000000e+00
1.23750000e+02,4.09704629e-04,2.00714408e-05,0.00000000e+00,0.00000000e+00,7.67966179e-05,1.02080767e-05,0.00000000e+00,0.00000000e+00,5.44488665e-01,2.19922523e-02,2.18176962e+03,1.02363154e+02,4.86500363e-04,2.36114597e-05,0.00000000e+00,0.00000000e+00,5.68020000e+00,1.80680458e-01
1.23850000e+02,4.04507686e-04,1.82032152e-05,0.00000000e+00,0.00000000e+00,8.01091112e-05,1.15877694e-05,0.00000000e+00,0.00000000e+00,5.38445474e-01,2.17335848e-02,2.14825447e+03,9.41172192e+01,4.84615912e-04,2.27386968e-05,0.00000000e+00,0.00000000e+00,0.00000000e+00,0.00000000e+00
1.23950000e+02,4.00327752e-04,1.73171473e-05,0.00000000e+00,0.00000000e+00,8.30696407e-05,1.12498077e-05,0.00000000e+00,0.00000000e+00,5.43842971e-01,2.21058311e-02,2.12848124e+03,8.96816114e+01,4.83396509e-04,2.22129380e-05,0.00000000e+00,0.00000000e+00,5.67600000e+00,1.80521693e-01
1.24050000e+02,3.96363567e-04,1.71892210e-05,0.00000000e+00,0.00000000e+00,8.27463489e-05,1.11215108e-05,0.00000000e+00,0.00000000e+00,5.38833201e-01,2.07873699e-02,2.10868903e+03,8.84741325e+01,4.79109030e-04,2.23219533e-05,0.00000000e+00,0.00000000e+00,0.00000000e+00,0.00000000e+00
1.24150000e+02,3.95152123e-04,1.70931242e-05,0.00000000e+00,0.00000000e+00,7.35257516e-05,9.98610842e-06,0.00000000e+00,0.00000000e+00,5.30421895e-01,2.07047048e-02,2.10208154e+03,8.78059313e+01,4.68676987e-04,2.10915920e-05,0.00000000e+00,0.00000000e+00,5.66440000e+00,1.81661529e-01
1.24250000e+02,4.04428977e-04,1.67253421e-05,0.00000000e+00,0.00000000e+00,7.56091122e-05,1.08467190e-05,0.00000000e+00,0.00000000e+00,5.41195447e-01,2.08432688e-02,2.15116774e+03,8.57127919e+01,4.80037204e-04,2.19615289e-05,0.00000000e+00,0.00000000e+00,0.00000000e+00,0.00000000e+00
1.24350000e+02,4.08225383e-04,1.72934035e-05,0.00000000e+00,0.00000000e+00,8.73476142e-05,1.75680618e-05,0.00000000e+00,0.00000000e+00,5.42576288e-01,2.12510657e-02,2.16483562e+03,8.92231875e+01,4.95572117e-04,2.93552639e-05,0.00000000e+00,0.00000000e+00,5.65260000e+00,1.82213557e-01
1.24450000e+02,4.02526016e-04,1.81523874e-05,0.00000000e+00,0.00000000e+00,7.50485697e-05,9.50236591e-06,0.00000000e+00,0.00000000e+00,5.35097136e-01,2.18646477e-02,2.13019031e+03,9.28435585e+01,4.77573711e-04,2.14503347e-05,0.00000000e+00,0.00000000e+00,0.00000000e+00,0.00000000e+00
1.24550000e+02,4.04832009e-04,1.79630639e-05,0.00000000e+00,0.00000000e+00,7.62193222e-05,9.45557725e-06,0.00000000e+00,0.00000000e+00,5.34277247e-01,2.17324877e-02,2.13884930e+03,9.14087148e+01,4.81050456e-04,2.15675649e-05,0.00000000e+00,0.00000000e+00,5.65540000e+00,1.81465061e-01
1.24650000e+02,3.96945196e-04,1.70516146e-05,0.00000000e+00,0.00000000e+00,6.68144392e-05,7.97744058e-06,0.00000000e+00,0.00000000e+00,5.22592495e-01,1.99710535e-02,2.09660838e+03,8.70312249e+01,4.63758757e-04,2.00454285e-05,0.00000000e+00,0.00000000e+00,0.00000000e+00,0.00000000e+00
1.24750000e+02,3.93926756e-04,1.71208060e-05,0.00000000e+00,0.00000000e+00,6.58765198e-05,8.19554876e-06,0.00000000e+00,0.00000000e+00,5.25048802e-01,2.08844056e-02,2.08909479e+03,8.78398661e+01,4.59802399e-04,2.03541567e-05,0.00000000e+00,0.00000000e+00,5.64620000e+00,1.81187667e-01
1.24850000e+02,3.92338507e-04,1.81173416e-05,0.00000000e+00,0.00000000e+00,7.41764819e-05,1.15004099e-05,0.00000000e+00,0.00000000e+00,5.24203849e-01,2.12054380e-02,2.08452835e+03,9.25217675e+01,4.66514111e-04,2.17506292e-05,0.00000000e+00,0.00000000e+00,0.00000000e+00,0.00000000e+00
1.24950000e+02,3.88108265e-04,1.81988323e-05,0.00000000e+00,0.00000000e+00,7.18977502e-05,9.30252123e-06,0.00000000e+00,0.00000000e+00,5.21389597e-01,2.16844889e-02,2.06919401e+03,9.47469940e+01,4.60005137e-04,2.10136089e-05,0.00000000e+00,0.00000000e+00,5.63160000e+00,1.80181850e-01
1.25050000e+02,3.89023782e-04,1.72403051e-05,0.00000000e+00,0.00000000e+00,7.05634010e-05,9.72601879e-06,0.00000000e+00,0.00000000e+00,5.22981276e-01,2.17360926e-02,2.06840850e+03,8.87990869e+01,4.59586305e-04,2.05436867e-05,0.00000000e+00,0.00000000e+00,0.00000000e+00,0.00000000e+00
1.25150000e+02,3.96999138e-04,1.78444228e-05,0.00000000e+00,0.00000000e+00,6.92458454e-05,9.70287811e-06,0.00000000e+00,0.00000000e+00,5.27662923e-01,2.27206909e-02,2.10431906e+03,9.22276628e+01,4.66244107e-04,2.13469777e-05,0.00000000e+00,0.00000000e+00,5.62120000e+00,1.81221173e-01
1.25250000e+02,3.99683969e-04,1.86170956e-05,0.00000000e+00,0.00000000e+00,7.56201617e-05,1.28677474e-05,0.00000000e+00,0.00000000e+00,5.24411584e-01,2.32009330e-02,2.11327589e+03,9.59225375e+01,4.75303253e-04,2.49062750e-05,0.00000000e+00,0.00000000e+00,0.00000000e+00,0.00000000e+00
1.25350000e+02,3.90446131e-04,1.83308634e-05,0.00000000e+00,0.00000000e+00,6.91179739e-05,1.00279641e-05,0.00000000e+00,0.00000000e+00,5.19314914e-01,2.33648186e-02,2.06951260e+03,9.44085874e+01,4.59563226e-04,2.22454631e-05,0.00000000e+00,0.00000000e+00,5.61120000e+00,1.81004147e-01
1.25450000e+02,3.84048180e-04,1.84325076e-05,0.00000000e+00,0.00000000e+00,6.27853872e-05,7.55278868e-06,0.00000000e+00,0.00000000e+00,5.17618244e-01,2.40503104e-02,2.04141058e+03,9.50304932e+01,4.46832688e-04,2.14235537e-05,0.00000000e+00,0.00000000e+00,0.00000000e+00,0.00000000e+00
1.25550000e+02,3.76271324e-04,1.87437046e-05,0.00000000e+00,0.00000000e+00,6.01700155e-05,7.20906041e-06,0.00000000e+00,0.00000000e+00,5.09131622e-01,2.24311415e-02,1.99913937e+03,9.51333169e+01,4.36440458e-04,2.18836781e-05,0.00000000e+00,0.00000000e+00,5.59700000e+00,1.79878247e-01
1.25650000e+02,3.71067332e-04,1.82377414e-05,0.00000000e+00,0.00000000e+00,6.07394708e-05,8.36196163e-06,0.00000000e+00,0.00000000e+00,5.01021971e-01,2.07688873e-02,1.97037890e+03,9.20294704e+01,4.31805919e-04,2.15883535e-05,0.00000000e+00,0.00000000e+00,0.00000000e+00,0.00000000e+00
1.25750000e+02,3.67236264e-04,1.76494624e-05,0.00000000e+00,0.00000000e+00,6.26400442e-05,9.04028164e-06,0.00000000e+00,0.00000000e+00,4.97283283e-01,2.13805652e-02,1.94889193e+03,8.93175360e+01,4.29875424e-04,2.15675356e-05,0.00000000e+00,0.00000000e+00,5.59060000e+00,1.80176197e-01
1.25850000e+02,3.72619332e-04,1.88826928e-05,0.00000000e+00,0.00000000e+00,6.96002257e-05,9.58867266e-06,0.00000000e+00,0.00000000e+00,5.04542129e-01,2.30064599e-02,1.97935862e+03,9.61788626e+01,4.42218675e-04,2.26764764e-05,0.00000000e+00,0.00000000e+00,0.00000000e+00,0.00000000e+00
1.25950000e+02,3.76758287e-04,1.88004022e-05,0.00000000e+00,0.00000000e+00,7.13096993e-05,1.04398189e-05,0.00000000e+00,0.00000000e+00,5.10064059e-01,2.31983185e-02,1.99715915e+03,9.57799246e+01,4.48067105e-04,2.21737076e-05,0.00000000e+00,0.00000000e+00,5.57780000e+00,1.79900946e-01
1.26050000e+02,3.69044994e-04,1.68835404e-05,0.00000000e+00,0.00000000e+00,6.63199761e-05,7.05580660e-06,0.00000000e+00,0.00000000e+00,5.03184368e-01,2.21780449e-02,1.95860530e+03,8.58986394e+01,4.35364087e-04,1.99882517e-05,0.00000000e+00,0.00000000e+00,0.00000000e+00,0.00000000e+00
1.26150000e+02,3.66477221e-04,1.60252725e-05,0.00000000e+00,0.00000000e+00,6.54885694e-05,7.34782992e-06,0.00000000e+00,0.00000000e+00,5.01274175e-01,2.07718438e-02,1.94065855e+03,8.16383687e+01,4.31964907e-04,2.03689840e-05,0.00000000e+00,0.00000000e+00,5.56520000e+00,1.81196982e-01
1.26250000e+02,3.77336239e-04,1.88691768e-05,0.00000000e+00,0.00000000e+00,6.56260067e-05,6.43953996e-06,0.00000000e+00,0.00000000e+00,4.99339494e-01,2.04406379e-02,1.99322280e+03,9.46663159e+01,4.42961362e-04,2.12015713e-05,0.00000000e+00,0.00000000e+00,0.00000000e+00,0.00000000e+00
1.26350000e+02,3.75564885e-04,1.58637367e-05,0.00000000e+00,0.00000000e+00,6.43156211e-05,6.82548102e-06,0.00000000e+00,0.00000000e+00,4.98484776e-01,1.97188671e-02,1.97736143e+03,8.07905516e+01,4.39879621e-04,1.95032271e-05,0.00000000e+00,0.00000000e+00,5.56640000e+00,1.81022439e-01
1.26450000e+02,3.70159921e-04,1.74610164e-05,0.00000000e+00,0.00000000e+00,6.49069902e-05,7.45826222e-06,0.00000000e+00,0.00000000e+00,4.91686275e-01,2.06962284e-02,1.95039390e+03,8.91494250e+01,4.35066025e-04,2.06297846e-05,0.00000000e+00,0.00000000e+00,0.00000000e+00,0.00000000e+00
1.26550000e+02,3.65059119e-04,1.67955672e-05,0.00000000e+00,0.00000000e+00,6.45937498e-05,7.94668790e-06,0.00000000e+00,0.00000000e+00,4.89103813e-01,2.05787400e-02,1.92632540e+03,8.59971575e+01,4.29651981e-04,2.00504400e-05,0.00000000e+00,0.00000000e+00,5.55580000e+00,1.79420858e-01
1.26650000e+02,3.65106950e-04,1.76969469e-05,0.00000000e+00,0.00000000e+00,6.15377612e-05,6.58682585e-06,0.00000000e+00,0.00000000e+00,4.86941444e-01,2.08596596e-02,1.92484701e+03,8.88764002e+01,4.26643824e-04,1.96079959e-05,0.00000000e+00,0.00000000e+00,0.00000000e+00,0.00000000e+00
1.26750000e+02,3.62281670e-04,1.68361274e-05,0.00000000e+00,0.00000000e+00,6.03843495e-05,5.67473485e-06,0.00000000e+00,0.00000000e+00,4.85643824e-01,1.95673623e-02,1.91044396e+03,8.41633512e+01,4.22665132e-04,1.85485126e-05,0.00000000e+00,0.00000000e+00,5.54320000e+00,1.80101885e-01
1.26850000e+02,3.55830469e-04,1.51574900e-05,0.00000000e+00,0.00000000e+00,5.54065360e-05,4.35721354e-06,0.00000000e+00,0.00000000e+00,4.81481737e-01,2.00697758e-02,1.88010684e+03,7.73750351e+01,4.11236115e-04,1.75053209e-05,0.00000000e+00,0.00000000e+00,0.00000000e+00,0.00000000e+00
1.26950000e+02,3.58118020e-04,1.49456467e-05,0.00000000e+00,0.00000000e+00,5.85442640e-05,4.89319391e-06,0.00000000e+00,0.00000000e+00,4.88289615e-01,2.09755533e-02,1.89925604e+03,7.80146699e+01,4.16661396e-04,1.74697172e-05,0.00000000e+00,0.00000000e+00,5.52900000e+00,1.80744323e-01
1.27050000e+02,3.47719799e-04,1.51194726e-05,0.00000000e+00,0.00000000e+00,5.63145938e-05,5.68683640e-06,0.00000000e+00,0.00000000e+00,4.74165044e-01,1.93430106e-02,1.83586184e+03,7.77595383e+01,4.04033502e-04,1.79142322e-05,0.00000000e+00,0.00000000e+00,0.00000000e+00,0.00000000e+00
1.27150000e+02,3.50013407e-04,1.44455387e-05,0.00000000e+00,0.00000000e+00,5.73395212e-05,5.83979461e-06,0.00000000e+00,0.00000000e+00,4.83457894e-01,2.04431777e-02,1.85217637e+03,7.55079567e+01,4.07352040e-04,1.76408829e-05,0.00000000e+00,0.00000000e+00,5.51160000e+00,1.79059074e-01
1.27250000e+02,3.46264359e-04,1.48951328e-05,0.00000000e+00,0.00000000e+00,6.30721673e-05,6.87434272e-06,0.00000000e+00,0.00000000e+00,4.74504095e-01,1.96846358e-02,1.82989082e+03,7.72706581e+01,4.09335636e-04,1.81142943e-05,0.00000000e+00,0.00000000e+00,0.00000000e+00,0.00000000e+00
1.27350000e+02,3.49754824e-04,1.65606066e-05,0.00000000e+00,0.00000000e+00,6.61063519e-05,7.87169785e-06,0.00000000e+00,0.00000000e+00,4.71376907e-01,1.86947624e-02,1.84798860e+03,8.44041249e+01,4.15860284e-04,1.99730337e-05,0.00000000e+00,0.00000000e+00,5.50020000e+00,1.79302843e-01
1.27450000e+02,3.47748431e-04,1.59497366e-05,0.00000000e+00,0.00000000e+00,8.21687142e-05,1.19529479e-05,0.00000000e+00,0.00000000e+00,4.70169980e-01,1.83149946e-02,1.83901329e+03,8.03437046e+01,4.29916254e-04,2.28442531e-05,0.00000000e+00,0.00000000e+00,0.00000000e+00,0.00000000e+00
1.27550000e+02,3.46413472e-04,1.49383611e-05,0.00000000e+00,0.00000000e+00,7.67506452e-05,1.09933995e-05,0.00000000e+00,0.00000000e+00,4.70997996e-01,1.87855643e-02,1.83517975e+03,7.63148685e+01,4.23163225e-04,2.16777348e-05,0.00000000e+00,0.00000000e+00,5.48320000e+00,1.78558043e-01
1.27650000e+02,3.48442498e-04,1.67417724e-05,0.00000000e+00,0.00000000e+00,8.06204307e-05,1.14628874e-05,0.00000000e+00,0.00000000e+00,4.68471236e-01,1.99580634e-02,1.84394981e+03,8.57902181e+01,4.29062037e-04,2.29626444e-05,0.00000000e+00,0.00000000e+00,0.00000000e+00,0.00000000e+00
1.27750000e+02,3.51888206e-04,1.72300521e-05,0.00000000e+00,0.00000000e+00,8.34828702e-05,1.25547313e-05,0.00000000e+00,0.00000000e+00,4.70583675e-01,2.04864612e-02,1.86450769e+03,8.86311934e+01,4.35370185e-04,2.33206490e-05,0.00000000e+00,0.00000000e+00,5.47980000e+00,1.76875257e-01
1.27850000e+02,3.44291817e-04,1.62274315e-05,0.00000000e+00,0.00000000e+00,8.00242409e-05,1.29925563e-05,0.00000000e+00,0.00000000e+00,4.64951501e-01,1.97707784e-02,1.82061273e+03,8.42223728e+01,4.24315165e-04,2.29196834e-05,0.00000000e+00,0.00000000e+00,0.00000000e+00,0.00000000e+00
1.27950000e+02,3.41849542e-04,1.67323077e-05,0.00000000e+00,0.00000000e+00,7.43473733e-05,1.31922743e-05,0.00000000e+00,0.00000000e+00,4.64705836e-01,2.00858509e-02,1.80641315e+03,8.66198388e+01,4.16196022e-04,2.42793932e-05,0.00000000e+00,0.00000000e+00,5.47380000e+00,1.77261686e-01
1.28050000e+02,3.38022679e-04,1.68906837e-05,0.00000000e+00,0.00000000e+00,7.78241161e-05,1.30308008e-05,0.00000000e+00,0.00000000e+00,4.60853874e-01,2.04559730e-02,1.78816518e+03,8.82584771e+01,4.15845900e-04,2.43213788e-05,0.00000000e+00,0.00000000e+00,0.00000000e+00,0.00000000e+00
1.28150000e+02,3.37187541e-04,1.72985668e-05,0.00000000e+00,0.00000000e+00,7.89452478e-05,1.48528381e-05,0.00000000e+00,0.00000000e+00,4.55165747e-01,1.95186189e-02,1.78411597e+03,8.97338835e+01,4.16131893e-04,2.59528584e-05,0.00000000e+00,0.00000000e+00,5.46400000e+00,1.77257567e-01
1.28250000e+02,3.34236834e-04,1.65167889e-05,0.00000000e+00,0.00000000e+00,8.03132230e-05,1.38250829e-05,0.00000000e+00,0.00000000e+00,4.49508815e-01,1.95013185e-02,1.76549338e+03,8.52997018e+01,4.14549160e-04,2.38277895e-05,0.00000000e+00,0.00000000e+00,0.00000000e+00,0.00000000e+00
1.28350000e+02,3.25363683e-04,1.67285427e-05,0.00000000e+00,0.00000000e+00,7.31778837e-05,9.78102710e-06,0.00000000e+00,0.00000000e+00,4.43018192e-01,1.93619165e-02,1.72766766e+03,8.73768585e+01,3.98540667e-04,2.19670911e-05,0.00000000e+00,0.00000000e+00,5.44960000e+00,1.79072431e-01
1.28450000e+02,3.22361312e-04,1.58076608e-05,0.00000000e+00,0.00000000e+00,6.82161850e-05,8.21613304e-06,0.00000000e+00,0.00000000e+00,4.39602175e-01,1.86365524e-02,1.70791507e+03,8.28353858e+01,3.90576596e-04,1.92654684e-05,0.00000000e+00,0.00000000e+00,0.00000000e+00,0.00000000e+00
1.28550000e+02,3.18171242e-04,1.45053758e-05,0.00000000e+00,0.00000000e+00,6.75291235e-05,8.04981528e-06,0.00000000e+00,0.00000000e+00,4.32373110e-01,1.74921597e-02,1.68454759e+03,7.61769819e+01,3.85699463e-04,1.77669871e-05,0.00000000e+00,0.00000000e+00,5.44100000e+00,1.80378344e-01
1.28650000e+02,3.18675772e-04,1.40874521e-05,0.00000000e+00,0.00000000e+00,9.11940044e-05,2.82629025e-05,0.00000000e+00,0.00000000e+00,4.34979931e-01,1.75965846e-02,1.68793900e+03,7.43119557e+01,4.09868874e-04,3.20416713e-05,0.00000000e+00,0.00000000e+00,0.00000000e+00,0.00000000e+00
1.28750000e+02,3.15873459e-04,1.53718992e-05,0.00000000e+00,0.00000000e+00,6.33573958e-05,7.47750408e-06,0.00000000e+00,0.00000000e+00,4.29915433e-01,1.78477575e-02,1.67233154e+03,7.99949524e+01,3.79229952e-04,1.89248469e-05,0.00000000e+00,0.00000000e+00,5.42600000e+00,1.80825093e-01
1.28850000e+02,3.14579311e-04,1.63307731e-05,0.00000000e+00,0.00000000e+00,7.12801816e-05,1.20310223e-05,0.00000000e+00,0.00000000e+00,4.22236888e-01,1.76353291e-02,1.66154106e+03,8.34902600e+01,3.85858587e-04,2.15989218e-05,0.00000000e+00,0.00000000e+00,0.00000000e+00,0.00000000e+00
1.28950000e+02,3.14728714e-04,1.65549315e-05,0.00000000e+00,0.00000000e+00,8.21394344e-05,1.73648087e-05,0.00000000e+00,0.00000000e+00,4.18668039e-01,1.70144319e-02,1.66099477e+03,8.38554068e+01,3.96867242e-04,2.35546706e-05,0.00000000e+00,0.00000000e+00,5.43300000e+00,1.80426988e-01
1.29050000e+02,3.23131330e-04,1.50199726e-05,0.00000000e+00,0.00000000e+00,7.06702636e-05,1.34028352e-05,0.00000000e+00,0.00000000e+00,4.31030014e-01,1.80495913e-02,1.71001317e+03,7.74139895e+01,3.93800691e-04,2.06176702e-05,0.00000000e+00,0.00000000e+00,0.00000000e+00,0.00000000e+00
1.29150000e+02,3.16049301e-04,1.39359599e-05,0.00000000e+00,0.00000000e+00,8.01986097e-05,1.57278143e-05,0.00000000e+00,0.00000000e+00,4.28664536e-01,1.78709575e-02,1.67199491e+03,7.29065543e+01,3.96247007e-04,2.15612511e-05,0.00000000e+00,0.00000000e+00,5.43080000e+00,1.78921221e-01
1.29250000e+02,3.17863651e-04,1.33871229e-05,0.00000000e+00,0.00000000e+00,6.90028065e-05,1.03300415e-05,0.00000000e+00,0.00000000e+00,4.28071207e-01,1.66766066e-02,1.67356236e+03,6.91484987e+01,3.86865554e-04,1.65586145e-05,0.00000000e+00,0.00000000e+00,0.00000000e+00,0.00000000e+00
1.29350000e+02,3.12549547e-04,1.44912359e-05,0.00000000e+00,0.00000000e+00,5.13442738e-05,5.16325421e-06,0.00000000e+00,0.00000000e+00,4.22312162e-01,1.73005513e-02,1.64984680e+03,7.52810689e+01,3.63892916e-04,1.53556984e-05,0.00000000e+00,0.00000000e+00,5.42660000e+00,1.76996394e-01
1.29450000e+02,3.13538418e-04,1.44959451e-05,0.00000000e+00,0.00000000e+00,4.75576788e-05,4.53800634e-06,0.00000000e+00,0.00000000e+00,4.20616328e-01,1.78498963e-02,1.65548406e+03,7.59077641e+01,3.61095098e-04,1.55709796e-05,0.00000000e+00,0.00000000e+00,0.00000000e+00,0.00000000e+00
1.29550000e+02,3.17118388e-04,1.42877582e-05,0.00000000e+00,0.00000000e+00,4.90472561e-05,4.20307296e-06,0.00000000e+00,0.00000000e+00,4.21013238e-01,1.75771052e-02,1.67267044e+03,7.43058127e+01,3.66164634e-04,1.48732730e-05,0.00000000e+00,0.00000000e+00,5.41420000e+00,1.75061527e-01
1.29650000e+02,3.14709953e-04,1.39177837e-05,0.00000000e+00,0.00000000e+00,5.35779134e-05,8.01362017e-06,0.00000000e+00,0.00000000e+00,4.17150846e-01,1.72344493e-02,1.66255851e+03,7.33752159e+01,3.68286947e-04,1.61452034e-05,0.00000000e+00,0.00000000e+00,0.00000000e+00,0.00000000e+00
1.29750000e+02,3.19921387e-04,1.60768431e-05,0.00000000e+00,0.00000000e+00,4.30793415e-05,3.72732564e-06,0.00000000e+00,0.00000000e+00,4.15774682e-01,1.78199713e-02,1.68715660e+03,8.31599231e+01,3.62999809e-04,1.68536539e-05,0.00000000e+00,0.00000000e+00,5.39720000e+00,1.74365097e-01
1.29850000e+02,3.26530342e-04,1.77985615e-05,0.00000000e+00,0.00000000e+00,4.27724717e-05,3.68856859e-06,0.00000000e+00,0.00000000e+00,4.20371741e-01,1.75065177e-02,1.71863307e+03,8.94410663e+01,3.69301895e-04,1.82252420e-05,0.00000000e+00,0.00000000e+00,0.00000000e+00,0.00000000e+00
1.29950000e+02,3.17375089e-04,1.60634436e-05,0.00000000e+00,0.00000000e+00,4.49769048e-05,4.49338252e-06,0.00000000e+00,0.00000000e+00,4.18180457e-01,1.87162616e-02,1.66810238e+03,8.17296489e+01,3.62351075e-04,1.70885550e-05,0.00000000e+00,0.00000000e+00,5.37800000e+00,1.73860371e-01
1.30050000e+02,3.08661849e-04,1.55511379e-05,0.00000000e+00,0.00000000e+00,6.40505085e-05,1.35499196e-05,0.00000000e+00,0.00000000e+00,4.09579300e-01,1.79990876e-02,1.62147795e+03,7.93213466e+01,3.72711436e-04,2.01592775e-05,0.00000000e+00,0.00000000e+00,0.00000000e+00,0.00000000e+00
1.30150000e+02,3.01567307e-04,1.45231566e-05,0.00000000e+00,0.00000000e+00,8.18981166e-05,2.20222204e-05,0.00000000e+00,0.00000000e+00,4.07501621e-01,1.78122675e-02,1.58748746e+03,7.47595448e+01,3.83464501e-04,2.56002731e-05,0.00000000e+00,0.00000000e+00,5.35880000e+00,1.72741081e-01
1.30250000e+02,3.06961217e-04,1.60600522e-05,0.00000000e+00,0.00000000e+00,6.35466111e-05,1.24665284e-05,0.00000000e+00,0.00000000e+00,4.06819998e-01,1.80841495e-02,1.61528569e+03,8.19102352e+01,3.70506906e-04,2.23136686e-05,0.00000000e+00,0.00000000e+00,0.00000000e+00,0.00000000e+00
1.30350000e+02,3.05364231e-04,1.51702380e-05,0.00000000e+00,0.00000000e+00,6.70873918e-05,1.24534494e-05,0.00000000e+00,0.00000000e+00,4.03857866e-01,1.82471966e-02,1.60883772e+03,7.91170519e+01,3.72450700e-04,2.15899750e-05,0.00000000e+00,0.00000000e+00,5.34559999e+00,1.72470444e-01
1.30450000e+02,3.01759059e-04,1.39702012e-05,0.00000000e+00,0.00000000e+00,6.36968854e-05,1.22058776e-05,0.00000000e+00,0.00000000e+00,4.05465460e-01,1.72741360e-02,1.58973547e+03,7.24140069e+01,3.65455022e-04,2.10670283e-05,0.00000000e+00,0.00000000e+00,0.00000000e+00,0.00000000e+00
1.30550000e+02,3.04110777e-04,1.54604616e-05,0.00000000e+00,0.00000000e+00,6.23060170e-05,1.21200200e-05,0.00000000e+00,0.00000000e+00,4.03586819e-01,1.82620803e-02,1.59753788e+03,7.93954744e+01,3.66415871e-04,2.20746169e-05,0.00000000e+00,0.00000000e+00,5.33340000e+00,1.72599717e-01
1.30650000e+02,2.97576278e-04,1.48183046e-05,0.00000000e+00,0.00000000e+00,6.02835003e-05,1.19933993e-05,0.00000000e+00,0.00000000e+00,3.95077611e-01,1.82316721e-02,1.56619849e+03,7.60331056e+01,3.57858852e-04,2.16275358e-05,0.00000000e+00,0.00000000e+00,0.00000000e+00,0.00000000e+00
1.30750000e+02,3.02422503e-04,1.51972586e-05,0.00000000e+00,0.00000000e+00,5.75714709e-05,1.19213105e-05,0.00000000e+00,0.00000000e+00,3.95173526e-01,1.80308241e-02,1.58463994e+03,7.81065599e+01,3.59993048e-04,2.30535613e-05,0.00000000e+00,0.00000000e+00,5.32020000e+00,1.71265516e-01
1.30850000e+02,2.97503311e-04,1.47384103e-05,0.00000000e+00,0.00000000e+00,5.58489526e-05,1.12928865e-05,0.00000000e+00,0.00000000e+00,3.86377906e-01,1.70007620e-02,1.56021900e+03,7.55407187e+01,3.53351336e-04,2.17911188e-05,0.00000000e+00,0.00000000e+00,0.00000000e+00,0.00000000e+00
1.30950000e+02,2.94814886e-04,1.49029023e-05,0.00000000e+00,0.00000000e+00,5.86410468e-05,1.24605623e-05,0.00000000e+00,0.00000000e+00,3.83211571e-01,1.70604681e-02,1.54523929e+03,7.63608351e+01,3.53455005e-04,2.31947032e-05,0.00000000e+00,0.00000000e+00,5.31880000e+00,1.72273783e-01
1.31050000e+02,3.00339386e-04,1.66202164e-05,0.00000000e+00,0.00000000e+00,4.48890042e-05,4.43807016e-06,0.00000000e+00,0.00000000e+00,3.89394570e-01,1.82961714e-02,1.57257913e+03,8.47322813e+01,3.45227463e-04,1.81228849e-05,0.00000000e+00,0.00000000e+00,0.00000000e+00,0.00000000e+00
1.31150000e+02,2.88705020e-04,1.53289476e-05,0.00000000e+00,0.00000000e+00,4.61584010e-05,5.65158414e-06,0.00000000e+00,0.00000000e+00,3.81336355e-01,1.83351735e-02,1.51367859e+03,7.87766540e+01,3.34862492e-04,1.61791824e-05,0.00000000e+00,0.00000000e+00,5.30780000e+00,1.72388098e-01
1.31250000e+02,2.85707363e-04,1.52442612e-05,0.00000000e+00,0.00000000e+00,5.34534147e-05,7.80039307e-06,0.00000000e+00,0.00000000e+00,3.80559629e-01,1.77879630e-02,1.49977015e+03,7.80743269e+01,3.39159848e-04,1.70391794e-05,0.00000000e+00,0.00000000e+00,0.00000000e+00,0.00000000e+00
1.31350000e+02,2.85882550e-04,1.52125851e-05,0.00000000e+00,0.00000000e+00,5.29903483e-05,7.48152321e-06,0.00000000e+00,0.00000000e+00,3.81593806e-01,1.74282496e-02,1.50202946e+03,7.78590603e+01,3.38871969e-04,1.68013594e-05,0.00000000e+00,0.00000000e+00,5.28460000e+00,1.71031973e-01
1.31450000e+02,2.91142465e-04,1.70893901e-05,0.00000000e+00,0.00000000e+00,4.97165897e-05,7.51321277e-06,0.00000000e+00,0.00000000e+00,3.77663352e-01,1.78332214e-02,1.52281333e+03,8.73636357e+01,3.40858124e-04,1.88614767e-05,0.00000000e+00,0.00000000e+00,0.00000000e+00,0.00000000e+00
1.31550000e+02,2.79790470e-04,1.54399872e-05,0.00000000e+00,0.00000000e+00,5.70397200e-05,9.14792724e-06,0.00000000e+00,0.00000000e+00,3.71822644e-01,1.73345712e-02,1.47022680e+03,7.85688332e+01,3.36829258e-04,1.94650102e-05,0.00000000e+00,0.00000000e+00,5.27420000e+00,1.70805795e-01
1.31650000e+02,2.78947101e-04,1.57932083e-05,0.00000000e+00,0.00000000e+00,5.45503613e-05,8.79243183e-06,0.00000000e+00,0.00000000e+00,3.71518743e-01,1.81857976e-02,1.46643869e+03,8.07001917e+01,3.33496530e-04,1.90977547e-05,0.00000000e+00,0.00000000e+00,0.00000000e+00,0.00000000e+00
1.31750000e+02,2.86497412e-04,1.56737941e-05,0.00000000e+00,0.00000000e+00,6.06043637e-05,9.85344970e-06,0.00000000e+00,0.00000000e+00,3.73026603e-01,1.75932044e-02,1.50268463e+03,7.96372819e+01,3.47100844e-04,1.87314022e-05,0.00000000e+00,0.00000000e+00,5.26560000e+00,1.70567160e-01
1.31850000e+02,2.89838692e-04,1.59231912e-05,0.00000000e+00,0.00000000e+00,5.50284252e-05,7.88802047e-06,0.00000000e+00,0.00000000e+00,3.73516579e-01,1.73464833e-02,1.51853715e+03,8.10055399e+01,3.44866186e-04,1.81350036e-05,0.00000000e+00,0.00000000e+00,0.00000000e+00,0.00000000e+00
1.31950000e+02,2.84606461e-04,1.58456887e-05,0.00000000e+00,0.00000000e+00,5.17691089e-05,7.72817911e-06,0.00000000e+00,0.00000000e+00,3.73328325e-01,1.83248954e-02,1.49327430e+03,8.03547522e+01,3.36374639e-04,1.89088327e-05,0.00000000e+00,0.00000000e+00,5.24160000e+00,1.69677572e-01
1.32050000e+02,2.67225631e-04,1.47776911e-05,0.00000000e+00,0.00000000e+00,5.00176033e-05,7.54343606e-06,0.00000000e+00,0.00000000e+00,3.59279999e-01,1.72534176e-02,1.40645932e+03,7.56292998e+01,3.17242299e-04,1.72961349e-05,0.00000000e+00,0.00000000e+00,0.00000000e+00,0.00000000e+00
1.32150000e+02,2.62479676e-04,1.45113739e-05,0.00000000e+00,0.00000000e+00,5.04361435e-05,7.49915515e-06,0.00000000e+00,0.00000000e+00,3.53698065e-01,1.62685389e-02,1.38243219e+03,7.41028799e+01,3.12914883e-04,1.73396294e-05,0.00000000e+00,0.00000000e+00,5.22620000e+00,1.69661101e-01
1.32250000e+02,2.64821686e-04,1.43464579e-05,0.00000000e+00,0.00000000e+00,5.69943361e-05,9.41258409e-06,0.00000000e+00,0.00000000e+00,3.59940405e-01,1.71110608e-02,1.39440142e+03,7.44590479e+01,3.21815087e-04,1.86964251e-05,0.00000000e+00,0.00000000e+00,0.00000000e+00,0.00000000e+00
1.32350000e+02,2.63311114e-04,1.53798332e-05,0.00000000e+00,0.00000000e+00,6.61128533e-05,1.29050200e-05,0.00000000e+00,0.00000000e+00,3.55474490e-01,1.77774948e-02,1.38591443e+03,7.91589621e+01,3.29423031e-04,2.10927418e-05,0.00000000e+00,0.00000000e+00,5.22440000e+00,1.69929916e-01
1.32450000e+02,2.60019353e-04,1.40023707e-05,0.00000000e+00,0.00000000e+00,9.51731872e-05,2.50878989e-05,0.00000000e+00,0.00000000e+00,3.52276733e-01,1.62911082e-02,1.36907323e+03,7.17306146e+01,3.55191603e-04,2.80640213e-05,0.00000000e+00,0.00000000e+00,0.00000000e+00,0.00000000e+00
1.32550000e+02,2.61614032e-04,1.43552177e-05,0.00000000e+00,0.00000000e+00,7.25721875e-05,1.37762122e-05,0.00000000e+00,0.00000000e+00,3.54562025e-01,1.63963100e-02,1.37521770e+03,7.30567741e+01,3.34185283e-04,2.08260689e-05,0.00000000e+00,0.00000000e+00,5.21600000e+00,1.68551815e-01
1.32650000e+02,2.60151764e-04,1.33903600e-05,0.00000000e+00,0.00000000e+00,5.68842882e-05,1.03189626e-05,0.00000000e+00,0.00000000e+00,3.55200036e-01,1.55780934e-02,1.36823727e+03,6.80443416e+01,3.17035116e-04,1.85986793e-05,0.00000000e+00,0.00000000e+00,0.00000000e+00,0.00000000e+00
1.32750000e+02,2.59722588e-04,1.33496016e-05,0.00000000e+00,0.00000000e+00,5.54629496e-05,1.07443499e-05,0.00000000e+00,0.00000000e+00,3.52381083e-01,1.51961643e-02,1.36346687e+03,6.74984980e+01,3.15184601e-04,1.89035762e-05,0.00000000e+00,0.00000000e+00,5.21160000e+00,1.68603474e-01
1.32850000e+02,2.57402715e-04,1.31556308e-05,0.00000000e+00,0.00000000e+00,4.60890936e-05,5.87876471e-06,0.00000000e+00,0.00000000e+00,3.55352356e-01,1.60152716e-02,1.35364730e+03,6.66440519e+01,3.03490872e-04,1.65074062e-05,0.00000000e+00,0.00000000e+00,0.00000000e+00,0.00000000e+00
1.32950000e+02,2.64111365e-04,1.46426995e-05,0.00000000e+00,0.00000000e+00,4.99907521e-05,7.23485617e-06,0.00000000e+00,0.00000000e+00,3.56159859e-01,1.63144090e-02,1.38490116e+03,7.33792594e+01,3.14101180e-04,1.90401488e-05,0.00000000e+00,0.00000000e+00,5.20660000e+00,1.68761058e-01
1.33050000e+02,2.69724349e-04,1.66908686e-05,0.00000000e+00,0.00000000e+00,5.29289610e-05,9.77633140e-06,0.00000000e+00,0.00000000e+00,3.50732239e-01,1.59782713e-02,1.41022901e+03,8.30438833e+01,3.22652373e-04,2.27761962e-05,0.00000000e+00,0.00000000e+00,0.00000000e+00,0.00000000e+00
1.33150000e+02,2.64159728e-04,1.68635397e-05,0.00000000e+00,0.00000000e+00,4.52591460e-05,6.13885529e-06,0.00000000e+00,0.00000000e+00,3.42632015e-01,1.69623329e-02,1.38097922e+03,8.42305640e+01,3.09417934e-04,1.99693954e-05,0.00000000e+00,0.00000000e+00,5.20000000e+00,1.69137549e-01
1.33250000e+02,2.59862838e-04,1.50034542e-05,0.00000000e+00,0.00000000e+00,4.63328996e-05,5.90698442e-06,0.00000000e+00,0.00000000e+00,3.41929172e-01,1.58512957e-02,1.36063571e+03,7.55056799e+01,3.06194798e-04,1.80930594e-05,0.00000000e+00,0.00000000e+00,0.00000000e+00,0.00000000e+00
1.33350000e+02,2.46383063e-04,1.28371593e-05,0.00000000e+00,0.00000000e+00,4.11703838e-05,4.43744756e-06,0.00000000e+00,0.00000000e+00,3.33418341e-01,1.51113869e-02,1.29750374e+03,6.52452622e+01,2.87552504e-04,1.48667233e-05,0.00000000e+00,0.00000000e+00,5.18720000e+00,1.68351198e-01
1.33450000e+02,2.49063087e-04,1.35538259e-05,0.00000000e+00,0.00000000e+00,4.05989033e-05,3.77652691e-06,0.00000000e+00,0.00000000e+00,3.32131115e-01,1.48604828e-02,1.30831848e+03,6.78324809e+01,2.89661047e-04,1.50332117e-05,0.00000000e+00,0.00000000e+00,0.00000000e+00,0.00000000e+00
1.33550000e+02,2.50268484e-04,1.32296811e-05,0.00000000e+00,0.00000000e+00,4.45654590e-05,4.92797754e-06,0.00000000e+00,0.00000000e+00,3.31211739e-01,1.43659012e-02,1.31293467e+03,6.59154829e+01,2.94833000e-04,1.52876918e-05,0.00000000e+00,0.00000000e+00,5.17260000e+00,1.68054367e-01
1.33650000e+02,2.48306989e-04,1.28786071e-05,0.00000000e+00,0.00000000e+00,5.85271789e-05,9.13399943e-06,0.00000000e+00,0.00000000e+00,3.33929126e-01,1.51962122e-02,1.30590796e+03,6.49219828e+01,3.06833225e-04,1.72476462e-05,0.00000000e+00,0.00000000e+00,0.00000000e+00,0.00000000e+00
1.33750000e+02,2.49228458e-04,1.31014919e-05,0.00000000e+00,0.00000000e+00,5.65363449e-05,8.95481559e-06,0.00000000e+00,0.00000000e+00,3.32349020e-01,1.46169341e-02,1.31290520e+03,6.56275239e+01,3.05763860e-04,1.82431012e-05,0.00000000e+00,0.00000000e+00,5.16160000e+00,1.68024138e-01
1.33850000e+02,2.48706327e-04,1.29227192e-05,0.00000000e+00,0.00000000e+00,5.20625867e-05,8.51830771e-06,0.00000000e+00,0.00000000e+00,3.30838605e-01,1.43111253e-02,1.31123705e+03,6.49018870e+01,3.00767971e-04,1.76442906e-05,0.00000000e+00,0.00000000e+00,0.00000000e+00,0.00000000e+00
1.33950000e+02,2.59287703e-04,1.51469341e-05,0.00000000e+00,0.00000000e+00,5.10634440e-05,8.67986987e-06,0.00000000e+00,0.00000000e+00,3.35657689e-01,1.49683808e-02,1.36715033e+03,7.58621476e+01,3.10350206e-04,1.94486007e-05,0.00000000e+00,0.00000000e+00,5.14140000e+00,1.68239385e-01
1.34050000e+02,2.48172170e-04,1.37102580e-05,0.00000000e+00,0.00000000e+00,5.07693392e-05,8.66681554e-06,0.00000000e+00,0.00000000e+00,3.27023033e-01,1.47604216e-02,1.31013440e+03,6.89583221e+01,2.98940565e-04,1.88910794e-05,0.00000000e+00,0.00000000e+00,0.00000000e+00,0.00000000e+00
1.34150000e+02,2.41841854e-04,1.40837382e-05,0.00000000e+00,0.00000000e+00,5.14373671e-05,8.63109972e-06,0.00000000e+00,0.00000000e+00,3.18556678e-01,1.45418139e-02,1.27543994e+03,7.07185815e+01,2.93278275e-04,1.96403844e-05,0.00000000e+00,0.00000000e+00,5.12940000e+00,1.66819568e-01
1.34250000e+02,2.44836237e-04,1.49719207e-05,0.00000000e+00,0.00000000e+00,5.20781486e-05,8.60828291e-06,0.00000000e+00,0.00000000e+00,3.17630426e-01,1.42000099e-02,1.29504748e+03,7.43384749e+01,2.96913439e-04,2.03582303e-05,0.00000000e+00,0.00000000e+00,0.00000000e+00,0.00000000e+00
1.34350000e+02,2.39330368e-04,1.32972911e-05,0.00000000e+00,0.00000000e+00,5.74751752e-05,1.08608443e-05,0.00000000e+00,0.00000000e+00,3.14151163e-01,1.43843890e-02,1.26069487e+03,6.70011430e+01,2.96805500e-04,1.95214425e-05,0.00000000e+00,0.00000000e+00,5.10680000e+00,1.65640486e-01
1.34450000e+02,2.33506753e-04,1.25874994e-05,0.00000000e+00,0.00000000e+00,5.11940876e-05,9.05094549e-06,0.00000000e+00,0.00000000e+00,3.08826666e-01,1.35966187e-02,1.22853465e+03,6.33201940e+01,2.84700925e-04,1.83058069e-05,0.00000000e+00,0.00000000e+00,0.00000000e+00,0.00000000e+00
1.34550000e+02,2.34715428e-04,1.34179613e-05,0.00000000e+00,0.00000000e+00,4.87724982e-05,9.01513660e-06,0.00000000e+00,0.00000000e+00,3.12310120e-01,1.50538110e-02,1.23774931e+03,6.78008922e+01,2.83488012e-04,1.90098769e-05,0.00000000e+00,0.00000000e+00,5.10920000e+00,1.65559741e-01
1.34650000e+02,2.34910381e-04,1.46184454e-05,0.00000000e+00,0.00000000e+00,4.69743863e-05,8.02271058e-06,0.00000000e+00,0.00000000e+00,3.12141360e-01,1.61855021e-02,1.23678545e+03,7.35490042e+01,2.81884852e-04,1.92477866e-05,0.00000000e+00,0.00000000e+00,0.00000000e+00,0.00000000e+00
1.34750000e+02,2.33653657e-04,1.53199548e-05,0.00000000e+00,0.00000000e+00,4.56546488e-05,6.10609325e-06,0.00000000e+00,0.00000000e+00,3.07350735e-01,1.48308259e-02,1.22789155e+03,7.63483524e+01,2.79308390e-04,1.86959179e-05,0.00000000e+00,0.00000000e+00,5.11640000e+00,1.65677030e-01
1.34850000e+02,2.38280976e-04,1.43771870e-05,0.00000000e+00,0.00000000e+00,4.29166654e-05,4.63829334e-06,0.00000000e+00,0.00000000e+00,3.14481027e-01,1.52745483e-02,1.25081232e+03,7.19366954e+01,2.81197727e-04,1.63538473e-05,0.00000000e+00,0.00000000e+00,0.00000000e+00,0.00000000e+00
1.34950000e+02,2.35126862e-04,1.49075931e-05,0.00000000e+00,0.00000000e+00,4.40703796e-05,5.24999591e-06,0.00000000e+00,0.00000000e+00,3.12474143e-01,1.57284765e-02,1.23771155e+03,7.51834972e+01,2.79197327e-04,1.74224189e-05,0.00000000e+00,0.00000000e+00,5.11320000e+00,1.65955352e-01
1.35050000e+02,2.35703669e-04,1.45447391e-05,0.00000000e+00,0.00000000e+00,4.51433523e-05,5.48527149e-06,0.00000000e+00,0.00000000e+00,3.09526716e-01,1.46848078e-02,1.23862098e+03,7.27568252e+01,2.80847106e-04,1.69408966e-05,0.00000000e+00,0.00000000e+00,0.00000000e+00,0.00000000e+00
1.35150000e+02,2.45291307e-04,1.80230176e-05,0.00000000e+00,0.00000000e+00,4.48511812e-05,5.39011664e-06,0.00000000e+00,0.00000000e+00,3.15806510e-01,1.49320541e-02,1.28859499e+03,8.88921862e+01,2.90142574e-04,2.12381834e-05,0.00000000e+00,0.00000000e+00,5.11000000e+00,1.64074647e-01
1.35250000e+02,2.44216050e-04,1.48328711e-05,0.00000000e+00,0.00000000e+00,4.58766680e-05,5.26106035e-06,0.00000000e+00,0.00000000e+00,3.16065603e-01,1.43376512e-02,1.28219437e+03,7.36880919e+01,2.90092804e-04,1.68929651e-05,0.00000000e+00,0.00000000e+00,0.00000000e+00,0.00000000e+00
1.35350000e+02,2.38817292e-04,1.63247582e-05,0.00000000e+00,0.00000000e+00,4.51614197e-05,5.18452105e-06,0.00000000e+00,0.00000000e+00,3.08993128e-01,1.47439167e-02,1.25484516e+03,8.18130113e+01,2.83978796e-04,1.80688871e-05,0.00000000e+00,0.00000000e+00,5.09480000e+00,1.62937384e-01
1.35450000e+02,2.33837696e-04,1.45036938e-05,0.00000000e+00,0.00000000e+00,3.89930151e-05,3.96737991e-06,0.00000000e+00,0.00000000e+00,3.08159872e-01,1.55351818e-02,1.22895452e+03,7.26425361e+01,2.72830795e-04,1.58986495e-05,0.00000000e+00,0.00000000e+00,0.00000000e+00,0.00000000e+00
1.35550000e+02,2.44232476e-04,1.76949514e-05,0.00000000e+00,0.00000000e+00,3.61396889e-05,3.21775726e-06,0.00000000e+00,0.00000000e+00,3.05478687e-01,1.66278456e-02,1.27561695e+03,8.66513198e+01,2.80372248e-04,1.88472748e-05,0.00000000e+00,0.00000000e+00,5.08060000e+00,1.61776720e-01
1.35650000e+02,2.41632582e-04,1.75108990e-05,0.00000000e+00,0.00000000e+00,3.58091913e-05,3.50290857e-06,0.00000000e+00,0.00000000e+00,3.03006324e-01,1.59525197e-02,1.26167994e+03,8.53048371e+01,2.77441856e-04,1.87050900e-05,0.00000000e+00,0.00000000e+00,0.00000000e+00,0.00000000e+00
1.35750000e+02,2.33664757e-04,1.59411607e-05,0.00000000e+00,0.00000000e+00,3.72645827e-05,3.82034625e-06,0.00000000e+00,0.00000000e+00,2.95877271e-01,1.53092639e-02,1.22170007e+03,7.88689557e+01,2.70929421e-04,1.74334740e-05,0.00000000e+00,0.00000000e+00,5.06540000e+00,1.60308685e-01
1.35850000e+02,2.32864812e-04,1.60443558e-05,0.00000000e+00,0.00000000e+00,3.61856531e-05,4.01929572e-06,0.00000000e+00,0.00000000e+00,2.97548922e-01,1.52195683e-02,1.22021698e+03,7.96993437e+01,2.69050547e-04,1.74079999e-05,0.00000000e+00,0.00000000e+00,0.00000000e+00,0.00000000e+00
1.35950000e+02,2.31649041e-04,1.56966319e-05,0.00000000e+00,0.00000000e+00,3.39898478e-05,3.57313381e-06,0.00000000e+00,0.00000000e+00,3.00735926e-01,1.63472875e-02,1.21321247e+03,7.81653734e+01,2.65638971e-04,1.69445577e-05,0.00000000e+00,0.00000000e+00,5.05700000e+00,1.60024552e-01
1.36050000e+02,2.29982096e-04,1.48783617e-05,0.00000000e+00,0.00000000e+00,3.20405145e-05,3.47175187e-06,0.00000000e+00,0.00000000e+00,2.98970515e-01,1.52047953e-02,1.20419865e+03,7.40671609e+01,2.62022692e-04,1.60248306e-05,0.00000000e+00,0.00000000e+00,0.00000000e+00,0.00000000e+00
1.36150000e+02,2.19001847e-04,1.39291473e-05,0.00000000e+00,0.00000000e+00,3.57019955e-05,5.36547587e-06,0.00000000e+00,0.00000000e+00,2.87905197e-01,1.45736121e-02,1.14887298e+03,6.98429726e+01,2.54703921e-04,1.55304538e-05,0.00000000e+00,0.00000000e+00,5.04300000e+00,1.60160188e-01
1.36250000e+02,2.19466618e-04,1.51389518e-05,0.00000000e+00,0.00000000e+00,3.76572404e-05,5.82591686e-06,0.00000000e+00,0.00000000e+00,2.83200435e-01,1.44540491e-02,1.14909930e+03,7.58417494e+01,2.57123936e-04,1.66688950e-05,0.00000000e+00,0.00000000e+00,0.00000000e+00,0.00000000e+00
1.36350000e+02,2.21428944e-04,1.48660362e-05,0.00000000e+00,0.00000000e+00,3.96331635e-05,5.96038473e-06,0.00000000e+00,0.00000000e+00,2.87156124e-01,1.44288025e-02,1.16147767e+03,7.49907611e+01,2.61062186e-04,1.65899920e-05,0.00000000e+00,0.00000000e+00,5.03340000e+00,1.59606304e-01
1.36450000e+02,2.21189589e-04,1.43381669e-05,0.00000000e+00,0.00000000e+00,4.07039756e-05,7.06590304e-06,0.00000000e+00,0.00000000e+00,2.86093466e-01,1.42808604e-02,1.16232289e+03,7.25295308e+01,2.61893643e-04,1.74311191e-05,0.00000000e+00,0.00000000e+00,0.00000000e+00,0.00000000e+00
1.36550000e+02,2.23983707e-04,1.49660245e-05,0.00000000e+00,0.00000000e+00,3.98531815e-05,6.84376600e-06,0.00000000e+00,0.00000000e+00,2.90537066e-01,1.52135530e-02,1.17966048e+03,7.63455182e+01,2.63836968e-04,1.77133005e-05,0.00000000e+00,0.00000000e+00,5.01880000e+00,1.59900643e-01
1.36650000e+02,2.18990550e-04,1.44943969e-05,0.00000000e+00,0.00000000e+00,3.65640511e-05,5.34869879e-06,0.00000000e+00,0.00000000e+00,2.83492280e-01,1.41687739e-02,1.14890144e+03,7.28041974e+01,2.55554679e-04,1.67614492e-05,0.00000000e+00,0.00000000e+00,0.00000000e+00,0.00000000e+00
1.36750000e+02,2.16804619e-04,1.42788256e-05,0.00000000e+00,0.00000000e+00,3.62792524e-05,5.50094410e-06,0.00000000e+00,0.00000000e+00,2.79773629e-01,1.39047152e-02,1.13606958e+03,7.15030642e+01,2.53083948e-04,1.70615228e-05,0.00000000e+00,0.00000000e+00,5.00940000e+00,1.59413315e-01
1.36850000e+02,2.15433964e-04,1.41341966e-05,0.00000000e+00,0.00000000e+00,3.58651667e-05,4.03312195e-06,0.00000000e+00,0.00000000e+00,2.80951857e-01,1.38702144e-02,1.12942132e+03,7.05776085e+01,2.51299207e-04,1.56625673e-05,0.00000000e+00,0.00000000e+00,0.00000000e+00,0.00000000e+00
1.36950000e+02,2.15808365e-04,1.43109542e-05,0.00000000e+00,0.00000000e+00,4.04545240e-05,5.84827478e-06,0.00000000e+00,0.00000000e+00,2.81333949e-01,1.39439905e-02,1.13029715e+03,7.16396791e+01,2.56262965e-04,1.69218275e-05,0.00000000e+00,0.00000000e+00,5.00180000e+00,1.59239440e-01
1.37050000e+02,2.11473088e-04,1.36513584e-05,0.00000000e+00,0.00000000e+00,3.51220753e-05,3.94293721e-06,0.00000000e+00,0.00000000e+00,2.77096538e-01,1.27527593e-02,1.10875058e+03,6.78688194e+01,2.46595239e-04,1.48748122e-05,0.00000000e+00,0.00000000e+00,0.00000000e+00,0.00000000e+00
1.37150000e+02,2.08413026e-04,1.31653703e-05,0.00000000e+00,0.00000000e+00,3.46626780e-05,4.20786235e-06,0.00000000e+00,0.00000000e+00,2.70344357e-01,1.27619489e-02,1.08971245e+03,6.60063551e+01,2.43075778e-04,1.46081683e-05,0.00000000e+00,0.00000000e+00,4.97540000e+00,1.56951107e-01
1.37250000e+02,2.05772992e-04,1.27614870e-05,0.00000000e+00,0.00000000e+00,3.18848873e-05,3.82867773e-06,0.00000000e+00,0.00000000e+00,2.78406582e-01,1.47457583e-02,1.09752328e+03,6.70396846e+01,2.37657955e-04,1.44545081e-05,0.00000000e+00,0.00000000e+00,0.00000000e+00,0.00000000e+00
1.37350000e+02,2.03506326e-04,1.27508077e-05,0.00000000e+00,0.00000000e+00,3.14035273e-05,3.74049299e-06,0.00000000e+00,0.00000000e+00,2.69417984e-01,1.36950723e-02,1.06800216e+03,6.55372497e+01,2.34909927e-04,1.45276907e-05,0.00000000e+00,0.00000000e+00,4.96340000e+00,1.57170026e-01
1.37450000e+02,2.06181868e-04,1.37792738e-05,0.00000000e+00,0.00000000e+00,3.10725820e-05,3.50910610e-06,0.00000000e+00,0.00000000e+00,2.74160755e-01,1.48591924e-02,1.08162333e+03,7.04350097e+01,2.37254525e-04,1.54016969e-05,0.00000000e+00,0.00000000e+00,0.00000000e+00,0.00000000e+00
1.37550000e+02,2.00284182e-04,1.25132114e-05,0.00000000e+00,0.00000000e+00,3.01946732e-05,3.31940081e-06,0.00000000e+00,0.00000000e+00,2.65973418e-01,1.32242807e-02,1.05063022e+03,6.34803979e+01,2.30478927e-04,1.38054832e-05,0.00000000e+00,0.00000000e+00,4.95540000e+00,1.58140524e-01
1.37650000e+02,1.99049736e-04,1.25401157e-05,0.00000000e+00,0.00000000e+00,3.60842084e-05,4.90239256e-06,0.00000000e+00,0.00000000e+00,2.63559451e-01,1.31162333e-02,1.04509814e+03,6.31499606e+01,2.35134016e-04,1.38685615e-05,0.00000000e+00,0.00000000e+00,0.00000000e+00,0.00000000e+00
1.37750000e+02,1.99439152e-04,1.21154129e-05,0.00000000e+00,0.00000000e+00,3.73574339e-05,5.34118149e-06,0.00000000e+00,0.00000000e+00,2.62795973e-01,1.25734427e-02,1.04626062e+03,6.10891774e+01,2.36796657e-04,1.35658338e-05,0.00000000e+00,0.00000000e+00,4.94700000e+00,1.58075221e-01
1.37850000e+02,1.99743397e-04,1.22889833e-05,0.00000000e+00,0.00000000e+00,3.53775249e-05,5.16221546e-06,0.00000000e+00,0.00000000e+00,2.61483552e-01,1.37488063e-02,1.04893002e+03,6.25880153e+01,2.35120993e-04,1.36016360e-05,0.00000000e+00,0.00000000e+00,0.00000000e+00,0.00000000e+00
1.37950000e+02,2.03667026e-04,1.47778969e-05,0.00000000e+00,0.00000000e+00,3.44984408e-05,4.45661118e-06,0.00000000e+00,0.00000000e+00,2.62071666e-01,1.33820878e-02,1.06545624e+03,7.29356807e+01,2.38165538e-04,1.55266024e-05,0.00000000e+00,0.00000000e+00,4.93180000e+00,1.57967884e-01
1.38050000e+02,1.96235650e-04,1.30441093e-05,0.00000000e+00,0.00000000e+00,3.70832313e-05,6.30103915e-06,0.00000000e+00,0.00000000e+00,2.60015707e-01,1.39792252e-02,1.03110150e+03,6.63260245e+01,2.33318952e-04,1.52972852e-05,0.00000000e+00,0.00000000e+00,0.00000000e+00,0.00000000e+00
1.38150000e+02,1.92072651e-04,1.21599259e-05,0.00000000e+00,0.00000000e+00,3.56133605e-05,5.30691593e-06,0.00000000e+00,0.00000000e+00,2.55808444e-01,1.32572142e-02,1.00892584e+03,6.14805560e+01,2.27686081e-04,1.38587574e-05,0.00000000e+00,0.00000000e+00,4.92400000e+00,1.58588159e-01
1.38250000e+02,1.95940859e-04,1.29043490e-05,0.00000000e+00,0.00000000e+00,3.67367059e-05,6.87200581e-06,0.00000000e+00,0.00000000e+00,2.56475170e-01,1.33982279e-02,1.02630068e+03,6.50462746e+01,2.32677635e-04,1.50305840e-05,0.00000000e+00,0.00000000e+00,0.00000000e+00,0.00000000e+00
1.38350000e+02,1.92400275e-04,1.37957746e-05,0.00000000e+00,0.00000000e+00,4.30743560e-05,1.10677629e-05,0.00000000e+00,0.00000000e+00,2.56467687e-01,1.42411965e-02,1.01137696e+03,7.00059937e+01,2.35474701e-04,1.84498785e-05,0.00000000e+00,0.00000000e+00,4.91180000e+00,1.57010513e-01
1.38450000e+02,1.87384080e-04,1.32319368e-05,0.00000000e+00,0.00000000e+00,6.48074580e-05,2.08561045e-05,0.00000000e+00,0.00000000e+00,2.49786740e-01,1.36923094e-02,9.83022415e+02,6.67055632e+01,2.52191606e-04,2.72052480e-05,0.00000000e+00,0.00000000e+00,0.00000000e+00,0.00000000e+00
1.38550000e+02,1.87235977e-04,1.28734740e-05,0.00000000e+00,0.00000000e+00,4.02583829e-05,8.89248024e-06,0.00000000e+00,0.00000000e+00,2.48363057e-01,1.31837853e-02,9.82590102e+02,6.48042381e+01,2.27494427e-04,1.71679971e-05,0.00000000e+00,0.00000000e+00,4.90700000e+00,1.56511785e-01
1.38650000e+02,1.91316209e-04,1.45305883e-05,0.00000000e+00,0.00000000e+00,4.00554981e-05,9.00996071e-06,0.00000000e+00,0.00000000e+00,2.51659370e-01,1.40963367e-02,1.00098467e+03,7.27570411e+01,2.31371776e-04,1.87540865e-05,0.00000000e+00,0.00000000e+00,0.00000000e+00,0.00000000e+00
1.38750000e+02,1.91921331e-04,1.41940663e-05,0.00000000e+00,0.00000000e+00,4.37870587e-05,9.44221181e-06,0.00000000e+00,0.00000000e+00,2.48202331e-01,1.38076029e-02,1.00420729e+03,7.07386919e+01,2.35708457e-04,1.93033527e-05,0.00000000e+00,0.00000000e+00,4.89740000e+00,1.56368171e-01
1.38850000e+02,1.94987299e-04,1.44219934e-05,0.00000000e+00,0.00000000e+00,4.16793355e-05,9.18859678e-06,0.00000000e+00,0.00000000e+00,2.45679777e-01,1.34086703e-02,1.01861889e+03,7.16109962e+01,2.36666702e-04,1.96296872e-05,0.00000000e+00,0.00000000e+00,0.00000000e+00,0.00000000e+00
1.38950000e+02,1.86718399e-04,1.32777984e-05,0.00000000e+00,0.00000000e+00,4.45844718e-05,1.05447563e-05,0.00000000e+00,0.00000000e+00,2.40329262e-01,1.29383399e-02,9.78653546e+02,6.61281116e+01,2.31302936e-04,1.95966908e-05,0.00000000e+00,0.00000000e+00,4.88220000e+00,1.55294399e-01
1.39050000e+02,1.86724881e-04,1.40078313e-05,0.00000000e+00,0.00000000e+00,4.91055906e-05,1.56481606e-05,0.00000000e+00,0.00000000e+00,2.40398088e-01,1.37060195e-02,9.79418476e+02,6.97186906e+01,2.35830537e-04,2.38875117e-05,0.00000000e+00,0.00000000e+00,0.00000000e+00,0.00000000e+00
1.39150000e+02,1.85868204e-04,1.38523775e-05,0.00000000e+00,0.00000000e+00,4.13696223e-05,1.22706331e-05,0.00000000e+00,0.00000000e+00,2.39584391e-01,1.30418587e-02,9.74058295e+02,6.89766176e+01,2.27237892e-04,2.18212313e-05,0.00000000e+00,0.00000000e+00,4.87760000e+00,1.54883646e-01
1.39250000e+02,1.82312169e-04,1.35806962e-05,0.00000000e+00,0.00000000e+00,2.70202217e-05,4.54876778e-06,0.00000000e+00,0.00000000e+00,2.35312273e-01,1.29913017e-02,9.56110531e+02,6.76663685e+01,2.09332454e-04,1.62080713e-05,0.00000000e+00,0.00000000e+00,0.00000000e+00,0.00000000e+00
1.39350000e+02,1.86243874e-04,1.52839522e-05,0.00000000e+00,0.00000000e+00,2.92790271e-05,4.71300488e-06,0.00000000e+00,0.00000000e+00,2.33019959e-01,1.27818449e-02,9.72214644e+02,7.56266001e+01,2.15522965e-04,1.83551874e-05,0.00000000e+00,0.00000000e+00,4.87080000e+00,1.54296254e-01
1.39450000e+02,1.88956404e-04,1.57575755e-05,0.00000000e+00,0.00000000e+00,4.67232485e-05,1.69500104e-05,0.00000000e+00,0.00000000e+00,2.36250424e-01,1.27673746e-02,9.83567642e+02,7.76032029e+01,2.35679717e-04,2.89024390e-05,0.00000000e+00,0.00000000e+00,0.00000000e+00,0.00000000e+00
1.39550000e+02,1.86640471e-04,1.40082930e-05,0.00000000e+00,0.00000000e+00,4.50486926e-05,1.74915565e-05,0.00000000e+00,0.00000000e+00,2.37402849e-01,1.22081079e-02,9.73323126e+02,6.88637036e+01,2.31689229e-04,2.74767002e-05,0.00000000e+00,0.00000000e+00,4.87220000e+00,1.55543888e-01
1.39650000e+02,1.83026533e-04,1.29785572e-05,0.00000000e+00,0.00000000e+00,4.16350245e-05,1.56436288e-05,0.00000000e+00,0.00000000e+00,2.31895120e-01,1.25174143e-02,9.56546634e+02,6.40236490e+01,2.24661621e-04,2.45677332e-05,0.00000000e+00,0.00000000e+00,0.00000000e+00,0.00000000e+00
1.39750000e+02,1.76339139e-04,1.18010280e-05,0.00000000e+00,0.00000000e+00,4.18607951e-05,1.56524778e-05,0.00000000e+00,0.00000000e+00,2.25872639e-01,1.18310923e-02,9.22090117e+02,5.81982253e+01,2.18199996e-04,2.30791093e-05,0.00000000e+00,0.00000000e+00,4.85140000e+00,1.54906426e-01
1.39850000e+02,1.75069688e-04,1.23939425e-05,0.00000000e+00,0.00000000e+00,4.17095672e-05,1.56560680e-05,0.00000000e+00,0.00000000e+00,2.17783933e-01,1.11454314e-02,9.13723442e+02,6.13510658e+01,2.16779314e-04,2.30750916e-05,0.00000000e+00,0.00000000e+00,0.00000000e+00,0.00000000e+00
1.39950000e+02,1.76580546e-04,1.22920569e-05,0.00000000e+00,0.00000000e+00,4.41526117e-05,1.58197610e-05,0.00000000e+00,0.00000000e+00,2.18984941e-01,1.14565017e-02,9.23659582e+02,6.09449096e+01,2.20733218e-04,2.33610523e-05,0.00000000e+00,0.00000000e+00,4.86260000e+00,1.56101173e-01
1.40050000e+02,1.72133986e-04,1.18784299e-05,0.00000000e+00,0.00000000e+00,4.33833117e-05,1.57230127e-05,0.00000000e+00,0.00000000e+00,2.21017330e-01,1.21522930e-02,9.04099649e+02,5.97009887e+01,2.15517359e-04,2.31288473e-05,0.00000000e+00,0.00000000e+00,0.00000000e+00,0.00000000e+00
1.40150000e+02,1.74214941e-04,1.25693576e-05,0.00000000e+00,0.00000000e+00,3.61426645e-05,9.05170745e-06,0.00000000e+00,0.00000000e+00,2.16573782e-01,1.13416665e-02,9.10279022e+02,6.23903293e+01,2.10357664e-04,1.82552733e-05,0.00000000e+00,0.00000000e+00,4.84520000e+00,1.55046337e-01
1.40250000e+02,1.75666084e-04,1.28114280e-05,0.00000000e+00,0.00000000e+00,2.86642234e-05,4.11687964e-06,0.00000000e+00,0.00000000e+00,2.17361615e-01,1.13370830e-02,9.16435904e+02,6.35979146e+01,2.04330367e-04,1.43316248e-05,0.00000000e+00,0.00000000e+00,0.00000000e+00,0.00000000e+00
1.40350000e+02,1.71566130e-04,1.19705662e-05,0.00000000e+00,0.00000000e+00,2.68124578e-05,3.86487539e-06,0.00000000e+00,0.00000000e+00,2.15426750e-01,1.13093623e-02,8.95244263e+02,5.98970546e+01,1.98378646e-04,1.35222537e-05,0.00000000e+00,0.00000000e+00,4.83360000e+00,1.55243261e-01
1.40450000e+02,1.71772981e-04,1.15327225e-05,0.00000000e+00,0.00000000e+00,2.65631754e-05,3.80880839e-06,0.00000000e+00,0.00000000e+00,2.15722749e-01,1.12144735e-02,8.96523432e+02,5.84130951e+01,1.98336215e-04,1.32494933e-05,0.00000000e+00,0.00000000e+00,0.00000000e+00,0.00000000e+00
1.40550000e+02,1.68541230e-04,1.11484282e-05,0.00000000e+00,0.00000000e+00,2.70167267e-05,3.95822982e-06,0.00000000e+00,0.00000000e+00,2.15041762e-01,1.06397159e-02,8.80705763e+02,5.63138644e+01,1.95558015e-04,1.30514328e-05,0.00000000e+00,0.00000000e+00,4.83080000e+00,1.54373213e-01
1.40650000e+02,1.66907396e-04,1.18179047e-05,0.00000000e+00,0.00000000e+00,2.88110142e-05,4.19677269e-06,0.00000000e+00,0.00000000e+00,2.15616462e-01,1.06525291e-02,8.76431657e+02,5.88585218e+01,1.95718470e-04,1.40768343e-05,0.00000000e+00,0.00000000e+00,0.00000000e+00,0.00000000e+00
1.40750000e+02,1.63528726e-04,1.10648713e-05,0.00000000e+00,0.00000000e+00,3.00502725e-05,4.32564443e-06,0.00000000e+00,0.00000000e+00,2.11920265e-01,9.90296746e-03,8.62181837e+02,5.62179138e+01,1.93579056e-04,1.33747106e-05,0.00000000e+00,0.00000000e+00,4.81980000e+00,1.53000598e-01
1.40850000e+02,1.62733098e-04,9.76575564e-06,0.00000000e+00,0.00000000e+00,2.98028203e-05,4.26648426e-06,0.00000000e+00,0.00000000e+00,2.11248281e-01,9.56554870e-03,8.54755059e+02,4.92155991e+01,1.92535976e-04,1.19333889e-05,0.00000000e+00,0.00000000e+00,0.00000000e+00,0.00000000e+00
1.40950000e+02,1.63845894e-04,9.95065616e-06,0.00000000e+00,0.00000000e+00,3.08177919e-05,4.52138679e-06,0.00000000e+00,0.00000000e+00,2.11462269e-01,1.00568083e-02,8.59450674e+02,5.04671644e+01,1.94663743e-04,1.22385306e-05,0.00000000e+00,0.00000000e+00,4.80360000e+00,1.52226941e-01
1.41050000e+02,1.64117478e-04,1.08082947e-05,0.00000000e+00,0.00000000e+00,2.75977274e-05,4.06900184e-06,0.00000000e+00,0.00000000e+00,2.07437269e-01,9.57652604e-03,8.60421354e+02,5.31597959e+01,1.91715262e-04,1.31283508e-05,0.00000000e+00,0.00000000e+00,0.00000000e+00,0.00000000e+00
1.41150000e+02,1.61859213e-04,1.04656866e-05,0.00000000e+00,0.00000000e+00,2.97625849e-05,4.60817944e-06,0.00000000e+00,0.00000000e+00,2.04336279e-01,9.96314914e-03,8.48478988e+02,5.26451974e+01,1.91621854e-04,1.33211437e-05,0.00000000e+00,0.00000000e+00,4.79760000e+00,1.52650745e-01
1.41250000e+02,1.54031801e-04,9.20213775e-06,0.00000000e+00,0.00000000e+00,3.04712825e-05,4.69401885e-06,0.00000000e+00,0.00000000e+00,1.96122315e-01,9.09443780e-03,8.05248383e+02,4.63647333e+01,1.84503137e-04,1.18595779e-05,0.00000000e+00,0.00000000e+00,0.00000000e+00,0.00000000e+00
1.41350000e+02,1.53293221e-04,9.21660021e-06,0.00000000e+00,0.00000000e+00,3.11225303e-05,5.19996793e-06,0.00000000e+00,0.00000000e+00,1.94506077e-01,9.08306019e-03,7.99642706e+02,4.60072749e+01,1.84415804e-04,1.19255894e-05,0.00000000e+00,0.00000000e+00,4.79600000e+00,1.52014231e-01
1.41450000e+02,1.51784010e-04,9.14285629e-06,0.00000000e+00,0.00000000e+00,2.92339785e-05,4.85859731e-06,0.00000000e+00,0.00000000e+00,1.92897897e-01,9.54222271e-03,7.92087546e+02,4.54827484e+01,1.81018042e-04,1.15157964e-05,0.00000000e+00,0.00000000e+00,0.00000000e+00,0.00000000e+00
1.41550000e+02,1.50939071e-04,9.51084218e-06,0.00000000e+00,0.00000000e+00,2.75684153e-05,4.15763323e-06,0.00000000e+00,0.00000000e+00,1.91990232e-01,1.00373959e-02,7.87835904e+02,4.74063974e+01,1.78507539e-04,1.12994768e-05,0.00000000e+00,0.00000000e+00,4.79460000e+00,1.52105552e-01
1.41650000e+02,1.48545989e-04,8.98661462e-06,0.00000000e+00,0.00000000e+00,2.67574700e-05,4.06960896e-06,0.00000000e+00,0.00000000e+00,1.92077463e-01,9.41726747e-03,7.76613065e+02,4.46590449e+01,1.75303511e-04,1.07255223e-05,0.00000000e+00,0.00000000e+00,0.00000000e+00,0.00000000e+00
1.41750000e+02,1.50180162e-04,9.92844504e-06,0.00000000e+00,0.00000000e+00,2.69511717e-05,3.60277235e-06,0.00000000e+00,0.00000000e+00,1.88800193e-01,9.30820364e-03,7.82918459e+02,4.88342835e+01,1.77131385e-04,1.14927112e-05,0.00000000e+00,0.00000000e+00,4.79720000e+00,1.51781002e-01
1.41850000e+02,1.49818676e-04,1.01354638e-05,0.00000000e+00,0.00000000e+00,2.49551926e-05,3.49233415e-06,0.00000000e+00,0.00000000e+00,1.92296540e-01,9.88265911e-03,7.83608663e+02,5.00813159e+01,1.74773921e-04,1.17463716e-05,0.00000000e+00,0.00000000e+00,0.00000000e+00,0.00000000e+00
1.41950000e+02,1.49624014e-04,9.26956102e-06,0.00000000e+00,0.00000000e+00,2.59019571e-05,4.01170224e-06,0.00000000e+00,0.00000000e+00,1.90564515e-01,9.36134544e-03,7.83167886e+02,4.59786177e+01,1.75526023e-04,1.12470143e-05,0.00000000e+00,0.00000000e+00,4.79720000e+00,1.50858507e-01
1.42050000e+02,1.53124115e-04,1.00758176e-05,0.00000000e+00,0.00000000e+00,2.36032792e-05,3.63712014e-06,0.00000000e+00,0.00000000e+00,1.92840415e-01,1.04701132e-02,8.02582574e+02,5.03654077e+01,1.76727447e-04,1.14726429e-05,0.00000000e+00,0.00000000e+00,0.00000000e+00,0.00000000e+00
1.42150000e+02,1.47153861e-04,9.59288503e-06,0.00000000e+00,0.00000000e+00,2.42149368e-05,3.42815755e-06,0.00000000e+00,0.00000000e+00,1.85533333e-01,8.61808198e-03,7.68444773e+02,4.72577374e+01,1.71368848e-04,1.07618702e-05,0.00000000e+00,0.00000000e+00,4.78940000e+00,1.50211935e-01
1.42250000e+02,1.51154544e-04,1.06810194e-05,0.00000000e+00,0.00000000e+00,2.21690094e-05,2.80408009e-06,0.00000000e+00,0.00000000e+00,1.87426041e-01,8.37502348e-03,7.89135177e+02,5.21152746e+01,1.73323604e-04,1.15596691e-05,0.00000000e+00,0.00000000e+00,0.00000000e+00,0.00000000e+00
1.42350000e+02,1.46766150e-04,1.03387166e-05,0.00000000e+00,0.00000000e+00,2.16666702e-05,2.54191211e-06,0.00000000e+00,0.00000000e+00,1.81460186e-01,8.61507062e-03,7.68573235e+02,5.05071864e+01,1.68432870e-04,1.12842279e-05,0.00000000e+00,0.00000000e+00,4.80220000e+00,1.50793355e-01
1.42450000e+02,1.41643462e-04,8.99634440e-06,0.00000000e+00,0.00000000e+00,2.21493691e-05,2.92229566e-06,0.00000000e+00,0.00000000e+00,1.80956016e-01,8.89116601e-03,7.43361370e+02,4.46028928e+01,1.63792881e-04,1.03924063e-05,0.00000000e+00,0.00000000e+00,0.00000000e+00,0.00000000e+00
1.42550000e+02,1.43190316e-04,9.24579132e-06,0.00000000e+00,0.00000000e+00,2.20677033e-05,2.68917401e-06,0.00000000e+00,0.00000000e+00,1.79886057e-01,8.59361435e-03,7.51498283e+02,4.54636129e+01,1.65258068e-04,1.00383403e-05,0.00000000e+00,0.00000000e+00,4.80100000e+00,1.51861443e-01
1.42650000e+02,1.47200644e-04,1.07162367e-05,0.00000000e+00,0.00000000e+00,2.07648846e-05,2.52055677e-06,0.00000000e+00,0.00000000e+00,1.82124968e-01,8.47001597e-03,7.71197252e+02,5.20792564e+01,1.67965579e-04,1.12960527e-05,0.00000000e+00,0.00000000e+00,0.00000000e+00,0.00000000e+00
1.42750000e+02,1.40093474e-04,9.31549541e-06,0.00000000e+00,0.00000000e+00,2.14526448e-05,3.26854871e-06,0.00000000e+00,0.00000000e+00,1.79063072e-01,9.03288783e-03,7.37158954e+02,4.61055155e+01,1.61546168e-04,1.04615256e-05,0.00000000e+00,0.00000000e+00,4.78720000e+00,1.49935507e-01
1.42850000e+02,1.36155216e-04,8.87647348e-06,0.00000000e+00,0.00000000e+00,2.27883073e-05,3.93382151e-06,0.00000000e+00,0.00000000e+00,1.76519945e-01,9.28384335e-03,7.18017038e+02,4.48530483e+01,1.58943572e-04,1.05144959e-05,0.00000000e+00,0.00000000e+00,0.00000000e+00,0.00000000e+00
1.42950000e+02,1.38566158e-04,8.61904862e-06,0.00000000e+00,0.00000000e+00,2.78523456e-05,7.36634215e-06,0.00000000e+00,0.00000000e+00,1.79414851e-01,9.13342782e-03,7.27638917e+02,4.28426542e+01,1.66418552e-04,1.17927927e-05,0.00000000e+00,0.00000000e+00,4.77900000e+00,1.51062698e-01
1.43050000e+02,1.40402239e-04,1.23312669e-05,0.00000000e+00,0.00000000e+00,2.34227999e-05,4.75704358e-06,0.00000000e+00,0.00000000e+00,1.73632570e-01,9.04689992e-03,7.36024975e+02,5.99584180e+01,1.63825087e-04,1.34560723e-05,0.00000000e+00,0.00000000e+00,0.00000000e+00,0.00000000e+00
1.43150000e+02,1.32096387e-04,8.45078917e-06,0.00000000e+00,0.00000000e+00,2.34994128e-05,4.07619843e-06,0.00000000e+00,0.00000000e+00,1.72025278e-01,8.92159534e-03,6.96052385e+02,4.22513537e+01,1.55595847e-04,9.72850732e-06,0.00000000e+00,0.00000000e+00,4.77820000e+00,1.49881229e-01
1.43250000e+02,1.32813737e-04,8.42860344e-06,0.00000000e+00,0.00000000e+00,2.08287272e-05,2.75679835e-06,0.00000000e+00,0.00000000e+00,1.73678373e-01,9.12197496e-03,6.99451964e+02,4.23311317e+01,1.53642512e-04,9.86824006e-06,0.00000000e+00,0.00000000e+00,0.00000000e+00,0.00000000e+00
1.43350000e+02,1.34641553e-04,1.00964772e-05,0.00000000e+00,0.00000000e+00,1.90972787e-05,2.66859473e-06,0.00000000e+00,0.00000000e+00,1.70246286e-01,1.02219353e-02,7.06590553e+02,5.00782577e+01,1.53738879e-04,1.11471360e-05,0.00000000e+00,0.00000000e+00,4.77620000e+00,1.50220760e-01
1.43450000e+02,1.31200461e-04,1.01722096e-05,0.00000000e+00,0.00000000e+00,1.70135766e-05,2.25195434e-06,0.00000000e+00,0.00000000e+00,1.62007467e-01,8.47607199e-03,6.88438069e+02,5.00995558e+01,1.48214082e-04,1.09820634e-05,0.00000000e+00,0.00000000e+00,0.00000000e+00,0.00000000e+00
1.43550000e+02,1.27041446e-04,9.56023463e-06,0.00000000e+00,0.00000000e+00,1.66685345e-05,2.20194300e-06,0.00000000e+00,0.00000000e+00,1.60802055e-01,8.79038373e-03,6.66823229e+02,4.70356665e+01,1.43710024e-04,1.02713482e-05,0.00000000e+00,0.00000000e+00,4.75200000e+00,1.50129468e-01
1.43650000e+02,1.20840326e-04,8.77830241e-06,0.00000000e+00,0.00000000e+00,1.85146772e-05,2.98773371e-06,0.00000000e+00,0.00000000e+00,1.53785588e-01,7.95962036e-03,6.38985646e+02,4.32464757e+01,1.39355045e-04,1.01546560e-05,0.00000000e+00,0.00000000e+00,0.00000000e+00,0.00000000e+00
1.43750000e+02,1.19930635e-04,8.67306235e-06,0.00000000e+00,0.00000000e+00,1.94889215e-05,3.74378524e-06,0.00000000e+00,0.00000000e+00,1.53953379e-01,8.05703905e-03,6.34604867e+02,4.26333591e+01,1.39419599e-04,1.04129129e-05,0.00000000e+00,0.00000000e+00,4.74580000e+00,1.49496595e-01
1.43850000e+02,1.19733892e-04,8.90498480e-06,0.00000000e+00,0.00000000e+00,2.03171362e-05,3.80215298e-06,0.00000000e+00,0.00000000e+00,1.51837776e-01,7.84170785e-03,6.32024487e+02,4.33471424e+01,1.40051070e-04,1.08096382e-05,0.00000000e+00,0.00000000e+00,0.00000000e+00,0.00000000e+00
1.43950000e+02,1.14735401e-04,7.69957611e-06,0.00000000e+00,0.00000000e+00,2.09824832e-05,3.94749037e-06,0.00000000e+00,0.00000000e+00,1.46164140e-01,7.67606026e-03,6.06624357e+02,3.83407023e+01,1.35717924e-04,9.63635719e-06,0.00000000e+00,0.00000000e+00,4.73540000e+00,1.49301560e-01
1.44050000e+02,1.18679849e-04,1.11587815e-05,0.00000000e+00,0.00000000e+00,2.03849438e-05,3.96432983e-06,0.00000000e+00,0.00000000e+00,1.42350275e-01,7.57533211e-03,6.22622743e+02,5.41090505e+01,1.39064831e-04,1.33465591e-05,0.00000000e+00,0.00000000e+00,0.00000000e+00,0.00000000e+00
1.44150000e+02,1.14107845e-04,9.51169901e-06,0.00000000e+00,0.00000000e+00,2.02596280e-05,3.96021252e-06,0.00000000e+00,0.00000000e+00,1.41389065e-01,7.72444864e-03,6.03522812e+02,4.65535751e+01,1.34367512e-04,1.17746512e-05,0.00000000e+00,0.00000000e+00,4.71980000e+00,1.48258597e-01
1.44250000e+02,1.11728040e-04,7.93994644e-06,0.00000000e+00,0.00000000e+00,1.98831585e-05,3.37934276e-06,0.00000000e+00,0.00000000e+00,1.41890176e-01,7.38535437e-03,5.91770377e+02,3.98094522e+01,1.31611237e-04,9.93422444e-06,0.00000000e+00,0.00000000e+00,0.00000000e+00,0.00000000e+00
1.44350000e+02,1.15123697e-04,8.64120539e-06,0.00000000e+00,0.00000000e+00,3.87658885e-05,1.85656439e-05,0.00000000e+00,0.00000000e+00,1.44733097e-01,7.75416966e-03,6.07163807e+02,4.30068688e+01,1.53889625e-04,2.08836866e-05,0.00000000e+00,0.00000000e+00,4.70800000e+00,1.48568681e-01
1.44450000e+02,1.12693512e-04,8.33930606e-06,0.00000000e+00,0.00000000e+00,1.95908086e-05,3.85060811e-06,0.00000000e+00,0.00000000e+00,1.41487831e-01,7.93897416e-03,5.94192282e+02,4.12324574e+01,1.32284359e-04,1.05334460e-05,0.00000000e+00,0.00000000e+00,0.00000000e+00,0.00000000e+00
1.44550000e+02,1.12667992e-04,1.01045420e-05,0.00000000e+00,0.00000000e+00,1.72458816e-05,2.70384245e-06,0.00000000e+00,0.00000000e+00,1.39579585e-01,7.80243791e-03,5.93528920e+02,4.94144953e+01,1.29913911e-04,1.14032312e-05,0.00000000e+00,0.00000000e+00,4.70500000e+00,1.49182876e-01
1.44650000e+02,1.06777237e-04,7.56143637e-06,0.00000000e+00,0.00000000e+00,1.65164112e-05,2.36166305e-06,0.00000000e+00,0.00000000e+00,1.35287546e-01,7.24631495e-03,5.63465222e+02,3.74314850e+01,1.23293685e-04,8.87321599e-06,0.00000000e+00,0.00000000e+00,0.00000000e+00,0.00000000e+00
1.44750000e+02,1.04608660e-04,7.45977981e-06,0.00000000e+00,0.00000000e+00,1.46915611e-05,1.89485989e-06,0.00000000e+00,0.00000000e+00,1.33225831e-01,7.20195535e-03,5.52300771e+02,3.68200526e+01,1.19300258e-04,8.44443379e-06,0.00000000e+00,0.00000000e+00,4.69320000e+00,1.49114787e-01
1.44850000e+02,1.05666217e-04,7.51491367e-06,0.00000000e+00,0.00000000e+00,1.42840249e-05,1.90350440e-06,0.00000000e+00,0.00000000e+00,1.34707326e-01,6.83804933e-03,5.58205567e+02,3.71641834e+01,1.19950279e-04,8.44470819e-06,0.00000000e+00,0.00000000e+00,0.00000000e+00,0.00000000e+00
1.44950000e+02,1.04521650e-04,7.26825886e-06,0.00000000e+00,0.00000000e+00,1.51471631e-05,2.13254442e-06,0.00000000e+00,0.00000000e+00,1.33322900e-01,6.96931911e-03,5.52825070e+02,3.62041863e+01,1.19668850e-04,8.42475975e-06,0.00000000e+00,0.00000000e+00,4.68400000e+00,1.46750100e-01
1.45050000e+02,1.05624520e-04,7.39553247e-06,0.00000000e+00,0.00000000e+00,1.45481233e-05,1.86456437e-06,0.00000000e+00,0.00000000e+00,1.32571124e-01,6.91896799e-03,5.57239024e+02,3.67949295e+01,1.20172679e-04,8.13516590e-06,0.00000000e+00,0.00000000e+00,0.00000000e+00,0.00000000e+00
1.45150000e+02,1.08967884e-04,8.48299999e-06,0.00000000e+00,0.00000000e+00,2.03385130e-05,6.93453439e-06,0.00000000e+00,0.00000000e+00,1.34632445e-01,7.52482884e-03,5.71961902e+02,4.20927871e+01,1.29306434e-04,1.07832033e-05,0.00000000e+00,0.00000000e+00,4.66140000e+00,1.46848808e-01
1.45250000e+02,1.04842461e-04,7.42553359e-06,0.00000000e+00,0.00000000e+00,2.78056260e-05,1.44970629e-05,0.00000000e+00,0.00000000e+00,1.29538431e-01,7.65184874e-03,5.51528667e+02,3.76008997e+01,1.32648123e-04,1.65817703e-05,0.00000000e+00,0.00000000e+00,0.00000000e+00,0.00000000e+00
1.45350000e+02,1.05798316e-04,8.50234278e-06,0.00000000e+00,0.00000000e+00,2.74018856e-05,1.44776335e-05,0.00000000e+00,0.00000000e+00,1.33730102e-01,7.67391297e-03,5.59174171e+02,4.19713495e+01,1.33200238e-04,1.70022893e-05,0.00000000e+00,0.00000000e+00,4.66560000e+00,1.48945726e-01
1.45450000e+02,9.70504976e-05,6.74501188e-06,0.00000000e+00,0.00000000e+00,2.27002759e-05,1.06085437e-05,0.00000000e+00,0.00000000e+00,1.25127006e-01,6.78631714e-03,5.12944387e+02,3.34590538e+01,1.19750808e-04,1.24903420e-05,0.00000000e+00,0.00000000e+00,0.00000000e+00,0.00000000e+00
1.45550000e+02,9.39021207e-05,6.14706310e-06,0.00000000e+00,0.00000000e+00,1.26921822e-05,1.75115244e-06,0.00000000e+00,0.00000000e+00,1.24804065e-01,6.80930492e-03,4.96472717e+02,3.06232743e+01,1.06594337e-04,6.87318825e-06,0.00000000e+00,0.00000000e+00,4.66380000e+00,1.47767852e-01
1.45650000e+02,1.00811145e-04,8.15021450e-06,0.00000000e+00,0.00000000e+00,1.22232911e-05,1.74341244e-06,0.00000000e+00,0.00000000e+00,1.25867729e-01,6.78428104e-03,5.28952739e+02,3.98850875e+01,1.13034471e-04,8.80670571e-06,0.00000000e+00,0.00000000e+00,0.00000000e+00,0.00000000e+00
1.45750000e+02,9.45546860e-05,6.07725890e-06,0.00000000e+00,0.00000000e+00,1.16953071e-05,1.66781098e-06,0.00000000e+00,0.00000000e+00,1.22360048e-01,6.62285497e-03,5.00070676e+02,3.02692900e+01,1.06250026e-04,6.76297439e-06,0.00000000e+00,0.00000000e+00,4.65700000e+00,1.48183078e-01
1.45850000e+02,9.72943917e-05,7.92573487e-06,0.00000000e+00,0.00000000e+00,1.09129793e-05,1.51679582e-06,0.00000000e+00,0.00000000e+00,1.19833068e-01,6.46175920e-03,5.09078313e+02,3.80625247e+01,1.08207404e-04,8.32313334e-06,0.00000000e+00,0.00000000e+00,0.00000000e+00,0.00000000e+00
1.45950000e+02,9.59800224e-05,7.86392055e-06,0.00000000e+00,0.00000000e+00,1.07812174e-05,1.45233066e-06,0.00000000e+00,0.00000000e+00,1.16338293e-01,6.16183690e-03,5.03638200e+02,3.79209091e+01,1.06761272e-04,8.31330795e-06,0.00000000e+00,0.00000000e+00,4.65960000e+00,1.48196219e-01
1.46050000e+02,9.53496656e-05,7.27839003e-06,0.00000000e+00,0.00000000e+00,1.00408781e-05,1.31432649e-06,0.00000000e+00,0.00000000e+00,1.14678811e-01,5.97777107e-03,4.98201971e+02,3.53312577e+01,1.05390575e-04,7.63127572e-06,0.00000000e+00,0.00000000e+00,0.00000000e+00,0.00000000e+00
1.46150000e+02,9.25526380e-05,6.50587518e-06,0.00000000e+00,0.00000000e+00,1.11653465e-05,1.78326716e-06,0.00000000e+00,0.00000000e+00,1.14180866e-01,6.18423611e-03,4.85160443e+02,3.19301445e+01,1.03718016e-04,7.10287309e-06,0.00000000e+00,0.00000000e+00,4.62780000e+00,1.45680189e-01
1.46250000e+02,9.05436513e-05,5.86978051e-06,0.00000000e+00,0.00000000e+00,1.23825393e-05,2.25731462e-06,0.00000000e+00,0.00000000e+00,1.11375466e-01,5.77692896e-03,4.74164362e+02,2.91241183e+01,1.02926221e-04,6.72001721e-06,0.00000000e+00,0.00000000e+00,0.00000000e+00,0.00000000e+00
1.46350000e+02,9.08425781e-05,5.79794295e-06,0.00000000e+00,0.00000000e+00,1.86693582e-05,6.52289783e-06,0.00000000e+00,0.00000000e+00,1.11480869e-01,5.80193052e-03,4.75011599e+02,2.88233695e+01,1.09511967e-04,9.34780176e-06,0.00000000e+00,0.00000000e+00,4.62100000e+00,1.46098443e-01
1.46450000e+02,8.89407223e-05,5.80986568e-06,0.00000000e+00,0.00000000e+00,1.88524895e-05,6.41347967e-06,0.00000000e+00,0.00000000e+00,1.10321135e-01,5.95141106e-03,4.65785916e+02,2.89846567e+01,1.07793242e-04,8.81703400e-06,0.00000000e+00,0.00000000e+00,0.00000000e+00,0.00000000e+00
1.46550000e+02,8.66686898e-05,5.98546319e-06,0.00000000e+00,0.00000000e+00,1.86686814e-05,6.41613507e-06,0.00000000e+00,0.00000000e+00,1.13302607e-01,6.76811785e-03,4.54832852e+02,2.98942072e+01,1.05337402e-04,8.90232598e-06,0.00000000e+00,0.00000000e+00,4.62080000e+00,1.47468666e-01
1.46650000e+02,8.51741611e-05,5.74486602e-06,0.00000000e+00,0.00000000e+00,1.92972074e-05,6.63196740e-06,0.00000000e+00,0.00000000e+00,1.10066233e-01,6.58087081e-03,4.47221859e+02,2.88073697e+01,1.04471399e-04,9.27789390e-06,0.00000000e+00,0.00000000e+00,0.00000000e+00,0.00000000e+00
1.46750000e+02,8.22813237e-05,5.85660648e-06,0.00000000e+00,0.00000000e+00,2.10789454e-05,6.68515889e-06,0.00000000e+00,0.00000000e+00,1.07434940e-01,6.50858716e-03,4.32780752e+02,2.91342129e+01,1.03360298e-04,9.66538561e-06,0.00000000e+00,0.00000000e+00,4.60340000e+00,1.47248398e-01
1.46850000e+02,7.97299641e-05,5.59725223e-06,0.00000000e+00,0.00000000e+00,1.94671251e-05,6.63617277e-06,0.00000000e+00,0.00000000e+00,1.02009512e-01,5.44958470e-03,4.19109142e+02,2.79320151e+01,9.91971170e-05,9.09020231e-06,0.00000000e+00,0.00000000e+00,0.00000000e+00,0.00000000e+00
1.46950000e+02,8.12158820e-05,5.78273089e-06,0.00000000e+00,0.00000000e+00,1.92686985e-05,6.61433724e-06,0.00000000e+00,0.00000000e+00,1.01613047e-01,5.65724191e-03,4.25379430e+02,2.85481026e+01,1.00484608e-04,9.21692455e-06,0.00000000e+00,0.00000000e+00,4.59240000e+00,1.47657508e-01
1.47050000e+02,8.22144153e-05,6.10880429e-06,0.00000000e+00,0.00000000e+00,1.84037357e-05,6.47230122e-06,0.00000000e+00,0.00000000e+00,1.01373271e-01,5.32052084e-03,4.29955296e+02,3.00241983e+01,1.00618179e-04,8.93615514e-06,0.00000000e+00,0.00000000e+00,0.00000000e+00,0.00000000e+00
1.47150000e+02,7.86964723e-05,5.75260595e-06,0.00000000e+00,0.00000000e+00,1.76838241e-05,6.49524360e-06,0.00000000e+00,0.00000000e+00,9.82892654e-02,5.12827026e-03,4.12704548e+02,2.84502708e+01,9.63803233e-05,8.79251083e-06,0.00000000e+00,0.00000000e+00,4.58440000e+00,1.47833928e-01
1.47250000e+02,7.42947348e-05,5.49802412e-06,0.00000000e+00,0.00000000e+00,1.78711360e-05,6.49779840e-06,0.00000000e+00,0.00000000e+00,9.58585631e-02,5.17361600e-03,3.92095190e+02,2.72093651e+01,9.21658969e-05,8.61994509e-06,0.00000000e+00,0.00000000e+00,0.00000000e+00,0.00000000e+00
1.47350000e+02,7.29756874e-05,5.76349165e-06,0.00000000e+00,0.00000000e+00,1.78696693e-05,6.46695043e-06,0.00000000e+00,0.00000000e+00,9.28776028e-02,4.94812488e-03,3.85144839e+02,2.85951224e+01,9.08453820e-05,8.49328759e-06,0.00000000e+00,0.00000000e+00,4.58340000e+00,1.47776337e-01
1.47450000e+02,7.22100270e-05,5.23794611e-06,0.00000000e+00,0.00000000e+00,1.59339507e-05,5.32208852e-06,0.00000000e+00,0.00000000e+00,9.37493398e-02,5.72021948e-03,3.81473618e+02,2.61282212e+01,8.81440033e-05,7.40607095e-06,0.00000000e+00,0.00000000e+00,0.00000000e+00,0.00000000e+00
1.47550000e+02,6.98790483e-05,4.78367176e-06,0.00000000e+00,0.00000000e+00,1.77251171e-05,7.30074543e-06,0.00000000e+00,0.00000000e+00,9.05963357e-02,5.02722955e-03,3.68997407e+02,2.37571741e+01,8.76041901e-05,9.19476594e-06,0.00000000e+00,0.00000000e+00,4.57100000e+00,1.46841369e-01
1.47650000e+02,6.87989045e-05,5.00203806e-06,0.00000000e+00,0.00000000e+00,1.02955835e-05,2.21928193e-06,0.00000000e+00,0.00000000e+00,8.87131805e-02,5.14863819e-03,3.64148926e+02,2.50322943e+01,7.90945121e-05,5.44566758e-06,0.00000000e+00,0.00000000e+00,0.00000000e+00,0.00000000e+00
1.47750000e+02,6.49021592e-05,4.51461652e-06,0.00000000e+00,0.00000000e+00,1.19019305e-05,2.81060589e-06,0.00000000e+00,0.00000000e+00,8.37369723e-02,4.52306091e-03,3.45806186e+02,2.25757985e+01,7.68041126e-05,5.67416869e-06,0.00000000e+00,0.00000000e+00,4.56200000e+00,1.46003634e-01
1.47850000e+02,6.54209610e-05,4.82438243e-06,0.00000000e+00,0.00000000e+00,1.32007941e-05,3.14408359e-06,0.00000000e+00,0.00000000e+00,8.30699886e-02,4.51355559e-03,3.49557732e+02,2.41256696e+01,7.86217778e-05,5.65910431e-06,0.00000000e+00,0.00000000e+00,0.00000000e+00,0.00000000e+00
1.47950000e+02,6.56132828e-05,4.82036251e-06,0.00000000e+00,0.00000000e+00,2.18897952e-05,9.71972764e-06,0.00000000e+00,0.00000000e+00,8.31765730e-02,4.41146865e-03,3.50488927e+02,2.41879322e+01,8.75031008e-05,1.26893689e-05,0.00000000e+00,0.00000000e+00,4.54740000e+00,1.45175140e-01
1.48050000e+02,6.53491275e-05,4.50820774e-06,0.00000000e+00,0.00000000e+00,2.18925608e-05,9.75440302e-06,0.00000000e+00,0.00000000e+00,8.34887929e-02,4.69814101e-03,3.48306644e+02,2.27269235e+01,8.72417111e-05,1.15418311e-05,0.00000000e+00,0.00000000e+00,0.00000000e+00,0.00000000e+00
1.48150000e+02,6.01934944e-05,3.64680011e-06,0.00000000e+00,0.00000000e+00,2.15234143e-05,9.76363149e-06,0.00000000e+00,0.00000000e+00,7.47912192e-02,3.72300968e-03,3.18824014e+02,1.82990757e+01,8.17169291e-05,1.12316336e-05,0.00000000e+00,0.00000000e+00,4.53940000e+00,1.45184024e-01
1.48250000e+02,5.92897428e-05,3.92856680e-06,0.00000000e+00,0.00000000e+00,2.15020037e-05,9.81360525e-06,0.00000000e+00,0.00000000e+00,7.36745819e-02,3.93617876e-03,3.15016868e+02,1.97949329e+01,8.07917666e-05,1.14595398e-05,0.00000000e+00,0.00000000e+00,0.00000000e+00,0.00000000e+00
1.48350000e+02,6.02501356e-05,4.34397367e-06,0.00000000e+00,0.00000000e+00,1.96207076e-05,9.65310970e-06,0.00000000e+00,0.00000000e+00,7.30204624e-02,3.61785457e-03,3.18135778e+02,2.14759183e+01,7.98708631e-05,1.13524854e-05,0.00000000e+00,0.00000000e+00,4.53620000e+00,1.45610016e-01
1.48450000e+02,5.61785243e-05,3.84835160e-06,0.00000000e+00,0.00000000e+00,1.87909510e-05,9.65732598e-06,0.00000000e+00,0.00000000e+00,7.13527269e-02,3.37645122e-03,2.98828755e+02,1.90849685e+01,7.49694948e-05,1.12678291e-05,0.00000000e+00,0.00000000e+00,0.00000000e+00,0.00000000e+00
1.48550000e+02,5.62170758e-05,4.24103019e-06,0.00000000e+00,0.00000000e+00,1.89040445e-05,9.66716766e-06,0.00000000e+00,0.00000000e+00,7.40622603e-02,4.37637602e-03,3.00013432e+02,2.08800015e+01,7.51211405e-05,1.14184112e-05,0.00000000e+00,0.00000000e+00,4.52940000e+00,1.46993103e-01
1.48650000e+02,5.41390969e-05,4.23475931e-06,0.00000000e+00,0.00000000e+00,1.79753737e-05,9.65756667e-06,0.00000000e+00,0.00000000e+00,7.06145465e-02,3.91209527e-03,2.89000028e+02,2.09806510e+01,7.21144899e-05,1.13519486e-05,0.00000000e+00,0.00000000e+00,0.00000000e+00,0.00000000e+00
1.48750000e+02,5.25976784e-05,3.86495212e-06,0.00000000e+00,0.00000000e+00,1.71224762e-05,9.67145791e-06,0.00000000e+00,0.00000000e+00,6.96897319e-02,4.10997507e-03,2.81426492e+02,1.94263792e+01,6.97201736e-05,1.12004795e-05,0.00000000e+00,0.00000000e+00,4.53580000e+00,1.46382248e-01
1.48850000e+02,4.85109445e-05,3.54970124e-06,0.00000000e+00,0.00000000e+00,1.28843295e-05,4.63936850e-06,0.00000000e+00,0.00000000e+00,6.44164672e-02,3.47198210e-03,2.59936489e+02,1.78537466e+01,6.13952916e-05,6.47958028e-06,0.00000000e+00,0.00000000e+00,0.00000000e+00,0.00000000e+00
1.48950000e+02,4.77855835e-05,3.52873720e-06,0.00000000e+00,0.00000000e+00,1.03651319e-05,3.71243945e-06,0.00000000e+00,0.00000000e+00,6.28410593e-02,3.49607188e-03,2.56748097e+02,1.79514283e+01,5.81507326e-05,5.58133473e-06,0.00000000e+00,0.00000000e+00,4.52520000e+00,1.45617402e-01
1.49050000e+02,4.84817979e-05,3.92598385e-06,0.00000000e+00,0.00000000e+00,6.98089056e-06,1.93827448e-06,0.00000000e+00,0.00000000e+00,6.25446772e-02,3.42547776e-03,2.59592632e+02,1.96717939e+01,5.54627056e-05,4.16264033e-06,0.00000000e+00,0.00000000e+00,0.00000000e+00,0.00000000e+00
1.49150000e+02,4.47368439e-05,3.44004605e-06,0.00000000e+00,0.00000000e+00,6.78934943e-06,1.91311012e-06,0.00000000e+00,0.00000000e+00,5.90721696e-02,3.22211242e-03,2.39478692e+02,1.71595069e+01,5.15262095e-05,3.66842305e-06,0.00000000e+00,0.00000000e+00,4.51960000e+00,1.45206668e-01
1.49250000e+02,4.31648429e-05,3.32822310e-06,0.00000000e+00,0.00000000e+00,6.21898556e-06,1.90813919e-06,0.00000000e+00,0.00000000e+00,5.66560698e-02,3.01096370e-03,2.31549926e+02,1.65698364e+01,4.93838439e-05,3.59684474e-06,0.00000000e+00,0.00000000e+00,0.00000000e+00,0.00000000e+00
1.49350000e+02,4.09862405e-05,3.12450653e-06,0.00000000e+00,0.00000000e+00,5.93721270e-06,1.91491744e-06,0.00000000e+00,0.00000000e+00,5.28371964e-02,2.82822121e-03,2.18797047e+02,1.56517473e+01,4.69234677e-05,3.43155378e-06,0.00000000e+00,0.00000000e+00,4.51060000e+00,1.44345790e-01
1.49450000e+02,3.96342553e-05,3.11307334e-06,0.00000000e+00,0.00000000e+00,5.75282729e-06,1.90297053e-06,0.00000000e+00,0.00000000e+00,5.06162307e-02,2.69054018e-03,2.11413955e+02,1.57081646e+01,4.53870964e-05,3.36773272e-06,0.00000000e+00,0.00000000e+00,0.00000000e+00,0.00000000e+00
1.49550000e+02,3.89316735e-05,3.05168825e-06,0.00000000e+00,0.00000000e+00,5.90796812e-06,1.90900918e-06,0.00000000e+00,0.00000000e+00,4.91047191e-02,2.65024897e-03,2.07180612e+02,1.54101827e+01,4.48396551e-05,3.32000515e-06,0.00000000e+00,0.00000000e+00,4.50100000e+00,1.45128304e-01
1.49650000e+02,4.30898160e-05,7.42549467e-06,0.00000000e+00,0.00000000e+00,5.84272820e-06,1.90893038e-06,0.00000000e+00,0.00000000e+00,4.76011501e-02,2.67153639e-03,2.26007217e+02,3.57982836e+01,4.89325573e-05,7.57949837e-06,0.00000000e+00,0.00000000e+00,0.00000000e+00,0.00000000e+00
1.49750000e+02,3.68730531e-05,3.26042634e-06,0.00000000e+00,0.00000000e+00,5.67123556e-06,1.91043329e-06,0.00000000e+00,0.00000000e+00,4.47687133e-02,2.38742289e-03,1.95216704e+02,1.60347779e+01,4.25443009e-05,3.49823502e-06,0.00000000e+00,0.00000000e+00,4.48560000e+00,1.44643167e-01
1.49850000e+02,3.36307199e-05,2.88942193e-06,0.00000000e+00,0.00000000e+00,5.29427131e-06,1.91213306e-06,0.00000000e+00,0.00000000e+00,4.10379384e-02,1.87867241e-03,1.78815490e+02,1.42041983e+01,3.89250025e-05,3.20628297e-06,0.00000000e+00,0.00000000e+00,0.00000000e+00,0.00000000e+00
1.49950000e+02,3.03454568e-05,1.78069840e-06,0.00000000e+00,0.00000000e+00,5.00316043e-06,1.91078214e-06,0.00000000e+00,0.00000000e+00,3.94372518e-02,1.83164078e-03,1.62593073e+02,9.02465499e+00,3.53486280e-05,2.30587943e-06,0.00000000e+00,0.00000000e+00,4.47480000e+00,1.44773219e-01
