z_cm,nXt_mean,nXt_std,fission_mean,fission_std,ngamma_mean,ngamma_std,n2n_mean,n2n_std,flux_mean,flux_std,heating_mean,heating_std,absorption_mean,absorption_std,nu_fission_mean,nu_fission_std,current_z_mean,current_z_std
5.00000000e-02,2.75567523e-03,6.54965770e-05,0.00000000e+00,0.00000000e+00,5.19096741e-04,3.23923194e-05,6.43674138e-03,7.26182959e-05,4.24242986e+00,6.04593704e-02,1.96373833e+04,3.31866453e+02,3.10506612e-03,7.81593312e-05,0.00000000e+00,0.00000000e+00,0.00000000e+00,0.00000000e+00
1.50000000e-01,2.76094762e-03,6.28288276e-05,0.00000000e+00,0.00000000e+00,4.88968110e-04,2.54965781e-05,6.40836074e-03,6.85054841e-05,4.23345147e+00,5.75959909e-02,1.96450274e+04,3.11941954e+02,3.08073916e-03,7.34146851e-05,0.00000000e+00,0.00000000e+00,1.02932000e+01,1.44271411e-01
2.50000000e-01,2.76425744e-03,6.58119366e-05,0.00000000e+00,0.00000000e+00,5.07931848e-04,2.95396500e-05,6.37112714e-03,6.36967602e-05,4.25109876e+00,5.73439264e-02,1.97151375e+04,3.18927698e+02,3.10129865e-03,8.16815894e-05,0.00000000e+00,0.00000000e+00,0.00000000e+00,0.00000000e+00
3.50000000e-01,2.78663949e-03,6.60959572e-05,0.00000000e+00,0.00000000e+00,5.32008903e-04,4.79584072e-05,6.34276456e-03,7.79376414e-05,4.27237454e+00,5.83888841e-02,1.98473333e+04,3.16649337e+02,3.14647917e-03,9.23621982e-05,0.00000000e+00,0.00000000e+00,1.02952000e+01,1.43601273e-01
4.50000000e-01,2.77154492e-03,6.55536966e-05,0.00000000e+00,0.00000000e+00,5.47728969e-04,4.18614292e-05,6.25348423e-03,3.53361515e-05,4.26287173e+00,6.01063931e-02,1.97814738e+04,3.26446453e+02,3.14991488e-03,8.86021071e-05,0.00000000e+00,0.00000000e+00,0.00000000e+00,0.00000000e+00
5.50000000e-01,2.77898723e-03,6.48249508e-05,0.00000000e+00,0.00000000e+00,5.52871721e-04,4.31547398e-05,6.22325312e-03,3.66542251e-05,4.26473400e+00,5.83117693e-02,1.97788429e+04,3.25628491e+02,3.16354093e-03,8.84801911e-05,0.00000000e+00,0.00000000e+00,1.02978000e+01,1.45398900e-01
6.50000000e-01,2.75098173e-03,6.14015141e-05,0.00000000e+00,0.00000000e+00,5.64865207e-04,4.42363888e-05,6.19894947e-03,3.78068508e-05,4.25029236e+00,5.58995812e-02,1.96104653e+04,3.17968617e+02,3.14892621e-03,8.60429168e-05,0.00000000e+00,0.00000000e+00,0.00000000e+00,0.00000000e+00
7.50000000e-01,2.78104575e-03,6.35276530e-05,0.00000000e+00,0.00000000e+00,5.59785824e-04,4.00609970e-05,6.17220805e-03,3.84247875e-05,4.27532878e+00,5.71198675e-02,1.97678631e+04,3.21452795e+02,3.17425145e-03,8.71919930e-05,0.00000000e+00,0.00000000e+00,1.03032000e+01,1.44658201e-01
8.50000000e-01,2.78550182e-03,6.31529685e-05,0.00000000e+00,0.00000000e+00,5.98124908e-04,5.33420789e-05,6.13553862e-03,3.84980583e-05,4.27145441e+00,5.82925120e-02,1.97978302e+04,3.18178190e+02,3.21752717e-03,9.09624375e-05,0.00000000e+00,0.00000000e+00,0.00000000e+00,0.00000000e+00
9.50000000e-01,2.77849544e-03,6.58524693e-05,0.00000000e+00,0.00000000e+00,5.74726276e-04,4.13709929e-05,6.10350211e-03,4.02166097e-05,4.26035374e+00,6.00390578e-02,1.97613597e+04,3.31781373e+02,3.18732359e-03,8.77588370e-05,0.00000000e+00,0.00000000e+00,1.02918000e+01,1.42035262e-01
1.05000000e+00,2.77743164e-03,6.49090337e-05,0.00000000e+00,0.00000000e+00,5.94163722e-04,4.77554995e-05,6.06724607e-03,3.95787559e-05,4.26239966e+00,5.94163762e-02,1.97371714e+04,3.29184025e+02,3.20628186e-03,9.22725790e-05,0.00000000e+00,0.00000000e+00,0.00000000e+00,0.00000000e+00
1.15000000e+00,2.78978988e-03,6.35725860e-05,0.00000000e+00,0.00000000e+00,5.79993966e-04,4.27163400e-05,6.03256827e-03,3.99879353e-05,4.27519850e+00,5.88962995e-02,1.97879759e+04,3.20455126e+02,3.20689282e-03,8.60199191e-05,0.00000000e+00,0.00000000e+00,1.03034000e+01,1.42008223e-01
1.25000000e+00,2.78794138e-03,6.51624064e-05,0.00000000e+00,0.00000000e+00,5.47325301e-04,3.55168872e-05,6.00735105e-03,4.10203921e-05,4.26380505e+00,5.75364398e-02,1.97757552e+04,3.32642655e+02,3.17352567e-03,8.46592736e-05,0.00000000e+00,0.00000000e+00,0.00000000e+00,0.00000000e+00
1.35000000e+00,2.76538730e-03,6.14077639e-05,0.00000000e+00,0.00000000e+00,5.47384906e-04,3.31550823e-05,5.97092067e-03,4.21252550e-05,4.25320670e+00,5.34749335e-02,1.96377487e+04,3.14058393e+02,3.15199819e-03,7.75448622e-05,0.00000000e+00,0.00000000e+00,1.03068000e+01,1.41232892e-01
1.45000000e+00,2.78659517e-03,6.50637579e-05,0.00000000e+00,0.00000000e+00,5.71460340e-04,3.41310426e-05,5.95937099e-03,4.45904487e-05,4.25651664e+00,5.73551480e-02,1.97117681e+04,3.28746233e+02,3.19735177e-03,8.29784493e-05,0.00000000e+00,0.00000000e+00,0.00000000e+00,0.00000000e+00
1.55000000e+00,2.80972287e-03,6.28448701e-05,0.00000000e+00,0.00000000e+00,5.65069443e-04,2.99024865e-05,5.94404918e-03,5.20441804e-05,4.27394323e+00,5.51359235e-02,1.98331860e+04,3.28943290e+02,3.21390009e-03,7.88784402e-05,0.00000000e+00,0.00000000e+00,1.03132000e+01,1.39569145e-01
1.65000000e+00,2.81102391e-03,6.32442183e-05,0.00000000e+00,0.00000000e+00,5.61683765e-04,3.14264929e-05,5.94723728e-03,6.76923680e-05,4.27066661e+00,5.53360344e-02,1.98191128e+04,3.24834548e+02,3.21033636e-03,8.23686957e-05,0.00000000e+00,0.00000000e+00,0.00000000e+00,0.00000000e+00
1.75000000e+00,2.79623063e-03,6.42915526e-05,0.00000000e+00,0.00000000e+00,5.52487646e-04,3.24329603e-05,5.89978723e-03,5.31106533e-05,4.25944404e+00,5.49205195e-02,1.97307608e+04,3.27730952e+02,3.18776323e-03,8.53656930e-05,0.00000000e+00,0.00000000e+00,1.03212000e+01,1.40636059e-01
1.85000000e+00,2.79287645e-03,7.05781415e-05,0.00000000e+00,0.00000000e+00,5.65781898e-04,3.46505748e-05,5.85243999e-03,4.71364419e-05,4.23717202e+00,5.72183985e-02,1.97109450e+04,3.60443424e+02,3.19717161e-03,9.09166174e-05,0.00000000e+00,0.00000000e+00,0.00000000e+00,0.00000000e+00
1.95000000e+00,2.77131175e-03,6.57728436e-05,0.00000000e+00,0.00000000e+00,5.91919871e-04,6.44537287e-05,5.83672511e-03,4.98753460e-05,4.24509382e+00,6.02569850e-02,1.95815228e+04,3.36169819e+02,3.20202671e-03,9.77507694e-05,0.00000000e+00,0.00000000e+00,1.03382000e+01,1.41709300e-01
2.05000000e+00,2.77201022e-03,6.32519712e-05,0.00000000e+00,0.00000000e+00,5.39859547e-04,2.62985083e-05,5.82932455e-03,5.69022423e-05,4.25545014e+00,6.22284577e-02,1.95780211e+04,3.31582600e+02,3.15196903e-03,7.52518824e-05,0.00000000e+00,0.00000000e+00,0.00000000e+00,0.00000000e+00
2.15000000e+00,2.79224402e-03,6.22808466e-05,0.00000000e+00,0.00000000e+00,5.29327197e-04,2.29263770e-05,5.82384958e-03,6.81709972e-05,4.26246995e+00,5.90436235e-02,1.97202945e+04,3.34625231e+02,3.16296399e-03,7.40382730e-05,0.00000000e+00,0.00000000e+00,1.03226000e+01,1.41005083e-01
2.25000000e+00,2.80046044e-03,6.23109875e-05,0.00000000e+00,0.00000000e+00,5.61641775e-04,2.65260130e-05,5.81118806e-03,8.49215320e-05,4.27737255e+00,5.93971618e-02,1.96890127e+04,3.36795050e+02,3.20577896e-03,7.37880255e-05,0.00000000e+00,0.00000000e+00,0.00000000e+00,0.00000000e+00
2.35000000e+00,2.79823247e-03,6.02942907e-05,0.00000000e+00,0.00000000e+00,6.07870064e-04,4.76601489e-05,5.72122636e-03,6.89414822e-05,4.27020210e+00,5.67214825e-02,1.96126556e+04,3.12123258e+02,3.25274842e-03,8.25441208e-05,0.00000000e+00,0.00000000e+00,1.03198000e+01,1.39233027e-01
2.45000000e+00,2.79440133e-03,6.02999666e-05,0.00000000e+00,0.00000000e+00,5.39843510e-04,2.08390642e-05,5.67076809e-03,6.81514879e-05,4.25045611e+00,5.61319270e-02,1.95651869e+04,3.15880728e+02,3.18262278e-03,7.03793328e-05,0.00000000e+00,0.00000000e+00,0.00000000e+00,0.00000000e+00
2.55000000e+00,2.80174429e-03,5.81205041e-05,0.00000000e+00,0.00000000e+00,5.43709987e-04,2.26420465e-05,5.66836595e-03,7.80913899e-05,4.25654134e+00,5.52636762e-02,1.95820081e+04,3.03520780e+02,3.19465036e-03,6.70797477e-05,0.00000000e+00,0.00000000e+00,1.03088000e+01,1.38298004e-01
2.65000000e+00,2.78217236e-03,5.84267457e-05,0.00000000e+00,0.00000000e+00,5.46102230e-04,2.49412966e-05,5.54690625e-03,5.96023561e-05,4.24776809e+00,5.41798600e-02,1.94634384e+04,3.06331553e+02,3.18080493e-03,6.67126179e-05,0.00000000e+00,0.00000000e+00,0.00000000e+00,0.00000000e+00
2.75000000e+00,2.77178800e-03,5.87775650e-05,0.00000000e+00,0.00000000e+00,6.14146826e-04,5.97137009e-05,5.51137132e-03,6.17562940e-05,4.24607523e+00,5.78055234e-02,1.94323494e+04,3.04307918e+02,3.23910439e-03,8.50401097e-05,0.00000000e+00,0.00000000e+00,1.03074000e+01,1.36818309e-01
2.85000000e+00,2.77080559e-03,5.86469702e-05,0.00000000e+00,0.00000000e+00,5.61251502e-04,2.88386053e-05,5.49172341e-03,6.38625713e-05,4.24869783e+00,6.05094037e-02,1.94060763e+04,3.07840709e+02,3.18539904e-03,7.01468630e-05,0.00000000e+00,0.00000000e+00,0.00000000e+00,0.00000000e+00
2.95000000e+00,2.76561028e-03,5.86033395e-05,0.00000000e+00,0.00000000e+00,5.55588625e-04,2.97252730e-05,5.48722773e-03,7.26253696e-05,4.25152931e+00,6.49290751e-02,1.93984950e+04,3.09160698e+02,3.17407466e-03,7.01593247e-05,0.00000000e+00,0.00000000e+00,1.03010000e+01,1.36247149e-01
3.05000000e+00,2.79836603e-03,5.55640294e-05,0.00000000e+00,0.00000000e+00,5.77890683e-04,3.14073612e-05,5.46508235e-03,7.13862128e-05,4.26329228e+00,5.83303336e-02,1.95600961e+04,2.92261749e+02,3.22867162e-03,6.78878234e-05,0.00000000e+00,0.00000000e+00,0.00000000e+00,0.00000000e+00
3.15000000e+00,2.79354195e-03,5.46217434e-05,0.00000000e+00,0.00000000e+00,6.10199189e-04,3.52881885e-05,5.41556477e-03,8.34461229e-05,4.24510754e+00,5.94220937e-02,1.94625656e+04,2.86439273e+02,3.25707672e-03,7.07702267e-05,0.00000000e+00,0.00000000e+00,1.03048000e+01,1.37437552e-01
3.25000000e+00,2.78051690e-03,5.71273376e-05,0.00000000e+00,0.00000000e+00,5.71240952e-04,2.58669944e-05,5.36924775e-03,9.30683003e-05,4.24581240e+00,5.80516050e-02,1.94236846e+04,3.02282186e+02,3.20544962e-03,6.56681038e-05,0.00000000e+00,0.00000000e+00,0.00000000e+00,0.00000000e+00
3.35000000e+00,2.79503985e-03,5.98180154e-05,0.00000000e+00,0.00000000e+00,5.78088547e-04,2.78694747e-05,5.30474119e-03,8.81350761e-05,4.26252586e+00,5.67251646e-02,1.94656603e+04,3.10428453e+02,3.22809128e-03,7.17040468e-05,0.00000000e+00,0.00000000e+00,1.03076000e+01,1.35494125e-01
3.45000000e+00,2.78739196e-03,5.84095137e-05,0.00000000e+00,0.00000000e+00,5.77149184e-04,2.61865040e-05,5.22721500e-03,5.35797026e-05,4.25394987e+00,5.80406610e-02,1.93778237e+04,3.00536792e+02,3.22228848e-03,7.12567064e-05,0.00000000e+00,0.00000000e+00,0.00000000e+00,0.00000000e+00
3.55000000e+00,2.74674778e-03,5.58739872e-05,0.00000000e+00,0.00000000e+00,5.53488508e-04,2.56643225e-05,5.19466157e-03,5.29023524e-05,4.22343295e+00,5.65557923e-02,1.91521668e+04,2.88859070e+02,3.15867930e-03,6.87058786e-05,0.00000000e+00,0.00000000e+00,1.02818000e+01,1.37205251e-01
3.65000000e+00,2.73755694e-03,5.46202661e-05,0.00000000e+00,0.00000000e+00,6.01372035e-04,4.82751309e-05,5.16865983e-03,5.48190192e-05,4.23942146e+00,5.65626675e-02,1.91701320e+04,2.83946540e+02,3.19652060e-03,7.15068340e-05,0.00000000e+00,0.00000000e+00,0.00000000e+00,0.00000000e+00
3.75000000e+00,2.75230581e-03,5.54726780e-05,0.00000000e+00,0.00000000e+00,6.44270058e-04,6.70736391e-05,5.11302020e-03,5.34836829e-05,4.24551824e+00,5.50229412e-02,1.91911856e+04,2.80016036e+02,3.25574984e-03,9.05824887e-05,0.00000000e+00,0.00000000e+00,1.02630000e+01,1.40349782e-01
3.85000000e+00,2.73863592e-03,5.55966328e-05,0.00000000e+00,0.00000000e+00,5.75546362e-04,3.20868956e-05,5.07419887e-03,5.08185978e-05,4.20674048e+00,5.50699735e-02,1.90625696e+04,2.84700363e+02,3.17442281e-03,6.92071326e-05,0.00000000e+00,0.00000000e+00,0.00000000e+00,0.00000000e+00
3.95000000e+00,2.76910647e-03,6.51934863e-05,0.00000000e+00,0.00000000e+00,5.63973389e-04,3.14876673e-05,5.04030028e-03,5.16438380e-05,4.22021474e+00,5.77684582e-02,1.92239308e+04,3.38294052e+02,3.19416567e-03,7.57323652e-05,0.00000000e+00,0.00000000e+00,1.02650000e+01,1.43189969e-01
4.05000000e+00,2.73281199e-03,5.51732310e-05,0.00000000e+00,0.00000000e+00,5.54400400e-04,3.12524494e-05,5.00274422e-03,5.18267796e-05,4.22225876e+00,5.49517208e-02,1.90380631e+04,2.95469103e+02,3.14856410e-03,6.90475646e-05,0.00000000e+00,0.00000000e+00,0.00000000e+00,0.00000000e+00
4.15000000e+00,2.72125654e-03,5.43983087e-05,0.00000000e+00,0.00000000e+00,5.24465146e-04,2.20782175e-05,4.96851380e-03,5.16200750e-05,4.22441310e+00,5.63208916e-02,1.89723739e+04,2.84831073e+02,3.10942439e-03,6.28569927e-05,0.00000000e+00,0.00000000e+00,1.02456000e+01,1.40379997e-01
4.25000000e+00,2.74651264e-03,5.08632671e-05,0.00000000e+00,0.00000000e+00,5.17210615e-04,2.02070019e-05,4.97067611e-03,6.32266283e-05,4.24081540e+00,5.47041901e-02,1.90427805e+04,2.60350788e+02,3.12703006e-03,5.96663383e-05,0.00000000e+00,0.00000000e+00,0.00000000e+00,0.00000000e+00
4.35000000e+00,2.74474790e-03,5.06798327e-05,0.00000000e+00,0.00000000e+00,5.11420621e-04,1.99522327e-05,4.91789656e-03,5.93123444e-05,4.22670736e+00,5.12564081e-02,1.89836109e+04,2.59868726e+02,3.12163354e-03,6.06940922e-05,0.00000000e+00,0.00000000e+00,1.02490000e+01,1.40428281e-01
4.45000000e+00,2.71886312e-03,5.32144530e-05,0.00000000e+00,0.00000000e+00,5.07915986e-04,1.94999814e-05,4.89614397e-03,6.32072215e-05,4.20194578e+00,5.44878631e-02,1.88797779e+04,2.80660299e+02,3.09283880e-03,6.32839391e-05,0.00000000e+00,0.00000000e+00,0.00000000e+00,0.00000000e+00
4.55000000e+00,2.72628155e-03,5.05751056e-05,0.00000000e+00,0.00000000e+00,5.40166574e-04,3.05233102e-05,4.92026823e-03,8.37680271e-05,4.21691956e+00,5.45894497e-02,1.89174133e+04,2.62016254e+02,3.13220859e-03,6.39963903e-05,0.00000000e+00,0.00000000e+00,1.02554000e+01,1.38628327e-01
4.65000000e+00,2.71812676e-03,5.18333881e-05,0.00000000e+00,0.00000000e+00,5.43141312e-04,2.77727912e-05,4.89200218e-03,7.85515880e-05,4.22498745e+00,5.25583036e-02,1.88847667e+04,2.68082043e+02,3.12781464e-03,6.34670812e-05,0.00000000e+00,0.00000000e+00,0.00000000e+00,0.00000000e+00
4.75000000e+00,2.74881992e-03,5.60227408e-05,0.00000000e+00,0.00000000e+00,5.85486965e-04,3.22760334e-05,4.84610399e-03,7.28332875e-05,4.23634066e+00,5.09092449e-02,1.90288887e+04,2.92442462e+02,3.20149514e-03,6.89135491e-05,0.00000000e+00,0.00000000e+00,1.02330000e+01,1.37465766e-01
4.85000000e+00,2.74225722e-03,5.54989676e-05,0.00000000e+00,0.00000000e+00,5.72340608e-04,3.44370277e-05,4.81564406e-03,7.05223923e-05,4.22370313e+00,5.16417654e-02,1.89479545e+04,2.92033485e+02,3.18071062e-03,7.57588478e-05,0.00000000e+00,0.00000000e+00,0.00000000e+00,0.00000000e+00
4.95000000e+00,2.75634888e-03,5.35587480e-05,0.00000000e+00,0.00000000e+00,5.68992687e-04,3.75665852e-05,4.81305799e-03,7.51239788e-05,4.24111703e+00,5.14197819e-02,1.90851856e+04,2.82278993e+02,3.18863575e-03,7.49863280e-05,0.00000000e+00,0.00000000e+00,1.02346000e+01,1.37246452e-01
5.05000000e+00,2.75042706e-03,5.41935941e-05,0.00000000e+00,0.00000000e+00,5.18194239e-04,2.60248167e-05,4.76062539e-03,7.15502571e-05,4.21548783e+00,4.79699159e-02,1.90245485e+04,2.72868967e+02,3.13442651e-03,6.55704366e-05,0.00000000e+00,0.00000000e+00,0.00000000e+00,0.00000000e+00
5.15000000e+00,2.74166430e-03,5.08956569e-05,0.00000000e+00,0.00000000e+00,5.17833044e-04,2.61631443e-05,4.70971982e-03,6.54961764e-05,4.20798574e+00,4.81004521e-02,1.88989218e+04,2.55793439e+02,3.12930390e-03,6.28483513e-05,0.00000000e+00,0.00000000e+00,1.02400000e+01,1.36956719e-01
5.25000000e+00,2.73290355e-03,4.92998704e-05,0.00000000e+00,0.00000000e+00,5.21119068e-04,2.49275072e-05,4.67817813e-03,6.57422234e-05,4.19499741e+00,4.91150882e-02,1.88268411e+04,2.50124935e+02,3.12611590e-03,6.13996801e-05,0.00000000e+00,0.00000000e+00,0.00000000e+00,0.00000000e+00
5.35000000e+00,2.72534377e-03,5.03134306e-05,0.00000000e+00,0.00000000e+00,5.47195890e-04,2.64165195e-05,4.65476480e-03,6.92407821e-05,4.19777703e+00,4.79462334e-02,1.88084820e+04,2.50842708e+02,3.14446564e-03,6.20942855e-05,0.00000000e+00,0.00000000e+00,1.02190000e+01,1.38289920e-01
5.45000000e+00,2.75844093e-03,5.13720115e-05,0.00000000e+00,0.00000000e+00,5.50066460e-04,2.82115081e-05,4.61364482e-03,6.53937240e-05,4.20778415e+00,4.56607201e-02,1.89550168e+04,2.54185306e+02,3.18145014e-03,6.37364311e-05,0.00000000e+00,0.00000000e+00,0.00000000e+00,0.00000000e+00
5.55000000e+00,2.74440674e-03,4.60753123e-05,0.00000000e+00,0.00000000e+00,5.74088058e-04,4.07533843e-05,4.59805944e-03,6.38113550e-05,4.18481240e+00,4.39568573e-02,1.89157682e+04,2.18147369e+02,3.18934574e-03,6.94284301e-05,0.00000000e+00,0.00000000e+00,1.02114000e+01,1.38079542e-01
5.65000000e+00,2.74356925e-03,4.79582411e-05,0.00000000e+00,0.00000000e+00,5.52430859e-04,2.87383610e-05,4.74847370e-03,2.00448435e-04,4.18122190e+00,4.52311275e-02,1.89293944e+04,2.59963817e+02,3.16401188e-03,6.07457750e-05,0.00000000e+00,0.00000000e+00,0.00000000e+00,0.00000000e+00
5.75000000e+00,2.73938762e-03,4.83513692e-05,0.00000000e+00,0.00000000e+00,6.15951906e-04,4.34524641e-05,4.55118828e-03,6.83457550e-05,4.17444670e+00,4.65641092e-02,1.88095818e+04,2.49870580e+02,3.22832962e-03,6.85768549e-05,0.00000000e+00,0.00000000e+00,1.02096000e+01,1.37493884e-01
5.85000000e+00,2.72033678e-03,4.98811284e-05,0.00000000e+00,0.00000000e+00,5.70251195e-04,3.22768985e-05,4.57563456e-03,8.44255006e-05,4.16316651e+00,4.87907956e-02,1.87457063e+04,2.58008435e+02,3.16278023e-03,6.23489780e-05,0.00000000e+00,0.00000000e+00,0.00000000e+00,0.00000000e+00
5.95000000e+00,2.73874850e-03,4.98490409e-05,0.00000000e+00,0.00000000e+00,5.56790439e-04,3.10482190e-05,4.58020914e-03,1.00888830e-04,4.20083394e+00,5.14136762e-02,1.88429233e+04,2.62680281e+02,3.16694247e-03,6.12103332e-05,0.00000000e+00,0.00000000e+00,1.02062000e+01,1.36995424e-01
6.05000000e+00,2.73153749e-03,5.26063828e-05,0.00000000e+00,0.00000000e+00,5.67911442e-04,4.10948242e-05,4.53513207e-03,7.68672285e-05,4.16628837e+00,5.11451709e-02,1.87231184e+04,2.74255063e+02,3.16916401e-03,7.09933624e-05,0.00000000e+00,0.00000000e+00,0.00000000e+00,0.00000000e+00
6.15000000e+00,2.69283003e-03,5.04017552e-05,0.00000000e+00,0.00000000e+00,5.51692328e-04,2.53129793e-05,4.46918640e-03,7.22935784e-05,4.15003999e+00,4.83266154e-02,1.85288718e+04,2.58801500e+02,3.11722471e-03,5.82449095e-05,0.00000000e+00,0.00000000e+00,1.02110000e+01,1.39392926e-01
6.25000000e+00,2.70652935e-03,5.48913113e-05,0.00000000e+00,0.00000000e+00,5.80221807e-04,5.51709162e-05,4.40551550e-03,6.73837913e-05,4.15647014e+00,5.04125148e-02,1.85824225e+04,2.83410092e+02,3.16241896e-03,7.03754085e-05,0.00000000e+00,0.00000000e+00,0.00000000e+00,0.00000000e+00
6.35000000e+00,2.72046358e-03,5.39532908e-05,0.00000000e+00,0.00000000e+00,5.16967277e-04,1.93418521e-05,4.36317407e-03,6.56174696e-05,4.16783094e+00,5.11115765e-02,1.86418586e+04,2.78958302e+02,3.11343177e-03,6.21870535e-05,0.00000000e+00,0.00000000e+00,1.01938000e+01,1.36863969e-01
6.45000000e+00,2.73027994e-03,5.12741251e-05,0.00000000e+00,0.00000000e+00,5.37148672e-04,2.69735362e-05,4.39890670e-03,9.54874789e-05,4.17804736e+00,5.16964008e-02,1.87017245e+04,2.69983460e+02,3.14273078e-03,6.03776108e-05,0.00000000e+00,0.00000000e+00,0.00000000e+00,0.00000000e+00
6.55000000e+00,2.74301389e-03,5.35033114e-05,0.00000000e+00,0.00000000e+00,5.39341880e-04,2.29265911e-05,4.37161577e-03,9.69177052e-05,4.18784315e+00,5.36348567e-02,1.87702474e+04,2.82152504e+02,3.15941094e-03,6.33713936e-05,0.00000000e+00,0.00000000e+00,1.01934000e+01,1.35700634e-01
6.65000000e+00,2.73240091e-03,5.31742014e-05,0.00000000e+00,0.00000000e+00,5.57704516e-04,2.70188883e-05,4.38639050e-03,1.19327196e-04,4.16508133e+00,5.06403624e-02,1.86927529e+04,2.73645190e+02,3.16698748e-03,6.73453011e-05,0.00000000e+00,0.00000000e+00,0.00000000e+00,0.00000000e+00
6.75000000e+00,2.73667290e-03,5.48364172e-05,0.00000000e+00,0.00000000e+00,6.07241852e-04,4.77973926e-05,4.30697094e-03,7.41961465e-05,4.15931049e+00,5.23559893e-02,1.87051885e+04,2.82307177e+02,3.22000444e-03,8.06791665e-05,0.00000000e+00,0.00000000e+00,1.01986000e+01,1.37260667e-01
6.85000000e+00,2.71972967e-03,5.45418277e-05,0.00000000e+00,0.00000000e+00,5.94810770e-04,4.21534586e-05,4.29690381e-03,8.70043648e-05,4.13804825e+00,4.95466978e-02,1.85003349e+04,2.73056607e+02,3.19398931e-03,7.62306769e-05,0.00000000e+00,0.00000000e+00,0.00000000e+00,0.00000000e+00
6.95000000e+00,2.70498395e-03,5.23980757e-05,0.00000000e+00,0.00000000e+00,6.35885768e-04,5.26738561e-05,4.20094510e-03,6.64212124e-05,4.11462615e+00,4.66288451e-02,1.84064119e+04,2.62319025e+02,3.22282621e-03,8.23515907e-05,0.00000000e+00,0.00000000e+00,1.01846000e+01,1.38397891e-01
7.05000000e+00,2.70884767e-03,5.39554374e-05,0.00000000e+00,0.00000000e+00,6.63416131e-04,5.19854745e-05,4.16756007e-03,6.87254562e-05,4.11299647e+00,4.56238011e-02,1.84176508e+04,2.64870494e+02,3.25400461e-03,8.54659044e-05,0.00000000e+00,0.00000000e+00,0.00000000e+00,0.00000000e+00
7.15000000e+00,2.70284857e-03,5.25735118e-05,0.00000000e+00,0.00000000e+00,6.68548284e-04,1.14246354e-04,4.09555508e-03,6.17042243e-05,4.10952980e+00,4.38123679e-02,1.83093571e+04,2.61418227e+02,3.25563301e-03,1.39135751e-04,0.00000000e+00,0.00000000e+00,1.01674000e+01,1.35785789e-01
7.25000000e+00,2.69304194e-03,5.15753940e-05,0.00000000e+00,0.00000000e+00,5.50030133e-04,2.41206111e-05,4.03922789e-03,6.03228941e-05,4.11540159e+00,4.50602929e-02,1.82522986e+04,2.55063669e+02,3.12908554e-03,6.73106726e-05,0.00000000e+00,0.00000000e+00,0.00000000e+00,0.00000000e+00
7.35000000e+00,2.66380324e-03,4.82326706e-05,0.00000000e+00,0.00000000e+00,5.46728390e-04,2.51127889e-05,4.00915723e-03,6.00979033e-05,4.11097124e+00,4.83489956e-02,1.80921346e+04,2.46742335e+02,3.09750276e-03,6.38862331e-05,0.00000000e+00,0.00000000e+00,1.01610000e+01,1.34712771e-01
7.45000000e+00,2.69478595e-03,5.24401846e-05,0.00000000e+00,0.00000000e+00,5.68250814e-04,2.99723689e-05,4.04372913e-03,9.14665350e-05,4.12006453e+00,4.87423154e-02,1.82467539e+04,2.66393168e+02,3.14938014e-03,7.31138547e-05,0.00000000e+00,0.00000000e+00,0.00000000e+00,0.00000000e+00
7.55000000e+00,2.68043890e-03,4.97487455e-05,0.00000000e+00,0.00000000e+00,5.59775329e-04,2.83292085e-05,4.02023394e-03,9.97849497e-05,4.08760795e+00,4.78392209e-02,1.81703764e+04,2.51001270e+02,3.12697033e-03,6.84915318e-05,0.00000000e+00,0.00000000e+00,1.01462000e+01,1.33184203e-01
7.65000000e+00,2.68172068e-03,4.83899581e-05,0.00000000e+00,0.00000000e+00,5.70380757e-04,3.94653440e-05,4.03212933e-03,1.00474556e-04,4.10728774e+00,4.90976280e-02,1.82266312e+04,2.47604006e+02,3.13357142e-03,6.76709712e-05,0.00000000e+00,0.00000000e+00,0.00000000e+00,0.00000000e+00
7.75000000e+00,2.69344630e-03,4.90187110e-05,0.00000000e+00,0.00000000e+00,5.70237224e-04,3.16649512e-05,4.04324356e-03,1.07901423e-04,4.12810803e+00,4.78336799e-02,1.82696936e+04,2.40581185e+02,3.15015595e-03,6.22536765e-05,0.00000000e+00,0.00000000e+00,1.01210000e+01,1.32358280e-01
7.85000000e+00,2.68522602e-03,4.85655429e-05,0.00000000e+00,0.00000000e+00,5.49252638e-04,2.39695303e-05,3.99621410e-03,9.38758781e-05,4.11859166e+00,4.61487764e-02,1.82141999e+04,2.40527351e+02,3.12213594e-03,5.82580944e-05,0.00000000e+00,0.00000000e+00,0.00000000e+00,0.00000000e+00
7.95000000e+00,2.68120717e-03,4.56358420e-05,0.00000000e+00,0.00000000e+00,5.12899141e-04,1.99617331e-05,3.95430815e-03,9.26492591e-05,4.12987190e+00,4.51060924e-02,1.81791029e+04,2.34337028e+02,3.08289911e-03,5.59345355e-05,0.00000000e+00,0.00000000e+00,1.01178000e+01,1.30365981e-01
8.05000000e+00,2.67067071e-03,4.24608526e-05,0.00000000e+00,0.00000000e+00,5.51855088e-04,2.81734025e-05,3.93659920e-03,9.11925478e-05,4.11965033e+00,4.46661689e-02,1.80833764e+04,2.17269466e+02,3.11180342e-03,5.02686418e-05,0.00000000e+00,0.00000000e+00,0.00000000e+00,0.00000000e+00
8.15000000e+00,2.67902949e-03,4.40791275e-05,0.00000000e+00,0.00000000e+00,6.23241134e-04,5.32106956e-05,3.93155019e-03,1.19998891e-04,4.13433092e+00,4.32339555e-02,1.81204376e+04,2.10593137e+02,3.19237799e-03,6.32174970e-05,0.00000000e+00,0.00000000e+00,1.01282000e+01,1.29487747e-01
8.25000000e+00,2.67380156e-03,4.30906016e-05,0.00000000e+00,0.00000000e+00,5.71118661e-04,4.36386657e-05,3.90616428e-03,1.19445911e-04,4.11436126e+00,4.35276593e-02,1.80621702e+04,2.05029274e+02,3.13412604e-03,5.92207016e-05,0.00000000e+00,0.00000000e+00,0.00000000e+00,0.00000000e+00
8.35000000e+00,2.67523318e-03,4.77978015e-05,0.00000000e+00,0.00000000e+00,5.27709252e-04,2.55682673e-05,3.92541473e-03,1.32135567e-04,4.10252226e+00,4.51137557e-02,1.80690164e+04,2.38590121e+02,3.09402310e-03,5.57509670e-05,0.00000000e+00,0.00000000e+00,1.01216000e+01,1.27274846e-01
8.45000000e+00,2.68038060e-03,5.01926316e-05,0.00000000e+00,0.00000000e+00,5.18132620e-04,2.11062193e-05,3.77619739e-03,8.61642783e-05,4.09169828e+00,4.78390461e-02,1.80246550e+04,2.48512241e+02,3.09297449e-03,6.05847405e-05,0.00000000e+00,0.00000000e+00,0.00000000e+00,0.00000000e+00
8.55000000e+00,2.67639897e-03,4.62798819e-05,0.00000000e+00,0.00000000e+00,5.11110720e-04,1.96052919e-05,3.86974837e-03,1.42984847e-04,4.10351631e+00,4.87504641e-02,1.80511760e+04,2.37455588e+02,3.07947263e-03,5.43435031e-05,0.00000000e+00,0.00000000e+00,1.01190000e+01,1.26324251e-01
8.65000000e+00,2.65783908e-03,5.30750336e-05,0.00000000e+00,0.00000000e+00,5.12902940e-04,1.82136696e-05,3.72693501e-03,8.53077982e-05,4.07530598e+00,4.33909820e-02,1.78852975e+04,2.60463954e+02,3.06675661e-03,6.25350690e-05,0.00000000e+00,0.00000000e+00,0.00000000e+00,0.00000000e+00
8.75000000e+00,2.63633868e-03,4.99591293e-05,0.00000000e+00,0.00000000e+00,5.31061609e-04,2.50265276e-05,3.69679732e-03,8.52834410e-05,4.07524714e+00,4.57806356e-02,1.77784604e+04,2.42543003e+02,3.06458391e-03,6.07826991e-05,0.00000000e+00,0.00000000e+00,1.01096000e+01,1.22617028e-01
8.85000000e+00,2.64750761e-03,4.89699580e-05,0.00000000e+00,0.00000000e+00,5.20842101e-04,2.28929108e-05,3.68444892e-03,8.61508546e-05,4.08821976e+00,4.80906156e-02,1.78115802e+04,2.47184336e+02,3.06567519e-03,5.83241793e-05,0.00000000e+00,0.00000000e+00,0.00000000e+00,0.00000000e+00
8.95000000e+00,2.63247665e-03,5.08134924e-05,0.00000000e+00,0.00000000e+00,5.36010806e-04,2.49641203e-05,3.63759171e-03,8.67963938e-05,4.07329031e+00,4.69876468e-02,1.77183832e+04,2.57741568e+02,3.06697943e-03,6.07727422e-05,0.00000000e+00,0.00000000e+00,1.00982000e+01,1.22787585e-01
9.05000000e+00,2.62121335e-03,4.93418755e-05,0.00000000e+00,0.00000000e+00,5.30111819e-04,2.09697417e-05,3.58758497e-03,8.05966440e-05,4.06637062e+00,4.88144456e-02,1.76122887e+04,2.52678673e+02,3.05109290e-03,5.78578984e-05,0.00000000e+00,0.00000000e+00,0.00000000e+00,0.00000000e+00
9.15000000e+00,2.61711942e-03,4.99027146e-05,0.00000000e+00,0.00000000e+00,5.08654477e-04,2.14823016e-05,3.56018018e-03,8.14907472e-05,4.04702663e+00,4.84893772e-02,1.75441944e+04,2.57857570e+02,3.02538362e-03,5.67194360e-05,0.00000000e+00,0.00000000e+00,1.00852000e+01,1.19524992e-01
9.25000000e+00,2.63781021e-03,5.23048881e-05,0.00000000e+00,0.00000000e+00,5.08049573e-04,2.06411012e-05,3.53155181e-03,8.12844746e-05,4.04426073e+00,5.23227089e-02,1.75948652e+04,2.63205545e+02,3.04742881e-03,5.97599459e-05,0.00000000e+00,0.00000000e+00,0.00000000e+00,0.00000000e+00
9.35000000e+00,2.63316802e-03,5.46552548e-05,0.00000000e+00,0.00000000e+00,4.93755764e-04,1.69881318e-05,3.49639251e-03,7.56646664e-05,4.02638699e+00,5.08463663e-02,1.75511640e+04,2.73285145e+02,3.03049642e-03,5.98748926e-05,0.00000000e+00,0.00000000e+00,1.00906000e+01,1.17355003e-01
9.45000000e+00,2.64721665e-03,5.13855443e-05,0.00000000e+00,0.00000000e+00,4.90453269e-04,1.91996968e-05,3.46063704e-03,7.13145301e-05,4.03522648e+00,4.98647511e-02,1.76006668e+04,2.57783001e+02,3.04302267e-03,5.62693340e-05,0.00000000e+00,0.00000000e+00,0.00000000e+00,0.00000000e+00
9.55000000e+00,2.62317660e-03,4.88766123e-05,0.00000000e+00,0.00000000e+00,5.16316584e-04,3.29529608e-05,3.44686707e-03,7.23453650e-05,4.01516770e+00,4.51258907e-02,1.74782331e+04,2.47607673e+02,3.04526950e-03,6.18969592e-05,0.00000000e+00,0.00000000e+00,1.00868000e+01,1.18395546e-01
9.65000000e+00,2.60840529e-03,4.59205879e-05,0.00000000e+00,0.00000000e+00,5.42626105e-04,3.96057896e-05,3.41221937e-03,7.15193346e-05,4.01369084e+00,4.43376105e-02,1.73749352e+04,2.34177598e+02,3.05761244e-03,6.22201214e-05,0.00000000e+00,0.00000000e+00,0.00000000e+00,0.00000000e+00
9.75000000e+00,2.61735680e-03,4.73194774e-05,0.00000000e+00,0.00000000e+00,5.23650474e-04,2.81063126e-05,3.38926477e-03,7.16212242e-05,4.02159349e+00,4.55911192e-02,1.73929739e+04,2.41833854e+02,3.04784676e-03,5.66468388e-05,0.00000000e+00,0.00000000e+00,1.00934000e+01,1.18467634e-01
9.85000000e+00,2.61516625e-03,4.48964008e-05,0.00000000e+00,0.00000000e+00,5.03264085e-04,2.16141467e-05,3.33104658e-03,6.60435359e-05,4.05495133e+00,4.56583289e-02,1.74775757e+04,2.35675111e+02,3.02679435e-03,4.98194970e-05,0.00000000e+00,0.00000000e+00,0.00000000e+00,0.00000000e+00
9.95000000e+00,2.62286135e-03,4.38267039e-05,0.00000000e+00,0.00000000e+00,5.01184414e-04,1.87108489e-05,3.28813893e-03,6.81541864e-05,4.05051731e+00,4.13710966e-02,1.74633863e+04,2.16587474e+02,3.03350464e-03,4.81925767e-05,0.00000000e+00,0.00000000e+00,1.00670000e+01,1.19581669e-01
1.00500000e+01,2.59608585e-03,4.44617005e-05,0.00000000e+00,0.00000000e+00,5.12608662e-04,2.25869501e-05,3.31715144e-03,1.00338165e-04,4.02490224e+00,4.37983057e-02,1.73036640e+04,2.28616872e+02,3.01749869e-03,5.06343736e-05,0.00000000e+00,0.00000000e+00,0.00000000e+00,0.00000000e+00
1.01500000e+01,2.59735311e-03,4.43118035e-05,0.00000000e+00,0.00000000e+00,5.26131768e-04,2.20386364e-05,3.29524272e-03,9.89100730e-05,4.01817802e+00,4.44186988e-02,1.73152558e+04,2.34448619e+02,3.03301965e-03,5.04268497e-05,0.00000000e+00,0.00000000e+00,1.00422000e+01,1.17216802e-01
1.02500000e+01,2.61202206e-03,4.51988694e-05,0.00000000e+00,0.00000000e+00,5.30274007e-04,2.08561730e-05,3.35974831e-03,1.84397859e-04,4.00600842e+00,4.47587534e-02,1.73986687e+04,2.51820922e+02,3.04961546e-03,4.92321603e-05,0.00000000e+00,0.00000000e+00,0.00000000e+00,0.00000000e+00
1.03500000e+01,2.59946291e-03,4.69633259e-05,0.00000000e+00,0.00000000e+00,5.58595492e-04,3.47851460e-05,3.18494999e-03,7.38084533e-05,4.00298541e+00,4.90300731e-02,1.72613892e+04,2.43446359e+02,3.07009112e-03,5.96035157e-05,0.00000000e+00,0.00000000e+00,1.00462000e+01,1.18442922e-01
1.04500000e+01,2.60535645e-03,4.85437359e-05,0.00000000e+00,0.00000000e+00,5.79406821e-04,6.29967780e-05,3.12961746e-03,6.46902736e-05,4.00877930e+00,4.69500200e-02,1.72338352e+04,2.46713062e+02,3.09718627e-03,8.15500533e-05,0.00000000e+00,0.00000000e+00,0.00000000e+00,0.00000000e+00
1.05500000e+01,2.60167198e-03,4.92957744e-05,0.00000000e+00,0.00000000e+00,5.54844157e-04,4.21747228e-05,3.10041408e-03,6.49627928e-05,3.99002968e+00,4.60945470e-02,1.71925416e+04,2.51353761e+02,3.06919366e-03,6.61723327e-05,0.00000000e+00,0.00000000e+00,1.00340000e+01,1.18614450e-01
1.06500000e+01,2.58971489e-03,4.93404045e-05,0.00000000e+00,0.00000000e+00,5.52195719e-04,3.93315912e-05,3.08356588e-03,6.60789893e-05,3.99974755e+00,4.86735168e-02,1.71551950e+04,2.57974491e+02,3.05549981e-03,6.76958160e-05,0.00000000e+00,0.00000000e+00,0.00000000e+00,0.00000000e+00
1.07500000e+01,2.60104090e-03,4.81392896e-05,0.00000000e+00,0.00000000e+00,5.57344036e-04,3.95681448e-05,3.04954136e-03,6.54647025e-05,3.99080461e+00,4.73733815e-02,1.72089440e+04,2.56974033e+02,3.07219637e-03,6.26944691e-05,0.00000000e+00,0.00000000e+00,1.00354000e+01,1.16399807e-01
1.08500000e+01,2.61149596e-03,5.22017681e-05,0.00000000e+00,0.00000000e+00,5.44377990e-04,3.22065136e-05,3.04546145e-03,6.80025736e-05,4.00654487e+00,4.71320460e-02,1.72253273e+04,2.72410255e+02,3.07080175e-03,6.50071187e-05,0.00000000e+00,0.00000000e+00,0.00000000e+00,0.00000000e+00
1.09500000e+01,2.61010585e-03,5.27809213e-05,0.00000000e+00,0.00000000e+00,5.30466378e-04,3.40751534e-05,3.01078349e-03,7.05550999e-05,3.98078944e+00,4.85597445e-02,1.71805014e+04,2.69827246e+02,3.05621133e-03,6.46543676e-05,0.00000000e+00,0.00000000e+00,1.00066000e+01,1.16186202e-01
1.10500000e+01,2.59636719e-03,5.20028127e-05,0.00000000e+00,0.00000000e+00,5.34904579e-04,3.60901369e-05,3.00619206e-03,7.40308650e-05,3.97911946e+00,4.72899355e-02,1.71281979e+04,2.68693277e+02,3.04553129e-03,6.39104447e-05,0.00000000e+00,0.00000000e+00,0.00000000e+00,0.00000000e+00
1.11500000e+01,2.58082191e-03,5.11742063e-05,0.00000000e+00,0.00000000e+00,5.62325096e-04,3.84855919e-05,2.99651664e-03,7.15413328e-05,3.96664460e+00,4.90304310e-02,1.70162308e+04,2.64621620e+02,3.05897749e-03,6.59691556e-05,0.00000000e+00,0.00000000e+00,9.99180000e+00,1.15178190e-01
1.12500000e+01,2.57354187e-03,5.03958461e-05,0.00000000e+00,0.00000000e+00,5.87719526e-04,4.40562644e-05,2.98391335e-03,6.53260468e-05,3.95696107e+00,4.72278441e-02,1.69928968e+04,2.60055905e+02,3.07702616e-03,6.35967552e-05,0.00000000e+00,0.00000000e+00,0.00000000e+00,0.00000000e+00
1.13500000e+01,2.58397501e-03,4.78559125e-05,0.00000000e+00,0.00000000e+00,5.84948511e-04,3.67640597e-05,3.00025605e-03,8.27110572e-05,3.96607004e+00,4.78300356e-02,1.70164302e+04,2.52572331e+02,3.08459986e-03,6.12796337e-05,0.00000000e+00,0.00000000e+00,9.98540000e+00,1.16387884e-01
1.14500000e+01,2.59604417e-03,4.62378184e-05,0.00000000e+00,0.00000000e+00,5.80243243e-04,3.43641441e-05,2.98078788e-03,8.17725518e-05,3.96062300e+00,4.61149382e-02,1.70784847e+04,2.38845738e+02,3.09206032e-03,6.15765352e-05,0.00000000e+00,0.00000000e+00,0.00000000e+00,0.00000000e+00
1.15500000e+01,2.58662796e-03,4.37090287e-05,0.00000000e+00,0.00000000e+00,5.75299349e-04,3.51405670e-05,2.91363236e-03,6.16747455e-05,3.96405356e+00,4.38896530e-02,1.69907883e+04,2.22759857e+02,3.07853044e-03,6.12481329e-05,0.00000000e+00,0.00000000e+00,9.95500000e+00,1.15129829e-01
1.16500000e+01,2.57331649e-03,4.65096522e-05,0.00000000e+00,0.00000000e+00,5.37188318e-04,3.02133942e-05,2.84506269e-03,5.74543227e-05,3.96736949e+00,4.75637606e-02,1.69284142e+04,2.43177204e+02,3.03028441e-03,5.93501169e-05,0.00000000e+00,0.00000000e+00,0.00000000e+00,0.00000000e+00
1.17500000e+01,2.57450276e-03,4.72398391e-05,0.00000000e+00,0.00000000e+00,5.47282940e-04,3.14692355e-05,2.81868865e-03,5.47341915e-05,3.97466308e+00,4.78303007e-02,1.69247933e+04,2.47199843e+02,3.04192397e-03,6.10959992e-05,0.00000000e+00,0.00000000e+00,9.95420000e+00,1.16728217e-01
1.18500000e+01,2.57144240e-03,5.10306181e-05,0.00000000e+00,0.00000000e+00,5.49911301e-04,2.92009516e-05,2.80953273e-03,5.51395216e-05,3.95785839e+00,4.83715121e-02,1.68663227e+04,2.60265534e+02,3.04273216e-03,6.27185194e-05,0.00000000e+00,0.00000000e+00,0.00000000e+00,0.00000000e+00
1.19500000e+01,2.57124578e-03,5.02270667e-05,0.00000000e+00,0.00000000e+00,5.55475876e-04,3.12340902e-05,2.77697717e-03,5.80629757e-05,3.92859423e+00,4.36109996e-02,1.68052818e+04,2.51262614e+02,3.04909054e-03,6.47540413e-05,0.00000000e+00,0.00000000e+00,9.95260000e+00,1.15771700e-01
1.20500000e+01,2.56768080e-03,5.15395032e-05,0.00000000e+00,0.00000000e+00,5.51939175e-04,2.91053770e-05,2.76529589e-03,5.99630180e-05,3.93776750e+00,4.56192351e-02,1.67901072e+04,2.54288951e+02,3.04304971e-03,6.54555797e-05,0.00000000e+00,0.00000000e+00,0.00000000e+00,0.00000000e+00
1.21500000e+01,2.58772357e-03,6.11328347e-05,0.00000000e+00,0.00000000e+00,5.47951564e-04,2.70918547e-05,2.76122903e-03,6.23846365e-05,3.91440144e+00,4.39884770e-02,1.68474193e+04,2.97795115e+02,3.05885279e-03,7.03114935e-05,0.00000000e+00,0.00000000e+00,9.93460000e+00,1.17297880e-01
1.22500000e+01,2.54778370e-03,4.23219013e-05,0.00000000e+00,0.00000000e+00,5.63618399e-04,2.95746640e-05,2.76168014e-03,6.13330078e-05,3.91689527e+00,4.26441743e-02,1.66806816e+04,2.22453438e+02,3.03394382e-03,5.29082959e-05,0.00000000e+00,0.00000000e+00,0.00000000e+00,0.00000000e+00
1.23500000e+01,2.53814649e-03,4.49452882e-05,0.00000000e+00,0.00000000e+00,5.54220836e-04,4.20665274e-05,2.76491860e-03,6.71025561e-05,3.89295176e+00,4.12630173e-02,1.65816611e+04,2.29915885e+02,3.01478735e-03,6.46590743e-05,0.00000000e+00,0.00000000e+00,9.91300000e+00,1.16075714e-01
1.24500000e+01,2.52316166e-03,4.33639118e-05,0.00000000e+00,0.00000000e+00,5.19995381e-04,2.42507912e-05,2.75127765e-03,6.94357508e-05,3.89951282e+00,4.20327925e-02,1.65896926e+04,2.40506397e+02,2.96214285e-03,5.10938582e-05,0.00000000e+00,0.00000000e+00,0.00000000e+00,0.00000000e+00
1.25500000e+01,2.53282307e-03,4.68773035e-05,0.00000000e+00,0.00000000e+00,5.31871154e-04,2.28849609e-05,2.74632604e-03,7.68050916e-05,3.88406970e+00,4.32996873e-02,1.65768742e+04,2.40998504e+02,2.98633614e-03,5.10845613e-05,0.00000000e+00,0.00000000e+00,9.90720000e+00,1.14349996e-01
1.26500000e+01,2.55120643e-03,4.62336365e-05,0.00000000e+00,0.00000000e+00,5.24894532e-04,1.97797698e-05,2.69463553e-03,6.71401964e-05,3.89749037e+00,4.32854412e-02,1.67005147e+04,2.38030792e+02,2.99923025e-03,4.81616060e-05,0.00000000e+00,0.00000000e+00,0.00000000e+00,0.00000000e+00
1.27500000e+01,2.52136285e-03,4.20087044e-05,0.00000000e+00,0.00000000e+00,5.49681986e-04,3.05912853e-05,2.66892308e-03,6.10455858e-05,3.88272170e+00,4.29282553e-02,1.64646296e+04,2.17366099e+02,2.99631033e-03,4.90582755e-05,0.00000000e+00,0.00000000e+00,9.90120000e+00,1.14780586e-01
1.28500000e+01,2.52886145e-03,4.31374727e-05,0.00000000e+00,0.00000000e+00,5.29025856e-04,2.27046391e-05,2.65008617e-03,5.79652022e-05,3.91255450e+00,4.43972971e-02,1.64969698e+04,2.23882786e+02,2.98353182e-03,4.56937304e-05,0.00000000e+00,0.00000000e+00,0.00000000e+00,0.00000000e+00
1.29500000e+01,2.55393686e-03,4.28715465e-05,0.00000000e+00,0.00000000e+00,5.49170242e-04,2.78506394e-05,2.61903305e-03,5.81265174e-05,3.90271049e+00,4.57139334e-02,1.65655463e+04,2.22817642e+02,3.02949906e-03,4.97590714e-05,0.00000000e+00,0.00000000e+00,9.89280000e+00,1.15488683e-01
1.30500000e+01,2.57278050e-03,4.51804627e-05,0.00000000e+00,0.00000000e+00,5.74470436e-04,3.35459998e-05,2.61632905e-03,6.24576803e-05,3.92574133e+00,4.64489396e-02,1.66778891e+04,2.30464506e+02,3.07342052e-03,5.59438409e-05,0.00000000e+00,0.00000000e+00,0.00000000e+00,0.00000000e+00
1.31500000e+01,2.56804637e-03,4.47627661e-05,0.00000000e+00,0.00000000e+00,5.49493959e-04,3.40756979e-05,2.59701171e-03,6.45242052e-05,3.89454568e+00,4.21088453e-02,1.66000777e+04,2.24998901e+02,3.04416275e-03,5.54168511e-05,0.00000000e+00,0.00000000e+00,9.90000000e+00,1.14537936e-01
1.32500000e+01,2.53749095e-03,4.15976259e-05,0.00000000e+00,0.00000000e+00,5.22483636e-04,3.05328883e-05,2.56595080e-03,6.15249101e-05,3.86197724e+00,4.31304309e-02,1.64029936e+04,2.12623044e+02,2.98741945e-03,4.62610193e-05,0.00000000e+00,0.00000000e+00,0.00000000e+00,0.00000000e+00
1.33500000e+01,2.54724319e-03,4.38125958e-05,0.00000000e+00,0.00000000e+00,5.16626644e-04,3.01318362e-05,2.54320343e-03,6.01385601e-05,3.87923706e+00,4.25566452e-02,1.64794303e+04,2.18863220e+02,2.99198276e-03,4.70233141e-05,0.00000000e+00,0.00000000e+00,9.88720000e+00,1.15303695e-01
1.34500000e+01,2.52539201e-03,4.19815780e-05,0.00000000e+00,0.00000000e+00,5.13816572e-04,2.55487320e-05,2.51060975e-03,5.75434728e-05,3.85057297e+00,4.22804908e-02,1.63338663e+04,2.14506236e+02,2.96838811e-03,4.59295818e-05,0.00000000e+00,0.00000000e+00,0.00000000e+00,0.00000000e+00
1.35500000e+01,2.52417273e-03,4.29987267e-05,0.00000000e+00,0.00000000e+00,4.99768023e-04,2.17957450e-05,2.47527681e-03,5.71067337e-05,3.84720839e+00,4.41561934e-02,1.63213749e+04,2.21137403e+02,2.95413891e-03,4.77961312e-05,0.00000000e+00,0.00000000e+00,9.87240000e+00,1.16118363e-01
1.36500000e+01,2.53617988e-03,4.30038473e-05,0.00000000e+00,0.00000000e+00,5.19540863e-04,2.46671065e-05,2.44570258e-03,5.48748769e-05,3.88611011e+00,4.58207404e-02,1.64407944e+04,2.22127774e+02,2.98656115e-03,5.03003092e-05,0.00000000e+00,0.00000000e+00,0.00000000e+00,0.00000000e+00
1.37500000e+01,2.52665535e-03,4.13619160e-05,0.00000000e+00,0.00000000e+00,5.47687317e-04,3.28979325e-05,2.42175605e-03,5.04235393e-05,3.88335520e+00,4.22425156e-02,1.63701517e+04,2.10989941e+02,3.00603839e-03,5.19670617e-05,0.00000000e+00,0.00000000e+00,9.85020000e+00,1.14116121e-01
1.38500000e+01,2.52091520e-03,4.26961648e-05,0.00000000e+00,0.00000000e+00,5.07677745e-04,2.41989158e-05,2.38610673e-03,4.65316245e-05,3.87101807e+00,4.27224348e-02,1.63105927e+04,2.20953716e+02,2.96145587e-03,5.01228097e-05,0.00000000e+00,0.00000000e+00,0.00000000e+00,0.00000000e+00
1.39500000e+01,2.54183855e-03,4.47378652e-05,0.00000000e+00,0.00000000e+00,4.91763958e-04,2.41005466e-05,2.38734443e-03,4.61279969e-05,3.86726874e+00,4.25368782e-02,1.64274755e+04,2.36604072e+02,2.96644691e-03,5.47498975e-05,0.00000000e+00,0.00000000e+00,9.83960000e+00,1.13595042e-01
1.40500000e+01,2.53175195e-03,4.08257708e-05,0.00000000e+00,0.00000000e+00,5.25693212e-04,3.58642404e-05,2.38664628e-03,5.02021888e-05,3.85175287e+00,3.97224094e-02,1.63278313e+04,2.11163036e+02,2.98975454e-03,6.23265557e-05,0.00000000e+00,0.00000000e+00,0.00000000e+00,0.00000000e+00
1.41500000e+01,2.53026177e-03,4.50336769e-05,0.00000000e+00,0.00000000e+00,5.05445941e-04,2.73496174e-05,2.39200163e-03,5.16310647e-05,3.83789596e+00,4.06892839e-02,1.63219574e+04,2.33830201e+02,2.96654930e-03,5.91098363e-05,0.00000000e+00,0.00000000e+00,9.82100000e+00,1.10919073e-01
1.42500000e+01,2.51030570e-03,4.56743963e-05,0.00000000e+00,0.00000000e+00,4.92686391e-04,2.21218487e-05,2.36859854e-03,5.19577409e-05,3.81848643e+00,4.01450265e-02,1.62121459e+04,2.32921423e+02,2.93548861e-03,5.60804875e-05,0.00000000e+00,0.00000000e+00,0.00000000e+00,0.00000000e+00
1.43500000e+01,2.50014038e-03,4.46194259e-05,0.00000000e+00,0.00000000e+00,5.25659769e-04,3.05348410e-05,2.34024186e-03,4.90240915e-05,3.82687919e+00,3.98211139e-02,1.61556499e+04,2.25469690e+02,2.95923291e-03,5.92616988e-05,0.00000000e+00,0.00000000e+00,9.82300000e+00,1.08854612e-01
1.44500000e+01,2.51520034e-03,4.21321452e-05,0.00000000e+00,0.00000000e+00,5.01256852e-04,2.39560035e-05,2.30644116e-03,4.79521866e-05,3.82221434e+00,3.83429172e-02,1.62163574e+04,2.14977498e+02,2.95075760e-03,5.39115701e-05,0.00000000e+00,0.00000000e+00,0.00000000e+00,0.00000000e+00
1.45500000e+01,2.50622826e-03,4.33970790e-05,0.00000000e+00,0.00000000e+00,5.27358350e-04,4.07758823e-05,2.30493961e-03,5.78899753e-05,3.82674004e+00,3.92609178e-02,1.61491304e+04,2.17965523e+02,2.96762940e-03,7.03025337e-05,0.00000000e+00,0.00000000e+00,9.79480000e+00,1.08958423e-01
1.46500000e+01,2.48447761e-03,4.09119375e-05,0.00000000e+00,0.00000000e+00,4.79029758e-04,1.83018096e-05,2.28259667e-03,5.67321802e-05,3.80448895e+00,3.85049687e-02,1.60232061e+04,2.10841218e+02,2.89835761e-03,4.67516065e-05,0.00000000e+00,0.00000000e+00,0.00000000e+00,0.00000000e+00
1.47500000e+01,2.49059356e-03,4.01880868e-05,0.00000000e+00,0.00000000e+00,4.75136798e-04,1.65848585e-05,2.24419114e-03,5.19563900e-05,3.80610156e+00,3.91725183e-02,1.60598707e+04,2.12074983e+02,2.90154665e-03,4.61952519e-05,0.00000000e+00,0.00000000e+00,9.79880000e+00,1.09478407e-01
1.48500000e+01,2.48396814e-03,4.41000897e-05,0.00000000e+00,0.00000000e+00,4.77132879e-04,1.73016949e-05,2.22810326e-03,4.95929748e-05,3.81200522e+00,4.49957244e-02,1.60087669e+04,2.35762894e+02,2.89728710e-03,5.09058283e-05,0.00000000e+00,0.00000000e+00,0.00000000e+00,0.00000000e+00
1.49500000e+01,2.47924319e-03,4.40585651e-05,0.00000000e+00,0.00000000e+00,4.70646391e-04,1.86115932e-05,2.22552056e-03,5.36481308e-05,3.80818512e+00,4.54097071e-02,1.59539890e+04,2.33765298e+02,2.88652652e-03,5.04405696e-05,0.00000000e+00,0.00000000e+00,9.77780000e+00,1.08347246e-01
1.50500000e+01,2.47756205e-03,4.42878379e-05,0.00000000e+00,0.00000000e+00,4.59001400e-04,1.73836370e-05,2.23592646e-03,5.90123847e-05,3.79515897e+00,4.43948846e-02,1.59786196e+04,2.32761889e+02,2.87283012e-03,5.21247150e-05,0.00000000e+00,0.00000000e+00,0.00000000e+00,0.00000000e+00
1.51500000e+01,2.46615328e-03,4.24702792e-05,0.00000000e+00,0.00000000e+00,4.70611176e-04,1.93687023e-05,2.20975734e-03,5.70761550e-05,3.80380811e+00,4.37427041e-02,1.59575716e+04,2.20457012e+02,2.87356862e-03,4.99696775e-05,0.00000000e+00,0.00000000e+00,9.76820000e+00,1.09109079e-01
1.52500000e+01,2.45730756e-03,4.31588808e-05,0.00000000e+00,0.00000000e+00,4.79727260e-04,1.79025378e-05,2.19153326e-03,5.70105254e-05,3.79969052e+00,4.29528333e-02,1.58585538e+04,2.27191828e+02,2.87299421e-03,4.92156886e-05,0.00000000e+00,0.00000000e+00,0.00000000e+00,0.00000000e+00
1.53500000e+01,2.45414119e-03,4.29977750e-05,0.00000000e+00,0.00000000e+00,4.89451389e-04,1.91217532e-05,2.18348038e-03,5.48518287e-05,3.79553280e+00,4.62821672e-02,1.58346923e+04,2.30544419e+02,2.87969905e-03,4.75028440e-05,0.00000000e+00,0.00000000e+00,9.76660000e+00,1.07068397e-01
1.54500000e+01,2.45931603e-03,4.40733028e-05,0.00000000e+00,0.00000000e+00,5.11792703e-04,2.71253788e-05,2.17447511e-03,5.40325640e-05,3.79527138e+00,4.19883975e-02,1.58643102e+04,2.29430815e+02,2.90931907e-03,5.34144605e-05,0.00000000e+00,0.00000000e+00,0.00000000e+00,0.00000000e+00
1.55500000e+01,2.46003853e-03,4.45986084e-05,0.00000000e+00,0.00000000e+00,5.17559855e-04,3.55462940e-05,2.16180851e-03,5.55687437e-05,3.79832087e+00,4.50546219e-02,1.58607400e+04,2.35584602e+02,2.91606174e-03,5.81255954e-05,0.00000000e+00,0.00000000e+00,9.74960000e+00,1.06791791e-01
1.56500000e+01,2.46250877e-03,4.38351502e-05,0.00000000e+00,0.00000000e+00,5.13483764e-04,2.33742240e-05,2.18294774e-03,7.41744954e-05,3.78990988e+00,4.32696238e-02,1.58752389e+04,2.26838593e+02,2.91365660e-03,5.09543074e-05,0.00000000e+00,0.00000000e+00,0.00000000e+00,0.00000000e+00
1.57500000e+01,2.46181586e-03,4.52772080e-05,0.00000000e+00,0.00000000e+00,5.41192568e-04,4.41552678e-05,2.15225891e-03,6.61200797e-05,3.78933638e+00,4.43176961e-02,1.58488647e+04,2.37116685e+02,2.94189897e-03,6.55868171e-05,0.00000000e+00,0.00000000e+00,9.74160000e+00,1.05315216e-01
1.58500000e+01,2.45904332e-03,4.77389061e-05,0.00000000e+00,0.00000000e+00,5.21063216e-04,2.82666393e-05,2.08658422e-03,5.63270631e-05,3.77061562e+00,4.67699287e-02,1.57621453e+04,2.47260523e+02,2.92079997e-03,5.90137481e-05,0.00000000e+00,0.00000000e+00,0.00000000e+00,0.00000000e+00
1.59500000e+01,2.46848928e-03,4.71371764e-05,0.00000000e+00,0.00000000e+00,5.01878565e-04,2.62817303e-05,2.07155562e-03,5.63812154e-05,3.75843969e+00,4.44668110e-02,1.57527783e+04,2.42445674e+02,2.91159300e-03,5.31067665e-05,0.00000000e+00,0.00000000e+00,9.74620000e+00,1.03955991e-01
1.60500000e+01,2.43818509e-03,4.68387539e-05,0.00000000e+00,0.00000000e+00,5.03705355e-04,2.55001930e-05,2.05917621e-03,5.46887629e-05,3.72839962e+00,4.59902301e-02,1.56056917e+04,2.46507700e+02,2.88322655e-03,5.47277211e-05,0.00000000e+00,0.00000000e+00,0.00000000e+00,0.00000000e+00
1.61500000e+01,2.43337650e-03,4.77053002e-05,0.00000000e+00,0.00000000e+00,5.16085139e-04,2.79744497e-05,2.03452009e-03,5.26714773e-05,3.71132074e+00,4.27134708e-02,1.55459540e+04,2.47211450e+02,2.89162241e-03,5.67479546e-05,0.00000000e+00,0.00000000e+00,9.75540000e+00,1.06179751e-01
1.62500000e+01,2.42664214e-03,5.00040704e-05,0.00000000e+00,0.00000000e+00,4.97196470e-04,2.19269484e-05,2.01866460e-03,5.29675511e-05,3.71161060e+00,4.67551421e-02,1.55183377e+04,2.64159197e+02,2.86666229e-03,5.52163857e-05,0.00000000e+00,0.00000000e+00,0.00000000e+00,0.00000000e+00
1.63500000e+01,2.44096249e-03,4.82731035e-05,0.00000000e+00,0.00000000e+00,5.37477132e-04,3.03559027e-05,2.01196778e-03,5.56261066e-05,3.73452813e+00,4.34500040e-02,1.55835446e+04,2.52227318e+02,2.92150692e-03,5.24817211e-05,0.00000000e+00,0.00000000e+00,9.73160000e+00,1.06799969e-01
1.64500000e+01,2.43124794e-03,4.65274968e-05,0.00000000e+00,0.00000000e+00,5.37084993e-04,3.16026885e-05,2.00482052e-03,5.55170595e-05,3.73235086e+00,4.27961758e-02,1.55328453e+04,2.42349855e+02,2.91167138e-03,5.65197553e-05,0.00000000e+00,0.00000000e+00,0.00000000e+00,0.00000000e+00
1.65500000e+01,2.41979636e-03,4.37610580e-05,0.00000000e+00,0.00000000e+00,5.48389140e-04,3.82891495e-05,1.99198574e-03,5.67990492e-05,3.73352695e+00,4.13370467e-02,1.54501469e+04,2.32189900e+02,2.91189449e-03,5.78044607e-05,0.00000000e+00,0.00000000e+00,9.71300000e+00,1.08415772e-01
1.66500000e+01,2.41194097e-03,4.46746894e-05,0.00000000e+00,0.00000000e+00,5.17179040e-04,2.89761322e-05,2.00245768e-03,6.11470989e-05,3.70385736e+00,4.41110446e-02,1.53651172e+04,2.38141217e+02,2.87279046e-03,5.34294579e-05,0.00000000e+00,0.00000000e+00,0.00000000e+00,0.00000000e+00
1.67500000e+01,2.42852925e-03,4.64664686e-05,0.00000000e+00,0.00000000e+00,5.23497480e-04,2.76656336e-05,2.02365521e-03,6.43098239e-05,3.71307524e+00,4.46938036e-02,1.54608895e+04,2.48967089e+02,2.89512942e-03,5.47452683e-05,0.00000000e+00,0.00000000e+00,9.70140000e+00,1.09322593e-01
1.68500000e+01,2.46005967e-03,4.74068154e-05,0.00000000e+00,0.00000000e+00,5.30128063e-04,2.83022823e-05,1.97834757e-03,5.87711442e-05,3.72037735e+00,4.49003245e-02,1.55782834e+04,2.52300627e+02,2.93466497e-03,5.31185127e-05,0.00000000e+00,0.00000000e+00,0.00000000e+00,0.00000000e+00
1.69500000e+01,2.43998951e-03,4.39838297e-05,0.00000000e+00,0.00000000e+00,4.94256955e-04,2.24470313e-05,1.97279220e-03,6.12610238e-05,3.70531091e+00,4.36231918e-02,1.54672013e+04,2.35486958e+02,2.87857570e-03,4.95008842e-05,0.00000000e+00,0.00000000e+00,9.69540000e+00,1.10828498e-01
1.70500000e+01,2.44388957e-03,4.74261622e-05,0.00000000e+00,0.00000000e+00,5.04399818e-04,2.30075502e-05,1.98186438e-03,6.58005381e-05,3.69805125e+00,4.32133372e-02,1.54876922e+04,2.51802755e+02,2.89197241e-03,5.20781030e-05,0.00000000e+00,0.00000000e+00,0.00000000e+00,0.00000000e+00
1.71500000e+01,2.41998659e-03,4.46077251e-05,0.00000000e+00,0.00000000e+00,5.25070613e-04,2.71342311e-05,1.95813293e-03,6.35866922e-05,3.66733072e+00,4.03989110e-02,1.53568701e+04,2.38928159e+02,2.88929685e-03,5.19624808e-05,0.00000000e+00,0.00000000e+00,9.68900000e+00,1.08764959e-01
1.72500000e+01,2.41425009e-03,4.60257409e-05,0.00000000e+00,0.00000000e+00,5.33887689e-04,3.14689745e-05,1.90556374e-03,5.69043664e-05,3.65851678e+00,3.81014851e-02,1.53167546e+04,2.37061539e+02,2.89389808e-03,5.46190305e-05,0.00000000e+00,0.00000000e+00,0.00000000e+00,0.00000000e+00
1.73500000e+01,2.38308282e-03,4.27780703e-05,0.00000000e+00,0.00000000e+00,5.36625217e-04,3.24868421e-05,1.86942845e-03,5.69863059e-05,3.63440104e+00,3.99566210e-02,1.51381849e+04,2.20200364e+02,2.86644406e-03,5.26179223e-05,0.00000000e+00,0.00000000e+00,9.67380000e+00,1.08732546e-01
1.74500000e+01,2.38237159e-03,4.25928359e-05,0.00000000e+00,0.00000000e+00,5.46204469e-04,3.48263807e-05,1.82642750e-03,5.28157393e-05,3.61552508e+00,4.14157366e-02,1.50901677e+04,2.23707106e+02,2.87611065e-03,5.32311813e-05,0.00000000e+00,0.00000000e+00,0.00000000e+00,0.00000000e+00
1.75500000e+01,2.37228197e-03,4.08484543e-05,0.00000000e+00,0.00000000e+00,5.89797549e-04,6.76558940e-05,1.79766209e-03,5.34332300e-05,3.60142350e+00,3.90548233e-02,1.50290958e+04,2.12841726e+02,2.91057280e-03,8.01546783e-05,0.00000000e+00,0.00000000e+00,9.66900000e+00,1.09578506e-01
1.76500000e+01,2.38441936e-03,4.21764444e-05,0.00000000e+00,0.00000000e+00,5.37945132e-04,3.18858290e-05,1.79146582e-03,5.36704937e-05,3.63259401e+00,4.08463551e-02,1.50910478e+04,2.19055819e+02,2.87124750e-03,5.27271171e-05,0.00000000e+00,0.00000000e+00,0.00000000e+00,0.00000000e+00
1.77500000e+01,2.36155952e-03,3.95148315e-05,0.00000000e+00,0.00000000e+00,5.40368909e-04,3.16838358e-05,1.77917023e-03,5.32808075e-05,3.63125358e+00,3.96435523e-02,1.49898769e+04,2.00121741e+02,2.85104898e-03,5.13846742e-05,0.00000000e+00,0.00000000e+00,9.65100000e+00,1.07994803e-01
1.78500000e+01,2.34621510e-03,4.24331113e-05,0.00000000e+00,0.00000000e+00,5.40003929e-04,3.27421910e-05,1.76328340e-03,5.20754702e-05,3.60247162e+00,3.84501846e-02,1.48589945e+04,2.14290247e+02,2.83575088e-03,5.47019772e-05,0.00000000e+00,0.00000000e+00,0.00000000e+00,0.00000000e+00
1.79500000e+01,2.36682256e-03,4.21047106e-05,0.00000000e+00,0.00000000e+00,5.05750695e-04,2.68889374e-05,1.76460247e-03,5.46278350e-05,3.61366113e+00,3.77577685e-02,1.49914926e+04,2.19228451e+02,2.82205290e-03,4.80559858e-05,0.00000000e+00,0.00000000e+00,9.64280000e+00,1.08593246e-01
1.80500000e+01,2.38119581e-03,4.32754405e-05,0.00000000e+00,0.00000000e+00,5.09704633e-04,2.66951273e-05,1.81463504e-03,7.76991526e-05,3.61949009e+00,3.95686732e-02,1.50465535e+04,2.23340557e+02,2.83899857e-03,5.02842337e-05,0.00000000e+00,0.00000000e+00,0.00000000e+00,0.00000000e+00
1.81500000e+01,2.37154831e-03,3.98373869e-05,0.00000000e+00,0.00000000e+00,5.16665780e-04,3.03852295e-05,1.76630676e-03,5.64687643e-05,3.62216673e+00,3.85687305e-02,1.49956719e+04,2.03801306e+02,2.83747605e-03,5.23562899e-05,0.00000000e+00,0.00000000e+00,9.63840000e+00,1.09423857e-01
1.82500000e+01,2.40209056e-03,5.10587945e-05,0.00000000e+00,0.00000000e+00,5.15788737e-04,3.11654513e-05,1.74313528e-03,5.60135609e-05,3.61059358e+00,3.99248055e-02,1.51188502e+04,2.55800200e+02,2.86776174e-03,6.02849705e-05,0.00000000e+00,0.00000000e+00,0.00000000e+00,0.00000000e+00
1.83500000e+01,2.38314739e-03,4.35631716e-05,0.00000000e+00,0.00000000e+00,5.19397387e-04,2.76473111e-05,1.73710756e-03,5.50468244e-05,3.60540306e+00,3.97322557e-02,1.49971930e+04,2.21449056e+02,2.85260354e-03,5.36101566e-05,0.00000000e+00,0.00000000e+00,9.62460000e+00,1.09506205e-01
1.84500000e+01,2.36768912e-03,4.28246145e-05,0.00000000e+00,0.00000000e+00,5.50793816e-04,4.55463016e-05,1.73349692e-03,5.54097166e-05,3.58913732e+00,3.96678799e-02,1.48980330e+04,2.15327602e+02,2.86843350e-03,6.59328698e-05,0.00000000e+00,0.00000000e+00,0.00000000e+00,0.00000000e+00
1.85500000e+01,2.37427681e-03,4.27394837e-05,0.00000000e+00,0.00000000e+00,5.26035937e-04,3.47824991e-05,1.72396752e-03,5.33679018e-05,3.58737918e+00,3.92784254e-02,1.49010511e+04,2.14231606e+02,2.85054411e-03,5.85937065e-05,0.00000000e+00,0.00000000e+00,9.60920000e+00,1.07723319e-01
1.86500000e+01,2.38795306e-03,4.20185443e-05,0.00000000e+00,0.00000000e+00,5.24146943e-04,2.60259086e-05,1.71151900e-03,4.97760546e-05,3.58550999e+00,3.77159917e-02,1.49617106e+04,2.08813385e+02,2.86233804e-03,5.27519488e-05,0.00000000e+00,0.00000000e+00,0.00000000e+00,0.00000000e+00
1.87500000e+01,2.39191735e-03,4.09563518e-05,0.00000000e+00,0.00000000e+00,5.39512336e-04,2.81413179e-05,1.68942501e-03,4.72462056e-05,3.59403721e+00,3.73766002e-02,1.49829063e+04,2.01874367e+02,2.88239182e-03,5.17534919e-05,0.00000000e+00,0.00000000e+00,9.59320000e+00,1.06623672e-01
1.88500000e+01,2.39571852e-03,4.83578741e-05,0.00000000e+00,0.00000000e+00,5.30546031e-04,2.49000399e-05,1.66533702e-03,4.62725227e-05,3.58875441e+00,3.87664464e-02,1.49897311e+04,2.41482600e+02,2.87790585e-03,5.83172731e-05,0.00000000e+00,0.00000000e+00,0.00000000e+00,0.00000000e+00
1.89500000e+01,2.39551160e-03,4.85765433e-05,0.00000000e+00,0.00000000e+00,5.02884798e-04,2.20727886e-05,1.65679859e-03,4.78007489e-05,3.60801103e+00,4.08758203e-02,1.50016220e+04,2.44235998e+02,2.85052578e-03,5.64843220e-05,0.00000000e+00,0.00000000e+00,9.58680000e+00,1.05517361e-01
1.90500000e+01,2.37489524e-03,4.59541477e-05,0.00000000e+00,0.00000000e+00,4.93115032e-04,2.08398428e-05,1.64750177e-03,4.83270204e-05,3.58311035e+00,3.85815387e-02,1.48777542e+04,2.27931104e+02,2.82091408e-03,5.27455924e-05,0.00000000e+00,0.00000000e+00,0.00000000e+00,0.00000000e+00
1.91500000e+01,2.37230266e-03,4.61405852e-05,0.00000000e+00,0.00000000e+00,4.97070911e-04,2.23166678e-05,1.64258227e-03,4.92095867e-05,3.56090101e+00,3.73237742e-02,1.48548826e+04,2.29538524e+02,2.82199034e-03,5.26220826e-05,0.00000000e+00,0.00000000e+00,9.56780000e+00,1.05810493e-01
1.92500000e+01,2.36884966e-03,4.84900792e-05,0.00000000e+00,0.00000000e+00,4.97518424e-04,2.37629569e-05,1.74673547e-03,1.45149401e-04,3.54641683e+00,3.74066366e-02,1.48733150e+04,2.62689010e+02,2.81658106e-03,5.23233679e-05,0.00000000e+00,0.00000000e+00,0.00000000e+00,0.00000000e+00
1.93500000e+01,2.34400522e-03,4.22579764e-05,0.00000000e+00,0.00000000e+00,5.02309621e-04,2.42173022e-05,1.57871450e-03,4.82607804e-05,3.53668072e+00,3.75532202e-02,1.47389256e+04,2.18584306e+02,2.80052452e-03,5.19991282e-05,0.00000000e+00,0.00000000e+00,9.54820000e+00,1.05049528e-01
1.94500000e+01,2.34817536e-03,4.13270605e-05,0.00000000e+00,0.00000000e+00,5.67265712e-04,7.81089236e-05,1.55921549e-03,5.12027221e-05,3.53912468e+00,3.74797192e-02,1.47101233e+04,2.10557020e+02,2.87021294e-03,9.07345126e-05,0.00000000e+00,0.00000000e+00,0.00000000e+00,0.00000000e+00
1.95500000e+01,2.36389962e-03,4.13938341e-05,0.00000000e+00,0.00000000e+00,5.25383407e-04,5.01119938e-05,1.55387538e-03,4.82429427e-05,3.54966270e+00,3.83324354e-02,1.47496239e+04,2.09695655e+02,2.84436861e-03,7.03029644e-05,0.00000000e+00,0.00000000e+00,9.55980000e+00,1.04853830e-01
1.96500000e+01,2.32965419e-03,4.05034044e-05,0.00000000e+00,0.00000000e+00,5.02812938e-04,2.89393326e-05,1.56059764e-03,5.00487186e-05,3.53188289e+00,3.67383527e-02,1.45718837e+04,2.04625673e+02,2.78738238e-03,5.50650217e-05,0.00000000e+00,0.00000000e+00,0.00000000e+00,0.00000000e+00
1.97500000e+01,2.32208213e-03,4.36956250e-05,0.00000000e+00,0.00000000e+00,6.06777746e-04,9.90670708e-05,1.52902092e-03,4.53911669e-05,3.52859589e+00,3.92195116e-02,1.45103031e+04,2.19305217e+02,2.88461680e-03,1.16855334e-04,0.00000000e+00,0.00000000e+00,9.55180000e+00,1.04700814e-01
1.98500000e+01,2.33732211e-03,4.26079954e-05,0.00000000e+00,0.00000000e+00,5.15213195e-04,4.95093032e-05,1.50949245e-03,4.52809529e-05,3.53459049e+00,3.80168506e-02,1.45971045e+04,2.20053108e+02,2.80833236e-03,6.86177164e-05,0.00000000e+00,0.00000000e+00,0.00000000e+00,0.00000000e+00
1.99500000e+01,2.36680591e-03,5.25305629e-05,0.00000000e+00,0.00000000e+00,5.33773002e-04,4.93940666e-05,1.50862436e-03,5.06637413e-05,3.53088920e+00,4.02597864e-02,1.47470534e+04,2.74863727e+02,2.85559682e-03,8.57966623e-05,0.00000000e+00,0.00000000e+00,9.53420000e+00,1.06949193e-01
2.00500000e+01,2.34567044e-03,4.74796463e-05,0.00000000e+00,0.00000000e+00,4.99740438e-04,2.77524386e-05,1.50470391e-03,5.07397788e-05,3.51610901e+00,3.95454025e-02,1.45765502e+04,2.33535419e+02,2.80211496e-03,5.95593915e-05,0.00000000e+00,0.00000000e+00,0.00000000e+00,0.00000000e+00
2.01500000e+01,2.34390972e-03,4.98842120e-05,0.00000000e+00,0.00000000e+00,5.14586192e-04,2.61615101e-05,1.48253254e-03,4.83907686e-05,3.49329017e+00,3.80422831e-02,1.45339874e+04,2.43484893e+02,2.81579638e-03,5.46392683e-05,0.00000000e+00,0.00000000e+00,9.51580000e+00,1.06815916e-01
2.02500000e+01,2.33858337e-03,4.80822905e-05,0.00000000e+00,0.00000000e+00,5.10997479e-04,3.41121446e-05,1.47052661e-03,4.82298387e-05,3.49564584e+00,3.85022056e-02,1.45131187e+04,2.37269336e+02,2.80710505e-03,5.26379819e-05,0.00000000e+00,0.00000000e+00,0.00000000e+00,0.00000000e+00
2.03500000e+01,2.31865183e-03,4.84866049e-05,0.00000000e+00,0.00000000e+00,4.84332601e-04,2.85609765e-05,1.44592458e-03,4.98347143e-05,3.46750843e+00,3.80779003e-02,1.44075412e+04,2.43047851e+02,2.76118158e-03,5.23791049e-05,0.00000000e+00,0.00000000e+00,9.49300000e+00,1.06554288e-01
2.04500000e+01,2.32505202e-03,4.88287201e-05,0.00000000e+00,0.00000000e+00,4.87661399e-04,3.20818313e-05,1.43436298e-03,4.97307278e-05,3.46089555e+00,3.48428104e-02,1.43917625e+04,2.40014801e+02,2.77125793e-03,6.61612476e-05,0.00000000e+00,0.00000000e+00,0.00000000e+00,0.00000000e+00
2.05500000e+01,2.31377047e-03,4.78098460e-05,0.00000000e+00,0.00000000e+00,4.63021449e-04,2.55228911e-05,1.43220054e-03,5.01948724e-05,3.45803082e+00,3.58958150e-02,1.43413583e+04,2.36257519e+02,2.73493765e-03,6.14170192e-05,0.00000000e+00,0.00000000e+00,9.49420000e+00,1.10131309e-01
2.06500000e+01,2.33154299e-03,4.76942008e-05,0.00000000e+00,0.00000000e+00,4.55806423e-04,2.18882073e-05,1.42292256e-03,5.07679758e-05,3.49630236e+00,3.38993002e-02,1.44830682e+04,2.39706310e+02,2.74580189e-03,5.61108963e-05,0.00000000e+00,0.00000000e+00,0.00000000e+00,0.00000000e+00
2.07500000e+01,2.32091358e-03,4.87154296e-05,0.00000000e+00,0.00000000e+00,4.68013144e-04,2.24747562e-05,1.39644641e-03,4.61212640e-05,3.48305436e+00,3.31290813e-02,1.44120198e+04,2.45031374e+02,2.74791193e-03,5.61866846e-05,0.00000000e+00,0.00000000e+00,9.48800000e+00,1.10112002e-01
2.08500000e+01,2.29597597e-03,4.54996089e-05,0.00000000e+00,0.00000000e+00,4.53388321e-04,2.48943609e-05,1.37531681e-03,4.64525272e-05,3.45820860e+00,3.53724406e-02,1.42207243e+04,2.27543398e+02,2.70884414e-03,5.24767912e-05,0.00000000e+00,0.00000000e+00,0.00000000e+00,0.00000000e+00
2.09500000e+01,2.33090692e-03,5.04539654e-05,0.00000000e+00,0.00000000e+00,4.93515063e-04,4.55994564e-05,1.36785365e-03,4.53546723e-05,3.46148324e+00,3.76361748e-02,1.43879077e+04,2.58016580e+02,2.78421768e-03,7.80768224e-05,0.00000000e+00,0.00000000e+00,9.47260000e+00,1.07941333e-01
2.10500000e+01,2.31231054e-03,5.78806748e-05,0.00000000e+00,0.00000000e+00,4.67993356e-04,2.58826946e-05,1.36275894e-03,4.35621291e-05,3.42724611e+00,3.67073783e-02,1.42647293e+04,2.88935348e+02,2.74022467e-03,6.64288281e-05,0.00000000e+00,0.00000000e+00,0.00000000e+00,0.00000000e+00
2.11500000e+01,2.32771795e-03,5.92620677e-05,0.00000000e+00,0.00000000e+00,4.67754252e-04,2.62107064e-05,1.33948534e-03,4.15071833e-05,3.44828093e+00,3.74626763e-02,1.43509880e+04,2.98301587e+02,2.75614590e-03,6.47810667e-05,0.00000000e+00,0.00000000e+00,9.47040000e+00,1.09064280e-01
2.12500000e+01,2.26818843e-03,4.23027463e-05,0.00000000e+00,0.00000000e+00,4.68645674e-04,1.73479629e-05,1.33767699e-03,4.13513785e-05,3.42478951e+00,3.45581489e-02,1.40315592e+04,2.19827454e+02,2.69763380e-03,4.70311254e-05,0.00000000e+00,0.00000000e+00,0.00000000e+00,0.00000000e+00
2.13500000e+01,2.28781409e-03,4.24692844e-05,0.00000000e+00,0.00000000e+00,4.93183273e-04,2.56326364e-05,1.34089411e-03,4.16229487e-05,3.43123748e+00,3.50710896e-02,1.41202808e+04,2.20011932e+02,2.74142355e-03,5.03429736e-05,0.00000000e+00,0.00000000e+00,9.46800000e+00,1.08563910e-01
2.14500000e+01,2.29270664e-03,4.07805498e-05,0.00000000e+00,0.00000000e+00,4.73934490e-04,2.36575199e-05,1.33524279e-03,4.13524653e-05,3.43034991e+00,3.22278649e-02,1.41480917e+04,2.11383418e+02,2.72713108e-03,4.81176659e-05,0.00000000e+00,0.00000000e+00,0.00000000e+00,0.00000000e+00
2.15500000e+01,2.28004323e-03,4.09927782e-05,0.00000000e+00,0.00000000e+00,4.77973080e-04,2.17289184e-05,1.33299742e-03,4.21992185e-05,3.41377845e+00,3.63687289e-02,1.40813705e+04,2.11981846e+02,2.71850379e-03,4.91002955e-05,0.00000000e+00,0.00000000e+00,9.45300000e+00,1.07728779e-01
2.16500000e+01,2.26981864e-03,4.29917044e-05,0.00000000e+00,0.00000000e+00,4.60727287e-04,1.80081218e-05,1.34840101e-03,4.98976263e-05,3.40941468e+00,3.72257849e-02,1.40299237e+04,2.25270079e+02,2.69076638e-03,4.70788267e-05,0.00000000e+00,0.00000000e+00,0.00000000e+00,0.00000000e+00
2.17500000e+01,2.25307484e-03,4.48036016e-05,0.00000000e+00,0.00000000e+00,4.56704821e-04,1.85975703e-05,1.29420167e-03,3.99274432e-05,3.38445318e+00,3.79351581e-02,1.39093268e+04,2.34264113e+02,2.67151967e-03,4.93419631e-05,0.00000000e+00,0.00000000e+00,9.44400000e+00,1.08967698e-01
2.18500000e+01,2.24506487e-03,4.03353828e-05,0.00000000e+00,0.00000000e+00,4.71428610e-04,2.20946435e-05,1.26922683e-03,4.09922969e-05,3.39710813e+00,3.69368819e-02,1.39096239e+04,2.08051903e+02,2.67930708e-03,4.76789531e-05,0.00000000e+00,0.00000000e+00,0.00000000e+00,0.00000000e+00
2.19500000e+01,2.27635098e-03,4.68141101e-05,0.00000000e+00,0.00000000e+00,4.60004920e-04,2.03239968e-05,1.25784826e-03,4.03346988e-05,3.40591948e+00,3.64684068e-02,1.40562407e+04,2.41090748e+02,2.69965261e-03,5.30143435e-05,0.00000000e+00,0.00000000e+00,9.41640000e+00,1.08535618e-01
2.20500000e+01,2.25432849e-03,4.26557443e-05,0.00000000e+00,0.00000000e+00,4.91234196e-04,2.85523649e-05,1.24990117e-03,4.12279476e-05,3.38490603e+00,3.49660894e-02,1.39316099e+04,2.20813675e+02,2.70867649e-03,5.39852503e-05,0.00000000e+00,0.00000000e+00,0.00000000e+00,0.00000000e+00
2.21500000e+01,2.24259959e-03,4.17246862e-05,0.00000000e+00,0.00000000e+00,4.72097817e-04,2.30607244e-05,1.23690477e-03,4.12876654e-05,3.37135766e+00,3.67630380e-02,1.38583977e+04,2.22557294e+02,2.67784996e-03,4.99291930e-05,0.00000000e+00,0.00000000e+00,9.40240000e+00,1.08142597e-01
2.22500000e+01,2.25023806e-03,4.12358516e-05,0.00000000e+00,0.00000000e+00,4.52753515e-04,2.06714819e-05,1.23429738e-03,4.10322727e-05,3.37428899e+00,3.87352687e-02,1.38744960e+04,2.20313477e+02,2.66664049e-03,4.85364612e-05,0.00000000e+00,0.00000000e+00,0.00000000e+00,0.00000000e+00
2.23500000e+01,2.24498752e-03,4.27462838e-05,0.00000000e+00,0.00000000e+00,5.12661996e-04,3.68068898e-05,1.23260916e-03,4.00262967e-05,3.35716991e+00,3.78829066e-02,1.38181366e+04,2.26577960e+02,2.72140294e-03,5.52087583e-05,0.00000000e+00,0.00000000e+00,9.39420000e+00,1.07563020e-01
2.24500000e+01,2.23609884e-03,4.09167803e-05,0.00000000e+00,0.00000000e+00,5.61299464e-04,5.29389424e-05,1.22909730e-03,3.96511216e-05,3.34806894e+00,3.83437131e-02,1.37621076e+04,2.19035403e+02,2.76086942e-03,6.09655534e-05,0.00000000e+00,0.00000000e+00,0.00000000e+00,0.00000000e+00
2.25500000e+01,2.25779195e-03,4.20131762e-05,0.00000000e+00,0.00000000e+00,5.05669149e-04,4.10876193e-05,1.22205182e-03,3.91450805e-05,3.35639895e+00,3.78231997e-02,1.38776632e+04,2.17998172e+02,2.72708223e-03,5.42020516e-05,0.00000000e+00,0.00000000e+00,9.38840000e+00,1.03575413e-01
2.26500000e+01,2.26568532e-03,4.48647043e-05,0.00000000e+00,0.00000000e+00,4.62242239e-04,2.32140263e-05,1.26312056e-03,5.57117776e-05,3.34412949e+00,3.99269817e-02,1.38973148e+04,2.34377726e+02,2.69059372e-03,4.94902293e-05,0.00000000e+00,0.00000000e+00,0.00000000e+00,0.00000000e+00
2.27500000e+01,2.26485516e-03,4.71016000e-05,0.00000000e+00,0.00000000e+00,5.02485101e-04,5.05714285e-05,1.36760942e-03,1.18531455e-04,3.36220593e+00,4.12959489e-02,1.39666939e+04,2.57145095e+02,2.72700324e-03,7.17562267e-05,0.00000000e+00,0.00000000e+00,9.37560000e+00,1.04921802e-01
2.28500000e+01,2.26359674e-03,4.79300554e-05,0.00000000e+00,0.00000000e+00,5.23533991e-04,5.77375687e-05,1.26327767e-03,6.96388612e-05,3.33722380e+00,4.07649969e-02,1.38748998e+04,2.52747709e+02,2.74939230e-03,7.81125854e-05,0.00000000e+00,0.00000000e+00,0.00000000e+00,0.00000000e+00
2.29500000e+01,2.27225947e-03,5.02188120e-05,0.00000000e+00,0.00000000e+00,5.39552394e-04,7.50583320e-05,1.24973214e-03,7.00871018e-05,3.34521190e+00,4.45599969e-02,1.39080682e+04,2.68449216e+02,2.77442925e-03,9.18437673e-05,0.00000000e+00,0.00000000e+00,9.36600000e+00,1.05157608e-01
2.30500000e+01,2.25755115e-03,4.64946106e-05,0.00000000e+00,0.00000000e+00,5.25100674e-04,6.70250748e-05,1.21699076e-03,6.36686999e-05,3.34072435e+00,4.02548594e-02,1.38377009e+04,2.47197850e+02,2.74627552e-03,8.26918822e-05,0.00000000e+00,0.00000000e+00,0.00000000e+00,0.00000000e+00
2.31500000e+01,2.26057771e-03,5.01035080e-05,0.00000000e+00,0.00000000e+00,4.71689622e-04,3.77928229e-05,1.16251708e-03,4.16936060e-05,3.33504351e+00,4.09842868e-02,1.37991248e+04,2.55869457e+02,2.69734562e-03,6.38833852e-05,0.00000000e+00,0.00000000e+00,9.35880000e+00,1.04846492e-01
2.32500000e+01,2.25558193e-03,5.18516727e-05,0.00000000e+00,0.00000000e+00,4.56346873e-04,1.89807884e-05,1.14607943e-03,3.92175760e-05,3.32762875e+00,4.16353470e-02,1.37903807e+04,2.61381479e+02,2.67757755e-03,5.56487605e-05,0.00000000e+00,0.00000000e+00,0.00000000e+00,0.00000000e+00
2.33500000e+01,2.23272223e-03,4.83765972e-05,0.00000000e+00,0.00000000e+00,4.90807740e-04,2.82912517e-05,1.13953295e-03,3.84784837e-05,3.31224814e+00,3.92667058e-02,1.36999152e+04,2.47649179e+02,2.68901424e-03,5.81376441e-05,0.00000000e+00,0.00000000e+00,9.35780000e+00,1.05613578e-01
2.34500000e+01,2.21684553e-03,4.66799516e-05,0.00000000e+00,0.00000000e+00,5.20386889e-04,5.89775801e-05,1.13165346e-03,4.08583609e-05,3.30663494e+00,3.87913969e-02,1.35694285e+04,2.35923121e+02,2.70346644e-03,7.71530390e-05,0.00000000e+00,0.00000000e+00,0.00000000e+00,0.00000000e+00
2.35500000e+01,2.22734027e-03,5.03683715e-05,0.00000000e+00,0.00000000e+00,4.64806070e-04,2.72735500e-05,1.11932657e-03,4.06754150e-05,3.30358189e+00,4.08364807e-02,1.36031964e+04,2.55332283e+02,2.65873556e-03,5.88702574e-05,0.00000000e+00,0.00000000e+00,9.34360000e+00,1.04025805e-01
2.36500000e+01,2.20702518e-03,5.01231580e-05,0.00000000e+00,0.00000000e+00,4.47158035e-04,2.36594885e-05,1.11342826e-03,3.96019356e-05,3.29749214e+00,4.36525344e-02,1.34919425e+04,2.58549867e+02,2.62074003e-03,5.83432000e-05,0.00000000e+00,0.00000000e+00,0.00000000e+00,0.00000000e+00
2.37500000e+01,2.22578593e-03,5.12992860e-05,0.00000000e+00,0.00000000e+00,4.61952512e-04,2.84743742e-05,1.10932916e-03,3.97723695e-05,3.31423282e+00,4.43040302e-02,1.35807559e+04,2.65515561e+02,2.65450108e-03,5.92481946e-05,0.00000000e+00,0.00000000e+00,9.32860000e+00,1.03606008e-01
2.38500000e+01,2.20740833e-03,4.64697524e-05,0.00000000e+00,0.00000000e+00,4.63410694e-04,2.94791221e-05,1.10601613e-03,3.98024406e-05,3.27213662e+00,3.87613684e-02,1.34650602e+04,2.39536966e+02,2.63754142e-03,5.22345508e-05,0.00000000e+00,0.00000000e+00,0.00000000e+00,0.00000000e+00
2.39500000e+01,2.18848306e-03,4.55489822e-05,0.00000000e+00,0.00000000e+00,4.85541201e-04,3.16850265e-05,1.09736570e-03,3.92841359e-05,3.26467215e+00,3.90990724e-02,1.33902530e+04,2.34380165e+02,2.64093907e-03,5.19352915e-05,0.00000000e+00,0.00000000e+00,9.31840000e+00,1.02760812e-01
2.40500000e+01,2.19683450e-03,4.61868844e-05,0.00000000e+00,0.00000000e+00,4.69366001e-04,3.06936980e-05,1.08288242e-03,3.85293825e-05,3.27581145e+00,3.92426310e-02,1.34173885e+04,2.42415970e+02,2.63350740e-03,5.52375062e-05,0.00000000e+00,0.00000000e+00,0.00000000e+00,0.00000000e+00
2.41500000e+01,2.19907864e-03,4.48071996e-05,0.00000000e+00,0.00000000e+00,4.73730797e-04,3.05775104e-05,1.07870337e-03,3.84275108e-05,3.28027958e+00,3.79188708e-02,1.34190082e+04,2.35420438e+02,2.64068367e-03,5.41019335e-05,0.00000000e+00,0.00000000e+00,9.30540000e+00,1.04050306e-01
2.42500000e+01,2.21064921e-03,4.39483162e-05,0.00000000e+00,0.00000000e+00,4.65381273e-04,3.24310987e-05,1.10370941e-03,5.06780159e-05,3.30533214e+00,3.88226996e-02,1.34890988e+04,2.33961082e+02,2.64198508e-03,5.58391532e-05,0.00000000e+00,0.00000000e+00,0.00000000e+00,0.00000000e+00
2.43500000e+01,2.23355791e-03,4.88350136e-05,0.00000000e+00,0.00000000e+00,4.21132066e-04,1.89144306e-05,1.12481566e-03,6.20060129e-05,3.30116494e+00,3.79448982e-02,1.35787318e+04,2.56544940e+02,2.61935495e-03,5.18685620e-05,0.00000000e+00,0.00000000e+00,9.27620000e+00,1.02825348e-01
2.44500000e+01,2.24195760e-03,5.27462893e-05,0.00000000e+00,0.00000000e+00,4.46178295e-04,2.11290685e-05,1.13054456e-03,7.02460497e-05,3.31028156e+00,4.19891062e-02,1.36344370e+04,2.81520391e+02,2.65550076e-03,5.41161410e-05,0.00000000e+00,0.00000000e+00,0.00000000e+00,0.00000000e+00
2.45500000e+01,2.21913783e-03,4.59848276e-05,0.00000000e+00,0.00000000e+00,4.47892961e-04,1.93304353e-05,1.08350936e-03,4.35003814e-05,3.29873577e+00,3.91036402e-02,1.34642563e+04,2.36225232e+02,2.63565187e-03,4.69760116e-05,0.00000000e+00,0.00000000e+00,9.27040000e+00,1.02605629e-01
2.46500000e+01,2.21884337e-03,4.69128341e-05,0.00000000e+00,0.00000000e+00,4.43981723e-04,2.16555036e-05,1.09780991e-03,4.64141132e-05,3.28025326e+00,4.05523838e-02,1.34576590e+04,2.38790227e+02,2.63124851e-03,4.87765899e-05,0.00000000e+00,0.00000000e+00,0.00000000e+00,0.00000000e+00
2.47500000e+01,2.20634241e-03,4.75347474e-05,0.00000000e+00,0.00000000e+00,4.21204907e-04,1.66109220e-05,1.07752085e-03,4.46425929e-05,3.28065229e+00,4.24716223e-02,1.34237053e+04,2.45426991e+02,2.59520731e-03,5.29432967e-05,0.00000000e+00,0.00000000e+00,9.25420000e+00,1.02690774e-01
2.48500000e+01,2.22115118e-03,4.63609986e-05,0.00000000e+00,0.00000000e+00,4.13387780e-04,1.73714044e-05,1.10080176e-03,5.52095409e-05,3.29323214e+00,4.15179103e-02,1.35102933e+04,2.38294943e+02,2.59912462e-03,4.98617713e-05,0.00000000e+00,0.00000000e+00,0.00000000e+00,0.00000000e+00
2.49500000e+01,2.20209350e-03,4.34419985e-05,0.00000000e+00,0.00000000e+00,4.34818550e-04,2.05578186e-05,1.06188099e-03,4.57326277e-05,3.26174163e+00,3.96545079e-02,1.33905580e+04,2.24682266e+02,2.60620379e-03,5.01741650e-05,0.00000000e+00,0.00000000e+00,9.23360000e+00,1.01032935e-01
2.50500000e+01,2.20932886e-03,4.22535608e-05,0.00000000e+00,0.00000000e+00,4.44509828e-04,2.11287116e-05,1.02318938e-03,4.08740072e-05,3.26861539e+00,3.65758872e-02,1.33963926e+04,2.12501102e+02,2.62434664e-03,4.47273800e-05,0.00000000e+00,0.00000000e+00,0.00000000e+00,0.00000000e+00
2.51500000e+01,2.20567866e-03,4.25924533e-05,0.00000000e+00,0.00000000e+00,4.55286184e-04,2.59950130e-05,9.97400669e-04,4.04525017e-05,3.26643732e+00,3.88154262e-02,1.33383837e+04,2.19950963e+02,2.63221796e-03,4.74499211e-05,0.00000000e+00,0.00000000e+00,9.23000000e+00,1.00403269e-01
2.52500000e+01,2.19529579e-03,4.23126956e-05,0.00000000e+00,0.00000000e+00,4.83800140e-04,3.12986207e-05,9.69662832e-04,3.68085009e-05,3.28382603e+00,4.03754599e-02,1.33069908e+04,2.20417884e+02,2.65106988e-03,5.42371440e-05,0.00000000e+00,0.00000000e+00,0.00000000e+00,0.00000000e+00
2.53500000e+01,2.17932308e-03,4.45939513e-05,0.00000000e+00,0.00000000e+00,4.60629131e-04,2.38418887e-05,9.66072940e-04,3.72639323e-05,3.24412444e+00,3.93923766e-02,1.31835704e+04,2.26265108e+02,2.61200320e-03,5.48265676e-05,0.00000000e+00,0.00000000e+00,9.20220000e+00,1.00864949e-01
2.54500000e+01,2.19573019e-03,4.59865152e-05,0.00000000e+00,0.00000000e+00,4.40243827e-04,1.98048340e-05,9.63634982e-04,3.69923124e-05,3.24793817e+00,3.95745348e-02,1.32619183e+04,2.29909555e+02,2.60810920e-03,5.19139141e-05,0.00000000e+00,0.00000000e+00,0.00000000e+00,0.00000000e+00
2.55500000e+01,2.19513383e-03,4.62551647e-05,0.00000000e+00,0.00000000e+00,4.67783495e-04,4.12272855e-05,9.39107696e-04,3.50240016e-05,3.24486557e+00,3.91467064e-02,1.32376241e+04,2.30354003e+02,2.63573157e-03,6.82621204e-05,0.00000000e+00,0.00000000e+00,9.21300000e+00,1.00593849e-01
2.56500000e+01,2.15792187e-03,4.35952899e-05,0.00000000e+00,0.00000000e+00,4.21482703e-04,1.94597756e-05,9.25062040e-04,3.50435868e-05,3.21852485e+00,3.97151701e-02,1.30326228e+04,2.21464040e+02,2.55261796e-03,4.95501858e-05,0.00000000e+00,0.00000000e+00,0.00000000e+00,0.00000000e+00
2.57500000e+01,2.16046629e-03,4.38014220e-05,0.00000000e+00,0.00000000e+00,4.57929518e-04,4.00481821e-05,9.16230231e-04,3.50407071e-05,3.20537907e+00,4.10894327e-02,1.30508938e+04,2.24060883e+02,2.59186368e-03,6.25517990e-05,0.00000000e+00,0.00000000e+00,9.20580000e+00,1.00949407e-01
2.58500000e+01,2.19380106e-03,5.36727993e-05,0.00000000e+00,0.00000000e+00,4.32928161e-04,2.74552791e-05,9.05305267e-04,3.46619311e-05,3.20417505e+00,4.03627305e-02,1.32021935e+04,2.65486571e+02,2.60044491e-03,6.31091711e-05,0.00000000e+00,0.00000000e+00,0.00000000e+00,0.00000000e+00
2.59500000e+01,2.17368225e-03,4.48666964e-05,0.00000000e+00,0.00000000e+00,4.19831002e-04,2.17412215e-05,9.25681158e-04,4.85111155e-05,3.20085984e+00,3.98976155e-02,1.30795509e+04,2.25063955e+02,2.56660095e-03,5.41786585e-05,0.00000000e+00,0.00000000e+00,9.20020000e+00,1.02236017e-01
2.60500000e+01,2.18715224e-03,4.73914011e-05,0.00000000e+00,0.00000000e+00,4.32374906e-04,2.06284377e-05,9.15876350e-04,4.47507554e-05,3.20432247e+00,3.71074298e-02,1.31435202e+04,2.35417101e+02,2.59297717e-03,5.42849987e-05,0.00000000e+00,0.00000000e+00,0.00000000e+00,0.00000000e+00
2.61500000e+01,2.14600748e-03,4.42102438e-05,0.00000000e+00,0.00000000e+00,4.44189016e-04,2.24674201e-05,8.85427464e-04,3.49980963e-05,3.17150942e+00,3.88656491e-02,1.29594193e+04,2.26448086e+02,2.56451395e-03,5.06547693e-05,0.00000000e+00,0.00000000e+00,9.18980000e+00,1.01287020e-01
2.62500000e+01,2.16027848e-03,4.31915236e-05,0.00000000e+00,0.00000000e+00,4.17439993e-04,2.07596810e-05,8.78596700e-04,3.43608941e-05,3.17426862e+00,4.12919110e-02,1.29837717e+04,2.22330825e+02,2.55221243e-03,5.57750456e-05,0.00000000e+00,0.00000000e+00,0.00000000e+00,0.00000000e+00
2.63500000e+01,2.15020093e-03,4.16520459e-05,0.00000000e+00,0.00000000e+00,4.16832149e-04,2.06735351e-05,8.69183396e-04,3.32530899e-05,3.18375375e+00,4.12277457e-02,1.29308304e+04,2.17922934e+02,2.54172165e-03,4.91969436e-05,0.00000000e+00,0.00000000e+00,9.19200000e+00,1.01009193e-01
2.64500000e+01,2.15569107e-03,4.24017238e-05,0.00000000e+00,0.00000000e+00,4.06965263e-04,1.77522774e-05,8.67412852e-04,3.23243990e-05,3.17275281e+00,4.01977145e-02,1.29168050e+04,2.15429904e+02,2.53708008e-03,4.79779993e-05,0.00000000e+00,0.00000000e+00,0.00000000e+00,0.00000000e+00
2.65500000e+01,2.16997059e-03,4.40812599e-05,0.00000000e+00,0.00000000e+00,4.57852034e-04,5.19684885e-05,8.57803340e-04,3.17665978e-05,3.19101230e+00,4.35909192e-02,1.29854939e+04,2.28159783e+02,2.60259830e-03,7.42099008e-05,0.00000000e+00,0.00000000e+00,9.17940000e+00,9.95354147e-02
2.66500000e+01,2.15332523e-03,4.57497540e-05,0.00000000e+00,0.00000000e+00,5.03852573e-04,8.06164190e-05,8.45225925e-04,3.16411041e-05,3.17088305e+00,4.30514577e-02,1.28813293e+04,2.35512143e+02,2.63258002e-03,9.51443153e-05,0.00000000e+00,0.00000000e+00,0.00000000e+00,0.00000000e+00
2.67500000e+01,2.15876599e-03,4.10392357e-05,0.00000000e+00,0.00000000e+00,4.26124320e-04,2.69417370e-05,8.38071304e-04,3.13670692e-05,3.16208882e+00,4.17865222e-02,1.29066553e+04,2.12255728e+02,2.56047681e-03,4.84493974e-05,0.00000000e+00,0.00000000e+00,9.15880000e+00,9.94518199e-02
2.68500000e+01,2.15144222e-03,4.64057517e-05,0.00000000e+00,0.00000000e+00,3.84366196e-04,1.62898263e-05,8.26407864e-04,3.13664499e-05,3.16110843e+00,4.33277491e-02,1.28687766e+04,2.41513080e+02,2.51175489e-03,4.92059700e-05,0.00000000e+00,0.00000000e+00,0.00000000e+00,0.00000000e+00
2.69500000e+01,2.16065709e-03,4.61648777e-05,0.00000000e+00,0.00000000e+00,4.02297388e-04,1.75270401e-05,8.24050396e-04,3.07223241e-05,3.15344642e+00,4.40781285e-02,1.29072664e+04,2.40445477e+02,2.53894690e-03,5.04679852e-05,0.00000000e+00,0.00000000e+00,9.13700000e+00,9.84642274e-02
2.70500000e+01,2.15776701e-03,5.00381888e-05,0.00000000e+00,0.00000000e+00,4.65329986e-04,4.83673117e-05,8.20204943e-04,3.17346527e-05,3.14060049e+00,4.47782292e-02,1.28745470e+04,2.61930250e+02,2.59924191e-03,6.74824845e-05,0.00000000e+00,0.00000000e+00,0.00000000e+00,0.00000000e+00
2.71500000e+01,2.15722594e-03,4.73782955e-05,0.00000000e+00,0.00000000e+00,4.29608633e-04,3.41662893e-05,8.13175247e-04,3.26436549e-05,3.13803314e+00,4.38431451e-02,1.28878487e+04,2.47230912e+02,2.56265984e-03,5.48380300e-05,0.00000000e+00,0.00000000e+00,9.15520000e+00,9.83356352e-02
2.72500000e+01,2.16930825e-03,4.31476139e-05,0.00000000e+00,0.00000000e+00,4.64604378e-04,3.45437285e-05,8.05228520e-04,3.30271644e-05,3.14580524e+00,4.42231731e-02,1.29208248e+04,2.21420581e+02,2.61055702e-03,5.81825436e-05,0.00000000e+00,0.00000000e+00,0.00000000e+00,0.00000000e+00
2.73500000e+01,2.15828223e-03,4.46437075e-05,0.00000000e+00,0.00000000e+00,5.13030858e-04,4.87216847e-05,8.00275769e-04,3.39601878e-05,3.14189081e+00,4.34971447e-02,1.28559585e+04,2.22712216e+02,2.64819284e-03,7.34145238e-05,0.00000000e+00,0.00000000e+00,9.15260000e+00,9.65083522e-02
2.74500000e+01,2.13507114e-03,4.23848281e-05,0.00000000e+00,0.00000000e+00,5.24342805e-04,7.53462521e-05,8.01383500e-04,3.55642900e-05,3.12424515e+00,4.39803153e-02,1.27451793e+04,2.17226055e+02,2.63594156e-03,9.42746303e-05,0.00000000e+00,0.00000000e+00,0.00000000e+00,0.00000000e+00
2.75500000e+01,2.13459625e-03,4.33820579e-05,0.00000000e+00,0.00000000e+00,4.97300322e-04,5.56627731e-05,7.99676181e-04,3.63685416e-05,3.12243120e+00,4.63752059e-02,1.27434982e+04,2.24757945e+02,2.60837403e-03,7.55796910e-05,0.00000000e+00,0.00000000e+00,9.13860000e+00,9.70554270e-02
2.76500000e+01,2.12613178e-03,4.03086493e-05,0.00000000e+00,0.00000000e+00,4.62517940e-04,3.70293554e-05,7.94301201e-04,3.57918272e-05,3.11566273e+00,4.15466024e-02,1.27085213e+04,2.10528509e+02,2.56536203e-03,5.97087168e-05,0.00000000e+00,0.00000000e+00,0.00000000e+00,0.00000000e+00
2.77500000e+01,2.12930483e-03,4.00730413e-05,0.00000000e+00,0.00000000e+00,4.52817649e-04,2.77405846e-05,7.71017421e-04,3.43599517e-05,3.11744744e+00,3.87425097e-02,1.27047920e+04,2.06632896e+02,2.55935269e-03,5.04390787e-05,0.00000000e+00,0.00000000e+00,9.14020000e+00,9.71497855e-02
2.78500000e+01,2.11234202e-03,3.93171094e-05,0.00000000e+00,0.00000000e+00,4.54403753e-04,2.86104913e-05,7.58742461e-04,3.34994800e-05,3.10018484e+00,3.86014419e-02,1.26156286e+04,2.05777208e+02,2.54415157e-03,4.83137962e-05,0.00000000e+00,0.00000000e+00,0.00000000e+00,0.00000000e+00
2.79500000e+01,2.11437285e-03,3.93238197e-05,0.00000000e+00,0.00000000e+00,4.47966317e-04,2.52526350e-05,7.56872004e-04,3.41954290e-05,3.11441970e+00,3.93436290e-02,1.26312344e+04,2.05823555e+02,2.53986564e-03,4.70993231e-05,0.00000000e+00,0.00000000e+00,9.12060000e+00,9.61603296e-02
2.80500000e+01,2.13544673e-03,4.04229976e-05,0.00000000e+00,0.00000000e+00,4.31946756e-04,2.04040429e-05,7.46146830e-04,3.54896226e-05,3.13200379e+00,4.03175619e-02,1.27344659e+04,2.09202819e+02,2.54513866e-03,4.73791448e-05,0.00000000e+00,0.00000000e+00,0.00000000e+00,0.00000000e+00
2.81500000e+01,2.12368526e-03,4.23153680e-05,0.00000000e+00,0.00000000e+00,4.09421770e-04,1.64323508e-05,7.35872369e-04,3.42416830e-05,3.12745856e+00,4.34201872e-02,1.26696713e+04,2.19032313e+02,2.51172555e-03,4.78106097e-05,0.00000000e+00,0.00000000e+00,9.09680000e+00,9.47802787e-02
2.82500000e+01,2.12542139e-03,4.39129477e-05,0.00000000e+00,0.00000000e+00,4.99395701e-04,6.10100788e-05,7.34275048e-04,3.42751266e-05,3.12990774e+00,4.47001582e-02,1.26596887e+04,2.25887310e+02,2.60347198e-03,8.21839766e-05,0.00000000e+00,0.00000000e+00,0.00000000e+00,0.00000000e+00
2.83500000e+01,2.13766561e-03,4.34733403e-05,0.00000000e+00,0.00000000e+00,4.78916000e-04,3.12648619e-05,7.16823545e-04,3.24469068e-05,3.11589089e+00,4.23945701e-02,1.27063055e+04,2.20443384e+02,2.59559690e-03,5.78619684e-05,0.00000000e+00,0.00000000e+00,9.06700000e+00,9.22800750e-02
2.84500000e+01,2.15639773e-03,4.48325046e-05,0.00000000e+00,0.00000000e+00,4.71951206e-04,3.27489596e-05,7.11342901e-04,3.21667402e-05,3.11027776e+00,4.01656387e-02,1.27821269e+04,2.23262075e+02,2.60757785e-03,6.39761350e-05,0.00000000e+00,0.00000000e+00,0.00000000e+00,0.00000000e+00
2.85500000e+01,2.15315965e-03,4.21044745e-05,0.00000000e+00,0.00000000e+00,4.82140539e-04,4.00904692e-05,7.64602860e-04,6.18739851e-05,3.09430962e+00,3.96047182e-02,1.27511668e+04,2.07329190e+02,2.61319628e-03,6.97527723e-05,0.00000000e+00,0.00000000e+00,9.04460000e+00,9.34356529e-02
2.86500000e+01,2.14389348e-03,4.17521806e-05,0.00000000e+00,0.00000000e+00,4.59091709e-04,2.97438800e-05,7.36605574e-04,3.92728518e-05,3.11151928e+00,3.94402927e-02,1.26964085e+04,2.04917977e+02,2.58136567e-03,5.47733324e-05,0.00000000e+00,0.00000000e+00,0.00000000e+00,0.00000000e+00
2.87500000e+01,2.12022211e-03,4.11554392e-05,0.00000000e+00,0.00000000e+00,4.84559494e-04,5.26799772e-05,6.92800645e-04,3.30386343e-05,3.08579050e+00,3.98091857e-02,1.25520868e+04,2.02962112e+02,2.58401238e-03,7.02685320e-05,0.00000000e+00,0.00000000e+00,9.05180000e+00,9.26228649e-02
2.88500000e+01,2.11780416e-03,4.20509651e-05,0.00000000e+00,0.00000000e+00,4.29720916e-04,2.49615149e-05,6.86078539e-04,3.30407386e-05,3.07688497e+00,3.99007267e-02,1.25551027e+04,2.07429832e+02,2.52696761e-03,5.46011755e-05,0.00000000e+00,0.00000000e+00,0.00000000e+00,0.00000000e+00
2.89500000e+01,2.11254042e-03,3.97826685e-05,0.00000000e+00,0.00000000e+00,4.26680657e-04,2.39786790e-05,7.00349941e-04,3.51491952e-05,3.04825849e+00,3.97811360e-02,1.25074969e+04,1.99260438e+02,2.51834659e-03,5.26114814e-05,0.00000000e+00,0.00000000e+00,9.03660000e+00,9.25328888e-02
2.90500000e+01,2.13493056e-03,4.01674123e-05,0.00000000e+00,0.00000000e+00,4.28886598e-04,2.23513467e-05,6.93206170e-04,3.69044259e-05,3.06403140e+00,4.24197430e-02,1.26240867e+04,2.09199923e+02,2.54112378e-03,5.26454231e-05,0.00000000e+00,0.00000000e+00,0.00000000e+00,0.00000000e+00
2.91500000e+01,2.09628365e-03,3.77971790e-05,0.00000000e+00,0.00000000e+00,4.50130230e-04,2.78084016e-05,6.72307035e-04,3.67142291e-05,3.05417556e+00,4.34386812e-02,1.24462558e+04,1.95819362e+02,2.52613391e-03,5.47325156e-05,0.00000000e+00,0.00000000e+00,9.00860000e+00,9.32869219e-02
2.92500000e+01,2.09965477e-03,3.77583995e-05,0.00000000e+00,0.00000000e+00,4.70805375e-04,3.15932995e-05,6.66436554e-04,3.71405447e-05,3.05526189e+00,4.22817632e-02,1.24403175e+04,1.93106129e+02,2.55044067e-03,5.25848621e-05,0.00000000e+00,0.00000000e+00,0.00000000e+00,0.00000000e+00
2.93500000e+01,2.09439143e-03,3.72654520e-05,0.00000000e+00,0.00000000e+00,4.39167818e-04,2.82542298e-05,6.64723564e-04,3.81960107e-05,3.03878460e+00,3.87357277e-02,1.24211886e+04,1.92504842e+02,2.51353508e-03,5.07029112e-05,0.00000000e+00,0.00000000e+00,8.98540000e+00,9.39092962e-02
2.94500000e+01,2.07348939e-03,3.61211380e-05,0.00000000e+00,0.00000000e+00,4.05387561e-04,1.89654564e-05,6.44534453e-04,3.44345082e-05,3.02252353e+00,3.88850258e-02,1.23075177e+04,1.86207800e+02,2.45917443e-03,4.41898142e-05,0.00000000e+00,0.00000000e+00,0.00000000e+00,0.00000000e+00
2.95500000e+01,2.07447064e-03,3.75324446e-05,0.00000000e+00,0.00000000e+00,3.87400097e-04,1.61569632e-05,6.14671875e-04,2.71342617e-05,3.02089285e+00,3.90578259e-02,1.22971880e+04,1.90917034e+02,2.44289519e-03,4.60744781e-05,0.00000000e+00,0.00000000e+00,8.97160000e+00,9.47444942e-02
2.96500000e+01,2.08369555e-03,4.54212798e-05,0.00000000e+00,0.00000000e+00,3.75704256e-04,1.53894708e-05,6.07547619e-04,2.59339122e-05,3.00964087e+00,3.83892371e-02,1.23286383e+04,2.21602740e+02,2.44043806e-03,5.14357307e-05,0.00000000e+00,0.00000000e+00,0.00000000e+00,0.00000000e+00
2.97500000e+01,2.05980561e-03,3.75661951e-05,0.00000000e+00,0.00000000e+00,3.91714380e-04,1.56627721e-05,6.06671423e-04,2.71614152e-05,3.00193370e+00,3.89614085e-02,1.21986016e+04,1.93864108e+02,2.43238687e-03,4.44649696e-05,0.00000000e+00,0.00000000e+00,8.96080000e+00,9.70772215e-02
2.98500000e+01,2.07920686e-03,4.13154515e-05,0.00000000e+00,0.00000000e+00,4.08002607e-04,1.96425083e-05,5.93865408e-04,2.68856516e-05,3.01668825e+00,4.20548144e-02,1.22696284e+04,2.08668145e+02,2.46850157e-03,4.70558034e-05,0.00000000e+00,0.00000000e+00,0.00000000e+00,0.00000000e+00
2.99500000e+01,2.07231042e-03,4.11847144e-05,0.00000000e+00,0.00000000e+00,4.05474275e-04,1.96124021e-05,5.85736040e-04,2.76861982e-05,2.98959127e+00,4.02007541e-02,1.22079770e+04,2.07466761e+02,2.45943714e-03,4.70310032e-05,0.00000000e+00,0.00000000e+00,8.95120000e+00,9.75033814e-02
3.00500000e+01,2.06566449e-03,4.23181784e-05,0.00000000e+00,0.00000000e+00,4.08625550e-04,1.97820390e-05,5.82560815e-04,2.80595847e-05,2.99438809e+00,4.06255394e-02,1.21835638e+04,2.09785586e+02,2.45612134e-03,4.73334248e-05,0.00000000e+00,0.00000000e+00,0.00000000e+00,0.00000000e+00
3.01500000e+01,2.04596662e-03,4.57328849e-05,0.00000000e+00,0.00000000e+00,4.01580880e-04,2.09579825e-05,5.79088654e-04,2.80516954e-05,2.96587850e+00,4.14145583e-02,1.20752069e+04,2.28434743e+02,2.42962811e-03,4.94722715e-05,0.00000000e+00,0.00000000e+00,8.95240000e+00,9.64760983e-02
3.02500000e+01,2.02864634e-03,3.79271666e-05,0.00000000e+00,0.00000000e+00,4.32524413e-04,4.59165120e-05,5.67701948e-04,2.66941239e-05,2.97079076e+00,4.18558824e-02,1.20036747e+04,1.92725634e+02,2.44376874e-03,6.28263022e-05,0.00000000e+00,0.00000000e+00,0.00000000e+00,0.00000000e+00
3.03500000e+01,2.03499837e-03,3.62704869e-05,0.00000000e+00,0.00000000e+00,3.99270843e-04,2.21091409e-05,5.63800681e-04,2.71010394e-05,2.97763367e+00,4.26383546e-02,1.20183145e+04,1.84486291e+02,2.41685170e-03,4.26386942e-05,0.00000000e+00,0.00000000e+00,8.94060000e+00,9.50129572e-02
3.04500000e+01,2.06269307e-03,3.79461305e-05,0.00000000e+00,0.00000000e+00,4.22389394e-04,3.49657983e-05,5.58847773e-04,2.72068301e-05,2.99027489e+00,4.22615888e-02,1.21589699e+04,1.88549912e+02,2.46755896e-03,5.18118676e-05,0.00000000e+00,0.00000000e+00,0.00000000e+00,0.00000000e+00
3.05500000e+01,2.07108923e-03,3.84747307e-05,0.00000000e+00,0.00000000e+00,4.27553569e-04,3.83889797e-05,5.57029110e-04,2.70970400e-05,2.99162082e+00,4.12950185e-02,1.21920482e+04,1.89632097e+02,2.48104520e-03,5.51617044e-05,0.00000000e+00,0.00000000e+00,8.93640000e+00,9.49972116e-02
3.06500000e+01,2.06539325e-03,3.76406162e-05,0.00000000e+00,0.00000000e+00,4.14581773e-04,3.70244148e-05,5.52996213e-04,2.78178346e-05,2.99061160e+00,4.24711395e-02,1.21694744e+04,1.86587109e+02,2.46249578e-03,5.35637263e-05,0.00000000e+00,0.00000000e+00,0.00000000e+00,0.00000000e+00
3.07500000e+01,2.04586276e-03,3.28666705e-05,0.00000000e+00,0.00000000e+00,4.16588446e-04,3.60666686e-05,5.46382782e-04,2.93839328e-05,2.97811617e+00,4.02213812e-02,1.20703879e+04,1.64319980e+02,2.44545090e-03,4.99146999e-05,0.00000000e+00,0.00000000e+00,8.91300000e+00,9.57131130e-02
3.08500000e+01,2.04435636e-03,3.42218728e-05,0.00000000e+00,0.00000000e+00,4.73632239e-04,6.43863088e-05,5.36880104e-04,2.88763523e-05,2.97308125e+00,4.23661027e-02,1.20179718e+04,1.68702954e+02,2.50155879e-03,7.74514303e-05,0.00000000e+00,0.00000000e+00,0.00000000e+00,0.00000000e+00
3.09500000e+01,2.04471104e-03,3.39753013e-05,0.00000000e+00,0.00000000e+00,4.69590292e-04,3.75341430e-05,5.28206211e-04,2.90821971e-05,2.96174432e+00,4.03244407e-02,1.19983784e+04,1.68079103e+02,2.49810525e-03,5.13231740e-05,0.00000000e+00,0.00000000e+00,8.91240000e+00,9.61196363e-02
3.10500000e+01,2.04197821e-03,3.58046393e-05,0.00000000e+00,0.00000000e+00,4.27461056e-04,3.03831894e-05,5.20141841e-04,2.94992629e-05,2.95235334e+00,3.96022055e-02,1.19846182e+04,1.76085672e+02,2.45343954e-03,4.75973702e-05,0.00000000e+00,0.00000000e+00,0.00000000e+00,0.00000000e+00
3.11500000e+01,2.04572341e-03,3.55378617e-05,0.00000000e+00,0.00000000e+00,4.02893999e-04,2.24733542e-05,5.14286233e-04,2.95590925e-05,2.96813003e+00,4.03384594e-02,1.20272688e+04,1.76127110e+02,2.43262597e-03,4.33110396e-05,0.00000000e+00,0.00000000e+00,8.90980000e+00,9.69647485e-02
3.12500000e+01,2.02113028e-03,3.50293458e-05,0.00000000e+00,0.00000000e+00,4.05160288e-04,2.93691138e-05,5.12087107e-04,2.96201675e-05,2.95764266e+00,3.88499409e-02,1.19012017e+04,1.80153890e+02,2.41047484e-03,4.80326022e-05,0.00000000e+00,0.00000000e+00,0.00000000e+00,0.00000000e+00
3.13500000e+01,2.03699148e-03,3.56457317e-05,0.00000000e+00,0.00000000e+00,3.81077998e-04,2.13244339e-05,5.11524825e-04,2.96603729e-05,2.95606576e+00,3.80165520e-02,1.19483737e+04,1.81153745e+02,2.40239668e-03,4.32893600e-05,0.00000000e+00,0.00000000e+00,8.88360000e+00,9.66089361e-02
3.14500000e+01,2.03034165e-03,3.63551718e-05,0.00000000e+00,0.00000000e+00,3.72343532e-04,1.99066903e-05,5.06216205e-04,2.94215473e-05,2.95318225e+00,4.13946383e-02,1.18973190e+04,1.84021960e+02,2.38717888e-03,4.44716868e-05,0.00000000e+00,0.00000000e+00,0.00000000e+00,0.00000000e+00
3.15500000e+01,2.03689945e-03,3.67300579e-05,0.00000000e+00,0.00000000e+00,3.99307442e-04,2.54318001e-05,4.90858569e-04,2.92878894e-05,2.95378785e+00,3.83602188e-02,1.19195904e+04,1.82756301e+02,2.42115918e-03,5.09459980e-05,0.00000000e+00,0.00000000e+00,8.87440000e+00,9.61262605e-02
3.16500000e+01,2.01721554e-03,3.81231398e-05,0.00000000e+00,0.00000000e+00,3.85193622e-04,1.76299773e-05,4.84090573e-04,2.94240803e-05,2.92331018e+00,3.76527580e-02,1.18047710e+04,1.90388768e+02,2.38761079e-03,4.64119152e-05,0.00000000e+00,0.00000000e+00,0.00000000e+00,0.00000000e+00
3.17500000e+01,1.99837587e-03,3.71488563e-05,0.00000000e+00,0.00000000e+00,3.77002715e-04,1.77200762e-05,4.85723899e-04,2.97426056e-05,2.91690190e+00,3.84767839e-02,1.17116967e+04,1.82930410e+02,2.36054919e-03,4.33491548e-05,0.00000000e+00,0.00000000e+00,8.85300000e+00,9.73356281e-02
3.18500000e+01,2.00187409e-03,3.87264790e-05,0.00000000e+00,0.00000000e+00,3.92907012e-04,2.34987054e-05,4.87728401e-04,3.24791102e-05,2.91204874e+00,3.81614090e-02,1.17292972e+04,1.88592735e+02,2.37993027e-03,5.00182946e-05,0.00000000e+00,0.00000000e+00,0.00000000e+00,0.00000000e+00
3.19500000e+01,2.01865068e-03,4.04749113e-05,0.00000000e+00,0.00000000e+00,4.31311077e-04,2.99799462e-05,4.88266352e-04,3.25855659e-05,2.91344531e+00,4.08442816e-02,1.18054649e+04,2.00964563e+02,2.43509812e-03,5.51715306e-05,0.00000000e+00,0.00000000e+00,8.83180000e+00,9.77500728e-02
3.20500000e+01,2.02650042e-03,4.14030745e-05,0.00000000e+00,0.00000000e+00,4.56919691e-04,3.46446770e-05,4.86682440e-04,3.27575346e-05,2.91691493e+00,3.83725045e-02,1.18307518e+04,2.05314117e+02,2.46859112e-03,6.05198534e-05,0.00000000e+00,0.00000000e+00,0.00000000e+00,0.00000000e+00
3.21500000e+01,2.02790730e-03,3.81920395e-05,0.00000000e+00,0.00000000e+00,4.63241269e-04,2.91274346e-05,4.97356363e-04,3.47499952e-05,2.92009036e+00,3.67192433e-02,1.18440332e+04,1.90873027e+02,2.47599194e-03,5.14006721e-05,0.00000000e+00,0.00000000e+00,8.80120000e+00,1.00192729e-01
3.22500000e+01,2.00475327e-03,3.47469206e-05,0.00000000e+00,0.00000000e+00,4.76149276e-04,3.24317961e-05,4.88020931e-04,3.33576111e-05,2.89893343e+00,3.74104936e-02,1.17070361e+04,1.74893498e+02,2.46565469e-03,4.66606821e-05,0.00000000e+00,0.00000000e+00,0.00000000e+00,0.00000000e+00
3.23500000e+01,2.01035467e-03,3.76177625e-05,0.00000000e+00,0.00000000e+00,5.06723470e-04,4.46497342e-05,4.79021042e-04,3.24654585e-05,2.88502148e+00,3.84568735e-02,1.17346646e+04,1.88478581e+02,2.50184509e-03,6.43096795e-05,0.00000000e+00,0.00000000e+00,8.78180000e+00,9.73039379e-02
3.24500000e+01,2.01005391e-03,4.21805671e-05,0.00000000e+00,0.00000000e+00,5.00067088e-04,4.13087906e-05,4.72944101e-04,3.22514942e-05,2.87321458e+00,4.19293804e-02,1.17306029e+04,2.15282992e+02,2.49510808e-03,5.97385414e-05,0.00000000e+00,0.00000000e+00,0.00000000e+00,0.00000000e+00
3.25500000e+01,2.00677779e-03,3.86828609e-05,0.00000000e+00,0.00000000e+00,4.68815406e-04,3.77463268e-05,4.67871332e-04,3.14472551e-05,2.87035309e+00,3.73984177e-02,1.17050540e+04,1.92599227e+02,2.46079531e-03,5.47231043e-05,0.00000000e+00,0.00000000e+00,8.76680000e+00,9.87842175e-02
3.26500000e+01,1.98812063e-03,3.77394189e-05,0.00000000e+00,0.00000000e+00,4.23366213e-04,2.81734572e-05,4.64653786e-04,3.04008172e-05,2.85588358e+00,3.85461399e-02,1.15893493e+04,1.86299815e+02,2.39682351e-03,5.07766561e-05,0.00000000e+00,0.00000000e+00,0.00000000e+00,0.00000000e+00
3.27500000e+01,1.98914200e-03,4.08836406e-05,0.00000000e+00,0.00000000e+00,4.31706678e-04,3.76172452e-05,4.57707015e-04,2.99718398e-05,2.85734682e+00,4.04969311e-02,1.15903961e+04,2.05390389e+02,2.40635043e-03,6.02411412e-05,0.00000000e+00,0.00000000e+00,8.75640000e+00,9.87764989e-02
3.28500000e+01,1.97347768e-03,3.79407702e-05,0.00000000e+00,0.00000000e+00,4.38599626e-04,3.87428150e-05,4.53722557e-04,3.02147596e-05,2.84767842e+00,4.09938704e-02,1.15258976e+04,1.91977129e+02,2.39764018e-03,6.01558398e-05,0.00000000e+00,0.00000000e+00,0.00000000e+00,0.00000000e+00
3.29500000e+01,1.99736404e-03,3.96671133e-05,0.00000000e+00,0.00000000e+00,4.35376089e-04,3.40109458e-05,4.49604880e-04,3.05058340e-05,2.85347689e+00,3.95802755e-02,1.16159616e+04,1.99277804e+02,2.41847064e-03,5.61684617e-05,0.00000000e+00,0.00000000e+00,8.76000000e+00,1.00299144e-01
3.30500000e+01,1.98620343e-03,4.06395354e-05,0.00000000e+00,0.00000000e+00,4.39120921e-04,3.59254790e-05,4.42826028e-04,3.04885686e-05,2.84030261e+00,3.97138800e-02,1.15458425e+04,2.04983795e+02,2.41116622e-03,5.37595379e-05,0.00000000e+00,0.00000000e+00,0.00000000e+00,0.00000000e+00
3.31500000e+01,2.02066266e-03,4.31506997e-05,0.00000000e+00,0.00000000e+00,4.15190393e-04,2.60768101e-05,4.37913508e-04,3.08560170e-05,2.84845567e+00,3.72117656e-02,1.17158193e+04,2.12075209e+02,2.42181390e-03,5.53879717e-05,0.00000000e+00,0.00000000e+00,8.74360000e+00,1.00025613e-01
3.32500000e+01,2.00830219e-03,3.78423096e-05,0.00000000e+00,0.00000000e+00,4.20361261e-04,2.74969896e-05,4.33732445e-04,3.11408689e-05,2.83297723e+00,3.72317663e-02,1.16440413e+04,1.89385231e+02,2.41473363e-03,4.94323249e-05,0.00000000e+00,0.00000000e+00,0.00000000e+00,0.00000000e+00
3.33500000e+01,1.98099069e-03,3.76041436e-05,0.00000000e+00,0.00000000e+00,4.02729500e-04,2.54502811e-05,4.22669174e-04,2.66044259e-05,2.82579034e+00,3.78759575e-02,1.15111967e+04,1.89794021e+02,2.37040029e-03,4.93075795e-05,0.00000000e+00,0.00000000e+00,8.73300000e+00,9.90873661e-02
3.34500000e+01,1.96515850e-03,3.90885463e-05,0.00000000e+00,0.00000000e+00,4.08772503e-04,2.72743548e-05,4.13420705e-04,2.54877023e-05,2.80426040e+00,3.86728448e-02,1.14118118e+04,1.95702080e+02,2.36084488e-03,5.19770806e-05,0.00000000e+00,0.00000000e+00,0.00000000e+00,0.00000000e+00
3.35500000e+01,1.96318515e-03,3.78622994e-05,0.00000000e+00,0.00000000e+00,4.28689729e-04,2.85284700e-05,4.17880775e-04,2.81502548e-05,2.81467432e+00,3.96226218e-02,1.14164382e+04,1.90103037e+02,2.37856799e-03,5.07848098e-05,0.00000000e+00,0.00000000e+00,8.72260000e+00,9.66680877e-02
3.36500000e+01,1.97469211e-03,4.02108603e-05,0.00000000e+00,0.00000000e+00,4.28958839e-04,2.65869993e-05,4.14562195e-04,2.75443195e-05,2.81480404e+00,3.99340065e-02,1.14606335e+04,2.01902624e+02,2.39046109e-03,5.19063226e-05,0.00000000e+00,0.00000000e+00,0.00000000e+00,0.00000000e+00
3.37500000e+01,1.98463904e-03,4.16932269e-05,0.00000000e+00,0.00000000e+00,4.15809541e-04,2.83697565e-05,4.11843804e-04,2.70866658e-05,2.81813312e+00,4.29600754e-02,1.15138885e+04,2.09115770e+02,2.38739119e-03,5.34655594e-05,0.00000000e+00,0.00000000e+00,8.69660000e+00,9.62389077e-02
3.38500000e+01,1.97576483e-03,4.00078546e-05,0.00000000e+00,0.00000000e+00,4.46431819e-04,3.95512381e-05,4.12377021e-04,2.76046181e-05,2.80170086e+00,4.19150052e-02,1.14708659e+04,2.02339752e+02,2.40903689e-03,5.72132473e-05,0.00000000e+00,0.00000000e+00,0.00000000e+00,0.00000000e+00
3.39500000e+01,1.95656634e-03,3.68145140e-05,0.00000000e+00,0.00000000e+00,4.23551288e-04,3.17939577e-05,4.14588989e-04,2.87014726e-05,2.78848474e+00,4.21304866e-02,1.13578077e+04,1.89279605e+02,2.36677514e-03,5.23111822e-05,0.00000000e+00,0.00000000e+00,8.68980000e+00,9.48896201e-02
3.40500000e+01,1.96171544e-03,3.86204458e-05,0.00000000e+00,0.00000000e+00,4.06681161e-04,2.80862886e-05,4.22564404e-04,3.04168637e-05,2.78620644e+00,4.43010388e-02,1.13706415e+04,1.97358978e+02,2.35507809e-03,4.87591056e-05,0.00000000e+00,0.00000000e+00,0.00000000e+00,0.00000000e+00
3.41500000e+01,1.95355796e-03,3.98903154e-05,0.00000000e+00,0.00000000e+00,4.45644135e-04,3.37457635e-05,4.22214845e-04,3.06818692e-05,2.78384799e+00,4.33175148e-02,1.13303435e+04,2.04501029e+02,2.38617734e-03,5.18381534e-05,0.00000000e+00,0.00000000e+00,8.66180000e+00,9.28596439e-02
3.42500000e+01,1.95684403e-03,4.67777944e-05,0.00000000e+00,0.00000000e+00,4.58062282e-04,4.52186712e-05,4.22152364e-04,3.08557996e-05,2.80767589e+00,4.39981398e-02,1.13636798e+04,2.36550720e+02,2.40182919e-03,6.43625946e-05,0.00000000e+00,0.00000000e+00,0.00000000e+00,0.00000000e+00
3.43500000e+01,1.93491156e-03,4.06394293e-05,0.00000000e+00,0.00000000e+00,4.38462605e-04,4.32177290e-05,4.20183729e-04,3.12019079e-05,2.79840606e+00,4.47673303e-02,1.12793276e+04,2.17163462e+02,2.36026379e-03,5.68014565e-05,0.00000000e+00,0.00000000e+00,8.63820000e+00,9.17212681e-02
3.44500000e+01,1.92945671e-03,3.59903281e-05,0.00000000e+00,0.00000000e+00,4.49731653e-04,3.22749267e-05,4.09116583e-04,3.06238237e-05,2.79665088e+00,4.10196146e-02,1.12357986e+04,1.88764481e+02,2.36643353e-03,4.51766545e-05,0.00000000e+00,0.00000000e+00,0.00000000e+00,0.00000000e+00
3.45500000e+01,1.93787426e-03,3.96726730e-05,0.00000000e+00,0.00000000e+00,4.19365517e-04,2.50504829e-05,3.96163891e-04,2.89916211e-05,2.79013588e+00,4.00557651e-02,1.12516961e+04,2.05354459e+02,2.34479129e-03,4.58183268e-05,0.00000000e+00,0.00000000e+00,8.61080000e+00,9.09737975e-02
3.46500000e+01,1.93349144e-03,3.88450289e-05,0.00000000e+00,0.00000000e+00,4.22481015e-04,2.61547781e-05,3.87959753e-04,2.68228272e-05,2.79306752e+00,4.34533373e-02,1.12370528e+04,1.99008953e+02,2.34372125e-03,4.76575622e-05,0.00000000e+00,0.00000000e+00,0.00000000e+00,0.00000000e+00
3.47500000e+01,1.93200257e-03,3.85452860e-05,0.00000000e+00,0.00000000e+00,4.19057141e-04,2.63322301e-05,3.87924488e-04,2.63902256e-05,2.77162283e+00,4.37636950e-02,1.12081368e+04,1.97806363e+02,2.33872726e-03,4.74840985e-05,0.00000000e+00,0.00000000e+00,8.58380000e+00,9.39117649e-02
3.48500000e+01,1.93382622e-03,4.10045661e-05,0.00000000e+00,0.00000000e+00,4.30950588e-04,3.65264584e-05,3.86368042e-04,2.63301835e-05,2.77904738e+00,4.65140581e-02,1.12247364e+04,2.14387531e+02,2.35243716e-03,5.54068592e-05,0.00000000e+00,0.00000000e+00,0.00000000e+00,0.00000000e+00
3.49500000e+01,1.94787401e-03,3.93327161e-05,0.00000000e+00,0.00000000e+00,4.27125744e-04,3.11741552e-05,3.83022262e-04,2.61863707e-05,2.78809904e+00,4.43713131e-02,1.12878375e+04,2.03103178e+02,2.36277307e-03,4.87865711e-05,0.00000000e+00,0.00000000e+00,8.56460000e+00,9.43390369e-02
3.50500000e+01,1.94802270e-03,4.23478951e-05,0.00000000e+00,0.00000000e+00,3.95094772e-04,2.43517088e-05,3.80612448e-04,2.61310312e-05,2.76811922e+00,4.45066212e-02,1.12604746e+04,2.13742212e+02,2.33097388e-03,5.26945368e-05,0.00000000e+00,0.00000000e+00,0.00000000e+00,0.00000000e+00
3.51500000e+01,1.93634115e-03,4.04432686e-05,0.00000000e+00,0.00000000e+00,4.70843237e-04,5.54672503e-05,3.71350008e-04,2.56985174e-05,2.76414305e+00,4.46348309e-02,1.11982624e+04,2.05645731e+02,2.39531443e-03,7.20709973e-05,0.00000000e+00,0.00000000e+00,8.54900000e+00,9.40825734e-02
3.52500000e+01,1.91848913e-03,4.27284639e-05,0.00000000e+00,0.00000000e+00,4.62016313e-04,4.28527281e-05,3.66729472e-04,2.60708344e-05,2.74101288e+00,4.46712100e-02,1.11167296e+04,2.16768135e+02,2.36875693e-03,6.41396579e-05,0.00000000e+00,0.00000000e+00,0.00000000e+00,0.00000000e+00
3.53500000e+01,1.89752268e-03,3.96244689e-05,0.00000000e+00,0.00000000e+00,4.28876183e-04,2.64112842e-05,3.63391046e-04,2.62757696e-05,2.72353215e+00,4.27796119e-02,1.10322418e+04,2.02072626e+02,2.31473031e-03,5.17914492e-05,0.00000000e+00,0.00000000e+00,8.53400000e+00,9.31647652e-02
3.54500000e+01,1.89546105e-03,4.09408341e-05,0.00000000e+00,0.00000000e+00,4.43371920e-04,2.87313641e-05,3.56761708e-04,2.64647488e-05,2.71456396e+00,4.20063069e-02,1.09977765e+04,2.06911383e+02,2.32733201e-03,5.20353810e-05,0.00000000e+00,0.00000000e+00,0.00000000e+00,0.00000000e+00
3.55500000e+01,1.88482229e-03,4.04254675e-05,0.00000000e+00,0.00000000e+00,4.32433794e-04,2.54191964e-05,3.60859723e-04,2.71006640e-05,2.71308207e+00,4.20056900e-02,1.09325612e+04,2.02162739e+02,2.30567861e-03,4.96357153e-05,0.00000000e+00,0.00000000e+00,8.52940000e+00,9.21996104e-02
3.56500000e+01,1.89338511e-03,3.86290218e-05,0.00000000e+00,0.00000000e+00,4.39075296e-04,2.64773428e-05,3.57501503e-04,2.65448758e-05,2.71730537e+00,4.07339104e-02,1.09876962e+04,1.94687414e+02,2.32117229e-03,4.99555331e-05,0.00000000e+00,0.00000000e+00,0.00000000e+00,0.00000000e+00
3.57500000e+01,1.87587627e-03,3.87642194e-05,0.00000000e+00,0.00000000e+00,4.39898348e-04,3.37857867e-05,3.48409650e-04,2.58710303e-05,2.69262715e+00,4.32177361e-02,1.08627692e+04,1.98284251e+02,2.30475884e-03,5.76225267e-05,0.00000000e+00,0.00000000e+00,8.52560000e+00,9.29332260e-02
3.58500000e+01,1.87904619e-03,3.99700742e-05,0.00000000e+00,0.00000000e+00,4.36289237e-04,2.74566620e-05,3.46275739e-04,2.56661880e-05,2.69956926e+00,4.49101433e-02,1.08788807e+04,2.04733764e+02,2.30443215e-03,5.52198729e-05,0.00000000e+00,0.00000000e+00,0.00000000e+00,0.00000000e+00
3.59500000e+01,1.87071805e-03,3.87965040e-05,0.00000000e+00,0.00000000e+00,4.23302029e-04,2.65239045e-05,3.49334991e-04,2.73774176e-05,2.70902364e+00,4.23922934e-02,1.08497366e+04,1.97773423e+02,2.28308052e-03,5.19480925e-05,0.00000000e+00,0.00000000e+00,8.52000000e+00,9.00399005e-02
3.60500000e+01,1.87713018e-03,4.13011311e-05,0.00000000e+00,0.00000000e+00,4.45737078e-04,3.00944246e-05,3.51159833e-04,2.85592781e-05,2.70782868e+00,4.40111978e-02,1.08621959e+04,2.07156347e+02,2.31222272e-03,5.43371286e-05,0.00000000e+00,0.00000000e+00,0.00000000e+00,0.00000000e+00
3.61500000e+01,1.90108078e-03,4.34699271e-05,0.00000000e+00,0.00000000e+00,4.44010890e-04,3.20620274e-05,3.50071968e-04,2.68704893e-05,2.70914142e+00,4.02887858e-02,1.09665672e+04,2.15149162e+02,2.33452216e-03,5.33203994e-05,0.00000000e+00,0.00000000e+00,8.50460000e+00,9.10152308e-02
3.62500000e+01,1.89034865e-03,4.07525695e-05,0.00000000e+00,0.00000000e+00,4.65760184e-04,4.94458559e-05,3.55908681e-04,3.49294325e-05,2.71623778e+00,4.05235931e-02,1.09302980e+04,2.02734173e+02,2.34547003e-03,6.37630401e-05,0.00000000e+00,0.00000000e+00,0.00000000e+00,0.00000000e+00
3.63500000e+01,1.87804320e-03,3.98305719e-05,0.00000000e+00,0.00000000e+00,4.33182050e-04,2.88930593e-05,3.42529019e-04,3.02105417e-05,2.70732092e+00,4.04628138e-02,1.08512859e+04,1.96713777e+02,2.30025536e-03,5.14853626e-05,0.00000000e+00,0.00000000e+00,8.48080000e+00,9.17364637e-02
3.64500000e+01,1.88154288e-03,4.02528383e-05,0.00000000e+00,0.00000000e+00,4.15740922e-04,2.19413924e-05,3.35871778e-04,2.99031320e-05,2.68096624e+00,3.80405912e-02,1.08439418e+04,1.98881493e+02,2.28710221e-03,5.03560212e-05,0.00000000e+00,0.00000000e+00,0.00000000e+00,0.00000000e+00
3.65500000e+01,1.87090862e-03,4.04095481e-05,0.00000000e+00,0.00000000e+00,4.19123564e-04,2.62016832e-05,3.29596968e-04,2.96197625e-05,2.66115541e+00,4.12170919e-02,1.07829926e+04,2.06185769e+02,2.28012689e-03,5.23236925e-05,0.00000000e+00,0.00000000e+00,8.46840000e+00,9.34571210e-02
3.66500000e+01,1.87341622e-03,4.60295339e-05,0.00000000e+00,0.00000000e+00,4.21580917e-04,2.53358335e-05,3.27051818e-04,2.94366551e-05,2.65351121e+00,4.13598899e-02,1.07871571e+04,2.33100930e+02,2.28518593e-03,5.94394341e-05,0.00000000e+00,0.00000000e+00,0.00000000e+00,0.00000000e+00
3.67500000e+01,1.86888311e-03,4.36343223e-05,0.00000000e+00,0.00000000e+00,4.03122372e-04,2.27530887e-05,3.25888756e-04,2.95207669e-05,2.65690651e+00,4.18083305e-02,1.07599334e+04,2.23747371e+02,2.26228624e-03,5.16648290e-05,0.00000000e+00,0.00000000e+00,8.47780000e+00,9.22765542e-02
3.68500000e+01,1.87107842e-03,4.29750826e-05,0.00000000e+00,0.00000000e+00,3.97232469e-04,2.40454079e-05,3.25674435e-04,2.95098370e-05,2.65632458e+00,4.43731024e-02,1.07643093e+04,2.22478245e+02,2.25862880e-03,5.23350603e-05,0.00000000e+00,0.00000000e+00,0.00000000e+00,0.00000000e+00
3.69500000e+01,1.86781503e-03,4.22278742e-05,0.00000000e+00,0.00000000e+00,3.82109346e-04,2.12973227e-05,3.24626074e-04,2.95618682e-05,2.64554819e+00,4.39705348e-02,1.07314182e+04,2.17423666e+02,2.24029683e-03,4.99600235e-05,0.00000000e+00,0.00000000e+00,8.47160000e+00,9.16872946e-02
3.70500000e+01,1.85931470e-03,4.32546848e-05,0.00000000e+00,0.00000000e+00,3.87939923e-04,2.21160818e-05,3.20557721e-04,2.98389421e-05,2.63790385e+00,4.38123301e-02,1.06979737e+04,2.23673366e+02,2.23768114e-03,5.13450181e-05,0.00000000e+00,0.00000000e+00,0.00000000e+00,0.00000000e+00
3.71500000e+01,1.86272136e-03,4.14532513e-05,0.00000000e+00,0.00000000e+00,3.88874238e-04,2.37249452e-05,3.12916866e-04,3.02582293e-05,2.64042906e+00,4.40083227e-02,1.07170721e+04,2.16812361e+02,2.24220668e-03,5.06969723e-05,0.00000000e+00,0.00000000e+00,8.44740000e+00,8.99536434e-02
3.72500000e+01,1.84780803e-03,4.14299495e-05,0.00000000e+00,0.00000000e+00,3.68179637e-04,1.84872420e-05,3.02900515e-04,2.63991709e-05,2.62944321e+00,4.19924418e-02,1.06306390e+04,2.16054691e+02,2.20685293e-03,4.74606633e-05,0.00000000e+00,0.00000000e+00,0.00000000e+00,0.00000000e+00
3.73500000e+01,1.87628026e-03,4.24984688e-05,0.00000000e+00,0.00000000e+00,3.75039939e-04,1.95264501e-05,3.01077826e-04,2.59807921e-05,2.65164909e+00,4.32570763e-02,1.07647540e+04,2.17797115e+02,2.24223712e-03,4.80589893e-05,0.00000000e+00,0.00000000e+00,8.44180000e+00,9.08983240e-02
3.74500000e+01,1.86006831e-03,4.40329495e-05,0.00000000e+00,0.00000000e+00,3.75680601e-04,2.05598841e-05,3.01085718e-04,2.59762601e-05,2.63627756e+00,4.29232266e-02,1.06785309e+04,2.27283753e+02,2.22672850e-03,5.12244901e-05,0.00000000e+00,0.00000000e+00,0.00000000e+00,0.00000000e+00
3.75500000e+01,1.87109089e-03,4.69291269e-05,0.00000000e+00,0.00000000e+00,3.86257397e-04,2.82016976e-05,2.95902391e-04,2.57210151e-05,2.64915153e+00,4.55819580e-02,1.07367236e+04,2.42025229e+02,2.24848074e-03,6.32568276e-05,0.00000000e+00,0.00000000e+00,8.41960000e+00,9.06533924e-02
3.76500000e+01,1.84601738e-03,4.43740046e-05,0.00000000e+00,0.00000000e+00,4.12199327e-04,3.82185741e-05,2.96543705e-04,2.56404374e-05,2.64591581e+00,4.36877363e-02,1.05996094e+04,2.28473636e+02,2.24936005e-03,6.42991896e-05,0.00000000e+00,0.00000000e+00,0.00000000e+00,0.00000000e+00
3.77500000e+01,1.81413511e-03,3.86183318e-05,0.00000000e+00,0.00000000e+00,3.53672731e-04,2.09391688e-05,2.90074704e-04,2.54986001e-05,2.62277152e+00,3.98613418e-02,1.04291882e+04,2.00515122e+02,2.15912140e-03,4.67474356e-05,0.00000000e+00,0.00000000e+00,8.40640000e+00,9.16540790e-02
3.78500000e+01,1.82368775e-03,3.72283588e-05,0.00000000e+00,0.00000000e+00,3.47606951e-04,2.15760179e-05,2.73586285e-04,2.23981029e-05,2.63709468e+00,3.85849481e-02,1.04883651e+04,1.92103756e+02,2.16309354e-03,4.17214996e-05,0.00000000e+00,0.00000000e+00,0.00000000e+00,0.00000000e+00
3.79500000e+01,1.83251157e-03,3.86185622e-05,0.00000000e+00,0.00000000e+00,3.35425471e-04,1.92834386e-05,2.69493058e-04,2.13640444e-05,2.65231172e+00,3.86017858e-02,1.05336313e+04,1.95575091e+02,2.15984084e-03,4.41008858e-05,0.00000000e+00,0.00000000e+00,8.38920000e+00,9.36623724e-02
3.80500000e+01,1.82726758e-03,3.54857393e-05,0.00000000e+00,0.00000000e+00,3.45348970e-04,2.07152958e-05,2.68034767e-04,2.11682212e-05,2.63414646e+00,3.76285785e-02,1.05121496e+04,1.79966505e+02,2.16453813e-03,4.20765384e-05,0.00000000e+00,0.00000000e+00,0.00000000e+00,0.00000000e+00
3.81500000e+01,1.81428636e-03,4.18898553e-05,0.00000000e+00,0.00000000e+00,3.50455716e-04,1.94178356e-05,2.67811732e-04,2.11448181e-05,2.60986529e+00,3.91098465e-02,1.04374412e+04,2.11698129e+02,2.15666426e-03,5.02169862e-05,0.00000000e+00,0.00000000e+00,8.35820000e+00,9.24998356e-02
3.82500000e+01,1.82063912e-03,4.43324638e-05,0.00000000e+00,0.00000000e+00,3.58405967e-04,2.49709106e-05,2.67820800e-04,2.11815664e-05,2.60594449e+00,4.14095667e-02,1.04449843e+04,2.24886510e+02,2.17097493e-03,5.65621677e-05,0.00000000e+00,0.00000000e+00,0.00000000e+00,0.00000000e+00
3.83500000e+01,1.81230974e-03,4.20379794e-05,0.00000000e+00,0.00000000e+00,3.56045614e-04,2.12596401e-05,2.62917994e-04,2.05636445e-05,2.61308115e+00,4.23655409e-02,1.04070771e+04,2.15152388e+02,2.16049301e-03,4.94475733e-05,0.00000000e+00,0.00000000e+00,8.33800000e+00,9.21245829e-02
3.84500000e+01,1.80164878e-03,4.10855416e-05,0.00000000e+00,0.00000000e+00,3.53265408e-04,2.10008055e-05,2.59796349e-04,2.04831090e-05,2.60323576e+00,3.90073375e-02,1.03446924e+04,2.09676164e+02,2.14715524e-03,4.78982811e-05,0.00000000e+00,0.00000000e+00,0.00000000e+00,0.00000000e+00
3.85500000e+01,1.80208695e-03,4.04849685e-05,0.00000000e+00,0.00000000e+00,3.56654256e-04,2.22793003e-05,2.59185228e-04,2.05999175e-05,2.60317587e+00,3.76191456e-02,1.03655237e+04,2.05839958e+02,2.15099494e-03,5.03502417e-05,0.00000000e+00,0.00000000e+00,8.31160000e+00,9.05102813e-02
3.86500000e+01,1.80342269e-03,4.16925199e-05,0.00000000e+00,0.00000000e+00,3.67225723e-04,2.30786746e-05,2.58452487e-04,2.05804887e-05,2.59652264e+00,4.13073987e-02,1.03649378e+04,2.17638407e+02,2.16295128e-03,4.99934097e-05,0.00000000e+00,0.00000000e+00,0.00000000e+00,0.00000000e+00
3.87500000e+01,1.79326126e-03,4.34054511e-05,0.00000000e+00,0.00000000e+00,3.52943328e-04,1.91462020e-05,2.61273471e-04,2.11566876e-05,2.58822225e+00,4.15393603e-02,1.02902805e+04,2.21726957e+02,2.13836409e-03,4.95488718e-05,0.00000000e+00,0.00000000e+00,8.30260000e+00,9.02933134e-02
3.88500000e+01,1.78654864e-03,4.08372738e-05,0.00000000e+00,0.00000000e+00,3.34532874e-04,1.60491038e-05,2.62936470e-04,2.12642919e-05,2.56816007e+00,4.13485757e-02,1.02512780e+04,2.11014560e+02,2.11319089e-03,4.70861505e-05,0.00000000e+00,0.00000000e+00,0.00000000e+00,0.00000000e+00
3.89500000e+01,1.75805848e-03,3.92292564e-05,0.00000000e+00,0.00000000e+00,3.30009837e-04,1.51332952e-05,2.64117796e-04,2.14170565e-05,2.55031028e+00,4.02886073e-02,1.00758285e+04,2.03172976e+02,2.08015240e-03,4.75417636e-05,0.00000000e+00,0.00000000e+00,8.29640000e+00,9.00674396e-02
3.90500000e+01,1.75158515e-03,3.90540349e-05,0.00000000e+00,0.00000000e+00,3.42314444e-04,1.81055302e-05,2.61427845e-04,2.11716969e-05,2.55557534e+00,4.01658384e-02,1.00510960e+04,2.03055783e+02,2.08604892e-03,4.63030720e-05,0.00000000e+00,0.00000000e+00,0.00000000e+00,0.00000000e+00
3.91500000e+01,1.76459690e-03,3.82236799e-05,0.00000000e+00,0.00000000e+00,3.80100383e-04,4.11818199e-05,2.53844150e-04,2.02898806e-05,2.56981836e+00,4.11754710e-02,1.01214991e+04,1.98416773e+02,2.13716388e-03,5.70702213e-05,0.00000000e+00,0.00000000e+00,8.27780000e+00,9.06963042e-02
3.92500000e+01,1.77924775e-03,4.17189830e-05,0.00000000e+00,0.00000000e+00,3.59130357e-04,2.12663894e-05,2.50546118e-04,2.01071884e-05,2.58545574e+00,4.25696663e-02,1.02058045e+04,2.15725219e+02,2.13099651e-03,5.04024368e-05,0.00000000e+00,0.00000000e+00,0.00000000e+00,0.00000000e+00
3.93500000e+01,1.76180082e-03,3.73719095e-05,0.00000000e+00,0.00000000e+00,3.84210170e-04,2.66899378e-05,2.47963724e-04,2.00575507e-05,2.56257223e+00,3.79079957e-02,1.01019087e+04,1.92488912e+02,2.13857324e-03,4.57382984e-05,0.00000000e+00,0.00000000e+00,8.26280000e+00,9.11858564e-02
3.94500000e+01,1.78149836e-03,4.16357124e-05,0.00000000e+00,0.00000000e+00,3.73128338e-04,2.73479220e-05,2.42044805e-04,2.01898566e-05,2.55918577e+00,4.16784547e-02,1.02000694e+04,2.16857459e+02,2.14698179e-03,5.07496906e-05,0.00000000e+00,0.00000000e+00,0.00000000e+00,0.00000000e+00
3.95500000e+01,1.78848618e-03,4.12852651e-05,0.00000000e+00,0.00000000e+00,3.83644916e-04,2.80354092e-05,2.39461774e-04,2.01550514e-05,2.56867412e+00,4.29040669e-02,1.02440199e+04,2.15711214e+02,2.16446435e-03,5.16479809e-05,0.00000000e+00,0.00000000e+00,8.25100000e+00,8.97234982e-02
3.96500000e+01,1.79691630e-03,4.01700567e-05,0.00000000e+00,0.00000000e+00,4.29399024e-04,7.17345274e-05,2.33707123e-04,1.99595760e-05,2.55395924e+00,3.96862116e-02,1.02763908e+04,2.05761604e+02,2.21867178e-03,8.05970210e-05,0.00000000e+00,0.00000000e+00,0.00000000e+00,0.00000000e+00
3.97500000e+01,1.79438123e-03,3.83418665e-05,0.00000000e+00,0.00000000e+00,4.32076500e-04,7.23952252e-05,2.32629399e-04,1.99687253e-05,2.54611279e+00,4.09772662e-02,1.02530104e+04,2.01784387e+02,2.21876299e-03,8.16447128e-05,0.00000000e+00,0.00000000e+00,8.24400000e+00,8.92407887e-02
3.98500000e+01,1.76630086e-03,3.82604438e-05,0.00000000e+00,0.00000000e+00,3.57307026e-04,2.11861007e-05,2.32445062e-04,1.99909080e-05,2.52751357e+00,4.08397419e-02,1.00888891e+04,1.97273826e+02,2.11615815e-03,4.85973932e-05,0.00000000e+00,0.00000000e+00,0.00000000e+00,0.00000000e+00
3.99500000e+01,1.76374538e-03,3.73996861e-05,0.00000000e+00,0.00000000e+00,3.55112661e-04,2.08556066e-05,2.31656150e-04,2.01272389e-05,2.54052454e+00,4.24003461e-02,1.00687952e+04,1.94620687e+02,2.11190409e-03,4.81213981e-05,0.00000000e+00,0.00000000e+00,8.24060000e+00,9.10601550e-02
4.00500000e+01,1.75985237e-03,3.57869844e-05,0.00000000e+00,0.00000000e+00,3.38074181e-04,1.66895179e-05,2.31466232e-04,2.01718918e-05,2.52820723e+00,4.08722271e-02,1.00384231e+04,1.89058123e+02,2.09097443e-03,4.38556600e-05,0.00000000e+00,0.00000000e+00,0.00000000e+00,0.00000000e+00
4.01500000e+01,1.75952158e-03,3.57617639e-05,0.00000000e+00,0.00000000e+00,3.44651510e-04,1.89021068e-05,2.30367128e-04,2.01627217e-05,2.53446830e+00,4.02633799e-02,1.00498073e+04,1.86637598e+02,2.09725165e-03,4.36109619e-05,0.00000000e+00,0.00000000e+00,8.22180000e+00,9.03357411e-02
4.02500000e+01,1.75286180e-03,3.84410900e-05,0.00000000e+00,0.00000000e+00,3.51760038e-04,2.09362666e-05,2.27291174e-04,2.01423014e-05,2.52302275e+00,4.34995063e-02,9.99187578e+03,1.97259525e+02,2.09778298e-03,4.84499734e-05,0.00000000e+00,0.00000000e+00,0.00000000e+00,0.00000000e+00
4.03500000e+01,1.76224427e-03,3.68887752e-05,0.00000000e+00,0.00000000e+00,3.66056351e-04,2.90538711e-05,2.24911049e-04,1.95849728e-05,2.52192630e+00,4.00309664e-02,1.00460333e+04,1.91865094e+02,2.12152945e-03,4.67251517e-05,0.00000000e+00,0.00000000e+00,8.20700000e+00,8.81247956e-02
4.04500000e+01,1.73461288e-03,3.77565400e-05,0.00000000e+00,0.00000000e+00,3.62503301e-04,2.86346405e-05,2.25041829e-04,1.98180920e-05,2.50888338e+00,4.17752255e-02,9.89827695e+03,1.93298773e+02,2.09035643e-03,4.86705268e-05,0.00000000e+00,0.00000000e+00,0.00000000e+00,0.00000000e+00
4.05500000e+01,1.74296548e-03,3.94509375e-05,0.00000000e+00,0.00000000e+00,3.84464327e-04,3.00392145e-05,2.17829773e-04,1.87299858e-05,2.52696030e+00,4.55833018e-02,9.94435469e+03,2.05502809e+02,2.12085032e-03,5.26044187e-05,0.00000000e+00,0.00000000e+00,8.19760000e+00,8.82064184e-02
4.06500000e+01,1.74997392e-03,4.20210741e-05,0.00000000e+00,0.00000000e+00,3.84545857e-04,3.36987383e-05,2.16313272e-04,1.86339105e-05,2.52029631e+00,4.39874560e-02,9.98867895e+03,2.19434197e+02,2.12791469e-03,5.89802690e-05,0.00000000e+00,0.00000000e+00,0.00000000e+00,0.00000000e+00
4.07500000e+01,1.74672784e-03,3.99619653e-05,0.00000000e+00,0.00000000e+00,3.83996959e-04,3.30375966e-05,2.15753526e-04,1.98225989e-05,2.49983196e+00,4.10495002e-02,9.94196178e+03,2.05791231e+02,2.12415088e-03,5.56500799e-05,0.00000000e+00,0.00000000e+00,8.17740000e+00,8.50856999e-02
4.08500000e+01,1.75619113e-03,4.30802306e-05,0.00000000e+00,0.00000000e+00,3.58771653e-04,2.29784523e-05,2.11497688e-04,2.00412635e-05,2.50124407e+00,4.21756224e-02,9.98181160e+03,2.22008101e+02,2.10848613e-03,5.16512588e-05,0.00000000e+00,0.00000000e+00,0.00000000e+00,0.00000000e+00
4.09500000e+01,1.75162877e-03,4.02429380e-05,0.00000000e+00,0.00000000e+00,3.59228436e-04,2.39575417e-05,2.10206126e-04,2.03435080e-05,2.50927122e+00,4.20295966e-02,9.97105314e+03,2.04001770e+02,2.10433857e-03,4.96469196e-05,0.00000000e+00,0.00000000e+00,8.16500000e+00,8.65729609e-02
4.10500000e+01,1.76397411e-03,4.30709051e-05,0.00000000e+00,0.00000000e+00,3.40427583e-04,1.86086887e-05,2.09323254e-04,2.03923119e-05,2.50529036e+00,4.48280636e-02,1.00197961e+04,2.17270856e+02,2.09785875e-03,4.98036126e-05,0.00000000e+00,0.00000000e+00,0.00000000e+00,0.00000000e+00
4.11500000e+01,1.77233220e-03,4.44805703e-05,0.00000000e+00,0.00000000e+00,3.76818631e-04,4.81045156e-05,2.08532347e-04,2.04294776e-05,2.51019782e+00,4.54123882e-02,1.00334920e+04,2.24558258e+02,2.14262627e-03,6.76338429e-05,0.00000000e+00,0.00000000e+00,8.14720000e+00,8.82797224e-02
4.12500000e+01,1.73487353e-03,4.44117852e-05,0.00000000e+00,0.00000000e+00,3.26272427e-04,1.29231353e-05,2.03433495e-04,1.90187435e-05,2.47760548e+00,4.64288887e-02,9.83817344e+03,2.26739311e+02,2.05472183e-03,4.90243116e-05,0.00000000e+00,0.00000000e+00,0.00000000e+00,0.00000000e+00
4.13500000e+01,1.74152005e-03,4.40730942e-05,0.00000000e+00,0.00000000e+00,3.44298355e-04,2.01351760e-05,1.96668538e-04,1.78861645e-05,2.48774175e+00,4.33910184e-02,9.87453608e+03,2.23511093e+02,2.07959039e-03,5.33616785e-05,0.00000000e+00,0.00000000e+00,8.14060000e+00,8.80576852e-02
4.14500000e+01,1.74172113e-03,4.47575098e-05,0.00000000e+00,0.00000000e+00,3.43278379e-04,1.81412766e-05,1.94364095e-04,1.75118690e-05,2.48963225e+00,4.35323931e-02,9.87962367e+03,2.28809393e+02,2.07883279e-03,5.30037974e-05,0.00000000e+00,0.00000000e+00,0.00000000e+00,0.00000000e+00
4.15500000e+01,1.73622157e-03,4.14275478e-05,0.00000000e+00,0.00000000e+00,3.47276203e-04,2.07349148e-05,1.90857100e-04,1.62702203e-05,2.48183444e+00,4.34844817e-02,9.85571821e+03,2.15229662e+02,2.07744777e-03,4.89014420e-05,0.00000000e+00,0.00000000e+00,8.12640000e+00,8.64821605e-02
4.16500000e+01,1.71869191e-03,3.93131179e-05,0.00000000e+00,0.00000000e+00,3.63051964e-04,2.73511108e-05,1.87718043e-04,1.57177729e-05,2.46284869e+00,4.13015966e-02,9.73779471e+03,2.01406314e+02,2.07578457e-03,5.33311996e-05,0.00000000e+00,0.00000000e+00,0.00000000e+00,0.00000000e+00
4.17500000e+01,1.72780541e-03,3.92482172e-05,0.00000000e+00,0.00000000e+00,3.71067139e-04,2.58664729e-05,1.88032824e-04,1.57740211e-05,2.46684581e+00,3.96581365e-02,9.79648519e+03,1.99413683e+02,2.09293694e-03,5.16302377e-05,0.00000000e+00,0.00000000e+00,8.12480000e+00,8.68304658e-02
4.18500000e+01,1.74891522e-03,3.72999728e-05,0.00000000e+00,0.00000000e+00,3.56387242e-04,1.94682050e-05,1.86714100e-04,1.55561974e-05,2.46482547e+00,3.79532596e-02,9.90468558e+03,1.89810487e+02,2.09933267e-03,4.59666138e-05,0.00000000e+00,0.00000000e+00,0.00000000e+00,0.00000000e+00
4.19500000e+01,1.74857311e-03,3.79231708e-05,0.00000000e+00,0.00000000e+00,3.72099475e-04,2.82657358e-05,1.86542115e-04,1.55468473e-05,2.46133129e+00,4.18878200e-02,9.89713489e+03,1.98268819e+02,2.11470436e-03,5.18961785e-05,0.00000000e+00,0.00000000e+00,8.09960000e+00,8.63863935e-02
4.20500000e+01,1.76310526e-03,4.39068506e-05,0.00000000e+00,0.00000000e+00,3.65291177e-04,2.59831768e-05,1.86542115e-04,1.55468473e-05,2.46057418e+00,4.13148034e-02,9.94158443e+03,2.22707856e+02,2.12242753e-03,5.65184523e-05,0.00000000e+00,0.00000000e+00,0.00000000e+00,0.00000000e+00
4.21500000e+01,1.76039622e-03,4.10435530e-05,0.00000000e+00,0.00000000e+00,3.53503383e-04,1.84055720e-05,1.84069528e-04,1.55855334e-05,2.46465568e+00,4.36880733e-02,9.92605505e+03,2.09198532e+02,2.10800230e-03,4.95142305e-05,0.00000000e+00,0.00000000e+00,8.07620000e+00,8.72836754e-02
4.22500000e+01,1.72592236e-03,4.19293790e-05,0.00000000e+00,0.00000000e+00,4.13074343e-04,6.72651019e-05,1.82189616e-04,1.57154694e-05,2.45524472e+00,4.37984570e-02,9.76152700e+03,2.13409710e+02,2.13314326e-03,8.40898728e-05,0.00000000e+00,0.00000000e+00,0.00000000e+00,0.00000000e+00
4.23500000e+01,1.70738918e-03,4.24969055e-05,0.00000000e+00,0.00000000e+00,3.45837400e-04,1.88022023e-05,1.79966705e-04,1.55989819e-05,2.42890487e+00,4.38766162e-02,9.66198687e+03,2.16530486e+02,2.04743309e-03,5.44298858e-05,0.00000000e+00,0.00000000e+00,8.05600000e+00,8.57019039e-02
4.24500000e+01,1.72450390e-03,4.51939556e-05,0.00000000e+00,0.00000000e+00,3.49252219e-04,1.82460737e-05,1.85688613e-04,1.66108282e-05,2.43457920e+00,4.41681824e-02,9.75702933e+03,2.26254416e+02,2.06772480e-03,5.51650747e-05,0.00000000e+00,0.00000000e+00,0.00000000e+00,0.00000000e+00
4.25500000e+01,1.72710424e-03,4.39318886e-05,0.00000000e+00,0.00000000e+00,3.71921601e-04,3.04774834e-05,1.87235549e-04,1.73606437e-05,2.43912240e+00,4.25436835e-02,9.75967870e+03,2.19759172e+02,2.09295123e-03,5.46993946e-05,0.00000000e+00,0.00000000e+00,8.05940000e+00,8.60248706e-02
4.26500000e+01,1.71995154e-03,4.41752959e-05,0.00000000e+00,0.00000000e+00,3.53369422e-04,1.78736981e-05,1.84181847e-04,1.74233487e-05,2.42786765e+00,4.53002147e-02,9.70694580e+03,2.25461925e+02,2.06734167e-03,5.19338466e-05,0.00000000e+00,0.00000000e+00,0.00000000e+00,0.00000000e+00
4.27500000e+01,1.71990095e-03,4.56906053e-05,0.00000000e+00,0.00000000e+00,3.63255389e-04,1.91282159e-05,1.83846887e-04,1.79432427e-05,2.44893619e+00,4.88109126e-02,9.72741184e+03,2.35531374e+02,2.07721798e-03,5.35379068e-05,0.00000000e+00,0.00000000e+00,8.03300000e+00,8.53828114e-02
4.28500000e+01,1.72765318e-03,4.20876882e-05,0.00000000e+00,0.00000000e+00,3.43656631e-04,1.63360096e-05,1.83224058e-04,1.81683979e-05,2.45029057e+00,4.21512337e-02,9.77600456e+03,2.13071958e+02,2.06531790e-03,4.95564509e-05,0.00000000e+00,0.00000000e+00,0.00000000e+00,0.00000000e+00
4.29500000e+01,1.71752249e-03,4.37467420e-05,0.00000000e+00,0.00000000e+00,3.56208660e-04,2.05415191e-05,1.85365432e-04,1.96144667e-05,2.42394323e+00,4.43390560e-02,9.69019011e+03,2.22445534e+02,2.06768402e-03,5.20833415e-05,0.00000000e+00,0.00000000e+00,8.02280000e+00,8.41112189e-02
4.30500000e+01,1.69056778e-03,4.18547339e-05,0.00000000e+00,0.00000000e+00,3.63099763e-04,2.20007707e-05,1.83748546e-04,1.99674008e-05,2.40168849e+00,4.35442053e-02,9.54935549e+03,2.14281528e+02,2.04768693e-03,5.27205942e-05,0.00000000e+00,0.00000000e+00,0.00000000e+00,0.00000000e+00
4.31500000e+01,1.69006919e-03,4.31664778e-05,0.00000000e+00,0.00000000e+00,3.73151171e-04,2.83118153e-05,1.85018802e-04,2.03815786e-05,2.37954469e+00,4.37555443e-02,9.52264622e+03,2.21276109e+02,2.05719913e-03,5.67581666e-05,0.00000000e+00,0.00000000e+00,8.01200000e+00,8.52855946e-02
4.32500000e+01,1.68838507e-03,4.31167132e-05,0.00000000e+00,0.00000000e+00,4.01369493e-04,3.37293116e-05,1.83324385e-04,2.01520008e-05,2.39217908e+00,4.60768256e-02,9.53502226e+03,2.22452186e+02,2.08351745e-03,6.28417388e-05,0.00000000e+00,0.00000000e+00,0.00000000e+00,0.00000000e+00
4.33500000e+01,1.69446673e-03,4.24953765e-05,0.00000000e+00,0.00000000e+00,4.20648449e-04,5.13003459e-05,1.80487969e-04,2.00584238e-05,2.39504158e+00,4.33426717e-02,9.58465016e+03,2.16483709e+02,2.10863458e-03,7.84276111e-05,0.00000000e+00,0.00000000e+00,7.99700000e+00,8.67547564e-02
4.34500000e+01,1.69250376e-03,4.01742806e-05,0.00000000e+00,0.00000000e+00,3.79227960e-04,2.94859230e-05,1.80553648e-04,2.00651624e-05,2.40825846e+00,4.08991910e-02,9.56719565e+03,2.03401686e+02,2.06513299e-03,5.31612230e-05,0.00000000e+00,0.00000000e+00,0.00000000e+00,0.00000000e+00
4.35500000e+01,1.70008145e-03,4.09635579e-05,0.00000000e+00,0.00000000e+00,3.57422239e-04,2.05821584e-05,1.77574235e-04,2.01907455e-05,2.42376531e+00,4.12066686e-02,9.59737698e+03,2.06273525e+02,2.05121495e-03,5.00224447e-05,0.00000000e+00,0.00000000e+00,7.96380000e+00,8.62501772e-02
4.36500000e+01,1.67610805e-03,4.36271434e-05,0.00000000e+00,0.00000000e+00,3.48865184e-04,1.85874062e-05,1.77135551e-04,2.02930365e-05,2.39482823e+00,4.46823138e-02,9.46531015e+03,2.21268253e+02,2.01891465e-03,5.00408550e-05,0.00000000e+00,0.00000000e+00,0.00000000e+00,0.00000000e+00
4.37500000e+01,1.70893762e-03,4.56246611e-05,0.00000000e+00,0.00000000e+00,3.69660902e-04,2.24630896e-05,1.75018569e-04,2.00657496e-05,2.40897220e+00,4.48128854e-02,9.60773410e+03,2.32439004e+02,2.07260845e-03,5.17456599e-05,0.00000000e+00,0.00000000e+00,7.96420000e+00,8.83735532e-02
4.38500000e+01,1.71681987e-03,5.07532599e-05,0.00000000e+00,0.00000000e+00,3.79565981e-04,2.49352480e-05,1.71402438e-04,1.91904706e-05,2.39278280e+00,4.40068629e-02,9.63541655e+03,2.55031507e+02,2.09050851e-03,5.68419823e-05,0.00000000e+00,0.00000000e+00,0.00000000e+00,0.00000000e+00
4.39500000e+01,1.70441240e-03,4.57616182e-05,0.00000000e+00,0.00000000e+00,3.91660013e-04,2.55786372e-05,1.65502846e-04,1.77178635e-05,2.40509295e+00,4.58330791e-02,9.58570521e+03,2.31365604e+02,2.09038307e-03,5.60541569e-05,0.00000000e+00,0.00000000e+00,7.95980000e+00,8.83395536e-02
4.40500000e+01,1.72278533e-03,4.45991862e-05,0.00000000e+00,0.00000000e+00,3.92987073e-04,2.77395142e-05,1.64397799e-04,1.74944849e-05,2.40486891e+00,4.45586421e-02,9.66518182e+03,2.24857670e+02,2.11021276e-03,6.03653238e-05,0.00000000e+00,0.00000000e+00,0.00000000e+00,0.00000000e+00
4.41500000e+01,1.71834097e-03,4.78561560e-05,0.00000000e+00,0.00000000e+00,3.64179767e-04,2.20912708e-05,1.64823908e-04,1.76141885e-05,2.40356995e+00,4.76503694e-02,9.63619257e+03,2.41918979e+02,2.07697136e-03,5.70516307e-05,0.00000000e+00,0.00000000e+00,7.94700000e+00,8.96556906e-02
4.42500000e+01,1.71174651e-03,4.72461255e-05,0.00000000e+00,0.00000000e+00,3.67626275e-04,2.56896029e-05,1.63256882e-04,1.73507553e-05,2.39539522e+00,4.69917424e-02,9.59816323e+03,2.39556227e+02,2.07381539e-03,5.53930154e-05,0.00000000e+00,0.00000000e+00,0.00000000e+00,0.00000000e+00
4.43500000e+01,1.69563441e-03,4.69494232e-05,0.00000000e+00,0.00000000e+00,3.77132312e-04,2.66661768e-05,1.62279149e-04,1.72016583e-05,2.36790785e+00,4.58214089e-02,9.50100785e+03,2.37429010e+02,2.06742331e-03,5.83534709e-05,0.00000000e+00,0.00000000e+00,7.92960000e+00,9.29287460e-02
4.44500000e+01,1.69304609e-03,4.89211174e-05,0.00000000e+00,0.00000000e+00,3.84111265e-04,2.71387151e-05,2.31066928e-04,7.88173870e-05,2.36598092e+00,4.65766155e-02,9.51760719e+03,2.49471361e+02,2.07021472e-03,5.97651912e-05,0.00000000e+00,0.00000000e+00,0.00000000e+00,0.00000000e+00
4.45500000e+01,1.70346749e-03,5.09076234e-05,0.00000000e+00,0.00000000e+00,3.43942668e-04,1.84557000e-05,1.93307911e-04,4.63922811e-05,2.36955214e+00,4.57299090e-02,9.56686146e+03,2.53725323e+02,2.04128653e-03,5.70527055e-05,0.00000000e+00,0.00000000e+00,7.91360000e+00,9.40554591e-02
4.46500000e+01,1.70000459e-03,4.92790315e-05,0.00000000e+00,0.00000000e+00,3.42802975e-04,1.93241745e-05,1.44690559e-04,1.50285277e-05,2.36665945e+00,4.49023008e-02,9.53334167e+03,2.45566768e+02,2.03795309e-03,5.67568628e-05,0.00000000e+00,0.00000000e+00,0.00000000e+00,0.00000000e+00
4.47500000e+01,1.66640621e-03,4.74468309e-05,0.00000000e+00,0.00000000e+00,3.48730208e-04,2.28354804e-05,1.39575269e-04,1.53125291e-05,2.35023983e+00,4.27599055e-02,9.37664641e+03,2.33572647e+02,2.01034938e-03,5.61621249e-05,0.00000000e+00,0.00000000e+00,7.92060000e+00,9.53007741e-02
4.48500000e+01,1.66304599e-03,4.60628531e-05,0.00000000e+00,0.00000000e+00,3.23146150e-04,1.78017697e-05,1.39016180e-04,1.51829126e-05,2.35048377e+00,4.13728635e-02,9.36140987e+03,2.26932962e+02,1.98122618e-03,5.27550990e-05,0.00000000e+00,0.00000000e+00,0.00000000e+00,0.00000000e+00
4.49500000e+01,1.66405045e-03,4.45960925e-05,0.00000000e+00,0.00000000e+00,3.34410803e-04,1.95900056e-05,1.33190888e-04,1.42919378e-05,2.35907971e+00,4.13186656e-02,9.36620456e+03,2.18981550e+02,1.99384353e-03,5.39657353e-05,0.00000000e+00,0.00000000e+00,7.89980000e+00,9.31956424e-02
4.50500000e+01,1.64565243e-03,4.44788058e-05,0.00000000e+00,0.00000000e+00,3.23230332e-04,1.70337856e-05,1.32201534e-04,1.42450852e-05,2.33995912e+00,4.03689121e-02,9.25742372e+03,2.16363404e+02,1.96424531e-03,5.21642198e-05,0.00000000e+00,0.00000000e+00,0.00000000e+00,0.00000000e+00
4.51500000e+01,1.64924867e-03,4.64193243e-05,0.00000000e+00,0.00000000e+00,3.17705655e-04,1.71588339e-05,1.29924953e-04,1.41562084e-05,2.34114992e+00,4.23115834e-02,9.27829247e+03,2.26542882e+02,1.96250528e-03,5.56889906e-05,0.00000000e+00,0.00000000e+00,7.88540000e+00,9.23689187e-02
4.52500000e+01,1.65710892e-03,4.74891927e-05,0.00000000e+00,0.00000000e+00,3.19497902e-04,1.70551527e-05,1.27859981e-04,1.38871807e-05,2.34453470e+00,4.31765344e-02,9.31230394e+03,2.32356631e+02,1.97225569e-03,5.57129528e-05,0.00000000e+00,0.00000000e+00,0.00000000e+00,0.00000000e+00
4.53500000e+01,1.64987533e-03,4.87040016e-05,0.00000000e+00,0.00000000e+00,3.18541246e-04,1.79012960e-05,1.25789768e-04,1.37156346e-05,2.33999572e+00,4.50390279e-02,9.28424428e+03,2.41227540e+02,1.96411903e-03,5.59493695e-05,0.00000000e+00,0.00000000e+00,7.88180000e+00,9.49090607e-02
4.54500000e+01,1.68122573e-03,5.74346270e-05,0.00000000e+00,0.00000000e+00,3.13795001e-04,1.74265075e-05,1.24044391e-04,1.35284042e-05,2.35156532e+00,4.41588526e-02,9.42047830e+03,2.80659446e+02,1.99076560e-03,6.56692769e-05,0.00000000e+00,0.00000000e+00,0.00000000e+00,0.00000000e+00
4.55500000e+01,1.63754021e-03,4.75754625e-05,0.00000000e+00,0.00000000e+00,3.06411582e-04,1.69588677e-05,1.20244177e-04,1.26030507e-05,2.33474680e+00,4.34702882e-02,9.20198016e+03,2.32746707e+02,1.93979314e-03,5.49702110e-05,0.00000000e+00,0.00000000e+00,7.86740000e+00,9.29480039e-02
4.56500000e+01,1.62227534e-03,4.72846718e-05,0.00000000e+00,0.00000000e+00,3.17923292e-04,1.85659975e-05,1.18869159e-04,1.29460239e-05,2.32773277e+00,4.27726044e-02,9.12477027e+03,2.31894252e+02,1.93616008e-03,5.68927087e-05,0.00000000e+00,0.00000000e+00,0.00000000e+00,0.00000000e+00
4.57500000e+01,1.63367741e-03,5.24377928e-05,0.00000000e+00,0.00000000e+00,3.31257444e-04,1.77182496e-05,1.18408001e-04,1.30165124e-05,2.32015177e+00,4.57276664e-02,9.16866250e+03,2.58025905e+02,1.96102315e-03,5.56699364e-05,0.00000000e+00,0.00000000e+00,7.86680000e+00,9.47789867e-02
4.58500000e+01,1.64867067e-03,5.77347769e-05,0.00000000e+00,0.00000000e+00,3.69460237e-04,3.79462030e-05,1.16063869e-04,1.29834918e-05,2.32901989e+00,4.70052208e-02,9.24163632e+03,2.84051100e+02,2.01435691e-03,6.56278689e-05,0.00000000e+00,0.00000000e+00,0.00000000e+00,0.00000000e+00
4.59500000e+01,1.62275736e-03,4.71605998e-05,0.00000000e+00,0.00000000e+00,3.55326157e-04,2.62511579e-05,1.14720093e-04,1.28767436e-05,2.29827681e+00,4.23500413e-02,9.09967237e+03,2.32119033e+02,1.97438410e-03,5.54898926e-05,0.00000000e+00,0.00000000e+00,7.84780000e+00,9.74215708e-02
4.60500000e+01,1.63289845e-03,4.82054802e-05,0.00000000e+00,0.00000000e+00,3.47017787e-04,2.51625088e-05,1.13028516e-04,1.24312729e-05,2.30897526e+00,4.44211852e-02,9.14573109e+03,2.38207111e+02,1.97629710e-03,5.69830913e-05,0.00000000e+00,0.00000000e+00,0.00000000e+00,0.00000000e+00
4.61500000e+01,1.62091962e-03,4.72387033e-05,0.00000000e+00,0.00000000e+00,3.36749420e-04,2.37565404e-05,1.10881203e-04,1.22406129e-05,2.30165954e+00,4.48864439e-02,9.08957244e+03,2.33556055e+02,1.95409877e-03,5.52624963e-05,0.00000000e+00,0.00000000e+00,7.82820000e+00,9.70767380e-02
4.62500000e+01,1.63488776e-03,4.92998391e-05,0.00000000e+00,0.00000000e+00,3.26100948e-04,2.05305484e-05,1.09674907e-04,1.22772688e-05,2.28477125e+00,4.24436088e-02,9.13790126e+03,2.42970891e+02,1.95744762e-03,5.56049200e-05,0.00000000e+00,0.00000000e+00,0.00000000e+00,0.00000000e+00
4.63500000e+01,1.63562573e-03,4.58444364e-05,0.00000000e+00,0.00000000e+00,3.39134668e-04,3.93570278e-05,1.09674907e-04,1.22772688e-05,2.28218706e+00,4.23943787e-02,9.13633173e+03,2.27505210e+02,1.97121932e-03,6.15481507e-05,0.00000000e+00,0.00000000e+00,7.81500000e+00,9.71206907e-02
4.64500000e+01,1.61880664e-03,4.59093368e-05,0.00000000e+00,0.00000000e+00,3.40788297e-04,4.24297321e-05,1.07951519e-04,1.23478404e-05,2.27236098e+00,4.50383351e-02,9.04668063e+03,2.29449113e+02,1.95611419e-03,6.42744046e-05,0.00000000e+00,0.00000000e+00,0.00000000e+00,0.00000000e+00
4.65500000e+01,1.61010933e-03,4.43431841e-05,0.00000000e+00,0.00000000e+00,3.37580758e-04,4.40641390e-05,1.06582271e-04,1.21861781e-05,2.26085127e+00,4.66560201e-02,9.00855885e+03,2.23954855e+02,1.94424837e-03,6.64451438e-05,0.00000000e+00,0.00000000e+00,7.79840000e+00,9.71560327e-02
4.66500000e+01,1.61857684e-03,4.40567469e-05,0.00000000e+00,0.00000000e+00,3.31407317e-04,4.21450962e-05,1.04514527e-04,1.19278452e-05,2.25838738e+00,4.50088415e-02,9.04843217e+03,2.21941341e+02,1.94659178e-03,6.41325714e-05,0.00000000e+00,0.00000000e+00,0.00000000e+00,0.00000000e+00
4.67500000e+01,1.63255814e-03,4.44715712e-05,0.00000000e+00,0.00000000e+00,3.31998038e-04,3.59864327e-05,1.04508020e-04,1.19276307e-05,2.26841624e+00,4.48035397e-02,9.11552484e+03,2.26713014e+02,1.96118111e-03,5.79496177e-05,0.00000000e+00,0.00000000e+00,7.79120000e+00,9.79548584e-02
4.68500000e+01,1.61504843e-03,4.21859497e-05,0.00000000e+00,0.00000000e+00,3.27538022e-04,3.03729779e-05,1.04507865e-04,1.19276232e-05,2.26561835e+00,4.54288059e-02,9.02571855e+03,2.13430285e+02,1.93921050e-03,5.46286047e-05,0.00000000e+00,0.00000000e+00,0.00000000e+00,0.00000000e+00
4.69500000e+01,1.62228623e-03,4.15680220e-05,0.00000000e+00,0.00000000e+00,2.89749680e-04,1.39883809e-05,1.04507865e-04,1.19276232e-05,2.26968239e+00,4.49453802e-02,9.05607933e+03,2.09596214e+02,1.90866232e-03,4.95710771e-05,0.00000000e+00,0.00000000e+00,7.78820000e+00,9.97968099e-02
4.70500000e+01,1.61960647e-03,4.03409099e-05,0.00000000e+00,0.00000000e+00,2.95539798e-04,1.50805322e-05,1.04034705e-04,1.19657439e-05,2.26621438e+00,4.36308579e-02,9.04789574e+03,2.03253609e+02,1.91178436e-03,4.94735811e-05,0.00000000e+00,0.00000000e+00,0.00000000e+00,0.00000000e+00
4.71500000e+01,1.60276287e-03,4.01102782e-05,0.00000000e+00,0.00000000e+00,2.86688372e-04,1.30043515e-05,1.02906676e-04,1.20225237e-05,2.23905566e+00,4.27165381e-02,8.95824314e+03,2.02520699e+02,1.88611655e-03,4.62139908e-05,0.00000000e+00,0.00000000e+00,7.77500000e+00,9.79796939e-02
4.72500000e+01,1.59231643e-03,4.20686838e-05,0.00000000e+00,0.00000000e+00,2.80430484e-04,1.24509256e-05,1.01768390e-04,1.18265532e-05,2.23852815e+00,4.42394347e-02,8.92154895e+03,2.13018756e+02,1.86943967e-03,4.87945610e-05,0.00000000e+00,0.00000000e+00,0.00000000e+00,0.00000000e+00
4.73500000e+01,1.59139923e-03,4.20485391e-05,0.00000000e+00,0.00000000e+00,2.92353529e-04,1.45750724e-05,9.97410076e-05,1.16173728e-05,2.22421149e+00,4.43673315e-02,8.90664854e+03,2.12638739e+02,1.88049280e-03,4.83062950e-05,0.00000000e+00,0.00000000e+00,7.76780000e+00,9.75618234e-02
4.74500000e+01,1.59825434e-03,4.31554968e-05,0.00000000e+00,0.00000000e+00,2.88684359e-04,1.49130742e-05,9.87203202e-05,1.16207012e-05,2.22811227e+00,4.37369402e-02,8.93267600e+03,2.17726569e+02,1.88370111e-03,4.97683266e-05,0.00000000e+00,0.00000000e+00,0.00000000e+00,0.00000000e+00
4.75500000e+01,1.58759049e-03,4.26034751e-05,0.00000000e+00,0.00000000e+00,2.92426640e-04,1.40047045e-05,9.85326566e-05,1.16299742e-05,2.23430013e+00,4.29664439e-02,8.88842334e+03,2.17269751e+02,1.87678412e-03,5.04626467e-05,0.00000000e+00,0.00000000e+00,7.74860000e+00,9.65515660e-02
4.76500000e+01,1.60280528e-03,4.32008572e-05,0.00000000e+00,0.00000000e+00,3.16467227e-04,1.96165004e-05,9.85326566e-05,1.16299742e-05,2.23952788e+00,4.18095430e-02,8.95262864e+03,2.16374271e+02,1.91600883e-03,5.18112920e-05,0.00000000e+00,0.00000000e+00,0.00000000e+00,0.00000000e+00
4.77500000e+01,1.59819105e-03,4.49573108e-05,0.00000000e+00,0.00000000e+00,3.31653771e-04,2.27443626e-05,9.81946923e-05,1.16275243e-05,2.22946646e+00,4.23953622e-02,8.92264690e+03,2.23819648e+02,1.92653380e-03,5.35330771e-05,0.00000000e+00,0.00000000e+00,7.72140000e+00,9.60675825e-02
4.78500000e+01,1.59711567e-03,4.49184263e-05,0.00000000e+00,0.00000000e+00,3.48088987e-04,3.12167810e-05,9.63678004e-05,1.17907759e-05,2.22985703e+00,4.32582831e-02,8.92488786e+03,2.22583425e+02,1.94192509e-03,6.19974826e-05,0.00000000e+00,0.00000000e+00,0.00000000e+00,0.00000000e+00
4.79500000e+01,1.60155386e-03,4.30911515e-05,0.00000000e+00,0.00000000e+00,3.66066510e-04,3.51228091e-05,9.67070522e-05,1.18349219e-05,2.24071521e+00,4.08997348e-02,8.95642879e+03,2.13084226e+02,1.96404649e-03,6.12276105e-05,0.00000000e+00,0.00000000e+00,7.72040000e+00,9.57274874e-02
4.80500000e+01,1.59926836e-03,4.22144860e-05,0.00000000e+00,0.00000000e+00,3.85059330e-04,3.96869588e-05,9.60240016e-05,1.19092818e-05,2.23216985e+00,4.29020110e-02,8.93986656e+03,2.09435361e+02,1.98063859e-03,6.27366797e-05,0.00000000e+00,0.00000000e+00,0.00000000e+00,0.00000000e+00
4.81500000e+01,1.60884724e-03,4.22352288e-05,0.00000000e+00,0.00000000e+00,3.52785653e-04,2.64615505e-05,9.55514590e-05,1.19866529e-05,2.24215519e+00,4.37537480e-02,8.99382392e+03,2.12033113e+02,1.95795518e-03,5.62637655e-05,0.00000000e+00,0.00000000e+00,7.71600000e+00,9.43822017e-02
4.82500000e+01,1.59317402e-03,4.25884083e-05,0.00000000e+00,0.00000000e+00,3.26897276e-04,1.76047488e-05,9.56466432e-05,1.20031820e-05,2.23114945e+00,4.17189661e-02,8.91801811e+03,2.12188123e+02,1.91639126e-03,4.97394308e-05,0.00000000e+00,0.00000000e+00,0.00000000e+00,0.00000000e+00
4.83500000e+01,1.58660050e-03,4.37140377e-05,0.00000000e+00,0.00000000e+00,3.19972808e-04,1.81968124e-05,9.56466432e-05,1.20031820e-05,2.23492915e+00,4.41153853e-02,8.87059930e+03,2.14290350e+02,1.90289330e-03,5.28336859e-05,0.00000000e+00,0.00000000e+00,7.70960000e+00,9.35433807e-02
4.84500000e+01,1.59287067e-03,4.12044270e-05,0.00000000e+00,0.00000000e+00,3.33697842e-04,2.53590370e-05,9.52815523e-05,1.19478045e-05,2.23442078e+00,4.33811416e-02,8.90630244e+03,2.02317159e+02,1.92258325e-03,5.33048880e-05,0.00000000e+00,0.00000000e+00,0.00000000e+00,0.00000000e+00
4.85500000e+01,1.56238005e-03,4.18134710e-05,0.00000000e+00,0.00000000e+00,3.29541934e-04,2.06135199e-05,9.65675082e-05,1.20451141e-05,2.18982787e+00,4.42313814e-02,8.73398215e+03,2.07564114e+02,1.88821080e-03,5.17007095e-05,0.00000000e+00,0.00000000e+00,7.70260000e+00,9.36941660e-02
4.86500000e+01,1.57429031e-03,4.18528043e-05,0.00000000e+00,0.00000000e+00,3.47913322e-04,2.70355814e-05,9.66199815e-05,1.20500215e-05,2.19357433e+00,4.48677787e-02,8.78701641e+03,2.10813654e+02,1.91850841e-03,5.56204395e-05,0.00000000e+00,0.00000000e+00,0.00000000e+00,0.00000000e+00
4.87500000e+01,1.55596930e-03,4.07811132e-05,0.00000000e+00,0.00000000e+00,3.34093774e-04,2.44170608e-05,9.66218111e-05,1.20501967e-05,2.18895520e+00,4.35567809e-02,8.70641134e+03,2.04059079e+02,1.88634987e-03,5.10540749e-05,0.00000000e+00,0.00000000e+00,7.68720000e+00,9.52042016e-02
4.88500000e+01,1.55949976e-03,4.16540910e-05,0.00000000e+00,0.00000000e+00,3.28211719e-04,2.31695568e-05,9.58743986e-05,1.16971569e-05,2.19017721e+00,4.51638773e-02,8.73640364e+03,2.06586347e+02,1.88402952e-03,5.39973439e-05,0.00000000e+00,0.00000000e+00,0.00000000e+00,0.00000000e+00
4.89500000e+01,1.55676009e-03,4.07336995e-05,0.00000000e+00,0.00000000e+00,3.25988205e-04,2.19511400e-05,1.03126937e-04,1.38596318e-05,2.17777014e+00,4.49920270e-02,8.70213442e+03,2.03107085e+02,1.87889982e-03,5.25194217e-05,0.00000000e+00,0.00000000e+00,7.68420000e+00,9.61818388e-02
4.90500000e+01,1.57020042e-03,4.50226397e-05,0.00000000e+00,0.00000000e+00,3.42937708e-04,2.50967619e-05,1.02440865e-04,1.37067164e-05,2.16964477e+00,4.79222405e-02,8.73988903e+03,2.24118493e+02,1.90932260e-03,5.71746173e-05,0.00000000e+00,0.00000000e+00,0.00000000e+00,0.00000000e+00
4.91500000e+01,1.54645959e-03,4.03493385e-05,0.00000000e+00,0.00000000e+00,3.50506281e-04,2.69828762e-05,9.53170321e-05,1.15319130e-05,2.16741521e+00,4.95228478e-02,8.64373618e+03,2.07403291e+02,1.89338415e-03,5.50492877e-05,0.00000000e+00,0.00000000e+00,7.67200000e+00,9.69982116e-02
4.92500000e+01,1.54348467e-03,4.09391749e-05,0.00000000e+00,0.00000000e+00,3.45651570e-04,2.83631858e-05,9.12289126e-05,1.06265259e-05,2.15930392e+00,4.75164568e-02,8.59878990e+03,2.05970300e+02,1.88560237e-03,5.71076112e-05,0.00000000e+00,0.00000000e+00,0.00000000e+00,0.00000000e+00
4.93500000e+01,1.54653420e-03,4.08242947e-05,0.00000000e+00,0.00000000e+00,3.64803860e-04,3.17456279e-05,8.61362586e-05,9.88169030e-06,2.16569729e+00,4.85804945e-02,8.61865756e+03,2.08612870e+02,1.90801566e-03,6.29336037e-05,0.00000000e+00,0.00000000e+00,7.65660000e+00,9.90186995e-02
4.94500000e+01,1.54697754e-03,3.98870732e-05,0.00000000e+00,0.00000000e+00,3.72883873e-04,3.30699857e-05,9.89156852e-05,1.94008385e-05,2.17043223e+00,4.72105473e-02,8.62331410e+03,2.03106815e+02,1.91624204e-03,6.31883340e-05,0.00000000e+00,0.00000000e+00,0.00000000e+00,0.00000000e+00
4.95500000e+01,1.54536207e-03,4.07520236e-05,0.00000000e+00,0.00000000e+00,3.33855045e-04,2.33729942e-05,1.10079424e-04,3.06875032e-05,2.15391788e+00,4.60233179e-02,8.61264843e+03,2.04865662e+02,1.87532416e-03,5.03136452e-05,0.00000000e+00,0.00000000e+00,7.64860000e+00,9.83695697e-02
4.96500000e+01,1.53149420e-03,3.74622473e-05,0.00000000e+00,0.00000000e+00,3.54578068e-04,2.94565150e-05,1.09988616e-04,3.06903216e-05,2.15744728e+00,4.28375316e-02,8.55977577e+03,1.89531561e+02,1.88218847e-03,5.13077026e-05,0.00000000e+00,0.00000000e+00,0.00000000e+00,0.00000000e+00
4.97500000e+01,1.54189359e-03,4.12017282e-05,0.00000000e+00,0.00000000e+00,3.54959567e-04,2.68630756e-05,1.09678416e-04,3.06909445e-05,2.16658714e+00,4.60000685e-02,8.61409864e+03,2.07089707e+02,1.89326989e-03,5.11232238e-05,0.00000000e+00,0.00000000e+00,7.62840000e+00,9.95120175e-02
4.98500000e+01,1.51275191e-03,3.95935531e-05,0.00000000e+00,0.00000000e+00,3.56118910e-04,2.93192631e-05,1.07501122e-04,3.07684716e-05,2.14846791e+00,4.56793268e-02,8.45904407e+03,2.01190241e+02,1.86534009e-03,5.07717051e-05,0.00000000e+00,0.00000000e+00,0.00000000e+00,0.00000000e+00
4.99500000e+01,1.51902855e-03,3.93757873e-05,0.00000000e+00,0.00000000e+00,3.56773853e-04,3.04365070e-05,1.07575218e-04,3.07671603e-05,2.14335154e+00,4.31149511e-02,8.48440044e+03,1.98513529e+02,1.87227357e-03,5.25272143e-05,0.00000000e+00,0.00000000e+00,7.61880000e+00,9.84556836e-02
5.00500000e+01,1.49746232e-03,3.94840907e-05,0.00000000e+00,0.00000000e+00,3.60545596e-04,2.97065609e-05,1.07769103e-04,3.07997276e-05,2.12901364e+00,4.37485780e-02,8.39900655e+03,1.98044847e+02,1.85446275e-03,5.20433228e-05,0.00000000e+00,0.00000000e+00,0.00000000e+00,0.00000000e+00
5.01500000e+01,1.49567514e-03,3.91144691e-05,0.00000000e+00,0.00000000e+00,3.76704570e-04,3.81403125e-05,1.10962551e-04,3.13924205e-05,2.11619679e+00,4.55113302e-02,8.35998076e+03,1.97996024e+02,1.86876022e-03,5.83051522e-05,0.00000000e+00,0.00000000e+00,7.61200000e+00,9.84860914e-02
5.02500000e+01,1.52550588e-03,4.02586143e-05,0.00000000e+00,0.00000000e+00,3.80410498e-04,3.89220746e-05,9.92595612e-05,2.08515467e-05,2.13079786e+00,4.59661577e-02,8.50375509e+03,2.04122729e+02,1.90258506e-03,5.63169772e-05,0.00000000e+00,0.00000000e+00,0.00000000e+00,0.00000000e+00
5.03500000e+01,1.51641864e-03,3.65709333e-05,0.00000000e+00,0.00000000e+00,3.73957683e-04,3.71540774e-05,8.06308348e-05,1.21749555e-05,2.14476100e+00,4.32680676e-02,8.46621256e+03,1.87031628e+02,1.88750115e-03,5.57690994e-05,0.00000000e+00,0.00000000e+00,7.61160000e+00,1.00649061e-01
5.04500000e+01,1.50429087e-03,3.52816562e-05,0.00000000e+00,0.00000000e+00,3.85888288e-04,3.81596428e-05,8.07678323e-05,1.21879991e-05,2.12925167e+00,4.29751116e-02,8.40211616e+03,1.79018616e+02,1.88730171e-03,5.22780952e-05,0.00000000e+00,0.00000000e+00,0.00000000e+00,0.00000000e+00
5.05500000e+01,1.49207437e-03,3.90226466e-05,0.00000000e+00,0.00000000e+00,3.73176675e-04,3.69291397e-05,8.07455380e-05,1.21835189e-05,2.09960949e+00,4.39293195e-02,8.33336656e+03,1.94240775e+02,1.86241027e-03,5.44423165e-05,0.00000000e+00,0.00000000e+00,7.60640000e+00,9.93405850e-02
5.06500000e+01,1.49726054e-03,3.96145769e-05,0.00000000e+00,0.00000000e+00,3.48202112e-04,2.39790259e-05,8.19754717e-05,1.22069421e-05,2.11126364e+00,4.52560497e-02,8.38545730e+03,2.05326685e+02,1.84259990e-03,4.91637794e-05,0.00000000e+00,0.00000000e+00,0.00000000e+00,0.00000000e+00
5.07500000e+01,1.48577956e-03,4.01327507e-05,0.00000000e+00,0.00000000e+00,3.41078619e-04,2.40999313e-05,8.02811149e-05,1.21969494e-05,2.11315602e+00,4.61103407e-02,8.31155829e+03,2.05659376e+02,1.82403601e-03,5.08439819e-05,0.00000000e+00,0.00000000e+00,7.57940000e+00,9.88895116e-02
5.08500000e+01,1.46592378e-03,3.76024773e-05,0.00000000e+00,0.00000000e+00,3.40054894e-04,2.68200265e-05,7.94162070e-05,1.22742766e-05,2.09408144e+00,4.38129570e-02,8.20331282e+03,1.92110351e+02,1.80317771e-03,5.06863492e-05,0.00000000e+00,0.00000000e+00,0.00000000e+00,0.00000000e+00
5.09500000e+01,1.47871419e-03,3.94207889e-05,0.00000000e+00,0.00000000e+00,3.21417411e-04,2.53806991e-05,8.03542520e-05,1.29133568e-05,2.08883715e+00,4.46055346e-02,8.25745696e+03,2.04172529e+02,1.79730682e-03,5.36682365e-05,0.00000000e+00,0.00000000e+00,7.56880000e+00,9.84714358e-02
5.10500000e+01,1.47601087e-03,4.27148138e-05,0.00000000e+00,0.00000000e+00,3.06702145e-04,2.06400377e-05,7.87108352e-05,1.28070466e-05,2.07918428e+00,4.68204642e-02,8.23151325e+03,2.19504750e+02,1.77991687e-03,5.31236715e-05,0.00000000e+00,0.00000000e+00,0.00000000e+00,0.00000000e+00
5.11500000e+01,1.47214972e-03,3.95025205e-05,0.00000000e+00,0.00000000e+00,2.86244468e-04,1.78710677e-05,7.53961267e-05,1.26259765e-05,2.07822085e+00,4.51318532e-02,8.20737681e+03,2.03299677e+02,1.75565539e-03,4.78784374e-05,0.00000000e+00,0.00000000e+00,7.54920000e+00,9.72591069e-02
5.12500000e+01,1.47733358e-03,4.29560963e-05,0.00000000e+00,0.00000000e+00,2.89033808e-04,1.57805010e-05,9.72832361e-05,2.73872550e-05,2.07108389e+00,4.43457222e-02,8.23324937e+03,2.18983861e+02,1.76305321e-03,4.99025611e-05,0.00000000e+00,0.00000000e+00,0.00000000e+00,0.00000000e+00
5.13500000e+01,1.48129794e-03,4.13546479e-05,0.00000000e+00,0.00000000e+00,2.97808422e-04,1.76387310e-05,8.21731496e-05,1.57680883e-05,2.08690770e+00,4.60637059e-02,8.25392127e+03,2.13084009e+02,1.77614907e-03,4.66970292e-05,0.00000000e+00,0.00000000e+00,7.51680000e+00,9.67211181e-02
5.14500000e+01,1.46959058e-03,4.09689093e-05,0.00000000e+00,0.00000000e+00,2.78588838e-04,1.46130987e-05,7.99178101e-05,1.58420319e-05,2.08458050e+00,4.76913301e-02,8.19283118e+03,2.11150579e+02,1.74511392e-03,4.65116924e-05,0.00000000e+00,0.00000000e+00,0.00000000e+00,0.00000000e+00
5.15500000e+01,1.45870718e-03,4.05080482e-05,0.00000000e+00,0.00000000e+00,2.97418174e-04,2.59202562e-05,7.99038116e-05,1.58407319e-05,2.08409372e+00,4.55209761e-02,8.15286082e+03,2.05152053e+02,1.75274289e-03,5.28798498e-05,0.00000000e+00,0.00000000e+00,7.51760000e+00,9.77333148e-02
5.16500000e+01,1.46375450e-03,4.28349170e-05,0.00000000e+00,0.00000000e+00,3.00185757e-04,2.79011059e-05,7.99038116e-05,1.58407319e-05,2.08789054e+00,4.76209993e-02,8.17930846e+03,2.19016800e+02,1.76082859e-03,5.55224001e-05,0.00000000e+00,0.00000000e+00,0.00000000e+00,0.00000000e+00
5.17500000e+01,1.45461158e-03,4.31469662e-05,0.00000000e+00,0.00000000e+00,3.50135692e-04,4.56831215e-05,7.90937697e-05,1.57496342e-05,2.08250964e+00,4.49913587e-02,8.12689275e+03,2.19197546e+02,1.80190779e-03,6.79119694e-05,0.00000000e+00,0.00000000e+00,7.50980000e+00,9.86448960e-02
5.18500000e+01,1.45013926e-03,4.64225733e-05,0.00000000e+00,0.00000000e+00,2.67154281e-04,1.20894837e-05,7.83301964e-05,1.57024828e-05,2.06398014e+00,4.54121168e-02,8.10896697e+03,2.35598528e+02,1.71448799e-03,5.11041260e-05,0.00000000e+00,0.00000000e+00,0.00000000e+00,0.00000000e+00
5.19500000e+01,1.43875628e-03,4.24659195e-05,0.00000000e+00,0.00000000e+00,2.74187638e-04,1.36919459e-05,7.81049813e-05,1.56932615e-05,2.05621007e+00,4.44454846e-02,8.06130568e+03,2.20713554e+02,1.71015042e-03,4.79845237e-05,0.00000000e+00,0.00000000e+00,7.48640000e+00,9.71797241e-02
5.20500000e+01,1.44103025e-03,3.83776464e-05,0.00000000e+00,0.00000000e+00,2.70873621e-04,1.32424176e-05,7.59691341e-05,1.57572825e-05,2.05023475e+00,4.34970513e-02,8.04858837e+03,1.99383416e+02,1.70922524e-03,4.42452953e-05,0.00000000e+00,0.00000000e+00,0.00000000e+00,0.00000000e+00
5.21500000e+01,1.43398166e-03,3.93759624e-05,0.00000000e+00,0.00000000e+00,2.71688673e-04,1.29800961e-05,7.49909367e-05,1.51019842e-05,2.04126202e+00,4.12813774e-02,8.01354054e+03,2.00071173e+02,1.70301131e-03,4.57080561e-05,0.00000000e+00,0.00000000e+00,7.47900000e+00,9.59205666e-02
5.22500000e+01,1.41327576e-03,3.83099359e-05,0.00000000e+00,0.00000000e+00,2.81771187e-04,1.46624281e-05,7.42614077e-05,1.45621948e-05,2.03324854e+00,4.36677615e-02,7.90231956e+03,1.96355527e+02,1.69240584e-03,4.58823308e-05,0.00000000e+00,0.00000000e+00,0.00000000e+00,0.00000000e+00
5.23500000e+01,1.40086683e-03,3.70171717e-05,0.00000000e+00,0.00000000e+00,2.85990416e-04,1.61451637e-05,6.88389115e-05,1.22486043e-05,2.01096010e+00,4.53734374e-02,7.82333359e+03,1.92625581e+02,1.68434949e-03,4.38125123e-05,0.00000000e+00,0.00000000e+00,7.45920000e+00,9.67714918e-02
5.24500000e+01,1.40004673e-03,3.94842924e-05,0.00000000e+00,0.00000000e+00,3.07274200e-04,2.43961332e-05,6.10771542e-05,8.77676041e-06,2.01523129e+00,4.46852065e-02,7.82108443e+03,2.03621883e+02,1.70504600e-03,4.79494386e-05,0.00000000e+00,0.00000000e+00,0.00000000e+00,0.00000000e+00
5.25500000e+01,1.40338952e-03,3.93834021e-05,0.00000000e+00,0.00000000e+00,2.95160669e-04,1.83640417e-05,7.43168230e-05,1.96151872e-05,2.04148076e+00,4.57544880e-02,7.85397584e+03,2.01191159e+02,1.69596308e-03,4.77757985e-05,0.00000000e+00,0.00000000e+00,7.45120000e+00,9.58705079e-02
5.26500000e+01,1.40200682e-03,3.85354263e-05,0.00000000e+00,0.00000000e+00,2.77667668e-04,1.66002472e-05,7.45712310e-05,2.09148891e-05,2.03767355e+00,4.56532021e-02,7.82710089e+03,1.97884001e+02,1.67711702e-03,4.61290802e-05,0.00000000e+00,0.00000000e+00,0.00000000e+00,0.00000000e+00
5.27500000e+01,1.40599130e-03,3.74349257e-05,0.00000000e+00,0.00000000e+00,2.99578973e-04,2.63158867e-05,5.56137556e-05,8.57617040e-06,2.03291019e+00,4.53234036e-02,7.84742063e+03,1.94451044e+02,1.70347791e-03,5.15264775e-05,0.00000000e+00,0.00000000e+00,7.44700000e+00,9.59516247e-02
5.28500000e+01,1.38837580e-03,3.41647504e-05,0.00000000e+00,0.00000000e+00,2.86327231e-04,1.77257723e-05,5.56137556e-05,8.57617040e-06,2.02913126e+00,4.32415099e-02,7.76628140e+03,1.76560016e+02,1.67261067e-03,4.32265960e-05,0.00000000e+00,0.00000000e+00,0.00000000e+00,0.00000000e+00
5.29500000e+01,1.39663181e-03,3.71996593e-05,0.00000000e+00,0.00000000e+00,2.92182475e-04,1.93618854e-05,5.53905002e-05,8.50209147e-06,2.03639621e+00,4.44216998e-02,7.80572606e+03,1.91818937e+02,1.68672732e-03,4.33719340e-05,0.00000000e+00,0.00000000e+00,7.43960000e+00,9.80753396e-02
5.30500000e+01,1.40570686e-03,3.90507203e-05,0.00000000e+00,0.00000000e+00,2.87048411e-04,1.79992050e-05,5.48164289e-05,8.40918161e-06,2.02895176e+00,4.42183918e-02,7.83484882e+03,1.99485336e+02,1.69067795e-03,4.45055868e-05,0.00000000e+00,0.00000000e+00,0.00000000e+00,0.00000000e+00
5.31500000e+01,1.39283545e-03,3.72052632e-05,0.00000000e+00,0.00000000e+00,2.77350162e-04,1.61089070e-05,5.52280430e-05,8.58135435e-06,2.01367977e+00,4.50217861e-02,7.76343121e+03,1.93923039e+02,1.66809590e-03,4.25647760e-05,0.00000000e+00,0.00000000e+00,7.43780000e+00,9.89076213e-02
5.32500000e+01,1.41050358e-03,3.69737876e-05,0.00000000e+00,0.00000000e+00,2.72633266e-04,1.45955782e-05,5.36602124e-05,8.65331188e-06,2.02581775e+00,4.44445883e-02,7.85800232e+03,1.91313208e+02,1.68108493e-03,4.18220318e-05,0.00000000e+00,0.00000000e+00,0.00000000e+00,0.00000000e+00
5.33500000e+01,1.38643560e-03,3.53211688e-05,0.00000000e+00,0.00000000e+00,2.80140097e-04,1.69047540e-05,5.28153493e-05,8.71684252e-06,2.01000927e+00,4.26302271e-02,7.74873985e+03,1.84114140e+02,1.66454128e-03,4.19893671e-05,0.00000000e+00,0.00000000e+00,7.42040000e+00,9.64292952e-02
5.34500000e+01,1.38430422e-03,3.55139613e-05,0.00000000e+00,0.00000000e+00,2.77715334e-04,1.67716027e-05,5.25383562e-05,8.57491906e-06,2.00801864e+00,4.20738314e-02,7.72723705e+03,1.86200214e+02,1.65999682e-03,4.28091030e-05,0.00000000e+00,0.00000000e+00,0.00000000e+00,0.00000000e+00
5.35500000e+01,1.38279465e-03,3.76165561e-05,0.00000000e+00,0.00000000e+00,2.87914158e-04,1.84556099e-05,5.24811955e-05,8.51887083e-06,2.01479524e+00,4.34579272e-02,7.72873016e+03,1.95361229e+02,1.66869427e-03,4.53293907e-05,0.00000000e+00,0.00000000e+00,7.42120000e+00,9.68835362e-02
5.36500000e+01,1.37671776e-03,3.71639095e-05,0.00000000e+00,0.00000000e+00,2.88344401e-04,1.84632708e-05,5.25298791e-05,8.53390026e-06,2.00417023e+00,4.28581195e-02,7.69190247e+03,1.93075234e+02,1.66306423e-03,4.23832122e-05,0.00000000e+00,0.00000000e+00,0.00000000e+00,0.00000000e+00
5.37500000e+01,1.37094731e-03,3.48336239e-05,0.00000000e+00,0.00000000e+00,2.91768154e-04,1.81871461e-05,5.25093879e-05,8.54154759e-06,1.99196099e+00,4.14346676e-02,7.65385425e+03,1.80548947e+02,1.66075130e-03,3.99638268e-05,0.00000000e+00,0.00000000e+00,7.41280000e+00,9.71790017e-02
5.38500000e+01,1.38620542e-03,3.99439808e-05,0.00000000e+00,0.00000000e+00,2.84453941e-04,1.87105281e-05,5.25433197e-05,8.55045648e-06,1.98587102e+00,4.20437552e-02,7.74009122e+03,2.07769566e+02,1.66869481e-03,4.60978733e-05,0.00000000e+00,0.00000000e+00,0.00000000e+00,0.00000000e+00
5.39500000e+01,1.37425050e-03,3.72422080e-05,0.00000000e+00,0.00000000e+00,2.94033730e-04,2.19189462e-05,5.33387500e-05,8.79419131e-06,1.98763432e+00,4.38433268e-02,7.66466327e+03,1.96827334e+02,1.66628199e-03,5.05434732e-05,0.00000000e+00,0.00000000e+00,7.39960000e+00,9.81564599e-02
5.40500000e+01,1.36940472e-03,3.51125821e-05,0.00000000e+00,0.00000000e+00,2.87020841e-04,1.94729609e-05,5.10805538e-05,8.67345743e-06,1.98809052e+00,4.10915254e-02,7.65044568e+03,1.84646917e+02,1.65441257e-03,4.49364016e-05,0.00000000e+00,0.00000000e+00,0.00000000e+00,0.00000000e+00
5.41500000e+01,1.35314586e-03,3.61568816e-05,0.00000000e+00,0.00000000e+00,2.81649230e-04,1.76959572e-05,4.96932099e-05,8.49209526e-06,1.96727449e+00,4.10100292e-02,7.55153439e+03,1.88500221e+02,1.63281570e-03,4.39665691e-05,0.00000000e+00,0.00000000e+00,7.39400000e+00,9.76156562e-02
5.42500000e+01,1.34793030e-03,3.49597302e-05,0.00000000e+00,0.00000000e+00,3.05432675e-04,2.14320790e-05,4.85149390e-05,8.36562470e-06,1.97629225e+00,4.12622187e-02,7.53216809e+03,1.81756618e+02,1.65141211e-03,4.55515511e-05,0.00000000e+00,0.00000000e+00,0.00000000e+00,0.00000000e+00
5.43500000e+01,1.34887686e-03,3.36597136e-05,0.00000000e+00,0.00000000e+00,3.01699727e-04,2.12279239e-05,4.85234180e-05,8.36665806e-06,1.96870141e+00,3.95618262e-02,7.52541382e+03,1.75722358e+02,1.64859553e-03,4.23549370e-05,0.00000000e+00,0.00000000e+00,7.38360000e+00,9.66093586e-02
5.44500000e+01,1.36813766e-03,3.78314404e-05,0.00000000e+00,0.00000000e+00,2.85506373e-04,1.80816528e-05,4.80117671e-05,8.30691296e-06,1.97617633e+00,4.38737715e-02,7.62644857e+03,1.98585334e+02,1.65166674e-03,4.23795118e-05,0.00000000e+00,0.00000000e+00,0.00000000e+00,0.00000000e+00
5.45500000e+01,1.35818143e-03,3.46034987e-05,0.00000000e+00,0.00000000e+00,2.93982390e-04,1.93272499e-05,4.78033050e-05,8.29142751e-06,1.96946553e+00,4.43376562e-02,7.58624867e+03,1.84499001e+02,1.65019636e-03,4.08176913e-05,0.00000000e+00,0.00000000e+00,7.38920000e+00,9.82029718e-02
5.46500000e+01,1.34856455e-03,3.34458945e-05,0.00000000e+00,0.00000000e+00,2.98031521e-04,3.15959781e-05,4.76227438e-05,8.28496943e-06,1.96917263e+00,4.31937503e-02,7.54571992e+03,1.81471578e+02,1.64458037e-03,4.67544754e-05,0.00000000e+00,0.00000000e+00,0.00000000e+00,0.00000000e+00
5.47500000e+01,1.34519942e-03,3.36681755e-05,0.00000000e+00,0.00000000e+00,2.97697715e-04,2.92611900e-05,4.64682509e-05,8.33651899e-06,1.96346824e+00,4.27192260e-02,7.51146917e+03,1.79083893e+02,1.64058929e-03,4.54840773e-05,0.00000000e+00,0.00000000e+00,7.38640000e+00,9.70784492e-02
5.48500000e+01,1.33280270e-03,3.43926466e-05,0.00000000e+00,0.00000000e+00,3.04649075e-04,2.94712389e-05,4.64682509e-05,8.33651899e-06,1.94742475e+00,4.10693868e-02,7.44626116e+03,1.78156325e+02,1.63498502e-03,4.50369776e-05,0.00000000e+00,0.00000000e+00,0.00000000e+00,0.00000000e+00
5.49500000e+01,1.33030219e-03,3.29769100e-05,0.00000000e+00,0.00000000e+00,3.15367093e-04,3.10565415e-05,4.64682509e-05,8.33651899e-06,1.94208457e+00,4.02178253e-02,7.43081454e+03,1.71598061e+02,1.64305487e-03,4.59412553e-05,0.00000000e+00,0.00000000e+00,7.37640000e+00,9.70952657e-02
5.50500000e+01,1.32912419e-03,3.41427393e-05,0.00000000e+00,0.00000000e+00,2.61080221e-04,1.43460786e-05,4.65879472e-05,8.38313884e-06,1.93684610e+00,4.13378166e-02,7.42180496e+03,1.76928136e+02,1.58758673e-03,3.97563840e-05,0.00000000e+00,0.00000000e+00,0.00000000e+00,0.00000000e+00
5.51500000e+01,1.31560205e-03,3.28993654e-05,0.00000000e+00,0.00000000e+00,2.58804932e-04,1.25035552e-05,4.85763319e-05,9.04729690e-06,1.92122577e+00,4.00282915e-02,7.35369983e+03,1.72456485e+02,1.57171192e-03,3.64357542e-05,0.00000000e+00,0.00000000e+00,7.35940000e+00,9.73365338e-02
5.52500000e+01,1.31692266e-03,3.23151415e-05,0.00000000e+00,0.00000000e+00,2.52000895e-04,1.16555243e-05,4.90306221e-05,9.24382503e-06,1.92269985e+00,4.18415608e-02,7.36571421e+03,1.71993900e+02,1.56607801e-03,3.72633029e-05,0.00000000e+00,0.00000000e+00,0.00000000e+00,0.00000000e+00
5.53500000e+01,1.31821848e-03,3.53092179e-05,0.00000000e+00,0.00000000e+00,2.43442777e-04,1.11181542e-05,4.90306221e-05,9.24382503e-06,1.92256594e+00,4.40693499e-02,7.39332808e+03,1.98846226e+02,1.55881346e-03,3.93402915e-05,0.00000000e+00,0.00000000e+00,7.35300000e+00,9.34797806e-02
5.54500000e+01,1.31172404e-03,3.63870718e-05,0.00000000e+00,0.00000000e+00,2.53238249e-04,1.19398686e-05,4.90306221e-05,9.24382503e-06,1.92812104e+00,4.55708027e-02,7.33594505e+03,1.92853885e+02,1.56159131e-03,3.98277854e-05,0.00000000e+00,0.00000000e+00,0.00000000e+00,0.00000000e+00
5.55500000e+01,1.30873922e-03,3.48428793e-05,0.00000000e+00,0.00000000e+00,2.65893062e-04,1.51646566e-05,4.90306221e-05,9.24382503e-06,1.92606362e+00,4.10911048e-02,7.32061496e+03,1.83226771e+02,1.57212381e-03,4.03555170e-05,0.00000000e+00,0.00000000e+00,7.33940000e+00,9.34781040e-02
5.56500000e+01,1.30456120e-03,3.20387337e-05,0.00000000e+00,0.00000000e+00,2.74426682e-04,1.68630303e-05,4.90306221e-05,9.24382503e-06,1.93271764e+00,4.07715881e-02,7.30805781e+03,1.69345436e+02,1.57649938e-03,3.78254639e-05,0.00000000e+00,0.00000000e+00,0.00000000e+00,0.00000000e+00
5.57500000e+01,1.32013400e-03,3.55943096e-05,0.00000000e+00,0.00000000e+00,2.56114124e-04,1.46714554e-05,4.87420208e-05,9.23200439e-06,1.93687518e+00,4.29288917e-02,7.38959814e+03,1.86254121e+02,1.57376577e-03,4.14758549e-05,0.00000000e+00,0.00000000e+00,7.32720000e+00,9.28325418e-02
5.58500000e+01,1.31992991e-03,3.26533488e-05,0.00000000e+00,0.00000000e+00,2.71436517e-04,1.92418108e-05,4.62576820e-05,9.32122400e-06,1.93644529e+00,4.21087109e-02,7.38626262e+03,1.69424738e+02,1.58903595e-03,3.95281452e-05,0.00000000e+00,0.00000000e+00,0.00000000e+00,0.00000000e+00
5.59500000e+01,1.31982316e-03,3.27974492e-05,0.00000000e+00,0.00000000e+00,2.66695677e-04,1.51672073e-05,4.62569103e-05,9.32130184e-06,1.92408033e+00,4.21616673e-02,7.36697141e+03,1.72989465e+02,1.58463474e-03,3.89372611e-05,0.00000000e+00,0.00000000e+00,7.31800000e+00,9.36650568e-02
5.60500000e+01,1.31720866e-03,3.22927463e-05,0.00000000e+00,0.00000000e+00,2.77820889e-04,2.41963781e-05,4.62537106e-05,9.32162532e-06,1.92786705e+00,4.26288243e-02,7.34843155e+03,1.70646438e+02,1.59344534e-03,4.38891468e-05,0.00000000e+00,0.00000000e+00,0.00000000e+00,0.00000000e+00
5.61500000e+01,1.30857336e-03,3.16512309e-05,0.00000000e+00,0.00000000e+00,2.69177623e-04,2.15453960e-05,4.62537106e-05,9.32162532e-06,1.92771857e+00,4.21577761e-02,7.31515861e+03,1.68965920e+02,1.57616678e-03,4.43296707e-05,0.00000000e+00,0.00000000e+00,7.32040000e+00,9.64288720e-02
5.62500000e+01,1.32589311e-03,3.23859273e-05,0.00000000e+00,0.00000000e+00,2.62276658e-04,1.66658378e-05,4.44382647e-05,8.88447563e-06,1.92904191e+00,4.04393383e-02,7.39944715e+03,1.68943188e+02,1.58663643e-03,4.16077743e-05,0.00000000e+00,0.00000000e+00,0.00000000e+00,0.00000000e+00
5.63500000e+01,1.31605780e-03,3.41193252e-05,0.00000000e+00,0.00000000e+00,2.59860918e-04,1.55630074e-05,4.43951068e-05,8.87712038e-06,1.92524521e+00,4.33233807e-02,7.35840277e+03,1.78299560e+02,1.57438674e-03,4.36269886e-05,0.00000000e+00,0.00000000e+00,7.32480000e+00,9.71958847e-02
5.64500000e+01,1.30421227e-03,3.48955514e-05,0.00000000e+00,0.00000000e+00,2.63065094e-04,1.69696504e-05,4.46880039e-05,8.93144875e-06,1.90841633e+00,4.27491969e-02,7.29028074e+03,1.83108356e+02,1.56573778e-03,4.63864451e-05,0.00000000e+00,0.00000000e+00,0.00000000e+00,0.00000000e+00
5.65500000e+01,1.31756558e-03,3.74809249e-05,0.00000000e+00,0.00000000e+00,3.35086045e-04,8.63240624e-05,4.46880039e-05,8.93144875e-06,1.90885810e+00,4.50793454e-02,7.36132736e+03,1.95340796e+02,1.65110912e-03,1.06728787e-04,0.00000000e+00,0.00000000e+00,7.31700000e+00,9.85002849e-02
5.66500000e+01,1.30340484e-03,3.63708312e-05,0.00000000e+00,0.00000000e+00,3.04209924e-04,4.81042509e-05,4.36693071e-05,8.48762372e-06,1.90436274e+00,4.69197418e-02,7.28946086e+03,1.90970401e+02,1.60609748e-03,7.28816294e-05,0.00000000e+00,0.00000000e+00,0.00000000e+00,0.00000000e+00
5.67500000e+01,1.31527857e-03,3.67808896e-05,0.00000000e+00,0.00000000e+00,2.66195581e-04,1.93129227e-05,4.29865516e-05,8.24741861e-06,1.89979008e+00,4.56714511e-02,7.34397253e+03,1.90415014e+02,1.57997934e-03,5.11496801e-05,0.00000000e+00,0.00000000e+00,7.30060000e+00,9.67063343e-02
5.68500000e+01,1.29927126e-03,3.57384066e-05,0.00000000e+00,0.00000000e+00,2.76549697e-04,2.15273224e-05,4.29865516e-05,8.24741861e-06,1.90585524e+00,4.60099799e-02,7.27043956e+03,1.88747279e+02,1.57432633e-03,5.20015487e-05,0.00000000e+00,0.00000000e+00,0.00000000e+00,0.00000000e+00
5.69500000e+01,1.30562992e-03,3.64482370e-05,0.00000000e+00,0.00000000e+00,2.68206758e-04,2.18817514e-05,4.29865516e-05,8.24741861e-06,1.88785710e+00,4.51613379e-02,7.27833740e+03,1.91546925e+02,1.57234187e-03,5.22065769e-05,0.00000000e+00,0.00000000e+00,7.28720000e+00,9.68137450e-02
5.70500000e+01,1.29105332e-03,3.65208053e-05,0.00000000e+00,0.00000000e+00,2.57491797e-04,1.99641921e-05,4.29865516e-05,8.24741861e-06,1.88600269e+00,4.62418208e-02,7.22089807e+03,1.93583689e+02,1.54704600e-03,4.94446499e-05,0.00000000e+00,0.00000000e+00,0.00000000e+00,0.00000000e+00
5.71500000e+01,1.29853668e-03,3.73804241e-05,0.00000000e+00,0.00000000e+00,2.66230475e-04,2.37796329e-05,4.29865516e-05,8.24741861e-06,1.89800519e+00,4.55977085e-02,7.26987968e+03,1.95857276e+02,1.56323727e-03,5.35126682e-05,0.00000000e+00,0.00000000e+00,7.25940000e+00,9.67249034e-02
5.72500000e+01,1.29025862e-03,3.63729484e-05,0.00000000e+00,0.00000000e+00,2.61986831e-04,2.18670461e-05,4.29865516e-05,8.24741861e-06,1.87432779e+00,4.54098831e-02,7.21735130e+03,1.90118549e+02,1.55071539e-03,4.93411329e-05,0.00000000e+00,0.00000000e+00,0.00000000e+00,0.00000000e+00
5.73500000e+01,1.28705858e-03,3.73616866e-05,0.00000000e+00,0.00000000e+00,2.63314628e-04,2.07691268e-05,4.29865516e-05,8.24741861e-06,1.87525908e+00,4.75865013e-02,7.20394198e+03,1.97928268e+02,1.54884418e-03,4.86066233e-05,0.00000000e+00,0.00000000e+00,7.25080000e+00,9.70347466e-02
5.74500000e+01,1.27372771e-03,3.60906216e-05,0.00000000e+00,0.00000000e+00,2.65957803e-04,2.19681519e-05,4.29865516e-05,8.24741861e-06,1.86165730e+00,4.63424588e-02,7.13129081e+03,1.93574739e+02,1.53815703e-03,4.76355112e-05,0.00000000e+00,0.00000000e+00,0.00000000e+00,0.00000000e+00
5.75500000e+01,1.28364019e-03,3.59791493e-05,0.00000000e+00,0.00000000e+00,2.53265370e-04,1.65388716e-05,4.24366857e-05,8.15411917e-06,1.86969055e+00,4.57124250e-02,7.18059222e+03,1.92753441e+02,1.53539117e-03,4.42142618e-05,0.00000000e+00,0.00000000e+00,7.22320000e+00,9.81599860e-02
5.76500000e+01,1.26821985e-03,3.58729720e-05,0.00000000e+00,0.00000000e+00,2.66788209e-04,2.04005331e-05,4.08082228e-05,8.09351847e-06,1.85459468e+00,4.61964214e-02,7.09790463e+03,1.91707965e+02,1.53353661e-03,4.58364610e-05,0.00000000e+00,0.00000000e+00,0.00000000e+00,0.00000000e+00
5.77500000e+01,1.27703175e-03,3.72113644e-05,0.00000000e+00,0.00000000e+00,2.80613170e-04,2.75026827e-05,4.00551137e-05,7.95027343e-06,1.86129887e+00,4.77053185e-02,7.14139664e+03,1.98636906e+02,1.55619221e-03,5.12927160e-05,0.00000000e+00,0.00000000e+00,7.21660000e+00,9.82955186e-02
5.78500000e+01,1.26936273e-03,3.67410560e-05,0.00000000e+00,0.00000000e+00,2.89856852e-04,2.78478030e-05,3.94820703e-05,7.88784424e-06,1.85621093e+00,4.78663688e-02,7.10749545e+03,1.97188201e+02,1.55778051e-03,5.11359888e-05,0.00000000e+00,0.00000000e+00,0.00000000e+00,0.00000000e+00
5.79500000e+01,1.26698251e-03,3.68204399e-05,0.00000000e+00,0.00000000e+00,2.78553346e-04,2.34338940e-05,3.94820703e-05,7.88784424e-06,1.85988956e+00,4.76566253e-02,7.10624929e+03,1.97697350e+02,1.54409672e-03,5.19489082e-05,0.00000000e+00,0.00000000e+00,7.18200000e+00,9.75257161e-02
5.80500000e+01,1.26061420e-03,3.78127538e-05,0.00000000e+00,0.00000000e+00,2.60937719e-04,1.80340843e-05,3.91377856e-05,7.87018810e-06,1.84291941e+00,4.89816733e-02,7.06424293e+03,2.04013908e+02,1.52012092e-03,4.73421336e-05,0.00000000e+00,0.00000000e+00,0.00000000e+00,0.00000000e+00
5.81500000e+01,1.25259611e-03,3.92643920e-05,0.00000000e+00,0.00000000e+00,2.60988933e-04,1.80944045e-05,3.81277470e-05,7.90515906e-06,1.83641865e+00,4.61626514e-02,7.02799121e+03,2.08102732e+02,1.51217457e-03,4.67283457e-05,0.00000000e+00,0.00000000e+00,7.16700000e+00,9.86427278e-02
5.82500000e+01,1.23927801e-03,3.87850520e-05,0.00000000e+00,0.00000000e+00,2.56424581e-04,1.84678501e-05,3.81290679e-05,7.90525349e-06,1.82091940e+00,4.74174841e-02,6.95417368e+03,2.07505737e+02,1.49429086e-03,4.70360211e-05,0.00000000e+00,0.00000000e+00,0.00000000e+00,0.00000000e+00
5.83500000e+01,1.24299426e-03,3.95775783e-05,0.00000000e+00,0.00000000e+00,2.76248204e-04,3.90148034e-05,3.82305950e-05,7.91316803e-06,1.83174657e+00,4.97111048e-02,6.98276123e+03,2.17079132e+02,1.51783100e-03,6.28919546e-05,0.00000000e+00,0.00000000e+00,7.15400000e+00,9.64606296e-02
5.84500000e+01,1.25714025e-03,3.88864475e-05,0.00000000e+00,0.00000000e+00,2.74659783e-04,3.22013667e-05,3.82305950e-05,7.91316803e-06,1.85126356e+00,5.07251289e-02,7.04656247e+03,2.11540504e+02,1.53039027e-03,5.77894347e-05,0.00000000e+00,0.00000000e+00,0.00000000e+00,0.00000000e+00
5.85500000e+01,1.25351516e-03,3.94770691e-05,0.00000000e+00,0.00000000e+00,2.58422283e-04,1.68950952e-05,3.82305950e-05,7.91316803e-06,1.83235661e+00,4.88561175e-02,7.02175970e+03,2.09683113e+02,1.51052891e-03,4.78270796e-05,0.00000000e+00,0.00000000e+00,7.15020000e+00,9.59347099e-02
5.86500000e+01,1.24672659e-03,3.98504646e-05,0.00000000e+00,0.00000000e+00,2.66814461e-04,1.83497766e-05,3.78794736e-05,7.90698124e-06,1.83402180e+00,4.67981826e-02,6.98652365e+03,2.10185345e+02,1.51214091e-03,4.78540694e-05,0.00000000e+00,0.00000000e+00,0.00000000e+00,0.00000000e+00
5.87500000e+01,1.25511061e-03,4.00860030e-05,0.00000000e+00,0.00000000e+00,2.70301544e-04,2.01389070e-05,3.69013995e-05,7.93133530e-06,1.83430634e+00,4.66835085e-02,7.02683750e+03,2.12574113e+02,1.52403497e-03,4.96321697e-05,0.00000000e+00,0.00000000e+00,7.11600000e+00,9.73921172e-02
5.88500000e+01,1.25566888e-03,3.88430969e-05,0.00000000e+00,0.00000000e+00,2.65356634e-04,1.93016658e-05,3.59288597e-05,7.96156141e-06,1.83838676e+00,4.69011572e-02,7.02655995e+03,2.08470186e+02,1.51967224e-03,4.67448047e-05,0.00000000e+00,0.00000000e+00,0.00000000e+00,0.00000000e+00
5.89500000e+01,1.24790517e-03,3.78796892e-05,0.00000000e+00,0.00000000e+00,2.66862713e-04,3.17637390e-05,3.59288597e-05,7.96156141e-06,1.83196250e+00,4.76944457e-02,7.01497966e+03,2.05730037e+02,1.51341456e-03,5.39230540e-05,0.00000000e+00,0.00000000e+00,7.10700000e+00,9.73792292e-02
5.90500000e+01,1.25001322e-03,3.86399706e-05,0.00000000e+00,0.00000000e+00,2.69975105e-04,3.15332058e-05,3.50432110e-05,7.94733788e-06,1.82128219e+00,4.68666033e-02,7.00953979e+03,2.05383843e+02,1.51865613e-03,5.53965148e-05,0.00000000e+00,0.00000000e+00,0.00000000e+00,0.00000000e+00
5.91500000e+01,1.24294412e-03,3.90229272e-05,0.00000000e+00,0.00000000e+00,2.48590640e-04,2.07115232e-05,3.47521764e-05,7.98187593e-06,1.80552933e+00,4.66779578e-02,6.97178723e+03,2.07001020e+02,1.49020634e-03,4.95988697e-05,0.00000000e+00,0.00000000e+00,7.08440000e+00,9.59086130e-02
5.92500000e+01,1.23112301e-03,3.85420203e-05,0.00000000e+00,0.00000000e+00,3.10096842e-04,5.32349480e-05,3.48258739e-05,7.98950202e-06,1.80199321e+00,4.57381607e-02,6.91568218e+03,2.04306694e+02,1.53989041e-03,6.65122843e-05,0.00000000e+00,0.00000000e+00,0.00000000e+00,0.00000000e+00
5.93500000e+01,1.20950807e-03,3.81785058e-05,0.00000000e+00,0.00000000e+00,2.52315465e-04,1.89536993e-05,3.48146496e-05,7.98768011e-06,1.78719514e+00,4.58584151e-02,6.80139798e+03,2.04125824e+02,1.46049593e-03,5.09611465e-05,0.00000000e+00,0.00000000e+00,7.08560000e+00,9.72567232e-02
5.94500000e+01,1.20660773e-03,3.85784527e-05,0.00000000e+00,0.00000000e+00,2.37955665e-04,1.84115928e-05,3.47867891e-05,7.98302986e-06,1.78004338e+00,4.63964954e-02,6.80953679e+03,2.10064330e+02,1.44323772e-03,4.97368020e-05,0.00000000e+00,0.00000000e+00,0.00000000e+00,0.00000000e+00
5.95500000e+01,1.21144185e-03,3.82543214e-05,0.00000000e+00,0.00000000e+00,2.65399654e-04,2.17993859e-05,3.47867891e-05,7.98302986e-06,1.78753012e+00,4.72783468e-02,6.80385404e+03,2.04563149e+02,1.47551583e-03,5.32300116e-05,0.00000000e+00,0.00000000e+00,7.07940000e+00,9.54479920e-02
5.96500000e+01,1.22234037e-03,3.75498631e-05,0.00000000e+00,0.00000000e+00,2.75881060e-04,2.62191657e-05,3.47867891e-05,7.98302986e-06,1.79729962e+00,4.55791713e-02,6.86337320e+03,2.01282347e+02,1.49684966e-03,5.24165314e-05,0.00000000e+00,0.00000000e+00,0.00000000e+00,0.00000000e+00
5.97500000e+01,1.22867046e-03,3.76438982e-05,0.00000000e+00,0.00000000e+00,2.54794087e-04,2.03900044e-05,3.47867891e-05,7.98302986e-06,1.79538240e+00,4.60875260e-02,6.89280144e+03,2.02821885e+02,1.48206965e-03,4.96951861e-05,0.00000000e+00,0.00000000e+00,7.06120000e+00,9.55096490e-02
5.98500000e+01,1.21439009e-03,3.45187555e-05,0.00000000e+00,0.00000000e+00,2.52050241e-04,2.13298596e-05,3.47867891e-05,7.98302986e-06,1.79258602e+00,4.55007582e-02,6.83517459e+03,1.89328813e+02,1.46504622e-03,4.64715315e-05,0.00000000e+00,0.00000000e+00,0.00000000e+00,0.00000000e+00
5.99500000e+01,1.22118230e-03,3.64936166e-05,0.00000000e+00,0.00000000e+00,2.56007546e-04,2.75532092e-05,3.64697826e-05,8.58595139e-06,1.78925213e+00,4.72365575e-02,6.86258452e+03,1.98968730e+02,1.47575501e-03,5.22653477e-05,0.00000000e+00,0.00000000e+00,7.04960000e+00,9.31564232e-02
6.00500000e+01,1.20996942e-03,3.39863380e-05,0.00000000e+00,0.00000000e+00,2.73497731e-04,3.17870667e-05,3.67593685e-05,8.68467316e-06,1.77243865e+00,4.31293868e-02,6.78643528e+03,1.82938266e+02,1.48202530e-03,5.26706031e-05,0.00000000e+00,0.00000000e+00,0.00000000e+00,0.00000000e+00
6.01500000e+01,1.20175052e-03,3.52299119e-05,0.00000000e+00,0.00000000e+00,2.63449862e-04,2.90100911e-05,3.68192414e-05,8.69029638e-06,1.75976450e+00,4.38804125e-02,6.73693178e+03,1.89544011e+02,1.46376731e-03,5.17280962e-05,0.00000000e+00,0.00000000e+00,7.02960000e+00,9.38896269e-02
6.02500000e+01,1.21325679e-03,3.76565334e-05,0.00000000e+00,0.00000000e+00,3.09071498e-04,4.84224652e-05,3.68192414e-05,8.69029638e-06,1.76837233e+00,4.64510482e-02,6.79925397e+03,2.03242568e+02,1.52089723e-03,6.10448768e-05,0.00000000e+00,0.00000000e+00,0.00000000e+00,0.00000000e+00
6.03500000e+01,1.20709532e-03,3.58907807e-05,0.00000000e+00,0.00000000e+00,3.70920258e-04,1.09537578e-04,3.68192414e-05,8.69029638e-06,1.78229496e+00,4.59724649e-02,6.79458351e+03,1.94153462e+02,1.57658280e-03,1.11047368e-04,0.00000000e+00,0.00000000e+00,7.01800000e+00,9.28914222e-02
6.04500000e+01,1.21256790e-03,3.65542321e-05,0.00000000e+00,0.00000000e+00,2.58176995e-04,1.84638635e-05,3.48583297e-05,8.32285996e-06,1.78632862e+00,4.84031229e-02,6.83496784e+03,1.98705057e+02,1.46936185e-03,4.55188149e-05,0.00000000e+00,0.00000000e+00,0.00000000e+00,0.00000000e+00
6.05500000e+01,1.19957231e-03,3.58398030e-05,0.00000000e+00,0.00000000e+00,2.46684095e-04,1.61082841e-05,3.26026005e-05,7.90075257e-06,1.78084675e+00,4.87755940e-02,6.76774485e+03,1.95771011e+02,1.44493380e-03,4.30795940e-05,0.00000000e+00,0.00000000e+00,7.00660000e+00,9.39850661e-02
6.06500000e+01,1.19445644e-03,3.27706548e-05,0.00000000e+00,0.00000000e+00,2.42247205e-04,1.65178723e-05,3.26014373e-05,7.90066424e-06,1.76511285e+00,4.45790186e-02,6.73219981e+03,1.76210746e+02,1.43538049e-03,4.06220622e-05,0.00000000e+00,0.00000000e+00,0.00000000e+00,0.00000000e+00
6.07500000e+01,1.20201346e-03,3.47346650e-05,0.00000000e+00,0.00000000e+00,2.43221117e-04,1.80763220e-05,3.26004541e-05,7.90058971e-06,1.75722605e+00,4.55964027e-02,6.75619291e+03,1.85482831e+02,1.44393738e-03,4.27693882e-05,0.00000000e+00,0.00000000e+00,7.01720000e+00,9.39496348e-02
6.08500000e+01,1.20061917e-03,3.44993916e-05,0.00000000e+00,0.00000000e+00,2.42791233e-04,1.93630596e-05,3.26004541e-05,7.90058971e-06,1.76790093e+00,4.45386909e-02,6.74995101e+03,1.83824249e+02,1.44215555e-03,4.10497310e-05,0.00000000e+00,0.00000000e+00,0.00000000e+00,0.00000000e+00
6.09500000e+01,1.19643503e-03,3.41188718e-05,0.00000000e+00,0.00000000e+00,2.48154254e-04,2.11470058e-05,3.26004541e-05,7.90058971e-06,1.77668450e+00,4.35986065e-02,6.75902060e+03,1.79833145e+02,1.44333490e-03,4.24017107e-05,0.00000000e+00,0.00000000e+00,7.01700000e+00,9.54445025e-02
6.10500000e+01,1.18567683e-03,3.39042853e-05,0.00000000e+00,0.00000000e+00,2.47343092e-04,2.16729721e-05,3.26004541e-05,7.90058971e-06,1.76754730e+00,4.44514503e-02,6.69512205e+03,1.82312423e+02,1.43176535e-03,4.45529957e-05,0.00000000e+00,0.00000000e+00,0.00000000e+00,0.00000000e+00
6.11500000e+01,1.17381811e-03,3.59613631e-05,0.00000000e+00,0.00000000e+00,3.19387462e-04,4.54617367e-05,3.26299210e-05,7.90774547e-06,1.75634706e+00,4.63761056e-02,6.62696717e+03,1.91783167e+02,1.49194919e-03,6.00614460e-05,0.00000000e+00,0.00000000e+00,7.01560000e+00,9.47857563e-02
6.12500000e+01,1.17297059e-03,3.75335486e-05,0.00000000e+00,0.00000000e+00,2.99325190e-04,3.72106752e-05,3.26473006e-05,7.91201438e-06,1.75817661e+00,4.82567676e-02,6.63831725e+03,2.02147743e+02,1.47103178e-03,5.62975283e-05,0.00000000e+00,0.00000000e+00,0.00000000e+00,0.00000000e+00
6.13500000e+01,1.16094366e-03,3.87024157e-05,0.00000000e+00,0.00000000e+00,2.85205767e-04,3.34124425e-05,3.15948029e-05,7.39743215e-06,1.74718501e+00,4.71281518e-02,6.57667852e+03,2.07810685e+02,1.44491193e-03,5.83823328e-05,0.00000000e+00,0.00000000e+00,7.00000000e+00,9.39635188e-02
6.14500000e+01,1.14778093e-03,3.78683670e-05,0.00000000e+00,0.00000000e+00,2.91757768e-04,4.33059921e-05,2.94682841e-05,6.84441795e-06,1.74474872e+00,4.51155980e-02,6.52198962e+03,1.98046836e+02,1.43835137e-03,6.26332589e-05,0.00000000e+00,0.00000000e+00,0.00000000e+00,0.00000000e+00
6.15500000e+01,1.16890272e-03,3.79368123e-05,0.00000000e+00,0.00000000e+00,2.59842039e-04,2.15733294e-05,2.94637996e-05,6.84309931e-06,1.75664068e+00,4.64931005e-02,6.61574729e+03,2.00382230e+02,1.42755740e-03,5.20040372e-05,0.00000000e+00,0.00000000e+00,6.98260000e+00,9.41773446e-02
6.16500000e+01,1.16166029e-03,3.62718692e-05,0.00000000e+00,0.00000000e+00,2.44563253e-04,1.86172752e-05,2.94637996e-05,6.84309931e-06,1.73577638e+00,4.55948704e-02,6.57283320e+03,1.92834732e+02,1.40503598e-03,4.86810639e-05,0.00000000e+00,0.00000000e+00,0.00000000e+00,0.00000000e+00
6.17500000e+01,1.15008015e-03,3.76975189e-05,0.00000000e+00,0.00000000e+00,2.44589837e-04,1.98771868e-05,2.94637996e-05,6.84309931e-06,1.73146168e+00,4.70126260e-02,6.52101759e+03,2.01148108e+02,1.39348243e-03,5.06196441e-05,0.00000000e+00,0.00000000e+00,6.97680000e+00,9.46854901e-02
6.18500000e+01,1.16109404e-03,3.62944041e-05,0.00000000e+00,0.00000000e+00,2.61570232e-04,2.20513375e-05,2.94637996e-05,6.84309931e-06,1.74105228e+00,4.49091322e-02,6.56353480e+03,1.93068682e+02,1.42147844e-03,4.86442978e-05,0.00000000e+00,0.00000000e+00,0.00000000e+00,0.00000000e+00
6.19500000e+01,1.14678488e-03,3.62164463e-05,0.00000000e+00,0.00000000e+00,2.60240386e-04,2.26156967e-05,3.07256213e-05,7.32009490e-06,1.73340226e+00,4.57586872e-02,6.50175473e+03,1.93302692e+02,1.40577841e-03,4.92152472e-05,0.00000000e+00,0.00000000e+00,6.96220000e+00,9.52955831e-02
6.20500000e+01,1.15548306e-03,3.88916670e-05,0.00000000e+00,0.00000000e+00,2.63741789e-04,2.15692980e-05,3.00394150e-05,7.52497672e-06,1.74277732e+00,4.87065818e-02,6.56405699e+03,2.10796333e+02,1.41800294e-03,4.96780092e-05,0.00000000e+00,0.00000000e+00,0.00000000e+00,0.00000000e+00
6.21500000e+01,1.13119916e-03,3.75860229e-05,0.00000000e+00,0.00000000e+00,2.57163298e-04,2.43291717e-05,3.00394150e-05,7.52497672e-06,1.71550285e+00,4.57802763e-02,6.42333321e+03,1.99759565e+02,1.38717940e-03,4.88917915e-05,0.00000000e+00,0.00000000e+00,6.96280000e+00,9.61805445e-02
6.22500000e+01,1.13636382e-03,3.56577654e-05,0.00000000e+00,0.00000000e+00,2.66427557e-04,2.49385200e-05,3.00394150e-05,7.52497672e-06,1.72490208e+00,4.38742760e-02,6.45107414e+03,1.88819115e+02,1.40160037e-03,4.62123074e-05,0.00000000e+00,0.00000000e+00,0.00000000e+00,0.00000000e+00
6.23500000e+01,1.13187884e-03,3.42532174e-05,0.00000000e+00,0.00000000e+00,2.54961444e-04,2.19014075e-05,3.01683584e-05,7.52107444e-06,1.73101193e+00,4.48597126e-02,6.45591906e+03,1.86216062e+02,1.38561498e-03,4.16842391e-05,0.00000000e+00,0.00000000e+00,6.95680000e+00,9.60120911e-02
6.24500000e+01,1.12449021e-03,3.51148201e-05,0.00000000e+00,0.00000000e+00,2.29696864e-04,1.52762374e-05,3.02389385e-05,7.46895914e-06,1.71429452e+00,4.59908398e-02,6.40314063e+03,1.90819080e+02,1.35286551e-03,4.08517468e-05,0.00000000e+00,0.00000000e+00,0.00000000e+00,0.00000000e+00
6.25500000e+01,1.12956178e-03,3.45452069e-05,0.00000000e+00,0.00000000e+00,2.52470921e-04,2.83364248e-05,2.76652997e-05,7.03324137e-06,1.71114340e+00,4.38484262e-02,6.40717701e+03,1.85859496e+02,1.38077379e-03,5.54649996e-05,0.00000000e+00,0.00000000e+00,6.94440000e+00,9.52796785e-02
6.26500000e+01,1.12996619e-03,3.49691346e-05,0.00000000e+00,0.00000000e+00,2.46488736e-04,2.13022255e-05,2.74818945e-05,6.96541872e-06,1.70498757e+00,4.52208066e-02,6.39140425e+03,1.88623084e+02,1.37519674e-03,4.69220416e-05,0.00000000e+00,0.00000000e+00,0.00000000e+00,0.00000000e+00
6.27500000e+01,1.12766366e-03,3.63200402e-05,0.00000000e+00,0.00000000e+00,2.41350468e-04,2.02808593e-05,2.66880095e-05,6.97835852e-06,1.70984237e+00,4.87064593e-02,6.38168116e+03,1.96121109e+02,1.36796069e-03,4.59620527e-05,0.00000000e+00,0.00000000e+00,6.92660000e+00,9.44559545e-02
6.28500000e+01,1.12173184e-03,3.34159973e-05,0.00000000e+00,0.00000000e+00,2.39003489e-04,1.78990316e-05,2.66546174e-05,6.98088113e-06,1.71530025e+00,4.55935874e-02,6.37768111e+03,1.83695806e+02,1.35969047e-03,4.11995819e-05,0.00000000e+00,0.00000000e+00,0.00000000e+00,0.00000000e+00
6.29500000e+01,1.12476685e-03,3.55016990e-05,0.00000000e+00,0.00000000e+00,2.34494410e-04,1.50121557e-05,2.66546174e-05,6.98088113e-06,1.71484457e+00,4.60196300e-02,6.38411023e+03,1.95152954e+02,1.35821693e-03,4.14409019e-05,0.00000000e+00,0.00000000e+00,6.89840000e+00,9.33334422e-02
6.30500000e+01,1.11273379e-03,3.14837350e-05,0.00000000e+00,0.00000000e+00,2.37772648e-04,1.64839096e-05,2.66546174e-05,6.98088113e-06,1.70084533e+00,4.46056819e-02,6.31769133e+03,1.73233762e+02,1.34946231e-03,3.88046900e-05,0.00000000e+00,0.00000000e+00,0.00000000e+00,0.00000000e+00
6.31500000e+01,1.10376169e-03,3.25402738e-05,0.00000000e+00,0.00000000e+00,2.46138439e-04,1.89341799e-05,2.66546174e-05,6.98088113e-06,1.69467440e+00,4.55575177e-02,6.27079212e+03,1.78841135e+02,1.34885601e-03,4.21479062e-05,0.00000000e+00,0.00000000e+00,6.87600000e+00,9.17374248e-02
6.32500000e+01,1.10584836e-03,3.08330476e-05,0.00000000e+00,0.00000000e+00,2.49833140e-04,1.76135929e-05,2.66546174e-05,6.98088113e-06,1.70156032e+00,4.44791787e-02,6.30409278e+03,1.71967853e+02,1.35463738e-03,4.02412547e-05,0.00000000e+00,0.00000000e+00,0.00000000e+00,0.00000000e+00
6.33500000e+01,1.10030727e-03,3.30647475e-05,0.00000000e+00,0.00000000e+00,2.72623738e-04,3.56272613e-05,2.66637038e-05,6.98205994e-06,1.69907765e+00,4.58517127e-02,6.27679877e+03,1.80628463e+02,1.37184784e-03,5.16912420e-05,0.00000000e+00,0.00000000e+00,6.87420000e+00,9.14647652e-02
6.34500000e+01,1.10939626e-03,3.57179482e-05,0.00000000e+00,0.00000000e+00,2.62118281e-04,2.26635550e-05,2.65720164e-05,6.94226391e-06,1.70226158e+00,4.88169084e-02,6.30298720e+03,1.95840328e+02,1.37037585e-03,5.10889148e-05,0.00000000e+00,0.00000000e+00,0.00000000e+00,0.00000000e+00
6.35500000e+01,1.09596691e-03,3.41842860e-05,0.00000000e+00,0.00000000e+00,2.35009676e-04,1.89834882e-05,2.60473745e-05,6.77983822e-06,1.69730117e+00,4.98460173e-02,6.23778039e+03,1.92624425e+02,1.32985579e-03,4.69641283e-05,0.00000000e+00,0.00000000e+00,6.86380000e+00,9.28223627e-02
6.36500000e+01,1.08970767e-03,3.51415555e-05,0.00000000e+00,0.00000000e+00,2.33475185e-04,1.85718689e-05,2.60473745e-05,6.77983822e-06,1.68945879e+00,4.77010155e-02,6.19986217e+03,1.95070663e+02,1.32206210e-03,4.75221896e-05,0.00000000e+00,0.00000000e+00,0.00000000e+00,0.00000000e+00
6.37500000e+01,1.08671857e-03,3.65516030e-05,0.00000000e+00,0.00000000e+00,2.45800508e-04,2.06677790e-05,2.60473745e-05,6.77983822e-06,1.68297918e+00,4.99978899e-02,6.18739458e+03,2.00645631e+02,1.33139803e-03,4.94380875e-05,0.00000000e+00,0.00000000e+00,6.85760000e+00,9.53945876e-02
6.38500000e+01,1.10134620e-03,3.72511218e-05,0.00000000e+00,0.00000000e+00,2.52211196e-04,2.29039909e-05,2.60473745e-05,6.77983822e-06,1.68581716e+00,5.13007807e-02,6.25764839e+03,2.04869444e+02,1.35243590e-03,4.90979253e-05,0.00000000e+00,0.00000000e+00,0.00000000e+00,0.00000000e+00
6.39500000e+01,1.10117681e-03,3.60098427e-05,0.00000000e+00,0.00000000e+00,2.42162398e-04,2.00090562e-05,2.60473745e-05,6.77983822e-06,1.69499057e+00,5.17773303e-02,6.26461280e+03,2.00876030e+02,1.34221771e-03,4.85513617e-05,0.00000000e+00,0.00000000e+00,6.84720000e+00,9.65896179e-02
6.40500000e+01,1.09886447e-03,3.34944072e-05,0.00000000e+00,0.00000000e+00,2.48521326e-04,1.97836682e-05,2.60473745e-05,6.77983822e-06,1.68466003e+00,4.87351088e-02,6.24774607e+03,1.87116972e+02,1.34626430e-03,4.70767896e-05,0.00000000e+00,0.00000000e+00,0.00000000e+00,0.00000000e+00
6.41500000e+01,1.09871215e-03,3.42995374e-05,0.00000000e+00,0.00000000e+00,2.49144765e-04,1.91266796e-05,2.59047585e-05,6.74206914e-06,1.69272740e+00,4.81804718e-02,6.26267462e+03,1.90676974e+02,1.34674029e-03,4.60682834e-05,0.00000000e+00,0.00000000e+00,6.82940000e+00,9.58938231e-02
6.42500000e+01,1.09999479e-03,3.33046801e-05,0.00000000e+00,0.00000000e+00,2.37937151e-04,1.80943102e-05,2.46482606e-05,6.66585885e-06,1.68153055e+00,4.84312728e-02,6.25997761e+03,1.87651666e+02,1.33684675e-03,4.41606667e-05,0.00000000e+00,0.00000000e+00,0.00000000e+00,0.00000000e+00
6.43500000e+01,1.09917180e-03,3.55409963e-05,0.00000000e+00,0.00000000e+00,2.27573465e-04,1.68076454e-05,2.44669396e-05,6.68753193e-06,1.68505756e+00,5.14305658e-02,6.25936650e+03,1.98164639e+02,1.32566445e-03,4.60310797e-05,0.00000000e+00,0.00000000e+00,6.81920000e+00,9.33437098e-02
6.44500000e+01,1.09301957e-03,3.72533700e-05,0.00000000e+00,0.00000000e+00,2.34085813e-04,1.70440312e-05,2.27773565e-05,6.36705307e-06,1.67497788e+00,5.26454160e-02,6.22458122e+03,2.06553854e+02,1.32605897e-03,4.85285353e-05,0.00000000e+00,0.00000000e+00,0.00000000e+00,0.00000000e+00
6.45500000e+01,1.09132644e-03,3.67092262e-05,0.00000000e+00,0.00000000e+00,2.50091173e-04,1.78098029e-05,2.18184052e-05,5.99979199e-06,1.67269657e+00,5.21008689e-02,6.21467672e+03,2.03996450e+02,1.34038245e-03,4.81165802e-05,0.00000000e+00,0.00000000e+00,6.79500000e+00,9.45352758e-02
6.46500000e+01,1.08388035e-03,3.66476838e-05,0.00000000e+00,0.00000000e+00,2.58580482e-04,2.12891845e-05,2.08919899e-05,5.80180025e-06,1.66114853e+00,5.20053514e-02,6.17210024e+03,2.05005971e+02,1.34145021e-03,4.87335766e-05,0.00000000e+00,0.00000000e+00,0.00000000e+00,0.00000000e+00
6.47500000e+01,1.08435175e-03,3.59852891e-05,0.00000000e+00,0.00000000e+00,2.75877822e-04,3.61542269e-05,2.07882781e-05,5.78844877e-06,1.65738186e+00,5.15499865e-02,6.18270983e+03,2.02452431e+02,1.35922162e-03,5.86359509e-05,0.00000000e+00,0.00000000e+00,6.79180000e+00,9.35860141e-02
6.48500000e+01,1.09828282e-03,3.53856546e-05,0.00000000e+00,0.00000000e+00,2.49656204e-04,1.95517547e-05,1.92571621e-05,5.45326000e-06,1.64753879e+00,4.91759160e-02,6.24197055e+03,1.99139486e+02,1.34697699e-03,5.02248778e-05,0.00000000e+00,0.00000000e+00,0.00000000e+00,0.00000000e+00
6.49500000e+01,1.10056011e-03,3.58039796e-05,0.00000000e+00,0.00000000e+00,2.40289952e-04,1.84659817e-05,1.84136626e-05,5.40096788e-06,1.65864741e+00,5.10785581e-02,6.26326171e+03,2.01601470e+02,1.33991679e-03,5.00684033e-05,0.00000000e+00,0.00000000e+00,6.77640000e+00,9.30844515e-02
6.50500000e+01,1.10527742e-03,3.56592136e-05,0.00000000e+00,0.00000000e+00,2.49984814e-04,1.95451580e-05,1.84136626e-05,5.40096788e-06,1.66833816e+00,5.10090360e-02,6.29080857e+03,2.04100096e+02,1.35432915e-03,5.00345198e-05,0.00000000e+00,0.00000000e+00,0.00000000e+00,0.00000000e+00
6.51500000e+01,1.11675320e-03,3.69860705e-05,0.00000000e+00,0.00000000e+00,3.31997566e-04,8.09354861e-05,1.84136626e-05,5.40096788e-06,1.67150440e+00,5.04323672e-02,6.34586736e+03,2.08033155e+02,1.44777467e-03,8.80324641e-05,0.00000000e+00,0.00000000e+00,6.75540000e+00,9.16698646e-02
6.52500000e+01,1.11449009e-03,3.72531573e-05,0.00000000e+00,0.00000000e+00,2.75568269e-04,3.12811386e-05,1.84136626e-05,5.40096788e-06,1.67207730e+00,5.03860952e-02,6.32889084e+03,2.10063862e+02,1.38901469e-03,5.89796479e-05,0.00000000e+00,0.00000000e+00,0.00000000e+00,0.00000000e+00
6.53500000e+01,1.09894166e-03,3.57455284e-05,0.00000000e+00,0.00000000e+00,2.66818293e-04,1.94229608e-05,1.84136626e-05,5.40096788e-06,1.66069193e+00,5.03720486e-02,6.24291890e+03,2.02186305e+02,1.36471735e-03,4.85305148e-05,0.00000000e+00,0.00000000e+00,6.74400000e+00,9.37064457e-02
6.54500000e+01,1.08700357e-03,3.63782616e-05,0.00000000e+00,0.00000000e+00,2.54560201e-04,1.95478956e-05,1.84136626e-05,5.40096788e-06,1.65183335e+00,5.15081970e-02,6.18594394e+03,2.06787877e+02,1.34052155e-03,4.92873028e-05,0.00000000e+00,0.00000000e+00,0.00000000e+00,0.00000000e+00
6.55500000e+01,1.08419373e-03,3.63331393e-05,0.00000000e+00,0.00000000e+00,2.52031105e-04,1.86972440e-05,1.84122677e-05,5.40106129e-06,1.64899399e+00,5.01773192e-02,6.16831862e+03,2.03002165e+02,1.33518809e-03,4.84940567e-05,0.00000000e+00,0.00000000e+00,6.72040000e+00,9.58284862e-02
6.56500000e+01,1.08221397e-03,3.48930272e-05,0.00000000e+00,0.00000000e+00,2.40936602e-04,1.62612400e-05,1.84098641e-05,5.40122309e-06,1.64323312e+00,4.97785652e-02,6.15781789e+03,1.97560902e+02,1.32212540e-03,4.55025196e-05,0.00000000e+00,0.00000000e+00,0.00000000e+00,0.00000000e+00
6.57500000e+01,1.08355298e-03,3.38170063e-05,0.00000000e+00,0.00000000e+00,2.51447231e-04,2.25568570e-05,1.84149707e-05,5.40248895e-06,1.64258983e+00,4.88196116e-02,6.16934296e+03,1.91831732e+02,1.33397192e-03,4.74160332e-05,0.00000000e+00,0.00000000e+00,6.71220000e+00,9.50038839e-02
6.58500000e+01,1.07984795e-03,3.38464617e-05,0.00000000e+00,0.00000000e+00,2.42736398e-04,1.81144392e-05,1.84605730e-05,5.41399346e-06,1.64067312e+00,4.75179592e-02,6.15160081e+03,1.90700594e+02,1.32155466e-03,4.52571936e-05,0.00000000e+00,0.00000000e+00,0.00000000e+00,0.00000000e+00
6.59500000e+01,1.08203941e-03,3.69885208e-05,0.00000000e+00,0.00000000e+00,2.32596565e-04,1.73608292e-05,1.82726937e-05,5.37851811e-06,1.64035527e+00,4.67601276e-02,6.15868626e+03,2.02787236e+02,1.31359571e-03,4.65938397e-05,0.00000000e+00,0.00000000e+00,6.69640000e+00,9.62796776e-02
6.60500000e+01,1.07849207e-03,3.91415435e-05,0.00000000e+00,0.00000000e+00,2.25442366e-04,1.47543428e-05,1.70007588e-05,5.30973118e-06,1.64897593e+00,4.86466121e-02,6.14773587e+03,2.14352966e+02,1.30281272e-03,4.74621591e-05,0.00000000e+00,0.00000000e+00,0.00000000e+00,0.00000000e+00
6.61500000e+01,1.06848613e-03,3.67285454e-05,0.00000000e+00,0.00000000e+00,2.33696747e-04,1.70408763e-05,1.70007588e-05,5.30973118e-06,1.62741394e+00,4.85782208e-02,6.09510403e+03,2.02834624e+02,1.30106045e-03,4.74593929e-05,0.00000000e+00,0.00000000e+00,6.69440000e+00,9.56482331e-02
6.62500000e+01,1.05928807e-03,3.66030957e-05,0.00000000e+00,0.00000000e+00,2.23897319e-04,1.28362133e-05,1.70007588e-05,5.30973118e-06,1.61148152e+00,4.99820008e-02,6.04612926e+03,2.03943861e+02,1.28206016e-03,4.52464991e-05,0.00000000e+00,0.00000000e+00,0.00000000e+00,0.00000000e+00
6.63500000e+01,1.06311863e-03,3.89271020e-05,0.00000000e+00,0.00000000e+00,2.30263739e-04,1.35954182e-05,1.70093666e-05,5.30917566e-06,1.60507169e+00,4.91028013e-02,6.06178242e+03,2.14173610e+02,1.29221132e-03,4.81583774e-05,0.00000000e+00,0.00000000e+00,6.68360000e+00,9.89412359e-02
6.64500000e+01,1.06933051e-03,3.76448415e-05,0.00000000e+00,0.00000000e+00,2.35335165e-04,1.41643021e-05,1.70101646e-05,5.30912487e-06,1.61881213e+00,5.01664314e-02,6.10077961e+03,2.09646644e+02,1.30349049e-03,4.58991462e-05,0.00000000e+00,0.00000000e+00,0.00000000e+00,0.00000000e+00
6.65500000e+01,1.06505605e-03,3.85974743e-05,0.00000000e+00,0.00000000e+00,2.41533283e-04,1.86877883e-05,1.70101646e-05,5.30912487e-06,1.61348109e+00,5.12701905e-02,6.08243837e+03,2.14893103e+02,1.30541548e-03,4.69174762e-05,0.00000000e+00,0.00000000e+00,6.67020000e+00,9.78993611e-02
6.66500000e+01,1.05238784e-03,3.50664874e-05,0.00000000e+00,0.00000000e+00,2.44829416e-04,1.93178769e-05,1.70101646e-05,5.30912487e-06,1.60685548e+00,4.79761791e-02,6.01823585e+03,1.99140199e+02,1.29604456e-03,4.40633233e-05,0.00000000e+00,0.00000000e+00,0.00000000e+00,0.00000000e+00
6.67500000e+01,1.04434625e-03,3.61252279e-05,0.00000000e+00,0.00000000e+00,2.49092846e-04,2.30910260e-05,1.70101646e-05,5.30912487e-06,1.59970894e+00,5.04434834e-02,5.98042063e+03,2.04586746e+02,1.29225293e-03,4.65533599e-05,0.00000000e+00,0.00000000e+00,6.65600000e+00,9.79154154e-02
6.68500000e+01,1.05022783e-03,3.24352157e-05,0.00000000e+00,0.00000000e+00,2.50809940e-04,3.02653320e-05,1.70101646e-05,5.30912487e-06,1.60506369e+00,4.80545514e-02,6.00904053e+03,1.86967941e+02,1.29984039e-03,4.60215048e-05,0.00000000e+00,0.00000000e+00,0.00000000e+00,0.00000000e+00
6.69500000e+01,1.04423254e-03,3.35429055e-05,0.00000000e+00,0.00000000e+00,2.45910725e-04,2.82351065e-05,1.69908863e-05,5.30567417e-06,1.59728239e+00,4.79419801e-02,5.98105986e+03,1.90707347e+02,1.28894377e-03,4.48220038e-05,0.00000000e+00,0.00000000e+00,6.64220000e+00,9.98134137e-02
6.70500000e+01,1.03303441e-03,3.29565042e-05,0.00000000e+00,0.00000000e+00,2.43069730e-04,2.65474446e-05,1.69629602e-05,5.29947413e-06,1.59381519e+00,4.89675685e-02,5.94491073e+03,1.90978152e+02,1.27488374e-03,4.22168048e-05,0.00000000e+00,0.00000000e+00,0.00000000e+00,0.00000000e+00
6.71500000e+01,1.03239094e-03,3.16291944e-05,0.00000000e+00,0.00000000e+00,2.27974727e-04,1.40040247e-05,1.69758671e-05,5.29866055e-06,1.59460739e+00,4.88612064e-02,5.93909638e+03,1.86812667e+02,1.25909495e-03,3.77562305e-05,0.00000000e+00,0.00000000e+00,6.64780000e+00,1.01361060e-01
6.72500000e+01,1.03523391e-03,3.21794111e-05,0.00000000e+00,0.00000000e+00,2.41184268e-04,2.09480407e-05,1.69758671e-05,5.29866055e-06,1.59033848e+00,4.88826600e-02,5.94785998e+03,1.87184241e+02,1.27499044e-03,4.17073791e-05,0.00000000e+00,0.00000000e+00,0.00000000e+00,0.00000000e+00
6.73500000e+01,1.03817468e-03,3.41389171e-05,0.00000000e+00,0.00000000e+00,2.32897022e-04,1.84288793e-05,1.69758671e-05,5.29866055e-06,1.59174212e+00,5.03850865e-02,5.97485832e+03,1.96777739e+02,1.26958101e-03,4.26370498e-05,0.00000000e+00,0.00000000e+00,6.64400000e+00,1.01407241e-01
6.74500000e+01,1.03150728e-03,3.47255042e-05,0.00000000e+00,0.00000000e+00,2.37739397e-04,2.32322041e-05,1.69840531e-05,5.30209168e-06,1.56741661e+00,4.88277219e-02,5.92681335e+03,2.02784903e+02,1.26774045e-03,4.40958688e-05,0.00000000e+00,0.00000000e+00,0.00000000e+00,0.00000000e+00
6.75500000e+01,1.01844004e-03,3.32408306e-05,0.00000000e+00,0.00000000e+00,2.56820709e-04,3.13161740e-05,1.69843712e-05,5.30222526e-06,1.56816740e+00,4.97529935e-02,5.85956036e+03,1.92410116e+02,1.27375448e-03,4.58108602e-05,0.00000000e+00,0.00000000e+00,6.63200000e+00,1.01323487e-01
6.76500000e+01,1.02297512e-03,3.34806856e-05,0.00000000e+00,0.00000000e+00,2.60900193e-04,3.24800253e-05,1.69843712e-05,5.30222526e-06,1.57428362e+00,5.05923424e-02,5.88726977e+03,1.91725589e+02,1.28236900e-03,4.90101419e-05,0.00000000e+00,0.00000000e+00,0.00000000e+00,0.00000000e+00
6.77500000e+01,1.02320101e-03,3.42076106e-05,0.00000000e+00,0.00000000e+00,2.33162768e-04,2.03827553e-05,1.69843712e-05,5.30222526e-06,1.57506845e+00,4.95319372e-02,5.88434374e+03,1.94136957e+02,1.25485713e-03,4.49061018e-05,0.00000000e+00,0.00000000e+00,6.60780000e+00,1.02327721e-01
6.78500000e+01,1.00866031e-03,3.38508189e-05,0.00000000e+00,0.00000000e+00,2.55697092e-04,2.56323318e-05,1.69843712e-05,5.30222526e-06,1.56482351e+00,4.91794273e-02,5.81084214e+03,1.90518099e+02,1.26283080e-03,4.64545292e-05,0.00000000e+00,0.00000000e+00,0.00000000e+00,0.00000000e+00
6.79500000e+01,1.01206516e-03,3.36521615e-05,0.00000000e+00,0.00000000e+00,2.59222726e-04,2.78733999e-05,1.69843712e-05,5.30222526e-06,1.56613389e+00,4.74618982e-02,5.80936919e+03,1.87208369e+02,1.26967581e-03,4.77977827e-05,0.00000000e+00,0.00000000e+00,6.60300000e+00,1.03095854e-01
6.80500000e+01,1.00451937e-03,3.42519888e-05,0.00000000e+00,0.00000000e+00,2.47311692e-04,2.42161327e-05,1.69843712e-05,5.30222526e-06,1.55241958e+00,4.69983442e-02,5.76552968e+03,1.89691519e+02,1.25021621e-03,4.80579364e-05,0.00000000e+00,0.00000000e+00,0.00000000e+00,0.00000000e+00
6.81500000e+01,1.00670418e-03,3.42626809e-05,0.00000000e+00,0.00000000e+00,2.54937397e-04,2.61716930e-05,1.69843712e-05,5.30222526e-06,1.55757920e+00,4.82554369e-02,5.78031456e+03,1.91384370e+02,1.26002175e-03,4.87913273e-05,0.00000000e+00,0.00000000e+00,6.58080000e+00,1.03018065e-01
6.82500000e+01,1.01286134e-03,3.58729387e-05,0.00000000e+00,0.00000000e+00,2.46677526e-04,2.37658829e-05,1.69843712e-05,5.30222526e-06,1.56907431e+00,5.02961694e-02,5.81292781e+03,2.01654735e+02,1.25791558e-03,4.82870103e-05,0.00000000e+00,0.00000000e+00,0.00000000e+00,0.00000000e+00
6.83500000e+01,1.01853650e-03,3.69505963e-05,0.00000000e+00,0.00000000e+00,2.31431919e-04,1.96265733e-05,1.69843712e-05,5.30222526e-06,1.56398088e+00,5.06042309e-02,5.84871724e+03,2.06675679e+02,1.24867012e-03,4.75286145e-05,0.00000000e+00,0.00000000e+00,6.58640000e+00,1.03251134e-01
6.84500000e+01,1.01470897e-03,3.77471199e-05,0.00000000e+00,0.00000000e+00,2.15538817e-04,1.47725636e-05,1.71394444e-05,5.29434958e-06,1.56311394e+00,5.02284453e-02,5.84315495e+03,2.09552324e+02,1.22894789e-03,4.60307995e-05,0.00000000e+00,0.00000000e+00,0.00000000e+00,0.00000000e+00
6.85500000e+01,1.00577432e-03,3.76057999e-05,0.00000000e+00,0.00000000e+00,2.33587471e-04,2.35111594e-05,1.73819828e-05,5.29112914e-06,1.54902922e+00,5.22148227e-02,5.79891567e+03,2.10195525e+02,1.23803263e-03,4.87561097e-05,0.00000000e+00,0.00000000e+00,6.57400000e+00,1.02707828e-01
6.86500000e+01,1.00611812e-03,3.53021990e-05,0.00000000e+00,0.00000000e+00,2.47396236e-04,3.84460860e-05,1.73819828e-05,5.29112914e-06,1.55955755e+00,5.20131141e-02,5.79749269e+03,2.01027423e+02,1.25219244e-03,5.52593742e-05,0.00000000e+00,0.00000000e+00,0.00000000e+00,0.00000000e+00
6.87500000e+01,9.95907718e-04,3.58279412e-05,0.00000000e+00,0.00000000e+00,2.45490688e-04,3.16127143e-05,1.73819828e-05,5.29112914e-06,1.54313389e+00,5.11240171e-02,5.74043428e+03,2.02148295e+02,1.24008059e-03,5.43383019e-05,0.00000000e+00,0.00000000e+00,6.56980000e+00,1.03320974e-01
6.88500000e+01,9.84212873e-04,3.49034412e-05,0.00000000e+00,0.00000000e+00,2.19524384e-04,2.13896231e-05,1.73819828e-05,5.29112914e-06,1.53072513e+00,4.90954870e-02,5.68285756e+03,1.96154592e+02,1.20241956e-03,4.71880954e-05,0.00000000e+00,0.00000000e+00,0.00000000e+00,0.00000000e+00
6.89500000e+01,9.85910197e-04,3.45150904e-05,0.00000000e+00,0.00000000e+00,2.44453865e-04,4.07484960e-05,2.20451057e-05,7.92989985e-06,1.53623520e+00,5.01731834e-02,5.71023467e+03,1.96960362e+02,1.22889258e-03,5.66919261e-05,0.00000000e+00,0.00000000e+00,6.54980000e+00,1.01072813e-01
6.90500000e+01,9.85616766e-04,3.57149191e-05,0.00000000e+00,0.00000000e+00,2.33953077e-04,2.93831824e-05,2.28249558e-05,8.48163566e-06,1.53328078e+00,5.14819174e-02,5.70956031e+03,2.04650050e+02,1.21800839e-03,5.21206670e-05,0.00000000e+00,0.00000000e+00,0.00000000e+00,0.00000000e+00
6.91500000e+01,9.88258538e-04,3.54355409e-05,0.00000000e+00,0.00000000e+00,2.04811568e-04,1.51327439e-05,2.28589249e-05,8.48012955e-06,1.54206141e+00,5.00232813e-02,5.73480300e+03,2.00577582e+02,1.19148896e-03,4.67548472e-05,0.00000000e+00,0.00000000e+00,6.54020000e+00,1.02046604e-01
6.92500000e+01,1.01027852e-03,3.57059388e-05,0.00000000e+00,0.00000000e+00,2.05461185e-04,1.41434955e-05,2.28645776e-05,8.48069578e-06,1.55117993e+00,4.82961437e-02,5.85999861e+03,1.98641316e+02,1.21406723e-03,4.50738605e-05,0.00000000e+00,0.00000000e+00,0.00000000e+00,0.00000000e+00
6.93500000e+01,1.00310846e-03,3.60476906e-05,0.00000000e+00,0.00000000e+00,1.97998138e-04,1.25519935e-05,2.28659123e-05,8.48081994e-06,1.54762188e+00,5.21498023e-02,5.81860378e+03,2.05198136e+02,1.19941407e-03,4.34795483e-05,0.00000000e+00,0.00000000e+00,6.52100000e+00,1.01507112e-01
6.94500000e+01,9.82466020e-04,3.60333360e-05,0.00000000e+00,0.00000000e+00,2.02863202e-04,1.37485991e-05,2.25426557e-05,8.37142772e-06,1.52717707e+00,5.26117775e-02,5.70731729e+03,2.07286145e+02,1.18364478e-03,4.36688391e-05,0.00000000e+00,0.00000000e+00,0.00000000e+00,0.00000000e+00
6.95500000e+01,9.72020042e-04,3.55245636e-05,0.00000000e+00,0.00000000e+00,3.29951349e-04,1.08287439e-04,2.15620237e-05,8.10968415e-06,1.52568668e+00,5.06144684e-02,5.66355172e+03,2.03094176e+02,1.30031059e-03,1.13244826e-04,0.00000000e+00,0.00000000e+00,6.49940000e+00,1.04196208e-01
6.96500000e+01,9.67193128e-04,3.52248120e-05,0.00000000e+00,0.00000000e+00,2.40458924e-04,2.41544128e-05,2.15620237e-05,8.10968415e-06,1.52521958e+00,5.03793799e-02,5.62907196e+03,2.02010396e+02,1.20599089e-03,4.81972539e-05,0.00000000e+00,0.00000000e+00,0.00000000e+00,0.00000000e+00
6.97500000e+01,9.78692257e-04,3.69807839e-05,0.00000000e+00,0.00000000e+00,2.25102300e-04,1.91028818e-05,2.13442195e-05,8.09075564e-06,1.52386453e+00,5.02520751e-02,5.69385694e+03,2.08720156e+02,1.20208765e-03,4.59155786e-05,0.00000000e+00,0.00000000e+00,6.49220000e+00,1.02101706e-01
6.98500000e+01,9.85029548e-04,3.72658685e-05,0.00000000e+00,0.00000000e+00,2.36966930e-04,2.20787644e-05,2.06561900e-05,8.06937908e-06,1.52403007e+00,5.07394120e-02,5.72978384e+03,2.13156975e+02,1.22023395e-03,4.90352807e-05,0.00000000e+00,0.00000000e+00,0.00000000e+00,0.00000000e+00
6.99500000e+01,9.63236980e-04,3.32604253e-05,0.00000000e+00,0.00000000e+00,2.32589368e-04,2.35995706e-05,2.24392919e-05,8.16698497e-06,1.51341287e+00,4.82647051e-02,5.63097549e+03,1.91150524e+02,1.19397093e-03,4.77582788e-05,0.00000000e+00,0.00000000e+00,6.47100000e+00,1.00777893e-01
7.00500000e+01,9.75395446e-04,3.53723495e-05,0.00000000e+00,0.00000000e+00,2.38297130e-04,2.62643379e-05,3.24361393e-05,1.62619465e-05,1.50845589e+00,4.60832911e-02,5.68790771e+03,1.92807568e+02,1.21156705e-03,4.87650627e-05,0.00000000e+00,0.00000000e+00,0.00000000e+00,0.00000000e+00
7.01500000e+01,9.54775286e-04,3.18553613e-05,0.00000000e+00,0.00000000e+00,2.19279212e-04,2.11348086e-05,4.01611849e-05,2.37229634e-05,1.50030595e+00,4.66706978e-02,5.59111705e+03,1.81050100e+02,1.17173483e-03,4.31838334e-05,0.00000000e+00,0.00000000e+00,6.46060000e+00,9.94320237e-02
7.02500000e+01,9.35613839e-04,3.21802431e-05,0.00000000e+00,0.00000000e+00,2.14900214e-04,2.22156334e-05,4.33141120e-05,2.69212832e-05,1.48327767e+00,4.68006176e-02,5.49042757e+03,1.83562367e+02,1.14811452e-03,4.52057172e-05,0.00000000e+00,0.00000000e+00,0.00000000e+00,0.00000000e+00
7.03500000e+01,9.34853494e-04,3.33065620e-05,0.00000000e+00,0.00000000e+00,2.18036091e-04,2.03680018e-05,1.65427727e-05,5.11148665e-06,1.48818452e+00,4.79535044e-02,5.48200146e+03,1.91611326e+02,1.15111012e-03,4.61868540e-05,0.00000000e+00,0.00000000e+00,6.44860000e+00,1.00934414e-01
7.04500000e+01,9.41757236e-04,3.31663361e-05,0.00000000e+00,0.00000000e+00,2.19035947e-04,2.08862613e-05,1.65427727e-05,5.11148665e-06,1.49339982e+00,4.84710841e-02,5.51324009e+03,1.91264563e+02,1.15901364e-03,4.71458248e-05,0.00000000e+00,0.00000000e+00,0.00000000e+00,0.00000000e+00
7.05500000e+01,9.41546613e-04,3.44549635e-05,0.00000000e+00,0.00000000e+00,2.00299927e-04,1.48774875e-05,1.78714768e-05,5.28712063e-06,1.49128763e+00,4.80583286e-02,5.51519471e+03,1.99823346e+02,1.13990431e-03,4.36926319e-05,0.00000000e+00,0.00000000e+00,6.42700000e+00,9.99372252e-02
7.06500000e+01,9.39505586e-04,3.62848533e-05,0.00000000e+00,0.00000000e+00,1.98429657e-04,1.50940900e-05,1.92110934e-05,5.77663569e-06,1.48103656e+00,4.89813983e-02,5.49946036e+03,2.09843302e+02,1.13580791e-03,4.55498490e-05,0.00000000e+00,0.00000000e+00,0.00000000e+00,0.00000000e+00
7.07500000e+01,9.42083550e-04,3.31392117e-05,0.00000000e+00,0.00000000e+00,1.92484956e-04,1.32327052e-05,1.81947031e-05,5.37868903e-06,1.48275708e+00,4.84860084e-02,5.51049919e+03,1.93482540e+02,1.13260559e-03,4.20138283e-05,0.00000000e+00,0.00000000e+00,6.41300000e+00,1.00541493e-01
7.08500000e+01,9.25370358e-04,3.20769415e-05,0.00000000e+00,0.00000000e+00,1.93182019e-04,1.60612122e-05,1.66224354e-05,5.11242189e-06,1.47836902e+00,4.86918888e-02,5.42616236e+03,1.85268186e+02,1.11680749e-03,4.15770918e-05,0.00000000e+00,0.00000000e+00,0.00000000e+00,0.00000000e+00
7.09500000e+01,9.20757431e-04,3.18723242e-05,0.00000000e+00,0.00000000e+00,1.96982521e-04,1.68375271e-05,1.65742088e-05,5.11168654e-06,1.46911373e+00,4.72898130e-02,5.40998880e+03,1.82150126e+02,1.11600726e-03,4.16060698e-05,0.00000000e+00,0.00000000e+00,6.40260000e+00,9.99243837e-02
7.10500000e+01,9.22175192e-04,3.10323416e-05,0.00000000e+00,0.00000000e+00,2.09184295e-04,1.77850108e-05,1.65742088e-05,5.11168654e-06,1.46892819e+00,4.77008421e-02,5.41436579e+03,1.81703212e+02,1.12958728e-03,4.24017855e-05,0.00000000e+00,0.00000000e+00,0.00000000e+00,0.00000000e+00
7.11500000e+01,9.13914597e-04,3.08765056e-05,0.00000000e+00,0.00000000e+00,1.98028888e-04,1.64146083e-05,1.65729536e-05,5.11146129e-06,1.46240085e+00,4.82008763e-02,5.37713699e+03,1.82165191e+02,1.11017237e-03,4.22007340e-05,0.00000000e+00,0.00000000e+00,6.40780000e+00,9.80080338e-02
7.12500000e+01,9.07462071e-04,3.15378023e-05,0.00000000e+00,0.00000000e+00,1.91813794e-04,1.58821074e-05,1.65713245e-05,5.11116984e-06,1.45721645e+00,4.78430073e-02,5.34989816e+03,1.83922082e+02,1.09754632e-03,4.26806587e-05,0.00000000e+00,0.00000000e+00,0.00000000e+00,0.00000000e+00
7.13500000e+01,9.16081024e-04,3.38012969e-05,0.00000000e+00,0.00000000e+00,1.93345925e-04,1.65848051e-05,1.65734853e-05,5.11156157e-06,1.47184420e+00,5.10354235e-02,5.39258692e+03,1.98036186e+02,1.10769967e-03,4.49464315e-05,0.00000000e+00,0.00000000e+00,6.39460000e+00,9.80396463e-02
7.14500000e+01,9.17207503e-04,3.22897155e-05,0.00000000e+00,0.00000000e+00,1.95420484e-04,1.66652811e-05,1.65734853e-05,5.11156157e-06,1.46212725e+00,4.77974858e-02,5.39198701e+03,1.88180183e+02,1.11089512e-03,4.39049423e-05,0.00000000e+00,0.00000000e+00,0.00000000e+00,0.00000000e+00
7.15500000e+01,9.22269059e-04,3.41963801e-05,0.00000000e+00,0.00000000e+00,1.95402570e-04,1.59260395e-05,1.65755525e-05,5.11202691e-06,1.47610825e+00,4.88137229e-02,5.43411211e+03,1.97525656e+02,1.11592269e-03,4.47531372e-05,0.00000000e+00,0.00000000e+00,6.37340000e+00,9.82161756e-02
7.16500000e+01,9.20111675e-04,3.36457905e-05,0.00000000e+00,0.00000000e+00,1.92904522e-04,1.61686882e-05,1.75198168e-05,5.15781213e-06,1.46619591e+00,4.75626144e-02,5.41903733e+03,1.93084182e+02,1.11076730e-03,4.37892254e-05,0.00000000e+00,0.00000000e+00,0.00000000e+00,0.00000000e+00
7.17500000e+01,9.08974902e-04,3.01309142e-05,0.00000000e+00,0.00000000e+00,2.18971188e-04,2.21122488e-05,2.26038192e-05,7.71489070e-06,1.45209828e+00,4.76882169e-02,5.36141890e+03,1.82565600e+02,1.12329146e-03,4.26296288e-05,0.00000000e+00,0.00000000e+00,6.37140000e+00,9.79125015e-02
7.18500000e+01,9.06869699e-04,3.07880765e-05,0.00000000e+00,0.00000000e+00,2.18250227e-04,2.45000340e-05,2.11736791e-05,6.70997529e-06,1.45840886e+00,4.94643949e-02,5.35296394e+03,1.86568651e+02,1.12113409e-03,4.40760748e-05,0.00000000e+00,0.00000000e+00,0.00000000e+00,0.00000000e+00
7.19500000e+01,9.18850912e-04,3.15086301e-05,0.00000000e+00,0.00000000e+00,2.76441049e-04,7.83984428e-05,1.74551542e-05,5.13777244e-06,1.46592553e+00,4.83174073e-02,5.40486444e+03,1.83551939e+02,1.19277862e-03,8.80280023e-05,0.00000000e+00,0.00000000e+00,6.36840000e+00,9.80426230e-02
7.20500000e+01,9.10342680e-04,2.99930498e-05,0.00000000e+00,0.00000000e+00,2.02011846e-04,1.58405645e-05,1.70189278e-05,5.08848761e-06,1.45396760e+00,4.74857356e-02,5.36384252e+03,1.78626963e+02,1.10998982e-03,3.93757707e-05,0.00000000e+00,0.00000000e+00,0.00000000e+00,0.00000000e+00
7.21500000e+01,9.05654467e-04,3.12269367e-05,0.00000000e+00,0.00000000e+00,2.03385768e-04,1.52545783e-05,1.49297684e-05,4.61018529e-06,1.44293546e+00,4.71224038e-02,5.32908923e+03,1.85167368e+02,1.10685721e-03,3.94696413e-05,0.00000000e+00,0.00000000e+00,6.36340000e+00,9.57072961e-02
7.22500000e+01,9.03169205e-04,3.20093964e-05,0.00000000e+00,0.00000000e+00,2.09605010e-04,1.64795864e-05,1.44036921e-05,4.39814429e-06,1.44367764e+00,4.75821401e-02,5.33447416e+03,1.90466942e+02,1.11057636e-03,4.19981349e-05,0.00000000e+00,0.00000000e+00,0.00000000e+00,0.00000000e+00
7.23500000e+01,9.06207274e-04,3.15451326e-05,0.00000000e+00,0.00000000e+00,2.14587717e-04,1.62018611e-05,1.44036921e-05,4.39814429e-06,1.45407020e+00,4.76456217e-02,5.36644401e+03,1.90608674e+02,1.11856940e-03,4.10653404e-05,0.00000000e+00,0.00000000e+00,6.36000000e+00,9.68929559e-02
7.24500000e+01,8.94784125e-04,3.21081810e-05,0.00000000e+00,0.00000000e+00,2.72818182e-04,7.09918884e-05,1.44173412e-05,4.39725313e-06,1.44497235e+00,4.96905118e-02,5.29977972e+03,1.91370791e+02,1.16533466e-03,7.95046193e-05,0.00000000e+00,0.00000000e+00,0.00000000e+00,0.00000000e+00
7.25500000e+01,8.89571218e-04,2.99633608e-05,0.00000000e+00,0.00000000e+00,2.90612794e-04,8.12740562e-05,1.44275501e-05,4.39661416e-06,1.43975946e+00,4.54574545e-02,5.27007927e+03,1.81135724e+02,1.17787699e-03,8.78823281e-05,0.00000000e+00,0.00000000e+00,6.33760000e+00,9.62558495e-02
7.26500000e+01,8.86828280e-04,3.12437343e-05,0.00000000e+00,0.00000000e+00,2.90356117e-04,8.11661830e-05,1.44275501e-05,4.39661416e-06,1.43645448e+00,4.71256429e-02,5.26688920e+03,1.87862191e+02,1.17487717e-03,9.09217078e-05,0.00000000e+00,0.00000000e+00,0.00000000e+00,0.00000000e+00
7.27500000e+01,8.83531058e-04,3.21448919e-05,0.00000000e+00,0.00000000e+00,2.85520622e-04,6.29166247e-05,1.44275501e-05,4.39661416e-06,1.42783915e+00,4.83048185e-02,5.24760534e+03,1.93797497e+02,1.16673996e-03,7.43989276e-05,0.00000000e+00,0.00000000e+00,6.32520000e+00,9.62485049e-02
7.28500000e+01,8.69717229e-04,3.20071698e-05,0.00000000e+00,0.00000000e+00,2.15873553e-04,1.53334288e-05,1.44291596e-05,4.39650667e-06,1.42169117e+00,4.72837331e-02,5.19081631e+03,1.90210386e+02,1.08322235e-03,4.08021370e-05,0.00000000e+00,0.00000000e+00,0.00000000e+00,0.00000000e+00
7.29500000e+01,8.84393562e-04,3.54392568e-05,0.00000000e+00,0.00000000e+00,2.15105882e-04,2.10608856e-05,1.44444514e-05,4.39976894e-06,1.42300449e+00,4.95548847e-02,5.28505221e+03,2.07002769e+02,1.09389638e-03,4.38761519e-05,0.00000000e+00,0.00000000e+00,6.29340000e+00,9.71914206e-02
7.30500000e+01,8.71891229e-04,3.28588372e-05,0.00000000e+00,0.00000000e+00,2.10040009e-04,1.75447539e-05,1.41305118e-05,4.27777930e-06,1.42561215e+00,5.08447400e-02,5.20586340e+03,1.97266727e+02,1.07917828e-03,4.17287225e-05,0.00000000e+00,0.00000000e+00,0.00000000e+00,0.00000000e+00
7.31500000e+01,8.60777364e-04,3.17976618e-05,0.00000000e+00,0.00000000e+00,1.95239541e-04,1.64247005e-05,1.35863206e-05,4.15805787e-06,1.41092792e+00,4.95973261e-02,5.13995554e+03,1.92743876e+02,1.05324044e-03,4.11419850e-05,0.00000000e+00,0.00000000e+00,6.28560000e+00,9.67231100e-02
7.32500000e+01,8.61224645e-04,3.11862027e-05,0.00000000e+00,0.00000000e+00,2.01594820e-04,1.86584655e-05,1.29764040e-05,4.15200040e-06,1.40535020e+00,4.76432433e-02,5.14852007e+03,1.88779475e+02,1.06007640e-03,4.12362700e-05,0.00000000e+00,0.00000000e+00,0.00000000e+00,0.00000000e+00
7.33500000e+01,8.54529462e-04,2.89086917e-05,0.00000000e+00,0.00000000e+00,1.86897515e-04,1.32363252e-05,1.29779959e-05,4.15186105e-06,1.41847675e+00,4.81582518e-02,5.12369716e+03,1.80900790e+02,1.03868943e-03,3.74742177e-05,0.00000000e+00,0.00000000e+00,6.27360000e+00,9.64423313e-02
7.34500000e+01,8.56622766e-04,3.04980790e-05,0.00000000e+00,0.00000000e+00,1.81924805e-04,1.20433782e-05,1.29724925e-05,4.15218349e-06,1.41358198e+00,4.87477731e-02,5.12859472e+03,1.86486068e+02,1.03587306e-03,3.68838913e-05,0.00000000e+00,0.00000000e+00,0.00000000e+00,0.00000000e+00
7.35500000e+01,8.44783940e-04,3.16900705e-05,0.00000000e+00,0.00000000e+00,1.72870613e-04,1.37275655e-05,1.29711724e-05,4.15226191e-06,1.39990593e+00,5.09231245e-02,5.07454884e+03,1.92130068e+02,1.01500518e-03,4.09556558e-05,0.00000000e+00,0.00000000e+00,6.25400000e+00,9.33061671e-02
7.36500000e+01,8.47294468e-04,3.07460732e-05,0.00000000e+00,0.00000000e+00,1.76320170e-04,1.45157346e-05,1.29711858e-05,4.15226525e-06,1.40964317e+00,5.12418016e-02,5.11688525e+03,1.91141561e+02,1.02086361e-03,4.01192529e-05,0.00000000e+00,0.00000000e+00,0.00000000e+00,0.00000000e+00
7.37500000e+01,8.54023626e-04,3.26184712e-05,0.00000000e+00,0.00000000e+00,1.89589923e-04,1.85881847e-05,1.29711879e-05,4.15226578e-06,1.40779704e+00,5.01152296e-02,5.17176299e+03,2.00812197e+02,1.04054294e-03,4.31414454e-05,0.00000000e+00,0.00000000e+00,6.23400000e+00,9.37234316e-02
7.38500000e+01,8.41311394e-04,2.93042732e-05,0.00000000e+00,0.00000000e+00,1.83022341e-04,2.01114119e-05,1.28125737e-05,4.12276038e-06,1.39409080e+00,4.87496125e-02,5.09785780e+03,1.83429989e+02,1.02132833e-03,4.14214282e-05,0.00000000e+00,0.00000000e+00,0.00000000e+00,0.00000000e+00
7.39500000e+01,8.45564804e-04,3.16122492e-05,0.00000000e+00,0.00000000e+00,1.70753131e-04,1.50115484e-05,1.25146878e-05,4.08345401e-06,1.40275146e+00,5.14561730e-02,5.14351770e+03,2.01165504e+02,1.01332396e-03,4.11055094e-05,0.00000000e+00,0.00000000e+00,6.22620000e+00,9.45493673e-02
7.40500000e+01,8.50379512e-04,3.22248532e-05,0.00000000e+00,0.00000000e+00,1.72746431e-04,1.44978542e-05,1.25146878e-05,4.08345401e-06,1.40065590e+00,4.96041979e-02,5.13965358e+03,1.97599208e+02,1.02025140e-03,4.23189372e-05,0.00000000e+00,0.00000000e+00,0.00000000e+00,0.00000000e+00
7.41500000e+01,8.56407112e-04,3.63168417e-05,0.00000000e+00,0.00000000e+00,1.71451403e-04,1.71201099e-05,1.25146878e-05,4.08345401e-06,1.41052208e+00,5.11599011e-02,5.17875152e+03,2.18630677e+02,1.02512190e-03,5.11962460e-05,0.00000000e+00,0.00000000e+00,6.21320000e+00,9.43490869e-02
7.42500000e+01,8.48890326e-04,3.29525558e-05,0.00000000e+00,0.00000000e+00,1.61187923e-04,1.06234815e-05,1.25146878e-05,4.08345401e-06,1.40319498e+00,4.72977269e-02,5.14556467e+03,2.00258192e+02,1.00732609e-03,4.13943317e-05,0.00000000e+00,0.00000000e+00,0.00000000e+00,0.00000000e+00
7.43500000e+01,8.37913278e-04,3.14115957e-05,0.00000000e+00,0.00000000e+00,1.58450605e-04,9.93120228e-06,1.25146878e-05,4.08345401e-06,1.39375690e+00,4.79303683e-02,5.09289721e+03,1.95404405e+02,9.93584707e-04,3.86034028e-05,0.00000000e+00,0.00000000e+00,6.21500000e+00,9.43139568e-02
7.44500000e+01,8.30416733e-04,3.08675234e-05,0.00000000e+00,0.00000000e+00,1.64066876e-04,1.07055912e-05,1.26636410e-05,4.12190918e-06,1.39220687e+00,4.82734420e-02,5.06456995e+03,1.91874961e+02,9.91787463e-04,3.83381766e-05,0.00000000e+00,0.00000000e+00,0.00000000e+00,0.00000000e+00
7.45500000e+01,8.31783657e-04,3.06213490e-05,0.00000000e+00,0.00000000e+00,1.60032879e-04,1.10746171e-05,1.26898678e-05,4.12919943e-06,1.39522108e+00,4.86685504e-02,5.05951669e+03,1.88132426e+02,9.89132975e-04,3.87028712e-05,0.00000000e+00,0.00000000e+00,6.21160000e+00,9.40539836e-02
7.46500000e+01,8.14666199e-04,3.11377205e-05,0.00000000e+00,0.00000000e+00,1.60431335e-04,1.11400914e-05,1.26898678e-05,4.12919943e-06,1.38006032e+00,4.90344119e-02,4.98016763e+03,1.93779373e+02,9.72386114e-04,3.94242740e-05,0.00000000e+00,0.00000000e+00,0.00000000e+00,0.00000000e+00
7.47500000e+01,8.15187013e-04,2.93614505e-05,0.00000000e+00,0.00000000e+00,1.65626731e-04,1.17896135e-05,1.26898678e-05,4.12919943e-06,1.37860841e+00,4.79156378e-02,4.98617713e+03,1.85937625e+02,9.78077681e-04,3.80520663e-05,0.00000000e+00,0.00000000e+00,6.19120000e+00,9.35777054e-02
7.48500000e+01,8.16166175e-04,2.90671209e-05,0.00000000e+00,0.00000000e+00,2.01728310e-04,2.23701777e-05,1.26898678e-05,4.12919943e-06,1.37926353e+00,4.80168601e-02,4.99623330e+03,1.84073092e+02,1.01515164e-03,4.25166070e-05,0.00000000e+00,0.00000000e+00,0.00000000e+00,0.00000000e+00
7.49500000e+01,8.15003805e-04,2.79337902e-05,0.00000000e+00,0.00000000e+00,1.90796923e-04,1.59138166e-05,1.19744145e-05,4.00223411e-06,1.37809646e+00,4.73990025e-02,4.98556256e+03,1.78665952e+02,1.00306778e-03,3.84112606e-05,0.00000000e+00,0.00000000e+00,6.19820000e+00,9.47734958e-02
7.50500000e+01,8.05307646e-04,2.83016863e-05,0.00000000e+00,0.00000000e+00,1.90686747e-04,1.66596643e-05,1.13747862e-05,3.99241524e-06,1.37663247e+00,4.84874157e-02,4.96648530e+03,1.85036676e+02,9.93232324e-04,3.94284746e-05,0.00000000e+00,0.00000000e+00,0.00000000e+00,0.00000000e+00
7.51500000e+01,8.06622837e-04,2.84960665e-05,0.00000000e+00,0.00000000e+00,1.89230777e-04,1.70372899e-05,1.13698915e-05,3.99268146e-06,1.37852032e+00,5.07151888e-02,4.98286107e+03,1.88126462e+02,9.93070207e-04,3.61995784e-05,0.00000000e+00,0.00000000e+00,6.20600000e+00,9.57901618e-02
7.52500000e+01,7.87277452e-04,2.69767337e-05,0.00000000e+00,0.00000000e+00,2.42316679e-04,5.76577707e-05,1.13698915e-05,3.99268146e-06,1.35399262e+00,4.93261331e-02,4.86364309e+03,1.79254764e+02,1.02683832e-03,6.27495753e-05,0.00000000e+00,0.00000000e+00,0.00000000e+00,0.00000000e+00
7.53500000e+01,7.89101973e-04,2.60838502e-05,0.00000000e+00,0.00000000e+00,1.94512615e-04,3.54996181e-05,1.16611136e-05,4.08021342e-06,1.35247654e+00,4.86983327e-02,4.87238336e+03,1.72328368e+02,9.80821924e-04,4.45485293e-05,0.00000000e+00,0.00000000e+00,6.19940000e+00,9.28990719e-02
7.54500000e+01,8.04480375e-04,2.97883347e-05,0.00000000e+00,0.00000000e+00,1.71091731e-04,1.39375036e-05,3.07150049e-05,2.07721252e-05,1.36519262e+00,5.01006465e-02,4.96876584e+03,1.89464074e+02,9.70995165e-04,3.94886663e-05,0.00000000e+00,0.00000000e+00,0.00000000e+00,0.00000000e+00
7.55500000e+01,7.89105989e-04,2.83242401e-05,0.00000000e+00,0.00000000e+00,1.62420135e-04,1.14221539e-05,1.27520857e-05,4.54642437e-06,1.35387616e+00,5.01181712e-02,4.88230266e+03,1.84520262e+02,9.48412369e-04,3.58573451e-05,0.00000000e+00,0.00000000e+00,6.19060000e+00,9.16427892e-02
7.56500000e+01,7.85758532e-04,3.00341277e-05,0.00000000e+00,0.00000000e+00,1.58956747e-04,1.19123779e-05,1.28278405e-05,4.54375414e-06,1.34202529e+00,5.04554638e-02,4.86349260e+03,1.91937355e+02,9.41252213e-04,3.86081613e-05,0.00000000e+00,0.00000000e+00,0.00000000e+00,0.00000000e+00
7.57500000e+01,7.85754455e-04,3.06912840e-05,0.00000000e+00,0.00000000e+00,1.68172110e-04,1.82807743e-05,1.28341171e-05,4.54360031e-06,1.35438943e+00,5.26188274e-02,4.87411953e+03,1.95958047e+02,9.50451067e-04,4.59526254e-05,0.00000000e+00,0.00000000e+00,6.19040000e+00,9.09146090e-02
7.58500000e+01,7.83478010e-04,2.97182926e-05,0.00000000e+00,0.00000000e+00,1.74252930e-04,2.07780282e-05,1.20795935e-05,4.20848191e-06,1.36190807e+00,5.41322865e-02,4.88833140e+03,1.95634718e+02,9.54261580e-04,4.68490191e-05,0.00000000e+00,0.00000000e+00,0.00000000e+00,0.00000000e+00
7.59500000e+01,7.75128717e-04,3.06958545e-05,0.00000000e+00,0.00000000e+00,1.60777022e-04,1.29058997e-05,1.15765799e-05,4.05005379e-06,1.34353093e+00,5.34312308e-02,4.83354627e+03,2.00974901e+02,9.32630177e-04,4.13483945e-05,0.00000000e+00,0.00000000e+00,6.18160000e+00,9.04448688e-02
7.60500000e+01,7.84223722e-04,3.01984712e-05,0.00000000e+00,0.00000000e+00,1.59233819e-04,1.14149275e-05,1.15613751e-05,4.05060006e-06,1.35254785e+00,5.33480517e-02,4.87865647e+03,1.96571480e+02,9.40273286e-04,3.87013420e-05,0.00000000e+00,0.00000000e+00,0.00000000e+00,0.00000000e+00
7.61500000e+01,7.78465939e-04,2.87484545e-05,0.00000000e+00,0.00000000e+00,1.75654658e-04,1.32055668e-05,1.15613751e-05,4.05060006e-06,1.35061572e+00,5.22359886e-02,4.85471049e+03,1.89839189e+02,9.50806408e-04,3.82195275e-05,0.00000000e+00,0.00000000e+00,6.16280000e+00,9.06250585e-02
7.62500000e+01,7.69252291e-04,2.75730188e-05,0.00000000e+00,0.00000000e+00,1.66621227e-04,1.09333615e-05,1.15776544e-05,4.04853559e-06,1.34290612e+00,5.03819719e-02,4.81672559e+03,1.82547509e+02,9.32729048e-04,3.57557605e-05,0.00000000e+00,0.00000000e+00,0.00000000e+00,0.00000000e+00
7.63500000e+01,7.64756865e-04,2.65202324e-05,0.00000000e+00,0.00000000e+00,1.67408807e-04,1.29117944e-05,1.16358372e-05,4.04792710e-06,1.33601168e+00,4.82755065e-02,4.78941300e+03,1.76406414e+02,9.29244443e-04,3.45053203e-05,0.00000000e+00,0.00000000e+00,6.14900000e+00,9.12217527e-02
7.64500000e+01,7.61748292e-04,2.67161995e-05,0.00000000e+00,0.00000000e+00,1.64072889e-04,1.10556420e-05,1.16358372e-05,4.04792710e-06,1.32950382e+00,4.88013815e-02,4.76587767e+03,1.77767721e+02,9.22887115e-04,3.40584202e-05,0.00000000e+00,0.00000000e+00,0.00000000e+00,0.00000000e+00
7.65500000e+01,7.56527324e-04,2.66043572e-05,0.00000000e+00,0.00000000e+00,1.68271345e-04,1.04401555e-05,1.16358372e-05,4.04792710e-06,1.32630325e+00,4.90147550e-02,4.74017848e+03,1.77061804e+02,9.21798943e-04,3.37538417e-05,0.00000000e+00,0.00000000e+00,6.14500000e+00,9.27618192e-02
7.66500000e+01,7.61590110e-04,2.73492007e-05,0.00000000e+00,0.00000000e+00,1.97206906e-04,2.49392539e-05,1.16358372e-05,4.04792710e-06,1.33614892e+00,5.06330328e-02,4.77104123e+03,1.79463381e+02,9.55761520e-04,4.56520900e-05,0.00000000e+00,0.00000000e+00,0.00000000e+00,0.00000000e+00
7.67500000e+01,7.47689925e-04,2.66918541e-05,0.00000000e+00,0.00000000e+00,2.09636576e-04,3.73265611e-05,1.12728067e-05,3.96938394e-06,1.32942725e+00,4.99795055e-02,4.71346408e+03,1.77827018e+02,9.54296009e-04,5.32475034e-05,0.00000000e+00,0.00000000e+00,6.12600000e+00,9.26556055e-02
7.68500000e+01,7.46188884e-04,2.77867117e-05,0.00000000e+00,0.00000000e+00,1.92448852e-04,2.09152307e-05,1.03752920e-05,3.91542551e-06,1.31581937e+00,4.94356646e-02,4.70996806e+03,1.82081410e+02,9.35472756e-04,4.14770775e-05,0.00000000e+00,0.00000000e+00,0.00000000e+00,0.00000000e+00
7.69500000e+01,7.48113819e-04,2.80758495e-05,0.00000000e+00,0.00000000e+00,1.79480361e-04,1.30675065e-05,1.03752920e-05,3.91542551e-06,1.31988458e+00,4.95610302e-02,4.73376504e+03,1.85678088e+02,9.24153007e-04,3.61089981e-05,0.00000000e+00,0.00000000e+00,6.11600000e+00,9.13548810e-02
7.70500000e+01,7.38702939e-04,2.76534480e-05,0.00000000e+00,0.00000000e+00,1.67658683e-04,1.17176693e-05,1.04857883e-05,3.91100668e-06,1.30931496e+00,5.10536501e-02,4.69282200e+03,1.84806556e+02,9.02829133e-04,3.56391291e-05,0.00000000e+00,0.00000000e+00,0.00000000e+00,0.00000000e+00
7.71500000e+01,7.43377964e-04,2.95275292e-05,0.00000000e+00,0.00000000e+00,1.69382683e-04,1.17692840e-05,1.04996512e-05,3.91049886e-06,1.30981654e+00,5.44872625e-02,4.72449608e+03,1.97997121e+02,9.09174020e-04,3.78197011e-05,0.00000000e+00,0.00000000e+00,6.10300000e+00,9.30631780e-02
7.72500000e+01,7.33699505e-04,2.91714685e-05,0.00000000e+00,0.00000000e+00,1.63517232e-04,1.09636522e-05,1.05099461e-05,3.91003353e-06,1.29952986e+00,5.36544460e-02,4.67681799e+03,1.96813202e+02,8.93512390e-04,3.71073786e-05,0.00000000e+00,0.00000000e+00,0.00000000e+00,0.00000000e+00
7.73500000e+01,7.38365250e-04,2.92207986e-05,0.00000000e+00,0.00000000e+00,1.64096250e-04,1.11553895e-05,1.05143354e-05,3.91126038e-06,1.30061248e+00,5.28457674e-02,4.69479785e+03,1.96807873e+02,8.98681000e-04,3.65711507e-05,0.00000000e+00,0.00000000e+00,6.09360000e+00,9.46550170e-02
7.74500000e+01,7.40022082e-04,2.84144238e-05,0.00000000e+00,0.00000000e+00,1.49148073e-04,8.79923444e-06,1.15913096e-05,4.64265970e-06,1.30260326e+00,5.06226136e-02,4.70905503e+03,1.88512564e+02,8.85189128e-04,3.43599103e-05,0.00000000e+00,0.00000000e+00,0.00000000e+00,0.00000000e+00
7.75500000e+01,7.39582858e-04,2.69124549e-05,0.00000000e+00,0.00000000e+00,1.46555525e-04,8.06451149e-06,1.25143915e-05,5.16002342e-06,1.31255104e+00,5.01007165e-02,4.70809852e+03,1.79868328e+02,8.82091967e-04,3.21845568e-05,0.00000000e+00,0.00000000e+00,6.08360000e+00,9.55451640e-02
7.76500000e+01,7.40555018e-04,2.79411491e-05,0.00000000e+00,0.00000000e+00,1.53229613e-04,9.36087257e-06,1.20231837e-05,4.47848499e-06,1.31279138e+00,5.06318421e-02,4.72354953e+03,1.84075901e+02,8.89688099e-04,3.39364047e-05,0.00000000e+00,0.00000000e+00,0.00000000e+00,0.00000000e+00
7.77500000e+01,7.33361458e-04,2.79702057e-05,0.00000000e+00,0.00000000e+00,1.55223246e-04,8.96583594e-06,1.07305669e-05,3.64695130e-06,1.30900223e+00,5.12825993e-02,4.69430794e+03,1.86980381e+02,8.84515715e-04,3.34725849e-05,0.00000000e+00,0.00000000e+00,6.06940000e+00,9.50816663e-02
7.78500000e+01,7.34665062e-04,2.54904631e-05,0.00000000e+00,0.00000000e+00,2.75186946e-04,1.08634659e-04,1.07305669e-05,3.64695130e-06,1.31659262e+00,5.11544857e-02,4.71245359e+03,1.78362694e+02,1.00573375e-03,1.10855522e-04,0.00000000e+00,0.00000000e+00,0.00000000e+00,0.00000000e+00
7.79500000e+01,7.23068923e-04,2.52156390e-05,0.00000000e+00,0.00000000e+00,1.89836375e-04,2.22904033e-05,1.07305669e-05,3.64695130e-06,1.30917666e+00,5.16898569e-02,4.66969665e+03,1.80657689e+02,9.08925969e-04,3.95732233e-05,0.00000000e+00,0.00000000e+00,6.06000000e+00,9.27075718e-02
7.80500000e+01,7.18561436e-04,2.56730934e-05,0.00000000e+00,0.00000000e+00,1.72425205e-04,1.30646843e-05,1.07374395e-05,3.64921822e-06,1.29181744e+00,5.08080423e-02,4.62052580e+03,1.79237600e+02,8.87018829e-04,3.33466114e-05,0.00000000e+00,0.00000000e+00,0.00000000e+00,0.00000000e+00
7.81500000e+01,7.12008099e-04,2.60350254e-05,0.00000000e+00,0.00000000e+00,1.65062804e-04,1.10392286e-05,1.10833787e-05,3.77774945e-06,1.28732809e+00,5.06921059e-02,4.61087638e+03,1.80995949e+02,8.72891277e-04,3.27177674e-05,0.00000000e+00,0.00000000e+00,6.05180000e+00,9.33112807e-02
7.82500000e+01,7.07193452e-04,2.73178444e-05,0.00000000e+00,0.00000000e+00,1.83565130e-04,1.79729973e-05,1.10833051e-05,3.77772946e-06,1.28900589e+00,5.22581596e-02,4.59857033e+03,1.90433180e+02,8.86547998e-04,3.62863497e-05,0.00000000e+00,0.00000000e+00,0.00000000e+00,0.00000000e+00
7.83500000e+01,7.13327210e-04,2.73508760e-05,0.00000000e+00,0.00000000e+00,1.91411646e-04,1.82752563e-05,1.11034522e-05,3.77656773e-06,1.29982815e+00,5.27622286e-02,4.63456987e+03,1.90592358e+02,9.00525766e-04,3.58211704e-05,0.00000000e+00,0.00000000e+00,6.05720000e+00,9.24501145e-02
7.84500000e+01,7.13512307e-04,2.63794910e-05,0.00000000e+00,0.00000000e+00,1.80299834e-04,1.49561901e-05,1.11054414e-05,3.77646860e-06,1.29452386e+00,5.08246056e-02,4.63460585e+03,1.83030744e+02,8.89510358e-04,3.39270299e-05,0.00000000e+00,0.00000000e+00,0.00000000e+00,0.00000000e+00
7.85500000e+01,7.03196713e-04,2.67612707e-05,0.00000000e+00,0.00000000e+00,1.75882946e-04,1.44464673e-05,1.11558826e-05,3.78203505e-06,1.30952414e+00,5.26164285e-02,4.64385888e+03,1.93148167e+02,8.74752163e-04,3.55830746e-05,0.00000000e+00,0.00000000e+00,6.04960000e+00,9.15712993e-02
7.86500000e+01,7.00690920e-04,2.76699968e-05,0.00000000e+00,0.00000000e+00,1.74626454e-04,1.37847796e-05,1.11560961e-05,3.78202361e-06,1.29340925e+00,5.25804623e-02,4.59145261e+03,1.92997468e+02,8.70966774e-04,3.58570725e-05,0.00000000e+00,0.00000000e+00,0.00000000e+00,0.00000000e+00
7.87500000e+01,7.05436726e-04,2.97177378e-05,0.00000000e+00,0.00000000e+00,1.81560235e-04,1.51398688e-05,1.11560961e-05,3.78202361e-06,1.30316337e+00,5.43093541e-02,4.64067357e+03,2.05458931e+02,8.82392821e-04,3.90040106e-05,0.00000000e+00,0.00000000e+00,6.02380000e+00,9.21143433e-02
7.88500000e+01,7.05228351e-04,2.81212145e-05,0.00000000e+00,0.00000000e+00,1.73102750e-04,1.26685218e-05,1.11664582e-05,3.78228262e-06,1.30264974e+00,5.30912771e-02,4.64195825e+03,1.95860597e+02,8.73458138e-04,3.63831317e-05,0.00000000e+00,0.00000000e+00,0.00000000e+00,0.00000000e+00
7.89500000e+01,7.00332898e-04,2.79110050e-05,0.00000000e+00,0.00000000e+00,1.71045578e-04,1.35399806e-05,1.11616654e-05,3.78290578e-06,1.28900177e+00,5.16726733e-02,4.59111984e+03,1.94426976e+02,8.66515946e-04,3.65785725e-05,0.00000000e+00,0.00000000e+00,6.02160000e+00,9.43122733e-02
7.90500000e+01,6.95054280e-04,2.83786027e-05,0.00000000e+00,0.00000000e+00,1.71172322e-04,1.38501168e-05,1.11562915e-05,3.78318844e-06,1.29224303e+00,5.21035728e-02,4.58368648e+03,1.93894175e+02,8.61395857e-04,3.84638130e-05,0.00000000e+00,0.00000000e+00,0.00000000e+00,0.00000000e+00
7.91500000e+01,6.83666562e-04,2.66349869e-05,0.00000000e+00,0.00000000e+00,1.70786661e-04,1.40113469e-05,1.11634027e-05,3.78274837e-06,1.28610714e+00,4.97351799e-02,4.53520928e+03,1.84351602e+02,8.49591069e-04,3.78130681e-05,0.00000000e+00,0.00000000e+00,6.01480000e+00,9.24219428e-02
7.92500000e+01,6.83828673e-04,2.79637043e-05,0.00000000e+00,0.00000000e+00,1.67438565e-04,1.39301218e-05,1.11874939e-05,3.78137073e-06,1.28429302e+00,5.09320179e-02,4.52689874e+03,1.85053873e+02,8.46199321e-04,3.92102824e-05,0.00000000e+00,0.00000000e+00,0.00000000e+00,0.00000000e+00
7.93500000e+01,6.86042776e-04,2.74931493e-05,0.00000000e+00,0.00000000e+00,2.01296949e-04,3.89842522e-05,1.11890422e-05,3.78128484e-06,1.28407377e+00,5.13623851e-02,4.53522742e+03,1.83611581e+02,8.82114102e-04,5.21564562e-05,0.00000000e+00,0.00000000e+00,5.98860000e+00,9.16127654e-02
7.94500000e+01,6.84565946e-04,2.83086410e-05,0.00000000e+00,0.00000000e+00,2.22199731e-04,5.74761634e-05,1.11890422e-05,3.78128484e-06,1.28601537e+00,5.15769827e-02,4.53043043e+03,1.86426461e+02,9.01512257e-04,6.72485175e-05,0.00000000e+00,0.00000000e+00,0.00000000e+00,0.00000000e+00
7.95500000e+01,6.73711183e-04,2.72168452e-05,0.00000000e+00,0.00000000e+00,1.76724143e-04,1.52972169e-05,1.12281095e-05,3.78581833e-06,1.27271144e+00,5.13774602e-02,4.48564670e+03,1.83939906e+02,8.45095659e-04,3.86258008e-05,0.00000000e+00,0.00000000e+00,5.97880000e+00,9.11561298e-02
7.96500000e+01,6.70211552e-04,2.57725624e-05,0.00000000e+00,0.00000000e+00,1.74835324e-04,1.68207964e-05,1.12568430e-05,3.78940624e-06,1.26767594e+00,4.92647397e-02,4.47856149e+03,1.76163727e+02,8.39717254e-04,3.82709539e-05,0.00000000e+00,0.00000000e+00,0.00000000e+00,0.00000000e+00
7.97500000e+01,6.67426255e-04,2.62631861e-05,0.00000000e+00,0.00000000e+00,1.74867912e-04,1.81712147e-05,1.12568430e-05,3.78940624e-06,1.26424052e+00,4.97546026e-02,4.46702338e+03,1.79796958e+02,8.37019925e-04,4.11513547e-05,0.00000000e+00,0.00000000e+00,5.97140000e+00,9.24487768e-02
7.98500000e+01,6.71006269e-04,2.73666144e-05,0.00000000e+00,0.00000000e+00,1.72685103e-04,1.84213566e-05,1.14002689e-05,3.78342064e-06,1.27124139e+00,5.28254171e-02,4.50986895e+03,1.87004359e+02,8.38391071e-04,4.27913071e-05,0.00000000e+00,0.00000000e+00,0.00000000e+00,0.00000000e+00
7.99500000e+01,6.74811784e-04,2.71394112e-05,2.39377726e-19,1.30851810e-20,1.64822245e-04,1.24907295e-05,1.16074810e-05,3.78396673e-06,1.27588692e+00,5.23950440e-02,4.55139706e+03,1.90180018e+02,8.34203056e-04,3.70749819e-05,6.03820570e-19,3.29488752e-20,5.97280000e+00,9.12203164e-02
8.00500000e+01,3.33657763e-04,1.38347253e-05,3.69611480e-03,1.64275336e-04,4.89495634e-03,2.64202506e-04,1.41174558e-05,3.10641281e-06,1.26181361e+00,5.37837131e-02,6.57187229e+05,2.91763932e+04,8.92736473e-03,4.23289159e-04,9.25035569e-03,4.11785590e-04,0.00000000e+00,0.00000000e+00
8.01500000e+01,3.26951273e-04,1.40645945e-05,3.64777671e-03,1.67216825e-04,4.65455284e-03,2.19849692e-04,1.59668289e-05,3.61739656e-06,1.24582871e+00,5.49768727e-02,6.48805634e+05,2.97267798e+04,8.63207333e-03,3.86407221e-04,9.13550834e-03,4.19002838e-04,5.96040000e+00,9.14812170e-02
8.02500000e+01,3.17564117e-04,1.27516148e-05,3.52424698e-03,1.50204042e-04,4.32363173e-03,1.82288756e-04,1.65104660e-05,3.86913928e-06,1.22950081e+00,5.16834184e-02,6.25673133e+05,2.65229746e+04,8.16827169e-03,3.38471081e-04,8.83222594e-03,3.77124166e-04,0.00000000e+00,0.00000000e+00
8.03500000e+01,3.15524344e-04,1.19362614e-05,3.50735213e-03,1.43490966e-04,4.21627505e-03,1.70028346e-04,1.69019380e-05,3.94620270e-06,1.23480089e+00,5.08177728e-02,6.23184424e+05,2.52826604e+04,8.04254024e-03,3.17333345e-04,8.79595895e-03,3.61744362e-04,5.96160000e+00,9.21442348e-02
8.04500000e+01,3.16883496e-04,1.20549829e-05,3.52768030e-03,1.44870203e-04,4.23352894e-03,1.72990092e-04,1.68918970e-05,3.96829093e-06,1.24320162e+00,5.18414562e-02,6.25329883e+05,2.54518401e+04,8.08153192e-03,3.22157399e-04,8.84719549e-03,3.65201851e-04,0.00000000e+00,0.00000000e+00
8.05500000e+01,3.09039189e-04,1.27263805e-05,3.47073505e-03,1.53435336e-04,4.15237434e-03,1.71469720e-04,1.68460751e-05,3.97233103e-06,1.22068563e+00,5.44681185e-02,6.15519601e+05,2.69416730e+04,7.93571192e-03,3.28781139e-04,8.70611833e-03,3.86200553e-04,5.94840000e+00,9.29728334e-02
8.06500000e+01,3.09089558e-04,1.30582392e-05,3.47400262e-03,1.55024814e-04,4.17356274e-03,1.72172378e-04,1.68911435e-05,3.96337230e-06,1.22687675e+00,5.35292427e-02,6.17217877e+05,2.71716611e+04,7.96017658e-03,3.29931229e-04,8.71435498e-03,3.90220232e-04,0.00000000e+00,0.00000000e+00
8.07500000e+01,3.06941130e-04,1.29805121e-05,3.46156144e-03,1.52736899e-04,4.19744313e-03,1.81422032e-04,1.68176426e-05,4.00362256e-06,1.23303107e+00,5.45099983e-02,6.14506196e+05,2.67766557e+04,7.96942605e-03,3.29637639e-04,8.68651165e-03,3.85370134e-04,5.93480000e+00,9.39523283e-02
8.08500000e+01,3.06483072e-04,1.31234093e-05,3.46232470e-03,1.53917572e-04,4.09192417e-03,1.71472466e-04,1.74962487e-05,4.19225210e-06,1.23096900e+00,5.51169583e-02,6.13171231e+05,2.70056260e+04,7.86439516e-03,3.26115509e-04,8.69198897e-03,3.89623517e-04,0.00000000e+00,0.00000000e+00
8.09500000e+01,3.03042878e-04,1.31912463e-05,3.41013448e-03,1.49050753e-04,4.06883388e-03,1.65845926e-04,1.76227652e-05,4.24965345e-06,1.21643127e+00,5.37184729e-02,6.04649654e+05,2.61373506e+04,7.78547847e-03,3.17038984e-04,8.55974992e-03,3.76695629e-04,5.93360000e+00,9.61910344e-02
8.10500000e+01,3.01129895e-04,1.31739086e-05,3.38463145e-03,1.47878545e-04,4.11581686e-03,1.88721979e-04,1.68019108e-05,4.09069467e-06,1.21531852e+00,5.38047660e-02,6.01320426e+05,2.59793869e+04,7.80510471e-03,3.36396633e-04,8.49941448e-03,3.73020544e-04,0.00000000e+00,0.00000000e+00
8.11500000e+01,3.01341847e-04,1.33510455e-05,3.37952372e-03,1.49377982e-04,4.03994344e-03,1.78326396e-04,1.66277798e-05,4.06914225e-06,1.21425945e+00,5.46980740e-02,5.99507122e+05,2.63308828e+04,7.72407029e-03,3.32536672e-04,8.48274361e-03,3.76399271e-04,5.93400000e+00,9.86335208e-02
8.12500000e+01,3.00942119e-04,1.25476624e-05,3.38466415e-03,1.42877733e-04,4.03604981e-03,1.72215170e-04,1.65540152e-05,4.06096846e-06,1.21484982e+00,5.26850133e-02,6.00336171e+05,2.53074204e+04,7.72503829e-03,3.19485318e-04,8.49655326e-03,3.60069919e-04,0.00000000e+00,0.00000000e+00
8.13500000e+01,3.03128627e-04,1.23466791e-05,3.44585719e-03,1.51623890e-04,4.04919652e-03,1.67151292e-04,1.86107736e-05,4.95533266e-06,1.22484563e+00,5.45255673e-02,6.11476516e+05,2.68037340e+04,7.80191659e-03,3.24407966e-04,8.65205140e-03,3.84468000e-04,5.93320000e+00,9.79039263e-02
8.14500000e+01,2.93233508e-04,1.20536155e-05,3.31722504e-03,1.44235643e-04,3.98290165e-03,1.72119976e-04,2.45266752e-05,6.95181032e-06,1.20822874e+00,5.31250661e-02,5.89014918e+05,2.54975582e+04,7.59726695e-03,3.15669924e-04,8.33883465e-03,3.65836985e-04,0.00000000e+00,0.00000000e+00
8.15500000e+01,2.90792950e-04,1.22167170e-05,3.29394067e-03,1.48873535e-04,3.85491462e-03,1.60687524e-04,2.60849286e-05,7.54611785e-06,1.20012108e+00,5.37536351e-02,5.85508928e+05,2.61952594e+04,7.44362275e-03,3.11893752e-04,8.28308740e-03,3.77675098e-04,5.91220000e+00,9.98559330e-02
8.16500000e+01,2.93762177e-04,1.26571297e-05,3.33498699e-03,1.63172960e-04,4.04000603e-03,2.07925169e-04,2.06324273e-05,5.31839962e-06,1.19951577e+00,5.37991860e-02,5.92681787e+05,2.88356943e+04,7.67258151e-03,3.49966843e-04,8.38264940e-03,4.11762996e-04,0.00000000e+00,0.00000000e+00
8.17500000e+01,2.89430015e-04,1.31158097e-05,3.27942980e-03,1.56462424e-04,3.94012980e-03,1.92872936e-04,2.13352577e-05,5.34212394e-06,1.19875373e+00,5.33100863e-02,5.82184006e+05,2.77663334e+04,7.51288783e-03,3.54150141e-04,8.24599710e-03,3.95192305e-04,5.90880000e+00,1.00707959e-01
8.18500000e+01,2.84085010e-04,1.21802944e-05,3.21974849e-03,1.39443041e-04,3.75591586e-03,1.73695874e-04,2.93996966e-05,8.78857842e-06,1.17943928e+00,4.99239651e-02,5.72226031e+05,2.48451410e+04,7.26428460e-03,3.18281004e-04,8.10799074e-03,3.51898078e-04,0.00000000e+00,0.00000000e+00
8.19500000e+01,2.84573787e-04,1.23114960e-05,3.23055478e-03,1.38724597e-04,3.76515050e-03,1.76189518e-04,2.81324792e-05,9.44276157e-06,1.19050783e+00,5.11699492e-02,5.73673846e+05,2.47696007e+04,7.28476828e-03,3.21276099e-04,8.13576348e-03,3.49969884e-04,5.90280000e+00,1.01185641e-01
8.20500000e+01,2.83677334e-04,1.24042194e-05,3.21865880e-03,1.39520897e-04,3.71447601e-03,1.82390236e-04,2.70588611e-05,9.05130739e-06,1.19496988e+00,5.26557094e-02,5.70724734e+05,2.46543677e+04,7.22103750e-03,3.17165213e-04,8.10755943e-03,3.51601596e-04,0.00000000e+00,0.00000000e+00
8.21500000e+01,2.81154985e-04,1.24924635e-05,3.19064244e-03,1.38772512e-04,3.61858974e-03,1.56666983e-04,2.53831058e-05,7.73323020e-06,1.19490742e+00,5.21120328e-02,5.66026042e+05,2.45911700e+04,7.09458319e-03,3.03476059e-04,8.03643223e-03,3.49959133e-04,5.88100000e+00,1.01720405e-01
8.22500000e+01,2.77700462e-04,1.21872792e-05,3.15474735e-03,1.36932641e-04,3.60372817e-03,1.49449427e-04,1.99510225e-05,5.21373737e-06,1.18680516e+00,5.22222779e-02,5.58869770e+05,2.42397852e+04,7.04041280e-03,2.92304489e-04,7.94404673e-03,3.45986100e-04,0.00000000e+00,0.00000000e+00
8.23500000e+01,2.78517879e-04,1.27405586e-05,3.15501183e-03,1.45943432e-04,3.62206862e-03,1.59678873e-04,1.99380949e-05,5.21232183e-06,1.18066351e+00,5.23489160e-02,5.57766605e+05,2.53537676e+04,7.05957322e-03,3.12378645e-04,7.93880732e-03,3.68272217e-04,5.86720000e+00,1.02421713e-01
8.24500000e+01,2.77703590e-04,1.24471447e-05,3.15451150e-03,1.42509856e-04,3.61015597e-03,1.57166365e-04,2.07555215e-05,5.26018038e-06,1.18153540e+00,5.25273527e-02,5.58673892e+05,2.49884305e+04,7.04643297e-03,3.05202017e-04,7.93923904e-03,3.60116341e-04,0.00000000e+00,0.00000000e+00
8.25500000e+01,2.79306077e-04,1.22795205e-05,3.19197146e-03,1.41983358e-04,3.68367602e-03,1.56413462e-04,2.03905602e-05,5.28543732e-06,1.19204228e+00,5.21346698e-02,5.65262057e+05,2.50094434e+04,7.15908181e-03,3.02355884e-04,8.03345603e-03,3.58936329e-04,5.86660000e+00,1.00719295e-01
8.26500000e+01,2.76733111e-04,1.26559406e-05,3.16425581e-03,1.47721982e-04,3.58531263e-03,1.62864908e-04,1.97334081e-05,5.22858483e-06,1.18502810e+00,5.36724125e-02,5.60859514e+05,2.60710718e+04,7.03058202e-03,3.17090282e-04,7.96646478e-03,3.73419403e-04,0.00000000e+00,0.00000000e+00
8.27500000e+01,2.71391266e-04,1.23554798e-05,3.10270923e-03,1.44177736e-04,3.51275055e-03,1.58691551e-04,1.83985919e-05,5.11183181e-06,1.17037087e+00,5.35184701e-02,5.49567730e+05,2.52752261e+04,6.89108315e-03,3.09248196e-04,7.81396192e-03,3.64676594e-04,5.86180000e+00,1.00811276e-01
8.28500000e+01,2.71324407e-04,1.23314251e-05,3.07560807e-03,1.42890765e-04,3.51750210e-03,1.62849588e-04,1.88349788e-05,5.29540437e-06,1.16803615e+00,5.16298113e-02,5.46202725e+05,2.49486165e+04,6.86853573e-03,3.11064378e-04,7.74663149e-03,3.61110800e-04,0.00000000e+00,0.00000000e+00
8.29500000e+01,2.71041703e-04,1.25088656e-05,3.11004750e-03,1.52461068e-04,3.53394311e-03,1.81325337e-04,1.90169026e-05,5.20513285e-06,1.17867292e+00,5.46331105e-02,5.51377394e+05,2.69667063e+04,6.91922339e-03,3.39039700e-04,7.83636214e-03,3.86821327e-04,5.85120000e+00,1.00215946e-01
8.30500000e+01,2.75710318e-04,1.24156798e-05,3.14587787e-03,1.49074409e-04,3.49460222e-03,1.75134814e-04,1.91910322e-05,5.19901968e-06,1.17522110e+00,5.30784089e-02,5.57536382e+05,2.63624715e+04,6.92031047e-03,3.31294640e-04,7.92280553e-03,3.77563273e-04,0.00000000e+00,0.00000000e+00
8.31500000e+01,2.72716974e-04,1.20171464e-05,3.09904148e-03,1.42323160e-04,3.45546668e-03,1.59181726e-04,1.93797049e-05,5.21037499e-06,1.16626042e+00,4.98101067e-02,5.49136122e+05,2.48419040e+04,6.83125539e-03,3.07554477e-04,7.80549700e-03,3.59924815e-04,5.83280000e+00,1.00380923e-01
8.32500000e+01,2.68292979e-04,1.20452838e-05,3.05154403e-03,1.40704658e-04,3.39459529e-03,1.54967588e-04,1.95362112e-05,5.18827045e-06,1.15768312e+00,5.03067353e-02,5.41694497e+05,2.47386046e+04,6.71852936e-03,2.99986974e-04,7.69116368e-03,3.56860196e-04,0.00000000e+00,0.00000000e+00
8.33500000e+01,2.66838290e-04,1.20413570e-05,3.04009122e-03,1.35672204e-04,3.50947679e-03,2.36011990e-04,2.94127347e-05,1.14254507e-05,1.15296451e+00,4.87090518e-02,5.39085614e+05,2.40140915e+04,6.82096313e-03,3.66697840e-04,7.66687482e-03,3.42596183e-04,5.81620000e+00,9.99868930e-02
8.34500000e+01,2.69063270e-04,1.24940004e-05,3.05230263e-03,1.33552534e-04,3.36284202e-03,1.50588406e-04,1.89513794e-05,5.19608516e-06,1.15790141e+00,4.95403322e-02,5.40665317e+05,2.35509063e+04,6.68822501e-03,2.91111560e-04,7.69356621e-03,3.38291684e-04,0.00000000e+00,0.00000000e+00
8.35500000e+01,2.67067757e-04,1.20589647e-05,3.02058683e-03,1.33184470e-04,3.33932211e-03,1.50246963e-04,1.84400676e-05,5.17286453e-06,1.14852250e+00,4.95962090e-02,5.36088521e+05,2.35397793e+04,6.63105252e-03,2.89812495e-04,7.61342629e-03,3.37404804e-04,5.81940000e+00,9.78492844e-02
8.36500000e+01,2.69431290e-04,1.21430781e-05,3.03475320e-03,1.32762894e-04,3.35797392e-03,1.61370700e-04,1.85386435e-05,5.16817971e-06,1.15458519e+00,4.85985311e-02,5.39189799e+05,2.32141345e+04,6.66633651e-03,3.00230616e-04,7.65027154e-03,3.36501719e-04,0.00000000e+00,0.00000000e+00
8.37500000e+01,2.66687978e-04,1.19335708e-05,3.00765895e-03,1.34695056e-04,3.34617968e-03,1.61351622e-04,1.85903805e-05,5.16520246e-06,1.14735370e+00,4.97084839e-02,5.34469229e+05,2.38100493e+04,6.62474173e-03,3.01592267e-04,7.58358338e-03,3.41370594e-04,5.81420000e+00,9.73867065e-02
8.38500000e+01,2.67322681e-04,1.24588517e-05,3.03228863e-03,1.44210061e-04,3.42773705e-03,1.80024115e-04,1.87154111e-05,5.15148570e-06,1.15401355e+00,5.31626485e-02,5.37567342e+05,2.54580238e+04,6.73145389e-03,3.32141895e-04,7.64251494e-03,3.65571227e-04,0.00000000e+00,0.00000000e+00
8.39500000e+01,2.64953819e-04,1.31202059e-05,3.01129765e-03,1.48876282e-04,3.35922512e-03,1.76463512e-04,2.00746217e-05,5.25057480e-06,1.15562445e+00,5.46518336e-02,5.33762004e+05,2.60196579e+04,6.63960783e-03,3.34994516e-04,7.58914476e-03,3.76934578e-04,5.81460000e+00,9.89067629e-02
8.40500000e+01,2.59600878e-04,1.21574669e-05,2.96779645e-03,1.38684431e-04,3.29605125e-03,1.59853149e-04,2.11337214e-05,5.56175276e-06,1.13668834e+00,5.21648979e-02,5.26850208e+05,2.42959322e+04,6.52754388e-03,3.06164322e-04,7.48159784e-03,3.51766566e-04,0.00000000e+00,0.00000000e+00
8.41500000e+01,2.60943205e-04,1.21656414e-05,2.95881273e-03,1.38612383e-04,3.23718152e-03,1.48267313e-04,2.11233668e-05,5.57686379e-06,1.13953812e+00,5.15143104e-02,5.26093199e+05,2.44313471e+04,6.46114251e-03,2.95920875e-04,7.46117080e-03,3.51546957e-04,5.80980000e+00,1.01206796e-01
8.42500000e+01,2.61033855e-04,1.17746167e-05,2.95971444e-03,1.36640767e-04,3.28487436e-03,1.45440938e-04,2.10640266e-05,5.54812634e-06,1.14144998e+00,5.07588268e-02,5.25461427e+05,2.39765146e+04,6.50981231e-03,2.87967403e-04,7.46363264e-03,3.46144300e-04,0.00000000e+00,0.00000000e+00
8.43500000e+01,2.60177123e-04,1.16464435e-05,2.95035279e-03,1.35334208e-04,3.28448873e-03,1.47740150e-04,2.15145486e-05,5.65744821e-06,1.13745203e+00,4.98662428e-02,5.24050667e+05,2.37643518e+04,6.49912301e-03,2.84668311e-04,7.44138636e-03,3.43218318e-04,5.80080000e+00,1.00763955e-01
8.44500000e+01,2.58976716e-04,1.18233802e-05,2.95064784e-03,1.37401263e-04,3.23951156e-03,1.42734802e-04,2.20834344e-05,5.72356305e-06,1.13114136e+00,5.02735038e-02,5.23831024e+05,2.41253400e+04,6.45349271e-03,2.84847370e-04,7.44355437e-03,3.49362270e-04,0.00000000e+00,0.00000000e+00
8.45500000e+01,2.57161874e-04,1.15875438e-05,2.92157042e-03,1.34642153e-04,3.21556530e-03,1.39986808e-04,2.31801562e-05,5.76612402e-06,1.12416761e+00,5.00299470e-02,5.18514145e+05,2.37064552e+04,6.39857331e-03,2.78854369e-04,7.37835584e-03,3.43369748e-04,5.79520000e+00,1.02770694e-01
8.46500000e+01,2.55627414e-04,1.20470720e-05,2.91471623e-03,1.36805345e-04,3.21153815e-03,1.48361942e-04,2.30901621e-05,5.94403649e-06,1.12024188e+00,5.20519898e-02,5.17068205e+05,2.40387610e+04,6.38629428e-03,2.89015559e-04,7.36266346e-03,3.46655582e-04,0.00000000e+00,0.00000000e+00
8.47500000e+01,2.56407152e-04,1.22977991e-05,2.92677287e-03,1.35912511e-04,3.19527784e-03,1.46565996e-04,2.27896222e-05,6.01508400e-06,1.11850697e+00,5.26811079e-02,5.18036244e+05,2.38873984e+04,6.38289378e-03,2.89672790e-04,7.38907302e-03,3.43971455e-04,5.78520000e+00,1.03367480e-01
8.48500000e+01,2.56961935e-04,1.15167568e-05,2.91236984e-03,1.28833806e-04,3.19522275e-03,1.29898264e-04,2.89077623e-05,9.23358538e-06,1.12411959e+00,5.02350329e-02,5.16756378e+05,2.29125986e+04,6.36929185e-03,2.64148363e-04,7.35888334e-03,3.27022873e-04,0.00000000e+00,0.00000000e+00
8.49500000e+01,2.53997529e-04,1.15686979e-05,2.88153678e-03,1.25099256e-04,3.17953192e-03,1.37422870e-04,3.15225476e-05,1.14438008e-05,1.11624340e+00,4.96557064e-02,5.11098360e+05,2.23022347e+04,6.31964684e-03,2.67392252e-04,7.28045216e-03,3.17016064e-04,5.77540000e+00,1.04309277e-01
8.50500000e+01,2.52363814e-04,1.14486265e-05,2.87231566e-03,1.32041543e-04,3.09783206e-03,1.38710316e-04,3.03401585e-05,1.07952773e-05,1.12099101e+00,5.00002663e-02,5.10508889e+05,2.34884625e+04,6.22715515e-03,2.79028251e-04,7.25770673e-03,3.34191896e-04,0.00000000e+00,0.00000000e+00
8.51500000e+01,2.49260033e-04,1.17066419e-05,2.84863809e-03,1.37760255e-04,3.05944704e-03,1.44316811e-04,2.18446597e-05,6.04310334e-06,1.11644149e+00,5.28427200e-02,5.06794023e+05,2.44849067e+04,6.16170831e-03,2.91017085e-04,7.19427222e-03,3.49198234e-04,5.77260000e+00,1.05604889e-01
8.52500000e+01,2.48294020e-04,1.14739271e-05,2.83714261e-03,1.34581650e-04,3.08643753e-03,1.43095087e-04,2.18654068e-05,6.07068790e-06,1.10720002e+00,5.11545902e-02,5.04381071e+05,2.37893543e+04,6.17610027e-03,2.84748620e-04,7.16620203e-03,3.41540743e-04,0.00000000e+00,0.00000000e+00
8.53500000e+01,2.46986981e-04,1.18435084e-05,2.82776433e-03,1.36560297e-04,3.03724926e-03,1.45887917e-04,2.17259808e-05,6.04064606e-06,1.10783909e+00,5.29145934e-02,5.01717832e+05,2.43182644e+04,6.11618834e-03,2.90654495e-04,7.13824959e-03,3.46218912e-04,5.75700000e+00,1.05814721e-01
8.54500000e+01,2.49030808e-04,1.19438940e-05,2.80274491e-03,1.35642023e-04,3.10097599e-03,1.61715305e-04,2.17711780e-05,6.01525775e-06,1.09686951e+00,5.30638676e-02,4.98560584e+05,2.41405949e+04,6.15661534e-03,3.02252613e-04,7.07782416e-03,3.44730400e-04,0.00000000e+00,0.00000000e+00
8.55500000e+01,2.45252759e-04,1.15840387e-05,2.77481600e-03,1.33196445e-04,3.08743989e-03,1.58135728e-04,2.13357049e-05,6.02427072e-06,1.08616730e+00,5.23236559e-02,4.93369055e+05,2.38900499e+04,6.11167389e-03,2.96221290e-04,7.00291998e-03,3.37995704e-04,5.74800000e+00,1.04883998e-01
8.56500000e+01,2.46605784e-04,1.17270566e-05,2.79207409e-03,1.34413508e-04,3.18697400e-03,1.76349772e-04,2.04720517e-05,5.72525343e-06,1.08860724e+00,5.25861026e-02,4.96165341e+05,2.38272076e+04,6.22985734e-03,3.16176161e-04,7.04601070e-03,3.40728265e-04,0.00000000e+00,0.00000000e+00
8.57500000e+01,2.49321407e-04,1.17696264e-05,2.81357147e-03,1.35960005e-04,3.09992946e-03,1.46467730e-04,1.90333679e-05,5.57282921e-06,1.10489728e+00,5.29033290e-02,4.99260498e+05,2.39878389e+04,6.16689868e-03,2.89539130e-04,7.10336887e-03,3.44529530e-04,5.72500000e+00,1.03664392e-01
8.58500000e+01,2.49491607e-04,1.14723037e-05,2.84341102e-03,1.30669132e-04,3.06457964e-03,1.38457413e-04,1.85808618e-05,5.39979058e-06,1.11799501e+00,5.19797613e-02,5.04540013e+05,2.31059310e+04,6.16166076e-03,2.77500204e-04,7.17864040e-03,3.31782603e-04,0.00000000e+00,0.00000000e+00
8.59500000e+01,2.44191295e-04,1.08385642e-05,2.77836231e-03,1.26855212e-04,3.10253983e-03,1.45784549e-04,1.95758766e-05,5.27906976e-06,1.09757521e+00,5.05711357e-02,4.93518480e+05,2.24799314e+04,6.12927295e-03,2.75630092e-04,7.01445736e-03,3.22289323e-04,5.71300000e+00,1.04187919e-01
8.60500000e+01,2.43274374e-04,1.07039210e-05,2.74744445e-03,1.23808173e-04,3.05628138e-03,1.45083125e-04,1.97643535e-05,5.31998701e-06,1.08822151e+00,4.94231841e-02,4.87777953e+05,2.19755095e+04,6.05123265e-03,2.69587716e-04,6.93751579e-03,3.14085661e-04,0.00000000e+00,0.00000000e+00
8.61500000e+01,2.42899745e-04,1.12391334e-05,2.76206596e-03,1.30415369e-04,3.01778644e-03,1.44717843e-04,2.06972934e-05,5.59086632e-06,1.08860869e+00,5.09841492e-02,4.90415398e+05,2.31662935e+04,6.02721969e-03,2.81677868e-04,6.97807998e-03,3.32146105e-04,5.70140000e+00,1.03963891e-01
8.62500000e+01,2.48648361e-04,1.14670101e-05,2.81247609e-03,1.33621529e-04,3.08107115e-03,1.50051132e-04,2.14626178e-05,5.65237230e-06,1.09628507e+00,5.23730976e-02,4.99002986e+05,2.37381561e+04,6.14653889e-03,2.90158294e-04,7.10139488e-03,3.39564583e-04,0.00000000e+00,0.00000000e+00
8.63500000e+01,2.48292390e-04,1.12570737e-05,2.81439607e-03,1.32600649e-04,3.07348140e-03,1.46677605e-04,1.93989622e-05,5.30362454e-06,1.09589515e+00,5.18621717e-02,4.98657205e+05,2.34083141e+04,6.14056506e-03,2.84524661e-04,7.10437348e-03,3.35461824e-04,5.68740000e+00,1.04946171e-01
8.64500000e+01,2.45886674e-04,1.09647277e-05,2.78134658e-03,1.31016536e-04,3.04529915e-03,1.52888073e-04,1.68802964e-05,4.46811128e-06,1.09633556e+00,5.29947790e-02,4.93674724e+05,2.32914127e+04,6.07671691e-03,2.85961428e-04,7.02252754e-03,3.31652510e-04,0.00000000e+00,0.00000000e+00
8.65500000e+01,2.44671097e-04,1.09269766e-05,2.78014135e-03,1.30382297e-04,2.94697313e-03,1.34399465e-04,1.87133066e-05,4.64965407e-06,1.09095055e+00,5.28571368e-02,4.93342060e+05,2.31845413e+04,5.97627846e-03,2.70718363e-04,7.02536232e-03,3.29957879e-04,5.68400000e+00,1.04721984e-01
8.66500000e+01,2.43831404e-04,1.11221898e-05,2.73897547e-03,1.28663581e-04,2.92174715e-03,1.34773950e-04,2.00440170e-05,5.13800605e-06,1.08846976e+00,5.17633631e-02,4.86461340e+05,2.29496315e+04,5.90876998e-03,2.70344004e-04,6.91920172e-03,3.25698958e-04,0.00000000e+00,0.00000000e+00
8.67500000e+01,2.42367910e-04,1.13488427e-05,2.73904911e-03,1.34248441e-04,2.93925563e-03,1.41472238e-04,2.02726985e-05,5.20866821e-06,1.09519192e+00,5.35015076e-02,4.86545684e+05,2.36326288e+04,5.92507026e-03,2.83458111e-04,6.92172173e-03,3.40649139e-04,5.68320000e+00,1.04277667e-01
8.68500000e+01,2.39149355e-04,1.14387984e-05,2.70542773e-03,1.31548838e-04,2.97860458e-03,2.06001311e-04,1.76619459e-05,4.26547055e-06,1.08005272e+00,5.25538910e-02,4.81387556e+05,2.32953082e+04,5.92769228e-03,3.29605788e-04,6.84219881e-03,3.33131443e-04,0.00000000e+00,0.00000000e+00
8.69500000e+01,2.38894841e-04,1.11938416e-05,2.69641935e-03,1.27427110e-04,2.94334225e-03,1.43829562e-04,1.73622113e-05,4.27276742e-06,1.08145076e+00,5.21318504e-02,4.80477019e+05,2.27164391e+04,5.88308870e-03,2.74910083e-04,6.81823362e-03,3.22879136e-04,5.69000000e+00,1.03269807e-01
8.70500000e+01,2.39714616e-04,1.14398635e-05,2.69678875e-03,1.29520233e-04,2.92465024e-03,1.45923445e-04,1.71924864e-05,4.26626269e-06,1.08557373e+00,5.24287825e-02,4.79789456e+05,2.29309304e+04,5.86534251e-03,2.79668589e-04,6.81660608e-03,3.27420922e-04,0.00000000e+00,0.00000000e+00
8.71500000e+01,2.38492135e-04,1.15487909e-05,2.70784423e-03,1.37077786e-04,2.94906381e-03,1.62092115e-04,1.72443041e-05,4.29252868e-06,1.08216786e+00,5.25363059e-02,4.81057018e+05,2.42402860e+04,5.89962325e-03,2.98213611e-04,6.84376004e-03,3.45757776e-04,5.67740000e+00,1.04677858e-01
8.72500000e+01,2.37560046e-04,1.13847149e-05,2.67685835e-03,1.32251720e-04,2.92188953e-03,1.52740078e-04,1.72260280e-05,4.35298447e-06,1.07779470e+00,5.21260413e-02,4.74820305e+05,2.33220917e+04,5.84079908e-03,2.88952269e-04,6.76987747e-03,3.35400935e-04,0.00000000e+00,0.00000000e+00
8.73500000e+01,2.36238871e-04,1.12121469e-05,2.64087842e-03,1.26201300e-04,2.82301025e-03,1.41916298e-04,1.72569159e-05,4.41169514e-06,1.07097650e+00,5.12288988e-02,4.68687022e+05,2.22142970e+04,5.70406756e-03,2.75014668e-04,6.67678514e-03,3.19250560e-04,5.68080000e+00,1.05968359e-01
8.74500000e+01,2.37990648e-04,1.14099973e-05,2.65693876e-03,1.28990354e-04,2.80849912e-03,1.40901821e-04,1.72515474e-05,4.41212715e-06,1.08112668e+00,5.28210021e-02,4.72127475e+05,2.28194827e+04,5.70733508e-03,2.79227594e-04,6.71933760e-03,3.26557287e-04,0.00000000e+00,0.00000000e+00
8.75500000e+01,2.37754582e-04,1.13300127e-05,2.66410265e-03,1.28277916e-04,2.82136587e-03,1.39668417e-04,1.74199045e-05,4.39894451e-06,1.07951453e+00,5.27915756e-02,4.73492667e+05,2.26985461e+04,5.72734574e-03,2.76941663e-04,6.74061480e-03,3.25200263e-04,5.66700000e+00,1.05659928e-01
8.76500000e+01,2.36992905e-04,1.13449511e-05,2.64156052e-03,1.26845673e-04,2.77712706e-03,1.38765931e-04,1.67567868e-05,4.24454128e-06,1.07553339e+00,5.22306026e-02,4.70365222e+05,2.25486120e+04,5.65957085e-03,2.74116382e-04,6.68187242e-03,3.22062160e-04,0.00000000e+00,0.00000000e+00
8.77500000e+01,2.34517686e-04,1.14412965e-05,2.62618509e-03,1.24848801e-04,2.77827834e-03,1.45154723e-04,1.81596849e-05,4.69297358e-06,1.06852779e+00,5.14831717e-02,4.68010315e+05,2.23519431e+04,5.64297917e-03,2.77873688e-04,6.64569896e-03,3.17323487e-04,5.66660000e+00,1.08408378e-01
8.78500000e+01,2.35366562e-04,1.09117116e-05,2.62568938e-03,1.20922915e-04,2.74692880e-03,1.38372581e-04,2.20944349e-05,7.28180152e-06,1.06634604e+00,5.01062744e-02,4.67995129e+05,2.16803913e+04,5.61220738e-03,2.66586902e-04,6.64429069e-03,3.07231096e-04,0.00000000e+00,0.00000000e+00
8.79500000e+01,2.35698997e-04,1.10108193e-05,2.63066690e-03,1.24324229e-04,2.76373768e-03,1.42373812e-04,2.27240954e-05,7.27544181e-06,1.06656658e+00,5.11550759e-02,4.68320488e+05,2.21767363e+04,5.63449497e-03,2.73055165e-04,6.66096560e-03,3.16359883e-04,5.65440000e+00,1.07433951e-01
8.80500000e+01,2.35916581e-04,1.03576551e-05,2.66040460e-03,1.18658171e-04,2.79847495e-03,1.36311465e-04,2.29608749e-05,7.28922060e-06,1.07157751e+00,4.92329660e-02,4.74389463e+05,2.12895920e+04,5.69949513e-03,2.60248835e-04,6.73951769e-03,3.02049915e-04,0.00000000e+00,0.00000000e+00
8.81500000e+01,2.34376259e-04,1.05661760e-05,2.61621758e-03,1.20680775e-04,2.79759362e-03,1.45167276e-04,1.86037634e-05,5.74846702e-06,1.06480291e+00,5.01703431e-02,4.66859900e+05,2.17066740e+04,5.65246195e-03,2.71262860e-04,6.61975698e-03,3.06868292e-04,5.63240000e+00,1.06910056e-01
8.82500000e+01,2.33415342e-04,1.09180418e-05,2.62268269e-03,1.24965640e-04,2.78708927e-03,1.46872049e-04,1.57960078e-05,4.34039496e-06,1.06767270e+00,5.04035706e-02,4.66074292e+05,2.20773199e+04,5.64726832e-03,2.79163446e-04,6.63305934e-03,3.17078030e-04,0.00000000e+00,0.00000000e+00
8.83500000e+01,2.31428361e-04,1.03189140e-05,2.57327743e-03,1.16813922e-04,2.70640433e-03,1.28835637e-04,1.51065176e-05,3.75429709e-06,1.05722755e+00,4.92734494e-02,4.57712712e+05,2.07211381e+04,5.51498610e-03,2.52934918e-04,6.50777806e-03,2.96361554e-04,5.61500000e+00,1.05709363e-01
8.84500000e+01,2.29707078e-04,1.03655383e-05,2.57613165e-03,1.19190469e-04,2.67359966e-03,1.32919977e-04,1.59076680e-05,4.04996746e-06,1.05869036e+00,5.00458528e-02,4.58443982e+05,2.10341380e+04,5.48340833e-03,2.58432165e-04,6.51777787e-03,3.02439827e-04,0.00000000e+00,0.00000000e+00
8.85500000e+01,2.29869200e-04,1.08253085e-05,2.58819088e-03,1.24343699e-04,2.66726925e-03,1.36619331e-04,1.66231345e-05,4.22001060e-06,1.06190465e+00,5.11930370e-02,4.59547568e+05,2.17878527e+04,5.48947964e-03,2.68497727e-04,6.54860705e-03,3.14992508e-04,5.60940000e+00,1.06189054e-01
8.86500000e+01,2.31369990e-04,1.01847448e-05,2.59484522e-03,1.16718468e-04,2.69911934e-03,1.32616016e-04,1.52888318e-05,3.87986081e-06,1.06248405e+00,4.78638471e-02,4.61155322e+05,2.06442396e+04,5.52954060e-03,2.55681839e-04,6.56694547e-03,2.96719972e-04,0.00000000e+00,0.00000000e+00
8.87500000e+01,2.28179109e-04,1.08326418e-05,2.57786806e-03,1.23266731e-04,2.66864908e-03,1.31233195e-04,1.56927247e-05,3.93357237e-06,1.05308739e+00,5.08970871e-02,4.58228705e+05,2.18275994e+04,5.47865938e-03,2.62492965e-04,6.52481896e-03,3.13528101e-04,5.59640000e+00,1.05814146e-01
8.88500000e+01,2.24934255e-04,1.07844184e-05,2.53890033e-03,1.23488974e-04,2.62269083e-03,1.30874508e-04,1.58027936e-05,3.94577850e-06,1.03663501e+00,4.98749502e-02,4.51228438e+05,2.17896094e+04,5.39047654e-03,2.62349714e-04,6.42863711e-03,3.14549900e-04,0.00000000e+00,0.00000000e+00
8.89500000e+01,2.21781190e-04,1.07769634e-05,2.51747145e-03,1.24142768e-04,2.58266822e-03,1.30588736e-04,1.58032145e-05,4.09686171e-06,1.03308288e+00,4.99087656e-02,4.48244728e+05,2.19793604e+04,5.32581924e-03,2.63005907e-04,6.37871702e-03,3.17131130e-04,5.58800000e+00,1.04874269e-01
8.90500000e+01,2.20047642e-04,1.03104740e-05,2.51101478e-03,1.19478591e-04,2.55797813e-03,1.24184952e-04,1.74217748e-05,4.55945233e-06,1.02870879e+00,4.80136730e-02,4.47366362e+05,2.12304620e+04,5.29296845e-03,2.51240257e-04,6.36617015e-03,3.06180079e-04,0.00000000e+00,0.00000000e+00
8.91500000e+01,2.24519883e-04,1.09921240e-05,2.57370479e-03,1.26065310e-04,2.63730180e-03,1.36210825e-04,1.76429881e-05,4.62936903e-06,1.03797506e+00,4.97864958e-02,4.58338642e+05,2.22955125e+04,5.43957785e-03,2.69393548e-04,6.52162289e-03,3.21028470e-04,5.57420000e+00,1.05853996e-01
8.92500000e+01,2.23518931e-04,1.03830549e-05,2.54030642e-03,1.16729885e-04,2.64708680e-03,1.25624882e-04,1.65230782e-05,4.24364182e-06,1.03573356e+00,4.76831712e-02,4.51917190e+05,2.06665590e+04,5.41489981e-03,2.48504031e-04,6.43088165e-03,2.97278133e-04,0.00000000e+00,0.00000000e+00
8.93500000e+01,2.20958977e-04,1.02911778e-05,2.52014035e-03,1.17374235e-04,2.66108880e-03,1.25432056e-04,1.50945122e-05,3.87658992e-06,1.03338655e+00,4.77903298e-02,4.48361878e+05,2.07420684e+04,5.40631852e-03,2.48900328e-04,6.37774650e-03,2.97220243e-04,5.56600000e+00,1.07081125e-01
8.94500000e+01,2.17032063e-04,1.00407100e-05,2.46355022e-03,1.14009631e-04,2.59464437e-03,1.16220387e-04,1.50855218e-05,4.16075013e-06,1.01877381e+00,4.81511244e-02,4.38993130e+05,2.02927373e+04,5.27908849e-03,2.36759515e-04,6.23301506e-03,2.88398856e-04,0.00000000e+00,0.00000000e+00
8.95500000e+01,2.20381170e-04,1.03105559e-05,2.50069989e-03,1.16375037e-04,2.59487473e-03,1.19202553e-04,1.13277441e-05,3.08654006e-06,1.03182490e+00,4.98268661e-02,4.45745237e+05,2.07501269e+04,5.31939214e-03,2.42889343e-04,6.32022198e-03,2.94290933e-04,5.55380000e+00,1.05906732e-01
8.96500000e+01,2.17517992e-04,1.00963672e-05,2.46992762e-03,1.14483924e-04,2.60288698e-03,1.22996626e-04,1.14967047e-05,3.10466256e-06,1.03142654e+00,4.89633400e-02,4.39925380e+05,2.03889650e+04,5.29389174e-03,2.43216353e-04,6.24568255e-03,2.89496807e-04,0.00000000e+00,0.00000000e+00
8.97500000e+01,2.15231062e-04,1.02094373e-05,2.46899579e-03,1.13820250e-04,2.58570561e-03,1.33400702e-04,1.07186968e-05,2.39085096e-06,1.01985787e+00,4.92752635e-02,4.39252393e+05,2.03162881e+04,5.27370666e-03,2.50812737e-04,6.24865111e-03,2.88078949e-04,5.54940000e+00,1.06165604e-01
8.98500000e+01,2.14546672e-04,1.03847895e-05,2.45346228e-03,1.21175755e-04,2.54786319e-03,1.25410155e-04,9.60339981e-06,2.21743453e-06,1.01406612e+00,5.07892900e-02,4.35061772e+05,2.13600218e+04,5.21962883e-03,2.53337369e-04,6.20511904e-03,3.06104570e-04,0.00000000e+00,0.00000000e+00
8.99500000e+01,2.15922812e-04,1.04233384e-05,2.46326884e-03,1.18238127e-04,2.58022517e-03,1.23600358e-04,1.05537748e-05,2.34402076e-06,1.02340336e+00,5.14261524e-02,4.37599617e+05,2.08562859e+04,5.26296736e-03,2.48492537e-04,6.22665197e-03,2.98206996e-04,5.53880000e+00,1.05132624e-01
9.00500000e+01,2.15259697e-04,9.98604813e-06,2.42603785e-03,1.09734052e-04,2.56655278e-03,1.18951835e-04,1.07327736e-05,2.37446198e-06,1.01266274e+00,4.85653141e-02,4.31137936e+05,1.94390531e+04,5.21130769e-03,2.35229152e-04,6.13306906e-03,2.76776585e-04,0.00000000e+00,0.00000000e+00
9.01500000e+01,2.17181067e-04,1.00605446e-05,2.46830177e-03,1.12580549e-04,2.60900351e-03,1.15949632e-04,1.07032546e-05,2.37081319e-06,1.02714402e+00,4.84450352e-02,4.38817493e+05,2.00017220e+04,5.29795758e-03,2.34181606e-04,6.23832052e-03,2.83743258e-04,5.52820000e+00,1.04668842e-01
9.02500000e+01,2.13226199e-04,1.06108639e-05,2.41559882e-03,1.15922378e-04,2.52602554e-03,1.17725701e-04,9.97487283e-06,2.43231364e-06,1.01214468e+00,5.07036773e-02,4.29623120e+05,2.07027073e+04,5.15828858e-03,2.41122200e-04,6.10858315e-03,2.92321495e-04,0.00000000e+00,0.00000000e+00
9.03500000e+01,2.15112469e-04,1.09031341e-05,2.42980372e-03,1.18823458e-04,2.58421655e-03,1.30749000e-04,9.33586755e-06,2.43634692e-06,1.00760209e+00,5.06307084e-02,4.31701503e+05,2.11002076e+04,5.23260020e-03,2.50642863e-04,6.14510133e-03,2.99760294e-04,5.51880000e+00,1.04521706e-01
9.04500000e+01,2.13004507e-04,1.04620986e-05,2.41287586e-03,1.14506595e-04,2.53206936e-03,1.17675764e-04,9.11212400e-06,2.43660022e-06,1.01147079e+00,5.05393178e-02,4.28513198e+05,2.03474402e+04,5.16139756e-03,2.37106976e-04,6.10279533e-03,2.89342984e-04,0.00000000e+00,0.00000000e+00
9.05500000e+01,2.12005036e-04,1.03587641e-05,2.41318323e-03,1.13178720e-04,2.49921379e-03,1.17428882e-04,9.38076836e-06,2.42277427e-06,1.00791572e+00,4.88918460e-02,4.29085823e+05,2.02242785e+04,5.12772051e-03,2.36971580e-04,6.10274174e-03,2.86388144e-04,5.52120000e+00,1.05176873e-01
9.06500000e+01,2.11206392e-04,1.08072422e-05,2.39878340e-03,1.17676826e-04,2.50410494e-03,1.24322856e-04,1.00817442e-05,2.42878438e-06,1.00539743e+00,5.10563937e-02,4.26916801e+05,2.10815748e+04,5.11729676e-03,2.50135664e-04,6.06399576e-03,2.97671826e-04,0.00000000e+00,0.00000000e+00
9.07500000e+01,2.11573277e-04,1.07390340e-05,2.41623191e-03,1.17332367e-04,2.49595462e-03,1.25508666e-04,9.28253058e-06,2.21667257e-06,1.00917177e+00,4.99966738e-02,4.29542923e+05,2.09448489e+04,5.12706597e-03,2.50524574e-04,6.10845785e-03,2.96415235e-04,5.52600000e+00,1.04480444e-01
9.08500000e+01,2.14197722e-04,1.16770441e-05,2.42584774e-03,1.26946692e-04,2.61618347e-03,2.06042483e-04,8.74691769e-06,2.03047877e-06,1.01699774e+00,5.41554036e-02,4.32776617e+05,2.27894290e+04,5.25956580e-03,3.28411745e-04,6.13289239e-03,3.20452548e-04,0.00000000e+00,0.00000000e+00
9.09500000e+01,2.09183788e-04,1.03839812e-05,2.38475954e-03,1.16334208e-04,2.48507164e-03,1.29460115e-04,8.76088116e-06,2.03098221e-06,1.00313604e+00,5.10578147e-02,4.23801099e+05,2.07135076e+04,5.08223218e-03,2.52323635e-04,6.02927960e-03,2.94342334e-04,5.52200000e+00,1.05225123e-01
9.10500000e+01,2.06650327e-04,1.08745774e-05,2.37333530e-03,1.21537612e-04,2.43773788e-03,1.26390200e-04,8.77776469e-06,2.03181411e-06,9.91806970e-01,5.19148691e-02,4.20623635e+05,2.15019739e+04,5.02087084e-03,2.56790765e-04,6.00050567e-03,3.06950945e-04,0.00000000e+00,0.00000000e+00
9.11500000e+01,2.07411342e-04,1.05293183e-05,2.35677650e-03,1.16749531e-04,2.42914405e-03,1.24481487e-04,8.04944064e-06,1.80898045e-06,9.85256981e-01,5.10941354e-02,4.17901324e+05,2.06180347e+04,4.99641255e-03,2.49166295e-04,5.95676945e-03,2.95142944e-04,5.50040000e+00,1.06209251e-01
9.12500000e+01,2.10061702e-04,1.08220529e-05,2.38714353e-03,1.20003906e-04,2.48089116e-03,1.27626263e-04,7.88501068e-06,1.85191878e-06,9.90472502e-01,5.14461877e-02,4.23412872e+05,2.12016178e+04,5.08115044e-03,2.55136076e-04,6.03380813e-03,3.03398937e-04,0.00000000e+00,0.00000000e+00
9.13500000e+01,2.05531914e-04,1.05608729e-05,2.34398772e-03,1.16765264e-04,2.40881592e-03,1.20154327e-04,8.05296146e-06,1.91381469e-06,9.80255819e-01,5.07071556e-02,4.15890188e+05,2.06289195e+04,4.96142128e-03,2.44927391e-04,5.92793465e-03,2.95016441e-04,5.48980000e+00,1.07074069e-01
9.14500000e+01,2.06010388e-04,1.09681342e-05,2.33316346e-03,1.21100882e-04,2.38010284e-03,1.23065031e-04,8.09490013e-06,1.91059950e-06,9.79784399e-01,5.22760788e-02,4.13863666e+05,2.12682019e+04,4.92226374e-03,2.53053780e-04,5.90166167e-03,3.06050716e-04,0.00000000e+00,0.00000000e+00
9.15500000e+01,2.07746473e-04,1.15649939e-05,2.34018921e-03,1.26352833e-04,2.41335149e-03,1.31534226e-04,8.60256093e-06,1.89093092e-06,9.84853666e-01,5.43321638e-02,4.14864879e+05,2.21543935e+04,4.96428855e-03,2.67636117e-04,5.91903820e-03,3.19101965e-04,5.47760000e+00,1.06558620e-01
9.16500000e+01,2.05808074e-04,1.12351812e-05,2.32375259e-03,1.22182797e-04,2.46438048e-03,1.36577576e-04,8.40433521e-06,1.96624759e-06,9.83849796e-01,5.20307106e-02,4.11556817e+05,2.15965530e+04,4.99707268e-03,2.62949305e-04,5.87407821e-03,3.08325002e-04,0.00000000e+00,0.00000000e+00
9.17500000e+01,2.02440804e-04,1.05209982e-05,2.30117290e-03,1.16332853e-04,2.43445606e-03,1.33698610e-04,8.20112756e-06,1.91482057e-06,9.72572981e-01,5.10637683e-02,4.07116283e+05,2.04187293e+04,4.94113004e-03,2.53023620e-04,5.81717023e-03,2.93916186e-04,5.46100000e+00,1.07118569e-01
9.18500000e+01,2.02785500e-04,1.06026835e-05,2.28562950e-03,1.15091414e-04,2.42974812e-03,1.33851253e-04,8.04686384e-06,1.91759013e-06,9.73284250e-01,5.10925516e-02,4.05447325e+05,2.03569691e+04,4.92116487e-03,2.51382210e-04,5.77767727e-03,2.90666209e-04,0.00000000e+00,0.00000000e+00
9.19500000e+01,2.06209227e-04,1.12589347e-05,2.31792280e-03,1.21296674e-04,2.43450368e-03,1.43986543e-04,7.77045057e-06,1.83871354e-06,9.82714994e-01,5.24858467e-02,4.10514997e+05,2.14170335e+04,4.96193716e-03,2.68969917e-04,5.86492046e-03,3.07023288e-04,5.46420000e+00,1.07252550e-01
9.20500000e+01,2.04882854e-04,1.07467275e-05,2.32407796e-03,1.17841476e-04,2.45449417e-03,1.36609931e-04,7.38991424e-06,1.79354684e-06,9.81298222e-01,5.08273039e-02,4.12274683e+05,2.09844454e+04,4.98690387e-03,2.58353127e-04,5.88332907e-03,2.98886937e-04,0.00000000e+00,0.00000000e+00
9.21500000e+01,2.02173726e-04,1.03209706e-05,2.31251667e-03,1.15038674e-04,2.43927204e-03,1.30370793e-04,7.79107437e-06,1.85269883e-06,9.80971731e-01,5.18533202e-02,4.10180780e+05,2.04534964e+04,4.95734366e-03,2.49889921e-04,5.85003338e-03,2.90485734e-04,5.45340000e+00,1.07898142e-01
9.22500000e+01,2.02279161e-04,1.02480525e-05,2.31387352e-03,1.15580527e-04,2.38724134e-03,1.23498196e-04,1.02605537e-05,3.17153042e-06,9.79807398e-01,5.23178569e-02,4.10826444e+05,2.05765842e+04,4.90683103e-03,2.44500120e-04,5.85586079e-03,2.93107798e-04,0.00000000e+00,0.00000000e+00
9.23500000e+01,2.03032416e-04,1.08928027e-05,2.32541603e-03,1.20811963e-04,2.40951456e-03,1.35623715e-04,1.21908823e-05,4.07225246e-06,9.87222519e-01,5.45442271e-02,4.14191559e+05,2.16273568e+04,4.94148287e-03,2.62615825e-04,5.88652493e-03,3.07101040e-04,5.44180000e+00,1.07838386e-01
9.24500000e+01,1.98244303e-04,1.08561673e-05,2.27001122e-03,1.19643981e-04,2.32362579e-03,1.28087621e-04,1.32673003e-05,4.73392990e-06,9.73634330e-01,5.37517368e-02,4.05250328e+05,2.15430861e+04,4.79563505e-03,2.56004644e-04,5.75293703e-03,3.04218344e-04,0.00000000e+00,0.00000000e+00
9.25500000e+01,2.00650346e-04,1.11510903e-05,2.28513832e-03,1.22152449e-04,2.35761387e-03,1.45556045e-04,1.49306370e-05,6.85493384e-06,9.78350558e-01,5.34755805e-02,4.07378980e+05,2.19580270e+04,4.84714200e-03,2.72207668e-04,5.79162067e-03,3.11440803e-04,5.43980000e+00,1.06869552e-01
9.26500000e+01,1.98489724e-04,1.13155875e-05,2.27512910e-03,1.22175657e-04,2.33830167e-03,1.30406328e-04,8.49333631e-06,2.22405278e-06,9.75977357e-01,5.39650627e-02,4.05326537e+05,2.20022561e+04,4.81541932e-03,2.62022603e-04,5.75615856e-03,3.10026655e-04,0.00000000e+00,0.00000000e+00
9.27500000e+01,1.98922055e-04,1.11036808e-05,2.27622587e-03,1.23770393e-04,2.36855844e-03,1.29727443e-04,8.22263199e-06,2.22030222e-06,9.76671608e-01,5.47022921e-02,4.05247708e+05,2.22478614e+04,4.84699121e-03,2.62701533e-04,5.75719227e-03,3.13903408e-04,5.43000000e+00,1.08930234e-01
9.28500000e+01,2.01777236e-04,1.14212089e-05,2.30018647e-03,1.27270538e-04,2.40212556e-03,1.36093283e-04,8.17006381e-06,2.22104390e-06,9.82684144e-01,5.63761985e-02,4.08618975e+05,2.28395120e+04,4.90743234e-03,2.72522530e-04,5.81673802e-03,3.23330134e-04,0.00000000e+00,0.00000000e+00
9.29500000e+01,2.01311625e-04,1.12941587e-05,2.29329426e-03,1.27224367e-04,2.39529115e-03,1.26255880e-04,7.87241390e-06,2.00955698e-06,9.77815291e-01,5.44031537e-02,4.07378797e+05,2.25171746e+04,4.89330456e-03,2.62809803e-04,5.79734219e-03,3.22006640e-04,5.41520000e+00,1.08741311e-01
9.30500000e+01,1.96982249e-04,1.09084347e-05,2.24602431e-03,1.21953407e-04,2.32423406e-03,1.23523446e-04,7.46759935e-06,1.80832680e-06,9.66218639e-01,5.33460735e-02,3.99908697e+05,2.17484562e+04,4.77064303e-03,2.54676935e-04,5.68081358e-03,3.09069510e-04,0.00000000e+00,0.00000000e+00
9.31500000e+01,2.00364949e-04,1.12532341e-05,2.28470734e-03,1.25256924e-04,2.36869861e-03,1.26700885e-04,7.36639507e-06,1.81227683e-06,9.74022933e-01,5.43148866e-02,4.06313590e+05,2.22751023e+04,4.85718589e-03,2.61378793e-04,5.77682279e-03,3.17008103e-04,5.40580000e+00,1.10664446e-01
9.32500000e+01,1.97863043e-04,1.13633360e-05,2.24435813e-03,1.26422160e-04,2.34034800e-03,1.27996880e-04,7.17050136e-06,1.80591365e-06,9.61225624e-01,5.51836188e-02,3.98960189e+05,2.24340768e+04,4.78587571e-03,2.63410398e-04,5.67495733e-03,3.19808809e-04,0.00000000e+00,0.00000000e+00
9.33500000e+01,1.98305852e-04,1.16114830e-05,2.26622247e-03,1.27039656e-04,2.35998430e-03,1.32500545e-04,6.84884088e-06,1.81275520e-06,9.66722415e-01,5.52237418e-02,4.02938503e+05,2.25342899e+04,4.82788159e-03,2.69118918e-04,5.73077883e-03,3.21107317e-04,5.39200000e+00,1.10020777e-01
9.34500000e+01,1.95980063e-04,1.13964341e-05,2.25063252e-03,1.24596010e-04,2.33818057e-03,1.42591805e-04,7.66347460e-06,2.39014590e-06,9.60113464e-01,5.41967150e-02,4.00503998e+05,2.23000523e+04,4.78824497e-03,2.77106367e-04,5.69422894e-03,3.14962752e-04,0.00000000e+00,0.00000000e+00
9.35500000e+01,1.97887073e-04,1.12544179e-05,2.26882851e-03,1.23925367e-04,2.37730478e-03,1.42378527e-04,1.12587834e-05,5.48862789e-06,9.59564701e-01,5.34141876e-02,4.03140361e+05,2.20980827e+04,4.84760642e-03,2.75804478e-04,5.73711392e-03,3.13292739e-04,5.38160000e+00,1.10559010e-01
9.36500000e+01,1.99803770e-04,1.10523803e-05,2.29074550e-03,1.22045700e-04,2.34126905e-03,1.36649428e-04,1.12830872e-05,5.49569250e-06,9.62016116e-01,5.27225671e-02,4.07381206e+05,2.17228345e+04,4.83565484e-03,2.67725961e-04,5.79472363e-03,3.08227394e-04,0.00000000e+00,0.00000000e+00
9.37500000e+01,1.94280027e-04,1.09779039e-05,2.23444792e-03,1.21004301e-04,2.30850367e-03,1.35335217e-04,1.14768507e-05,5.49169024e-06,9.55476839e-01,5.32639987e-02,3.98398208e+05,2.16567009e+04,4.74089725e-03,2.65629840e-04,5.65463407e-03,3.05679162e-04,5.36980000e+00,1.09908864e-01
9.38500000e+01,1.95746688e-04,1.14968832e-05,2.24272405e-03,1.24133930e-04,2.32208143e-03,1.33241830e-04,1.15825069e-05,5.49255275e-06,9.57917406e-01,5.42009706e-02,3.99241625e+05,2.22026844e+04,4.76404066e-03,2.67205859e-04,5.67307030e-03,3.14002245e-04,0.00000000e+00,0.00000000e+00
9.39500000e+01,1.96598376e-04,1.15654009e-05,2.26586524e-03,1.24092628e-04,2.33204849e-03,1.26837389e-04,1.15940676e-05,5.49479623e-06,9.65813245e-01,5.38848934e-02,4.02515155e+05,2.20366996e+04,4.79807368e-03,2.60064801e-04,5.73358522e-03,3.14290810e-04,5.36520000e+00,1.08153421e-01
9.40500000e+01,1.94115682e-04,1.15264237e-05,2.23483126e-03,1.24082009e-04,2.32262511e-03,1.29888247e-04,1.31377332e-05,6.32595898e-06,9.51679717e-01,5.34881166e-02,3.97202784e+05,2.21718109e+04,4.75500011e-03,2.63096794e-04,5.65377154e-03,3.13813540e-04,0.00000000e+00,0.00000000e+00
9.41500000e+01,1.91846878e-04,1.11026798e-05,2.22133397e-03,1.20940223e-04,2.29087331e-03,1.26570439e-04,1.36586901e-05,6.43570068e-06,9.51316787e-01,5.33229490e-02,3.95368443e+05,2.16707677e+04,4.70752126e-03,2.56418077e-04,5.62242944e-03,3.06344172e-04,5.35080000e+00,1.09131578e-01
9.42500000e+01,1.95335793e-04,1.11096742e-05,2.24287129e-03,1.22293332e-04,2.29283359e-03,1.26775228e-04,1.37026618e-05,6.44036112e-06,9.53905983e-01,5.41059764e-02,3.99923977e+05,2.19878410e+04,4.73455984e-03,2.58308033e-04,5.67627524e-03,3.09356414e-04,0.00000000e+00,0.00000000e+00
9.43500000e+01,1.94415867e-04,1.13514956e-05,2.21804771e-03,1.23125449e-04,2.30624689e-03,1.30188234e-04,1.65697678e-05,9.17806288e-06,9.53718416e-01,5.51503538e-02,3.95542299e+05,2.22725342e+04,4.72230237e-03,2.62952156e-04,5.61341815e-03,3.11332097e-04,5.33440000e+00,1.06490264e-01
9.44500000e+01,1.90527465e-04,1.14421393e-05,2.18655314e-03,1.24474186e-04,2.27148395e-03,1.29108550e-04,1.89076202e-05,1.14789211e-05,9.41076655e-01,5.60623971e-02,3.88755972e+05,2.22683219e+04,4.65225937e-03,2.62958006e-04,5.53545578e-03,3.15240659e-04,0.00000000e+00,0.00000000e+00
9.45500000e+01,1.90661496e-04,1.08208876e-05,2.20956497e-03,1.21343712e-04,2.31463094e-03,1.37653802e-04,1.84666693e-05,1.12262446e-05,9.37805715e-01,5.34287020e-02,3.93533370e+05,2.17103371e+04,4.71867120e-03,2.63454962e-04,5.59365779e-03,3.07052516e-04,5.33000000e+00,1.08508628e-01
9.46500000e+01,1.89153851e-04,1.04007140e-05,2.17348067e-03,1.19692508e-04,2.23615738e-03,1.29314262e-04,1.79557164e-05,1.06713886e-05,9.26641908e-01,5.15202136e-02,3.86726252e+05,2.13807961e+04,4.60262593e-03,2.56476876e-04,5.50419326e-03,3.04215899e-04,0.00000000e+00,0.00000000e+00
9.47500000e+01,1.92448385e-04,1.04683535e-05,2.19142933e-03,1.18056047e-04,2.27756323e-03,1.24663825e-04,1.81493818e-05,1.06859784e-05,9.34925610e-01,5.13367192e-02,3.90357514e+05,2.11732610e+04,4.66493235e-03,2.51456813e-04,5.54470895e-03,2.98899323e-04,5.32100000e+00,1.08619256e-01
9.48500000e+01,1.94312952e-04,1.04229115e-05,2.20767094e-03,1.16299845e-04,2.29957237e-03,1.12802375e-04,1.80532577e-05,1.06884482e-05,9.38174624e-01,5.09634200e-02,3.92365686e+05,2.08273235e+04,4.70511940e-03,2.36796640e-04,5.58533852e-03,2.94621003e-04,0.00000000e+00,0.00000000e+00
9.49500000e+01,1.94321680e-04,1.12027774e-05,2.19997949e-03,1.23302215e-04,2.32850786e-03,1.21407999e-04,1.80324015e-05,1.06908821e-05,9.42673363e-01,5.46902873e-02,3.91679506e+05,2.20003260e+04,4.72622434e-03,2.53001835e-04,5.56500723e-03,3.11797413e-04,5.30360000e+00,1.06128055e-01
9.50500000e+01,1.94597078e-04,1.09790256e-05,2.19781942e-03,1.16656268e-04,2.34025729e-03,1.22357264e-04,1.82784767e-05,1.06860579e-05,9.43844487e-01,5.29453392e-02,3.91569929e+05,2.07807876e+04,4.73601881e-03,2.45383647e-04,5.56083922e-03,2.95341990e-04,0.00000000e+00,0.00000000e+00
9.51500000e+01,1.93928714e-04,1.04999577e-05,2.18236074e-03,1.12094992e-04,2.32895664e-03,1.15077246e-04,1.80729934e-05,1.06891740e-05,9.41022053e-01,5.08436994e-02,3.89248515e+05,2.00424324e+04,4.70850847e-03,2.31775364e-04,5.52130475e-03,2.83946447e-04,5.30220000e+00,1.04156589e-01
9.52500000e+01,1.93960948e-04,1.03801120e-05,2.19329277e-03,1.14666439e-04,2.33559024e-03,1.19982823e-04,2.74542378e-05,1.95394308e-05,9.40669012e-01,5.15554739e-02,3.91132303e+05,2.04981103e+04,4.72657766e-03,2.39423932e-04,5.55302909e-03,2.91112446e-04,0.00000000e+00,0.00000000e+00
9.53500000e+01,1.95183968e-04,1.05168679e-05,2.21260561e-03,1.17801306e-04,2.32100719e-03,1.22673006e-04,2.87353194e-05,2.10776634e-05,9.47344690e-01,5.25627690e-02,3.93844717e+05,2.08753028e+04,4.73276881e-03,2.46155457e-04,5.60379571e-03,2.99404104e-04,5.30680000e+00,1.05379563e-01
9.54500000e+01,1.93716529e-04,1.04066633e-05,2.20321612e-03,1.16536080e-04,2.32694999e-03,1.32467524e-04,1.26058226e-05,5.71615722e-06,9.39193608e-01,5.23230670e-02,3.91243597e+05,2.08151828e+04,4.72721046e-03,2.51277152e-04,5.57425279e-03,2.96090353e-04,0.00000000e+00,0.00000000e+00
9.55500000e+01,1.94912813e-04,1.05126654e-05,2.20733963e-03,1.20368400e-04,2.31591925e-03,1.23768090e-04,6.88298461e-06,1.84572908e-06,9.38389022e-01,5.31355851e-02,3.91905820e+05,2.14936844e+04,4.72117932e-03,2.52260633e-04,5.58011073e-03,3.05379404e-04,5.30180000e+00,1.05381596e-01
9.56500000e+01,1.95322857e-04,1.09734945e-05,2.18610153e-03,1.21345474e-04,2.33588544e-03,1.35070649e-04,6.70495832e-06,1.84351092e-06,9.32342788e-01,5.34649581e-02,3.87899125e+05,2.15585662e+04,4.72022014e-03,2.64764032e-04,5.52304479e-03,3.06844701e-04,0.00000000e+00,0.00000000e+00
9.57500000e+01,1.93515063e-04,1.02826500e-05,2.17539186e-03,1.18081497e-04,2.28427518e-03,1.25736217e-04,6.37562665e-06,1.81294169e-06,9.27326358e-01,5.24601216e-02,3.86325604e+05,2.09444827e+04,4.65604008e-03,2.51053206e-04,5.49537091e-03,2.98737537e-04,5.29320000e+00,1.05654207e-01
9.58500000e+01,1.94279169e-04,1.06635227e-05,2.18615276e-03,1.21840581e-04,2.30843745e-03,1.25284531e-04,7.52536793e-06,2.00828709e-06,9.29190264e-01,5.33566466e-02,3.88365443e+05,2.15746760e+04,4.69179706e-03,2.54840835e-04,5.52582416e-03,3.08733862e-04,0.00000000e+00,0.00000000e+00
9.59500000e+01,1.92709480e-04,1.11250247e-05,2.18384186e-03,1.27772280e-04,2.31618699e-03,1.38966980e-04,7.31292781e-06,2.07232497e-06,9.24747548e-01,5.56601171e-02,3.88387660e+05,2.25833132e+04,4.69593823e-03,2.74603455e-04,5.52204857e-03,3.23649576e-04,5.28560000e+00,1.05456504e-01
9.60500000e+01,1.91075371e-04,1.04159038e-05,2.15936991e-03,1.21445418e-04,2.27102674e-03,1.27527939e-04,7.72436612e-06,2.15873254e-06,9.17872129e-01,5.25806347e-02,3.83850756e+05,2.15657196e+04,4.62420971e-03,2.56669929e-04,5.45842925e-03,3.07870712e-04,0.00000000e+00,0.00000000e+00
9.61500000e+01,1.90447693e-04,1.00135709e-05,2.15911644e-03,1.16981122e-04,2.27262285e-03,1.20933103e-04,7.63633695e-06,2.29334828e-06,9.16630536e-01,5.10116856e-02,3.83101209e+05,2.06374813e+04,4.62480405e-03,2.45063347e-04,5.45371253e-03,2.96526941e-04,5.28760000e+00,1.06549810e-01
9.62500000e+01,1.91591978e-04,9.99925227e-06,2.16106912e-03,1.16435661e-04,2.32316981e-03,1.17602211e-04,6.86790055e-06,2.21788154e-06,9.14090718e-01,4.98085315e-02,3.82967510e+05,2.05436380e+04,4.67851276e-03,2.40201769e-04,5.45795005e-03,2.95501215e-04,0.00000000e+00,0.00000000e+00
9.63500000e+01,1.91799677e-04,9.90250845e-06,2.16772879e-03,1.14182379e-04,2.38361344e-03,1.63690488e-04,1.01962939e-05,4.71168928e-06,9.08007834e-01,4.89612246e-02,3.85126251e+05,2.02301097e+04,4.74598329e-03,2.72806543e-04,5.48409862e-03,2.92072126e-04,5.28180000e+00,1.07405275e-01
9.64500000e+01,1.89619003e-04,9.28161466e-06,2.13182932e-03,1.08020423e-04,2.24196967e-03,1.09028355e-04,5.70118012e-06,1.41330897e-06,9.06247419e-01,4.76329065e-02,3.78863013e+05,1.90718133e+04,4.56570179e-03,2.24647421e-04,5.37901407e-03,2.72901195e-04,0.00000000e+00,0.00000000e+00
9.65500000e+01,1.89946708e-04,9.55588585e-06,2.14770940e-03,1.10685924e-04,2.34175760e-03,1.50077385e-04,5.58628809e-06,1.39166130e-06,9.05311246e-01,4.81029847e-02,3.80587027e+05,1.95007764e+04,4.68195325e-03,2.58877710e-04,5.41984887e-03,2.79316072e-04,5.27000000e+00,1.08440899e-01
9.66500000e+01,1.86668389e-04,9.76957156e-06,2.12515398e-03,1.13024693e-04,2.26408478e-03,1.22706524e-04,5.73554744e-06,1.39415857e-06,8.90362095e-01,4.82245964e-02,3.76375546e+05,1.99452972e+04,4.57824107e-03,2.42253340e-04,5.36209047e-03,2.85330119e-04,0.00000000e+00,0.00000000e+00
9.67500000e+01,1.90187097e-04,9.85137122e-06,2.11687589e-03,1.10256060e-04,2.32136353e-03,1.21596281e-04,5.75642944e-06,1.39471915e-06,9.00432619e-01,4.91293615e-02,3.75970824e+05,1.95989454e+04,4.63071483e-03,2.33643139e-04,5.33988625e-03,2.78263776e-04,5.25620000e+00,1.08023387e-01
9.68500000e+01,1.92093016e-04,1.00704748e-05,2.12988652e-03,1.11577418e-04,2.27452212e-03,1.19290519e-04,5.60163857e-06,1.38574111e-06,8.97312266e-01,4.86130741e-02,3.78388656e+05,1.97345284e+04,4.59862723e-03,2.36530737e-04,5.37689174e-03,2.82182184e-04,0.00000000e+00,0.00000000e+00
9.69500000e+01,1.91133139e-04,1.00199256e-05,2.12734260e-03,1.09714811e-04,2.21850626e-03,1.09673140e-04,5.67941290e-06,1.42371327e-06,8.96396706e-01,4.90237994e-02,3.78022986e+05,1.93978430e+04,4.53901742e-03,2.26295137e-04,5.37448197e-03,2.78309718e-04,5.23100000e+00,1.08969290e-01
9.70500000e+01,1.86244564e-04,9.44416597e-06,2.09597512e-03,1.05990306e-04,2.21635806e-03,1.11940503e-04,5.33809140e-06,1.32255984e-06,8.88657400e-01,4.80466709e-02,3.72161109e+05,1.88387335e+04,4.50083170e-03,2.24502302e-04,5.29151853e-03,2.68077121e-04,0.00000000e+00,0.00000000e+00
9.71500000e+01,1.86568570e-04,9.36265639e-06,2.11228371e-03,1.05361604e-04,2.29472136e-03,1.27140069e-04,5.20845838e-06,1.31658327e-06,8.88616933e-01,4.77611650e-02,3.74693033e+05,1.87247204e+04,4.59603877e-03,2.34601772e-04,5.33088891e-03,2.66071737e-04,5.22200000e+00,1.09769331e-01
9.72500000e+01,1.86421544e-04,9.55454832e-06,2.09837587e-03,1.07082443e-04,2.30456742e-03,1.27748451e-04,5.14864128e-06,1.31045228e-06,8.78268247e-01,4.68103650e-02,3.71876677e+05,1.90188691e+04,4.59165689e-03,2.36800575e-04,5.29161297e-03,2.70031510e-04,0.00000000e+00,0.00000000e+00
9.73500000e+01,1.85000467e-04,9.83683951e-06,2.08475749e-03,1.12634650e-04,2.24901692e-03,1.22007507e-04,4.84669174e-06,1.29857951e-06,8.78169916e-01,4.96796868e-02,3.70407735e+05,2.01685246e+04,4.52110998e-03,2.39071156e-04,5.25915354e-03,2.85027255e-04,5.19740000e+00,1.10088947e-01
9.74500000e+01,1.86744542e-04,9.66340226e-06,2.08459495e-03,1.09388347e-04,2.25089165e-03,1.14157430e-04,4.73313493e-06,1.30290566e-06,8.75088098e-01,4.84098163e-02,3.71654741e+05,1.95010978e+04,4.52455835e-03,2.28701358e-04,5.25681844e-03,2.76482692e-04,0.00000000e+00,0.00000000e+00
9.75500000e+01,1.87220783e-04,9.89639013e-06,2.08268127e-03,1.09141688e-04,2.25910064e-03,1.14297875e-04,4.75154986e-06,1.32620938e-06,8.78121693e-01,4.81419130e-02,3.69897828e+05,1.93027390e+04,4.53116924e-03,2.28829226e-04,5.24979389e-03,2.75624159e-04,5.18460000e+00,1.10897713e-01
9.76500000e+01,1.89432546e-04,9.91926412e-06,2.11841450e-03,1.14240598e-04,2.25247332e-03,1.14710136e-04,4.13355773e-06,1.20233402e-06,8.90646764e-01,4.94613622e-02,3.76803515e+05,2.04007003e+04,4.56249273e-03,2.35276242e-04,5.34024908e-03,2.89196259e-04,0.00000000e+00,0.00000000e+00
9.77500000e+01,1.89992944e-04,1.00641727e-05,2.10791364e-03,1.11124624e-04,2.24030642e-03,1.16360319e-04,4.11148842e-06,1.20133333e-06,8.92365108e-01,4.99961661e-02,3.74631244e+05,1.97497095e+04,4.54040989e-03,2.35162276e-04,5.31345354e-03,2.80888901e-04,5.18060000e+00,1.11750235e-01
9.78500000e+01,1.87317826e-04,1.01354263e-05,2.10073751e-03,1.12558950e-04,2.29115489e-03,1.24748159e-04,4.11705802e-06,1.20167697e-06,8.82484495e-01,4.98994730e-02,3.72586856e+05,1.98932618e+04,4.58156739e-03,2.43737931e-04,5.29628457e-03,2.83891544e-04,0.00000000e+00,0.00000000e+00
9.79500000e+01,1.86853927e-04,9.74652571e-06,2.09888184e-03,1.08532368e-04,2.27810829e-03,1.20246281e-04,4.07290585e-06,1.20049010e-06,8.81850909e-01,4.86630471e-02,3.71394962e+05,1.92183303e+04,4.56628954e-03,2.34433746e-04,5.29261580e-03,2.74303632e-04,5.16780000e+00,1.12328705e-01
9.80500000e+01,1.85349524e-04,9.67651974e-06,2.07645317e-03,1.06908995e-04,2.25273487e-03,1.17210444e-04,3.97883398e-06,1.20322073e-06,8.75092899e-01,4.81388529e-02,3.67631603e+05,1.89646692e+04,4.51682995e-03,2.31208935e-04,5.23389947e-03,2.69865662e-04,0.00000000e+00,0.00000000e+00
9.81500000e+01,1.84461118e-04,9.85880879e-06,2.06936293e-03,1.05953567e-04,2.23388187e-03,1.21774043e-04,3.99343347e-06,1.20660123e-06,8.71444537e-01,4.73635435e-02,3.66797376e+05,1.88227022e+04,4.49007962e-03,2.35572801e-04,5.21678967e-03,2.67343389e-04,5.15460000e+00,1.11770249e-01
9.82500000e+01,1.86223635e-04,1.04696479e-05,2.10992395e-03,1.14705460e-04,2.27975219e-03,1.30156328e-04,3.91636799e-06,1.18866727e-06,8.78941542e-01,4.85617854e-02,3.73517400e+05,2.03093614e+04,4.57862996e-03,2.51604852e-04,5.32002232e-03,2.88938608e-04,0.00000000e+00,0.00000000e+00
9.83500000e+01,1.85364300e-04,9.99488909e-06,2.09632988e-03,1.11636115e-04,2.27363050e-03,1.26009918e-04,3.55203522e-06,1.15189077e-06,8.84214114e-01,4.91813039e-02,3.70752883e+05,1.97133868e+04,4.55802888e-03,2.44963139e-04,5.28556349e-03,2.81832243e-04,5.15060000e+00,1.11566000e-01
9.84500000e+01,1.83418733e-04,9.70997075e-06,2.07275279e-03,1.09674424e-04,2.25900628e-03,1.31734926e-04,3.51681898e-06,1.14195072e-06,8.78822026e-01,4.91745656e-02,3.67049661e+05,1.93660884e+04,4.51745397e-03,2.49402221e-04,5.22213327e-03,2.76385631e-04,0.00000000e+00,0.00000000e+00
9.85500000e+01,1.83679457e-04,8.98220848e-06,2.06375223e-03,1.03713356e-04,2.26615450e-03,1.14122037e-04,3.51657103e-06,1.15554655e-06,8.68022409e-01,4.62216225e-02,3.65438914e+05,1.82273547e+04,4.51567754e-03,2.21179517e-04,5.19697154e-03,2.61706586e-04,5.14920000e+00,1.13969505e-01
9.86500000e+01,1.81734416e-04,8.90483360e-06,2.04531389e-03,1.04584413e-04,2.24442076e-03,1.08464886e-04,3.62378935e-06,1.18287280e-06,8.52888891e-01,4.49312735e-02,3.62703332e+05,1.83589212e+04,4.47351921e-03,2.17995111e-04,5.14814793e-03,2.63559577e-04,0.00000000e+00,0.00000000e+00
9.87500000e+01,1.81154549e-04,9.14027278e-06,2.01855949e-03,1.01175426e-04,2.24792404e-03,1.13065988e-04,3.71183519e-06,1.19462965e-06,8.53563116e-01,4.60884111e-02,3.58605901e+05,1.79145090e+04,4.44971173e-03,2.20053585e-04,5.08395712e-03,2.55320573e-04,5.14060000e+00,1.13136511e-01
9.88500000e+01,1.80899777e-04,8.97032342e-06,2.01424587e-03,9.99513130e-05,2.26402873e-03,1.14328844e-04,2.99260034e-06,9.16188083e-07,8.50918293e-01,4.54669746e-02,3.57362444e+05,1.78014186e+04,4.46107161e-03,2.19312145e-04,5.07058931e-03,2.51862888e-04,0.00000000e+00,0.00000000e+00
9.89500000e+01,1.84801759e-04,9.37196877e-06,2.05956811e-03,1.03910216e-04,2.35162405e-03,1.24825884e-04,2.90619327e-06,9.07295634e-07,8.58168868e-01,4.54359924e-02,3.65239311e+05,1.84789792e+04,4.59796259e-03,2.33256893e-04,5.18397892e-03,2.62098951e-04,5.13000000e+00,1.12472037e-01
9.90500000e+01,1.83813811e-04,9.47330630e-06,2.05430706e-03,1.03417432e-04,2.34574837e-03,1.20739783e-04,2.90628704e-06,9.06738125e-07,8.56474499e-01,4.48730859e-02,3.64016347e+05,1.83861982e+04,4.58589734e-03,2.30025273e-04,5.17254592e-03,2.60842756e-04,0.00000000e+00,0.00000000e+00
9.91500000e+01,1.85010108e-04,9.77044926e-06,2.06224068e-03,1.05154166e-04,2.32045367e-03,1.24951971e-04,2.66976721e-06,8.49700582e-07,8.56974383e-01,4.49123803e-02,3.65617713e+05,1.86879306e+04,4.56982495e-03,2.36029999e-04,5.19204985e-03,2.65026388e-04,5.11420000e+00,1.10456969e-01
9.92500000e+01,1.83536961e-04,9.53141157e-06,2.04443720e-03,1.03287735e-04,2.29756053e-03,1.16167800e-04,2.81013279e-06,9.81257034e-07,8.48088308e-01,4.40663419e-02,3.62293730e+05,1.83260993e+04,4.52756035e-03,2.26128719e-04,5.14494891e-03,2.59828748e-04,0.00000000e+00,0.00000000e+00
9.93500000e+01,1.86902528e-04,9.38278163e-06,2.08484511e-03,1.01612765e-04,2.33616781e-03,1.15636227e-04,2.78398063e-06,9.81261970e-07,8.54246011e-01,4.33771963e-02,3.68837328e+05,1.80049599e+04,4.60992874e-03,2.23379362e-04,5.24360181e-03,2.55063305e-04,5.11160000e+00,1.10306941e-01
9.94500000e+01,1.82863999e-04,9.04481733e-06,2.04796214e-03,9.99922360e-05,2.28419559e-03,1.12677812e-04,3.46269056e-06,1.20554169e-06,8.39187833e-01,4.28157228e-02,3.61546194e+05,1.77080943e+04,4.51702816e-03,2.19223842e-04,5.15154840e-03,2.51260775e-04,0.00000000e+00,0.00000000e+00
9.95500000e+01,1.81880505e-04,9.01367044e-06,2.03659436e-03,1.03447499e-04,2.23546243e-03,1.15051355e-04,4.88916681e-06,2.34035713e-06,8.36631854e-01,4.37138889e-02,3.60209348e+05,1.82319065e+04,4.45599363e-03,2.24240860e-04,5.12492623e-03,2.60765358e-04,5.09560000e+00,1.12030302e-01
9.96500000e+01,1.79757318e-04,8.65402772e-06,2.01505536e-03,9.92966564e-05,2.21185155e-03,1.12846430e-04,3.63656397e-06,1.47306303e-06,8.32024524e-01,4.30039969e-02,3.57339098e+05,1.74998802e+04,4.40844271e-03,2.18083474e-04,5.06891256e-03,2.50353090e-04,0.00000000e+00,0.00000000e+00
9.97500000e+01,1.80432637e-04,8.56178570e-06,2.02280300e-03,9.89399933e-05,2.25641113e-03,1.14442960e-04,3.45533160e-06,1.35804223e-06,8.41051582e-01,4.30166857e-02,3.59197492e+05,1.74041922e+04,4.46138276e-03,2.19182695e-04,5.08552736e-03,2.48998540e-04,5.08320000e+00,1.12462035e-01
9.98500000e+01,1.79123285e-04,8.86978211e-06,2.00303723e-03,1.02246410e-04,2.30341162e-03,1.29336051e-04,4.21665575e-06,1.99136825e-06,8.24251412e-01,4.34767851e-02,3.55206333e+05,1.79881654e+04,4.48731311e-03,2.34624380e-04,5.03392698e-03,2.57242607e-04,0.00000000e+00,0.00000000e+00
9.99500000e+01,1.79234849e-04,9.20811302e-06,2.00048759e-03,1.03275676e-04,2.29373599e-03,1.23139456e-04,4.21565355e-06,1.99119084e-06,8.30905749e-01,4.40277420e-02,3.55088586e+05,1.82948376e+04,4.47516405e-03,2.30782167e-04,5.02768424e-03,2.59741792e-04,5.06560000e+00,1.10975327e-01
1.00050000e+02,3.65120907e-04,1.91718371e-05,1.78662831e-19,1.02009173e-20,1.03378103e-04,9.30509457e-06,3.99103582e-06,2.60839893e-06,8.38947108e-01,4.51524445e-02,2.73212220e+03,1.45515032e+02,4.65418182e-04,2.50028462e-05,4.55573413e-19,2.66231290e-20,0.00000000e+00,0.00000000e+00
1.00150000e+02,3.65687981e-04,1.83768916e-05,0.00000000e+00,0.00000000e+00,9.90263765e-05,8.17245967e-06,3.99103582e-06,2.60839893e-06,8.40501225e-01,4.45807830e-02,2.72622670e+03,1.41634630e+02,4.61875566e-04,2.37338395e-05,0.00000000e+00,0.00000000e+00,5.05560000e+00,1.10520535e-01
1.00250000e+02,3.68618843e-04,1.95352741e-05,0.00000000e+00,0.00000000e+00,1.00694381e-04,8.23115221e-06,3.99103582e-06,2.60839893e-06,8.49180029e-01,4.69939731e-02,2.75227259e+03,1.50336808e+02,4.66548618e-04,2.49804760e-05,0.00000000e+00,0.00000000e+00,0.00000000e+00,0.00000000e+00
1.00350000e+02,3.66459144e-04,1.91189065e-05,0.00000000e+00,0.00000000e+00,1.02027917e-04,8.29183808e-06,3.99103582e-06,2.60839893e-06,8.42340247e-01,4.54854172e-02,2.72766579e+03,1.46073994e+02,4.65731211e-04,2.47250496e-05,0.00000000e+00,0.00000000e+00,5.04760000e+00,1.09223441e-01
1.00450000e+02,3.69606499e-04,1.94487916e-05,0.00000000e+00,0.00000000e+00,1.05250198e-04,8.20836356e-06,3.96198982e-06,2.58148406e-06,8.42074159e-01,4.59800659e-02,2.71431751e+03,1.45327064e+02,4.71980164e-04,2.49394960e-05,0.00000000e+00,0.00000000e+00,0.00000000e+00,0.00000000e+00
1.00550000e+02,3.69489512e-04,1.93508611e-05,0.00000000e+00,0.00000000e+00,1.10286630e-04,1.44617632e-05,3.49492157e-06,2.15629382e-06,8.37192189e-01,4.47054073e-02,2.70209906e+03,1.43642988e+02,4.77091120e-04,2.82411894e-05,0.00000000e+00,0.00000000e+00,5.05080000e+00,1.09021563e-01
1.00650000e+02,3.75487835e-04,1.95831275e-05,0.00000000e+00,0.00000000e+00,9.24873160e-05,5.74392311e-06,3.44927736e-06,2.11568967e-06,8.54317094e-01,4.64358954e-02,2.74566206e+03,1.47352878e+02,4.65403606e-04,2.34115226e-05,0.00000000e+00,0.00000000e+00,0.00000000e+00,0.00000000e+00
1.00750000e+02,3.67364739e-04,1.89993396e-05,0.00000000e+00,0.00000000e+00,8.85513592e-05,5.31628560e-06,3.08660048e-06,1.80165521e-06,8.41287575e-01,4.49012626e-02,2.69485504e+03,1.42607049e+02,4.53371390e-04,2.25250468e-05,0.00000000e+00,0.00000000e+00,5.03780000e+00,1.08238320e-01
1.00850000e+02,3.70255237e-04,1.88479234e-05,0.00000000e+00,0.00000000e+00,9.38423968e-05,6.19886644e-06,3.05296155e-06,1.77346881e-06,8.44085814e-01,4.38780551e-02,2.70336096e+03,1.39257436e+02,4.61622418e-04,2.22224155e-05,0.00000000e+00,0.00000000e+00,0.00000000e+00,0.00000000e+00
1.00950000e+02,3.69498606e-04,1.87871521e-05,0.00000000e+00,0.00000000e+00,1.14700859e-04,1.60797379e-05,3.05296155e-06,1.77346881e-06,8.49290764e-01,4.46832116e-02,2.69673577e+03,1.38594475e+02,4.81750933e-04,2.64134886e-05,0.00000000e+00,0.00000000e+00,5.02180000e+00,1.07855417e-01
1.01050000e+02,3.66320738e-04,1.82312875e-05,0.00000000e+00,0.00000000e+00,1.07985641e-04,1.33458363e-05,3.05296155e-06,1.77346881e-06,8.42812499e-01,4.43556936e-02,2.69896774e+03,1.38431406e+02,4.71885187e-04,2.52240260e-05,0.00000000e+00,0.00000000e+00,0.00000000e+00,0.00000000e+00
1.01150000e+02,3.69658746e-04,1.86655918e-05,0.00000000e+00,0.00000000e+00,1.01520048e-04,8.63416477e-06,3.05296155e-06,1.77346881e-06,8.46981705e-01,4.46192226e-02,2.71399623e+03,1.41548109e+02,4.68465213e-04,2.42168998e-05,0.00000000e+00,0.00000000e+00,5.01200000e+00,1.06869365e-01
1.01250000e+02,3.67191675e-04,1.90264023e-05,0.00000000e+00,0.00000000e+00,1.05496937e-04,9.91858511e-06,3.03950966e-06,1.77335139e-06,8.39499101e-01,4.56479346e-02,2.66755786e+03,1.44623300e+02,4.70635346e-04,2.60638755e-05,0.00000000e+00,0.00000000e+00,0.00000000e+00,0.00000000e+00
1.01350000e+02,3.74880045e-04,1.93849180e-05,0.00000000e+00,0.00000000e+00,1.20571592e-04,1.49293162e-05,3.03625167e-06,1.77333831e-06,8.45339103e-01,4.47561010e-02,2.71020840e+03,1.45941412e+02,4.93436538e-04,3.06288170e-05,0.00000000e+00,0.00000000e+00,4.99440000e+00,1.06719606e-01
1.01450000e+02,3.76109934e-04,1.82594048e-05,0.00000000e+00,0.00000000e+00,1.18156900e-04,1.42460290e-05,3.03625167e-06,1.77333831e-06,8.53723525e-01,4.51222411e-02,2.75962669e+03,1.54163926e+02,4.92160446e-04,2.99630861e-05,0.00000000e+00,0.00000000e+00,0.00000000e+00,0.00000000e+00
1.01550000e+02,3.73680380e-04,1.94001137e-05,0.00000000e+00,0.00000000e+00,1.11950967e-04,1.17160391e-05,3.03625167e-06,1.77333831e-06,8.47224036e-01,4.40291822e-02,2.70159726e+03,1.45876188e+02,4.83659532e-04,2.92148567e-05,0.00000000e+00,0.00000000e+00,4.98220000e+00,1.05478227e-01
1.01650000e+02,3.66494434e-04,1.79728581e-05,0.00000000e+00,0.00000000e+00,1.12833521e-04,1.41358929e-05,3.03625167e-06,1.77333831e-06,8.38343830e-01,4.49223487e-02,2.66497711e+03,1.38573498e+02,4.77359006e-04,2.73733561e-05,0.00000000e+00,0.00000000e+00,0.00000000e+00,0.00000000e+00
1.01750000e+02,3.60722185e-04,1.78691200e-05,0.00000000e+00,0.00000000e+00,1.13864035e-04,1.61858648e-05,3.03629762e-06,1.77333671e-06,8.23552324e-01,4.42306267e-02,2.63199741e+03,1.37816638e+02,4.72612482e-04,2.76590852e-05,0.00000000e+00,0.00000000e+00,4.98520000e+00,1.06395581e-01
1.01850000e+02,3.60645287e-04,1.79906823e-05,0.00000000e+00,0.00000000e+00,1.04985591e-04,1.35007915e-05,3.03632316e-06,1.77333583e-06,8.23871819e-01,4.44166848e-02,2.63599749e+03,1.38682187e+02,4.63652696e-04,2.52315504e-05,0.00000000e+00,0.00000000e+00,0.00000000e+00,0.00000000e+00
1.01950000e+02,3.60340474e-04,1.79962322e-05,0.00000000e+00,0.00000000e+00,1.00838526e-04,1.31531328e-05,3.03632316e-06,1.77333583e-06,8.18853958e-01,4.44579249e-02,2.61959762e+03,1.36553610e+02,4.59193241e-04,2.49358418e-05,0.00000000e+00,0.00000000e+00,4.96860000e+00,1.05135097e-01
1.02050000e+02,3.67390190e-04,1.99725221e-05,0.00000000e+00,0.00000000e+00,1.00591821e-04,1.30671158e-05,3.03632316e-06,1.77333583e-06,8.30359273e-01,4.81416895e-02,2.64743049e+03,1.48161089e+02,4.66027639e-04,2.62409689e-05,0.00000000e+00,0.00000000e+00,0.00000000e+00,0.00000000e+00
1.02150000e+02,3.64733649e-04,1.88670840e-05,0.00000000e+00,0.00000000e+00,1.02471798e-04,1.28498694e-05,3.03579736e-06,1.77335411e-06,8.21573725e-01,4.46118119e-02,2.62058615e+03,1.39337560e+02,4.65333690e-04,2.53102501e-05,0.00000000e+00,0.00000000e+00,4.95100000e+00,1.05874493e-01
1.02250000e+02,3.69007294e-04,2.01316371e-05,0.00000000e+00,0.00000000e+00,1.04191612e-04,1.32772336e-05,2.38308646e-06,1.27948670e-06,8.15024163e-01,4.42458474e-02,2.62995289e+03,1.45647317e+02,4.71368813e-04,2.83121830e-05,0.00000000e+00,0.00000000e+00,0.00000000e+00,0.00000000e+00
1.02350000e+02,3.69400323e-04,2.02731957e-05,0.00000000e+00,0.00000000e+00,1.06231957e-04,1.40402500e-05,1.52333122e-06,9.75378886e-07,8.20982604e-01,4.40164091e-02,2.63334948e+03,1.45057043e+02,4.73844540e-04,2.90061251e-05,0.00000000e+00,0.00000000e+00,4.94300000e+00,1.06691717e-01
1.02450000e+02,3.60367118e-04,1.87718691e-05,0.00000000e+00,0.00000000e+00,1.10492398e-04,1.47866908e-05,1.52333122e-06,9.75378886e-07,8.13837736e-01,4.44188368e-02,2.59821526e+03,1.39386648e+02,4.69053984e-04,2.82980875e-05,0.00000000e+00,0.00000000e+00,0.00000000e+00,0.00000000e+00
1.02550000e+02,3.68615183e-04,1.89462817e-05,0.00000000e+00,0.00000000e+00,1.09727567e-04,1.22461314e-05,1.52333122e-06,9.75378886e-07,8.19664986e-01,4.44177275e-02,2.63048600e+03,1.37773894e+02,4.76099950e-04,2.69796027e-05,0.00000000e+00,0.00000000e+00,4.94840000e+00,1.06768626e-01
1.02650000e+02,3.62624232e-04,1.90850972e-05,0.00000000e+00,0.00000000e+00,9.72686814e-05,8.78079162e-06,1.52333122e-06,9.75378886e-07,8.14007965e-01,4.48787507e-02,2.60654009e+03,1.38371269e+02,4.57053819e-04,2.53297024e-05,0.00000000e+00,0.00000000e+00,0.00000000e+00,0.00000000e+00
1.02750000e+02,3.57150729e-04,1.81008752e-05,0.00000000e+00,0.00000000e+00,1.00387488e-04,9.15927816e-06,1.52333122e-06,9.75378886e-07,8.03060036e-01,4.40075501e-02,2.56850494e+03,1.31890485e+02,4.54619991e-04,2.47539787e-05,0.00000000e+00,0.00000000e+00,4.94460000e+00,1.08060909e-01
1.02850000e+02,3.59379459e-04,1.77960102e-05,0.00000000e+00,0.00000000e+00,1.04123224e-04,9.59537172e-06,1.52333122e-06,9.75378886e-07,8.08155479e-01,4.37644610e-02,2.58153029e+03,1.31589285e+02,4.60420298e-04,2.50063197e-05,0.00000000e+00,0.00000000e+00,0.00000000e+00,0.00000000e+00
1.02950000e+02,3.57984664e-04,1.74743995e-05,0.00000000e+00,0.00000000e+00,1.07685495e-04,1.00264633e-05,1.52331726e-06,9.75379322e-07,8.04819661e-01,4.31626473e-02,2.55528438e+03,1.30031403e+02,4.62769822e-04,2.42983308e-05,0.00000000e+00,0.00000000e+00,4.93620000e+00,1.08493540e-01
1.03050000e+02,3.59686807e-04,1.81275130e-05,0.00000000e+00,0.00000000e+00,1.10730451e-04,9.98143211e-06,1.52330071e-06,9.75379840e-07,8.03390646e-01,4.21545267e-02,2.56168828e+03,1.31583763e+02,4.67510540e-04,2.39833201e-05,0.00000000e+00,0.00000000e+00,0.00000000e+00,0.00000000e+00
1.03150000e+02,3.57433895e-04,1.74863191e-05,0.00000000e+00,0.00000000e+00,1.06334474e-04,9.26077597e-06,1.52330071e-06,9.75379840e-07,7.94250507e-01,4.17800445e-02,2.53496243e+03,1.26682321e+02,4.60818232e-04,2.26604148e-05,0.00000000e+00,0.00000000e+00,4.93520000e+00,1.08550088e-01
1.03250000e+02,3.61158342e-04,1.82055262e-05,0.00000000e+00,0.00000000e+00,1.03664628e-04,9.63824883e-06,1.52295516e-06,9.75203586e-07,7.98417288e-01,4.33762075e-02,2.55070198e+03,1.31577899e+02,4.61546394e-04,2.45635691e-05,0.00000000e+00,0.00000000e+00,0.00000000e+00,0.00000000e+00
1.03350000e+02,3.57177370e-04,1.76024463e-05,0.00000000e+00,0.00000000e+00,1.11532569e-04,1.02756509e-05,1.52213423e-06,9.74785227e-07,7.96333159e-01,4.35273396e-02,2.53464303e+03,1.36211516e+02,4.65282432e-04,2.39336651e-05,0.00000000e+00,0.00000000e+00,4.92800000e+00,1.07068546e-01
1.03450000e+02,3.56447807e-04,1.74049507e-05,0.00000000e+00,0.00000000e+00,1.07471537e-04,9.60592236e-06,1.52213423e-06,9.74785227e-07,7.91410081e-01,4.23850570e-02,2.50807477e+03,1.27954740e+02,4.60650503e-04,2.32765456e-05,0.00000000e+00,0.00000000e+00,0.00000000e+00,0.00000000e+00
1.03550000e+02,3.54298146e-04,1.74298541e-05,0.00000000e+00,0.00000000e+00,1.01277873e-04,8.80452792e-06,1.52213423e-06,9.74785227e-07,7.87355437e-01,4.21222626e-02,2.49309842e+03,1.28161157e+02,4.52407289e-04,2.26642721e-05,0.00000000e+00,0.00000000e+00,4.93120000e+00,1.06819183e-01
1.03650000e+02,3.55576907e-04,1.74947442e-05,0.00000000e+00,0.00000000e+00,9.77291135e-05,8.62748131e-06,1.52213423e-06,9.74785227e-07,7.86231158e-01,4.09786447e-02,2.49728622e+03,1.27426827e+02,4.50898193e-04,2.29681398e-05,0.00000000e+00,0.00000000e+00,0.00000000e+00,0.00000000e+00
1.03750000e+02,3.51501028e-04,1.68720567e-05,0.00000000e+00,0.00000000e+00,9.38670943e-05,9.14021245e-06,1.52213423e-06,9.74785227e-07,7.84195912e-01,4.14012741e-02,2.47783501e+03,1.30396205e+02,4.43973845e-04,2.30479143e-05,0.00000000e+00,0.00000000e+00,4.91360000e+00,1.08047140e-01
1.03850000e+02,3.52135632e-04,1.75693710e-05,0.00000000e+00,0.00000000e+00,9.05505973e-05,8.57854558e-06,1.52213423e-06,9.74785227e-07,7.79541875e-01,4.11640303e-02,2.47496077e+03,1.31820355e+02,4.41392051e-04,2.30312171e-05,0.00000000e+00,0.00000000e+00,0.00000000e+00,0.00000000e+00
1.03950000e+02,3.46564421e-04,1.68826745e-05,0.00000000e+00,0.00000000e+00,8.61990615e-05,8.02016263e-06,1.52213423e-06,9.74785227e-07,7.71112344e-01,4.06279904e-02,2.43363180e+03,1.26109185e+02,4.31482474e-04,2.26096449e-05,0.00000000e+00,0.00000000e+00,4.90520000e+00,1.08097175e-01
1.04050000e+02,3.46406911e-04,1.68829342e-05,0.00000000e+00,0.00000000e+00,8.23147512e-05,7.30693982e-06,1.52213423e-06,9.74785227e-07,7.71256874e-01,4.06336015e-02,2.43524339e+03,1.26157343e+02,4.27455271e-04,2.22510422e-05,0.00000000e+00,0.00000000e+00,0.00000000e+00,0.00000000e+00
1.04150000e+02,3.49616092e-04,1.74954164e-05,0.00000000e+00,0.00000000e+00,8.49515752e-05,7.70352579e-06,1.52213423e-06,9.74785227e-07,7.80094858e-01,4.13799540e-02,2.46303374e+03,1.29795765e+02,4.33330354e-04,2.31307013e-05,0.00000000e+00,0.00000000e+00,4.88820000e+00,1.06810032e-01
1.04250000e+02,3.48063079e-04,1.80323629e-05,0.00000000e+00,0.00000000e+00,8.83267597e-05,8.30310278e-06,1.34898807e-06,8.99035078e-07,7.68840676e-01,4.15766409e-02,2.43054891e+03,1.30627321e+02,4.35172180e-04,2.36773767e-05,0.00000000e+00,0.00000000e+00,0.00000000e+00,0.00000000e+00
1.04350000e+02,3.52482258e-04,1.77712798e-05,0.00000000e+00,0.00000000e+00,8.23743835e-05,7.27241588e-06,1.00515656e-06,8.39136621e-07,7.72418552e-01,4.07153869e-02,2.44340635e+03,1.25618396e+02,4.33674162e-04,2.31214843e-05,0.00000000e+00,0.00000000e+00,4.88220000e+00,1.07411203e-01
1.04450000e+02,3.58409998e-04,1.95137638e-05,0.00000000e+00,0.00000000e+00,8.07887894e-05,6.86324855e-06,1.00515656e-06,8.39136621e-07,7.67114993e-01,4.09500886e-02,2.46859979e+03,1.29470764e+02,4.38034756e-04,2.41484676e-05,0.00000000e+00,0.00000000e+00,0.00000000e+00,0.00000000e+00
1.04550000e+02,3.41004948e-04,1.73322598e-05,0.00000000e+00,0.00000000e+00,1.04601195e-04,1.50181754e-05,1.00515656e-06,8.39136621e-07,7.54224160e-01,4.05894181e-02,2.37483186e+03,1.22260952e+02,4.44473736e-04,2.77224606e-05,0.00000000e+00,0.00000000e+00,4.87040000e+00,1.06995693e-01
1.04650000e+02,3.42722649e-04,1.79526942e-05,0.00000000e+00,0.00000000e+00,1.25965449e-04,3.05093959e-05,1.00515656e-06,8.39136621e-07,7.54350842e-01,4.02808399e-02,2.37698854e+03,1.23479967e+02,4.67564162e-04,4.07179067e-05,0.00000000e+00,0.00000000e+00,0.00000000e+00,0.00000000e+00
1.04750000e+02,3.39086225e-04,1.78954650e-05,0.00000000e+00,0.00000000e+00,1.05993620e-04,1.33225837e-05,1.00515656e-06,8.39136621e-07,7.59343913e-01,4.03397560e-02,2.37071556e+03,1.25304481e+02,4.43972171e-04,2.78921207e-05,0.00000000e+00,0.00000000e+00,4.86020000e+00,1.06504954e-01
1.04850000e+02,3.36868313e-04,1.81669339e-05,0.00000000e+00,0.00000000e+00,1.16662739e-04,1.84643091e-05,1.00515656e-06,8.39136621e-07,7.53426739e-01,4.08636925e-02,2.34149700e+03,1.24452886e+02,4.52435982e-04,3.12613794e-05,0.00000000e+00,0.00000000e+00,0.00000000e+00,0.00000000e+00
1.04950000e+02,3.43223162e-04,1.81796892e-05,0.00000000e+00,0.00000000e+00,1.21745617e-04,2.24884722e-05,1.00515656e-06,8.39136621e-07,7.67477125e-01,4.18669941e-02,2.38598892e+03,1.24845546e+02,4.63903424e-04,3.50648366e-05,0.00000000e+00,0.00000000e+00,4.85340000e+00,1.06952063e-01
1.05050000e+02,3.40774675e-04,1.77189726e-05,0.00000000e+00,0.00000000e+00,1.16427666e-04,1.72287906e-05,1.13378405e-06,9.66715714e-07,7.65640143e-01,4.11951536e-02,2.37579526e+03,1.23557120e+02,4.56144660e-04,3.19533522e-05,0.00000000e+00,0.00000000e+00,0.00000000e+00,0.00000000e+00
1.05150000e+02,3.34385871e-04,1.70372485e-05,0.00000000e+00,0.00000000e+00,1.12915652e-04,1.89715973e-05,1.14793064e-06,9.80763718e-07,7.50381977e-01,4.02842147e-02,2.32358561e+03,1.20141500e+02,4.46257954e-04,3.25270126e-05,0.00000000e+00,0.00000000e+00,4.83720000e+00,1.07217132e-01
1.05250000e+02,3.34949740e-04,1.71383955e-05,0.00000000e+00,0.00000000e+00,9.87506926e-05,1.30688191e-05,1.14793064e-06,9.80763718e-07,7.49288823e-01,3.99002853e-02,2.31158881e+03,1.19565885e+02,4.32655952e-04,2.71389921e-05,0.00000000e+00,0.00000000e+00,0.00000000e+00,0.00000000e+00
1.05350000e+02,3.38508221e-04,1.74522971e-05,0.00000000e+00,0.00000000e+00,1.01688103e-04,1.13296269e-05,1.14793064e-06,9.80763718e-07,7.50149734e-01,3.96998181e-02,2.33037609e+03,1.20784840e+02,4.39140017e-04,2.37521398e-05,0.00000000e+00,0.00000000e+00,4.83820000e+00,1.06526107e-01
1.05450000e+02,3.35314742e-04,1.62680260e-05,0.00000000e+00,0.00000000e+00,9.78214618e-05,1.16725623e-05,1.14793064e-06,9.80763718e-07,7.42817188e-01,3.79003140e-02,2.31183871e+03,1.14086424e+02,4.32079400e-04,2.27905257e-05,0.00000000e+00,0.00000000e+00,0.00000000e+00,0.00000000e+00
1.05550000e+02,3.34283759e-04,1.67938863e-05,0.00000000e+00,0.00000000e+00,9.25234225e-05,9.14376270e-06,1.14289845e-06,9.75766274e-07,7.44720243e-01,3.91522227e-02,2.30270330e+03,1.18437404e+02,4.25750704e-04,2.32950311e-05,0.00000000e+00,0.00000000e+00,4.83080000e+00,1.05044535e-01
1.05650000e+02,3.36725475e-04,1.76065213e-05,0.00000000e+00,0.00000000e+00,8.51057482e-05,7.80261880e-06,1.14080299e-06,9.73923338e-07,7.48617645e-01,4.08173872e-02,2.32125847e+03,1.24890910e+02,4.20776159e-04,2.31043090e-05,0.00000000e+00,0.00000000e+00,0.00000000e+00,0.00000000e+00
1.05750000e+02,3.35804347e-04,1.65906261e-05,0.00000000e+00,0.00000000e+00,8.53713674e-05,6.91222283e-06,1.14075556e-06,9.73924055e-07,7.43929738e-01,3.99807366e-02,2.31124446e+03,1.19110112e+02,4.20134092e-04,2.07607295e-05,0.00000000e+00,0.00000000e+00,4.82720000e+00,1.06046982e-01
1.05850000e+02,3.34279786e-04,1.71658037e-05,0.00000000e+00,0.00000000e+00,8.26475685e-05,6.78437990e-06,1.14075556e-06,9.73924055e-07,7.42253660e-01,4.01234981e-02,2.30928387e+03,1.20019197e+02,4.15890260e-04,2.15933439e-05,0.00000000e+00,0.00000000e+00,0.00000000e+00,0.00000000e+00
1.05950000e+02,3.38006754e-04,1.71307075e-05,0.00000000e+00,0.00000000e+00,9.29377571e-05,1.36820199e-05,1.14075556e-06,9.73924055e-07,7.44102247e-01,4.03394937e-02,2.32628862e+03,1.18185754e+02,4.29907418e-04,2.56878581e-05,0.00000000e+00,0.00000000e+00,4.81980000e+00,1.06573148e-01
1.06050000e+02,3.37386949e-04,1.68925116e-05,0.00000000e+00,0.00000000e+00,9.20946257e-05,9.78975751e-06,1.14075556e-06,9.73924055e-07,7.46831216e-01,4.04976368e-02,2.31884375e+03,1.18042047e+02,4.28444502e-04,2.25529211e-05,0.00000000e+00,0.00000000e+00,0.00000000e+00,0.00000000e+00
1.06150000e+02,3.41231191e-04,1.73164082e-05,0.00000000e+00,0.00000000e+00,1.00672206e-04,1.13362687e-05,1.14075556e-06,9.73924055e-07,7.45239931e-01,3.90616040e-02,2.32372126e+03,1.18832970e+02,4.40866479e-04,2.30985212e-05,0.00000000e+00,0.00000000e+00,4.81460000e+00,1.06523624e-01
1.06250000e+02,3.36456072e-04,1.67117099e-05,0.00000000e+00,0.00000000e+00,9.00090439e-05,7.03595670e-06,1.14075556e-06,9.73924055e-07,7.38623847e-01,3.86312753e-02,2.30023003e+03,1.17624542e+02,4.25433416e-04,2.10890789e-05,0.00000000e+00,0.00000000e+00,0.00000000e+00,0.00000000e+00
1.06350000e+02,3.40161982e-04,1.70622032e-05,0.00000000e+00,0.00000000e+00,8.99120842e-05,6.93773896e-06,1.14075556e-06,9.73924055e-07,7.38737468e-01,3.87278782e-02,2.32408490e+03,1.22129358e+02,4.29049570e-04,2.16539704e-05,0.00000000e+00,0.00000000e+00,4.80520000e+00,1.06893134e-01
1.06450000e+02,3.38454935e-04,1.63135221e-05,0.00000000e+00,0.00000000e+00,8.15517567e-05,5.60337818e-06,1.14075556e-06,9.73924055e-07,7.34729247e-01,3.83582795e-02,2.30078539e+03,1.16728670e+02,4.18996928e-04,2.07372041e-05,0.00000000e+00,0.00000000e+00,0.00000000e+00,0.00000000e+00
1.06550000e+02,3.44226808e-04,1.70807140e-05,0.00000000e+00,0.00000000e+00,8.54681158e-05,7.63971543e-06,1.14075556e-06,9.73924055e-07,7.39806567e-01,3.93983544e-02,2.32359996e+03,1.20004941e+02,4.28721457e-04,2.32952465e-05,0.00000000e+00,0.00000000e+00,4.80140000e+00,1.07402736e-01
1.06650000e+02,3.43060526e-04,1.72042844e-05,0.00000000e+00,0.00000000e+00,8.95394976e-05,9.20331317e-06,1.14075556e-06,9.73924055e-07,7.38504090e-01,3.95631152e-02,2.31539486e+03,1.19581069e+02,4.31627679e-04,2.40009541e-05,0.00000000e+00,0.00000000e+00,0.00000000e+00,0.00000000e+00
1.06750000e+02,3.35750390e-04,1.80014312e-05,0.00000000e+00,0.00000000e+00,8.74881863e-05,9.04473196e-06,1.12053437e-06,9.72600652e-07,7.31474936e-01,3.99498477e-02,2.28052867e+03,1.21292423e+02,4.22259470e-04,2.41462485e-05,0.00000000e+00,0.00000000e+00,4.79840000e+00,1.04862343e-01
1.06850000e+02,3.35564591e-04,1.73263255e-05,0.00000000e+00,0.00000000e+00,8.11405202e-05,7.40735129e-06,1.04553643e-06,9.71359346e-07,7.31636880e-01,3.99927960e-02,2.27435230e+03,1.19626280e+02,4.15808396e-04,2.17602479e-05,0.00000000e+00,0.00000000e+00,0.00000000e+00,0.00000000e+00
1.06950000e+02,3.34097284e-04,1.71323375e-05,0.00000000e+00,0.00000000e+00,8.94680125e-05,1.26976652e-05,1.04548409e-06,9.71360471e-07,7.27027381e-01,3.96392398e-02,2.26809868e+03,1.18443013e+02,4.22697452e-04,2.47964268e-05,0.00000000e+00,0.00000000e+00,4.78840000e+00,1.03932223e-01
1.07050000e+02,3.36505032e-04,1.76068852e-05,0.00000000e+00,0.00000000e+00,8.30672051e-05,7.74468503e-06,1.04548409e-06,9.71360471e-07,7.32054925e-01,3.95926136e-02,2.27377528e+03,1.18798650e+02,4.18719363e-04,2.27523475e-05,0.00000000e+00,0.00000000e+00,0.00000000e+00,0.00000000e+00
1.07150000e+02,3.38479316e-04,1.79282821e-05,0.00000000e+00,0.00000000e+00,9.49584360e-05,1.13140804e-05,1.04548409e-06,9.71360471e-07,7.32600614e-01,3.98686741e-02,2.27419194e+03,1.20018631e+02,4.32587589e-04,2.57104258e-05,0.00000000e+00,0.00000000e+00,4.77680000e+00,1.03955030e-01
1.07250000e+02,3.36249328e-04,1.75545891e-05,0.00000000e+00,0.00000000e+00,8.63324763e-05,8.35896359e-06,1.04548409e-06,9.71360471e-07,7.31293823e-01,3.98381316e-02,2.26830486e+03,1.18574464e+02,4.21730392e-04,2.33011476e-05,0.00000000e+00,0.00000000e+00,0.00000000e+00,0.00000000e+00
1.07350000e+02,3.33009135e-04,1.70109268e-05,0.00000000e+00,0.00000000e+00,8.74810009e-05,9.70745785e-06,1.04548409e-06,9.71360471e-07,7.27378728e-01,3.88972448e-02,2.25543666e+03,1.16494222e+02,4.19638797e-04,2.38674577e-05,0.00000000e+00,0.00000000e+00,4.77120000e+00,1.01729790e-01
1.07450000e+02,3.35793621e-04,1.69544316e-05,0.00000000e+00,0.00000000e+00,9.50263840e-05,1.32087864e-05,1.04548409e-06,9.71360471e-07,7.27368310e-01,3.90071895e-02,2.26614910e+03,1.16608979e+02,4.29969092e-04,2.54352374e-05,0.00000000e+00,0.00000000e+00,0.00000000e+00,0.00000000e+00
1.07550000e+02,3.36397003e-04,1.76086118e-05,0.00000000e+00,0.00000000e+00,9.03432578e-05,1.16994834e-05,1.04548409e-06,9.71360471e-07,7.26011518e-01,3.88649947e-02,2.25947190e+03,1.18538973e+02,4.25897683e-04,2.52541507e-05,0.00000000e+00,0.00000000e+00,4.75480000e+00,1.02685269e-01
1.07650000e+02,3.34734007e-04,1.75042511e-05,0.00000000e+00,0.00000000e+00,9.15806847e-05,1.17584424e-05,1.04548409e-06,9.71360471e-07,7.24720100e-01,3.79973897e-02,2.25357921e+03,1.18202537e+02,4.25476740e-04,2.54079821e-05,0.00000000e+00,0.00000000e+00,0.00000000e+00,0.00000000e+00
1.07750000e+02,3.31495779e-04,1.76883426e-05,0.00000000e+00,0.00000000e+00,9.00688708e-05,1.09706536e-05,1.04548409e-06,9.71360471e-07,7.09775904e-01,3.80881625e-02,2.22518645e+03,1.18510836e+02,4.20727235e-04,2.51048240e-05,0.00000000e+00,0.00000000e+00,4.74080000e+00,1.03639422e-01
1.07850000e+02,3.24494078e-04,1.66105990e-05,0.00000000e+00,0.00000000e+00,8.27239010e-05,7.34550229e-06,1.12115633e-06,9.77879302e-07,6.97785180e-01,3.68209901e-02,2.18652704e+03,1.11960104e+02,4.06314681e-04,2.16490038e-05,0.00000000e+00,0.00000000e+00,0.00000000e+00,0.00000000e+00
1.07950000e+02,3.29151280e-04,1.73896976e-05,0.00000000e+00,0.00000000e+00,9.37203195e-05,1.14933814e-05,1.21769070e-06,9.94525862e-07,7.03079811e-01,3.77758431e-02,2.22013090e+03,1.15242710e+02,4.21884271e-04,2.34850276e-05,0.00000000e+00,0.00000000e+00,4.73080000e+00,1.03201345e-01
1.08050000e+02,3.29794378e-04,1.86593967e-05,0.00000000e+00,0.00000000e+00,9.35936240e-05,1.37211025e-05,1.21769070e-06,9.94525862e-07,7.08434649e-01,3.88181167e-02,2.21728531e+03,1.20825366e+02,4.22399952e-04,2.60249503e-05,0.00000000e+00,0.00000000e+00,0.00000000e+00,0.00000000e+00
1.08150000e+02,3.30299646e-04,1.83888900e-05,0.00000000e+00,0.00000000e+00,9.71641789e-05,1.40160758e-05,1.21769070e-06,9.94525862e-07,7.10493450e-01,3.75122098e-02,2.23741747e+03,1.22015780e+02,4.26475488e-04,2.64388147e-05,0.00000000e+00,0.00000000e+00,4.72120000e+00,1.02570489e-01
1.08250000e+02,3.27130427e-04,1.78036507e-05,0.00000000e+00,0.00000000e+00,9.57824565e-05,1.39606967e-05,1.21769070e-06,9.94525862e-07,7.05050883e-01,3.78242911e-02,2.19688338e+03,1.17532591e+02,4.22009393e-04,2.59984417e-05,0.00000000e+00,0.00000000e+00,0.00000000e+00,0.00000000e+00
1.08350000e+02,3.28570596e-04,1.89704687e-05,0.00000000e+00,0.00000000e+00,8.99567513e-05,1.00177586e-05,1.21769070e-06,9.94525862e-07,7.09562659e-01,4.03989727e-02,2.21314333e+03,1.27383237e+02,4.17620212e-04,2.48084577e-05,0.00000000e+00,0.00000000e+00,4.70520000e+00,1.02000896e-01
1.08450000e+02,3.29335513e-04,1.83424119e-05,0.00000000e+00,0.00000000e+00,8.24600208e-05,6.37741219e-06,1.21769070e-06,9.94525862e-07,7.09982780e-01,3.77616159e-02,2.22051407e+03,1.21060471e+02,4.10865624e-04,2.20749374e-05,0.00000000e+00,0.00000000e+00,0.00000000e+00,0.00000000e+00
1.08550000e+02,3.34789456e-04,2.17282202e-05,0.00000000e+00,0.00000000e+00,8.24859400e-05,7.74355902e-06,1.21769070e-06,9.94525862e-07,7.04545243e-01,4.06329044e-02,2.22991057e+03,1.35541959e+02,4.16359844e-04,2.61001192e-05,0.00000000e+00,0.00000000e+00,4.71000000e+00,1.01846623e-01
1.08650000e+02,3.34637618e-04,2.07315815e-05,0.00000000e+00,0.00000000e+00,7.62528519e-05,6.11151599e-06,1.21769070e-06,9.94525862e-07,7.07584298e-01,3.98215531e-02,2.23203013e+03,1.30428009e+02,4.09994478e-04,2.46133915e-05,0.00000000e+00,0.00000000e+00,0.00000000e+00,0.00000000e+00
1.08750000e+02,3.28929067e-04,1.90448126e-05,0.00000000e+00,0.00000000e+00,8.35406326e-05,8.30848854e-06,1.21769070e-06,9.94525862e-07,7.04114560e-01,3.84273235e-02,2.19347776e+03,1.22220680e+02,4.11574637e-04,2.33953035e-05,0.00000000e+00,0.00000000e+00,4.70380000e+00,1.02081956e-01
1.08850000e+02,3.29421855e-04,1.92594142e-05,0.00000000e+00,0.00000000e+00,9.13449798e-05,1.22091863e-05,1.21769070e-06,9.94525862e-07,7.05777864e-01,4.11996615e-02,2.20018241e+03,1.26141647e+02,4.19884043e-04,2.56080991e-05,0.00000000e+00,0.00000000e+00,0.00000000e+00,0.00000000e+00
1.08950000e+02,3.31281841e-04,1.90235852e-05,0.00000000e+00,0.00000000e+00,8.59418583e-05,8.95268246e-06,1.21769070e-06,9.94525862e-07,7.03278569e-01,4.09101685e-02,2.20484922e+03,1.24681310e+02,4.16359333e-04,2.40180577e-05,0.00000000e+00,0.00000000e+00,4.69880000e+00,1.01263302e-01
1.09050000e+02,3.26686397e-04,1.82929448e-05,0.00000000e+00,0.00000000e+00,7.44356360e-05,5.28078288e-06,1.21769070e-06,9.94525862e-07,6.93712357e-01,3.96922022e-02,2.16196988e+03,1.18607610e+02,4.00308878e-04,2.19558301e-05,0.00000000e+00,0.00000000e+00,0.00000000e+00,0.00000000e+00
1.09150000e+02,3.31291608e-04,1.83043325e-05,0.00000000e+00,0.00000000e+00,8.92764338e-05,1.55455082e-05,1.25597290e-06,1.00362518e-06,6.99178020e-01,4.02769721e-02,2.17969859e+03,1.18917354e+02,4.19727866e-04,2.66409329e-05,0.00000000e+00,0.00000000e+00,4.69660000e+00,1.01150367e-01
1.09250000e+02,3.30679844e-04,1.81014123e-05,0.00000000e+00,0.00000000e+00,1.28458607e-04,5.15043252e-05,1.36828343e-06,1.03803545e-06,6.92634057e-01,3.79536790e-02,2.17183125e+03,1.16326929e+02,4.58214850e-04,5.64369966e-05,0.00000000e+00,0.00000000e+00,0.00000000e+00,0.00000000e+00
1.09350000e+02,3.32405738e-04,1.80705633e-05,0.00000000e+00,0.00000000e+00,8.19462778e-05,6.15286367e-06,1.36828343e-06,1.03803545e-06,6.95875584e-01,3.80180699e-02,2.18630305e+03,1.16034508e+02,4.13428467e-04,2.18064127e-05,0.00000000e+00,0.00000000e+00,4.69440000e+00,9.92626530e-02
1.09450000e+02,3.31916969e-04,1.86952830e-05,0.00000000e+00,0.00000000e+00,8.86427119e-05,7.14363257e-06,1.36828343e-06,1.03803545e-06,6.87511790e-01,3.79628972e-02,2.17271052e+03,1.17927075e+02,4.19640208e-04,2.26248739e-05,0.00000000e+00,0.00000000e+00,0.00000000e+00,0.00000000e+00
1.09550000e+02,3.36463392e-04,1.99212467e-05,0.00000000e+00,0.00000000e+00,8.32431058e-05,5.69922435e-06,1.36828343e-06,1.03803545e-06,6.98024500e-01,4.08294242e-02,2.20353369e+03,1.26551923e+02,4.18789774e-04,2.34704085e-05,0.00000000e+00,0.00000000e+00,4.68440000e+00,9.94639346e-02
1.09650000e+02,3.27169242e-04,1.83009416e-05,0.00000000e+00,0.00000000e+00,8.20740836e-05,5.71315866e-06,1.36828343e-06,1.03803545e-06,6.93288762e-01,4.07998379e-02,2.15502888e+03,1.21101839e+02,4.08326911e-04,2.18502623e-05,0.00000000e+00,0.00000000e+00,0.00000000e+00,0.00000000e+00
1.09750000e+02,3.26385420e-04,1.85009497e-05,0.00000000e+00,0.00000000e+00,8.75370845e-05,7.42055840e-06,1.36828343e-06,1.03803545e-06,6.74131834e-01,3.77436542e-02,2.13072435e+03,1.16466613e+02,4.12963894e-04,2.23196335e-05,0.00000000e+00,0.00000000e+00,4.67040000e+00,1.00280814e-01
1.09850000e+02,3.26560530e-04,1.79279955e-05,0.00000000e+00,0.00000000e+00,9.14202646e-05,7.29115705e-06,1.36828343e-06,1.03803545e-06,6.74857365e-01,3.76738366e-02,2.13766140e+03,1.15479016e+02,4.16573589e-04,2.18310659e-05,0.00000000e+00,0.00000000e+00,0.00000000e+00,0.00000000e+00
1.09950000e+02,3.28162257e-04,1.79529416e-05,0.00000000e+00,0.00000000e+00,8.96556592e-05,7.07544897e-06,1.36828343e-06,1.03803545e-06,6.72851344e-01,3.83110031e-02,2.13942674e+03,1.15944277e+02,4.16710760e-04,2.26828570e-05,0.00000000e+00,0.00000000e+00,4.65440000e+00,1.00318741e-01
1.10050000e+02,3.23751007e-04,1.81174241e-05,0.00000000e+00,0.00000000e+00,8.35590946e-05,6.70676946e-06,1.36828343e-06,1.03803545e-06,6.73728895e-01,3.77784357e-02,2.12623620e+03,1.16727144e+02,4.06245214e-04,2.30086417e-05,0.00000000e+00,0.00000000e+00,0.00000000e+00,0.00000000e+00
1.10150000e+02,3.23056412e-04,1.76904032e-05,0.00000000e+00,0.00000000e+00,9.32632829e-05,1.08943005e-05,1.36828343e-06,1.03803545e-06,6.72244916e-01,3.73146521e-02,2.12035284e+03,1.15099999e+02,4.15280230e-04,2.50845830e-05,0.00000000e+00,0.00000000e+00,4.64420000e+00,9.97724309e-02
1.10250000e+02,3.24679737e-04,1.78487384e-05,0.00000000e+00,0.00000000e+00,8.55076503e-05,6.97227554e-06,1.36828343e-06,1.03803545e-06,6.75065920e-01,3.77502126e-02,2.14939173e+03,1.17549268e+02,4.09132321e-04,2.24012261e-05,0.00000000e+00,0.00000000e+00,0.00000000e+00,0.00000000e+00
1.10350000e+02,3.25412870e-04,1.81456434e-05,0.00000000e+00,0.00000000e+00,9.17095372e-05,8.03034129e-06,1.55331276e-06,1.11726290e-06,6.70592803e-01,3.85742853e-02,2.13574859e+03,1.18760489e+02,4.15928042e-04,2.29834799e-05,0.00000000e+00,0.00000000e+00,4.64680000e+00,1.00268798e-01
1.10450000e+02,3.19546652e-04,1.85826103e-05,0.00000000e+00,0.00000000e+00,9.11140311e-05,8.04001622e-06,1.03304252e-06,9.70849252e-07,6.57787984e-01,3.86177292e-02,2.09366860e+03,1.19555391e+02,4.09858293e-04,2.35450624e-05,0.00000000e+00,0.00000000e+00,0.00000000e+00,0.00000000e+00
1.10550000e+02,3.23043799e-04,1.91981203e-05,0.00000000e+00,0.00000000e+00,9.05093761e-05,8.13385228e-06,1.03304252e-06,9.70849252e-07,6.58137801e-01,3.75902817e-02,2.10087299e+03,1.18602033e+02,4.12763404e-04,2.45275064e-05,0.00000000e+00,0.00000000e+00,4.63020000e+00,9.83560753e-02
1.10650000e+02,3.18717487e-04,1.90654484e-05,0.00000000e+00,0.00000000e+00,8.69748822e-05,7.79978432e-06,1.03304252e-06,9.70849252e-07,6.56651810e-01,3.88490262e-02,2.07430952e+03,1.21354997e+02,4.04902598e-04,2.37581758e-05,0.00000000e+00,0.00000000e+00,0.00000000e+00,0.00000000e+00
1.10750000e+02,3.14650576e-04,1.79192135e-05,0.00000000e+00,0.00000000e+00,9.27279337e-05,8.96872287e-06,1.03304252e-06,9.70849252e-07,6.54167042e-01,3.79034331e-02,2.05737547e+03,1.16803107e+02,4.06610526e-04,2.40590855e-05,0.00000000e+00,0.00000000e+00,4.62940000e+00,9.97009447e-02
1.10850000e+02,3.13297114e-04,1.74833855e-05,0.00000000e+00,0.00000000e+00,1.00326132e-04,1.15448124e-05,1.03304252e-06,9.70849252e-07,6.55939657e-01,3.80509786e-02,2.04381911e+03,1.15634896e+02,4.12876916e-04,2.49613531e-05,0.00000000e+00,0.00000000e+00,0.00000000e+00,0.00000000e+00
1.10950000e+02,3.12874230e-04,1.79482622e-05,0.00000000e+00,0.00000000e+00,9.72551633e-05,1.21762592e-05,1.03304252e-06,9.70849252e-07,6.55681146e-01,3.90064889e-02,2.04194651e+03,1.18432905e+02,4.09378782e-04,2.51685183e-05,0.00000000e+00,0.00000000e+00,4.62560000e+00,1.00853161e-01
1.11050000e+02,3.08829006e-04,1.76238757e-05,0.00000000e+00,0.00000000e+00,9.20710092e-05,1.20579560e-05,1.03304252e-06,9.70849252e-07,6.51459040e-01,3.82169464e-02,2.01293122e+03,1.14720458e+02,4.00146873e-04,2.49219912e-05,0.00000000e+00,0.00000000e+00,0.00000000e+00,0.00000000e+00
1.11150000e+02,3.15724636e-04,1.88625785e-05,0.00000000e+00,0.00000000e+00,9.58250441e-05,1.04334091e-05,1.03304252e-06,9.70849252e-07,6.58500095e-01,3.82501132e-02,2.04223829e+03,1.19178765e+02,4.10809508e-04,2.51555458e-05,0.00000000e+00,0.00000000e+00,4.62040000e+00,1.00386177e-01
1.11250000e+02,3.16236622e-04,1.92468187e-05,0.00000000e+00,0.00000000e+00,1.04009138e-04,1.32842251e-05,1.03304252e-06,9.70849252e-07,6.60691133e-01,3.85996840e-02,2.04471322e+03,1.22063406e+02,4.19506574e-04,2.83183954e-05,0.00000000e+00,0.00000000e+00,0.00000000e+00,0.00000000e+00
1.11350000e+02,3.19528750e-04,1.90595221e-05,0.00000000e+00,0.00000000e+00,1.11986408e-04,1.63291226e-05,1.03304252e-06,9.70849252e-07,6.62763258e-01,3.77944493e-02,2.06397389e+03,1.20141902e+02,4.30771569e-04,3.00435404e-05,0.00000000e+00,0.00000000e+00,4.61900000e+00,1.01728430e-01
1.11450000e+02,3.17147108e-04,1.79232271e-05,0.00000000e+00,0.00000000e+00,1.07893840e-04,1.25568825e-05,1.03304252e-06,9.70849252e-07,6.59012201e-01,3.62585193e-02,2.05260103e+03,1.14321818e+02,4.24295934e-04,2.59976552e-05,0.00000000e+00,0.00000000e+00,0.00000000e+00,0.00000000e+00
1.11550000e+02,3.18301476e-04,1.79783385e-05,0.00000000e+00,0.00000000e+00,1.03774738e-04,1.18806870e-05,1.03304252e-06,9.70849252e-07,6.57995769e-01,3.64809718e-02,2.05154264e+03,1.12882931e+02,4.21331201e-04,2.50387248e-05,0.00000000e+00,0.00000000e+00,4.62500000e+00,1.01994898e-01
1.11650000e+02,3.14644744e-04,1.78483498e-05,0.00000000e+00,0.00000000e+00,9.88230782e-05,1.15569736e-05,1.03304252e-06,9.70849252e-07,6.52169963e-01,3.55468527e-02,2.03001302e+03,1.11090023e+02,4.12722606e-04,2.47560303e-05,0.00000000e+00,0.00000000e+00,0.00000000e+00,0.00000000e+00
1.11750000e+02,3.04697022e-04,1.75960562e-05,0.00000000e+00,0.00000000e+00,8.83567665e-05,9.08124527e-06,1.03304252e-06,9.70849252e-07,6.41330537e-01,3.64320739e-02,1.98269388e+03,1.13124992e+02,3.92318812e-04,2.35414490e-05,0.00000000e+00,0.00000000e+00,4.60820000e+00,1.02802640e-01
1.11850000e+02,3.05851838e-04,1.72295931e-05,0.00000000e+00,0.00000000e+00,8.52140965e-05,9.51621169e-06,1.03287819e-06,9.70852762e-07,6.46007944e-01,3.57647168e-02,1.98992915e+03,1.12372782e+02,3.90526843e-04,2.35044426e-05,0.00000000e+00,0.00000000e+00,0.00000000e+00,0.00000000e+00
1.11950000e+02,3.03453283e-04,1.71840935e-05,0.00000000e+00,0.00000000e+00,9.13956830e-05,1.33738699e-05,1.03281615e-06,9.70854095e-07,6.40599326e-01,3.63378620e-02,1.97989509e+03,1.14517824e+02,3.94318138e-04,2.61124109e-05,0.00000000e+00,0.00000000e+00,4.59960000e+00,1.03676876e-01
1.12050000e+02,3.08353688e-04,1.77376911e-05,0.00000000e+00,0.00000000e+00,8.75153166e-05,9.44718437e-06,1.05426013e-06,9.92265446e-07,6.41746157e-01,3.66877665e-02,1.99106576e+03,1.15412037e+02,3.95337378e-04,2.31323040e-05,0.00000000e+00,0.00000000e+00,0.00000000e+00,0.00000000e+00
1.12150000e+02,3.11365068e-04,1.85528786e-05,0.00000000e+00,0.00000000e+00,8.38653446e-05,7.84168156e-06,1.05880148e-06,9.96800070e-07,6.43722870e-01,3.73765599e-02,2.00916761e+03,1.16850595e+02,3.94698607e-04,2.31247286e-05,0.00000000e+00,0.00000000e+00,4.59240000e+00,1.03920519e-01
1.12250000e+02,3.10725506e-04,1.86101599e-05,0.00000000e+00,0.00000000e+00,8.39652995e-05,7.55791243e-06,1.05880148e-06,9.96800070e-07,6.40736152e-01,3.69855817e-02,2.00050572e+03,1.17975542e+02,3.94163617e-04,2.30214447e-05,0.00000000e+00,0.00000000e+00,0.00000000e+00,0.00000000e+00
1.12350000e+02,3.06956885e-04,1.78411194e-05,0.00000000e+00,0.00000000e+00,8.33830048e-05,7.44574849e-06,1.05880148e-06,9.96800070e-07,6.30327714e-01,3.64380841e-02,1.96965807e+03,1.14663769e+02,3.89823584e-04,2.22229295e-05,0.00000000e+00,0.00000000e+00,4.58560000e+00,1.04494179e-01
1.12450000e+02,3.02412531e-04,1.66335840e-05,0.00000000e+00,0.00000000e+00,9.33074574e-05,1.07465820e-05,1.05880148e-06,9.96800070e-07,6.22569791e-01,3.56152025e-02,1.94739925e+03,1.09848046e+02,3.95204010e-04,2.26193986e-05,0.00000000e+00,0.00000000e+00,0.00000000e+00,0.00000000e+00
1.12550000e+02,3.03206102e-04,1.73033469e-05,0.00000000e+00,0.00000000e+00,1.00824266e-04,1.24606756e-05,1.05880148e-06,9.96800070e-07,6.25459596e-01,3.62226605e-02,1.95315611e+03,1.13729017e+02,4.03514673e-04,2.35593784e-05,0.00000000e+00,0.00000000e+00,4.58340000e+00,1.05479125e-01
1.12650000e+02,3.00235575e-04,1.68059960e-05,0.00000000e+00,0.00000000e+00,1.02550681e-04,1.23273530e-05,1.05880148e-06,9.96800070e-07,6.24323717e-01,3.54606598e-02,1.93184406e+03,1.10153138e+02,4.02270560e-04,2.35882694e-05,0.00000000e+00,0.00000000e+00,0.00000000e+00,0.00000000e+00
1.12750000e+02,2.97980868e-04,1.68830073e-05,0.00000000e+00,0.00000000e+00,1.01134620e-04,1.24018298e-05,1.05880148e-06,9.96800070e-07,6.20559980e-01,3.65862418e-02,1.91335450e+03,1.10321874e+02,3.98599792e-04,2.38525950e-05,0.00000000e+00,0.00000000e+00,4.57760000e+00,1.06281705e-01
1.12850000e+02,2.98648121e-04,1.63070346e-05,0.00000000e+00,0.00000000e+00,9.87922143e-05,1.16824537e-05,1.05880148e-06,9.96800070e-07,6.17993969e-01,3.40066124e-02,1.90858939e+03,1.04269905e+02,3.96920712e-04,2.34444949e-05,0.00000000e+00,0.00000000e+00,0.00000000e+00,0.00000000e+00
1.12950000e+02,3.00512078e-04,1.62370682e-05,0.00000000e+00,0.00000000e+00,1.00901937e-04,1.18924964e-05,1.05880148e-06,9.96800070e-07,6.24171583e-01,3.44194963e-02,1.91933615e+03,1.04426467e+02,4.00928798e-04,2.33802517e-05,0.00000000e+00,0.00000000e+00,4.56080000e+00,1.08074366e-01
1.13050000e+02,3.06195969e-04,1.71333267e-05,0.00000000e+00,0.00000000e+00,9.88774743e-05,1.12727596e-05,1.05880148e-06,9.96800070e-07,6.34257051e-01,3.51504643e-02,1.95851597e+03,1.09427599e+02,4.04617227e-04,2.36271649e-05,0.00000000e+00,0.00000000e+00,0.00000000e+00,0.00000000e+00
1.13150000e+02,3.12490625e-04,1.85738522e-05,0.00000000e+00,0.00000000e+00,9.89319494e-05,1.15837823e-05,1.05880148e-06,9.96800070e-07,6.32011030e-01,3.54277365e-02,1.97236871e+03,1.14382218e+02,4.10982765e-04,2.53140857e-05,0.00000000e+00,0.00000000e+00,4.54620000e+00,1.10713047e-01
1.13250000e+02,3.12815242e-04,1.83669446e-05,0.00000000e+00,0.00000000e+00,1.01816783e-04,1.47385047e-05,1.05880148e-06,9.96800070e-07,6.30968686e-01,3.41458492e-02,1.97030571e+03,1.11799208e+02,4.14192216e-04,2.65706965e-05,0.00000000e+00,0.00000000e+00,0.00000000e+00,0.00000000e+00
1.13350000e+02,3.14063367e-04,1.79043321e-05,0.00000000e+00,0.00000000e+00,9.97397172e-05,1.48242771e-05,1.05880148e-06,9.96800070e-07,6.29427111e-01,3.35234720e-02,1.97384807e+03,1.09210295e+02,4.13377293e-04,2.58453739e-05,0.00000000e+00,0.00000000e+00,4.54200000e+00,1.11252241e-01
1.13450000e+02,3.17125461e-04,1.80117199e-05,0.00000000e+00,0.00000000e+00,1.01357204e-04,1.49581737e-05,1.05880148e-06,9.96800070e-07,6.30470515e-01,3.33353374e-02,1.99177520e+03,1.09956370e+02,4.18087797e-04,2.55236537e-05,0.00000000e+00,0.00000000e+00,0.00000000e+00,0.00000000e+00
1.13550000e+02,3.19362721e-04,1.83083315e-05,0.00000000e+00,0.00000000e+00,1.09878412e-04,1.58559806e-05,1.05880148e-06,9.96800070e-07,6.30904203e-01,3.39364069e-02,1.99753725e+03,1.10258908e+02,4.28847026e-04,2.72245514e-05,0.00000000e+00,0.00000000e+00,4.54900000e+00,1.10202133e-01
1.13650000e+02,3.19033878e-04,1.86036145e-05,0.00000000e+00,0.00000000e+00,1.13912365e-04,1.62744829e-05,1.05880148e-06,9.96800070e-07,6.27206330e-01,3.46465776e-02,1.99064779e+03,1.11620010e+02,4.32552136e-04,2.81205873e-05,0.00000000e+00,0.00000000e+00,0.00000000e+00,0.00000000e+00
1.13750000e+02,3.15367409e-04,1.87643273e-05,0.00000000e+00,0.00000000e+00,1.24247982e-04,2.08721280e-05,1.05880148e-06,9.96800070e-07,6.21568260e-01,3.50395734e-02,1.97538750e+03,1.15042449e+02,4.39221284e-04,3.23364122e-05,0.00000000e+00,0.00000000e+00,4.53560000e+00,1.11254135e-01
1.13850000e+02,3.14260474e-04,1.89717984e-05,0.00000000e+00,0.00000000e+00,1.23112504e-04,1.88250830e-05,1.05880148e-06,9.96800070e-07,6.24750500e-01,3.54737558e-02,1.97622964e+03,1.15263733e+02,4.36978986e-04,3.12392563e-05,0.00000000e+00,0.00000000e+00,0.00000000e+00,0.00000000e+00
1.13950000e+02,3.21411126e-04,2.21933221e-05,0.00000000e+00,0.00000000e+00,1.10076539e-04,1.59229165e-05,1.05880148e-06,9.96800070e-07,6.26978618e-01,3.61704539e-02,1.99987283e+03,1.27083778e+02,4.31093911e-04,3.07617119e-05,0.00000000e+00,0.00000000e+00,4.53040000e+00,1.09773407e-01
1.14050000e+02,3.18607682e-04,2.02081560e-05,0.00000000e+00,0.00000000e+00,1.07569291e-04,1.55349929e-05,1.05880148e-06,9.96800070e-07,6.26191624e-01,3.48588073e-02,1.98206144e+03,1.19359695e+02,4.25783290e-04,2.92897204e-05,0.00000000e+00,0.00000000e+00,0.00000000e+00,0.00000000e+00
1.14150000e+02,3.09911697e-04,1.87699624e-05,0.00000000e+00,0.00000000e+00,1.02416969e-04,1.50967768e-05,1.05880148e-06,9.96800070e-07,6.16461011e-01,3.43304364e-02,1.93956072e+03,1.12903415e+02,4.11941021e-04,2.73900907e-05,0.00000000e+00,0.00000000e+00,4.52400000e+00,1.09728422e-01
1.14250000e+02,3.21676164e-04,1.92085436e-05,0.00000000e+00,0.00000000e+00,1.12506213e-04,1.60292151e-05,1.05880148e-06,9.96800070e-07,6.30550070e-01,3.51380550e-02,2.00064329e+03,1.14646348e+02,4.33796968e-04,2.79192575e-05,0.00000000e+00,0.00000000e+00,0.00000000e+00,0.00000000e+00
1.14350000e+02,3.16799746e-04,1.91317177e-05,0.00000000e+00,0.00000000e+00,1.05111996e-04,1.60162343e-05,1.05880148e-06,9.96800070e-07,6.20558369e-01,3.45986303e-02,1.98940802e+03,1.15867891e+02,4.21526334e-04,2.67615747e-05,0.00000000e+00,0.00000000e+00,4.49880000e+00,1.10058107e-01
1.14450000e+02,3.17041386e-04,1.93449059e-05,0.00000000e+00,0.00000000e+00,1.05254920e-04,1.47985862e-05,1.05880148e-06,9.96800070e-07,6.18353715e-01,3.48970516e-02,1.97688826e+03,1.16292075e+02,4.21909677e-04,2.68283412e-05,0.00000000e+00,0.00000000e+00,0.00000000e+00,0.00000000e+00
1.14550000e+02,3.13642667e-04,1.88730057e-05,0.00000000e+00,0.00000000e+00,9.03092810e-05,9.75998735e-06,1.05880148e-06,9.96800070e-07,6.13523232e-01,3.42399940e-02,1.95917298e+03,1.13751626e+02,4.03564972e-04,2.30267665e-05,0.00000000e+00,0.00000000e+00,4.48880000e+00,1.12627484e-01
1.14650000e+02,3.05812030e-04,1.82474115e-05,0.00000000e+00,0.00000000e+00,7.83975706e-05,6.66839925e-06,1.05880148e-06,9.96800070e-07,6.02122464e-01,3.41343536e-02,1.90758078e+03,1.11044122e+02,3.83824938e-04,2.19916239e-05,0.00000000e+00,0.00000000e+00,0.00000000e+00,0.00000000e+00
1.14750000e+02,3.06802011e-04,1.82477916e-05,0.00000000e+00,0.00000000e+00,7.09271631e-05,6.18103059e-06,1.05880148e-06,9.96800070e-07,6.07048508e-01,3.47343654e-02,1.92090851e+03,1.12730398e+02,3.77344512e-04,2.23605244e-05,0.00000000e+00,0.00000000e+00,4.47860000e+00,1.12701886e-01
1.14850000e+02,3.06540658e-04,1.76937755e-05,0.00000000e+00,0.00000000e+00,7.37089557e-05,6.64835915e-06,1.05880148e-06,9.96800070e-07,6.07033608e-01,3.37629738e-02,1.91798452e+03,1.08887942e+02,3.79870562e-04,2.22177760e-05,0.00000000e+00,0.00000000e+00,0.00000000e+00,0.00000000e+00
1.14950000e+02,3.02040051e-04,1.67214114e-05,0.00000000e+00,0.00000000e+00,7.15596653e-05,6.45996086e-06,1.05880148e-06,9.96800070e-07,5.95592544e-01,3.13774278e-02,1.87326732e+03,1.01045387e+02,3.73262022e-04,2.10625815e-05,0.00000000e+00,0.00000000e+00,4.47440000e+00,1.12908184e-01
1.15050000e+02,3.01371120e-04,1.73785922e-05,0.00000000e+00,0.00000000e+00,7.12018203e-05,6.30004001e-06,1.05880148e-06,9.96800070e-07,5.97926521e-01,3.20347252e-02,1.87764700e+03,1.03846375e+02,3.72235246e-04,2.16554417e-05,0.00000000e+00,0.00000000e+00,0.00000000e+00,0.00000000e+00
1.15150000e+02,2.97279109e-04,1.76804231e-05,0.00000000e+00,0.00000000e+00,7.48380745e-05,6.52388221e-06,1.05880148e-06,9.96800070e-07,5.89582952e-01,3.21195631e-02,1.85241032e+03,1.05804056e+02,3.71779458e-04,2.20310399e-05,0.00000000e+00,0.00000000e+00,4.46900000e+00,1.13821288e-01
1.15250000e+02,2.94061123e-04,1.77079942e-05,0.00000000e+00,0.00000000e+00,7.46887673e-05,6.59064256e-06,1.05880148e-06,9.96800070e-07,5.88258218e-01,3.34039331e-02,1.83858250e+03,1.07110408e+02,3.68412129e-04,2.21362334e-05,0.00000000e+00,0.00000000e+00,0.00000000e+00,0.00000000e+00
1.15350000e+02,2.90912425e-04,1.73809058e-05,0.00000000e+00,0.00000000e+00,7.51156129e-05,6.57755795e-06,1.05880148e-06,9.96800070e-07,5.84833457e-01,3.21359094e-02,1.81480394e+03,1.03791591e+02,3.65690279e-04,2.22234232e-05,0.00000000e+00,0.00000000e+00,4.45400000e+00,1.15516586e-01
1.15450000e+02,2.92682706e-04,1.72557515e-05,0.00000000e+00,0.00000000e+00,7.65244090e-05,6.59113453e-06,1.05880148e-06,9.96800070e-07,5.82858325e-01,3.14392355e-02,1.82279433e+03,1.03303520e+02,3.68869385e-04,2.23799438e-05,0.00000000e+00,0.00000000e+00,0.00000000e+00,0.00000000e+00
1.15550000e+02,2.91845380e-04,1.70864452e-05,0.00000000e+00,0.00000000e+00,7.68350037e-05,6.75426866e-06,1.05880148e-06,9.96800070e-07,5.83940551e-01,3.17359400e-02,1.81488148e+03,1.02640669e+02,3.68339345e-04,2.19176904e-05,0.00000000e+00,0.00000000e+00,4.43100000e+00,1.15174136e-01
1.15650000e+02,2.89972427e-04,1.66791297e-05,0.00000000e+00,0.00000000e+00,1.01878222e-04,2.70254700e-05,1.05880148e-06,9.96800070e-07,5.87569032e-01,3.31613352e-02,1.81245071e+03,1.01686478e+02,3.91500408e-04,3.58618399e-05,0.00000000e+00,0.00000000e+00,0.00000000e+00,0.00000000e+00
1.15750000e+02,2.88095695e-04,1.66663842e-05,0.00000000e+00,0.00000000e+00,8.54870749e-05,9.40120252e-06,1.05880148e-06,9.96800070e-07,5.83350252e-01,3.28517409e-02,1.80188117e+03,1.01628300e+02,3.73232517e-04,2.38532502e-05,0.00000000e+00,0.00000000e+00,4.43180000e+00,1.15498455e-01
1.15850000e+02,2.97355554e-04,1.74459559e-05,0.00000000e+00,0.00000000e+00,8.06497448e-05,7.72235928e-06,1.05880148e-06,9.96800070e-07,5.92229228e-01,3.29724282e-02,1.85010803e+03,1.03345209e+02,3.77655045e-04,2.29300309e-05,0.00000000e+00,0.00000000e+00,0.00000000e+00,0.00000000e+00
1.15950000e+02,2.92757384e-04,1.78549834e-05,0.00000000e+00,0.00000000e+00,7.55563725e-05,7.11499947e-06,1.05880148e-06,9.96800070e-07,5.85570761e-01,3.33687693e-02,1.81951705e+03,1.07052903e+02,3.67966623e-04,2.24868044e-05,0.00000000e+00,0.00000000e+00,4.42460000e+00,1.15045052e-01
1.16050000e+02,2.91955248e-04,1.80273709e-05,0.00000000e+00,0.00000000e+00,8.27625945e-05,1.10171791e-05,1.05849337e-06,9.96804165e-07,5.87392483e-01,3.34008067e-02,1.81980866e+03,1.08724687e+02,3.74374129e-04,2.52162116e-05,0.00000000e+00,0.00000000e+00,0.00000000e+00,0.00000000e+00
1.16150000e+02,2.94088418e-04,1.89228931e-05,0.00000000e+00,0.00000000e+00,8.32228539e-05,1.15093827e-05,1.05837606e-06,9.96805749e-07,5.88786750e-01,3.39253836e-02,1.82618590e+03,1.12872192e+02,3.76968452e-04,2.69521885e-05,0.00000000e+00,0.00000000e+00,4.41180000e+00,1.14847082e-01
1.16250000e+02,2.93993624e-04,1.89424626e-05,0.00000000e+00,0.00000000e+00,8.14536365e-05,1.10943510e-05,1.05837606e-06,9.96805749e-07,5.80144291e-01,3.34102686e-02,1.82009907e+03,1.11941114e+02,3.75104440e-04,2.64988042e-05,0.00000000e+00,0.00000000e+00,0.00000000e+00,0.00000000e+00
1.16350000e+02,2.93155933e-04,1.91245581e-05,0.00000000e+00,0.00000000e+00,7.50190366e-05,7.24163544e-06,1.05837606e-06,9.96805749e-07,5.75505102e-01,3.34967354e-02,1.81658298e+03,1.13519132e+02,3.67837205e-04,2.39073480e-05,0.00000000e+00,0.00000000e+00,4.41260000e+00,1.16891301e-01
1.16450000e+02,2.94440770e-04,1.84134881e-05,0.00000000e+00,0.00000000e+00,7.66011423e-05,7.49327133e-06,1.05837606e-06,9.96805749e-07,5.77881472e-01,3.38021969e-02,1.82224465e+03,1.10925714e+02,3.70698508e-04,2.32417954e-05,0.00000000e+00,0.00000000e+00,0.00000000e+00,0.00000000e+00
1.16550000e+02,2.94834347e-04,1.84226512e-05,0.00000000e+00,0.00000000e+00,7.37262582e-05,7.92902454e-06,1.05837606e-06,9.96805749e-07,5.74963358e-01,3.26818265e-02,1.81836160e+03,1.09074190e+02,3.68215677e-04,2.35664536e-05,0.00000000e+00,0.00000000e+00,4.40340000e+00,1.15987195e-01
1.16650000e+02,2.95130553e-04,1.81439991e-05,0.00000000e+00,0.00000000e+00,7.30000910e-05,7.93868460e-06,1.05837606e-06,9.96805749e-07,5.73204221e-01,3.14211252e-02,1.81071914e+03,1.05711488e+02,3.67787735e-04,2.31832563e-05,0.00000000e+00,0.00000000e+00,0.00000000e+00,0.00000000e+00
1.16750000e+02,2.94790142e-04,1.83445090e-05,0.00000000e+00,0.00000000e+00,7.24008083e-05,7.92923914e-06,1.05837606e-06,9.96805749e-07,5.63977062e-01,3.10581714e-02,1.80284980e+03,1.05985298e+02,3.66848147e-04,2.35526364e-05,0.00000000e+00,0.00000000e+00,4.40260000e+00,1.17207233e-01
1.16850000e+02,2.99667880e-04,1.86051254e-05,0.00000000e+00,0.00000000e+00,7.22136254e-05,7.27547721e-06,1.05837606e-06,9.96805749e-07,5.78594348e-01,3.22704465e-02,1.84111753e+03,1.09559538e+02,3.71538635e-04,2.31629922e-05,0.00000000e+00,0.00000000e+00,0.00000000e+00,0.00000000e+00
1.16950000e+02,2.95680891e-04,1.88022584e-05,0.00000000e+00,0.00000000e+00,6.87434803e-05,7.10951257e-06,1.05837606e-06,9.96805749e-07,5.69719277e-01,3.16640232e-02,1.82223198e+03,1.10065334e+02,3.64081319e-04,2.34164204e-05,0.00000000e+00,0.00000000e+00,4.39520000e+00,1.15952573e-01
1.17050000e+02,2.98177808e-04,1.89414918e-05,0.00000000e+00,0.00000000e+00,7.07761838e-05,7.36741939e-06,1.05837606e-06,9.96805749e-07,5.68527605e-01,3.16216602e-02,1.82632280e+03,1.09437241e+02,3.68610086e-04,2.38158233e-05,0.00000000e+00,0.00000000e+00,0.00000000e+00,0.00000000e+00
1.17150000e+02,2.96815339e-04,1.88098537e-05,0.00000000e+00,0.00000000e+00,7.05265445e-05,6.74340513e-06,1.05837606e-06,9.96805749e-07,5.66112468e-01,3.07113923e-02,1.81471892e+03,1.07372432e+02,3.66998619e-04,2.32033854e-05,0.00000000e+00,0.00000000e+00,4.38600000e+00,1.15813361e-01
1.17250000e+02,2.96036476e-04,1.94922833e-05,0.00000000e+00,0.00000000e+00,7.04146393e-05,6.57574506e-06,1.05837606e-06,9.96805749e-07,5.64668672e-01,3.18591743e-02,1.80743699e+03,1.10347103e+02,3.66120437e-04,2.34562643e-05,0.00000000e+00,0.00000000e+00,0.00000000e+00,0.00000000e+00
1.17350000e+02,2.97023755e-04,1.89133637e-05,0.00000000e+00,0.00000000e+00,6.74329306e-05,5.82005176e-06,1.05837606e-06,9.96805749e-07,5.69931407e-01,3.16746255e-02,1.81743187e+03,1.07426890e+02,3.64131899e-04,2.24354239e-05,0.00000000e+00,0.00000000e+00,4.38540000e+00,1.15287824e-01
1.17450000e+02,2.97488869e-04,1.86189462e-05,0.00000000e+00,0.00000000e+00,6.52014903e-05,5.77886352e-06,1.05837606e-06,9.96805749e-07,5.69904694e-01,3.15610897e-02,1.82365529e+03,1.06481388e+02,3.62365168e-04,2.22630327e-05,0.00000000e+00,0.00000000e+00,0.00000000e+00,0.00000000e+00
1.17550000e+02,2.99480809e-04,1.90947914e-05,0.00000000e+00,0.00000000e+00,6.69649923e-05,6.36144770e-06,1.05837606e-06,9.96805749e-07,5.71042517e-01,3.28758831e-02,1.82951934e+03,1.08819962e+02,3.66120873e-04,2.33022329e-05,0.00000000e+00,0.00000000e+00,4.37600000e+00,1.14065860e-01
1.17650000e+02,2.94719101e-04,1.88366139e-05,0.00000000e+00,0.00000000e+00,6.87978770e-05,6.74275116e-06,1.05837606e-06,9.96805749e-07,5.65950696e-01,3.19111148e-02,1.79986808e+03,1.07250429e+02,3.63192133e-04,2.30984046e-05,0.00000000e+00,0.00000000e+00,0.00000000e+00,0.00000000e+00
1.17750000e+02,2.97924398e-04,1.83834916e-05,0.00000000e+00,0.00000000e+00,7.33900780e-05,7.63856292e-06,1.05837606e-06,9.96805749e-07,5.69163802e-01,3.14378399e-02,1.81518480e+03,1.04498096e+02,3.70989656e-04,2.27679631e-05,0.00000000e+00,0.00000000e+00,4.37980000e+00,1.13842889e-01
1.17850000e+02,2.91419092e-04,1.82113574e-05,0.00000000e+00,0.00000000e+00,7.35025513e-05,8.93647267e-06,1.05837606e-06,9.96805749e-07,5.61671706e-01,3.19509388e-02,1.77738506e+03,1.05601874e+02,3.64596865e-04,2.31065894e-05,0.00000000e+00,0.00000000e+00,0.00000000e+00,0.00000000e+00
1.17950000e+02,2.94411339e-04,1.81265102e-05,0.00000000e+00,0.00000000e+00,1.00913667e-04,2.34686229e-05,1.05837606e-06,9.96805749e-07,5.57864118e-01,3.03385075e-02,1.78857587e+03,1.03690038e+02,3.95000291e-04,3.23715912e-05,0.00000000e+00,0.00000000e+00,4.36940000e+00,1.13831028e-01
1.18050000e+02,2.87806565e-04,1.76004960e-05,0.00000000e+00,0.00000000e+00,7.98518846e-05,9.64663714e-06,1.05837606e-06,9.96805749e-07,5.57130782e-01,3.04385350e-02,1.75993713e+03,1.01813208e+02,3.67333734e-04,2.22905032e-05,0.00000000e+00,0.00000000e+00,0.00000000e+00,0.00000000e+00
1.18150000e+02,2.85634505e-04,1.71008891e-05,0.00000000e+00,0.00000000e+00,8.21057185e-05,1.02579038e-05,1.28101769e-06,1.02857115e-06,5.54899410e-01,2.97715714e-02,1.74908750e+03,1.00023386e+02,3.67101234e-04,2.20831027e-05,0.00000000e+00,0.00000000e+00,4.35820000e+00,1.14079704e-01
1.18250000e+02,2.82171425e-04,1.69286549e-05,0.00000000e+00,0.00000000e+00,7.95207890e-05,9.58904414e-06,1.37486358e-06,1.05583065e-06,5.50605102e-01,2.96150054e-02,1.72469302e+03,9.79351529e+01,3.60964179e-04,2.18018320e-05,0.00000000e+00,0.00000000e+00,0.00000000e+00,0.00000000e+00
1.18350000e+02,2.83531957e-04,1.74067780e-05,0.00000000e+00,0.00000000e+00,8.33613724e-05,9.98521089e-06,1.37486358e-06,1.05583065e-06,5.52824191e-01,3.01239967e-02,1.73057622e+03,9.99811696e+01,3.66165302e-04,2.37017539e-05,0.00000000e+00,0.00000000e+00,4.34340000e+00,1.13852253e-01
1.18450000e+02,2.82512766e-04,1.76487581e-05,0.00000000e+00,0.00000000e+00,8.10853080e-05,9.78535290e-06,1.37486358e-06,1.05583065e-06,5.47602807e-01,3.00206637e-02,1.71751163e+03,1.00863926e+02,3.62870046e-04,2.37687218e-05,0.00000000e+00,0.00000000e+00,0.00000000e+00,0.00000000e+00
1.18550000e+02,2.83618230e-04,1.71751070e-05,0.00000000e+00,0.00000000e+00,7.63951525e-05,8.75278662e-06,1.37486358e-06,1.05583065e-06,5.52901569e-01,2.93444349e-02,1.72497107e+03,9.84424145e+01,3.59285355e-04,2.19286750e-05,0.00000000e+00,0.00000000e+00,4.33420000e+00,1.15512731e-01
1.18650000e+02,2.85786246e-04,1.83078276e-05,0.00000000e+00,0.00000000e+00,7.13695315e-05,7.92196620e-06,1.37486358e-06,1.05583065e-06,5.52213164e-01,3.06039111e-02,1.73495028e+03,1.04299447e+02,3.56427750e-04,2.26815627e-05,0.00000000e+00,0.00000000e+00,0.00000000e+00,0.00000000e+00
1.18750000e+02,2.87874651e-04,1.89583453e-05,0.00000000e+00,0.00000000e+00,7.45023831e-05,9.93197528e-06,1.37486358e-06,1.05583065e-06,5.56176227e-01,3.19625373e-02,1.74897236e+03,1.08193883e+02,3.61649007e-04,2.49466614e-05,0.00000000e+00,0.00000000e+00,4.32640000e+00,1.16366332e-01
1.18850000e+02,2.96280957e-04,2.23413303e-05,0.00000000e+00,0.00000000e+00,7.83262033e-05,1.08576657e-05,1.37486358e-06,1.05583065e-06,5.56242394e-01,3.12265442e-02,1.78941498e+03,1.22783755e+02,3.73879133e-04,3.01890790e-05,0.00000000e+00,0.00000000e+00,0.00000000e+00,0.00000000e+00
1.18950000e+02,2.85314958e-04,1.78289892e-05,0.00000000e+00,0.00000000e+00,7.08350391e-05,8.32675669e-06,1.37486358e-06,1.05583065e-06,5.53989384e-01,3.02138765e-02,1.73522020e+03,1.02665432e+02,3.55421970e-04,2.21506268e-05,0.00000000e+00,0.00000000e+00,4.32200000e+00,1.16318002e-01
1.19050000e+02,2.80660761e-04,1.78446243e-05,0.00000000e+00,0.00000000e+00,6.51170697e-05,7.53500126e-06,1.37486358e-06,1.05583065e-06,5.44443225e-01,2.96198576e-02,1.71388675e+03,1.02681159e+02,3.45049847e-04,2.14749088e-05,0.00000000e+00,0.00000000e+00,0.00000000e+00,0.00000000e+00
1.19150000e+02,2.73907212e-04,1.70032094e-05,0.00000000e+00,0.00000000e+00,7.30844949e-05,1.17353553e-05,1.37486358e-06,1.05583065e-06,5.33790508e-01,2.87836004e-02,1.68342598e+03,9.99478584e+01,3.46322342e-04,2.02268649e-05,0.00000000e+00,0.00000000e+00,4.31960000e+00,1.14796345e-01
1.19250000e+02,2.74995903e-04,1.71504250e-05,0.00000000e+00,0.00000000e+00,6.54497048e-05,7.52085999e-06,1.37486358e-06,1.05583065e-06,5.31726326e-01,2.88293458e-02,1.68168356e+03,1.01323292e+02,3.39788524e-04,1.99666372e-05,0.00000000e+00,0.00000000e+00,0.00000000e+00,0.00000000e+00
1.19350000e+02,2.68236231e-04,1.65117377e-05,0.00000000e+00,0.00000000e+00,6.54483751e-05,7.04197390e-06,1.37486358e-06,1.05583065e-06,5.31804340e-01,2.88747096e-02,1.65153127e+03,9.79256359e+01,3.33027521e-04,1.96001174e-05,0.00000000e+00,0.00000000e+00,4.30820000e+00,1.13341705e-01
1.19450000e+02,2.67738130e-04,1.68083416e-05,0.00000000e+00,0.00000000e+00,6.12382840e-05,5.00639984e-06,1.29262891e-06,1.03152017e-06,5.31847707e-01,2.95911464e-02,1.66013418e+03,1.00559311e+02,3.28429376e-04,2.00601681e-05,0.00000000e+00,0.00000000e+00,0.00000000e+00,0.00000000e+00
1.19550000e+02,2.67763952e-04,1.66192199e-05,0.00000000e+00,0.00000000e+00,6.15462010e-05,4.74911308e-06,1.00470731e-06,9.96464871e-07,5.26591141e-01,2.81905060e-02,1.64232294e+03,9.63719212e+01,3.29167584e-04,2.02091212e-05,0.00000000e+00,0.00000000e+00,4.29660000e+00,1.12517612e-01
1.19650000e+02,2.70620223e-04,1.64335350e-05,0.00000000e+00,0.00000000e+00,6.53667938e-05,6.15586572e-06,1.00470731e-06,9.96464871e-07,5.28554514e-01,2.75767227e-02,1.65112939e+03,9.49238065e+01,3.35844375e-04,2.05741361e-05,0.00000000e+00,0.00000000e+00,0.00000000e+00,0.00000000e+00
1.19750000e+02,2.70061550e-04,1.69030549e-05,0.00000000e+00,0.00000000e+00,6.20345281e-05,5.18414781e-06,1.00470731e-06,9.96464871e-07,5.23417389e-01,2.85961846e-02,1.64541449e+03,9.80015852e+01,3.31953177e-04,2.06163755e-05,0.00000000e+00,0.00000000e+00,4.29520000e+00,1.13561721e-01
1.19850000e+02,2.72583630e-04,1.67823196e-05,0.00000000e+00,0.00000000e+00,5.73486893e-05,4.93904574e-06,1.00470731e-06,9.96464871e-07,5.23309369e-01,2.71224424e-02,1.65424564e+03,9.54367927e+01,3.29789450e-04,2.02916455e-05,0.00000000e+00,0.00000000e+00,0.00000000e+00,0.00000000e+00
1.19950000e+02,2.78318527e-04,1.86157185e-05,0.00000000e+00,0.00000000e+00,5.81193228e-05,5.20273491e-06,1.00470731e-06,9.96464871e-07,5.22519166e-01,2.85538468e-02,1.68186059e+03,1.05079054e+02,3.36295717e-04,2.18571651e-05,0.00000000e+00,0.00000000e+00,4.28580000e+00,1.14044062e-01
1.20050000e+02,2.71004833e-04,1.73841368e-05,0.00000000e+00,0.00000000e+00,5.95977144e-05,5.54748158e-06,1.00470731e-06,9.96464871e-07,5.19339861e-01,2.85841168e-02,1.64690888e+03,9.96626482e+01,3.30460415e-04,2.14829318e-05,0.00000000e+00,0.00000000e+00,0.00000000e+00,0.00000000e+00
1.20150000e+02,2.71326788e-04,1.75661831e-05,0.00000000e+00,0.00000000e+00,6.04038098e-05,5.86977498e-06,1.00470731e-06,9.96464871e-07,5.20071231e-01,2.87956926e-02,1.64584103e+03,1.00352956e+02,3.31588466e-04,2.20001580e-05,0.00000000e+00,0.00000000e+00,4.27320000e+00,1.14267299e-01
1.20250000e+02,2.76116393e-04,1.86453261e-05,0.00000000e+00,0.00000000e+00,6.09152265e-05,6.05945016e-06,1.00470731e-06,9.96464871e-07,5.25735201e-01,2.95567280e-02,1.67188137e+03,1.05441219e+02,3.36889505e-04,2.28073483e-05,0.00000000e+00,0.00000000e+00,0.00000000e+00,0.00000000e+00
1.20350000e+02,2.77470484e-04,1.78449479e-05,0.00000000e+00,0.00000000e+00,5.97695962e-05,6.23839343e-06,1.00470731e-06,9.96464871e-07,5.29217923e-01,2.83348131e-02,1.67643671e+03,1.02118696e+02,3.37097985e-04,2.15576346e-05,0.00000000e+00,0.00000000e+00,4.26460000e+00,1.12738531e-01
1.20450000e+02,2.74983990e-04,1.81144481e-05,0.00000000e+00,0.00000000e+00,6.02759428e-05,6.18755940e-06,1.00470731e-06,9.96464871e-07,5.21326466e-01,2.85428789e-02,1.66071308e+03,1.02535274e+02,3.35118432e-04,2.16941530e-05,0.00000000e+00,0.00000000e+00,0.00000000e+00,0.00000000e+00
1.20550000e+02,2.74626536e-04,1.81523062e-05,0.00000000e+00,0.00000000e+00,7.25182486e-05,9.68332035e-06,1.00470731e-06,9.96464871e-07,5.15663010e-01,2.83253109e-02,1.64910893e+03,1.01428999e+02,3.47003542e-04,2.21593562e-05,0.00000000e+00,0.00000000e+00,4.25820000e+00,1.13079596e-01
1.20650000e+02,2.72888907e-04,1.72966208e-05,0.00000000e+00,0.00000000e+00,7.04856815e-05,8.43716885e-06,1.00470731e-06,9.96464871e-07,5.16814161e-01,2.80383439e-02,1.64012927e+03,9.74764175e+01,3.43233198e-04,2.07022888e-05,0.00000000e+00,0.00000000e+00,0.00000000e+00,0.00000000e+00
1.20750000e+02,2.72840882e-04,1.65815473e-05,0.00000000e+00,0.00000000e+00,6.89581940e-05,8.24776235e-06,1.00470731e-06,9.96464871e-07,5.14113664e-01,2.68627944e-02,1.64209415e+03,9.33263110e+01,3.41657597e-04,2.00844237e-05,0.00000000e+00,0.00000000e+00,4.26220000e+00,1.14179697e-01
1.20850000e+02,2.72034026e-04,1.67902271e-05,0.00000000e+00,0.00000000e+00,7.12712079e-05,7.77255883e-06,1.00470731e-06,9.96464871e-07,5.12572153e-01,2.64768862e-02,1.63883050e+03,9.37425527e+01,3.43163754e-04,2.03349612e-05,0.00000000e+00,0.00000000e+00,0.00000000e+00,0.00000000e+00
1.20950000e+02,2.69967977e-04,1.72637978e-05,0.00000000e+00,0.00000000e+00,9.77954825e-05,2.84444888e-05,1.00470731e-06,9.96464871e-07,5.08254859e-01,2.68065205e-02,1.62550888e+03,9.58981943e+01,3.67621980e-04,3.75551675e-05,0.00000000e+00,0.00000000e+00,4.25420000e+00,1.14479511e-01
1.21050000e+02,2.67644753e-04,1.61902180e-05,0.00000000e+00,0.00000000e+00,7.29254355e-05,7.63862785e-06,1.00470731e-06,9.96464871e-07,5.08224000e-01,2.64602462e-02,1.61762948e+03,9.12000675e+01,3.40428709e-04,1.98603206e-05,0.00000000e+00,0.00000000e+00,0.00000000e+00,0.00000000e+00
1.21150000e+02,2.66718067e-04,1.59835810e-05,0.00000000e+00,0.00000000e+00,7.09257114e-05,7.42228956e-06,1.00470731e-06,9.96464871e-07,5.02908250e-01,2.58024617e-02,1.60770895e+03,9.04022669e+01,3.37502299e-04,1.96993668e-05,0.00000000e+00,0.00000000e+00,4.25780000e+00,1.14741338e-01
1.21250000e+02,2.67858740e-04,1.60952529e-05,0.00000000e+00,0.00000000e+00,7.20007115e-05,7.35061109e-06,1.00470731e-06,9.96464871e-07,5.01150578e-01,2.58915788e-02,1.61103700e+03,9.05084106e+01,3.39717963e-04,2.02175863e-05,0.00000000e+00,0.00000000e+00,0.00000000e+00,0.00000000e+00
1.21350000e+02,2.66752537e-04,1.65075374e-05,0.00000000e+00,0.00000000e+00,7.74791509e-05,8.14200986e-06,1.00470731e-06,9.96464871e-07,4.98713738e-01,2.61535165e-02,1.60356149e+03,9.15251784e+01,3.44090187e-04,2.06744895e-05,0.00000000e+00,0.00000000e+00,4.25760000e+00,1.13097235e-01
1.21450000e+02,2.66647680e-04,1.74454469e-05,0.00000000e+00,0.00000000e+00,7.73054198e-05,8.54740982e-06,1.00470731e-06,9.96464871e-07,4.99383253e-01,2.83323824e-02,1.59966336e+03,9.67578051e+01,3.43811599e-04,2.23777089e-05,0.00000000e+00,0.00000000e+00,0.00000000e+00,0.00000000e+00
1.21550000e+02,2.67833842e-04,1.86076684e-05,0.00000000e+00,0.00000000e+00,6.94754642e-05,6.53504460e-06,1.00470731e-06,9.96464871e-07,5.05198077e-01,3.00509803e-02,1.60615687e+03,1.04641252e+02,3.37167806e-04,2.33531918e-05,0.00000000e+00,0.00000000e+00,4.24080000e+00,1.14423788e-01
1.21650000e+02,2.68295929e-04,1.73230975e-05,0.00000000e+00,0.00000000e+00,7.00480222e-05,7.21361308e-06,1.00470731e-06,9.96464871e-07,5.03413318e-01,2.77159943e-02,1.60486955e+03,9.70562468e+01,3.38202484e-04,2.24157817e-05,0.00000000e+00,0.00000000e+00,0.00000000e+00,0.00000000e+00
1.21750000e+02,2.65607928e-04,1.69931477e-05,0.00000000e+00,0.00000000e+00,6.55083122e-05,5.74363805e-06,1.00470731e-06,9.96464871e-07,4.99799029e-01,2.72499534e-02,1.58925381e+03,9.44306531e+01,3.30974771e-04,2.07573350e-05,0.00000000e+00,0.00000000e+00,4.22860000e+00,1.13962762e-01
1.21850000e+02,2.66187502e-04,1.69626220e-05,0.00000000e+00,0.00000000e+00,6.48994449e-05,5.53355241e-06,1.00470731e-06,9.96464871e-07,5.06682205e-01,2.85876715e-02,1.60621324e+03,9.81813712e+01,3.30945464e-04,2.10087680e-05,0.00000000e+00,0.00000000e+00,0.00000000e+00,0.00000000e+00
1.21950000e+02,2.65453634e-04,1.74191857e-05,0.00000000e+00,0.00000000e+00,6.59902700e-05,6.80966010e-06,1.00470731e-06,9.96464871e-07,5.06166860e-01,2.87190757e-02,1.59964041e+03,9.90668306e+01,3.31302421e-04,2.18031692e-05,0.00000000e+00,0.00000000e+00,4.21560000e+00,1.13939175e-01
1.22050000e+02,2.63105673e-04,1.70241656e-05,0.00000000e+00,0.00000000e+00,6.38475937e-05,5.47456875e-06,1.00470731e-06,9.96464871e-07,5.06198588e-01,2.92050433e-02,1.59951925e+03,1.00097345e+02,3.26811784e-04,2.06662516e-05,0.00000000e+00,0.00000000e+00,0.00000000e+00,0.00000000e+00
1.22150000e+02,2.61094650e-04,1.65308979e-05,0.00000000e+00,0.00000000e+00,1.09809920e-04,4.02938280e-05,1.00470731e-06,9.96464871e-07,4.99449436e-01,2.77102639e-02,1.57517883e+03,9.39622475e+01,3.70763089e-04,4.41233472e-05,0.00000000e+00,0.00000000e+00,4.20060000e+00,1.13868671e-01
1.22250000e+02,2.61318680e-04,1.61359698e-05,0.00000000e+00,0.00000000e+00,6.71330894e-05,6.49306856e-06,1.00470731e-06,9.96464871e-07,4.99801407e-01,2.77555848e-02,1.57671632e+03,9.27614085e+01,3.28310313e-04,2.01341798e-05,0.00000000e+00,0.00000000e+00,0.00000000e+00,0.00000000e+00
1.22350000e+02,2.61352488e-04,1.64067654e-05,0.00000000e+00,0.00000000e+00,6.59975579e-05,6.13980534e-06,1.00470731e-06,9.96464871e-07,4.97966062e-01,2.75983744e-02,1.57188515e+03,9.30860538e+01,3.27208588e-04,2.00560298e-05,0.00000000e+00,0.00000000e+00,4.20620000e+00,1.15487570e-01
1.22450000e+02,2.55824433e-04,1.57866393e-05,0.00000000e+00,0.00000000e+00,5.92372803e-05,5.43760824e-06,1.00470731e-06,9.96464871e-07,4.90440692e-01,2.70003990e-02,1.54408924e+03,9.01681060e+01,3.14920256e-04,1.98663331e-05,0.00000000e+00,0.00000000e+00,0.00000000e+00,0.00000000e+00
1.22550000e+02,2.55169989e-04,1.62242408e-05,0.00000000e+00,0.00000000e+00,6.33099346e-05,5.98323325e-06,1.00470731e-06,9.96464871e-07,4.89661374e-01,2.79771136e-02,1.54149918e+03,9.45984329e+01,3.18338466e-04,2.09101000e-05,0.00000000e+00,0.00000000e+00,4.19620000e+00,1.17004409e-01
1.22650000e+02,2.56736018e-04,1.67821158e-05,0.00000000e+00,0.00000000e+00,6.49848041e-05,6.09567432e-06,1.00470731e-06,9.96464871e-07,4.87033906e-01,2.74566627e-02,1.54468793e+03,9.61788483e+01,3.21579365e-04,2.11803629e-05,0.00000000e+00,0.00000000e+00,0.00000000e+00,0.00000000e+00
1.22750000e+02,2.55889718e-04,1.71333893e-05,0.00000000e+00,0.00000000e+00,6.16685940e-05,5.75219529e-06,1.00470731e-06,9.96464871e-07,4.86446283e-01,2.77640042e-02,1.53913829e+03,9.78908366e+01,3.17416855e-04,2.09465002e-05,0.00000000e+00,0.00000000e+00,4.17200000e+00,1.15503158e-01
1.22850000e+02,2.60082658e-04,1.79727311e-05,0.00000000e+00,0.00000000e+00,6.04257369e-05,5.50556930e-06,1.00470731e-06,9.96464871e-07,4.88165861e-01,2.82899367e-02,1.55363183e+03,1.00677926e+02,3.20366937e-04,2.14980036e-05,0.00000000e+00,0.00000000e+00,0.00000000e+00,0.00000000e+00
1.22950000e+02,2.60859673e-04,1.79536049e-05,0.00000000e+00,0.00000000e+00,6.38610671e-05,6.00283910e-06,1.00470731e-06,9.96464871e-07,4.92798473e-01,2.98014504e-02,1.56398847e+03,1.01928540e+02,3.24579283e-04,2.15105723e-05,0.00000000e+00,0.00000000e+00,4.17180000e+00,1.16681912e-01
1.23050000e+02,2.64215333e-04,1.92181204e-05,0.00000000e+00,0.00000000e+00,6.64711328e-05,7.73968441e-06,1.00470731e-06,9.96464871e-07,4.84925742e-01,2.86011364e-02,1.57217683e+03,1.05923684e+02,3.30545008e-04,2.26903738e-05,0.00000000e+00,0.00000000e+00,0.00000000e+00,0.00000000e+00
1.23150000e+02,2.61990912e-04,1.87303118e-05,0.00000000e+00,0.00000000e+00,1.19800872e-04,5.34140986e-05,1.00470731e-06,9.96464871e-07,4.75659370e-01,2.75861413e-02,1.55651143e+03,1.03923509e+02,3.81650327e-04,5.72935032e-05,0.00000000e+00,0.00000000e+00,4.17560000e+00,1.16605093e-01
1.23250000e+02,2.57926153e-04,1.74307222e-05,0.00000000e+00,0.00000000e+00,8.28164632e-05,1.63777995e-05,1.00470731e-06,9.96464871e-07,4.76815959e-01,2.72049763e-02,1.53498869e+03,9.70007855e+01,3.40601159e-04,2.59782129e-05,0.00000000e+00,0.00000000e+00,0.00000000e+00,0.00000000e+00
1.23350000e+02,2.56313444e-04,1.73267306e-05,0.00000000e+00,0.00000000e+00,6.53537738e-05,6.84662003e-06,1.00470731e-06,9.96464871e-07,4.77724748e-01,2.68525026e-02,1.53105148e+03,9.70647533e+01,3.21525760e-04,2.12671980e-05,0.00000000e+00,0.00000000e+00,4.15800000e+00,1.18480860e-01
1.23450000e+02,2.51442543e-04,1.58580676e-05,0.00000000e+00,0.00000000e+00,6.24339701e-05,6.30640580e-06,1.00470731e-06,9.96464871e-07,4.71100010e-01,2.60362179e-02,1.50745337e+03,8.96324803e+01,3.13735055e-04,1.97795660e-05,0.00000000e+00,0.00000000e+00,0.00000000e+00,0.00000000e+00
1.23550000e+02,2.60544392e-04,1.80054226e-05,0.00000000e+00,0.00000000e+00,5.97369575e-05,5.44979394e-06,1.00470731e-06,9.96464871e-07,4.76551045e-01,2.57446030e-02,1.55015026e+03,9.80678730e+01,3.20139892e-04,2.08978807e-05,0.00000000e+00,0.00000000e+00,4.15720000e+00,1.17960575e-01
1.23650000e+02,2.53328317e-04,1.70920921e-05,0.00000000e+00,0.00000000e+00,6.50904439e-05,7.52705824e-06,1.00470731e-06,9.96464871e-07,4.71845678e-01,2.63021385e-02,1.51624439e+03,9.50108402e+01,3.18277303e-04,2.13039816e-05,0.00000000e+00,0.00000000e+00,0.00000000e+00,0.00000000e+00
1.23750000e+02,2.51077870e-04,1.55062587e-05,0.00000000e+00,0.00000000e+00,6.77657205e-05,8.55514065e-06,1.00470731e-06,9.96464871e-07,4.76020945e-01,2.55818070e-02,1.51051398e+03,8.86120278e+01,3.18702133e-04,2.07647879e-05,0.00000000e+00,0.00000000e+00,4.14700000e+00,1.18374794e-01
1.23850000e+02,2.47379552e-04,1.55274913e-05,0.00000000e+00,0.00000000e+00,6.72719349e-05,8.26330924e-06,1.00470731e-06,9.96464871e-07,4.65332138e-01,2.50883983e-02,1.48301497e+03,8.80222660e+01,3.14510288e-04,2.07017580e-05,0.00000000e+00,0.00000000e+00,0.00000000e+00,0.00000000e+00
1.23950000e+02,2.48738755e-04,1.62216739e-05,0.00000000e+00,0.00000000e+00,6.82138535e-05,8.71442094e-06,1.00470731e-06,9.96464871e-07,4.65661751e-01,2.51770278e-02,1.48815899e+03,9.08411575e+01,3.16811650e-04,2.16597538e-05,0.00000000e+00,0.00000000e+00,4.13960000e+00,1.20228680e-01
1.24050000e+02,2.53740239e-04,1.63622902e-05,0.00000000e+00,0.00000000e+00,9.66882894e-05,2.33163672e-05,1.00470731e-06,9.96464871e-07,4.76931616e-01,2.54664696e-02,1.51683917e+03,9.22148689e+01,3.50287570e-04,3.15938528e-05,0.00000000e+00,0.00000000e+00,0.00000000e+00,0.00000000e+00
1.24150000e+02,2.51925568e-04,1.66172455e-05,0.00000000e+00,0.00000000e+00,1.00760378e-04,3.14832739e-05,1.00470731e-06,9.96464871e-07,4.77192303e-01,2.59083707e-02,1.51289012e+03,9.27768316e+01,3.52544927e-04,3.86206565e-05,0.00000000e+00,0.00000000e+00,4.13480000e+00,1.20251519e-01
1.24250000e+02,2.47722407e-04,1.53216926e-05,0.00000000e+00,0.00000000e+00,9.21791089e-05,2.78398760e-05,1.00470731e-06,9.96464871e-07,4.73532920e-01,2.50825518e-02,1.49737385e+03,8.65947255e+01,3.39760318e-04,3.47314137e-05,0.00000000e+00,0.00000000e+00,0.00000000e+00,0.00000000e+00
1.24350000e+02,2.44580625e-04,1.53015367e-05,0.00000000e+00,0.00000000e+00,7.14449039e-05,1.23094952e-05,1.00470731e-06,9.96464871e-07,4.65552151e-01,2.53566675e-02,1.47720343e+03,8.71788504e+01,3.15884328e-04,2.33188937e-05,0.00000000e+00,0.00000000e+00,4.12480000e+00,1.19211094e-01
1.24450000e+02,2.46064415e-04,1.67258497e-05,0.00000000e+00,0.00000000e+00,8.14070909e-05,1.90917931e-05,1.00470731e-06,9.96464871e-07,4.60324908e-01,2.62641196e-02,1.47284173e+03,9.29908574e+01,3.27330818e-04,3.14196107e-05,0.00000000e+00,0.00000000e+00,0.00000000e+00,0.00000000e+00
1.24550000e+02,2.47287413e-04,1.61475058e-05,0.00000000e+00,0.00000000e+00,8.90497975e-05,2.10787252e-05,1.00470731e-06,9.96464871e-07,4.64953183e-01,2.63126602e-02,1.47656851e+03,9.09788516e+01,3.36196951e-04,3.11706063e-05,0.00000000e+00,0.00000000e+00,4.12140000e+00,1.18051877e-01
1.24650000e+02,2.40161200e-04,1.55894259e-05,0.00000000e+00,0.00000000e+00,8.14690875e-05,1.77594752e-05,1.00470731e-06,9.96464871e-07,4.55135047e-01,2.50279807e-02,1.43855513e+03,8.73126892e+01,3.21490027e-04,2.86731796e-05,0.00000000e+00,0.00000000e+00,0.00000000e+00,0.00000000e+00
1.24750000e+02,2.40847391e-04,1.57895493e-05,0.00000000e+00,0.00000000e+00,7.92682248e-05,1.78324878e-05,1.00470731e-06,9.96464871e-07,4.54831083e-01,2.51293279e-02,1.43650551e+03,8.73724486e+01,3.19975356e-04,2.88976664e-05,0.00000000e+00,0.00000000e+00,4.12800000e+00,1.17493899e-01
1.24850000e+02,2.41727283e-04,1.59412315e-05,0.00000000e+00,0.00000000e+00,8.07764992e-05,1.74410399e-05,1.00470731e-06,9.96464871e-07,4.50176104e-01,2.53091728e-02,1.43738651e+03,8.80912885e+01,3.22363523e-04,2.82289347e-05,0.00000000e+00,0.00000000e+00,0.00000000e+00,0.00000000e+00
1.24950000e+02,2.43475891e-04,1.58752648e-05,0.00000000e+00,0.00000000e+00,7.80718367e-05,1.38322290e-05,1.00470731e-06,9.96464871e-07,4.51241861e-01,2.52156914e-02,1.44933416e+03,8.79636929e+01,3.21407468e-04,2.38525237e-05,0.00000000e+00,0.00000000e+00,4.11540000e+00,1.17275260e-01
1.25050000e+02,2.43522051e-04,1.57009817e-05,0.00000000e+00,0.00000000e+00,7.93880694e-05,1.51094088e-05,1.00470731e-06,9.96464871e-07,4.52177529e-01,2.53297228e-02,1.44288889e+03,8.62454993e+01,3.22769860e-04,2.51573985e-05,0.00000000e+00,0.00000000e+00,0.00000000e+00,0.00000000e+00
1.25150000e+02,2.43631722e-04,1.69967232e-05,0.00000000e+00,0.00000000e+00,6.57035066e-05,1.14227617e-05,1.00459297e-06,9.96467208e-07,4.42360787e-01,2.52046715e-02,1.43954228e+03,9.39285275e+01,3.09222165e-04,2.32877572e-05,0.00000000e+00,0.00000000e+00,4.11000000e+00,1.17667120e-01
1.25250000e+02,2.42081580e-04,1.55970073e-05,0.00000000e+00,0.00000000e+00,6.69933380e-05,1.12377922e-05,1.00451671e-06,9.96468774e-07,4.45724028e-01,2.54377845e-02,1.42849573e+03,8.69773412e+01,3.08979996e-04,2.18703034e-05,0.00000000e+00,0.00000000e+00,0.00000000e+00,0.00000000e+00
1.25350000e+02,2.40767587e-04,1.52885179e-05,0.00000000e+00,0.00000000e+00,6.13851957e-05,1.05062634e-05,1.00451671e-06,9.96468774e-07,4.42644540e-01,2.41362899e-02,1.42133317e+03,8.47660419e+01,3.02057861e-04,2.06062158e-05,0.00000000e+00,0.00000000e+00,4.10260000e+00,1.18176903e-01
1.25450000e+02,2.39733589e-04,1.53802809e-05,0.00000000e+00,0.00000000e+00,6.00388544e-05,9.63926482e-06,1.00451671e-06,9.96468774e-07,4.40855466e-01,2.37942900e-02,1.41735556e+03,8.49979916e+01,2.99677521e-04,2.03130401e-05,0.00000000e+00,0.00000000e+00,0.00000000e+00,0.00000000e+00
1.25550000e+02,2.40150380e-04,1.51609063e-05,0.00000000e+00,0.00000000e+00,6.56929080e-05,1.12406654e-05,1.00451671e-06,9.96468774e-07,4.40577817e-01,2.37962421e-02,1.42012646e+03,8.41801276e+01,3.05748365e-04,2.11002124e-05,0.00000000e+00,0.00000000e+00,4.09900000e+00,1.20130966e-01
1.25650000e+02,2.42881541e-04,1.52733086e-05,0.00000000e+00,0.00000000e+00,6.49059664e-05,1.24415107e-05,1.00451671e-06,9.96468774e-07,4.50561885e-01,2.44573988e-02,1.43678267e+03,8.52072438e+01,3.07692585e-04,2.24307372e-05,0.00000000e+00,0.00000000e+00,0.00000000e+00,0.00000000e+00
1.25750000e+02,2.40328840e-04,1.52484928e-05,0.00000000e+00,0.00000000e+00,7.39198036e-05,1.56442580e-05,1.00451671e-06,9.96468774e-07,4.45861007e-01,2.45266445e-02,1.42589873e+03,8.56090500e+01,3.14153721e-04,2.57961353e-05,0.00000000e+00,0.00000000e+00,4.09340000e+00,1.19615919e-01
1.25850000e+02,2.40127326e-04,1.50698332e-05,0.00000000e+00,0.00000000e+00,7.25551435e-05,1.53387099e-05,1.00451671e-06,9.96468774e-07,4.40124970e-01,2.38024029e-02,1.41607950e+03,8.39976696e+01,3.12587547e-04,2.56343319e-05,0.00000000e+00,0.00000000e+00,0.00000000e+00,0.00000000e+00
1.25950000e+02,2.40271218e-04,1.56711261e-05,0.00000000e+00,0.00000000e+00,7.35674310e-05,1.62115000e-05,1.00451671e-06,9.96468774e-07,4.34596220e-01,2.38033900e-02,1.41098177e+03,8.67122121e+01,3.13743727e-04,2.73876492e-05,0.00000000e+00,0.00000000e+00,4.08780000e+00,1.18044022e-01
1.26050000e+02,2.37795452e-04,1.52599257e-05,0.00000000e+00,0.00000000e+00,7.25575039e-05,1.62314002e-05,1.00451671e-06,9.96468774e-07,4.27430011e-01,2.26467243e-02,1.39755103e+03,8.40822411e+01,3.10258033e-04,2.64042043e-05,0.00000000e+00,0.00000000e+00,0.00000000e+00,0.00000000e+00
1.26150000e+02,2.39136820e-04,1.47652639e-05,0.00000000e+00,0.00000000e+00,7.01943779e-05,1.59786430e-05,1.00451671e-06,9.96468774e-07,4.35057854e-01,2.31415122e-02,1.41783953e+03,8.28301363e+01,3.09236275e-04,2.58074584e-05,0.00000000e+00,0.00000000e+00,4.07400000e+00,1.16664879e-01
1.26250000e+02,2.36889151e-04,1.48129349e-05,0.00000000e+00,0.00000000e+00,6.18148754e-05,1.41030477e-05,1.00451671e-06,9.96468774e-07,4.29027997e-01,2.33374029e-02,1.39458221e+03,8.32496096e+01,2.98609189e-04,2.46279277e-05,0.00000000e+00,0.00000000e+00,0.00000000e+00,0.00000000e+00
1.26350000e+02,2.33606944e-04,1.51864856e-05,0.00000000e+00,0.00000000e+00,6.06124769e-05,1.36684250e-05,1.00451671e-06,9.96468774e-07,4.29873331e-01,2.49587822e-02,1.38815916e+03,8.81794584e+01,2.94124840e-04,2.47675844e-05,0.00000000e+00,0.00000000e+00,4.08600000e+00,1.18326770e-01
1.26450000e+02,2.32643066e-04,1.47624647e-05,0.00000000e+00,0.00000000e+00,6.28719132e-05,1.40962411e-05,1.00451671e-06,9.96468774e-07,4.23213121e-01,2.38341287e-02,1.37311229e+03,8.36827657e+01,2.95420398e-04,2.38745852e-05,0.00000000e+00,0.00000000e+00,0.00000000e+00,0.00000000e+00
1.26550000e+02,2.38676693e-04,1.63327402e-05,0.00000000e+00,0.00000000e+00,6.46666125e-05,1.41083391e-05,1.00451671e-06,9.96468774e-07,4.27764920e-01,2.55935013e-02,1.40264406e+03,9.17696209e+01,3.03248724e-04,2.56282992e-05,0.00000000e+00,0.00000000e+00,4.07980000e+00,1.17371029e-01
1.26650000e+02,2.38272872e-04,1.56676763e-05,0.00000000e+00,0.00000000e+00,6.33444255e-05,1.40983549e-05,1.00451671e-06,9.96468774e-07,4.26095513e-01,2.47429880e-02,1.40134565e+03,8.90268591e+01,3.01522716e-04,2.48468653e-05,0.00000000e+00,0.00000000e+00,0.00000000e+00,0.00000000e+00
1.26750000e+02,2.44299380e-04,1.72378287e-05,0.00000000e+00,0.00000000e+00,7.11755068e-05,1.53359585e-05,1.00451671e-06,9.96468774e-07,4.27683855e-01,2.54886343e-02,1.42855836e+03,9.64311781e+01,3.15380306e-04,2.74485199e-05,0.00000000e+00,0.00000000e+00,4.08040000e+00,1.19915263e-01
1.26850000e+02,2.42786583e-04,1.62744725e-05,0.00000000e+00,0.00000000e+00,7.04791623e-05,1.74339392e-05,1.00451671e-06,9.96468774e-07,4.27609889e-01,2.49092452e-02,1.41706162e+03,8.96482642e+01,3.13171165e-04,2.80489392e-05,0.00000000e+00,0.00000000e+00,0.00000000e+00,0.00000000e+00
1.26950000e+02,2.34478694e-04,1.45753074e-05,0.00000000e+00,0.00000000e+00,6.94549439e-05,1.55002597e-05,1.00451671e-06,9.96468774e-07,4.23780350e-01,2.38367675e-02,1.37531974e+03,8.14048050e+01,3.03839159e-04,2.55237211e-05,0.00000000e+00,0.00000000e+00,4.09040000e+00,1.20210007e-01
1.27050000e+02,2.29853125e-04,1.50008074e-05,0.00000000e+00,0.00000000e+00,7.98242288e-05,1.79743143e-05,1.00451671e-06,9.96468774e-07,4.22361843e-01,2.46299386e-02,1.36268813e+03,8.50709782e+01,3.09584420e-04,2.86600699e-05,0.00000000e+00,0.00000000e+00,0.00000000e+00,0.00000000e+00
1.27150000e+02,2.29899812e-04,1.55742480e-05,0.00000000e+00,0.00000000e+00,8.03231371e-05,1.86641878e-05,1.00451671e-06,9.96468774e-07,4.21326847e-01,2.46133853e-02,1.36612266e+03,8.86132405e+01,3.10130015e-04,2.95011784e-05,0.00000000e+00,0.00000000e+00,4.08260000e+00,1.20330433e-01
1.27250000e+02,2.25915276e-04,1.46808568e-05,0.00000000e+00,0.00000000e+00,8.11745197e-05,1.85362663e-05,4.58949399e-07,4.50939511e-07,4.12790093e-01,2.33645361e-02,1.33329536e+03,8.24744693e+01,3.07024215e-04,2.77663104e-05,0.00000000e+00,0.00000000e+00,0.00000000e+00,0.00000000e+00
1.27350000e+02,2.28044524e-04,1.46389556e-05,0.00000000e+00,0.00000000e+00,7.30909793e-05,1.71467497e-05,7.91778843e-09,7.91778843e-09,4.07979029e-01,2.26541589e-02,1.33863685e+03,8.14140737e+01,3.01092781e-04,2.59329870e-05,0.00000000e+00,0.00000000e+00,4.07080000e+00,1.20730376e-01
1.27450000e+02,2.27876488e-04,1.50920585e-05,0.00000000e+00,0.00000000e+00,8.85756010e-05,2.25393894e-05,7.91778843e-09,7.91778843e-09,4.09212018e-01,2.25492541e-02,1.33416705e+03,8.32703009e+01,3.16409499e-04,3.15502345e-05,0.00000000e+00,0.00000000e+00,0.00000000e+00,0.00000000e+00
1.27550000e+02,2.22712464e-04,1.55275092e-05,0.00000000e+00,0.00000000e+00,9.95674237e-05,3.39495088e-05,7.91778843e-09,7.91778843e-09,3.97456027e-01,2.27079918e-02,1.30445008e+03,8.50027873e+01,3.22237299e-04,4.26934426e-05,0.00000000e+00,0.00000000e+00,4.07060000e+00,1.22870900e-01
1.27650000e+02,2.22901228e-04,1.58967582e-05,0.00000000e+00,0.00000000e+00,7.35740248e-05,1.87662612e-05,7.91778843e-09,7.91778843e-09,4.03424443e-01,2.37178550e-02,1.31276948e+03,8.73744395e+01,2.96432663e-04,2.74647605e-05,0.00000000e+00,0.00000000e+00,0.00000000e+00,0.00000000e+00
1.27750000e+02,2.21525534e-04,1.57611684e-05,0.00000000e+00,0.00000000e+00,7.56599446e-05,2.16717598e-05,7.91778843e-09,7.91778843e-09,4.02426376e-01,2.33841201e-02,1.31313977e+03,8.81633031e+01,2.97142889e-04,3.02260417e-05,0.00000000e+00,0.00000000e+00,4.07180000e+00,1.22395041e-01
1.27850000e+02,2.28326211e-04,1.60353530e-05,0.00000000e+00,0.00000000e+00,7.99754134e-05,2.00948934e-05,7.91778843e-09,7.91778843e-09,4.13452367e-01,2.37170767e-02,1.34464947e+03,8.83979546e+01,3.08259035e-04,2.98204878e-05,0.00000000e+00,0.00000000e+00,0.00000000e+00,0.00000000e+00
1.27950000e+02,2.14772817e-04,1.47645193e-05,0.00000000e+00,0.00000000e+00,8.02705863e-05,1.98026618e-05,7.91778843e-09,7.91778843e-09,3.94898561e-01,2.22218956e-02,1.27457888e+03,8.26328807e+01,2.95000814e-04,2.95911412e-05,0.00000000e+00,0.00000000e+00,4.06740000e+00,1.21451699e-01
1.28050000e+02,2.21444369e-04,1.91845847e-05,0.00000000e+00,0.00000000e+00,7.75285198e-05,1.89337012e-05,7.91778843e-09,7.91778843e-09,3.90129158e-01,2.18036730e-02,1.29910519e+03,1.00340655e+02,2.98930300e-04,3.07915316e-05,0.00000000e+00,0.00000000e+00,0.00000000e+00,0.00000000e+00
1.28150000e+02,2.20699020e-04,1.72562948e-05,0.00000000e+00,0.00000000e+00,7.87094028e-05,1.91837121e-05,7.91778843e-09,7.91778843e-09,3.94421438e-01,2.27782745e-02,1.30297310e+03,9.25053863e+01,2.99365833e-04,3.03554152e-05,0.00000000e+00,0.00000000e+00,4.05980000e+00,1.21328863e-01
1.28250000e+02,2.18816022e-04,1.57994779e-05,0.00000000e+00,0.00000000e+00,6.93541758e-05,1.50659822e-05,7.91778843e-09,7.91778843e-09,3.89517142e-01,2.24578543e-02,1.28458486e+03,8.71123394e+01,2.88127609e-04,2.53674457e-05,0.00000000e+00,0.00000000e+00,0.00000000e+00,0.00000000e+00
1.28350000e+02,2.13496093e-04,1.42957552e-05,0.00000000e+00,0.00000000e+00,5.91676955e-05,1.20182718e-05,7.91778843e-09,7.91778843e-09,3.87891446e-01,2.14966647e-02,1.25730070e+03,7.92631958e+01,2.72621199e-04,2.15635533e-05,0.00000000e+00,0.00000000e+00,4.04620000e+00,1.21778618e-01
1.28450000e+02,2.14967342e-04,1.40369127e-05,0.00000000e+00,0.00000000e+00,6.08325255e-05,1.26852943e-05,7.91778843e-09,7.91778843e-09,3.95730515e-01,2.20589265e-02,1.26527019e+03,7.89280536e+01,2.75757278e-04,2.17512484e-05,0.00000000e+00,0.00000000e+00,0.00000000e+00,0.00000000e+00
1.28550000e+02,2.09647855e-04,1.39836476e-05,0.00000000e+00,0.00000000e+00,6.11030358e-05,1.30855085e-05,7.91778843e-09,7.91778843e-09,3.84619262e-01,2.17654193e-02,1.24522858e+03,7.81046315e+01,2.70696845e-04,2.17335336e-05,0.00000000e+00,0.00000000e+00,4.04600000e+00,1.22033786e-01
1.28650000e+02,2.09558606e-04,1.40186978e-05,0.00000000e+00,0.00000000e+00,6.18190868e-05,1.31457220e-05,7.91778843e-09,7.91778843e-09,3.81277862e-01,2.21738662e-02,1.24343799e+03,7.87885833e+01,2.71335184e-04,2.17910315e-05,0.00000000e+00,0.00000000e+00,0.00000000e+00,0.00000000e+00
1.28750000e+02,2.07780833e-04,1.35298097e-05,0.00000000e+00,0.00000000e+00,5.67660940e-05,1.26914934e-05,7.91778843e-09,7.91778843e-09,3.74267972e-01,2.06366671e-02,1.22854679e+03,7.60389111e+01,2.64506007e-04,2.08571180e-05,0.00000000e+00,0.00000000e+00,4.04200000e+00,1.23002240e-01
1.28850000e+02,2.00845681e-04,1.23404069e-05,0.00000000e+00,0.00000000e+00,5.69953392e-05,1.25620406e-05,7.91778843e-09,7.91778843e-09,3.68961175e-01,2.01906660e-02,1.19235221e+03,7.12544231e+01,2.57800101e-04,2.01768171e-05,0.00000000e+00,0.00000000e+00,0.00000000e+00,0.00000000e+00
1.28950000e+02,2.02832987e-04,1.24208578e-05,0.00000000e+00,0.00000000e+00,5.45256375e-05,8.28203638e-06,7.91778843e-09,7.91778843e-09,3.69883117e-01,2.04403129e-02,1.19524566e+03,7.06285767e+01,2.57317706e-04,1.74680220e-05,0.00000000e+00,0.00000000e+00,4.03900000e+00,1.23189666e-01
1.29050000e+02,2.07645821e-04,1.28676618e-05,0.00000000e+00,0.00000000e+00,5.25424528e-05,6.25985794e-06,7.91778843e-09,7.91778843e-09,3.75501480e-01,2.04156545e-02,1.21518524e+03,7.25480896e+01,2.60147354e-04,1.70198414e-05,0.00000000e+00,0.00000000e+00,0.00000000e+00,0.00000000e+00
1.29150000e+02,2.06948938e-04,1.36589901e-05,0.00000000e+00,0.00000000e+00,4.92836206e-05,5.92858826e-06,7.91778843e-09,7.91778843e-09,3.70376779e-01,2.07696814e-02,1.21046840e+03,7.62310107e+01,2.56191639e-04,1.74600132e-05,0.00000000e+00,0.00000000e+00,4.02760000e+00,1.23733275e-01
1.29250000e+02,2.08215792e-04,1.38885149e-05,0.00000000e+00,0.00000000e+00,4.89890551e-05,5.79859519e-06,7.91778843e-09,7.91778843e-09,3.68290608e-01,2.05791575e-02,1.21333266e+03,7.66352002e+01,2.57163928e-04,1.74291615e-05,0.00000000e+00,0.00000000e+00,0.00000000e+00,0.00000000e+00
1.29350000e+02,2.11580185e-04,1.48523151e-05,0.00000000e+00,0.00000000e+00,4.90004393e-05,5.24149861e-06,7.91778843e-09,7.91778843e-09,3.71892103e-01,2.09110241e-02,1.22726139e+03,8.11874745e+01,2.60539705e-04,1.77698383e-05,0.00000000e+00,0.00000000e+00,4.01960000e+00,1.23028770e-01
1.29450000e+02,2.04429263e-04,1.38648021e-05,0.00000000e+00,0.00000000e+00,4.83400618e-05,6.24563259e-06,7.91778843e-09,7.91778843e-09,3.64913226e-01,2.15010428e-02,1.19299411e+03,7.74674138e+01,2.52728406e-04,1.79800244e-05,0.00000000e+00,0.00000000e+00,0.00000000e+00,0.00000000e+00
1.29550000e+02,2.09534548e-04,1.46300193e-05,0.00000000e+00,0.00000000e+00,4.98347830e-05,6.25962052e-06,7.91778843e-09,7.91778843e-09,3.69562581e-01,2.18990998e-02,1.21933009e+03,8.09615346e+01,2.59328411e-04,1.76268242e-05,0.00000000e+00,0.00000000e+00,4.01100000e+00,1.22812367e-01
1.29650000e+02,2.03721566e-04,1.46955494e-05,0.00000000e+00,0.00000000e+00,6.67299485e-05,1.45515321e-05,7.91778843e-09,7.91778843e-09,3.66597520e-01,2.24892367e-02,1.19291843e+03,8.18337031e+01,2.70410595e-04,2.27497941e-05,0.00000000e+00,0.00000000e+00,0.00000000e+00,0.00000000e+00
1.29750000e+02,2.02361717e-04,1.46128306e-05,0.00000000e+00,0.00000000e+00,6.09952147e-05,1.30023726e-05,7.91778843e-09,7.91778843e-09,3.65664134e-01,2.19582324e-02,1.18357569e+03,8.06611440e+01,2.63316012e-04,2.03783397e-05,0.00000000e+00,0.00000000e+00,4.00420000e+00,1.22654348e-01
1.29850000e+02,2.04474607e-04,1.51370252e-05,0.00000000e+00,0.00000000e+00,6.00964645e-05,1.28063552e-05,7.91778843e-09,7.91778843e-09,3.64080885e-01,2.20564077e-02,1.18753511e+03,8.24518643e+01,2.64530152e-04,1.99135258e-05,0.00000000e+00,0.00000000e+00,0.00000000e+00,0.00000000e+00
1.29950000e+02,2.04331117e-04,1.45168995e-05,0.00000000e+00,0.00000000e+00,5.26605170e-05,7.20529290e-06,7.91778843e-09,7.91778843e-09,3.64255523e-01,2.20502388e-02,1.18756502e+03,8.16024278e+01,2.56950715e-04,1.75098014e-05,0.00000000e+00,0.00000000e+00,4.00580000e+00,1.23239634e-01
1.30050000e+02,2.03415904e-04,1.45014138e-05,0.00000000e+00,0.00000000e+00,4.77805970e-05,5.17694612e-06,7.91778843e-09,7.91778843e-09,3.63876854e-01,2.26646232e-02,1.18692382e+03,8.33202975e+01,2.51155581e-04,1.77494815e-05,0.00000000e+00,0.00000000e+00,0.00000000e+00,0.00000000e+00
1.30150000e+02,2.03232760e-04,1.42479766e-05,0.00000000e+00,0.00000000e+00,4.66015035e-05,4.87093979e-06,7.91778843e-09,7.91778843e-09,3.60297793e-01,2.22396163e-02,1.18649337e+03,8.20716733e+01,2.49793345e-04,1.71932277e-05,0.00000000e+00,0.00000000e+00,4.00660000e+00,1.24343701e-01
1.30250000e+02,2.03237775e-04,1.46761022e-05,0.00000000e+00,0.00000000e+00,4.98608177e-05,5.48803283e-06,7.91778843e-09,7.91778843e-09,3.65754323e-01,2.25980614e-02,1.19344399e+03,8.47498878e+01,2.53057673e-04,1.76814239e-05,0.00000000e+00,0.00000000e+00,0.00000000e+00,0.00000000e+00
1.30350000e+02,2.04626700e-04,1.44963646e-05,0.00000000e+00,0.00000000e+00,5.57644912e-05,8.32192646e-06,7.91778843e-09,7.91778843e-09,3.62645737e-01,2.08877367e-02,1.18543315e+03,7.96698593e+01,2.60350271e-04,1.79798526e-05,0.00000000e+00,0.00000000e+00,3.99640000e+00,1.24177542e-01
1.30450000e+02,2.03888314e-04,1.46702524e-05,0.00000000e+00,0.00000000e+00,5.16865153e-05,6.94069469e-06,7.91778843e-09,7.91778843e-09,3.58671237e-01,2.09064288e-02,1.17892658e+03,7.92665270e+01,2.55533910e-04,1.76858011e-05,0.00000000e+00,0.00000000e+00,0.00000000e+00,0.00000000e+00
1.30550000e+02,2.01825513e-04,1.51209505e-05,0.00000000e+00,0.00000000e+00,4.89234218e-05,6.15835908e-06,7.91778843e-09,7.91778843e-09,3.51181062e-01,2.08516855e-02,1.16579504e+03,8.11045897e+01,2.50708016e-04,1.76630268e-05,0.00000000e+00,0.00000000e+00,3.99360000e+00,1.23900144e-01
1.30650000e+02,1.97537100e-04,1.49412930e-05,0.00000000e+00,0.00000000e+00,5.79995840e-05,1.04613248e-05,7.91778843e-09,7.91778843e-09,3.49661041e-01,2.13172086e-02,1.14297874e+03,8.08104503e+01,2.55495764e-04,1.89808952e-05,0.00000000e+00,0.00000000e+00,0.00000000e+00,0.00000000e+00
1.30750000e+02,1.90991954e-04,1.35037562e-05,0.00000000e+00,0.00000000e+00,5.11252787e-05,6.25903781e-06,7.91778843e-09,7.91778843e-09,3.44117229e-01,1.96474574e-02,1.10922670e+03,7.37930945e+01,2.42076313e-04,1.58380268e-05,0.00000000e+00,0.00000000e+00,3.97880000e+00,1.24233697e-01
1.30850000e+02,1.90924967e-04,1.35466250e-05,0.00000000e+00,0.00000000e+00,4.76508027e-05,5.99521547e-06,7.91778843e-09,7.91778843e-09,3.40587553e-01,1.93086461e-02,1.10649760e+03,7.42408533e+01,2.38534850e-04,1.58832431e-05,0.00000000e+00,0.00000000e+00,0.00000000e+00,0.00000000e+00
1.30950000e+02,1.88379601e-04,1.29409511e-05,0.00000000e+00,0.00000000e+00,4.73007258e-05,5.90820513e-06,7.91778843e-09,7.91778843e-09,3.38275214e-01,1.92079293e-02,1.09301086e+03,7.06701950e+01,2.35639407e-04,1.51815637e-05,0.00000000e+00,0.00000000e+00,3.96540000e+00,1.23908857e-01
1.31050000e+02,1.89274898e-04,1.29887456e-05,0.00000000e+00,0.00000000e+00,4.91446572e-05,6.18166970e-06,7.91778843e-09,7.91778843e-09,3.38393133e-01,1.95116202e-02,1.10028891e+03,7.17753648e+01,2.38378636e-04,1.56970140e-05,0.00000000e+00,0.00000000e+00,0.00000000e+00,0.00000000e+00
1.31150000e+02,1.93716850e-04,1.33492688e-05,0.00000000e+00,0.00000000e+00,5.17928331e-05,6.92437108e-06,7.91778843e-09,7.91778843e-09,3.38629929e-01,1.92145454e-02,1.11264511e+03,7.21499786e+01,2.45468763e-04,1.60971216e-05,0.00000000e+00,0.00000000e+00,3.95560000e+00,1.23439537e-01
1.31250000e+02,1.91522571e-04,1.31910368e-05,0.00000000e+00,0.00000000e+00,4.73481496e-05,6.17477137e-06,7.91778843e-09,7.91778843e-09,3.35334064e-01,1.89320359e-02,1.10203568e+03,7.21133520e+01,2.38829801e-04,1.58930617e-05,0.00000000e+00,0.00000000e+00,0.00000000e+00,0.00000000e+00
1.31350000e+02,1.97103457e-04,1.52611108e-05,0.00000000e+00,0.00000000e+00,4.88623862e-05,6.13573043e-06,7.91778843e-09,7.91778843e-09,3.38635101e-01,2.04131538e-02,1.13163248e+03,8.17763279e+01,2.45924924e-04,1.80803004e-05,0.00000000e+00,0.00000000e+00,3.94780000e+00,1.22898428e-01
1.31450000e+02,1.98592538e-04,1.50219446e-05,0.00000000e+00,0.00000000e+00,4.90542542e-05,6.08093209e-06,7.91778843e-09,7.91778843e-09,3.42575621e-01,2.23655763e-02,1.14563380e+03,8.41629807e+01,2.47605872e-04,1.79367558e-05,0.00000000e+00,0.00000000e+00,0.00000000e+00,0.00000000e+00
1.31550000e+02,1.96300917e-04,1.36071288e-05,0.00000000e+00,0.00000000e+00,5.06786525e-05,6.35725582e-06,7.91778843e-09,7.91778843e-09,3.39410652e-01,2.07865389e-02,1.12885190e+03,7.49694220e+01,2.46938650e-04,1.67138888e-05,0.00000000e+00,0.00000000e+00,3.94320000e+00,1.23369841e-01
1.31650000e+02,1.89781844e-04,1.31892750e-05,0.00000000e+00,0.00000000e+00,5.34207876e-05,7.58037682e-06,7.91778843e-09,7.91778843e-09,3.38198200e-01,2.01423964e-02,1.09759340e+03,7.21315197e+01,2.43161712e-04,1.60008822e-05,0.00000000e+00,0.00000000e+00,0.00000000e+00,0.00000000e+00
1.31750000e+02,1.84950491e-04,1.26533747e-05,0.00000000e+00,0.00000000e+00,6.98532348e-05,1.72739422e-05,7.91778843e-09,7.91778843e-09,3.32307546e-01,1.90721620e-02,1.07902963e+03,6.96679848e+01,2.54762806e-04,2.10054746e-05,0.00000000e+00,0.00000000e+00,3.93000000e+00,1.22778380e-01
1.31850000e+02,1.80575183e-04,1.24944233e-05,0.00000000e+00,0.00000000e+00,5.36358527e-05,7.79127920e-06,7.91778843e-09,7.91778843e-09,3.26175900e-01,1.91133701e-02,1.05447936e+03,6.89512631e+01,2.34170116e-04,1.54127015e-05,0.00000000e+00,0.00000000e+00,0.00000000e+00,0.00000000e+00
1.31950000e+02,1.78894950e-04,1.24719066e-05,0.00000000e+00,0.00000000e+00,5.31880665e-05,7.79025647e-06,7.91778843e-09,7.91778843e-09,3.22650688e-01,1.82321009e-02,1.04887995e+03,6.84072778e+01,2.32042097e-04,1.57357374e-05,0.00000000e+00,0.00000000e+00,3.92520000e+00,1.22929294e-01
1.32050000e+02,1.85481027e-04,1.37958141e-05,0.00000000e+00,0.00000000e+00,5.64091968e-05,9.20187175e-06,7.91778843e-09,7.91778843e-09,3.24004482e-01,1.86214406e-02,1.07873517e+03,7.39721348e+01,2.41849304e-04,1.84228791e-05,0.00000000e+00,0.00000000e+00,0.00000000e+00,0.00000000e+00
1.32150000e+02,1.79873424e-04,1.31158388e-05,0.00000000e+00,0.00000000e+00,5.60405687e-05,9.02711725e-06,7.91778843e-09,7.91778843e-09,3.20557535e-01,1.82879208e-02,1.04913129e+03,7.08062852e+01,2.35873073e-04,1.73784831e-05,0.00000000e+00,0.00000000e+00,3.90300000e+00,1.20169014e-01
1.32250000e+02,1.78276830e-04,1.30250116e-05,0.00000000e+00,0.00000000e+00,5.86173812e-05,9.27054379e-06,7.91778843e-09,7.91778843e-09,3.20745518e-01,1.89463436e-02,1.04344149e+03,7.15757946e+01,2.36853291e-04,1.73884018e-05,0.00000000e+00,0.00000000e+00,0.00000000e+00,0.00000000e+00
1.32350000e+02,1.79204114e-04,1.28752724e-05,0.00000000e+00,0.00000000e+00,5.95846683e-05,9.32558408e-06,7.91778843e-09,7.91778843e-09,3.19078401e-01,1.87595664e-02,1.04670807e+03,7.15003840e+01,2.38747863e-04,1.74070132e-05,0.00000000e+00,0.00000000e+00,3.89780000e+00,1.21118020e-01
1.32450000e+02,1.82109034e-04,1.27181470e-05,0.00000000e+00,0.00000000e+00,4.95012148e-05,7.12296470e-06,7.91778843e-09,7.91778843e-09,3.22116859e-01,1.86838450e-02,1.05743952e+03,7.10414745e+01,2.31569329e-04,1.65664976e-05,0.00000000e+00,0.00000000e+00,0.00000000e+00,0.00000000e+00
1.32550000e+02,1.81299187e-04,1.25663502e-05,0.00000000e+00,0.00000000e+00,4.71699717e-05,6.21784975e-06,7.91778843e-09,7.91778843e-09,3.23666401e-01,1.78597571e-02,1.05145201e+03,6.79577965e+01,2.28428238e-04,1.63934782e-05,0.00000000e+00,0.00000000e+00,3.88380000e+00,1.20560897e-01
1.32650000e+02,1.81731278e-04,1.25307793e-05,0.00000000e+00,0.00000000e+00,5.43568374e-05,9.01069115e-06,7.91778843e-09,7.91778843e-09,3.23340796e-01,1.76778959e-02,1.05518753e+03,6.75219510e+01,2.36047196e-04,1.70478061e-05,0.00000000e+00,0.00000000e+00,0.00000000e+00,0.00000000e+00
1.32750000e+02,1.81634580e-04,1.36033294e-05,0.00000000e+00,0.00000000e+00,4.65313448e-05,6.44429824e-06,7.91778843e-09,7.91778843e-09,3.22178548e-01,1.89766346e-02,1.05251407e+03,7.30013348e+01,2.28125005e-04,1.72352427e-05,0.00000000e+00,0.00000000e+00,3.89180000e+00,1.21765814e-01
1.32850000e+02,1.74997518e-04,1.27641683e-05,0.00000000e+00,0.00000000e+00,4.48937089e-05,6.50831823e-06,7.91778843e-09,7.91778843e-09,3.13412250e-01,1.82931561e-02,1.01890601e+03,6.87873870e+01,2.19850307e-04,1.63364435e-05,0.00000000e+00,0.00000000e+00,0.00000000e+00,0.00000000e+00
1.32950000e+02,1.79218622e-04,1.34961908e-05,0.00000000e+00,0.00000000e+00,9.85726057e-05,5.13888423e-05,7.91778843e-09,7.91778843e-09,3.17049270e-01,1.94123549e-02,1.04338071e+03,7.42630073e+01,2.77750308e-04,5.50287854e-05,0.00000000e+00,0.00000000e+00,3.89280000e+00,1.23596460e-01
1.33050000e+02,1.85361996e-04,1.45415029e-05,0.00000000e+00,0.00000000e+00,4.85045419e-05,8.20044749e-06,7.91778843e-09,7.91778843e-09,3.20363957e-01,2.01475865e-02,1.07169172e+03,7.88093032e+01,2.33825618e-04,1.89560939e-05,0.00000000e+00,0.00000000e+00,0.00000000e+00,0.00000000e+00
1.33150000e+02,1.80461050e-04,1.38631849e-05,0.00000000e+00,0.00000000e+00,5.90450401e-05,1.48710780e-05,7.91778843e-09,7.91778843e-09,3.15393168e-01,1.91227356e-02,1.05282954e+03,7.64580405e+01,2.39465170e-04,2.21169342e-05,0.00000000e+00,0.00000000e+00,3.88480000e+00,1.22343524e-01
1.33250000e+02,1.80965960e-04,1.36357471e-05,0.00000000e+00,0.00000000e+00,6.06924688e-05,1.95362739e-05,7.91778843e-09,7.91778843e-09,3.15806424e-01,1.92051490e-02,1.04935754e+03,7.43363002e+01,2.41617509e-04,2.50449330e-05,0.00000000e+00,0.00000000e+00,0.00000000e+00,0.00000000e+00
1.33350000e+02,1.73868202e-04,1.25984860e-05,0.00000000e+00,0.00000000e+00,5.93292707e-05,1.93120189e-05,7.91778843e-09,7.91778843e-09,3.10447409e-01,1.91973853e-02,1.01712163e+03,6.99027806e+01,2.33156553e-04,2.37295968e-05,0.00000000e+00,0.00000000e+00,3.86680000e+00,1.22381618e-01
1.33450000e+02,1.77900799e-04,1.36336687e-05,0.00000000e+00,0.00000000e+00,5.80513997e-05,1.92874019e-05,7.91778843e-09,7.91778843e-09,3.07758761e-01,1.83762228e-02,1.03098676e+03,7.37694577e+01,2.35911279e-04,2.43476662e-05,0.00000000e+00,0.00000000e+00,0.00000000e+00,0.00000000e+00
1.33550000e+02,1.74246140e-04,1.30525881e-05,0.00000000e+00,0.00000000e+00,6.06940503e-05,1.96303933e-05,7.91778843e-09,7.91778843e-09,3.04911467e-01,1.86994840e-02,1.01104168e+03,7.09941818e+01,2.34899270e-04,2.43582073e-05,0.00000000e+00,0.00000000e+00,3.85480000e+00,1.21511649e-01
1.33650000e+02,1.71495544e-04,1.23504796e-05,0.00000000e+00,0.00000000e+00,6.18860358e-05,1.98971977e-05,7.91778843e-09,7.91778843e-09,3.00544503e-01,1.78053168e-02,9.93713028e+02,6.66905765e+01,2.33340660e-04,2.42741951e-05,0.00000000e+00,0.00000000e+00,0.00000000e+00,0.00000000e+00
1.33750000e+02,1.73445033e-04,1.29851171e-05,0.00000000e+00,0.00000000e+00,6.12666797e-05,1.95619181e-05,7.91778843e-09,7.91778843e-09,3.00293192e-01,1.72533940e-02,1.00036938e+03,6.90358835e+01,2.34670793e-04,2.41926104e-05,0.00000000e+00,0.00000000e+00,3.86040000e+00,1.21962845e-01
1.33850000e+02,1.71340282e-04,1.29288884e-05,0.00000000e+00,0.00000000e+00,5.77297304e-05,1.91629860e-05,7.91778843e-09,7.91778843e-09,2.99419745e-01,1.71677741e-02,9.93034460e+02,6.90486259e+01,2.29029093e-04,2.40544866e-05,0.00000000e+00,0.00000000e+00,0.00000000e+00,0.00000000e+00
1.33950000e+02,1.72075821e-04,1.28367059e-05,0.00000000e+00,0.00000000e+00,5.26814056e-05,1.86709896e-05,7.91778843e-09,7.91778843e-09,3.00061685e-01,1.76527631e-02,9.99738585e+02,6.98154844e+01,2.24716307e-04,2.32137402e-05,0.00000000e+00,0.00000000e+00,3.85000000e+00,1.23308804e-01
1.34050000e+02,1.70006377e-04,1.28328870e-05,0.00000000e+00,0.00000000e+00,4.89774164e-05,1.83388502e-05,7.91778843e-09,7.91778843e-09,3.02805036e-01,1.83366300e-02,9.92163351e+02,7.05615697e+01,2.18942873e-04,2.30900362e-05,0.00000000e+00,0.00000000e+00,0.00000000e+00,0.00000000e+00
1.34150000e+02,1.73451273e-04,1.30946046e-05,0.00000000e+00,0.00000000e+00,4.91605027e-05,1.82967784e-05,7.91778843e-09,7.91778843e-09,3.05918397e-01,1.87433581e-02,1.01210713e+03,7.17901936e+01,2.22570856e-04,2.32057237e-05,0.00000000e+00,0.00000000e+00,3.84500000e+00,1.22313832e-01
1.34250000e+02,1.72876829e-04,1.31599044e-05,0.00000000e+00,0.00000000e+00,6.27973220e-05,2.36378326e-05,7.91778843e-09,7.91778843e-09,3.04163565e-01,1.87418740e-02,9.95209817e+02,7.15362366e+01,2.35633231e-04,2.84795465e-05,0.00000000e+00,0.00000000e+00,0.00000000e+00,0.00000000e+00
1.34350000e+02,1.76263588e-04,1.37575564e-05,0.00000000e+00,0.00000000e+00,4.67914474e-05,1.82203797e-05,7.91778843e-09,7.91778843e-09,3.02228095e-01,1.80955789e-02,1.00990580e+03,7.34666229e+01,2.23014115e-04,2.30084324e-05,0.00000000e+00,0.00000000e+00,3.83820000e+00,1.23417225e-01
1.34450000e+02,1.77648259e-04,1.50878045e-05,0.00000000e+00,0.00000000e+00,3.66312394e-05,8.86001718e-06,7.91778843e-09,7.91778843e-09,2.99950686e-01,1.83617116e-02,1.02255522e+03,8.03089990e+01,2.14238579e-04,1.78183112e-05,0.00000000e+00,0.00000000e+00,0.00000000e+00,0.00000000e+00
1.34550000e+02,1.75977099e-04,1.46016671e-05,0.00000000e+00,0.00000000e+00,3.33603799e-05,5.38366067e-06,7.91778843e-09,7.91778843e-09,2.96802925e-01,1.80165331e-02,1.01241130e+03,7.78435366e+01,2.09296558e-04,1.67869508e-05,0.00000000e+00,0.00000000e+00,3.82160000e+00,1.24080737e-01
1.34650000e+02,1.77129697e-04,1.52396528e-05,0.00000000e+00,0.00000000e+00,3.53269444e-05,6.12440101e-06,7.91778843e-09,7.91778843e-09,2.92887580e-01,1.81330800e-02,1.01242097e+03,8.00746573e+01,2.12415721e-04,1.82465403e-05,0.00000000e+00,0.00000000e+00,0.00000000e+00,0.00000000e+00
1.34750000e+02,1.69389538e-04,1.35246577e-05,0.00000000e+00,0.00000000e+00,3.49288780e-05,5.51504922e-06,7.91778843e-09,7.91778843e-09,2.92020411e-01,1.84296664e-02,9.72134902e+02,7.27583997e+01,2.04277496e-04,1.64692312e-05,0.00000000e+00,0.00000000e+00,3.81080000e+00,1.23883039e-01
1.34850000e+02,1.68137719e-04,1.30296838e-05,0.00000000e+00,0.00000000e+00,3.18838668e-05,3.12297557e-06,7.91778843e-09,7.91778843e-09,2.89533332e-01,1.75574347e-02,9.67979748e+02,6.99153319e+01,1.99980666e-04,1.44850793e-05,0.00000000e+00,0.00000000e+00,0.00000000e+00,0.00000000e+00
1.34950000e+02,1.61795158e-04,1.23789710e-05,0.00000000e+00,0.00000000e+00,2.95972018e-05,2.76292921e-06,7.91778843e-09,7.91778843e-09,2.80929188e-01,1.69797105e-02,9.33721965e+02,6.68374381e+01,1.91351440e-04,1.35482969e-05,0.00000000e+00,0.00000000e+00,3.80520000e+00,1.24368524e-01
1.35050000e+02,1.58910206e-04,1.20446230e-05,0.00000000e+00,0.00000000e+00,2.92438386e-05,2.72531834e-06,7.91778843e-09,7.91778843e-09,2.81918547e-01,1.81138043e-02,9.20571885e+02,6.69527683e+01,1.88113124e-04,1.33273799e-05,0.00000000e+00,0.00000000e+00,0.00000000e+00,0.00000000e+00
1.35150000e+02,1.56922425e-04,1.19655082e-05,0.00000000e+00,0.00000000e+00,3.69698246e-05,5.17172713e-06,7.91778843e-09,7.91778843e-09,2.80445043e-01,1.78769305e-02,9.11284070e+02,6.60986423e+01,1.93851329e-04,1.46895772e-05,0.00000000e+00,0.00000000e+00,3.80320000e+00,1.25236899e-01
1.35250000e+02,1.53721000e-04,1.12801395e-05,0.00000000e+00,0.00000000e+00,3.16706093e-05,3.22604982e-06,7.91778843e-09,7.91778843e-09,2.74826240e-01,1.67211640e-02,8.93294894e+02,6.23508229e+01,1.85350690e-04,1.26479538e-05,0.00000000e+00,0.00000000e+00,0.00000000e+00,0.00000000e+00
1.35350000e+02,1.51855322e-04,1.09092935e-05,0.00000000e+00,0.00000000e+00,3.15245939e-05,2.82050674e-06,7.91778843e-09,7.91778843e-09,2.72378181e-01,1.63273404e-02,8.82608417e+02,6.04789768e+01,1.83338996e-04,1.21493304e-05,0.00000000e+00,0.00000000e+00,3.80120000e+00,1.25881590e-01
1.35450000e+02,1.53110668e-04,1.19559988e-05,0.00000000e+00,0.00000000e+00,4.14380752e-05,7.35580871e-06,7.91778843e-09,7.91778843e-09,2.73164794e-01,1.74048534e-02,8.86036766e+02,6.50787119e+01,1.94507823e-04,1.56309372e-05,0.00000000e+00,0.00000000e+00,0.00000000e+00,0.00000000e+00
1.35550000e+02,1.53802625e-04,1.16766216e-05,0.00000000e+00,0.00000000e+00,4.43510556e-05,8.55475571e-06,7.91778843e-09,7.91778843e-09,2.72273068e-01,1.73021962e-02,8.87750670e+02,6.37266036e+01,1.98112761e-04,1.62053064e-05,0.00000000e+00,0.00000000e+00,3.78740000e+00,1.24650961e-01
1.35650000e+02,1.52140026e-04,1.13851965e-05,0.00000000e+00,0.00000000e+00,4.46926551e-05,7.85670554e-06,7.91778843e-09,7.91778843e-09,2.70370199e-01,1.74220977e-02,8.84358845e+02,6.27110157e+01,1.96791761e-04,1.53538379e-05,0.00000000e+00,0.00000000e+00,0.00000000e+00,0.00000000e+00
1.35750000e+02,1.51542075e-04,1.16978006e-05,0.00000000e+00,0.00000000e+00,4.46909800e-05,7.78067611e-06,7.91778843e-09,7.91778843e-09,2.73479480e-01,1.80667001e-02,8.82962805e+02,6.46163132e+01,1.96192135e-04,1.55279178e-05,0.00000000e+00,0.00000000e+00,3.78140000e+00,1.24711589e-01
1.35850000e+02,1.48832172e-04,1.13849525e-05,0.00000000e+00,0.00000000e+00,4.41743786e-05,7.75513164e-06,7.91778843e-09,7.91778843e-09,2.72559522e-01,1.83787368e-02,8.68538661e+02,6.30491896e+01,1.92965631e-04,1.50684701e-05,0.00000000e+00,0.00000000e+00,0.00000000e+00,0.00000000e+00
1.35950000e+02,1.55840450e-04,1.29569453e-05,0.00000000e+00,0.00000000e+00,4.25054407e-05,7.74023548e-06,7.91778843e-09,7.91778843e-09,2.74321152e-01,1.79209683e-02,9.01417322e+02,6.91051648e+01,1.98304971e-04,1.65617318e-05,0.00000000e+00,0.00000000e+00,3.78060000e+00,1.24254646e-01
1.36050000e+02,1.49534842e-04,1.16390157e-05,0.00000000e+00,0.00000000e+00,4.35019931e-05,7.79177450e-06,7.91778843e-09,7.91778843e-09,2.65721837e-01,1.71509501e-02,8.65745773e+02,6.36723637e+01,1.92995915e-04,1.55509980e-05,0.00000000e+00,0.00000000e+00,0.00000000e+00,0.00000000e+00
1.36150000e+02,1.53423327e-04,1.21820819e-05,0.00000000e+00,0.00000000e+00,4.61422369e-05,8.36046595e-06,7.91778843e-09,7.91778843e-09,2.68757811e-01,1.71540476e-02,8.85866990e+02,6.63674411e+01,1.99524643e-04,1.63881397e-05,0.00000000e+00,0.00000000e+00,3.78060000e+00,1.23214235e-01
1.36250000e+02,1.58074837e-04,1.39889754e-05,0.00000000e+00,0.00000000e+00,4.31639619e-05,6.10093522e-06,7.91778843e-09,7.91778843e-09,2.69851635e-01,1.72408491e-02,9.06381104e+02,7.35664340e+01,2.01197879e-04,1.76073417e-05,0.00000000e+00,0.00000000e+00,0.00000000e+00,0.00000000e+00
1.36350000e+02,1.50477946e-04,1.14117685e-05,0.00000000e+00,0.00000000e+00,3.94164339e-05,4.92283398e-06,7.91778843e-09,7.91778843e-09,2.67993359e-01,1.69266131e-02,8.68693667e+02,6.24278076e+01,1.89853459e-04,1.40300636e-05,0.00000000e+00,0.00000000e+00,3.77620000e+00,1.23908422e-01
1.36450000e+02,1.49909785e-04,1.13946748e-05,0.00000000e+00,0.00000000e+00,3.82318634e-05,4.57193335e-06,7.91778843e-09,7.91778843e-09,2.65731737e-01,1.65970787e-02,8.68487652e+02,6.17157461e+01,1.88100728e-04,1.37927002e-05,0.00000000e+00,0.00000000e+00,0.00000000e+00,0.00000000e+00
1.36550000e+02,1.49272418e-04,1.19488875e-05,0.00000000e+00,0.00000000e+00,3.70306585e-05,4.34610169e-06,7.91778843e-09,7.91778843e-09,2.62457413e-01,1.74400652e-02,8.65112682e+02,6.57198413e+01,1.86262157e-04,1.41976917e-05,0.00000000e+00,0.00000000e+00,3.77460000e+00,1.23815271e-01
1.36650000e+02,1.52013667e-04,1.29194234e-05,0.00000000e+00,0.00000000e+00,3.97257648e-05,5.46313540e-06,7.91778843e-09,7.91778843e-09,2.66515238e-01,1.76822802e-02,8.74352273e+02,6.97635943e+01,1.91698511e-04,1.60822026e-05,0.00000000e+00,0.00000000e+00,0.00000000e+00,0.00000000e+00
1.36750000e+02,1.47188677e-04,1.18409440e-05,0.00000000e+00,0.00000000e+00,3.80377511e-05,5.28745216e-06,7.91778843e-09,7.91778843e-09,2.61650925e-01,1.68643712e-02,8.48856381e+02,6.50563594e+01,1.85185508e-04,1.45406386e-05,0.00000000e+00,0.00000000e+00,3.76060000e+00,1.23746419e-01
1.36850000e+02,1.47444141e-04,1.12937439e-05,0.00000000e+00,0.00000000e+00,4.04095706e-05,5.59114241e-06,7.91778843e-09,7.91778843e-09,2.61859405e-01,1.62655650e-02,8.51231537e+02,6.22851087e+01,1.87812791e-04,1.43438878e-05,0.00000000e+00,0.00000000e+00,0.00000000e+00,0.00000000e+00
1.36950000e+02,1.44823745e-04,1.10657512e-05,0.00000000e+00,0.00000000e+00,4.66614668e-05,1.03043162e-05,7.91778843e-09,7.91778843e-09,2.60042329e-01,1.64069796e-02,8.39486117e+02,6.14870253e+01,1.91444292e-04,1.74684008e-05,0.00000000e+00,0.00000000e+00,3.75620000e+00,1.23997989e-01
1.37050000e+02,1.45794295e-04,1.19058526e-05,0.00000000e+00,0.00000000e+00,6.35782991e-05,2.85412847e-05,7.91778843e-09,7.91778843e-09,2.56879346e-01,1.60973368e-02,8.43136962e+02,6.50237871e+01,2.09331674e-04,3.40022668e-05,0.00000000e+00,0.00000000e+00,0.00000000e+00,0.00000000e+00
1.37150000e+02,1.43284379e-04,1.12114788e-05,0.00000000e+00,0.00000000e+00,4.01488848e-05,7.01417178e-06,7.91778843e-09,7.91778843e-09,2.53770525e-01,1.63788693e-02,8.30586062e+02,6.18897738e+01,1.83392343e-04,1.44712368e-05,0.00000000e+00,0.00000000e+00,3.73480000e+00,1.23405831e-01
1.37250000e+02,1.44018616e-04,1.13684344e-05,0.00000000e+00,0.00000000e+00,3.49079806e-05,5.80705991e-06,7.91778843e-09,7.91778843e-09,2.54461641e-01,1.64289913e-02,8.35260054e+02,6.24525540e+01,1.78885676e-04,1.35502455e-05,0.00000000e+00,0.00000000e+00,0.00000000e+00,0.00000000e+00
1.37350000e+02,1.43312661e-04,1.14831036e-05,0.00000000e+00,0.00000000e+00,3.36071535e-05,5.88773600e-06,7.91778843e-09,7.91778843e-09,2.48625947e-01,1.53077459e-02,8.26916669e+02,6.25747883e+01,1.76878894e-04,1.40333356e-05,0.00000000e+00,0.00000000e+00,3.73180000e+00,1.23126844e-01
1.37450000e+02,1.43880727e-04,1.13178532e-05,0.00000000e+00,0.00000000e+00,3.13754836e-05,3.59250272e-06,7.91778843e-09,7.91778843e-09,2.53881711e-01,1.59768644e-02,8.33701319e+02,6.22821365e+01,1.75215290e-04,1.29331769e-05,0.00000000e+00,0.00000000e+00,0.00000000e+00,0.00000000e+00
1.37550000e+02,1.39458993e-04,1.08097461e-05,0.00000000e+00,0.00000000e+00,3.00416299e-05,3.57954100e-06,7.91778843e-09,7.91778843e-09,2.46449956e-01,1.54395384e-02,8.08250283e+02,5.96077109e+01,1.69459703e-04,1.23002970e-05,0.00000000e+00,0.00000000e+00,3.72200000e+00,1.23253845e-01
1.37650000e+02,1.45949145e-04,1.21507880e-05,0.00000000e+00,0.00000000e+00,4.02383978e-05,8.40383905e-06,7.91778843e-09,7.91778843e-09,2.53931622e-01,1.61645036e-02,8.45434757e+02,6.58427959e+01,1.86146623e-04,1.69462612e-05,0.00000000e+00,0.00000000e+00,0.00000000e+00,0.00000000e+00
1.37750000e+02,1.40217818e-04,1.08002284e-05,0.00000000e+00,0.00000000e+00,4.15865139e-05,7.26112294e-06,7.91778843e-09,7.91778843e-09,2.50645253e-01,1.52137044e-02,8.18886622e+02,5.97585944e+01,1.81763412e-04,1.46723487e-05,0.00000000e+00,0.00000000e+00,3.70800000e+00,1.22425821e-01
1.37850000e+02,1.34242625e-04,9.80799925e-06,0.00000000e+00,0.00000000e+00,3.62003166e-05,4.97467102e-06,7.91778843e-09,7.91778843e-09,2.43728844e-01,1.46323051e-02,7.82680712e+02,5.52573954e+01,1.70402021e-04,1.27821635e-05,0.00000000e+00,0.00000000e+00,0.00000000e+00,0.00000000e+00
1.37950000e+02,1.35249150e-04,9.79542514e-06,0.00000000e+00,0.00000000e+00,3.47588097e-05,4.40976957e-06,7.91778843e-09,7.91778843e-09,2.42637592e-01,1.43506206e-02,7.84979258e+02,5.42091663e+01,1.69967039e-04,1.24094925e-05,0.00000000e+00,0.00000000e+00,3.70440000e+00,1.23369417e-01
1.38050000e+02,1.37187793e-04,1.11788023e-05,0.00000000e+00,0.00000000e+00,3.58232493e-05,4.68458694e-06,7.91778843e-09,7.91778843e-09,2.40305196e-01,1.46050217e-02,7.91770762e+02,6.06822330e+01,1.72970122e-04,1.37879973e-05,0.00000000e+00,0.00000000e+00,0.00000000e+00,0.00000000e+00
1.38150000e+02,1.33811847e-04,9.90460452e-06,0.00000000e+00,0.00000000e+00,3.53912997e-05,4.45657185e-06,7.91778843e-09,7.91778843e-09,2.36561173e-01,1.40999063e-02,7.74041736e+02,5.43218735e+01,1.69162226e-04,1.24129608e-05,0.00000000e+00,0.00000000e+00,3.70760000e+00,1.22891211e-01
1.38250000e+02,1.32850982e-04,9.65993453e-06,0.00000000e+00,0.00000000e+00,3.64441203e-05,4.75208802e-06,7.91778843e-09,7.91778843e-09,2.36477487e-01,1.41228641e-02,7.68192244e+02,5.31339464e+01,1.69254182e-04,1.24342373e-05,0.00000000e+00,0.00000000e+00,0.00000000e+00,0.00000000e+00
1.38350000e+02,1.35985564e-04,1.06117292e-05,0.00000000e+00,0.00000000e+00,4.13268568e-05,6.00289100e-06,7.91778843e-09,7.91778843e-09,2.38070146e-01,1.49411057e-02,7.81457565e+02,5.73084134e+01,1.77271500e-04,1.43716058e-05,0.00000000e+00,0.00000000e+00,3.70780000e+00,1.23375746e-01
1.38450000e+02,1.36823690e-04,1.03409086e-05,0.00000000e+00,0.00000000e+00,3.97117088e-05,5.57472448e-06,7.91778843e-09,7.91778843e-09,2.38931296e-01,1.50153008e-02,7.83713808e+02,5.60415608e+01,1.76494478e-04,1.36808937e-05,0.00000000e+00,0.00000000e+00,0.00000000e+00,0.00000000e+00
1.38550000e+02,1.32013950e-04,9.70361320e-06,0.00000000e+00,0.00000000e+00,5.25378720e-05,1.28078307e-05,7.91778843e-09,7.91778843e-09,2.36817531e-01,1.50719369e-02,7.61522756e+02,5.31281277e+01,1.84510902e-04,1.88671865e-05,0.00000000e+00,0.00000000e+00,3.70280000e+00,1.24067473e-01
1.38650000e+02,1.30208034e-04,9.57972494e-06,0.00000000e+00,0.00000000e+00,4.31049867e-05,7.75468554e-06,7.91778843e-09,7.91778843e-09,2.33234869e-01,1.51300023e-02,7.54538956e+02,5.35650684e+01,1.73272100e-04,1.38225456e-05,0.00000000e+00,0.00000000e+00,0.00000000e+00,0.00000000e+00
1.38750000e+02,1.29097966e-04,9.73297137e-06,0.00000000e+00,0.00000000e+00,4.03855845e-05,7.05505934e-06,7.91778843e-09,7.91778843e-09,2.30134394e-01,1.51991789e-02,7.49638998e+02,5.41672879e+01,1.69442630e-04,1.36379787e-05,0.00000000e+00,0.00000000e+00,3.68600000e+00,1.23602391e-01
1.38850000e+02,1.31353015e-04,9.47379228e-06,0.00000000e+00,0.00000000e+00,3.95129265e-05,7.25739517e-06,7.91778843e-09,7.91778843e-09,2.30656556e-01,1.43896531e-02,7.61044913e+02,5.28242945e+01,1.70825021e-04,1.33075162e-05,0.00000000e+00,0.00000000e+00,0.00000000e+00,0.00000000e+00
1.38950000e+02,1.29317387e-04,9.40109131e-06,0.00000000e+00,0.00000000e+00,3.82601659e-05,5.40486528e-06,7.91778843e-09,7.91778843e-09,2.27976744e-01,1.39409410e-02,7.52006154e+02,5.22256727e+01,1.67536632e-04,1.22636560e-05,0.00000000e+00,0.00000000e+00,3.67520000e+00,1.24870951e-01
1.39050000e+02,1.27195787e-04,9.04685098e-06,0.00000000e+00,0.00000000e+00,3.34849569e-05,4.37813851e-06,7.91778843e-09,7.91778843e-09,2.26304944e-01,1.39020742e-02,7.36821633e+02,5.05887386e+01,1.60639824e-04,1.10355000e-05,0.00000000e+00,0.00000000e+00,0.00000000e+00,0.00000000e+00
1.39150000e+02,1.27316120e-04,9.55243066e-06,0.00000000e+00,0.00000000e+00,3.95548261e-05,7.09368401e-06,7.91778843e-09,7.91778843e-09,2.22540833e-01,1.43839843e-02,7.33615043e+02,5.27699042e+01,1.66830025e-04,1.34952159e-05,0.00000000e+00,0.00000000e+00,3.66760000e+00,1.25313504e-01
1.39250000e+02,1.23264907e-04,9.14683851e-06,0.00000000e+00,0.00000000e+00,3.91272549e-05,8.51775638e-06,7.91778843e-09,7.91778843e-09,2.17645559e-01,1.39355786e-02,7.11332253e+02,5.04855109e+01,1.62351241e-04,1.44591453e-05,0.00000000e+00,0.00000000e+00,0.00000000e+00,0.00000000e+00
1.39350000e+02,1.22156974e-04,9.02590057e-06,0.00000000e+00,0.00000000e+00,3.98746018e-05,8.61381371e-06,7.91778843e-09,7.91778843e-09,2.15513629e-01,1.37424185e-02,7.05590716e+02,4.95088910e+01,1.61990655e-04,1.44421208e-05,0.00000000e+00,0.00000000e+00,3.67020000e+00,1.24076833e-01
1.39450000e+02,1.21668452e-04,8.94038966e-06,0.00000000e+00,0.00000000e+00,3.94101259e-05,8.49657585e-06,7.95084571e-09,7.95084571e-09,2.14070724e-01,1.34063660e-02,7.03840284e+02,4.96537952e+01,1.61037419e-04,1.40162051e-05,0.00000000e+00,0.00000000e+00,0.00000000e+00,0.00000000e+00
1.39550000e+02,1.19857141e-04,8.86688397e-06,0.00000000e+00,0.00000000e+00,3.52059558e-05,6.16691209e-06,8.60118238e-09,8.60118238e-09,2.13247807e-01,1.34471164e-02,6.95846244e+02,4.87521098e+01,1.55017248e-04,1.15690302e-05,0.00000000e+00,0.00000000e+00,3.66600000e+00,1.24128965e-01
1.39650000e+02,1.17681918e-04,8.79701689e-06,0.00000000e+00,0.00000000e+00,3.18177740e-05,4.22438107e-06,8.60118238e-09,8.60118238e-09,2.12014146e-01,1.33981133e-02,6.84536124e+02,4.83588052e+01,1.49453843e-04,1.09321782e-05,0.00000000e+00,0.00000000e+00,0.00000000e+00,0.00000000e+00
1.39750000e+02,1.15028294e-04,8.71672400e-06,0.00000000e+00,0.00000000e+00,2.71047590e-05,3.24105719e-06,8.60118238e-09,8.60118238e-09,2.06511970e-01,1.36088126e-02,6.70910764e+02,4.84341542e+01,1.42087204e-04,1.05631878e-05,0.00000000e+00,0.00000000e+00,3.65340000e+00,1.23108915e-01
1.39850000e+02,1.14876475e-04,9.17016297e-06,0.00000000e+00,0.00000000e+00,2.66663199e-05,3.29058815e-06,8.60118238e-09,8.60118238e-09,2.03877302e-01,1.32838474e-02,6.69472267e+02,4.99938267e+01,1.41496946e-04,1.08217362e-05,0.00000000e+00,0.00000000e+00,0.00000000e+00,0.00000000e+00
1.39950000e+02,1.13722840e-04,8.80690194e-06,0.00000000e+00,0.00000000e+00,2.62474199e-05,3.34708618e-06,8.60118238e-09,8.60118238e-09,2.01760597e-01,1.28957429e-02,6.61630993e+02,4.83713905e+01,1.39924411e-04,1.04980952e-05,0.00000000e+00,0.00000000e+00,3.64580000e+00,1.20597523e-01
1.40050000e+02,1.12674430e-04,8.53803040e-06,0.00000000e+00,0.00000000e+00,2.82397515e-05,3.98658507e-06,8.60118238e-09,8.60118238e-09,2.00528601e-01,1.31631631e-02,6.58509053e+02,4.77415359e+01,1.40868333e-04,1.04429368e-05,0.00000000e+00,0.00000000e+00,0.00000000e+00,0.00000000e+00
1.40150000e+02,1.13248419e-04,8.81918688e-06,0.00000000e+00,0.00000000e+00,3.13887749e-05,4.37430024e-06,8.60118238e-09,8.60118238e-09,1.99885218e-01,1.30837982e-02,6.58868498e+02,4.86708918e+01,1.44591345e-04,1.10137627e-05,0.00000000e+00,0.00000000e+00,3.64080000e+00,1.20949590e-01
1.40250000e+02,1.14401483e-04,8.87688512e-06,0.00000000e+00,0.00000000e+00,2.94841099e-05,3.53876477e-06,8.60118238e-09,8.60118238e-09,2.03560525e-01,1.39202075e-02,6.64216954e+02,4.92371323e+01,1.43839745e-04,1.05197892e-05,0.00000000e+00,0.00000000e+00,0.00000000e+00,0.00000000e+00
1.40350000e+02,1.12682052e-04,8.89344927e-06,0.00000000e+00,0.00000000e+00,2.97920461e-05,3.58788900e-06,8.60118238e-09,8.60118238e-09,2.00317635e-01,1.33999180e-02,6.54099771e+02,4.90308354e+01,1.42428250e-04,1.04169346e-05,0.00000000e+00,0.00000000e+00,3.63340000e+00,1.20105943e-01
1.40450000e+02,1.14834150e-04,9.73585909e-06,0.00000000e+00,0.00000000e+00,2.99223020e-05,3.55350249e-06,8.60118238e-09,8.60118238e-09,2.01788807e-01,1.35732018e-02,6.68831468e+02,5.46751045e+01,1.44710604e-04,1.12327431e-05,0.00000000e+00,0.00000000e+00,0.00000000e+00,0.00000000e+00
1.40550000e+02,1.13178048e-04,8.74610265e-06,0.00000000e+00,0.00000000e+00,3.17046803e-05,3.93861644e-06,8.60118238e-09,8.60118238e-09,2.04498649e-01,1.52855011e-02,6.62188781e+02,4.93604896e+01,1.44836880e-04,1.06206252e-05,0.00000000e+00,0.00000000e+00,3.62840000e+00,1.22816392e-01
1.40650000e+02,1.14127469e-04,8.39306938e-06,0.00000000e+00,0.00000000e+00,2.99316822e-05,3.56743888e-06,8.60118238e-09,8.60118238e-09,2.00521843e-01,1.31924592e-02,6.58755007e+02,4.54691070e+01,1.44013303e-04,9.89208053e-06,0.00000000e+00,0.00000000e+00,0.00000000e+00,0.00000000e+00
1.40750000e+02,1.13586103e-04,8.83970813e-06,0.00000000e+00,0.00000000e+00,2.67593684e-05,3.40315343e-06,8.60118238e-09,8.60118238e-09,1.97365601e-01,1.32537180e-02,6.55230317e+02,4.80907466e+01,1.40299622e-04,1.05492391e-05,0.00000000e+00,0.00000000e+00,3.62480000e+00,1.22464902e-01
1.40850000e+02,1.13008853e-04,9.10191185e-06,0.00000000e+00,0.00000000e+00,2.73174338e-05,3.21613863e-06,8.60118238e-09,8.60118238e-09,1.93859374e-01,1.33053062e-02,6.50812157e+02,4.92223578e+01,1.40280438e-04,1.06174130e-05,0.00000000e+00,0.00000000e+00,0.00000000e+00,0.00000000e+00
1.40950000e+02,1.12040081e-04,8.83751530e-06,0.00000000e+00,0.00000000e+00,2.46644584e-05,2.86348936e-06,8.60118238e-09,8.60118238e-09,1.94346892e-01,1.31123547e-02,6.47088100e+02,4.78223496e+01,1.36658691e-04,9.89141358e-06,0.00000000e+00,0.00000000e+00,3.62100000e+00,1.21524752e-01
1.41050000e+02,1.07184950e-04,8.48148068e-06,0.00000000e+00,0.00000000e+00,2.32502249e-05,2.54628606e-06,8.60118238e-09,8.60118238e-09,1.87053667e-01,1.23670905e-02,6.20222947e+02,4.54772619e+01,1.30389326e-04,9.56928733e-06,0.00000000e+00,0.00000000e+00,0.00000000e+00,0.00000000e+00
1.41150000e+02,1.04394836e-04,7.99022872e-06,0.00000000e+00,0.00000000e+00,2.34575659e-05,2.53789552e-06,8.60118238e-09,8.60118238e-09,1.86064331e-01,1.20171383e-02,6.07052057e+02,4.28282730e+01,1.27806553e-04,9.09816139e-06,0.00000000e+00,0.00000000e+00,3.61240000e+00,1.20276403e-01
1.41250000e+02,1.03962340e-04,8.13900712e-06,0.00000000e+00,0.00000000e+00,2.22933016e-05,2.42712492e-06,8.60118238e-09,8.60118238e-09,1.84534035e-01,1.18017618e-02,6.05054696e+02,4.34936238e+01,1.26209793e-04,9.26230488e-06,0.00000000e+00,0.00000000e+00,0.00000000e+00,0.00000000e+00
1.41350000e+02,1.04128001e-04,8.48601913e-06,0.00000000e+00,0.00000000e+00,2.23375921e-05,2.52998307e-06,8.60118238e-09,8.60118238e-09,1.86534370e-01,1.29708000e-02,6.06219535e+02,4.62786305e+01,1.26419744e-04,9.69565942e-06,0.00000000e+00,0.00000000e+00,3.60820000e+00,1.20329714e-01
1.41450000e+02,1.03518553e-04,7.92533650e-06,0.00000000e+00,0.00000000e+00,2.41445717e-05,2.66178261e-06,8.60118238e-09,8.60118238e-09,1.85346072e-01,1.28242887e-02,6.03734829e+02,4.46337355e+01,1.27617276e-04,9.15029348e-06,0.00000000e+00,0.00000000e+00,0.00000000e+00,0.00000000e+00
1.41550000e+02,1.02516873e-04,7.73244451e-06,0.00000000e+00,0.00000000e+00,2.40454265e-05,2.75652130e-06,5.46751529e-09,5.46751529e-09,1.80693025e-01,1.16586987e-02,5.93213945e+02,4.22210772e+01,1.26533156e-04,8.98484675e-06,0.00000000e+00,0.00000000e+00,3.59740000e+00,1.19232857e-01
1.41650000e+02,1.01130683e-04,7.55038921e-06,0.00000000e+00,0.00000000e+00,2.59318340e-05,4.66338204e-06,0.00000000e+00,0.00000000e+00,1.81667782e-01,1.27020229e-02,5.87385622e+02,4.15180774e+01,1.27062518e-04,9.99235100e-06,0.00000000e+00,0.00000000e+00,0.00000000e+00,0.00000000e+00
1.41750000e+02,9.56328485e-05,6.53026202e-06,0.00000000e+00,0.00000000e+00,2.47521339e-05,4.66147948e-06,0.00000000e+00,0.00000000e+00,1.74642716e-01,1.11181615e-02,5.58998521e+02,3.62441408e+01,1.20384984e-04,9.25972483e-06,0.00000000e+00,0.00000000e+00,3.59620000e+00,1.20962767e-01
1.41850000e+02,9.45374207e-05,6.39897205e-06,0.00000000e+00,0.00000000e+00,2.43472020e-05,4.76621825e-06,0.00000000e+00,0.00000000e+00,1.73672461e-01,1.10884657e-02,5.50339643e+02,3.55006647e+01,1.18884624e-04,9.25733400e-06,0.00000000e+00,0.00000000e+00,0.00000000e+00,0.00000000e+00
1.41950000e+02,9.30079291e-05,6.11607562e-06,0.00000000e+00,0.00000000e+00,2.22061697e-05,3.12076293e-06,0.00000000e+00,0.00000000e+00,1.70855304e-01,1.06580740e-02,5.40251229e+02,3.41545381e+01,1.15214100e-04,8.01462081e-06,0.00000000e+00,0.00000000e+00,3.58300000e+00,1.19947352e-01
1.42050000e+02,9.04947562e-05,6.28377751e-06,0.00000000e+00,0.00000000e+00,1.99501958e-05,2.38888832e-06,0.00000000e+00,0.00000000e+00,1.66415539e-01,1.04569851e-02,5.30809789e+02,3.70891972e+01,1.10444953e-04,7.41480566e-06,0.00000000e+00,0.00000000e+00,0.00000000e+00,0.00000000e+00
1.42150000e+02,8.89816626e-05,5.82595911e-06,0.00000000e+00,0.00000000e+00,1.92677872e-05,2.32290185e-06,0.00000000e+00,0.00000000e+00,1.65551260e-01,1.04814105e-02,5.20508280e+02,3.36503113e+01,1.08249451e-04,7.06727596e-06,0.00000000e+00,0.00000000e+00,3.57580000e+00,1.20653692e-01
1.42250000e+02,8.79069048e-05,5.89677259e-06,0.00000000e+00,0.00000000e+00,1.93273183e-05,2.26376733e-06,0.00000000e+00,0.00000000e+00,1.61965878e-01,1.01654315e-02,5.12067345e+02,3.31063473e+01,1.07234224e-04,7.13933946e-06,0.00000000e+00,0.00000000e+00,0.00000000e+00,0.00000000e+00
1.42350000e+02,8.84104079e-05,6.03009482e-06,0.00000000e+00,0.00000000e+00,1.96110060e-05,2.25068472e-06,0.00000000e+00,0.00000000e+00,1.62272924e-01,1.01720448e-02,5.13982714e+02,3.36535545e+01,1.08021415e-04,7.25435422e-06,0.00000000e+00,0.00000000e+00,3.56120000e+00,1.19791874e-01
1.42450000e+02,8.64463794e-05,6.03273807e-06,0.00000000e+00,0.00000000e+00,1.86213136e-05,2.12777492e-06,0.00000000e+00,0.00000000e+00,1.56955850e-01,9.99315923e-03,5.01037332e+02,3.33985867e+01,1.05067694e-04,7.01834647e-06,0.00000000e+00,0.00000000e+00,0.00000000e+00,0.00000000e+00
1.42550000e+02,8.62515392e-05,5.97829855e-06,0.00000000e+00,0.00000000e+00,1.76052923e-05,1.88581353e-06,0.00000000e+00,0.00000000e+00,1.57998010e-01,9.91047118e-03,5.00100259e+02,3.27053118e+01,1.03856833e-04,6.80597102e-06,0.00000000e+00,0.00000000e+00,3.55880000e+00,1.19848762e-01
1.42650000e+02,8.43374677e-05,5.64881452e-06,0.00000000e+00,0.00000000e+00,1.76445891e-05,1.79591013e-06,0.00000000e+00,0.00000000e+00,1.54788429e-01,9.44559680e-03,4.91288134e+02,3.09683891e+01,1.01982058e-04,6.41922941e-06,0.00000000e+00,0.00000000e+00,0.00000000e+00,0.00000000e+00
1.42750000e+02,8.63442388e-05,5.78971797e-06,0.00000000e+00,0.00000000e+00,1.76520240e-05,1.80459619e-06,0.00000000e+00,0.00000000e+00,1.58648995e-01,1.01459795e-02,4.99979160e+02,3.17390491e+01,1.03996264e-04,6.77935344e-06,0.00000000e+00,0.00000000e+00,3.55860000e+00,1.20247028e-01
1.42850000e+02,8.53501479e-05,5.80627046e-06,0.00000000e+00,0.00000000e+00,1.69542064e-05,1.66822146e-06,0.00000000e+00,0.00000000e+00,1.53105945e-01,9.93757145e-03,4.93450074e+02,3.17903927e+01,1.02304355e-04,6.62390498e-06,0.00000000e+00,0.00000000e+00,0.00000000e+00,0.00000000e+00
1.42950000e+02,8.74624736e-05,6.01435582e-06,0.00000000e+00,0.00000000e+00,1.67378716e-05,1.60146855e-06,0.00000000e+00,0.00000000e+00,1.55198046e-01,9.57760701e-03,5.05484933e+02,3.24781571e+01,1.04200346e-04,6.76861861e-06,0.00000000e+00,0.00000000e+00,3.54780000e+00,1.19614445e-01
1.43050000e+02,8.89463253e-05,6.55285674e-06,0.00000000e+00,0.00000000e+00,2.10521267e-05,3.32146463e-06,0.00000000e+00,0.00000000e+00,1.57562561e-01,1.05002915e-02,5.15887845e+02,3.58551609e+01,1.09998453e-04,7.78403835e-06,0.00000000e+00,0.00000000e+00,0.00000000e+00,0.00000000e+00
1.43150000e+02,8.39488452e-05,6.16768775e-06,0.00000000e+00,0.00000000e+00,1.96231461e-05,2.83310390e-06,0.00000000e+00,0.00000000e+00,1.47411733e-01,9.46057568e-03,4.87109387e+02,3.35210457e+01,1.03571992e-04,7.23402489e-06,0.00000000e+00,0.00000000e+00,3.54460000e+00,1.20018437e-01
1.43250000e+02,8.22591926e-05,5.67420026e-06,0.00000000e+00,0.00000000e+00,1.83329962e-05,2.18804732e-06,0.00000000e+00,0.00000000e+00,1.50067867e-01,9.67206090e-03,4.80133350e+02,3.13985310e+01,1.00592190e-04,6.67763353e-06,0.00000000e+00,0.00000000e+00,0.00000000e+00,0.00000000e+00
1.43350000e+02,8.10315356e-05,5.44334773e-06,0.00000000e+00,0.00000000e+00,1.90868072e-05,2.21449634e-06,0.00000000e+00,0.00000000e+00,1.47531863e-01,9.19300752e-03,4.72771590e+02,3.01818181e+01,1.00118344e-04,6.39490817e-06,0.00000000e+00,0.00000000e+00,3.53400000e+00,1.19312315e-01
1.43450000e+02,8.05400860e-05,5.81926350e-06,0.00000000e+00,0.00000000e+00,1.88645733e-05,2.33668849e-06,0.00000000e+00,0.00000000e+00,1.43935873e-01,9.14681200e-03,4.70390684e+02,3.20738178e+01,9.94046603e-05,6.97196602e-06,0.00000000e+00,0.00000000e+00,0.00000000e+00,0.00000000e+00
1.43550000e+02,8.19210984e-05,6.06183290e-06,0.00000000e+00,0.00000000e+00,1.96471743e-05,2.44121432e-06,0.00000000e+00,0.00000000e+00,1.46532940e-01,9.95811360e-03,4.78260413e+02,3.36659695e+01,1.01568274e-04,7.34880928e-06,0.00000000e+00,0.00000000e+00,3.53520000e+00,1.20091203e-01
1.43650000e+02,8.17712618e-05,6.34267848e-06,0.00000000e+00,0.00000000e+00,1.99562991e-05,2.43148046e-06,0.00000000e+00,0.00000000e+00,1.47835340e-01,1.03997032e-02,4.76920854e+02,3.49956002e+01,1.01727562e-04,7.65263019e-06,0.00000000e+00,0.00000000e+00,0.00000000e+00,0.00000000e+00
1.43750000e+02,7.71940694e-05,5.81462425e-06,0.00000000e+00,0.00000000e+00,1.87718075e-05,2.33202869e-06,0.00000000e+00,0.00000000e+00,1.40880621e-01,9.47980825e-03,4.54452393e+02,3.23875178e+01,9.59658780e-05,6.94400570e-06,0.00000000e+00,0.00000000e+00,3.54300000e+00,1.20966263e-01
1.43850000e+02,8.02879589e-05,6.49734063e-06,0.00000000e+00,0.00000000e+00,1.87719274e-05,2.36969825e-06,0.00000000e+00,0.00000000e+00,1.43753411e-01,1.00709623e-02,4.69835774e+02,3.57018448e+01,9.90598874e-05,7.37975844e-06,0.00000000e+00,0.00000000e+00,0.00000000e+00,0.00000000e+00
1.43950000e+02,7.88148781e-05,6.38329038e-06,0.00000000e+00,0.00000000e+00,2.13989476e-05,3.72890730e-06,0.00000000e+00,0.00000000e+00,1.40985293e-01,9.83185739e-03,4.60561397e+02,3.51982505e+01,1.00213827e-04,7.88745781e-06,0.00000000e+00,0.00000000e+00,3.53000000e+00,1.20003061e-01
1.44050000e+02,8.05025895e-05,7.03797610e-06,0.00000000e+00,0.00000000e+00,2.15458275e-05,3.74414562e-06,0.00000000e+00,0.00000000e+00,1.42481120e-01,1.08150696e-02,4.69806241e+02,3.85912701e+01,1.02048418e-04,8.55301298e-06,0.00000000e+00,0.00000000e+00,0.00000000e+00,0.00000000e+00
1.44150000e+02,7.76588063e-05,6.91678678e-06,0.00000000e+00,0.00000000e+00,2.03729074e-05,3.86245876e-06,0.00000000e+00,0.00000000e+00,1.39407588e-01,1.08035804e-02,4.56258432e+02,3.87575543e+01,9.80317147e-05,8.59555153e-06,0.00000000e+00,0.00000000e+00,3.53520000e+00,1.20340076e-01
1.44250000e+02,7.54813811e-05,6.08016323e-06,0.00000000e+00,0.00000000e+00,2.04531382e-05,3.83560442e-06,0.00000000e+00,0.00000000e+00,1.36407619e-01,9.53953954e-03,4.44373546e+02,3.41033399e+01,9.59345204e-05,7.98188545e-06,0.00000000e+00,0.00000000e+00,0.00000000e+00,0.00000000e+00
1.44350000e+02,7.12585510e-05,5.49771471e-06,0.00000000e+00,0.00000000e+00,1.98240227e-05,3.86059252e-06,0.00000000e+00,0.00000000e+00,1.29745393e-01,8.87536479e-03,4.18265331e+02,3.06408028e+01,9.10825747e-05,7.72557106e-06,0.00000000e+00,0.00000000e+00,3.51920000e+00,1.19716959e-01
1.44450000e+02,7.08505358e-05,5.59702990e-06,0.00000000e+00,0.00000000e+00,2.04035714e-05,4.09286568e-06,0.00000000e+00,0.00000000e+00,1.29347743e-01,9.03585036e-03,4.16274882e+02,3.09213404e+01,9.12541081e-05,8.12804687e-06,0.00000000e+00,0.00000000e+00,0.00000000e+00,0.00000000e+00
1.44550000e+02,6.96814294e-05,5.52082925e-06,0.00000000e+00,0.00000000e+00,1.87784342e-05,3.75639891e-06,0.00000000e+00,0.00000000e+00,1.27559988e-01,8.98426542e-03,4.09651228e+02,3.03550464e+01,8.84598645e-05,7.43629655e-06,0.00000000e+00,0.00000000e+00,3.52060000e+00,1.20013744e-01
1.44650000e+02,7.35825260e-05,6.67401559e-06,0.00000000e+00,0.00000000e+00,2.21410929e-05,6.47152466e-06,0.00000000e+00,0.00000000e+00,1.26716484e-01,8.54906912e-03,4.29033189e+02,3.60835493e+01,9.57236198e-05,1.00462229e-05,0.00000000e+00,0.00000000e+00,0.00000000e+00,0.00000000e+00
1.44750000e+02,6.81283202e-05,5.01023363e-06,0.00000000e+00,0.00000000e+00,2.23829174e-05,6.59561877e-06,0.00000000e+00,0.00000000e+00,1.24853290e-01,8.41153232e-03,4.03310450e+02,2.83516817e+01,9.05112385e-05,8.99296441e-06,0.00000000e+00,0.00000000e+00,3.51480000e+00,1.20759920e-01
1.44850000e+02,6.69819480e-05,4.89562429e-06,0.00000000e+00,0.00000000e+00,2.20751503e-05,6.56228167e-06,0.00000000e+00,0.00000000e+00,1.22209277e-01,8.05364115e-03,3.96973682e+02,2.78381661e+01,8.90570992e-05,8.95963195e-06,0.00000000e+00,0.00000000e+00,0.00000000e+00,0.00000000e+00
1.44950000e+02,6.56889825e-05,4.78087599e-06,0.00000000e+00,0.00000000e+00,2.18205179e-05,6.57359212e-06,0.00000000e+00,0.00000000e+00,1.19191167e-01,7.90428246e-03,3.87292635e+02,2.71508690e+01,8.75095013e-05,9.11144669e-06,0.00000000e+00,0.00000000e+00,3.51160000e+00,1.21281040e-01
1.45050000e+02,6.45735199e-05,4.70365816e-06,0.00000000e+00,0.00000000e+00,2.22919353e-05,6.56419874e-06,0.00000000e+00,0.00000000e+00,1.17357965e-01,7.88371920e-03,3.81338946e+02,2.70542854e+01,8.68654561e-05,9.00834966e-06,0.00000000e+00,0.00000000e+00,0.00000000e+00,0.00000000e+00
1.45150000e+02,6.52130050e-05,5.11223372e-06,0.00000000e+00,0.00000000e+00,2.93766574e-05,1.02605653e-05,0.00000000e+00,0.00000000e+00,1.17967543e-01,8.63070465e-03,3.83785997e+02,2.90336699e+01,9.45896633e-05,1.30949726e-05,0.00000000e+00,0.00000000e+00,3.50540000e+00,1.20624975e-01
1.45250000e+02,6.42938230e-05,5.70140283e-06,0.00000000e+00,0.00000000e+00,2.32857038e-05,6.66634230e-06,0.00000000e+00,0.00000000e+00,1.15065819e-01,8.14046638e-03,3.77871425e+02,3.12371612e+01,8.75795277e-05,9.60977785e-06,0.00000000e+00,0.00000000e+00,0.00000000e+00,0.00000000e+00
1.45350000e+02,6.17503811e-05,4.85949514e-06,0.00000000e+00,0.00000000e+00,2.41250000e-05,6.67263418e-06,0.00000000e+00,0.00000000e+00,1.12208572e-01,7.37806439e-03,3.63814476e+02,2.69247545e+01,8.58753819e-05,9.20975067e-06,0.00000000e+00,0.00000000e+00,3.48900000e+00,1.21093740e-01
1.45450000e+02,6.42178858e-05,5.09030610e-06,0.00000000e+00,0.00000000e+00,2.82583443e-05,8.04358901e-06,0.00000000e+00,0.00000000e+00,1.15648715e-01,7.34677289e-03,3.75373284e+02,2.76840852e+01,9.24762310e-05,1.12347670e-05,0.00000000e+00,0.00000000e+00,0.00000000e+00,0.00000000e+00
1.45550000e+02,6.23822151e-05,5.08519056e-06,0.00000000e+00,0.00000000e+00,2.13895998e-05,5.10625205e-06,0.00000000e+00,0.00000000e+00,1.12618300e-01,7.47480269e-03,3.66468358e+02,2.80949733e+01,8.37718158e-05,8.10010908e-06,0.00000000e+00,0.00000000e+00,3.47040000e+00,1.20632334e-01
1.45650000e+02,6.12176115e-05,5.13392049e-06,0.00000000e+00,0.00000000e+00,2.64914367e-05,7.72775532e-06,0.00000000e+00,0.00000000e+00,1.11800192e-01,7.39742703e-03,3.63145653e+02,2.84295949e+01,8.77090490e-05,9.88824566e-06,0.00000000e+00,0.00000000e+00,0.00000000e+00,0.00000000e+00
1.45750000e+02,6.04648757e-05,4.92718543e-06,0.00000000e+00,0.00000000e+00,2.08683344e-05,4.41810429e-06,0.00000000e+00,0.00000000e+00,1.09020070e-01,7.30803418e-03,3.56009084e+02,2.75878156e+01,8.13332109e-05,6.98406936e-06,0.00000000e+00,0.00000000e+00,3.46860000e+00,1.21609616e-01
1.45850000e+02,6.14375558e-05,5.90252916e-06,0.00000000e+00,0.00000000e+00,1.78835552e-05,3.63270077e-06,0.00000000e+00,0.00000000e+00,1.07244415e-01,7.41743183e-03,3.59547980e+02,3.22974199e+01,7.93211118e-05,7.20999230e-06,0.00000000e+00,0.00000000e+00,0.00000000e+00,0.00000000e+00
1.45950000e+02,5.83505464e-05,4.55761647e-06,0.00000000e+00,0.00000000e+00,1.75349977e-05,3.59709008e-06,0.00000000e+00,0.00000000e+00,1.08169296e-01,8.22026982e-03,3.46596919e+02,2.73799926e+01,7.58855449e-05,6.23122020e-06,0.00000000e+00,0.00000000e+00,3.45960000e+00,1.21524654e-01
1.46050000e+02,5.91014370e-05,4.15798192e-06,0.00000000e+00,0.00000000e+00,1.75594259e-05,3.53363699e-06,0.00000000e+00,0.00000000e+00,1.10834488e-01,7.41257586e-03,3.53417393e+02,2.52971103e+01,7.66608637e-05,6.01209007e-06,0.00000000e+00,0.00000000e+00,0.00000000e+00,0.00000000e+00
1.46150000e+02,5.78260008e-05,4.19636518e-06,0.00000000e+00,0.00000000e+00,1.57975396e-05,3.19434454e-06,0.00000000e+00,0.00000000e+00,1.06897074e-01,6.89769936e-03,3.44279261e+02,2.43329128e+01,7.36235412e-05,5.59055760e-06,0.00000000e+00,0.00000000e+00,3.45220000e+00,1.22749883e-01
1.46250000e+02,5.80061853e-05,4.44380951e-06,0.00000000e+00,0.00000000e+00,1.50692945e-05,3.16675363e-06,0.00000000e+00,0.00000000e+00,1.06878329e-01,6.81831533e-03,3.44886669e+02,2.50809516e+01,7.30754806e-05,5.79167945e-06,0.00000000e+00,0.00000000e+00,0.00000000e+00,0.00000000e+00
1.46350000e+02,5.74935207e-05,4.75304513e-06,0.00000000e+00,0.00000000e+00,1.57485770e-05,3.32641442e-06,0.00000000e+00,0.00000000e+00,1.04893271e-01,6.87854706e-03,3.40302359e+02,2.59965290e+01,7.32420985e-05,6.19694501e-06,0.00000000e+00,0.00000000e+00,3.44800000e+00,1.23013522e-01
1.46450000e+02,5.75252211e-05,5.19828289e-06,0.00000000e+00,0.00000000e+00,1.47470274e-05,3.28989414e-06,0.00000000e+00,0.00000000e+00,1.03121966e-01,7.05770570e-03,3.38068170e+02,2.77370868e+01,7.22722493e-05,6.65160913e-06,0.00000000e+00,0.00000000e+00,0.00000000e+00,0.00000000e+00
1.46550000e+02,5.53203223e-05,4.82790358e-06,0.00000000e+00,0.00000000e+00,1.42094473e-05,3.24857769e-06,0.00000000e+00,0.00000000e+00,9.94678331e-02,6.81568675e-03,3.25600252e+02,2.62359432e+01,6.95297704e-05,6.31062270e-06,0.00000000e+00,0.00000000e+00,3.44660000e+00,1.23327872e-01
1.46650000e+02,5.66288294e-05,5.08461410e-06,0.00000000e+00,0.00000000e+00,1.42146343e-05,3.20946334e-06,0.00000000e+00,0.00000000e+00,1.01024320e-01,7.20863367e-03,3.33195319e+02,2.82664453e+01,7.08434644e-05,6.45015231e-06,0.00000000e+00,0.00000000e+00,0.00000000e+00,0.00000000e+00
1.46750000e+02,5.47345007e-05,4.87527262e-06,0.00000000e+00,0.00000000e+00,1.54361074e-05,3.38602079e-06,0.00000000e+00,0.00000000e+00,9.86316466e-02,7.42096894e-03,3.20696137e+02,2.68218295e+01,7.01706088e-05,6.32480879e-06,0.00000000e+00,0.00000000e+00,3.44600000e+00,1.23927892e-01
1.46850000e+02,5.37919837e-05,4.88509240e-06,0.00000000e+00,0.00000000e+00,1.57067330e-05,3.45964972e-06,0.00000000e+00,0.00000000e+00,9.89184945e-02,7.69939615e-03,3.17047315e+02,2.70331887e+01,6.94987174e-05,6.35360784e-06,0.00000000e+00,0.00000000e+00,0.00000000e+00,0.00000000e+00
1.46950000e+02,5.37624279e-05,5.05446991e-06,0.00000000e+00,0.00000000e+00,1.59527525e-05,3.47526870e-06,0.00000000e+00,0.00000000e+00,9.94872117e-02,7.99944991e-03,3.16222398e+02,2.73369085e+01,6.97151812e-05,6.48358108e-06,0.00000000e+00,0.00000000e+00,3.43520000e+00,1.24238822e-01
1.47050000e+02,5.18556771e-05,4.30437890e-06,0.00000000e+00,0.00000000e+00,1.54137334e-05,3.45231188e-06,0.00000000e+00,0.00000000e+00,9.64365875e-02,7.09086851e-03,3.06603116e+02,2.39585534e+01,6.72694112e-05,5.68244413e-06,0.00000000e+00,0.00000000e+00,0.00000000e+00,0.00000000e+00
1.47150000e+02,4.99297353e-05,4.05422243e-06,0.00000000e+00,0.00000000e+00,1.76050648e-05,3.65628951e-06,0.00000000e+00,0.00000000e+00,9.36792843e-02,6.44113214e-03,2.95165837e+02,2.25407468e+01,6.75348008e-05,5.80384973e-06,0.00000000e+00,0.00000000e+00,3.43000000e+00,1.26762513e-01
1.47250000e+02,4.89998617e-05,4.04201046e-06,0.00000000e+00,0.00000000e+00,1.69343783e-05,3.66719842e-06,0.00000000e+00,0.00000000e+00,9.05780560e-02,6.11299819e-03,2.89460404e+02,2.21795544e+01,6.59342406e-05,5.68932033e-06,0.00000000e+00,0.00000000e+00,0.00000000e+00,0.00000000e+00
1.47350000e+02,4.83190289e-05,4.26408572e-06,0.00000000e+00,0.00000000e+00,1.61735770e-05,3.62173321e-06,0.00000000e+00,0.00000000e+00,8.77124860e-02,6.45237639e-03,2.85408938e+02,2.33846731e+01,6.44926065e-05,5.84981249e-06,0.00000000e+00,0.00000000e+00,3.42420000e+00,1.26076456e-01
1.47450000e+02,4.99005180e-05,5.68235339e-06,0.00000000e+00,0.00000000e+00,1.55278222e-05,3.81419341e-06,0.00000000e+00,0.00000000e+00,8.66795140e-02,6.78733298e-03,2.92849418e+02,2.95957439e+01,6.54283408e-05,7.27244086e-06,0.00000000e+00,0.00000000e+00,0.00000000e+00,0.00000000e+00
1.47550000e+02,4.51609422e-05,3.95902985e-06,0.00000000e+00,0.00000000e+00,1.68833703e-05,4.88672840e-06,0.00000000e+00,0.00000000e+00,8.45730404e-02,6.58252321e-03,2.70538478e+02,2.25347213e+01,6.20443130e-05,7.21967744e-06,0.00000000e+00,0.00000000e+00,3.41560000e+00,1.25664328e-01
1.47650000e+02,4.48697852e-05,4.24652386e-06,0.00000000e+00,0.00000000e+00,1.74893170e-05,5.26098935e-06,0.00000000e+00,0.00000000e+00,8.33269742e-02,6.61395593e-03,2.67673951e+02,2.36125646e+01,6.23591028e-05,7.47116894e-06,0.00000000e+00,0.00000000e+00,0.00000000e+00,0.00000000e+00
1.47750000e+02,4.48404421e-05,4.18736036e-06,0.00000000e+00,0.00000000e+00,1.62529939e-05,5.19652290e-06,0.00000000e+00,0.00000000e+00,8.35295788e-02,6.46547081e-03,2.67337234e+02,2.30902995e+01,6.10934367e-05,7.35298855e-06,0.00000000e+00,0.00000000e+00,3.40580000e+00,1.26958483e-01
1.47850000e+02,4.44589170e-05,3.83469203e-06,0.00000000e+00,0.00000000e+00,1.53515081e-05,4.62212022e-06,0.00000000e+00,0.00000000e+00,8.16902198e-02,6.10705482e-03,2.64665726e+02,2.11156217e+01,5.98104257e-05,6.48011088e-06,0.00000000e+00,0.00000000e+00,0.00000000e+00,0.00000000e+00
1.47950000e+02,4.20166770e-05,3.71809429e-06,0.00000000e+00,0.00000000e+00,1.22955372e-05,3.35785841e-06,0.00000000e+00,0.00000000e+00,7.85683367e-02,5.92238027e-03,2.51970284e+02,2.09800173e+01,5.43122148e-05,5.25254465e-06,0.00000000e+00,0.00000000e+00,3.39600000e+00,1.26233991e-01
1.48050000e+02,4.10078125e-05,3.44777470e-06,0.00000000e+00,0.00000000e+00,1.25661079e-05,3.40996654e-06,0.00000000e+00,0.00000000e+00,7.68572707e-02,5.58556838e-03,2.45885331e+02,1.94021772e+01,5.35739209e-05,5.08600774e-06,0.00000000e+00,0.00000000e+00,0.00000000e+00,0.00000000e+00
1.48150000e+02,3.97640859e-05,3.15782956e-06,0.00000000e+00,0.00000000e+00,1.23891389e-05,3.40929136e-06,0.00000000e+00,0.00000000e+00,7.67438079e-02,5.79263892e-03,2.39102024e+02,1.77455669e+01,5.21532253e-05,4.90106269e-06,0.00000000e+00,0.00000000e+00,3.39420000e+00,1.27187822e-01
1.48250000e+02,3.90810262e-05,3.19744834e-06,0.00000000e+00,0.00000000e+00,9.92615501e-06,1.77256668e-06,0.00000000e+00,0.00000000e+00,7.57731089e-02,6.20356820e-03,2.34636515e+02,1.78354362e+01,4.90071818e-05,4.02356341e-06,0.00000000e+00,0.00000000e+00,0.00000000e+00,0.00000000e+00
1.48350000e+02,3.80231807e-05,3.40800141e-06,0.00000000e+00,0.00000000e+00,8.83752048e-06,1.65645927e-06,0.00000000e+00,0.00000000e+00,7.11549310e-02,5.11465083e-03,2.29148784e+02,1.85151623e+01,4.68607017e-05,4.32815263e-06,0.00000000e+00,0.00000000e+00,3.39200000e+00,1.25819761e-01
1.48450000e+02,3.62017809e-05,3.04114089e-06,0.00000000e+00,0.00000000e+00,8.67477823e-06,1.65021728e-06,0.00000000e+00,0.00000000e+00,6.89445239e-02,4.67300134e-03,2.19707795e+02,1.69333952e+01,4.48765597e-05,3.82940421e-06,0.00000000e+00,0.00000000e+00,0.00000000e+00,0.00000000e+00
1.48550000e+02,3.50421337e-05,3.00103993e-06,0.00000000e+00,0.00000000e+00,8.64545577e-06,1.63091182e-06,0.00000000e+00,0.00000000e+00,6.69517822e-02,4.64351010e-03,2.12324780e+02,1.67527746e+01,4.36875899e-05,3.78195390e-06,0.00000000e+00,0.00000000e+00,3.38060000e+00,1.25994950e-01
1.48650000e+02,3.45439554e-05,3.19094399e-06,0.00000000e+00,0.00000000e+00,1.03477319e-05,2.73139677e-06,0.00000000e+00,0.00000000e+00,6.48209352e-02,4.49844303e-03,2.08179007e+02,1.73469161e+01,4.48916878e-05,4.64221584e-06,0.00000000e+00,0.00000000e+00,0.00000000e+00,0.00000000e+00
1.48750000e+02,3.46094137e-05,3.36038713e-06,0.00000000e+00,0.00000000e+00,1.09805782e-05,3.08558769e-06,0.00000000e+00,0.00000000e+00,6.55457662e-02,4.54827420e-03,2.09061233e+02,1.80798759e+01,4.55899923e-05,4.99189331e-06,0.00000000e+00,0.00000000e+00,3.37220000e+00,1.27094466e-01
1.48850000e+02,3.37883041e-05,3.20150861e-06,0.00000000e+00,0.00000000e+00,1.09930999e-05,3.11943452e-06,0.00000000e+00,0.00000000e+00,6.47778346e-02,4.73650971e-03,2.03875051e+02,1.72396089e+01,4.47814045e-05,4.94335077e-06,0.00000000e+00,0.00000000e+00,0.00000000e+00,0.00000000e+00
1.48950000e+02,3.15189466e-05,3.05478199e-06,0.00000000e+00,0.00000000e+00,1.04370167e-05,3.09332062e-06,0.00000000e+00,0.00000000e+00,6.09218146e-02,4.30244797e-03,1.91618537e+02,1.72954874e+01,4.19559637e-05,4.81222286e-06,0.00000000e+00,0.00000000e+00,3.36580000e+00,1.27160220e-01
1.49050000e+02,3.17415518e-05,2.91967412e-06,0.00000000e+00,0.00000000e+00,1.05540924e-05,3.08996324e-06,0.00000000e+00,0.00000000e+00,6.10770788e-02,4.41980620e-03,1.92463346e+02,1.68727167e+01,4.22956446e-05,4.67862639e-06,0.00000000e+00,0.00000000e+00,0.00000000e+00,0.00000000e+00
1.49150000e+02,2.92524052e-05,2.40894643e-06,0.00000000e+00,0.00000000e+00,9.35690899e-06,2.03438986e-06,0.00000000e+00,0.00000000e+00,5.82288352e-02,4.08195896e-03,1.79183244e+02,1.38935205e+01,3.86093146e-05,3.48163816e-06,0.00000000e+00,0.00000000e+00,3.36020000e+00,1.26715007e-01
1.49250000e+02,2.92426016e-05,2.67178892e-06,0.00000000e+00,0.00000000e+00,7.56628928e-06,1.52686617e-06,0.00000000e+00,0.00000000e+00,5.66367485e-02,4.20852386e-03,1.77403451e+02,1.48159012e+01,3.68088912e-05,3.26055056e-06,0.00000000e+00,0.00000000e+00,0.00000000e+00,0.00000000e+00
1.49350000e+02,2.76867483e-05,2.51330666e-06,0.00000000e+00,0.00000000e+00,6.53946262e-06,1.09816631e-06,0.00000000e+00,0.00000000e+00,5.53450156e-02,4.61915288e-03,1.69698396e+02,1.47937719e+01,3.42262113e-05,2.99995916e-06,0.00000000e+00,0.00000000e+00,3.35380000e+00,1.27527153e-01
1.49450000e+02,2.70984401e-05,2.61389974e-06,0.00000000e+00,0.00000000e+00,1.03300553e-05,4.69134215e-06,0.00000000e+00,0.00000000e+00,5.25670735e-02,3.79524777e-03,1.64062300e+02,1.44044366e+01,3.74284958e-05,5.43071616e-06,0.00000000e+00,0.00000000e+00,0.00000000e+00,0.00000000e+00
1.49550000e+02,2.51379901e-05,2.50839764e-06,0.00000000e+00,0.00000000e+00,9.46974960e-06,4.67192215e-06,0.00000000e+00,0.00000000e+00,4.84609100e-02,3.63517076e-03,1.52700568e+02,1.38837924e+01,3.46077400e-05,5.37992543e-06,0.00000000e+00,0.00000000e+00,3.34400000e+00,1.27138684e-01
1.49650000e+02,2.35823252e-05,1.94821384e-06,0.00000000e+00,0.00000000e+00,9.05023321e-06,4.55661570e-06,0.00000000e+00,0.00000000e+00,4.57703228e-02,3.23428614e-03,1.43237063e+02,1.12362599e+01,3.26325587e-05,4.97882577e-06,0.00000000e+00,0.00000000e+00,0.00000000e+00,0.00000000e+00
1.49750000e+02,2.16235519e-05,1.48616358e-06,0.00000000e+00,0.00000000e+00,8.72835667e-06,4.53347227e-06,0.00000000e+00,0.00000000e+00,4.33807848e-02,2.95627504e-03,1.32817280e+02,9.15253892e+00,3.03519089e-05,4.76730370e-06,0.00000000e+00,0.00000000e+00,3.34300000e+00,1.28329693e-01
1.49850000e+02,2.08407879e-05,1.52108069e-06,0.00000000e+00,0.00000000e+00,8.76730481e-06,4.53365164e-06,0.00000000e+00,0.00000000e+00,4.18567566e-02,2.95632257e-03,1.28368717e+02,9.23391403e+00,2.96080930e-05,4.78326504e-06,0.00000000e+00,0.00000000e+00,0.00000000e+00,0.00000000e+00
1.49950000e+02,1.94610906e-05,1.38884194e-06,0.00000000e+00,0.00000000e+00,8.67914225e-06,4.52958738e-06,0.00000000e+00,0.00000000e+00,3.87479970e-02,2.43868837e-03,1.20658701e+02,8.36954113e+00,2.81402331e-05,4.72808037e-06,0.00000000e+00,0.00000000e+00,3.33220000e+00,1.28041859e-01
